zeit_utc,open,high,low,close,volume
2026-08-01 00:00,62832.52,62940.77,62824.78,62902.20,327186432
2026-08-01 00:30,62904.72,62962.32,62869.44,62875.75,47818752
2026-08-01 01:00,62875.74,62929.82,62854.43,62880.98,0
2026-08-01 01:30,62886.43,62914.37,62861.42,62903.04,0
2026-08-01 02:00,62903.04,63010.47,62903.04,62998.82,0
2026-08-01 02:30,62998.81,63035.57,62987.00,63001.74,41064448
2026-08-01 03:00,63003.40,63011.27,62917.59,62951.53,0
2026-08-01 03:30,62951.53,62966.50,62915.44,62938.54,60796928
2026-08-01 04:00,62937.51,62984.99,62931.37,62978.29,65628160
2026-08-01 04:30,62980.62,63037.57,62976.05,63035.71,16355328
2026-08-01 05:00,63030.45,63071.69,62990.67,63033.03,50413568
2026-08-01 05:30,63024.25,63041.92,62938.79,62965.77,55443456
2026-08-01 06:00,62971.62,63017.28,62932.92,63003.89,152983552
2026-08-01 06:30,63003.89,63022.39,62991.78,63013.20,0
2026-08-01 07:00,63016.17,63053.00,63004.51,63007.48,0
2026-08-01 07:30,63007.48,63007.48,62970.02,62988.59,0
2026-08-01 08:00,62991.49,63042.78,62991.49,63030.61,0
2026-08-01 08:30,63030.61,63093.00,63028.01,63061.34,0
2026-08-01 09:00,63061.49,63080.53,63038.01,63048.34,18698240
2026-08-01 09:30,63048.35,63057.79,62980.13,62993.29,9160704
2026-08-01 10:00,62990.83,63044.44,62925.01,62982.84,14761984
2026-08-01 10:30,62989.84,63015.23,62960.41,62999.44,40632320
2026-08-01 11:00,62991.25,63027.72,62973.47,63023.49,9230336
2026-08-01 11:30,63023.49,63032.70,63003.61,63016.47,0
2026-08-01 12:00,63016.47,63058.37,63016.47,63027.00,0
2026-08-01 12:30,63026.99,63044.30,63013.34,63039.62,122515456
2026-08-01 13:00,63034.57,63044.60,63015.22,63020.00,0
2026-08-01 13:30,63020.00,63032.05,62986.42,63005.12,0
2026-08-01 14:00,63009.45,63068.96,63002.18,63052.28,0
2026-08-01 14:30,63052.27,63066.24,63008.28,63066.24,0
2026-08-01 15:00,63066.18,63066.19,62995.26,62999.09,0
2026-08-01 15:30,63001.91,63003.62,62938.82,62938.82,0
2026-08-01 16:00,62941.40,62947.33,62859.15,62885.84,0
2026-08-01 16:30,62885.31,62959.23,62821.29,62879.15,7102464
2026-08-01 17:00,62875.44,62934.80,62744.01,62779.48,20559872
2026-08-01 17:30,62783.43,62788.95,62604.57,62652.58,3039232
2026-08-01 18:00,62638.66,62678.41,62450.79,62508.24,509491200
2026-08-01 18:30,62502.06,62526.15,62222.60,62523.79,392527872
2026-08-01 19:00,62509.84,62568.92,62432.57,62492.06,470007808
2026-08-01 19:30,62490.50,62532.32,62398.93,62471.53,8654848
2026-08-01 20:00,62455.08,62580.49,62432.56,62560.50,56430592
2026-08-01 20:30,62548.27,62615.29,62502.01,62604.92,31496192
2026-08-01 21:00,62603.49,62747.47,62603.49,62741.30,65486848
2026-08-01 21:30,62741.31,62803.12,62711.21,62761.36,42685440
2026-08-01 22:00,62760.15,62810.52,62735.29,62800.86,926720
2026-08-01 22:30,62800.85,62800.86,62761.92,62765.36,25183232
2026-08-01 23:00,62765.36,62799.34,62709.35,62715.08,46745600
2026-08-01 23:30,62715.09,62783.04,62715.08,62764.20,68453376
2026-08-02 00:00,62764.20,62909.21,62764.20,62822.97,82382848
2026-08-02 00:30,62822.97,62851.03,62743.88,62775.00,102837248
2026-08-02 01:00,62782.51,63004.02,62782.06,62915.31,128433152
2026-08-02 01:30,62915.31,62955.56,62906.59,62921.05,27491328
2026-08-02 02:00,62921.05,63480.00,62895.00,63340.73,623653888
2026-08-02 02:30,63347.61,63418.08,63262.85,63381.99,420768768
2026-08-02 03:00,63390.50,63471.88,63306.50,63375.82,255068160
2026-08-02 03:30,63380.89,63443.27,63367.91,63392.87,95089664
2026-08-02 04:00,63407.97,63493.11,63407.97,63474.89,173650944
2026-08-02 04:30,63474.89,63540.25,63454.24,63519.61,113800192
2026-08-02 05:00,63516.20,63561.75,63388.88,63419.35,39040000
2026-08-02 05:30,63426.87,63426.87,63351.02,63396.20,80327680
2026-08-02 06:00,63396.19,63431.70,63368.80,63431.70,9631744
2026-08-02 06:30,63421.45,63437.68,63392.32,63409.74,33682432
2026-08-02 07:00,63411.01,63428.68,63408.88,63423.28,65413120
2026-08-02 07:30,63423.28,63473.78,63411.16,63447.62,279738368
2026-08-02 08:00,63441.36,63464.99,63324.00,63324.00,341838848
2026-08-02 08:30,63324.00,63329.68,63105.60,63130.04,308440064
2026-08-02 09:00,63130.04,63237.53,63017.20,63168.73,583254016
2026-08-02 09:30,63165.29,63251.28,63165.29,63205.21,174999552
2026-08-02 10:00,63201.01,63207.21,63051.78,63073.86,77103104
2026-08-02 10:30,63084.78,63145.50,63083.13,63142.77,45248512
2026-08-02 11:00,63142.76,63142.76,63049.77,63093.05,113143808
2026-08-02 11:30,63101.46,63115.71,62923.47,62962.50,169583616
2026-08-02 12:00,62965.85,63162.90,62965.85,63117.12,70799360
2026-08-02 12:30,63113.68,63140.41,63036.14,63062.09,89249792
2026-08-02 13:00,63050.01,63082.44,62988.27,63013.92,94910464
2026-08-02 13:30,63013.92,63067.01,62933.77,63054.00,100979712
2026-08-02 14:00,63053.99,63085.24,62991.51,63060.39,163645440
2026-08-02 14:30,63062.05,63099.36,62993.28,63002.30,188121088
2026-08-02 15:00,63002.31,63066.51,62986.14,63060.79,156910592
2026-08-02 15:30,63059.35,63100.00,63040.00,63041.43,79068160
2026-08-02 16:00,63046.09,63072.91,63000.01,63047.27,0
2026-08-02 16:30,63047.27,63189.84,63035.84,63104.86,149030912
2026-08-02 17:00,63104.86,63251.38,63081.47,63215.64,3800064
2026-08-02 17:30,63227.20,63265.11,63218.46,63228.01,13240320
2026-08-02 18:00,63229.51,63255.96,63216.43,63220.49,15184896
2026-08-02 18:30,63220.50,63529.18,63216.89,63307.60,124752896
2026-08-02 19:00,63302.17,63320.13,63253.51,63253.51,7891968
2026-08-02 19:30,63253.50,63401.13,63248.55,63380.18,93453312
2026-08-02 20:00,63387.75,63419.04,63325.73,63338.28,26244096
2026-08-02 20:30,63338.28,63430.16,63338.27,63423.33,79452160
2026-08-02 21:00,63425.88,63498.33,63405.00,63472.49,59679744
2026-08-02 21:30,63472.48,63695.05,63437.05,63503.81,249320448
2026-08-02 22:00,63589.05,63730.48,63500.97,63526.27,325462016
2026-08-02 22:30,63526.27,63535.15,63301.68,63351.05,358653952
2026-08-02 23:00,63329.62,63481.49,63267.03,63467.85,282873856
2026-08-02 23:30,63464.57,63528.76,63416.27,63499.49,131511296
2026-08-03 00:00,63503.98,63512.72,63178.40,63185.93,95210496
2026-08-03 00:30,63183.71,63346.50,63133.57,63245.98,126158848
2026-08-03 01:00,63237.00,63280.07,63034.57,63091.82,157594624
2026-08-03 01:30,63086.17,63172.16,63079.50,63130.88,220977152
2026-08-03 02:00,63127.45,63200.20,63015.19,63041.11,429056
2026-08-03 02:30,63041.11,63131.54,63031.21,63081.32,0
2026-08-03 03:00,63058.64,63089.16,62983.01,62998.80,661985280
2026-08-03 03:30,62998.80,63009.41,62714.11,62780.00,233782272
2026-08-03 04:00,62781.00,62891.60,62727.39,62886.43,131784704
2026-08-03 04:30,62886.43,62915.97,62695.91,62707.78,48967680
2026-08-03 05:00,62714.63,62789.30,62665.31,62732.95,199456768
2026-08-03 05:30,62724.97,62779.98,62685.00,62743.53,710694912
2026-08-03 06:00,62744.99,62784.91,62673.37,62708.08,279804928
2026-08-03 06:30,62708.09,62749.03,62529.45,62542.50,306198528
2026-08-03 07:00,62542.63,62591.68,62470.00,62552.19,738353152
2026-08-03 07:30,62552.20,62614.75,62480.97,62530.72,139844608
2026-08-03 08:00,62537.59,62562.03,62240.90,62257.03,128883712
2026-08-03 08:30,62235.11,62457.59,62210.15,62457.58,248698880
2026-08-03 09:00,62476.80,62582.53,62439.14,62569.32,214036480
2026-08-03 09:30,62558.64,62778.42,62538.83,62749.36,698212352
2026-08-03 10:00,62748.11,62777.59,62650.01,62655.79,266455040
2026-08-03 10:30,62651.03,62694.84,62535.55,62656.00,150368256
2026-08-03 11:00,62658.07,62691.87,62505.61,62620.81,183754752
2026-08-03 11:30,62617.60,62697.56,62457.26,62476.99,100272128
2026-08-03 12:00,62480.04,62601.60,62365.01,62547.62,245356544
2026-08-03 12:30,62547.62,62709.47,62528.86,62620.55,184635392
2026-08-03 13:00,62617.33,62912.01,62614.51,62692.97,155187200
2026-08-03 13:30,62686.00,63310.18,62476.10,63292.80,797442048
2026-08-03 14:00,63243.44,63713.28,63073.51,63700.94,992378880
2026-08-03 14:30,63698.99,63899.08,63568.01,63891.20,1711902720
2026-08-03 15:00,63913.60,63913.60,63608.75,63641.97,1291982848
2026-08-03 15:30,63635.21,63846.68,63579.17,63627.73,733263872
2026-08-03 16:00,63628.58,63883.57,63591.15,63844.63,681539584
2026-08-03 16:30,63833.59,63833.59,63644.80,63707.24,614168576
2026-08-03 17:00,63707.53,63994.86,63650.00,63760.03,288157696
2026-08-03 17:30,63762.56,63902.68,63728.73,63852.75,296509440
2026-08-03 18:00,63852.76,63933.10,63747.87,63792.77,422502400
2026-08-03 18:30,63798.15,63871.49,63702.10,63811.74,191739904
2026-08-03 19:00,63820.22,63952.35,63787.51,63916.50,173813760
2026-08-03 19:30,63924.00,64018.90,63810.23,63812.57,483092480
2026-08-03 20:00,63824.62,63974.04,63756.03,63899.98,475156480
2026-08-03 20:30,63896.45,63896.45,63709.80,63732.90,171300864
2026-08-03 21:00,63732.90,63735.00,63628.73,63666.00,533411840
2026-08-03 21:30,63665.98,63673.55,63497.09,63540.41,26179584
2026-08-03 22:00,63528.83,63616.00,63341.64,63470.63,189941760
2026-08-03 22:30,63468.01,63578.45,63432.62,63553.45,280717312
2026-08-03 23:00,63550.11,63560.18,63467.81,63516.61,45187072
2026-08-03 23:30,63516.01,63516.01,63402.01,63466.51,148463616
2026-08-04 00:00,63475.55,63526.73,63330.00,63391.01,54669312
2026-08-04 00:30,63378.57,63413.11,63268.01,63291.50,245465088
2026-08-04 01:00,63299.42,63515.47,63299.42,63464.66,402929664
2026-08-04 01:30,63465.63,63842.96,63463.04,63782.29,359370752
2026-08-04 02:00,63806.41,63807.45,63621.25,63630.00,284872704
2026-08-04 02:30,63628.99,63883.06,63621.25,63758.99,312133632
2026-08-04 03:00,63758.99,63775.13,63595.04,63717.86,20899840
2026-08-04 03:30,63733.75,63800.94,63729.05,63729.05,194207744
2026-08-04 04:00,63727.75,63821.44,63696.74,63775.29,72531968
2026-08-04 04:30,63782.81,64164.00,63776.94,63975.45,588482560
2026-08-04 05:00,63979.20,63993.08,63752.15,63762.62,73353216
2026-08-04 05:30,63762.62,63807.90,63736.75,63768.85,179314688
2026-08-04 06:00,63752.15,63805.41,63697.60,63700.78,184745984
2026-08-04 06:30,63696.00,63714.53,63592.70,63607.16,172673024
2026-08-04 07:00,63607.16,63607.16,63437.01,63576.99,200988672
2026-08-04 07:30,63573.82,63687.28,63566.59,63617.41,416608256
2026-08-04 08:00,63621.00,63683.83,63521.15,63556.23,28870656
2026-08-04 08:30,63552.32,63559.90,63500.00,63514.77,73236480
2026-08-04 09:00,63508.50,63532.15,63450.77,63510.96,43583488
2026-08-04 09:30,63506.04,63536.82,63463.51,63534.58,16820224
2026-08-04 10:00,63504.62,63506.89,63382.67,63396.85,215166976
2026-08-04 10:30,63414.05,63774.36,63391.06,63694.15,258308096
2026-08-04 11:00,63701.14,63790.03,63644.79,63714.15,211064832
2026-08-04 11:30,63714.14,63884.57,63650.44,63853.32,187082752
2026-08-04 12:00,63834.29,63834.29,63714.01,63762.57,193785856
2026-08-04 12:30,63781.05,63965.00,63747.98,63840.64,1265197056
2026-08-04 13:00,63837.46,63950.20,63791.68,63815.49,95141888
2026-08-04 13:30,63742.90,64032.94,63589.85,63616.58,269658112
2026-08-04 14:00,63614.49,63851.63,63546.34,63825.28,0
2026-08-04 14:30,63833.15,64125.89,63785.01,64065.00,0
2026-08-04 15:00,64087.20,64159.02,63867.90,63896.33,10467328
2026-08-04 15:30,63896.58,64181.85,63750.01,64064.71,345186304
2026-08-04 16:00,64076.93,64079.96,63916.66,63972.92,58652672
2026-08-04 16:30,63978.84,64004.20,63842.40,63899.71,217923584
2026-08-04 17:00,63899.71,64128.07,63899.71,64113.15,270647296
2026-08-04 17:30,64111.82,64126.98,63852.52,63922.37,54697984
2026-08-04 18:00,63917.14,64360.15,63917.14,64319.27,472672256
2026-08-04 18:30,64320.98,64360.07,64168.78,64261.41,251602944
2026-08-04 19:00,64263.05,64329.17,64214.40,64239.97,254824448
2026-08-04 19:30,64239.97,64358.40,64182.67,64182.67,128888832
2026-08-04 20:00,64208.92,64208.92,63965.75,64079.97,171659264
2026-08-04 20:30,64079.98,64366.85,64079.98,64299.08,301608960
2026-08-04 21:00,64299.08,64299.08,64145.13,64204.75,46041088
2026-08-04 21:30,64202.75,64223.98,64128.33,64148.51,78585856
2026-08-04 22:00,64142.30,64217.54,64083.43,64205.86,62836736
2026-08-04 22:30,64211.20,64243.67,64121.56,64221.82,199006208
2026-08-04 23:00,64222.00,64473.60,64123.17,64123.17,201682944
2026-08-04 23:30,64115.20,64214.86,64042.03,64050.51,250583040
2026-08-05 00:00,64041.60,64057.05,63955.20,64020.49,211003392
2026-08-05 00:30,64021.40,64140.89,63928.40,63947.37,199852032
2026-08-05 01:00,63946.99,64067.19,63897.60,64063.89,132804608
2026-08-05 01:30,64063.89,64297.39,64063.89,64284.79,899248128
2026-08-05 02:00,64291.19,64456.65,64279.16,64363.61,207570944
2026-08-05 02:30,64371.68,64439.16,64311.41,64315.95,202182656
2026-08-05 03:00,64315.95,64396.78,64014.05,64014.05,217337856
2026-08-05 03:30,64007.42,64139.01,64007.42,64128.00,312047616
2026-08-05 04:00,64128.00,64147.19,64035.21,64108.18,110575616
2026-08-05 04:30,64110.21,64165.77,64056.00,64113.97,97632256
2026-08-05 05:00,64111.00,64470.14,64102.94,64375.00,195035136
2026-08-05 05:30,64375.00,64375.00,64254.85,64275.22,345522176
2026-08-05 06:00,64276.96,64308.52,64227.21,64253.81,296216576
2026-08-05 06:30,64249.61,64319.40,64173.00,64199.31,390440960
2026-08-05 07:00,64199.30,64220.54,64000.00,64020.24,184010752
2026-08-05 07:30,64016.47,64116.54,63946.08,64109.98,182669312
2026-08-05 08:00,64109.97,64215.95,64077.86,64212.41,603879424
2026-08-05 08:30,64215.05,64215.96,64035.00,64063.03,355733504
2026-08-05 09:00,64063.03,64140.53,64038.43,64095.93,193087488
2026-08-05 09:30,64098.88,64152.41,64084.45,64097.27,150493184
2026-08-05 10:00,64097.28,64182.77,64021.81,64152.59,5738496
2026-08-05 10:30,64152.60,64179.28,63960.07,64004.27,105750528
2026-08-05 11:00,64005.19,64057.34,63987.51,64020.04,202305536
2026-08-05 11:30,64015.97,64092.89,63999.98,64018.29,285702144
2026-08-05 12:00,64018.29,64525.56,64003.11,64478.14,448987136
2026-08-05 12:30,64472.86,64492.49,64268.61,64277.04,410425344
2026-08-05 13:00,64277.05,64291.14,64051.28,64086.92,189462528
2026-08-05 13:30,64057.36,64361.24,63821.55,64361.24,354121728
2026-08-05 14:00,64355.34,64535.25,64242.10,64297.51,273414144
2026-08-05 14:30,64295.19,64486.75,64242.76,64426.84,224618496
2026-08-05 15:00,64434.27,64697.02,64403.18,64453.44,460013568
2026-08-05 15:30,64458.81,64668.81,64324.90,64328.25,68911104
2026-08-05 16:00,64328.26,64707.94,64328.26,64697.90,351252480
2026-08-05 16:30,64694.02,64698.06,64560.00,64606.02,380043264
2026-08-05 17:00,64615.38,64641.75,64474.51,64544.55,29755392
2026-08-05 17:30,64544.61,64737.98,64520.43,64695.35,237791232
2026-08-05 18:00,64694.25,64754.95,64599.64,64666.96,133271552
2026-08-05 18:30,64657.01,64788.12,64612.92,64741.11,234645504
2026-08-05 19:00,64727.56,64883.40,64719.45,64863.69,195393536
2026-08-05 19:30,64856.20,64880.67,64794.63,64794.63,77273088
2026-08-05 20:00,64817.29,64954.28,64750.50,64931.00,526129152
2026-08-05 20:30,64931.00,64939.35,64777.99,64778.60,212193280
2026-08-05 21:00,64779.83,64779.83,64600.00,64609.23,371390464
2026-08-05 21:30,64613.14,64695.24,64601.77,64671.68,108066816
2026-08-05 22:00,64674.33,64697.99,64585.15,64668.87,209676288
2026-08-05 22:30,64670.52,64725.92,64566.77,64573.53,84537344
2026-08-05 23:00,64557.08,64692.40,64524.20,64635.73,151558144
2026-08-05 23:30,64635.73,64651.72,64545.99,64597.86,323805184
2026-08-06 00:00,64603.61,64651.66,64510.24,64623.03,183435264
2026-08-06 00:30,64623.03,64643.03,64558.00,64582.30,111126528
2026-08-06 01:00,64578.15,64586.15,64450.25,64456.49,107427840
2026-08-06 01:30,64452.71,64599.21,64431.67,64520.62,110589952
2026-08-06 02:00,64520.62,64587.84,64386.75,64465.11,35166208
2026-08-06 02:30,64442.53,64536.32,64416.31,64516.68,18626560
2026-08-06 03:00,64516.67,64516.67,64446.36,64481.72,22302720
2026-08-06 03:30,64481.72,64524.99,64431.00,64470.01,73179136
2026-08-06 04:00,64470.00,64637.99,64433.91,64637.98,70455296
2026-08-06 04:30,64637.99,64674.57,64567.58,64666.29,319275008
2026-08-06 05:00,64674.07,64934.79,64669.45,64832.74,319744000
2026-08-06 05:30,64835.33,64856.19,64790.03,64845.38,126865408
2026-08-06 06:00,64846.80,64846.80,64683.54,64764.09,47624192
2026-08-06 06:30,64764.09,64798.09,64742.47,64798.09,44670976
2026-08-06 07:00,64793.94,64891.67,64757.81,64830.44,157747200
2026-08-06 07:30,64830.44,64841.50,64708.65,64744.41,29046784
2026-08-06 08:00,64744.76,64836.26,64685.53,64836.26,34920448
2026-08-06 08:30,64838.90,64934.39,64800.00,64873.60,45588480
2026-08-06 09:00,64875.23,64877.49,64661.75,64667.27,240060416
2026-08-06 09:30,64667.27,64667.28,64570.91,64615.94,182972416
2026-08-06 10:00,64615.93,64618.99,64515.47,64613.31,782989312
2026-08-06 10:30,64611.31,64613.48,64535.40,64546.79,154007552
2026-08-06 11:00,64558.19,64570.81,64438.40,64506.66,244441088
2026-08-06 11:30,64505.01,64582.45,64505.00,64552.62,323708928
2026-08-06 12:00,64546.80,64560.00,64379.61,64473.63,76068864
2026-08-06 12:30,64468.14,64523.99,64334.93,64346.01,26324992
2026-08-06 13:00,64337.81,64359.97,64115.00,64166.42,206725120
2026-08-06 13:30,64177.04,64448.95,64091.32,64360.52,31965184
2026-08-06 14:00,64354.08,64498.77,64305.93,64359.76,63219712
2026-08-06 14:30,64332.78,64774.70,64285.82,64709.55,155445248
2026-08-06 15:00,64716.51,64925.45,64646.19,64761.93,56395776
2026-08-06 15:30,64764.95,64810.05,64570.92,64570.92,262887424
2026-08-06 16:00,64570.94,64655.55,64531.25,64587.09,96700416
2026-08-06 16:30,64592.91,64713.86,64553.75,64690.13,129400832
2026-08-06 17:00,64699.94,64779.72,64609.69,64623.46,795850752
2026-08-06 17:30,64623.89,64654.90,64486.91,64557.16,57661440
2026-08-06 18:00,64558.99,64558.99,64413.38,64458.72,94420992
2026-08-06 18:30,64458.72,64461.66,64314.00,64356.35,109285376
2026-08-06 19:00,64357.99,64406.12,64328.68,64340.46,0
2026-08-06 19:30,64339.48,64422.13,64306.93,64397.95,67360768
2026-08-06 20:00,64396.70,64483.70,64388.11,64432.02,191078400
2026-08-06 20:30,64432.03,64441.44,64381.40,64381.40,46794752
2026-08-06 21:00,64383.93,64461.10,64383.93,64392.04,32284672
2026-08-06 21:30,64391.77,64424.54,64341.83,64388.37,96628736
2026-08-06 22:00,64388.37,64397.13,64267.00,64309.53,93143040
2026-08-06 22:30,64309.94,64338.36,64275.21,64296.38,144508928
2026-08-06 23:00,64285.95,64310.97,64162.66,64190.00,0
2026-08-06 23:30,64191.96,64273.76,64132.24,64267.30,190457856
2026-08-07 00:00,64262.15,64356.23,64170.41,64212.19,122419200
2026-08-07 00:30,64215.81,64284.14,64176.88,64258.82,133533696
2026-08-07 01:00,64270.41,64390.34,64257.78,64364.22,322457600
2026-08-07 01:30,64364.22,64416.94,64241.47,64364.25,186931200
2026-08-07 02:00,64354.53,64477.15,64192.30,64255.48,105437184
2026-08-07 02:30,64264.07,64417.33,64215.63,64337.97,68659200
2026-08-07 03:00,64337.98,64351.28,64200.00,64257.77,127389696
2026-08-07 03:30,64254.40,64316.92,64216.69,64234.48,199514112
2026-08-07 04:00,64225.66,64308.21,64188.21,64243.91,241074176
2026-08-07 04:30,64240.12,64296.38,64113.93,64191.67,67155968
2026-08-07 05:00,64191.67,64207.80,64112.27,64120.81,148340736
2026-08-07 05:30,64124.09,64345.77,64121.07,64276.06,58286080
2026-08-07 06:00,64269.68,64413.00,64256.74,64365.78,232159232
2026-08-07 06:30,64370.66,64370.66,64225.34,64254.40,690186240
2026-08-07 07:00,64241.47,64377.05,64206.99,64352.08,179306496
2026-08-07 07:30,64351.59,64359.61,64254.38,64264.20,63709184
2026-08-07 08:00,64257.63,64405.34,64239.54,64390.05,84783104
2026-08-07 08:30,64401.49,64619.84,64400.00,64552.89,292519936
2026-08-07 09:00,64552.89,64829.69,64552.89,64789.56,197281792
2026-08-07 09:30,64790.87,64920.00,64761.80,64794.06,843300864
2026-08-07 10:00,64817.73,64852.17,64758.18,64852.17,275947520
2026-08-07 10:30,64849.53,64874.02,64808.61,64849.24,172390400
2026-08-07 11:00,64856.99,65164.21,64845.00,65039.09,464486400
2026-08-07 11:30,65033.45,65047.77,64944.98,64975.63,336683008
2026-08-07 12:00,64982.02,65217.92,64980.96,65061.74,411707392
2026-08-07 12:30,65189.53,65348.24,64935.56,65248.75,919314432
2026-08-07 13:00,65254.12,65285.70,65068.80,65115.91,155473920
2026-08-07 13:30,65121.49,65292.84,64951.20,64964.59,1159092224
2026-08-07 14:00,64950.04,65192.00,64735.38,65136.50,559198208
2026-08-07 14:30,65123.80,65228.76,64894.05,64902.00,332679168
2026-08-07 15:00,64915.50,65004.93,64850.02,64971.31,82591744
2026-08-07 15:30,64982.50,65077.85,64852.68,64858.44,126660608
2026-08-07 16:00,64877.00,65026.06,64837.57,64879.25,203649024
2026-08-07 16:30,64894.35,64922.10,64758.07,64758.08,234553344
2026-08-07 17:00,64755.11,64774.70,64528.13,64547.65,295780352
2026-08-07 17:30,64542.21,64718.35,64470.02,64713.29,216014848
2026-08-07 18:00,64711.13,64837.67,64711.13,64758.18,143874048
2026-08-07 18:30,64763.24,64790.75,64626.95,64689.71,181045248
2026-08-07 19:00,64697.73,64950.36,64693.02,64904.50,60121088
2026-08-07 19:30,64904.55,64992.08,64892.12,64913.92,359079936
2026-08-07 20:00,64917.91,64991.53,64906.57,64938.08,92473344
2026-08-07 20:30,64928.33,64939.18,64906.60,64935.72,367153152
2026-08-07 21:00,64935.72,64986.13,64910.23,64963.07,48115712
2026-08-07 21:30,64960.61,65058.12,64892.85,64895.73,181776384
2026-08-07 22:00,64895.73,64916.54,64863.16,64892.44,145385472
2026-08-07 22:30,64892.44,64893.61,64815.79,64852.17,199460864
2026-08-07 23:00,64851.44,64861.54,64841.45,64860.56,230879232
2026-08-07 23:30,64855.46,64896.48,64850.51,64891.60,177063936
2026-08-08 00:00,64891.61,64925.97,64789.89,64850.30,30418944
2026-08-08 00:30,64850.30,64888.16,64832.69,64888.16,155721728
2026-08-08 01:00,64884.36,64924.23,64872.99,64873.00,44662784
2026-08-08 01:30,64873.00,64893.10,64868.85,64868.86,50472960
2026-08-08 02:00,64868.86,64896.13,64855.19,64893.45,15044608
2026-08-08 02:30,64893.45,64924.35,64873.18,64888.12,136335360
2026-08-08 03:00,64888.08,64999.40,64880.00,64985.00,151908352
2026-08-08 03:30,64985.00,65035.56,64953.67,64989.86,146888704
2026-08-08 04:00,64989.86,65028.37,64925.01,64959.89,253517824
2026-08-08 04:30,64959.88,65022.44,64954.67,64974.14,29270016
2026-08-08 05:00,64973.64,64986.25,64950.01,64982.63,109920256
2026-08-08 05:30,64975.39,64982.62,64933.85,64961.00,160987136
2026-08-08 06:00,64961.01,64961.42,64929.83,64936.30,2856960
2026-08-08 06:30,64940.96,64981.78,64921.73,64968.73,117657600
2026-08-08 07:00,64965.50,64973.56,64954.36,64965.57,0
2026-08-08 07:30,64965.58,64965.58,64900.02,64928.80,24293376
2026-08-08 08:00,64915.83,64945.43,64913.85,64945.42,2013184
2026-08-08 08:30,64945.43,64979.00,64944.11,64957.72,31471616
2026-08-08 09:00,64957.72,64984.24,64952.06,64974.71,337920
2026-08-08 09:30,64974.71,65014.29,64949.73,64955.29,0
2026-08-08 10:00,64955.29,64983.91,64950.14,64983.91,67293184
2026-08-08 10:30,64983.91,64986.83,64960.82,64966.68,29853696
2026-08-08 11:00,64966.68,64991.99,64931.96,64934.97,17790976
2026-08-08 11:30,64934.97,64939.49,64914.70,64922.84,11259904
2026-08-08 12:00,64921.87,64999.45,64880.00,64932.56,28680192
2026-08-08 12:30,64942.79,64983.62,64942.79,64960.89,0
2026-08-08 13:00,64960.91,64981.00,64954.12,64979.34,0
2026-08-08 13:30,64973.65,64978.61,64957.27,64973.61,0
2026-08-08 14:00,64973.61,65100.45,64968.43,65087.60,8228864
2026-08-08 14:30,65112.56,65148.92,65067.66,65082.74,0
2026-08-08 15:00,65091.21,65109.32,65032.41,65046.63,11673600
2026-08-08 15:30,65045.45,65050.00,65013.83,65029.66,0
2026-08-08 16:00,65029.67,65073.06,65027.00,65027.00,5545984
2026-08-08 16:30,65027.00,65045.50,64990.39,65039.99,363083776
2026-08-08 17:00,65040.00,65092.48,65028.05,65072.02,14359552
2026-08-08 17:30,65070.39,65107.98,65060.46,65073.14,7084032
2026-08-08 18:00,65073.13,65083.15,64979.00,64990.57,55928832
2026-08-08 18:30,64990.57,65018.54,64988.84,64992.85,51942400
2026-08-08 19:00,64992.85,65000.00,64964.86,64967.49,8931328
2026-08-08 19:30,64967.50,65040.70,64965.42,65025.42,20103168
2026-08-08 20:00,65025.41,65037.92,65011.59,65016.01,4139008
2026-08-08 20:30,65016.01,65045.39,65016.01,65032.18,242154496
2026-08-08 21:00,65032.18,65035.47,64980.11,64980.12,83524608
2026-08-08 21:30,64980.12,65008.39,64941.08,64968.03,89152512
2026-08-08 22:00,64978.99,64994.99,64934.76,64940.39,60447744
2026-08-08 22:30,64940.40,64951.08,64892.51,64892.51,126048256
2026-08-08 23:00,64892.51,64920.91,64882.08,64882.09,16354304
2026-08-08 23:30,64882.09,64922.92,64881.89,64908.72,173197312
2026-08-09 00:00,64908.72,64921.80,64899.26,64913.83,10413056
2026-08-09 00:30,64913.83,64939.18,64907.58,64922.08,76590080
2026-08-09 01:00,64919.02,64950.01,64811.56,64811.85,7901184
2026-08-09 01:30,64811.84,64840.52,64790.46,64806.00,131641344
2026-08-09 02:00,64806.23,64809.14,64762.77,64786.13,52229120
2026-08-09 02:30,64784.98,64795.45,64725.02,64770.07,87615488
2026-08-09 03:00,64767.51,64767.51,64675.22,64728.63,15416320
2026-08-09 03:30,64727.42,64751.89,64722.71,64734.97,5709824
2026-08-09 04:00,64734.97,64779.39,64734.96,64779.39,19875840
2026-08-09 04:30,64779.38,64779.38,64724.04,64735.43,29450240
2026-08-09 05:00,64735.34,64739.13,64725.01,64729.59,61461504
2026-08-09 05:30,64729.23,64754.32,64717.51,64754.32,38986752
2026-08-09 06:00,64754.32,64790.75,64741.78,64787.40,100096000
2026-08-09 06:30,64787.40,64813.90,64787.39,64792.90,24177664
2026-08-09 07:00,64792.91,64803.21,64780.24,64780.32,170460160
2026-08-09 07:30,64780.32,64789.01,64763.98,64770.87,161309696
2026-08-09 08:00,64770.87,64880.97,64770.86,64830.71,485149696
2026-08-09 08:30,64830.71,64841.44,64736.47,64770.07,117411840
2026-08-09 09:00,64770.07,64780.99,64761.80,64765.13,0
2026-08-09 09:30,64763.70,64832.31,64759.55,64832.31,0
2026-08-09 10:00,64832.31,64930.36,64829.68,64920.63,78234624
2026-08-09 10:30,64920.63,64928.28,64884.94,64905.46,162172928
2026-08-09 11:00,64905.46,64933.78,64905.46,64928.06,16480256
2026-08-09 11:30,64928.06,64957.16,64895.75,64899.97,64479232
2026-08-09 12:00,64893.88,64901.38,64866.16,64889.66,45115392
2026-08-09 12:30,64889.65,64906.59,64882.84,64906.59,39642112
2026-08-09 13:00,64906.59,65041.00,64906.59,65040.46,69446656
2026-08-09 13:30,65044.56,65209.50,65044.56,65178.68,278188032
2026-08-09 14:00,65178.68,65200.67,65112.31,65142.18,278422528
2026-08-09 14:30,65143.48,65252.96,65100.40,65214.29,56896512
2026-08-09 15:00,65220.00,65220.00,65156.04,65180.18,163697664
2026-08-09 15:30,65180.20,65187.56,65170.85,65174.99,39147520
2026-08-09 16:00,65175.73,65218.84,65132.21,65149.13,100468736
2026-08-09 16:30,65149.13,65210.68,65149.13,65181.97,69195776
2026-08-09 17:00,65181.97,65191.65,65166.33,65185.48,4978688
2026-08-09 17:30,65185.48,65189.01,65142.00,65142.00,53194752
2026-08-09 18:00,65142.01,65166.75,65138.28,65166.75,0
2026-08-09 18:30,65166.75,65174.07,65146.66,65147.12,41096192
2026-08-09 19:00,65147.13,65169.99,65136.87,65159.35,27241472
2026-08-09 19:30,65159.65,65161.71,65130.03,65130.74,49633280
2026-08-09 20:00,65140.49,65140.50,65028.16,65080.32,196649984
2026-08-09 20:30,65080.32,65123.79,65080.32,65095.57,48575488
2026-08-09 21:00,65095.58,65098.71,65077.53,65088.58,34538496
2026-08-09 21:30,65089.88,65196.82,65086.08,65143.70,193703936
2026-08-09 22:00,65160.36,65398.27,65160.36,65177.73,393739264
2026-08-09 22:30,65196.19,65196.20,64921.90,65023.08,244851712
2026-08-09 23:00,65013.82,65056.42,64852.27,64870.39,1044966400
2026-08-09 23:30,64855.92,64892.84,64788.67,64848.69,952421376
2026-08-10 00:00,64839.01,65245.46,64794.38,64950.04,658014208
2026-08-10 00:30,64944.63,65000.43,64772.66,64916.98,229176320
2026-08-10 01:00,64921.66,65024.97,64852.30,64953.67,172343296
2026-08-10 01:30,64941.00,65330.14,64845.58,65146.85,197653504
2026-08-10 02:00,65163.61,65163.61,64852.24,64911.36,163206144
2026-08-10 02:30,64917.45,65165.40,64913.10,65043.02,53344256
2026-08-10 03:00,65047.95,65115.46,64852.31,64969.05,214582272
2026-08-10 03:30,64976.70,65040.53,64894.69,64921.09,177074176
2026-08-10 04:00,64912.37,65038.17,64900.08,64968.14,147905536
2026-08-10 04:30,64970.90,65002.23,64863.17,64950.77,235253760
2026-08-10 05:00,64942.70,65007.95,64924.70,64989.85,101197824
2026-08-10 05:30,64979.00,65104.47,64964.54,65085.60,95191040
2026-08-10 06:00,65087.58,65232.39,65076.74,65117.80,201717760
2026-08-10 06:30,65119.60,65283.07,65116.25,65248.08,123491328
2026-08-10 07:00,65254.11,65282.13,65186.98,65267.93,74313728
2026-08-10 07:30,65261.37,65319.27,65141.66,65149.84,288534528
2026-08-10 08:00,65152.61,65277.29,65152.61,65244.03,559568896
2026-08-10 08:30,65240.66,65251.34,65138.17,65190.35,74015744
2026-08-10 09:00,65182.99,65182.99,65103.82,65104.34,159005696
2026-08-10 09:30,65085.02,65088.23,64897.56,64907.65,248810496
2026-08-10 10:00,64906.35,65012.35,64903.96,64964.14,110012416
2026-08-10 10:30,64966.82,64998.24,64943.26,64956.26,207753216
2026-08-10 11:00,64960.98,65032.92,64910.74,65021.85,152929280
2026-08-10 11:30,65032.22,65080.35,65001.21,65069.46,27536384
2026-08-10 12:00,65061.14,65182.26,64983.80,64994.15,166220800
2026-08-10 12:30,64997.47,65002.19,64794.75,64817.10,431633408
2026-08-10 13:00,64805.70,64915.71,64787.23,64868.86,322554880
2026-08-10 13:30,64869.25,64869.25,64446.71,64494.73,866409472
2026-08-10 14:00,64471.65,64774.21,64471.65,64729.17,860288000
2026-08-10 14:30,64720.92,64840.56,64554.18,64562.76,267663360
2026-08-10 15:00,64564.12,64651.43,64262.44,64335.51,313597952
2026-08-10 15:30,64336.80,64357.66,64145.99,64235.85,726824960
2026-08-10 16:00,64174.01,64298.72,63930.44,64057.88,758712320
2026-08-10 16:30,64057.80,64113.64,63758.49,63833.92,700360704
2026-08-10 17:00,63863.30,63948.95,63759.66,63843.68,927508480
2026-08-10 17:30,63836.06,63945.85,63811.41,63884.98,706682880
2026-08-10 18:00,63884.99,63947.63,63812.75,63813.90,626800640
2026-08-10 18:30,63815.48,63860.51,63739.28,63815.90,704415744
2026-08-10 19:00,63815.91,63958.64,63810.25,63955.93,392116224
2026-08-10 19:30,63960.86,64033.03,63852.97,63975.88,156481536
2026-08-10 20:00,63978.66,64058.98,63947.63,64054.97,257998848
2026-08-10 20:30,64054.98,64126.46,64036.64,64096.86,294981632
2026-08-10 21:00,64092.01,64092.01,64006.88,64055.98,113182720
2026-08-10 21:30,64055.98,64059.99,63910.40,63910.42,39849984
2026-08-10 22:00,63910.16,63997.00,63887.67,63948.23,0
2026-08-10 22:30,63948.12,63959.72,63873.35,63959.71,218023936
2026-08-10 23:00,63959.71,63963.01,63888.00,63930.31,134709248
2026-08-10 23:30,63930.31,63930.31,63854.90,63911.88,48519168
2026-08-11 00:00,63911.87,63930.75,63830.28,63915.37,304424960
2026-08-11 00:30,63929.31,63989.97,63880.71,63972.09,64301056
2026-08-11 01:00,63970.93,64013.40,63906.77,64004.36,298016768
2026-08-11 01:30,63999.58,64013.00,63891.70,63993.25,859355136
2026-08-11 02:00,63987.09,64024.48,63976.47,63986.36,42491904
2026-08-11 02:30,63986.36,63992.97,63957.84,63978.05,0
2026-08-11 03:00,63979.90,64110.09,63979.90,64068.16,53026816
2026-08-11 03:30,64067.94,64102.22,64050.57,64074.72,88438784
2026-08-11 04:00,64072.01,64094.37,64036.19,64041.63,225470464
2026-08-11 04:30,64041.83,64048.29,63960.21,63960.21,67665920
2026-08-11 05:00,63955.56,63992.19,63889.58,63906.10,66584576
2026-08-11 05:30,63906.11,63980.40,63899.69,63926.89,868196352
2026-08-11 06:00,63926.89,63985.31,63860.65,63860.65,67465216
2026-08-11 06:30,63860.65,63900.00,63798.21,63897.94,269950976
2026-08-11 07:00,63897.94,63944.55,63836.55,63836.78,278949888
2026-08-11 07:30,63840.30,64049.28,63840.30,63999.17,155117568
2026-08-11 08:00,64004.18,64042.29,63975.00,63984.73,36935680
2026-08-11 08:30,63984.72,64084.20,63984.72,64073.85,145719296
2026-08-11 09:00,64073.86,64137.53,64059.43,64123.79,165234688
2026-08-11 09:30,64123.79,64242.45,64116.34,64242.45,65863680
2026-08-11 10:00,64244.21,64253.02,64141.36,64238.86,92065792
2026-08-11 10:30,64238.86,64251.10,64160.00,64171.17,231878656
2026-08-11 11:00,64202.31,64334.32,64194.69,64277.72,877557760
2026-08-11 11:30,64277.72,64347.56,64275.16,64327.17,134729728
2026-08-11 12:00,64347.89,64434.71,64229.60,64255.66,192215040
2026-08-11 12:30,64274.70,64330.60,64255.65,64266.52,103131136
2026-08-11 13:00,64263.28,64315.85,64105.61,64136.78,0
2026-08-11 13:30,64138.71,64176.81,63988.08,64139.99,540620800
2026-08-11 14:00,64129.92,64202.31,63873.19,63963.59,24795136
2026-08-11 14:30,63961.38,63999.12,63651.13,63713.96,454815744
2026-08-11 15:00,63691.51,63812.98,63649.86,63806.83,306556928
2026-08-11 15:30,63802.26,63802.26,63386.86,63541.37,1061863424
2026-08-11 16:00,63486.03,63594.14,63486.03,63527.86,0
2026-08-11 16:30,63527.87,63560.40,63392.41,63440.59,0
2026-08-11 17:00,63438.72,63535.54,63390.51,63505.55,0
2026-08-11 17:30,63507.61,63567.38,63454.94,63537.12,0
2026-08-11 18:00,63524.13,63562.23,63402.62,63402.62,169936896
2026-08-11 18:30,63409.82,63440.31,63203.15,63305.79,218056704
2026-08-11 19:00,63304.82,63316.19,63173.63,63285.79,126351360
2026-08-11 19:30,63297.80,63479.44,63287.91,63477.97,138207232
2026-08-11 20:00,63476.00,63658.50,63469.42,63619.21,940052480
2026-08-11 20:30,63630.32,63691.42,63589.08,63682.16,181397504
2026-08-11 21:00,63675.23,63700.65,63587.83,63604.76,186136576
2026-08-11 21:30,63604.76,63634.62,63553.90,63615.58,105902080
2026-08-11 22:00,63624.53,63710.97,63624.53,63661.29,243884032
2026-08-11 22:30,63670.43,63670.43,63558.65,63604.66,90800128
2026-08-11 23:00,63604.66,63604.66,63480.10,63536.26,105877504
2026-08-11 23:30,63536.26,63592.71,63524.13,63531.75,23130112
2026-08-12 00:00,63525.11,63645.00,63466.09,63608.01,152868864
2026-08-12 00:30,63608.01,63687.95,63608.01,63685.04,41007104
2026-08-12 01:00,63685.04,63728.02,63653.68,63691.77,101376000
2026-08-12 01:30,63679.06,63798.55,63628.44,63760.90,205748224
2026-08-12 02:00,63775.58,63835.78,63722.26,63835.77,593805312
2026-08-12 02:30,63838.29,63847.97,63665.76,63687.95,286447616
2026-08-12 03:00,63694.99,63738.56,63638.53,63689.69,185788416
2026-08-12 03:30,63680.21,63784.02,63674.53,63762.02,87924736
2026-08-12 04:00,63766.41,63829.99,63697.54,63729.51,60383232
2026-08-12 04:30,63718.20,63772.43,63670.25,63713.62,336269312
2026-08-12 05:00,63713.62,63782.49,63663.88,63782.49,245618688
2026-08-12 05:30,63782.49,63809.87,63752.59,63786.77,312209408
2026-08-12 06:00,63780.11,63780.11,63557.04,63577.28,321138688
2026-08-12 06:30,63577.29,63650.69,63534.01,63650.69,177692672
2026-08-12 07:00,63652.07,63731.82,63640.14,63665.47,182740992
2026-08-12 07:30,63665.47,63767.04,63570.51,63767.03,198807552
2026-08-12 08:00,63767.58,63798.82,63713.39,63758.90,267845632
2026-08-12 08:30,63745.21,63758.89,63705.60,63730.50,168486912
2026-08-12 09:00,63730.97,63939.59,63698.40,63919.66,155336704
2026-08-12 09:30,63936.00,64052.34,63927.21,64052.34,276453376
2026-08-12 10:00,64054.79,64154.01,64002.64,64014.08,535951360
2026-08-12 10:30,64014.08,64105.19,64014.08,64079.99,157788160
2026-08-12 11:00,64096.06,64155.00,64054.58,64141.19,129753088
2026-08-12 11:30,64141.20,64189.40,64095.14,64175.90,224477184
2026-08-12 12:00,64187.49,64357.06,64159.03,64357.06,107393024
2026-08-12 12:30,64383.84,64383.84,63921.00,64066.44,1801261056
2026-08-12 13:00,64067.24,64099.99,63840.43,63891.90,856164352
2026-08-12 13:30,63892.77,64014.31,63770.89,63780.56,117014528
2026-08-12 14:00,63743.11,63848.10,63542.64,63603.06,329832448
2026-08-12 14:30,63583.95,63635.00,63287.71,63296.71,234452992
2026-08-12 15:00,63296.70,63471.65,63248.91,63424.80,215711744
2026-08-12 15:30,63439.19,63501.60,63325.53,63368.64,0
2026-08-12 16:00,63367.25,63491.59,63283.68,63491.59,212074496
2026-08-12 16:30,63495.38,63512.70,63404.04,63427.45,12851200
2026-08-12 17:00,63424.57,63485.08,63335.00,63371.67,129122304
2026-08-12 17:30,63371.67,63468.22,63336.42,63398.82,128034816
2026-08-12 18:00,63385.56,63437.18,63309.60,63360.00,214693888
2026-08-12 18:30,63357.53,63453.59,63300.18,63309.61,0
2026-08-12 19:00,63305.45,63395.13,63241.17,63313.20,733827072
2026-08-12 19:30,63312.68,63355.22,63245.88,63345.72,121167872
2026-08-12 20:00,63350.77,63449.69,63349.21,63435.70,172281856
2026-08-12 20:30,63435.71,63535.47,63435.71,63535.47,141711360
2026-08-12 21:00,63537.00,63577.57,63393.91,63418.99,151396352
2026-08-12 21:30,63415.25,63513.73,63356.44,63403.19,147255296
2026-08-12 22:00,63392.40,63473.77,63352.80,63417.86,161906688
2026-08-12 22:30,63417.86,63431.20,63297.52,63361.57,192210944
2026-08-12 23:00,63361.58,63377.60,63305.14,63359.46,144699392
2026-08-12 23:30,63359.46,63417.11,63329.92,63413.06,646877184
2026-08-13 00:00,63406.80,63633.66,63392.40,63561.60,306993152
2026-08-13 00:30,63550.81,63553.92,63434.18,63489.84,267528192
2026-08-13 01:00,63487.30,63567.47,63320.71,63345.61,198717440
2026-08-13 01:30,63345.62,63473.45,63309.00,63385.51,209735680
2026-08-13 02:00,63381.61,63417.60,63356.13,63401.04,750069760
2026-08-13 02:30,63395.01,63514.81,63303.73,63479.05,232951808
2026-08-13 03:00,63478.76,63559.22,63445.48,63504.65,206485504
2026-08-13 03:30,63504.65,63614.71,63497.69,63580.26,95473664
2026-08-13 04:00,63580.26,63607.35,63526.60,63530.18,89884672
2026-08-13 04:30,63530.17,63698.68,63530.17,63627.45,112179200
2026-08-13 05:00,63624.39,63947.60,63599.83,63878.39,216330240
2026-08-13 05:30,63889.20,63892.32,63806.00,63806.00,132599808
2026-08-13 06:00,63805.60,63824.39,63749.01,63759.04,106332160
2026-08-13 06:30,63759.04,63875.76,63693.80,63875.76,35530752
2026-08-13 07:00,63879.20,63882.75,63798.17,63834.48,175708160
2026-08-13 07:30,63834.48,63838.00,63788.23,63803.98,162920448
2026-08-13 08:00,63803.13,63853.19,63723.64,63723.64,148480000
2026-08-13 08:30,63716.36,63748.53,63675.12,63708.02,101969920
2026-08-13 09:00,63709.20,63709.20,63516.45,63593.17,143519744
2026-08-13 09:30,63593.17,63728.05,63593.16,63718.12,103532544
2026-08-13 10:00,63718.14,63757.78,63551.52,63561.73,522326016
2026-08-13 10:30,63555.68,63589.58,63519.12,63582.41,80930816
2026-08-13 11:00,63582.40,63593.25,63365.41,63368.25,136413184
2026-08-13 11:30,63368.24,63432.84,63273.92,63414.90,122955776
2026-08-13 12:00,63414.90,63513.45,63371.94,63501.43,0
2026-08-13 12:30,63525.04,63637.87,63392.81,63621.64,224720896
2026-08-13 13:00,63624.52,63736.78,63492.30,63528.96,154048512
2026-08-13 13:30,63503.75,63784.16,63482.72,63653.04,658073600
2026-08-13 14:00,63658.94,63825.21,63613.51,63748.40,117397504
2026-08-13 14:30,63745.05,63931.24,63705.00,63801.51,509227008
2026-08-13 15:00,63798.41,63877.14,63523.25,63568.43,93872128
2026-08-13 15:30,63566.53,63691.10,63358.12,63358.12,627032064
2026-08-13 16:00,63354.50,63508.53,63253.50,63297.72,106594304
2026-08-13 16:30,63308.39,63369.64,62782.21,63092.44,1722013696
2026-08-13 17:00,63033.43,63185.58,63004.00,63117.45,357920768
2026-08-13 17:30,63116.70,63229.80,63039.07,63070.02,229586944
2026-08-13 18:00,63064.65,63225.85,63048.14,63052.87,68151296
2026-08-13 18:30,63058.31,63303.14,63037.81,63235.83,61859840
2026-08-13 19:00,63239.98,63441.65,63239.98,63347.95,84295680
2026-08-13 19:30,63349.20,63398.31,63320.83,63335.08,117037056
2026-08-13 20:00,63339.46,63403.46,63301.19,63385.48,114296832
2026-08-13 20:30,63390.00,63407.27,63310.42,63349.18,50425856
2026-08-13 21:00,63335.80,63409.88,63327.34,63391.77,84324352
2026-08-13 21:30,63391.78,63440.16,63372.80,63409.17,120383488
2026-08-13 22:00,63409.18,63581.38,63406.28,63562.81,213018624
2026-08-13 22:30,63572.66,63572.66,63457.47,63463.34,276645888
2026-08-13 23:00,63468.18,63475.45,63384.65,63416.95,151021568
2026-08-13 23:30,63416.96,63433.07,63330.31,63425.35,90748928
2026-08-14 00:00,63427.24,63492.12,63365.39,63383.28,92526592
2026-08-14 00:30,63369.64,63491.28,63343.41,63480.94,190787584
2026-08-14 01:00,63474.00,63527.36,63395.02,63423.50,96585728
2026-08-14 01:30,63423.50,63515.49,63406.49,63511.09,39206912
2026-08-14 02:00,63512.88,63555.00,63416.18,63433.05,146309120
2026-08-14 02:30,63433.06,63500.76,63403.84,63403.84,148811776
2026-08-14 03:00,63401.00,63516.52,63350.85,63397.36,141099008
2026-08-14 03:30,63397.36,63397.36,63238.50,63246.69,88875008
2026-08-14 04:00,63243.07,63405.88,63213.13,63350.72,132083712
2026-08-14 04:30,63350.73,63361.17,63298.22,63307.14,280537088
2026-08-14 05:00,63307.14,63330.22,63213.12,63251.20,29394944
2026-08-14 05:30,63246.72,63334.40,63235.00,63314.50,131604480
2026-08-14 06:00,63314.52,63314.52,63110.53,63110.53,364156928
2026-08-14 06:30,63110.54,63175.05,62883.18,62904.29,188497920
2026-08-14 07:00,62903.16,63042.83,62884.36,63029.09,286976000
2026-08-14 07:30,63029.08,63034.16,62847.08,62848.68,476764160
2026-08-14 08:00,62848.68,62915.74,62668.49,62706.65,328103936
2026-08-14 08:30,62706.76,62870.49,62624.39,62868.39,946630656
2026-08-14 09:00,62871.56,62871.56,62722.45,62726.68,193968128
2026-08-14 09:30,62728.25,62770.28,62674.99,62722.65,195731456
2026-08-14 10:00,62718.21,62846.14,62669.73,62816.05,141469696
2026-08-14 10:30,62816.05,62873.54,62730.95,62746.13,310220800
2026-08-14 11:00,62746.13,62847.09,62735.15,62818.13,202749952
2026-08-14 11:30,62818.13,62868.84,62774.89,62793.30,53422080
2026-08-14 12:00,62800.59,62831.39,62683.38,62814.34,234473472
2026-08-14 12:30,62814.34,62834.38,62652.42,62661.85,182089728
2026-08-14 13:00,62668.67,62721.58,62522.30,62702.93,428009472
2026-08-14 13:30,62693.58,62737.20,62516.63,62577.66,417875968
2026-08-14 14:00,62593.29,62660.01,62503.00,62600.05,489398272
2026-08-14 14:30,62591.93,62725.49,62483.64,62545.66,210161664
2026-08-14 15:00,62551.93,62768.56,62541.64,62768.56,434530304
2026-08-14 15:30,62790.56,63010.37,62716.23,62913.04,421730304
2026-08-14 16:00,62912.39,63088.40,62894.20,63049.27,163059712
2026-08-14 16:30,63063.75,63152.80,63025.61,63071.09,15030272
2026-08-14 17:00,63079.45,63183.07,63047.73,63137.07,44500992
2026-08-14 17:30,63137.07,63160.15,62931.89,62954.49,73060352
2026-08-14 18:00,62954.77,63016.04,62894.21,62969.56,148219904
2026-08-14 18:30,62954.79,62969.56,62816.61,62855.92,167399424
2026-08-14 19:00,62850.26,62862.80,62756.40,62858.46,166352896
2026-08-14 19:30,62853.01,62920.97,62809.63,62895.83,140539904
2026-08-14 20:00,62905.00,62952.92,62849.21,62876.94,192217088
2026-08-14 20:30,62876.95,62885.38,62821.99,62835.14,83890176
2026-08-14 21:00,62835.15,62870.20,62814.95,62820.37,93009920
2026-08-14 21:30,62820.38,62868.98,62801.50,62860.90,272857088
2026-08-14 22:00,62860.90,62891.93,62727.31,62746.63,108394496
2026-08-14 22:30,62748.12,62831.55,62748.12,62814.53,230004736
2026-08-14 23:00,62812.56,62890.00,62796.86,62884.06,87285760
2026-08-14 23:30,62884.07,62998.98,62843.96,62975.19,63277056
2026-08-15 00:00,62975.18,62996.50,62928.74,62944.43,88961024
2026-08-15 00:30,62951.10,62965.00,62928.27,62950.72,47699968
2026-08-15 01:00,62950.72,62973.06,62923.86,62972.51,75239424
2026-08-15 01:30,62972.51,62975.00,62950.00,62972.28,156612608
2026-08-15 02:00,62972.28,63050.73,62963.29,63034.49,148840448
2026-08-15 02:30,63034.50,63072.07,63033.86,63071.39,55621632
2026-08-15 03:00,63071.39,63120.79,63013.52,63022.73,145070080
2026-08-15 03:30,63022.73,63028.21,62975.85,62988.39,337940480
2026-08-15 04:00,62989.99,63064.27,62989.99,63061.97,59672576
2026-08-15 04:30,63061.97,63087.38,63051.20,63052.02,164747264
2026-08-15 05:00,63052.02,63091.78,63052.01,63053.15,64884736
2026-08-15 05:30,63053.14,63058.63,62966.40,63016.10,174690304
2026-08-15 06:00,63016.10,63029.88,62969.71,62973.46,90155008
2026-08-15 06:30,62976.41,63067.53,62976.41,63045.54,154744832
2026-08-15 07:00,63045.54,63061.77,62996.44,63012.55,870127616
2026-08-15 07:30,63012.56,63032.36,62972.65,63005.66,0
2026-08-15 08:00,63014.98,63018.89,62977.14,62983.27,0
2026-08-15 08:30,62983.26,62989.14,62863.13,62869.07,0
2026-08-15 09:00,62874.09,62914.30,62847.08,62908.43,49147904
2026-08-15 09:30,62909.70,62979.86,62909.70,62957.64,5703680
2026-08-15 10:00,62959.01,62966.00,62928.59,62945.01,0
2026-08-15 10:30,62945.02,62984.53,62939.84,62976.03,0
2026-08-15 11:00,62966.84,62974.26,62956.44,62963.79,23597056
2026-08-15 11:30,62963.79,62990.36,62923.53,62949.22,50293760
2026-08-15 12:00,62949.22,62949.22,62910.70,62920.30,50734080
2026-08-15 12:30,62920.31,62987.12,62875.97,62985.93,0
2026-08-15 13:00,62982.13,63012.83,62951.84,62960.14,0
2026-08-15 13:30,62960.15,62989.96,62953.87,62985.92,0
2026-08-15 14:00,62985.97,62985.98,62920.00,62965.95,15031296
2026-08-15 14:30,62965.94,62983.76,62953.87,62966.42,0
2026-08-15 15:00,62966.43,63010.93,62955.01,62999.99,28988416
2026-08-15 15:30,62999.99,63051.74,62996.39,63022.95,0
2026-08-15 16:00,63022.95,63054.83,62984.97,63054.82,52408320
2026-08-15 16:30,63054.83,63054.83,63018.00,63024.06,0
2026-08-15 17:00,63024.06,63034.75,62988.40,62998.93,27507712
2026-08-15 17:30,62998.93,63004.23,62988.77,63000.34,0
2026-08-15 18:00,63000.35,63041.77,62971.17,62975.23,0
2026-08-15 18:30,62975.23,62989.89,62971.73,62989.12,99582976
2026-08-15 19:00,62989.12,63051.50,62987.80,63028.11,226045952
2026-08-15 19:30,63028.11,63053.51,63025.74,63051.38,24649728
2026-08-15 20:00,63051.39,63051.44,63000.00,63006.81,12849152
2026-08-15 20:30,63006.00,63036.51,62999.99,63036.50,21095424
2026-08-15 21:00,63030.54,63077.17,63019.90,63076.22,84334592
2026-08-15 21:30,63076.23,63097.44,63070.04,63085.92,56344576
2026-08-15 22:00,63085.92,63099.13,63059.44,63083.98,0
2026-08-15 22:30,63083.98,63107.34,63057.50,63061.68,48989184
2026-08-15 23:00,63061.67,63075.00,63036.70,63038.86,33870848
2026-08-15 23:30,63039.68,63040.99,63013.52,63018.76,0
2026-08-16 00:00,63018.75,63018.75,62999.00,63003.40,34850816
2026-08-16 00:30,63003.00,63019.66,62992.16,63012.93,36922368
2026-08-16 01:00,63012.93,63012.94,62978.45,62985.95,14461952
2026-08-16 01:30,62985.95,63013.90,62938.17,63013.90,14030848
2026-08-16 02:00,63010.37,63053.59,62950.64,63046.08,0
2026-08-16 02:30,63046.08,63087.09,63041.78,63054.45,406553600
2026-08-16 03:00,63054.46,63055.13,63039.74,63050.45,0
2026-08-16 03:30,63050.46,63060.58,63050.45,63059.43,63792128
2026-08-16 04:00,63059.42,63082.50,63057.95,63082.49,9213952
2026-08-16 04:30,63082.48,63082.49,63016.93,63016.93,53033984
2026-08-16 05:00,63016.93,63030.32,62999.00,63000.00,46660608
2026-08-16 05:30,63000.01,63010.38,62966.91,62997.83,94246912
2026-08-16 06:00,62995.04,63009.80,62977.69,63001.89,53211136
2026-08-16 06:30,62997.81,63016.54,62986.01,62993.72,0
2026-08-16 07:00,62993.72,62997.63,62983.00,62994.77,0
2026-08-16 07:30,62994.77,63000.01,62982.01,62991.23,56428032
2026-08-16 08:00,62991.23,63006.07,62988.03,63005.94,25815040
2026-08-16 08:30,63005.93,63008.60,62996.57,63001.91,79647232
2026-08-16 09:00,63001.90,63001.91,62987.00,62993.11,0
2026-08-16 09:30,62993.11,63000.94,62897.48,62917.52,151494656
2026-08-16 10:00,62917.52,62942.84,62891.07,62942.84,81679872
2026-08-16 10:30,62941.34,62942.93,62931.35,62940.19,32963072
2026-08-16 11:00,62940.20,62942.81,62906.80,62915.76,6464000
2026-08-16 11:30,62915.28,62946.04,62907.72,62945.32,40188416
2026-08-16 12:00,62945.33,62954.98,62943.29,62944.45,30167552
2026-08-16 12:30,62945.71,62948.00,62921.17,62948.00,37259264
2026-08-16 13:00,62948.00,63000.00,62947.14,62999.99,34679808
2026-08-16 13:30,63000.00,63000.00,62980.22,62993.63,57737728
2026-08-16 14:00,62993.83,63034.24,62989.87,63004.45,1177088
2026-08-16 14:30,63004.45,63039.00,63002.57,63034.54,67003392
2026-08-16 15:00,63038.37,63050.00,63034.70,63047.00,10705920
2026-08-16 15:30,63047.01,63070.03,63043.10,63070.03,81662464
2026-08-16 16:00,63074.06,63283.08,63063.78,63252.16,211286528
2026-08-16 16:30,63260.06,63313.00,63142.78,63186.92,136493568
2026-08-16 17:00,63195.63,63210.51,63105.61,63120.96,136599552
2026-08-16 17:30,63120.96,63126.41,63053.12,63087.42,63525888
2026-08-16 18:00,63087.41,63112.58,63050.76,63089.38,43112448
2026-08-16 18:30,63091.67,63091.67,63069.24,63074.29,13975552
2026-08-16 19:00,63074.29,63154.33,63074.29,63153.04,0
2026-08-16 19:30,63154.03,63162.89,63025.29,63040.17,88409600
2026-08-16 20:00,63040.06,63073.36,63018.87,63024.66,42306560
2026-08-16 20:30,63024.65,63043.93,62954.29,63000.73,112867328
2026-08-16 21:00,62997.43,63016.71,62961.30,62963.83,110493696
2026-08-16 21:30,62963.83,62973.43,62744.46,62862.80,186335232
2026-08-16 22:00,62857.00,62889.06,62718.37,62780.01,298061824
2026-08-16 22:30,62774.89,62843.45,62640.88,62843.45,238246912
2026-08-16 23:00,62839.78,62924.57,62756.92,62777.91,171038720
2026-08-16 23:30,62777.90,62862.69,62759.21,62830.58,119901184
2026-08-17 00:00,62832.45,62867.89,62685.41,62798.82,173747200
2026-08-17 00:30,62796.91,62886.44,62681.38,62840.55,355573760
2026-08-17 01:00,62831.40,63103.02,62831.40,63044.33,380231680
2026-08-17 01:30,63053.08,63173.99,63042.03,63042.03,225291264
2026-08-17 02:00,63060.61,63140.93,62966.04,63113.70,86368256
2026-08-17 02:30,63107.73,63430.68,63063.36,63335.74,253164544
2026-08-17 03:00,63346.51,63368.35,63278.51,63291.58,364339200
2026-08-17 03:30,63294.99,63458.29,63277.99,63367.81,283996160
2026-08-17 04:00,63388.18,63467.05,63373.36,63451.21,213953536
2026-08-17 04:30,63443.70,63521.58,63411.39,63479.98,419749888
2026-08-17 05:00,63481.37,63534.25,63388.88,63429.44,488552448
2026-08-17 05:30,63433.79,63465.74,63381.11,63456.60,230219776
2026-08-17 06:00,63456.60,63559.90,63412.67,63518.07,125601792
2026-08-17 06:30,63518.07,63653.42,63504.38,63603.34,163818496
2026-08-17 07:00,63605.99,63605.99,63468.92,63522.00,200010752
2026-08-17 07:30,63522.00,63522.00,63461.46,63461.46,291795968
2026-08-17 08:00,63468.91,63488.98,63338.86,63355.77,453494784
2026-08-17 08:30,63355.77,63371.44,63278.58,63307.86,134958080
2026-08-17 09:00,63307.85,63358.49,63264.72,63302.74,207993856
2026-08-17 09:30,63302.74,63302.74,63218.17,63246.20,94913536
2026-08-17 10:00,63246.21,63380.89,63219.45,63380.89,84096000
2026-08-17 10:30,63380.20,63627.28,63380.20,63627.28,572250112
2026-08-17 11:00,63606.58,63636.08,63568.67,63598.11,376509440
2026-08-17 11:30,63594.41,63713.21,63524.06,63559.89,19062784
2026-08-17 12:00,63565.92,63613.55,63456.26,63505.88,745761792
2026-08-17 12:30,63509.56,63567.98,63462.55,63478.25,301979648
2026-08-17 13:00,63478.24,63503.39,63357.29,63418.21,200379392
2026-08-17 13:30,63419.18,63720.82,63391.41,63601.39,563741696
2026-08-17 14:00,63591.29,63671.15,63515.93,63549.56,313866240
2026-08-17 14:30,63550.46,63836.20,63519.00,63830.78,285231104
2026-08-17 15:00,63830.66,64007.85,63750.00,63987.50,666119168
2026-08-17 15:30,64023.50,64174.30,63924.31,64139.70,743745536
2026-08-17 16:00,64150.11,64154.98,63993.61,64036.63,341035008
2026-08-17 16:30,64039.04,64125.99,64017.29,64060.35,180951040
2026-08-17 17:00,64060.36,64379.99,63921.01,64154.82,1116805120
2026-08-17 17:30,64165.30,64296.87,64016.70,64276.81,915177472
2026-08-17 18:00,64293.93,64562.18,64229.00,64427.97,654452736
2026-08-17 18:30,64459.73,64459.73,64343.41,64380.58,621092864
2026-08-17 19:00,64362.42,64374.26,64266.91,64354.17,401106944
2026-08-17 19:30,64336.81,64373.13,64231.01,64266.44,516460544
2026-08-17 20:00,64260.90,64376.41,64214.71,64371.21,315895808
2026-08-17 20:30,64371.77,64371.77,64280.00,64341.77,133756928
2026-08-17 21:00,64341.77,64388.52,64274.10,64276.79,387162112
2026-08-17 21:30,64276.78,64342.00,64245.19,64335.03,249444352
2026-08-17 22:00,64340.18,64369.51,64232.33,64250.65,90601472
2026-08-17 22:30,64241.18,64284.28,64222.96,64240.22,262987776
2026-08-17 23:00,64240.22,64436.46,64230.01,64436.42,181129216
2026-08-17 23:30,64430.06,64530.04,64405.01,64477.25,239486976
2026-08-18 00:00,64486.25,64506.96,64362.03,64409.13,224569344
2026-08-18 00:30,64409.13,64409.13,64300.53,64322.29,64169984
2026-08-18 01:00,64323.62,64323.62,64235.79,64272.02,104722432
2026-08-18 01:30,64273.83,64292.84,64097.47,64148.45,113465344
2026-08-18 02:00,64144.33,64217.99,64090.77,64095.93,129150976
2026-08-18 02:30,64087.93,64146.67,63995.29,64036.13,87539712
2026-08-18 03:00,64043.40,64081.22,64020.01,64047.68,131133440
2026-08-18 03:30,64047.94,64119.44,63979.37,64117.21,155244544
2026-08-18 04:00,64117.20,64117.20,64018.70,64091.58,418586624
2026-08-18 04:30,64091.59,64181.87,64091.59,64149.69,107665408
2026-08-18 05:00,64149.69,64211.73,64116.02,64191.58,91998208
2026-08-18 05:30,64188.30,64198.06,64079.71,64169.46,312219648
2026-08-18 06:00,64169.46,64301.77,64099.20,64283.41,176603136
2026-08-18 06:30,64284.41,64397.38,64210.85,64266.41,460748800
2026-08-18 07:00,64264.41,64294.20,64221.27,64224.67,166156288
2026-08-18 07:30,64219.68,64219.68,64104.16,64139.78,213114880
2026-08-18 08:00,64139.78,64176.30,64027.42,64149.68,89522176
2026-08-18 08:30,64149.68,64278.23,64141.55,64228.64,216958976
2026-08-18 09:00,64203.13,64215.54,64083.06,64095.49,66598912
2026-08-18 09:30,64095.48,64122.09,64070.88,64110.01,209145856
2026-08-18 10:00,64105.01,64139.62,64062.71,64096.31,712433664
2026-08-18 10:30,64096.31,64154.17,64096.30,64134.54,0
2026-08-18 11:00,64124.79,64318.76,64124.79,64306.63,69527552
2026-08-18 11:30,64280.26,64342.44,64274.99,64288.18,69433344
2026-08-18 12:00,64280.92,64300.32,64221.30,64242.08,13938688
2026-08-18 12:30,64242.07,64243.53,64161.67,64161.67,76007424
2026-08-18 13:00,64128.61,64142.20,63997.76,64012.65,80164864
2026-08-18 13:30,64022.39,64226.09,63991.25,64155.93,361330688
2026-08-18 14:00,64158.17,64985.08,64158.17,64945.66,486529024
2026-08-18 14:30,64940.63,65007.29,64620.90,64668.14,1789202432
2026-08-18 15:00,64696.32,64793.54,64601.32,64761.03,191518720
2026-08-18 15:30,64750.07,64849.41,64745.03,64808.00,84391936
2026-08-18 16:00,64819.66,64853.09,64651.42,64661.82,644954112
2026-08-18 16:30,64648.58,64822.74,64629.52,64795.18,161497088
2026-08-18 17:00,64798.20,64798.20,64717.96,64791.27,583315456
2026-08-18 17:30,64791.26,64792.25,64629.55,64629.56,0
2026-08-18 18:00,64625.40,64775.16,64611.29,64759.72,506419200
2026-08-18 18:30,64759.72,64790.91,64712.46,64737.17,101818368
2026-08-18 19:00,64729.05,64763.05,64667.86,64741.33,0
2026-08-18 19:30,64741.32,64745.20,64603.92,64603.93,2500608
2026-08-18 20:00,64612.53,64621.95,64546.74,64570.01,291057664
2026-08-18 20:30,64570.02,64605.69,64523.28,64538.48,177010688
2026-08-18 21:00,64540.16,64611.28,64534.58,64579.86,0
2026-08-18 21:30,64579.86,64579.86,64527.37,64559.33,66275328
2026-08-18 22:00,64559.19,64568.58,64513.91,64552.68,194560
2026-08-18 22:30,64552.66,64615.13,64549.24,64596.41,82954240
2026-08-18 23:00,64588.21,64698.02,64584.96,64678.71,43352064
2026-08-18 23:30,64681.52,64744.27,64680.00,64681.33,40400896
2026-08-19 00:00,64692.21,64697.80,64504.45,64562.81,38105088
2026-08-19 00:30,64556.46,64612.69,64445.43,64445.43,42166272
2026-08-19 01:00,64440.12,64502.98,64390.03,64442.02,212684800
2026-08-19 01:30,64453.39,64453.39,64341.47,64358.46,48977920
2026-08-19 02:00,64348.55,64367.21,64297.00,64342.45,43225088
2026-08-19 02:30,64335.60,64364.21,64293.07,64295.84,70201344
2026-08-19 03:00,64295.85,64363.65,64218.40,64305.95,19460096
2026-08-19 03:30,64305.95,64324.25,64269.36,64269.36,61487104
2026-08-19 04:00,64268.11,64336.86,64234.37,64303.05,5814272
2026-08-19 04:30,64303.05,64318.21,64246.38,64255.10,89978880
2026-08-19 05:00,64255.93,64357.89,64250.32,64304.55,5380096
2026-08-19 05:30,64299.06,64305.88,64178.28,64185.23,34852864
2026-08-19 06:00,64186.34,64258.07,64112.04,64220.37,0
2026-08-19 06:30,64220.37,64291.42,64200.35,64289.82,223323136
2026-08-19 07:00,64289.82,64314.90,64211.24,64285.92,668104704
2026-08-19 07:30,64285.92,64343.93,64236.76,64243.55,79014912
2026-08-19 08:00,64236.76,64272.05,64190.70,64232.09,60062720
2026-08-19 08:30,64229.57,64455.60,64228.06,64357.12,177003520
2026-08-19 09:00,64356.47,64418.39,64316.91,64332.27,167703552
2026-08-19 09:30,64336.27,64375.78,64307.17,64371.57,57907200
2026-08-19 10:00,64367.80,64371.57,64304.99,64343.87,83193856
2026-08-19 10:30,64343.87,64404.78,64319.05,64393.80,171851776
2026-08-19 11:00,64386.79,64483.67,64386.79,64452.32,58702848
2026-08-19 11:30,64453.08,64477.22,64412.79,64459.11,98771968
2026-08-19 12:00,64459.11,64464.40,64417.14,64439.25,4228096
2026-08-19 12:30,64448.30,64935.94,64428.01,64830.89,1212162048
2026-08-19 13:00,64812.16,64992.35,64735.92,64958.93,449218560
2026-08-19 13:30,64931.36,65170.20,64750.98,64966.72,990486528
2026-08-19 14:00,64969.93,65430.40,64966.09,65367.28,1340076032
2026-08-19 14:30,65383.69,65930.83,65304.82,65886.25,502460416
2026-08-19 15:00,65926.27,69594.25,65858.66,68239.05,3156594688
2026-08-19 15:30,68304.78,68769.54,67763.73,68519.63,7140888576
2026-08-19 16:00,68588.36,68892.65,68495.88,68872.58,1756264448
2026-08-19 16:30,68837.45,68875.16,68403.97,68453.98,1110153216
2026-08-19 17:00,68444.32,68514.39,67812.96,67977.10,1108523008
2026-08-19 17:30,67985.45,68243.99,67802.34,68168.31,986003456
2026-08-19 18:00,68187.01,68307.16,68013.49,68257.57,556695552
2026-08-19 18:30,68233.21,68439.50,68215.72,68389.12,430858240
2026-08-19 19:00,68367.04,68436.81,68093.35,68164.24,523190272
2026-08-19 19:30,68155.03,68471.04,68117.15,68406.13,1343004672
2026-08-19 20:00,68428.60,68795.29,68373.48,68685.82,584232960
2026-08-19 20:30,68685.82,69544.91,68605.32,69043.25,1251495936
2026-08-19 21:00,69038.64,69888.00,68975.62,69621.49,2734387200
2026-08-19 21:30,69622.43,70010.96,69382.09,69700.00,1703104512
2026-08-19 22:00,69790.28,69819.26,69117.35,69128.68,1065463808
2026-08-19 22:30,69116.44,69451.15,68959.61,69219.55,842612736
2026-08-19 23:00,69224.70,69421.62,69178.49,69343.04,1019633664
2026-08-19 23:30,69343.04,69361.10,69130.58,69300.01,387739648
2026-08-20 00:00,69298.79,69749.99,69291.60,69588.50,1274904576
2026-08-20 00:30,69593.18,69677.58,69339.49,69387.77,767746048
2026-08-20 01:00,69385.76,69477.94,69239.66,69292.05,411217920
2026-08-20 01:30,69281.96,69856.38,69262.58,69678.68,1118076928
2026-08-20 02:00,69682.30,69787.12,69442.53,69476.41,591822848
2026-08-20 02:30,69460.00,69503.70,69223.56,69258.57,641470464
2026-08-20 03:00,69245.87,69250.06,68857.28,68915.26,785272832
2026-08-20 03:30,68946.63,69282.92,68927.33,69139.99,1210679296
2026-08-20 04:00,69130.19,69345.18,69104.42,69308.41,794660864
2026-08-20 04:30,69308.41,69533.42,69182.10,69442.52,588029952
2026-08-20 05:00,69445.64,69633.07,69407.11,69540.38,815001600
2026-08-20 05:30,69531.01,69587.62,69318.00,69374.83,570163200
2026-08-20 06:00,69368.46,69652.89,69313.97,69546.76,1417101312
2026-08-20 06:30,69553.84,69866.30,69553.84,69813.99,415154176
2026-08-20 07:00,69792.05,69957.09,69564.19,69642.16,700772352
2026-08-20 07:30,69642.16,69781.84,69456.03,69781.84,1442918400
2026-08-20 08:00,69784.51,71519.72,69736.64,71303.51,3873726464
2026-08-20 08:30,71287.81,71746.56,71138.99,71524.28,2845786112
2026-08-20 09:00,71532.40,71991.70,71458.31,71764.56,2166607872
2026-08-20 09:30,71739.33,71994.23,71621.88,71740.89,2522447872
2026-08-20 10:00,71733.24,72407.17,71651.61,71983.75,2423541760
2026-08-20 10:30,71987.28,71987.28,71720.69,71941.69,2564366336
2026-08-20 11:00,71934.65,72091.52,71796.89,71845.33,1066987520
2026-08-20 11:30,71824.94,72272.63,71765.89,71870.11,825008128
2026-08-20 12:00,71886.35,71925.00,71440.05,71788.95,2982952960
2026-08-20 12:30,71798.94,71950.81,71472.77,71894.51,638312448
2026-08-20 13:00,71921.16,72025.56,71813.63,71910.73,1102057472
2026-08-20 13:30,71875.93,71875.93,71143.13,71631.46,2953912320
2026-08-20 14:00,71632.32,71935.07,71364.35,71409.24,68640768
2026-08-20 14:30,71399.86,71780.29,71371.32,71780.29,865099776
2026-08-20 15:00,71776.49,72520.44,71751.64,72381.00,1702678528
2026-08-20 15:30,72393.71,72781.05,72140.40,72443.15,1747013632
2026-08-20 16:00,72437.67,72475.66,72180.01,72380.51,208228352
2026-08-20 16:30,72345.72,72843.29,72250.00,72829.43,421617664
2026-08-20 17:00,72820.61,72853.81,72540.59,72790.92,1788690432
2026-08-20 17:30,72777.24,72940.41,72661.75,72715.33,246415360
2026-08-20 18:00,72733.83,72794.54,72457.61,72669.92,553115648
2026-08-20 18:30,72660.00,72685.80,72373.56,72413.04,519335936
2026-08-20 19:00,72410.92,72623.75,72313.75,72592.80,80003072
2026-08-20 19:30,72587.86,72768.48,72547.56,72626.45,565207040
2026-08-20 20:00,72678.23,72899.36,72617.16,72826.30,277606400
2026-08-20 20:30,72813.76,73002.68,72585.04,72660.23,238575616
2026-08-20 21:00,72660.23,72829.44,72547.56,72648.46,0
2026-08-20 21:30,72641.29,72817.20,72641.29,72725.63,1678200832
2026-08-20 22:00,72745.91,72815.51,72485.00,72785.17,0
2026-08-20 22:30,72784.99,72853.79,72655.77,72664.68,83329024
2026-08-20 23:00,72658.71,73333.85,72645.00,73199.37,1733050368
2026-08-20 23:30,73215.71,73377.82,72977.73,73015.93,446140416
2026-08-21 00:00,73010.27,73856.15,73010.27,73699.43,676335616
2026-08-21 00:30,73694.39,73945.18,73515.59,73692.41,672911360
2026-08-21 01:00,73658.77,74773.68,73648.80,74708.89,552411136
2026-08-21 01:30,74719.08,75704.41,74520.72,75107.89,4213460992
2026-08-21 02:00,75107.13,75155.98,74622.64,74949.94,755326976
2026-08-21 02:30,74955.71,75034.89,74358.86,74409.71,882167808
2026-08-21 03:00,74444.28,74606.35,74219.63,74576.39,702693376
2026-08-21 03:30,74571.18,74832.66,74399.26,74478.27,386076672
2026-08-21 04:00,74499.83,74917.54,74499.83,74792.18,392196096
2026-08-21 04:30,74787.79,75023.03,74753.88,74999.99,371105792
2026-08-21 05:00,74999.99,75482.92,74888.23,75174.95,227872768
2026-08-21 05:30,75167.44,75438.08,75067.07,75438.08,664985600
2026-08-21 06:00,75391.15,75477.70,75065.35,75298.74,53256192
2026-08-21 06:30,75302.85,75700.12,75261.24,75615.79,2259161088
2026-08-21 07:00,75600.00,76845.36,75596.99,76372.65,1421168640
2026-08-21 07:30,76371.08,76720.37,76188.41,76306.33,1205678080
2026-08-21 08:00,76299.17,77291.59,76267.51,77205.94,1537835008
2026-08-21 08:30,77182.80,79442.86,77145.09,79224.70,1153597440
2026-08-21 09:00,79189.27,79326.22,77267.40,77697.95,5653680128
2026-08-21 09:30,77699.99,78350.10,77623.10,77888.17,910446592
2026-08-21 10:00,77861.52,78236.17,77606.12,77903.29,1034330112
2026-08-21 10:30,77918.22,77986.78,77624.89,77802.36,746598400
2026-08-21 11:00,77814.41,77840.64,77277.41,77386.01,643338240
2026-08-21 11:30,77407.85,77409.40,76416.48,76709.62,952336384
2026-08-21 12:00,76740.95,76994.67,76521.29,76667.93,4174143488
2026-08-21 12:30,76668.40,77457.50,76615.45,77195.15,747552768
2026-08-21 13:00,77229.72,77371.70,76813.09,77067.96,439926784
2026-08-21 13:30,76950.01,77671.51,76225.81,77244.23,680239104
2026-08-21 14:00,77217.49,77217.75,76526.83,77043.38,1472872448
2026-08-21 14:30,77068.50,77432.65,76840.03,77374.78,2594242560
2026-08-21 15:00,77403.06,77843.27,77312.28,77603.33,562479104
2026-08-21 15:30,77604.06,77742.07,77136.02,77178.83,211394560
2026-08-21 16:00,77190.75,77347.36,76795.37,77339.17,2530525184
2026-08-21 16:30,77359.63,77516.72,77209.85,77451.34,698335232
2026-08-21 17:00,77472.66,77695.68,77167.82,77541.53,19046400
2026-08-21 17:30,77535.86,77630.67,77294.40,77370.28,600702976
2026-08-21 18:00,77380.25,77519.76,77233.62,77361.27,235143168
2026-08-21 18:30,77360.07,77423.59,76623.43,77110.52,434135040
2026-08-21 19:00,77144.90,77309.75,76837.81,77303.34,2478235648
2026-08-21 19:30,77302.43,77338.91,76990.86,76995.20,708067328
2026-08-21 20:00,77028.00,77513.00,76837.75,77479.33,81108992
2026-08-21 20:30,77473.34,77518.41,77296.50,77497.97,1042350080
2026-08-21 21:00,77492.39,78188.40,77363.09,78061.19,894091264
2026-08-21 21:30,78088.51,78664.17,77972.54,78495.39,3137773568
2026-08-21 22:00,78503.38,78747.06,78172.49,78494.82,2589876224
2026-08-21 22:30,78501.01,78583.98,78106.60,78432.77,1143160832
2026-08-21 23:00,78459.77,78711.09,78325.52,78400.27,547225600
2026-08-21 23:30,78398.69,78504.16,78122.82,78325.55,267288576
2026-08-22 00:00,78325.54,78495.50,77745.32,77910.01,566542336
2026-08-22 00:30,77910.00,78043.50,77695.41,77934.06,1774747648
2026-08-22 01:00,77938.37,78179.32,77890.24,77998.53,115220480
2026-08-22 01:30,78000.00,78220.59,77805.34,77821.05,45514752
2026-08-22 02:00,77840.70,78461.12,77783.46,78374.35,221642752
2026-08-22 02:30,78367.49,78543.87,78143.86,78462.80,111542272
2026-08-22 03:00,78481.90,78782.31,78351.60,78763.31,347332608
2026-08-22 03:30,78756.64,78814.49,78394.05,78402.62,1844449280
2026-08-22 04:00,78402.62,78581.22,78195.41,78581.21,1854885888
2026-08-22 04:30,78590.66,78795.14,78450.67,78475.71,931192832
2026-08-22 05:00,78440.00,78562.93,76650.27,77289.68,5636636672
2026-08-22 05:30,77274.02,77535.34,76930.98,77351.19,1703804928
2026-08-22 06:00,77343.55,77423.76,77144.15,77235.02,565182464
2026-08-22 06:30,77217.49,77560.69,76992.35,77477.25,451428352
2026-08-22 07:00,77475.57,77645.32,77208.18,77475.89,184729600
2026-08-22 07:30,77484.64,77496.34,77258.59,77286.24,0
2026-08-22 08:00,77293.89,77429.13,77102.88,77210.00,311377920
2026-08-22 08:30,77215.08,77309.16,77021.55,77195.49,150487040
2026-08-22 09:00,77195.49,77366.74,77050.02,77197.07,112730112
2026-08-22 09:30,77203.33,77242.64,76835.49,77049.40,84934656
2026-08-22 10:00,77049.39,77064.67,76524.35,76918.48,1517441024
2026-08-22 10:30,76905.05,77179.31,76851.47,76964.88,284164096
2026-08-22 11:00,76961.54,77055.00,76808.76,76974.82,0
2026-08-22 11:30,76969.19,77206.02,76937.58,77114.35,13025280
2026-08-22 12:00,77119.92,77335.08,77069.01,77321.91,0
2026-08-22 12:30,77321.90,77373.05,77193.48,77300.01,224710656
2026-08-22 13:00,77300.01,77307.63,77116.87,77162.38,1217531904
2026-08-22 13:30,77162.38,77359.63,77101.39,77277.30,0
2026-08-22 14:00,77277.29,77315.70,76950.08,77081.36,0
2026-08-22 14:30,77086.37,77148.81,76927.18,76995.59,0
2026-08-22 15:00,77007.38,77079.82,76884.01,76965.36,0
2026-08-22 15:30,76971.90,77093.83,76916.27,76970.56,0
2026-08-22 16:00,76972.48,77229.07,76944.00,77183.91,57249792
2026-08-22 16:30,77186.94,77534.49,77168.87,77282.46,1271984128
2026-08-22 17:00,77272.08,77328.26,77072.33,77081.53,163422208
2026-08-22 17:30,77095.24,77367.14,77095.24,77270.52,57098240
2026-08-22 18:00,77270.53,77357.50,77209.85,77295.28,172703744
2026-08-22 18:30,77295.28,77324.80,77133.96,77261.92,106315776
2026-08-22 19:00,77261.92,77345.89,77196.73,77284.56,182546432
2026-08-22 19:30,77283.01,77475.78,77283.00,77419.94,0
2026-08-22 20:00,77421.58,77459.64,77298.50,77298.50,130891776
2026-08-22 20:30,77300.02,77400.84,77260.01,77312.98,165928960
2026-08-22 21:00,77311.23,77312.21,77040.22,77179.58,228421632
2026-08-22 21:30,77179.57,77201.18,76839.80,76847.37,511365120
2026-08-22 22:00,76873.68,77146.49,76770.53,77045.58,140890112
2026-08-22 22:30,77037.95,77133.88,76887.78,76989.45,236896256
2026-08-22 23:00,77005.95,77075.00,76925.43,76933.48,88109056
2026-08-22 23:30,76946.26,77121.97,76888.97,77054.44,84672512
2026-08-23 00:00,77054.46,77243.88,77037.94,77213.08,81301504
2026-08-23 00:30,77213.07,77343.56,77209.77,77289.00,126963712
2026-08-23 01:00,77287.44,77397.38,77171.65,77261.46,67928064
2026-08-23 01:30,77266.33,77320.51,77152.54,77184.53,25567232
2026-08-23 02:00,77184.54,77206.50,76992.10,77104.49,14221312
2026-08-23 02:30,77104.48,77202.94,77053.25,77064.69,1380352
2026-08-23 03:00,77072.74,77133.43,76984.02,76984.02,33673216
2026-08-23 03:30,76976.83,76979.56,76824.03,76914.73,20660224
2026-08-23 04:00,76914.73,77025.00,76721.07,76952.71,201224192
2026-08-23 04:30,76952.71,76966.69,76495.48,76602.47,261459968
2026-08-23 05:00,76564.27,76707.04,75601.57,76216.63,0
2026-08-23 05:30,76209.01,76319.79,76022.10,76048.57,0
2026-08-23 06:00,76100.00,76289.09,75899.58,76219.51,181059584
2026-08-23 06:30,76219.51,76339.51,76014.54,76089.00,0
2026-08-23 07:00,76090.82,76335.01,76025.65,76216.65,3559424
2026-08-23 07:30,76203.10,76222.85,75899.27,75986.99,105992192
2026-08-23 08:00,75987.79,76280.95,75933.97,76219.49,317093888
2026-08-23 08:30,76231.45,76605.88,76231.45,76464.94,106799104
2026-08-23 09:00,76468.47,76629.20,76449.67,76537.53,19314688
2026-08-23 09:30,76541.85,76625.38,76461.23,76540.01,39159808
2026-08-23 10:00,76533.71,76869.20,76533.71,76738.70,0
2026-08-23 10:30,76750.89,76896.61,76724.71,76776.93,192847872
2026-08-23 11:00,76776.94,77301.52,76729.58,77145.95,54009856
2026-08-23 11:30,77133.45,77369.14,77113.49,77288.16,339544064
2026-08-23 12:00,77288.16,77288.16,76999.75,77030.30,277245952
2026-08-23 12:30,77031.00,77250.00,77031.00,77201.59,107872256
2026-08-23 13:00,77201.59,77715.55,77184.88,77425.63,485376000
2026-08-23 13:30,77368.35,77595.66,77346.29,77477.24,477718528
2026-08-23 14:00,77481.78,77630.58,77320.63,77439.24,344815616
2026-08-23 14:30,77417.78,77478.99,76829.43,77180.45,916789248
2026-08-23 15:00,77212.01,77320.06,76917.92,77185.39,253865984
2026-08-23 15:30,77199.20,77289.12,77116.89,77133.45,155312128
2026-08-23 16:00,77133.45,77316.79,77133.45,77306.32,59328512
2026-08-23 16:30,77306.32,77454.00,77291.46,77405.67,94152704
2026-08-23 17:00,77405.67,77433.12,77149.13,77243.35,227686400
2026-08-23 17:30,77243.35,77309.15,77144.91,77175.47,135827456
2026-08-23 18:00,77179.28,77396.92,77104.45,77343.55,425607168
2026-08-23 18:30,77340.18,77355.25,77258.57,77325.00,113049600
2026-08-23 19:00,77347.36,77406.73,77237.63,77343.54,266293248
2026-08-23 19:30,77343.54,77455.08,77240.41,77328.27,145534976
2026-08-23 20:00,77320.63,77400.16,77186.84,77360.63,45164544
2026-08-23 20:30,77364.89,77431.40,77360.75,77393.19,322527232
2026-08-23 21:00,77400.00,78021.99,77400.00,78015.61,363907072
2026-08-23 21:30,78014.05,78025.90,77574.70,77832.50,715509760
2026-08-23 22:00,77866.88,77966.24,77572.72,77668.24,1202038784
2026-08-23 22:30,77654.01,77729.35,77560.02,77600.67,298268672
2026-08-23 23:00,77612.52,77668.24,77329.26,77668.24,381579264
2026-08-23 23:30,77690.21,77819.03,77396.50,77725.54,451557376
2026-08-24 00:00,77733.70,77740.32,77258.89,77423.77,368185344
2026-08-24 00:30,77431.40,77672.05,77175.73,77672.05,236279808
2026-08-24 01:00,77684.52,77700.24,77221.31,77228.95,1173817344
2026-08-24 01:30,77228.95,77365.11,76907.85,76907.85,484390912
2026-08-24 02:00,76913.06,77504.12,76867.84,77442.48,442372096
2026-08-24 02:30,77442.48,77542.18,77232.76,77466.33,1080641536
2026-08-24 03:00,77474.16,77519.26,77116.41,77116.41,606599168
2026-08-24 03:30,77114.35,77156.27,76919.53,76933.46,639313920
2026-08-24 04:00,76969.87,77250.09,76969.87,77221.58,126904320
2026-08-24 04:30,77221.58,77231.06,76678.86,76893.23,221546496
2026-08-24 05:00,76877.50,77213.66,76835.49,77066.34,1303558144
2026-08-24 05:30,77060.87,77188.03,76854.55,77159.59,89909248
2026-08-24 06:00,77152.53,77461.96,77064.69,77359.84,75255808
2026-08-24 06:30,77341.77,77520.09,77217.49,77459.13,368289792
2026-08-24 07:00,77459.73,77782.53,77450.51,77575.06,206737408
2026-08-24 07:30,77583.41,77589.26,77276.44,77297.87,230594560
2026-08-24 08:00,77316.12,77397.97,76819.71,76905.98,122867712
2026-08-24 08:30,76883.53,77135.31,76883.53,77032.91,582582272
2026-08-24 09:00,77025.07,77417.54,77007.90,77411.74,381231104
2026-08-24 09:30,77417.55,77590.92,77388.08,77540.88,273526784
2026-08-24 10:00,77540.73,77923.74,77523.56,77842.54,563527680
2026-08-24 10:30,77832.10,78004.07,77526.18,77608.86,521242624
2026-08-24 11:00,77614.24,77870.55,77449.97,77829.87,442978304
2026-08-24 11:30,77821.49,78589.00,77814.47,78434.02,1601916928
2026-08-24 12:00,78400.71,78482.88,77967.63,78430.82,606617600
2026-08-24 12:30,78416.25,79279.38,78401.55,79137.04,3177046016
2026-08-24 13:00,79136.36,79345.21,78876.27,78995.35,1471082496
2026-08-24 13:30,79000.24,79011.39,77873.26,78562.40,3199791104
2026-08-24 14:00,78578.69,79593.60,78578.69,79361.12,1552740352
2026-08-24 14:30,79353.96,79798.12,79270.29,79484.32,1711624192
2026-08-24 15:00,79486.10,79967.43,79369.28,79888.25,1616261120
2026-08-24 15:30,79823.33,79987.03,78809.28,79079.50,2913107968
2026-08-24 16:00,79091.38,79838.55,79091.38,79658.61,1992675328
2026-08-24 16:30,79672.88,79771.14,78894.75,79041.04,2039500800
2026-08-24 17:00,79040.24,79182.64,78469.08,78515.40,1901240320
2026-08-24 17:30,78592.36,78847.51,78477.32,78744.94,1222860800
2026-08-24 18:00,78763.72,79073.11,78737.70,79016.00,582508544
2026-08-24 18:30,79030.74,79091.38,78722.44,78926.49,743616512
2026-08-24 19:00,78935.08,79114.95,78682.39,78870.63,1854205952
2026-08-24 19:30,78856.13,78961.06,78588.36,78744.36,1016446976
2026-08-24 20:00,78787.52,78818.89,78550.13,78692.57,592105472
2026-08-24 20:30,78690.91,78984.63,78633.79,78913.78,1580060672
2026-08-24 21:00,78929.26,79036.85,78843.45,78916.04,17641472
2026-08-24 21:30,78920.80,79036.28,78903.36,78970.31,224563200
2026-08-24 22:00,78970.31,78977.98,78740.33,78767.16,397189120
2026-08-24 22:30,78767.17,78909.82,78696.10,78734.62,3706880
2026-08-24 23:00,78734.62,78973.16,78635.21,78887.49,316608512
2026-08-24 23:30,78887.00,79009.21,78820.86,78987.43,123969536
2026-08-25 00:00,78969.17,79055.29,78711.49,78796.05,489062400
2026-08-25 00:30,78788.68,79880.29,78731.53,79743.83,534339584
2026-08-25 01:00,79741.69,79969.03,79481.82,79820.43,888303616
2026-08-25 01:30,79815.76,79908.69,79504.72,79821.90,314580992
2026-08-25 02:00,79821.89,81044.65,79730.01,81010.45,1706926080
2026-08-25 02:30,80985.61,81245.53,80420.21,80634.40,2036899840
2026-08-25 03:00,80643.92,80938.06,80525.59,80634.39,867209216
2026-08-25 03:30,80601.08,80859.14,80303.21,80468.97,299204608
2026-08-25 04:00,80458.25,80591.56,80214.77,80231.65,355065856
2026-08-25 04:30,80231.28,80367.12,80126.03,80348.07,808189952
2026-08-25 05:00,80382.73,80709.93,80303.21,80605.68,213348352
2026-08-25 05:30,80620.12,80796.24,80567.77,80702.00,502939648
2026-08-25 06:00,80688.47,80874.56,80639.17,80725.10,184467456
2026-08-25 06:30,80715.33,80724.83,80374.38,80533.77,312582144
2026-08-25 07:00,80533.77,80772.44,80505.89,80639.17,277909504
2026-08-25 07:30,80634.41,80667.67,79362.31,79674.21,906870784
2026-08-25 08:00,79704.63,80226.48,79580.59,80168.02,621400064
2026-08-25 08:30,80173.89,80208.02,79816.57,79905.81,109772800
2026-08-25 09:00,79919.31,79930.73,79691.85,79798.42,483663872
2026-08-25 09:30,79829.95,79927.88,78885.22,79177.83,784805888
2026-08-25 10:00,79176.86,79402.37,78982.68,79273.74,909819904
2026-08-25 10:30,79266.27,79466.34,79231.82,79293.18,0
2026-08-25 11:00,79294.88,79390.07,79065.36,79245.02,245493760
2026-08-25 11:30,79281.97,79434.63,79036.77,79118.99,151490560
2026-08-25 12:00,79114.11,79167.95,78632.77,78872.76,386330624
2026-08-25 12:30,78859.49,79081.19,78779.52,78966.96,249618432
2026-08-25 13:00,78971.29,79081.63,78592.77,78621.85,0
2026-08-25 13:30,78617.79,79200.01,78114.64,78627.36,412082176
2026-08-25 14:00,78626.86,79294.48,78541.39,79200.01,52039680
2026-08-25 14:30,79200.00,79376.09,79056.05,79225.01,1296584704
2026-08-25 15:00,79232.73,79343.87,79031.13,79246.89,64593920
2026-08-25 15:30,79250.18,79537.46,79181.37,79506.23,0
2026-08-25 16:00,79495.06,79574.99,79065.38,79149.18,0
2026-08-25 16:30,79137.97,79364.98,79092.34,79153.30,70565888
2026-08-25 17:00,79144.57,79150.03,78779.76,78806.33,53833728
2026-08-25 17:30,78827.75,79261.94,78827.75,79234.10,0
2026-08-25 18:00,79235.76,79343.20,79213.79,79264.77,310980608
2026-08-25 18:30,79256.81,79256.81,79045.53,79135.68,187719680
2026-08-25 19:00,79120.81,79233.94,78913.05,78930.90,146898944
2026-08-25 19:30,78920.81,78952.92,78736.44,78923.81,212996096
2026-08-25 20:00,78964.00,78981.07,78687.97,78772.32,339558400
2026-08-25 20:30,78772.33,78789.37,78171.10,78184.05,428564480
2026-08-25 21:00,78165.29,78478.06,77871.74,78447.71,1223995392
2026-08-25 21:30,78447.61,78660.53,78370.01,78550.58,334831616
2026-08-25 22:00,78552.21,78989.99,78552.21,78632.54,256000000
2026-08-25 22:30,78627.15,78933.62,78583.52,78876.87,268201984
2026-08-25 23:00,78876.87,78963.40,78618.86,78723.03,373018624
2026-08-25 23:30,78721.81,78795.27,78388.97,78526.80,237785088
2026-08-26 00:00,78574.04,78613.60,78310.85,78587.48,106823680
2026-08-26 00:30,78587.48,78707.68,78357.01,78632.36,1155588096
2026-08-26 01:00,78613.72,78898.22,78613.72,78709.55,122810368
2026-08-26 01:30,78708.86,78954.48,78708.86,78809.63,173350912
2026-08-26 02:00,78835.67,79239.09,78743.35,79227.95,0
2026-08-26 02:30,79221.69,79234.61,79047.11,79098.25,0
2026-08-26 03:00,79092.48,79176.24,78979.85,79033.15,0
2026-08-26 03:30,79033.15,79104.96,78891.13,79075.52,0
2026-08-26 04:00,79066.41,79188.24,78954.31,79004.05,69160960
2026-08-26 04:30,79025.07,79053.43,78784.75,78823.85,25952256
2026-08-26 05:00,78823.85,79056.58,78633.10,79007.50,108691456
2026-08-26 05:30,79012.29,79124.40,78938.94,79080.25,1087332352
2026-08-26 06:00,79079.25,79194.91,78812.36,78889.30,0
2026-08-26 06:30,78878.60,78955.56,78806.93,78934.02,167948288
2026-08-26 07:00,78931.45,79085.80,78855.10,78939.82,0
2026-08-26 07:30,78931.51,79045.59,78880.61,78915.98,154103808
2026-08-26 08:00,78915.98,79110.77,78815.62,78975.12,52080640
2026-08-26 08:30,78975.12,79015.56,78603.63,78690.98,215183360
2026-08-26 09:00,78695.73,78875.73,78379.03,78518.03,138010624
2026-08-26 09:30,78518.03,78578.63,78239.10,78434.75,300650496
2026-08-26 10:00,78423.21,78624.90,78288.41,78605.58,156205056
2026-08-26 10:30,78614.42,78862.32,78561.22,78707.89,168945664
2026-08-26 11:00,78710.14,78770.22,78603.36,78608.39,57958400
2026-08-26 11:30,78604.65,78611.61,78303.37,78467.42,893265920
2026-08-26 12:00,78488.34,78693.17,78269.69,78683.07,68802560
2026-08-26 12:30,78675.65,78675.65,78135.48,78300.15,1066428416
2026-08-26 13:00,78298.27,78432.13,77907.69,78037.61,164345856
2026-08-26 13:30,78104.52,78545.43,78061.64,78446.78,163864576
2026-08-26 14:00,78410.76,78606.56,78199.98,78239.09,173481984
2026-08-26 14:30,78234.40,78278.53,77768.23,77787.54,245807104
2026-08-26 15:00,77787.53,78160.22,77632.04,78151.81,1314068480
2026-08-26 15:30,78163.39,78163.39,77931.26,78013.36,903620608
2026-08-26 16:00,78005.44,78165.13,77977.23,78059.49,20951040
2026-08-26 16:30,78056.02,78167.99,77856.29,77982.23,168339456
2026-08-26 17:00,77999.78,78519.98,77997.72,78519.98,83658752
2026-08-26 17:30,78519.97,78611.25,78368.75,78441.45,211107840
2026-08-26 18:00,78448.05,78643.92,78397.29,78466.24,68399104
2026-08-26 18:30,78464.71,78504.30,78277.04,78471.38,740620288
2026-08-26 19:00,78471.39,78563.48,78281.97,78530.60,105885696
2026-08-26 19:30,78547.74,78547.74,78372.78,78463.01,220090368
2026-08-26 20:00,78487.61,78535.86,78200.01,78398.99,58386432
2026-08-26 20:30,78399.98,78449.99,78281.60,78448.55,2191360
2026-08-26 21:00,78448.55,78838.79,78379.06,78773.22,0
2026-08-26 21:30,78722.67,78838.78,78650.01,78720.90,157739008
2026-08-26 22:00,78718.61,78987.67,78679.05,78813.39,196628480
2026-08-26 22:30,78806.52,78823.15,78553.19,78704.17,104462336
2026-08-26 23:00,78692.67,78882.58,78653.74,78855.99,192172032
2026-08-26 23:30,78856.00,79156.55,78856.00,79026.18,313505792
2026-08-27 00:00,79019.72,79019.72,78818.34,78909.37,745928704
2026-08-27 00:30,78903.95,78914.34,78692.77,78695.12,258023424
2026-08-27 01:00,78678.01,78958.00,78583.49,78928.17,77389824
2026-08-27 01:30,78934.14,79024.11,78696.01,78893.50,282253312
2026-08-27 02:00,78897.75,78978.59,78715.34,78758.98,110911488
2026-08-27 02:30,78758.98,78800.11,78703.86,78725.00,47087616
2026-08-27 03:00,78726.48,78980.08,78630.00,78882.26,300544000
2026-08-27 03:30,78882.25,78912.89,78756.97,78820.82,187615232
2026-08-27 04:00,78820.83,78887.96,78771.54,78771.54,48744448
2026-08-27 04:30,78751.82,78805.73,78670.00,78765.27,68005888
2026-08-27 05:00,78770.28,78786.24,78611.46,78649.99,88410112
2026-08-27 05:30,78649.99,78919.40,78590.00,78876.53,216256512
2026-08-27 06:00,78895.34,78895.34,78609.83,78647.46,28637184
2026-08-27 06:30,78653.21,78832.82,78653.21,78820.00,203294720
2026-08-27 07:00,78801.12,78854.96,78735.36,78787.43,647168
2026-08-27 07:30,78784.24,79093.89,78776.69,79067.34,5251072
2026-08-27 08:00,79082.53,79858.13,79034.92,79736.87,1320398848
2026-08-27 08:30,79750.00,80022.43,79685.01,79755.26,509886464
2026-08-27 09:00,79755.26,80496.72,79671.15,80492.71,363644928
2026-08-27 09:30,80496.73,80500.00,79927.43,79988.75,843556864
2026-08-27 10:00,79988.74,80163.08,79346.61,79667.17,188499968
2026-08-27 10:30,79650.05,79675.00,79360.79,79619.49,685629440
2026-08-27 11:00,79617.99,79776.91,79501.18,79529.88,223275008
2026-08-27 11:30,79520.01,79560.34,79217.77,79476.34,502845440
2026-08-27 12:00,79475.50,79577.75,79364.00,79548.06,245989376
2026-08-27 12:30,79531.00,79534.46,79252.94,79276.07,40816640
2026-08-27 13:00,79272.50,79488.12,79251.62,79346.84,19265536
2026-08-27 13:30,79335.99,79553.99,78921.50,79533.00,361433088
2026-08-27 14:00,79533.12,79920.75,79353.21,79920.75,572655616
2026-08-27 14:30,79922.83,80406.11,79816.19,80221.30,496904192
2026-08-27 15:00,80221.44,80799.00,80116.52,80625.19,855414784
2026-08-27 15:30,80623.46,80625.90,80305.54,80316.96,695054336
2026-08-27 16:00,80332.36,80567.04,80205.63,80434.49,530487296
2026-08-27 16:30,80437.53,80631.67,80285.38,80389.32,253450240
2026-08-27 17:00,80384.79,80816.00,80239.51,80737.30,553218048
2026-08-27 17:30,80737.55,80808.07,80445.13,80445.13,465446912
2026-08-27 18:00,80441.21,80454.03,79759.51,79913.86,520228864
2026-08-27 18:30,79931.66,80174.53,79838.15,80174.53,533483520
2026-08-27 19:00,80175.90,80302.90,80052.00,80193.72,111611904
2026-08-27 19:30,80207.14,80244.09,79931.68,79932.53,661422080
2026-08-27 20:00,79934.53,80122.94,79881.19,79994.05,443445248
2026-08-27 20:30,79994.04,80111.55,79965.40,80111.05,82382848
2026-08-27 21:00,80108.82,80167.08,80001.76,80047.90,124907520
2026-08-27 21:30,80047.90,80204.13,79987.18,80202.16,33218560
2026-08-27 22:00,80210.39,80447.98,80210.39,80255.45,2850816
2026-08-27 22:30,80250.57,80322.05,80165.40,80322.04,152936448
2026-08-27 23:00,80308.12,80416.64,80162.64,80345.02,178116608
2026-08-27 23:30,80345.03,80350.94,80205.86,80275.34,34191360
2026-08-28 00:00,80287.39,80487.01,80172.12,80452.58,290052096
2026-08-28 00:30,80425.76,80720.73,80367.40,80595.14,152844288
2026-08-28 01:00,80623.35,81179.99,80623.35,81145.93,360513536
2026-08-28 01:30,81138.00,81435.09,80454.36,80519.12,1185140736
2026-08-28 02:00,80511.25,80511.65,79932.78,79932.78,1555570688
2026-08-28 02:30,79932.78,80164.79,79785.81,79937.49,1050763264
2026-08-28 03:00,79937.48,80064.07,79789.35,79919.79,192401408
2026-08-28 03:30,79919.79,80000.00,79788.39,79824.70,794726400
2026-08-28 04:00,79818.20,79976.01,79619.86,79816.69,599429120
2026-08-28 04:30,79823.96,79852.47,79628.03,79649.22,197320704
2026-08-28 05:00,79649.23,79737.26,79567.23,79737.25,263335936
2026-08-28 05:30,79737.25,79887.77,79650.00,79693.73,55926784
2026-08-28 06:00,79698.92,79923.49,79698.92,79838.08,187269120
2026-08-28 06:30,79838.08,80000.00,79805.00,79909.08,44720128
2026-08-28 07:00,79909.08,79909.08,79666.00,79808.42,262320128
2026-08-28 07:30,79818.20,79818.21,79595.00,79684.34,878964736
2026-08-28 08:00,79690.49,79849.00,79689.44,79788.38,30187520
2026-08-28 08:30,79788.38,79821.93,79489.38,79520.06,0
2026-08-28 09:00,79520.05,79521.31,79275.12,79393.59,84283392
2026-08-28 09:30,79393.59,79424.58,79281.55,79292.99,0
2026-08-28 10:00,79302.08,79317.00,79025.69,79305.60,109920256
2026-08-28 10:30,79306.59,79576.90,79293.83,79568.62,153174016
2026-08-28 11:00,79574.42,79768.50,79559.32,79673.04,154558464
2026-08-28 11:30,79673.05,79743.53,79560.77,79604.43,177217536
2026-08-28 12:00,79606.03,79723.36,79520.00,79529.95,129093632
2026-08-28 12:30,79523.50,79528.97,79300.56,79417.59,234917888
2026-08-28 13:00,79400.72,79480.00,79156.66,79205.99,17608704
2026-08-28 13:30,79198.92,79549.89,79035.93,79490.16,113651712
2026-08-28 14:00,79326.30,79628.55,78461.80,78953.43,3014103040
2026-08-28 14:30,78953.56,79698.78,78861.03,79546.46,633192448
2026-08-28 15:00,79578.10,79809.75,79278.21,79352.98,1029455872
2026-08-28 15:30,79352.97,79363.51,78324.23,78324.23,127467520
2026-08-28 16:00,78373.36,78397.00,76880.01,77515.98,1398996992
2026-08-28 16:30,77533.46,77994.28,77533.46,77788.49,2677161984
2026-08-28 17:00,77791.20,78079.52,77656.73,77934.10,1263558656
2026-08-28 17:30,77934.64,77992.03,77686.45,77900.98,197464064
2026-08-28 18:00,77901.24,77933.99,77485.66,77564.06,246415360
2026-08-28 18:30,77580.22,77606.79,77265.71,77543.55,546648064
2026-08-28 19:00,77566.46,77783.80,77501.71,77683.05,231522304
2026-08-28 19:30,77686.65,77686.65,77364.90,77533.64,118108160
2026-08-28 20:00,77558.06,77599.93,77393.93,77493.31,187269120
2026-08-28 20:30,77478.02,77478.02,77294.30,77399.99,238772224
2026-08-28 21:00,77412.32,77424.66,77313.70,77393.13,22642688
2026-08-28 21:30,77405.76,77529.65,77287.28,77365.48,337674240
2026-08-28 22:00,77349.92,77591.08,77342.19,77577.73,120545280
2026-08-28 22:30,77569.49,77761.14,77566.75,77749.34,254898176
2026-08-28 23:00,77741.75,77773.79,77656.21,77681.94,264863744
2026-08-28 23:30,77681.94,77839.52,77632.07,77838.67,133386240
2026-08-29 00:00,77839.19,77950.31,77781.21,77901.67,240971776
2026-08-29 00:30,77897.70,77897.70,77715.74,77734.48,88735744
2026-08-29 01:00,77717.87,77795.98,77631.02,77795.98,0
2026-08-29 01:30,77788.46,77854.15,77750.83,77792.04,0
2026-08-29 02:00,77792.04,77825.98,77578.06,77633.30,0
2026-08-29 02:30,77633.29,77710.63,77588.29,77668.09,0
2026-08-29 03:00,77668.09,77735.86,77628.35,77686.80,8421376
2026-08-29 03:30,77691.97,77705.13,77501.04,77501.05,986013696
2026-08-29 04:00,77505.70,77619.67,77504.00,77608.54,89866240
2026-08-29 04:30,77608.54,77674.93,77578.92,77640.42,118683648
2026-08-29 05:00,77640.43,77709.99,77625.11,77661.43,0
2026-08-29 05:30,77658.66,77711.99,77603.38,77635.43,3966976
2026-08-29 06:00,77641.26,77641.26,77369.44,77404.83,33642496
2026-08-29 06:30,77404.83,77486.91,77404.83,77459.98,1005029376
2026-08-29 07:00,77459.99,77534.71,77433.38,77520.47,8787968
2026-08-29 07:30,77518.97,77672.40,77495.16,77619.00,143032320
2026-08-29 08:00,77619.25,77619.25,77475.21,77594.12,16943104
2026-08-29 08:30,77580.28,77641.78,77506.04,77641.78,9361408
2026-08-29 09:00,77643.83,77676.77,77550.19,77632.92,69505024
2026-08-29 09:30,77632.92,77752.50,77625.93,77642.41,174716928
2026-08-29 10:00,77642.41,77720.03,77518.47,77665.13,182714368
2026-08-29 10:30,77665.14,77727.58,77628.46,77628.46,0
2026-08-29 11:00,77628.47,77727.13,77614.08,77693.45,94953472
2026-08-29 11:30,77688.87,77699.99,77544.42,77575.41,8437760
2026-08-29 12:00,77581.75,77658.48,77530.52,77583.80,89573376
2026-08-29 12:30,77583.80,77599.98,77501.32,77584.62,46843904
2026-08-29 13:00,77584.62,77720.03,77559.68,77643.50,0
2026-08-29 13:30,77643.50,77717.76,77629.80,77692.76,50753536
2026-08-29 14:00,77688.59,77750.00,77651.10,77693.10,0
2026-08-29 14:30,77693.09,78142.63,77683.58,78001.56,0
2026-08-29 15:00,78013.61,78013.61,77845.13,77901.56,0
2026-08-29 15:30,77891.58,77936.61,77797.46,77855.58,19191808
2026-08-29 16:00,77862.08,78108.55,77845.97,77948.50,0
2026-08-29 16:30,77950.11,78094.55,77886.67,78018.26,0
2026-08-29 17:00,78019.47,78106.25,77980.19,77981.37,0
2026-08-29 17:30,77981.65,78098.41,77890.35,78096.41,0
2026-08-29 18:00,78091.34,78145.15,78020.81,78050.56,0
2026-08-29 18:30,78048.57,78255.00,78007.88,78153.00,0
2026-08-29 19:00,78153.00,78334.44,78152.99,78249.58,19266560
2026-08-29 19:30,78249.58,78271.54,78138.58,78193.60,98304
2026-08-29 20:00,78193.60,78298.56,78168.97,78176.82,9628672
2026-08-29 20:30,78171.94,78171.94,78113.44,78119.67,54408192
2026-08-29 21:00,78119.48,78191.09,78041.60,78100.99,44275712
2026-08-29 21:30,78101.04,78199.48,78065.57,78164.22,1870848
2026-08-29 22:00,78163.67,78219.19,78079.90,78144.84,6984704
2026-08-29 22:30,78140.71,78236.59,78136.84,78221.86,39267328
2026-08-29 23:00,78221.18,78262.08,78187.30,78259.97,7416832
2026-08-29 23:30,78259.96,78277.20,78219.20,78233.93,108876800
2026-08-30 00:00,78232.61,78323.07,78146.14,78213.93,112283648
2026-08-30 00:30,78212.72,78299.60,78175.92,78175.92,5474304
2026-08-30 01:00,78175.92,78179.52,77987.71,78008.34,91368448
2026-08-30 01:30,78008.34,78125.90,77980.88,78076.91,157742080
2026-08-30 02:00,78076.90,78129.49,78007.13,78030.97,18918400
2026-08-30 02:30,78030.98,78176.78,78002.73,78097.65,8019968
2026-08-30 03:00,78097.66,78160.42,78055.01,78160.42,66586624
2026-08-30 03:30,78169.59,78230.00,78133.60,78135.10,115568640
2026-08-30 04:00,78135.06,78223.93,78086.31,78115.16,32816128
2026-08-30 04:30,78108.64,78116.15,77991.05,78116.15,91392000
2026-08-30 05:00,78117.38,78220.02,78110.65,78146.53,119134208
2026-08-30 05:30,78146.54,78146.54,78110.08,78138.59,17093632
2026-08-30 06:00,78138.59,78199.28,78109.49,78180.00,0
2026-08-30 06:30,78180.01,78297.81,78178.20,78275.09,106872832
2026-08-30 07:00,78280.85,78291.53,78220.61,78220.62,0
2026-08-30 07:30,78220.61,78220.62,78100.17,78103.02,0
2026-08-30 08:00,78105.16,78199.35,78105.16,78142.42,12766208
2026-08-30 08:30,78142.42,78142.42,78021.12,78065.20,27036672
2026-08-30 09:00,78055.06,78117.64,77984.39,77984.39,34289664
2026-08-30 09:30,78004.77,78057.17,77985.87,77992.14,74861568
2026-08-30 10:00,77979.41,78113.39,77959.12,78039.76,49965056
2026-08-30 10:30,78048.21,78145.08,78035.47,78144.94,34989056
2026-08-30 11:00,78144.95,78213.40,78140.86,78213.39,16483328
2026-08-30 11:30,78213.39,78233.88,78109.51,78163.41,114792448
2026-08-30 12:00,78171.82,78720.66,78170.61,78625.33,461679616
2026-08-30 12:30,78628.63,78838.28,78545.70,78746.82,401774592
2026-08-30 13:00,78764.80,78807.23,78584.10,78721.89,303346688
2026-08-30 13:30,78721.89,78963.72,78671.83,78849.77,375685120
2026-08-30 14:00,78852.40,78946.28,78771.16,78852.46,302945280
2026-08-30 14:30,78859.24,78927.92,78701.21,78778.40,50145280
2026-08-30 15:00,78778.39,78860.66,78619.39,78779.33,521716736
2026-08-30 15:30,78779.32,78894.15,78774.39,78821.69,201944064
2026-08-30 16:00,78827.12,79218.00,78731.03,79030.75,428059648
2026-08-30 16:30,79034.41,79387.86,79007.88,79331.68,186701824
2026-08-30 17:00,79331.66,79331.66,78778.58,78923.50,429348864
2026-08-30 17:30,78925.14,79078.15,78869.65,79011.74,366096384
2026-08-30 18:00,79019.99,79059.40,78787.58,78999.87,220435456
2026-08-30 18:30,79007.01,79169.84,79005.31,79028.05,181361664
2026-08-30 19:00,79028.05,79038.98,78896.06,78903.56,48556032
2026-08-30 19:30,78899.00,78941.25,78704.50,78856.11,89598976
2026-08-30 20:00,78864.91,78922.59,78819.49,78830.51,66905088
2026-08-30 20:30,78826.80,78879.97,78433.37,78582.30,286785536
2026-08-30 21:00,78582.31,78655.79,78260.29,78628.28,484598784
2026-08-30 21:30,78625.77,78723.49,78530.90,78646.77,258130944
2026-08-30 22:00,78601.87,78795.90,78292.66,78371.84,287962112
2026-08-30 22:30,78371.84,78534.80,78284.69,78425.96,254994432
2026-08-30 23:00,78415.88,78437.87,77668.96,77682.57,893057024
2026-08-30 23:30,77676.17,77876.29,77049.70,77683.50,1773101056
2026-08-31 00:00,77657.45,77962.47,77428.27,77896.56,869005312
2026-08-31 00:30,77885.01,78150.85,77875.26,77921.52,311312384
2026-08-31 01:00,77897.71,77985.71,77540.16,77751.11,310589440
2026-08-31 01:30,77763.80,77932.22,77604.12,77632.20,440985600
2026-08-31 02:00,77621.08,77988.17,77508.52,77862.90,535218176
2026-08-31 02:30,77864.81,77907.53,77369.59,77453.58,128147456
2026-08-31 03:00,77477.16,77736.46,77373.13,77709.45,355794944
2026-08-31 03:30,77692.73,77849.98,77653.21,77744.83,116750336
2026-08-31 04:00,77751.00,77763.71,77471.58,77500.01,1058177024
2026-08-31 04:30,77500.00,77646.77,77448.36,77603.90,291909632
2026-08-31 05:00,77603.90,78142.77,77500.00,77983.00,799748096
2026-08-31 05:30,77995.09,78052.41,77854.30,78012.15,588091392
2026-08-31 06:00,77995.51,78112.38,77855.50,78008.00,325898240
2026-08-31 06:30,78007.99,78128.28,77912.81,78083.52,473561088
2026-08-31 07:00,78067.14,78299.96,78021.38,78202.57,677040128
2026-08-31 07:30,78191.11,78282.00,78116.79,78178.98,402536448
2026-08-31 08:00,78189.79,78324.78,77966.16,78083.51,531916800
2026-08-31 08:30,78081.95,78499.98,78063.96,78459.80,633919488
2026-08-31 09:00,78454.38,78779.67,78379.51,78639.98,648314880
2026-08-31 09:30,78637.39,78790.35,78493.31,78493.31,261588992
2026-08-31 10:00,78509.34,78510.24,78282.10,78410.74,246188032
2026-08-31 10:30,78410.84,78675.62,78349.32,78675.62,517838848
2026-08-31 11:00,78675.62,78675.62,78440.44,78454.99,559241216
2026-08-31 11:30,78454.99,78456.39,78266.65,78286.97,278982656
2026-08-31 12:00,78281.20,78506.71,78025.17,78064.22,271503360
2026-08-31 12:30,78050.00,78122.06,77691.92,77913.42,530372608
2026-08-31 13:00,77913.37,78172.32,77863.50,78021.53,1214330880
2026-08-31 13:30,78045.00,78262.49,77720.22,77837.40,1009629184
2026-08-31 14:00,77844.23,78050.87,77724.43,77983.45,312694784
2026-08-31 14:30,78004.96,78660.84,77943.31,78548.52,1056415744
2026-08-31 15:00,78605.00,78660.46,78190.15,78441.23,915605504
2026-08-31 15:30,78433.50,78749.99,78383.80,78559.08,528111616
2026-08-31 16:00,78566.54,78780.38,78506.59,78635.59,813916160
2026-08-31 16:30,78615.22,78843.59,78559.12,78616.60,145487872
2026-08-31 17:00,78602.13,78794.68,78479.50,78521.22,975675392
2026-08-31 17:30,78528.30,78982.57,78526.98,78888.59,1030873088
2026-08-31 18:00,78890.15,79081.41,78768.56,78892.55,186058752
2026-08-31 18:30,78890.00,79196.69,78873.65,79003.95,469983232
2026-08-31 19:00,79017.39,79253.90,79017.39,79095.42,303777792
2026-08-31 19:30,79093.95,79144.05,78844.66,78878.86,379781120
2026-08-31 20:00,78904.09,79149.04,78854.02,78900.24,1100730368
2026-08-31 20:30,78914.24,78941.36,78772.51,78842.69,128671744
2026-08-31 21:00,78853.29,78949.15,78720.02,78940.00,742475776
2026-08-31 21:30,78956.01,79050.00,78931.97,78944.77,183062528
2026-08-31 22:00,78945.76,79000.00,78733.15,78746.99,78616576
2026-08-31 22:30,78747.00,78755.01,78555.01,78568.33,146987008
2026-08-31 23:00,78568.33,78568.33,78380.05,78559.63,892395520
2026-08-31 23:30,78559.64,78568.18,78480.60,78562.73,0
2026-09-01 00:00,78556.86,78880.49,78537.72,78844.51,98711552
2026-09-01 00:30,78844.52,78869.74,78561.03,78628.03,135104512
2026-09-01 01:00,78640.74,78780.30,78390.00,78393.02,726095872
2026-09-01 01:30,78403.74,78558.02,78353.49,78377.17,247318528
2026-09-01 02:00,78351.00,78355.00,78161.48,78191.34,69169152
2026-09-01 02:30,78205.07,78428.61,78199.12,78422.46,405989376
2026-09-01 03:00,78422.47,78485.66,78370.52,78457.59,94795776
2026-09-01 03:30,78457.59,78849.99,78445.90,78653.93,1034125312
2026-09-01 04:00,78653.93,78870.06,78619.56,78801.62,122372096
2026-09-01 04:30,78801.63,78828.71,78656.63,78704.48,380000256
2026-09-01 05:00,78716.30,78979.37,78716.30,78979.37,228450304
2026-09-01 05:30,78979.38,79195.32,78945.00,79136.06,189429760
2026-09-01 06:00,79115.79,79115.79,78789.36,78863.12,170299392
2026-09-01 06:30,78863.12,78921.21,78708.72,78708.72,134656000
2026-09-01 07:00,78702.01,78781.52,78681.83,78757.09,24602624
2026-09-01 07:30,78765.89,78774.41,78480.61,78609.92,156119040
2026-09-01 08:00,78615.94,78635.00,77859.73,77864.21,336209920
2026-09-01 08:30,77868.12,78019.59,77802.93,77858.36,1256585216
2026-09-01 09:00,77875.00,77952.60,77757.31,77908.45,158912512
2026-09-01 09:30,77912.20,78037.40,77832.01,77893.24,588716032
2026-09-01 10:00,77885.35,78027.56,77740.56,77989.66,130504704
2026-09-01 10:30,77989.66,78174.77,77957.48,77989.08,199411712
2026-09-01 11:00,77984.63,78019.52,77850.01,77967.62,7833600
2026-09-01 11:30,77970.64,78168.52,77915.03,78061.71,1004128256
2026-09-01 12:00,78061.72,78121.11,77886.23,77957.47,97675264
2026-09-01 12:30,77957.47,78048.98,77716.84,77968.98,179636224
2026-09-01 13:00,77959.27,77986.59,77589.40,77850.48,585545728
2026-09-01 13:30,77859.56,78176.01,77471.99,78041.09,951562240
2026-09-01 14:00,78112.11,78385.50,78025.88,78233.79,263127040
2026-09-01 14:30,78228.32,78397.02,78108.76,78139.75,198629376
2026-09-01 15:00,78129.84,78129.84,77691.45,77827.79,24774656
2026-09-01 15:30,77834.23,78067.66,77765.02,77881.43,151734272
2026-09-01 16:00,77893.72,77947.46,77433.03,77592.93,139823104
2026-09-01 16:30,77585.56,77627.79,77288.99,77565.44,419334144
2026-09-01 17:00,77566.84,77629.92,77380.50,77496.59,118562816
2026-09-01 17:30,77493.15,77692.60,77224.91,77238.20,174753792
2026-09-01 18:00,77259.76,77294.65,76736.93,77035.00,305905664
2026-09-01 18:30,77000.52,77126.93,76381.09,77126.93,1217943552
2026-09-01 19:00,77111.28,77413.52,77081.11,77322.90,264663040
2026-09-01 19:30,77319.79,77350.28,77155.20,77267.89,229951488
2026-09-01 20:00,77277.16,77429.20,77199.38,77364.81,145602560
2026-09-01 20:30,77388.10,77440.85,77302.00,77403.81,162873344
2026-09-01 21:00,77418.17,77479.14,76875.12,77153.24,117608448
2026-09-01 21:30,77152.67,77238.35,76984.97,77165.93,209620992
2026-09-01 22:00,77166.58,77268.59,77023.40,77023.40,98840576
2026-09-01 22:30,77023.41,77328.80,76985.17,77224.98,234110976
2026-09-01 23:00,77231.77,77349.23,77164.96,77349.23,170121216
2026-09-01 23:30,77349.23,77558.20,77325.98,77398.70,303366144
2026-09-02 00:00,77423.47,77473.69,77223.28,77223.28,868419584
2026-09-02 00:30,77218.20,77302.86,77088.45,77171.56,139427840
2026-09-02 01:00,77152.45,77317.46,77095.49,77095.49,112044032
2026-09-02 01:30,77095.49,77118.30,76663.54,76965.73,417050624
2026-09-02 02:00,76962.37,77292.20,76897.31,77266.15,179968000
2026-09-02 02:30,77254.03,77277.16,77112.76,77277.16,1095876608
2026-09-02 03:00,77277.16,77749.99,77255.55,77612.27,425234432
2026-09-02 03:30,77598.58,77608.32,77457.19,77512.45,129630208
2026-09-02 04:00,77501.88,77501.88,77239.71,77389.71,191447040
2026-09-02 04:30,77395.32,77577.10,77388.15,77516.75,174667776
2026-09-02 05:00,77516.75,77722.72,77392.87,77694.86,161280000
2026-09-02 05:30,77706.79,77710.63,77546.91,77605.40,20371456
2026-09-02 06:00,77626.72,77678.06,77505.01,77505.01,22712320
2026-09-02 06:30,77505.01,77639.78,77415.29,77573.69,310118400
2026-09-02 07:00,77573.69,77732.92,77548.77,77559.63,147527680
2026-09-02 07:30,77561.19,77597.36,77435.11,77436.24,131880960
2026-09-02 08:00,77459.61,77510.91,77210.40,77212.34,160006144
2026-09-02 08:30,77214.48,77214.48,76701.58,76802.01,0
2026-09-02 09:00,76807.43,77013.04,76623.44,76849.81,98437120
2026-09-02 09:30,76858.09,76858.09,76449.09,76711.07,348225536
2026-09-02 10:00,76708.00,76716.70,76527.49,76529.24,458039296
2026-09-02 10:30,76533.04,76655.05,76244.74,76638.81,531572736
2026-09-02 11:00,76627.99,76698.41,76310.12,76455.59,461889536
2026-09-02 11:30,76455.60,76800.23,76443.87,76778.49,149221376
2026-09-02 12:00,76760.04,77011.19,76643.52,76950.27,412424192
2026-09-02 12:30,76938.91,76948.89,76567.93,76567.94,133478400
2026-09-02 13:00,76565.41,76916.78,76565.41,76836.32,77129728
2026-09-02 13:30,76763.28,77375.00,76572.08,77112.64,289503232
2026-09-02 14:00,77085.00,77449.06,76965.15,77297.24,251004928
2026-09-02 14:30,77290.40,77347.92,77020.48,77025.33,271822848
2026-09-02 15:00,77016.75,77133.22,76700.52,76998.18,379377664
2026-09-02 15:30,77010.00,77349.52,76952.47,77253.04,423036928
2026-09-02 16:00,77244.52,77538.58,77171.22,77421.17,421021696
2026-09-02 16:30,77426.82,77534.98,77139.94,77139.94,613603328
2026-09-02 17:00,77144.11,77214.04,76922.05,77054.63,391604224
2026-09-02 17:30,77070.18,77368.93,77043.73,77351.46,781557760
2026-09-02 18:00,77351.46,77486.33,77289.08,77417.49,57184256
2026-09-02 18:30,77423.52,77426.24,77264.42,77348.28,131889152
2026-09-02 19:00,77339.77,77394.00,77138.83,77138.83,194017280
2026-09-02 19:30,77112.22,77324.64,77090.01,77324.64,560660480
2026-09-02 20:00,77332.99,77502.10,77177.72,77351.30,109971456
2026-09-02 20:30,77340.83,77455.54,77279.58,77378.11,973856768
2026-09-02 21:00,77378.11,77378.11,77219.98,77260.04,334718976
2026-09-02 21:30,77253.85,77404.26,77216.15,77264.91,376481792
2026-09-02 22:00,77256.67,77256.67,76991.92,76993.70,708335616
2026-09-02 22:30,76989.64,77134.96,76989.64,77003.60,319201280
2026-09-02 23:00,77006.59,77194.77,76980.00,77164.00,422320128
2026-09-02 23:30,77155.69,77347.36,77081.30,77316.10,98009088
2026-09-03 00:00,77302.84,77363.31,77003.17,77010.08,505851904
2026-09-03 00:30,77006.24,77114.69,76955.75,77027.84,193298432
2026-09-03 01:00,77035.10,77407.55,76937.86,77400.69,508479488
2026-09-03 01:30,77431.84,77512.49,77256.68,77323.52,591937536
2026-09-03 02:00,77319.72,77586.85,77200.82,77569.75,762503168
2026-09-03 02:30,77565.76,77877.19,77531.99,77786.98,586090496
2026-09-03 03:00,77760.31,77853.00,77670.85,77712.97,548792320
2026-09-03 03:30,77712.97,77742.55,77606.44,77673.96,125614080
2026-09-03 04:00,77673.96,77804.21,77516.73,77548.55,94375936
2026-09-03 04:30,77548.55,77766.43,77510.04,77740.71,85704704
2026-09-03 05:00,77754.99,77793.00,77056.84,77160.00,171155456
2026-09-03 05:30,77155.27,77798.32,77140.77,77781.09,982540288
2026-09-03 06:00,77781.09,77786.48,77658.85,77723.04,236285952
2026-09-03 06:30,77709.98,77818.05,77683.56,77797.99,107745280
2026-09-03 07:00,77797.25,78147.20,77776.02,77915.77,369604608
2026-09-03 07:30,77905.63,78037.43,77560.87,77621.71,773595136
2026-09-03 08:00,77639.37,78037.42,77639.37,77938.40,170518528
2026-09-03 08:30,77951.24,77963.54,77725.21,77803.13,164417536
2026-09-03 09:00,77803.82,77924.36,77712.01,77712.01,108206080
2026-09-03 09:30,77712.02,77749.14,77571.00,77571.00,0
2026-09-03 10:00,77571.00,77676.57,77499.01,77602.86,3219456
2026-09-03 10:30,77595.62,77745.58,77436.28,77708.58,582639616
2026-09-03 11:00,77715.10,77929.73,77675.20,77894.71,0
2026-09-03 11:30,77900.51,77971.60,77811.53,77910.27,67932160
2026-09-03 12:00,77901.85,78098.72,77852.89,77933.27,113754112
2026-09-03 12:30,78011.94,78764.98,77994.80,78621.29,587542528
2026-09-03 13:00,78614.91,78680.13,78421.97,78466.93,560525312
2026-09-03 13:30,78479.76,78982.03,78432.75,78823.92,179697664
2026-09-03 14:00,78785.44,79652.13,78678.97,79652.13,328087552
2026-09-03 14:30,79617.34,80556.15,79584.74,80556.15,1978345472
2026-09-03 15:00,80519.44,80939.02,80368.41,80740.43,2795567104
2026-09-03 15:30,80749.37,81391.48,80700.76,81358.21,862132224
2026-09-03 16:00,81366.61,81387.13,80631.74,80763.68,1484908544
2026-09-03 16:30,80771.81,81042.01,80760.01,80973.95,425799680
2026-09-03 17:00,80969.79,81146.61,80880.81,81025.59,651722752
2026-09-03 17:30,81005.47,81197.99,80997.02,81052.49,398149632
2026-09-03 18:00,81048.19,81340.05,80943.02,80948.03,1033863168
2026-09-03 18:30,80948.71,81278.47,80904.02,81268.42,435404800
2026-09-03 19:00,81253.39,81605.43,81174.71,81549.28,819675136
2026-09-03 19:30,81550.39,81803.08,81386.67,81759.42,400166912
2026-09-03 20:00,81771.99,81794.77,81400.02,81547.28,906289152
2026-09-03 20:30,81554.76,81648.36,81425.00,81482.85,430891008
2026-09-03 21:00,81468.79,81779.46,81314.36,81739.24,427892736
2026-09-03 21:30,81789.04,82272.00,81444.59,81600.19,2097954816
2026-09-03 22:00,81603.21,81627.21,81138.90,81141.53,269295616
2026-09-03 22:30,81121.08,81294.00,80921.20,81155.56,932913152
2026-09-03 23:00,81153.40,81291.58,81079.95,81289.13,297656320
2026-09-03 23:30,81302.99,81341.31,81135.03,81272.46,351182848
2026-09-04 00:00,81261.45,81352.08,81078.95,81160.38,228208640
2026-09-04 00:30,81153.51,81438.00,80965.01,80977.31,552312832
2026-09-04 01:00,80979.11,81094.99,80788.57,80829.16,408788992
2026-09-04 01:30,80822.27,81039.21,80780.01,80975.30,184545280
2026-09-04 02:00,80968.40,80974.00,80689.01,80719.19,1121370112
2026-09-04 02:30,80738.99,80849.56,80667.94,80827.49,995917824
2026-09-04 03:00,80836.01,80999.44,80832.13,80833.51,369831936
2026-09-04 03:30,80849.50,80967.84,80800.01,80850.51,276598784
2026-09-04 04:00,80840.00,81281.99,80814.00,81260.01,140414976
2026-09-04 04:30,81257.22,81271.13,81019.13,81071.89,648970240
2026-09-04 05:00,81071.88,81138.50,80947.76,81022.20,125329408
2026-09-04 05:30,81012.10,81061.87,80856.94,80983.20,81195008
2026-09-04 06:00,80983.20,81082.80,80672.30,80708.73,179560448
2026-09-04 06:30,80707.11,80847.59,80576.05,80792.00,272592896
2026-09-04 07:00,80768.80,80955.06,80768.80,80847.04,157478912
2026-09-04 07:30,80873.17,80897.66,80635.34,80650.84,491294720
2026-09-04 08:00,80664.74,80987.36,80523.61,80982.84,370225152
2026-09-04 08:30,80956.98,81223.55,80956.98,81140.01,662396928
2026-09-04 09:00,81142.99,81288.85,80926.02,81026.74,382132224
2026-09-04 09:30,81017.68,81209.77,80981.32,81045.21,518402048
2026-09-04 10:00,81039.91,81116.98,80816.50,80951.38,1669152768
2026-09-04 10:30,80940.96,81190.81,80901.63,81179.09,587247616
2026-09-04 11:00,81191.98,81405.38,81074.06,81326.84,94945280
2026-09-04 11:30,81291.01,81335.26,81191.61,81219.59,233439232
2026-09-04 12:00,81221.19,81356.06,81129.00,81356.06,192860160
2026-09-04 12:30,80844.86,80844.86,79195.24,79434.61,4430159872
2026-09-04 13:00,79452.39,79560.00,79194.10,79309.17,2090926080
2026-09-04 13:30,79296.73,79691.07,78979.52,79363.00,1652068352
2026-09-04 14:00,79361.40,79547.07,79065.06,79361.68,319954944
2026-09-04 14:30,79351.20,79460.06,78627.58,78894.65,147832832
2026-09-04 15:00,78889.60,79425.15,78783.60,79400.58,1556733952
2026-09-04 15:30,79411.80,79556.29,79365.01,79422.95,24375296
2026-09-04 16:00,79421.36,79560.84,79377.76,79554.30,0
2026-09-04 16:30,79554.31,79869.82,79535.68,79747.97,275206144
2026-09-04 17:00,79759.57,79763.39,79512.43,79512.46,1065185280
2026-09-04 17:30,79529.26,79591.49,79393.46,79469.85,267014144
2026-09-04 18:00,79476.12,79631.65,79476.12,79540.07,91688960
2026-09-04 18:30,79558.24,79668.27,79546.52,79617.92,10809344
2026-09-04 19:00,79630.03,79832.18,79627.02,79812.02,24862720
2026-09-04 19:30,79810.33,79825.39,79636.26,79812.52,116043776
2026-09-04 20:00,79775.78,79884.78,79758.47,79779.35,54104064
2026-09-04 20:30,79780.53,79797.51,79690.12,79723.48,19951616
2026-09-04 21:00,79718.66,79833.98,79716.80,79798.51,74452992
2026-09-04 21:30,79799.13,79846.94,79544.49,79654.12,240017408
2026-09-04 22:00,79654.13,79733.05,79654.13,79726.99,79183872
2026-09-04 22:30,79726.99,79734.24,79639.65,79654.10,14409728
2026-09-04 23:00,79654.10,79772.03,79614.59,79749.99,0
2026-09-04 23:30,79749.99,79750.00,79632.00,79675.12,0
2026-09-05 00:00,79675.12,79732.88,79614.58,79672.81,15683584
2026-09-05 00:30,79676.59,79722.37,79574.47,79584.01,0
2026-09-05 01:00,79601.50,79720.47,79565.64,79705.47,0
2026-09-05 01:30,79707.46,79731.57,79551.01,79551.01,237699072
2026-09-05 02:00,79551.01,79614.47,79500.00,79536.10,56856576
2026-09-05 02:30,79539.23,79635.26,79539.23,79584.50,94658560
2026-09-05 03:00,79584.91,79632.70,79527.26,79597.39,0
2026-09-05 03:30,79605.73,79642.34,79590.37,79596.27,0
2026-09-05 04:00,79606.48,79606.48,79522.25,79568.68,0
2026-09-05 04:30,79566.10,79571.84,79511.00,79511.01,11675648
2026-09-05 05:00,79514.98,79598.81,79463.75,79598.81,95109120
2026-09-05 05:30,79598.82,79617.45,79510.98,79590.32,70283264
2026-09-05 06:00,79591.50,79663.65,79591.49,79655.98,158169088
2026-09-05 06:30,79655.98,79728.73,79646.80,79660.00,0
2026-09-05 07:00,79654.12,79740.54,79654.12,79735.00,59586560
2026-09-05 07:30,79735.00,79775.78,79705.00,79726.80,25800704
2026-09-05 08:00,79721.83,79729.05,79620.94,79656.14,0
2026-09-05 08:30,79656.14,79667.99,79575.49,79653.30,0
2026-09-05 09:00,79653.31,79733.26,79653.30,79698.83,0
2026-09-05 09:30,79698.84,79710.83,79613.99,79634.99,0
2026-09-05 10:00,79634.99,79670.24,79606.75,79615.45,1906688
2026-09-05 10:30,79615.46,79673.13,79590.70,79621.14,70107136
2026-09-05 11:00,79621.13,79679.98,79621.13,79636.84,0
2026-09-05 11:30,79636.85,79684.04,79612.46,79621.92,21321728
2026-09-05 12:00,79621.92,79683.74,79621.92,79660.05,0
2026-09-05 12:30,79660.05,79788.01,79616.98,79710.73,0
2026-09-05 13:00,79720.48,79775.71,79676.24,79760.42,0
2026-09-05 13:30,79760.43,79766.03,79563.01,79624.51,0
2026-09-05 14:00,79622.91,79744.48,79622.91,79737.24,0
2026-09-05 14:30,79737.24,79759.12,79705.00,79723.19,0
2026-09-05 15:00,79723.20,79775.00,79681.94,79686.03,0
2026-09-05 15:30,79686.02,79820.88,79686.02,79802.01,0
2026-09-05 16:00,79802.01,79905.44,79755.76,79898.76,0
2026-09-05 16:30,79898.76,80199.99,79898.76,80040.53,94050304
2026-09-05 17:00,80056.53,80162.88,79990.31,80034.05,783194112
2026-09-05 17:30,80039.54,80140.75,79987.67,80072.19,381229056
2026-09-05 18:00,80064.71,80085.76,79957.91,79964.46,285382656
2026-09-05 18:30,79958.26,80050.00,79931.02,80000.03,195076096
2026-09-05 19:00,79997.75,79997.75,79900.01,79959.75,49840128
2026-09-05 19:30,79959.74,79976.56,79715.70,79753.21,155510784
2026-09-05 20:00,79753.21,79841.23,79688.30,79720.86,60370944
2026-09-05 20:30,79731.53,79798.41,79699.39,79740.08,287535104
2026-09-05 21:00,79740.09,79877.23,79733.39,79855.74,101457920
2026-09-05 21:30,79855.75,79940.00,79835.01,79910.34,0
2026-09-05 22:00,79928.98,79947.00,79768.19,79818.74,19023872
2026-09-05 22:30,79818.74,79856.99,79754.96,79790.37,126754816
2026-09-05 23:00,79784.03,79830.01,79720.49,79800.68,111060992
2026-09-05 23:30,79800.68,79899.49,79733.37,79840.60,472156160
2026-09-06 00:00,79835.57,79937.87,79833.96,79927.72,59912192
2026-09-06 00:30,79927.70,79945.51,79863.70,79872.24,54575104
2026-09-06 01:00,79872.24,80000.00,79872.24,79919.84,143017984
2026-09-06 01:30,79919.84,80057.51,79916.01,79954.32,86859776
2026-09-06 02:00,79973.99,80019.62,79900.00,79919.10,125097984
2026-09-06 02:30,79929.63,79957.70,79875.05,79906.81,73388032
2026-09-06 03:00,79907.00,79964.99,79890.92,79898.48,62468096
2026-09-06 03:30,79913.99,80113.48,79913.98,80031.87,752066560
2026-09-06 04:00,80031.88,80031.88,79885.88,79934.98,116506624
2026-09-06 04:30,79939.79,79941.98,79867.76,79867.76,94261248
2026-09-06 05:00,79867.76,79909.86,79798.83,79859.01,202833920
2026-09-06 05:30,79859.01,80108.98,79857.69,79989.69,375693312
2026-09-06 06:00,79992.16,79992.16,79829.84,79836.42,73502720
2026-09-06 06:30,79827.29,79850.99,79700.04,79771.83,125270016
2026-09-06 07:00,79782.73,79862.29,79602.01,79833.23,141309952
2026-09-06 07:30,79830.02,79860.21,79785.53,79810.06,176023552
2026-09-06 08:00,79813.24,79892.98,79797.29,79808.62,142262272
2026-09-06 08:30,79808.62,79879.48,79760.16,79845.00,126484480
2026-09-06 09:00,79844.53,79993.60,79810.06,79993.60,100894720
2026-09-06 09:30,79968.77,79996.96,79848.54,79890.48,833249280
2026-09-06 10:00,79890.48,79989.73,79890.48,79981.32,148471808
2026-09-06 10:30,79981.18,80021.67,79969.74,80000.62,66758656
2026-09-06 11:00,80000.63,80005.31,79901.86,79907.97,125081600
2026-09-06 11:30,79907.97,79971.01,79893.38,79922.99,164601856
2026-09-06 12:00,79922.98,80012.91,79860.01,79973.98,51707904
2026-09-06 12:30,79973.98,80014.59,79918.71,79920.46,168706048
2026-09-06 13:00,79920.47,79970.97,79789.85,79801.80,162330624
2026-09-06 13:30,79810.06,79856.98,79761.13,79832.99,23998464
2026-09-06 14:00,79827.30,79845.73,79593.50,79665.86,303048704
2026-09-06 14:30,79663.80,79742.53,79333.50,79538.49,515801088
2026-09-06 15:00,79542.08,79664.60,79393.11,79633.52,308553728
2026-09-06 15:30,79632.68,79722.01,79583.79,79707.65,67430400
2026-09-06 16:00,79706.24,79733.53,79595.14,79710.01,15278080
2026-09-06 16:30,79704.31,79780.66,79634.54,79679.22,27267072
2026-09-06 17:00,79679.22,79770.00,79581.81,79686.49,0
2026-09-06 17:30,79686.49,79764.00,79669.00,79741.19,57292800
2026-09-06 18:00,79741.19,79915.49,79741.19,79915.48,58025984
2026-09-06 18:30,79915.29,79966.97,79901.35,79941.88,29075456
2026-09-06 19:00,79943.48,79943.49,79816.48,79845.99,70572032
2026-09-06 19:30,79845.98,79845.98,79793.04,79829.98,36804608
2026-09-06 20:00,79829.99,79950.00,79774.21,79929.75,0
2026-09-06 20:30,79929.76,79973.05,79888.39,79892.26,84353024
2026-09-06 21:00,79928.61,80028.90,79893.98,79895.85,198270976
2026-09-06 21:30,79897.47,79997.58,79868.26,79945.16,145317888
2026-09-06 22:00,79945.16,79948.48,79638.31,79819.91,218734592
2026-09-06 22:30,79817.20,80088.01,79815.20,80048.74,214687744
2026-09-06 23:00,80052.73,80320.49,80010.15,80125.68,479418368
2026-09-06 23:30,80125.68,80538.28,80125.68,80339.32,786345984
2026-09-07 00:00,80361.06,80442.96,80052.28,80199.46,1000681472
2026-09-07 00:30,80209.85,80270.86,80067.38,80148.01,272865280
2026-09-07 01:00,80154.82,80228.56,79844.77,79919.84,292499456
2026-09-07 01:30,79907.81,79985.67,79819.77,79923.05,183154688
2026-09-07 02:00,79916.99,80031.00,79784.57,80013.21,88860672
2026-09-07 02:30,80029.61,80392.70,79811.67,79863.43,586123264
2026-09-07 03:00,79840.01,79970.73,79713.78,79713.78,409194496
2026-09-07 03:30,79720.82,79757.98,79560.56,79587.31,168960000
2026-09-07 04:00,79580.52,79691.05,79550.00,79590.51,236019712
2026-09-07 04:30,79603.32,79718.99,79535.37,79708.49,278245376
2026-09-07 05:00,79702.42,79908.86,79652.01,79840.00,174837760
2026-09-07 05:30,79845.27,79850.00,79740.21,79740.21,19955712
2026-09-07 06:00,79734.56,79815.08,79680.36,79702.73,208883712
2026-09-07 06:30,79702.72,79728.52,79643.13,79645.51,259653632
2026-09-07 07:00,79638.70,79676.98,79398.26,79419.18,580759552
2026-09-07 07:30,79415.00,79501.68,79023.54,79379.94,884639744
2026-09-07 08:00,79393.48,79510.45,79380.92,79447.23,114774016
2026-09-07 08:30,79448.98,79518.66,79405.80,79417.85,107634688
2026-09-07 09:00,79426.58,79538.52,79401.71,79472.54,135651328
2026-09-07 09:30,79473.83,79473.84,79293.01,79301.31,94889984
2026-09-07 10:00,79325.00,79419.99,79312.55,79412.56,268498944
2026-09-07 10:30,79412.56,79445.98,79343.70,79350.65,92227584
2026-09-07 11:00,79350.64,79465.39,79269.11,79433.26,220289024
2026-09-07 11:30,79433.26,79475.98,79365.02,79409.13,146472960
2026-09-07 12:00,79416.73,79526.36,79395.02,79516.59,68876288
2026-09-07 12:30,79519.55,79622.72,79450.99,79597.76,122034176
2026-09-07 13:00,79584.46,79639.66,79518.15,79630.73,301807616
2026-09-07 13:30,79632.37,79632.37,79301.00,79344.84,266213376
2026-09-07 14:00,79337.06,79393.43,79034.25,79046.66,223150080
2026-09-07 14:30,79046.65,79267.36,78955.95,79184.13,164714496
2026-09-07 15:00,79179.00,79179.00,78877.98,79019.97,342384640
2026-09-07 15:30,79025.97,79025.97,78680.36,78800.00,660152320
2026-09-07 16:00,78815.05,78910.85,78780.12,78804.91,313397248
2026-09-07 16:30,78822.31,79019.96,78807.96,79010.98,243736576
2026-09-07 17:00,79010.98,79148.16,78995.28,79105.50,98498560
2026-09-07 17:30,79105.51,79198.25,79057.96,79170.00,160061440
2026-09-07 18:00,79174.92,79195.49,79117.81,79142.94,227012608
2026-09-07 18:30,79142.94,79238.90,79085.32,79195.02,209184768
2026-09-07 19:00,79195.02,79239.99,79146.62,79221.73,52801536
2026-09-07 19:30,79231.47,79394.71,79224.43,79352.21,221278208
2026-09-07 20:00,79355.64,79386.19,79163.42,79195.86,198088704
2026-09-07 20:30,79195.86,79249.49,79150.79,79220.54,630919168
2026-09-07 21:00,79227.42,79252.94,79183.60,79213.40,81561600
2026-09-07 21:30,79213.40,79219.59,79139.49,79139.49,40648704
2026-09-07 22:00,79146.12,79193.93,79007.21,79083.00,95143936
2026-09-07 22:30,79065.01,79080.04,78787.94,78929.93,730480640
2026-09-07 23:00,78923.99,79153.62,78923.99,78987.85,54018048
2026-09-07 23:30,78987.85,79195.48,78965.02,79091.97,4102144
2026-09-08 00:00,79076.24,79137.15,78951.69,78980.04,68304896
2026-09-08 00:30,78984.33,79296.77,78962.20,79293.38,134477824
2026-09-08 01:00,79293.57,79438.95,79245.00,79380.75,46309376
2026-09-08 01:30,79370.62,79440.00,79285.00,79413.92,94001152
2026-09-08 02:00,79416.95,79472.32,79214.23,79249.02,314693632
2026-09-08 02:30,79231.72,79249.02,78914.55,78914.56,290566144
2026-09-08 03:00,78914.01,78986.98,78709.31,78753.54,174698496
2026-09-08 03:30,78803.65,78974.99,78803.65,78875.22,1231843328
2026-09-08 04:00,78875.21,78900.63,78739.25,78795.13,292921344
2026-09-08 04:30,78798.06,78846.83,78649.88,78649.88,93581312
2026-09-08 05:00,78649.88,78851.25,78543.39,78793.06,370339840
2026-09-08 05:30,78794.74,78800.20,78541.83,78556.79,258435072
2026-09-08 06:00,78561.76,78609.99,78341.19,78356.38,874065920
2026-09-08 06:30,78345.78,78458.62,78234.35,78299.28,678877184
2026-09-08 07:00,78310.95,78488.32,78274.56,78438.59,1228789760
2026-09-08 07:30,78447.73,78567.69,78162.72,78451.07,1217585152
2026-09-08 08:00,78430.45,78481.62,78260.71,78457.74,594382848
2026-09-08 08:30,78445.09,78546.57,78345.82,78378.50,319700992
2026-09-08 09:00,78392.22,78481.60,78314.08,78448.52,1245190144
2026-09-08 09:30,78448.52,78774.00,78423.22,78735.74,397445120
2026-09-08 10:00,78725.88,78958.82,78649.65,78821.41,305362944
2026-09-08 10:30,78823.27,78839.81,78534.16,78534.16,265670656
2026-09-08 11:00,78550.85,78552.99,78259.76,78418.08,593270784
2026-09-08 11:30,78418.07,78468.44,78336.65,78401.12,217020416
2026-09-08 12:00,78401.88,78401.88,78189.64,78347.36,643379200
2026-09-08 12:30,78347.36,78454.52,78268.31,78421.91,481376256
2026-09-08 13:00,78421.08,78512.89,78282.85,78301.23,528631808
2026-09-08 13:30,78291.83,78332.93,77629.55,77933.05,1566883840
2026-09-08 14:00,77975.77,78359.76,77826.14,78317.86,988286976
2026-09-08 14:30,78322.83,78588.62,78234.66,78538.62,421715968
2026-09-08 15:00,78530.06,78694.13,78441.76,78442.09,239538176
2026-09-08 15:30,78445.90,78900.00,78435.21,78897.53,431890432
2026-09-08 16:00,78900.00,78900.00,78565.86,78631.43,125323264
2026-09-08 16:30,78636.83,78967.98,78609.07,78730.82,535355392
2026-09-08 17:00,78730.82,78887.12,78534.69,78582.46,541917184
2026-09-08 17:30,78582.45,78658.99,78483.61,78493.18,107528192
2026-09-08 18:00,78491.71,78802.46,78480.99,78723.53,144375808
2026-09-08 18:30,78723.53,78764.29,78280.65,78423.49,311312384
2026-09-08 19:00,78439.58,78520.93,78338.35,78445.42,523825152
2026-09-08 19:30,78479.83,78512.76,78310.32,78435.57,309987328
2026-09-08 20:00,78429.88,78612.94,78387.34,78591.28,177106944
2026-09-08 20:30,78584.32,78584.32,78413.43,78482.45,252526592
2026-09-08 21:00,78482.45,78619.04,78462.36,78521.52,84344832
2026-09-08 21:30,78521.53,78555.76,78391.76,78484.36,141156352
2026-09-08 22:00,78475.38,78628.64,78440.00,78487.96,222793728
2026-09-08 22:30,78487.97,78569.70,78454.53,78545.41,80674816
2026-09-08 23:00,78545.42,78564.40,78420.00,78463.44,123289600
2026-09-08 23:30,78451.53,78465.29,78399.13,78447.11,207855616
2026-09-09 00:00,78457.77,78732.36,78447.11,78624.49,946878464
2026-09-09 00:30,78624.49,78792.04,78558.21,78765.50,1273856
2026-09-09 01:00,78768.83,78863.68,78624.88,78736.12,231157760
2026-09-09 01:30,78724.02,78887.69,78693.40,78879.70,130322432
2026-09-09 02:00,78892.28,78923.39,78680.65,78815.94,59150336
2026-09-09 02:30,78804.66,78835.26,78728.68,78730.16,86908928
2026-09-09 03:00,78713.14,78713.14,78537.12,78569.18,61741056
2026-09-09 03:30,78568.62,78674.07,78565.20,78619.71,6367232
2026-09-09 04:00,78629.06,78934.83,78628.38,78875.64,191819776
2026-09-09 04:30,78874.94,79200.00,78856.32,79159.11,238135296
2026-09-09 05:00,79170.96,79353.74,79044.77,79115.04,292505600
2026-09-09 05:30,79126.38,79126.39,78823.27,78914.36,52836352
2026-09-09 06:00,78921.80,79269.96,78844.84,79143.54,0
2026-09-09 06:30,79159.42,79224.31,79102.50,79150.25,0
2026-09-09 07:00,79140.53,79355.00,79137.25,79262.83,0
2026-09-09 07:30,79279.78,79279.79,79162.95,79258.79,0
2026-09-09 08:00,79281.60,79683.65,79254.61,79683.12,251967488
2026-09-09 08:30,79658.97,79729.16,79580.10,79695.39,210685952
2026-09-09 09:00,79711.43,79711.43,79405.08,79408.64,103892992
2026-09-09 09:30,79408.64,79431.14,78879.69,78940.00,290242560
2026-09-09 10:00,78950.85,79114.43,78911.64,79070.01,251564032
2026-09-09 10:30,79070.00,79175.79,78855.36,78901.76,122906624
2026-09-09 11:00,78905.61,78983.80,78720.51,78970.91,189808640
2026-09-09 11:30,78961.80,79351.64,78938.58,79294.26,191008768
2026-09-09 12:00,79330.23,79430.08,79267.72,79384.99,437217280
2026-09-09 12:30,79391.75,79648.46,79382.30,79579.99,153348096
2026-09-09 13:00,79588.15,79624.34,79442.62,79598.75,13205504
2026-09-09 13:30,79552.64,79661.77,79089.22,79117.65,0
2026-09-09 14:00,79050.68,79223.06,78851.71,79223.06,135356416
2026-09-09 14:30,79260.01,79398.69,78873.84,78941.83,296849408
2026-09-09 15:00,78941.83,79404.46,78036.57,78351.05,1711943680
2026-09-09 15:30,78351.83,78714.09,78310.79,78576.41,462364672
2026-09-09 16:00,78582.58,78764.27,78441.58,78607.59,301615104
2026-09-09 16:30,78623.44,78897.48,78623.44,78783.18,295270400
2026-09-09 17:00,78783.17,78915.46,78697.61,78839.62,141568000
2026-09-09 17:30,78839.77,78848.47,78655.00,78754.88,144676864
2026-09-09 18:00,78759.21,78773.43,78550.00,78608.29,86046720
2026-09-09 18:30,78603.24,78633.44,78399.35,78399.35,248811520
2026-09-09 19:00,78399.34,78569.86,78328.33,78512.49,25489408
2026-09-09 19:30,78506.88,78537.37,78133.04,78216.75,176736256
2026-09-09 20:00,78215.55,78325.00,77994.73,78100.16,151236608
2026-09-09 20:30,78102.12,78318.39,78083.95,78303.89,1045981184
2026-09-09 21:00,78300.80,78323.31,78116.64,78266.43,204670976
2026-09-09 21:30,78257.97,78258.88,77981.12,78128.28,101464064
2026-09-09 22:00,78159.01,78182.71,77756.75,78016.47,468766720
2026-09-09 22:30,78019.99,78041.22,77883.80,77897.60,340799488
2026-09-09 23:00,77906.42,78184.03,77906.42,78169.59,74285056
2026-09-09 23:30,78163.50,78291.90,78151.34,78291.16,197402624
2026-09-10 00:00,78283.98,78353.08,78194.48,78308.49,380481536
2026-09-10 00:30,78294.12,78294.13,78060.08,78151.72,297873408
2026-09-10 01:00,78151.72,78484.19,78139.86,78145.52,200157184
2026-09-10 01:30,78145.52,78218.84,77916.89,78070.40,302544896
2026-09-10 02:00,78063.72,78063.72,77943.95,77991.87,95232000
2026-09-10 02:30,77991.87,78346.19,77978.00,78326.10,295168000
2026-09-10 03:00,78326.11,78508.90,78270.01,78357.79,244056064
2026-09-10 03:30,78355.11,78427.08,78245.61,78297.15,257746944
2026-09-10 04:00,78290.20,78391.19,78272.05,78354.08,59957248
2026-09-10 04:30,78354.08,78407.03,78275.01,78368.72,55662592
2026-09-10 05:00,78372.64,78485.00,78241.78,78447.31,158726144
2026-09-10 05:30,78459.63,78525.60,78368.01,78499.04,80177152
2026-09-10 06:00,78505.54,78506.87,78133.77,78190.07,330708992
2026-09-10 06:30,78190.07,78502.77,78133.77,78389.70,168802304
2026-09-10 07:00,78394.44,78394.44,77998.39,77998.39,232132608
2026-09-10 07:30,78000.16,78126.52,77884.44,78079.51,316432384
2026-09-10 08:00,78078.02,78147.31,78011.19,78146.22,335872
2026-09-10 08:30,78139.87,78148.49,78008.35,78085.46,85905408
2026-09-10 09:00,78085.45,78199.73,78079.06,78173.11,68069376
2026-09-10 09:30,78172.87,78172.87,77893.75,77941.97,230830080
2026-09-10 10:00,77956.79,78013.36,77897.67,77954.62,64333824
2026-09-10 10:30,77954.62,78021.28,77796.06,77825.73,91203584
2026-09-10 11:00,77828.22,78024.07,77663.59,77984.82,296132608
2026-09-10 11:30,77984.82,78027.76,77800.00,77820.75,85805056
2026-09-10 12:00,77809.33,77862.00,77641.98,77732.66,404371456
2026-09-10 12:30,77915.76,77915.76,76661.35,76867.24,2725693440
2026-09-10 13:00,76855.71,77064.04,76709.83,76904.68,1011869696
2026-09-10 13:30,76899.07,77206.05,76736.14,77145.02,983457792
2026-09-10 14:00,77179.15,77350.40,76920.90,77245.91,487254016
2026-09-10 14:30,77253.84,77403.67,77205.04,77390.80,461772800
2026-09-10 15:00,77390.81,77390.81,77062.07,77075.85,0
2026-09-10 15:30,77096.63,77328.11,77057.42,77218.74,347801600
2026-09-10 16:00,77220.55,77275.00,76849.17,76890.24,293681152
2026-09-10 16:30,76880.84,77201.28,76757.97,77160.22,774377472
2026-09-10 17:00,77153.52,77299.08,77079.95,77287.21,420966400
2026-09-10 17:30,77283.23,77508.80,77279.09,77294.26,1509390336
2026-09-10 18:00,77286.05,77304.34,76950.01,77033.19,444063744
2026-09-10 18:30,77032.80,77260.00,77008.50,77222.53,216633344
2026-09-10 19:00,77207.01,77218.94,77079.63,77159.19,485337088
2026-09-10 19:30,77161.65,77252.91,77048.73,77119.53,251893760
2026-09-10 20:00,77128.16,77325.53,77088.22,77259.97,547657728
2026-09-10 20:30,77243.27,77283.52,77192.72,77239.01,0
2026-09-10 21:00,77247.34,77274.24,77164.71,77206.20,1284837376
2026-09-10 21:30,77207.74,77208.55,77087.38,77110.04,277526528
2026-09-10 22:00,77125.98,77193.29,77048.47,77048.50,275333120
2026-09-10 22:30,77052.54,77068.03,76786.45,76807.11,483190784
2026-09-10 23:00,76805.26,76845.31,76491.22,76710.50,1242161152
2026-09-10 23:30,76723.46,76792.23,76497.73,76531.95,662321152
2026-09-11 00:00,76530.20,76843.89,76513.25,76816.68,472702976
2026-09-11 00:30,76816.68,76902.13,76658.40,76878.72,602748928
2026-09-11 01:00,76880.12,76974.12,76766.73,76783.29,298446848
2026-09-11 01:30,76783.29,76948.38,76657.28,76948.27,535701504
2026-09-11 02:00,76956.12,76977.20,76734.23,76776.94,186245120
2026-09-11 02:30,76781.58,76902.92,76746.28,76813.68,228933632
2026-09-11 03:00,76802.20,76867.62,76672.32,76791.33,595095552
2026-09-11 03:30,76782.60,76871.37,76676.35,76863.66,1319491584
2026-09-11 04:00,76865.74,77155.90,76857.42,77147.28,272721920
2026-09-11 04:30,77158.55,77160.00,77053.06,77086.00,189364224
2026-09-11 05:00,77083.28,77120.00,77036.76,77065.36,981493760
2026-09-11 05:30,77072.33,77225.29,77045.88,77225.28,118642688
2026-09-11 06:00,77225.28,77405.99,77198.72,77245.90,413519872
2026-09-11 06:30,77245.90,77268.87,77139.29,77265.12,305352704
2026-09-11 07:00,77256.99,77379.46,77256.99,77306.75,281292800
2026-09-11 07:30,77303.68,77314.97,77168.68,77199.53,504961024
2026-09-11 08:00,77192.62,77394.87,77107.21,77357.77,342980608
2026-09-11 08:30,77353.86,77474.85,77309.55,77337.07,803817472
2026-09-11 09:00,77337.07,77348.19,77109.81,77110.06,387581952
2026-09-11 09:30,77107.44,77141.65,76833.54,77021.98,515807232
2026-09-11 10:00,77004.43,77129.64,76959.91,77006.46,434143232
2026-09-11 10:30,77006.47,77031.88,76928.89,76966.64,736419840
2026-09-11 11:00,76955.68,76965.76,76726.78,76815.95,472920064
2026-09-11 11:30,76815.95,77014.88,76760.60,77014.88,388136960
2026-09-11 12:00,76994.69,77309.03,76865.70,77119.72,193599488
2026-09-11 12:30,77136.63,78090.00,76173.28,77990.86,1784203264
2026-09-11 13:00,77968.32,77968.32,77477.01,77499.22,824528896
2026-09-11 13:30,77486.32,79306.80,77222.84,79206.56,2006132736
2026-09-11 14:00,79148.10,79748.38,78814.42,79025.18,2368256000
2026-09-11 14:30,78995.00,79019.43,78495.67,78789.51,893620224
2026-09-11 15:00,78830.00,78830.00,78484.15,78697.57,232855552
2026-09-11 15:30,78693.97,78822.37,77363.22,77703.35,497969152
2026-09-11 16:00,77664.21,78037.87,77375.90,77639.46,1449736192
2026-09-11 16:30,77603.51,77967.57,77529.36,77904.12,1220034560
2026-09-11 17:00,77899.71,77946.99,77681.88,77822.96,424083456
2026-09-11 17:30,77822.33,77862.32,77466.67,77505.18,20090880
2026-09-11 18:00,77505.18,77508.16,76875.23,77189.10,914784256
2026-09-11 18:30,77189.29,77266.00,76923.70,77017.67,150401024
2026-09-11 19:00,77027.87,77273.10,76980.15,77207.75,1265434624
2026-09-11 19:30,77198.00,77355.14,77170.36,77282.86,218796032
2026-09-11 20:00,77256.62,77461.92,77255.02,77372.93,197537792
2026-09-11 20:30,77358.63,77445.88,77175.12,77305.95,366579712
2026-09-11 21:00,77311.44,77411.26,77299.54,77342.68,283811840
2026-09-11 21:30,77337.78,77382.15,77063.51,77104.18,98234368
2026-09-11 22:00,77104.69,77215.53,76962.54,77114.52,378654720
2026-09-11 22:30,77086.57,77191.12,76977.11,77121.61,801398784
2026-09-11 23:00,77121.61,77193.30,77098.66,77174.20,353443840
2026-09-11 23:30,77175.03,77210.88,77141.06,77208.66,19820544
2026-09-12 00:00,77207.01,77295.89,77202.09,77254.52,99323904
2026-09-12 00:30,77254.52,77311.99,77224.32,77271.11,0
2026-09-12 01:00,77271.11,77370.28,77237.27,77310.35,0
2026-09-12 01:30,77310.34,77320.00,77245.08,77250.02,186728448
2026-09-12 02:00,77250.02,77314.26,77250.02,77269.74,45428736
2026-09-12 02:30,77269.75,77286.66,77206.75,77286.35,80793600
2026-09-12 03:00,77262.46,77333.86,77221.94,77279.92,84377600
2026-09-12 03:30,77279.92,77279.93,77222.74,77259.23,82509824
2026-09-12 04:00,77263.67,77309.84,77206.76,77241.10,0
2026-09-12 04:30,77242.99,77283.09,77206.75,77206.75,403722240
2026-09-12 05:00,77207.39,77236.38,77152.54,77184.96,375590912
2026-09-12 05:30,77179.27,77250.49,77179.27,77200.00,151689216
2026-09-12 06:00,77200.01,77228.55,77186.01,77228.42,181778432
2026-09-12 06:30,77228.42,77347.68,77228.42,77279.05,305788928
2026-09-12 07:00,77279.06,77332.57,77279.05,77287.59,136046592
2026-09-12 07:30,77287.59,77289.81,77242.65,77257.01,76548096
2026-09-12 08:00,77260.27,77333.71,77244.04,77282.68,233365504
2026-09-12 08:30,77282.67,77356.54,77282.67,77340.73,105664512
2026-09-12 09:00,77340.73,77368.78,77319.00,77330.33,190531584
2026-09-12 09:30,77354.88,77362.01,77301.00,77336.02,65370112
2026-09-12 10:00,77336.02,77380.54,77336.02,77356.20,36343808
2026-09-12 10:30,77356.20,77364.99,77289.99,77311.71,127797248
2026-09-12 11:00,77311.71,77333.24,77268.04,77279.40,40550400
2026-09-12 11:30,77279.40,77342.03,77271.15,77339.80,27656192
2026-09-12 12:00,77338.26,77346.07,77291.23,77310.00,140666880
2026-09-12 12:30,77310.00,77327.39,77261.92,77318.06,0
2026-09-12 13:00,77319.48,77376.65,77231.61,77288.56,21125120
2026-09-12 13:30,77286.85,77351.60,77248.76,77351.60,0
2026-09-12 14:00,77351.60,77409.47,77349.00,77404.09,0
2026-09-12 14:30,77402.90,77483.28,77400.04,77444.01,0
2026-09-12 15:00,77446.62,77461.79,77380.01,77434.56,0
2026-09-12 15:30,77429.86,77434.20,77350.16,77363.97,0
2026-09-12 16:00,77363.97,77403.69,77322.80,77368.27,0
2026-09-12 16:30,77368.26,77373.48,77318.65,77337.96,0
2026-09-12 17:00,77353.90,77379.86,77254.25,77279.09,0
2026-09-12 17:30,77279.09,77279.10,77157.06,77191.41,117061632
2026-09-12 18:00,77191.42,77202.56,77111.00,77182.00,0
2026-09-12 18:30,77185.25,77185.25,77106.12,77126.28,7499776
2026-09-12 19:00,77128.66,77174.99,77110.00,77115.78,262408192
2026-09-12 19:30,77110.53,77152.29,77049.56,77105.43,162574336
2026-09-12 20:00,77110.86,77183.39,77110.86,77175.56,66631680
2026-09-12 20:30,77175.55,77206.59,77139.67,77152.68,213231616
2026-09-12 21:00,77152.69,77226.73,77136.66,77198.99,367365120
2026-09-12 21:30,77199.69,77261.94,77187.39,77240.79,369442816
2026-09-12 22:00,77240.79,77285.82,77165.55,77182.06,39586816
2026-09-12 22:30,77183.24,77231.69,77171.98,77219.86,189774848
2026-09-12 23:00,77219.83,77275.00,77214.19,77240.01,0
2026-09-12 23:30,77240.01,77284.25,77223.02,77266.42,75316224
2026-09-13 00:00,77262.84,77291.20,77247.31,77247.70,0
2026-09-13 00:30,77247.69,77254.68,77135.63,77252.96,338886656
2026-09-13 01:00,77252.95,77314.30,77226.97,77226.97,284553216
2026-09-13 01:30,77234.73,77299.54,77222.07,77299.53,154622976
2026-09-13 02:00,77299.31,77299.31,77226.99,77240.00,14605312
2026-09-13 02:30,77239.99,77293.64,77215.68,77268.02,52190208
2026-09-13 03:00,77268.02,77297.52,77223.28,77235.80,229494784
2026-09-13 03:30,77235.81,77235.81,77163.14,77176.07,169458688
2026-09-13 04:00,77177.62,77237.30,77173.74,77199.04,140787712
2026-09-13 04:30,77200.59,77210.04,77174.99,77187.43,307555328
2026-09-13 05:00,77188.42,77265.60,77188.42,77265.60,0
2026-09-13 05:30,77265.61,77299.39,77265.60,77291.43,43626496
2026-09-13 06:00,77291.43,77298.75,77262.76,77278.14,93476864
2026-09-13 06:30,77278.13,77281.63,77031.83,77099.74,122658816
2026-09-13 07:00,77077.15,77154.73,77069.37,77122.75,255270912
2026-09-13 07:30,77119.93,77141.72,77066.54,77100.18,92741632
2026-09-13 08:00,77093.25,77150.92,76980.73,76996.10,103216128
2026-09-13 08:30,76973.13,76973.13,76730.56,76780.98,440348672
2026-09-13 09:00,76777.68,76863.70,76574.52,76615.89,358803456
2026-09-13 09:30,76616.99,76782.17,76532.49,76766.09,288605184
2026-09-13 10:00,76758.36,76781.90,76710.21,76729.46,101139456
2026-09-13 10:30,76729.45,76781.03,76600.00,76623.94,153767936
2026-09-13 11:00,76639.99,76677.55,76497.54,76628.06,337483776
2026-09-13 11:30,76628.09,76773.53,76614.45,76749.26,232254464
2026-09-13 12:00,76760.54,76828.21,76721.40,76809.07,175791104
2026-09-13 12:30,76806.67,76821.68,76669.36,76730.16,323543040
2026-09-13 13:00,76727.00,76739.74,76521.42,76545.06,0
2026-09-13 13:30,76549.55,76891.50,76542.26,76818.13,198981632
2026-09-13 14:00,76821.00,77091.11,76815.14,77070.01,209741824
2026-09-13 14:30,77081.50,77224.32,77048.17,77177.82,319415296
2026-09-13 15:00,77182.09,77182.09,76991.36,77017.13,225287168
2026-09-13 15:30,77027.84,77149.99,77017.12,77105.27,167639040
2026-09-13 16:00,77110.20,77270.32,77106.24,77212.88,183213056
2026-09-13 16:30,77214.19,77332.17,77208.38,77257.36,423653376
2026-09-13 17:00,77258.84,77393.70,77258.84,77271.39,235541504
2026-09-13 17:30,77272.26,77342.67,77215.04,77298.60,126082048
2026-09-13 18:00,77290.67,77360.00,77273.21,77299.02,153506816
2026-09-13 18:30,77299.01,77359.97,77283.36,77312.34,41602048
2026-09-13 19:00,77312.33,77386.25,77210.00,77239.04,23627776
2026-09-13 19:30,77241.39,77256.97,77193.07,77253.72,0
2026-09-13 20:00,77260.67,77305.93,77227.37,77288.13,18371584
2026-09-13 20:30,77289.66,77340.13,77264.45,77313.47,121560064
2026-09-13 21:00,77323.30,77419.05,77276.57,77387.17,21844992
2026-09-13 21:30,77387.17,77387.18,77278.79,77280.55,114754560
2026-09-13 22:00,77259.12,77259.12,76681.08,76806.64,467283968
2026-09-13 22:30,76808.18,76849.51,76623.34,76680.17,783485952
2026-09-13 23:00,76665.14,76729.37,76592.61,76698.43,308557824
2026-09-13 23:30,76697.65,76837.16,76690.25,76799.86,234638336
2026-09-14 00:00,76815.13,77004.83,76355.34,76448.19,375188480
2026-09-14 00:30,76434.12,76842.68,76423.25,76767.39,492726272
2026-09-14 01:00,76767.39,76872.64,76618.65,76814.39,121994240
2026-09-14 01:30,76802.40,77126.69,76606.83,77076.83,379334656
2026-09-14 02:00,77069.18,77630.00,76983.95,77511.25,517500928
2026-09-14 02:30,77530.67,77672.47,77397.86,77568.87,779344896
2026-09-14 03:00,77581.48,77828.76,77561.12,77773.67,756105216
2026-09-14 03:30,77759.02,77759.02,77462.81,77566.62,347092992
2026-09-14 04:00,77566.50,77658.83,77494.10,77597.49,199473152
2026-09-14 04:30,77605.44,77668.00,77497.82,77646.45,799080448
2026-09-14 05:00,77648.97,77650.00,77478.79,77481.84,248190976
2026-09-14 05:30,77481.85,77584.60,77455.00,77576.64,175550464
2026-09-14 06:00,77583.99,77862.41,77525.25,77525.25,199565312
2026-09-14 06:30,77510.83,77727.77,77337.96,77557.54,225208320
2026-09-14 07:00,77556.90,77714.69,77479.38,77670.36,205604864
2026-09-14 07:30,77674.94,77855.51,77647.08,77855.50,764053504
2026-09-14 08:00,77859.15,77936.87,77663.96,77724.37,243806208
2026-09-14 08:30,77714.70,77783.51,77627.38,77705.03,147779584
2026-09-14 09:00,77705.04,77797.89,77567.24,77753.33,168087552
2026-09-14 09:30,77747.42,78341.51,77747.42,78108.59,355041280
2026-09-14 10:00,78130.07,78136.54,77907.91,77928.44,486742016
2026-09-14 10:30,77939.48,77995.88,77859.57,77867.39,152147968
2026-09-14 11:00,77867.48,77885.23,77673.05,77873.33,231598080
2026-09-14 11:30,77869.21,77890.07,77654.70,77738.76,238739456
2026-09-14 12:00,77741.24,77961.84,77677.17,77961.10,220532736
2026-09-14 12:30,77962.90,78035.91,77568.08,77659.24,456413184
2026-09-14 13:00,77659.24,77818.95,77434.40,77813.95,417880064
2026-09-14 13:30,77828.16,78441.48,77801.31,78139.74,1099065344
2026-09-14 14:00,78145.95,78622.73,78145.95,78350.38,693321728
2026-09-14 14:30,78361.92,78664.83,78321.96,78497.16,676640768
2026-09-14 15:00,78461.48,78587.64,78271.60,78378.03,673337344
2026-09-14 15:30,78398.34,78662.19,78306.66,78553.05,1313667072
2026-09-14 16:00,78553.81,78863.37,78402.22,78651.33,549939200
2026-09-14 16:30,78646.28,78883.71,78595.69,78752.83,555853824
2026-09-14 17:00,78752.84,78980.60,78720.77,78882.02,504401920
2026-09-14 17:30,78884.34,79026.68,78701.91,78941.80,614656000
2026-09-14 18:00,78941.80,79252.84,78838.58,79143.40,519266304
2026-09-14 18:30,79148.41,79323.30,78988.72,79219.79,1012215808
2026-09-14 19:00,79213.23,79241.27,79007.92,79134.85,1931892736
2026-09-14 19:30,79120.68,79190.64,78956.59,78978.70,403179520
2026-09-14 20:00,78985.01,79568.04,78968.87,79450.00,1408833536
2026-09-14 20:30,79447.61,79478.07,79075.00,79089.64,727969792
2026-09-14 21:00,79106.49,79106.49,78785.38,78896.76,666185728
2026-09-14 21:30,78893.54,78956.00,78730.43,78744.14,245737472
2026-09-14 22:00,78761.08,78841.67,78505.37,78573.07,34826240
2026-09-14 22:30,78574.81,78653.62,78496.36,78540.26,269066240
2026-09-14 23:00,78541.30,78560.82,78350.00,78389.28,208209920
2026-09-14 23:30,78370.00,78370.00,78113.05,78192.45,209190912
2026-09-15 00:00,78167.75,78242.75,77978.07,78009.14,153024512
2026-09-15 00:30,78011.42,78073.92,77924.70,77938.06,178128896
2026-09-15 01:00,77938.06,78011.18,77721.53,77844.03,193308672
2026-09-15 01:30,77844.02,78059.87,77830.10,77898.98,295792640
2026-09-15 02:00,77890.48,78001.00,77861.13,77940.50,0
2026-09-15 02:30,77928.17,77942.75,77768.82,77890.65,0
2026-09-15 03:00,77886.78,77886.78,77689.09,77820.40,727617536
2026-09-15 03:30,77820.68,77836.52,77631.25,77636.40,57446400
2026-09-15 04:00,77659.58,77724.42,77542.13,77610.50,517869568
2026-09-15 04:30,77624.24,77636.60,77517.71,77547.75,117350400
2026-09-15 05:00,77547.76,77626.38,77287.14,77446.69,202522624
2026-09-15 05:30,77441.71,77649.09,77357.53,77609.97,560803840
2026-09-15 06:00,77620.84,77711.59,77371.14,77385.47,133531648
2026-09-15 06:30,77385.46,77437.01,77165.11,77247.99,95731712
2026-09-15 07:00,77261.89,77294.12,77164.85,77261.03,225128448
2026-09-15 07:30,77261.04,77261.04,76842.36,76883.90,501653504
2026-09-15 08:00,76893.91,76893.91,76650.90,76813.53,540250112
2026-09-15 08:30,76818.64,76968.67,76786.60,76955.06,448102400
2026-09-15 09:00,76955.06,76955.06,76816.25,76875.45,82681856
2026-09-15 09:30,76875.46,77026.00,76855.06,76946.27,0
2026-09-15 10:00,76951.52,77012.77,76842.88,76842.88,229937152
2026-09-15 10:30,76842.88,77134.21,76832.21,77014.58,444221440
2026-09-15 11:00,77020.05,77178.98,76927.88,76955.41,110995456
2026-09-15 11:30,76955.40,76964.99,76802.28,76895.19,345927680
2026-09-15 12:00,76900.69,76960.44,76821.06,76911.74,73080832
2026-09-15 12:30,76914.09,77099.99,76818.30,76924.93,26748928
2026-09-15 13:00,76916.25,77094.05,76863.01,76907.23,94724096
2026-09-15 13:30,76896.04,76896.04,76094.68,76571.36,1400965120
2026-09-15 14:00,76580.49,76642.89,76267.33,76295.62,547588096
2026-09-15 14:30,76264.78,76285.60,75546.34,75853.18,1630779392
2026-09-15 15:00,75835.88,76460.02,75774.05,76296.36,516648960
2026-09-15 15:30,76291.52,76556.57,76236.44,76467.97,456435712
2026-09-15 16:00,76493.56,76529.96,76219.37,76422.67,164558848
2026-09-15 16:30,76423.44,76450.00,76246.42,76330.48,124022784
2026-09-15 17:00,76329.96,76488.09,76133.32,76470.72,41959424
2026-09-15 17:30,76459.71,77269.89,76459.71,76917.32,686675968
2026-09-15 18:00,76896.04,77124.76,76432.67,76835.68,424816640
2026-09-15 18:30,76840.14,76887.35,74931.00,75923.90,4892645376
2026-09-15 19:00,75902.55,76250.03,75765.58,75872.08,1684713472
2026-09-15 19:30,75864.79,76129.52,75809.87,76129.52,388595712
2026-09-15 20:00,76119.47,76179.11,75687.34,75687.34,476520448
2026-09-15 20:30,75668.67,75946.03,75565.97,75871.40,1469276160
2026-09-15 21:00,75873.92,75901.01,75592.48,75624.24,243539968
2026-09-15 21:30,75619.06,75710.42,75347.66,75414.74,218935296
2026-09-15 22:00,75404.19,75517.28,75110.04,75434.53,271265792
2026-09-15 22:30,75438.55,75690.22,75430.57,75611.00,469778432
2026-09-15 23:00,75613.26,75890.49,75613.26,75681.42,231948288
2026-09-15 23:30,75648.20,75683.20,75509.72,75584.17,482689024
2026-09-16 00:00,75594.45,75792.04,75523.35,75790.73,250482688
2026-09-16 00:30,75795.99,75860.77,75670.41,75712.21,297447424
2026-09-16 01:00,75715.43,75901.01,75643.94,75815.69,200847360
2026-09-16 01:30,75811.58,75811.58,75403.01,75434.59,1261400064
2026-09-16 02:00,75431.47,75884.85,75420.87,75880.67,250470400
2026-09-16 02:30,75911.48,76030.24,75750.14,75824.85,398536704
2026-09-16 03:00,75831.24,76016.37,75760.00,75789.38,277811200
2026-09-16 03:30,75784.85,75845.11,75694.54,75755.41,300400640
2026-09-16 04:00,75769.69,75933.48,75755.50,75811.58,98344960
2026-09-16 04:30,75803.87,75962.07,75745.58,75796.35,337526784
2026-09-16 05:00,75796.34,75857.95,75610.34,75827.53,215924736
2026-09-16 05:30,75825.73,75940.24,75775.78,75905.90,269316096
2026-09-16 06:00,75929.16,75972.75,75829.97,75857.60,387805184
2026-09-16 06:30,75854.99,75969.00,75753.19,75969.00,110927872
2026-09-16 07:00,75967.49,76025.16,75738.12,75746.32,297951232
2026-09-16 07:30,75754.14,75840.08,75665.67,75695.03,631574528
2026-09-16 08:00,75675.42,75688.99,75284.37,75350.46,364748800
2026-09-16 08:30,75361.70,75670.39,75361.70,75670.39,264716288
2026-09-16 09:00,75670.40,75883.43,75664.51,75767.64,429158400
2026-09-16 09:30,75769.12,75924.04,75769.12,75924.04,257085440
2026-09-16 10:00,75924.04,75980.46,75851.09,75908.96,144543744
2026-09-16 10:30,75908.97,75934.97,75829.26,75885.51,353480704
2026-09-16 11:00,75953.87,75984.63,75805.02,75903.97,81960960
2026-09-16 11:30,75897.61,76233.16,75886.39,76182.14,697647104
2026-09-16 12:00,76172.09,76232.38,75843.34,75874.36,475860992
2026-09-16 12:30,75863.96,75977.69,75725.81,75901.22,1094815744
2026-09-16 13:00,75890.41,75895.11,75607.85,75695.04,284610560
2026-09-16 13:30,75704.99,75874.31,75511.39,75582.09,121380864
2026-09-16 14:00,75584.32,75762.00,75351.57,75749.01,211267584
2026-09-16 14:30,75752.72,75755.86,75404.00,75618.98,563888128
2026-09-16 15:00,75636.08,75738.99,75469.96,75572.11,917078016
2026-09-16 15:30,75570.47,75888.80,75498.40,75729.31,23734272
2026-09-16 16:00,75739.11,75830.00,75579.42,75721.69,92297216
2026-09-16 16:30,75734.63,75774.40,75613.69,75701.60,338167808
2026-09-16 17:00,75701.55,75758.44,75567.05,75655.06,396392448
2026-09-16 17:30,75650.90,75847.07,75278.62,75778.44,275466240
2026-09-16 18:00,75691.36,76463.38,75324.71,75849.18,2295181312
2026-09-16 18:30,75924.52,76213.07,75006.40,75552.62,34877440
2026-09-16 19:00,75596.48,76108.27,75172.15,75451.99,165484544
2026-09-16 19:30,75441.60,76053.54,75368.34,76010.21,512581632
2026-09-16 20:00,76000.00,76330.23,75941.73,76133.52,161527808
2026-09-16 20:30,76154.54,76179.99,75950.55,76101.46,182722560
2026-09-16 21:00,76104.51,76148.79,75961.44,76000.04,113840128
2026-09-16 21:30,76000.05,76023.99,75863.78,75907.46,170688512
2026-09-16 22:00,75923.69,75924.81,75605.07,75691.20,124639232
2026-09-16 22:30,75659.72,75761.63,75579.06,75620.08,60932096
2026-09-16 23:00,75617.25,76082.79,75578.70,76016.69,339462144
2026-09-16 23:30,76009.12,76214.78,76000.00,76143.96,192927744
2026-09-17 00:00,76144.99,76419.22,76115.15,76341.96,360192000
2026-09-17 00:30,76321.50,76445.67,76268.57,76273.32,172384256
2026-09-17 01:00,76278.72,76585.59,76148.80,76565.88,259104768
2026-09-17 01:30,76550.31,76704.26,76260.01,76296.81,395724800
2026-09-17 02:00,76298.05,76328.40,75991.77,76112.62,345683968
2026-09-17 02:30,76112.62,76418.18,76084.18,76303.74,1931118592
2026-09-17 03:00,76303.74,76431.98,76300.95,76425.05,83382272
2026-09-17 03:30,76423.32,76461.84,76332.30,76364.56,218884096
2026-09-17 04:00,76364.57,76364.57,76107.22,76128.81,140150784
2026-09-17 04:30,76126.53,76512.24,76101.23,76460.83,501706752
2026-09-17 05:00,76453.98,76560.47,76334.71,76415.17,126803968
2026-09-17 05:30,76415.17,76415.17,76234.93,76250.98,880893952
2026-09-17 06:00,76232.09,76403.34,76222.30,76355.80,135735296
2026-09-17 06:30,76387.99,76521.14,76377.60,76402.92,186947584
2026-09-17 07:00,76392.65,76603.15,76392.65,76447.56,63690752
2026-09-17 07:30,76456.06,76461.48,76342.38,76377.57,196542464
2026-09-17 08:00,76388.13,76458.79,76311.43,76377.60,23431168
2026-09-17 08:30,76382.51,76514.92,76329.32,76497.64,84811776
2026-09-17 09:00,76499.86,76666.92,76499.86,76604.32,133892096
2026-09-17 09:30,76604.32,76695.00,76394.34,76395.94,260954112
2026-09-17 10:00,76394.34,76400.99,76237.21,76261.47,145565696
2026-09-17 10:30,76262.84,76341.51,76184.38,76329.95,361691136
2026-09-17 11:00,76328.52,76384.91,76264.19,76315.19,147277824
2026-09-17 11:30,76315.20,76400.99,76094.02,76400.99,102316032
2026-09-17 12:00,76398.60,76929.85,76329.65,76914.39,346976256
2026-09-17 12:30,76917.51,77076.90,76659.83,76659.83,572262400
2026-09-17 13:00,76646.71,76816.06,76388.86,76402.20,218288128
2026-09-17 13:30,76399.46,76616.24,75937.10,76612.26,469176320
2026-09-17 14:00,76633.58,76966.75,76314.72,76863.51,321323008
2026-09-17 14:30,76873.39,76942.71,76417.94,76423.62,375562240
2026-09-17 15:00,76428.72,76428.72,76193.75,76379.97,236339200
2026-09-17 15:30,76394.18,76791.10,76371.13,76676.42,1022089216
2026-09-17 16:00,76704.34,76740.29,76593.74,76631.91,160309248
2026-09-17 16:30,76635.94,76688.01,76467.95,76688.01,1243205632
2026-09-17 17:00,76700.00,76887.74,76671.60,76863.45,326946816
2026-09-17 17:30,76864.07,76900.66,76506.30,76606.83,190650368
2026-09-17 18:00,76607.80,76727.87,76580.03,76681.60,0
2026-09-17 18:30,76681.71,76693.95,76401.01,76506.40,0
2026-09-17 19:00,76506.40,76564.79,76430.93,76522.07,0
2026-09-17 19:30,76517.80,76623.11,76436.41,76543.34,0
2026-09-17 20:00,76524.55,76672.49,76466.01,76644.83,0
2026-09-17 20:30,76639.34,76639.34,76425.01,76498.54,203313152
2026-09-17 21:00,76498.54,76562.23,76429.62,76491.95,69167104
2026-09-17 21:30,76487.39,76516.98,76343.21,76352.55,2560000
2026-09-17 22:00,76343.21,76400.34,76186.88,76202.58,155897856
2026-09-17 22:30,76202.58,76389.28,76190.40,76359.87,110260224
2026-09-17 23:00,76359.87,76444.50,76334.16,76416.78,39979008
2026-09-17 23:30,76418.74,76436.18,76320.97,76348.74,260126720
2026-09-18 00:00,76342.50,76404.12,76217.11,76316.63,40421376
2026-09-18 00:30,76322.69,76529.62,76274.71,76526.10,68454400
2026-09-18 01:00,76529.62,76621.54,76445.17,76528.08,738484224
2026-09-18 01:30,76521.98,76696.74,76509.83,76659.40,1595392
2026-09-18 02:00,76664.65,76859.23,76568.48,76859.23,61339648
2026-09-18 02:30,76868.44,76966.87,76841.46,76910.80,196720640
2026-09-18 03:00,76909.34,77516.73,76900.01,77356.87,693204992
2026-09-18 03:30,77378.97,77429.98,77243.40,77297.70,486080512
2026-09-18 04:00,77312.13,77345.75,77162.14,77200.67,422701056
2026-09-18 04:30,77211.83,77496.26,77143.09,77496.26,576444416
2026-09-18 05:00,77508.48,77599.99,77370.95,77534.99,1274884096
2026-09-18 05:30,77539.19,77639.31,77384.78,77426.77,309112832
2026-09-18 06:00,77433.97,77606.37,77412.93,77467.49,258297856
2026-09-18 06:30,77467.49,77538.53,77332.07,77527.38,363866112
2026-09-18 07:00,77517.68,77774.06,77500.74,77721.65,481054720
2026-09-18 07:30,77730.39,77773.14,77658.42,77734.78,683233280
2026-09-18 08:00,77729.14,77996.93,77586.99,77881.76,608671744
2026-09-18 08:30,77871.87,78200.00,77833.84,78200.00,323563520
2026-09-18 09:00,78191.56,78403.84,78095.16,78095.27,831170560
2026-09-18 09:30,78095.16,78149.61,77945.43,78148.14,440141824
2026-09-18 10:00,78138.47,78212.48,78045.59,78211.00,342915072
2026-09-18 10:30,78210.99,78296.39,78123.10,78221.46,216582144
2026-09-18 11:00,78212.38,78351.83,77973.18,77985.30,534214656
2026-09-18 11:30,77980.24,78113.48,77956.47,77995.19,169246720
2026-09-18 12:00,78011.38,78049.73,77917.19,77951.78,18358272
2026-09-18 12:30,77951.78,78124.08,77922.66,77979.59,113704960
2026-09-18 13:00,77977.62,78116.22,77918.55,78116.22,29771776
2026-09-18 13:30,78094.48,80416.22,78074.10,80026.99,1990123520
2026-09-18 14:00,80114.61,80947.55,80086.35,80669.03,2654701568
2026-09-18 14:30,80694.90,80925.41,80465.70,80904.09,1632946176
2026-09-18 15:00,80904.99,81090.64,80522.79,80924.92,1386831872
2026-09-18 15:30,80941.03,80941.03,80504.15,80698.24,2120964096
2026-09-18 16:00,80737.59,81057.36,80647.86,81003.82,1012596736
2026-09-18 16:30,81034.64,81236.73,80748.08,80829.00,703922176
2026-09-18 17:00,80833.56,80923.59,80619.00,80730.87,133230592
2026-09-18 17:30,80728.05,80996.89,80554.02,80992.59,117927936
2026-09-18 18:00,80982.24,80982.24,80787.32,80981.93,551657472
2026-09-18 18:30,80979.40,81125.71,80854.62,80916.38,268926976
2026-09-18 19:00,80928.71,81385.50,80884.96,81240.12,559882240
2026-09-18 19:30,81235.29,81347.38,81030.35,81180.00,733446144
2026-09-18 20:00,81199.62,81226.77,80928.04,81000.63,605908992
2026-09-18 20:30,81023.17,81173.74,80950.00,81096.19,1793544192
2026-09-18 21:00,81109.59,81274.77,81081.00,81178.13,171008000
2026-09-18 21:30,81184.16,81282.01,81125.06,81223.78,1763168256
2026-09-18 22:00,81223.78,81364.49,81195.70,81251.50,126939136
2026-09-18 22:30,81251.50,81251.51,81063.55,81124.52,151187456
2026-09-18 23:00,81133.88,81192.88,80969.00,80983.16,157392896
2026-09-18 23:30,80977.51,81011.79,80844.12,80875.10,331186176
2026-09-19 00:00,80891.43,81087.66,80827.44,81085.12,171347968
2026-09-19 00:30,81085.12,81654.63,81085.12,81654.63,590929920
2026-09-19 01:00,81637.51,81707.67,81081.01,81232.89,556359680
2026-09-19 01:30,81232.78,81400.28,81035.74,81262.51,550133760
2026-09-19 02:00,81267.79,81425.81,81229.16,81325.64,174432256
2026-09-19 02:30,81320.87,81419.83,81244.32,81261.01,11309056
2026-09-19 03:00,81276.06,81367.89,81113.47,81113.51,162775040
2026-09-19 03:30,81113.47,81164.99,81095.13,81105.03,122642432
2026-09-19 04:00,81105.05,81205.18,81088.91,81106.59,97738752
2026-09-19 04:30,81106.59,81106.59,80893.60,81001.68,165277696
2026-09-19 05:00,80997.75,81126.00,80990.96,81040.32,138436608
2026-09-19 05:30,81040.32,81096.57,80985.53,81022.50,136478720
2026-09-19 06:00,81033.50,81046.29,80900.00,80934.99,198160384
2026-09-19 06:30,80949.36,81077.03,80949.36,81013.56,82583552
2026-09-19 07:00,81023.69,81217.51,81023.69,81077.46,0
2026-09-19 07:30,81077.95,81153.11,80998.39,81061.15,82604032
2026-09-19 08:00,81083.43,81374.97,81039.01,81270.00,152064000
2026-09-19 08:30,81265.22,81371.97,81248.54,81297.65,95928320
2026-09-19 09:00,81298.18,81493.21,81257.53,81384.65,76312576
2026-09-19 09:30,81389.15,81416.75,81225.98,81298.84,357007360
2026-09-19 10:00,81291.00,81308.96,81210.83,81256.18,0
2026-09-19 10:30,81254.33,81300.00,81176.06,81189.60,117436416
2026-09-19 11:00,81195.19,81340.28,81175.12,81239.05,127283200
2026-09-19 11:30,81239.05,81290.86,81209.40,81280.00,192839680
2026-09-19 12:00,81280.01,81342.14,81193.21,81225.05,171814912
2026-09-19 12:30,81202.69,81320.45,81202.69,81309.99,59473920
2026-09-19 13:00,81291.00,81320.88,81149.60,81214.37,246077440
2026-09-19 13:30,81215.82,81335.92,81173.38,81325.00,0
2026-09-19 14:00,81324.89,81549.99,81306.32,81549.99,0
2026-09-19 14:30,81554.66,81606.00,81443.51,81554.89,0
2026-09-19 15:00,81554.89,81736.02,81539.97,81542.01,0
2026-09-19 15:30,81543.65,81910.79,81543.65,81610.82,208340992
2026-09-19 16:00,81639.40,81857.28,81446.77,81792.81,0
2026-09-19 16:30,81807.39,81883.45,81790.00,81813.35,94836736
2026-09-19 17:00,81806.00,81829.53,81418.01,81509.25,16340992
2026-09-19 17:30,81526.96,81568.38,81425.24,81437.10,163469312
2026-09-19 18:00,81435.40,81521.99,81311.16,81430.51,8343552
2026-09-19 18:30,81430.51,81502.97,81364.50,81412.24,0
2026-09-19 19:00,81427.32,81444.61,81325.36,81374.86,0
2026-09-19 19:30,81374.86,81377.05,81293.76,81344.02,0
2026-09-19 20:00,81339.03,81414.00,81237.02,81237.02,0
2026-09-19 20:30,81237.02,81271.62,81061.29,81129.98,82225152
2026-09-19 21:00,81129.98,81199.99,80872.47,81031.54,132556800
2026-09-19 21:30,81036.11,81136.84,80912.61,81063.73,150585344
2026-09-19 22:00,81063.72,81063.72,80926.05,81059.99,118185984
2026-09-19 22:30,81034.68,81240.29,81034.68,81232.47,112785408
2026-09-19 23:00,81232.47,81286.39,81187.38,81279.18,147718144
2026-09-19 23:30,81279.18,81340.79,81220.97,81233.53,116076544
2026-09-20 00:00,81233.91,81293.07,81176.16,81279.55,68642816
2026-09-20 00:30,81279.56,81302.35,81219.38,81277.49,106625024
2026-09-20 01:00,81261.97,81278.26,81066.40,81088.79,0
2026-09-20 01:30,81082.27,81103.80,81000.00,81071.71,115671040
2026-09-20 02:00,81066.88,81131.50,80944.84,80944.85,272717824
2026-09-20 02:30,80955.00,80967.42,80230.03,80312.48,417925120
2026-09-20 03:00,80295.85,80498.60,80085.00,80356.50,1918982144
2026-09-20 03:30,80356.50,80480.51,80272.50,80458.39,451827712
2026-09-20 04:00,80472.95,80494.62,80304.00,80398.40,218390528
2026-09-20 04:30,80404.48,80455.30,80283.00,80395.94,128499712
2026-09-20 05:00,80404.82,80596.11,80377.51,80515.24,562860032
2026-09-20 05:30,80515.23,80590.25,80419.00,80456.01,276371456
2026-09-20 06:00,80456.01,80573.61,80391.37,80426.21,185800704
2026-09-20 06:30,80426.60,80454.74,80185.82,80272.50,252383232
2026-09-20 07:00,80272.50,80392.64,80254.83,80364.77,97650688
2026-09-20 07:30,80364.77,80364.77,80262.01,80284.56,88416256
2026-09-20 08:00,80284.56,80428.84,80278.39,80345.60,770203648
2026-09-20 08:30,80345.60,80384.98,80139.64,80228.20,87203840
2026-09-20 09:00,80221.00,80364.47,80219.99,80345.70,29208576
2026-09-20 09:30,80345.70,80541.59,80345.70,80430.01,161763328
2026-09-20 10:00,80431.62,80483.28,80292.64,80345.99,296626176
2026-09-20 10:30,80345.99,80398.48,80283.01,80283.01,6813696
2026-09-20 11:00,80270.11,80384.24,80242.53,80338.03,133042176
2026-09-20 11:30,80338.96,80498.19,80338.96,80442.98,291231744
2026-09-20 12:00,80430.05,80494.15,80321.31,80335.57,127582208
2026-09-20 12:30,80332.14,80461.49,80285.78,80451.14,91658240
2026-09-20 13:00,80451.14,80608.48,80447.82,80472.00,62945280
2026-09-20 13:30,80472.00,80544.80,80392.37,80522.05,92774400
2026-09-20 14:00,80522.05,80737.36,80379.11,80496.98,71370752
2026-09-20 14:30,80496.98,80730.49,80465.01,80639.54,132321280
2026-09-20 15:00,80639.59,80870.13,80635.07,80639.61,776486912
2026-09-20 15:30,80636.72,80930.98,80636.72,80874.20,221616128
2026-09-20 16:00,80895.75,81251.99,80787.00,81150.00,348119040
2026-09-20 16:30,81142.37,81472.04,81083.61,81311.99,431437824
2026-09-20 17:00,81320.42,81437.99,81113.22,81138.00,264382464
2026-09-20 17:30,81138.00,81405.31,81048.05,81129.33,241299456
2026-09-20 18:00,81124.15,81255.72,81000.05,81253.73,877281280
2026-09-20 18:30,81253.73,81299.54,81008.90,81021.22,245520384
2026-09-20 19:00,81030.00,81111.45,81030.00,81103.48,67186688
2026-09-20 19:30,81108.90,81279.52,81107.27,81162.44,74885120
2026-09-20 20:00,81170.04,81208.24,81075.17,81192.96,79609856
2026-09-20 20:30,81154.50,81208.66,81052.63,81073.47,116371456
2026-09-20 21:00,81073.48,81075.10,80605.42,80864.02,113117184
2026-09-20 21:30,80858.32,80934.00,80773.72,80916.05,0
2026-09-20 22:00,80933.99,81275.57,80793.00,81154.48,189927424
2026-09-20 22:30,81146.72,81254.73,81077.60,81196.49,160034816
2026-09-20 23:00,81187.78,81287.29,81100.53,81134.71,214247424
2026-09-20 23:30,81140.00,81312.03,81110.00,81159.54,163962880
2026-09-21 00:00,81149.25,81816.00,81149.25,81722.38,662941696
2026-09-21 00:30,81722.37,81824.69,81516.67,81604.82,673234944
2026-09-21 01:00,81588.09,82070.25,81500.00,81571.55,550389760
2026-09-21 01:30,81567.36,81643.49,80837.76,80981.78,857589760
2026-09-21 02:00,80976.96,81493.64,80962.34,81405.24,372946944
2026-09-21 02:30,81400.02,81400.02,81133.50,81299.86,629946368
2026-09-21 03:00,81318.38,81486.35,81218.57,81362.88,686219264
2026-09-21 03:30,81437.99,81554.99,81339.55,81411.50,39948288
2026-09-21 04:00,81411.51,81450.44,81227.41,81282.10,691779584
2026-09-21 04:30,81255.00,81488.60,81210.00,81374.25,123947008
2026-09-21 05:00,81365.61,81629.72,81285.35,81556.17,31920128
2026-09-21 05:30,81556.17,81772.72,81505.74,81538.66,240451584
2026-09-21 06:00,81541.95,81845.91,81520.09,81795.29,230750208
2026-09-21 06:30,81815.99,81815.99,81386.37,81621.54,212527104
2026-09-21 07:00,81609.39,81658.49,81450.46,81604.60,218284032
2026-09-21 07:30,81600.51,81711.00,81450.46,81704.88,322707456
2026-09-21 08:00,81715.38,82253.28,81715.38,82228.70,600502272
2026-09-21 08:30,82215.00,84094.21,82162.50,83749.14,5008644096
2026-09-21 09:00,83763.05,84520.57,83667.45,84462.24,3758692352
2026-09-21 09:30,84408.56,85134.14,84321.63,84640.50,3315193856
2026-09-21 10:00,84638.97,84781.40,84345.17,84345.17,1870811136
2026-09-21 10:30,84357.00,84440.35,84113.61,84412.79,1262792704
2026-09-21 11:00,84396.14,84689.34,84388.50,84650.86,601071616
2026-09-21 11:30,84629.94,84896.00,84589.97,84863.40,563765248
2026-09-21 12:00,84873.80,85358.38,84800.02,85056.82,1528401920
2026-09-21 12:30,85065.95,85396.55,85026.72,85319.09,2202062848
2026-09-21 13:00,85291.90,85411.53,84898.70,84913.68,2563117056
2026-09-21 13:30,84960.43,85811.38,84772.68,85413.59,2030436352
2026-09-21 14:00,85432.47,85762.36,85025.74,85702.51,2981384192
2026-09-21 14:30,85711.49,86113.67,85577.18,85835.55,2023370752
2026-09-21 15:00,85827.00,86348.99,85809.44,85851.22,1813331968
2026-09-21 15:30,85848.77,86183.98,85803.66,85932.61,1178976256
2026-09-21 16:00,85926.68,85981.69,85707.26,85850.97,509411328
2026-09-21 16:30,85855.11,86136.44,85619.12,85967.88,191991808
2026-09-21 17:00,85967.89,86126.52,85766.70,85895.32,883654656
2026-09-21 17:30,85890.02,85984.48,85683.48,85910.99,523911168
2026-09-21 18:00,85909.65,86076.69,85836.87,85934.71,371105792
2026-09-21 18:30,85946.58,86074.60,85814.13,86071.78,515702784
2026-09-21 19:00,86076.70,86437.13,85977.92,86375.83,561672192
2026-09-21 19:30,86376.27,86894.99,86330.82,86504.97,4184903680
2026-09-21 20:00,86532.15,87394.00,86532.15,87265.50,768442368
2026-09-21 20:30,87273.55,87273.55,86856.01,86989.91,1311580160
2026-09-21 21:00,86980.02,86980.02,86528.34,86608.25,403619840
2026-09-21 21:30,86608.24,86842.66,86557.30,86557.31,2588684288
2026-09-21 22:00,86557.30,86725.30,86344.07,86395.73,410304512
2026-09-21 22:30,86404.49,86582.31,86272.71,86423.12,2439868416
2026-09-21 23:00,86410.48,86680.56,86401.02,86468.16,455020544
2026-09-21 23:30,86468.17,86623.27,86337.10,86594.94,373764096
2026-09-22 00:00,86586.28,86609.84,86284.00,86394.00,16908288
2026-09-22 00:30,86380.00,86494.98,85843.48,85895.93,780214272
2026-09-22 01:00,85903.51,85950.15,85414.45,85756.82,616775680
2026-09-22 01:30,85751.45,85822.02,85519.97,85598.67,259321856
2026-09-22 02:00,85605.16,85832.78,85380.43,85723.35,704405504
2026-09-22 02:30,85733.41,85855.44,85620.92,85700.00,2210734080
2026-09-22 03:00,85700.00,85734.65,85288.15,85592.82,529924096
2026-09-22 03:30,85570.53,85675.00,85401.86,85667.84,466653184
2026-09-22 04:00,85678.68,85719.01,85475.96,85537.30,548159488
2026-09-22 04:30,85548.36,85604.17,85402.50,85430.00,691011584
2026-09-22 05:00,85454.47,85491.96,85138.23,85197.95,211513344
2026-09-22 05:30,85189.55,85588.01,85085.28,85392.80,477454336
2026-09-22 06:00,85411.96,85459.49,85230.01,85359.99,524025856
2026-09-22 06:30,85346.19,85559.03,85330.80,85359.23,1377280000
2026-09-22 07:00,85350.00,85485.23,85197.01,85301.99,245493760
2026-09-22 07:30,85302.00,85333.50,85150.02,85333.50,945844224
2026-09-22 08:00,85364.99,85554.53,85317.96,85401.79,195379200
2026-09-22 08:30,85395.97,86331.55,85321.71,86198.79,380915712
2026-09-22 09:00,86172.86,86172.86,85671.64,85878.27,1600679936
2026-09-22 09:30,85887.29,86259.00,85830.18,86238.82,0
2026-09-22 10:00,86208.37,86245.76,85811.92,85848.80,0
2026-09-22 10:30,85839.81,85959.78,85743.54,85875.02,190611456
2026-09-22 11:00,85867.85,86076.65,85763.50,85907.51,236068864
2026-09-22 11:30,85922.71,86123.71,85837.08,85969.07,75350016
2026-09-22 12:00,85969.08,86095.17,85768.08,86095.17,0
2026-09-22 12:30,86095.17,86155.47,85928.50,86008.43,1290764288
2026-09-22 13:00,86019.18,86210.35,85687.73,85717.97,1608957952
2026-09-22 13:30,85742.30,86358.29,85598.35,86328.79,0
2026-09-22 14:00,86338.23,86427.77,85922.60,85922.60,65146880
2026-09-22 14:30,85873.98,86255.26,85452.93,86255.26,421769216
2026-09-22 15:00,86268.06,86383.92,86113.62,86285.93,23523328
2026-09-22 15:30,86253.18,86734.00,86238.98,86418.45,269316096
2026-09-22 16:00,86416.54,86527.39,86077.18,86085.01,1229029376
2026-09-22 16:30,86079.85,86589.13,86062.67,86451.61,449933312
2026-09-22 17:00,86438.64,86599.99,86258.91,86599.99,412844032
2026-09-22 17:30,86601.99,86672.89,86419.87,86587.58,1748381696
2026-09-22 18:00,86608.19,86665.32,86317.63,86317.65,166301696
2026-09-22 18:30,86302.56,86594.43,86251.20,86469.58,390750208
2026-09-22 19:00,86474.45,86606.28,86409.00,86558.80,198557696
2026-09-22 19:30,86550.14,86550.14,86157.33,86236.92,153059328
2026-09-22 20:00,86219.09,86399.28,86143.84,86357.08,174911488
2026-09-22 20:30,86358.11,86381.82,86206.92,86262.57,0
2026-09-22 21:00,86286.98,86360.57,86212.94,86242.45,134144000
2026-09-22 21:30,86242.45,86313.47,86187.02,86187.02,8732672
2026-09-22 22:00,86194.42,86304.90,86014.05,86172.79,106090496
2026-09-22 22:30,86180.24,86285.69,86114.49,86121.86,114253824
2026-09-22 23:00,86129.47,86503.39,86124.41,86233.61,299200512
2026-09-22 23:30,86222.71,86269.89,86086.51,86198.05,217866240
2026-09-23 00:00,86189.22,86534.21,86130.00,86456.09,88039424
2026-09-23 00:30,86466.06,86584.26,86418.73,86451.93,107638784
2026-09-23 01:00,86470.38,86829.39,86433.31,86636.75,1306750976
2026-09-23 01:30,86636.75,86648.62,86165.53,86366.47,86679552
2026-09-23 02:00,86379.71,86632.28,86253.00,86579.46,130363392
2026-09-23 02:30,86579.46,86590.51,86440.92,86544.21,135110656
2026-09-23 03:00,86533.48,86808.11,86418.65,86684.27,0
2026-09-23 03:30,86689.75,86935.83,86656.44,86696.41,1424990208
2026-09-23 04:00,86711.29,87224.60,86623.78,87022.32,397713408
2026-09-23 04:30,87018.24,87280.83,87018.24,87164.81,1639473152
2026-09-23 05:00,87164.81,87164.81,86725.88,86767.02,345001984
2026-09-23 05:30,86760.38,86824.95,86415.01,86487.46,430649344
2026-09-23 06:00,86499.99,86608.19,86412.46,86416.32,209420288
2026-09-23 06:30,86416.32,86565.36,86360.62,86456.51,123318272
2026-09-23 07:00,86456.51,86461.99,86290.01,86401.88,279924736
2026-09-23 07:30,86420.18,86420.18,86001.68,86127.56,1279549440
2026-09-23 08:00,86128.20,86273.15,86079.84,86153.71,624762880
2026-09-23 08:30,86151.50,86209.23,85701.66,85901.81,253149184
2026-09-23 09:00,85901.82,86007.23,85857.97,85884.21,875184128
2026-09-23 09:30,85884.50,85931.55,85720.00,85845.03,466874368
2026-09-23 10:00,85858.80,85913.82,85638.39,85800.71,71172096
2026-09-23 10:30,85795.21,85915.45,85724.99,85906.76,189132800
2026-09-23 11:00,85906.67,85947.75,85452.77,85501.05,299847680
2026-09-23 11:30,85514.89,85662.89,85444.87,85634.94,446189568
2026-09-23 12:00,85646.84,85669.27,85247.86,85461.64,233238528
2026-09-23 12:30,85461.41,85566.27,85377.79,85482.10,315973632
2026-09-23 13:00,85471.18,85567.52,85265.00,85529.34,1408761856
2026-09-23 13:30,85505.00,85865.93,85499.20,85780.18,66539520
2026-09-23 14:00,85783.00,85921.22,83945.00,84008.77,4860542976
2026-09-23 14:30,83964.72,84561.12,83855.78,84521.35,2822103040
2026-09-23 15:00,84492.83,84783.14,84444.85,84505.22,2039402496
2026-09-23 15:30,84527.64,84544.31,83957.00,84006.19,563449856
2026-09-23 16:00,84002.63,84347.40,83548.34,84230.36,3046580224
2026-09-23 16:30,84248.06,84326.53,83834.25,84027.11,1415626752
2026-09-23 17:00,84030.44,84211.35,83723.64,84057.58,534814720
2026-09-23 17:30,84050.00,84380.71,83967.58,84316.16,732921856
2026-09-23 18:00,84318.84,84328.97,84132.17,84137.12,81469440
2026-09-23 18:30,84136.38,84405.80,84120.00,84313.00,93048832
2026-09-23 19:00,84313.00,84452.61,84211.46,84389.76,211501056
2026-09-23 19:30,84411.82,84572.00,84381.87,84522.35,67325952
2026-09-23 20:00,84518.67,84545.00,84251.00,84299.59,1620680704
2026-09-23 20:30,84315.10,84430.07,84208.47,84235.61,386768896
2026-09-23 21:00,84235.50,84421.23,84206.76,84412.78,294424576
2026-09-23 21:30,84416.26,84500.00,84399.35,84399.35,53301248
2026-09-23 22:00,84408.51,84655.41,84327.43,84470.27,188608512
2026-09-23 22:30,84466.69,84615.42,84380.81,84546.97,166514688
2026-09-23 23:00,84537.78,84565.29,84415.57,84476.63,0
2026-09-23 23:30,84484.99,84518.53,84332.05,84378.31,37666816
2026-09-24 00:00,84378.31,84479.92,84287.68,84332.13,27164672
2026-09-24 00:30,84348.50,84439.49,84212.54,84301.26,243363840
2026-09-24 01:00,84308.80,84391.82,84172.02,84227.63,2281472
2026-09-24 01:30,84209.44,84463.17,84050.01,84095.11,468279296
2026-09-24 02:00,84103.62,84245.14,83727.44,84150.26,325279744
2026-09-24 02:30,84150.28,84364.00,84124.79,84349.88,217210880
2026-09-24 03:00,84354.00,84474.99,83982.76,84049.04,1507598336
2026-09-24 03:30,84034.73,84034.73,83831.17,83928.16,351481856
2026-09-24 04:00,83928.16,83951.83,83766.50,83900.84,195059712
2026-09-24 04:30,83923.69,84043.62,83767.69,84024.37,15208448
2026-09-24 05:00,84024.37,84379.62,84023.14,84168.97,114429952
2026-09-24 05:30,84171.07,84235.19,83938.96,83962.33,38109184
2026-09-24 06:00,83963.97,84186.79,83905.42,84177.88,68841472
2026-09-24 06:30,84170.76,84212.77,84071.16,84095.61,246816768
2026-09-24 07:00,84080.69,84408.44,83931.81,84408.44,62410752
2026-09-24 07:30,84412.82,84589.66,84357.16,84497.46,559599616
2026-09-24 08:00,84518.54,84606.00,83762.12,83762.12,813391872
2026-09-24 08:30,83755.84,83957.11,83314.55,83615.25,602349568
2026-09-24 09:00,83655.59,83719.99,83311.80,83325.58,388694016
2026-09-24 09:30,83345.18,83345.18,82851.76,83241.98,1293737984
2026-09-24 10:00,83226.05,83370.90,83126.91,83235.88,530075648
2026-09-24 10:30,83234.23,83529.44,83130.25,83496.96,542216192
2026-09-24 11:00,83512.64,83589.96,83482.12,83505.96,275722240
2026-09-24 11:30,83517.41,83539.66,83371.32,83461.34,112869376
2026-09-24 12:00,83463.33,83648.28,83361.49,83527.69,27545600
2026-09-24 12:30,83534.53,83639.21,83315.04,83578.94,226131968
2026-09-24 13:00,83581.64,83939.98,83578.95,83752.00,180035584
2026-09-24 13:30,83751.23,84309.33,83751.23,84236.42,1495416832
2026-09-24 14:00,84222.72,84894.12,84113.39,84821.00,0
2026-09-24 14:30,84851.45,84851.45,83403.02,83657.22,719622144
2026-09-24 15:00,83588.67,84227.63,83484.14,84104.40,241844224
2026-09-24 15:30,84103.54,84449.20,84076.83,84401.36,76173312
2026-09-24 16:00,84408.89,84825.90,84010.92,84691.16,665448448
2026-09-24 16:30,84685.80,84897.04,84413.15,84467.74,155209728
2026-09-24 17:00,84424.89,84543.25,84180.85,84302.52,39673856
2026-09-24 17:30,84302.61,84419.62,83990.93,84093.80,160247808
2026-09-24 18:00,84085.94,84459.99,83860.30,84406.10,2105008128
2026-09-24 18:30,84405.04,84519.00,84218.90,84453.28,275521536
2026-09-24 19:00,84475.18,84638.59,84266.16,84610.13,219176960
2026-09-24 19:30,84618.25,84618.25,84303.32,84390.55,218177536
2026-09-24 20:00,84365.28,84424.83,84145.09,84252.13,326389760
2026-09-24 20:30,84250.82,84471.89,84185.98,84354.08,112783360
2026-09-24 21:00,84359.99,84441.60,84274.60,84405.53,1356058624
2026-09-24 21:30,84405.53,84488.50,84319.49,84332.07,23625728
2026-09-24 22:00,84311.96,84361.47,83945.36,84117.02,193593344
2026-09-24 22:30,84117.76,84266.14,84047.53,84263.42,394084352
2026-09-24 23:00,84263.40,84419.99,84239.06,84405.00,280694784
2026-09-24 23:30,84406.96,84456.03,84357.54,84385.46,145788928
2026-09-25 00:00,84388.46,84709.13,84388.46,84654.00,1247993856
2026-09-25 00:30,84655.69,84665.46,84532.03,84570.99,93462528
2026-09-25 01:00,84573.68,84787.82,84492.73,84516.54,206417920
2026-09-25 01:30,84516.56,84618.21,84334.33,84595.71,78147584
2026-09-25 02:00,84601.11,84870.39,84554.61,84679.00,137420800
2026-09-25 02:30,84668.09,84712.13,84153.04,84199.53,204636160
2026-09-25 03:00,84189.79,84317.25,84120.32,84129.16,445788160
2026-09-25 03:30,84120.34,84369.04,84052.19,84216.00,190971904
2026-09-25 04:00,84219.51,84219.51,84046.00,84108.00,223068160
2026-09-25 04:30,84108.00,84285.90,84108.00,84191.35,346861568
2026-09-25 05:00,84188.02,84261.11,84080.09,84168.01,134000640
2026-09-25 05:30,84160.00,84333.90,84099.00,84181.75,513400832
2026-09-25 06:00,84178.28,84270.48,83961.28,84092.12,199905280
2026-09-25 06:30,84092.12,84099.33,83924.99,84022.58,164630528
2026-09-25 07:00,84022.58,84049.56,83749.06,84039.91,227217408
2026-09-25 07:30,84042.02,84093.56,83802.00,84023.50,536924160
2026-09-25 08:00,84031.78,84497.98,84011.28,84407.76,7639040
2026-09-25 08:30,84403.31,84465.61,84269.18,84406.85,101625856
2026-09-25 09:00,84406.86,84832.70,84406.86,84797.71,91840512
2026-09-25 09:30,84797.71,84825.21,84556.22,84563.73,0
2026-09-25 10:00,84565.43,84741.01,84374.62,84713.36,12679168
2026-09-25 10:30,84694.82,84860.97,84649.06,84709.26,211453952
2026-09-25 11:00,84721.83,85249.99,84688.89,84922.59,1127882752
2026-09-25 11:30,84932.45,84943.59,84564.49,84566.68,335124480
2026-09-25 12:00,84580.04,84691.30,83905.42,84391.50,798826496
2026-09-25 12:30,84368.46,84535.54,84321.04,84453.53,1178619904
2026-09-25 13:00,84437.77,84556.19,84082.76,84084.46,542965760
2026-09-25 13:30,84047.26,84301.49,83574.32,83891.39,524546048
2026-09-25 14:00,83903.98,83998.77,83162.91,83635.04,1598246912
2026-09-25 14:30,83641.51,84021.91,83553.99,84002.58,0
2026-09-25 15:00,83976.38,84078.73,83711.74,83759.05,163463168
2026-09-25 15:30,83755.29,83866.46,83347.00,83781.71,632942592
2026-09-25 16:00,83793.59,84096.12,83790.45,83963.96,689483776
2026-09-25 16:30,83966.27,84029.50,83700.00,83723.23,986710016
2026-09-25 17:00,83733.46,83970.54,83673.35,83673.35,204505088
2026-09-25 17:30,83664.95,83827.00,83605.23,83761.83,178593792
2026-09-25 18:00,83768.13,84058.79,83768.13,83941.43,928440320
2026-09-25 18:30,83947.18,83999.48,83893.42,83949.99,180436992
2026-09-25 19:00,83973.11,84033.04,83909.76,83992.01,36691968
2026-09-25 19:30,83991.02,84057.60,83934.19,84000.02,37359616
2026-09-25 20:00,84007.56,84094.43,83926.95,84045.67,0
2026-09-25 20:30,84045.37,84176.97,83831.13,83867.63,204632064
2026-09-25 21:00,83867.63,83909.99,83615.09,83762.43,1226790912
2026-09-25 21:30,83762.43,83875.20,83711.29,83787.06,115716096
2026-09-25 22:00,83782.27,83966.69,83759.87,83903.24,81543168
2026-09-25 22:30,83909.56,84120.94,83902.25,84069.32,150773760
2026-09-25 23:00,84058.73,84096.21,84005.99,84087.66,113297408
2026-09-25 23:30,84087.66,84094.98,84026.40,84093.13,62001152
2026-09-26 00:00,84096.01,84135.10,83917.03,83941.46,128325632
2026-09-26 00:30,83941.46,83941.46,83777.78,83904.80,224153600
2026-09-26 01:00,83892.93,83981.50,83888.04,83937.31,138151936
2026-09-26 01:30,83937.33,84078.26,83927.94,84072.83,83556352
2026-09-26 02:00,84072.84,84130.61,83975.88,84017.41,128616448
2026-09-26 02:30,84017.41,84054.50,83987.79,83999.76,69294080
2026-09-26 03:00,83999.76,84020.42,83907.26,84015.61,0
2026-09-26 03:30,84011.34,84047.04,83920.67,83931.18,267030528
2026-09-26 04:00,83931.18,84040.78,83877.01,83877.01,164218880
2026-09-26 04:30,83847.55,83981.44,83837.38,83975.53,408973312
2026-09-26 05:00,83975.54,83999.99,83891.00,83922.82,153782272
2026-09-26 05:30,83922.83,83981.34,83879.14,83918.35,125372416
2026-09-26 06:00,83918.35,83934.90,83867.52,83933.47,65798144
2026-09-26 06:30,83933.47,83966.82,83882.61,83882.65,0
2026-09-26 07:00,83892.01,84015.41,83892.01,83998.83,105682944
2026-09-26 07:30,83998.83,84124.87,83998.82,84103.92,0
2026-09-26 08:00,84105.81,84106.25,84009.78,84092.93,0
2026-09-26 08:30,84095.30,84323.70,84095.30,84194.91,96989184
2026-09-26 09:00,84194.92,84205.56,83944.29,84013.10,54591488
2026-09-26 09:30,84016.68,84033.63,83956.41,84003.01,0
2026-09-26 10:00,84013.28,84173.75,84013.28,84135.79,104232960
2026-09-26 10:30,84135.79,84175.47,84101.39,84171.56,0
2026-09-26 11:00,84171.55,84193.52,84115.00,84146.39,0
2026-09-26 11:30,84160.67,84194.87,84154.32,84155.13,0
2026-09-26 12:00,84158.82,84190.46,84079.27,84084.81,0
2026-09-26 12:30,84084.81,84120.95,84030.74,84053.78,0
2026-09-26 13:00,84035.33,84115.26,83853.34,83920.25,0
2026-09-26 13:30,83920.25,83955.27,83846.40,83935.10,0
2026-09-26 14:00,83931.49,83972.23,83894.15,83972.23,0
2026-09-26 14:30,83972.23,84041.93,83972.23,84014.56,0
2026-09-26 15:00,84014.56,84047.68,83997.05,84047.60,0
2026-09-26 15:30,84047.60,84183.59,84047.60,84146.86,5314560
2026-09-26 16:00,84150.31,84150.31,84077.07,84101.83,0
2026-09-26 16:30,84101.83,84150.30,84082.42,84104.30,4373504
2026-09-26 17:00,84104.31,84118.62,84037.85,84044.35,21277696
2026-09-26 17:30,84052.20,84130.54,84025.11,84126.64,11828224
2026-09-26 18:00,84126.64,84156.49,84039.77,84058.50,44722176
2026-09-26 18:30,84058.49,84068.02,83966.38,83994.61,175707136
2026-09-26 19:00,83994.61,84043.82,83994.61,84011.95,36815872
2026-09-26 19:30,84004.99,84018.36,83946.70,84000.25,25999360
2026-09-26 20:00,84000.65,84073.52,83973.12,84066.88,0
2026-09-26 20:30,84066.89,84080.39,83814.07,84016.33,105135104
2026-09-26 21:00,84014.65,84191.71,84013.99,84191.71,53126144
2026-09-26 21:30,84200.69,84232.01,84090.02,84137.62,235101184
2026-09-26 22:00,84137.63,84394.66,84137.62,84329.88,592727040
2026-09-26 22:30,84329.88,84331.53,84243.08,84266.36,70472704
2026-09-26 23:00,84266.37,84428.19,84266.37,84363.26,90233856
2026-09-26 23:30,84363.27,84445.53,84325.71,84421.44,489911296
2026-09-27 00:00,84416.64,84423.31,84233.72,84242.51,21175296
2026-09-27 00:30,84242.51,84372.66,84242.51,84291.21,74187776
2026-09-27 01:00,84291.21,84392.85,84261.05,84311.04,0
2026-09-27 01:30,84311.04,84560.47,84287.70,84471.48,179865600
2026-09-27 02:00,84471.48,84522.85,84427.64,84487.33,168619008
2026-09-27 02:30,84487.33,84522.23,84418.00,84435.35,17187840
2026-09-27 03:00,84432.85,84502.35,84352.92,84372.72,91165696
2026-09-27 03:30,84372.72,84424.40,84353.30,84375.31,68064256
2026-09-27 04:00,84364.21,84482.59,84364.20,84395.53,18851840
2026-09-27 04:30,84390.72,84390.72,84274.01,84316.80,651264
2026-09-27 05:00,84316.80,84389.11,84300.48,84369.18,37089280
2026-09-27 05:30,84369.18,84617.27,84369.18,84475.27,763358208
2026-09-27 06:00,84444.35,84613.82,84444.35,84564.48,176730112
2026-09-27 06:30,84564.48,84580.18,84451.83,84506.52,148603904
2026-09-27 07:00,84495.37,84525.92,84467.40,84501.84,85441536
2026-09-27 07:30,84501.85,84779.71,84501.85,84773.26,133296128
2026-09-27 08:00,84786.67,84866.04,84704.99,84797.47,572707840
2026-09-27 08:30,84800.12,84882.50,84682.00,84775.68,424128512
2026-09-27 09:00,84779.82,84779.82,84575.04,84684.77,352814080
2026-09-27 09:30,84684.77,84946.31,84683.81,84934.07,913900544
2026-09-27 10:00,84927.73,85110.99,84882.80,84912.79,288314368
2026-09-27 10:30,84912.79,84928.49,84781.79,84861.72,199705600
2026-09-27 11:00,84841.00,84935.81,84828.61,84874.24,106681344
2026-09-27 11:30,84883.11,84909.23,84819.07,84877.02,46893056
2026-09-27 12:00,84876.93,85018.99,84876.93,84937.52,149673984
2026-09-27 12:30,84951.58,84994.10,84778.75,84783.88,52273152
2026-09-27 13:00,84753.04,84932.70,84625.75,84920.00,334104576
2026-09-27 13:30,84920.01,85133.45,84725.86,85029.34,289386496
2026-09-27 14:00,85011.70,85042.19,84680.81,84695.80,171231232
2026-09-27 14:30,84691.03,84783.68,84438.47,84520.00,519901184
2026-09-27 15:00,84524.70,84608.36,84368.73,84603.04,450691072
2026-09-27 15:30,84605.36,84634.14,84414.58,84449.48,235954176
2026-09-27 16:00,84446.09,84648.64,84446.09,84556.41,206542848
2026-09-27 16:30,84551.90,84551.90,84361.07,84409.67,261177344
2026-09-27 17:00,84410.31,84457.15,84317.28,84418.03,167002112
2026-09-27 17:30,84420.70,84564.29,84420.69,84559.74,67934208
2026-09-27 18:00,84544.48,84732.88,84542.35,84732.87,42000384
2026-09-27 18:30,84732.88,84809.65,84656.82,84798.73,945598464
2026-09-27 19:00,84802.98,84830.84,84663.23,84689.50,20908032
2026-09-27 19:30,84691.20,84807.36,84642.49,84717.81,91320320
2026-09-27 20:00,84719.73,84800.21,84597.40,84604.82,63338496
2026-09-27 20:30,84604.83,84635.49,84521.01,84532.20,210466816
2026-09-27 21:00,84533.80,84709.07,84533.80,84594.40,162342912
2026-09-27 21:30,84594.39,84680.63,84437.36,84663.43,190605312
2026-09-27 22:00,84676.42,84748.11,84263.28,84538.41,225861632
2026-09-27 22:30,84522.82,84522.82,84120.00,84167.81,244594688
2026-09-27 23:00,84176.27,84434.55,84116.05,84385.82,192747520
2026-09-27 23:30,84384.40,84525.70,84311.86,84462.13,49471488
2026-09-28 00:00,84462.14,84979.44,84355.13,84771.05,506902528
2026-09-28 00:30,84744.39,84744.39,84125.30,84125.80,892762112
2026-09-28 01:00,84120.95,84210.92,83870.94,84074.02,1103845376
2026-09-28 01:30,84057.38,84143.34,83606.99,83686.73,820789248
2026-09-28 02:00,83675.00,83772.47,83468.59,83610.01,904923136
2026-09-28 02:30,83620.05,83623.83,83377.07,83408.94,607930368
2026-09-28 03:00,83440.96,83519.03,83289.00,83306.15,417908736
2026-09-28 03:30,83297.28,83475.22,83200.01,83322.27,1151479808
2026-09-28 04:00,83325.16,83494.38,83215.55,83459.06,335411200
2026-09-28 04:30,83452.38,83494.33,83411.35,83482.47,910757888
2026-09-28 05:00,83466.24,83514.67,83001.11,83059.30,922212352
2026-09-28 05:30,83042.04,83179.96,82713.30,83162.30,1004175360
2026-09-28 06:00,83160.23,83286.60,83028.32,83028.41,427769856
2026-09-28 06:30,83030.04,83203.76,83013.17,83134.01,320671744
2026-09-28 07:00,83138.87,83252.50,82903.61,82911.38,1203681280
2026-09-28 07:30,82911.38,83086.05,82875.01,82912.04,889141248
2026-09-28 08:00,82898.26,83113.92,82775.52,82780.09,1125758976
2026-09-28 08:30,82820.15,82984.75,82731.64,82913.58,704692224
2026-09-28 09:00,82913.59,82961.57,82571.00,82783.54,740843520
2026-09-28 09:30,82789.54,82813.11,82561.20,82624.18,280680448
2026-09-28 10:00,82636.22,82819.42,82635.06,82774.19,961026048
2026-09-28 10:30,82785.85,83000.25,82733.72,82908.13,452687872
2026-09-28 11:00,82931.91,83039.14,82924.93,82988.79,405372928
2026-09-28 11:30,82988.78,83082.58,82945.94,83058.93,551782400
2026-09-28 12:00,83031.69,83487.03,82979.16,83342.32,2006157312
2026-09-28 12:30,83346.49,83612.22,83242.64,83539.02,352299008
2026-09-28 13:00,83549.14,83549.14,83281.08,83535.91,374802432
2026-09-28 13:30,83543.13,83803.34,83359.64,83629.89,1330255872
2026-09-28 14:00,83600.01,83600.01,83098.85,83215.30,724721664
2026-09-28 14:30,83233.51,83460.23,82573.50,82988.63,1356386304
2026-09-28 15:00,82994.00,83242.63,82773.76,83030.05,816500736
2026-09-28 15:30,83053.14,83375.83,82987.02,83365.80,995848192
2026-09-28 16:00,83342.43,84158.15,83227.93,83988.06,594825216
2026-09-28 16:30,84010.61,84093.16,83555.09,83677.39,1133297664
2026-09-28 17:00,83698.23,84327.30,83534.46,83868.12,993153024
2026-09-28 17:30,83890.30,84025.26,83809.36,83846.95,367595520
2026-09-28 18:00,83846.95,83979.82,83816.98,83902.21,373944320
2026-09-28 18:30,83907.40,84030.51,83771.54,84017.42,485171200
2026-09-28 19:00,84024.03,84024.03,83600.00,83602.92,1437618176
2026-09-28 19:30,83610.72,83621.45,83073.02,83364.84,448880640
2026-09-28 20:00,83350.03,83581.95,83232.35,83452.22,536764416
2026-09-28 20:30,83452.22,83546.64,83396.22,83501.48,115970048
2026-09-28 21:00,83516.20,83629.48,83407.50,83413.91,306991104
2026-09-28 21:30,83423.78,83437.93,83178.56,83181.03,143052800
2026-09-28 22:00,83196.00,83204.89,83057.53,83204.88,1063165952
2026-09-28 22:30,83201.84,83513.29,83201.84,83513.29,171094016
2026-09-28 23:00,83513.29,83602.85,83404.84,83549.33,0
2026-09-28 23:30,83558.00,83590.32,83456.34,83456.74,155242496
2026-09-29 00:00,83456.36,83513.99,83304.85,83504.92,147337216
2026-09-29 00:30,83495.60,83586.51,83136.82,83146.48,45547520
2026-09-29 01:00,83127.48,83205.98,82782.63,82782.63,0
2026-09-29 01:30,82767.00,83067.87,82738.08,83024.78,1406246912
2026-09-29 02:00,83030.19,83128.38,82880.39,82945.33,95924224
2026-09-29 02:30,82948.54,83074.90,82860.37,82947.34,90337280
2026-09-29 03:00,82941.95,83181.85,82841.83,83172.95,98476032
2026-09-29 03:30,83162.51,83179.64,83010.66,83033.88,216895488
2026-09-29 04:00,83038.38,83264.94,82986.30,83185.49,230649856
2026-09-29 04:30,83182.00,83182.00,83039.51,83170.57,561098752
2026-09-29 05:00,83174.72,83315.96,83140.52,83285.86,17731584
2026-09-29 05:30,83280.95,83399.12,82926.48,83398.45,1945600
2026-09-29 06:00,83401.49,83862.58,83377.06,83851.98,347725824
2026-09-29 06:30,83849.26,83980.48,83809.25,83976.01,1106010112
2026-09-29 07:00,83976.00,84048.66,83833.33,83954.62,280678400
2026-09-29 07:30,83969.41,84164.61,83926.50,83956.54,82399232
2026-09-29 08:00,83970.60,84330.99,83946.42,84128.60,0
2026-09-29 08:30,84124.40,84129.98,83761.42,83845.92,19816448
2026-09-29 09:00,83835.03,83864.18,83729.65,83812.29,10518528
2026-09-29 09:30,83812.29,84283.49,83805.78,84221.33,303163392
2026-09-29 10:00,84221.33,84312.98,84025.62,84125.10,257746944
2026-09-29 10:30,84125.10,84125.10,83945.39,84000.91,94867456
2026-09-29 11:00,84000.91,84073.50,83900.01,84033.69,173381632
2026-09-29 11:30,84045.51,84460.08,84039.48,84324.03,1063473152
2026-09-29 12:00,84325.98,84449.99,84100.98,84174.77,0
2026-09-29 12:30,84188.98,84451.46,84174.97,84309.21,85596160
2026-09-29 13:00,84303.91,84514.20,84234.80,84334.96,140666880
2026-09-29 13:30,84333.52,84431.80,83997.72,84186.22,0
2026-09-29 14:00,84192.42,84265.73,83836.00,83907.70,30994432
2026-09-29 14:30,83925.90,83999.45,83667.88,83717.42,473364480
2026-09-29 15:00,83727.86,83727.86,82874.55,82963.31,38817792
2026-09-29 15:30,82975.53,83296.94,82917.22,83041.39,642514944
2026-09-29 16:00,83064.09,83275.49,82933.82,83236.53,111966208
2026-09-29 16:30,83235.00,83251.24,82887.00,83034.93,162707456
2026-09-29 17:00,83026.63,83167.28,82983.24,83157.72,6782976
2026-09-29 17:30,83166.46,83196.07,82952.54,83055.42,124010496
2026-09-29 18:00,83099.98,83498.99,83099.98,83403.48,182173696
2026-09-29 18:30,83391.00,83670.55,83380.51,83609.98,226572288
2026-09-29 19:00,83609.21,83670.32,83503.75,83521.71,2033664
2026-09-29 19:30,83521.85,83621.26,83379.90,83549.01,199985152
2026-09-29 20:00,83579.86,83625.20,83472.55,83596.55,62097408
2026-09-29 20:30,83590.77,83634.54,83553.32,83582.67,40308736
2026-09-29 21:00,83585.34,83590.11,83338.57,83382.16,345368576
2026-09-29 21:30,83382.15,83503.03,83372.93,83473.88,287569920
2026-09-29 22:00,83473.96,83682.28,83473.96,83554.26,367915008
2026-09-29 22:30,83547.55,83622.00,83493.33,83578.83,135536640
2026-09-29 23:00,83570.81,83821.49,83570.81,83724.24,243140608
2026-09-29 23:30,83724.24,83724.24,83594.48,83638.41,255721472
2026-09-30 00:00,83652.69,83699.99,83374.76,83536.78,231612416
2026-09-30 00:30,83536.78,83594.53,83307.01,83418.28,254185472
2026-09-30 01:00,83417.07,83517.67,83355.19,83392.21,69498880
2026-09-30 01:30,83363.85,83465.24,83296.26,83404.77,749383680
2026-09-30 02:00,83415.83,83584.00,83335.15,83383.19,116846592
2026-09-30 02:30,83383.19,83446.59,83247.71,83347.67,123260928
2026-09-30 03:00,83352.70,83390.35,83129.34,83278.15,69650432
2026-09-30 03:30,83265.95,83387.09,83212.50,83269.16,74887168
2026-09-30 04:00,83265.85,83386.66,83265.85,83331.67,62773248
2026-09-30 04:30,83331.71,83365.29,83164.65,83168.27,359403520
2026-09-30 05:00,83179.75,83347.82,83150.90,83347.81,321574912
2026-09-30 05:30,83346.14,83468.37,83265.54,83344.69,156893184
2026-09-30 06:00,83351.60,83391.27,83024.53,83128.49,574810112
2026-09-30 06:30,83125.51,83153.87,82929.99,83005.88,378060800
2026-09-30 07:00,83007.53,83358.69,82918.97,83259.93,161724416
2026-09-30 07:30,83258.02,83431.80,83223.01,83271.38,358336512
2026-09-30 08:00,83254.86,83288.05,83075.76,83086.51,804460544
2026-09-30 08:30,83075.29,83135.97,82974.25,83023.15,329342976
2026-09-30 09:00,83023.16,83398.27,83012.52,83385.17,138004480
2026-09-30 09:30,83390.06,83758.50,83380.50,83598.19,1011689472
2026-09-30 10:00,83600.12,83828.80,83600.12,83760.00,148895744
2026-09-30 10:30,83760.00,83928.06,83760.00,83883.36,276709376
2026-09-30 11:00,83874.17,83874.17,83657.10,83815.16,300316672
2026-09-30 11:30,83815.15,83951.18,83708.23,83879.01,170436608
2026-09-30 12:00,83890.88,83909.37,83716.43,83881.91,23683072
2026-09-30 12:30,83912.21,85482.75,83912.21,85258.07,3377600512
2026-09-30 13:00,85300.19,85599.92,85065.25,85167.75,2771163136
2026-09-30 13:30,85172.61,85518.06,84019.57,84579.82,1036142592
2026-09-30 14:00,84612.25,84612.25,83620.70,83724.86,1603293184
2026-09-30 14:30,83709.48,83932.68,83327.56,83754.47,2822639616
2026-09-30 15:00,83709.34,83973.41,83630.39,83846.58,1044545536
2026-09-30 15:30,83861.39,84233.87,83843.75,84078.97,1206386688
2026-09-30 16:00,84094.21,84442.63,84069.52,84239.74,976785408
2026-09-30 16:30,84235.49,84430.80,84157.90,84299.85,315117568
2026-09-30 17:00,84294.00,84390.17,83952.26,84173.04,166817792
2026-09-30 17:30,84158.94,84158.94,83871.21,84007.81,413241344
2026-09-30 18:00,83977.64,84040.17,83837.01,83888.37,204034048
2026-09-30 18:30,83888.36,83950.40,83755.00,83911.91,285540352
2026-09-30 19:00,83930.07,83930.07,83575.00,83701.73,126152704
2026-09-30 19:30,83696.45,83899.45,83446.62,83558.98,451002368
2026-09-30 20:00,83551.79,83711.31,83473.20,83691.61,700039168
2026-09-30 20:30,83672.32,83682.79,83581.77,83617.76,174583808
2026-09-30 21:00,83648.60,83771.19,83640.97,83698.49,227823616
2026-09-30 21:30,83678.00,83769.21,83657.76,83712.59,23650304
2026-09-30 22:00,83725.99,83771.72,83543.40,83771.13,1232896
2026-09-30 22:30,83773.72,83792.40,83619.92,83625.15,240726016
2026-09-30 23:00,83617.47,83771.17,83573.88,83604.55,294805504
2026-09-30 23:30,83604.53,83632.33,83463.33,83556.15,1392881664
2026-10-01 00:00,83554.66,83582.34,83369.06,83430.24,366108672
2026-10-01 00:30,83418.01,83539.64,83376.48,83455.89,250486784
2026-10-01 01:00,83464.63,83636.05,83435.68,83567.55,144498688
2026-10-01 01:30,83560.21,83564.74,83426.22,83459.61,252284928
2026-10-01 02:00,83459.61,83614.98,83366.08,83496.22,179294208
2026-10-01 02:30,83480.87,83546.55,83352.42,83444.13,314445824
2026-10-01 03:00,83440.41,83499.99,83368.40,83473.13,329076736
2026-10-01 03:30,83456.45,83724.71,83400.00,83695.54,176680960
2026-10-01 04:00,83704.94,83876.09,83658.43,83813.00,512667648
2026-10-01 04:30,83832.51,84154.22,83725.62,84049.59,241061888
2026-10-01 05:00,84060.07,84270.65,83963.76,84236.72,1167020032
2026-10-01 05:30,84243.76,84320.00,84150.96,84252.01,226729984
2026-10-01 06:00,84252.00,84368.26,84186.61,84306.76,182284288
2026-10-01 06:30,84306.76,84315.58,84068.29,84076.26,232448000
2026-10-01 07:00,84069.37,84176.09,83291.00,83319.70,642207744
2026-10-01 07:30,83330.21,83622.27,83308.52,83371.84,1747505152
2026-10-01 08:00,83401.67,83487.32,83289.00,83370.91,628690944
2026-10-01 08:30,83354.41,83530.37,83130.76,83519.46,584089600
2026-10-01 09:00,83510.06,83745.53,83503.43,83724.69,312020992
2026-10-01 09:30,83741.28,83863.84,83703.86,83744.48,186736640
2026-10-01 10:00,83765.12,83765.12,83373.15,83640.12,268091392
2026-10-01 10:30,83649.58,84047.71,83649.58,83922.06,413880320
2026-10-01 11:00,83935.64,83935.64,83743.12,83847.66,819535872
2026-10-01 11:30,83834.06,84016.45,83757.63,83882.02,631730176
2026-10-01 12:00,83896.45,83985.20,83834.82,83876.98,11710464
2026-10-01 12:30,83878.25,84030.76,83643.40,83706.46,0
2026-10-01 13:00,83717.55,83718.58,83434.00,83439.40,0
2026-10-01 13:30,83459.43,83996.00,83430.64,83925.41,26382336
2026-10-01 14:00,83896.63,84177.99,83559.69,84091.50,461940736
2026-10-01 14:30,84087.28,84315.01,83750.03,84022.73,0
2026-10-01 15:00,84007.71,84285.45,83800.78,84070.12,1115467776
2026-10-01 15:30,84051.00,84257.94,83790.23,84130.06,394958848
2026-10-01 16:00,84135.73,84387.88,84101.50,84266.74,469950464
2026-10-01 16:30,84281.89,84598.64,84027.79,84164.70,282566656
2026-10-01 17:00,84164.71,84898.36,84157.03,84884.24,442906624
2026-10-01 17:30,84922.00,85051.56,84747.08,84872.05,732264448
2026-10-01 18:00,84863.41,84953.36,84651.00,84764.64,511375360
2026-10-01 18:30,84762.92,85233.99,84633.40,84767.85,398053376
2026-10-01 19:00,84769.93,84864.83,84563.92,84582.84,320241664
2026-10-01 19:30,84589.76,84739.72,84545.05,84644.93,91140096
2026-10-01 20:00,84647.39,84823.82,84641.54,84733.06,940929024
2026-10-01 20:30,84733.05,84754.25,84530.15,84607.08,322971648
2026-10-01 21:00,84605.78,84664.95,84536.02,84559.97,481558528
2026-10-01 21:30,84552.15,84590.06,84462.53,84529.22,411547648
2026-10-01 22:00,84517.93,84771.66,84517.93,84675.49,274798592
2026-10-01 22:30,84666.02,84766.36,84598.10,84719.22,1125654528
2026-10-01 23:00,84696.92,84751.43,84616.87,84714.67,68481024
2026-10-01 23:30,84708.17,84882.00,84675.48,84848.73,124565504
2026-10-02 00:00,84847.80,84920.48,84740.00,84775.00,273393664
2026-10-02 00:30,84768.41,84874.55,84675.48,84762.75,327364608
2026-10-02 01:00,84770.15,84770.15,84489.45,84592.64,270747648
2026-10-02 01:30,84591.21,84962.11,84541.36,84883.75,130951168
2026-10-02 02:00,84878.13,85096.15,84830.18,84902.81,360091648
2026-10-02 02:30,84910.68,85187.03,84827.33,85165.74,176465920
2026-10-02 03:00,85155.92,85491.39,85155.92,85248.08,1573908480
2026-10-02 03:30,85249.98,85532.10,85236.85,85485.81,269025280
2026-10-02 04:00,85487.45,86771.48,85434.35,86763.49,1120698368
2026-10-02 04:30,86799.00,86842.52,86358.68,86641.69,2075148288
2026-10-02 05:00,86633.33,86649.99,86269.26,86322.68,1540960256
2026-10-02 05:30,86322.69,86369.54,85868.02,85979.95,539664384
2026-10-02 06:00,85990.71,86084.34,85859.06,86027.35,683585536
2026-10-02 06:30,85992.79,86074.63,85901.15,85964.37,701997056
2026-10-02 07:00,85959.91,86037.06,85866.58,85928.64,10027008
2026-10-02 07:30,85916.45,86152.84,85748.15,86088.51,340570112
2026-10-02 08:00,86095.68,86611.45,86054.08,86380.77,372404224
2026-10-02 08:30,86399.99,86463.74,86201.36,86235.65,48283648
2026-10-02 09:00,86235.65,86250.46,86100.00,86195.13,719138816
2026-10-02 09:30,86195.22,86423.45,86164.00,86352.27,213024768
2026-10-02 10:00,86362.39,86433.23,86158.00,86398.96,414810112
2026-10-02 10:30,86392.18,86486.82,86273.80,86281.00,362479616
2026-10-02 11:00,86291.46,86499.08,86259.68,86419.75,322969600
2026-10-02 11:30,86419.75,86564.06,86411.00,86412.21,191717376
2026-10-02 12:00,86374.49,86649.99,86294.95,86607.07,374607872
2026-10-02 12:30,86853.29,87237.40,86424.88,86811.28,2202517504
2026-10-02 13:00,86794.99,86942.25,86600.00,86608.59,611659776
2026-10-02 13:30,86586.59,87136.01,86460.01,86579.01,740052992
2026-10-02 14:00,86566.22,86841.04,86080.45,86080.45,391553024
2026-10-02 14:30,86040.70,86157.53,85406.01,85671.83,977956864
2026-10-02 15:00,85717.01,85737.90,85311.68,85465.35,635559936
2026-10-02 15:30,85438.18,85551.53,85156.61,85316.35,790286336
2026-10-02 16:00,85315.98,85497.06,85116.92,85167.68,1339150336
2026-10-02 16:30,85196.68,85289.31,85001.58,85143.50,46768128
2026-10-02 17:00,85149.99,85247.75,84590.03,84590.03,1510666240
2026-10-02 17:30,84607.03,84798.34,84493.43,84776.09,2142531584
2026-10-02 18:00,84760.00,84889.99,84539.00,84616.97,412659712
2026-10-02 18:30,84629.99,84629.99,83852.30,84240.84,2124414976
2026-10-02 19:00,84240.81,84295.34,83962.70,84116.47,689602560
2026-10-02 19:30,84112.77,84318.98,84073.94,84291.49,634744832
2026-10-02 20:00,84309.38,84528.02,84309.38,84322.45,368984064
2026-10-02 20:30,84316.60,84476.32,84200.00,84430.55,740929536
2026-10-02 21:00,84413.58,84530.82,84412.19,84425.31,88678400
2026-10-02 21:30,84425.30,84535.43,84400.06,84512.60,340758528
2026-10-02 22:00,84514.02,84550.99,84440.02,84504.96,381063168
2026-10-02 22:30,84504.97,84557.00,84476.25,84549.58,360919040
2026-10-02 23:00,84549.59,84552.00,84463.69,84543.78,194097152
2026-10-02 23:30,84543.52,84560.80,84489.58,84504.88,251224064
2026-10-03 00:00,84508.42,84559.35,84433.19,84541.88,154124288
2026-10-03 00:30,84547.81,84673.65,84547.81,84638.72,770048
2026-10-03 01:00,84648.39,84705.25,84576.33,84603.89,606433280
2026-10-03 01:30,84604.25,84655.98,84599.03,84628.15,53350400
2026-10-03 02:00,84628.15,84666.21,84585.22,84640.03,91041792
2026-10-03 02:30,84627.69,84684.33,84585.02,84585.03,0
2026-10-03 03:00,84585.02,84610.32,84512.97,84577.22,3497984
2026-10-03 03:30,84577.21,84681.00,84577.21,84681.00,322347008
2026-10-03 04:00,84688.74,84718.25,84510.36,84513.42,0
2026-10-03 04:30,84513.42,84600.07,84504.46,84573.84,0
2026-10-03 05:00,84573.84,84612.06,84538.01,84612.06,74518528
2026-10-03 05:30,84612.06,84649.82,84605.87,84629.22,0
2026-10-03 06:00,84629.22,84665.86,84614.00,84628.49,0
2026-10-03 06:30,84628.49,84649.74,84540.77,84572.27,61984768
2026-10-03 07:00,84572.29,84626.33,84552.00,84626.33,62984192
2026-10-03 07:30,84626.33,84643.00,84552.00,84552.15,11309056
2026-10-03 08:00,84540.21,84637.92,84539.65,84602.19,12050432
2026-10-03 08:30,84572.58,84629.67,84554.57,84606.66,0
2026-10-03 09:00,84598.99,84654.15,84578.00,84578.00,24772608
2026-10-03 09:30,84571.35,84585.54,84565.00,84583.32,56066048
2026-10-03 10:00,84580.52,84599.99,84549.99,84599.99,0
2026-10-03 10:30,84566.00,84629.38,84566.00,84621.05,5388288
2026-10-03 11:00,84621.05,84653.03,84604.38,84639.03,179142656
2026-10-03 11:30,84639.03,84676.20,84638.22,84661.85,663552
2026-10-03 12:00,84661.86,84895.87,84660.04,84831.62,41562112
2026-10-03 12:30,84830.14,84915.45,84772.18,84864.77,0
2026-10-03 13:00,84882.65,84882.65,84764.24,84805.54,81375232
2026-10-03 13:30,84805.54,84954.99,84793.52,84857.44,0
2026-10-03 14:00,84857.44,84857.45,84769.00,84811.89,0
2026-10-03 14:30,84811.89,84843.48,84736.62,84843.00,0
2026-10-03 15:00,84842.99,84867.71,84760.82,84816.66,5718016
2026-10-03 15:30,84816.67,84867.96,84767.33,84862.16,7505920
2026-10-03 16:00,84862.16,84862.48,84773.00,84803.81,0
2026-10-03 16:30,84803.81,84863.99,84802.04,84853.13,0
2026-10-03 17:00,84860.28,84950.61,84853.12,84873.83,0
2026-10-03 17:30,84872.67,85000.00,84825.04,84990.97,518071296
2026-10-03 18:00,84990.97,85020.00,84937.79,84978.00,6293504
2026-10-03 18:30,84977.99,84978.00,84903.06,84933.66,0
2026-10-03 19:00,84933.65,84933.66,84809.10,84809.10,17086464
2026-10-03 19:30,84809.10,84848.53,84706.77,84836.99,0
2026-10-03 20:00,84836.99,84904.74,84836.99,84881.14,0
2026-10-03 20:30,84881.14,84881.14,84698.37,84739.20,28290048
2026-10-03 21:00,84737.59,84768.08,84552.50,84700.23,172288000
2026-10-03 21:30,84700.23,84738.56,84683.06,84708.57,115378176
2026-10-03 22:00,84708.58,84782.72,84693.93,84763.43,113752064
2026-10-03 22:30,84763.43,84798.99,84755.94,84755.95,152951808
2026-10-03 23:00,84755.94,84798.13,84723.45,84731.88,73141248
2026-10-03 23:30,84731.88,84783.62,84708.00,84742.22,303024128
2026-10-04 00:00,84742.23,84861.98,84742.23,84793.67,341043200
2026-10-04 00:30,84793.67,84835.73,84762.85,84786.47,107948032
2026-10-04 01:00,84789.01,84807.06,84702.42,84734.49,196582400
2026-10-04 01:30,84742.20,84794.70,84732.06,84794.70,62619648
2026-10-04 02:00,84794.70,84851.60,84786.00,84826.13,13159424
2026-10-04 02:30,84826.14,84839.83,84763.51,84790.06,69212160
2026-10-04 03:00,84790.06,84817.27,84780.30,84786.85,16432128
2026-10-04 03:30,84786.86,84874.21,84786.85,84824.36,194776064
2026-10-04 04:00,84828.49,84838.31,84799.00,84805.08,76719104
2026-10-04 04:30,84805.08,84808.00,84800.04,84805.01,119645184
2026-10-04 05:00,84805.01,84862.62,84805.01,84844.14,215205888
2026-10-04 05:30,84844.14,84919.30,84844.13,84896.55,121441280
2026-10-04 06:00,84896.55,85006.94,84857.17,84930.56,180865024
2026-10-04 06:30,84917.78,85064.69,84903.50,85013.21,132179968
2026-10-04 07:00,85013.21,85015.77,84921.93,84958.42,67584000
2026-10-04 07:30,84955.47,85102.43,84916.55,85098.59,58313728
2026-10-04 08:00,85116.98,85186.62,85074.05,85140.00,160933888
2026-10-04 08:30,85140.00,85140.00,85027.69,85093.79,191834112
2026-10-04 09:00,85092.09,85277.85,85041.85,85249.56,66747392
2026-10-04 09:30,85249.55,85324.68,85181.27,85219.40,338862080
2026-10-04 10:00,85230.47,85422.86,85207.37,85393.25,86443008
2026-10-04 10:30,85387.03,85396.86,85240.09,85260.25,208688128
2026-10-04 11:00,85260.25,85322.50,85200.00,85307.23,585523200
2026-10-04 11:30,85307.23,85313.78,85254.00,85304.17,153118720
2026-10-04 12:00,85304.16,85383.97,85179.97,85257.72,123812864
2026-10-04 12:30,85257.73,85293.59,85093.01,85107.89,206891008
2026-10-04 13:00,85109.70,85216.77,85109.67,85216.75,186171392
2026-10-04 13:30,85216.76,85310.35,85192.97,85233.87,130791424
2026-10-04 14:00,85233.87,85239.99,85113.74,85169.81,143858688
2026-10-04 14:30,85169.81,85276.37,85090.82,85276.36,108948480
2026-10-04 15:00,85276.36,85468.42,85231.13,85305.56,120114176
2026-10-04 15:30,85305.55,85398.36,85244.98,85244.98,63820800
2026-10-04 16:00,85244.88,85302.42,85168.06,85238.90,161346560
2026-10-04 16:30,85240.88,85431.84,85240.87,85358.31,130369536
2026-10-04 17:00,85360.28,85388.30,85301.18,85375.53,67234816
2026-10-04 17:30,85375.54,85449.46,85298.84,85302.89,0
2026-10-04 18:00,85302.89,85337.02,85295.55,85318.67,50970624
2026-10-04 18:30,85318.67,85353.20,85305.38,85325.07,29753344
2026-10-04 19:00,85328.27,85459.20,85325.07,85447.61,75725824
2026-10-04 19:30,85454.72,85552.26,85382.21,85417.47,202098688
2026-10-04 20:00,85418.09,85485.65,85382.00,85453.00,54284288
2026-10-04 20:30,85461.99,85863.80,85425.48,85812.03,307276800
2026-10-04 21:00,85839.99,86051.59,85770.19,85811.50,362608640
2026-10-04 21:30,85817.90,86050.97,85800.00,85851.99,178658304
2026-10-04 22:00,85882.82,86675.41,85882.82,86235.86,1007514624
2026-10-04 22:30,86280.99,86471.80,86218.80,86423.91,553796608
2026-10-04 23:00,86438.00,86776.99,86380.78,86669.91,401277952
2026-10-04 23:30,86669.91,86707.28,86401.79,86512.98,316663808
2026-10-05 00:00,86471.70,86494.94,86248.55,86259.21,307840000
2026-10-05 00:30,86261.64,86702.01,86172.06,86632.00,663568384
2026-10-05 01:00,86636.22,86991.15,86458.29,86928.94,687859712
2026-10-05 01:30,86910.00,86910.00,86563.70,86605.10,679991296
2026-10-05 02:00,86600.37,86720.35,86488.99,86489.03,307557376
2026-10-05 02:30,86486.88,86727.31,86397.55,86509.64,456434688
2026-10-05 03:00,86509.66,86512.52,86294.00,86432.24,436125696
2026-10-05 03:30,86432.24,86436.38,85982.95,86051.24,175257600
2026-10-05 04:00,86089.59,86113.95,85647.72,85745.55,1210697728
2026-10-05 04:30,85747.70,85779.25,85464.22,85505.44,589312000
2026-10-05 05:00,85534.17,85569.22,85388.01,85506.88,330049536
2026-10-05 05:30,85506.87,85755.91,85432.38,85740.20,430127104
2026-10-05 06:00,85739.54,86021.82,85739.54,85863.24,368027648
2026-10-05 06:30,85855.00,86331.86,85770.43,86230.12,430999552
2026-10-05 07:00,86212.53,86451.05,86107.51,86253.69,843044864
2026-10-05 07:30,86277.08,86285.27,86142.13,86228.52,149055488
2026-10-05 07:40,86226.40,86226.40,86226.40,86226.40,0
