zeit_utc,open,high,low,close,volume
2026-08-01 00:00,62832.52,62908.48,62824.78,62888.19,65466368
2026-08-01 00:15,62883.20,62940.77,62870.32,62902.20,261720064
2026-08-01 00:30,62904.72,62937.14,62872.88,62937.14,47818752
2026-08-01 00:45,62937.14,62962.32,62869.44,62875.75,0
2026-08-01 01:00,62875.74,62901.90,62875.74,62901.90,0
2026-08-01 01:15,62904.24,62929.82,62854.43,62880.98,0
2026-08-01 01:30,62886.43,62914.37,62861.42,62909.51,0
2026-08-01 01:45,62909.51,62914.16,62880.60,62903.04,0
2026-08-01 02:00,62903.04,62958.88,62903.04,62952.40,0
2026-08-01 02:15,62954.40,63010.47,62954.40,62998.82,0
2026-08-01 02:30,62998.81,63026.63,62996.00,63009.35,0
2026-08-01 02:45,63009.34,63035.57,62987.00,63001.74,41064448
2026-08-01 03:00,63003.40,63011.27,62920.39,62921.05,0
2026-08-01 03:15,62921.05,62986.44,62917.59,62951.53,0
2026-08-01 03:30,62951.53,62966.50,62915.44,62934.92,0
2026-08-01 03:45,62934.93,62953.47,62920.00,62938.54,60796928
2026-08-01 04:00,62937.51,62954.52,62931.37,62954.52,643072
2026-08-01 04:15,62954.52,62984.99,62953.17,62978.29,64985088
2026-08-01 04:30,62980.62,63004.86,62976.05,63004.85,16355328
2026-08-01 04:45,63004.86,63037.57,63001.76,63035.71,0
2026-08-01 05:00,63030.45,63071.69,62990.67,63062.08,32960512
2026-08-01 05:15,63058.65,63058.65,63008.56,63033.03,17453056
2026-08-01 05:30,63024.25,63041.92,62944.56,62953.33,55443456
2026-08-01 05:45,62955.43,62982.38,62938.79,62965.77,0
2026-08-01 06:00,62971.62,62984.91,62932.92,62967.43,142825472
2026-08-01 06:15,62967.43,63017.28,62950.00,63003.89,10158080
2026-08-01 06:30,63003.89,63014.96,62991.78,62997.92,0
2026-08-01 06:45,62997.92,63022.39,62992.46,63013.20,0
2026-08-01 07:00,63016.17,63053.00,63013.22,63045.40,0
2026-08-01 07:15,63045.40,63048.97,63004.51,63007.48,0
2026-08-01 07:30,63007.48,63007.48,62970.02,62987.10,0
2026-08-01 07:45,62987.10,62996.98,62979.93,62988.59,0
2026-08-01 08:00,62991.49,63039.74,62991.49,63039.74,0
2026-08-01 08:15,63039.73,63042.78,63028.88,63030.61,0
2026-08-01 08:30,63030.61,63051.75,63030.61,63041.12,0
2026-08-01 08:45,63041.11,63093.00,63028.01,63061.34,0
2026-08-01 09:00,63061.49,63080.53,63047.94,63056.87,18698240
2026-08-01 09:15,63056.87,63068.95,63038.01,63048.34,0
2026-08-01 09:30,63048.35,63057.79,63041.44,63052.91,0
2026-08-01 09:45,63052.90,63052.90,62980.13,62993.29,9160704
2026-08-01 10:00,62990.83,63044.44,62925.01,62947.90,14761984
2026-08-01 10:15,62947.91,63005.44,62934.81,62982.84,0
2026-08-01 10:30,62989.84,63015.23,62960.41,62995.28,0
2026-08-01 10:45,63003.40,63006.51,62974.84,62999.44,40632320
2026-08-01 11:00,62991.25,62999.47,62978.79,62999.47,0
2026-08-01 11:15,62999.46,63027.72,62973.47,63023.49,9230336
2026-08-01 11:30,63023.49,63032.70,63003.61,63009.59,0
2026-08-01 11:45,63009.59,63019.23,63007.35,63016.47,0
2026-08-01 12:00,63016.47,63058.37,63016.47,63031.45,0
2026-08-01 12:15,63031.46,63043.71,63027.00,63027.00,0
2026-08-01 12:30,63026.99,63033.49,63013.34,63028.89,0
2026-08-01 12:45,63028.89,63044.30,63028.89,63039.62,122515456
2026-08-01 13:00,63034.57,63044.60,63027.81,63035.26,0
2026-08-01 13:15,63027.01,63034.07,63015.22,63020.00,0
2026-08-01 13:30,63020.00,63032.05,63007.05,63013.28,0
2026-08-01 13:45,63013.28,63014.65,62986.42,63005.12,0
2026-08-01 14:00,63009.45,63068.96,63002.18,63017.36,0
2026-08-01 14:15,63017.37,63055.63,63016.11,63052.28,0
2026-08-01 14:30,63052.27,63057.52,63024.34,63044.20,0
2026-08-01 14:45,63051.42,63066.24,63008.28,63066.24,0
2026-08-01 15:00,63066.18,63066.19,63045.58,63047.85,0
2026-08-01 15:15,63045.15,63047.26,62995.26,62999.09,0
2026-08-01 15:30,63001.91,63003.62,62985.60,62985.61,0
2026-08-01 15:45,62985.82,62990.67,62938.82,62938.82,0
2026-08-01 16:00,62941.40,62947.33,62873.73,62882.01,0
2026-08-01 16:15,62882.01,62898.96,62859.15,62885.84,0
2026-08-01 16:30,62885.31,62959.23,62874.44,62905.84,0
2026-08-01 16:45,62905.84,62905.84,62821.29,62879.15,7102464
2026-08-01 17:00,62875.44,62934.80,62815.96,62835.99,0
2026-08-01 17:15,62835.99,62835.99,62744.01,62779.48,20559872
2026-08-01 17:30,62783.43,62788.95,62687.13,62760.36,3039232
2026-08-01 17:45,62760.36,62760.36,62604.57,62652.58,0
2026-08-01 18:00,62638.66,62678.41,62570.15,62648.19,0
2026-08-01 18:15,62638.97,62638.97,62450.79,62508.24,509491200
2026-08-01 18:30,62502.06,62506.89,62222.63,62315.61,282903552
2026-08-01 18:45,62291.83,62526.15,62222.60,62523.79,109624320
2026-08-01 19:00,62509.84,62568.92,62473.84,62487.61,157293568
2026-08-01 19:15,62488.56,62558.03,62432.57,62492.06,312714240
2026-08-01 19:30,62490.50,62532.32,62398.93,62414.81,0
2026-08-01 19:45,62414.81,62486.91,62413.94,62471.53,8654848
2026-08-01 20:00,62455.08,62513.65,62432.56,62501.30,0
2026-08-01 20:15,62501.29,62580.49,62495.90,62560.50,56430592
2026-08-01 20:30,62548.27,62565.82,62502.01,62539.84,14760960
2026-08-01 20:45,62535.77,62615.29,62525.53,62604.92,16735232
2026-08-01 21:00,62603.49,62747.47,62603.49,62690.55,44486656
2026-08-01 21:15,62690.54,62743.49,62690.54,62741.30,21000192
2026-08-01 21:30,62741.31,62803.12,62711.21,62740.35,40556544
2026-08-01 21:45,62745.61,62771.31,62731.85,62761.36,2128896
2026-08-01 22:00,62760.15,62810.52,62735.29,62800.49,0
2026-08-01 22:15,62800.49,62808.73,62769.61,62800.86,926720
2026-08-01 22:30,62800.85,62800.86,62767.93,62789.61,0
2026-08-01 22:45,62789.62,62795.22,62761.92,62765.36,25183232
2026-08-01 23:00,62765.36,62799.34,62746.50,62750.95,0
2026-08-01 23:15,62750.94,62752.19,62709.35,62715.08,46745600
2026-08-01 23:30,62715.09,62776.55,62715.08,62769.54,11573248
2026-08-01 23:45,62775.49,62783.04,62755.92,62764.20,56880128
2026-08-02 00:00,62764.20,62909.21,62764.20,62869.44,74417152
2026-08-02 00:15,62869.44,62875.34,62818.51,62822.97,7965696
2026-08-02 00:30,62822.97,62851.03,62787.36,62787.36,37640192
2026-08-02 00:45,62791.19,62803.06,62743.88,62775.00,65197056
2026-08-02 01:00,62782.51,62955.73,62782.06,62939.78,16532480
2026-08-02 01:15,62960.88,63004.02,62906.36,62915.31,111900672
2026-08-02 01:30,62915.31,62955.56,62906.59,62950.15,0
2026-08-02 01:45,62950.15,62950.15,62917.61,62921.05,27491328
2026-08-02 02:00,62921.05,63459.15,62895.00,63391.94,347010048
2026-08-02 02:15,63392.63,63480.00,63326.97,63340.73,276643840
2026-08-02 02:30,63347.61,63395.57,63262.85,63320.48,376247296
2026-08-02 02:45,63321.06,63418.08,63274.32,63381.99,44521472
2026-08-02 03:00,63390.50,63390.67,63318.61,63349.47,124834816
2026-08-02 03:15,63349.47,63471.88,63306.50,63375.82,130233344
2026-08-02 03:30,63380.89,63432.57,63380.89,63432.57,42676224
2026-08-02 03:45,63433.60,63443.27,63367.91,63392.87,52413440
2026-08-02 04:00,63407.97,63491.94,63407.97,63479.18,80697344
2026-08-02 04:15,63471.54,63493.11,63448.21,63474.89,92953600
2026-08-02 04:30,63474.89,63489.28,63454.24,63459.92,61927424
2026-08-02 04:45,63459.92,63540.25,63459.92,63519.61,51872768
2026-08-02 05:00,63516.20,63561.75,63394.84,63417.20,8350720
2026-08-02 05:15,63417.20,63430.01,63388.88,63419.35,30689280
2026-08-02 05:30,63426.87,63426.87,63351.02,63361.09,10727424
2026-08-02 05:45,63360.10,63399.38,63359.80,63396.20,69600256
2026-08-02 06:00,63396.19,63419.84,63375.62,63375.62,0
2026-08-02 06:15,63375.13,63431.70,63368.80,63431.70,9631744
2026-08-02 06:30,63421.45,63437.68,63392.32,63430.74,33682432
2026-08-02 06:45,63425.38,63433.00,63409.74,63409.74,0
2026-08-02 07:00,63411.01,63428.68,63408.88,63426.30,18630656
2026-08-02 07:15,63426.30,63426.31,63411.31,63423.28,46782464
2026-08-02 07:30,63423.28,63473.78,63419.47,63468.00,152879104
2026-08-02 07:45,63468.00,63468.00,63411.16,63447.62,126859264
2026-08-02 08:00,63441.36,63464.99,63423.29,63423.29,142842880
2026-08-02 08:15,63423.29,63424.85,63324.00,63324.00,198995968
2026-08-02 08:30,63324.00,63329.68,63148.43,63158.48,132926464
2026-08-02 08:45,63155.52,63174.00,63105.60,63130.04,175513600
2026-08-02 09:00,63130.04,63215.96,63017.20,63198.14,43234304
2026-08-02 09:15,63198.14,63237.53,63167.20,63168.73,540019712
2026-08-02 09:30,63165.29,63251.28,63165.29,63200.89,23822336
2026-08-02 09:45,63200.89,63212.73,63185.93,63205.21,151177216
2026-08-02 10:00,63201.01,63201.01,63137.77,63138.20,16863232
2026-08-02 10:15,63138.20,63207.21,63051.78,63073.86,60239872
2026-08-02 10:30,63084.78,63145.50,63083.13,63140.53,45248512
2026-08-02 10:45,63140.53,63142.77,63129.00,63142.77,0
2026-08-02 11:00,63142.76,63142.76,63068.96,63094.60,24205312
2026-08-02 11:15,63096.48,63135.79,63049.77,63093.05,88938496
2026-08-02 11:30,63101.46,63115.71,63031.13,63054.01,18900992
2026-08-02 11:45,63054.02,63102.79,62923.47,62962.50,150682624
2026-08-02 12:00,62965.85,63106.80,62965.85,63106.52,43559936
2026-08-02 12:15,63106.52,63162.90,63082.73,63117.12,27239424
2026-08-02 12:30,63113.68,63140.41,63036.14,63081.84,76365824
2026-08-02 12:45,63081.85,63093.41,63045.89,63062.09,12883968
2026-08-02 13:00,63050.01,63082.44,63024.25,63037.38,64326656
2026-08-02 13:15,63039.50,63047.99,62988.27,63013.92,30583808
2026-08-02 13:30,63013.92,63042.72,62933.77,63031.11,86955008
2026-08-02 13:45,63031.12,63067.01,63024.24,63054.00,14024704
2026-08-02 14:00,63053.99,63053.99,62991.51,63022.54,11333632
2026-08-02 14:15,63022.53,63085.24,63022.53,63060.39,152311808
2026-08-02 14:30,63062.05,63099.36,63031.12,63092.68,173907968
2026-08-02 14:45,63087.42,63091.13,62993.28,63002.30,14213120
2026-08-02 15:00,63002.31,63066.24,62986.14,63058.65,73222144
2026-08-02 15:15,63058.64,63066.51,63035.00,63060.79,83688448
2026-08-02 15:30,63059.35,63100.00,63059.35,63082.72,47354880
2026-08-02 15:45,63082.72,63082.72,63040.00,63041.43,31713280
2026-08-02 16:00,63046.09,63072.91,63000.01,63033.28,0
2026-08-02 16:15,63033.28,63063.27,63008.11,63047.27,0
2026-08-02 16:30,63047.27,63189.84,63035.84,63151.54,100545536
2026-08-02 16:45,63153.18,63160.92,63104.86,63104.86,48485376
2026-08-02 17:00,63104.86,63155.97,63081.47,63137.25,0
2026-08-02 17:15,63126.00,63251.38,63120.85,63215.64,3800064
2026-08-02 17:30,63227.20,63254.98,63218.46,63254.27,13240320
2026-08-02 17:45,63260.69,63265.11,63228.01,63228.01,0
2026-08-02 18:00,63229.51,63255.96,63217.74,63238.16,15184896
2026-08-02 18:15,63238.16,63250.05,63216.43,63220.49,0
2026-08-02 18:30,63220.50,63529.18,63216.89,63406.08,0
2026-08-02 18:45,63421.12,63437.04,63299.44,63307.60,124752896
2026-08-02 19:00,63302.17,63320.13,63269.90,63282.65,0
2026-08-02 19:15,63282.21,63301.29,63253.51,63253.51,7891968
2026-08-02 19:30,63253.50,63321.54,63248.55,63321.53,1342464
2026-08-02 19:45,63328.50,63401.13,63326.88,63380.18,92110848
2026-08-02 20:00,63387.75,63399.23,63343.87,63389.01,11894784
2026-08-02 20:15,63388.98,63419.04,63325.73,63338.28,14349312
2026-08-02 20:30,63338.28,63379.99,63338.27,63359.46,0
2026-08-02 20:45,63359.46,63430.16,63344.16,63423.33,79452160
2026-08-02 21:00,63425.88,63498.33,63405.00,63450.80,0
2026-08-02 21:15,63450.79,63478.07,63433.60,63472.49,59679744
2026-08-02 21:30,63472.48,63684.72,63437.05,63625.51,31415296
2026-08-02 21:45,63622.64,63695.05,63477.41,63503.81,217905152
2026-08-02 22:00,63589.05,63730.48,63578.08,63622.81,259203072
2026-08-02 22:15,63622.80,63722.56,63500.97,63526.27,66258944
2026-08-02 22:30,63526.27,63535.15,63301.68,63443.66,255443968
2026-08-02 22:45,63446.48,63496.19,63344.42,63351.05,103209984
2026-08-02 23:00,63329.62,63381.07,63269.00,63288.11,104467456
2026-08-02 23:15,63288.12,63481.49,63267.03,63467.85,178406400
2026-08-02 23:30,63464.57,63528.76,63423.28,63454.23,81099776
2026-08-02 23:45,63430.06,63502.36,63416.27,63499.49,50411520
2026-08-03 00:00,63503.98,63512.72,63306.76,63343.24,2882560
2026-08-03 00:15,63343.05,63362.98,63178.40,63185.93,92327936
2026-08-03 00:30,63183.71,63346.50,63133.57,63256.45,89113600
2026-08-03 00:45,63256.46,63279.75,63199.20,63245.98,37045248
2026-08-03 01:00,63237.00,63280.07,63112.63,63142.39,60919808
2026-08-03 01:15,63142.39,63180.01,63034.57,63091.82,96674816
2026-08-03 01:30,63086.17,63172.16,63079.50,63143.97,89785344
2026-08-03 01:45,63144.31,63152.99,63081.85,63130.88,131191808
2026-08-03 02:00,63127.45,63151.52,63055.21,63120.43,429056
2026-08-03 02:15,63120.43,63200.20,63015.19,63041.11,0
2026-08-03 02:30,63041.11,63131.54,63034.56,63094.10,0
2026-08-03 02:45,63088.02,63114.99,63031.21,63081.32,0
2026-08-03 03:00,63058.64,63089.16,63014.84,63034.64,14729216
2026-08-03 03:15,63027.69,63055.00,62983.01,62998.80,647256064
2026-08-03 03:30,62998.80,63009.41,62956.68,62983.81,15911936
2026-08-03 03:45,62983.81,62983.81,62714.11,62780.00,217870336
2026-08-03 04:00,62781.00,62853.94,62727.39,62784.96,96887808
2026-08-03 04:15,62784.95,62891.60,62784.95,62886.43,34896896
2026-08-03 04:30,62886.43,62915.97,62877.30,62887.92,16982016
2026-08-03 04:45,62888.39,62888.39,62695.91,62707.78,31985664
2026-08-03 05:00,62714.63,62780.00,62665.31,62766.25,89393152
2026-08-03 05:15,62766.25,62789.30,62711.21,62732.95,110063616
2026-08-03 05:30,62724.97,62764.35,62685.00,62726.25,91255808
2026-08-03 05:45,62719.16,62779.98,62713.40,62743.53,619439104
2026-08-03 06:00,62744.99,62784.91,62738.73,62759.36,97825792
2026-08-03 06:15,62752.48,62763.32,62673.37,62708.08,181979136
2026-08-03 06:30,62708.09,62749.03,62555.01,62555.01,167063552
2026-08-03 06:45,62553.73,62606.40,62529.45,62542.50,139134976
2026-08-03 07:00,62542.63,62591.68,62510.14,62518.56,189748224
2026-08-03 07:15,62510.15,62589.75,62470.00,62552.19,548604928
2026-08-03 07:30,62552.20,62614.75,62512.20,62564.85,25264128
2026-08-03 07:45,62564.85,62593.76,62480.97,62530.72,114580480
2026-08-03 08:00,62537.59,62562.03,62429.73,62484.15,52285440
2026-08-03 08:15,62483.24,62484.14,62240.90,62257.03,76598272
2026-08-03 08:30,62235.11,62357.99,62210.15,62357.08,189796352
2026-08-03 08:45,62349.22,62457.59,62349.22,62457.58,58902528
2026-08-03 09:00,62476.80,62494.39,62439.14,62485.33,99481600
2026-08-03 09:15,62485.33,62582.53,62485.32,62569.32,114554880
2026-08-03 09:30,62558.64,62607.86,62538.83,62602.52,145258496
2026-08-03 09:45,62601.68,62778.42,62601.68,62749.36,552953856
2026-08-03 10:00,62748.11,62777.59,62678.41,62703.33,192786432
2026-08-03 10:15,62703.33,62748.79,62650.01,62655.79,73668608
2026-08-03 10:30,62651.03,62655.53,62583.08,62623.87,73709568
2026-08-03 10:45,62623.88,62694.84,62535.55,62656.00,76658688
2026-08-03 11:00,62658.07,62662.29,62505.61,62564.46,158150656
2026-08-03 11:15,62564.46,62691.87,62555.00,62620.81,25604096
2026-08-03 11:30,62617.60,62697.56,62583.34,62611.20,100272128
2026-08-03 11:45,62611.20,62620.79,62457.26,62476.99,0
2026-08-03 12:00,62480.04,62528.99,62365.01,62471.75,137803776
2026-08-03 12:15,62471.75,62601.60,62461.65,62547.62,107552768
2026-08-03 12:30,62547.62,62671.99,62528.86,62671.99,79421440
2026-08-03 12:45,62700.79,62709.47,62604.81,62620.55,105213952
2026-08-03 13:00,62617.33,62695.63,62614.51,62695.63,44216320
2026-08-03 13:15,62699.43,62912.01,62643.04,62692.97,110970880
2026-08-03 13:30,62686.00,62859.02,62476.10,62847.99,447574016
2026-08-03 13:45,62853.37,63310.18,62732.80,63292.80,349868032
2026-08-03 14:00,63243.44,63375.20,63073.51,63244.46,682532864
2026-08-03 14:15,63251.21,63713.28,63091.21,63700.94,309846016
2026-08-03 14:30,63698.99,63824.89,63568.01,63707.00,1100589056
2026-08-03 14:45,63714.20,63899.08,63580.80,63891.20,611313664
2026-08-03 15:00,63913.60,63913.60,63694.40,63757.94,911030272
2026-08-03 15:15,63756.34,63789.95,63608.75,63641.97,380952576
2026-08-03 15:30,63635.21,63846.68,63635.21,63719.51,264996864
2026-08-03 15:45,63732.11,63765.01,63579.17,63627.73,468267008
2026-08-03 16:00,63628.58,63840.67,63591.15,63737.60,364683264
2026-08-03 16:15,63741.41,63883.57,63735.06,63844.63,316856320
2026-08-03 16:30,63833.59,63833.59,63644.80,63696.63,112617472
2026-08-03 16:45,63705.37,63817.89,63676.80,63707.24,501551104
2026-08-03 17:00,63707.53,63799.88,63650.00,63791.10,136413184
2026-08-03 17:15,63784.39,63994.86,63749.56,63760.03,151744512
2026-08-03 17:30,63762.56,63869.35,63728.73,63834.52,285773824
2026-08-03 17:45,63836.94,63902.68,63807.48,63852.75,10735616
2026-08-03 18:00,63852.76,63933.10,63809.90,63915.23,139634688
2026-08-03 18:15,63911.77,63932.72,63747.87,63792.77,282867712
2026-08-03 18:30,63798.15,63871.49,63752.16,63794.28,52830208
2026-08-03 18:45,63794.29,63866.50,63702.10,63811.74,138909696
2026-08-03 19:00,63820.22,63878.44,63787.51,63863.65,87087104
2026-08-03 19:15,63873.78,63952.35,63865.71,63916.50,86726656
2026-08-03 19:30,63924.00,64018.90,63810.23,63897.60,327116800
2026-08-03 19:45,63897.61,63925.39,63812.57,63812.57,155975680
2026-08-03 20:00,63824.62,63897.32,63756.03,63840.28,297392128
2026-08-03 20:15,63840.28,63974.04,63834.79,63899.98,177764352
2026-08-03 20:30,63896.45,63896.45,63851.04,63859.09,130254848
2026-08-03 20:45,63868.75,63868.76,63709.80,63732.90,41046016
2026-08-03 21:00,63732.90,63735.00,63656.43,63660.01,317849600
2026-08-03 21:15,63660.01,63724.33,63628.73,63666.00,215562240
2026-08-03 21:30,63665.98,63673.55,63604.57,63615.39,26179584
2026-08-03 21:45,63613.07,63615.05,63497.09,63540.41,0
2026-08-03 22:00,63528.83,63551.78,63341.64,63438.98,84858880
2026-08-03 22:15,63442.90,63616.00,63436.94,63470.63,105082880
2026-08-03 22:30,63468.01,63498.36,63432.62,63449.77,280717312
2026-08-03 22:45,63457.05,63578.45,63448.83,63553.45,0
2026-08-03 23:00,63550.11,63552.70,63467.81,63481.44,39092224
2026-08-03 23:15,63480.38,63560.18,63474.45,63516.61,6094848
2026-08-03 23:30,63516.01,63516.01,63402.01,63443.40,15708160
2026-08-03 23:45,63421.05,63466.51,63421.05,63466.51,132755456
2026-08-04 00:00,63475.55,63526.73,63409.76,63417.72,22495232
2026-08-04 00:15,63412.05,63438.74,63330.00,63391.01,32174080
2026-08-04 00:30,63378.57,63387.55,63282.45,63332.50,112218112
2026-08-04 00:45,63342.60,63413.11,63268.01,63291.50,133246976
2026-08-04 01:00,63299.42,63422.33,63299.42,63406.21,269205504
2026-08-04 01:15,63405.66,63515.47,63352.27,63464.66,133724160
2026-08-04 01:30,63465.63,63842.96,63463.04,63740.59,182951936
2026-08-04 01:45,63752.06,63818.59,63675.85,63782.29,176418816
2026-08-04 02:00,63806.41,63807.45,63693.38,63698.26,13660160
2026-08-04 02:15,63698.26,63744.44,63621.25,63630.00,271212544
2026-08-04 02:30,63628.99,63883.06,63621.25,63833.00,207282176
2026-08-04 02:45,63833.01,63864.54,63740.60,63758.99,104851456
2026-08-04 03:00,63758.99,63775.13,63623.91,63623.91,19298304
2026-08-04 03:15,63622.97,63729.04,63595.04,63717.86,1601536
2026-08-04 03:30,63733.75,63800.94,63733.75,63766.03,166156288
2026-08-04 03:45,63781.05,63781.05,63729.05,63729.05,28051456
2026-08-04 04:00,63727.75,63772.17,63696.74,63746.17,1122304
2026-08-04 04:15,63746.17,63821.44,63737.04,63775.29,71409664
2026-08-04 04:30,63782.81,63998.23,63776.94,63998.22,97570816
2026-08-04 04:45,63998.23,64164.00,63975.45,63975.45,490911744
2026-08-04 05:00,63979.20,63993.08,63780.89,63780.89,49432576
2026-08-04 05:15,63780.89,63837.97,63752.15,63762.62,23920640
2026-08-04 05:30,63762.62,63807.90,63752.16,63802.89,155164672
2026-08-04 05:45,63802.89,63802.89,63736.75,63768.85,24150016
2026-08-04 06:00,63752.15,63788.99,63717.51,63744.45,106250240
2026-08-04 06:15,63744.45,63805.41,63697.60,63700.78,78495744
2026-08-04 06:30,63696.00,63714.53,63630.01,63636.16,121344000
2026-08-04 06:45,63636.16,63639.15,63592.70,63607.16,51329024
2026-08-04 07:00,63607.16,63607.16,63519.00,63526.86,83693568
2026-08-04 07:15,63526.71,63577.00,63437.01,63576.99,117295104
2026-08-04 07:30,63573.82,63680.99,63566.59,63594.97,16488448
2026-08-04 07:45,63594.97,63687.28,63594.97,63617.41,400119808
2026-08-04 08:00,63621.00,63683.83,63565.90,63580.20,28870656
2026-08-04 08:15,63578.61,63600.03,63521.15,63556.23,0
2026-08-04 08:30,63552.32,63554.90,63500.00,63554.90,31377408
2026-08-04 08:45,63559.90,63559.90,63508.33,63514.77,41859072
2026-08-04 09:00,63508.50,63524.07,63469.98,63493.97,24772608
2026-08-04 09:15,63493.98,63532.15,63450.77,63510.96,18810880
2026-08-04 09:30,63506.04,63529.97,63463.51,63502.65,16820224
2026-08-04 09:45,63495.35,63536.82,63476.09,63534.58,0
2026-08-04 10:00,63504.62,63504.62,63441.01,63441.01,109299712
2026-08-04 10:15,63434.30,63506.89,63382.67,63396.85,105867264
2026-08-04 10:30,63414.05,63593.60,63391.06,63593.60,13256704
2026-08-04 10:45,63603.35,63774.36,63603.35,63694.15,245051392
2026-08-04 11:00,63701.14,63736.37,63647.36,63676.75,84015104
2026-08-04 11:15,63672.62,63790.03,63644.79,63714.15,127049728
2026-08-04 11:30,63714.14,63818.52,63650.44,63818.52,108320768
2026-08-04 11:45,63797.41,63884.57,63770.90,63853.32,78761984
2026-08-04 12:00,63834.29,63834.29,63742.51,63743.14,122220544
2026-08-04 12:15,63743.14,63778.32,63714.01,63762.57,71565312
2026-08-04 12:30,63781.05,63965.00,63747.98,63894.27,104290304
2026-08-04 12:45,63908.44,63910.17,63838.80,63840.64,1160906752
2026-08-04 13:00,63837.46,63946.48,63793.58,63876.51,52350976
2026-08-04 13:15,63874.10,63950.20,63791.68,63815.49,42790912
2026-08-04 13:30,63742.90,64032.94,63742.90,63950.02,269658112
2026-08-04 13:45,63941.01,63947.59,63589.85,63616.58,0
2026-08-04 14:00,63614.49,63851.63,63546.34,63713.18,0
2026-08-04 14:15,63733.56,63844.47,63565.00,63825.28,0
2026-08-04 14:30,63833.15,64112.01,63785.01,64052.42,0
2026-08-04 14:45,64071.98,64125.89,63992.60,64065.00,0
2026-08-04 15:00,64087.20,64159.02,63941.36,64012.62,10467328
2026-08-04 15:15,64010.77,64013.29,63867.90,63896.33,0
2026-08-04 15:30,63896.58,64071.93,63750.01,64057.10,147085312
2026-08-04 15:45,64065.70,64181.85,64035.52,64064.71,198100992
2026-08-04 16:00,64076.93,64079.96,63916.66,63984.63,18962432
2026-08-04 16:15,63984.64,64064.15,63953.49,63972.92,39690240
2026-08-04 16:30,63978.84,64004.20,63842.40,63891.65,68378624
2026-08-04 16:45,63890.37,63961.23,63855.00,63899.71,149544960
2026-08-04 17:00,63899.71,64120.85,63899.71,64017.29,34316288
2026-08-04 17:15,64020.52,64128.07,63977.81,64113.15,236331008
2026-08-04 17:30,64111.82,64126.98,64047.36,64047.36,46974976
2026-08-04 17:45,64048.18,64056.00,63852.52,63922.37,7723008
2026-08-04 18:00,63917.14,64175.08,63917.14,64175.08,12976128
2026-08-04 18:15,64168.30,64360.15,64149.20,64319.27,459696128
2026-08-04 18:30,64320.98,64360.07,64168.78,64252.70,150919168
2026-08-04 18:45,64252.71,64282.80,64232.73,64261.41,100683776
2026-08-04 19:00,64263.05,64329.17,64240.00,64305.55,113741824
2026-08-04 19:15,64315.02,64325.27,64214.40,64239.97,141082624
2026-08-04 19:30,64239.97,64358.40,64208.00,64335.17,58664960
2026-08-04 19:45,64335.17,64344.57,64182.67,64182.67,70223872
2026-08-04 20:00,64208.92,64208.92,64071.53,64135.20,0
2026-08-04 20:15,64113.65,64113.65,63965.75,64079.97,171659264
2026-08-04 20:30,64079.98,64366.85,64079.98,64342.41,227385344
2026-08-04 20:45,64340.03,64340.03,64256.01,64299.08,74223616
2026-08-04 21:00,64299.08,64299.08,64156.81,64169.60,0
2026-08-04 21:15,64186.56,64239.99,64145.13,64204.75,46041088
2026-08-04 21:30,64202.75,64223.98,64156.00,64196.11,56387584
2026-08-04 21:45,64182.41,64213.82,64128.33,64148.51,22198272
2026-08-04 22:00,64142.30,64180.00,64083.43,64179.99,62836736
2026-08-04 22:15,64171.80,64217.54,64122.59,64205.86,0
2026-08-04 22:30,64211.20,64243.67,64159.87,64166.05,98383872
2026-08-04 22:45,64166.06,64221.82,64121.56,64221.82,100622336
2026-08-04 23:00,64222.00,64424.18,64163.20,64371.22,0
2026-08-04 23:15,64372.27,64473.60,64123.17,64123.17,201682944
2026-08-04 23:30,64115.20,64214.86,64091.15,64159.13,213850112
2026-08-04 23:45,64159.13,64173.33,64042.03,64050.51,36732928
2026-08-05 00:00,64041.60,64057.05,63963.00,63984.00,74104832
2026-08-05 00:15,63974.40,64020.49,63955.20,64020.49,136898560
2026-08-05 00:30,64021.40,64140.89,63973.39,64015.90,153698304
2026-08-05 00:45,64015.90,64015.90,63928.40,63947.37,46153728
2026-08-05 01:00,63946.99,63977.30,63897.60,63956.65,127002624
2026-08-05 01:15,63955.21,64067.19,63900.99,64063.89,5801984
2026-08-05 01:30,64063.89,64247.57,64063.89,64129.60,896591872
2026-08-05 01:45,64128.31,64297.39,64128.31,64284.79,2656256
2026-08-05 02:00,64291.19,64456.65,64287.45,64412.79,116846592
2026-08-05 02:15,64409.90,64431.22,64279.16,64363.61,90724352
2026-08-05 02:30,64371.68,64439.16,64358.40,64383.99,184879104
2026-08-05 02:45,64387.19,64396.79,64311.41,64315.95,17303552
2026-08-05 03:00,64315.95,64396.78,64304.50,64304.50,52510720
2026-08-05 03:15,64306.35,64313.59,64014.05,64014.05,164827136
2026-08-05 03:30,64007.42,64122.24,64007.42,64088.74,193730560
2026-08-05 03:45,64086.56,64139.01,64083.55,64128.00,118317056
2026-08-05 04:00,64128.00,64144.56,64073.60,64073.60,86253568
2026-08-05 04:15,64064.00,64147.19,64035.21,64108.18,24322048
2026-08-05 04:30,64110.21,64165.77,64103.32,64122.92,97632256
2026-08-05 04:45,64122.92,64139.01,64056.00,64113.97,0
2026-08-05 05:00,64111.00,64274.62,64102.94,64256.86,0
2026-08-05 05:15,64252.80,64470.14,64243.21,64375.00,195035136
2026-08-05 05:30,64375.00,64375.00,64285.35,64306.88,317333504
2026-08-05 05:45,64308.05,64316.80,64254.85,64275.22,28188672
2026-08-05 06:00,64276.96,64308.52,64247.39,64270.95,233445376
2026-08-05 06:15,64262.41,64286.44,64227.21,64253.81,62771200
2026-08-05 06:30,64249.61,64319.40,64236.80,64236.81,158197760
2026-08-05 06:45,64236.81,64236.81,64173.00,64199.31,232243200
2026-08-05 07:00,64199.30,64220.54,64102.42,64125.19,10319872
2026-08-05 07:15,64120.00,64120.00,64000.00,64020.24,173690880
2026-08-05 07:30,64016.47,64029.64,63946.08,63946.08,0
2026-08-05 07:45,63946.08,64116.54,63946.08,64109.98,182669312
2026-08-05 08:00,64109.97,64189.04,64077.86,64137.97,160546816
2026-08-05 08:15,64130.40,64215.95,64092.27,64212.41,443332608
2026-08-05 08:30,64215.05,64215.96,64069.29,64074.67,232374272
2026-08-05 08:45,64074.66,64105.83,64035.00,64063.03,123359232
2026-08-05 09:00,64063.03,64099.55,64038.43,64064.34,127315968
2026-08-05 09:15,64061.58,64140.53,64054.48,64095.93,65771520
2026-08-05 09:30,64098.88,64152.41,64098.88,64105.98,150493184
2026-08-05 09:45,64110.01,64126.03,64084.45,64097.27,0
2026-08-05 10:00,64097.28,64129.32,64054.48,64090.87,5738496
2026-08-05 10:15,64084.45,64182.77,64021.81,64152.59,0
2026-08-05 10:30,64152.60,64179.28,64118.69,64131.53,2680832
2026-08-05 10:45,64144.87,64144.87,63960.07,64004.27,103069696
2026-08-05 11:00,64005.19,64057.34,63993.67,64031.60,202305536
2026-08-05 11:15,64031.60,64033.13,63987.51,64020.04,0
2026-08-05 11:30,64015.97,64092.89,63999.98,64037.37,192188416
2026-08-05 11:45,64030.00,64045.92,64000.00,64018.29,93513728
2026-08-05 12:00,64018.29,64176.00,64003.11,64146.64,0
2026-08-05 12:15,64138.83,64525.56,64128.43,64478.14,448987136
2026-08-05 12:30,64472.86,64492.49,64354.99,64414.06,410425344
2026-08-05 12:45,64388.32,64388.32,64268.61,64277.04,0
2026-08-05 13:00,64277.05,64291.14,64051.28,64071.55,152406016
2026-08-05 13:15,64080.17,64165.36,64064.96,64086.92,37056512
2026-08-05 13:30,64057.36,64232.55,63821.55,64120.07,171167744
2026-08-05 13:45,64116.84,64361.24,63974.55,64361.24,182953984
2026-08-05 14:00,64355.34,64477.71,64242.10,64418.23,68454400
2026-08-05 14:15,64426.55,64535.25,64268.80,64297.51,204959744
2026-08-05 14:30,64295.19,64413.38,64242.76,64370.44,154064896
2026-08-05 14:45,64385.00,64486.75,64276.89,64426.84,70553600
2026-08-05 15:00,64434.27,64697.02,64403.18,64582.66,81747968
2026-08-05 15:15,64582.88,64594.48,64412.50,64453.44,378265600
2026-08-05 15:30,64458.81,64668.81,64455.03,64503.88,68911104
2026-08-05 15:45,64500.89,64508.15,64324.90,64328.25,0
2026-08-05 16:00,64328.26,64532.99,64328.26,64532.99,136022016
2026-08-05 16:15,64547.04,64707.94,64510.51,64697.90,215230464
2026-08-05 16:30,64694.02,64698.06,64595.34,64634.15,352720896
2026-08-05 16:45,64623.72,64629.41,64560.00,64606.02,27322368
2026-08-05 17:00,64615.38,64641.75,64526.22,64526.47,29755392
2026-08-05 17:15,64499.31,64548.76,64474.51,64544.55,0
2026-08-05 17:30,64544.61,64689.01,64520.43,64632.80,30717952
2026-08-05 17:45,64636.13,64737.98,64611.35,64695.35,207073280
2026-08-05 18:00,64694.25,64743.47,64599.64,64738.01,102633472
2026-08-05 18:15,64740.83,64754.95,64619.65,64666.96,30638080
2026-08-05 18:30,64657.01,64749.00,64612.92,64748.26,53860352
2026-08-05 18:45,64748.91,64788.12,64696.99,64741.11,180785152
2026-08-05 19:00,64727.56,64856.42,64719.45,64828.88,188606464
2026-08-05 19:15,64831.21,64883.40,64811.55,64863.69,6787072
2026-08-05 19:30,64856.20,64877.36,64814.70,64843.78,74842112
2026-08-05 19:45,64843.78,64880.67,64794.63,64794.63,2430976
2026-08-05 20:00,64817.29,64870.20,64750.50,64866.02,142442496
2026-08-05 20:15,64861.40,64954.28,64811.14,64931.00,383686656
2026-08-05 20:30,64931.00,64938.69,64876.95,64927.05,204181504
2026-08-05 20:45,64939.35,64939.35,64777.99,64778.60,8011776
2026-08-05 21:00,64779.83,64779.83,64657.01,64725.99,183052288
2026-08-05 21:15,64725.99,64734.27,64600.00,64609.23,188338176
2026-08-05 21:30,64613.14,64692.10,64601.77,64644.56,17580032
2026-08-05 21:45,64645.22,64695.24,64607.21,64671.68,90486784
2026-08-05 22:00,64674.33,64697.99,64585.15,64617.49,205502464
2026-08-05 22:15,64615.50,64668.87,64609.73,64668.87,4173824
2026-08-05 22:30,64670.52,64725.92,64618.89,64636.31,57157632
2026-08-05 22:45,64636.32,64659.39,64566.77,64573.53,27379712
2026-08-05 23:00,64557.08,64632.09,64524.20,64619.64,119676928
2026-08-05 23:15,64616.19,64692.40,64569.85,64635.73,31881216
2026-08-05 23:30,64635.73,64651.72,64602.01,64602.01,235866112
2026-08-05 23:45,64591.28,64614.01,64545.99,64597.86,87939072
2026-08-06 00:00,64603.61,64616.47,64531.18,64532.02,123672576
2026-08-06 00:15,64532.02,64651.66,64510.24,64623.03,59762688
2026-08-06 00:30,64623.03,64643.03,64585.51,64585.52,105478144
2026-08-06 00:45,64585.51,64632.10,64558.00,64582.30,5648384
2026-08-06 01:00,64578.15,64586.15,64511.75,64541.94,11171840
2026-08-06 01:15,64541.95,64549.09,64450.25,64456.49,96256000
2026-08-06 01:30,64452.71,64550.00,64431.67,64505.46,44527616
2026-08-06 01:45,64505.46,64599.21,64499.38,64520.62,66062336
2026-08-06 02:00,64520.62,64587.84,64468.16,64500.22,0
2026-08-06 02:15,64486.43,64520.05,64386.75,64465.11,35166208
2026-08-06 02:30,64442.53,64517.19,64416.31,64517.19,0
2026-08-06 02:45,64517.17,64536.32,64474.46,64516.68,18626560
2026-08-06 03:00,64516.67,64516.67,64455.00,64509.00,0
2026-08-06 03:15,64508.15,64508.15,64446.36,64481.72,22302720
2026-08-06 03:30,64481.72,64524.99,64442.28,64442.29,73179136
2026-08-06 03:45,64442.29,64482.41,64431.00,64470.01,0
2026-08-06 04:00,64470.00,64532.73,64433.91,64516.65,70455296
2026-08-06 04:15,64516.64,64637.99,64516.64,64637.98,0
2026-08-06 04:30,64637.99,64667.82,64590.75,64602.28,210374656
2026-08-06 04:45,64597.32,64674.57,64567.58,64666.29,108900352
2026-08-06 05:00,64674.07,64930.89,64669.45,64860.34,166844416
2026-08-06 05:15,64868.64,64934.79,64829.03,64832.74,152899584
2026-08-06 05:30,64835.33,64856.19,64790.03,64842.47,114331648
2026-08-06 05:45,64846.37,64849.49,64798.10,64845.38,12533760
2026-08-06 06:00,64846.80,64846.80,64713.32,64713.33,0
2026-08-06 06:15,64717.45,64773.19,64683.54,64764.09,47624192
2026-08-06 06:30,64764.09,64791.33,64742.47,64773.20,42491904
2026-08-06 06:45,64773.19,64798.09,64744.15,64798.09,2179072
2026-08-06 07:00,64793.94,64873.59,64757.81,64871.49,49747968
2026-08-06 07:15,64871.49,64891.67,64820.41,64830.44,107999232
2026-08-06 07:30,64830.44,64841.50,64708.65,64749.08,700416
2026-08-06 07:45,64750.88,64774.80,64721.61,64744.41,28346368
2026-08-06 08:00,64744.76,64796.02,64695.00,64704.16,0
2026-08-06 08:15,64704.17,64836.26,64685.53,64836.26,34920448
2026-08-06 08:30,64838.90,64860.30,64800.00,64813.77,0
2026-08-06 08:45,64813.77,64934.39,64813.77,64873.60,45588480
2026-08-06 09:00,64875.23,64877.49,64681.26,64706.91,36472832
2026-08-06 09:15,64706.91,64774.74,64661.75,64667.27,203587584
2026-08-06 09:30,64667.27,64667.28,64570.91,64599.09,97853440
2026-08-06 09:45,64596.20,64634.19,64576.32,64615.94,85118976
2026-08-06 10:00,64615.93,64618.99,64527.80,64528.69,0
2026-08-06 10:15,64528.70,64618.97,64515.47,64613.31,782989312
2026-08-06 10:30,64611.31,64613.48,64558.20,64558.21,154007552
2026-08-06 10:45,64558.21,64580.99,64535.40,64546.79,0
2026-08-06 11:00,64558.19,64558.20,64438.40,64499.49,109430784
2026-08-06 11:15,64499.50,64570.81,64499.50,64506.66,135010304
2026-08-06 11:30,64505.01,64582.45,64505.00,64574.14,94957568
2026-08-06 11:45,64574.15,64578.28,64505.29,64552.62,228751360
2026-08-06 12:00,64546.80,64560.00,64397.89,64410.00,17575936
2026-08-06 12:15,64410.01,64476.59,64379.61,64473.63,58492928
2026-08-06 12:30,64468.14,64523.99,64428.98,64457.88,0
2026-08-06 12:45,64457.89,64463.08,64334.93,64346.01,26324992
2026-08-06 13:00,64337.81,64359.97,64128.92,64180.14,158275584
2026-08-06 13:15,64179.00,64216.04,64115.00,64166.42,48449536
2026-08-06 13:30,64177.04,64357.29,64091.32,64322.19,8179712
2026-08-06 13:45,64350.87,64448.95,64300.18,64360.52,23785472
2026-08-06 14:00,64354.08,64482.98,64305.93,64390.81,12963840
2026-08-06 14:15,64384.27,64498.77,64340.38,64359.76,50255872
2026-08-06 14:30,64332.78,64766.17,64285.82,64741.60,131153920
2026-08-06 14:45,64743.39,64774.70,64614.11,64709.55,24291328
2026-08-06 15:00,64716.51,64925.45,64695.12,64789.34,0
2026-08-06 15:15,64778.53,64840.29,64646.19,64761.93,56395776
2026-08-06 15:30,64764.95,64800.31,64641.71,64687.73,106078208
2026-08-06 15:45,64686.90,64810.05,64570.92,64570.92,156809216
2026-08-06 16:00,64570.94,64655.55,64541.46,64572.04,96700416
2026-08-06 16:15,64574.16,64624.66,64531.25,64587.09,0
2026-08-06 16:30,64592.91,64690.43,64553.75,64654.35,26783744
2026-08-06 16:45,64642.32,64713.86,64598.03,64690.13,102617088
2026-08-06 17:00,64699.94,64779.72,64660.08,64660.53,0
2026-08-06 17:15,64656.40,64683.96,64609.69,64623.46,795850752
2026-08-06 17:30,64623.89,64654.90,64486.91,64543.43,4999168
2026-08-06 17:45,64548.75,64598.32,64524.07,64557.16,52662272
2026-08-06 18:00,64558.99,64558.99,64413.38,64481.73,71471104
2026-08-06 18:15,64485.02,64539.61,64444.96,64458.72,22949888
2026-08-06 18:30,64458.72,64461.66,64346.01,64349.78,86867968
2026-08-06 18:45,64356.52,64390.06,64314.00,64356.35,22417408
2026-08-06 19:00,64357.99,64406.12,64350.91,64376.42,0
2026-08-06 19:15,64376.43,64404.66,64328.68,64340.46,0
2026-08-06 19:30,64339.48,64399.73,64306.93,64376.04,62767104
2026-08-06 19:45,64378.94,64422.13,64342.13,64397.95,4593664
2026-08-06 20:00,64396.70,64483.70,64395.67,64472.00,41564160
2026-08-06 20:15,64471.99,64471.99,64388.11,64432.02,149514240
2026-08-06 20:30,64432.03,64441.44,64402.52,64411.25,0
2026-08-06 20:45,64411.25,64428.80,64381.40,64381.40,46794752
2026-08-06 21:00,64383.93,64451.73,64383.93,64432.88,32284672
2026-08-06 21:15,64432.88,64461.10,64392.03,64392.04,0
2026-08-06 21:30,64391.77,64419.12,64341.83,64393.28,96628736
2026-08-06 21:45,64392.10,64424.54,64374.54,64388.37,0
2026-08-06 22:00,64388.37,64397.13,64323.98,64379.61,68419584
2026-08-06 22:15,64380.98,64381.15,64267.00,64309.53,24723456
2026-08-06 22:30,64309.94,64338.36,64275.21,64288.83,58361856
2026-08-06 22:45,64290.70,64320.94,64284.56,64296.38,86147072
2026-08-06 23:00,64285.95,64310.97,64275.00,64281.96,0
2026-08-06 23:15,64280.84,64289.96,64162.66,64190.00,0
2026-08-06 23:30,64191.96,64200.00,64144.58,64165.57,58085376
2026-08-06 23:45,64165.58,64273.76,64132.24,64267.30,132372480
2026-08-07 00:00,64262.15,64356.23,64222.36,64233.93,40347648
2026-08-07 00:15,64233.93,64260.58,64170.41,64212.19,82071552
2026-08-07 00:30,64215.81,64284.14,64176.88,64268.49,88150016
2026-08-07 00:45,64276.99,64284.11,64200.01,64258.82,45383680
2026-08-07 01:00,64270.41,64390.34,64270.41,64305.43,93706240
2026-08-07 01:15,64300.62,64375.19,64257.78,64364.22,228751360
2026-08-07 01:30,64364.22,64416.94,64241.47,64318.98,72298496
2026-08-07 01:45,64321.80,64393.90,64315.77,64364.25,114632704
2026-08-07 02:00,64354.53,64376.18,64192.30,64340.67,58290176
2026-08-07 02:15,64344.53,64477.15,64250.02,64255.48,47147008
2026-08-07 02:30,64264.07,64359.68,64215.63,64354.31,25825280
2026-08-07 02:45,64354.32,64417.33,64332.52,64337.97,42833920
2026-08-07 03:00,64337.98,64351.28,64255.01,64279.47,125304832
2026-08-07 03:15,64279.46,64289.34,64200.00,64257.77,2084864
2026-08-07 03:30,64254.40,64316.92,64248.42,64278.57,112670720
2026-08-07 03:45,64280.49,64311.55,64216.69,64234.48,86843392
2026-08-07 04:00,64225.66,64267.30,64188.21,64251.08,132399104
2026-08-07 04:15,64249.79,64308.21,64225.33,64243.91,108675072
2026-08-07 04:30,64240.12,64296.38,64196.25,64196.25,34656256
2026-08-07 04:45,64196.25,64209.17,64113.93,64191.67,32499712
2026-08-07 05:00,64191.67,64207.80,64125.55,64191.01,67717120
2026-08-07 05:15,64191.01,64204.11,64112.27,64120.81,80623616
2026-08-07 05:30,64124.09,64227.14,64121.07,64219.20,58286080
2026-08-07 05:45,64220.33,64345.77,64196.25,64276.06,0
2026-08-07 06:00,64269.68,64352.12,64256.74,64350.13,145539072
2026-08-07 06:15,64348.06,64413.00,64322.23,64365.78,86620160
2026-08-07 06:30,64370.66,64370.66,64280.24,64303.38,214300672
2026-08-07 06:45,64303.38,64322.68,64225.34,64254.40,475885568
2026-08-07 07:00,64241.47,64319.24,64206.99,64283.48,99713024
2026-08-07 07:15,64282.19,64377.05,64282.17,64352.08,79593472
2026-08-07 07:30,64351.59,64359.61,64314.47,64319.11,50835456
2026-08-07 07:45,64319.12,64319.12,64254.38,64264.20,12873728
2026-08-07 08:00,64257.63,64329.56,64239.54,64313.32,36061184
2026-08-07 08:15,64313.31,64405.34,64313.31,64390.05,48721920
2026-08-07 08:30,64401.49,64619.84,64400.00,64574.16,156960768
2026-08-07 08:45,64577.27,64577.27,64524.16,64552.89,135559168
2026-08-07 09:00,64552.89,64719.14,64552.89,64683.01,13201408
2026-08-07 09:15,64682.03,64829.69,64682.02,64789.56,184080384
2026-08-07 09:30,64790.87,64920.00,64761.80,64860.83,325623808
2026-08-07 09:45,64868.95,64868.95,64776.30,64794.06,517677056
2026-08-07 10:00,64817.73,64823.99,64758.18,64800.33,202153984
2026-08-07 10:15,64803.44,64852.17,64758.22,64852.17,73793536
2026-08-07 10:30,64849.53,64874.02,64808.61,64819.96,101709824
2026-08-07 10:45,64819.96,64869.43,64818.65,64849.24,70680576
2026-08-07 11:00,64856.99,64939.78,64845.00,64920.74,35643392
2026-08-07 11:15,64920.75,65164.21,64888.51,65039.09,428843008
2026-08-07 11:30,65033.45,65047.77,64964.52,64977.75,249683968
2026-08-07 11:45,64977.33,64997.10,64944.98,64975.63,86999040
2026-08-07 12:00,64982.02,65217.92,64980.96,65170.85,157687808
2026-08-07 12:15,65166.61,65184.60,65016.28,65061.74,254019584
2026-08-07 12:30,65189.53,65189.53,64935.56,65116.82,615458816
2026-08-07 12:45,65122.88,65348.24,65122.88,65248.75,303855616
2026-08-07 13:00,65254.12,65285.70,65143.87,65174.48,138958848
2026-08-07 13:15,65174.48,65239.63,65068.80,65115.91,16515072
2026-08-07 13:30,65121.49,65288.07,65062.27,65268.59,915677184
2026-08-07 13:45,65264.95,65292.84,64951.20,64964.59,243415040
2026-08-07 14:00,64950.04,64984.23,64735.38,64779.70,264400896
2026-08-07 14:15,64765.44,65192.00,64750.61,65136.50,294797312
2026-08-07 14:30,65123.80,65228.76,65046.78,65052.24,238692352
2026-08-07 14:45,65044.16,65106.01,64894.05,64902.00,93986816
2026-08-07 15:00,64915.50,64989.86,64850.02,64918.10,80099328
2026-08-07 15:15,64918.10,65004.93,64877.64,64971.31,2492416
2026-08-07 15:30,64982.50,65077.85,64928.99,64957.61,8665088
2026-08-07 15:45,64957.17,64972.33,64852.68,64858.44,117995520
2026-08-07 16:00,64877.00,65026.06,64863.17,64993.49,172922880
2026-08-07 16:15,64989.88,65004.34,64837.57,64879.25,30726144
2026-08-07 16:30,64894.35,64922.10,64822.10,64897.13,234553344
2026-08-07 16:45,64897.42,64902.72,64758.07,64758.08,0
2026-08-07 17:00,64755.11,64774.70,64641.65,64641.65,97239040
2026-08-07 17:15,64645.22,64678.98,64528.13,64547.65,198541312
2026-08-07 17:30,64542.21,64635.95,64470.02,64630.51,82954240
2026-08-07 17:45,64631.44,64718.35,64606.73,64713.29,133060608
2026-08-07 18:00,64711.13,64837.67,64711.13,64806.72,81057792
2026-08-07 18:15,64809.98,64824.84,64745.77,64758.18,62816256
2026-08-07 18:30,64763.24,64790.75,64675.00,64675.19,14372864
2026-08-07 18:45,64675.19,64706.19,64626.95,64689.71,166672384
2026-08-07 19:00,64697.73,64826.95,64693.02,64790.75,14131200
2026-08-07 19:15,64790.76,64950.36,64790.75,64904.50,45989888
2026-08-07 19:30,64904.55,64992.08,64892.12,64930.31,120410112
2026-08-07 19:45,64923.63,64963.40,64896.82,64913.92,238669824
2026-08-07 20:00,64917.91,64991.53,64906.57,64949.98,74027008
2026-08-07 20:15,64949.98,64964.52,64911.44,64938.08,18446336
2026-08-07 20:30,64928.33,64929.94,64906.60,64920.44,238776320
2026-08-07 20:45,64920.44,64939.18,64917.45,64935.72,128376832
2026-08-07 21:00,64935.72,64986.13,64931.34,64964.53,0
2026-08-07 21:15,64964.52,64972.12,64910.23,64963.07,48115712
2026-08-07 21:30,64960.61,65058.12,64960.61,64982.62,8386560
2026-08-07 21:45,64994.51,64998.61,64892.85,64895.73,173389824
2026-08-07 22:00,64895.73,64899.35,64863.16,64895.73,57061376
2026-08-07 22:15,64895.73,64916.54,64874.10,64892.44,88324096
2026-08-07 22:30,64892.44,64893.61,64815.79,64846.09,73177088
2026-08-07 22:45,64846.09,64887.90,64843.56,64852.17,126283776
2026-08-07 23:00,64851.44,64858.48,64845.01,64852.73,59912192
2026-08-07 23:15,64852.73,64861.54,64841.45,64860.56,170967040
2026-08-07 23:30,64855.46,64866.50,64850.51,64866.49,124993536
2026-08-07 23:45,64866.43,64896.48,64865.29,64891.60,52070400
2026-08-08 00:00,64891.61,64925.97,64868.49,64868.92,25296896
2026-08-08 00:15,64869.93,64869.93,64789.89,64850.30,5122048
2026-08-08 00:30,64850.30,64872.08,64832.69,64872.08,42307584
2026-08-08 00:45,64874.01,64888.16,64868.88,64888.16,113414144
2026-08-08 01:00,64884.36,64924.23,64878.95,64921.26,0
2026-08-08 01:15,64921.26,64921.26,64872.99,64873.00,44662784
2026-08-08 01:30,64873.00,64893.10,64871.30,64886.19,31821824
2026-08-08 01:45,64885.54,64885.74,64868.85,64868.86,18651136
2026-08-08 02:00,64868.86,64875.00,64855.19,64864.33,15044608
2026-08-08 02:15,64864.33,64896.13,64856.76,64893.45,0
2026-08-08 02:30,64893.45,64924.35,64873.18,64882.71,29128704
2026-08-08 02:45,64882.71,64888.27,64879.59,64888.12,107206656
2026-08-08 03:00,64888.08,64900.18,64880.00,64892.87,139046912
2026-08-08 03:15,64892.87,64999.40,64892.86,64985.00,12861440
2026-08-08 03:30,64985.00,65035.56,64963.24,64978.06,116871168
2026-08-08 03:45,64978.06,64995.95,64953.67,64989.86,30017536
2026-08-08 04:00,64989.86,65028.37,64925.01,64935.57,120817664
2026-08-08 04:15,64935.57,64966.62,64928.88,64959.89,132700160
2026-08-08 04:30,64959.88,65022.44,64954.67,64995.60,29270016
2026-08-08 04:45,64999.49,65000.69,64960.90,64974.14,0
2026-08-08 05:00,64973.64,64979.00,64950.01,64951.13,67004416
2026-08-08 05:15,64951.13,64986.25,64951.13,64982.63,42915840
2026-08-08 05:30,64975.39,64982.62,64971.80,64974.32,82415616
2026-08-08 05:45,64974.32,64975.31,64933.85,64961.00,78571520
2026-08-08 06:00,64961.01,64961.42,64935.04,64939.19,0
2026-08-08 06:15,64939.19,64952.23,64929.83,64936.30,2856960
2026-08-08 06:30,64940.96,64955.98,64921.73,64955.98,67739648
2026-08-08 06:45,64955.98,64981.78,64955.98,64968.73,49917952
2026-08-08 07:00,64965.50,64973.56,64955.16,64955.16,0
2026-08-08 07:15,64955.16,64966.87,64954.36,64965.57,0
2026-08-08 07:30,64965.58,64965.58,64900.02,64910.28,903168
2026-08-08 07:45,64910.28,64930.78,64910.28,64928.80,23390208
2026-08-08 08:00,64915.83,64934.38,64913.85,64934.38,2013184
2026-08-08 08:15,64934.37,64945.43,64924.14,64945.42,0
2026-08-08 08:30,64945.43,64979.00,64944.11,64979.00,31471616
2026-08-08 08:45,64979.00,64979.00,64947.93,64957.72,0
2026-08-08 09:00,64957.72,64971.52,64952.06,64971.52,337920
2026-08-08 09:15,64971.53,64984.24,64970.34,64974.71,0
2026-08-08 09:30,64974.71,65014.29,64962.60,64969.89,0
2026-08-08 09:45,64969.88,64973.27,64949.73,64955.29,0
2026-08-08 10:00,64955.29,64973.99,64950.14,64959.10,22536192
2026-08-08 10:15,64959.10,64983.91,64956.31,64983.91,44756992
2026-08-08 10:30,64983.91,64986.83,64968.14,64976.40,3442688
2026-08-08 10:45,64976.40,64978.99,64960.82,64966.68,26411008
2026-08-08 11:00,64966.68,64991.99,64964.55,64974.56,17790976
2026-08-08 11:15,64974.56,64974.57,64931.96,64934.97,0
2026-08-08 11:30,64934.97,64939.49,64928.41,64928.41,8179712
2026-08-08 11:45,64928.40,64931.94,64914.70,64922.84,3080192
2026-08-08 12:00,64921.87,64968.13,64880.00,64967.71,0
2026-08-08 12:15,64968.14,64999.45,64932.56,64932.56,28680192
2026-08-08 12:30,64942.79,64983.53,64942.79,64956.08,0
2026-08-08 12:45,64956.08,64983.62,64955.88,64960.89,0
2026-08-08 13:00,64960.91,64979.54,64954.12,64957.52,0
2026-08-08 13:15,64957.53,64981.00,64954.83,64979.34,0
2026-08-08 13:30,64973.65,64973.66,64957.28,64970.74,0
2026-08-08 13:45,64965.99,64978.61,64957.27,64973.61,0
2026-08-08 14:00,64973.61,65019.38,64968.43,65019.36,0
2026-08-08 14:15,65019.36,65100.45,65002.36,65087.60,8228864
2026-08-08 14:30,65112.56,65148.92,65067.66,65067.66,0
2026-08-08 14:45,65067.66,65134.64,65067.66,65082.74,0
2026-08-08 15:00,65091.21,65109.32,65051.41,65053.79,0
2026-08-08 15:15,65053.79,65064.94,65032.41,65046.63,11673600
2026-08-08 15:30,65045.45,65047.46,65015.33,65015.34,0
2026-08-08 15:45,65015.34,65050.00,65013.83,65029.66,0
2026-08-08 16:00,65029.67,65073.06,65029.67,65038.87,5545984
2026-08-08 16:15,65038.87,65047.90,65027.00,65027.00,0
2026-08-08 16:30,65027.00,65027.00,64990.39,65015.67,0
2026-08-08 16:45,65015.67,65045.50,65012.32,65039.99,363083776
2026-08-08 17:00,65040.00,65092.48,65028.05,65070.20,0
2026-08-08 17:15,65070.19,65080.50,65055.90,65072.02,14359552
2026-08-08 17:30,65070.39,65107.98,65060.46,65084.72,7084032
2026-08-08 17:45,65084.69,65088.40,65070.47,65073.14,0
2026-08-08 18:00,65073.13,65083.15,65052.06,65062.19,0
2026-08-08 18:15,65062.19,65062.19,64979.00,64990.57,55928832
2026-08-08 18:30,64990.57,65018.54,64989.55,65010.49,47304704
2026-08-08 18:45,65010.49,65016.21,64988.84,64992.85,4637696
2026-08-08 19:00,64992.85,65000.00,64969.39,64975.05,0
2026-08-08 19:15,64975.06,64978.47,64964.86,64967.49,8931328
2026-08-08 19:30,64967.50,64998.88,64965.42,64996.37,0
2026-08-08 19:45,64993.00,65040.70,64992.29,65025.42,20103168
2026-08-08 20:00,65025.41,65036.89,65020.00,65033.92,0
2026-08-08 20:15,65033.92,65037.92,65011.59,65016.01,4139008
2026-08-08 20:30,65016.01,65036.92,65016.01,65032.31,18137088
2026-08-08 20:45,65032.31,65045.39,65022.44,65032.18,224017408
2026-08-08 21:00,65032.18,65035.47,65000.00,65000.01,38172672
2026-08-08 21:15,65000.00,65004.34,64980.11,64980.12,45351936
2026-08-08 21:30,64980.12,65008.39,64973.86,65008.39,29030400
2026-08-08 21:45,65008.39,65008.39,64941.08,64968.03,60122112
2026-08-08 22:00,64978.99,64994.99,64952.21,64952.22,24425472
2026-08-08 22:15,64952.21,64953.39,64934.76,64940.39,36022272
2026-08-08 22:30,64940.40,64951.08,64920.01,64920.01,88545280
2026-08-08 22:45,64920.02,64922.71,64892.51,64892.51,37502976
2026-08-08 23:00,64892.51,64894.50,64882.08,64887.58,16354304
2026-08-08 23:15,64887.59,64920.91,64882.09,64882.09,0
2026-08-08 23:30,64882.09,64921.80,64881.89,64908.96,64120832
2026-08-08 23:45,64908.97,64922.92,64900.00,64908.72,109076480
2026-08-09 00:00,64908.72,64915.89,64899.26,64902.61,0
2026-08-09 00:15,64902.61,64921.80,64902.60,64913.83,10413056
2026-08-09 00:30,64913.83,64939.18,64913.83,64917.44,35234816
2026-08-09 00:45,64917.43,64927.94,64907.58,64922.08,41355264
2026-08-09 01:00,64919.02,64950.01,64913.85,64924.27,4791296
2026-08-09 01:15,64924.27,64936.31,64811.56,64811.85,3109888
2026-08-09 01:30,64811.84,64840.52,64805.24,64838.75,34877440
2026-08-09 01:45,64838.74,64838.75,64790.46,64806.00,96763904
2026-08-09 02:00,64806.23,64809.14,64762.77,64799.05,40910848
2026-08-09 02:15,64789.71,64797.97,64778.46,64786.13,11318272
2026-08-09 02:30,64784.98,64795.45,64729.75,64729.75,46084096
2026-08-09 02:45,64725.02,64773.33,64725.02,64770.07,41531392
2026-08-09 03:00,64767.51,64767.51,64690.34,64690.34,11345920
2026-08-09 03:15,64679.99,64735.30,64675.22,64728.63,4070400
2026-08-09 03:30,64727.42,64751.89,64722.71,64751.89,0
2026-08-09 03:45,64751.89,64751.89,64729.23,64734.97,5709824
2026-08-09 04:00,64734.97,64768.76,64734.96,64768.75,0
2026-08-09 04:15,64768.75,64779.39,64752.05,64779.39,19875840
2026-08-09 04:30,64779.38,64779.38,64750.44,64750.45,18030592
2026-08-09 04:45,64750.35,64750.35,64724.04,64735.43,11419648
2026-08-09 05:00,64735.34,64739.13,64725.01,64733.98,53378048
2026-08-09 05:15,64733.97,64737.64,64725.92,64729.59,8083456
2026-08-09 05:30,64729.23,64735.92,64725.63,64727.29,38986752
2026-08-09 05:45,64727.29,64754.32,64717.51,64754.32,0
2026-08-09 06:00,64754.32,64763.13,64741.78,64763.13,43259904
2026-08-09 06:15,64763.12,64790.75,64763.12,64787.40,56836096
2026-08-09 06:30,64787.40,64810.99,64787.39,64809.10,24177664
2026-08-09 06:45,64809.10,64813.90,64792.90,64792.90,0
2026-08-09 07:00,64792.91,64803.20,64789.51,64803.20,41796608
2026-08-09 07:15,64803.20,64803.21,64780.24,64780.32,128663552
2026-08-09 07:30,64780.32,64789.01,64770.01,64784.69,110690304
2026-08-09 07:45,64784.70,64784.70,64763.98,64770.87,50619392
2026-08-09 08:00,64770.87,64878.30,64770.86,64861.90,68429824
2026-08-09 08:15,64861.90,64880.97,64830.02,64830.71,416719872
2026-08-09 08:30,64830.71,64841.44,64739.28,64739.28,67757056
2026-08-09 08:45,64736.47,64770.07,64736.47,64770.07,49654784
2026-08-09 09:00,64770.07,64779.18,64770.06,64775.95,0
2026-08-09 09:15,64775.96,64780.99,64761.80,64765.13,0
2026-08-09 09:30,64763.70,64772.12,64759.55,64766.14,0
2026-08-09 09:45,64766.15,64832.31,64759.62,64832.31,0
2026-08-09 10:00,64832.31,64900.17,64829.68,64900.17,44135424
2026-08-09 10:15,64900.16,64930.36,64891.44,64920.63,34099200
2026-08-09 10:30,64920.63,64928.28,64884.94,64890.15,119340032
2026-08-09 10:45,64890.15,64925.01,64890.14,64905.46,42832896
2026-08-09 11:00,64905.46,64933.78,64905.46,64931.35,11313152
2026-08-09 11:15,64931.35,64931.37,64925.44,64928.06,5167104
2026-08-09 11:30,64928.06,64949.00,64928.05,64939.59,33214464
2026-08-09 11:45,64939.59,64957.16,64895.75,64899.97,31264768
2026-08-09 12:00,64893.88,64901.38,64866.16,64891.78,27990016
2026-08-09 12:15,64891.78,64897.96,64885.84,64889.66,17125376
2026-08-09 12:30,64889.65,64892.12,64889.49,64890.46,30487552
2026-08-09 12:45,64890.47,64906.59,64882.84,64906.59,9154560
2026-08-09 13:00,64906.59,64988.60,64906.59,64971.77,4950016
2026-08-09 13:15,64971.79,65041.00,64971.79,65040.46,64496640
2026-08-09 13:30,65044.56,65209.50,65044.56,65179.77,120679424
2026-08-09 13:45,65179.78,65181.70,65150.01,65178.68,157508608
2026-08-09 14:00,65178.68,65200.67,65153.34,65195.96,278422528
2026-08-09 14:15,65195.96,65195.96,65112.31,65142.18,0
2026-08-09 14:30,65143.48,65182.20,65100.40,65122.50,8934400
2026-08-09 14:45,65123.18,65252.96,65121.67,65214.29,47962112
2026-08-09 15:00,65220.00,65220.00,65156.04,65194.71,34260992
2026-08-09 15:15,65194.70,65197.95,65178.55,65180.18,129436672
2026-08-09 15:30,65180.20,65187.56,65170.85,65177.47,16817152
2026-08-09 15:45,65177.48,65187.56,65171.05,65174.99,22330368
2026-08-09 16:00,65175.73,65218.84,65161.49,65188.64,69565440
2026-08-09 16:15,65188.64,65197.53,65132.21,65149.13,30903296
2026-08-09 16:30,65149.13,65210.68,65149.13,65206.57,57866240
2026-08-09 16:45,65206.56,65208.90,65180.07,65181.97,11329536
2026-08-09 17:00,65181.97,65181.98,65169.46,65179.16,0
2026-08-09 17:15,65176.62,65191.65,65166.33,65185.48,4978688
2026-08-09 17:30,65185.48,65189.01,65176.90,65181.27,34823168
2026-08-09 17:45,65181.28,65181.28,65142.00,65142.00,18371584
2026-08-09 18:00,65142.01,65156.38,65142.01,65154.21,0
2026-08-09 18:15,65154.22,65166.75,65138.28,65166.75,0
2026-08-09 18:30,65166.75,65174.07,65161.20,65170.39,41096192
2026-08-09 18:45,65170.39,65170.39,65146.66,65147.12,0
2026-08-09 19:00,65147.13,65155.02,65136.87,65150.28,12637184
2026-08-09 19:15,65148.98,65169.99,65148.02,65159.35,14604288
2026-08-09 19:30,65159.65,65161.71,65150.00,65150.27,49633280
2026-08-09 19:45,65150.27,65150.32,65130.03,65130.74,0
2026-08-09 20:00,65140.49,65140.50,65028.16,65032.21,20719616
2026-08-09 20:15,65032.20,65105.70,65032.20,65080.32,175930368
2026-08-09 20:30,65080.32,65123.79,65080.32,65100.01,42600448
2026-08-09 20:45,65100.00,65100.00,65083.98,65095.57,5975040
2026-08-09 21:00,65095.58,65097.00,65083.27,65086.30,20853760
2026-08-09 21:15,65086.30,65098.71,65077.53,65088.58,13684736
2026-08-09 21:30,65089.88,65196.82,65086.08,65178.09,116339712
2026-08-09 21:45,65178.09,65178.10,65138.29,65143.70,77364224
2026-08-09 22:00,65160.36,65398.27,65160.36,65353.43,24145920
2026-08-09 22:15,65355.53,65382.79,65163.62,65177.73,369593344
2026-08-09 22:30,65196.19,65196.20,64936.52,64984.94,113725440
2026-08-09 22:45,64977.18,65056.42,64921.90,65023.08,131126272
2026-08-09 23:00,65013.82,65056.42,64950.06,64971.76,762830848
2026-08-09 23:15,64968.14,65007.45,64852.27,64870.39,282135552
2026-08-09 23:30,64855.92,64892.84,64808.65,64848.68,164431872
2026-08-09 23:45,64850.31,64887.68,64788.67,64848.69,787989504
2026-08-10 00:00,64839.01,65245.46,64794.38,65096.57,31335424
2026-08-10 00:15,65077.30,65111.90,64928.33,64950.04,626678784
2026-08-10 00:30,64944.63,65000.43,64772.66,64799.21,113090560
2026-08-10 00:45,64795.96,64995.66,64794.90,64916.98,116085760
2026-08-10 01:00,64921.66,64982.58,64852.30,64958.52,136241152
2026-08-10 01:15,64958.52,65024.97,64950.04,64953.67,36102144
2026-08-10 01:30,64941.00,64957.17,64845.58,64924.69,0
2026-08-10 01:45,64924.70,65330.14,64919.20,65146.85,197653504
2026-08-10 02:00,65163.61,65163.61,65033.30,65058.64,107060224
2026-08-10 02:15,65058.64,65058.64,64852.24,64911.36,56145920
2026-08-10 02:30,64917.45,65165.40,64913.10,65149.14,15350784
2026-08-10 02:45,65131.08,65131.11,65026.07,65043.02,37993472
2026-08-10 03:00,65047.95,65055.84,64905.02,64905.02,100822016
2026-08-10 03:15,64905.01,65115.46,64852.31,64969.05,113760256
2026-08-10 03:30,64976.70,65040.53,64943.68,64968.13,48824320
2026-08-10 03:45,64979.00,65010.16,64894.69,64921.09,128249856
2026-08-10 04:00,64912.37,65018.81,64900.08,65018.81,124917760
2026-08-10 04:15,65018.81,65038.17,64968.14,64968.14,22987776
2026-08-10 04:30,64970.90,64988.18,64863.17,64950.04,129685504
2026-08-10 04:45,64953.66,65002.23,64921.09,64950.77,105568256
2026-08-10 05:00,64942.70,65005.26,64924.70,64935.08,38715392
2026-08-10 05:15,64935.09,65007.95,64935.08,64989.85,62482432
2026-08-10 05:30,64979.00,65029.22,64964.54,65025.00,48450560
2026-08-10 05:45,65025.00,65104.47,64994.59,65085.60,46740480
2026-08-10 06:00,65087.58,65232.39,65076.74,65146.68,94499840
2026-08-10 06:15,65147.03,65184.88,65098.97,65117.80,107217920
2026-08-10 06:30,65119.60,65192.58,65116.25,65192.58,35072000
2026-08-10 06:45,65186.81,65283.07,65181.67,65248.08,88419328
2026-08-10 07:00,65254.11,65254.69,65201.31,65208.60,49567744
2026-08-10 07:15,65208.61,65282.13,65186.98,65267.93,24745984
2026-08-10 07:30,65261.37,65319.27,65254.12,65274.05,123523072
2026-08-10 07:45,65274.08,65286.69,65141.66,65149.84,165011456
2026-08-10 08:00,65152.61,65257.35,65152.61,65216.90,0
2026-08-10 08:15,65209.08,65277.29,65178.02,65244.03,559568896
2026-08-10 08:30,65240.66,65251.34,65138.17,65171.63,73369600
2026-08-10 08:45,65171.63,65215.37,65151.51,65190.35,646144
2026-08-10 09:00,65182.99,65182.99,65132.31,65162.96,88995840
2026-08-10 09:15,65162.96,65167.27,65103.82,65104.34,70009856
2026-08-10 09:30,65085.02,65088.23,64987.16,64992.29,71390208
2026-08-10 09:45,64993.50,64993.50,64897.56,64907.65,177420288
2026-08-10 10:00,64906.35,65012.35,64903.96,64983.56,76880896
2026-08-10 10:15,64983.57,65011.58,64941.10,64964.14,33131520
2026-08-10 10:30,64966.82,64990.41,64943.26,64948.50,69806080
2026-08-10 10:45,64948.50,64998.24,64947.18,64956.26,137947136
2026-08-10 11:00,64960.98,64976.79,64910.74,64955.03,37013504
2026-08-10 11:15,64955.03,65032.92,64955.03,65021.85,115915776
2026-08-10 11:30,65032.22,65047.42,65001.21,65002.84,10294272
2026-08-10 11:45,65002.84,65080.35,65001.99,65069.46,17242112
2026-08-10 12:00,65061.14,65182.26,65048.52,65066.72,98967552
2026-08-10 12:15,65065.73,65065.73,64983.80,64994.15,67253248
2026-08-10 12:30,64997.47,65002.19,64856.96,64966.82,202244096
2026-08-10 12:45,64951.10,64951.85,64794.75,64817.10,229389312
2026-08-10 13:00,64805.70,64852.85,64787.23,64829.27,196591616
2026-08-10 13:15,64829.28,64915.71,64819.97,64868.86,125963264
2026-08-10 13:30,64869.25,64869.25,64550.27,64578.58,425200640
2026-08-10 13:45,64564.50,64615.25,64446.71,64494.73,441208832
2026-08-10 14:00,64471.65,64693.11,64471.65,64687.36,490214400
2026-08-10 14:15,64676.87,64774.21,64648.17,64729.17,370073600
2026-08-10 14:30,64720.92,64840.56,64707.45,64770.37,172464128
2026-08-10 14:45,64781.66,64809.62,64554.18,64562.76,95199232
2026-08-10 15:00,64564.12,64651.43,64492.87,64502.63,119232512
2026-08-10 15:15,64499.11,64577.10,64262.44,64335.51,194365440
2026-08-10 15:30,64336.80,64357.66,64208.35,64269.22,562628608
2026-08-10 15:45,64276.90,64292.03,64145.99,64235.85,164196352
2026-08-10 16:00,64174.01,64298.72,64150.40,64159.29,290519040
2026-08-10 16:15,64159.29,64159.29,63930.44,64057.88,468193280
2026-08-10 16:30,64057.80,64113.64,63880.54,63899.99,357916672
2026-08-10 16:45,63884.36,63895.32,63758.49,63833.92,342444032
2026-08-10 17:00,63863.30,63948.95,63759.66,63926.00,449867776
2026-08-10 17:15,63920.01,63940.02,63843.68,63843.68,477640704
2026-08-10 17:30,63836.06,63945.85,63823.21,63878.84,337752064
2026-08-10 17:45,63870.81,63910.57,63811.41,63884.98,368930816
2026-08-10 18:00,63884.99,63947.63,63812.75,63868.30,342034432
2026-08-10 18:15,63858.58,63939.82,63813.90,63813.90,284766208
2026-08-10 18:30,63815.48,63858.37,63739.28,63818.68,335069184
2026-08-10 18:45,63811.40,63860.51,63768.70,63815.90,369346560
2026-08-10 19:00,63815.91,63868.43,63810.25,63855.94,200216576
2026-08-10 19:15,63855.94,63958.64,63819.27,63955.93,191899648
2026-08-10 19:30,63960.86,64033.03,63852.97,63958.44,90427392
2026-08-10 19:45,63959.51,63984.32,63932.21,63975.88,66054144
2026-08-10 20:00,63978.66,64024.14,63947.63,63983.98,148512768
2026-08-10 20:15,63984.00,64058.98,63984.00,64054.97,109486080
2026-08-10 20:30,64054.98,64126.46,64036.64,64108.46,129468416
2026-08-10 20:45,64108.46,64112.70,64067.92,64096.86,165513216
2026-08-10 21:00,64092.01,64092.01,64027.27,64048.97,0
2026-08-10 21:15,64048.97,64058.99,64006.88,64055.98,113182720
2026-08-10 21:30,64055.98,64059.99,63966.20,63980.40,12378112
2026-08-10 21:45,63984.33,63984.33,63910.40,63910.42,27471872
2026-08-10 22:00,63910.16,63985.58,63887.67,63979.98,0
2026-08-10 22:15,63982.21,63997.00,63941.11,63948.23,0
2026-08-10 22:30,63948.12,63951.09,63873.35,63932.09,0
2026-08-10 22:45,63929.52,63959.72,63921.46,63959.71,218023936
2026-08-10 23:00,63959.71,63963.01,63913.59,63920.98,28495872
2026-08-10 23:15,63920.99,63940.00,63888.00,63930.31,106213376
2026-08-10 23:30,63930.31,63930.31,63854.90,63909.66,27629568
2026-08-10 23:45,63902.92,63922.00,63886.09,63911.88,20889600
2026-08-11 00:00,63911.87,63917.52,63830.28,63917.52,241498112
2026-08-11 00:15,63916.40,63930.75,63851.72,63915.37,62926848
2026-08-11 00:30,63929.31,63942.99,63880.71,63909.55,64301056
2026-08-11 00:45,63918.34,63989.97,63918.34,63972.09,0
2026-08-11 01:00,63970.93,64013.39,63906.77,63993.62,256878592
2026-08-11 01:15,63993.62,64013.40,63909.88,64004.36,41138176
2026-08-11 01:30,63999.58,63999.58,63891.70,63921.46,71958528
2026-08-11 01:45,63921.46,64013.00,63917.52,63993.25,787396608
2026-08-11 02:00,63987.09,64024.48,63976.47,63979.96,0
2026-08-11 02:15,63989.05,64011.84,63982.91,63986.36,42491904
2026-08-11 02:30,63986.36,63991.79,63957.84,63979.11,0
2026-08-11 02:45,63983.72,63992.97,63964.62,63978.05,0
2026-08-11 03:00,63979.90,64043.18,63979.90,64036.89,53026816
2026-08-11 03:15,64036.45,64110.09,64036.45,64068.16,0
2026-08-11 03:30,64067.94,64102.22,64065.94,64070.77,25473024
2026-08-11 03:45,64070.76,64074.72,64050.57,64074.72,62965760
2026-08-11 04:00,64072.01,64094.37,64053.56,64055.09,169488384
2026-08-11 04:15,64055.09,64070.51,64036.19,64041.63,55982080
2026-08-11 04:30,64041.83,64048.29,64030.18,64034.03,43642880
2026-08-11 04:45,64034.78,64042.49,63960.21,63960.21,24023040
2026-08-11 05:00,63955.56,63992.19,63930.22,63984.68,51492864
2026-08-11 05:15,63984.68,63984.68,63889.58,63906.10,15091712
2026-08-11 05:30,63906.11,63979.43,63899.69,63972.51,76275712
2026-08-11 05:45,63972.51,63980.40,63926.89,63926.89,791920640
2026-08-11 06:00,63926.89,63985.31,63905.72,63961.82,0
2026-08-11 06:15,63960.76,63960.76,63860.65,63860.65,67465216
2026-08-11 06:30,63860.65,63900.00,63831.07,63858.22,136562688
2026-08-11 06:45,63859.86,63900.00,63798.21,63897.94,133388288
2026-08-11 07:00,63897.94,63944.55,63893.72,63893.72,229945344
2026-08-11 07:15,63893.71,63900.00,63836.55,63836.78,49004544
2026-08-11 07:30,63840.30,64025.89,63840.30,64011.80,68726784
2026-08-11 07:45,64006.41,64049.28,63976.14,63999.17,86390784
2026-08-11 08:00,64004.18,64042.29,63976.86,63976.86,36935680
2026-08-11 08:15,63975.83,64020.52,63975.00,63984.73,0
2026-08-11 08:30,63984.72,64057.53,63984.72,64043.84,14761984
2026-08-11 08:45,64043.84,64084.20,64021.47,64073.85,130957312
2026-08-11 09:00,64073.86,64103.25,64059.43,64065.63,39677952
2026-08-11 09:15,64065.63,64137.53,64065.16,64123.79,125556736
2026-08-11 09:30,64123.79,64186.85,64116.34,64179.00,47900672
2026-08-11 09:45,64179.00,64242.45,64179.00,64242.45,17963008
2026-08-11 10:00,64244.21,64253.02,64179.00,64184.93,50440192
2026-08-11 10:15,64184.59,64244.31,64141.36,64238.86,41625600
2026-08-11 10:30,64238.86,64251.10,64190.89,64216.00,159238144
2026-08-11 10:45,64216.73,64216.73,64160.00,64171.17,72640512
2026-08-11 11:00,64202.31,64334.32,64194.69,64301.38,61616128
2026-08-11 11:15,64301.38,64305.18,64275.71,64277.72,815941632
2026-08-11 11:30,64277.72,64297.02,64275.16,64285.24,20934656
2026-08-11 11:45,64285.24,64347.56,64285.23,64327.17,113795072
2026-08-11 12:00,64347.89,64434.71,64324.24,64413.21,91623424
2026-08-11 12:15,64413.21,64413.21,64229.60,64255.66,100591616
2026-08-11 12:30,64274.70,64330.60,64255.65,64269.00,103131136
2026-08-11 12:45,64269.01,64283.44,64263.66,64266.52,0
2026-08-11 13:00,64263.28,64315.85,64218.08,64266.28,0
2026-08-11 13:15,64253.75,64274.69,64105.61,64136.78,0
2026-08-11 13:30,64138.71,64176.81,64000.84,64113.60,200738816
2026-08-11 13:45,64116.99,64154.77,63988.08,64139.99,339881984
2026-08-11 14:00,64129.92,64174.63,64056.48,64157.15,12888064
2026-08-11 14:15,64163.60,64202.31,63873.19,63963.59,11907072
2026-08-11 14:30,63961.38,63999.12,63842.41,63891.94,131139584
2026-08-11 14:45,63901.34,63945.75,63651.13,63713.96,323676160
2026-08-11 15:00,63691.51,63809.54,63678.06,63719.08,210595840
2026-08-11 15:15,63707.00,63812.98,63649.86,63806.83,95961088
2026-08-11 15:30,63802.26,63802.26,63386.86,63504.60,96851968
2026-08-11 15:45,63496.77,63573.00,63404.72,63541.37,965011456
2026-08-11 16:00,63486.03,63594.14,63486.03,63535.90,0
2026-08-11 16:15,63551.59,63590.84,63513.32,63527.86,0
2026-08-11 16:30,63527.87,63560.40,63428.85,63428.86,0
2026-08-11 16:45,63451.73,63482.10,63392.41,63440.59,0
2026-08-11 17:00,63438.72,63475.00,63390.51,63436.51,0
2026-08-11 17:15,63438.74,63535.54,63417.46,63505.55,0
2026-08-11 17:30,63507.61,63524.11,63454.94,63486.04,0
2026-08-11 17:45,63477.90,63567.38,63460.96,63537.12,0
2026-08-11 18:00,63524.13,63562.23,63475.41,63519.49,0
2026-08-11 18:15,63517.85,63537.92,63402.62,63402.62,169936896
2026-08-11 18:30,63409.82,63440.31,63203.15,63238.38,132562944
2026-08-11 18:45,63233.18,63319.97,63233.18,63305.79,85493760
2026-08-11 19:00,63304.82,63312.00,63173.63,63179.19,111011840
2026-08-11 19:15,63176.98,63316.19,63176.98,63285.79,15339520
2026-08-11 19:30,63297.80,63392.94,63287.91,63382.39,133019648
2026-08-11 19:45,63398.31,63479.44,63319.49,63477.97,5187584
2026-08-11 20:00,63476.00,63658.50,63469.42,63613.43,186122240
2026-08-11 20:15,63614.40,63619.21,63551.63,63619.21,753930240
2026-08-11 20:30,63630.32,63691.02,63589.08,63612.15,91940864
2026-08-11 20:45,63612.14,63691.42,63612.14,63682.16,89456640
2026-08-11 21:00,63675.23,63695.57,63662.95,63676.32,92426240
2026-08-11 21:15,63676.33,63700.65,63587.83,63604.76,93710336
2026-08-11 21:30,63604.76,63634.59,63553.90,63606.96,65658880
2026-08-11 21:45,63606.56,63634.62,63584.02,63615.58,40243200
2026-08-11 22:00,63624.53,63710.97,63624.53,63674.51,51130368
2026-08-11 22:15,63669.08,63706.99,63645.13,63661.29,192753664
2026-08-11 22:30,63670.43,63670.43,63584.99,63592.71,34918400
2026-08-11 22:45,63596.23,63620.00,63558.65,63604.66,55881728
2026-08-11 23:00,63604.66,63604.66,63500.55,63514.68,0
2026-08-11 23:15,63514.68,63553.58,63480.10,63536.26,105877504
2026-08-11 23:30,63536.26,63582.58,63524.13,63582.58,18667520
2026-08-11 23:45,63582.58,63592.71,63531.75,63531.75,4462592
2026-08-12 00:00,63525.11,63548.27,63466.09,63539.38,98275328
2026-08-12 00:15,63539.32,63645.00,63514.06,63608.01,54593536
2026-08-12 00:30,63608.01,63667.07,63608.01,63655.85,38807552
2026-08-12 00:45,63655.85,63687.95,63655.18,63685.04,2199552
2026-08-12 01:00,63685.04,63728.02,63653.68,63727.02,61177856
2026-08-12 01:15,63727.02,63727.39,63680.34,63691.77,40198144
2026-08-12 01:30,63679.06,63764.05,63628.44,63764.05,165265408
2026-08-12 01:45,63764.04,63798.55,63734.07,63760.90,40482816
2026-08-12 02:00,63775.58,63823.00,63756.55,63780.11,389222400
2026-08-12 02:15,63787.59,63835.78,63722.26,63835.77,204582912
2026-08-12 02:30,63838.29,63847.97,63695.58,63712.17,194189312
2026-08-12 02:45,63711.19,63719.00,63665.76,63687.95,92258304
2026-08-12 03:00,63694.99,63738.56,63645.39,63654.74,86642688
2026-08-12 03:15,63652.31,63715.62,63638.53,63689.69,99145728
2026-08-12 03:30,63680.21,63784.02,63674.53,63748.92,61626368
2026-08-12 03:45,63748.92,63778.10,63710.82,63762.02,26298368
2026-08-12 04:00,63766.41,63777.51,63697.54,63725.99,0
2026-08-12 04:15,63725.98,63829.99,63721.07,63729.51,60383232
2026-08-12 04:30,63718.20,63718.20,63670.25,63707.27,251977728
2026-08-12 04:45,63705.68,63772.43,63695.58,63713.62,84291584
2026-08-12 05:00,63713.62,63760.34,63663.88,63758.76,245618688
2026-08-12 05:15,63757.56,63782.49,63753.09,63782.49,0
2026-08-12 05:30,63782.49,63809.87,63761.93,63785.37,154025984
2026-08-12 05:45,63787.50,63803.85,63752.59,63786.77,158183424
2026-08-12 06:00,63780.11,63780.11,63634.63,63635.67,88670208
2026-08-12 06:15,63635.50,63687.96,63557.04,63577.28,232468480
2026-08-12 06:30,63577.29,63616.49,63534.01,63588.80,156485632
2026-08-12 06:45,63591.34,63650.69,63562.23,63650.69,21207040
2026-08-12 07:00,63652.07,63731.82,63640.14,63689.23,98242560
2026-08-12 07:15,63684.15,63696.62,63661.05,63665.47,84498432
2026-08-12 07:30,63665.47,63705.94,63617.61,63626.88,8738816
2026-08-12 07:45,63612.00,63767.04,63570.51,63767.03,190068736
2026-08-12 08:00,63767.58,63798.82,63713.39,63723.59,35012608
2026-08-12 08:15,63723.59,63769.96,63723.59,63758.90,232833024
2026-08-12 08:30,63745.21,63745.22,63705.60,63716.89,41811968
2026-08-12 08:45,63716.38,63758.89,63714.58,63730.50,126674944
2026-08-12 09:00,63730.97,63799.18,63698.40,63795.59,0
2026-08-12 09:15,63797.30,63939.59,63793.31,63919.66,155336704
2026-08-12 09:30,63936.00,64023.05,63927.21,63983.11,150249472
2026-08-12 09:45,63983.99,64052.34,63972.00,64052.34,126203904
2026-08-12 10:00,64054.79,64154.01,64033.99,64069.22,238852096
2026-08-12 10:15,64069.23,64085.48,64002.64,64014.08,297099264
2026-08-12 10:30,64014.08,64105.19,64014.08,64080.53,156692480
2026-08-12 10:45,64080.53,64099.99,64019.24,64079.99,1095680
2026-08-12 11:00,64096.06,64155.00,64054.58,64078.44,47046656
2026-08-12 11:15,64079.73,64146.28,64065.97,64141.19,82706432
2026-08-12 11:30,64141.20,64157.85,64095.14,64134.09,195950592
2026-08-12 11:45,64134.09,64189.40,64130.00,64175.90,28526592
2026-08-12 12:00,64187.49,64237.51,64159.03,64204.03,0
2026-08-12 12:15,64206.13,64357.06,64198.71,64357.06,107393024
2026-08-12 12:30,64383.84,64383.84,63985.99,64041.21,869316608
2026-08-12 12:45,64035.41,64123.19,63921.00,64066.44,931944448
2026-08-12 13:00,64067.24,64099.99,63880.97,63928.79,50589696
2026-08-12 13:15,63932.96,63982.99,63840.43,63891.90,805574656
2026-08-12 13:30,63892.77,63949.11,63800.00,63920.88,117014528
2026-08-12 13:45,63923.28,64014.31,63770.89,63780.56,0
2026-08-12 14:00,63743.11,63848.10,63542.64,63731.84,113305600
2026-08-12 14:15,63729.43,63766.78,63594.01,63603.06,216526848
2026-08-12 14:30,63583.95,63635.00,63457.21,63537.94,128526336
2026-08-12 14:45,63538.09,63570.20,63287.71,63296.71,105926656
2026-08-12 15:00,63296.70,63460.38,63248.91,63428.39,54503424
2026-08-12 15:15,63424.87,63471.65,63363.60,63424.80,161208320
2026-08-12 15:30,63439.19,63501.60,63325.53,63448.51,0
2026-08-12 15:45,63455.92,63478.11,63345.60,63368.64,0
2026-08-12 16:00,63367.25,63430.24,63283.68,63406.05,100833280
2026-08-12 16:15,63417.89,63491.59,63389.14,63491.59,111241216
2026-08-12 16:30,63495.38,63512.70,63438.16,63447.07,12851200
2026-08-12 16:45,63437.66,63455.12,63404.04,63427.45,0
2026-08-12 17:00,63424.57,63474.67,63410.78,63466.74,91078656
2026-08-12 17:15,63473.08,63485.08,63335.00,63371.67,38043648
2026-08-12 17:30,63371.67,63440.92,63336.42,63401.56,103307264
2026-08-12 17:45,63401.55,63468.22,63378.43,63398.82,24727552
2026-08-12 18:00,63385.56,63437.18,63344.00,63399.61,48678912
2026-08-12 18:15,63392.40,63392.41,63309.60,63360.00,166014976
2026-08-12 18:30,63357.53,63453.59,63342.64,63376.80,0
2026-08-12 18:45,63368.49,63369.20,63300.18,63309.61,0
2026-08-12 19:00,63305.45,63363.59,63305.45,63307.74,0
2026-08-12 19:15,63307.75,63395.13,63241.17,63313.20,733827072
2026-08-12 19:30,63312.68,63332.74,63263.85,63263.85,55287808
2026-08-12 19:45,63264.02,63355.22,63245.88,63345.72,65880064
2026-08-12 20:00,63350.77,63446.39,63350.77,63391.36,14305280
2026-08-12 20:15,63391.36,63449.69,63349.21,63435.70,157976576
2026-08-12 20:30,63435.71,63507.59,63435.71,63481.34,48357376
2026-08-12 20:45,63474.49,63535.47,63460.06,63535.47,93353984
2026-08-12 21:00,63537.00,63577.57,63486.16,63517.02,109271040
2026-08-12 21:15,63514.80,63529.85,63393.91,63418.99,42125312
2026-08-12 21:30,63415.25,63481.75,63356.44,63472.19,75538432
2026-08-12 21:45,63476.14,63513.73,63384.60,63403.19,71716864
2026-08-12 22:00,63392.40,63473.77,63352.80,63431.25,61730816
2026-08-12 22:15,63441.17,63467.99,63415.06,63417.86,100175872
2026-08-12 22:30,63417.86,63431.20,63297.52,63336.54,68544512
2026-08-12 22:45,63331.14,63370.00,63319.99,63361.57,123666432
2026-08-12 23:00,63361.58,63377.60,63315.18,63349.20,104660992
2026-08-12 23:15,63349.19,63370.79,63305.14,63359.46,40038400
2026-08-12 23:30,63359.46,63408.62,63329.92,63352.79,325750784
2026-08-12 23:45,63352.79,63417.11,63337.14,63413.06,321126400
2026-08-13 00:00,63406.80,63537.82,63392.40,63537.81,110217216
2026-08-13 00:15,63537.82,63633.66,63514.98,63561.60,196775936
2026-08-13 00:30,63550.81,63553.92,63434.18,63446.40,66230272
2026-08-13 00:45,63446.41,63539.99,63436.59,63489.84,201297920
2026-08-13 01:00,63487.30,63567.47,63453.61,63567.47,68155392
2026-08-13 01:15,63567.47,63567.47,63320.71,63345.61,130562048
2026-08-13 01:30,63345.62,63473.45,63338.40,63350.00,51410944
2026-08-13 01:45,63349.21,63444.92,63309.00,63385.51,158324736
2026-08-13 02:00,63381.61,63415.51,63358.00,63398.42,750069760
2026-08-13 02:15,63398.41,63417.60,63356.13,63401.04,0
2026-08-13 02:30,63395.01,63431.70,63303.73,63431.70,118564864
2026-08-13 02:45,63435.62,63514.81,63403.20,63479.05,114386944
2026-08-13 03:00,63478.76,63513.38,63445.48,63500.21,60194816
2026-08-13 03:15,63505.24,63559.22,63496.81,63504.65,146290688
2026-08-13 03:30,63504.65,63565.42,63497.69,63506.78,95473664
2026-08-13 03:45,63508.03,63614.71,63508.03,63580.26,0
2026-08-13 04:00,63580.26,63607.35,63554.40,63605.24,63604736
2026-08-13 04:15,63583.54,63583.54,63526.60,63530.18,26279936
2026-08-13 04:30,63530.17,63642.71,63530.17,63629.29,0
2026-08-13 04:45,63635.46,63698.68,63624.45,63627.45,112179200
2026-08-13 05:00,63624.39,63816.49,63599.83,63816.49,57962496
2026-08-13 05:15,63816.49,63947.60,63816.49,63878.39,158367744
2026-08-13 05:30,63889.20,63892.32,63835.20,63863.25,132599808
2026-08-13 05:45,63860.37,63867.98,63806.00,63806.00,0
2026-08-13 06:00,63805.60,63824.39,63749.90,63771.96,16685056
2026-08-13 06:15,63771.95,63784.80,63749.01,63759.04,89647104
2026-08-13 06:30,63759.04,63762.36,63693.80,63693.80,0
2026-08-13 06:45,63693.80,63875.76,63693.80,63875.76,35530752
2026-08-13 07:00,63879.20,63882.75,63801.91,63812.22,94138368
2026-08-13 07:15,63817.20,63854.96,63798.17,63834.48,81569792
2026-08-13 07:30,63834.48,63838.00,63805.50,63805.84,24776704
2026-08-13 07:45,63805.83,63805.84,63788.23,63803.98,138143744
2026-08-13 08:00,63803.13,63853.19,63770.86,63770.86,140365824
2026-08-13 08:15,63766.26,63777.59,63723.64,63723.64,8114176
2026-08-13 08:30,63716.36,63748.53,63714.13,63748.53,43405312
2026-08-13 08:45,63748.52,63748.53,63675.12,63708.02,58564608
2026-08-13 09:00,63709.20,63709.20,63549.24,63549.24,56264704
2026-08-13 09:15,63553.97,63650.78,63516.45,63593.17,87255040
2026-08-13 09:30,63593.17,63644.57,63593.16,63644.57,0
2026-08-13 09:45,63644.54,63728.05,63642.35,63718.12,103532544
2026-08-13 10:00,63718.14,63757.78,63551.52,63553.84,522326016
2026-08-13 10:15,63553.83,63614.97,63551.53,63561.73,0
2026-08-13 10:30,63555.68,63567.37,63519.12,63565.70,0
2026-08-13 10:45,63567.40,63589.58,63567.27,63582.41,80930816
2026-08-13 11:00,63582.40,63593.25,63540.41,63553.09,33024000
2026-08-13 11:15,63553.08,63565.74,63365.41,63368.25,103389184
2026-08-13 11:30,63368.24,63407.71,63273.92,63390.55,102133760
2026-08-13 11:45,63391.21,63432.84,63383.98,63414.90,20822016
2026-08-13 12:00,63414.90,63495.85,63371.94,63495.85,0
2026-08-13 12:15,63495.85,63513.45,63476.74,63501.43,0
2026-08-13 12:30,63525.04,63614.20,63392.81,63518.54,224720896
2026-08-13 12:45,63518.54,63637.87,63490.05,63621.64,0
2026-08-13 13:00,63624.52,63736.78,63624.52,63668.57,25088000
2026-08-13 13:15,63665.73,63667.51,63492.30,63528.96,128960512
2026-08-13 13:30,63503.75,63784.16,63482.72,63740.58,460992512
2026-08-13 13:45,63729.18,63782.93,63633.12,63653.04,197081088
2026-08-13 14:00,63658.94,63784.16,63613.51,63741.88,0
2026-08-13 14:15,63741.63,63825.21,63705.47,63748.40,117397504
2026-08-13 14:30,63745.05,63931.24,63705.00,63897.09,0
2026-08-13 14:45,63903.29,63903.29,63788.40,63801.51,509227008
2026-08-13 15:00,63798.41,63877.14,63750.34,63763.02,0
2026-08-13 15:15,63763.02,63825.80,63523.25,63568.43,93872128
2026-08-13 15:30,63566.53,63691.10,63550.00,63657.18,48592896
2026-08-13 15:45,63655.98,63660.85,63358.12,63358.12,578439168
2026-08-13 16:00,63354.50,63443.44,63318.86,63398.99,106594304
2026-08-13 16:15,63398.99,63508.53,63253.50,63297.72,0
2026-08-13 16:30,63308.39,63369.64,62782.21,62929.70,295723008
2026-08-13 16:45,62915.00,63167.54,62871.59,63092.44,1426290688
2026-08-13 17:00,63033.43,63086.04,63004.00,63061.90,298418176
2026-08-13 17:15,63059.86,63185.58,63030.00,63117.45,59502592
2026-08-13 17:30,63116.70,63193.15,63039.07,63178.85,155344896
2026-08-13 17:45,63178.29,63229.80,63070.02,63070.02,74242048
2026-08-13 18:00,63064.65,63225.85,63051.00,63139.63,68151296
2026-08-13 18:15,63157.68,63183.50,63048.14,63052.87,0
2026-08-13 18:30,63058.31,63135.75,63037.81,63133.20,5234688
2026-08-13 18:45,63130.01,63303.14,63111.61,63235.83,56625152
2026-08-13 19:00,63239.98,63441.65,63239.98,63339.00,9179136
2026-08-13 19:15,63339.00,63363.00,63314.19,63347.95,75116544
2026-08-13 19:30,63349.20,63378.89,63320.83,63345.56,0
2026-08-13 19:45,63352.70,63398.31,63325.28,63335.08,117037056
2026-08-13 20:00,63339.46,63403.46,63301.19,63356.94,0
2026-08-13 20:15,63359.03,63399.24,63359.03,63385.48,114296832
2026-08-13 20:30,63390.00,63407.27,63340.02,63350.42,30283776
2026-08-13 20:45,63349.22,63351.56,63310.42,63349.18,20142080
2026-08-13 21:00,63335.80,63409.88,63327.34,63371.31,47634432
2026-08-13 21:15,63371.32,63392.22,63347.92,63391.77,36689920
2026-08-13 21:30,63391.78,63440.16,63377.62,63382.32,48971776
2026-08-13 21:45,63382.32,63411.93,63372.80,63409.17,71411712
2026-08-13 22:00,63409.18,63570.76,63406.28,63547.30,67100672
2026-08-13 22:15,63547.29,63581.38,63509.23,63562.81,145917952
2026-08-13 22:30,63572.66,63572.66,63486.76,63495.07,224788480
2026-08-13 22:45,63486.26,63500.76,63457.47,63463.34,51857408
2026-08-13 23:00,63468.18,63475.45,63386.56,63416.24,99737600
2026-08-13 23:15,63416.25,63432.70,63384.65,63416.95,51283968
2026-08-13 23:30,63416.96,63433.07,63379.87,63390.47,50176000
2026-08-13 23:45,63390.13,63425.35,63330.31,63425.35,40572928
2026-08-14 00:00,63427.24,63452.77,63368.65,63440.61,86183936
2026-08-14 00:15,63440.62,63492.12,63365.39,63383.28,6342656
2026-08-14 00:30,63369.64,63482.49,63343.41,63458.47,60704768
2026-08-14 00:45,63460.37,63491.28,63412.24,63480.94,130082816
2026-08-14 01:00,63474.00,63527.36,63419.39,63445.78,52580352
2026-08-14 01:15,63443.69,63507.57,63395.02,63423.50,44005376
2026-08-14 01:30,63423.50,63500.59,63406.49,63500.58,39206912
2026-08-14 01:45,63496.37,63515.49,63458.47,63511.09,0
2026-08-14 02:00,63512.88,63555.00,63458.73,63488.06,19628032
2026-08-14 02:15,63500.30,63521.90,63416.18,63433.05,126681088
2026-08-14 02:30,63433.06,63500.76,63433.06,63454.94,70897664
2026-08-14 02:45,63457.39,63496.87,63403.84,63403.84,77914112
2026-08-14 03:00,63401.00,63432.78,63350.85,63430.14,104882176
2026-08-14 03:15,63432.78,63516.52,63397.16,63397.36,36216832
2026-08-14 03:30,63397.36,63397.36,63289.26,63316.06,79634432
2026-08-14 03:45,63314.78,63314.78,63238.50,63246.69,9240576
2026-08-14 04:00,63243.07,63344.95,63213.13,63344.92,91035648
2026-08-14 04:15,63344.92,63405.88,63297.73,63350.72,41048064
2026-08-14 04:30,63350.73,63361.17,63323.11,63330.05,257282048
2026-08-14 04:45,63330.04,63335.78,63298.22,63307.14,23255040
2026-08-14 05:00,63307.14,63330.22,63260.86,63262.62,0
2026-08-14 05:15,63262.62,63293.48,63213.12,63251.20,29394944
2026-08-14 05:30,63246.72,63302.53,63235.00,63280.68,82077696
2026-08-14 05:45,63280.64,63334.40,63275.28,63314.50,49526784
2026-08-14 06:00,63314.52,63314.52,63218.40,63218.40,135254016
2026-08-14 06:15,63218.39,63229.20,63110.53,63110.53,228902912
2026-08-14 06:30,63110.54,63175.05,63105.53,63115.82,64165888
2026-08-14 06:45,63115.83,63136.27,62883.18,62904.29,124332032
2026-08-14 07:00,62903.16,63022.76,62884.36,63005.69,239785984
2026-08-14 07:15,63005.70,63042.83,63002.39,63029.09,47190016
2026-08-14 07:30,63029.08,63034.16,62890.72,62954.94,229730304
2026-08-14 07:45,62954.94,62955.59,62847.08,62848.68,247033856
2026-08-14 08:00,62848.68,62876.41,62818.60,62835.82,120344576
2026-08-14 08:15,62849.33,62915.74,62668.49,62706.65,207759360
2026-08-14 08:30,62706.76,62810.30,62624.39,62764.70,783353856
2026-08-14 08:45,62747.82,62870.49,62741.99,62868.39,163276800
2026-08-14 09:00,62871.56,62871.56,62778.78,62807.05,70113280
2026-08-14 09:15,62801.03,62840.88,62722.45,62726.68,123854848
2026-08-14 09:30,62728.25,62754.12,62674.99,62701.05,151930880
2026-08-14 09:45,62701.05,62770.28,62701.05,62722.65,43800576
2026-08-14 10:00,62718.21,62794.50,62669.73,62786.91,56393728
2026-08-14 10:15,62781.66,62846.14,62771.77,62816.05,85075968
2026-08-14 10:30,62816.05,62873.54,62780.77,62799.01,188176384
2026-08-14 10:45,62800.81,62821.39,62730.95,62746.13,122044416
2026-08-14 11:00,62746.13,62807.84,62735.15,62784.71,64823296
2026-08-14 11:15,62785.24,62847.09,62762.32,62818.13,137926656
2026-08-14 11:30,62818.13,62868.84,62774.89,62825.12,17018880
2026-08-14 11:45,62825.58,62862.00,62785.00,62793.30,36403200
2026-08-14 12:00,62800.59,62831.39,62683.38,62752.26,48056320
2026-08-14 12:15,62757.77,62814.34,62730.00,62814.34,186417152
2026-08-14 12:30,62814.34,62834.38,62689.82,62689.82,0
2026-08-14 12:45,62689.81,62740.34,62652.42,62661.85,182089728
2026-08-14 13:00,62668.67,62678.34,62522.30,62612.32,67854336
2026-08-14 13:15,62606.82,62721.58,62564.15,62702.93,360155136
2026-08-14 13:30,62693.58,62737.20,62537.91,62634.64,207034368
2026-08-14 13:45,62646.13,62670.00,62516.63,62577.66,210841600
2026-08-14 14:00,62593.29,62660.01,62525.49,62534.32,379926528
2026-08-14 14:15,62536.73,62634.62,62503.00,62600.05,109471744
2026-08-14 14:30,62591.93,62725.49,62577.08,62678.74,78170112
2026-08-14 14:45,62678.42,62707.39,62483.64,62545.66,131991552
2026-08-14 15:00,62551.93,62654.00,62541.64,62629.92,267675648
2026-08-14 15:15,62646.13,62768.56,62608.46,62768.56,166854656
2026-08-14 15:30,62790.56,62952.16,62716.23,62933.58,136697856
2026-08-14 15:45,62925.60,63010.37,62876.77,62913.04,285032448
2026-08-14 16:00,62912.39,63037.80,62894.20,62969.58,67573760
2026-08-14 16:15,62970.24,63088.40,62965.85,63049.27,95485952
2026-08-14 16:30,63063.75,63152.80,63025.61,63144.90,15030272
2026-08-14 16:45,63144.90,63144.96,63038.95,63071.09,0
2026-08-14 17:00,63079.45,63113.99,63047.73,63113.99,0
2026-08-14 17:15,63113.99,63183.07,63101.44,63137.07,44500992
2026-08-14 17:30,63137.07,63160.15,63007.55,63044.91,62074880
2026-08-14 17:45,63049.99,63065.99,62931.89,62954.49,10985472
2026-08-14 18:00,62954.77,63008.00,62894.21,62936.12,51523584
2026-08-14 18:15,62941.30,63016.04,62938.32,62969.56,96696320
2026-08-14 18:30,62954.79,62969.56,62884.12,62903.84,103313408
2026-08-14 18:45,62907.63,62909.89,62816.61,62855.92,64086016
2026-08-14 19:00,62850.26,62850.26,62769.75,62781.19,36313088
2026-08-14 19:15,62776.48,62862.80,62756.40,62858.46,130039808
2026-08-14 19:30,62853.01,62908.90,62809.63,62908.90,106477568
2026-08-14 19:45,62910.94,62920.97,62861.01,62895.83,34062336
2026-08-14 20:00,62905.00,62952.92,62894.20,62894.20,156624896
2026-08-14 20:15,62896.54,62912.14,62849.21,62876.94,35592192
2026-08-14 20:30,62876.95,62885.38,62834.77,62836.70,42412032
2026-08-14 20:45,62856.51,62860.86,62821.99,62835.14,41478144
2026-08-14 21:00,62835.15,62870.20,62828.99,62837.66,1169408
2026-08-14 21:15,62837.66,62856.52,62814.95,62820.37,91840512
2026-08-14 21:30,62820.38,62846.09,62801.50,62812.57,161951744
2026-08-14 21:45,62822.21,62868.98,62809.25,62860.90,110905344
2026-08-14 22:00,62860.90,62891.93,62768.57,62768.57,20254720
2026-08-14 22:15,62756.05,62769.69,62727.31,62746.63,88139776
2026-08-14 22:30,62748.12,62820.54,62748.12,62818.00,29569024
2026-08-14 22:45,62818.00,62831.55,62798.97,62814.53,200435712
2026-08-14 23:00,62812.56,62869.06,62812.56,62866.39,18055168
2026-08-14 23:15,62869.07,62890.00,62796.86,62884.06,69230592
2026-08-14 23:30,62884.07,62963.02,62843.96,62941.31,47706112
2026-08-14 23:45,62941.88,62998.98,62941.31,62975.19,15570944
2026-08-15 00:00,62975.18,62996.50,62937.00,62948.79,0
2026-08-15 00:15,62948.79,62965.33,62928.74,62944.43,88961024
2026-08-15 00:30,62951.10,62960.12,62929.98,62950.86,47699968
2026-08-15 00:45,62950.86,62965.00,62928.27,62950.72,0
2026-08-15 01:00,62950.72,62965.00,62923.86,62944.43,11620352
2026-08-15 01:15,62944.43,62973.06,62930.75,62972.51,63619072
2026-08-15 01:30,62972.51,62975.00,62950.00,62964.70,145813504
2026-08-15 01:45,62964.71,62972.28,62952.59,62972.28,10799104
2026-08-15 02:00,62972.28,62996.46,62963.29,62984.81,148840448
2026-08-15 02:15,62991.11,63050.73,62991.11,63034.49,0
2026-08-15 02:30,63034.50,63071.29,63033.86,63047.15,3803136
2026-08-15 02:45,63047.16,63072.07,63047.15,63071.39,51818496
2026-08-15 03:00,63071.39,63089.71,63062.11,63083.70,57206784
2026-08-15 03:15,63088.87,63120.79,63013.52,63022.73,87863296
2026-08-15 03:30,63022.73,63028.21,62975.85,63000.01,133263360
2026-08-15 03:45,63000.01,63016.03,62978.98,62988.39,204677120
2026-08-15 04:00,62989.99,63038.67,62989.99,63036.61,26431488
2026-08-15 04:15,63037.77,63064.27,63035.04,63061.97,33241088
2026-08-15 04:30,63061.97,63087.38,63054.35,63087.38,0
2026-08-15 04:45,63087.38,63087.38,63051.20,63052.02,164747264
2026-08-15 05:00,63052.02,63089.46,63052.01,63088.96,0
2026-08-15 05:15,63088.96,63091.78,63053.15,63053.15,64884736
2026-08-15 05:30,63053.14,63058.63,62988.96,63009.39,13066240
2026-08-15 05:45,63009.39,63019.41,62966.40,63016.10,161624064
2026-08-15 06:00,63016.10,63029.88,62969.71,62971.91,71372800
2026-08-15 06:15,62971.91,63003.91,62970.00,62973.46,18782208
2026-08-15 06:30,62976.41,63005.59,62976.41,63005.59,154744832
2026-08-15 06:45,63005.58,63067.53,63003.07,63045.54,0
2026-08-15 07:00,63045.54,63061.77,62996.44,63061.77,0
2026-08-15 07:15,63061.76,63061.77,63000.97,63012.55,870127616
2026-08-15 07:30,63012.56,63032.36,62994.89,63010.39,0
2026-08-15 07:45,63010.38,63019.78,62972.65,63005.66,0
2026-08-15 08:00,63014.98,63018.89,62988.88,62988.88,0
2026-08-15 08:15,62988.45,62997.04,62977.14,62983.27,0
2026-08-15 08:30,62983.26,62983.27,62944.82,62945.13,0
2026-08-15 08:45,62945.12,62989.14,62863.13,62869.07,0
2026-08-15 09:00,62874.09,62891.06,62847.08,62890.07,49147904
2026-08-15 09:15,62890.06,62914.30,62885.04,62908.43,0
2026-08-15 09:30,62909.70,62962.80,62909.70,62951.98,0
2026-08-15 09:45,62951.99,62979.86,62950.72,62957.64,5703680
2026-08-15 10:00,62959.01,62966.00,62928.59,62950.71,0
2026-08-15 10:15,62950.72,62952.75,62945.01,62945.01,0
2026-08-15 10:30,62945.02,62973.00,62939.84,62966.18,0
2026-08-15 10:45,62966.18,62984.53,62955.68,62976.03,0
2026-08-15 11:00,62966.84,62973.73,62956.45,62956.48,23597056
2026-08-15 11:15,62956.44,62974.26,62956.44,62963.79,0
2026-08-15 11:30,62963.79,62980.00,62960.45,62980.00,0
2026-08-15 11:45,62980.00,62990.36,62923.53,62949.22,50293760
2026-08-15 12:00,62949.22,62949.22,62916.18,62916.18,0
2026-08-15 12:15,62912.94,62922.71,62910.70,62920.30,50734080
2026-08-15 12:30,62920.31,62920.31,62890.00,62895.60,0
2026-08-15 12:45,62885.71,62987.12,62875.97,62985.93,0
2026-08-15 13:00,62982.13,63012.60,62951.84,63000.95,0
2026-08-15 13:15,63000.95,63012.83,62958.00,62960.14,0
2026-08-15 13:30,62960.15,62978.71,62953.87,62957.44,0
2026-08-15 13:45,62957.44,62989.96,62957.44,62985.92,0
2026-08-15 14:00,62985.97,62985.98,62958.41,62977.22,0
2026-08-15 14:15,62977.22,62977.22,62920.00,62965.95,15031296
2026-08-15 14:30,62965.94,62974.77,62953.87,62965.85,0
2026-08-15 14:45,62965.85,62983.76,62965.57,62966.42,0
2026-08-15 15:00,62966.43,62975.09,62960.56,62965.00,0
2026-08-15 15:15,62965.01,63010.93,62955.01,62999.99,28988416
2026-08-15 15:30,62999.99,63051.74,62996.39,63041.77,0
2026-08-15 15:45,63041.76,63041.77,63021.82,63022.95,0
2026-08-15 16:00,63022.95,63026.95,62997.20,63007.47,0
2026-08-15 16:15,63007.47,63054.83,62984.97,63054.82,52408320
2026-08-15 16:30,63054.83,63054.83,63018.00,63019.81,0
2026-08-15 16:45,63019.81,63031.66,63019.80,63024.06,0
2026-08-15 17:00,63024.06,63026.96,63020.66,63023.59,27507712
2026-08-15 17:15,63023.59,63034.75,62988.40,62998.93,0
2026-08-15 17:30,62998.93,63002.92,62993.95,62998.02,0
2026-08-15 17:45,62995.76,63004.23,62988.77,63000.34,0
2026-08-15 18:00,63000.35,63041.77,62985.59,63022.95,0
2026-08-15 18:15,63022.95,63031.04,62971.17,62975.23,0
2026-08-15 18:30,62975.23,62978.81,62971.73,62972.72,40353792
2026-08-15 18:45,62972.73,62989.89,62972.60,62989.12,59229184
2026-08-15 19:00,62989.12,63021.00,62987.80,63009.33,83638272
2026-08-15 19:15,63015.82,63051.50,63015.81,63028.11,142407680
2026-08-15 19:30,63028.11,63053.51,63025.74,63034.52,24649728
2026-08-15 19:45,63034.51,63052.47,63034.51,63051.38,0
2026-08-15 20:00,63051.39,63051.44,63000.75,63010.05,0
2026-08-15 20:15,63010.05,63010.37,63000.00,63006.81,12849152
2026-08-15 20:30,63006.00,63013.66,62999.99,63013.65,0
2026-08-15 20:45,63013.65,63036.51,63013.65,63036.50,21095424
2026-08-15 21:00,63030.54,63038.99,63019.90,63035.44,6363136
2026-08-15 21:15,63035.45,63077.17,63034.46,63076.22,77971456
2026-08-15 21:30,63076.23,63093.02,63070.04,63091.50,30282752
2026-08-15 21:45,63097.24,63097.44,63080.03,63085.92,26061824
2026-08-15 22:00,63085.92,63099.13,63076.23,63078.57,0
2026-08-15 22:15,63078.57,63083.98,63059.44,63083.98,0
2026-08-15 22:30,63083.98,63087.39,63079.67,63085.50,8720384
2026-08-15 22:45,63086.75,63107.34,63057.50,63061.68,40268800
2026-08-15 23:00,63061.67,63075.00,63041.78,63064.61,33724416
2026-08-15 23:15,63064.61,63065.03,63036.70,63038.86,146432
2026-08-15 23:30,63039.68,63040.99,63026.09,63034.16,0
2026-08-15 23:45,63034.17,63037.05,63013.52,63018.76,0
2026-08-16 00:00,63018.75,63018.75,62999.00,62999.03,20795392
2026-08-16 00:15,62999.03,63004.96,62999.00,63003.40,14055424
2026-08-16 00:30,63003.00,63007.92,62992.16,63005.46,0
2026-08-16 00:45,63005.46,63019.66,62997.37,63012.93,36922368
2026-08-16 01:00,63012.93,63012.94,62978.45,62983.29,10602496
2026-08-16 01:15,62983.30,63007.00,62978.54,62985.95,3859456
2026-08-16 01:30,62985.95,63004.31,62938.17,63004.31,2288640
2026-08-16 01:45,63002.97,63013.90,62975.18,63013.90,11742208
2026-08-16 02:00,63010.37,63014.72,62950.64,62958.58,0
2026-08-16 02:15,62958.57,63053.59,62958.29,63046.08,0
2026-08-16 02:30,63046.08,63087.09,63041.78,63085.48,287066112
2026-08-16 02:45,63085.48,63085.51,63043.65,63054.45,119487488
2026-08-16 03:00,63054.46,63055.13,63048.54,63050.98,0
2026-08-16 03:15,63050.97,63050.98,63039.74,63050.45,0
2026-08-16 03:30,63050.46,63053.88,63050.45,63052.49,37595136
2026-08-16 03:45,63052.49,63060.58,63052.49,63059.43,26196992
2026-08-16 04:00,63059.42,63063.08,63057.95,63063.07,0
2026-08-16 04:15,63063.08,63082.50,63063.07,63082.49,9213952
2026-08-16 04:30,63082.48,63082.49,63050.00,63052.94,31714304
2026-08-16 04:45,63051.68,63058.88,63016.93,63016.93,21319680
2026-08-16 05:00,63016.93,63030.00,63007.21,63029.55,46660608
2026-08-16 05:15,63029.55,63030.32,62999.00,63000.00,0
2026-08-16 05:30,63000.01,63010.38,62984.28,62990.15,55416832
2026-08-16 05:45,62990.15,63007.54,62966.91,62997.83,38830080
2026-08-16 06:00,62995.04,63009.80,62977.69,62979.78,10803200
2026-08-16 06:15,62979.77,63001.89,62979.77,63001.89,42407936
2026-08-16 06:30,62997.81,62997.81,62986.01,62997.22,0
2026-08-16 06:45,62997.21,63016.54,62992.14,62993.72,0
2026-08-16 07:00,62993.72,62993.72,62983.00,62984.34,0
2026-08-16 07:15,62984.34,62997.63,62984.33,62994.77,0
2026-08-16 07:30,62994.77,63000.01,62982.01,62982.50,343040
2026-08-16 07:45,62982.50,62994.68,62982.49,62991.23,56084992
2026-08-16 08:00,62991.23,63006.07,62988.97,62990.04,0
2026-08-16 08:15,62990.04,63006.00,62988.03,63005.94,25815040
2026-08-16 08:30,63005.93,63008.60,62996.57,62996.58,79647232
2026-08-16 08:45,62996.58,63001.91,62996.57,63001.91,0
2026-08-16 09:00,63001.90,63001.91,62993.41,62996.15,0
2026-08-16 09:15,62996.16,63001.27,62987.00,62993.11,0
2026-08-16 09:30,62993.11,63000.94,62922.46,62922.46,38498816
2026-08-16 09:45,62922.47,62945.05,62897.48,62917.52,112995840
2026-08-16 10:00,62917.52,62922.46,62891.07,62914.00,78874112
2026-08-16 10:15,62914.01,62942.84,62914.00,62942.84,2805760
2026-08-16 10:30,62941.34,62942.93,62931.35,62939.17,18204160
2026-08-16 10:45,62939.17,62940.20,62935.02,62940.19,14758912
2026-08-16 11:00,62940.20,62942.81,62931.95,62935.64,0
2026-08-16 11:15,62933.62,62937.16,62906.80,62915.76,6464000
2026-08-16 11:30,62915.28,62933.93,62911.76,62925.61,20924416
2026-08-16 11:45,62925.61,62946.04,62907.72,62945.32,19264000
2026-08-16 12:00,62945.33,62954.98,62943.49,62943.49,24846848
2026-08-16 12:15,62943.29,62949.77,62943.29,62944.45,5320704
2026-08-16 12:30,62945.71,62946.97,62921.17,62927.11,0
2026-08-16 12:45,62925.24,62948.00,62925.24,62948.00,37259264
2026-08-16 13:00,62948.00,62999.13,62947.14,62999.13,7040000
2026-08-16 13:15,62999.12,63000.00,62999.00,62999.99,27639808
2026-08-16 13:30,63000.00,63000.00,62980.22,62994.01,3345408
2026-08-16 13:45,62994.00,62998.57,62992.29,62993.63,54392320
2026-08-16 14:00,62993.83,62996.94,62989.87,62994.41,720896
2026-08-16 14:15,62994.41,63034.24,62993.29,63004.45,456192
2026-08-16 14:30,63004.45,63036.75,63002.57,63029.41,58835968
2026-08-16 14:45,63029.41,63039.00,63029.40,63034.54,8167424
2026-08-16 15:00,63038.37,63050.00,63034.70,63036.35,10705920
2026-08-16 15:15,63036.36,63047.73,63036.20,63047.00,0
2026-08-16 15:30,63047.01,63067.00,63043.10,63043.10,0
2026-08-16 15:45,63043.11,63070.03,63043.10,63070.03,81662464
2026-08-16 16:00,63074.06,63142.25,63063.78,63137.84,63596032
2026-08-16 16:15,63137.83,63283.08,63129.71,63252.16,147690496
2026-08-16 16:30,63260.06,63313.00,63220.86,63220.86,94313472
2026-08-16 16:45,63220.87,63223.90,63142.78,63186.92,42180096
2026-08-16 17:00,63195.63,63210.51,63142.90,63150.67,54821888
2026-08-16 17:15,63150.66,63168.08,63105.61,63120.96,81777664
2026-08-16 17:30,63120.96,63126.41,63053.12,63053.13,15821824
2026-08-16 17:45,63053.12,63098.91,63053.12,63087.42,47704064
2026-08-16 18:00,63087.41,63100.86,63050.76,63071.22,43112448
2026-08-16 18:15,63071.22,63112.58,63071.22,63089.38,0
2026-08-16 18:30,63091.67,63091.67,63069.24,63070.00,13975552
2026-08-16 18:45,63070.01,63080.96,63070.00,63074.29,0
2026-08-16 19:00,63074.29,63117.39,63074.29,63104.60,0
2026-08-16 19:15,63104.60,63154.33,63104.60,63153.04,0
2026-08-16 19:30,63154.03,63162.89,63084.10,63093.82,30812160
2026-08-16 19:45,63101.29,63105.81,63025.29,63040.17,57597440
2026-08-16 20:00,63040.06,63073.36,63040.06,63062.49,8129536
2026-08-16 20:15,63061.65,63064.01,63018.87,63024.66,34177024
2026-08-16 20:30,63024.65,63043.93,62976.93,63000.91,46919680
2026-08-16 20:45,63000.91,63003.87,62954.29,63000.73,65947648
2026-08-16 21:00,62997.43,63001.50,62961.30,62994.68,49648640
2026-08-16 21:15,62994.68,63016.71,62963.82,62963.83,60845056
2026-08-16 21:30,62963.83,62973.43,62744.46,62873.54,79477760
2026-08-16 21:45,62871.82,62916.14,62813.35,62862.80,106857472
2026-08-16 22:00,62857.00,62864.99,62718.37,62861.66,195824640
2026-08-16 22:15,62860.72,62889.06,62763.55,62780.01,102237184
2026-08-16 22:30,62774.89,62777.71,62640.88,62715.39,150815744
2026-08-16 22:45,62718.43,62843.45,62668.52,62843.45,87431168
2026-08-16 23:00,62839.78,62924.57,62774.89,62774.89,82698240
2026-08-16 23:15,62771.75,62848.27,62756.92,62777.91,88340480
2026-08-16 23:30,62777.90,62834.01,62759.21,62829.52,65620992
2026-08-16 23:45,62827.93,62862.69,62810.62,62830.58,54280192
2026-08-17 00:00,62832.45,62867.89,62793.73,62842.67,52577280
2026-08-17 00:15,62842.67,62842.67,62685.41,62798.82,121169920
2026-08-17 00:30,62796.91,62886.44,62681.38,62875.37,149440512
2026-08-17 00:45,62863.15,62874.17,62771.32,62840.55,206133248
2026-08-17 01:00,62831.40,63103.02,62831.40,62979.52,254728192
2026-08-17 01:15,62962.13,63088.88,62953.30,63044.33,125503488
2026-08-17 01:30,63053.08,63173.99,63053.08,63149.62,155612160
2026-08-17 01:45,63153.80,63170.95,63042.03,63042.03,69679104
2026-08-17 02:00,63060.61,63066.30,62966.04,63014.62,32615424
2026-08-17 02:15,63014.63,63140.93,62978.37,63113.70,53752832
2026-08-17 02:30,63107.73,63284.88,63063.36,63191.98,124338176
2026-08-17 02:45,63191.98,63430.68,63179.95,63335.74,128826368
2026-08-17 03:00,63346.51,63368.35,63296.13,63347.82,193660928
2026-08-17 03:15,63354.48,63355.78,63278.51,63291.58,170678272
2026-08-17 03:30,63294.99,63319.59,63277.99,63287.00,145300480
2026-08-17 03:45,63287.00,63458.29,63280.37,63367.81,138695680
2026-08-17 04:00,63388.18,63461.31,63373.36,63431.15,107888640
2026-08-17 04:15,63418.59,63467.05,63409.17,63451.21,106064896
2026-08-17 04:30,63443.70,63460.54,63411.39,63430.70,162501632
2026-08-17 04:45,63433.50,63521.58,63433.50,63479.98,257248256
2026-08-17 05:00,63481.37,63482.11,63388.88,63467.67,147683328
2026-08-17 05:15,63467.68,63534.25,63423.12,63429.44,340869120
2026-08-17 05:30,63433.79,63440.77,63381.11,63403.94,183029760
2026-08-17 05:45,63403.56,63465.74,63395.79,63456.60,47190016
2026-08-17 06:00,63456.60,63559.90,63412.67,63514.67,68638720
2026-08-17 06:15,63519.98,63530.45,63497.09,63518.07,56963072
2026-08-17 06:30,63518.07,63544.27,63504.38,63540.56,25579520
2026-08-17 06:45,63540.56,63653.42,63540.55,63603.34,138238976
2026-08-17 07:00,63605.99,63605.99,63503.46,63525.33,200010752
2026-08-17 07:15,63520.99,63525.31,63468.92,63522.00,0
2026-08-17 07:30,63522.00,63522.00,63471.97,63471.97,180619264
2026-08-17 07:45,63471.97,63496.49,63461.46,63461.46,111176704
2026-08-17 08:00,63468.91,63488.98,63352.66,63366.23,313936896
2026-08-17 08:15,63366.23,63389.99,63338.86,63355.77,139557888
2026-08-17 08:30,63355.77,63371.44,63298.76,63301.37,66960384
2026-08-17 08:45,63301.37,63336.94,63278.58,63307.86,67997696
2026-08-17 09:00,63307.85,63355.31,63307.85,63350.73,105382912
2026-08-17 09:15,63352.34,63358.49,63264.72,63302.74,102610944
2026-08-17 09:30,63302.74,63302.74,63228.44,63233.57,63864832
2026-08-17 09:45,63231.00,63255.17,63218.17,63246.20,31048704
2026-08-17 10:00,63246.21,63263.28,63219.45,63259.99,42430464
2026-08-17 10:15,63259.99,63380.89,63220.78,63380.89,41665536
2026-08-17 10:30,63380.20,63566.24,63380.20,63557.04,252791808
2026-08-17 10:45,63562.97,63627.28,63522.40,63627.28,319458304
2026-08-17 11:00,63606.58,63636.08,63569.34,63601.52,242976768
2026-08-17 11:15,63585.00,63629.61,63568.67,63598.11,133532672
2026-08-17 11:30,63594.41,63628.88,63594.41,63626.50,19062784
2026-08-17 11:45,63626.50,63713.21,63524.06,63559.89,0
2026-08-17 12:00,63565.92,63613.55,63520.66,63598.84,654956544
2026-08-17 12:15,63598.84,63598.86,63456.26,63505.88,90805248
2026-08-17 12:30,63509.56,63567.98,63462.55,63498.50,92832768
2026-08-17 12:45,63498.50,63553.60,63476.67,63478.25,209146880
2026-08-17 13:00,63478.24,63503.39,63433.45,63481.41,81626112
2026-08-17 13:15,63476.07,63476.07,63357.29,63418.21,118753280
2026-08-17 13:30,63419.18,63720.82,63391.41,63588.15,320547840
2026-08-17 13:45,63572.44,63660.20,63515.93,63601.39,243193856
2026-08-17 14:00,63591.29,63655.57,63515.93,63628.14,159456256
2026-08-17 14:15,63629.97,63671.15,63519.06,63549.56,154409984
2026-08-17 14:30,63550.46,63634.82,63519.00,63551.41,150240256
2026-08-17 14:45,63550.11,63836.20,63534.77,63830.78,134990848
2026-08-17 15:00,63830.66,63931.35,63792.25,63814.51,497389568
2026-08-17 15:15,63810.26,64007.85,63750.00,63987.50,168729600
2026-08-17 15:30,64023.50,64064.74,63924.31,64025.00,477630464
2026-08-17 15:45,64025.01,64174.30,64018.19,64139.70,266115072
2026-08-17 16:00,64150.11,64154.98,64014.20,64014.88,208969728
2026-08-17 16:15,64006.80,64085.67,63993.61,64036.63,132065280
2026-08-17 16:30,64039.04,64125.99,64023.01,64030.37,10479616
2026-08-17 16:45,64029.37,64085.64,64017.29,64060.35,170471424
2026-08-17 17:00,64060.36,64064.69,63931.05,63932.73,93652992
2026-08-17 17:15,63932.72,64379.99,63921.01,64154.82,1023152128
2026-08-17 17:30,64165.30,64238.59,64016.70,64187.37,510132224
2026-08-17 17:45,64173.39,64296.87,64173.39,64276.81,405045248
2026-08-17 18:00,64293.93,64340.45,64229.00,64324.23,229928960
2026-08-17 18:15,64330.24,64562.18,64319.11,64427.97,424523776
2026-08-17 18:30,64459.73,64459.73,64343.41,64403.99,334346240
2026-08-17 18:45,64398.83,64437.24,64356.40,64380.58,286746624
2026-08-17 19:00,64362.42,64362.52,64266.91,64279.50,196806656
2026-08-17 19:15,64279.50,64374.26,64277.89,64354.17,204300288
2026-08-17 19:30,64336.81,64373.13,64287.31,64323.59,343861248
2026-08-17 19:45,64313.71,64322.48,64231.01,64266.44,172599296
2026-08-17 20:00,64260.90,64260.90,64214.71,64260.70,180533248
2026-08-17 20:15,64260.70,64376.41,64247.70,64371.21,135362560
2026-08-17 20:30,64371.77,64371.77,64304.17,64345.31,133756928
2026-08-17 20:45,64345.31,64362.32,64280.00,64341.77,0
2026-08-17 21:00,64341.77,64388.52,64315.02,64327.71,220991488
2026-08-17 21:15,64327.64,64362.01,64274.10,64276.79,166170624
2026-08-17 21:30,64276.78,64330.00,64245.19,64285.84,153434112
2026-08-17 21:45,64286.09,64342.00,64286.09,64335.03,96010240
2026-08-17 22:00,64340.18,64369.51,64256.00,64263.74,46692352
2026-08-17 22:15,64263.74,64297.57,64232.33,64250.65,43909120
2026-08-17 22:30,64241.18,64284.28,64222.96,64253.09,111874048
2026-08-17 22:45,64253.08,64261.32,64227.90,64240.22,151113728
2026-08-17 23:00,64240.22,64324.44,64230.01,64311.96,63598592
2026-08-17 23:15,64311.96,64436.46,64311.95,64436.42,117530624
2026-08-17 23:30,64430.06,64517.19,64405.01,64424.82,142417920
2026-08-17 23:45,64424.82,64530.04,64419.30,64477.25,97069056
2026-08-18 00:00,64486.25,64506.96,64362.03,64386.63,128292864
2026-08-18 00:15,64386.63,64453.78,64386.63,64409.13,96276480
2026-08-18 00:30,64409.13,64409.13,64333.51,64343.41,0
2026-08-18 00:45,64342.11,64343.41,64300.53,64322.29,64169984
2026-08-18 01:00,64323.62,64323.62,64235.79,64292.85,104722432
2026-08-18 01:15,64292.85,64306.37,64250.65,64272.02,0
2026-08-18 01:30,64273.83,64292.84,64183.94,64224.60,44122112
2026-08-18 01:45,64222.73,64222.73,64097.47,64148.45,69343232
2026-08-18 02:00,64144.33,64217.99,64123.05,64123.05,81127424
2026-08-18 02:15,64123.05,64146.11,64090.77,64095.93,48023552
2026-08-18 02:30,64087.93,64146.67,64060.79,64062.15,72523776
2026-08-18 02:45,64060.79,64074.28,63995.29,64036.13,15015936
2026-08-18 03:00,64043.40,64074.49,64020.01,64025.23,42203136
2026-08-18 03:15,64025.23,64081.22,64025.23,64047.68,88930304
2026-08-18 03:30,64047.94,64115.68,63979.37,64115.68,155244544
2026-08-18 03:45,64111.20,64119.44,64077.01,64117.21,0
2026-08-18 04:00,64117.20,64117.20,64018.70,64082.30,138758144
2026-08-18 04:15,64082.31,64092.60,64062.91,64091.58,279828480
2026-08-18 04:30,64091.59,64181.87,64091.59,64154.53,58470400
2026-08-18 04:45,64154.52,64164.79,64115.70,64149.69,49195008
2026-08-18 05:00,64149.69,64211.73,64116.02,64169.20,0
2026-08-18 05:15,64169.20,64199.90,64143.35,64191.58,91998208
2026-08-18 05:30,64188.30,64198.06,64079.71,64188.31,63158272
2026-08-18 05:45,64188.31,64188.31,64138.97,64169.46,249061376
2026-08-18 06:00,64169.46,64216.16,64099.20,64171.81,19419136
2026-08-18 06:15,64171.81,64301.77,64171.81,64283.41,157184000
2026-08-18 06:30,64284.41,64397.38,64284.41,64380.91,460748800
2026-08-18 06:45,64380.78,64380.79,64210.85,64266.41,0
2026-08-18 07:00,64264.41,64287.85,64221.27,64280.17,58259456
2026-08-18 07:15,64274.78,64294.20,64224.67,64224.67,107896832
2026-08-18 07:30,64219.68,64219.68,64178.28,64186.56,162557952
2026-08-18 07:45,64186.57,64188.06,64104.16,64139.78,50556928
2026-08-18 08:00,64139.78,64147.72,64027.42,64095.80,0
2026-08-18 08:15,64095.80,64176.30,64095.80,64149.68,89522176
2026-08-18 08:30,64149.68,64278.23,64141.55,64226.71,36501504
2026-08-18 08:45,64226.71,64229.80,64180.00,64228.64,180457472
2026-08-18 09:00,64203.13,64215.54,64165.86,64178.20,66598912
2026-08-18 09:15,64178.20,64178.20,64083.06,64095.49,0
2026-08-18 09:30,64095.48,64122.09,64072.52,64089.30,118722560
2026-08-18 09:45,64089.29,64115.33,64070.88,64110.01,90423296
2026-08-18 10:00,64105.01,64139.62,64070.00,64093.37,0
2026-08-18 10:15,64093.37,64113.85,64062.71,64096.31,712433664
2026-08-18 10:30,64096.31,64154.17,64096.30,64121.45,0
2026-08-18 10:45,64121.45,64144.65,64116.19,64134.54,0
2026-08-18 11:00,64124.79,64265.54,64124.79,64261.08,5865472
2026-08-18 11:15,64261.08,64318.76,64261.08,64306.63,63662080
2026-08-18 11:30,64280.26,64332.49,64280.26,64321.40,28098560
2026-08-18 11:45,64321.40,64342.44,64274.99,64288.18,41334784
2026-08-18 12:00,64280.92,64300.32,64221.30,64236.58,0
2026-08-18 12:15,64236.58,64277.28,64221.73,64242.08,13938688
2026-08-18 12:30,64242.07,64243.53,64190.70,64193.01,50847744
2026-08-18 12:45,64187.81,64194.01,64161.67,64161.67,25159680
2026-08-18 13:00,64128.61,64142.20,64100.00,64128.61,8509440
2026-08-18 13:15,64128.62,64128.62,63997.76,64012.65,71655424
2026-08-18 13:30,64022.39,64187.20,63991.25,64126.26,215818240
2026-08-18 13:45,64108.51,64226.09,64054.09,64155.93,145512448
2026-08-18 14:00,64158.17,64318.62,64158.17,64199.34,82501632
2026-08-18 14:15,64206.20,64985.08,64192.00,64945.66,404027392
2026-08-18 14:30,64940.63,65007.29,64687.50,64737.26,1570603008
2026-08-18 14:45,64728.90,64802.31,64620.90,64668.14,218599424
2026-08-18 15:00,64696.32,64771.57,64601.32,64694.17,47474688
2026-08-18 15:15,64685.04,64793.54,64667.41,64761.03,144044032
2026-08-18 15:30,64750.07,64833.16,64745.03,64771.25,0
2026-08-18 15:45,64775.42,64849.41,64753.74,64808.00,84391936
2026-08-18 16:00,64819.66,64853.09,64700.00,64705.05,0
2026-08-18 16:15,64711.60,64714.70,64651.42,64661.82,644954112
2026-08-18 16:30,64648.58,64776.99,64629.52,64745.45,66496512
2026-08-18 16:45,64745.50,64822.74,64736.78,64795.18,95000576
2026-08-18 17:00,64798.20,64798.20,64730.00,64761.80,4122624
2026-08-18 17:15,64761.80,64793.30,64717.96,64791.27,579192832
2026-08-18 17:30,64791.26,64792.25,64675.08,64685.40,0
2026-08-18 17:45,64685.40,64697.10,64629.55,64629.56,0
2026-08-18 18:00,64625.40,64700.35,64611.29,64698.75,0
2026-08-18 18:15,64698.76,64775.16,64687.50,64759.72,506419200
2026-08-18 18:30,64759.72,64790.91,64720.23,64725.14,96774144
2026-08-18 18:45,64712.81,64769.02,64712.46,64737.17,5044224
2026-08-18 19:00,64729.05,64730.38,64675.08,64684.21,0
2026-08-18 19:15,64684.21,64763.05,64667.86,64741.33,0
2026-08-18 19:30,64741.32,64745.20,64633.00,64633.00,2500608
2026-08-18 19:45,64633.01,64651.02,64603.92,64603.93,0
2026-08-18 20:00,64612.53,64621.95,64546.74,64614.50,209299456
2026-08-18 20:15,64614.50,64614.50,64568.71,64570.01,81758208
2026-08-18 20:30,64570.02,64605.69,64559.16,64568.56,146659328
2026-08-18 20:45,64568.57,64581.00,64523.28,64538.48,30351360
2026-08-18 21:00,64540.16,64611.28,64534.58,64579.88,0
2026-08-18 21:15,64579.87,64588.10,64556.08,64579.86,0
2026-08-18 21:30,64579.86,64579.86,64527.37,64538.47,61274112
2026-08-18 21:45,64534.33,64569.64,64534.32,64559.33,5001216
2026-08-18 22:00,64559.19,64566.73,64521.91,64528.99,194560
2026-08-18 22:15,64528.98,64568.58,64513.91,64552.68,0
2026-08-18 22:30,64552.66,64615.13,64549.24,64595.26,6258688
2026-08-18 22:45,64595.26,64596.41,64560.92,64596.41,76695552
2026-08-18 23:00,64588.21,64671.98,64584.96,64656.30,36141056
2026-08-18 23:15,64662.99,64698.02,64656.10,64678.71,7211008
2026-08-18 23:30,64681.52,64741.38,64680.00,64732.72,0
2026-08-18 23:45,64721.62,64744.27,64680.03,64681.33,40400896
2026-08-19 00:00,64692.21,64697.80,64540.08,64540.08,0
2026-08-19 00:15,64534.32,64632.90,64504.45,64562.81,38105088
2026-08-19 00:30,64556.46,64612.69,64500.02,64517.76,24338432
2026-08-19 00:45,64517.77,64538.90,64445.43,64445.43,17827840
2026-08-19 01:00,64440.12,64502.98,64390.03,64483.66,53008384
2026-08-19 01:15,64483.65,64490.50,64395.22,64442.02,159676416
2026-08-19 01:30,64453.39,64453.39,64354.17,64374.38,462848
2026-08-19 01:45,64374.38,64399.49,64341.47,64358.46,48515072
2026-08-19 02:00,64348.55,64363.63,64303.86,64348.02,9279488
2026-08-19 02:15,64346.84,64367.21,64297.00,64342.45,33945600
2026-08-19 02:30,64335.60,64362.98,64319.05,64333.49,70201344
2026-08-19 02:45,64334.38,64364.21,64293.07,64295.84,0
2026-08-19 03:00,64295.85,64312.17,64218.40,64295.55,18683904
2026-08-19 03:15,64292.49,64363.65,64292.49,64305.95,776192
2026-08-19 03:30,64305.95,64317.08,64275.63,64284.95,61487104
2026-08-19 03:45,64282.03,64324.25,64269.36,64269.36,0
2026-08-19 04:00,64268.11,64275.05,64234.37,64260.98,0
2026-08-19 04:15,64260.98,64336.86,64260.98,64303.05,5814272
2026-08-19 04:30,64303.05,64318.21,64269.36,64290.06,0
2026-08-19 04:45,64293.21,64316.27,64246.38,64255.10,89978880
2026-08-19 05:00,64255.93,64357.89,64252.81,64346.98,5380096
2026-08-19 05:15,64346.99,64346.99,64250.32,64304.55,0
2026-08-19 05:30,64299.06,64305.88,64263.07,64265.97,0
2026-08-19 05:45,64265.97,64265.97,64178.28,64185.23,34852864
2026-08-19 06:00,64186.34,64198.97,64112.04,64125.41,0
2026-08-19 06:15,64125.41,64258.07,64125.41,64220.37,0
2026-08-19 06:30,64220.37,64241.05,64200.35,64214.49,166537216
2026-08-19 06:45,64215.83,64291.42,64211.70,64289.82,56785920
2026-08-19 07:00,64289.82,64314.90,64211.24,64314.90,31384576
2026-08-19 07:15,64314.90,64314.90,64244.52,64285.92,636720128
2026-08-19 07:30,64285.92,64343.93,64279.41,64300.83,48040960
2026-08-19 07:45,64300.82,64324.51,64236.76,64243.55,30973952
2026-08-19 08:00,64236.76,64272.05,64195.02,64198.31,5807104
2026-08-19 08:15,64198.31,64235.43,64190.70,64232.09,54255616
2026-08-19 08:30,64229.57,64455.60,64228.06,64391.98,23355392
2026-08-19 08:45,64398.90,64421.66,64357.11,64357.12,153648128
2026-08-19 09:00,64356.47,64418.39,64327.33,64327.33,104119296
2026-08-19 09:15,64326.00,64363.04,64316.91,64332.27,63584256
2026-08-19 09:30,64336.27,64345.35,64307.17,64319.03,39100416
2026-08-19 09:45,64319.03,64375.78,64313.18,64371.57,18806784
2026-08-19 10:00,64367.80,64371.57,64316.50,64335.43,83193856
2026-08-19 10:15,64332.67,64343.88,64304.99,64343.87,0
2026-08-19 10:30,64343.87,64371.00,64319.05,64348.80,129702912
2026-08-19 10:45,64345.48,64404.78,64338.00,64393.80,42148864
2026-08-19 11:00,64386.79,64483.67,64386.79,64448.31,0
2026-08-19 11:15,64449.43,64477.28,64422.73,64452.32,58702848
2026-08-19 11:30,64453.08,64477.22,64412.79,64415.25,35332096
2026-08-19 11:45,64415.25,64474.06,64415.25,64459.11,63439872
2026-08-19 12:00,64459.11,64464.40,64417.14,64453.35,2343936
2026-08-19 12:15,64453.34,64455.69,64428.99,64439.25,1884160
2026-08-19 12:30,64448.30,64896.94,64428.01,64896.38,77315072
2026-08-19 12:45,64899.10,64935.94,64769.40,64830.89,1134846976
2026-08-19 13:00,64812.16,64944.19,64735.92,64876.81,119328768
2026-08-19 13:15,64868.60,64992.35,64868.60,64958.93,329889792
2026-08-19 13:30,64931.36,65170.20,64750.98,64990.92,520382464
2026-08-19 13:45,64987.49,65137.21,64931.46,64966.72,470104064
2026-08-19 14:00,64969.93,65392.98,64966.09,65357.11,269582336
2026-08-19 14:15,65355.79,65430.40,65279.06,65367.28,1070493696
2026-08-19 14:30,65383.69,65468.95,65304.82,65419.42,59066368
2026-08-19 14:45,65407.00,65930.83,65407.00,65886.25,443394048
2026-08-19 15:00,65926.27,66741.95,65858.66,66635.83,1834549248
2026-08-19 15:15,66605.70,69594.25,66576.38,68239.05,1322045440
2026-08-19 15:30,68304.78,68769.54,67763.73,68663.16,5266018304
2026-08-19 15:45,68631.15,68631.15,68206.27,68519.63,1874870272
2026-08-19 16:00,68588.36,68832.14,68495.88,68540.56,1026930688
2026-08-19 16:15,68549.47,68892.65,68543.00,68872.58,729333760
2026-08-19 16:30,68837.45,68875.16,68532.01,68566.01,583847936
2026-08-19 16:45,68544.18,68693.50,68403.97,68453.98,526305280
2026-08-19 17:00,68444.32,68514.39,68197.02,68224.03,704940032
2026-08-19 17:15,68222.26,68288.45,67812.96,67977.10,403582976
2026-08-19 17:30,67985.45,68021.95,67802.34,68021.58,535562240
2026-08-19 17:45,68023.29,68243.99,68016.06,68168.31,450441216
2026-08-19 18:00,68187.01,68231.85,68013.49,68160.22,179798016
2026-08-19 18:15,68159.98,68307.16,68151.30,68257.57,376897536
2026-08-19 18:30,68233.21,68421.09,68215.72,68421.09,153255936
2026-08-19 18:45,68420.19,68439.50,68302.64,68389.12,277602304
2026-08-19 19:00,68367.04,68436.81,68093.35,68093.35,143101952
2026-08-19 19:15,68096.37,68373.61,68096.37,68164.24,380088320
2026-08-19 19:30,68155.03,68392.36,68117.15,68377.48,1123569664
2026-08-19 19:45,68385.97,68471.04,68352.02,68406.13,219435008
2026-08-19 20:00,68428.60,68688.74,68373.48,68666.50,328470528
2026-08-19 20:15,68666.50,68795.29,68545.77,68685.82,255762432
2026-08-19 20:30,68685.82,68781.17,68634.30,68653.63,414052352
2026-08-19 20:45,68634.31,69544.91,68605.32,69043.25,837443584
2026-08-19 21:00,69038.64,69888.00,68975.62,69416.76,1609641984
2026-08-19 21:15,69432.85,69737.94,69250.01,69621.49,1124745216
2026-08-19 21:30,69622.43,69824.99,69382.09,69656.20,634839040
2026-08-19 21:45,69666.66,70010.96,69486.24,69700.00,1068265472
2026-08-19 22:00,69790.28,69819.26,69309.73,69309.73,532180992
2026-08-19 22:15,69284.88,69381.34,69117.35,69128.68,533282816
2026-08-19 22:30,69116.44,69451.15,68959.61,69315.72,521134080
2026-08-19 22:45,69306.15,69307.78,69078.84,69219.55,321478656
2026-08-19 23:00,69224.70,69379.04,69178.49,69311.72,498745344
2026-08-19 23:15,69309.01,69421.62,69236.44,69343.04,520888320
2026-08-19 23:30,69343.04,69361.10,69210.03,69287.64,375541760
2026-08-19 23:45,69285.47,69308.24,69130.58,69300.01,12197888
2026-08-20 00:00,69298.79,69629.91,69291.60,69531.51,717516800
2026-08-20 00:15,69538.08,69749.99,69523.42,69588.50,557387776
2026-08-20 00:30,69593.18,69664.30,69443.67,69529.91,231456768
2026-08-20 00:45,69564.17,69677.58,69339.49,69387.77,536289280
2026-08-20 01:00,69385.76,69477.94,69250.11,69354.71,95809536
2026-08-20 01:15,69333.21,69407.09,69239.66,69292.05,315408384
2026-08-20 01:30,69281.96,69604.00,69262.58,69594.66,740179968
2026-08-20 01:45,69595.10,69856.38,69595.10,69678.68,377896960
2026-08-20 02:00,69682.30,69787.12,69541.74,69651.80,496279552
2026-08-20 02:15,69645.38,69676.59,69442.53,69476.41,95543296
2026-08-20 02:30,69460.00,69503.70,69277.14,69277.14,253206528
2026-08-20 02:45,69277.14,69319.62,69223.56,69258.57,388263936
2026-08-20 03:00,69245.87,69250.06,68857.28,68940.20,258633728
2026-08-20 03:15,68936.98,69152.71,68891.76,68915.26,526639104
2026-08-20 03:30,68946.63,69150.91,68927.33,69139.08,455843840
2026-08-20 03:45,69130.19,69282.92,69100.53,69139.99,754835456
2026-08-20 04:00,69130.19,69330.94,69104.42,69323.19,471609344
2026-08-20 04:15,69316.84,69345.18,69240.03,69308.41,323051520
2026-08-20 04:30,69308.41,69325.49,69182.10,69284.74,226627584
2026-08-20 04:45,69304.06,69533.42,69299.51,69442.52,361402368
2026-08-20 05:00,69445.64,69513.35,69416.95,69425.02,527126528
2026-08-20 05:15,69419.99,69633.07,69407.11,69540.38,287875072
2026-08-20 05:30,69531.01,69587.62,69480.16,69514.01,247496704
2026-08-20 05:45,69510.09,69510.09,69318.00,69374.83,322666496
2026-08-20 06:00,69368.46,69402.00,69317.17,69349.14,668487680
2026-08-20 06:15,69330.68,69652.89,69313.97,69546.76,748613632
2026-08-20 06:30,69553.84,69749.21,69553.84,69736.04,403955712
2026-08-20 06:45,69738.58,69866.30,69738.07,69813.99,11198464
2026-08-20 07:00,69792.05,69957.09,69723.47,69758.09,667521024
2026-08-20 07:15,69750.00,69754.87,69564.19,69642.16,33251328
2026-08-20 07:30,69642.16,69642.16,69456.03,69568.53,727306240
2026-08-20 07:45,69564.25,69781.84,69518.99,69781.84,715612160
2026-08-20 08:00,69784.51,71302.72,69736.64,71247.64,1026826240
2026-08-20 08:15,71162.53,71519.72,70990.10,71303.51,2846900224
2026-08-20 08:30,71287.81,71537.39,71138.99,71449.99,693895168
2026-08-20 08:45,71420.05,71746.56,71392.20,71524.28,2151890944
2026-08-20 09:00,71532.40,71908.71,71458.31,71868.15,937353216
2026-08-20 09:15,71820.24,71991.70,71698.44,71764.56,1229254656
2026-08-20 09:30,71739.33,71994.23,71684.53,71936.75,893521920
2026-08-20 09:45,71924.65,71964.30,71621.88,71740.89,1628925952
2026-08-20 10:00,71733.24,72089.48,71651.61,72089.48,1374400512
2026-08-20 10:15,72106.21,72407.17,71942.05,71983.75,1049141248
2026-08-20 10:30,71987.28,71987.28,71720.69,71740.20,481869824
2026-08-20 10:45,71747.15,71941.69,71747.15,71941.69,2082496512
2026-08-20 11:00,71934.65,72091.52,71796.89,71932.74,165842944
2026-08-20 11:15,71903.77,71976.85,71818.01,71845.33,901144576
2026-08-20 11:30,71824.94,72272.63,71813.48,72112.42,198684672
2026-08-20 11:45,72098.65,72230.89,71765.89,71870.11,626323456
2026-08-20 12:00,71886.35,71925.00,71440.05,71747.16,2074025984
2026-08-20 12:15,71705.41,71820.23,71632.32,71788.95,908926976
2026-08-20 12:30,71798.94,71950.81,71612.24,71626.58,638312448
2026-08-20 12:45,71627.56,71902.03,71472.77,71894.51,0
2026-08-20 13:00,71921.16,72025.56,71841.13,72001.19,805875712
2026-08-20 13:15,72004.48,72004.48,71813.63,71910.73,296181760
2026-08-20 13:30,71875.93,71875.93,71143.13,71624.18,2195349504
2026-08-20 13:45,71630.58,71784.33,71388.52,71631.46,758562816
2026-08-20 14:00,71632.32,71935.07,71580.14,71765.04,68640768
2026-08-20 14:15,71764.99,71769.82,71364.35,71409.24,0
2026-08-20 14:30,71399.86,71657.87,71371.32,71493.13,815497216
2026-08-20 14:45,71496.92,71780.29,71376.44,71780.29,49602560
2026-08-20 15:00,71776.49,72520.44,71751.64,72187.67,136826880
2026-08-20 15:15,72212.05,72381.00,71947.75,72381.00,1565851648
2026-08-20 15:30,72393.71,72781.05,72142.88,72203.05,1534595072
2026-08-20 15:45,72218.11,72520.44,72140.40,72443.15,212418560
2026-08-20 16:00,72437.67,72475.66,72247.16,72279.59,0
2026-08-20 16:15,72293.51,72388.55,72180.01,72380.51,208228352
2026-08-20 16:30,72345.72,72669.99,72250.00,72626.61,0
2026-08-20 16:45,72590.29,72843.29,72509.42,72829.43,421617664
2026-08-20 17:00,72820.61,72853.81,72540.59,72668.48,0
2026-08-20 17:15,72668.47,72809.92,72551.49,72790.92,1788690432
2026-08-20 17:30,72777.24,72832.90,72661.75,72749.01,32129024
2026-08-20 17:45,72728.48,72940.41,72697.01,72715.33,214286336
2026-08-20 18:00,72733.83,72794.54,72457.61,72593.93,333664256
2026-08-20 18:15,72583.16,72723.80,72500.00,72669.92,219451392
2026-08-20 18:30,72660.00,72685.80,72373.56,72468.38,94150656
2026-08-20 18:45,72488.37,72607.58,72404.06,72413.04,425185280
2026-08-20 19:00,72410.92,72485.91,72313.75,72466.78,31383552
2026-08-20 19:15,72466.77,72623.75,72466.77,72592.80,48619520
2026-08-20 19:30,72587.86,72768.48,72547.56,72707.64,249184256
2026-08-20 19:45,72718.08,72742.52,72582.37,72626.45,316022784
2026-08-20 20:00,72678.23,72777.24,72617.16,72686.75,42942464
2026-08-20 20:15,72697.08,72899.36,72617.17,72826.30,234663936
2026-08-20 20:30,72813.76,73002.68,72690.25,72749.40,213929984
2026-08-20 20:45,72761.31,72775.54,72585.04,72660.23,24645632
2026-08-20 21:00,72660.23,72683.28,72547.56,72683.28,0
2026-08-20 21:15,72686.75,72829.44,72634.02,72648.46,0
2026-08-20 21:30,72641.29,72817.20,72641.29,72725.03,1678200832
2026-08-20 21:45,72730.91,72763.31,72689.50,72725.63,0
2026-08-20 22:00,72745.91,72745.91,72485.00,72591.72,0
2026-08-20 22:15,72589.33,72815.51,72538.08,72785.17,0
2026-08-20 22:30,72784.99,72791.04,72665.49,72670.74,83329024
2026-08-20 22:45,72670.74,72853.79,72655.77,72664.68,0
2026-08-20 23:00,72658.71,72918.03,72645.00,72918.03,0
2026-08-20 23:15,72892.54,73333.85,72888.60,73199.37,1733050368
2026-08-20 23:30,73215.71,73377.82,73062.60,73090.44,137003008
2026-08-20 23:45,73090.37,73118.28,72977.73,73015.93,309137408
2026-08-21 00:00,73010.27,73478.65,73010.27,73478.65,45998080
2026-08-21 00:15,73441.92,73856.15,73346.54,73699.43,630337536
2026-08-21 00:30,73694.39,73945.18,73515.59,73685.02,387551232
2026-08-21 00:45,73673.99,73828.86,73575.17,73692.41,285360128
2026-08-21 01:00,73658.77,73969.23,73648.80,73943.03,552411136
2026-08-21 01:15,73971.74,74773.68,73932.61,74708.89,0
2026-08-21 01:30,74719.08,74964.17,74520.72,74716.50,3000086528
2026-08-21 01:45,74731.62,75704.41,74689.61,75107.89,1213374464
2026-08-21 02:00,75107.13,75155.98,74653.33,74852.38,507150336
2026-08-21 02:15,74820.00,74952.23,74622.64,74949.94,248176640
2026-08-21 02:30,74955.71,75034.89,74591.67,74678.97,18354176
2026-08-21 02:45,74694.09,74694.09,74358.86,74409.71,863813632
2026-08-21 03:00,74444.28,74459.11,74219.63,74402.40,345853952
2026-08-21 03:15,74422.80,74606.35,74287.56,74576.39,356839424
2026-08-21 03:30,74571.18,74678.28,74399.26,74673.36,225959936
2026-08-21 03:45,74628.60,74832.66,74470.74,74478.27,160116736
2026-08-21 04:00,74499.83,74872.49,74499.83,74845.93,162574336
2026-08-21 04:15,74842.57,74917.54,74754.91,74792.18,229621760
2026-08-21 04:30,74787.79,74966.15,74753.88,74928.99,294506496
2026-08-21 04:45,74917.44,75023.03,74895.17,74999.99,76599296
2026-08-21 05:00,74999.99,75298.64,74888.23,75292.24,24748032
2026-08-21 05:15,75255.32,75482.92,75035.76,75174.95,203124736
2026-08-21 05:30,75167.44,75335.04,75067.07,75244.55,636801024
2026-08-21 05:45,75244.55,75438.08,75182.49,75438.08,28184576
2026-08-21 06:00,75391.15,75477.70,75244.57,75257.27,0
2026-08-21 06:15,75261.58,75454.22,75065.35,75298.74,53256192
2026-08-21 06:30,75302.85,75700.12,75289.82,75365.00,1681743872
2026-08-21 06:45,75355.20,75615.79,75261.24,75615.79,577417216
2026-08-21 07:00,75600.00,75967.14,75596.99,75908.31,211722240
2026-08-21 07:15,75935.49,76845.36,75903.26,76372.65,1209446400
2026-08-21 07:30,76371.08,76720.37,76249.62,76581.35,791433216
2026-08-21 07:45,76555.00,76602.05,76188.41,76306.33,414244864
2026-08-21 08:00,76299.17,77083.51,76267.51,76866.02,117903360
2026-08-21 08:15,76856.42,77291.59,76839.89,77205.94,1419931648
2026-08-21 08:30,77182.80,77770.40,77145.09,77627.74,305938432
2026-08-21 08:45,77625.34,79442.86,77562.84,79224.70,847659008
2026-08-21 09:00,79189.27,79326.22,77267.40,77885.01,2864984064
2026-08-21 09:15,77851.31,77899.80,77463.22,77697.95,2788696064
2026-08-21 09:30,77699.99,78330.07,77624.88,78180.16,488493056
2026-08-21 09:45,78198.64,78350.10,77623.10,77888.17,421953536
2026-08-21 10:00,77861.52,78085.81,77606.12,78049.43,991301632
2026-08-21 10:15,78018.12,78236.17,77660.68,77903.29,43028480
2026-08-21 10:30,77918.22,77948.51,77624.89,77829.00,543793152
2026-08-21 10:45,77828.86,77986.78,77738.61,77802.36,202805248
2026-08-21 11:00,77814.41,77840.64,77318.67,77520.47,197197824
2026-08-21 11:15,77503.29,77650.73,77277.41,77386.01,446140416
2026-08-21 11:30,77407.85,77409.40,76416.48,76854.50,762130432
2026-08-21 11:45,76823.92,77012.01,76605.09,76709.62,190205952
2026-08-21 12:00,76740.95,76994.67,76521.29,76901.32,3483549696
2026-08-21 12:15,76875.65,76876.68,76621.65,76667.93,690593792
2026-08-21 12:30,76668.40,77423.43,76615.45,77409.91,711516160
2026-08-21 12:45,77377.48,77457.50,77079.00,77195.15,36036608
2026-08-21 13:00,77229.72,77371.70,77006.69,77168.40,24731648
2026-08-21 13:15,77165.06,77165.06,76813.09,77067.96,415195136
2026-08-21 13:30,76950.01,77283.39,76225.81,77283.39,171319296
2026-08-21 13:45,77250.00,77671.51,77112.95,77244.23,508919808
2026-08-21 14:00,77217.49,77217.75,76696.68,76759.09,871956480
2026-08-21 14:15,76824.72,77171.51,76526.83,77043.38,600915968
2026-08-21 14:30,77068.50,77202.56,76840.03,77110.50,587882496
2026-08-21 14:45,77106.71,77432.65,77106.71,77374.78,2006360064
2026-08-21 15:00,77403.06,77769.54,77312.28,77694.97,275472384
2026-08-21 15:15,77720.99,77843.27,77513.17,77603.33,287006720
2026-08-21 15:30,77604.06,77742.07,77461.97,77480.18,0
2026-08-21 15:45,77490.72,77526.90,77136.02,77178.83,211394560
2026-08-21 16:00,77190.75,77281.01,76823.01,76823.01,1845739520
2026-08-21 16:15,76795.37,77347.36,76795.37,77339.17,684785664
2026-08-21 16:30,77359.63,77359.63,77209.85,77338.29,531668992
2026-08-21 16:45,77338.56,77516.72,77287.17,77451.34,166666240
2026-08-21 17:00,77472.66,77695.68,77434.99,77534.30,19046400
2026-08-21 17:15,77544.61,77544.61,77167.82,77541.53,0
2026-08-21 17:30,77535.86,77630.67,77314.62,77359.58,377069568
2026-08-21 17:45,77334.29,77493.55,77294.40,77370.28,223633408
2026-08-21 18:00,77380.25,77519.76,77252.59,77297.71,0
2026-08-21 18:15,77290.06,77475.94,77233.62,77361.27,235143168
2026-08-21 18:30,77360.07,77423.59,76837.84,76902.52,168976384
2026-08-21 18:45,76900.43,77110.52,76623.43,77110.52,265158656
2026-08-21 19:00,77144.90,77158.01,76837.81,77114.35,2238005248
2026-08-21 19:15,77117.08,77309.75,76938.63,77303.34,240230400
2026-08-21 19:30,77302.43,77338.91,77069.14,77155.37,314400768
2026-08-21 19:45,77136.13,77227.49,76990.86,76995.20,393666560
2026-08-21 20:00,77028.00,77280.50,76837.75,77251.22,81108992
2026-08-21 20:15,77256.24,77513.00,77256.24,77479.33,0
2026-08-21 20:30,77473.34,77518.41,77332.45,77458.87,784384000
2026-08-21 20:45,77462.99,77518.24,77296.50,77497.97,257966080
2026-08-21 21:00,77492.39,77766.00,77363.09,77664.90,0
2026-08-21 21:15,77664.91,78188.40,77571.73,78061.19,894091264
2026-08-21 21:30,78088.51,78486.72,77972.54,78220.81,630153216
2026-08-21 21:45,78262.70,78664.17,78215.59,78495.39,2507620352
2026-08-21 22:00,78503.38,78747.06,78172.49,78718.74,180682752
2026-08-21 22:15,78714.93,78714.93,78340.57,78494.82,2409193472
2026-08-21 22:30,78501.01,78567.32,78106.60,78504.32,630390784
2026-08-21 22:45,78469.21,78583.98,78242.76,78432.77,512770048
2026-08-21 23:00,78459.77,78614.99,78325.52,78539.21,150413312
2026-08-21 23:15,78531.58,78711.09,78355.60,78400.27,396812288
2026-08-21 23:30,78398.69,78504.16,78144.01,78384.01,16998400
2026-08-21 23:45,78386.40,78394.03,78122.82,78325.55,250290176
2026-08-22 00:00,78325.54,78495.50,77745.32,77893.62,85819392
2026-08-22 00:15,77904.65,78096.08,77849.81,77910.01,480722944
2026-08-22 00:30,77910.00,78043.50,77743.24,77829.33,1618640896
2026-08-22 00:45,77801.95,77976.50,77695.41,77934.06,156106752
2026-08-22 01:00,77938.37,78179.32,77897.65,78101.40,115220480
2026-08-22 01:15,78100.52,78160.08,77890.24,77998.53,0
2026-08-22 01:30,78000.00,78220.59,77896.11,77912.72,45514752
2026-08-22 01:45,77905.87,77998.30,77805.34,77821.05,0
2026-08-22 02:00,77840.70,78101.43,77783.46,78046.07,221642752
2026-08-22 02:15,78046.06,78461.12,78027.33,78374.35,0
2026-08-22 02:30,78367.49,78494.50,78143.86,78492.01,111542272
2026-08-22 02:45,78506.89,78543.87,78298.55,78462.80,0
2026-08-22 03:00,78481.90,78690.95,78371.13,78388.52,328843264
2026-08-22 03:15,78382.58,78782.31,78351.60,78763.31,18489344
2026-08-22 03:30,78756.64,78814.49,78550.67,78638.51,1794682880
2026-08-22 03:45,78625.06,78681.61,78394.05,78402.62,49766400
2026-08-22 04:00,78402.62,78457.67,78233.21,78378.77,3440640
2026-08-22 04:15,78384.22,78581.22,78195.41,78581.21,1851445248
2026-08-22 04:30,78590.66,78795.14,78511.58,78657.62,240287744
2026-08-22 04:45,78630.89,78684.45,78450.67,78475.71,690905088
2026-08-22 05:00,78440.00,78562.93,76650.27,77319.02,169738240
2026-08-22 05:15,77323.02,77515.43,76722.34,77289.68,5466898432
2026-08-22 05:30,77274.02,77535.34,76930.98,77150.27,1258094592
2026-08-22 05:45,77174.83,77481.07,77068.50,77351.19,445710336
2026-08-22 06:00,77343.55,77423.76,77144.15,77155.97,65298432
2026-08-22 06:15,77164.00,77389.32,77164.00,77235.02,499884032
2026-08-22 06:30,77217.49,77560.69,76992.35,77406.46,0
2026-08-22 06:45,77383.12,77529.19,77381.75,77477.25,451428352
2026-08-22 07:00,77475.57,77645.32,77267.15,77362.65,184729600
2026-08-22 07:15,77385.56,77475.89,77208.18,77475.89,0
2026-08-22 07:30,77484.64,77496.34,77286.25,77401.79,0
2026-08-22 07:45,77401.79,77435.22,77258.59,77286.24,0
2026-08-22 08:00,77293.89,77420.99,77186.32,77413.05,0
2026-08-22 08:15,77413.05,77429.13,77102.88,77210.00,311377920
2026-08-22 08:30,77215.08,77309.16,77021.55,77282.43,150487040
2026-08-22 08:45,77267.14,77267.14,77098.49,77195.49,0
2026-08-22 09:00,77195.49,77359.62,77050.02,77359.62,0
2026-08-22 09:15,77366.74,77366.74,77164.00,77197.07,112730112
2026-08-22 09:30,77203.33,77242.64,77138.89,77188.86,84934656
2026-08-22 09:45,77184.75,77184.75,76835.49,77049.40,0
2026-08-22 10:00,77049.39,77064.67,76681.98,76701.78,0
2026-08-22 10:15,76700.21,76941.19,76524.35,76918.48,1517441024
2026-08-22 10:30,76905.05,77160.17,76851.47,77144.56,161939456
2026-08-22 10:45,77154.99,77179.31,76887.13,76964.88,122224640
2026-08-22 11:00,76961.54,77055.00,76809.97,76881.33,0
2026-08-22 11:15,76855.54,76982.15,76808.76,76974.82,0
2026-08-22 11:30,76969.19,77179.29,76937.58,77161.64,0
2026-08-22 11:45,77159.15,77206.02,77050.51,77114.35,13025280
2026-08-22 12:00,77119.92,77270.80,77069.01,77239.03,0
2026-08-22 12:15,77239.03,77335.08,77194.57,77321.91,0
2026-08-22 12:30,77321.90,77347.33,77193.48,77344.39,123650048
2026-08-22 12:45,77335.91,77373.05,77251.87,77300.01,101060608
2026-08-22 13:00,77300.01,77307.63,77190.74,77217.58,0
2026-08-22 13:15,77226.45,77248.03,77116.87,77162.38,1217531904
2026-08-22 13:30,77162.38,77193.91,77101.39,77158.48,0
2026-08-22 13:45,77148.72,77359.63,77141.37,77277.30,0
2026-08-22 14:00,77277.29,77315.70,76992.63,77018.99,0
2026-08-22 14:15,77029.31,77086.37,76950.08,77081.36,0
2026-08-22 14:30,77086.37,77148.81,76940.21,76947.72,0
2026-08-22 14:45,76983.78,77072.22,76927.18,76995.59,0
2026-08-22 15:00,77007.38,77079.82,76934.80,76940.55,0
2026-08-22 15:15,76934.81,77013.88,76884.01,76965.36,0
2026-08-22 15:30,76971.90,77093.83,76962.78,77049.51,0
2026-08-22 15:45,77065.83,77084.39,76916.27,76970.56,0
2026-08-22 16:00,76972.48,77062.59,76944.00,77036.85,57249792
2026-08-22 16:15,77044.22,77229.07,77040.89,77183.91,0
2026-08-22 16:30,77186.94,77459.41,77168.87,77380.01,0
2026-08-22 16:45,77380.00,77534.49,77282.46,77282.46,1271984128
2026-08-22 17:00,77272.08,77327.04,77228.95,77268.41,0
2026-08-22 17:15,77270.73,77328.26,77072.33,77081.53,163422208
2026-08-22 17:30,77095.24,77212.80,77095.24,77212.80,0
2026-08-22 17:45,77212.79,77367.14,77208.24,77270.52,57098240
2026-08-22 18:00,77270.53,77357.50,77209.85,77240.39,172703744
2026-08-22 18:15,77238.84,77342.90,77238.84,77295.28,0
2026-08-22 18:30,77295.28,77324.80,77218.01,77218.01,106315776
2026-08-22 18:45,77216.79,77268.69,77133.96,77261.92,0
2026-08-22 19:00,77261.92,77345.89,77196.73,77328.01,0
2026-08-22 19:15,77328.00,77343.53,77250.00,77284.56,182546432
2026-08-22 19:30,77283.01,77424.75,77283.00,77422.85,0
2026-08-22 19:45,77427.96,77475.78,77404.66,77419.94,0
2026-08-22 20:00,77421.58,77459.64,77363.58,77411.46,0
2026-08-22 20:15,77419.94,77427.58,77298.50,77298.50,130891776
2026-08-22 20:30,77300.02,77400.84,77260.01,77358.81,25051136
2026-08-22 20:45,77358.81,77379.52,77263.33,77312.98,140877824
2026-08-22 21:00,77311.23,77312.21,77040.22,77048.14,88911872
2026-08-22 21:15,77060.32,77209.60,77060.32,77179.58,139509760
2026-08-22 21:30,77179.57,77201.18,76913.01,77025.27,511365120
2026-08-22 21:45,77025.28,77025.28,76839.80,76847.37,0
2026-08-22 22:00,76873.68,77144.56,76770.53,77097.57,57466880
2026-08-22 22:15,77087.78,77146.49,77034.12,77045.58,83423232
2026-08-22 22:30,77037.95,77066.97,76887.78,77041.50,208818176
2026-08-22 22:45,77072.37,77133.88,76948.69,76989.45,28078080
2026-08-22 23:00,77005.95,77075.00,76934.25,76962.41,88109056
2026-08-22 23:15,76971.49,77016.70,76925.43,76933.48,0
2026-08-22 23:30,76946.26,77024.99,76888.97,77008.46,0
2026-08-22 23:45,77000.01,77121.97,76989.97,77054.44,84672512
2026-08-23 00:00,77054.46,77131.01,77041.52,77079.49,0
2026-08-23 00:15,77061.02,77243.88,77037.94,77213.08,81301504
2026-08-23 00:30,77213.07,77343.56,77209.77,77267.15,123158528
2026-08-23 00:45,77263.84,77337.42,77238.84,77289.00,3805184
2026-08-23 01:00,77287.44,77393.47,77171.65,77390.99,0
2026-08-23 01:15,77397.38,77397.38,77237.51,77261.46,67928064
2026-08-23 01:30,77266.33,77306.73,77167.83,77238.64,13135872
2026-08-23 01:45,77239.17,77320.51,77152.54,77184.53,12431360
2026-08-23 02:00,77184.54,77206.50,77043.18,77043.18,0
2026-08-23 02:15,77059.86,77122.15,76992.10,77104.49,14221312
2026-08-23 02:30,77104.48,77202.94,77098.52,77164.22,1380352
2026-08-23 02:45,77169.25,77199.99,77053.25,77064.69,0
2026-08-23 03:00,77072.74,77102.99,77000.00,77074.02,0
2026-08-23 03:15,77074.02,77133.43,76984.02,76984.02,33673216
2026-08-23 03:30,76976.83,76978.57,76824.03,76839.31,20660224
2026-08-23 03:45,76847.25,76979.56,76847.25,76914.73,0
2026-08-23 04:00,76914.73,77009.06,76721.07,76992.84,0
2026-08-23 04:15,77003.56,77025.00,76789.65,76952.71,201224192
2026-08-23 04:30,76952.71,76966.69,76801.11,76811.99,129904640
2026-08-23 04:45,76812.00,76812.00,76495.48,76602.47,131555328
2026-08-23 05:00,76564.27,76707.04,75865.20,75865.20,0
2026-08-23 05:15,75986.41,76304.95,75601.57,76216.63,0
2026-08-23 05:30,76209.01,76319.79,76090.59,76155.62,0
2026-08-23 05:45,76176.07,76235.74,76022.10,76048.57,0
2026-08-23 06:00,76100.00,76132.19,75899.58,76071.77,0
2026-08-23 06:15,76062.01,76289.09,76062.01,76219.51,181059584
2026-08-23 06:30,76219.51,76339.51,76166.99,76246.51,0
2026-08-23 06:45,76249.98,76266.46,76014.54,76089.00,0
2026-08-23 07:00,76090.82,76307.99,76025.65,76289.07,0
2026-08-23 07:15,76284.46,76335.01,76212.83,76216.65,3559424
2026-08-23 07:30,76203.10,76222.85,76034.06,76049.88,0
2026-08-23 07:45,76049.88,76132.60,75899.27,75986.99,105992192
2026-08-23 08:00,75987.79,76271.54,75933.97,76190.99,10706944
2026-08-23 08:15,76191.01,76280.95,76182.97,76219.49,306386944
2026-08-23 08:30,76231.45,76583.37,76231.45,76506.49,0
2026-08-23 08:45,76506.49,76605.88,76434.39,76464.94,106799104
2026-08-23 09:00,76468.47,76629.20,76449.67,76568.14,19314688
2026-08-23 09:15,76569.67,76594.82,76461.13,76537.53,0
2026-08-23 09:30,76541.85,76559.59,76461.23,76559.59,0
2026-08-23 09:45,76559.59,76625.38,76499.35,76540.01,39159808
2026-08-23 10:00,76533.71,76724.60,76533.71,76642.35,0
2026-08-23 10:15,76669.03,76869.20,76630.56,76738.70,0
2026-08-23 10:30,76750.89,76896.61,76724.71,76841.45,192847872
2026-08-23 10:45,76841.45,76862.22,76762.90,76776.93,0
2026-08-23 11:00,76776.94,76869.67,76729.58,76862.22,0
2026-08-23 11:15,76873.85,77301.52,76805.77,77145.95,54009856
2026-08-23 11:30,77133.45,77368.20,77113.49,77257.10,171796480
2026-08-23 11:45,77262.84,77369.14,77169.01,77288.16,167747584
2026-08-23 12:00,77288.16,77288.16,76999.75,77068.41,70262784
2026-08-23 12:15,77062.53,77118.16,77002.53,77030.30,206983168
2026-08-23 12:30,77031.00,77241.75,77031.00,77228.94,11788288
2026-08-23 12:45,77228.95,77250.00,77144.93,77201.59,96083968
2026-08-23 13:00,77201.59,77320.00,77184.88,77318.36,18051072
2026-08-23 13:15,77318.36,77715.55,77312.99,77425.63,467324928
2026-08-23 13:30,77368.35,77595.66,77346.29,77510.29,412655616
2026-08-23 13:45,77500.17,77557.46,77365.59,77477.24,65062912
2026-08-23 14:00,77481.78,77598.28,77320.63,77541.88,145389568
2026-08-23 14:15,77541.88,77630.58,77392.69,77439.24,199426048
2026-08-23 14:30,77417.78,77478.99,76829.43,77004.29,63645696
2026-08-23 14:45,77044.24,77308.26,77017.38,77180.45,853143552
2026-08-23 15:00,77212.01,77320.06,77071.71,77144.91,196411392
2026-08-23 15:15,77144.91,77225.12,76917.92,77185.39,57454592
2026-08-23 15:30,77199.20,77289.12,77118.17,77255.64,53192704
2026-08-23 15:45,77250.00,77250.00,77116.89,77133.45,102119424
2026-08-23 16:00,77133.45,77274.76,77133.45,77259.48,59328512
2026-08-23 16:15,77259.49,77316.79,77194.56,77306.32,0
2026-08-23 16:30,77306.32,77425.29,77291.46,77362.65,65857536
2026-08-23 16:45,77347.37,77454.00,77339.73,77405.67,28295168
2026-08-23 17:00,77405.67,77433.12,77149.13,77270.97,45504512
2026-08-23 17:15,77282.42,77367.76,77183.11,77243.35,182181888
2026-08-23 17:30,77243.35,77290.07,77144.91,77229.01,60268544
2026-08-23 17:45,77233.13,77309.15,77175.47,77175.47,75558912
2026-08-23 18:00,77179.28,77396.92,77104.45,77337.25,122941440
2026-08-23 18:15,77327.76,77396.62,77253.42,77343.55,302665728
2026-08-23 18:30,77340.18,77355.25,77288.39,77333.61,20584448
2026-08-23 18:45,77333.61,77335.90,77258.57,77325.00,92465152
2026-08-23 19:00,77347.36,77406.73,77237.63,77316.01,169039872
2026-08-23 19:15,77316.02,77389.72,77279.74,77343.54,97253376
2026-08-23 19:30,77343.54,77430.00,77240.41,77429.06,8529920
2026-08-23 19:45,77416.93,77455.08,77314.03,77328.27,137005056
2026-08-23 20:00,77320.63,77324.27,77186.84,77266.18,6436864
2026-08-23 20:15,77255.69,77400.16,77255.69,77360.63,38727680
2026-08-23 20:30,77364.89,77431.40,77360.75,77412.32,322039808
2026-08-23 20:45,77405.34,77428.03,77379.17,77393.19,487424
2026-08-23 21:00,77400.00,77693.39,77400.00,77691.83,0
2026-08-23 21:15,77689.50,78021.99,77689.50,78015.61,363907072
2026-08-23 21:30,78014.05,78025.90,77574.70,77622.40,276766720
2026-08-23 21:45,77628.38,77857.48,77628.38,77832.50,438743040
2026-08-23 22:00,77866.88,77966.24,77572.72,77695.44,312883200
2026-08-23 22:15,77683.53,77805.76,77641.51,77668.24,889155584
2026-08-23 22:30,77654.01,77729.35,77595.67,77642.56,280543232
2026-08-23 22:45,77641.20,77704.58,77560.02,77600.67,17725440
2026-08-23 23:00,77612.52,77616.48,77329.26,77465.78,36136960
2026-08-23 23:15,77469.04,77668.24,77447.06,77668.24,345442304
2026-08-23 23:30,77690.21,77819.03,77396.50,77478.10,161261568
2026-08-23 23:45,77484.87,77782.57,77479.97,77725.54,290295808
2026-08-24 00:00,77733.70,77740.32,77515.44,77601.85,248494080
2026-08-24 00:15,77622.41,77636.85,77258.89,77423.77,119691264
2026-08-24 00:30,77431.40,77572.74,77225.13,77225.74,226701312
2026-08-24 00:45,77248.03,77672.05,77175.73,77672.05,9578496
2026-08-24 01:00,77684.52,77700.24,77427.61,77427.61,169033728
2026-08-24 01:15,77423.77,77462.56,77221.31,77228.95,1004783616
2026-08-24 01:30,77228.95,77365.11,77163.64,77210.97,54259712
2026-08-24 01:45,77209.85,77258.76,76907.85,76907.85,430131200
2026-08-24 02:00,76913.06,77397.02,76867.84,77356.57,304429056
2026-08-24 02:15,77362.64,77504.12,77362.64,77442.48,137943040
2026-08-24 02:30,77442.48,77542.18,77393.23,77439.04,215490560
2026-08-24 02:45,77439.05,77512.94,77232.76,77466.33,865150976
2026-08-24 03:00,77474.16,77519.26,77200.00,77200.00,270151680
2026-08-24 03:15,77200.00,77254.71,77116.41,77116.41,336447488
2026-08-24 03:30,77114.35,77156.27,76960.54,76976.82,440956928
2026-08-24 03:45,76970.30,77146.20,76919.53,76933.46,198356992
2026-08-24 04:00,76969.87,77089.04,76969.87,77019.55,126904320
2026-08-24 04:15,77021.11,77250.09,77021.11,77221.58,0
2026-08-24 04:30,77221.58,77231.06,77056.81,77094.75,221546496
2026-08-24 04:45,77108.77,77133.19,76678.86,76893.23,0
2026-08-24 05:00,76877.50,77213.66,76835.49,77213.53,0
2026-08-24 05:15,77202.40,77202.40,76950.86,77066.34,1303558144
2026-08-24 05:30,77060.87,77184.92,76854.55,77100.07,36974592
2026-08-24 05:45,77092.73,77188.03,76993.96,77159.59,52934656
2026-08-24 06:00,77152.53,77423.76,77064.69,77404.66,28522496
2026-08-24 06:15,77389.39,77461.96,77293.91,77359.84,46733312
2026-08-24 06:30,77341.77,77381.58,77217.49,77350.06,242860032
2026-08-24 06:45,77339.90,77520.09,77333.41,77459.13,125429760
2026-08-24 07:00,77459.73,77782.53,77450.51,77740.83,0
2026-08-24 07:15,77740.08,77740.08,77533.06,77575.06,206737408
2026-08-24 07:30,77583.41,77589.26,77331.27,77338.18,190562304
2026-08-24 07:45,77329.36,77422.00,77276.44,77297.87,40032256
2026-08-24 08:00,77316.12,77397.97,77209.86,77239.99,122867712
2026-08-24 08:15,77239.99,77239.99,76819.71,76905.98,0
2026-08-24 08:30,76883.53,77108.85,76883.53,77108.85,525987840
2026-08-24 08:45,77121.97,77135.31,76994.79,77032.91,56594432
2026-08-24 09:00,77025.07,77285.52,77007.90,77271.37,150188032
2026-08-24 09:15,77271.37,77417.54,77201.47,77411.74,231043072
2026-08-24 09:30,77417.55,77496.93,77388.08,77457.24,165220352
2026-08-24 09:45,77457.24,77590.92,77430.80,77540.88,108306432
2026-08-24 10:00,77540.73,77837.99,77523.56,77837.99,246401024
2026-08-24 10:15,77820.28,77923.74,77753.38,77842.54,317126656
2026-08-24 10:30,77832.10,78004.07,77696.49,77713.32,298002432
2026-08-24 10:45,77713.32,77818.86,77526.18,77608.86,223240192
2026-08-24 11:00,77614.24,77843.62,77449.97,77809.33,160411648
2026-08-24 11:15,77783.17,77870.55,77707.81,77829.87,282566656
2026-08-24 11:30,77821.49,78550.04,77814.47,78544.76,144005120
2026-08-24 11:45,78577.89,78589.00,78083.71,78434.02,1457911808
2026-08-24 12:00,78400.71,78400.71,78094.05,78141.95,398589952
2026-08-24 12:15,78125.90,78482.88,77967.63,78430.82,208027648
2026-08-24 12:30,78416.25,78863.22,78401.55,78719.13,1671880704
2026-08-24 12:45,78744.68,79279.38,78725.65,79137.04,1505165312
2026-08-24 13:00,79136.36,79345.21,78952.59,79201.64,961343488
2026-08-24 13:15,79220.68,79220.68,78876.27,78995.35,509739008
2026-08-24 13:30,79000.24,79011.39,78159.85,78262.53,1546498048
2026-08-24 13:45,78218.31,78592.36,77873.26,78562.40,1653293056
2026-08-24 14:00,78578.69,79220.68,78578.69,79173.09,580132864
2026-08-24 14:15,79199.98,79593.60,78891.13,79361.12,972607488
2026-08-24 14:30,79353.96,79798.12,79328.59,79643.85,1388441600
2026-08-24 14:45,79661.14,79738.20,79270.29,79484.32,323182592
2026-08-24 15:00,79486.10,79698.13,79369.28,79544.35,1303851008
2026-08-24 15:15,79520.56,79967.43,79520.56,79888.25,312410112
2026-08-24 15:30,79823.33,79987.03,79040.64,79258.39,1440870400
2026-08-24 15:45,79264.89,79539.21,78809.28,79079.50,1472237568
2026-08-24 16:00,79091.38,79511.28,79091.38,79485.05,1525719040
2026-08-24 16:15,79475.01,79838.55,79475.01,79658.61,466956288
2026-08-24 16:30,79672.88,79771.14,79361.23,79361.23,1710100480
2026-08-24 16:45,79367.20,79386.90,78894.75,79041.04,329400320
2026-08-24 17:00,79040.24,79182.64,78597.92,79096.92,1035055104
2026-08-24 17:15,79075.86,79167.87,78469.08,78515.40,866185216
2026-08-24 17:30,78592.36,78847.51,78477.32,78647.99,892096512
2026-08-24 17:45,78611.58,78811.59,78552.05,78744.94,330764288
2026-08-24 18:00,78763.72,79018.45,78737.70,78985.74,525377536
2026-08-24 18:15,79005.20,79073.11,78925.57,79016.00,57131008
2026-08-24 18:30,79030.74,79091.38,78722.44,78970.00,495288320
2026-08-24 18:45,78976.44,79084.05,78854.17,78926.49,248328192
2026-08-24 19:00,78935.08,79114.95,78783.46,79018.81,1654538240
2026-08-24 19:15,79013.17,79031.23,78682.39,78870.63,199667712
2026-08-24 19:30,78856.13,78961.06,78744.69,78875.96,586883072
2026-08-24 19:45,78881.75,78881.75,78588.36,78744.36,429563904
2026-08-24 20:00,78787.52,78818.89,78550.13,78685.83,303779840
2026-08-24 20:15,78673.29,78787.63,78606.68,78692.57,288325632
2026-08-24 20:30,78690.91,78984.63,78633.79,78908.76,4222976
2026-08-24 20:45,78874.54,78935.11,78811.33,78913.78,1575837696
2026-08-24 21:00,78929.26,79036.85,78929.26,79023.32,0
2026-08-24 21:15,79018.91,79034.41,78843.45,78916.04,17641472
2026-08-24 21:30,78920.80,79015.01,78903.36,78972.78,92651520
2026-08-24 21:45,78972.78,79036.28,78908.27,78970.31,131911680
2026-08-24 22:00,78970.31,78977.98,78816.10,78867.27,397189120
2026-08-24 22:15,78862.51,78924.62,78740.33,78767.16,0
2026-08-24 22:30,78767.17,78909.82,78720.89,78754.20,0
2026-08-24 22:45,78744.69,78833.42,78696.10,78734.62,3706880
2026-08-24 23:00,78734.62,78820.97,78635.21,78730.40,95002624
2026-08-24 23:15,78740.71,78973.16,78730.52,78887.49,221605888
2026-08-24 23:30,78887.00,78977.38,78855.38,78954.05,93077504
2026-08-24 23:45,78963.64,79009.21,78820.86,78987.43,30892032
2026-08-25 00:00,78969.17,79055.29,78889.05,78951.66,254058496
2026-08-25 00:15,78935.09,78935.09,78711.49,78796.05,235003904
2026-08-25 00:30,78788.68,79352.31,78731.53,79352.31,49324032
2026-08-25 00:45,79369.51,79880.29,79331.04,79743.83,485015552
2026-08-25 01:00,79741.69,79969.03,79601.49,79636.82,591327232
2026-08-25 01:15,79644.29,79948.91,79481.82,79820.43,296976384
2026-08-25 01:30,79815.76,79908.69,79663.37,79693.57,271081472
2026-08-25 01:45,79706.17,79840.55,79504.72,79821.90,43499520
2026-08-25 02:00,79821.89,79924.38,79730.01,79851.80,18042880
2026-08-25 02:15,79851.80,81044.65,79806.31,81010.45,1688883200
2026-08-25 02:30,80985.61,81245.53,80760.00,80834.33,1092284416
2026-08-25 02:45,80782.59,80820.51,80420.21,80634.40,944615424
2026-08-25 03:00,80643.92,80938.06,80573.48,80781.95,315248640
2026-08-25 03:15,80773.87,80798.59,80525.59,80634.39,551960576
2026-08-25 03:30,80601.08,80859.14,80529.83,80577.19,0
2026-08-25 03:45,80572.96,80663.62,80303.21,80468.97,299204608
2026-08-25 04:00,80458.25,80591.56,80267.23,80479.38,52453376
2026-08-25 04:15,80479.38,80485.39,80214.77,80231.65,302612480
2026-08-25 04:30,80231.28,80367.12,80126.03,80217.46,633270272
2026-08-25 04:45,80215.39,80348.79,80193.74,80348.07,174919680
2026-08-25 05:00,80382.73,80559.60,80303.21,80524.93,53395456
2026-08-25 05:15,80529.68,80709.93,80453.54,80605.68,159952896
2026-08-25 05:30,80620.12,80796.24,80567.77,80688.30,428380160
2026-08-25 05:45,80688.30,80786.72,80627.86,80702.00,74559488
2026-08-25 06:00,80688.47,80839.08,80639.17,80839.08,139550720
2026-08-25 06:15,80813.54,80874.56,80715.33,80725.10,44916736
2026-08-25 06:30,80715.33,80724.83,80477.33,80499.51,208842752
2026-08-25 06:45,80505.88,80533.77,80374.38,80533.77,103739392
2026-08-25 07:00,80533.77,80772.44,80505.89,80688.40,124788736
2026-08-25 07:15,80678.14,80712.66,80570.97,80639.17,153120768
2026-08-25 07:30,80634.41,80667.67,80439.85,80467.16,169734144
2026-08-25 07:45,80480.32,80480.32,79362.31,79674.21,737136640
2026-08-25 08:00,79704.63,79950.75,79580.59,79902.32,621400064
2026-08-25 08:15,79902.32,80226.48,79902.32,80168.02,0
2026-08-25 08:30,80173.89,80208.02,79891.38,80086.39,90025984
2026-08-25 08:45,80101.28,80101.28,79816.57,79905.81,19746816
2026-08-25 09:00,79919.31,79930.73,79691.85,79820.44,379723776
2026-08-25 09:15,79823.24,79929.92,79751.95,79798.42,103940096
2026-08-25 09:30,79829.95,79927.88,79720.49,79720.49,338284544
2026-08-25 09:45,79724.92,79758.55,78885.22,79177.83,446521344
2026-08-25 10:00,79176.86,79318.25,78982.68,79300.43,487337984
2026-08-25 10:15,79311.11,79402.37,79245.93,79273.74,422481920
2026-08-25 10:30,79266.27,79314.83,79231.82,79310.80,0
2026-08-25 10:45,79310.80,79466.34,79280.68,79293.18,0
2026-08-25 11:00,79294.88,79390.07,79073.30,79075.63,224399360
2026-08-25 11:15,79085.15,79287.78,79065.36,79245.02,21094400
2026-08-25 11:30,79281.97,79434.63,79159.40,79159.40,1105920
2026-08-25 11:45,79144.56,79182.48,79036.77,79118.99,150384640
2026-08-25 12:00,79114.11,79167.95,78671.57,79073.72,96411648
2026-08-25 12:15,79071.17,79074.34,78632.77,78872.76,289918976
2026-08-25 12:30,78859.49,78992.49,78779.52,78906.96,249618432
2026-08-25 12:45,78906.46,79081.19,78876.39,78966.96,0
2026-08-25 13:00,78971.29,79081.63,78726.61,78800.92,0
2026-08-25 13:15,78804.31,78809.50,78592.77,78621.85,0
2026-08-25 13:30,78617.79,79200.01,78600.67,78644.64,0
2026-08-25 13:45,78641.52,78653.47,78114.64,78627.36,412082176
2026-08-25 14:00,78626.86,79041.04,78541.39,78983.06,0
2026-08-25 14:15,78969.95,79294.48,78905.33,79200.01,52039680
2026-08-25 14:30,79200.00,79368.84,79056.05,79151.12,1268834304
2026-08-25 14:45,79165.96,79376.09,79159.96,79225.01,27750400
2026-08-25 15:00,79232.73,79343.87,79049.53,79112.89,33427456
2026-08-25 15:15,79110.96,79278.02,79031.13,79246.89,31166464
2026-08-25 15:30,79250.18,79481.41,79181.37,79409.98,0
2026-08-25 15:45,79411.15,79537.46,79263.46,79506.23,0
2026-08-25 16:00,79495.06,79574.99,79149.72,79164.53,0
2026-08-25 16:15,79163.21,79278.72,79065.38,79149.18,0
2026-08-25 16:30,79137.97,79350.00,79137.97,79227.11,0
2026-08-25 16:45,79230.26,79364.98,79092.34,79153.30,70565888
2026-08-25 17:00,79144.57,79150.03,78878.18,78965.68,0
2026-08-25 17:15,78971.24,79025.76,78779.76,78806.33,53833728
2026-08-25 17:30,78827.75,79179.10,78827.75,79147.02,0
2026-08-25 17:45,79141.77,79261.94,79141.77,79234.10,0
2026-08-25 18:00,79235.76,79343.20,79213.79,79318.41,0
2026-08-25 18:15,79318.50,79336.45,79233.28,79264.77,310980608
2026-08-25 18:30,79256.81,79256.81,79101.01,79161.16,0
2026-08-25 18:45,79167.92,79237.11,79045.53,79135.68,187719680
2026-08-25 19:00,79120.81,79190.00,79013.16,79157.14,56950784
2026-08-25 19:15,79157.14,79233.94,78913.05,78930.90,89948160
2026-08-25 19:30,78920.81,78945.60,78736.44,78756.64,212996096
2026-08-25 19:45,78769.91,78952.92,78744.60,78923.81,0
2026-08-25 20:00,78964.00,78981.07,78687.97,78887.00,72003584
2026-08-25 20:15,78880.63,78965.27,78759.23,78772.32,267554816
2026-08-25 20:30,78772.33,78789.37,78406.08,78463.43,150020096
2026-08-25 20:45,78484.44,78526.21,78171.10,78184.05,278544384
2026-08-25 21:00,78165.29,78292.23,77871.74,78280.48,779456512
2026-08-25 21:15,78265.45,78478.06,78200.01,78447.71,444538880
2026-08-25 21:30,78447.61,78642.22,78370.01,78577.90,122187776
2026-08-25 21:45,78569.27,78660.53,78520.85,78550.58,212643840
2026-08-25 22:00,78552.21,78935.84,78552.21,78914.89,118272000
2026-08-25 22:15,78914.89,78989.99,78590.16,78632.54,137728000
2026-08-25 22:30,78627.15,78851.51,78583.52,78777.99,235757568
2026-08-25 22:45,78764.41,78933.62,78764.41,78876.87,32444416
2026-08-25 23:00,78876.87,78963.40,78788.15,78940.00,170995712
2026-08-25 23:15,78938.64,78954.44,78618.86,78723.03,202022912
2026-08-25 23:30,78721.81,78795.27,78511.01,78585.21,15765504
2026-08-25 23:45,78566.41,78597.58,78388.97,78526.80,222019584
2026-08-26 00:00,78574.04,78613.60,78310.85,78351.92,106823680
2026-08-26 00:15,78351.92,78605.99,78328.80,78587.48,0
2026-08-26 00:30,78587.48,78649.98,78357.01,78380.85,92172288
2026-08-26 00:45,78373.41,78707.68,78365.97,78632.36,1063415808
2026-08-26 01:00,78613.72,78898.22,78613.72,78741.23,53739520
2026-08-26 01:15,78738.15,78867.92,78690.20,78709.55,69070848
2026-08-26 01:30,78708.86,78954.48,78708.86,78863.94,173350912
2026-08-26 01:45,78863.58,78863.58,78755.89,78809.63,0
2026-08-26 02:00,78835.67,78872.73,78743.35,78776.71,0
2026-08-26 02:15,78776.71,79239.09,78770.47,79227.95,0
2026-08-26 02:30,79221.69,79234.61,79114.99,79138.11,0
2026-08-26 02:45,79138.11,79168.31,79047.11,79098.25,0
2026-08-26 03:00,79092.48,79176.24,79033.75,79057.24,0
2026-08-26 03:15,79034.30,79104.96,78979.85,79033.15,0
2026-08-26 03:30,79033.15,79104.96,78891.13,79041.62,0
2026-08-26 03:45,79041.62,79096.99,78933.23,79075.52,0
2026-08-26 04:00,79066.41,79188.24,78954.31,79033.97,0
2026-08-26 04:15,79038.80,79128.72,78970.33,79004.05,69160960
2026-08-26 04:30,79025.07,79053.43,78886.63,78961.14,25952256
2026-08-26 04:45,78956.97,78956.97,78784.75,78823.85,0
2026-08-26 05:00,78823.85,78938.63,78633.10,78887.18,108691456
2026-08-26 05:15,78887.18,79056.58,78740.64,79007.50,0
2026-08-26 05:30,79012.29,79124.40,78977.31,79104.96,1049194496
2026-08-26 05:45,79097.67,79097.67,78938.94,79080.25,38137856
2026-08-26 06:00,79079.25,79194.91,78962.41,78999.27,0
2026-08-26 06:15,78986.53,79049.52,78812.36,78889.30,0
2026-08-26 06:30,78878.60,78950.45,78806.93,78929.43,5541888
2026-08-26 06:45,78929.44,78955.56,78855.23,78934.02,162406400
2026-08-26 07:00,78931.45,79085.80,78855.10,78975.62,0
2026-08-26 07:15,78983.03,79017.75,78895.16,78939.82,0
2026-08-26 07:30,78931.51,79034.32,78880.61,78986.25,154103808
2026-08-26 07:45,78986.25,79045.59,78907.88,78915.98,0
2026-08-26 08:00,78915.98,79110.77,78815.62,79029.28,0
2026-08-26 08:15,79029.28,79093.88,78901.23,78975.12,52080640
2026-08-26 08:30,78975.12,79015.56,78889.05,79006.05,77537280
2026-08-26 08:45,78994.08,79007.02,78603.63,78690.98,137646080
2026-08-26 09:00,78695.73,78875.73,78672.49,78760.95,138010624
2026-08-26 09:15,78754.54,78760.01,78379.03,78518.03,0
2026-08-26 09:30,78518.03,78578.63,78321.57,78321.57,300650496
2026-08-26 09:45,78333.17,78481.56,78239.10,78434.75,0
2026-08-26 10:00,78423.21,78460.50,78288.41,78417.21,22126592
2026-08-26 10:15,78417.20,78624.90,78410.81,78605.58,134078464
2026-08-26 10:30,78614.42,78783.53,78561.22,78709.08,57268224
2026-08-26 10:45,78707.89,78862.32,78687.74,78707.89,111677440
2026-08-26 11:00,78710.14,78770.22,78640.69,78697.58,0
2026-08-26 11:15,78702.51,78728.71,78603.36,78608.39,57958400
2026-08-26 11:30,78604.65,78611.61,78303.37,78457.86,131538944
2026-08-26 11:45,78460.29,78562.54,78364.27,78467.42,761726976
2026-08-26 12:00,78488.34,78552.22,78349.72,78379.10,17457152
2026-08-26 12:15,78376.53,78693.17,78269.69,78683.07,51345408
2026-08-26 12:30,78675.65,78675.65,78135.48,78253.97,902901760
2026-08-26 12:45,78295.61,78421.38,78199.67,78300.15,163526656
2026-08-26 13:00,78298.27,78432.13,77990.59,78114.28,0
2026-08-26 13:15,78125.39,78164.98,77907.69,78037.61,164345856
2026-08-26 13:30,78104.52,78494.14,78061.64,78494.14,163864576
2026-08-26 13:45,78488.10,78545.43,78115.10,78446.78,0
2026-08-26 14:00,78410.76,78606.56,78300.62,78459.03,173481984
2026-08-26 14:15,78457.58,78573.85,78199.98,78239.09,0
2026-08-26 14:30,78234.40,78278.53,77936.92,77971.79,0
2026-08-26 14:45,77981.65,78038.53,77768.23,77787.54,245807104
2026-08-26 15:00,77787.53,77946.58,77632.04,77846.88,1314068480
2026-08-26 15:15,77836.76,78160.22,77722.47,78151.81,0
2026-08-26 15:30,78163.39,78163.39,77931.26,78030.82,765114368
2026-08-26 15:45,78064.22,78146.06,77972.89,78013.36,138506240
2026-08-26 16:00,78005.44,78165.13,77977.23,78082.77,0
2026-08-26 16:15,78088.63,78129.00,77984.58,78059.49,20951040
2026-08-26 16:30,78056.02,78155.21,77856.29,77883.25,10358784
2026-08-26 16:45,77880.08,78167.99,77880.08,77982.23,157980672
2026-08-26 17:00,77999.78,78130.63,77997.72,78130.63,0
2026-08-26 17:15,78134.49,78519.98,78134.49,78519.98,83658752
2026-08-26 17:30,78519.97,78611.25,78490.97,78511.64,211107840
2026-08-26 17:45,78514.51,78517.22,78368.75,78441.45,0
2026-08-26 18:00,78448.05,78643.92,78397.29,78566.56,12644352
2026-08-26 18:15,78575.68,78606.39,78436.32,78466.24,55754752
2026-08-26 18:30,78464.71,78492.95,78277.04,78291.54,82186240
2026-08-26 18:45,78302.10,78504.30,78294.40,78471.38,658434048
2026-08-26 19:00,78471.39,78507.54,78376.32,78382.24,48349184
2026-08-26 19:15,78391.97,78563.48,78281.97,78530.60,57536512
2026-08-26 19:30,78547.74,78547.74,78372.78,78431.94,186195968
2026-08-26 19:45,78430.38,78536.53,78430.38,78463.01,33894400
2026-08-26 20:00,78487.61,78535.86,78392.49,78419.30,2062336
2026-08-26 20:15,78419.30,78465.43,78200.01,78398.99,56324096
2026-08-26 20:30,78399.98,78432.24,78281.60,78399.99,2191360
2026-08-26 20:45,78386.02,78449.99,78373.93,78448.55,0
2026-08-26 21:00,78448.55,78798.02,78379.06,78763.87,0
2026-08-26 21:15,78778.57,78838.79,78704.17,78773.22,0
2026-08-26 21:30,78722.67,78838.78,78650.01,78716.28,139708416
2026-08-26 21:45,78717.50,78802.78,78679.40,78720.90,18030592
2026-08-26 22:00,78718.61,78873.57,78679.05,78780.89,51406848
2026-08-26 22:15,78765.11,78987.67,78765.11,78813.39,145221632
2026-08-26 22:30,78806.52,78823.15,78591.59,78689.67,34934784
2026-08-26 22:45,78680.97,78738.78,78553.19,78704.17,69527552
2026-08-26 23:00,78692.67,78753.00,78653.74,78705.52,192172032
2026-08-26 23:15,78697.46,78882.58,78680.40,78855.99,0
2026-08-26 23:30,78856.00,79066.40,78856.00,79046.36,130172928
2026-08-26 23:45,79046.44,79156.55,79000.40,79026.18,183332864
2026-08-27 00:00,79019.72,79019.72,78822.43,78843.75,745928704
2026-08-27 00:15,78843.75,78943.70,78818.34,78909.37,0
2026-08-27 00:30,78903.95,78914.34,78782.16,78886.14,8468480
2026-08-27 00:45,78879.27,78896.48,78692.77,78695.12,249554944
2026-08-27 01:00,78678.01,78781.39,78647.67,78658.36,5486592
2026-08-27 01:15,78623.65,78958.00,78583.49,78928.17,71903232
2026-08-27 01:30,78934.14,78975.15,78707.04,78707.04,119197696
2026-08-27 01:45,78718.92,79024.11,78696.01,78893.50,163055616
2026-08-27 02:00,78897.75,78978.59,78849.07,78886.30,87353344
2026-08-27 02:15,78878.15,78878.15,78715.34,78758.98,23558144
2026-08-27 02:30,78758.98,78800.11,78712.38,78740.34,47087616
2026-08-27 02:45,78749.30,78788.65,78703.86,78725.00,0
2026-08-27 03:00,78726.48,78781.39,78656.58,78669.02,255457280
2026-08-27 03:15,78675.47,78980.08,78630.00,78882.26,45086720
2026-08-27 03:30,78882.25,78903.42,78813.57,78857.19,25534464
2026-08-27 03:45,78857.20,78912.89,78756.97,78820.82,162080768
2026-08-27 04:00,78820.83,78885.65,78785.47,78844.05,36163584
2026-08-27 04:15,78844.06,78887.96,78771.54,78771.54,12580864
2026-08-27 04:30,78751.82,78804.75,78670.00,78798.70,0
2026-08-27 04:45,78798.71,78805.73,78689.31,78765.27,68005888
2026-08-27 05:00,78770.28,78770.28,78627.91,78627.91,0
2026-08-27 05:15,78627.92,78786.24,78611.46,78649.99,88410112
2026-08-27 05:30,78649.99,78787.42,78590.00,78701.00,2727936
2026-08-27 05:45,78701.00,78919.40,78692.66,78876.53,213528576
2026-08-27 06:00,78895.34,78895.34,78644.07,78669.93,0
2026-08-27 06:15,78669.93,78787.36,78609.83,78647.46,28637184
2026-08-27 06:30,78653.21,78783.53,78653.21,78741.88,175749120
2026-08-27 06:45,78741.88,78832.82,78737.47,78820.00,27545600
2026-08-27 07:00,78801.12,78854.96,78743.87,78830.70,0
2026-08-27 07:15,78830.71,78830.71,78735.36,78787.43,647168
2026-08-27 07:30,78784.24,78868.95,78776.69,78840.56,5251072
2026-08-27 07:45,78830.70,79093.89,78830.70,79067.34,0
2026-08-27 08:00,79082.53,79858.13,79034.92,79622.29,672929792
2026-08-27 08:15,79623.65,79742.18,79432.68,79736.87,647469056
2026-08-27 08:30,79750.00,79982.62,79724.77,79911.65,363284480
2026-08-27 08:45,79960.81,80022.43,79685.01,79755.26,146601984
2026-08-27 09:00,79755.26,79875.37,79671.15,79875.37,231876608
2026-08-27 09:15,79868.59,80496.72,79791.14,80492.71,131768320
2026-08-27 09:30,80496.73,80500.00,80200.44,80248.68,530040832
2026-08-27 09:45,80240.67,80277.86,79927.43,79988.75,313516032
2026-08-27 10:00,79988.74,80163.08,79806.84,79934.48,55846912
2026-08-27 10:15,79936.09,80022.07,79346.61,79667.17,132653056
2026-08-27 10:30,79650.05,79675.00,79360.79,79602.37,579252224
2026-08-27 10:45,79602.37,79627.49,79494.05,79619.49,106377216
2026-08-27 11:00,79617.99,79757.53,79560.35,79757.53,66672640
2026-08-27 11:15,79752.33,79776.91,79501.18,79529.88,156602368
2026-08-27 11:30,79520.01,79560.34,79372.15,79429.11,169525248
2026-08-27 11:45,79423.03,79498.92,79217.77,79476.34,333320192
2026-08-27 12:00,79475.50,79552.79,79364.00,79490.96,109148160
2026-08-27 12:15,79490.96,79577.75,79390.79,79548.06,136841216
2026-08-27 12:30,79531.00,79534.46,79256.18,79259.46,40816640
2026-08-27 12:45,79276.50,79349.68,79252.94,79276.07,0
2026-08-27 13:00,79272.50,79373.32,79251.62,79354.95,0
2026-08-27 13:15,79387.43,79488.12,79311.27,79346.84,19265536
2026-08-27 13:30,79335.99,79345.79,79092.58,79239.25,117727232
2026-08-27 13:45,79255.86,79553.99,78921.50,79533.00,243705856
2026-08-27 14:00,79533.12,79799.43,79353.21,79435.82,252172288
2026-08-27 14:15,79470.04,79920.75,79420.60,79920.75,320483328
2026-08-27 14:30,79922.83,80406.11,79816.19,80371.01,170264576
2026-08-27 14:45,80345.02,80359.06,80050.78,80221.30,326639616
2026-08-27 15:00,80221.44,80799.00,80116.52,80692.92,128421888
2026-08-27 15:15,80707.29,80745.31,80438.69,80625.19,726992896
2026-08-27 15:30,80623.46,80625.90,80385.48,80508.57,366774272
2026-08-27 15:45,80514.00,80514.00,80305.54,80316.96,328280064
2026-08-27 16:00,80332.36,80548.67,80205.63,80451.54,263540736
2026-08-27 16:15,80430.02,80567.04,80423.62,80434.49,266946560
2026-08-27 16:30,80437.53,80631.67,80285.38,80610.73,94244864
2026-08-27 16:45,80599.63,80621.39,80365.78,80389.32,159205376
2026-08-27 17:00,80384.79,80665.62,80239.51,80635.30,159975424
2026-08-27 17:15,80651.60,80816.00,80603.47,80737.30,393242624
2026-08-27 17:30,80737.55,80808.07,80482.33,80485.50,264812544
2026-08-27 17:45,80506.92,80573.64,80445.13,80445.13,200634368
2026-08-27 18:00,80441.21,80454.03,80020.79,80089.47,192333824
2026-08-27 18:15,80129.39,80205.00,79759.51,79913.86,327895040
2026-08-27 18:30,79931.66,80028.46,79838.15,79979.30,275718144
2026-08-27 18:45,79957.36,80174.53,79923.58,80174.53,257765376
2026-08-27 19:00,80175.90,80302.90,80118.23,80176.19,77406208
2026-08-27 19:15,80170.72,80250.00,80052.00,80193.72,34205696
2026-08-27 19:30,80207.14,80244.09,79988.98,80020.48,104054784
2026-08-27 19:45,80020.49,80058.81,79931.68,79932.53,557367296
2026-08-27 20:00,79934.53,80061.56,79881.19,79954.54,265785344
2026-08-27 20:15,79948.03,80122.94,79947.36,79994.05,177659904
2026-08-27 20:30,79994.04,80060.76,79980.85,80018.56,4030464
2026-08-27 20:45,80023.18,80111.55,79965.40,80111.05,78352384
2026-08-27 21:00,80108.82,80167.08,80028.20,80107.51,0
2026-08-27 21:15,80107.52,80148.02,80001.76,80047.90,124907520
2026-08-27 21:30,80047.90,80140.22,79987.18,80046.04,0
2026-08-27 21:45,80046.04,80204.13,80023.13,80202.16,33218560
2026-08-27 22:00,80210.39,80325.14,80210.39,80261.06,2850816
2026-08-27 22:15,80261.05,80447.98,80217.51,80255.45,0
2026-08-27 22:30,80250.57,80315.19,80165.40,80297.97,21024768
2026-08-27 22:45,80285.38,80322.05,80240.00,80322.04,131911680
2026-08-27 23:00,80308.12,80321.94,80171.60,80191.91,27672576
2026-08-27 23:15,80172.51,80416.64,80162.64,80345.02,150444032
2026-08-27 23:30,80345.03,80350.94,80266.75,80286.37,34191360
2026-08-27 23:45,80271.92,80338.64,80205.86,80275.34,0
2026-08-28 00:00,80287.39,80294.74,80172.12,80249.09,106772480
2026-08-28 00:15,80241.31,80487.01,80241.31,80452.58,183279616
2026-08-28 00:30,80425.76,80527.53,80397.01,80439.54,129220608
2026-08-28 00:45,80438.35,80720.73,80367.40,80595.14,23623680
2026-08-28 01:00,80623.35,80832.08,80623.35,80771.20,133271552
2026-08-28 01:15,80752.56,81179.99,80700.01,81145.93,227241984
2026-08-28 01:30,81138.00,81435.09,80833.02,80861.90,900370432
2026-08-28 01:45,80859.88,80904.22,80454.36,80519.12,284770304
2026-08-28 02:00,80511.25,80511.65,80242.98,80252.88,355430400
2026-08-28 02:15,80229.08,80305.25,79932.78,79932.78,1200140288
2026-08-28 02:30,79932.78,80164.79,79870.91,79994.96,611237888
2026-08-28 02:45,80035.17,80035.17,79785.81,79937.49,439525376
2026-08-28 03:00,79937.48,79983.38,79789.35,79887.78,1097728
2026-08-28 03:15,79900.19,80064.07,79897.72,79919.79,191303680
2026-08-28 03:30,79919.79,80000.00,79821.62,79821.62,575520768
2026-08-28 03:45,79821.63,79876.42,79788.39,79824.70,219205632
2026-08-28 04:00,79818.20,79866.89,79619.86,79865.11,65409024
2026-08-28 04:15,79860.42,79976.01,79814.57,79816.69,534020096
2026-08-28 04:30,79823.96,79852.47,79640.38,79718.98,125251584
2026-08-28 04:45,79718.99,79750.00,79628.03,79649.22,72069120
2026-08-28 05:00,79649.23,79729.41,79567.23,79649.21,95002624
2026-08-28 05:15,79661.79,79737.26,79573.48,79737.25,168333312
2026-08-28 05:30,79737.25,79877.76,79713.40,79826.81,27779072
2026-08-28 05:45,79817.60,79887.77,79650.00,79693.73,28147712
2026-08-28 06:00,79698.92,79923.49,79698.92,79917.59,94953472
2026-08-28 06:15,79917.59,79917.59,79814.40,79838.08,92315648
2026-08-28 06:30,79838.08,79886.80,79805.00,79867.83,0
2026-08-28 06:45,79867.82,80000.00,79867.82,79909.08,44720128
2026-08-28 07:00,79909.08,79909.08,79666.00,79691.92,132571136
2026-08-28 07:15,79695.51,79827.40,79684.17,79808.42,129748992
2026-08-28 07:30,79818.20,79818.21,79595.00,79598.44,297598976
2026-08-28 07:45,79595.00,79684.34,79595.00,79684.34,581365760
2026-08-28 08:00,79690.49,79848.01,79689.44,79744.34,30187520
2026-08-28 08:15,79744.34,79849.00,79744.34,79788.38,0
2026-08-28 08:30,79788.38,79821.93,79718.80,79718.80,0
2026-08-28 08:45,79728.76,79734.73,79489.38,79520.06,0
2026-08-28 09:00,79520.05,79521.31,79275.12,79392.95,82071552
2026-08-28 09:15,79399.97,79473.17,79380.84,79393.59,2211840
2026-08-28 09:30,79393.59,79424.58,79296.03,79296.65,0
2026-08-28 09:45,79284.36,79357.59,79281.55,79292.99,0
2026-08-28 10:00,79302.08,79317.00,79025.69,79220.07,79609856
2026-08-28 10:15,79220.07,79309.05,79150.05,79305.60,30310400
2026-08-28 10:30,79306.59,79370.29,79293.83,79327.47,37167104
2026-08-28 10:45,79325.51,79576.90,79319.97,79568.62,116006912
2026-08-28 11:00,79574.42,79708.19,79559.32,79701.23,154558464
2026-08-28 11:15,79699.65,79768.50,79646.74,79673.04,0
2026-08-28 11:30,79673.05,79743.53,79582.05,79621.69,114987008
2026-08-28 11:45,79627.44,79645.49,79560.77,79604.43,62230528
2026-08-28 12:00,79606.03,79684.45,79520.00,79535.98,0
2026-08-28 12:15,79541.52,79723.36,79525.23,79529.95,129093632
2026-08-28 12:30,79523.50,79528.97,79300.56,79418.17,96788480
2026-08-28 12:45,79418.18,79446.31,79355.66,79417.59,138129408
2026-08-28 13:00,79400.72,79480.00,79293.02,79377.74,0
2026-08-28 13:15,79377.74,79377.74,79156.66,79205.99,17608704
2026-08-28 13:30,79198.92,79360.96,79035.93,79094.25,113651712
2026-08-28 13:45,79091.86,79549.89,79076.40,79490.16,0
2026-08-28 14:00,79326.30,79628.55,78461.80,78625.56,2117877760
2026-08-28 14:15,78589.65,79035.00,78509.00,78953.43,896225280
2026-08-28 14:30,78953.56,79698.78,78861.03,79436.16,369311744
2026-08-28 14:45,79471.02,79620.89,79119.41,79546.46,263880704
2026-08-28 15:00,79578.10,79809.75,79311.80,79320.42,970821632
2026-08-28 15:15,79332.92,79532.80,79278.21,79352.98,58634240
2026-08-28 15:30,79352.97,79363.51,78783.92,78795.85,23945216
2026-08-28 15:45,78827.67,78920.18,78324.23,78324.23,103522304
2026-08-28 16:00,78373.36,78397.00,77812.73,77812.73,892674048
2026-08-28 16:15,77813.34,77845.99,76880.01,77515.98,506322944
2026-08-28 16:30,77533.46,77941.44,77533.46,77795.27,1421275136
2026-08-28 16:45,77811.99,77994.28,77766.00,77788.49,1255886848
2026-08-28 17:00,77791.20,77993.98,77656.73,77985.60,460685312
2026-08-28 17:15,78000.62,78079.52,77828.50,77934.10,802873344
2026-08-28 17:30,77934.64,77992.03,77686.45,77787.92,92782592
2026-08-28 17:45,77787.95,77980.97,77787.95,77900.98,104681472
2026-08-28 18:00,77901.24,77933.99,77726.76,77729.01,178311168
2026-08-28 18:15,77730.53,77789.31,77485.66,77564.06,68104192
2026-08-28 18:30,77580.22,77606.79,77321.47,77393.50,287227904
2026-08-28 18:45,77414.00,77543.55,77265.71,77543.55,259420160
2026-08-28 19:00,77566.46,77728.14,77501.71,77663.68,64327680
2026-08-28 19:15,77646.33,77783.80,77616.86,77683.05,167194624
2026-08-28 19:30,77686.65,77686.65,77504.62,77504.62,110952448
2026-08-28 19:45,77516.23,77568.00,77364.90,77533.64,7155712
2026-08-28 20:00,77558.06,77599.93,77457.98,77548.68,157618176
2026-08-28 20:15,77548.67,77548.67,77393.93,77493.31,29650944
2026-08-28 20:30,77478.02,77478.02,77294.30,77404.17,126783488
2026-08-28 20:45,77385.93,77455.35,77329.38,77399.99,111988736
2026-08-28 21:00,77412.32,77424.66,77324.88,77400.26,0
2026-08-28 21:15,77397.21,77423.84,77313.70,77393.13,22642688
2026-08-28 21:30,77405.76,77529.65,77403.95,77472.47,296714240
2026-08-28 21:45,77472.46,77473.99,77287.28,77365.48,40960000
2026-08-28 22:00,77349.92,77464.07,77342.19,77452.48,18628608
2026-08-28 22:15,77452.48,77591.08,77400.01,77577.73,101916672
2026-08-28 22:30,77569.49,77741.87,77566.75,77735.10,155934720
2026-08-28 22:45,77736.88,77761.14,77678.29,77749.34,98963456
2026-08-28 23:00,77741.75,77773.79,77669.50,77769.50,0
2026-08-28 23:15,77760.44,77763.13,77656.21,77681.94,264863744
2026-08-28 23:30,77681.94,77713.28,77661.86,77686.25,93569024
2026-08-28 23:45,77681.75,77839.52,77632.07,77838.67,39817216
2026-08-29 00:00,77839.19,77870.94,77781.21,77812.48,120557568
2026-08-29 00:15,77812.48,77950.31,77808.69,77901.67,120414208
2026-08-29 00:30,77897.70,77897.70,77767.65,77784.75,88735744
2026-08-29 00:45,77784.74,77819.40,77715.74,77734.48,0
2026-08-29 01:00,77717.87,77724.99,77631.02,77632.78,0
2026-08-29 01:15,77639.26,77795.98,77639.26,77795.98,0
2026-08-29 01:30,77788.46,77832.06,77761.49,77827.48,0
2026-08-29 01:45,77815.28,77854.15,77750.83,77792.04,0
2026-08-29 02:00,77792.04,77825.98,77735.20,77738.46,0
2026-08-29 02:15,77738.47,77748.90,77578.06,77633.30,0
2026-08-29 02:30,77633.29,77679.78,77588.29,77611.49,0
2026-08-29 02:45,77641.18,77710.63,77625.40,77668.09,0
2026-08-29 03:00,77668.09,77735.86,77668.09,77676.14,0
2026-08-29 03:15,77675.56,77717.85,77628.35,77686.80,8421376
2026-08-29 03:30,77691.97,77705.13,77574.86,77610.07,0
2026-08-29 03:45,77610.06,77610.06,77501.04,77501.05,986013696
2026-08-29 04:00,77505.70,77592.30,77504.00,77580.49,89866240
2026-08-29 04:15,77580.48,77619.67,77575.81,77608.54,0
2026-08-29 04:30,77608.54,77640.04,77578.92,77613.80,113709056
2026-08-29 04:45,77613.81,77674.93,77600.84,77640.42,4974592
2026-08-29 05:00,77640.43,77709.99,77625.11,77695.52,0
2026-08-29 05:15,77695.51,77702.82,77633.86,77661.43,0
2026-08-29 05:30,77658.66,77711.99,77629.07,77687.61,0
2026-08-29 05:45,77687.61,77699.18,77603.38,77635.43,3966976
2026-08-29 06:00,77641.26,77641.26,77471.56,77480.68,0
2026-08-29 06:15,77472.99,77514.87,77369.44,77404.83,33642496
2026-08-29 06:30,77404.83,77486.91,77404.83,77442.00,133591040
2026-08-29 06:45,77442.00,77474.60,77426.98,77459.98,871438336
2026-08-29 07:00,77459.99,77534.71,77433.38,77460.23,0
2026-08-29 07:15,77455.36,77532.32,77445.44,77520.47,8787968
2026-08-29 07:30,77518.97,77655.14,77495.16,77655.14,143032320
2026-08-29 07:45,77655.14,77672.40,77619.00,77619.00,0
2026-08-29 08:00,77619.25,77619.25,77475.21,77516.89,16943104
2026-08-29 08:15,77518.05,77594.13,77502.08,77594.12,0
2026-08-29 08:30,77580.28,77585.57,77506.04,77584.36,9361408
2026-08-29 08:45,77577.82,77641.78,77542.47,77641.78,0
2026-08-29 09:00,77643.83,77676.77,77550.19,77642.50,69505024
2026-08-29 09:15,77642.50,77671.58,77607.77,77632.92,0
2026-08-29 09:30,77632.92,77752.50,77625.93,77677.08,0
2026-08-29 09:45,77651.20,77676.73,77641.75,77642.41,174716928
2026-08-29 10:00,77642.41,77642.41,77518.47,77585.40,0
2026-08-29 10:15,77585.40,77720.03,77585.40,77665.13,182714368
2026-08-29 10:30,77665.14,77723.18,77662.62,77686.40,0
2026-08-29 10:45,77684.46,77727.58,77628.46,77628.46,0
2026-08-29 11:00,77628.47,77719.69,77614.08,77719.69,45524992
2026-08-29 11:15,77727.12,77727.13,77668.62,77693.45,49428480
2026-08-29 11:30,77688.87,77699.99,77626.92,77628.38,0
2026-08-29 11:45,77629.19,77659.49,77544.42,77575.41,8437760
2026-08-29 12:00,77581.75,77612.64,77557.83,77589.82,89573376
2026-08-29 12:15,77595.01,77658.48,77530.52,77583.80,0
2026-08-29 12:30,77583.80,77593.79,77501.32,77575.30,46843904
2026-08-29 12:45,77575.30,77599.98,77544.41,77584.62,0
2026-08-29 13:00,77584.62,77660.00,77559.68,77648.97,0
2026-08-29 13:15,77635.68,77720.03,77633.17,77643.50,0
2026-08-29 13:30,77643.50,77713.02,77629.80,77660.62,50753536
2026-08-29 13:45,77660.62,77717.76,77651.77,77692.76,0
2026-08-29 14:00,77688.59,77721.61,77651.10,77688.95,0
2026-08-29 14:15,77695.93,77750.00,77666.21,77693.10,0
2026-08-29 14:30,77693.09,78019.30,77683.58,77925.42,0
2026-08-29 14:45,77917.80,78142.63,77917.80,78001.56,0
2026-08-29 15:00,78013.61,78013.61,77845.13,77938.44,0
2026-08-29 15:15,77938.44,77987.67,77854.44,77901.56,0
2026-08-29 15:30,77891.58,77894.42,77797.46,77831.13,19191808
2026-08-29 15:45,77825.36,77936.61,77805.33,77855.58,0
2026-08-29 16:00,77862.08,77982.81,77845.97,77975.47,0
2026-08-29 16:15,77996.70,78108.55,77900.74,77948.50,0
2026-08-29 16:30,77950.11,78028.06,77886.67,78011.19,0
2026-08-29 16:45,78018.32,78094.55,77989.55,78018.26,0
2026-08-29 17:00,78019.47,78084.99,78007.09,78053.00,0
2026-08-29 17:15,78053.56,78106.25,77980.19,77981.37,0
2026-08-29 17:30,77981.65,78033.76,77890.35,78012.81,0
2026-08-29 17:45,78012.80,78098.41,77986.74,78096.41,0
2026-08-29 18:00,78091.34,78145.15,78060.79,78060.80,0
2026-08-29 18:15,78060.80,78096.74,78020.81,78050.56,0
2026-08-29 18:30,78048.57,78210.22,78007.88,78143.10,0
2026-08-29 18:45,78143.09,78255.00,78137.66,78153.00,0
2026-08-29 19:00,78153.00,78306.61,78152.99,78306.61,0
2026-08-29 19:15,78307.83,78334.44,78240.54,78249.58,19266560
2026-08-29 19:30,78249.58,78271.54,78185.01,78257.58,98304
2026-08-29 19:45,78257.58,78268.80,78138.58,78193.60,0
2026-08-29 20:00,78193.60,78298.56,78168.97,78234.75,9628672
2026-08-29 20:15,78242.19,78265.00,78176.81,78176.82,0
2026-08-29 20:30,78171.94,78171.94,78115.36,78134.45,14211072
2026-08-29 20:45,78134.46,78157.49,78113.44,78119.67,40197120
2026-08-29 21:00,78119.48,78191.09,78041.60,78149.77,0
2026-08-29 21:15,78143.70,78178.40,78094.93,78100.99,44275712
2026-08-29 21:30,78101.04,78123.00,78065.57,78094.10,1870848
2026-08-29 21:45,78095.01,78199.48,78089.09,78164.22,0
2026-08-29 22:00,78163.67,78219.19,78110.08,78134.22,0
2026-08-29 22:15,78134.23,78157.49,78079.90,78144.84,6984704
2026-08-29 22:30,78140.71,78181.08,78136.84,78176.54,39267328
2026-08-29 22:45,78174.97,78236.59,78174.96,78221.86,0
2026-08-29 23:00,78221.18,78253.18,78192.80,78240.00,7416832
2026-08-29 23:15,78240.00,78262.08,78187.30,78259.97,0
2026-08-29 23:30,78259.96,78268.54,78219.20,78219.21,71652352
2026-08-29 23:45,78222.12,78277.20,78222.11,78233.93,37224448
2026-08-30 00:00,78232.61,78233.21,78146.14,78176.11,31730688
2026-08-30 00:15,78176.11,78323.07,78176.11,78213.93,80552960
2026-08-30 00:30,78212.72,78299.60,78183.33,78207.83,0
2026-08-30 00:45,78189.44,78253.42,78175.92,78175.92,5474304
2026-08-30 01:00,78175.92,78179.52,78040.21,78062.51,20362240
2026-08-30 01:15,78062.51,78065.78,77987.71,78008.34,71006208
2026-08-30 01:30,78008.34,78066.64,77980.88,78050.39,86645760
2026-08-30 01:45,78050.48,78125.90,78033.00,78076.91,71096320
2026-08-30 02:00,78076.90,78129.49,78058.85,78087.38,16908288
2026-08-30 02:15,78087.37,78087.38,78007.13,78030.97,2010112
2026-08-30 02:30,78030.98,78119.01,78002.73,78096.99,7621632
2026-08-30 02:45,78096.00,78176.78,78073.27,78097.65,398336
2026-08-30 03:00,78097.66,78127.63,78057.96,78076.72,66586624
2026-08-30 03:15,78076.72,78160.42,78055.01,78160.42,0
2026-08-30 03:30,78169.59,78230.00,78133.60,78188.60,66233344
2026-08-30 03:45,78188.60,78188.60,78135.06,78135.10,49335296
2026-08-30 04:00,78135.06,78223.93,78135.05,78158.29,10517504
2026-08-30 04:15,78158.29,78177.91,78086.31,78115.16,22298624
2026-08-30 04:30,78108.64,78114.99,78011.19,78011.19,28795904
2026-08-30 04:45,78005.63,78116.15,77991.05,78116.15,62596096
2026-08-30 05:00,78117.38,78220.02,78110.65,78149.97,81381376
2026-08-30 05:15,78149.97,78149.97,78125.69,78146.53,37752832
2026-08-30 05:30,78146.54,78146.54,78110.08,78122.68,14172160
2026-08-30 05:45,78128.15,78142.80,78115.01,78138.59,2921472
2026-08-30 06:00,78138.59,78143.57,78109.49,78110.17,0
2026-08-30 06:15,78121.99,78199.28,78121.99,78180.00,0
2026-08-30 06:30,78180.01,78294.99,78178.20,78243.43,0
2026-08-30 06:45,78240.45,78297.81,78229.14,78275.09,106872832
2026-08-30 07:00,78280.85,78291.53,78244.11,78252.10,0
2026-08-30 07:15,78252.10,78252.11,78220.61,78220.62,0
2026-08-30 07:30,78220.61,78220.62,78139.19,78139.20,0
2026-08-30 07:45,78142.98,78159.39,78100.17,78103.02,0
2026-08-30 08:00,78105.16,78194.91,78105.16,78141.71,0
2026-08-30 08:15,78141.71,78199.35,78133.87,78142.42,12766208
2026-08-30 08:30,78142.42,78142.42,78021.12,78058.08,2948096
2026-08-30 08:45,78052.77,78081.54,78021.90,78065.20,24088576
2026-08-30 09:00,78055.06,78099.17,78055.06,78094.92,0
2026-08-30 09:15,78094.91,78117.64,77984.39,77984.39,34289664
2026-08-30 09:30,78004.77,78050.56,77985.87,78030.34,72924160
2026-08-30 09:45,78030.34,78057.17,77985.88,77992.14,1937408
2026-08-30 10:00,77979.41,78070.39,77959.12,78005.55,0
2026-08-30 10:15,78005.56,78113.39,77985.74,78039.76,49965056
2026-08-30 10:30,78048.21,78113.78,78035.47,78106.57,24471552
2026-08-30 10:45,78106.57,78145.08,78106.57,78144.94,10517504
2026-08-30 11:00,78144.95,78191.10,78140.86,78163.38,0
2026-08-30 11:15,78163.38,78213.40,78140.86,78213.39,16483328
2026-08-30 11:30,78213.39,78233.88,78139.73,78172.02,40135680
2026-08-30 11:45,78172.02,78180.72,78109.51,78163.41,74656768
2026-08-30 12:00,78171.82,78720.66,78170.61,78659.72,161353728
2026-08-30 12:15,78612.29,78625.33,78489.26,78625.33,300325888
2026-08-30 12:30,78628.63,78838.28,78545.70,78648.41,260302848
2026-08-30 12:45,78659.99,78763.45,78580.58,78746.82,141471744
2026-08-30 13:00,78764.80,78807.23,78623.79,78631.40,226641920
2026-08-30 13:15,78625.48,78728.92,78584.10,78721.89,76704768
2026-08-30 13:30,78721.89,78819.06,78671.83,78791.69,81785856
2026-08-30 13:45,78791.68,78963.72,78791.68,78849.77,293899264
2026-08-30 14:00,78852.40,78946.28,78771.16,78916.54,216563712
2026-08-30 14:15,78916.53,78931.08,78789.87,78852.46,86381568
2026-08-30 14:30,78859.24,78927.92,78701.21,78748.58,50145280
2026-08-30 14:45,78729.01,78817.02,78706.96,78778.40,0
2026-08-30 15:00,78778.39,78860.66,78638.33,78660.53,17580032
2026-08-30 15:15,78653.30,78833.35,78619.39,78779.33,504136704
2026-08-30 15:30,78779.32,78859.61,78774.39,78859.61,122762240
2026-08-30 15:45,78852.08,78894.15,78777.58,78821.69,79181824
2026-08-30 16:00,78827.12,79168.58,78731.03,79115.20,0
2026-08-30 16:15,79139.75,79218.00,79000.00,79030.75,428059648
2026-08-30 16:30,79034.41,79242.83,79007.88,79188.52,173897728
2026-08-30 16:45,79179.95,79387.86,79127.33,79331.68,12804096
2026-08-30 17:00,79331.66,79331.66,79125.00,79174.61,177964032
2026-08-30 17:15,79174.60,79174.61,78778.58,78923.50,251384832
2026-08-30 17:30,78925.14,79049.56,78869.65,79038.78,225627136
2026-08-30 17:45,79056.73,79078.15,78953.94,79011.74,140469248
2026-08-30 18:00,79019.99,79059.40,78787.58,78836.41,73726976
2026-08-30 18:15,78836.41,78999.87,78836.41,78999.87,146708480
2026-08-30 18:30,79007.01,79169.84,79007.01,79090.08,94817280
2026-08-30 18:45,79088.49,79088.49,79005.31,79028.05,86544384
2026-08-30 19:00,79028.05,79038.98,78927.38,79021.94,6462464
2026-08-30 19:15,79021.94,79031.30,78896.06,78903.56,42093568
2026-08-30 19:30,78899.00,78941.25,78764.57,78780.07,32167936
2026-08-30 19:45,78780.06,78864.91,78704.50,78856.11,57431040
2026-08-30 20:00,78864.91,78910.42,78819.49,78850.35,31703040
2026-08-30 20:15,78850.34,78922.59,78826.12,78830.51,35202048
2026-08-30 20:30,78826.80,78879.97,78433.37,78463.87,30257152
2026-08-30 20:45,78471.66,78735.00,78471.66,78582.30,256528384
2026-08-30 21:00,78582.31,78582.31,78260.29,78493.81,403824640
2026-08-30 21:15,78493.81,78655.79,78456.78,78628.28,80774144
2026-08-30 21:30,78625.77,78723.49,78592.36,78633.59,185163776
2026-08-30 21:45,78626.64,78689.87,78530.90,78646.77,72967168
2026-08-30 22:00,78601.87,78795.90,78536.22,78555.99,119201792
2026-08-30 22:15,78554.47,78554.47,78292.66,78371.84,168760320
2026-08-30 22:30,78371.84,78534.80,78284.69,78449.40,102844416
2026-08-30 22:45,78435.61,78498.00,78370.81,78425.96,152150016
2026-08-30 23:00,78415.88,78437.87,78300.58,78357.36,220646400
2026-08-30 23:15,78354.48,78396.48,77668.96,77682.57,672410624
2026-08-30 23:30,77676.17,77876.29,77339.90,77466.66,660924416
2026-08-30 23:45,77473.83,77712.83,77049.70,77683.50,1112176640
2026-08-31 00:00,77657.45,77807.09,77428.27,77738.46,502265856
2026-08-31 00:15,77745.94,77962.47,77712.92,77896.56,366739456
2026-08-31 00:30,77885.01,78150.85,77875.26,78017.57,225849344
2026-08-31 00:45,78017.56,78026.15,77905.01,77921.52,85463040
2026-08-31 01:00,77897.71,77985.71,77540.16,77657.08,134184960
2026-08-31 01:15,77637.31,77839.54,77555.41,77751.11,176404480
2026-08-31 01:30,77763.80,77932.22,77633.99,77730.12,289869824
2026-08-31 01:45,77736.55,77839.02,77604.12,77632.20,151115776
2026-08-31 02:00,77621.08,77988.17,77508.52,77934.56,145592320
2026-08-31 02:15,77927.05,77943.59,77799.91,77862.90,389625856
2026-08-31 02:30,77864.81,77907.53,77688.68,77688.68,37634048
2026-08-31 02:45,77700.71,77751.92,77369.59,77453.58,90513408
2026-08-31 03:00,77477.16,77668.78,77373.13,77626.81,217419776
2026-08-31 03:15,77618.02,77736.46,77565.19,77709.45,138375168
2026-08-31 03:30,77692.73,77820.09,77653.21,77804.14,5873664
2026-08-31 03:45,77804.14,77849.98,77733.46,77744.83,110876672
2026-08-31 04:00,77751.00,77763.71,77555.41,77581.63,0
2026-08-31 04:15,77581.64,77594.49,77471.58,77500.01,1058177024
2026-08-31 04:30,77500.00,77570.61,77448.36,77564.14,191281152
2026-08-31 04:45,77559.90,77646.77,77457.61,77603.90,100628480
2026-08-31 05:00,77603.90,77772.18,77500.00,77744.76,545435648
2026-08-31 05:15,77748.69,78142.77,77748.69,77983.00,254312448
2026-08-31 05:30,77995.09,78052.41,77854.30,77960.83,485928960
2026-08-31 05:45,77973.65,78033.75,77940.28,78012.15,102162432
2026-08-31 06:00,77995.51,78069.86,77855.50,78015.05,113199104
2026-08-31 06:15,78021.00,78112.38,77969.48,78008.00,212699136
2026-08-31 06:30,78007.99,78128.28,77912.81,78066.89,311339008
2026-08-31 06:45,78063.96,78112.85,78001.03,78083.52,162222080
2026-08-31 07:00,78067.14,78159.00,78021.38,78116.78,488431616
2026-08-31 07:15,78116.79,78299.96,78116.78,78202.57,188608512
2026-08-31 07:30,78191.11,78282.00,78116.79,78256.33,313612288
2026-08-31 07:45,78264.88,78273.26,78151.23,78178.98,88924160
2026-08-31 08:00,78189.79,78324.78,78030.00,78146.92,281763840
2026-08-31 08:15,78135.27,78151.49,77966.16,78083.51,250152960
2026-08-31 08:30,78081.95,78413.59,78063.96,78320.80,187916288
2026-08-31 08:45,78314.33,78499.98,78299.18,78459.80,446003200
2026-08-31 09:00,78454.38,78765.85,78379.51,78638.45,364193792
2026-08-31 09:15,78638.69,78779.67,78580.12,78639.98,284121088
2026-08-31 09:30,78637.39,78698.39,78584.08,78692.26,224589824
2026-08-31 09:45,78703.15,78790.35,78493.31,78493.31,36999168
2026-08-31 10:00,78509.34,78510.24,78282.10,78497.93,84449280
2026-08-31 10:15,78463.40,78482.18,78367.11,78410.74,161738752
2026-08-31 10:30,78410.84,78516.89,78349.32,78501.55,274548736
2026-08-31 10:45,78485.55,78675.62,78475.00,78675.62,243290112
2026-08-31 11:00,78675.62,78675.62,78532.33,78593.67,284102656
2026-08-31 11:15,78593.67,78609.63,78440.44,78454.99,275138560
2026-08-31 11:30,78454.99,78456.39,78331.45,78360.32,179122176
2026-08-31 11:45,78366.58,78393.92,78266.65,78286.97,99860480
2026-08-31 12:00,78281.20,78506.71,78246.05,78377.65,46311424
2026-08-31 12:15,78383.06,78429.97,78025.17,78064.22,225191936
2026-08-31 12:30,78050.00,78122.06,77691.92,77856.23,332476416
2026-08-31 12:45,77868.02,77913.42,77747.65,77913.42,197896192
2026-08-31 13:00,77913.37,78172.32,77913.37,78063.68,1163784192
2026-08-31 13:15,78062.19,78062.20,77863.50,78021.53,50546688
2026-08-31 13:30,78045.00,78262.49,77816.21,77975.36,579643392
2026-08-31 13:45,77972.44,78015.10,77720.22,77837.40,429985792
2026-08-31 14:00,77844.23,78050.87,77782.66,77870.72,132741120
2026-08-31 14:15,77851.40,78015.16,77724.43,77983.45,179953664
2026-08-31 14:30,78004.96,78660.84,77943.31,78492.71,565008384
2026-08-31 14:45,78501.66,78631.89,78350.00,78548.52,491407360
2026-08-31 15:00,78605.00,78660.46,78299.03,78299.03,549718016
2026-08-31 15:15,78294.63,78523.74,78190.15,78441.23,365887488
2026-08-31 15:30,78433.50,78749.99,78383.80,78699.99,167671808
2026-08-31 15:45,78693.07,78728.12,78535.46,78559.08,360439808
2026-08-31 16:00,78566.54,78780.38,78512.94,78652.17,41781248
2026-08-31 16:15,78650.00,78733.09,78506.59,78635.59,772134912
2026-08-31 16:30,78615.22,78742.72,78559.12,78703.31,77705216
2026-08-31 16:45,78705.11,78843.59,78616.54,78616.60,67782656
2026-08-31 17:00,78602.13,78794.68,78594.44,78724.14,842821632
2026-08-31 17:15,78736.11,78736.11,78479.50,78521.22,132853760
2026-08-31 17:30,78528.30,78982.57,78526.98,78903.11,81485824
2026-08-31 17:45,78906.62,78952.49,78829.33,78888.59,949387264
2026-08-31 18:00,78890.15,78953.48,78768.56,78950.24,140376064
2026-08-31 18:15,78958.12,79081.41,78833.01,78892.55,45682688
2026-08-31 18:30,78890.00,79196.69,78873.65,79187.18,83412992
2026-08-31 18:45,79168.19,79168.19,78972.02,79003.95,386570240
2026-08-31 19:00,79017.39,79253.90,79017.39,79177.71,34140160
2026-08-31 19:15,79166.65,79166.65,79018.54,79095.42,269637632
2026-08-31 19:30,79093.95,79144.05,78935.99,78976.05,186765312
2026-08-31 19:45,78957.01,79094.77,78844.66,78878.86,193015808
2026-08-31 20:00,78904.09,78963.18,78854.02,78948.50,924381184
2026-08-31 20:15,78959.99,79149.04,78900.24,78900.24,176349184
2026-08-31 20:30,78914.24,78941.36,78772.51,78860.36,1886208
2026-08-31 20:45,78866.88,78903.39,78811.07,78842.69,126785536
2026-08-31 21:00,78853.29,78874.89,78720.02,78824.74,732090368
2026-08-31 21:15,78844.66,78949.15,78794.62,78940.00,10385408
2026-08-31 21:30,78956.01,79050.00,78943.27,79043.01,74295296
2026-08-31 21:45,79040.11,79049.34,78931.97,78944.77,108767232
2026-08-31 22:00,78945.76,79000.00,78872.16,78872.16,53776384
2026-08-31 22:15,78870.03,78870.03,78733.15,78746.99,24840192
2026-08-31 22:30,78747.00,78755.01,78638.01,78651.02,98039808
2026-08-31 22:45,78644.26,78644.26,78555.01,78568.33,48947200
2026-08-31 23:00,78568.33,78568.33,78380.05,78430.78,881860608
2026-08-31 23:15,78435.00,78560.79,78432.95,78559.63,10534912
2026-08-31 23:30,78559.64,78568.18,78480.60,78541.99,0
2026-08-31 23:45,78541.99,78566.63,78522.33,78562.73,0
2026-09-01 00:00,78556.86,78770.44,78537.72,78732.22,0
2026-09-01 00:15,78732.05,78880.49,78717.18,78844.51,98711552
2026-09-01 00:30,78844.52,78869.74,78652.18,78680.08,6144
2026-09-01 00:45,78680.84,78787.13,78561.03,78628.03,135098368
2026-09-01 01:00,78640.74,78780.30,78507.69,78526.55,624553984
2026-09-01 01:15,78536.65,78623.70,78390.00,78393.02,101541888
2026-09-01 01:30,78403.74,78558.02,78353.49,78549.91,163629056
2026-09-01 01:45,78549.93,78551.44,78353.94,78377.17,83689472
2026-09-01 02:00,78351.00,78355.00,78161.48,78263.68,67024896
2026-09-01 02:15,78277.68,78298.51,78178.05,78191.34,2144256
2026-09-01 02:30,78205.07,78375.00,78199.12,78339.85,286799872
2026-09-01 02:45,78339.85,78428.61,78315.76,78422.46,119189504
2026-09-01 03:00,78422.47,78466.83,78370.52,78397.55,47060992
2026-09-01 03:15,78403.56,78485.66,78376.51,78457.59,47734784
2026-09-01 03:30,78457.59,78849.99,78445.90,78773.85,106577920
2026-09-01 03:45,78760.04,78773.85,78638.13,78653.93,927547392
2026-09-01 04:00,78653.93,78763.35,78619.56,78643.59,0
2026-09-01 04:15,78643.60,78870.06,78643.49,78801.62,122372096
2026-09-01 04:30,78801.63,78828.71,78688.79,78690.53,0
2026-09-01 04:45,78690.54,78765.51,78656.63,78704.48,380000256
2026-09-01 05:00,78716.30,78949.99,78716.30,78837.56,126654464
2026-09-01 05:15,78842.24,78979.37,78768.56,78979.37,101795840
2026-09-01 05:30,78979.38,79153.50,78945.00,79147.88,0
2026-09-01 05:45,79138.71,79195.32,79065.71,79136.06,189429760
2026-09-01 06:00,79115.79,79115.79,78952.71,79007.15,48513024
2026-09-01 06:15,78993.80,78993.80,78789.36,78863.12,121786368
2026-09-01 06:30,78863.12,78921.21,78834.02,78852.11,2015232
2026-09-01 06:45,78852.11,78855.77,78708.72,78708.72,132640768
2026-09-01 07:00,78702.01,78781.52,78692.38,78698.06,9359360
2026-09-01 07:15,78712.52,78772.03,78681.83,78757.09,15243264
2026-09-01 07:30,78765.89,78774.41,78480.61,78599.61,15581184
2026-09-01 07:45,78599.61,78661.45,78565.31,78609.92,140537856
2026-09-01 08:00,78615.94,78635.00,78246.00,78282.37,179509248
2026-09-01 08:15,78295.57,78317.94,77859.73,77864.21,156700672
2026-09-01 08:30,77868.12,78019.59,77825.66,77952.18,1046587392
2026-09-01 08:45,77936.52,78002.33,77802.93,77858.36,209997824
2026-09-01 09:00,77875.00,77897.37,77757.31,77800.00,0
2026-09-01 09:15,77793.13,77952.60,77790.01,77908.45,158912512
2026-09-01 09:30,77912.20,78031.50,77832.01,78031.50,284272640
2026-09-01 09:45,78031.51,78037.40,77883.45,77893.24,304443392
2026-09-01 10:00,77885.35,77980.00,77792.97,77862.78,0
2026-09-01 10:15,77864.35,78027.56,77740.56,77989.66,130504704
2026-09-01 10:30,77989.66,78174.77,77989.66,78117.75,180543488
2026-09-01 10:45,78111.00,78142.00,77957.48,77989.08,18868224
2026-09-01 11:00,77984.63,78019.52,77881.18,77949.42,0
2026-09-01 11:15,77961.46,77986.56,77850.01,77967.62,7833600
2026-09-01 11:30,77970.64,78168.52,77915.03,78069.86,0
2026-09-01 11:45,78097.68,78167.62,78020.95,78061.71,1004128256
2026-09-01 12:00,78061.72,78121.11,77917.26,78000.13,41175040
2026-09-01 12:15,78021.24,78068.93,77886.23,77957.47,56500224
2026-09-01 12:30,77957.47,77957.47,77716.84,77933.40,179636224
2026-09-01 12:45,77933.39,78048.98,77900.21,77968.98,0
2026-09-01 13:00,77959.27,77986.59,77589.40,77769.79,355921920
2026-09-01 13:15,77774.27,77864.46,77700.91,77850.48,229623808
2026-09-01 13:30,77859.56,77986.56,77471.99,77895.66,206925824
2026-09-01 13:45,77891.21,78176.01,77820.26,78041.09,744636416
2026-09-01 14:00,78112.11,78372.06,78025.88,78244.51,141742080
2026-09-01 14:15,78249.70,78385.50,78114.81,78233.79,121384960
2026-09-01 14:30,78228.32,78378.78,78202.05,78364.01,74272768
2026-09-01 14:45,78370.82,78397.02,78108.76,78139.75,124356608
2026-09-01 15:00,78129.84,78129.84,77691.45,77787.00,0
2026-09-01 15:15,77771.29,77840.98,77725.64,77827.79,24774656
2026-09-01 15:30,77834.23,77950.67,77765.02,77945.67,98783232
2026-09-01 15:45,77963.38,78067.66,77875.01,77881.43,52951040
2026-09-01 16:00,77893.72,77947.46,77629.57,77634.57,35745792
2026-09-01 16:15,77622.37,77710.31,77433.03,77592.93,104077312
2026-09-01 16:30,77585.56,77592.15,77288.99,77406.61,408287232
2026-09-01 16:45,77424.72,77627.79,77394.05,77565.44,11046912
2026-09-01 17:00,77566.84,77629.92,77471.62,77491.48,39815168
2026-09-01 17:15,77471.96,77599.43,77380.50,77496.59,78747648
2026-09-01 17:30,77493.15,77692.60,77478.62,77491.33,66359296
2026-09-01 17:45,77489.53,77494.40,77224.91,77238.20,108394496
2026-09-01 18:00,77259.76,77294.65,77094.21,77188.89,121591808
2026-09-01 18:15,77197.13,77218.71,76736.93,77035.00,184313856
2026-09-01 18:30,77000.52,77080.71,76550.00,76550.00,866426880
2026-09-01 18:45,76550.00,77126.93,76381.09,77126.93,351516672
2026-09-01 19:00,77111.28,77264.13,77081.11,77174.28,182489088
2026-09-01 19:15,77152.39,77413.52,77106.47,77322.90,82173952
2026-09-01 19:30,77319.79,77350.28,77254.02,77279.91,120918016
2026-09-01 19:45,77284.49,77291.52,77155.20,77267.89,109033472
2026-09-01 20:00,77277.16,77390.06,77199.38,77390.06,145602560
2026-09-01 20:15,77403.35,77429.20,77289.00,77364.81,0
2026-09-01 20:30,77388.10,77440.85,77302.00,77350.93,134072320
2026-09-01 20:45,77354.33,77431.66,77306.38,77403.81,28801024
2026-09-01 21:00,77418.17,77479.14,77038.38,77065.35,11159552
2026-09-01 21:15,77070.91,77222.76,76875.12,77153.24,106448896
2026-09-01 21:30,77152.67,77167.65,76984.97,77109.25,199438336
2026-09-01 21:45,77098.03,77238.35,77086.81,77165.93,10182656
2026-09-01 22:00,77166.58,77268.59,77138.45,77256.40,85104640
2026-09-01 22:15,77256.40,77256.40,77023.40,77023.40,13735936
2026-09-01 22:30,77023.41,77140.00,76985.17,77115.98,136611840
2026-09-01 22:45,77126.97,77328.80,77126.97,77224.98,97499136
2026-09-01 23:00,77231.77,77277.16,77164.96,77211.25,0
2026-09-01 23:15,77217.98,77349.23,77210.02,77349.23,170121216
2026-09-01 23:30,77349.23,77546.74,77325.98,77497.87,144328704
2026-09-01 23:45,77504.79,77558.20,77377.38,77398.70,159037440
2026-09-02 00:00,77423.47,77473.69,77316.13,77351.59,112484352
2026-09-02 00:15,77351.59,77431.49,77223.28,77223.28,755935232
2026-09-02 00:30,77218.20,77302.86,77088.45,77197.38,10586112
2026-09-02 00:45,77207.56,77239.21,77136.60,77171.56,128841728
2026-09-02 01:00,77152.45,77317.46,77107.12,77301.48,0
2026-09-02 01:15,77278.20,77303.00,77095.49,77095.49,112044032
2026-09-02 01:30,77095.49,77118.30,76806.02,76832.72,162770944
2026-09-02 01:45,76853.31,76988.46,76663.54,76965.73,254279680
2026-09-02 02:00,76962.37,77158.95,76897.31,77027.42,133302272
2026-09-02 02:15,77027.41,77292.20,77026.28,77266.15,46665728
2026-09-02 02:30,77254.03,77254.03,77112.76,77164.05,1049804800
2026-09-02 02:45,77155.65,77277.16,77138.16,77277.16,46071808
2026-09-02 03:00,77277.16,77545.75,77255.55,77456.36,169854976
2026-09-02 03:15,77464.49,77749.99,77440.24,77612.27,255379456
2026-09-02 03:30,77598.58,77608.32,77457.19,77502.33,101138432
2026-09-02 03:45,77492.40,77596.66,77458.10,77512.45,28491776
2026-09-02 04:00,77501.88,77501.88,77308.06,77320.01,24997888
2026-09-02 04:15,77320.01,77404.05,77239.71,77389.71,166449152
2026-09-02 04:30,77395.32,77556.46,77388.15,77550.72,100300800
2026-09-02 04:45,77558.67,77577.10,77491.77,77516.75,74366976
2026-09-02 05:00,77516.75,77563.64,77392.87,77563.64,19216384
2026-09-02 05:15,77563.64,77722.72,77563.63,77694.86,142063616
2026-09-02 05:30,77706.79,77708.30,77621.41,77654.04,20371456
2026-09-02 05:45,77659.95,77710.63,77546.91,77605.40,0
2026-09-02 06:00,77626.72,77678.06,77531.72,77541.63,22712320
2026-09-02 06:15,77568.12,77623.89,77505.01,77505.01,0
2026-09-02 06:30,77505.01,77639.78,77415.29,77582.71,101351424
2026-09-02 06:45,77577.54,77591.39,77459.37,77573.69,208766976
2026-09-02 07:00,77573.69,77732.92,77559.62,77637.54,80281600
2026-09-02 07:15,77614.18,77662.35,77548.77,77559.63,67246080
2026-09-02 07:30,77561.19,77597.36,77515.96,77519.27,81141760
2026-09-02 07:45,77512.89,77559.61,77435.11,77436.24,50739200
2026-09-02 08:00,77459.61,77510.91,77341.08,77381.26,62216192
2026-09-02 08:15,77394.03,77445.07,77210.40,77212.34,97789952
2026-09-02 08:30,77214.48,77214.48,76899.50,76927.48,0
2026-09-02 08:45,76911.90,76993.01,76701.58,76802.01,0
2026-09-02 09:00,76807.43,77013.04,76807.43,76908.79,74782720
2026-09-02 09:15,76907.51,76930.58,76623.44,76849.81,23654400
2026-09-02 09:30,76858.09,76858.09,76475.91,76521.50,148570112
2026-09-02 09:45,76546.85,76718.92,76449.09,76711.07,199655424
2026-09-02 10:00,76708.00,76716.70,76527.75,76595.89,357572608
2026-09-02 10:15,76595.89,76658.40,76527.49,76529.24,100466688
2026-09-02 10:30,76533.04,76574.50,76431.11,76565.22,55099392
2026-09-02 10:45,76549.53,76655.05,76244.74,76638.81,476473344
2026-09-02 11:00,76627.99,76679.16,76469.77,76679.16,328949760
2026-09-02 11:15,76671.03,76698.41,76310.12,76455.59,132939776
2026-09-02 11:30,76455.60,76692.07,76443.87,76595.34,120483840
2026-09-02 11:45,76594.24,76800.23,76547.51,76778.49,28737536
2026-09-02 12:00,76760.04,76796.08,76643.52,76790.29,152084480
2026-09-02 12:15,76727.84,77011.19,76727.84,76950.27,260339712
2026-09-02 12:30,76938.91,76948.89,76751.70,76780.08,28129280
2026-09-02 12:45,76787.50,76787.50,76567.93,76567.94,105349120
2026-09-02 13:00,76565.41,76840.92,76565.41,76695.33,0
2026-09-02 13:15,76699.33,76916.78,76655.83,76836.32,77129728
2026-09-02 13:30,76763.28,77362.84,76572.08,77314.65,0
2026-09-02 13:45,77341.48,77375.00,76959.95,77112.64,289503232
2026-09-02 14:00,77085.00,77305.00,76965.15,77298.91,105932800
2026-09-02 14:15,77294.45,77449.06,77190.35,77297.24,145072128
2026-09-02 14:30,77290.40,77347.92,77067.00,77278.40,201111552
2026-09-02 14:45,77287.41,77287.41,77020.48,77025.33,70711296
2026-09-02 15:00,77016.75,77133.22,76700.52,76771.81,98996224
2026-09-02 15:15,76773.17,77104.55,76771.86,76998.18,280381440
2026-09-02 15:30,77010.00,77349.52,76952.47,77332.02,222261248
2026-09-02 15:45,77329.55,77329.55,77084.28,77253.04,200775680
2026-09-02 16:00,77244.52,77357.22,77171.22,77311.91,77608960
2026-09-02 16:15,77320.28,77538.58,77285.00,77421.17,343412736
2026-09-02 16:30,77426.82,77534.98,77250.23,77253.48,155774976
2026-09-02 16:45,77229.00,77299.99,77139.94,77139.94,457828352
2026-09-02 17:00,77144.11,77214.04,77024.09,77086.77,106786816
2026-09-02 17:15,77089.61,77133.22,76922.05,77054.63,284817408
2026-09-02 17:30,77070.18,77276.51,77043.73,77276.51,411858944
2026-09-02 17:45,77284.96,77368.93,77284.96,77351.46,369698816
2026-09-02 18:00,77351.46,77411.76,77289.08,77380.04,0
2026-09-02 18:15,77389.09,77486.33,77356.25,77417.49,57184256
2026-09-02 18:30,77423.52,77426.24,77264.42,77282.01,0
2026-09-02 18:45,77292.42,77388.64,77267.27,77348.28,131889152
2026-09-02 19:00,77339.77,77376.49,77295.65,77359.00,0
2026-09-02 19:15,77359.01,77394.00,77138.83,77138.83,194017280
2026-09-02 19:30,77112.22,77223.53,77090.01,77206.74,468578304
2026-09-02 19:45,77203.59,77324.64,77115.35,77324.64,92082176
2026-09-02 20:00,77332.99,77502.10,77273.92,77335.37,40830976
2026-09-02 20:15,77316.52,77436.51,77177.72,77351.30,69140480
2026-09-02 20:30,77340.83,77455.54,77289.12,77350.23,543336448
2026-09-02 20:45,77327.65,77453.14,77279.58,77378.11,430520320
2026-09-02 21:00,77378.11,77378.11,77286.88,77299.34,75882496
2026-09-02 21:15,77299.35,77310.00,77219.98,77260.04,258836480
2026-09-02 21:30,77253.85,77401.83,77216.15,77401.15,226242560
2026-09-02 21:45,77404.26,77404.26,77246.52,77264.91,150239232
2026-09-02 22:00,77256.67,77256.67,77050.01,77126.82,283441152
2026-09-02 22:15,77138.82,77148.96,76991.92,76993.70,424894464
2026-09-02 22:30,76989.64,77134.96,76989.64,77094.43,9865216
2026-09-02 22:45,77090.66,77090.66,76994.43,77003.60,309336064
2026-09-02 23:00,77006.59,77194.77,76980.00,77193.24,50855936
2026-09-02 23:15,77193.24,77193.97,77104.57,77164.00,371464192
2026-09-02 23:30,77155.69,77227.29,77081.30,77118.45,98009088
2026-09-02 23:45,77127.00,77347.36,77127.00,77316.10,0
2026-09-03 00:00,77302.84,77363.31,77134.98,77134.98,46690304
2026-09-03 00:15,77134.99,77134.99,77003.17,77010.08,459161600
2026-09-03 00:30,77006.24,77104.21,76955.75,77070.49,152455168
2026-09-03 00:45,77084.57,77114.69,77005.83,77027.84,40843264
2026-09-03 01:00,77035.10,77404.80,76937.86,77390.00,402393088
2026-09-03 01:15,77378.34,77407.55,77257.03,77400.69,106086400
2026-09-03 01:30,77431.84,77512.49,77289.50,77307.37,591937536
2026-09-03 01:45,77310.89,77435.25,77256.68,77323.52,0
2026-09-03 02:00,77319.72,77458.47,77200.82,77458.47,744960000
2026-09-03 02:15,77458.46,77586.85,77399.94,77569.75,17543168
2026-09-03 02:30,77565.76,77877.19,77531.99,77756.06,343584768
2026-09-03 02:45,77743.39,77850.88,77711.48,77786.98,242505728
2026-09-03 03:00,77760.31,77834.67,77670.85,77800.00,482654208
2026-09-03 03:15,77794.09,77853.00,77682.99,77712.97,66138112
2026-09-03 03:30,77712.97,77742.55,77613.77,77631.77,23670784
2026-09-03 03:45,77642.77,77714.98,77606.44,77673.96,101943296
2026-09-03 04:00,77673.96,77804.21,77603.06,77614.08,23752704
2026-09-03 04:15,77614.07,77624.07,77516.73,77548.55,70623232
2026-09-03 04:30,77548.55,77594.72,77510.04,77524.88,70543360
2026-09-03 04:45,77546.44,77766.43,77546.44,77740.71,15161344
2026-09-03 05:00,77754.99,77793.00,77572.85,77603.13,171155456
2026-09-03 05:15,77609.31,77621.45,77056.84,77160.00,0
2026-09-03 05:30,77155.27,77483.52,77140.77,77453.00,834254848
2026-09-03 05:45,77453.00,77798.32,77385.60,77781.09,148285440
2026-09-03 06:00,77781.09,77786.48,77658.85,77678.76,203919360
2026-09-03 06:15,77692.53,77753.50,77671.72,77723.04,32366592
2026-09-03 06:30,77709.98,77793.67,77683.56,77793.67,0
2026-09-03 06:45,77793.67,77818.05,77742.23,77797.99,107745280
2026-09-03 07:00,77797.25,78147.20,77776.02,78028.71,133672960
2026-09-03 07:15,78028.45,78028.71,77849.74,77915.77,235931648
2026-09-03 07:30,77905.63,78037.43,77824.39,77870.47,119154688
2026-09-03 07:45,77865.06,77911.25,77560.87,77621.71,654440448
2026-09-03 08:00,77639.37,78037.42,77639.37,77894.54,149041152
2026-09-03 08:15,77893.40,77943.01,77791.52,77938.40,21477376
2026-09-03 08:30,77951.24,77963.54,77825.02,77837.59,164417536
2026-09-03 08:45,77837.59,77876.64,77725.21,77803.13,0
2026-09-03 09:00,77803.82,77924.36,77766.76,77830.05,0
2026-09-03 09:15,77830.06,77883.76,77712.01,77712.01,108206080
2026-09-03 09:30,77712.02,77749.14,77630.06,77697.45,0
2026-09-03 09:45,77697.45,77741.99,77571.00,77571.00,0
2026-09-03 10:00,77571.00,77645.39,77500.00,77529.67,0
2026-09-03 10:15,77529.68,77676.57,77499.01,77602.86,3219456
2026-09-03 10:30,77595.62,77617.80,77436.28,77476.51,582639616
2026-09-03 10:45,77470.01,77745.58,77470.01,77708.58,0
2026-09-03 11:00,77715.10,77792.98,77675.20,77789.24,0
2026-09-03 11:15,77789.24,77929.73,77789.24,77894.71,0
2026-09-03 11:30,77900.51,77946.36,77811.53,77890.00,35778560
2026-09-03 11:45,77910.25,77971.60,77842.09,77910.27,32153600
2026-09-03 12:00,77901.85,78059.22,77852.89,78059.22,0
2026-09-03 12:15,78039.94,78098.72,77905.31,77933.27,113754112
2026-09-03 12:30,78011.94,78405.30,77994.80,78284.24,336824320
2026-09-03 12:45,78267.81,78764.98,78232.51,78621.29,250718208
2026-09-03 13:00,78614.91,78680.13,78488.21,78525.67,416182272
2026-09-03 13:15,78527.91,78578.99,78421.97,78466.93,144343040
2026-09-03 13:30,78479.76,78903.01,78432.75,78892.45,54255616
2026-09-03 13:45,78876.29,78982.03,78717.50,78823.92,125442048
2026-09-03 14:00,78785.44,78972.09,78678.97,78972.03,11345920
2026-09-03 14:15,78977.64,79652.13,78977.64,79652.13,316741632
2026-09-03 14:30,79617.34,79865.46,79584.74,79748.48,1116917760
2026-09-03 14:45,79760.72,80556.15,79760.72,80556.15,861427712
2026-09-03 15:00,80519.44,80939.02,80368.41,80555.05,1591762944
2026-09-03 15:15,80578.15,80783.92,80483.32,80740.43,1203804160
2026-09-03 15:30,80749.37,80992.72,80700.76,80861.49,321007616
2026-09-03 15:45,80890.66,81391.48,80730.12,81358.21,541124608
2026-09-03 16:00,81366.61,81387.13,80816.32,80966.25,561733632
2026-09-03 16:15,80957.41,80957.41,80631.74,80763.68,923174912
2026-09-03 16:30,80771.81,80953.42,80760.01,80811.29,319772672
2026-09-03 16:45,80793.12,81042.01,80788.84,80973.95,106027008
2026-09-03 17:00,80969.79,81110.51,80880.81,81084.12,332349440
2026-09-03 17:15,81113.09,81146.61,80930.00,81025.59,319373312
2026-09-03 17:30,81005.47,81179.00,80997.02,81080.87,194609152
2026-09-03 17:45,81056.77,81197.99,81012.12,81052.49,203540480
2026-09-03 18:00,81048.19,81340.05,81036.36,81282.13,233547776
2026-09-03 18:15,81260.00,81288.02,80943.02,80948.03,800315392
2026-09-03 18:30,80948.71,81057.29,80904.02,80996.12,252817408
2026-09-03 18:45,80994.13,81278.47,80961.60,81268.42,182587392
2026-09-03 19:00,81253.39,81500.10,81174.71,81211.58,352731136
2026-09-03 19:15,81199.28,81605.43,81180.01,81549.28,466944000
2026-09-03 19:30,81550.39,81613.16,81386.67,81554.28,123756544
2026-09-03 19:45,81554.27,81803.08,81459.26,81759.42,276410368
2026-09-03 20:00,81771.99,81794.77,81419.76,81425.00,800325632
2026-09-03 20:15,81448.75,81605.99,81400.02,81547.28,105963520
2026-09-03 20:30,81554.76,81648.36,81425.00,81475.75,283365376
2026-09-03 20:45,81475.74,81590.50,81425.00,81482.85,147525632
2026-09-03 21:00,81468.79,81639.77,81314.36,81604.58,157597696
2026-09-03 21:15,81615.14,81779.46,81521.02,81739.24,270295040
2026-09-03 21:30,81789.04,82272.00,81527.92,81530.83,737124352
2026-09-03 21:45,81542.08,81759.01,81444.59,81600.19,1360830464
2026-09-03 22:00,81603.21,81627.21,81285.00,81397.47,86507520
2026-09-03 22:15,81408.31,81423.24,81138.90,81141.53,182788096
2026-09-03 22:30,81121.08,81257.79,80921.20,81211.76,706883584
2026-09-03 22:45,81213.78,81294.00,81072.70,81155.56,226029568
2026-09-03 23:00,81153.40,81221.25,81079.95,81186.89,53850112
2026-09-03 23:15,81168.23,81291.58,81165.80,81289.13,243806208
2026-09-03 23:30,81302.99,81341.31,81135.03,81237.39,135294976
2026-09-03 23:45,81236.63,81340.10,81184.80,81272.46,215887872
2026-09-04 00:00,81261.45,81262.99,81078.95,81252.92,67018752
2026-09-04 00:15,81272.63,81352.08,81147.98,81160.38,161189888
2026-09-04 00:30,81153.51,81438.00,81135.94,81239.47,267714560
2026-09-04 00:45,81222.24,81249.73,80965.01,80977.31,284598272
2026-09-04 01:00,80979.11,81094.99,80919.63,80948.13,376455168
2026-09-04 01:15,80953.65,81034.74,80788.57,80829.16,32333824
2026-09-04 01:30,80822.27,80931.34,80780.01,80797.55,174571520
2026-09-04 01:45,80797.92,81039.21,80785.50,80975.30,9973760
2026-09-04 02:00,80968.40,80974.00,80784.56,80809.85,928866304
2026-09-04 02:15,80809.85,80869.67,80689.01,80719.19,192503808
2026-09-04 02:30,80738.99,80849.56,80682.92,80741.43,0
2026-09-04 02:45,80739.92,80836.01,80667.94,80827.49,995917824
2026-09-04 03:00,80836.01,80999.44,80836.01,80931.32,111874048
2026-09-04 03:15,80931.31,80945.43,80832.13,80833.51,257957888
2026-09-04 03:30,80849.50,80885.85,80800.01,80874.42,191983616
2026-09-04 03:45,80876.23,80967.84,80850.51,80850.51,84615168
2026-09-04 04:00,80840.00,80966.53,80814.00,80965.62,42409984
2026-09-04 04:15,80965.61,81281.99,80946.01,81260.01,98004992
2026-09-04 04:30,81257.22,81271.13,81019.13,81033.47,397094912
2026-09-04 04:45,81025.28,81142.41,81021.48,81071.89,251875328
2026-09-04 05:00,81071.88,81079.65,80970.05,80979.76,89186304
2026-09-04 05:15,80981.86,81138.50,80947.76,81022.20,36143104
2026-09-04 05:30,81012.10,81018.01,80902.04,80969.98,22888448
2026-09-04 05:45,80981.79,81061.87,80856.94,80983.20,58306560
2026-09-04 06:00,80983.20,81082.80,80906.98,81000.61,148844544
2026-09-04 06:15,81005.01,81024.55,80672.30,80708.73,30715904
2026-09-04 06:30,80707.11,80839.00,80576.05,80831.19,205176832
2026-09-04 06:45,80831.24,80847.59,80682.70,80792.00,67416064
2026-09-04 07:00,80768.80,80954.75,80768.80,80914.97,0
2026-09-04 07:15,80913.04,80955.06,80831.59,80847.04,157478912
2026-09-04 07:30,80873.17,80897.66,80738.00,80768.14,180531200
2026-09-04 07:45,80768.14,80780.96,80635.34,80650.84,310763520
2026-09-04 08:00,80664.74,80767.68,80523.61,80767.68,95936512
2026-09-04 08:15,80764.86,80987.36,80761.00,80982.84,274288640
2026-09-04 08:30,80956.98,81134.17,80956.98,81039.20,385028096
2026-09-04 08:45,81032.78,81223.55,80989.63,81140.01,277368832
2026-09-04 09:00,81142.99,81211.48,81071.27,81075.08,152248320
2026-09-04 09:15,81075.08,81288.85,80926.02,81026.74,229883904
2026-09-04 09:30,81017.68,81209.77,80981.32,81155.11,467910656
2026-09-04 09:45,81158.94,81205.58,81015.01,81045.21,50491392
2026-09-04 10:00,81039.91,81116.98,80886.04,80959.06,499085312
2026-09-04 10:15,80959.24,80961.51,80816.50,80951.38,1170067456
2026-09-04 10:30,80940.96,81108.79,80901.63,81078.88,455577600
2026-09-04 10:45,81061.60,81190.81,81026.68,81179.09,131670016
2026-09-04 11:00,81191.98,81216.49,81074.06,81185.00,58191872
2026-09-04 11:15,81185.01,81405.38,81123.80,81326.84,36753408
2026-09-04 11:30,81291.01,81321.75,81191.61,81248.59,93749248
2026-09-04 11:45,81241.74,81335.26,81207.01,81219.59,139689984
2026-09-04 12:00,81221.19,81263.98,81130.85,81223.57,156798976
2026-09-04 12:15,81239.21,81356.06,81129.00,81356.06,36061184
2026-09-04 12:30,80844.86,80844.86,79413.91,79716.90,2054508544
2026-09-04 12:45,79650.02,79651.91,79195.24,79434.61,2375651328
2026-09-04 13:00,79452.39,79560.00,79194.10,79231.23,256196608
2026-09-04 13:15,79227.03,79491.48,79200.66,79309.17,1834729472
2026-09-04 13:30,79296.73,79521.76,78979.52,79390.26,52510720
2026-09-04 13:45,79344.44,79691.07,79212.80,79363.00,1599557632
2026-09-04 14:00,79361.40,79547.07,79252.18,79407.00,319954944
2026-09-04 14:15,79405.10,79499.99,79065.06,79361.68,0
2026-09-04 14:30,79351.20,79460.06,78898.52,79004.49,61341696
2026-09-04 14:45,79016.15,79130.00,78627.58,78894.65,86491136
2026-09-04 15:00,78889.60,79198.99,78783.60,79188.50,752508928
2026-09-04 15:15,79200.00,79425.15,79167.48,79400.58,804225024
2026-09-04 15:30,79411.80,79547.57,79365.01,79524.91,0
2026-09-04 15:45,79514.32,79556.29,79389.82,79422.95,24375296
2026-09-04 16:00,79421.36,79525.93,79377.76,79448.10,0
2026-09-04 16:15,79448.98,79560.84,79435.89,79554.30,0
2026-09-04 16:30,79554.31,79867.44,79535.68,79858.55,257974272
2026-09-04 16:45,79854.06,79869.82,79730.75,79747.97,17231872
2026-09-04 17:00,79759.57,79763.39,79618.60,79619.90,1002844160
2026-09-04 17:15,79604.61,79650.42,79512.43,79512.46,62341120
2026-09-04 17:30,79529.26,79591.49,79439.40,79481.25,111407104
2026-09-04 17:45,79482.64,79520.99,79393.46,79469.85,155607040
2026-09-04 18:00,79476.12,79600.00,79476.12,79528.31,0
2026-09-04 18:15,79528.29,79631.65,79528.29,79540.07,91688960
2026-09-04 18:30,79558.24,79655.56,79546.52,79640.73,0
2026-09-04 18:45,79640.73,79668.27,79590.50,79617.92,10809344
2026-09-04 19:00,79630.03,79744.20,79627.02,79715.11,24862720
2026-09-04 19:15,79715.11,79832.18,79701.08,79812.02,0
2026-09-04 19:30,79810.33,79810.33,79636.26,79699.91,67895296
2026-09-04 19:45,79699.55,79825.39,79647.02,79812.52,48148480
2026-09-04 20:00,79775.78,79884.78,79775.78,79831.13,0
2026-09-04 20:15,79831.12,79860.21,79758.47,79779.35,54104064
2026-09-04 20:30,79780.53,79797.51,79709.42,79732.43,0
2026-09-04 20:45,79732.56,79795.39,79690.12,79723.48,19951616
2026-09-04 21:00,79718.66,79820.67,79716.80,79794.13,0
2026-09-04 21:15,79794.14,79833.98,79759.84,79798.51,74452992
2026-09-04 21:30,79799.13,79846.94,79773.76,79791.67,0
2026-09-04 21:45,79797.01,79825.84,79544.49,79654.12,240017408
2026-09-04 22:00,79654.13,79719.73,79654.13,79719.73,79183872
2026-09-04 22:15,79719.73,79733.05,79667.67,79726.99,0
2026-09-04 22:30,79726.99,79734.24,79680.02,79680.02,14409728
2026-09-04 22:45,79680.02,79697.23,79639.65,79654.10,0
2026-09-04 23:00,79654.10,79671.17,79614.59,79630.83,0
2026-09-04 23:15,79630.84,79772.03,79623.89,79749.99,0
2026-09-04 23:30,79749.99,79750.00,79681.70,79682.24,0
2026-09-04 23:45,79682.25,79686.98,79632.00,79675.12,0
2026-09-05 00:00,79675.12,79732.88,79628.89,79682.99,0
2026-09-05 00:15,79682.99,79682.99,79614.58,79672.81,15683584
2026-09-05 00:30,79676.59,79722.37,79642.00,79645.84,0
2026-09-05 00:45,79646.23,79670.15,79574.47,79584.01,0
2026-09-05 01:00,79601.50,79703.96,79565.64,79644.90,0
2026-09-05 01:15,79639.40,79720.47,79619.57,79705.47,0
2026-09-05 01:30,79707.46,79731.57,79624.12,79650.75,101908480
2026-09-05 01:45,79660.00,79673.71,79551.01,79551.01,135790592
2026-09-05 02:00,79551.01,79600.92,79500.00,79581.09,25612288
2026-09-05 02:15,79582.69,79614.47,79528.79,79536.10,31244288
2026-09-05 02:30,79539.23,79635.26,79539.23,79633.39,0
2026-09-05 02:45,79630.45,79633.90,79555.00,79584.50,94658560
2026-09-05 03:00,79584.91,79586.37,79527.26,79565.81,0
2026-09-05 03:15,79572.86,79632.70,79572.86,79597.39,0
2026-09-05 03:30,79605.73,79640.98,79603.91,79635.73,0
2026-09-05 03:45,79635.73,79642.34,79590.37,79596.27,0
2026-09-05 04:00,79606.48,79606.48,79522.25,79554.46,0
2026-09-05 04:15,79554.46,79590.00,79553.84,79568.68,0
2026-09-05 04:30,79566.10,79571.84,79545.01,79551.46,0
2026-09-05 04:45,79551.46,79571.00,79511.00,79511.01,11675648
2026-09-05 05:00,79514.98,79582.96,79463.75,79574.43,50380800
2026-09-05 05:15,79574.43,79598.81,79530.11,79598.81,44728320
2026-09-05 05:30,79598.82,79609.87,79526.46,79526.47,70283264
2026-09-05 05:45,79526.46,79617.45,79510.98,79590.32,0
2026-09-05 06:00,79591.50,79658.98,79591.49,79640.16,80537600
2026-09-05 06:15,79640.15,79663.65,79630.00,79655.98,77631488
2026-09-05 06:30,79655.98,79728.73,79646.80,79678.76,0
2026-09-05 06:45,79678.76,79704.91,79660.00,79660.00,0
2026-09-05 07:00,79654.12,79709.98,79654.12,79702.64,21016576
2026-09-05 07:15,79702.64,79740.54,79690.81,79735.00,38569984
2026-09-05 07:30,79735.00,79761.31,79719.10,79739.51,25800704
2026-09-05 07:45,79744.33,79775.78,79705.00,79726.80,0
2026-09-05 08:00,79721.83,79721.83,79643.06,79672.51,0
2026-09-05 08:15,79672.51,79729.05,79620.94,79656.14,0
2026-09-05 08:30,79656.14,79656.14,79575.49,79626.42,0
2026-09-05 08:45,79629.95,79667.99,79598.82,79653.30,0
2026-09-05 09:00,79653.31,79733.26,79653.30,79723.92,0
2026-09-05 09:15,79723.92,79723.92,79693.44,79698.83,0
2026-09-05 09:30,79698.84,79710.83,79655.96,79675.79,0
2026-09-05 09:45,79678.27,79678.28,79613.99,79634.99,0
2026-09-05 10:00,79634.99,79646.40,79620.94,79624.99,1906688
2026-09-05 10:15,79624.99,79670.24,79606.75,79615.45,0
2026-09-05 10:30,79615.46,79673.13,79597.44,79607.44,51161088
2026-09-05 10:45,79607.44,79655.99,79590.70,79621.14,18946048
2026-09-05 11:00,79621.13,79679.98,79621.13,79661.29,0
2026-09-05 11:15,79648.40,79651.98,79628.57,79636.84,0
2026-09-05 11:30,79636.85,79649.95,79612.46,79617.28,21321728
2026-09-05 11:45,79617.27,79684.04,79613.97,79621.92,0
2026-09-05 12:00,79621.92,79679.24,79621.92,79668.01,0
2026-09-05 12:15,79668.01,79683.74,79654.49,79660.05,0
2026-09-05 12:30,79660.05,79788.01,79616.98,79731.87,0
2026-09-05 12:45,79731.88,79771.15,79707.12,79710.73,0
2026-09-05 13:00,79720.48,79729.46,79676.24,79729.45,0
2026-09-05 13:15,79729.45,79775.71,79682.52,79760.42,0
2026-09-05 13:30,79760.43,79766.03,79649.22,79669.19,0
2026-09-05 13:45,79669.18,79704.76,79563.01,79624.51,0
2026-09-05 14:00,79622.91,79694.94,79622.91,79676.23,0
2026-09-05 14:15,79676.23,79744.48,79676.23,79737.24,0
2026-09-05 14:30,79737.24,79753.49,79705.00,79721.18,0
2026-09-05 14:45,79730.05,79759.12,79723.19,79723.19,0
2026-09-05 15:00,79723.20,79775.00,79705.06,79718.83,0
2026-09-05 15:15,79718.83,79766.70,79681.94,79686.03,0
2026-09-05 15:30,79686.02,79766.50,79686.02,79750.00,0
2026-09-05 15:45,79747.32,79820.88,79731.03,79802.01,0
2026-09-05 16:00,79802.01,79849.81,79755.76,79769.49,0
2026-09-05 16:15,79788.30,79905.44,79786.84,79898.76,0
2026-09-05 16:30,79898.76,79995.98,79898.76,79943.32,94050304
2026-09-05 16:45,79943.32,80199.99,79934.20,80040.53,0
2026-09-05 17:00,80056.53,80162.88,80015.42,80124.14,204158976
2026-09-05 17:15,80139.01,80149.99,79990.31,80034.05,579035136
2026-09-05 17:30,80039.54,80140.75,79987.67,80052.28,106799104
2026-09-05 17:45,80060.00,80100.00,80030.16,80072.19,274429952
2026-09-05 18:00,80064.71,80085.76,79969.45,79997.92,285382656
2026-09-05 18:15,79997.92,80032.03,79957.91,79964.46,0
2026-09-05 18:30,79958.26,80050.00,79936.47,79972.50,88170496
2026-09-05 18:45,79972.75,80009.99,79931.02,80000.03,106905600
2026-09-05 19:00,79997.75,79997.75,79928.56,79939.34,27875328
2026-09-05 19:15,79941.68,79988.51,79900.01,79959.75,21964800
2026-09-05 19:30,79959.74,79976.56,79756.63,79857.79,58675200
2026-09-05 19:45,79857.79,79857.80,79715.70,79753.21,96835584
2026-09-05 20:00,79753.21,79841.23,79716.64,79735.48,0
2026-09-05 20:15,79735.48,79833.32,79688.30,79720.86,60370944
2026-09-05 20:30,79731.53,79785.00,79699.39,79785.00,162453504
2026-09-05 20:45,79779.34,79798.41,79729.10,79740.08,125081600
2026-09-05 21:00,79740.09,79793.98,79733.39,79778.18,85090304
2026-09-05 21:15,79783.76,79877.23,79768.03,79855.74,16367616
2026-09-05 21:30,79855.75,79928.98,79835.01,79916.07,0
2026-09-05 21:45,79928.95,79940.00,79863.70,79910.34,0
2026-09-05 22:00,79928.98,79939.92,79853.99,79921.03,0
2026-09-05 22:15,79910.01,79947.00,79768.19,79818.74,19023872
2026-09-05 22:30,79818.74,79856.99,79757.18,79770.51,0
2026-09-05 22:45,79764.14,79814.08,79754.96,79790.37,126754816
2026-09-05 23:00,79784.03,79784.03,79720.49,79762.00,90595328
2026-09-05 23:15,79761.99,79830.01,79748.61,79800.68,20465664
2026-09-05 23:30,79800.68,79838.79,79733.37,79819.01,7755776
2026-09-05 23:45,79821.00,79899.49,79783.96,79840.60,464400384
2026-09-06 00:00,79835.57,79919.83,79833.96,79911.84,40173568
2026-09-06 00:15,79911.84,79937.87,79870.24,79927.72,19738624
2026-09-06 00:30,79927.70,79945.51,79874.59,79875.16,35282944
2026-09-06 00:45,79875.17,79932.01,79863.70,79872.24,19292160
2026-09-06 01:00,79872.24,80000.00,79872.24,79958.49,29718528
2026-09-06 01:15,79954.88,79987.48,79899.89,79919.84,113299456
2026-09-06 01:30,79919.84,80057.51,79916.01,79977.38,0
2026-09-06 01:45,79965.00,80016.33,79925.63,79954.32,86859776
2026-09-06 02:00,79973.99,80019.62,79900.00,80000.00,9021440
2026-09-06 02:15,80000.00,80002.81,79909.86,79919.10,116076544
2026-09-06 02:30,79929.63,79957.70,79880.75,79885.31,55754752
2026-09-06 02:45,79882.51,79919.84,79875.05,79906.81,17633280
2026-09-06 03:00,79907.00,79931.66,79899.54,79931.66,155648
2026-09-06 03:15,79931.65,79964.99,79890.92,79898.48,62312448
2026-09-06 03:30,79913.99,80113.48,79913.98,80104.98,636577792
2026-09-06 03:45,80104.98,80110.80,80006.25,80031.87,115488768
2026-09-06 04:00,80031.88,80031.88,79961.60,79975.15,0
2026-09-06 04:15,79975.15,79996.40,79885.88,79934.98,116506624
2026-09-06 04:30,79939.79,79939.80,79900.20,79917.04,21288960
2026-09-06 04:45,79928.98,79941.98,79867.76,79867.76,72972288
2026-09-06 05:00,79867.76,79909.86,79801.00,79817.74,45819904
2026-09-06 05:15,79817.74,79888.23,79798.83,79859.01,157014016
2026-09-06 05:30,79859.01,80108.98,79857.69,80030.26,217884672
2026-09-06 05:45,80030.26,80037.89,79949.40,79989.69,157808640
2026-09-06 06:00,79992.16,79992.16,79923.65,79926.96,0
2026-09-06 06:15,79928.44,79934.32,79829.84,79836.42,73502720
2026-09-06 06:30,79827.29,79850.99,79778.49,79809.98,35008512
2026-09-06 06:45,79820.04,79820.04,79700.04,79771.83,90261504
2026-09-06 07:00,79782.73,79802.86,79602.01,79688.22,26122240
2026-09-06 07:15,79678.09,79862.29,79678.09,79833.23,115187712
2026-09-06 07:30,79830.02,79860.21,79785.53,79844.61,105601024
2026-09-06 07:45,79844.60,79852.51,79809.23,79810.06,70422528
2026-09-06 08:00,79813.24,79892.98,79809.24,79870.92,43094016
2026-09-06 08:15,79870.91,79870.92,79797.29,79808.62,99168256
2026-09-06 08:30,79808.62,79817.35,79765.20,79785.70,83499008
2026-09-06 08:45,79785.71,79879.48,79760.16,79845.00,42985472
2026-09-06 09:00,79844.53,79931.24,79810.06,79931.23,8435712
2026-09-06 09:15,79931.23,79993.60,79913.84,79993.60,92459008
2026-09-06 09:30,79968.77,79996.96,79859.50,79864.02,54267904
2026-09-06 09:45,79864.02,79907.07,79848.54,79890.48,778981376
2026-09-06 10:00,79890.48,79951.48,79890.48,79924.52,128059392
2026-09-06 10:15,79924.51,79989.73,79924.51,79981.32,20412416
2026-09-06 10:30,79981.18,80016.90,79969.74,80016.89,38318080
2026-09-06 10:45,80011.39,80021.67,79979.72,80000.62,28440576
2026-09-06 11:00,80000.63,80005.31,79921.00,79984.73,69961728
2026-09-06 11:15,79984.73,79997.87,79901.86,79907.97,55119872
2026-09-06 11:30,79907.97,79971.01,79893.38,79952.98,107102208
2026-09-06 11:45,79952.98,79970.00,79909.86,79922.99,57499648
2026-09-06 12:00,79922.98,79946.29,79860.01,79936.03,0
2026-09-06 12:15,79948.00,80012.91,79948.00,79973.98,51707904
2026-09-06 12:30,79973.98,80014.59,79935.82,79939.87,127772672
2026-09-06 12:45,79939.87,80002.36,79918.71,79920.46,40933376
2026-09-06 13:00,79920.47,79970.97,79875.18,79890.01,31127552
2026-09-06 13:15,79890.02,79890.02,79789.85,79801.80,131203072
2026-09-06 13:30,79810.06,79856.98,79761.13,79797.01,23998464
2026-09-06 13:45,79798.00,79845.08,79777.00,79832.99,0
2026-09-06 14:00,79827.30,79845.73,79737.60,79748.98,63307776
2026-09-06 14:15,79750.80,79799.09,79593.50,79665.86,239740928
2026-09-06 14:30,79663.80,79742.53,79333.50,79712.81,357658624
2026-09-06 14:45,79708.88,79708.88,79530.63,79538.49,158142464
2026-09-06 15:00,79542.08,79580.52,79393.11,79539.74,190906368
2026-09-06 15:15,79539.74,79664.60,79534.59,79633.52,117647360
2026-09-06 15:30,79632.68,79703.98,79583.79,79684.88,15517696
2026-09-06 15:45,79691.18,79722.01,79654.65,79707.65,51912704
2026-09-06 16:00,79706.24,79733.53,79595.14,79692.00,15278080
2026-09-06 16:15,79689.91,79724.24,79629.65,79710.01,0
2026-09-06 16:30,79704.31,79780.66,79678.60,79721.95,0
2026-09-06 16:45,79701.05,79717.23,79634.54,79679.22,27267072
2026-09-06 17:00,79679.22,79679.23,79581.81,79625.24,0
2026-09-06 17:15,79625.23,79770.00,79625.23,79686.49,0
2026-09-06 17:30,79686.49,79763.47,79669.00,79737.21,57292800
2026-09-06 17:45,79739.84,79764.00,79720.25,79741.19,0
2026-09-06 18:00,79741.19,79861.10,79741.19,79846.54,0
2026-09-06 18:15,79833.01,79915.49,79821.00,79915.48,58025984
2026-09-06 18:30,79915.29,79966.97,79915.28,79930.60,9693184
2026-09-06 18:45,79947.57,79955.98,79901.35,79941.88,19382272
2026-09-06 19:00,79943.48,79943.49,79855.15,79855.15,0
2026-09-06 19:15,79855.15,79863.01,79816.48,79845.99,70572032
2026-09-06 19:30,79845.98,79845.98,79793.04,79798.49,21002240
2026-09-06 19:45,79798.50,79833.83,79794.50,79829.98,15802368
2026-09-06 20:00,79829.99,79829.99,79774.21,79805.74,0
2026-09-06 20:15,79805.75,79950.00,79805.74,79929.75,0
2026-09-06 20:30,79929.76,79970.59,79901.87,79947.94,42608640
2026-09-06 20:45,79949.99,79973.05,79888.39,79892.26,41744384
2026-09-06 21:00,79928.61,79999.97,79919.84,79997.93,140683264
2026-09-06 21:15,79998.96,80028.90,79893.98,79895.85,57587712
2026-09-06 21:30,79897.47,79983.00,79868.26,79908.19,132481024
2026-09-06 21:45,79914.50,79997.58,79903.66,79945.16,12836864
2026-09-06 22:00,79945.16,79948.48,79672.63,79750.33,99880960
2026-09-06 22:15,79750.32,79830.01,79638.31,79819.91,118853632
2026-09-06 22:30,79817.20,80009.66,79815.20,79974.96,196419584
2026-09-06 22:45,79966.98,80088.01,79939.80,80048.74,18268160
2026-09-06 23:00,80052.73,80320.49,80010.15,80179.35,213790720
2026-09-06 23:15,80171.00,80283.91,80099.48,80125.68,265627648
2026-09-06 23:30,80125.68,80481.25,80125.68,80381.75,70961152
2026-09-06 23:45,80396.10,80538.28,80301.50,80339.32,715384832
2026-09-07 00:00,80361.06,80442.96,80233.09,80331.05,262897664
2026-09-07 00:15,80320.10,80331.05,80052.28,80199.46,737783808
2026-09-07 00:30,80209.85,80270.86,80095.93,80135.99,158889984
2026-09-07 00:45,80135.99,80184.47,80067.38,80148.01,113975296
2026-09-07 01:00,80154.82,80228.56,79940.05,79955.99,97812480
2026-09-07 01:15,79958.96,80008.62,79844.77,79919.84,194686976
2026-09-07 01:30,79907.81,79985.67,79824.55,79846.49,137717760
2026-09-07 01:45,79848.52,79970.77,79819.77,79923.05,45436928
2026-09-07 02:00,79916.99,79927.80,79784.57,79823.55,65394688
2026-09-07 02:15,79825.56,80031.00,79825.55,80013.21,23465984
2026-09-07 02:30,80029.61,80392.70,79988.72,80247.40,386861056
2026-09-07 02:45,80257.58,80269.13,79811.67,79863.43,199262208
2026-09-07 03:00,79840.01,79970.73,79752.76,79777.08,314994688
2026-09-07 03:15,79778.29,79823.23,79713.78,79713.78,94199808
2026-09-07 03:30,79720.82,79757.98,79574.04,79624.65,42598400
2026-09-07 03:45,79624.66,79677.01,79560.56,79587.31,126361600
2026-09-07 04:00,79580.52,79676.98,79550.00,79676.98,107591680
2026-09-07 04:15,79682.98,79691.05,79590.51,79590.51,128428032
2026-09-07 04:30,79603.32,79677.98,79535.37,79667.98,226537472
2026-09-07 04:45,79662.92,79718.99,79634.40,79708.49,51707904
2026-09-07 05:00,79702.42,79764.39,79652.01,79763.98,37632000
2026-09-07 05:15,79763.98,79908.86,79763.98,79840.00,137205760
2026-09-07 05:30,79845.27,79850.00,79800.57,79847.99,15269888
2026-09-07 05:45,79847.98,79847.98,79740.21,79740.21,4685824
2026-09-07 06:00,79734.56,79815.08,79733.69,79797.88,197076992
2026-09-07 06:15,79797.88,79797.88,79680.36,79702.73,11806720
2026-09-07 06:30,79702.72,79728.52,79654.21,79665.29,185581568
2026-09-07 06:45,79659.57,79670.99,79643.13,79645.51,74072064
2026-09-07 07:00,79638.70,79676.98,79572.48,79603.66,394065920
2026-09-07 07:15,79603.65,79622.28,79398.26,79419.18,186693632
2026-09-07 07:30,79415.00,79501.68,79023.54,79266.94,296253440
2026-09-07 07:45,79274.23,79396.04,79274.23,79379.94,588386304
2026-09-07 08:00,79393.48,79496.99,79380.92,79452.56,28631040
2026-09-07 08:15,79444.71,79510.45,79434.94,79447.23,86142976
2026-09-07 08:30,79448.98,79518.66,79414.37,79465.46,69910528
2026-09-07 08:45,79465.46,79481.98,79405.80,79417.85,37724160
2026-09-07 09:00,79426.58,79538.52,79401.71,79532.05,37830656
2026-09-07 09:15,79510.06,79526.98,79410.67,79472.54,97820672
2026-09-07 09:30,79473.83,79473.84,79309.51,79377.23,67723264
2026-09-07 09:45,79377.23,79440.47,79293.01,79301.31,27166720
2026-09-07 10:00,79325.00,79395.64,79312.55,79368.75,149506048
2026-09-07 10:15,79368.74,79419.99,79354.68,79412.56,118992896
2026-09-07 10:30,79412.56,79445.19,79384.12,79445.19,30208000
2026-09-07 10:45,79445.20,79445.98,79343.70,79350.65,62019584
2026-09-07 11:00,79350.64,79406.39,79269.11,79406.39,103376896
2026-09-07 11:15,79406.98,79465.39,79388.73,79433.26,116912128
2026-09-07 11:30,79433.26,79475.98,79400.00,79406.19,0
2026-09-07 11:45,79405.07,79427.24,79365.02,79409.13,146472960
2026-09-07 12:00,79416.73,79492.91,79395.02,79417.74,68876288
2026-09-07 12:15,79417.75,79526.36,79403.89,79516.59,0
2026-09-07 12:30,79519.55,79525.33,79450.99,79468.00,53747712
2026-09-07 12:45,79468.64,79622.72,79465.99,79597.76,68286464
2026-09-07 13:00,79584.46,79639.66,79518.15,79619.99,181176320
2026-09-07 13:15,79619.99,79633.65,79565.05,79630.73,120631296
2026-09-07 13:30,79632.37,79632.37,79301.00,79364.10,66334720
2026-09-07 13:45,79340.33,79415.83,79311.13,79344.84,199878656
2026-09-07 14:00,79337.06,79393.43,79111.73,79166.36,30242816
2026-09-07 14:15,79158.53,79208.98,79034.25,79046.66,192907264
2026-09-07 14:30,79046.65,79096.48,78955.95,79026.34,0
2026-09-07 14:45,79021.42,79267.36,79015.78,79184.13,164714496
2026-09-07 15:00,79179.00,79179.00,79020.21,79027.85,40583168
2026-09-07 15:15,79016.20,79137.32,78877.98,79019.97,301801472
2026-09-07 15:30,79025.97,79025.97,78680.36,78759.55,302882816
2026-09-07 15:45,78736.38,78850.44,78685.26,78800.00,357269504
2026-09-07 16:00,78815.05,78910.85,78810.03,78894.60,148719616
2026-09-07 16:15,78889.55,78889.55,78780.12,78804.91,164677632
2026-09-07 16:30,78822.31,79019.96,78807.96,78988.10,85891072
2026-09-07 16:45,78988.10,79010.99,78951.01,79010.98,157845504
2026-09-07 17:00,79010.98,79140.07,78995.28,79136.20,51818496
2026-09-07 17:15,79130.91,79148.16,79082.10,79105.50,46680064
2026-09-07 17:30,79105.51,79160.08,79057.96,79146.81,116072448
2026-09-07 17:45,79146.81,79198.25,79123.93,79170.00,43988992
2026-09-07 18:00,79174.92,79195.49,79133.74,79164.16,90951680
2026-09-07 18:15,79170.00,79188.28,79117.81,79142.94,136060928
2026-09-07 18:30,79142.94,79161.77,79085.32,79148.15,126253056
2026-09-07 18:45,79152.81,79238.90,79128.68,79195.02,82931712
2026-09-07 19:00,79195.02,79195.02,79146.62,79157.22,52801536
2026-09-07 19:15,79157.22,79239.99,79157.22,79221.73,0
2026-09-07 19:30,79231.47,79394.71,79224.43,79326.81,76711936
2026-09-07 19:45,79326.81,79373.84,79326.81,79352.21,144566272
2026-09-07 20:00,79355.64,79386.19,79188.47,79215.69,8689664
2026-09-07 20:15,79215.69,79245.00,79163.42,79195.86,189399040
2026-09-07 20:30,79195.86,79225.13,79172.26,79172.26,596056064
2026-09-07 20:45,79171.56,79249.49,79150.79,79220.54,34863104
2026-09-07 21:00,79227.42,79252.20,79183.60,79252.20,0
2026-09-07 21:15,79252.94,79252.94,79194.01,79213.40,81561600
2026-09-07 21:30,79213.40,79219.59,79159.58,79184.65,40648704
2026-09-07 21:45,79183.00,79204.36,79139.49,79139.49,0
2026-09-07 22:00,79146.12,79193.93,79087.87,79134.08,32219136
2026-09-07 22:15,79134.08,79187.12,79007.21,79083.00,62924800
2026-09-07 22:30,79065.01,79080.04,78787.94,78800.99,554403840
2026-09-07 22:45,78823.13,78953.05,78804.82,78929.93,176076800
2026-09-07 23:00,78923.99,79153.62,78923.99,79113.11,0
2026-09-07 23:15,79114.49,79121.23,78941.63,78987.85,54018048
2026-09-07 23:30,78987.85,79106.66,78965.02,79106.65,4102144
2026-09-07 23:45,79106.66,79195.48,79082.79,79091.97,0
2026-09-08 00:00,79076.24,79094.41,78970.21,79033.48,68304896
2026-09-08 00:15,79033.48,79137.15,78951.69,78980.04,0
2026-09-08 00:30,78984.33,79263.67,78962.20,79197.75,41717760
2026-09-08 00:45,79187.71,79296.77,79176.43,79293.38,92760064
2026-09-08 01:00,79293.57,79355.39,79245.00,79274.27,35946496
2026-09-08 01:15,79286.92,79438.95,79250.00,79380.75,10362880
2026-09-08 01:30,79370.62,79372.27,79288.77,79297.72,32475136
2026-09-08 01:45,79297.72,79440.00,79285.00,79413.92,61526016
2026-09-08 02:00,79416.95,79416.96,79233.10,79313.21,165623808
2026-09-08 02:15,79313.21,79472.32,79214.23,79249.02,149069824
2026-09-08 02:30,79231.72,79249.02,79082.04,79113.73,168663040
2026-09-08 02:45,79124.99,79132.57,78914.55,78914.56,121903104
2026-09-08 03:00,78914.01,78986.98,78861.00,78902.98,174698496
2026-09-08 03:15,78889.35,78924.89,78709.31,78753.54,0
2026-09-08 03:30,78803.65,78974.99,78803.65,78922.10,906151936
2026-09-08 03:45,78930.28,78930.29,78844.73,78875.22,325691392
2026-09-08 04:00,78875.21,78900.63,78755.05,78783.00,104951808
2026-09-08 04:15,78789.89,78831.47,78739.25,78795.13,187969536
2026-09-08 04:30,78798.06,78846.83,78714.02,78755.99,93581312
2026-09-08 04:45,78739.83,78790.00,78649.88,78649.88,0
2026-09-08 05:00,78649.88,78785.00,78543.39,78678.60,262180864
2026-09-08 05:15,78650.59,78851.25,78627.99,78793.06,108158976
2026-09-08 05:30,78794.74,78800.20,78607.72,78607.72,117327872
2026-09-08 05:45,78622.02,78697.54,78541.83,78556.79,141107200
2026-09-08 06:00,78561.76,78609.99,78440.11,78566.64,524410880
2026-09-08 06:15,78563.33,78607.12,78341.19,78356.38,349655040
2026-09-08 06:30,78345.78,78427.44,78334.40,78401.89,413464576
2026-09-08 06:45,78401.89,78458.62,78234.35,78299.28,265412608
2026-09-08 07:00,78310.95,78416.07,78274.56,78384.51,593672192
2026-09-08 07:15,78384.51,78488.32,78351.00,78438.59,635117568
2026-09-08 07:30,78447.73,78567.69,78408.77,78410.71,363157504
2026-09-08 07:45,78410.71,78451.07,78162.72,78451.07,854427648
2026-09-08 08:00,78430.45,78430.45,78260.71,78362.20,384358400
2026-09-08 08:15,78369.57,78481.62,78275.57,78457.74,210024448
2026-09-08 08:30,78445.09,78530.19,78423.18,78480.05,263139328
2026-09-08 08:45,78507.86,78546.57,78345.82,78378.50,56561664
2026-09-08 09:00,78392.22,78469.67,78314.08,78455.78,896919552
2026-09-08 09:15,78481.60,78481.60,78320.80,78448.52,348270592
2026-09-08 09:30,78448.52,78756.24,78423.22,78738.95,149041152
2026-09-08 09:45,78738.95,78774.00,78706.79,78735.74,248403968
2026-09-08 10:00,78725.88,78730.00,78649.65,78712.27,80838656
2026-09-08 10:15,78712.28,78958.82,78704.04,78821.41,224524288
2026-09-08 10:30,78823.27,78839.81,78629.25,78640.05,152594432
2026-09-08 10:45,78648.77,78668.99,78534.16,78534.16,113076224
2026-09-08 11:00,78550.85,78552.99,78259.76,78281.59,161046528
2026-09-08 11:15,78276.15,78455.29,78276.15,78418.08,432224256
2026-09-08 11:30,78418.07,78468.44,78380.00,78411.33,97957888
2026-09-08 11:45,78412.02,78442.09,78336.65,78401.12,119062528
2026-09-08 12:00,78401.88,78401.88,78189.64,78189.65,481853440
2026-09-08 12:15,78189.64,78369.58,78189.64,78347.36,161525760
2026-09-08 12:30,78347.36,78421.91,78268.31,78302.57,214054912
2026-09-08 12:45,78314.46,78454.52,78275.60,78421.91,267321344
2026-09-08 13:00,78421.08,78512.89,78381.24,78440.41,241776640
2026-09-08 13:15,78440.40,78455.74,78282.85,78301.23,286855168
2026-09-08 13:30,78291.83,78332.93,77649.36,77805.48,477454336
2026-09-08 13:45,77787.00,78062.50,77629.55,77933.05,1089429504
2026-09-08 14:00,77975.77,78154.50,77826.14,78116.46,840212480
2026-09-08 14:15,78122.42,78359.76,78122.42,78317.86,148074496
2026-09-08 14:30,78322.83,78410.75,78234.66,78381.36,314935296
2026-09-08 14:45,78388.36,78588.62,78359.06,78538.62,106780672
2026-09-08 15:00,78530.06,78641.01,78457.98,78625.93,231643136
2026-09-08 15:15,78627.17,78694.13,78441.76,78442.09,7895040
2026-09-08 15:30,78445.90,78745.00,78435.21,78698.03,81227776
2026-09-08 15:45,78734.73,78900.00,78657.79,78897.53,350662656
2026-09-08 16:00,78900.00,78900.00,78612.96,78634.96,81512448
2026-09-08 16:15,78641.04,78680.92,78565.86,78631.43,43810816
2026-09-08 16:30,78636.83,78967.98,78609.07,78787.17,258510848
2026-09-08 16:45,78802.31,78868.02,78653.49,78730.82,276844544
2026-09-08 17:00,78730.82,78887.12,78655.11,78700.24,188096512
2026-09-08 17:15,78707.08,78709.28,78534.69,78582.46,353820672
2026-09-08 17:30,78582.45,78658.99,78515.28,78515.28,0
2026-09-08 17:45,78519.82,78639.61,78483.61,78493.18,107528192
2026-09-08 18:00,78491.71,78716.09,78480.99,78658.50,32241664
2026-09-08 18:15,78657.90,78802.46,78657.90,78723.53,112134144
2026-09-08 18:30,78723.53,78764.29,78562.15,78593.17,96006144
2026-09-08 18:45,78593.18,78642.71,78280.65,78423.49,215306240
2026-09-08 19:00,78439.58,78517.98,78384.35,78462.41,198739968
2026-09-08 19:15,78469.62,78520.93,78338.35,78445.42,325085184
2026-09-08 19:30,78479.83,78512.76,78329.41,78404.40,73388032
2026-09-08 19:45,78413.37,78437.98,78310.32,78435.57,236599296
2026-09-08 20:00,78429.88,78612.94,78387.34,78597.35,0
2026-09-08 20:15,78607.24,78608.45,78445.80,78591.28,177106944
2026-09-08 20:30,78584.32,78584.32,78413.43,78531.85,138866688
2026-09-08 20:45,78514.75,78562.93,78463.02,78482.45,113659904
2026-09-08 21:00,78482.45,78573.86,78462.36,78543.79,62992384
2026-09-08 21:15,78551.54,78619.04,78494.24,78521.52,21352448
2026-09-08 21:30,78521.53,78555.76,78443.78,78515.85,60170240
2026-09-08 21:45,78517.82,78523.67,78391.76,78484.36,80986112
2026-09-08 22:00,78475.38,78628.64,78440.00,78488.15,83488768
2026-09-08 22:15,78492.60,78563.75,78453.16,78487.96,139304960
2026-09-08 22:30,78487.97,78525.69,78454.53,78477.15,33841152
2026-09-08 22:45,78477.15,78569.70,78475.34,78545.41,46833664
2026-09-08 23:00,78545.42,78564.40,78450.00,78490.00,4849664
2026-09-08 23:15,78490.00,78497.21,78420.00,78463.44,118439936
2026-09-08 23:30,78451.53,78465.29,78433.01,78442.97,166428672
2026-09-08 23:45,78442.97,78461.26,78399.13,78447.11,41426944
2026-09-09 00:00,78457.77,78727.81,78447.11,78719.30,847034368
2026-09-09 00:15,78719.30,78732.36,78590.00,78624.49,99844096
2026-09-09 00:30,78624.49,78686.76,78558.21,78686.76,0
2026-09-09 00:45,78686.76,78792.04,78686.76,78765.50,1273856
2026-09-09 01:00,78768.83,78863.68,78700.18,78733.94,7913472
2026-09-09 01:15,78731.83,78768.17,78624.88,78736.12,223244288
2026-09-09 01:30,78724.02,78873.99,78693.40,78837.19,39624704
2026-09-09 01:45,78845.99,78887.69,78815.94,78879.70,90697728
2026-09-09 02:00,78892.28,78923.39,78788.00,78789.79,59150336
2026-09-09 02:15,78794.75,78826.40,78680.65,78815.94,0
2026-09-09 02:30,78804.66,78835.26,78743.63,78788.52,86908928
2026-09-09 02:45,78788.57,78800.53,78728.68,78730.16,0
2026-09-09 03:00,78713.14,78713.14,78578.93,78582.07,61741056
2026-09-09 03:15,78590.16,78612.05,78537.12,78569.18,0
2026-09-09 03:30,78568.62,78650.26,78565.20,78639.99,0
2026-09-09 03:45,78632.72,78674.07,78590.02,78619.71,6367232
2026-09-09 04:00,78629.06,78932.71,78628.38,78823.91,143593472
2026-09-09 04:15,78823.48,78934.83,78768.18,78875.64,48226304
2026-09-09 04:30,78874.94,79182.41,78856.32,79177.62,117116928
2026-09-09 04:45,79200.00,79200.00,79066.68,79159.11,121018368
2026-09-09 05:00,79170.96,79274.94,79044.77,79260.93,146120704
2026-09-09 05:15,79221.91,79353.74,79115.03,79115.04,146384896
2026-09-09 05:30,79126.38,79126.39,78880.01,78912.38,52836352
2026-09-09 05:45,78901.00,78947.27,78823.27,78914.36,0
2026-09-09 06:00,78921.80,79130.00,78844.84,79105.82,0
2026-09-09 06:15,79099.36,79269.96,79078.67,79143.54,0
2026-09-09 06:30,79159.42,79224.31,79126.38,79173.93,0
2026-09-09 06:45,79184.79,79192.94,79102.50,79150.25,0
2026-09-09 07:00,79140.53,79355.00,79137.25,79240.76,0
2026-09-09 07:15,79240.76,79291.90,79216.28,79262.83,0
2026-09-09 07:30,79279.78,79279.79,79162.95,79185.51,0
2026-09-09 07:45,79189.75,79271.63,79179.03,79258.79,0
2026-09-09 08:00,79281.60,79516.26,79254.61,79394.61,123205632
2026-09-09 08:15,79401.91,79683.65,79401.91,79683.12,128761856
2026-09-09 08:30,79658.97,79729.16,79581.43,79633.38,38088704
2026-09-09 08:45,79638.74,79702.00,79580.10,79695.39,172597248
2026-09-09 09:00,79711.43,79711.43,79463.38,79524.13,0
2026-09-09 09:15,79534.31,79535.83,79405.08,79408.64,103892992
2026-09-09 09:30,79408.64,79431.14,79059.82,79068.12,0
2026-09-09 09:45,79097.50,79108.09,78879.69,78940.00,290242560
2026-09-09 10:00,78950.85,79039.71,78922.49,78999.50,202792960
2026-09-09 10:15,78982.32,79114.43,78911.64,79070.01,48771072
2026-09-09 10:30,79070.00,79175.79,79049.01,79060.36,22208512
2026-09-09 10:45,79066.64,79066.65,78855.36,78901.76,100698112
2026-09-09 11:00,78905.61,78947.34,78720.51,78847.81,142213120
2026-09-09 11:15,78855.00,78983.80,78780.83,78970.91,47595520
2026-09-09 11:30,78961.80,79085.98,78938.58,78999.14,111169536
2026-09-09 11:45,79033.87,79351.64,79033.87,79294.26,79839232
2026-09-09 12:00,79330.23,79430.08,79267.72,79368.00,231557120
2026-09-09 12:15,79375.06,79427.24,79297.09,79384.99,205660160
2026-09-09 12:30,79391.75,79589.30,79382.30,79489.12,81463296
2026-09-09 12:45,79501.14,79648.46,79496.44,79579.99,71884800
2026-09-09 13:00,79588.15,79610.47,79479.97,79494.81,0
2026-09-09 13:15,79503.98,79624.34,79442.62,79598.75,13205504
2026-09-09 13:30,79552.64,79661.77,79089.22,79221.70,0
2026-09-09 13:45,79217.23,79376.44,79092.05,79117.65,0
2026-09-09 14:00,79050.68,79172.83,78876.89,79059.99,65525760
2026-09-09 14:15,79058.37,79223.06,78851.71,79223.06,69830656
2026-09-09 14:30,79260.01,79398.69,78943.69,78972.34,232306688
2026-09-09 14:45,78963.78,79119.53,78873.84,78941.83,64542720
2026-09-09 15:00,78941.83,79404.46,78258.78,78470.26,935536640
2026-09-09 15:15,78455.05,78613.85,78036.57,78351.05,776407040
2026-09-09 15:30,78351.83,78714.09,78310.79,78627.78,362416128
2026-09-09 15:45,78620.96,78672.06,78533.10,78576.41,99948544
2026-09-09 16:00,78582.58,78764.27,78472.96,78645.73,122161152
2026-09-09 16:15,78641.36,78641.36,78441.58,78607.59,179453952
2026-09-09 16:30,78623.44,78897.48,78623.44,78791.77,295270400
2026-09-09 16:45,78773.20,78795.09,78714.92,78783.18,0
2026-09-09 17:00,78783.17,78896.14,78697.61,78846.58,0
2026-09-09 17:15,78875.34,78915.46,78772.67,78839.62,141568000
2026-09-09 17:30,78839.77,78848.47,78670.01,78685.88,144676864
2026-09-09 17:45,78689.61,78802.87,78655.00,78754.88,0
2026-09-09 18:00,78759.21,78773.43,78578.62,78587.71,86046720
2026-09-09 18:15,78588.68,78633.60,78550.00,78608.29,0
2026-09-09 18:30,78603.24,78633.44,78488.42,78521.92,225968128
2026-09-09 18:45,78522.30,78527.35,78399.35,78399.35,22843392
2026-09-09 19:00,78399.34,78476.83,78328.33,78470.38,15421440
2026-09-09 19:15,78470.38,78569.86,78453.41,78512.49,10067968
2026-09-09 19:30,78506.88,78537.37,78281.33,78282.17,104435712
2026-09-09 19:45,78282.13,78321.82,78133.04,78216.75,72300544
2026-09-09 20:00,78215.55,78282.95,78172.90,78239.00,77340672
2026-09-09 20:15,78239.00,78325.00,77994.73,78100.16,73895936
2026-09-09 20:30,78102.12,78305.16,78101.47,78268.45,119826432
2026-09-09 20:45,78260.00,78318.39,78083.95,78303.89,926154752
2026-09-09 21:00,78300.80,78323.31,78158.37,78224.57,154441728
2026-09-09 21:15,78229.12,78281.47,78116.64,78266.43,50229248
2026-09-09 21:30,78257.97,78258.88,78124.12,78225.13,64641024
2026-09-09 21:45,78225.14,78225.14,77981.12,78128.28,36823040
2026-09-09 22:00,78159.01,78182.71,77756.75,77845.46,266127360
2026-09-09 22:15,77862.09,78040.63,77760.21,78016.47,202639360
2026-09-09 22:30,78019.99,78041.22,77919.57,78014.53,240482304
2026-09-09 22:45,78017.77,78030.72,77883.80,77897.60,100317184
2026-09-09 23:00,77906.42,78184.03,77906.42,78131.66,73259008
2026-09-09 23:15,78126.59,78169.59,78077.77,78169.59,1026048
2026-09-09 23:30,78163.50,78237.63,78151.34,78205.18,38592512
2026-09-09 23:45,78198.41,78291.90,78198.41,78291.16,158810112
2026-09-10 00:00,78283.98,78353.08,78253.76,78253.76,243730432
2026-09-10 00:15,78258.23,78311.59,78194.48,78308.49,136751104
2026-09-10 00:30,78294.12,78294.13,78144.25,78146.36,221020160
2026-09-10 00:45,78143.82,78235.36,78060.08,78151.72,76853248
2026-09-10 01:00,78151.72,78484.19,78139.86,78314.93,197951488
2026-09-10 01:15,78306.03,78307.20,78142.49,78145.52,2205696
2026-09-10 01:30,78145.52,78218.84,77916.89,78143.75,107208704
2026-09-10 01:45,78129.93,78137.10,77960.00,78070.40,195336192
2026-09-10 02:00,78063.72,78063.72,77977.00,78018.14,34148352
2026-09-10 02:15,78013.18,78048.87,77943.95,77991.87,61083648
2026-09-10 02:30,77991.87,78239.20,77978.00,78238.70,2609152
2026-09-10 02:45,78239.21,78346.19,78224.00,78326.10,292558848
2026-09-10 03:00,78326.11,78508.90,78308.86,78352.26,244056064
2026-09-10 03:15,78339.43,78364.26,78270.01,78357.79,0
2026-09-10 03:30,78355.11,78427.08,78294.73,78344.52,172255232
2026-09-10 03:45,78338.34,78417.78,78245.61,78297.15,85491712
2026-09-10 04:00,78290.20,78376.36,78272.05,78314.16,42063872
2026-09-10 04:15,78314.17,78391.19,78314.12,78354.08,17893376
2026-09-10 04:30,78354.08,78386.67,78304.27,78304.27,3336192
2026-09-10 04:45,78304.27,78407.03,78275.01,78368.72,52326400
2026-09-10 05:00,78372.64,78447.35,78241.78,78447.35,0
2026-09-10 05:15,78439.04,78485.00,78323.83,78447.31,158726144
2026-09-10 05:30,78459.63,78491.42,78368.01,78393.11,44320768
2026-09-10 05:45,78379.26,78525.60,78378.01,78499.04,35856384
2026-09-10 06:00,78505.54,78506.87,78274.81,78281.00,134559744
2026-09-10 06:15,78274.81,78280.98,78133.77,78190.07,196149248
2026-09-10 06:30,78190.07,78245.19,78133.77,78177.21,22732800
2026-09-10 06:45,78177.21,78502.77,78175.10,78389.70,146069504
2026-09-10 07:00,78394.44,78394.44,78131.16,78191.04,127068160
2026-09-10 07:15,78191.04,78191.04,77998.39,77998.39,105064448
2026-09-10 07:30,78000.16,78020.79,77884.44,77979.99,276383744
2026-09-10 07:45,77985.74,78126.52,77985.74,78079.51,40048640
2026-09-10 08:00,78078.02,78135.50,78030.71,78049.76,335872
2026-09-10 08:15,78049.77,78147.31,78011.19,78146.22,0
2026-09-10 08:30,78139.87,78139.87,78008.35,78076.20,68009984
2026-09-10 08:45,78078.17,78148.49,78059.56,78085.46,17895424
2026-09-10 09:00,78085.45,78183.42,78079.06,78129.03,3397632
2026-09-10 09:15,78129.03,78199.73,78106.69,78173.11,64671744
2026-09-10 09:30,78172.87,78172.87,77893.75,77934.82,70619136
2026-09-10 09:45,77939.57,77994.51,77919.26,77941.97,160210944
2026-09-10 10:00,77956.79,78013.36,77923.77,77962.53,64333824
2026-09-10 10:15,77960.32,77997.02,77897.67,77954.62,0
2026-09-10 10:30,77954.62,78021.28,77796.06,77962.89,55885824
2026-09-10 10:45,77962.89,78005.03,77825.73,77825.73,35317760
2026-09-10 11:00,77828.22,77894.39,77663.59,77894.39,205565952
2026-09-10 11:15,77915.71,78024.07,77915.71,77984.82,90566656
2026-09-10 11:30,77984.82,78027.76,77953.80,77978.20,48009216
2026-09-10 11:45,77978.19,77998.51,77800.00,77820.75,37795840
2026-09-10 12:00,77809.33,77862.00,77689.94,77801.10,53897216
2026-09-10 12:15,77797.47,77809.99,77641.98,77732.66,350474240
2026-09-10 12:30,77915.76,77915.76,77029.69,77096.50,1450072064
2026-09-10 12:45,77100.02,77107.06,76661.35,76867.24,1275621376
2026-09-10 13:00,76855.71,77064.04,76747.85,76808.01,480872448
2026-09-10 13:15,76808.00,76946.29,76709.83,76904.68,530997248
2026-09-10 13:30,76899.07,77062.57,76736.14,76905.64,556400640
2026-09-10 13:45,76902.06,77206.05,76889.78,77145.02,427057152
2026-09-10 14:00,77179.15,77312.02,76928.64,77052.81,336152576
2026-09-10 14:15,77045.90,77350.40,76920.90,77245.91,151101440
2026-09-10 14:30,77253.84,77327.09,77205.04,77251.51,153440256
2026-09-10 14:45,77251.51,77403.67,77238.42,77390.80,308332544
2026-09-10 15:00,77390.81,77390.81,77215.85,77309.41,0
2026-09-10 15:15,77309.51,77316.42,77062.07,77075.85,0
2026-09-10 15:30,77096.63,77328.11,77057.42,77185.59,0
2026-09-10 15:45,77193.44,77218.74,77081.07,77218.74,347801600
2026-09-10 16:00,77220.55,77275.00,76865.79,76943.34,120305664
2026-09-10 16:15,76943.34,77042.59,76849.17,76890.24,173375488
2026-09-10 16:30,76880.84,77030.86,76757.97,77003.06,124432384
2026-09-10 16:45,77003.06,77201.28,77003.06,77160.22,649945088
2026-09-10 17:00,77153.52,77192.12,77079.95,77123.99,13629440
2026-09-10 17:15,77124.00,77299.08,77084.09,77287.21,407336960
2026-09-10 17:30,77283.23,77508.80,77279.09,77328.13,457797632
2026-09-10 17:45,77328.13,77394.57,77284.50,77294.26,1051592704
2026-09-10 18:00,77286.05,77304.34,76950.01,76978.37,28145664
2026-09-10 18:15,76973.15,77116.36,76967.02,77033.19,415918080
2026-09-10 18:30,77032.80,77131.55,77008.50,77119.99,19001344
2026-09-10 18:45,77120.00,77260.00,77060.91,77222.53,197632000
2026-09-10 19:00,77207.01,77216.06,77092.34,77138.73,408545280
2026-09-10 19:15,77140.64,77218.94,77079.63,77159.19,76791808
2026-09-10 19:30,77161.65,77252.91,77072.60,77224.68,42326016
2026-09-10 19:45,77230.60,77230.60,77048.73,77119.53,209567744
2026-09-10 20:00,77128.16,77300.00,77088.22,77297.49,227006464
2026-09-10 20:15,77310.00,77325.53,77220.79,77259.97,320651264
2026-09-10 20:30,77243.27,77279.27,77202.79,77273.46,0
2026-09-10 20:45,77275.07,77283.52,77192.72,77239.01,0
2026-09-10 21:00,77247.34,77274.24,77188.44,77226.80,1042546688
2026-09-10 21:15,77226.79,77226.80,77164.71,77206.20,242290688
2026-09-10 21:30,77207.74,77208.55,77087.38,77126.74,234770432
2026-09-10 21:45,77126.74,77178.20,77103.21,77110.04,42756096
2026-09-10 22:00,77125.98,77171.14,77058.09,77127.08,128649216
2026-09-10 22:15,77124.00,77193.29,77048.47,77048.50,146683904
2026-09-10 22:30,77052.54,77068.03,76810.84,76834.85,254140416
2026-09-10 22:45,76832.02,76948.31,76786.45,76807.11,229050368
2026-09-10 23:00,76805.26,76845.31,76533.92,76543.74,0
2026-09-10 23:15,76491.22,76765.06,76491.22,76710.50,1242161152
2026-09-10 23:30,76723.46,76792.23,76686.01,76750.43,239755264
2026-09-10 23:45,76753.17,76756.92,76497.73,76531.95,422565888
2026-09-11 00:00,76530.20,76821.70,76513.25,76790.10,48656384
2026-09-11 00:15,76788.16,76843.89,76739.86,76816.68,424046592
2026-09-11 00:30,76816.68,76816.68,76658.40,76734.39,474656768
2026-09-11 00:45,76730.90,76902.13,76714.09,76878.72,128092160
2026-09-11 01:00,76880.12,76974.12,76859.75,76872.97,54956032
2026-09-11 01:15,76884.51,76927.19,76766.73,76783.29,243490816
2026-09-11 01:30,76783.29,76883.92,76657.28,76839.64,231206912
2026-09-11 01:45,76866.86,76948.38,76773.35,76948.27,304494592
2026-09-11 02:00,76956.12,76977.20,76866.67,76960.46,149530624
2026-09-11 02:15,76952.42,76952.42,76734.23,76776.94,36714496
2026-09-11 02:30,76781.58,76898.27,76746.28,76835.77,86792192
2026-09-11 02:45,76835.77,76902.92,76785.02,76813.68,142141440
2026-09-11 03:00,76802.20,76857.89,76672.32,76851.58,59643904
2026-09-11 03:15,76867.62,76867.62,76725.00,76791.33,535451648
2026-09-11 03:30,76782.60,76871.37,76676.35,76847.19,253198336
2026-09-11 03:45,76852.90,76863.66,76735.01,76863.66,1066293248
2026-09-11 04:00,76865.74,76972.46,76857.42,76946.95,145833984
2026-09-11 04:15,76951.91,77155.90,76916.94,77147.28,126887936
2026-09-11 04:30,77158.55,77160.00,77053.06,77071.39,189364224
2026-09-11 04:45,77071.39,77121.01,77062.18,77086.00,0
2026-09-11 05:00,77083.28,77120.00,77036.76,77116.00,23232512
2026-09-11 05:15,77116.00,77119.99,77059.00,77065.36,958261248
2026-09-11 05:30,77072.33,77168.28,77045.88,77162.97,0
2026-09-11 05:45,77162.99,77225.29,77129.65,77225.28,118642688
2026-09-11 06:00,77225.28,77405.99,77198.72,77369.68,210120704
2026-09-11 06:15,77351.36,77369.68,77221.48,77245.90,203399168
2026-09-11 06:30,77245.90,77245.90,77139.29,77202.51,305352704
2026-09-11 06:45,77213.41,77268.87,77209.38,77265.12,0
2026-09-11 07:00,77256.99,77360.36,77256.99,77285.30,31510528
2026-09-11 07:15,77286.14,77379.46,77267.44,77306.75,249782272
2026-09-11 07:30,77303.68,77314.97,77222.18,77236.73,244041728
2026-09-11 07:45,77235.13,77235.67,77168.68,77199.53,260919296
2026-09-11 08:00,77192.62,77241.02,77107.21,77150.47,186793984
2026-09-11 08:15,77150.47,77394.87,77150.47,77357.77,156186624
2026-09-11 08:30,77353.86,77474.85,77328.88,77393.45,428822528
2026-09-11 08:45,77393.45,77401.68,77309.55,77337.07,374994944
2026-09-11 09:00,77337.07,77348.19,77226.24,77247.17,140480512
2026-09-11 09:15,77238.97,77271.97,77109.81,77110.06,247101440
2026-09-11 09:30,77107.44,77141.65,76833.54,76932.25,0
2026-09-11 09:45,76941.32,77038.77,76935.93,77021.98,515807232
2026-09-11 10:00,77004.43,77129.64,76959.91,77057.72,0
2026-09-11 10:15,77065.00,77115.87,77006.24,77006.46,434143232
2026-09-11 10:30,77006.47,77031.88,76928.89,76978.00,391641088
2026-09-11 10:45,76978.00,77015.68,76965.77,76966.64,344778752
2026-09-11 11:00,76955.68,76965.76,76726.78,76758.58,112484352
2026-09-11 11:15,76762.15,76885.55,76732.80,76815.95,360435712
2026-09-11 11:30,76815.95,76877.72,76760.60,76873.87,259713024
2026-09-11 11:45,76873.87,77014.88,76859.75,77014.88,128423936
2026-09-11 12:00,76994.69,77089.64,76865.70,76894.19,71589888
2026-09-11 12:15,76901.33,77309.03,76889.79,77119.72,122009600
2026-09-11 12:30,77136.63,77648.64,76173.28,77563.44,1324396544
2026-09-11 12:45,77577.95,78090.00,77544.29,77990.86,459806720
2026-09-11 13:00,77968.32,77968.32,77530.03,77683.70,824528896
2026-09-11 13:15,77698.39,77806.00,77477.01,77499.22,0
2026-09-11 13:30,77486.32,77879.95,77222.84,77765.27,1107046400
2026-09-11 13:45,77830.00,79306.80,77746.59,79206.56,899086336
2026-09-11 14:00,79148.10,79748.38,78814.42,79033.42,1606303744
2026-09-11 14:15,79044.18,79167.03,78908.83,79025.18,761952256
2026-09-11 14:30,78995.00,79019.43,78530.27,78616.79,425975808
2026-09-11 14:45,78656.08,78859.73,78495.67,78789.51,467644416
2026-09-11 15:00,78830.00,78830.00,78490.13,78491.35,61026304
2026-09-11 15:15,78484.15,78758.94,78484.15,78697.57,171829248
2026-09-11 15:30,78693.97,78822.37,78628.95,78636.63,251686912
2026-09-11 15:45,78621.66,78641.25,77363.22,77703.35,246282240
2026-09-11 16:00,77664.21,78037.87,77664.21,77775.36,1050753024
2026-09-11 16:15,77771.29,77819.79,77375.90,77639.46,398983168
2026-09-11 16:30,77603.51,77780.98,77529.36,77780.98,291061760
2026-09-11 16:45,77782.55,77967.57,77774.92,77904.12,928972800
2026-09-11 17:00,77899.71,77946.99,77728.67,77734.63,246693888
2026-09-11 17:15,77739.51,77897.00,77681.88,77822.96,177389568
2026-09-11 17:30,77822.33,77862.32,77552.97,77585.37,0
2026-09-11 17:45,77581.47,77614.00,77466.67,77505.18,20090880
2026-09-11 18:00,77505.18,77508.16,76875.23,77041.38,583602176
2026-09-11 18:15,77040.00,77225.41,77031.03,77189.10,331182080
2026-09-11 18:30,77189.29,77266.00,77076.72,77088.64,142401536
2026-09-11 18:45,77093.64,77179.12,76923.70,77017.67,7999488
2026-09-11 19:00,77027.87,77214.48,76980.15,77190.96,1124331520
2026-09-11 19:15,77186.35,77273.10,77072.01,77207.75,141103104
2026-09-11 19:30,77198.00,77307.10,77170.36,77284.76,191700992
2026-09-11 19:45,77288.91,77355.14,77221.14,77282.86,27095040
2026-09-11 20:00,77256.62,77461.92,77255.02,77430.97,7393280
2026-09-11 20:15,77425.26,77436.13,77352.32,77372.93,190144512
2026-09-11 20:30,77358.63,77445.88,77262.00,77391.84,130813952
2026-09-11 20:45,77390.07,77399.09,77175.12,77305.95,235765760
2026-09-11 21:00,77311.44,77407.57,77299.54,77340.89,85458944
2026-09-11 21:15,77350.80,77411.26,77328.24,77342.68,198352896
2026-09-11 21:30,77337.78,77382.15,77319.80,77334.49,22368256
2026-09-11 21:45,77334.82,77340.62,77063.51,77104.18,75866112
2026-09-11 22:00,77104.69,77175.55,76962.54,77175.55,317345792
2026-09-11 22:15,77175.56,77215.53,77085.08,77114.52,61308928
2026-09-11 22:30,77086.57,77191.12,76983.72,77096.88,491626496
2026-09-11 22:45,77096.66,77141.92,76977.11,77121.61,309772288
2026-09-11 23:00,77121.61,77193.30,77098.66,77110.46,196587520
2026-09-11 23:15,77116.49,77180.66,77109.22,77174.20,156856320
2026-09-11 23:30,77175.03,77209.97,77141.06,77158.49,0
2026-09-11 23:45,77168.08,77210.88,77150.03,77208.66,19820544
2026-09-12 00:00,77207.01,77293.19,77202.09,77272.45,99323904
2026-09-12 00:15,77280.99,77295.89,77252.91,77254.52,0
2026-09-12 00:30,77254.52,77278.00,77224.32,77271.64,0
2026-09-12 00:45,77269.65,77311.99,77256.39,77271.11,0
2026-09-12 01:00,77271.11,77360.03,77237.27,77360.03,0
2026-09-12 01:15,77360.02,77370.28,77275.31,77310.35,0
2026-09-12 01:30,77310.34,77312.92,77245.08,77261.68,0
2026-09-12 01:45,77268.99,77320.00,77246.31,77250.02,186728448
2026-09-12 02:00,77250.02,77314.26,77250.02,77283.37,0
2026-09-12 02:15,77283.36,77310.28,77265.49,77269.74,45428736
2026-09-12 02:30,77269.75,77286.66,77206.75,77223.11,34328576
2026-09-12 02:45,77224.94,77286.35,77206.76,77286.35,46465024
2026-09-12 03:00,77262.46,77333.86,77231.04,77255.83,41140224
2026-09-12 03:15,77264.58,77304.99,77221.94,77279.92,43237376
2026-09-12 03:30,77279.92,77279.93,77222.74,77243.98,82509824
2026-09-12 03:45,77243.98,77262.10,77223.06,77259.23,0
2026-09-12 04:00,77263.67,77309.84,77259.24,77284.76,0
2026-09-12 04:15,77281.47,77284.76,77206.76,77241.10,0
2026-09-12 04:30,77242.99,77283.09,77223.08,77238.91,163446784
2026-09-12 04:45,77241.47,77251.86,77206.75,77206.75,240275456
2026-09-12 05:00,77207.39,77234.16,77152.54,77214.49,125986816
2026-09-12 05:15,77214.49,77236.38,77183.01,77184.96,249604096
2026-09-12 05:30,77179.27,77250.49,77179.27,77223.53,144525312
2026-09-12 05:45,77223.53,77236.84,77199.72,77200.00,7163904
2026-09-12 06:00,77200.01,77215.48,77186.01,77193.72,181778432
2026-09-12 06:15,77191.15,77228.55,77191.15,77228.42,0
2026-09-12 06:30,77228.42,77312.76,77228.42,77308.83,221179904
2026-09-12 06:45,77308.83,77347.68,77268.91,77279.05,84609024
2026-09-12 07:00,77279.06,77332.57,77279.05,77321.82,57690112
2026-09-12 07:15,77321.82,77323.36,77285.76,77287.59,78356480
2026-09-12 07:30,77287.59,77289.81,77260.46,77263.01,58056704
2026-09-12 07:45,77263.01,77281.99,77242.65,77257.01,18491392
2026-09-12 08:00,77260.27,77333.71,77244.04,77279.99,23834624
2026-09-12 08:15,77279.99,77327.10,77276.84,77282.68,209530880
2026-09-12 08:30,77282.67,77332.54,77282.67,77332.54,61532160
2026-09-12 08:45,77332.54,77356.54,77317.73,77340.73,44132352
2026-09-12 09:00,77340.73,77362.08,77319.00,77342.75,120987648
2026-09-12 09:15,77342.74,77368.78,77326.40,77330.33,69543936
2026-09-12 09:30,77354.88,77362.01,77309.99,77318.12,0
2026-09-12 09:45,77323.53,77347.00,77301.00,77336.02,65370112
2026-09-12 10:00,77336.02,77380.54,77336.02,77380.53,0
2026-09-12 10:15,77380.53,77380.54,77355.91,77356.20,36343808
2026-09-12 10:30,77356.20,77364.99,77331.35,77348.74,54044672
2026-09-12 10:45,77348.95,77364.99,77289.99,77311.71,73752576
2026-09-12 11:00,77311.71,77333.24,77283.35,77308.67,29306880
2026-09-12 11:15,77308.67,77308.67,77268.04,77279.40,11243520
2026-09-12 11:30,77279.40,77333.03,77271.15,77329.84,27656192
2026-09-12 11:45,77329.84,77342.03,77324.23,77339.80,0
2026-09-12 12:00,77338.26,77346.07,77304.46,77314.51,15349760
2026-09-12 12:15,77313.56,77324.33,77291.23,77310.00,125317120
2026-09-12 12:30,77310.00,77325.27,77306.25,77306.33,0
2026-09-12 12:45,77306.33,77327.39,77261.92,77318.06,0
2026-09-12 13:00,77319.48,77376.65,77285.99,77295.93,0
2026-09-12 13:15,77295.92,77310.01,77231.61,77288.56,21125120
2026-09-12 13:30,77286.85,77301.25,77248.76,77274.71,0
2026-09-12 13:45,77274.71,77351.60,77251.30,77351.60,0
2026-09-12 14:00,77351.60,77372.50,77349.00,77349.00,0
2026-09-12 14:15,77349.00,77409.47,77349.00,77404.09,0
2026-09-12 14:30,77402.90,77464.04,77400.04,77424.75,0
2026-09-12 14:45,77433.00,77483.28,77433.00,77444.01,0
2026-09-12 15:00,77446.62,77450.36,77380.01,77405.82,0
2026-09-12 15:15,77405.82,77461.79,77399.77,77434.56,0
2026-09-12 15:30,77429.86,77434.20,77350.16,77379.91,0
2026-09-12 15:45,77379.91,77424.90,77360.20,77363.97,0
2026-09-12 16:00,77363.97,77403.69,77322.80,77345.11,0
2026-09-12 16:15,77345.10,77372.50,77345.05,77368.27,0
2026-09-12 16:30,77368.26,77373.48,77337.96,77343.66,0
2026-09-12 16:45,77343.27,77359.10,77318.65,77337.96,0
2026-09-12 17:00,77353.90,77379.86,77328.30,77339.04,0
2026-09-12 17:15,77339.05,77346.06,77254.25,77279.09,0
2026-09-12 17:30,77279.09,77279.10,77194.45,77221.38,55160832
2026-09-12 17:45,77221.38,77221.38,77157.06,77191.41,61900800
2026-09-12 18:00,77191.42,77202.56,77154.43,77154.43,0
2026-09-12 18:15,77154.43,77195.24,77111.00,77182.00,0
2026-09-12 18:30,77185.25,77185.25,77106.12,77175.03,7499776
2026-09-12 18:45,77175.03,77175.88,77126.28,77126.28,0
2026-09-12 19:00,77128.66,77167.72,77110.00,77165.40,130208768
2026-09-12 19:15,77165.40,77174.99,77110.02,77115.78,132199424
2026-09-12 19:30,77110.53,77135.37,77049.56,77065.80,99369984
2026-09-12 19:45,77065.81,77152.29,77061.54,77105.43,63204352
2026-09-12 20:00,77110.86,77172.62,77110.86,77170.40,0
2026-09-12 20:15,77170.40,77183.39,77141.07,77175.56,66631680
2026-09-12 20:30,77175.55,77195.09,77142.58,77172.91,73383936
2026-09-12 20:45,77163.07,77206.59,77139.67,77152.68,139847680
2026-09-12 21:00,77152.69,77226.73,77136.66,77154.07,144449536
2026-09-12 21:15,77154.08,77198.99,77151.64,77198.99,222915584
2026-09-12 21:30,77199.69,77257.28,77199.44,77224.13,138686464
2026-09-12 21:45,77223.37,77261.94,77187.39,77240.79,230756352
2026-09-12 22:00,77240.79,77274.03,77200.00,77209.67,0
2026-09-12 22:15,77250.78,77285.82,77165.55,77182.06,39586816
2026-09-12 22:30,77183.24,77214.37,77171.98,77183.69,189774848
2026-09-12 22:45,77183.69,77231.69,77182.44,77219.86,0
2026-09-12 23:00,77219.83,77265.40,77214.19,77261.48,0
2026-09-12 23:15,77261.49,77275.00,77224.56,77240.01,0
2026-09-12 23:30,77240.01,77249.30,77223.02,77236.86,72227840
2026-09-12 23:45,77236.85,77284.25,77236.81,77266.42,3088384
2026-09-13 00:00,77262.84,77291.20,77247.31,77254.31,0
2026-09-13 00:15,77254.31,77269.99,77247.69,77247.70,0
2026-09-13 00:30,77247.69,77254.68,77135.63,77201.78,274306048
2026-09-13 00:45,77201.78,77254.53,77201.78,77252.96,64580608
2026-09-13 01:00,77252.95,77274.66,77231.70,77255.66,25951232
2026-09-13 01:15,77255.66,77314.30,77226.97,77226.97,258601984
2026-09-13 01:30,77234.73,77280.00,77222.07,77271.23,105315328
2026-09-13 01:45,77271.23,77299.54,77259.40,77299.53,49307648
2026-09-13 02:00,77299.31,77299.31,77251.03,77261.80,0
2026-09-13 02:15,77261.81,77270.00,77226.99,77240.00,14605312
2026-09-13 02:30,77239.99,77276.14,77215.68,77276.14,13697024
2026-09-13 02:45,77278.59,77293.64,77256.97,77268.02,38493184
2026-09-13 03:00,77268.02,77297.52,77241.39,77261.91,126209024
2026-09-13 03:15,77261.90,77268.34,77223.28,77235.80,103285760
2026-09-13 03:30,77235.81,77235.81,77183.41,77199.45,50340864
2026-09-13 03:45,77199.45,77205.00,77163.14,77176.07,119117824
2026-09-13 04:00,77177.62,77237.30,77173.74,77184.74,111903744
2026-09-13 04:15,77184.74,77233.79,77184.73,77199.04,28883968
2026-09-13 04:30,77200.59,77210.04,77184.74,77194.01,206878720
2026-09-13 04:45,77194.00,77206.90,77174.99,77187.43,100676608
2026-09-13 05:00,77188.42,77227.32,77188.42,77221.11,0
2026-09-13 05:15,77221.11,77265.60,77221.10,77265.60,0
2026-09-13 05:30,77265.61,77286.99,77265.60,77286.98,0
2026-09-13 05:45,77287.85,77299.39,77285.00,77291.43,43626496
2026-09-13 06:00,77291.43,77298.75,77275.05,77279.24,11856896
2026-09-13 06:15,77279.24,77286.78,77262.76,77278.14,81619968
2026-09-13 06:30,77278.13,77281.63,77249.24,77277.49,17391616
2026-09-13 06:45,77277.50,77277.50,77031.83,77099.74,105267200
2026-09-13 07:00,77077.15,77149.01,77069.37,77148.39,236005376
2026-09-13 07:15,77143.96,77154.73,77105.80,77122.75,19265536
2026-09-13 07:30,77119.93,77140.23,77066.54,77137.65,27800576
2026-09-13 07:45,77137.66,77141.72,77068.38,77100.18,64941056
2026-09-13 08:00,77093.25,77150.92,77014.77,77045.26,87688192
2026-09-13 08:15,77045.26,77045.26,76980.73,76996.10,15527936
2026-09-13 08:30,76973.13,76973.13,76730.56,76800.93,206174208
2026-09-13 08:45,76808.20,76852.58,76734.23,76780.98,234174464
2026-09-13 09:00,76777.68,76863.70,76757.29,76787.80,77852672
2026-09-13 09:15,76787.79,76787.79,76574.52,76615.89,280950784
2026-09-13 09:30,76616.99,76750.79,76532.49,76685.18,263425024
2026-09-13 09:45,76685.18,76782.17,76685.18,76766.09,25180160
2026-09-13 10:00,76758.36,76781.90,76720.11,76762.02,67135488
2026-09-13 10:15,76762.03,76773.54,76710.21,76729.46,34003968
2026-09-13 10:30,76729.45,76781.03,76661.77,76663.34,113951744
2026-09-13 10:45,76666.44,76723.94,76600.00,76623.94,39816192
2026-09-13 11:00,76639.99,76677.55,76497.54,76497.55,133869568
2026-09-13 11:15,76497.54,76642.43,76497.54,76628.06,203614208
2026-09-13 11:30,76628.09,76773.53,76614.45,76748.82,0
2026-09-13 11:45,76747.29,76769.72,76716.84,76749.26,232254464
2026-09-13 12:00,76760.54,76782.24,76721.40,76767.99,164423680
2026-09-13 12:15,76768.40,76828.21,76768.40,76809.07,11367424
2026-09-13 12:30,76806.67,76821.68,76682.02,76693.38,206589952
2026-09-13 12:45,76682.02,76741.13,76669.36,76730.16,116953088
2026-09-13 13:00,76727.00,76739.03,76652.10,76736.10,0
2026-09-13 13:15,76736.61,76739.74,76521.42,76545.06,0
2026-09-13 13:30,76549.55,76744.28,76542.26,76738.75,41074688
2026-09-13 13:45,76748.87,76891.50,76748.87,76818.13,157906944
2026-09-13 14:00,76821.00,76978.82,76815.14,76978.82,63862784
2026-09-13 14:15,76981.89,77091.11,76981.89,77070.01,145879040
2026-09-13 14:30,77081.50,77224.32,77048.17,77149.78,208214016
2026-09-13 14:45,77150.47,77214.49,77135.10,77177.82,111201280
2026-09-13 15:00,77182.09,77182.09,77070.55,77096.46,6168576
2026-09-13 15:15,77096.45,77179.08,76991.36,77017.13,219118592
2026-09-13 15:30,77027.84,77149.99,77017.12,77141.80,145486848
2026-09-13 15:45,77138.22,77145.38,77082.57,77105.27,22152192
2026-09-13 16:00,77110.20,77237.44,77106.24,77183.41,2348032
2026-09-13 16:15,77183.40,77270.32,77167.87,77212.88,180865024
2026-09-13 16:30,77214.19,77332.17,77208.38,77294.59,247133184
2026-09-13 16:45,77288.31,77299.99,77219.06,77257.36,176520192
2026-09-13 17:00,77258.84,77393.70,77258.84,77346.39,123829248
2026-09-13 17:15,77347.94,77366.93,77266.84,77271.39,111712256
2026-09-13 17:30,77272.26,77273.12,77215.04,77247.48,13720576
2026-09-13 17:45,77250.61,77342.67,77248.48,77298.60,112361472
2026-09-13 18:00,77290.67,77342.07,77273.21,77333.17,0
2026-09-13 18:15,77330.58,77360.00,77299.02,77299.02,153506816
2026-09-13 18:30,77299.01,77349.99,77283.36,77347.29,0
2026-09-13 18:45,77347.28,77359.97,77308.16,77312.34,41602048
2026-09-13 19:00,77312.33,77386.25,77247.83,77247.83,23627776
2026-09-13 19:15,77249.04,77263.02,77210.00,77239.04,0
2026-09-13 19:30,77241.39,77244.94,77193.07,77215.45,0
2026-09-13 19:45,77216.22,77256.97,77207.70,77253.72,0
2026-09-13 20:00,77260.67,77277.08,77227.37,77274.31,0
2026-09-13 20:15,77274.34,77305.93,77260.67,77288.13,18371584
2026-09-13 20:30,77289.66,77337.88,77264.45,77293.99,558080
2026-09-13 20:45,77293.99,77340.13,77293.98,77313.47,121001984
2026-09-13 21:00,77323.30,77339.44,77276.57,77328.20,0
2026-09-13 21:15,77331.75,77419.05,77326.58,77387.17,21844992
2026-09-13 21:30,77387.17,77387.18,77309.78,77349.36,56468480
2026-09-13 21:45,77349.88,77354.66,77278.79,77280.55,58286080
2026-09-13 22:00,77259.12,77259.12,76874.28,76893.29,182733824
2026-09-13 22:15,76893.24,76893.24,76681.08,76806.64,284550144
2026-09-13 22:30,76808.18,76849.51,76686.28,76693.30,642504704
2026-09-13 22:45,76718.65,76765.80,76623.34,76680.17,140981248
2026-09-13 23:00,76665.14,76729.37,76632.78,76681.90,215031808
2026-09-13 23:15,76681.13,76719.66,76592.61,76698.43,93526016
2026-09-13 23:30,76697.65,76825.97,76690.25,76801.55,105170944
2026-09-13 23:45,76783.63,76837.16,76746.38,76799.86,129467392
2026-09-14 00:00,76815.13,77004.83,76787.35,76864.71,186139648
2026-09-14 00:15,76864.71,76899.71,76355.34,76448.19,189048832
2026-09-14 00:30,76434.12,76774.00,76423.25,76770.28,366600192
2026-09-14 00:45,76764.89,76842.68,76721.92,76767.39,126126080
2026-09-14 01:00,76767.39,76849.99,76668.89,76721.14,45688832
2026-09-14 01:15,76713.56,76872.64,76618.65,76814.39,76305408
2026-09-14 01:30,76802.40,76928.70,76606.83,76779.43,86967296
2026-09-14 01:45,76775.19,77126.69,76735.12,77076.83,292367360
2026-09-14 02:00,77069.18,77353.68,76983.95,77349.58,181549056
2026-09-14 02:15,77340.00,77630.00,77245.01,77511.25,335951872
2026-09-14 02:30,77530.67,77634.95,77397.86,77445.16,268027904
2026-09-14 02:45,77463.14,77672.47,77463.14,77568.87,511316992
2026-09-14 03:00,77581.48,77804.14,77561.12,77758.71,263191552
2026-09-14 03:15,77761.95,77828.76,77706.09,77773.67,492913664
2026-09-14 03:30,77759.02,77759.02,77492.52,77498.09,81630208
2026-09-14 03:45,77503.99,77566.62,77462.81,77566.62,265462784
2026-09-14 04:00,77566.50,77600.61,77494.10,77549.27,151438336
2026-09-14 04:15,77543.81,77658.83,77506.78,77597.49,48034816
2026-09-14 04:30,77605.44,77647.96,77497.82,77597.89,610923520
2026-09-14 04:45,77597.90,77668.00,77545.76,77646.45,188156928
2026-09-14 05:00,77648.97,77650.00,77525.98,77606.51,173760512
2026-09-14 05:15,77606.51,77606.52,77478.79,77481.84,74430464
2026-09-14 05:30,77481.85,77584.60,77478.01,77521.49,143132672
2026-09-14 05:45,77521.50,77576.64,77455.00,77576.64,32417792
2026-09-14 06:00,77583.99,77862.41,77560.69,77728.70,119185408
2026-09-14 06:15,77743.67,77743.67,77525.25,77525.25,80379904
2026-09-14 06:30,77510.83,77727.77,77337.96,77699.98,204017664
2026-09-14 06:45,77699.98,77724.35,77550.33,77557.54,21190656
2026-09-14 07:00,77556.90,77704.96,77479.38,77625.86,161216512
2026-09-14 07:15,77625.00,77714.69,77610.00,77670.36,44388352
2026-09-14 07:30,77674.94,77843.59,77647.08,77822.34,148406272
2026-09-14 07:45,77822.34,77855.51,77753.34,77855.50,615647232
2026-09-14 08:00,77859.15,77859.15,77670.80,77738.65,117839872
2026-09-14 08:15,77739.14,77936.87,77663.96,77724.37,125966336
2026-09-14 08:30,77714.70,77783.51,77667.43,77724.36,147779584
2026-09-14 08:45,77728.89,77741.45,77627.38,77705.03,0
2026-09-14 09:00,77705.04,77797.89,77665.20,77678.33,76515328
2026-09-14 09:15,77673.36,77753.33,77567.24,77753.33,91572224
2026-09-14 09:30,77747.42,77894.01,77747.42,77857.28,4265984
2026-09-14 09:45,77857.29,78341.51,77857.29,78108.59,350775296
2026-09-14 10:00,78130.07,78136.54,77980.73,78007.94,322478080
2026-09-14 10:15,78014.06,78043.13,77907.91,77928.44,164263936
2026-09-14 10:30,77939.48,77969.33,77888.59,77921.69,94935040
2026-09-14 10:45,77933.88,77995.88,77859.57,77867.39,57212928
2026-09-14 11:00,77867.48,77872.47,77673.05,77733.82,130183168
2026-09-14 11:15,77731.00,77885.23,77709.17,77873.33,101414912
2026-09-14 11:30,77869.21,77890.07,77660.71,77798.56,134092800
2026-09-14 11:45,77798.56,77808.51,77654.70,77738.76,104646656
2026-09-14 12:00,77741.24,77823.84,77677.17,77801.63,88621056
2026-09-14 12:15,77811.30,77961.84,77806.07,77961.10,131911680
2026-09-14 12:30,77962.90,78035.91,77726.48,77893.68,291424256
2026-09-14 12:45,77865.96,77901.31,77568.08,77659.24,164988928
2026-09-14 13:00,77659.24,77698.33,77434.40,77670.38,285374464
2026-09-14 13:15,77677.52,77818.95,77677.52,77813.95,132505600
2026-09-14 13:30,77828.16,78217.01,77801.31,78126.60,541147136
2026-09-14 13:45,78110.76,78441.48,78022.01,78139.74,557918208
2026-09-14 14:00,78145.95,78499.05,78145.95,78479.30,372090880
2026-09-14 14:15,78479.30,78622.73,78188.29,78350.38,321230848
2026-09-14 14:30,78361.92,78664.83,78321.96,78407.63,426485760
2026-09-14 14:45,78428.32,78604.55,78371.99,78497.16,250155008
2026-09-14 15:00,78461.48,78568.87,78271.60,78470.22,323260416
2026-09-14 15:15,78468.18,78587.64,78368.00,78378.03,350076928
2026-09-14 15:30,78398.34,78580.87,78306.66,78523.03,338069504
2026-09-14 15:45,78528.80,78662.19,78334.31,78553.05,975597568
2026-09-14 16:00,78553.81,78580.33,78402.22,78418.68,98596864
2026-09-14 16:15,78423.08,78863.37,78423.08,78651.33,451342336
2026-09-14 16:30,78646.28,78714.50,78595.69,78622.27,497860608
2026-09-14 16:45,78628.04,78883.71,78624.06,78752.83,57993216
2026-09-14 17:00,78752.84,78874.00,78720.77,78817.98,225509376
2026-09-14 17:15,78823.44,78980.60,78776.18,78882.02,278892544
2026-09-14 17:30,78884.34,78903.23,78701.91,78838.59,228083712
2026-09-14 17:45,78842.01,79026.68,78822.67,78941.80,386572288
2026-09-14 18:00,78941.80,78995.65,78842.07,78842.07,295344128
2026-09-14 18:15,78847.54,79252.84,78838.58,79143.40,223922176
2026-09-14 18:30,79148.41,79237.02,78988.72,79182.33,522674176
2026-09-14 18:45,79173.38,79323.30,79172.00,79219.79,489541632
2026-09-14 19:00,79213.23,79213.23,79007.92,79071.07,834662400
2026-09-14 19:15,79114.45,79241.27,79081.44,79134.85,1097230336
2026-09-14 19:30,79120.68,79190.64,78956.59,79134.00,253427712
2026-09-14 19:45,79126.26,79148.29,78975.00,78978.70,149751808
2026-09-14 20:00,78985.01,79192.98,78968.87,79174.74,943464448
2026-09-14 20:15,79172.44,79568.04,79172.44,79450.00,465369088
2026-09-14 20:30,79447.61,79478.07,79323.58,79327.12,435965952
2026-09-14 20:45,79328.23,79373.63,79075.00,79089.64,292003840
2026-09-14 21:00,79106.49,79106.49,78785.38,78862.90,280100864
2026-09-14 21:15,78876.72,78981.32,78800.98,78896.76,386084864
2026-09-14 21:30,78893.54,78956.00,78776.11,78801.00,156252160
2026-09-14 21:45,78801.01,78814.55,78730.43,78744.14,89485312
2026-09-14 22:00,78761.08,78841.67,78695.50,78819.50,0
2026-09-14 22:15,78811.43,78826.74,78505.37,78573.07,34826240
2026-09-14 22:30,78574.81,78653.62,78496.36,78642.51,208832512
2026-09-14 22:45,78642.51,78642.51,78535.67,78540.26,60233728
2026-09-14 23:00,78541.30,78560.82,78350.15,78414.79,208099328
2026-09-14 23:15,78414.79,78461.68,78350.00,78389.28,110592
2026-09-14 23:30,78370.00,78370.00,78250.31,78303.96,154206208
2026-09-14 23:45,78303.96,78303.96,78113.05,78192.45,54984704
2026-09-15 00:00,78167.75,78242.75,78110.00,78110.00,27686912
2026-09-15 00:15,78113.83,78121.36,77978.07,78009.14,125337600
2026-09-15 00:30,78011.42,78073.92,77924.70,77950.01,30410752
2026-09-15 00:45,77949.34,78007.75,77925.85,77938.06,147718144
2026-09-15 01:00,77938.06,77938.07,77721.53,77805.97,56047616
2026-09-15 01:15,77805.97,78011.18,77780.98,77844.03,137261056
2026-09-15 01:30,77844.02,78001.67,77830.10,77992.86,253589504
2026-09-15 01:45,77941.05,78059.87,77893.87,77898.98,42203136
2026-09-15 02:00,77890.48,77999.99,77861.13,77972.63,0
2026-09-15 02:15,77972.64,78001.00,77893.71,77940.50,0
2026-09-15 02:30,77928.17,77942.75,77835.89,77859.49,0
2026-09-15 02:45,77859.39,77902.64,77768.82,77890.65,0
2026-09-15 03:00,77886.78,77886.78,77689.09,77701.31,0
2026-09-15 03:15,77709.31,77829.02,77692.46,77820.40,727617536
2026-09-15 03:30,77820.68,77836.52,77752.90,77783.53,57446400
2026-09-15 03:45,77783.53,77791.48,77631.25,77636.40,0
2026-09-15 04:00,77659.58,77724.42,77618.43,77625.02,96528384
2026-09-15 04:15,77625.02,77665.65,77542.13,77610.50,421341184
2026-09-15 04:30,77624.24,77636.60,77517.71,77620.71,117350400
2026-09-15 04:45,77620.71,77620.71,77547.75,77547.75,0
2026-09-15 05:00,77547.76,77626.38,77287.14,77390.59,0
2026-09-15 05:15,77392.98,77450.69,77296.45,77446.69,202522624
2026-09-15 05:30,77441.71,77477.43,77357.53,77440.58,43704320
2026-09-15 05:45,77441.80,77649.09,77437.89,77609.97,517099520
2026-09-15 06:00,77620.84,77711.59,77551.32,77555.21,33546240
2026-09-15 06:15,77555.21,77576.22,77371.14,77385.47,99985408
2026-09-15 06:30,77385.46,77437.01,77376.64,77425.66,40499200
2026-09-15 06:45,77409.16,77426.63,77165.11,77247.99,55232512
2026-09-15 07:00,77261.89,77294.12,77164.85,77193.39,91312128
2026-09-15 07:15,77194.33,77288.79,77172.69,77261.03,133816320
2026-09-15 07:30,77261.04,77261.04,77005.13,77009.52,190947328
2026-09-15 07:45,77005.27,77067.00,76842.36,76883.90,310706176
2026-09-15 08:00,76893.91,76893.91,76650.90,76759.96,237352960
2026-09-15 08:15,76774.72,76836.86,76652.43,76813.53,302897152
2026-09-15 08:30,76818.64,76851.15,76786.60,76800.49,37038080
2026-09-15 08:45,76800.48,76968.67,76800.14,76955.06,411064320
2026-09-15 09:00,76955.06,76955.06,76844.45,76883.45,35375104
2026-09-15 09:15,76881.86,76943.52,76816.25,76875.45,47306752
2026-09-15 09:30,76875.46,76956.14,76855.06,76952.62,0
2026-09-15 09:45,76952.62,77026.00,76926.24,76946.27,0
2026-09-15 10:00,76951.52,77012.77,76865.23,76963.12,0
2026-09-15 10:15,76954.66,77000.22,76842.88,76842.88,229937152
2026-09-15 10:30,76842.88,77015.02,76832.21,77015.02,266084352
2026-09-15 10:45,77015.02,77134.21,76963.04,77014.58,178137088
2026-09-15 11:00,77020.05,77178.98,76965.92,76989.99,3024896
2026-09-15 11:15,76993.31,77072.28,76927.88,76955.41,107970560
2026-09-15 11:30,76955.40,76964.99,76802.28,76893.76,204240896
2026-09-15 11:45,76891.74,76916.34,76805.08,76895.19,141686784
2026-09-15 12:00,76900.69,76936.72,76821.06,76893.17,19851264
2026-09-15 12:15,76893.14,76960.44,76869.30,76911.74,53229568
2026-09-15 12:30,76914.09,76935.08,76818.30,76910.00,26748928
2026-09-15 12:45,76910.00,77099.99,76838.03,76924.93,0
2026-09-15 13:00,76916.25,77094.05,76916.25,76954.39,94724096
2026-09-15 13:15,76963.11,76969.18,76863.01,76907.23,0
2026-09-15 13:30,76896.04,76896.04,76094.68,76378.79,375760896
2026-09-15 13:45,76400.00,76571.36,76097.06,76571.36,1025204224
2026-09-15 14:00,76580.49,76642.89,76272.15,76359.99,547588096
2026-09-15 14:15,76367.95,76438.91,76267.33,76295.62,0
2026-09-15 14:30,76264.78,76285.60,75627.77,75845.96,571697152
2026-09-15 14:45,75845.89,75921.99,75546.34,75853.18,1059082240
2026-09-15 15:00,75835.88,76049.52,75774.05,75957.95,154570752
2026-09-15 15:15,75967.97,76460.02,75878.14,76296.36,362078208
2026-09-15 15:30,76291.52,76410.68,76236.44,76389.64,358526976
2026-09-15 15:45,76382.52,76556.57,76382.52,76467.97,97908736
2026-09-15 16:00,76493.56,76529.96,76219.37,76221.97,27226112
2026-09-15 16:15,76228.12,76447.88,76228.12,76422.67,137332736
2026-09-15 16:30,76423.44,76436.36,76246.42,76317.28,3563520
2026-09-15 16:45,76307.28,76450.00,76307.28,76330.48,120459264
2026-09-15 17:00,76329.96,76364.96,76133.32,76212.01,0
2026-09-15 17:15,76212.01,76488.09,76187.12,76470.72,41959424
2026-09-15 17:30,76459.71,77269.89,76459.71,76715.48,408795136
2026-09-15 17:45,76729.99,77037.48,76728.16,76917.32,277880832
2026-09-15 18:00,76896.04,76919.18,76771.37,76818.72,424816640
2026-09-15 18:15,76829.99,77124.76,76432.67,76835.68,0
2026-09-15 18:30,76840.14,76887.35,75713.31,75738.00,338890752
2026-09-15 18:45,75729.40,76133.65,74931.00,75923.90,4553754624
2026-09-15 19:00,75902.55,76198.75,75765.58,75924.66,1171750912
2026-09-15 19:15,75916.84,76250.03,75824.11,75872.08,512962560
2026-09-15 19:30,75864.79,76009.19,75819.32,75856.30,259330048
2026-09-15 19:45,75844.94,76129.52,75809.87,76129.52,129265664
2026-09-15 20:00,76119.47,76179.11,75873.43,75980.88,122736640
2026-09-15 20:15,75948.31,75981.30,75687.34,75687.34,353783808
2026-09-15 20:30,75668.67,75809.11,75565.97,75809.11,1093332992
2026-09-15 20:45,75832.21,75946.03,75817.27,75871.40,375943168
2026-09-15 21:00,75873.92,75901.01,75648.97,75807.56,205062144
2026-09-15 21:15,75784.87,75845.00,75592.48,75624.24,38477824
2026-09-15 21:30,75619.06,75710.42,75502.46,75685.24,92622848
2026-09-15 21:45,75685.24,75698.05,75347.66,75414.74,126312448
2026-09-15 22:00,75404.19,75517.28,75293.31,75312.03,0
2026-09-15 22:15,75321.82,75505.00,75110.04,75434.53,271265792
2026-09-15 22:30,75438.55,75612.56,75430.57,75559.89,377176064
2026-09-15 22:45,75547.06,75690.22,75547.05,75611.00,92602368
2026-09-15 23:00,75613.26,75842.08,75613.26,75829.84,7122944
2026-09-15 23:15,75841.77,75890.49,75681.38,75681.42,224825344
2026-09-15 23:30,75648.20,75683.20,75509.72,75622.55,193925120
2026-09-15 23:45,75625.70,75661.89,75560.00,75584.17,288763904
2026-09-16 00:00,75594.45,75733.32,75523.35,75639.46,103202816
2026-09-16 00:15,75644.01,75792.04,75618.64,75790.73,147279872
2026-09-16 00:30,75795.99,75860.77,75716.78,75743.79,92712960
2026-09-16 00:45,75748.50,75823.84,75670.41,75712.21,204734464
2026-09-16 01:00,75715.43,75808.74,75643.94,75724.95,143671296
2026-09-16 01:15,75719.96,75901.01,75666.24,75815.69,57176064
2026-09-16 01:30,75811.58,75811.58,75481.34,75600.58,1098047488
2026-09-16 01:45,75589.28,75657.41,75403.01,75434.59,163352576
2026-09-16 02:00,75431.47,75610.33,75420.87,75595.42,73568256
2026-09-16 02:15,75595.41,75884.85,75592.87,75880.67,176902144
2026-09-16 02:30,75911.48,76030.24,75871.63,75901.42,154963968
2026-09-16 02:45,75891.29,75940.14,75750.14,75824.85,243572736
2026-09-16 03:00,75831.24,75930.93,75760.00,75890.31,206647296
2026-09-16 03:15,75890.30,76016.37,75784.85,75789.38,71163904
2026-09-16 03:30,75784.85,75845.11,75711.78,75730.11,265670656
2026-09-16 03:45,75742.80,75780.29,75694.54,75755.41,34729984
2026-09-16 04:00,75769.69,75860.31,75755.50,75823.64,98344960
2026-09-16 04:15,75811.58,75933.48,75772.30,75811.58,0
2026-09-16 04:30,75803.87,75962.07,75790.24,75870.82,179867648
2026-09-16 04:45,75871.28,75912.19,75745.58,75796.35,157659136
2026-09-16 05:00,75796.34,75813.71,75610.34,75739.92,161255424
2026-09-16 05:15,75739.91,75857.95,75739.91,75827.53,54669312
2026-09-16 05:30,75825.73,75940.24,75775.78,75899.99,149471232
2026-09-16 05:45,75901.84,75909.30,75828.62,75905.90,119844864
2026-09-16 06:00,75929.16,75972.75,75901.81,75942.49,100294656
2026-09-16 06:15,75926.99,75956.91,75829.97,75857.60,287510528
2026-09-16 06:30,75854.99,75884.79,75753.19,75864.53,71401472
2026-09-16 06:45,75864.53,75969.00,75853.22,75969.00,39526400
2026-09-16 07:00,75967.49,76025.16,75742.48,75810.21,237494272
2026-09-16 07:15,75821.17,75862.33,75738.12,75746.32,60456960
2026-09-16 07:30,75754.14,75840.08,75698.10,75752.04,152227840
2026-09-16 07:45,75749.00,75825.54,75665.67,75695.03,479346688
2026-09-16 08:00,75675.42,75688.99,75399.99,75447.21,39186432
2026-09-16 08:15,75431.53,75561.89,75284.37,75350.46,325562368
2026-09-16 08:30,75361.70,75511.73,75361.70,75488.33,246362112
2026-09-16 08:45,75484.62,75670.39,75472.80,75670.39,18354176
2026-09-16 09:00,75670.40,75883.43,75664.51,75725.00,103477248
2026-09-16 09:15,75725.00,75811.63,75688.43,75767.64,325681152
2026-09-16 09:30,75769.12,75880.57,75769.12,75852.95,111185920
2026-09-16 09:45,75852.95,75924.04,75817.37,75924.04,145899520
2026-09-16 10:00,75924.04,75980.46,75858.89,75881.01,116838400
2026-09-16 10:15,75879.37,75951.04,75851.09,75908.96,27705344
2026-09-16 10:30,75908.97,75934.97,75873.00,75917.54,28422144
2026-09-16 10:45,75917.48,75917.54,75829.26,75885.51,325058560
2026-09-16 11:00,75953.87,75984.63,75838.77,75839.76,14548992
2026-09-16 11:15,75839.76,75916.37,75805.02,75903.97,67411968
2026-09-16 11:30,75897.61,76207.38,75886.39,76167.99,134828032
2026-09-16 11:45,76160.02,76233.16,76092.66,76182.14,562819072
2026-09-16 12:00,76172.09,76232.38,76042.67,76057.68,123396096
2026-09-16 12:15,76053.08,76099.79,75843.34,75874.36,352464896
2026-09-16 12:30,75863.96,75957.98,75725.81,75888.81,870699008
2026-09-16 12:45,75888.81,75977.69,75839.64,75901.22,224116736
2026-09-16 13:00,75890.41,75895.11,75607.85,75730.34,0
2026-09-16 13:15,75723.56,75807.72,75648.71,75695.04,284610560
2026-09-16 13:30,75704.99,75727.90,75511.39,75709.14,91852800
2026-09-16 13:45,75696.35,75874.31,75541.82,75582.09,29528064
2026-09-16 14:00,75584.32,75595.70,75351.57,75498.99,60219392
2026-09-16 14:15,75511.80,75762.00,75478.60,75749.01,151048192
2026-09-16 14:30,75752.72,75755.86,75555.00,75696.94,37171200
2026-09-16 14:45,75693.15,75693.15,75404.00,75618.98,526716928
2026-09-16 15:00,75636.08,75728.98,75469.96,75705.58,883679232
2026-09-16 15:15,75696.59,75738.99,75569.42,75572.11,33398784
2026-09-16 15:30,75570.47,75729.50,75498.40,75666.88,23734272
2026-09-16 15:45,75666.88,75888.80,75666.88,75729.31,0
2026-09-16 16:00,75739.11,75811.61,75579.42,75784.12,92297216
2026-09-16 16:15,75777.12,75830.00,75678.63,75721.69,0
2026-09-16 16:30,75734.63,75774.40,75613.69,75616.82,243847168
2026-09-16 16:45,75629.29,75763.99,75629.29,75701.60,94320640
2026-09-16 17:00,75701.55,75732.80,75594.78,75656.95,80762880
2026-09-16 17:15,75658.98,75758.44,75567.05,75655.06,315629568
2026-09-16 17:30,75650.90,75676.22,75313.79,75390.73,13287424
2026-09-16 17:45,75415.94,75847.07,75278.62,75778.44,262178816
2026-09-16 18:00,75691.36,76463.38,75324.71,75722.28,1438273536
2026-09-16 18:15,75727.10,76024.00,75587.23,75849.18,856907776
2026-09-16 18:30,75924.52,76213.07,75006.40,75895.94,34877440
2026-09-16 18:45,75885.23,75970.32,75410.40,75552.62,0
2026-09-16 19:00,75596.48,76108.27,75596.48,75855.56,47263744
2026-09-16 19:15,75888.30,75926.36,75172.15,75451.99,118220800
2026-09-16 19:30,75441.60,75906.66,75368.34,75906.66,124868608
2026-09-16 19:45,75916.07,76053.54,75914.93,76010.21,387713024
2026-09-16 20:00,76000.00,76330.23,75941.73,76138.98,0
2026-09-16 20:15,76133.80,76292.93,76035.62,76133.52,161527808
2026-09-16 20:30,76154.54,76179.99,75950.55,76047.91,101052416
2026-09-16 20:45,76048.03,76127.99,76000.00,76101.46,81670144
2026-09-16 21:00,76104.51,76148.79,76013.60,76044.79,87468032
2026-09-16 21:15,76052.51,76081.66,75961.44,76000.04,26372096
2026-09-16 21:30,76000.05,76023.99,75868.01,75897.00,0
2026-09-16 21:45,75895.57,75959.42,75863.78,75907.46,170688512
2026-09-16 22:00,75923.69,75924.81,75605.07,75833.33,60610560
2026-09-16 22:15,75826.39,75874.52,75609.18,75691.20,64028672
2026-09-16 22:30,75659.72,75755.93,75593.05,75755.93,0
2026-09-16 22:45,75755.93,75761.63,75579.06,75620.08,60932096
2026-09-16 23:00,75617.25,75786.99,75578.70,75786.99,128759808
2026-09-16 23:15,75812.99,76082.79,75791.24,76016.69,210702336
2026-09-16 23:30,76009.12,76158.91,76000.00,76150.49,48588800
2026-09-16 23:45,76156.33,76214.78,76090.69,76143.96,144338944
2026-09-17 00:00,76144.99,76367.01,76115.15,76264.69,79204352
2026-09-17 00:15,76264.69,76419.22,76254.29,76341.96,280987648
2026-09-17 00:30,76321.50,76445.67,76304.80,76362.13,43710464
2026-09-17 00:45,76362.13,76382.67,76268.57,76273.32,128673792
2026-09-17 01:00,76278.72,76297.52,76148.80,76235.39,0
2026-09-17 01:15,76238.92,76585.59,76152.02,76565.88,259104768
2026-09-17 01:30,76550.31,76704.26,76434.07,76530.67,301862912
2026-09-17 01:45,76527.47,76527.47,76260.01,76296.81,93861888
2026-09-17 02:00,76298.05,76328.40,76039.28,76149.21,63690752
2026-09-17 02:15,76129.66,76136.30,75991.77,76112.62,281993216
2026-09-17 02:30,76112.62,76380.82,76084.18,76352.64,983007232
2026-09-17 02:45,76352.63,76418.18,76265.54,76303.74,948111360
2026-09-17 03:00,76303.74,76426.60,76300.95,76359.99,7876608
2026-09-17 03:15,76385.11,76431.98,76336.82,76425.05,75505664
2026-09-17 03:30,76423.32,76461.84,76367.49,76408.78,51617792
2026-09-17 03:45,76408.79,76428.58,76332.30,76364.56,167266304
2026-09-17 04:00,76364.57,76364.57,76221.60,76242.05,140150784
2026-09-17 04:15,76246.82,76254.43,76107.22,76128.81,0
2026-09-17 04:30,76126.53,76311.35,76101.23,76294.67,372367360
2026-09-17 04:45,76284.00,76512.24,76254.55,76460.83,129339392
2026-09-17 05:00,76453.98,76560.47,76374.09,76389.20,67227648
2026-09-17 05:15,76389.21,76469.89,76334.71,76415.17,59576320
2026-09-17 05:30,76415.17,76415.17,76258.40,76276.54,140621824
2026-09-17 05:45,76272.84,76346.40,76234.93,76250.98,740272128
2026-09-17 06:00,76232.09,76403.34,76222.30,76382.03,15054848
2026-09-17 06:15,76382.02,76382.02,76254.97,76355.80,120680448
2026-09-17 06:30,76387.99,76498.93,76377.60,76481.31,36569088
2026-09-17 06:45,76478.99,76521.14,76384.80,76402.92,150378496
2026-09-17 07:00,76392.65,76603.15,76392.65,76464.69,13598720
2026-09-17 07:15,76464.69,76555.80,76432.01,76447.56,50092032
2026-09-17 07:30,76456.06,76461.48,76403.02,76426.32,196542464
2026-09-17 07:45,76412.70,76457.04,76342.38,76377.57,0
2026-09-17 08:00,76388.13,76454.09,76332.47,76335.17,23431168
2026-09-17 08:15,76335.17,76458.79,76311.43,76377.60,0
2026-09-17 08:30,76382.51,76469.25,76329.32,76414.15,10358784
2026-09-17 08:45,76414.15,76514.92,76396.98,76497.64,74452992
2026-09-17 09:00,76499.86,76651.72,76499.86,76611.01,3524608
2026-09-17 09:15,76621.37,76666.92,76578.11,76604.32,130367488
2026-09-17 09:30,76604.32,76695.00,76516.19,76516.19,38952960
2026-09-17 09:45,76516.18,76572.86,76394.34,76395.94,222001152
2026-09-17 10:00,76394.34,76400.99,76237.21,76313.90,36368384
2026-09-17 10:15,76315.46,76323.16,76240.84,76261.47,109197312
2026-09-17 10:30,76262.84,76341.51,76244.34,76244.35,64466944
2026-09-17 10:45,76246.98,76330.79,76184.38,76329.95,297224192
2026-09-17 11:00,76328.52,76370.67,76264.19,76364.95,24649728
2026-09-17 11:15,76364.95,76384.91,76264.91,76315.19,122628096
2026-09-17 11:30,76315.20,76315.20,76094.02,76109.73,102316032
2026-09-17 11:45,76120.20,76400.99,76119.00,76400.99,0
2026-09-17 12:00,76398.60,76741.55,76329.65,76741.55,22702080
2026-09-17 12:15,76744.83,76929.85,76739.23,76914.39,324274176
2026-09-17 12:30,76917.51,77076.90,76786.70,76801.00,566581248
2026-09-17 12:45,76801.80,76820.94,76659.83,76659.83,5681152
2026-09-17 13:00,76646.71,76816.06,76557.91,76587.07,82524160
2026-09-17 13:15,76569.09,76671.05,76388.86,76402.20,135763968
2026-09-17 13:30,76399.46,76511.72,75937.10,76042.10,175884288
2026-09-17 13:45,76075.99,76616.24,75968.11,76612.26,293292032
2026-09-17 14:00,76633.58,76901.61,76314.72,76901.61,176261120
2026-09-17 14:15,76857.30,76966.75,76631.98,76863.51,145061888
2026-09-17 14:30,76873.39,76942.71,76529.68,76541.41,345393152
2026-09-17 14:45,76546.05,76657.26,76417.94,76423.62,30169088
2026-09-17 15:00,76428.72,76428.72,76193.75,76273.75,107882496
2026-09-17 15:15,76267.38,76386.95,76206.88,76379.97,128456704
2026-09-17 15:30,76394.18,76791.10,76371.13,76685.81,1376256
2026-09-17 15:45,76684.79,76732.12,76522.50,76676.42,1020712960
2026-09-17 16:00,76704.34,76740.29,76604.08,76658.40,0
2026-09-17 16:15,76667.84,76725.09,76593.74,76631.91,160309248
2026-09-17 16:30,76635.94,76639.71,76467.95,76639.71,1154117632
2026-09-17 16:45,76639.20,76688.01,76522.27,76688.01,89088000
2026-09-17 17:00,76700.00,76843.93,76671.60,76741.43,279279616
2026-09-17 17:15,76745.16,76887.74,76702.52,76863.45,47667200
2026-09-17 17:30,76864.07,76900.66,76635.05,76635.05,183205888
2026-09-17 17:45,76635.05,76635.05,76506.30,76606.83,7444480
2026-09-17 18:00,76607.80,76662.96,76580.03,76661.07,0
2026-09-17 18:15,76662.25,76727.87,76662.20,76681.60,0
2026-09-17 18:30,76681.71,76693.95,76401.01,76549.13,0
2026-09-17 18:45,76549.14,76623.28,76506.40,76506.40,0
2026-09-17 19:00,76506.40,76564.79,76483.33,76488.38,0
2026-09-17 19:15,76486.92,76553.37,76430.93,76522.07,0
2026-09-17 19:30,76517.80,76564.80,76472.98,76543.52,0
2026-09-17 19:45,76543.52,76623.11,76436.41,76543.34,0
2026-09-17 20:00,76524.55,76588.19,76466.01,76564.57,0
2026-09-17 20:15,76565.31,76672.49,76525.02,76644.83,0
2026-09-17 20:30,76639.34,76639.34,76431.59,76464.09,194938880
2026-09-17 20:45,76470.19,76498.55,76425.01,76498.54,8374272
2026-09-17 21:00,76498.54,76562.23,76429.62,76444.59,69167104
2026-09-17 21:15,76444.59,76511.70,76440.00,76491.95,0
2026-09-17 21:30,76487.39,76516.98,76455.68,76458.94,0
2026-09-17 21:45,76460.38,76460.38,76343.21,76352.55,2560000
2026-09-17 22:00,76343.21,76400.34,76281.78,76301.81,0
2026-09-17 22:15,76301.81,76301.82,76186.88,76202.58,155897856
2026-09-17 22:30,76202.58,76389.28,76190.40,76360.41,0
2026-09-17 22:45,76359.92,76369.48,76252.81,76359.87,110260224
2026-09-17 23:00,76359.87,76444.50,76334.16,76429.66,27242496
2026-09-17 23:15,76425.00,76443.59,76401.00,76416.78,12736512
2026-09-17 23:30,76418.74,76419.30,76320.97,76371.94,0
2026-09-17 23:45,76364.40,76436.18,76326.76,76348.74,260126720
2026-09-18 00:00,76342.50,76404.12,76309.21,76402.53,0
2026-09-18 00:15,76396.14,76396.15,76217.11,76316.63,40421376
2026-09-18 00:30,76322.69,76385.32,76274.71,76368.22,0
2026-09-18 00:45,76368.23,76529.62,76341.75,76526.10,68454400
2026-09-18 01:00,76529.62,76621.54,76475.59,76496.16,120285184
2026-09-18 01:15,76486.95,76578.97,76445.17,76528.08,618199040
2026-09-18 01:30,76521.98,76657.81,76509.83,76623.30,0
2026-09-18 01:45,76623.30,76696.74,76615.23,76659.40,1595392
2026-09-18 02:00,76664.65,76747.65,76568.48,76689.54,0
2026-09-18 02:15,76689.55,76859.23,76670.31,76859.23,61339648
2026-09-18 02:30,76868.44,76966.87,76862.60,76868.08,171902976
2026-09-18 02:45,76868.09,76965.89,76841.46,76910.80,24817664
2026-09-18 03:00,76909.34,77253.42,76900.01,77253.42,41596928
2026-09-18 03:15,77287.55,77516.73,77215.87,77356.87,651608064
2026-09-18 03:30,77378.97,77429.98,77243.40,77264.37,342894592
2026-09-18 03:45,77273.97,77400.09,77271.59,77297.70,143185920
2026-09-18 04:00,77312.13,77345.75,77162.14,77212.38,90929152
2026-09-18 04:15,77223.05,77303.44,77179.67,77200.67,331771904
2026-09-18 04:30,77211.83,77360.39,77143.09,77360.39,424923136
2026-09-18 04:45,77372.09,77496.26,77268.39,77496.26,151521280
2026-09-18 05:00,77508.48,77599.99,77375.29,77457.16,247578624
2026-09-18 05:15,77489.24,77548.59,77370.95,77534.99,1027305472
2026-09-18 05:30,77539.19,77639.31,77454.01,77517.65,249573376
2026-09-18 05:45,77516.80,77524.53,77384.78,77426.77,59539456
2026-09-18 06:00,77433.97,77535.88,77412.93,77430.59,98854912
2026-09-18 06:15,77427.90,77606.37,77414.58,77467.49,159442944
2026-09-18 06:30,77467.49,77518.39,77418.63,77456.08,304474112
2026-09-18 06:45,77456.08,77538.53,77332.07,77527.38,59392000
2026-09-18 07:00,77517.68,77703.40,77500.74,77552.29,220610560
2026-09-18 07:15,77544.57,77774.06,77536.30,77721.65,260444160
2026-09-18 07:30,77730.39,77773.14,77665.85,77746.50,261490688
2026-09-18 07:45,77737.31,77752.48,77658.42,77734.78,421742592
2026-09-18 08:00,77729.14,77901.55,77586.99,77696.23,161949696
2026-09-18 08:15,77684.52,77996.93,77679.48,77881.76,446722048
2026-09-18 08:30,77871.87,77964.36,77833.84,77896.22,278065152
2026-09-18 08:45,77902.38,78200.00,77888.24,78200.00,45498368
2026-09-18 09:00,78191.56,78403.84,78151.15,78316.89,478236672
2026-09-18 09:15,78303.67,78326.91,78095.16,78095.27,352933888
2026-09-18 09:30,78095.16,78104.48,77945.43,77983.05,266659840
2026-09-18 09:45,77983.05,78149.61,77983.04,78148.14,173481984
2026-09-18 10:00,78138.47,78160.10,78045.59,78129.45,139165696
2026-09-18 10:15,78129.45,78212.48,78094.75,78211.00,203749376
2026-09-18 10:30,78210.99,78245.95,78123.10,78168.92,206886912
2026-09-18 10:45,78166.45,78296.39,78160.71,78221.46,9695232
2026-09-18 11:00,78212.38,78351.83,77973.18,78049.03,216768512
2026-09-18 11:15,78044.54,78109.19,77980.51,77985.30,317446144
2026-09-18 11:30,77980.24,78113.48,77956.47,77960.52,146876416
2026-09-18 11:45,77962.83,78036.09,77962.82,77995.19,22370304
2026-09-18 12:00,78011.38,78049.73,77920.85,78025.30,18358272
2026-09-18 12:15,78038.99,78049.73,77917.19,77951.78,0
2026-09-18 12:30,77951.78,78124.08,77922.66,78046.08,0
2026-09-18 12:45,78046.07,78083.64,77957.10,77979.59,113704960
2026-09-18 13:00,77977.62,78023.44,77918.55,77968.48,13692928
2026-09-18 13:15,77968.48,78116.22,77961.06,78116.22,16078848
2026-09-18 13:30,78094.48,79277.87,78074.10,79256.73,105465856
2026-09-18 13:45,79209.00,80416.22,79179.08,80026.99,1884657664
2026-09-18 14:00,80114.61,80480.83,80086.35,80256.50,1908969472
2026-09-18 14:15,80278.92,80947.55,80278.92,80669.03,745732096
2026-09-18 14:30,80694.90,80787.94,80465.70,80745.72,1082116096
2026-09-18 14:45,80774.27,80925.41,80671.77,80904.09,550830080
2026-09-18 15:00,80904.99,81000.00,80522.79,80740.57,757692416
2026-09-18 15:15,80736.73,81090.64,80736.73,80924.92,629139456
2026-09-18 15:30,80941.03,80941.03,80624.82,80624.82,1923250176
2026-09-18 15:45,80611.01,80800.00,80504.15,80698.24,197713920
2026-09-18 16:00,80737.59,80954.08,80647.86,80954.08,555089920
2026-09-18 16:15,80947.66,81057.36,80841.74,81003.82,457506816
2026-09-18 16:30,81034.64,81236.73,80873.01,80968.51,367706112
2026-09-18 16:45,80930.99,80934.41,80748.08,80829.00,336216064
2026-09-18 17:00,80833.56,80886.78,80741.71,80867.52,0
2026-09-18 17:15,80880.77,80923.59,80619.00,80730.87,133230592
2026-09-18 17:30,80728.05,80758.86,80554.02,80747.33,71925760
2026-09-18 17:45,80747.33,80996.89,80739.12,80992.59,46002176
2026-09-18 18:00,80982.24,80982.24,80787.32,80850.00,247230464
2026-09-18 18:15,80857.09,80981.93,80800.08,80981.93,304427008
2026-09-18 18:30,80979.40,81125.71,80891.90,80924.47,172457984
2026-09-18 18:45,80919.01,81056.48,80854.62,80916.38,96468992
2026-09-18 19:00,80928.71,81197.97,80884.96,81169.96,183300096
2026-09-18 19:15,81184.40,81385.50,81095.01,81240.12,376582144
2026-09-18 19:30,81235.29,81235.29,81030.35,81228.16,460918784
2026-09-18 19:45,81209.57,81347.38,81115.00,81180.00,272527360
2026-09-18 20:00,81199.62,81226.77,80939.19,81063.68,301793280
2026-09-18 20:15,81039.00,81207.00,80928.04,81000.63,304115712
2026-09-18 20:30,81023.17,81171.72,80950.00,81156.63,284577792
2026-09-18 20:45,81135.95,81173.74,81052.63,81096.19,1508966400
2026-09-18 21:00,81109.59,81274.77,81081.00,81263.81,88195072
2026-09-18 21:15,81263.81,81273.99,81100.00,81178.13,82812928
2026-09-18 21:30,81184.16,81282.01,81125.06,81205.38,1460948992
2026-09-18 21:45,81205.38,81244.58,81136.47,81223.78,302219264
2026-09-18 22:00,81223.78,81364.49,81195.70,81236.46,35995648
2026-09-18 22:15,81235.79,81333.07,81232.19,81251.50,90943488
2026-09-18 22:30,81251.50,81251.51,81063.55,81104.73,97456128
2026-09-18 22:45,81107.84,81154.50,81082.62,81124.52,53731328
2026-09-18 23:00,81133.88,81192.88,81079.82,81162.47,53780480
2026-09-18 23:15,81162.47,81185.99,80969.00,80983.16,103612416
2026-09-18 23:30,80977.51,81011.79,80844.12,80884.32,257323008
2026-09-18 23:45,80880.64,80969.90,80862.44,80875.10,73863168
2026-09-19 00:00,80891.43,80962.47,80827.44,80960.93,171347968
2026-09-19 00:15,80960.93,81087.66,80957.32,81085.12,0
2026-09-19 00:30,81085.12,81322.50,81085.12,81322.50,407687168
2026-09-19 00:45,81303.02,81654.63,81242.09,81654.63,183242752
2026-09-19 01:00,81637.51,81707.67,81250.64,81260.50,471482368
2026-09-19 01:15,81260.50,81309.13,81081.01,81232.89,84877312
2026-09-19 01:30,81232.78,81251.11,81035.74,81149.22,134893568
2026-09-19 01:45,81149.21,81400.28,81149.21,81262.51,415240192
2026-09-19 02:00,81267.79,81403.60,81229.16,81353.99,156815360
2026-09-19 02:15,81343.52,81425.81,81302.50,81325.64,17616896
2026-09-19 02:30,81320.87,81419.83,81263.17,81292.02,0
2026-09-19 02:45,81281.86,81295.74,81244.32,81261.01,11309056
2026-09-19 03:00,81276.06,81367.89,81254.40,81259.13,162775040
2026-09-19 03:15,81259.13,81259.13,81113.47,81113.51,0
2026-09-19 03:30,81113.47,81158.58,81095.13,81154.49,30494720
2026-09-19 03:45,81154.49,81164.99,81105.03,81105.03,92147712
2026-09-19 04:00,81105.05,81187.19,81088.91,81181.98,0
2026-09-19 04:15,81184.00,81205.18,81095.14,81106.59,97738752
2026-09-19 04:30,81106.59,81106.59,80893.60,80939.92,0
2026-09-19 04:45,80939.92,81001.68,80911.73,81001.68,165277696
2026-09-19 05:00,80997.75,81113.98,80997.32,81017.55,0
2026-09-19 05:15,81017.55,81126.00,80990.96,81040.32,138436608
2026-09-19 05:30,81040.32,81096.57,81001.23,81003.27,0
2026-09-19 05:45,81003.27,81057.57,80985.53,81022.50,136478720
2026-09-19 06:00,81033.50,81046.29,80977.52,80981.30,0
2026-09-19 06:15,80981.30,81028.49,80900.00,80934.99,198160384
2026-09-19 06:30,80949.36,81065.28,80949.36,81038.22,0
2026-09-19 06:45,81038.22,81077.03,80997.00,81013.56,82583552
2026-09-19 07:00,81023.69,81132.81,81023.69,81132.81,0
2026-09-19 07:15,81123.00,81217.51,81041.20,81077.46,0
2026-09-19 07:30,81077.95,81095.83,81003.61,81026.90,61898752
2026-09-19 07:45,81030.00,81153.11,80998.39,81061.15,20705280
2026-09-19 08:00,81083.43,81217.35,81039.01,81212.87,0
2026-09-19 08:15,81200.59,81374.97,81165.84,81270.00,152064000
2026-09-19 08:30,81265.22,81371.97,81248.54,81288.37,0
2026-09-19 08:45,81288.38,81360.74,81259.54,81297.65,95928320
2026-09-19 09:00,81298.18,81493.21,81257.53,81408.73,0
2026-09-19 09:15,81399.87,81481.20,81355.59,81384.65,76312576
2026-09-19 09:30,81389.15,81416.75,81225.98,81241.22,57151488
2026-09-19 09:45,81241.23,81320.38,81241.23,81298.84,299855872
2026-09-19 10:00,81291.00,81308.96,81210.83,81274.69,0
2026-09-19 10:15,81289.99,81297.99,81224.75,81256.18,0
2026-09-19 10:30,81254.33,81274.91,81187.43,81225.52,94302208
2026-09-19 10:45,81225.52,81300.00,81176.06,81189.60,23134208
2026-09-19 11:00,81195.19,81340.28,81175.12,81280.17,82305024
2026-09-19 11:15,81280.17,81338.21,81238.67,81239.05,44978176
2026-09-19 11:30,81239.05,81272.91,81209.40,81263.81,0
2026-09-19 11:45,81262.54,81290.86,81254.01,81280.00,192839680
2026-09-19 12:00,81280.01,81336.84,81244.84,81326.54,0
2026-09-19 12:15,81326.54,81342.14,81193.21,81225.05,171814912
2026-09-19 12:30,81202.69,81267.82,81202.69,81251.77,43429888
2026-09-19 12:45,81264.08,81320.45,81213.89,81309.99,16044032
2026-09-19 13:00,81291.00,81317.92,81149.60,81218.04,0
2026-09-19 13:15,81219.26,81320.88,81201.65,81214.37,246077440
2026-09-19 13:30,81215.82,81259.49,81173.38,81235.90,0
2026-09-19 13:45,81235.90,81335.92,81207.00,81325.00,0
2026-09-19 14:00,81324.89,81419.45,81306.32,81356.83,0
2026-09-19 14:15,81356.82,81549.99,81356.82,81549.99,0
2026-09-19 14:30,81554.66,81606.00,81443.51,81498.40,0
2026-09-19 14:45,81498.40,81594.11,81457.14,81554.89,0
2026-09-19 15:00,81554.89,81719.76,81545.89,81668.48,0
2026-09-19 15:15,81682.54,81736.02,81539.97,81542.01,0
2026-09-19 15:30,81543.65,81910.79,81543.65,81888.00,0
2026-09-19 15:45,81878.04,81878.04,81574.51,81610.82,208340992
2026-09-19 16:00,81639.40,81755.07,81446.77,81732.53,0
2026-09-19 16:15,81743.97,81857.28,81713.70,81792.81,0
2026-09-19 16:30,81807.39,81883.45,81790.00,81829.67,62439424
2026-09-19 16:45,81829.67,81838.03,81800.01,81813.35,32397312
2026-09-19 17:00,81806.00,81829.53,81683.69,81683.69,0
2026-09-19 17:15,81699.69,81760.44,81418.01,81509.25,16340992
2026-09-19 17:30,81526.96,81568.38,81438.30,81473.08,93825024
2026-09-19 17:45,81474.70,81526.70,81425.24,81437.10,69644288
2026-09-19 18:00,81435.40,81521.99,81322.45,81367.80,0
2026-09-19 18:15,81362.68,81471.83,81311.16,81430.51,8343552
2026-09-19 18:30,81430.51,81502.97,81364.50,81457.24,0
2026-09-19 18:45,81461.07,81470.00,81387.55,81412.24,0
2026-09-19 19:00,81427.32,81444.61,81350.00,81355.64,0
2026-09-19 19:15,81359.42,81432.11,81325.36,81374.86,0
2026-09-19 19:30,81374.86,81377.05,81295.44,81305.01,0
2026-09-19 19:45,81305.01,81368.66,81293.76,81344.02,0
2026-09-19 20:00,81339.03,81414.00,81330.01,81398.52,0
2026-09-19 20:15,81398.52,81398.52,81237.02,81237.02,0
2026-09-19 20:30,81237.02,81271.62,81225.18,81271.62,82225152
2026-09-19 20:45,81255.93,81266.21,81061.29,81129.98,0
2026-09-19 21:00,81129.98,81199.99,80971.80,80978.29,0
2026-09-19 21:15,80964.82,81044.00,80872.47,81031.54,132556800
2026-09-19 21:30,81036.11,81041.18,80912.61,80997.49,128964608
2026-09-19 21:45,80994.33,81136.84,80993.64,81063.73,21620736
2026-09-19 22:00,81063.72,81063.72,80926.05,80975.99,73218048
2026-09-19 22:15,80982.38,81060.09,80970.59,81059.99,44967936
2026-09-19 22:30,81034.68,81216.14,81034.68,81209.74,13678592
2026-09-19 22:45,81209.75,81240.29,81174.33,81232.47,99106816
2026-09-19 23:00,81232.47,81262.25,81209.03,81258.28,47300608
2026-09-19 23:15,81258.28,81286.39,81187.38,81279.18,100417536
2026-09-19 23:30,81279.18,81340.79,81243.55,81246.87,0
2026-09-19 23:45,81246.87,81292.41,81220.97,81233.53,116076544
2026-09-20 00:00,81233.91,81260.14,81176.16,81258.96,0
2026-09-20 00:15,81258.97,81293.07,81177.88,81279.55,68642816
2026-09-20 00:30,81279.56,81302.35,81219.38,81300.71,93345792
2026-09-20 00:45,81280.50,81282.16,81240.57,81277.49,13279232
2026-09-20 01:00,81261.97,81278.26,81100.96,81106.07,0
2026-09-20 01:15,81091.50,81187.68,81066.40,81088.79,0
2026-09-20 01:30,81082.27,81103.80,81000.01,81037.38,18972672
2026-09-20 01:45,81055.52,81094.83,81000.00,81071.71,96698368
2026-09-20 02:00,81066.88,81122.99,81052.15,81122.99,228022272
2026-09-20 02:15,81122.99,81131.50,80944.84,80944.85,44695552
2026-09-20 02:30,80955.00,80967.42,80529.29,80529.29,82122752
2026-09-20 02:45,80531.33,80655.79,80230.03,80312.48,335802368
2026-09-20 03:00,80295.85,80488.70,80179.14,80215.86,1592983552
2026-09-20 03:15,80222.17,80498.60,80085.00,80356.50,325998592
2026-09-20 03:30,80356.50,80377.12,80272.50,80361.79,212623360
2026-09-20 03:45,80358.25,80480.51,80297.79,80458.39,239204352
2026-09-20 04:00,80472.95,80491.01,80349.24,80405.00,85100544
2026-09-20 04:15,80405.00,80494.62,80304.00,80398.40,133289984
2026-09-20 04:30,80404.48,80455.30,80353.61,80353.61,103931904
2026-09-20 04:45,80353.61,80451.98,80283.00,80395.94,24567808
2026-09-20 05:00,80404.82,80596.11,80377.51,80561.46,117250048
2026-09-20 05:15,80561.46,80565.16,80411.76,80515.24,445609984
2026-09-20 05:30,80515.23,80590.25,80419.50,80504.87,257570816
2026-09-20 05:45,80504.86,80521.58,80419.00,80456.01,18800640
2026-09-20 06:00,80456.01,80498.56,80391.37,80485.22,718848
2026-09-20 06:15,80485.22,80573.61,80426.21,80426.21,185081856
2026-09-20 06:30,80426.60,80454.74,80240.47,80345.77,35776512
2026-09-20 06:45,80345.77,80405.83,80185.82,80272.50,216606720
2026-09-20 07:00,80272.50,80337.52,80259.51,80326.44,77840384
2026-09-20 07:15,80305.01,80392.64,80254.83,80364.77,19810304
2026-09-20 07:30,80364.77,80364.77,80262.01,80310.73,88416256
2026-09-20 07:45,80301.26,80356.07,80279.89,80284.56,0
2026-09-20 08:00,80284.56,80428.84,80278.39,80388.20,483418112
2026-09-20 08:15,80388.20,80406.71,80344.95,80345.60,286785536
2026-09-20 08:30,80345.60,80384.98,80212.12,80227.68,7251968
2026-09-20 08:45,80227.68,80253.18,80139.64,80228.20,79951872
2026-09-20 09:00,80221.00,80271.71,80220.99,80230.76,29208576
2026-09-20 09:15,80230.76,80364.47,80219.99,80345.70,0
2026-09-20 09:30,80345.70,80541.59,80345.70,80512.83,0
2026-09-20 09:45,80511.68,80511.68,80421.67,80430.01,161763328
2026-09-20 10:00,80431.62,80483.28,80294.10,80360.96,187480064
2026-09-20 10:15,80377.49,80407.53,80292.64,80345.99,109146112
2026-09-20 10:30,80345.99,80398.48,80287.52,80322.90,6813696
2026-09-20 10:45,80322.90,80366.91,80283.01,80283.01,0
2026-09-20 11:00,80270.11,80384.24,80242.53,80334.11,19888128
2026-09-20 11:15,80334.11,80351.63,80268.00,80338.03,113154048
2026-09-20 11:30,80338.96,80460.39,80338.96,80426.99,139859968
2026-09-20 11:45,80426.99,80498.19,80405.15,80442.98,151371776
2026-09-20 12:00,80430.05,80494.15,80383.12,80451.00,33935360
2026-09-20 12:15,80461.49,80464.99,80321.31,80335.57,93646848
2026-09-20 12:30,80332.14,80341.73,80285.78,80320.53,90173440
2026-09-20 12:45,80320.54,80461.49,80320.53,80451.14,1484800
2026-09-20 13:00,80451.14,80608.48,80449.53,80530.05,44847104
2026-09-20 13:15,80530.05,80532.22,80447.82,80472.00,18098176
2026-09-20 13:30,80472.00,80529.35,80392.37,80529.35,92774400
2026-09-20 13:45,80529.35,80544.80,80499.38,80522.05,0
2026-09-20 14:00,80522.05,80737.36,80522.05,80544.56,57696256
2026-09-20 14:15,80540.73,80540.73,80379.11,80496.98,13674496
2026-09-20 14:30,80496.98,80621.70,80465.01,80601.09,0
2026-09-20 14:45,80601.09,80730.49,80566.51,80639.54,132321280
2026-09-20 15:00,80639.59,80870.13,80639.59,80720.48,78012416
2026-09-20 15:15,80740.99,80856.93,80635.07,80639.61,698474496
2026-09-20 15:30,80636.72,80851.15,80636.72,80806.16,221616128
2026-09-20 15:45,80808.91,80930.98,80801.87,80874.20,0
2026-09-20 16:00,80895.75,81164.98,80787.00,81122.99,42964992
2026-09-20 16:15,81131.85,81251.99,81005.10,81150.00,305154048
2026-09-20 16:30,81142.37,81472.04,81083.61,81360.96,207151104
2026-09-20 16:45,81376.01,81421.68,81201.02,81311.99,224286720
2026-09-20 17:00,81320.42,81437.99,81144.00,81217.49,165380096
2026-09-20 17:15,81225.31,81303.28,81113.22,81138.00,99002368
2026-09-20 17:30,81138.00,81405.31,81138.00,81374.99,126038016
2026-09-20 17:45,81374.99,81393.45,81048.05,81129.33,115261440
2026-09-20 18:00,81124.15,81184.69,81000.05,81083.91,125315072
2026-09-20 18:15,81085.55,81255.72,81082.23,81253.73,751966208
2026-09-20 18:30,81253.73,81299.54,81162.96,81202.02,88129536
2026-09-20 18:45,81202.16,81206.09,81008.90,81021.22,157390848
2026-09-20 19:00,81030.00,81111.45,81030.00,81065.31,67186688
2026-09-20 19:15,81064.19,81103.48,81041.71,81103.48,0
2026-09-20 19:30,81108.90,81279.52,81107.27,81210.31,68239360
2026-09-20 19:45,81210.31,81279.21,81132.82,81162.44,6645760
2026-09-20 20:00,81170.04,81208.24,81123.67,81128.54,56084480
2026-09-20 20:15,81132.90,81205.62,81075.17,81192.96,23525376
2026-09-20 20:30,81154.50,81154.50,81060.01,81120.73,60065792
2026-09-20 20:45,81120.73,81208.66,81052.63,81073.47,56305664
2026-09-20 21:00,81073.48,81075.10,80605.42,80763.61,22190080
2026-09-20 21:15,80753.31,80914.31,80753.31,80864.02,90927104
2026-09-20 21:30,80858.32,80927.00,80773.72,80775.00,0
2026-09-20 21:45,80775.07,80934.00,80775.06,80916.05,0
2026-09-20 22:00,80933.99,81275.57,80793.00,81274.99,74172416
2026-09-20 22:15,81252.73,81252.73,81053.38,81154.48,115755008
2026-09-20 22:30,81146.72,81254.72,81088.27,81093.46,95817728
2026-09-20 22:45,81081.00,81254.73,81077.60,81196.49,64217088
2026-09-20 23:00,81187.78,81238.49,81110.66,81132.25,101181440
2026-09-20 23:15,81133.19,81287.29,81100.53,81134.71,113065984
2026-09-20 23:30,81140.00,81269.99,81110.00,81241.38,96112640
2026-09-20 23:45,81242.44,81312.03,81129.30,81159.54,67850240
2026-09-21 00:00,81149.25,81680.13,81149.25,81650.00,251709440
2026-09-21 00:15,81669.85,81816.00,81501.00,81722.38,411232256
2026-09-21 00:30,81722.37,81824.69,81516.67,81668.99,318099456
2026-09-21 00:45,81679.49,81820.29,81564.00,81604.82,355135488
2026-09-21 01:00,81588.09,81787.58,81501.69,81775.77,93014016
2026-09-21 01:15,81784.48,82070.25,81500.00,81571.55,457375744
2026-09-21 01:30,81567.36,81643.49,81287.26,81444.67,532750336
2026-09-21 01:45,81445.31,81473.97,80837.76,80981.78,324839424
2026-09-21 02:00,80976.96,81351.48,80962.34,81351.48,343525376
2026-09-21 02:15,81351.48,81493.64,81295.94,81405.24,29421568
2026-09-21 02:30,81400.02,81400.02,81133.50,81237.80,127971328
2026-09-21 02:45,81230.22,81385.49,81185.36,81299.86,501975040
2026-09-21 03:00,81318.38,81437.99,81218.57,81271.05,686219264
2026-09-21 03:15,81306.14,81486.35,81306.14,81362.88,0
2026-09-21 03:30,81437.99,81554.99,81428.28,81457.40,0
2026-09-21 03:45,81468.79,81487.76,81339.55,81411.50,39948288
2026-09-21 04:00,81411.51,81450.44,81259.50,81260.42,515557376
2026-09-21 04:15,81260.43,81332.64,81227.41,81282.10,176222208
2026-09-21 04:30,81255.00,81400.00,81210.00,81399.61,41723904
2026-09-21 04:45,81399.61,81488.60,81359.86,81374.25,82223104
2026-09-21 05:00,81365.61,81395.99,81285.35,81315.58,31920128
2026-09-21 05:15,81315.58,81629.72,81315.58,81556.17,0
2026-09-21 05:30,81556.17,81772.72,81556.17,81603.70,110262272
2026-09-21 05:45,81603.70,81668.30,81505.74,81538.66,130189312
2026-09-21 06:00,81541.95,81672.35,81520.09,81647.98,83978240
2026-09-21 06:15,81647.99,81845.91,81647.99,81795.29,146771968
2026-09-21 06:30,81815.99,81815.99,81400.00,81400.00,151156736
2026-09-21 06:45,81386.37,81732.20,81386.37,81621.54,61370368
2026-09-21 07:00,81609.39,81658.49,81450.46,81546.56,111441920
2026-09-21 07:15,81548.90,81657.73,81514.72,81604.60,106842112
2026-09-21 07:30,81600.51,81604.27,81450.46,81490.50,171792384
2026-09-21 07:45,81490.51,81711.00,81469.50,81704.88,150915072
2026-09-21 08:00,81715.38,81988.60,81715.38,81896.00,380590080
2026-09-21 08:15,81875.14,82253.28,81867.88,82228.70,219912192
2026-09-21 08:30,82215.00,84094.21,82162.50,83517.88,2272956416
2026-09-21 08:45,83517.00,83849.68,83302.77,83749.14,2735687680
2026-09-21 09:00,83763.05,84031.50,83667.45,83914.20,1634840576
2026-09-21 09:15,83878.45,84520.57,83878.45,84462.24,2123851776
2026-09-21 09:30,84408.56,85134.14,84321.63,85026.37,2217285632
2026-09-21 09:45,85000.01,85061.71,84557.63,84640.50,1097908224
2026-09-21 10:00,84638.97,84781.40,84485.88,84544.09,1212129280
2026-09-21 10:15,84581.55,84708.72,84345.17,84345.17,658681856
2026-09-21 10:30,84357.00,84440.35,84113.61,84247.38,442961920
2026-09-21 10:45,84238.06,84433.71,84124.43,84412.79,819830784
2026-09-21 11:00,84396.14,84623.27,84388.50,84577.59,249540608
2026-09-21 11:15,84573.96,84689.34,84507.21,84650.86,351531008
2026-09-21 11:30,84629.94,84850.52,84589.97,84803.14,227225600
2026-09-21 11:45,84802.90,84896.00,84697.69,84863.40,336539648
2026-09-21 12:00,84873.80,85151.09,84800.02,84979.95,824950784
2026-09-21 12:15,84978.58,85358.38,84968.23,85056.82,703451136
2026-09-21 12:30,85065.95,85369.91,85026.72,85271.52,331067392
2026-09-21 12:45,85286.27,85396.55,85145.58,85319.09,1870995456
2026-09-21 13:00,85291.90,85411.53,85070.69,85158.71,733331456
2026-09-21 13:15,85148.68,85206.05,84898.70,84913.68,1829785600
2026-09-21 13:30,84960.43,85220.32,84772.68,85057.41,1395466240
2026-09-21 13:45,85016.02,85811.38,85016.02,85413.59,634970112
2026-09-21 14:00,85432.47,85491.03,85025.74,85296.47,2248376320
2026-09-21 14:15,85289.32,85762.36,85207.30,85702.51,733007872
2026-09-21 14:30,85711.49,85994.56,85577.18,85759.69,1432657920
2026-09-21 14:45,85795.40,86113.67,85687.51,85835.55,590712832
2026-09-21 15:00,85827.00,86348.99,85809.44,86317.99,946802688
2026-09-21 15:15,86287.32,86287.32,85817.43,85851.22,866529280
2026-09-21 15:30,85848.77,86131.50,85803.66,86131.50,436391936
2026-09-21 15:45,86128.33,86183.98,85917.12,85932.61,742584320
2026-09-21 16:00,85926.68,85969.77,85707.26,85738.55,368459776
2026-09-21 16:15,85738.80,85981.69,85738.80,85850.97,140951552
2026-09-21 16:30,85855.11,85972.03,85619.12,85877.09,189689856
2026-09-21 16:45,85867.56,86136.44,85854.08,85967.88,2301952
2026-09-21 17:00,85967.89,86126.52,85894.07,85984.12,721870848
2026-09-21 17:15,85963.50,86005.46,85766.70,85895.32,161783808
2026-09-21 17:30,85890.02,85984.48,85828.38,85900.98,295575552
2026-09-21 17:45,85891.74,85910.99,85683.48,85910.99,228335616
2026-09-21 18:00,85909.65,86025.99,85836.87,86002.31,74235904
2026-09-21 18:15,86005.67,86076.69,85900.00,85934.71,296869888
2026-09-21 18:30,85946.58,85997.67,85814.13,85939.61,334299136
2026-09-21 18:45,85948.74,86074.60,85894.91,86071.78,181403648
2026-09-21 19:00,86076.70,86084.62,85977.92,86051.82,414339072
2026-09-21 19:15,86051.49,86437.13,86039.78,86375.83,147333120
2026-09-21 19:30,86376.27,86894.99,86330.82,86573.81,1951182848
2026-09-21 19:45,86567.22,86658.06,86478.13,86504.97,2233720832
2026-09-21 20:00,86532.15,86804.02,86532.15,86744.19,267362304
2026-09-21 20:15,86744.20,87394.00,86692.84,87265.50,501080064
2026-09-21 20:30,87273.55,87273.55,86892.29,86935.61,855560192
2026-09-21 20:45,86948.23,87076.49,86856.01,86989.91,456019968
2026-09-21 21:00,86980.02,86980.02,86574.15,86574.15,98721792
2026-09-21 21:15,86573.66,86688.05,86528.34,86608.25,304898048
2026-09-21 21:30,86608.24,86842.66,86604.55,86759.77,417456128
2026-09-21 21:45,86759.76,86759.76,86557.30,86557.31,2171228160
2026-09-21 22:00,86557.30,86686.31,86527.84,86598.01,0
2026-09-21 22:15,86589.41,86725.30,86344.07,86395.73,410304512
2026-09-21 22:30,86404.49,86582.31,86360.86,86400.99,376602624
2026-09-21 22:45,86400.91,86423.63,86272.71,86423.12,2063265792
2026-09-21 23:00,86410.48,86677.49,86401.02,86635.69,145629184
2026-09-21 23:15,86622.17,86680.56,86462.26,86468.16,309391360
2026-09-21 23:30,86468.17,86509.50,86337.10,86438.33,232681472
2026-09-21 23:45,86450.92,86623.27,86404.63,86594.94,141082624
2026-09-22 00:00,86586.28,86609.84,86284.00,86451.84,16908288
2026-09-22 00:15,86453.75,86482.03,86310.00,86394.00,0
2026-09-22 00:30,86380.00,86494.98,86153.12,86325.95,330428416
2026-09-22 00:45,86338.08,86377.46,85843.48,85895.93,449785856
2026-09-22 01:00,85903.51,85950.15,85608.79,85758.31,429522944
2026-09-22 01:15,85743.00,85858.49,85414.45,85756.82,187252736
2026-09-22 01:30,85751.45,85822.02,85614.30,85668.36,0
2026-09-22 01:45,85658.39,85703.88,85519.97,85598.67,259321856
2026-09-22 02:00,85605.16,85658.02,85380.43,85598.11,115355648
2026-09-22 02:15,85589.20,85832.78,85500.01,85723.35,589049856
2026-09-22 02:30,85733.41,85832.62,85620.92,85795.30,1871540224
2026-09-22 02:45,85795.30,85855.44,85643.00,85700.00,339193856
2026-09-22 03:00,85700.00,85734.65,85437.74,85514.05,61878272
2026-09-22 03:15,85546.63,85626.06,85288.15,85592.82,468045824
2026-09-22 03:30,85570.53,85595.98,85401.86,85476.99,344842240
2026-09-22 03:45,85455.54,85675.00,85449.38,85667.84,121810944
2026-09-22 04:00,85678.68,85719.01,85593.69,85608.35,257622016
2026-09-22 04:15,85600.01,85624.53,85475.96,85537.30,290537472
2026-09-22 04:30,85548.36,85604.17,85445.11,85500.00,37052416
2026-09-22 04:45,85485.83,85521.27,85402.50,85430.00,653959168
2026-09-22 05:00,85454.47,85491.96,85364.58,85392.07,54984704
2026-09-22 05:15,85406.86,85406.86,85138.23,85197.95,156528640
2026-09-22 05:30,85189.55,85410.90,85085.28,85407.40,295776256
2026-09-22 05:45,85411.94,85588.01,85379.17,85392.80,181678080
2026-09-22 06:00,85411.96,85459.49,85238.50,85340.00,168050688
2026-09-22 06:15,85345.02,85360.25,85230.01,85359.99,355975168
2026-09-22 06:30,85346.19,85559.03,85330.80,85472.11,22319104
2026-09-22 06:45,85472.11,85485.42,85339.24,85359.23,1354960896
2026-09-22 07:00,85350.00,85485.23,85293.04,85420.02,106958848
2026-09-22 07:15,85420.27,85442.66,85197.01,85301.99,138534912
2026-09-22 07:30,85302.00,85309.58,85150.02,85211.49,339300352
2026-09-22 07:45,85257.66,85333.50,85225.23,85333.50,606543872
2026-09-22 08:00,85364.99,85523.33,85317.96,85470.96,68796416
2026-09-22 08:15,85470.97,85554.53,85388.96,85401.79,126582784
2026-09-22 08:30,85395.97,86148.14,85321.71,86134.12,380915712
2026-09-22 08:45,86135.91,86331.55,86007.89,86198.79,0
2026-09-22 09:00,86172.86,86172.86,85671.64,85912.37,0
2026-09-22 09:15,85937.03,85978.43,85803.89,85878.27,1600679936
2026-09-22 09:30,85887.29,86050.00,85830.18,86021.14,0
2026-09-22 09:45,86021.13,86259.00,86002.77,86238.82,0
2026-09-22 10:00,86208.37,86245.76,85984.76,86017.98,0
2026-09-22 10:15,86023.91,86083.37,85811.92,85848.80,0
2026-09-22 10:30,85839.81,85933.97,85743.54,85833.50,0
2026-09-22 10:45,85821.82,85959.78,85768.44,85875.02,190611456
2026-09-22 11:00,85867.85,85976.59,85763.50,85948.26,0
2026-09-22 11:15,85952.81,86076.65,85894.21,85907.51,236068864
2026-09-22 11:30,85922.71,86123.71,85837.08,86086.58,75350016
2026-09-22 11:45,86086.58,86111.88,85873.54,85969.07,0
2026-09-22 12:00,85969.08,86022.70,85902.45,85902.45,0
2026-09-22 12:15,85894.20,86095.17,85768.08,86095.17,0
2026-09-22 12:30,86095.17,86155.47,85960.04,85961.95,1210204160
2026-09-22 12:45,85960.89,86050.30,85928.50,86008.43,80560128
2026-09-22 13:00,86019.18,86210.35,86002.31,86041.15,164642816
2026-09-22 13:15,86041.18,86048.76,85687.73,85717.97,1444315136
2026-09-22 13:30,85742.30,86142.71,85598.35,85884.09,0
2026-09-22 13:45,85895.27,86358.29,85864.04,86328.79,0
2026-09-22 14:00,86338.23,86427.77,86079.84,86335.78,65146880
2026-09-22 14:15,86337.70,86371.27,85922.60,85922.60,0
2026-09-22 14:30,85873.98,85987.84,85452.93,85892.06,421769216
2026-09-22 14:45,85885.44,86255.26,85873.98,86255.26,0
2026-09-22 15:00,86268.06,86383.92,86121.00,86299.01,23523328
2026-09-22 15:15,86305.75,86336.92,86113.62,86285.93,0
2026-09-22 15:30,86253.18,86566.07,86238.98,86558.88,0
2026-09-22 15:45,86570.00,86734.00,86327.96,86418.45,269316096
2026-09-22 16:00,86416.54,86527.39,86150.02,86178.58,0
2026-09-22 16:15,86179.65,86292.77,86077.18,86085.01,1229029376
2026-09-22 16:30,86079.85,86294.47,86062.67,86229.59,298082304
2026-09-22 16:45,86215.00,86589.13,86206.09,86451.61,151851008
2026-09-22 17:00,86438.64,86566.54,86383.11,86425.38,0
2026-09-22 17:15,86428.22,86599.99,86258.91,86599.99,412844032
2026-09-22 17:30,86601.99,86637.67,86452.83,86489.99,1310138368
2026-09-22 17:45,86493.18,86672.89,86419.87,86587.58,438243328
2026-09-22 18:00,86608.19,86665.31,86451.88,86545.34,79990784
2026-09-22 18:15,86560.71,86665.32,86317.63,86317.65,86310912
2026-09-22 18:30,86302.56,86465.40,86251.20,86413.61,317931520
2026-09-22 18:45,86411.59,86594.43,86411.59,86469.58,72818688
2026-09-22 19:00,86474.45,86560.42,86409.00,86503.91,175263744
2026-09-22 19:15,86514.94,86606.28,86479.15,86558.80,23293952
2026-09-22 19:30,86550.14,86550.14,86285.56,86398.73,0
2026-09-22 19:45,86415.28,86427.31,86157.33,86236.92,153059328
2026-09-22 20:00,86219.09,86294.84,86143.84,86222.63,174911488
2026-09-22 20:15,86226.65,86399.28,86208.37,86357.08,0
2026-09-22 20:30,86358.11,86381.82,86250.00,86337.12,0
2026-09-22 20:45,86335.39,86335.39,86206.92,86262.57,0
2026-09-22 21:00,86286.98,86360.57,86218.30,86263.18,0
2026-09-22 21:15,86263.17,86273.86,86212.94,86242.45,134144000
2026-09-22 21:30,86242.45,86298.47,86195.10,86206.17,8732672
2026-09-22 21:45,86205.36,86313.47,86187.02,86187.02,0
2026-09-22 22:00,86194.42,86304.90,86014.05,86051.27,36511744
2026-09-22 22:15,86051.27,86228.58,86037.64,86172.79,69578752
2026-09-22 22:30,86180.24,86285.69,86163.16,86227.26,70873088
2026-09-22 22:45,86227.97,86285.14,86114.49,86121.86,43380736
2026-09-22 23:00,86129.47,86503.39,86124.41,86395.48,0
2026-09-22 23:15,86390.41,86467.23,86163.87,86233.61,299200512
2026-09-22 23:30,86222.71,86269.89,86086.51,86147.57,169783296
2026-09-22 23:45,86158.19,86222.18,86110.43,86198.05,48082944
2026-09-23 00:00,86189.22,86375.53,86130.00,86365.65,0
2026-09-23 00:15,86345.82,86534.21,86341.47,86456.09,88039424
2026-09-23 00:30,86466.06,86584.26,86418.73,86449.67,64151552
2026-09-23 00:45,86474.76,86511.73,86424.76,86451.93,43487232
2026-09-23 01:00,86470.38,86829.39,86433.31,86705.47,0
2026-09-23 01:15,86727.23,86727.23,86589.88,86636.75,1306750976
2026-09-23 01:30,86636.75,86648.62,86275.19,86279.76,48906240
2026-09-23 01:45,86270.71,86371.01,86165.53,86366.47,37773312
2026-09-23 02:00,86379.71,86379.73,86253.00,86372.77,130363392
2026-09-23 02:15,86379.72,86632.28,86361.09,86579.46,0
2026-09-23 02:30,86579.46,86590.51,86451.95,86474.90,135110656
2026-09-23 02:45,86484.84,86544.21,86440.92,86544.21,0
2026-09-23 03:00,86533.48,86545.93,86418.65,86537.50,0
2026-09-23 03:15,86537.49,86808.11,86493.96,86684.27,0
2026-09-23 03:30,86689.75,86935.83,86656.44,86878.37,1270915072
2026-09-23 03:45,86885.15,86885.15,86688.92,86696.41,154075136
2026-09-23 04:00,86711.29,86899.99,86623.78,86832.28,134713344
2026-09-23 04:15,86838.01,87224.60,86754.87,87022.32,263000064
2026-09-23 04:30,87018.24,87280.83,87018.24,87139.20,312147968
2026-09-23 04:45,87119.38,87229.68,87114.01,87164.81,1327325184
2026-09-23 05:00,87164.81,87164.81,86884.03,86927.27,327335936
2026-09-23 05:15,86927.27,86961.35,86725.88,86767.02,17666048
2026-09-23 05:30,86760.38,86824.95,86697.91,86742.61,0
2026-09-23 05:45,86742.61,86768.59,86415.01,86487.46,430649344
2026-09-23 06:00,86499.99,86608.19,86444.01,86603.21,27447296
2026-09-23 06:15,86603.21,86603.22,86412.46,86416.32,181972992
2026-09-23 06:30,86416.32,86565.36,86360.62,86565.36,36700160
2026-09-23 06:45,86554.13,86554.13,86423.01,86456.51,86618112
2026-09-23 07:00,86456.51,86461.99,86302.53,86355.54,97468416
2026-09-23 07:15,86360.62,86434.99,86290.01,86401.88,182456320
2026-09-23 07:30,86420.18,86420.18,86001.68,86051.28,1077964800
2026-09-23 07:45,86079.83,86222.63,86051.28,86127.56,201584640
2026-09-23 08:00,86128.20,86239.38,86079.84,86163.19,18788352
2026-09-23 08:15,86194.07,86273.15,86140.07,86153.71,605974528
2026-09-23 08:30,86151.50,86209.23,86082.31,86099.62,75390976
2026-09-23 08:45,86099.62,86099.62,85701.66,85901.81,177758208
2026-09-23 09:00,85901.82,86007.23,85867.57,85943.19,875085824
2026-09-23 09:15,85943.18,85999.99,85857.97,85884.21,98304
2026-09-23 09:30,85884.50,85931.55,85773.73,85793.71,120348672
2026-09-23 09:45,85793.66,85925.04,85720.00,85845.03,346525696
2026-09-23 10:00,85858.80,85913.82,85808.52,85844.57,20844544
2026-09-23 10:15,85831.59,85836.79,85638.39,85800.71,50327552
2026-09-23 10:30,85795.21,85870.95,85724.99,85868.29,81735680
2026-09-23 10:45,85868.29,85915.45,85809.09,85906.76,107397120
2026-09-23 11:00,85906.67,85947.75,85684.18,85741.47,299847680
2026-09-23 11:15,85741.47,85744.88,85452.77,85501.05,0
2026-09-23 11:30,85514.89,85587.59,85444.87,85505.40,412143616
2026-09-23 11:45,85502.36,85662.89,85495.24,85634.94,34045952
2026-09-23 12:00,85646.84,85669.27,85441.82,85454.10,233238528
2026-09-23 12:15,85454.19,85499.77,85247.86,85461.64,0
2026-09-23 12:30,85461.41,85566.27,85430.67,85435.66,258478080
2026-09-23 12:45,85443.29,85534.71,85377.79,85482.10,57495552
2026-09-23 13:00,85471.18,85494.12,85265.00,85345.62,0
2026-09-23 13:15,85355.75,85567.52,85355.75,85529.34,1408761856
2026-09-23 13:30,85505.00,85865.93,85499.20,85827.52,0
2026-09-23 13:45,85814.99,85825.26,85536.09,85780.18,66539520
2026-09-23 14:00,85783.00,85921.22,84560.20,84853.79,173703168
2026-09-23 14:15,84856.60,84856.60,83945.00,84008.77,4686839808
2026-09-23 14:30,83964.72,84467.17,83855.78,84282.90,1852317696
2026-09-23 14:45,84294.57,84561.12,84180.59,84521.35,969785344
2026-09-23 15:00,84492.83,84691.04,84444.85,84643.07,262696960
2026-09-23 15:15,84636.22,84783.14,84505.21,84505.22,1776705536
2026-09-23 15:30,84527.64,84544.31,84274.00,84287.01,271847424
2026-09-23 15:45,84291.83,84338.24,83957.00,84006.19,291602432
2026-09-23 16:00,84002.63,84344.09,83548.34,84339.56,2786222080
2026-09-23 16:15,84321.03,84347.40,84147.64,84230.36,260358144
2026-09-23 16:30,84248.06,84326.53,83947.41,84073.90,13713408
2026-09-23 16:45,84089.08,84140.27,83834.25,84027.11,1401913344
2026-09-23 17:00,84030.44,84170.45,83723.64,83786.99,333942784
2026-09-23 17:15,83785.75,84211.35,83770.98,84057.58,200871936
2026-09-23 17:30,84050.00,84252.32,83967.58,84252.32,489242624
2026-09-23 17:45,84242.88,84380.71,84239.11,84316.16,243679232
2026-09-23 18:00,84318.84,84328.97,84150.00,84194.91,9936896
2026-09-23 18:15,84185.62,84269.36,84132.17,84137.12,71532544
2026-09-23 18:30,84136.38,84239.29,84120.00,84214.27,86224896
2026-09-23 18:45,84214.27,84405.80,84185.03,84313.00,6823936
2026-09-23 19:00,84313.00,84396.06,84211.46,84366.86,211501056
2026-09-23 19:15,84366.86,84452.61,84290.33,84389.76,0
2026-09-23 19:30,84411.82,84492.80,84381.87,84446.13,0
2026-09-23 19:45,84435.43,84572.00,84435.20,84522.35,67325952
2026-09-23 20:00,84518.67,84545.00,84289.74,84338.24,189652992
2026-09-23 20:15,84333.27,84401.76,84251.00,84299.59,1431027712
2026-09-23 20:30,84315.10,84430.07,84287.37,84402.31,200949760
2026-09-23 20:45,84415.86,84415.86,84208.47,84235.61,185819136
2026-09-23 21:00,84235.50,84372.74,84206.76,84356.67,57917440
2026-09-23 21:15,84356.67,84421.23,84315.07,84412.78,236507136
2026-09-23 21:30,84416.26,84500.00,84411.60,84479.64,25796608
2026-09-23 21:45,84479.99,84498.39,84399.35,84399.35,27504640
2026-09-23 22:00,84408.51,84655.41,84327.43,84581.26,0
2026-09-23 22:15,84581.26,84594.14,84470.27,84470.27,188608512
2026-09-23 22:30,84466.69,84513.64,84380.81,84475.20,140951552
2026-09-23 22:45,84475.20,84615.42,84475.20,84546.97,25563136
2026-09-23 23:00,84537.78,84565.29,84462.06,84479.94,0
2026-09-23 23:15,84479.94,84505.69,84415.57,84476.63,0
2026-09-23 23:30,84484.99,84518.53,84428.35,84457.66,13164544
2026-09-23 23:45,84462.27,84473.89,84332.05,84378.31,24502272
2026-09-24 00:00,84378.31,84479.92,84287.68,84348.16,0
2026-09-24 00:15,84373.35,84429.69,84329.99,84332.13,27164672
2026-09-24 00:30,84348.50,84439.49,84259.69,84349.99,47452160
2026-09-24 00:45,84333.63,84358.85,84212.54,84301.26,195911680
2026-09-24 01:00,84308.80,84391.82,84235.01,84276.83,2281472
2026-09-24 01:15,84281.33,84326.88,84172.02,84227.63,0
2026-09-24 01:30,84209.44,84463.17,84076.57,84123.84,318889984
2026-09-24 01:45,84123.79,84183.67,84050.01,84095.11,149389312
2026-09-24 02:00,84103.62,84128.70,83727.44,83934.07,136671232
2026-09-24 02:15,83960.22,84245.14,83960.22,84150.26,188608512
2026-09-24 02:30,84150.28,84331.86,84124.79,84319.86,21057536
2026-09-24 02:45,84332.67,84364.00,84312.51,84349.88,196153344
2026-09-24 03:00,84354.00,84474.99,84224.13,84311.57,16052224
2026-09-24 03:15,84328.14,84345.04,83982.76,84049.04,1491546112
2026-09-24 03:30,84034.73,84034.73,83860.07,83996.33,232497152
2026-09-24 03:45,83998.04,84009.64,83831.17,83928.16,118984704
2026-09-24 04:00,83928.16,83951.83,83795.85,83812.21,195059712
2026-09-24 04:15,83810.11,83912.85,83766.50,83900.84,0
2026-09-24 04:30,83923.69,83923.70,83835.87,83864.46,15208448
2026-09-24 04:45,83864.46,84043.62,83767.69,84024.37,0
2026-09-24 05:00,84024.37,84379.62,84023.14,84186.27,45621248
2026-09-24 05:15,84186.26,84219.03,84111.61,84168.97,68808704
2026-09-24 05:30,84171.07,84235.19,84081.99,84179.06,0
2026-09-24 05:45,84179.05,84234.73,83938.96,83962.33,38109184
2026-09-24 06:00,83963.97,84176.54,83905.42,84112.99,32407552
2026-09-24 06:15,84101.29,84186.79,84054.88,84177.88,36433920
2026-09-24 06:30,84170.76,84212.77,84135.37,84178.32,246816768
2026-09-24 06:45,84178.32,84186.75,84071.16,84095.61,0
2026-09-24 07:00,84080.69,84133.87,83931.81,84067.75,49004544
2026-09-24 07:15,84083.75,84408.44,84042.10,84408.44,13406208
2026-09-24 07:30,84412.82,84552.18,84364.00,84418.50,484040704
2026-09-24 07:45,84410.47,84589.66,84357.16,84497.46,75558912
2026-09-24 08:00,84518.54,84606.00,84383.37,84388.85,341209088
2026-09-24 08:15,84388.85,84448.93,83762.12,83762.12,472182784
2026-09-24 08:30,83755.84,83957.11,83615.82,83703.33,596582400
2026-09-24 08:45,83678.68,83755.06,83314.55,83615.25,5767168
2026-09-24 09:00,83655.59,83719.99,83424.18,83439.21,131256320
2026-09-24 09:15,83427.14,83495.64,83311.80,83325.58,257437696
2026-09-24 09:30,83345.18,83345.18,82851.76,83147.95,613408768
2026-09-24 09:45,83137.31,83254.99,83012.62,83241.98,680329216
2026-09-24 10:00,83226.05,83370.90,83126.91,83275.66,493215744
2026-09-24 10:15,83269.04,83345.04,83154.90,83235.88,36859904
2026-09-24 10:30,83234.23,83419.08,83130.25,83369.69,188882944
2026-09-24 10:45,83365.01,83529.44,83342.67,83496.96,353333248
2026-09-24 11:00,83512.64,83580.71,83482.12,83544.15,203919360
2026-09-24 11:15,83544.64,83589.96,83500.00,83505.96,71802880
2026-09-24 11:30,83517.41,83539.66,83383.95,83429.99,0
2026-09-24 11:45,83429.99,83532.54,83371.32,83461.34,112869376
2026-09-24 12:00,83463.33,83575.35,83361.49,83512.37,15499264
2026-09-24 12:15,83498.56,83648.28,83491.31,83527.69,12046336
2026-09-24 12:30,83534.53,83550.46,83315.04,83461.95,81301504
2026-09-24 12:45,83473.75,83639.21,83392.92,83578.94,144830464
2026-09-24 13:00,83581.64,83744.30,83578.95,83744.30,0
2026-09-24 13:15,83740.12,83939.98,83717.70,83752.00,180035584
2026-09-24 13:30,83751.23,84309.33,83751.23,83921.94,305938432
2026-09-24 13:45,83958.16,84236.42,83830.83,84236.42,148594688
2026-09-24 14:00,84222.72,84337.10,84113.39,84212.89,0
2026-09-24 14:15,84207.87,84890.60,84122.16,84820.99,0
2026-09-24 14:30,84851.45,84851.45,84369.36,84387.73,87339008
2026-09-24 14:45,84370.54,84389.10,83403.02,83657.22,632283136
2026-09-24 15:00,83588.67,83893.00,83484.14,83872.63,151556096
2026-09-24 15:15,83874.95,84227.63,83859.10,84104.40,90288128
2026-09-24 15:30,84103.54,84429.47,84076.83,84391.39,33902592
2026-09-24 15:45,84399.37,84449.20,84265.18,84401.36,42270720
2026-09-24 16:00,84408.89,84408.89,84010.92,84158.14,0
2026-09-24 16:15,84277.09,84825.90,84277.09,84691.16,665448448
2026-09-24 16:30,84685.80,84897.04,84436.73,84542.68,36331520
2026-09-24 16:45,84512.81,84686.43,84413.15,84467.74,118878208
2026-09-24 17:00,84424.89,84543.25,84349.72,84458.22,15704064
2026-09-24 17:15,84449.82,84525.69,84180.85,84302.52,23969792
2026-09-24 17:30,84302.61,84419.62,84110.71,84147.00,143314944
2026-09-24 17:45,84147.00,84198.51,83990.93,84093.80,16932864
2026-09-24 18:00,84085.94,84230.04,83860.30,84230.04,1003761664
2026-09-24 18:15,84240.01,84459.99,84223.68,84406.10,1101246464
2026-09-24 18:30,84405.04,84500.12,84218.90,84400.01,146862080
2026-09-24 18:45,84401.70,84519.00,84338.39,84453.28,128659456
2026-09-24 19:00,84475.18,84605.32,84266.16,84569.06,142503936
2026-09-24 19:15,84564.38,84638.59,84511.38,84610.13,76673024
2026-09-24 19:30,84618.25,84618.25,84381.42,84413.85,34746368
2026-09-24 19:45,84413.85,84564.02,84303.32,84390.55,183431168
2026-09-24 20:00,84365.28,84424.83,84226.31,84233.68,137883648
2026-09-24 20:15,84238.59,84304.74,84150.98,84259.36,161263616
2026-09-24 20:30,84250.82,84401.74,84185.98,84370.58,90337280
2026-09-24 20:45,84370.57,84471.89,84260.10,84354.08,22446080
2026-09-24 21:00,84359.99,84393.59,84274.60,84327.63,1187590144
2026-09-24 21:15,84310.25,84441.60,84310.25,84405.53,168468480
2026-09-24 21:30,84405.53,84488.50,84402.27,84467.08,16568320
2026-09-24 21:45,84470.77,84476.05,84319.49,84332.07,7057408
2026-09-24 22:00,84311.96,84361.47,84239.40,84314.14,0
2026-09-24 22:15,84314.14,84329.62,83945.36,84117.02,193593344
2026-09-24 22:30,84117.76,84179.46,84047.53,84125.46,218554368
2026-09-24 22:45,84117.24,84266.14,84112.21,84263.42,175529984
2026-09-24 23:00,84263.40,84350.95,84239.06,84280.32,120422400
2026-09-24 23:15,84291.36,84419.99,84267.54,84405.00,163872768
2026-09-24 23:30,84406.96,84456.03,84380.40,84380.89,82067456
2026-09-24 23:45,84386.02,84424.32,84357.54,84385.46,63721472
2026-09-25 00:00,84388.46,84709.13,84388.46,84639.55,0
2026-09-25 00:15,84639.56,84654.00,84528.00,84654.00,1247993856
2026-09-25 00:30,84655.69,84665.46,84532.03,84575.42,93462528
2026-09-25 00:45,84575.41,84650.31,84539.08,84570.99,0
2026-09-25 01:00,84573.68,84787.82,84557.06,84682.74,98959360
2026-09-25 01:15,84689.09,84734.78,84492.73,84516.54,107458560
2026-09-25 01:30,84516.56,84516.56,84334.33,84465.85,78147584
2026-09-25 01:45,84457.00,84618.21,84457.00,84595.71,0
2026-09-25 02:00,84601.11,84862.24,84554.61,84814.58,66613248
2026-09-25 02:15,84810.01,84870.39,84625.03,84679.00,70807552
2026-09-25 02:30,84668.09,84712.13,84379.69,84458.23,118800384
2026-09-25 02:45,84458.19,84458.22,84153.04,84199.53,85835776
2026-09-25 03:00,84189.79,84306.70,84156.08,84235.08,210137088
2026-09-25 03:15,84251.88,84317.25,84120.32,84129.16,235651072
2026-09-25 03:30,84120.34,84369.04,84052.19,84188.57,71401472
2026-09-25 03:45,84180.35,84219.27,84135.19,84216.00,119570432
2026-09-25 04:00,84219.51,84219.51,84048.76,84048.76,105857024
2026-09-25 04:15,84049.34,84151.08,84046.00,84108.01,126533632
2026-09-25 04:30,84108.00,84285.90,84108.00,84256.22,236826624
2026-09-25 04:45,84269.18,84275.28,84146.15,84191.98,7233536
2026-09-25 05:00,84188.02,84239.48,84142.26,84177.45,120872960
2026-09-25 05:15,84144.49,84261.22,84077.99,84168.00,13127680
2026-09-25 05:30,84160.00,84333.90,84099.00,84250.78,186822656
2026-09-25 05:45,84251.29,84285.01,84181.75,84181.75,326578176
2026-09-25 06:00,84178.28,84221.06,83961.28,84111.46,0
2026-09-25 06:15,84114.11,84270.48,84053.44,84092.12,199905280
2026-09-25 06:30,84092.12,84099.33,83924.99,84025.43,97107968
2026-09-25 06:45,84010.40,84066.40,83995.82,84022.58,67522560
2026-09-25 07:00,84022.58,84049.56,83749.06,83803.59,0
2026-09-25 07:15,83803.61,84047.58,83803.58,84039.91,227217408
2026-09-25 07:30,84042.02,84093.56,83802.00,83900.68,176918528
2026-09-25 07:45,83904.37,84064.83,83866.47,84023.50,360005632
2026-09-25 08:00,84031.78,84169.74,84011.28,84097.73,0
2026-09-25 08:15,84113.36,84497.98,84113.36,84407.76,7639040
2026-09-25 08:30,84403.31,84435.08,84294.82,84301.29,101625856
2026-09-25 08:45,84295.35,84465.61,84269.18,84406.85,0
2026-09-25 09:00,84406.86,84719.27,84406.86,84584.45,11124736
2026-09-25 09:15,84577.68,84832.70,84536.47,84797.71,80715776
2026-09-25 09:30,84797.71,84825.21,84581.52,84626.18,0
2026-09-25 09:45,84634.12,84636.95,84556.22,84563.73,0
2026-09-25 10:00,84565.43,84565.43,84374.62,84481.92,12679168
2026-09-25 10:15,84481.92,84741.01,84437.76,84713.36,0
2026-09-25 10:30,84694.82,84807.35,84649.06,84774.90,140009472
2026-09-25 10:45,84768.54,84860.97,84695.29,84709.26,71444480
2026-09-25 11:00,84721.83,85227.26,84688.89,85227.26,391305216
2026-09-25 11:15,85230.52,85250.00,84847.82,84926.02,726061056
2026-09-25 11:30,84932.44,84961.13,84696.59,84719.34,309164032
2026-09-25 11:45,84716.22,84743.99,84564.49,84566.68,156121088
2026-09-25 12:00,84580.04,84691.30,84211.67,84353.28,176635904
2026-09-25 12:15,84345.04,84393.11,83906.42,84388.70,812380160
2026-09-25 12:30,84368.46,84532.55,84321.82,84422.77,698163200
2026-09-25 12:45,84434.39,84535.54,84321.04,84453.53,480456704
2026-09-25 13:00,84437.77,84556.19,84321.00,84434.63,219676672
2026-09-25 13:15,84431.54,84549.52,84082.76,84084.46,323289088
2026-09-25 13:30,84047.26,84301.49,83778.18,83984.70,43614208
2026-09-25 13:45,83990.34,84080.61,83574.32,83891.39,480931840
2026-09-25 14:00,83903.98,83998.77,83162.91,83533.62,1038229504
2026-09-25 14:15,83540.85,83778.07,83445.13,83629.96,560017408
2026-09-25 14:30,83641.51,83915.57,83637.14,83696.16,0
2026-09-25 14:45,83674.40,84021.91,83553.99,84002.58,0
2026-09-25 15:00,83976.38,84078.73,83732.35,83981.64,63401984
2026-09-25 15:15,83956.97,83981.64,83711.74,83759.05,100061184
2026-09-25 15:30,83755.29,83866.46,83442.83,83458.61,305324032
2026-09-25 15:45,83465.95,83781.71,83347.00,83781.71,327618560
2026-09-25 16:00,83793.59,84044.10,83790.45,84002.70,373018624
2026-09-25 16:15,84004.79,84096.12,83921.96,83963.96,316465152
2026-09-25 16:30,83966.27,84029.50,83801.70,83882.00,986710016
2026-09-25 16:45,83883.26,83891.68,83700.00,83723.23,0
2026-09-25 17:00,83733.46,83944.55,83733.46,83944.54,132116480
2026-09-25 17:15,83944.54,83970.54,83673.35,83673.35,72388608
2026-09-25 17:30,83664.95,83827.00,83605.23,83776.74,169881600
2026-09-25 17:45,83784.82,83799.21,83676.69,83761.83,8712192
2026-09-25 18:00,83768.13,83999.99,83768.13,83973.82,928440320
2026-09-25 18:15,83973.82,84058.79,83872.17,83941.43,0
2026-09-25 18:30,83947.18,83999.48,83893.42,83970.03,12464128
2026-09-25 18:45,83973.11,83990.04,83914.10,83949.99,167972864
2026-09-25 19:00,83973.11,84033.04,83909.76,84028.92,0
2026-09-25 19:15,84028.92,84028.93,83924.84,83992.01,36691968
2026-09-25 19:30,83991.02,84057.60,83934.19,83963.49,0
2026-09-25 19:45,83963.41,84055.98,83963.41,84000.02,37359616
2026-09-25 20:00,84007.56,84036.48,83926.95,83955.09,0
2026-09-25 20:15,83955.09,84094.43,83955.09,84045.67,0
2026-09-25 20:30,84045.37,84176.97,84032.01,84118.02,127434752
2026-09-25 20:45,84101.14,84101.14,83831.56,83870.86,77197312
2026-09-25 21:00,83867.63,83909.99,83645.77,83682.00,44527616
2026-09-25 21:15,83682.00,83766.59,83615.09,83762.43,1182263296
2026-09-25 21:30,83762.43,83830.02,83711.29,83808.63,15044608
2026-09-25 21:45,83808.63,83875.20,83765.10,83787.06,100671488
2026-09-25 22:00,83782.27,83924.39,83759.87,83923.88,81543168
2026-09-25 22:15,83923.88,83966.69,83888.64,83903.24,0
2026-09-25 22:30,83909.56,84092.26,83902.25,84073.56,33671168
2026-09-25 22:45,84073.56,84120.94,84041.16,84069.32,117102592
2026-09-25 23:00,84058.73,84096.21,84048.94,84050.61,34818048
2026-09-25 23:15,84058.03,84087.67,84005.99,84087.66,78479360
2026-09-25 23:30,84087.66,84088.26,84055.01,84062.80,48617472
2026-09-25 23:45,84062.79,84094.98,84026.40,84093.13,13383680
2026-09-26 00:00,84096.01,84135.10,84036.48,84059.46,28344320
2026-09-26 00:15,84059.55,84073.06,83917.03,83941.46,99981312
2026-09-26 00:30,83941.46,83941.46,83777.78,83861.27,83773440
2026-09-26 00:45,83861.28,83936.07,83861.27,83904.80,140380160
2026-09-26 01:00,83892.93,83973.11,83888.04,83927.60,0
2026-09-26 01:15,83927.61,83981.50,83911.67,83937.31,138151936
2026-09-26 01:30,83937.33,84073.96,83927.94,84036.28,0
2026-09-26 01:45,84036.28,84078.26,84016.27,84072.83,83556352
2026-09-26 02:00,84072.84,84124.08,83975.88,84118.46,32237568
2026-09-26 02:15,84120.14,84130.61,84017.41,84017.41,96378880
2026-09-26 02:30,84017.41,84046.59,83987.79,84004.22,47683584
2026-09-26 02:45,84004.22,84054.50,83999.75,83999.76,21610496
2026-09-26 03:00,83999.76,83999.76,83907.26,83937.15,0
2026-09-26 03:15,83937.15,84020.42,83908.27,84015.61,0
2026-09-26 03:30,84011.34,84047.04,83941.44,83941.44,63309824
2026-09-26 03:45,83941.44,83953.01,83920.67,83931.18,203720704
2026-09-26 04:00,83931.18,84011.90,83931.18,83977.52,64927744
2026-09-26 04:15,83993.57,84040.78,83877.01,83877.01,99291136
2026-09-26 04:30,83847.55,83981.44,83837.38,83972.22,331823104
2026-09-26 04:45,83972.22,83979.99,83958.83,83975.53,6703104
2026-09-26 05:00,83975.54,83999.99,83920.30,83958.91,90839040
2026-09-26 05:15,83952.00,83987.82,83891.00,83922.82,58179584
2026-09-26 05:30,83922.83,83953.72,83879.14,83946.63,0
2026-09-26 05:45,83961.33,83981.34,83892.15,83918.35,125372416
2026-09-26 06:00,83918.35,83934.90,83886.96,83888.14,62367744
2026-09-26 06:15,83888.14,83933.48,83867.52,83933.47,3430400
2026-09-26 06:30,83933.47,83966.82,83882.61,83902.75,0
2026-09-26 06:45,83902.75,83928.04,83882.65,83882.65,0
2026-09-26 07:00,83892.01,84010.79,83892.01,83996.23,38326272
2026-09-26 07:15,83996.23,84015.41,83975.74,83998.83,67356672
2026-09-26 07:30,83998.83,84053.76,83998.82,84022.47,0
2026-09-26 07:45,84028.42,84124.87,84028.42,84103.92,0
2026-09-26 08:00,84105.81,84106.25,84034.02,84049.28,0
2026-09-26 08:15,84068.86,84092.94,84009.78,84092.93,0
2026-09-26 08:30,84095.30,84323.70,84095.30,84279.35,0
2026-09-26 08:45,84262.11,84275.36,84194.91,84194.91,96989184
2026-09-26 09:00,84194.92,84205.56,83963.87,83999.15,0
2026-09-26 09:15,83999.15,84025.21,83944.29,84013.10,54591488
2026-09-26 09:30,84016.68,84033.63,83956.41,83998.53,0
2026-09-26 09:45,84011.99,84023.93,83974.94,84003.01,0
2026-09-26 10:00,84013.28,84113.54,84013.28,84094.30,0
2026-09-26 10:15,84095.59,84173.75,84095.59,84135.79,104232960
2026-09-26 10:30,84135.79,84161.41,84101.39,84145.82,0
2026-09-26 10:45,84145.82,84175.47,84105.52,84171.56,0
2026-09-26 11:00,84171.55,84178.63,84115.00,84152.64,0
2026-09-26 11:15,84152.64,84193.52,84135.00,84146.39,0
2026-09-26 11:30,84160.67,84194.87,84154.32,84158.21,0
2026-09-26 11:45,84168.70,84177.26,84154.78,84161.01,0
2026-09-26 12:00,84158.82,84178.41,84091.04,84125.82,0
2026-09-26 12:15,84135.44,84190.47,84079.27,84084.80,0
2026-09-26 12:30,84084.81,84120.95,84030.74,84035.74,0
2026-09-26 12:45,84035.75,84061.71,84035.25,84053.78,0
2026-09-26 13:00,84035.33,84115.26,83942.70,84000.23,0
2026-09-26 13:15,83978.55,84014.34,83853.34,83920.25,0
2026-09-26 13:30,83920.25,83924.71,83846.40,83909.36,0
2026-09-26 13:45,83915.37,83966.84,83901.73,83931.87,0
2026-09-26 14:00,83931.49,83964.58,83894.15,83941.44,0
2026-09-26 14:15,83945.61,83972.23,83934.05,83972.23,0
2026-09-26 14:30,83972.23,84021.42,83972.23,84006.41,0
2026-09-26 14:45,84006.41,84041.93,83985.41,84014.56,0
2026-09-26 15:00,84014.56,84031.99,83997.05,84010.68,0
2026-09-26 15:15,84010.68,84047.68,84010.22,84047.60,0
2026-09-26 15:30,84047.60,84183.59,84047.60,84122.18,4803584
2026-09-26 15:45,84121.82,84148.60,84057.60,84146.86,510976
2026-09-26 16:00,84150.31,84150.31,84083.62,84113.58,0
2026-09-26 16:15,84113.59,84126.10,84077.07,84101.83,0
2026-09-26 16:30,84101.83,84150.30,84101.83,84138.64,4373504
2026-09-26 16:45,84138.63,84150.30,84082.42,84104.30,0
2026-09-26 17:00,84104.31,84118.62,84043.30,84076.31,0
2026-09-26 17:15,84060.88,84069.61,84037.85,84044.35,21277696
2026-09-26 17:30,84052.20,84095.09,84025.11,84095.09,0
2026-09-26 17:45,84095.09,84130.54,84089.03,84126.64,11828224
2026-09-26 18:00,84126.64,84156.49,84089.76,84089.76,0
2026-09-26 18:15,84089.76,84089.76,84039.77,84058.50,44722176
2026-09-26 18:30,84058.49,84068.02,83992.46,83996.41,11749376
2026-09-26 18:45,83996.41,84012.26,83966.38,83994.61,163957760
2026-09-26 19:00,83994.61,84043.82,83994.61,84022.30,22886400
2026-09-26 19:15,84022.30,84024.50,84001.00,84011.95,13929472
2026-09-26 19:30,84004.99,84018.36,83946.70,83997.64,25999360
2026-09-26 19:45,83997.64,84007.76,83975.27,84000.66,10720256
2026-09-26 20:00,84000.65,84047.54,83973.12,83995.10,0
2026-09-26 20:15,83995.09,84073.51,83995.09,84066.88,0
2026-09-26 20:30,84066.89,84080.39,83850.01,83877.99,33270784
2026-09-26 20:45,83898.83,84036.47,83818.01,84016.33,77797376
2026-09-26 21:00,84014.65,84107.16,84013.99,84107.15,0
2026-09-26 21:15,84107.15,84191.71,84078.97,84191.71,53126144
2026-09-26 21:30,84200.69,84232.01,84127.41,84149.99,135570432
2026-09-26 21:45,84149.99,84149.99,84090.02,84137.62,99530752
2026-09-26 22:00,84137.63,84394.66,84137.62,84302.11,0
2026-09-26 22:15,84332.15,84347.29,84222.69,84329.88,592727040
2026-09-26 22:30,84329.88,84331.53,84243.08,84269.79,70472704
2026-09-26 22:45,84258.46,84330.93,84250.39,84266.36,0
2026-09-26 23:00,84266.37,84369.57,84266.37,84346.57,63824896
2026-09-26 23:15,84353.27,84428.19,84312.25,84363.26,26408960
2026-09-26 23:30,84363.27,84425.07,84325.71,84335.95,319155200
2026-09-26 23:45,84335.95,84445.53,84335.22,84421.44,170756096
2026-09-27 00:00,84416.64,84423.31,84300.00,84308.57,21175296
2026-09-27 00:15,84308.57,84308.58,84233.72,84242.51,0
2026-09-27 00:30,84242.51,84372.66,84242.51,84326.10,0
2026-09-27 00:45,84326.10,84341.76,84277.43,84291.21,74187776
2026-09-27 01:00,84291.21,84381.86,84261.05,84381.86,0
2026-09-27 01:15,84381.86,84392.85,84311.04,84311.04,0
2026-09-27 01:30,84311.04,84393.58,84287.70,84390.11,101654528
2026-09-27 01:45,84395.51,84560.47,84395.51,84471.48,78211072
2026-09-27 02:00,84471.48,84520.00,84427.64,84475.98,140594176
2026-09-27 02:15,84475.98,84522.85,84444.61,84487.33,28024832
2026-09-27 02:30,84487.33,84522.23,84452.22,84454.70,17187840
2026-09-27 02:45,84454.70,84460.33,84418.00,84435.35,0
2026-09-27 03:00,84432.85,84502.35,84431.54,84467.32,9544704
2026-09-27 03:15,84467.32,84467.32,84352.92,84372.72,81620992
2026-09-27 03:30,84372.72,84424.40,84368.61,84385.81,32095232
2026-09-27 03:45,84385.81,84396.95,84353.30,84375.31,35969024
2026-09-27 04:00,84364.21,84482.59,84364.20,84464.48,18851840
2026-09-27 04:15,84464.48,84472.62,84395.52,84395.53,0
2026-09-27 04:30,84390.72,84390.72,84285.00,84286.04,0
2026-09-27 04:45,84286.03,84336.43,84274.01,84316.81,0
2026-09-27 05:00,84316.80,84389.11,84300.48,84363.84,37089280
2026-09-27 05:15,84373.44,84385.88,84363.84,84369.18,0
2026-09-27 05:30,84369.18,84617.27,84369.18,84522.24,629228544
2026-09-27 05:45,84530.14,84553.58,84443.02,84475.27,134129664
2026-09-27 06:00,84444.35,84585.60,84444.35,84577.09,42605568
2026-09-27 06:15,84577.09,84613.82,84512.29,84564.48,134124544
2026-09-27 06:30,84564.48,84580.18,84492.08,84508.11,120231936
2026-09-27 06:45,84504.50,84538.55,84451.83,84506.52,28371968
2026-09-27 07:00,84495.37,84525.92,84485.81,84504.50,0
2026-09-27 07:15,84519.33,84525.92,84467.40,84501.84,85441536
2026-09-27 07:30,84501.85,84612.00,84501.85,84598.41,82807808
2026-09-27 07:45,84598.40,84779.71,84586.01,84773.26,50488320
2026-09-27 08:00,84786.67,84839.99,84704.99,84805.14,365322240
2026-09-27 08:15,84805.14,84866.04,84754.29,84797.47,207385600
2026-09-27 08:30,84800.12,84882.50,84682.00,84711.95,132350976
2026-09-27 08:45,84749.33,84807.00,84700.19,84775.68,291777536
2026-09-27 09:00,84779.82,84779.82,84575.04,84649.74,136197120
2026-09-27 09:15,84649.74,84691.19,84617.29,84684.77,216616960
2026-09-27 09:30,84684.77,84786.23,84683.81,84786.23,171742208
2026-09-27 09:45,84791.81,84946.31,84791.81,84934.07,742158336
2026-09-27 10:00,84927.73,85040.94,84882.80,85027.72,86140928
2026-09-27 10:15,85027.72,85110.99,84894.69,84912.79,202173440
2026-09-27 10:30,84912.79,84928.49,84825.73,84834.63,139740160
2026-09-27 10:45,84834.63,84901.72,84781.79,84861.72,59965440
2026-09-27 11:00,84841.00,84935.81,84829.45,84894.49,10484736
2026-09-27 11:15,84894.49,84930.70,84828.62,84874.42,167028736
2026-09-27 11:30,84883.11,84902.39,84819.07,84902.39,17252352
2026-09-27 11:45,84906.92,84909.23,84827.08,84877.02,29640704
2026-09-27 12:00,84876.93,84994.77,84876.93,84993.39,2314240
2026-09-27 12:15,84993.38,85018.99,84935.95,84937.52,147359744
2026-09-27 12:30,84951.58,84994.10,84938.34,84970.17,11274240
2026-09-27 12:45,84965.78,84978.65,84778.75,84783.88,40998912
2026-09-27 13:00,84766.18,84800.89,84616.27,84636.71,162465792
2026-09-27 13:15,84636.70,84932.71,84636.70,84920.00,103436288
2026-09-27 13:30,84920.01,85133.45,84780.13,84780.13,132288512
2026-09-27 13:45,84749.22,85029.34,84725.86,85029.34,157097984
2026-09-27 14:00,85011.70,85042.19,84900.00,84986.27,170000384
2026-09-27 14:15,84986.27,85016.27,84680.81,84695.80,1230848
2026-09-27 14:30,84680.64,84777.65,84653.76,84718.47,274495488
2026-09-27 14:45,84707.20,84734.90,84437.76,84520.00,274225152
2026-09-27 15:00,84524.70,84582.73,84346.19,84480.39,232826880
2026-09-27 15:15,84500.00,84610.89,84437.76,84605.35,175069184
2026-09-27 15:30,84605.35,84626.10,84417.32,84417.70,135917568
2026-09-27 15:45,84425.85,84490.55,84406.09,84449.48,77895680
2026-09-27 16:00,84446.09,84582.01,84446.09,84552.81,80984064
2026-09-27 16:15,84549.45,84648.64,84485.00,84556.41,125558784
2026-09-27 16:30,84551.90,84551.90,84361.07,84369.44,106047488
2026-09-27 16:45,84374.25,84435.98,84363.84,84409.67,155129856
2026-09-27 17:00,84410.31,84457.15,84317.28,84370.94,126918656
2026-09-27 17:15,84371.11,84447.08,84371.11,84418.03,40083456
2026-09-27 17:30,84420.70,84518.27,84420.69,84467.77,67934208
2026-09-27 17:45,84467.77,84564.29,84467.76,84559.74,0
2026-09-27 18:00,84544.48,84593.01,84542.35,84593.01,4579328
2026-09-27 18:15,84593.00,84732.88,84585.64,84732.87,37421056
2026-09-27 18:30,84732.88,84768.20,84656.82,84751.69,100734976
2026-09-27 18:45,84751.69,84809.65,84712.32,84798.73,844863488
2026-09-27 19:00,84802.98,84828.47,84711.32,84775.01,20908032
2026-09-27 19:15,84775.01,84830.84,84663.23,84689.50,0
2026-09-27 19:30,84676.22,84786.25,84642.50,84762.35,91320320
2026-09-27 19:45,84762.34,84807.36,84714.71,84717.82,0
2026-09-27 20:00,84719.73,84800.21,84719.73,84800.20,61638656
2026-09-27 20:15,84800.21,84800.21,84597.40,84604.82,1699840
2026-09-27 20:30,84604.83,84635.49,84561.87,84626.92,205508608
2026-09-27 20:45,84626.93,84626.93,84521.01,84532.20,4958208
2026-09-27 21:00,84538.94,84675.61,84538.31,84674.16,57657344
2026-09-27 21:15,84674.16,84709.07,84594.39,84594.40,195846144
2026-09-27 21:30,84594.40,84612.54,84421.28,84538.78,15163392
2026-09-27 21:45,84542.65,84680.63,84542.65,84664.53,132073472
2026-09-27 22:00,84676.41,84736.92,84265.16,84315.38,93546496
2026-09-27 22:15,84299.63,84557.92,84262.59,84538.41,153167872
2026-09-27 22:30,84520.98,84520.98,84170.00,84170.01,106010624
2026-09-27 22:45,84152.94,84224.70,84120.00,84187.88,170618880
2026-09-27 23:00,84167.85,84285.88,84115.00,84195.90,49819648
2026-09-27 23:15,84196.11,84435.47,84184.32,84378.29,84197376
2026-09-27 23:30,84384.40,84454.44,84321.00,84321.00,8888320
2026-09-27 23:45,84342.71,84525.70,84311.86,84462.13,40583168
2026-09-28 00:00,84462.14,84555.60,84355.13,84420.19,125663232
2026-09-28 00:15,84420.19,84979.44,84399.25,84771.05,381239296
2026-09-28 00:30,84744.39,84744.39,84187.67,84288.72,735668224
2026-09-28 00:45,84296.27,84614.61,84125.30,84125.80,157093888
2026-09-28 01:00,84120.95,84210.92,83920.75,83942.62,661262336
2026-09-28 01:15,83934.98,84152.64,83870.94,84074.02,442583040
2026-09-28 01:30,84057.38,84143.34,83791.78,83791.78,460224512
2026-09-28 01:45,83790.08,83909.75,83606.99,83686.73,360564736
2026-09-28 02:00,83675.00,83772.47,83468.59,83728.49,465633280
2026-09-28 02:15,83734.84,83737.55,83540.16,83610.01,439289856
2026-09-28 02:30,83611.29,83623.83,83415.84,83482.47,268437504
2026-09-28 02:45,83474.04,83522.23,83370.64,83405.00,349362176
2026-09-28 03:00,83448.26,83515.17,83364.01,83413.44,218552320
2026-09-28 03:15,83392.33,83494.59,83282.69,83310.79,200284160
2026-09-28 03:30,83307.28,83475.22,83190.32,83434.55,322625536
2026-09-28 03:45,83427.42,83473.25,83300.00,83325.16,920582144
2026-09-28 04:00,83338.75,83415.25,83215.54,83412.19,159954944
2026-09-28 04:15,83398.19,83501.31,83350.09,83459.06,156485632
2026-09-28 04:30,83452.38,83494.10,83411.51,83476.80,107032576
2026-09-28 04:45,83476.80,83494.33,83411.35,83482.47,803725312
2026-09-28 05:00,83466.24,83514.67,83228.73,83312.16,342937600
2026-09-28 05:15,83320.22,83332.74,83001.11,83059.30,579274752
2026-09-28 05:30,83042.04,83122.31,82713.30,83122.31,341968896
2026-09-28 05:45,83128.31,83179.96,83029.92,83162.30,662206464
2026-09-28 06:00,83160.23,83286.60,83117.76,83236.57,220260352
2026-09-28 06:15,83234.90,83234.90,83028.32,83028.41,207509504
2026-09-28 06:30,83030.04,83203.76,83013.17,83160.01,162979840
2026-09-28 06:45,83160.00,83202.24,83089.68,83134.01,157691904
2026-09-28 07:00,83138.87,83252.50,83020.32,83051.93,138182656
2026-09-28 07:15,83041.62,83123.99,82903.61,82911.38,1065498624
2026-09-28 07:30,82911.38,83020.32,82875.01,82898.88,644433920
2026-09-28 07:45,82883.42,83086.05,82883.42,82912.04,244707328
2026-09-28 08:00,82898.26,83113.92,82883.99,82972.65,649437184
2026-09-28 08:15,82977.55,83002.79,82775.52,82780.09,476321792
2026-09-28 08:30,82820.15,82928.64,82731.64,82881.06,326191104
2026-09-28 08:45,82881.05,82984.75,82855.84,82913.58,378501120
2026-09-28 09:00,82913.59,82961.57,82571.00,82840.77,420816896
2026-09-28 09:15,82840.77,82928.77,82719.50,82783.54,320026624
2026-09-28 09:30,82789.54,82813.11,82561.20,82580.02,192122880
2026-09-28 09:45,82593.41,82749.89,82577.75,82624.18,88557568
2026-09-28 10:00,82636.22,82819.42,82635.06,82717.17,3065856
2026-09-28 10:15,82729.40,82819.16,82688.73,82774.19,957960192
2026-09-28 10:30,82785.85,82924.17,82733.72,82918.39,18110464
2026-09-28 10:45,82918.38,83000.25,82820.40,82908.13,434577408
2026-09-28 11:00,82931.91,83014.22,82928.21,82946.89,258476032
2026-09-28 11:15,82957.56,83039.14,82924.93,82988.79,146896896
2026-09-28 11:30,82988.78,83082.58,82950.00,83047.07,391071744
2026-09-28 11:45,83044.77,83066.84,82945.94,83058.93,160710656
2026-09-28 12:00,83031.69,83487.03,82979.16,83360.92,1595334656
2026-09-28 12:15,83352.56,83439.97,83250.01,83342.32,410822656
2026-09-28 12:30,83346.49,83407.78,83242.64,83315.96,410277888
2026-09-28 12:45,83328.17,83615.97,83328.17,83539.02,174761984
2026-09-28 13:00,83549.75,83549.75,83281.08,83386.40,74657792
2026-09-28 13:15,83386.40,83535.91,83335.43,83535.91,173625344
2026-09-28 13:30,83543.15,83794.65,83359.65,83713.81,783343616
2026-09-28 13:45,83704.31,83803.34,83453.48,83629.89,501141504
2026-09-28 14:00,83600.01,83600.01,83302.81,83384.63,413249536
2026-09-28 14:15,83393.00,83587.55,83098.85,83215.30,314638336
2026-09-28 14:30,83232.10,83460.23,82848.60,82917.29,700559360
2026-09-28 14:45,82919.53,83016.08,82566.02,82988.63,611389440
2026-09-28 15:00,83002.52,83242.63,82904.37,82944.21,527519744
2026-09-28 15:15,82900.64,83108.20,82773.76,83053.10,322670592
2026-09-28 15:30,83057.74,83340.39,82989.54,83186.79,661172224
2026-09-28 15:45,83193.75,83375.82,83181.56,83365.79,353992704
2026-09-28 16:00,83343.68,83457.45,83227.93,83368.44,143020032
2026-09-28 16:15,83389.80,84158.03,83350.00,83988.06,601972736
2026-09-28 16:30,83989.74,84093.59,83654.75,83707.45,550346752
2026-09-28 16:45,83707.45,83716.71,83555.09,83677.39,296943616
2026-09-28 17:00,83698.23,84211.78,83533.29,84211.78,344150016
2026-09-28 17:15,84226.01,84327.30,83836.00,83868.12,926720000
2026-09-28 17:30,83890.30,84001.41,83818.05,83985.95,185671680
2026-09-28 17:45,83979.19,84025.26,83809.36,83846.95,181923840
2026-09-28 18:00,83846.95,83975.96,83816.98,83952.03,294502400
2026-09-28 18:15,83952.03,83979.82,83870.67,83902.21,79441920
2026-09-28 18:30,83907.40,83934.16,83771.54,83845.15,209002496
2026-09-28 18:45,83826.55,84030.51,83780.33,84017.42,276168704
2026-09-28 19:00,84024.03,84024.03,83630.18,83701.45,1159225344
2026-09-28 19:15,83679.26,83706.99,83600.00,83602.92,278392832
2026-09-28 19:30,83610.72,83621.45,83073.02,83282.01,274735104
2026-09-28 19:45,83293.87,83394.34,83236.58,83364.84,174145536
2026-09-28 20:00,83350.03,83581.95,83232.35,83536.56,313466880
2026-09-28 20:15,83511.49,83525.41,83422.26,83452.22,223297536
2026-09-28 20:30,83452.22,83546.64,83424.60,83451.55,51245056
2026-09-28 20:45,83448.77,83509.91,83396.22,83501.48,64724992
2026-09-28 21:00,83516.20,83629.48,83516.20,83535.92,110362624
2026-09-28 21:15,83535.92,83548.40,83407.50,83413.91,196628480
2026-09-28 21:30,83423.79,83437.93,83362.09,83389.48,0
2026-09-28 21:45,83389.48,83395.26,83170.00,83181.03,139399168
2026-09-28 22:00,83196.00,83200.49,83057.53,83161.46,1047965696
2026-09-28 22:15,83120.44,83204.89,83114.37,83204.88,15200256
2026-09-28 22:30,83201.84,83454.56,83201.84,83449.16,0
2026-09-28 22:45,83449.16,83513.29,83432.78,83513.29,171094016
2026-09-28 23:00,83513.29,83602.85,83404.84,83411.13,0
2026-09-28 23:15,83411.13,83549.33,83411.13,83549.33,0
2026-09-28 23:30,83558.00,83590.32,83533.88,83552.13,92258304
2026-09-28 23:45,83558.40,83558.41,83456.34,83456.74,62984192
2026-09-29 00:00,83456.36,83511.47,83420.40,83486.86,127164416
2026-09-29 00:15,83484.96,83513.99,83304.85,83504.92,20172800
2026-09-29 00:30,83495.60,83586.51,83419.18,83499.35,0
2026-09-29 00:45,83479.60,83479.60,83136.82,83146.48,45547520
2026-09-29 01:00,83127.48,83205.98,82961.81,82973.80,0
2026-09-29 01:15,82973.99,83023.27,82782.63,82782.63,0
2026-09-29 01:30,82767.00,82969.42,82738.08,82926.73,1406246912
2026-09-29 01:45,82926.01,83067.87,82878.74,83024.78,0
2026-09-29 02:00,83024.80,83068.86,82880.39,82988.67,0
2026-09-29 02:15,82991.64,83130.16,82890.33,82941.94,212537344
2026-09-29 02:30,82957.97,83002.42,82859.01,83002.42,38191104
2026-09-29 02:45,82995.61,83083.77,82867.39,82930.05,22249472
2026-09-29 03:00,82941.33,83016.97,82860.03,82860.03,113086464
2026-09-29 03:15,82861.69,83182.85,82831.25,83172.95,0
2026-09-29 03:30,83144.89,83179.64,83074.89,83084.56,230580224
2026-09-29 03:45,83084.56,83144.87,83010.66,83038.38,0
2026-09-29 04:00,83038.38,83139.08,82990.75,83100.75,17039360
2026-09-29 04:15,83109.96,83264.94,83105.50,83185.49,179232768
2026-09-29 04:30,83185.49,83188.49,83075.00,83141.00,44769280
2026-09-29 04:45,83132.71,83184.99,83039.51,83170.56,84955136
2026-09-29 05:00,83174.72,83237.41,83140.52,83234.14,5222400
2026-09-29 05:15,83242.63,83315.96,83185.18,83285.86,12509184
2026-09-29 05:30,83280.95,83297.30,82926.48,83258.91,0
2026-09-29 05:45,83277.19,83399.12,83173.53,83398.45,1945600
2026-09-29 06:00,83401.49,83861.99,83377.06,83861.98,186757120
2026-09-29 06:15,83861.99,83862.58,83709.08,83851.98,160968704
2026-09-29 06:30,83849.26,83924.99,83809.25,83874.99,1023913984
2026-09-29 06:45,83874.99,83980.48,83830.29,83976.01,82096128
2026-09-29 07:00,83951.41,84012.05,83833.33,83955.93,2088960
2026-09-29 07:15,83955.94,84048.66,83891.06,83954.61,165793792
2026-09-29 07:30,83976.09,84165.99,83925.50,83993.04,0
2026-09-29 07:45,84004.33,84041.24,83933.51,83948.13,44511232
2026-09-29 08:00,83964.84,84053.82,83945.30,84006.84,0
2026-09-29 08:15,84010.50,84327.00,84010.50,84124.40,0
2026-09-29 08:30,84124.39,84129.98,83808.89,83825.76,0
2026-09-29 08:45,83823.84,83852.99,83762.08,83845.92,52563968
2026-09-29 09:00,83835.03,83848.91,83734.54,83752.25,0
2026-09-29 09:15,83750.47,83864.18,83729.65,83812.29,10518528
2026-09-29 09:30,83812.29,83976.35,83805.78,83976.35,56334336
2026-09-29 09:45,83993.31,84283.49,83958.00,84221.33,246829056
2026-09-29 10:00,84221.33,84312.98,84126.00,84181.96,164292608
2026-09-29 10:15,84181.96,84190.10,84025.62,84125.10,93454336
2026-09-29 10:30,84125.10,84125.10,83961.18,83991.93,72044544
2026-09-29 10:45,83991.93,84049.99,83945.39,84000.91,22822912
2026-09-29 11:00,84000.91,84073.50,83900.01,83982.42,173381632
2026-09-29 11:15,83999.99,84054.38,83951.26,84033.69,0
2026-09-29 11:30,84045.51,84251.99,84039.48,84241.62,937474048
2026-09-29 11:45,84252.75,84460.08,84220.50,84324.03,125999104
2026-09-29 12:00,84325.98,84408.56,84268.32,84294.01,0
2026-09-29 12:15,84294.02,84449.99,84100.98,84174.77,0
2026-09-29 12:30,84188.98,84451.46,84174.97,84336.14,85596160
2026-09-29 12:45,84332.35,84373.71,84232.85,84309.21,0
2026-09-29 13:00,84303.91,84430.49,84234.80,84384.36,140666880
2026-09-29 13:15,84384.36,84514.20,84320.85,84334.96,0
2026-09-29 13:30,84333.52,84333.52,83997.72,84168.00,0
2026-09-29 13:45,84199.49,84431.80,84058.90,84186.22,0
2026-09-29 14:00,84192.42,84265.73,83850.01,83911.36,0
2026-09-29 14:15,83893.06,84056.58,83836.00,83907.70,30994432
2026-09-29 14:30,83925.90,83999.45,83749.00,83869.49,473364480
2026-09-29 14:45,83893.81,83985.92,83667.88,83717.42,0
2026-09-29 15:00,83727.86,83727.86,83328.00,83398.83,38817792
2026-09-29 15:15,83386.07,83474.99,82874.55,82963.31,0
2026-09-29 15:30,82975.53,83218.49,82948.54,83155.84,316497920
2026-09-29 15:45,83176.89,83296.94,82917.22,83041.39,326017024
2026-09-29 16:00,83064.09,83128.49,82933.82,83007.85,111966208
2026-09-29 16:15,83007.86,83275.49,82967.20,83236.53,0
2026-09-29 16:30,83235.00,83251.24,83013.00,83013.02,162707456
2026-09-29 16:45,83030.32,83070.46,82887.00,83034.93,0
2026-09-29 17:00,83026.63,83167.28,82983.24,83110.50,6782976
2026-09-29 17:15,83152.72,83159.79,83013.27,83157.72,0
2026-09-29 17:30,83166.46,83196.07,83074.85,83124.52,33423360
2026-09-29 17:45,83094.09,83149.48,82952.54,83055.42,90587136
2026-09-29 18:00,83099.98,83405.06,83099.98,83405.06,79988736
2026-09-29 18:15,83405.97,83498.99,83359.51,83403.48,102184960
2026-09-29 18:30,83391.00,83670.55,83380.51,83605.49,98789376
2026-09-29 18:45,83605.49,83659.60,83555.36,83609.98,127782912
2026-09-29 19:00,83609.21,83670.32,83563.67,83565.39,0
2026-09-29 19:15,83560.91,83640.53,83503.75,83521.71,2033664
2026-09-29 19:30,83521.85,83590.49,83394.52,83394.52,39507968
2026-09-29 19:45,83397.91,83621.26,83379.90,83549.01,160477184
2026-09-29 20:00,83579.86,83579.86,83472.55,83517.00,28827648
2026-09-29 20:15,83517.00,83625.20,83514.91,83596.55,33269760
2026-09-29 20:30,83590.77,83626.31,83553.32,83607.59,40308736
2026-09-29 20:45,83607.59,83634.54,83582.67,83582.67,0
2026-09-29 21:00,83585.34,83590.11,83485.50,83526.53,265744384
2026-09-29 21:15,83523.42,83524.99,83338.57,83382.16,79624192
2026-09-29 21:30,83382.15,83503.03,83372.93,83464.50,250212352
2026-09-29 21:45,83454.00,83475.09,83375.35,83473.88,37357568
2026-09-29 22:00,83473.96,83682.28,83473.96,83623.77,155805696
2026-09-29 22:15,83609.82,83656.64,83515.78,83554.26,212109312
2026-09-29 22:30,83547.55,83595.32,83493.33,83566.89,113035264
2026-09-29 22:45,83566.89,83622.00,83536.98,83578.83,22501376
2026-09-29 23:00,83570.81,83821.03,83570.81,83815.50,46424064
2026-09-29 23:15,83810.57,83821.49,83678.19,83724.24,196716544
2026-09-29 23:30,83724.24,83724.24,83594.48,83632.96,64079872
2026-09-29 23:45,83638.44,83693.55,83599.93,83638.41,191641600
2026-09-30 00:00,83652.69,83699.99,83472.97,83500.00,7983104
2026-09-30 00:15,83507.19,83557.08,83374.76,83536.78,223629312
2026-09-30 00:30,83536.78,83594.53,83425.90,83450.00,91064320
2026-09-30 00:45,83450.00,83450.01,83307.01,83418.28,163121152
2026-09-30 01:00,83417.07,83449.52,83355.19,83393.21,0
2026-09-30 01:15,83400.39,83517.67,83355.19,83392.21,69498880
2026-09-30 01:30,83363.85,83413.83,83296.26,83404.82,749383680
2026-09-30 01:45,83409.05,83465.24,83365.09,83404.77,0
2026-09-30 02:00,83415.83,83584.00,83396.17,83441.22,0
2026-09-30 02:15,83425.24,83521.73,83335.15,83383.19,116846592
2026-09-30 02:30,83383.19,83411.98,83247.71,83338.70,0
2026-09-30 02:45,83322.79,83446.59,83310.91,83347.67,123260928
2026-09-30 03:00,83352.70,83390.35,83285.63,83285.63,0
2026-09-30 03:15,83285.64,83291.67,83129.34,83278.15,69650432
2026-09-30 03:30,83265.95,83387.09,83212.50,83317.99,0
2026-09-30 03:45,83309.31,83309.31,83232.32,83269.16,74887168
2026-09-30 04:00,83265.85,83377.45,83265.85,83318.17,58550272
2026-09-30 04:15,83327.67,83386.66,83316.55,83331.67,4222976
2026-09-30 04:30,83331.71,83370.64,83254.50,83276.29,362950656
2026-09-30 04:45,83276.29,83292.48,83164.65,83174.05,110098432
2026-09-30 05:00,83179.74,83320.56,83179.74,83196.40,117276672
2026-09-30 05:15,83189.87,83347.81,83149.99,83347.81,239273984
2026-09-30 05:30,83346.14,83468.37,83346.14,83433.09,54835200
2026-09-30 05:45,83430.17,83454.94,83265.54,83344.69,102057984
2026-09-30 06:00,83351.60,83391.27,83069.42,83086.32,574810112
2026-09-30 06:15,83107.50,83144.20,83024.53,83128.49,0
2026-09-30 06:30,83125.51,83128.85,83001.87,83073.27,310616064
2026-09-30 06:45,83073.28,83153.87,82929.99,83005.88,67444736
2026-09-30 07:00,83007.53,83071.71,82918.97,82984.36,144441344
2026-09-30 07:15,82984.35,83358.69,82984.35,83259.93,17283072
2026-09-30 07:30,83258.02,83397.99,83223.01,83392.49,231452672
2026-09-30 07:45,83394.12,83431.80,83259.84,83271.38,126883840
2026-09-30 08:00,83254.86,83288.05,83079.93,83083.21,604039168
2026-09-30 08:15,83079.93,83249.52,83075.76,83086.51,200421376
2026-09-30 08:30,83075.29,83108.77,82974.25,83035.64,113344512
2026-09-30 08:45,83035.64,83135.97,82981.72,83023.15,215998464
2026-09-30 09:00,83023.16,83254.50,83012.52,83254.49,88473600
2026-09-30 09:15,83254.50,83398.27,83233.51,83385.17,49530880
2026-09-30 09:30,83390.06,83758.50,83380.50,83529.15,363419648
2026-09-30 09:45,83529.15,83621.99,83494.82,83598.19,648269824
2026-09-30 10:00,83600.12,83758.03,83600.12,83707.52,78565376
2026-09-30 10:15,83674.79,83828.80,83633.65,83760.00,70330368
2026-09-30 10:30,83760.00,83898.36,83760.00,83868.31,184295424
2026-09-30 10:45,83868.31,83928.06,83829.63,83883.36,92413952
2026-09-30 11:00,83874.17,83874.17,83657.10,83815.02,228659200
2026-09-30 11:15,83818.37,83858.13,83685.02,83815.16,71657472
2026-09-30 11:30,83815.15,83951.18,83708.23,83905.38,0
2026-09-30 11:45,83889.24,83943.83,83788.71,83879.01,170436608
2026-09-30 12:00,83890.88,83909.06,83730.65,83843.45,23683072
2026-09-30 12:15,83848.93,83909.37,83716.43,83881.91,0
2026-09-30 12:30,83912.21,85020.86,83912.21,84789.22,1192964096
2026-09-30 12:45,84793.68,85482.75,84722.48,85258.07,2184636416
2026-09-30 13:00,85300.19,85599.92,85065.25,85367.35,1910970368
2026-09-30 13:15,85364.74,85464.03,85130.65,85167.75,860192768
2026-09-30 13:30,85172.61,85518.06,84019.57,84477.56,369889280
2026-09-30 13:45,84500.83,84702.83,84365.28,84579.82,666253312
2026-09-30 14:00,84612.25,84612.25,84106.97,84333.00,1219790848
2026-09-30 14:15,84302.57,84319.91,83620.70,83724.86,383502336
2026-09-30 14:30,83709.48,83787.59,83327.56,83504.41,2535632896
2026-09-30 14:45,83496.43,83932.68,83496.43,83754.47,287006720
2026-09-30 15:00,83709.34,83959.98,83672.32,83901.43,1044545536
2026-09-30 15:15,83901.56,83973.41,83630.39,83846.58,0
2026-09-30 15:30,83861.39,84219.77,83843.75,84048.28,1206386688
2026-09-30 15:45,84039.12,84233.87,84039.12,84078.97,0
2026-09-30 16:00,84094.21,84332.84,84069.52,84309.39,964521984
2026-09-30 16:15,84333.69,84442.63,84235.50,84239.74,12263424
2026-09-30 16:30,84235.49,84316.96,84157.90,84312.27,164294656
2026-09-30 16:45,84315.76,84430.80,84250.00,84299.85,150822912
2026-09-30 17:00,84294.00,84390.17,84219.11,84251.62,84828160
2026-09-30 17:15,84238.39,84238.39,83952.26,84173.04,81989632
2026-09-30 17:30,84158.94,84158.94,83871.21,83945.33,233709568
2026-09-30 17:45,83931.37,84094.48,83922.09,84007.81,179531776
2026-09-30 18:00,83977.64,84040.17,83885.80,83957.04,0
2026-09-30 18:15,83963.30,83983.40,83837.01,83888.37,204034048
2026-09-30 18:30,83888.36,83913.27,83767.43,83816.44,0
2026-09-30 18:45,83820.18,83950.40,83755.00,83911.91,285540352
2026-09-30 19:00,83930.07,83930.07,83679.69,83705.97,65150976
2026-09-30 19:15,83700.00,83744.01,83575.00,83701.73,61001728
2026-09-30 19:30,83696.45,83899.45,83696.45,83777.29,327614464
2026-09-30 19:45,83775.47,83789.59,83446.62,83558.98,123387904
2026-09-30 20:00,83551.79,83609.18,83473.20,83593.55,498126848
2026-09-30 20:15,83595.10,83711.31,83540.40,83691.61,201912320
2026-09-30 20:30,83672.32,83682.79,83581.77,83642.28,49197056
2026-09-30 20:45,83642.28,83676.96,83588.48,83617.76,125386752
2026-09-30 21:00,83648.60,83731.33,83640.97,83707.74,189018112
2026-09-30 21:15,83704.47,83771.19,83677.00,83698.49,38805504
2026-09-30 21:30,83678.00,83769.21,83661.84,83661.84,23650304
2026-09-30 21:45,83660.46,83712.59,83657.76,83712.59,0
2026-09-30 22:00,83725.99,83732.00,83543.40,83678.00,1232896
2026-09-30 22:15,83678.35,83771.72,83661.85,83771.13,0
2026-09-30 22:30,83773.72,83792.40,83739.02,83757.27,208826368
2026-09-30 22:45,83757.26,83757.26,83619.92,83625.15,31899648
2026-09-30 23:00,83617.47,83722.41,83573.88,83630.42,2613248
2026-09-30 23:15,83630.42,83771.17,83604.55,83604.55,292192256
2026-09-30 23:30,83604.53,83632.33,83463.33,83564.97,43360256
2026-09-30 23:45,83564.97,83598.95,83489.09,83556.15,1349521408
2026-10-01 00:00,83554.66,83582.34,83404.68,83454.01,254140416
2026-10-01 00:15,83464.04,83464.04,83369.06,83430.24,111968256
2026-10-01 00:30,83418.01,83519.98,83376.48,83517.82,91262976
2026-10-01 00:45,83514.36,83539.64,83436.26,83455.89,159223808
2026-10-01 01:00,83464.63,83559.30,83435.68,83538.21,106065920
2026-10-01 01:15,83520.46,83636.05,83464.36,83567.55,38432768
2026-10-01 01:30,83560.21,83564.74,83426.22,83547.47,173522944
2026-10-01 01:45,83543.26,83562.81,83451.86,83459.61,78761984
2026-10-01 02:00,83459.61,83614.98,83451.03,83531.73,942080
2026-10-01 02:15,83531.73,83534.22,83366.08,83496.22,178352128
2026-10-01 02:30,83480.87,83546.55,83376.22,83389.51,314445824
2026-10-01 02:45,83378.88,83475.98,83352.42,83444.13,0
2026-10-01 03:00,83440.41,83480.00,83368.40,83420.80,317247488
2026-10-01 03:15,83420.80,83499.99,83378.88,83473.13,11829248
2026-10-01 03:30,83456.45,83683.12,83400.00,83651.36,1138688
2026-10-01 03:45,83653.51,83724.71,83577.35,83695.54,175542272
2026-10-01 04:00,83704.94,83876.09,83693.29,83876.09,237031424
2026-10-01 04:15,83864.91,83873.51,83658.43,83813.00,275636224
2026-10-01 04:30,83832.51,83881.91,83725.62,83881.91,83845120
2026-10-01 04:45,83882.97,84154.22,83872.91,84049.59,157216768
2026-10-01 05:00,84060.07,84208.94,83963.76,84185.13,67198976
2026-10-01 05:15,84196.31,84270.65,84182.31,84236.72,1099821056
2026-10-01 05:30,84243.76,84282.21,84150.96,84171.08,148017152
2026-10-01 05:45,84175.35,84320.00,84175.35,84252.01,78712832
2026-10-01 06:00,84252.00,84368.26,84186.61,84332.03,182284288
2026-10-01 06:15,84337.96,84343.03,84253.25,84306.76,0
2026-10-01 06:30,84306.76,84315.58,84068.29,84122.95,232448000
2026-10-01 06:45,84122.95,84164.87,84070.57,84076.26,0
2026-10-01 07:00,84069.37,84176.09,84006.97,84013.76,39010304
2026-10-01 07:15,84006.39,84049.60,83291.00,83319.70,603197440
2026-10-01 07:30,83330.21,83622.27,83308.52,83499.33,401797120
2026-10-01 07:45,83464.20,83607.50,83351.60,83371.84,1345708032
2026-10-01 08:00,83401.67,83487.32,83289.00,83328.74,162463744
2026-10-01 08:15,83328.06,83424.46,83292.53,83370.91,466227200
2026-10-01 08:30,83354.41,83511.16,83130.76,83443.36,221810688
2026-10-01 08:45,83443.36,83530.37,83384.48,83519.46,362278912
2026-10-01 09:00,83510.06,83711.20,83503.43,83637.99,59441152
2026-10-01 09:15,83658.30,83745.53,83627.37,83724.69,252579840
2026-10-01 09:30,83741.28,83849.72,83741.28,83846.38,0
2026-10-01 09:45,83846.38,83863.84,83703.86,83744.48,186736640
2026-10-01 10:00,83765.12,83765.12,83373.15,83661.97,59482112
2026-10-01 10:15,83649.70,83741.11,83502.94,83640.12,208609280
2026-10-01 10:30,83649.58,83854.07,83649.58,83854.07,118484992
2026-10-01 10:45,83838.54,84047.71,83823.37,83922.06,295395328
2026-10-01 11:00,83935.64,83935.64,83776.81,83834.42,204288000
2026-10-01 11:15,83831.43,83847.66,83743.12,83847.66,615247872
2026-10-01 11:30,83834.06,83956.32,83757.63,83920.64,403185664
2026-10-01 11:45,83933.09,84016.45,83876.82,83882.02,228544512
2026-10-01 12:00,83896.45,83985.20,83884.00,83969.33,0
2026-10-01 12:15,83953.95,83969.37,83834.82,83876.98,11710464
2026-10-01 12:30,83878.25,84030.76,83787.93,83870.59,0
2026-10-01 12:45,83860.16,83907.47,83643.40,83706.46,0
2026-10-01 13:00,83717.55,83718.58,83462.96,83489.79,0
2026-10-01 13:15,83505.87,83588.78,83434.00,83439.40,0
2026-10-01 13:30,83459.43,83940.82,83430.64,83917.65,26382336
2026-10-01 13:45,83967.76,83996.00,83639.30,83925.41,0
2026-10-01 14:00,83896.63,84014.41,83559.69,83756.21,17475584
2026-10-01 14:15,83760.62,84177.99,83760.62,84091.50,444465152
2026-10-01 14:30,84087.28,84315.01,83965.49,83995.61,0
2026-10-01 14:45,83997.64,84057.72,83750.03,84022.73,0
2026-10-01 15:00,84007.71,84285.45,83800.78,84055.84,791885824
2026-10-01 15:15,84053.35,84219.86,84026.88,84070.12,323581952
2026-10-01 15:30,84051.00,84051.00,83790.23,83857.76,102633472
2026-10-01 15:45,83849.42,84257.94,83849.42,84130.06,292325376
2026-10-01 16:00,84135.73,84270.32,84101.50,84263.98,135182336
2026-10-01 16:15,84277.66,84387.88,84225.01,84266.74,334768128
2026-10-01 16:30,84281.89,84598.64,84163.65,84299.99,78753792
2026-10-01 16:45,84294.96,84391.05,84027.79,84164.70,203812864
2026-10-01 17:00,84164.71,84457.21,84157.03,84390.44,146425856
2026-10-01 17:15,84405.99,84898.36,84405.99,84884.24,296480768
2026-10-01 17:30,84922.00,85032.91,84749.12,85032.91,480737280
2026-10-01 17:45,85036.00,85051.56,84747.08,84872.05,251527168
2026-10-01 18:00,84863.41,84953.36,84651.00,84844.12,202688512
2026-10-01 18:15,84855.13,84904.89,84760.19,84764.64,308686848
2026-10-01 18:30,84762.92,85233.99,84761.51,84928.13,104257536
2026-10-01 18:45,84910.70,84938.48,84633.40,84767.85,293795840
2026-10-01 19:00,84769.93,84864.83,84697.01,84770.76,187000832
2026-10-01 19:15,84761.91,84794.20,84563.92,84582.84,133240832
2026-10-01 19:30,84589.76,84739.72,84562.01,84616.87,91140096
2026-10-01 19:45,84604.76,84673.60,84545.05,84644.93,0
2026-10-01 20:00,84647.39,84823.82,84641.54,84748.54,801824768
2026-10-01 20:15,84750.74,84822.75,84733.05,84733.06,139104256
2026-10-01 20:30,84733.05,84754.25,84570.29,84581.64,145209344
2026-10-01 20:45,84581.64,84650.80,84530.15,84607.08,177762304
2026-10-01 21:00,84605.78,84641.20,84583.46,84591.32,481558528
2026-10-01 21:15,84591.32,84664.95,84536.02,84559.97,0
2026-10-01 21:30,84552.15,84590.06,84464.23,84469.03,234424320
2026-10-01 21:45,84465.60,84545.75,84462.53,84529.22,177123328
2026-10-01 22:00,84517.93,84771.66,84517.93,84728.34,131590144
2026-10-01 22:15,84720.54,84755.11,84675.49,84675.49,143208448
2026-10-01 22:30,84666.02,84766.36,84625.86,84654.44,91525120
2026-10-01 22:45,84640.22,84758.47,84598.10,84719.22,1034129408
2026-10-01 23:00,84696.92,84717.96,84639.03,84639.03,68481024
2026-10-01 23:15,84639.03,84751.43,84616.87,84714.67,0
2026-10-01 23:30,84708.17,84840.68,84675.48,84807.30,124565504
2026-10-01 23:45,84791.22,84882.00,84757.62,84848.73,0
2026-10-02 00:00,84847.80,84899.00,84740.00,84858.62,8550400
2026-10-02 00:15,84854.33,84920.48,84775.00,84775.00,264843264
2026-10-02 00:30,84768.41,84874.55,84675.48,84801.73,203667456
2026-10-02 00:45,84788.54,84796.95,84699.00,84762.75,123697152
2026-10-02 01:00,84770.15,84770.15,84631.55,84631.55,0
2026-10-02 01:15,84636.76,84684.37,84489.45,84592.64,270747648
2026-10-02 01:30,84591.21,84629.76,84542.02,84551.32,8796160
2026-10-02 01:45,84567.52,84962.11,84541.36,84883.75,122155008
2026-10-02 02:00,84878.13,85096.15,84830.18,85054.75,115275776
2026-10-02 02:15,85054.75,85058.52,84843.76,84902.81,244815872
2026-10-02 02:30,84910.68,84959.51,84827.33,84952.72,48041984
2026-10-02 02:45,84961.48,85187.03,84961.48,85165.74,128423936
2026-10-02 03:00,85155.92,85491.39,85155.92,85280.62,1228240896
2026-10-02 03:15,85271.23,85306.68,85175.00,85248.08,345667584
2026-10-02 03:30,85249.98,85442.85,85236.85,85392.79,182177792
2026-10-02 03:45,85415.97,85532.10,85357.66,85485.81,86847488
2026-10-02 04:00,85487.45,85596.79,85434.35,85451.82,101658624
2026-10-02 04:15,85451.82,86771.48,85451.82,86763.49,1019039744
2026-10-02 04:30,86799.00,86842.52,86358.68,86536.90,1870684160
2026-10-02 04:45,86500.00,86736.29,86443.84,86641.69,204464128
2026-10-02 05:00,86633.33,86649.99,86487.25,86557.72,1219190784
2026-10-02 05:15,86562.42,86572.08,86269.26,86322.68,321769472
2026-10-02 05:30,86322.69,86369.54,85868.02,86129.45,212275200
2026-10-02 05:45,86129.45,86141.06,85938.65,85979.95,327389184
2026-10-02 06:00,85990.71,86084.34,85859.06,85885.28,144510976
2026-10-02 06:15,85885.28,86038.23,85885.28,86027.35,539074560
2026-10-02 06:30,85992.79,86074.63,85901.15,85981.43,376287232
2026-10-02 06:45,85972.30,86069.73,85920.97,85964.37,347492352
2026-10-02 07:00,85959.91,86037.06,85870.01,85936.64,104812544
2026-10-02 07:15,85927.79,85961.22,85866.58,85928.64,33460224
2026-10-02 07:30,85916.45,85916.45,85748.15,85753.41,167038976
2026-10-02 07:45,85776.47,86152.84,85775.46,86088.51,388530176
2026-10-02 08:00,86095.68,86329.12,86054.08,86297.12,270327808
2026-10-02 08:15,86297.12,86611.45,86295.17,86380.77,203673600
2026-10-02 08:30,86399.99,86463.74,86249.25,86309.70,121380864
2026-10-02 08:45,86307.55,86336.10,86201.36,86235.65,85741568
2026-10-02 09:00,86235.65,86250.46,86122.96,86207.65,181637120
2026-10-02 09:15,86213.54,86227.82,86100.00,86195.13,596500480
2026-10-02 09:30,86195.22,86402.50,86164.00,86334.21,186908672
2026-10-02 09:45,86349.43,86423.45,86275.55,86352.27,160108544
2026-10-02 10:00,86362.39,86433.23,86313.65,86313.65,234467328
2026-10-02 10:15,86329.82,86409.86,86158.00,86398.96,254738432
2026-10-02 10:30,86392.18,86486.82,86337.51,86413.12,297512960
2026-10-02 10:45,86418.97,86418.97,86273.80,86281.00,201965568
2026-10-02 11:00,86291.46,86499.08,86259.68,86449.99,143540224
2026-10-02 11:15,86453.64,86497.90,86420.45,86469.87,253734912
2026-10-02 11:23,86437.00,86437.00,86437.00,86437.00,0
