zeit_utc,open,high,low,close,volume
2026-07-15 04:00,7606.25,7607.00,7605.75,7606.50,227
2026-07-15 04:15,7606.75,7608.25,7606.25,7607.00,827
2026-07-15 04:30,7606.75,7608.00,7606.00,7606.75,1078
2026-07-15 04:45,7607.00,7608.50,7606.75,7608.50,785
2026-07-15 05:00,7608.50,7613.50,7603.25,7604.75,4865
2026-07-15 05:15,7604.50,7608.00,7602.75,7603.75,1522
2026-07-15 05:30,7603.50,7608.00,7602.50,7606.00,1875
2026-07-15 05:45,7606.00,7609.25,7605.25,7609.00,1780
2026-07-15 06:00,7609.25,7609.75,7607.00,7608.25,2049
2026-07-15 06:15,7608.00,7610.50,7606.25,7610.00,2053
2026-07-15 06:30,7610.00,7611.00,7606.50,7607.25,2167
2026-07-15 06:45,7607.50,7608.75,7606.75,7607.75,1560
2026-07-15 07:00,7607.50,7609.00,7604.75,7607.25,3674
2026-07-15 07:15,7607.00,7607.50,7593.50,7599.00,5036
2026-07-15 07:30,7599.00,7602.50,7597.00,7602.00,3063
2026-07-15 07:45,7602.00,7606.25,7600.75,7604.50,2214
2026-07-15 08:00,7604.50,7605.25,7597.25,7600.25,4233
2026-07-15 08:15,7600.25,7602.50,7595.75,7601.25,3027
2026-07-15 08:30,7601.25,7604.75,7600.00,7604.00,3069
2026-07-15 08:45,7604.00,7607.25,7603.75,7606.75,2206
2026-07-15 09:00,7606.75,7610.75,7606.50,7609.50,2099
2026-07-15 09:15,7609.75,7610.50,7607.75,7608.25,2287
2026-07-15 09:30,7608.25,7610.25,7607.00,7609.50,1729
2026-07-15 09:45,7609.75,7609.75,7603.75,7604.50,2052
2026-07-15 10:00,7604.75,7606.25,7603.50,7605.75,1332
2026-07-15 10:15,7605.75,7606.75,7597.00,7598.25,3170
2026-07-15 10:30,7598.25,7602.25,7597.75,7599.50,1966
2026-07-15 10:45,7599.50,7603.00,7599.50,7601.50,1676
2026-07-15 11:00,7601.00,7603.75,7599.25,7600.25,2430
2026-07-15 11:15,7600.25,7602.25,7600.00,7600.50,1458
2026-07-15 11:30,7600.75,7603.50,7598.00,7601.75,2262
2026-07-15 11:45,7602.00,7602.00,7598.25,7600.00,2260
2026-07-15 12:00,7600.00,7600.75,7594.75,7596.00,2977
2026-07-15 12:15,7596.00,7597.50,7592.50,7595.25,3413
2026-07-15 12:30,7594.50,7613.25,7593.75,7610.75,13495
2026-07-15 12:45,7610.75,7614.75,7608.00,7611.50,8379
2026-07-15 13:00,7611.50,7615.50,7606.50,7607.25,8556
2026-07-15 13:15,7607.00,7612.50,7605.75,7612.25,9062
2026-07-15 13:30,7612.50,7626.25,7611.75,7613.50,76864
2026-07-15 13:45,7613.50,7616.75,7601.25,7614.50,72473
2026-07-15 14:00,7614.50,7623.50,7614.50,7617.75,51146
2026-07-15 14:15,7617.75,7626.00,7603.25,7616.50,65692
2026-07-15 14:30,7616.25,7618.75,7597.75,7605.00,53017
2026-07-15 14:45,7605.00,7608.25,7597.25,7604.75,40426
2026-07-15 15:00,7605.00,7611.50,7599.50,7601.00,26797
2026-07-15 15:15,7601.25,7606.25,7592.00,7605.75,45869
2026-07-15 15:30,7605.75,7608.50,7600.00,7601.50,30558
2026-07-15 15:45,7601.50,7602.50,7592.50,7596.25,26922
2026-07-15 16:00,7596.25,7598.00,7581.00,7581.50,40636
2026-07-15 16:15,7581.50,7583.25,7573.75,7577.75,41881
2026-07-15 16:30,7577.75,7581.50,7571.75,7578.75,29811
2026-07-15 16:45,7578.75,7593.25,7577.00,7586.75,40631
2026-07-15 17:00,7587.00,7594.25,7586.00,7588.00,25679
2026-07-15 17:15,7588.00,7598.75,7587.50,7598.25,20352
2026-07-15 17:30,7598.50,7605.00,7598.50,7603.25,30588
2026-07-15 17:45,7603.50,7616.25,7602.75,7612.50,38699
2026-07-15 18:00,7612.50,7618.25,7611.75,7616.00,25323
2026-07-15 18:15,7616.25,7619.00,7612.75,7616.75,20946
2026-07-15 18:30,7616.75,7619.75,7610.25,7610.50,19091
2026-07-15 18:45,7610.75,7611.00,7601.00,7602.00,35247
2026-07-15 19:00,7602.00,7609.00,7600.50,7608.00,25402
2026-07-15 19:15,7608.00,7608.50,7601.75,7606.50,20454
2026-07-15 19:30,7606.50,7612.75,7601.25,7611.25,35144
2026-07-15 19:45,7611.25,7618.00,7605.25,7616.75,88796
2026-07-15 20:00,7616.75,7619.75,7608.75,7614.50,31173
2026-07-15 20:15,7614.75,7618.00,7613.50,7617.00,4205
2026-07-15 20:30,7616.75,7617.25,7614.75,7616.50,2214
2026-07-15 20:45,7616.75,7617.75,7615.25,7616.00,2905
2026-07-15 22:00,7615.00,7622.25,7614.00,7619.25,912
2026-07-15 22:15,7618.50,7619.25,7616.50,7616.75,1004
2026-07-15 22:30,7617.00,7617.75,7615.00,7615.75,993
2026-07-15 22:45,7615.50,7619.50,7613.25,7618.25,2085
2026-07-15 23:00,7618.25,7619.75,7617.25,7618.50,652
2026-07-15 23:15,7618.50,7620.00,7617.00,7619.75,602
2026-07-15 23:30,7619.75,7622.00,7619.25,7619.25,604
2026-07-15 23:45,7614.75,7619.00,7614.75,7616.25,1463
2026-07-16 00:00,7616.25,7626.75,7615.75,7626.75,3568
2026-07-16 00:15,7626.50,7627.75,7618.00,7619.00,2961
2026-07-16 00:30,7619.25,7622.00,7615.25,7615.50,2951
2026-07-16 00:45,7615.25,7620.50,7614.25,7616.50,2330
2026-07-16 01:00,7616.75,7618.25,7613.25,7615.00,2225
2026-07-16 01:15,7614.75,7615.25,7610.25,7611.25,2711
2026-07-16 01:30,7611.25,7615.50,7610.75,7612.50,2245
2026-07-16 01:45,7612.50,7619.00,7612.25,7614.50,2048
2026-07-16 02:00,7614.75,7615.00,7611.00,7613.00,1776
2026-07-16 02:15,7613.00,7620.50,7612.75,7619.50,2268
2026-07-16 02:30,7619.50,7621.00,7618.00,7618.75,2005
2026-07-16 02:45,7618.75,7623.50,7618.25,7622.75,2035
2026-07-16 03:00,7622.75,7625.00,7622.00,7623.75,2007
2026-07-16 03:15,7623.75,7624.00,7621.00,7621.75,1197
2026-07-16 03:30,7621.75,7625.25,7621.50,7623.00,1381
2026-07-16 03:45,7623.00,7624.25,7621.75,7624.00,736
2026-07-16 04:00,7624.00,7626.50,7623.75,7626.25,1708
2026-07-16 04:15,7626.25,7626.25,7622.00,7622.50,1059
2026-07-16 04:30,7622.75,7623.25,7620.50,7621.50,929
2026-07-16 04:45,7621.25,7623.00,7620.50,7621.75,617
2026-07-16 05:00,7622.00,7626.75,7621.75,7626.75,1397
2026-07-16 05:15,7626.75,7630.00,7626.00,7627.50,3042
2026-07-16 05:30,7627.75,7632.00,7616.75,7620.00,5105
2026-07-16 05:45,7620.00,7620.75,7615.50,7617.00,1975
2026-07-16 06:00,7617.25,7625.00,7613.50,7622.00,5337
2026-07-16 06:15,7622.00,7623.50,7617.00,7618.00,2126
2026-07-16 06:30,7617.75,7618.50,7611.00,7615.50,3055
2026-07-16 06:45,7615.50,7619.00,7613.75,7618.25,1778
2026-07-16 07:00,7618.25,7618.75,7610.00,7610.25,3476
2026-07-16 07:15,7610.00,7613.25,7608.50,7610.50,2615
2026-07-16 07:30,7610.75,7611.75,7605.75,7606.25,3088
2026-07-16 07:45,7606.25,7606.50,7600.00,7601.75,4494
2026-07-16 08:00,7601.75,7603.00,7593.50,7594.00,6781
2026-07-16 08:15,7594.25,7603.75,7593.75,7601.50,4072
2026-07-16 08:30,7601.50,7606.00,7600.50,7603.75,2146
2026-07-16 08:45,7603.75,7610.00,7603.75,7609.50,2328
2026-07-16 09:00,7609.75,7613.75,7609.75,7613.00,2882
2026-07-16 09:15,7613.25,7615.50,7610.50,7610.75,2731
2026-07-16 09:30,7610.75,7613.00,7608.75,7608.75,1653
2026-07-16 09:45,7608.50,7610.25,7605.00,7605.00,3809
2026-07-16 10:00,7605.25,7607.75,7602.25,7606.25,2072
2026-07-16 10:15,7606.00,7606.25,7601.50,7604.50,1949
2026-07-16 10:30,7604.50,7607.25,7602.00,7603.50,2033
2026-07-16 10:45,7603.75,7604.50,7600.75,7603.00,3892
2026-07-16 11:00,7602.75,7603.25,7596.00,7600.75,4464
2026-07-16 11:15,7600.75,7603.50,7595.75,7599.75,3832
2026-07-16 11:30,7600.00,7600.00,7594.75,7596.75,3121
2026-07-16 11:45,7596.75,7598.00,7580.75,7597.25,13600
2026-07-16 12:00,7597.00,7599.00,7588.25,7591.50,6246
2026-07-16 12:15,7591.25,7594.50,7584.00,7587.00,8877
2026-07-16 12:30,7587.25,7591.00,7580.50,7583.00,9755
2026-07-16 12:45,7582.75,7590.25,7581.75,7586.50,7506
2026-07-16 13:00,7586.75,7596.25,7586.00,7595.75,9053
2026-07-16 13:15,7595.75,7598.00,7594.25,7596.50,10526
2026-07-16 13:30,7596.75,7604.25,7579.75,7582.00,79865
2026-07-16 13:45,7581.75,7591.50,7575.50,7588.00,66168
2026-07-16 14:00,7587.75,7605.50,7585.25,7602.75,58146
2026-07-16 14:15,7602.75,7613.00,7600.00,7612.50,45087
2026-07-16 14:30,7612.50,7613.75,7606.50,7612.75,37056
2026-07-16 14:45,7613.00,7615.00,7602.75,7611.25,42223
2026-07-16 15:00,7611.00,7613.25,7599.75,7602.25,40183
2026-07-16 15:15,7602.50,7613.50,7598.75,7607.25,38979
2026-07-16 15:30,7607.25,7613.25,7601.75,7605.75,32664
2026-07-16 15:45,7605.50,7610.25,7599.25,7604.75,28019
2026-07-16 16:00,7605.00,7605.50,7588.50,7589.25,36254
2026-07-16 16:15,7589.00,7594.25,7583.00,7588.25,39934
2026-07-16 16:30,7588.50,7594.25,7586.75,7588.75,27381
2026-07-16 16:45,7588.75,7599.25,7586.00,7598.25,22600
2026-07-16 17:00,7598.25,7598.75,7590.50,7591.25,16181
2026-07-16 17:15,7591.25,7597.25,7589.25,7596.00,15966
2026-07-16 17:30,7596.25,7597.25,7579.50,7583.00,30025
2026-07-16 17:45,7583.25,7588.00,7579.75,7582.25,21220
2026-07-16 18:00,7582.25,7584.00,7573.25,7576.25,31402
2026-07-16 18:15,7576.25,7586.50,7573.75,7578.50,30307
2026-07-16 18:30,7578.50,7578.50,7568.00,7574.50,28042
2026-07-16 18:45,7574.25,7578.75,7570.50,7571.50,18292
2026-07-16 19:00,7571.25,7576.25,7564.75,7566.50,26186
2026-07-16 19:15,7566.50,7569.50,7558.00,7560.25,30147
2026-07-16 19:30,7560.25,7561.25,7553.00,7554.50,39661
2026-07-16 19:45,7554.50,7579.50,7548.25,7577.25,115922
2026-07-16 20:00,7577.25,7578.00,7567.00,7567.25,32104
2026-07-16 20:15,7567.25,7573.75,7566.25,7569.25,5904
2026-07-16 20:30,7569.00,7570.75,7566.50,7568.75,3342
2026-07-16 20:45,7568.75,7570.00,7567.25,7569.25,3049
2026-07-16 22:00,7572.75,7575.00,7569.50,7570.25,994
2026-07-16 22:15,7570.50,7570.75,7566.50,7567.00,1540
2026-07-16 22:30,7567.25,7568.25,7565.25,7567.25,1259
2026-07-16 22:45,7567.25,7567.50,7563.75,7565.75,1923
2026-07-16 23:00,7566.00,7567.00,7561.25,7564.75,1458
2026-07-16 23:15,7564.75,7564.75,7558.75,7561.00,1283
2026-07-16 23:30,7560.75,7564.00,7557.00,7562.25,1842
2026-07-16 23:45,7562.25,7563.50,7558.75,7560.50,1345
2026-07-17 00:00,7560.25,7563.50,7552.25,7553.25,3270
2026-07-17 00:15,7553.25,7557.50,7549.50,7550.25,3685
2026-07-17 00:30,7550.50,7551.00,7546.00,7548.50,3495
2026-07-17 00:45,7548.50,7555.50,7547.75,7552.25,2696
2026-07-17 01:00,7552.25,7556.00,7545.25,7546.00,3379
2026-07-17 01:15,7546.00,7548.50,7543.50,7548.25,3033
2026-07-17 01:30,7548.25,7548.75,7537.75,7538.75,4852
2026-07-17 01:45,7539.00,7540.50,7535.50,7538.00,3264
2026-07-17 02:00,7538.25,7539.50,7533.75,7535.00,2210
2026-07-17 02:15,7535.00,7535.25,7530.00,7531.50,2922
2026-07-17 02:30,7531.50,7532.50,7528.00,7532.50,2469
2026-07-17 02:45,7532.50,7533.00,7525.50,7530.00,3205
2026-07-17 03:00,7530.25,7535.25,7528.50,7534.00,2577
2026-07-17 03:15,7534.00,7541.50,7534.00,7539.50,2488
2026-07-17 03:30,7539.50,7539.75,7528.50,7530.25,2760
2026-07-17 03:45,7530.25,7530.50,7524.50,7525.75,2587
2026-07-17 04:00,7521.00,7521.75,7517.50,7518.50,4619
2026-07-17 04:15,7518.75,7519.50,7512.50,7514.25,4141
2026-07-17 04:30,7514.25,7516.00,7507.75,7514.00,4428
2026-07-17 04:45,7514.25,7519.25,7513.50,7513.75,2895
2026-07-17 05:00,7513.75,7516.00,7510.75,7512.00,2902
2026-07-17 05:15,7512.25,7514.75,7510.00,7511.75,1735
2026-07-17 05:30,7511.75,7514.25,7503.00,7508.00,5079
2026-07-17 05:45,7508.00,7511.75,7505.25,7511.25,3888
2026-07-17 06:00,7511.00,7515.75,7509.25,7513.75,4280
2026-07-17 06:15,7513.75,7523.00,7513.25,7522.00,4425
2026-07-17 06:30,7522.00,7523.50,7514.25,7515.50,3008
2026-07-17 06:45,7515.25,7515.25,7509.00,7512.00,4528
2026-07-17 07:00,7512.25,7516.25,7510.00,7514.50,6632
2026-07-17 07:15,7514.75,7517.00,7510.25,7516.75,4752
2026-07-17 07:30,7517.00,7519.00,7512.75,7515.50,4527
2026-07-17 07:45,7515.25,7516.25,7510.50,7511.75,3148
2026-07-17 08:00,7511.75,7516.75,7506.25,7507.75,8147
2026-07-17 08:15,7507.50,7508.25,7495.00,7500.25,12980
2026-07-17 08:30,7500.25,7502.50,7491.25,7495.00,7557
2026-07-17 08:45,7495.00,7504.00,7494.00,7499.50,7695
2026-07-17 09:00,7499.50,7506.00,7496.75,7505.50,4511
2026-07-17 09:15,7505.50,7510.25,7502.00,7510.25,5426
2026-07-17 09:30,7510.25,7510.50,7503.00,7503.50,3929
2026-07-17 09:45,7503.75,7510.50,7503.50,7510.25,4911
2026-07-17 10:00,7510.25,7517.25,7507.00,7516.25,6741
2026-07-17 10:15,7516.50,7517.75,7511.00,7515.50,6654
2026-07-17 10:30,7515.50,7522.00,7515.50,7519.25,4906
2026-07-17 10:45,7519.25,7520.50,7516.25,7518.25,4791
2026-07-17 11:00,7518.25,7522.00,7512.00,7513.00,5180
2026-07-17 11:15,7513.00,7517.00,7509.25,7517.00,5731
2026-07-17 11:30,7517.25,7518.50,7513.25,7514.00,3026
2026-07-17 11:45,7514.00,7520.50,7512.25,7519.00,5239
2026-07-17 12:00,7518.75,7519.50,7509.50,7510.50,5304
2026-07-17 12:15,7510.50,7512.50,7507.50,7509.50,4575
2026-07-17 12:30,7509.25,7512.25,7505.25,7508.00,8843
2026-07-17 12:45,7507.75,7510.25,7502.50,7504.25,6728
2026-07-17 13:00,7504.50,7504.50,7492.75,7493.25,15171
2026-07-17 13:15,7493.50,7496.50,7483.25,7485.50,30158
2026-07-17 13:30,7485.25,7492.25,7473.00,7475.75,119998
2026-07-17 13:45,7475.75,7514.00,7475.00,7513.75,78716
2026-07-17 14:00,7513.75,7533.75,7512.50,7528.75,95375
2026-07-17 14:15,7528.50,7539.00,7527.50,7529.25,66172
2026-07-17 14:30,7529.50,7534.00,7521.75,7524.50,57827
2026-07-17 14:45,7524.75,7531.50,7514.25,7516.25,49944
2026-07-17 15:00,7516.25,7518.00,7506.50,7509.00,46804
2026-07-17 15:15,7509.00,7521.50,7504.75,7520.25,52309
2026-07-17 15:30,7520.25,7525.00,7510.00,7520.75,50820
2026-07-17 15:45,7520.50,7536.50,7514.50,7534.25,40590
2026-07-17 16:00,7534.25,7536.75,7513.50,7528.25,54835
2026-07-17 16:15,7528.50,7531.00,7516.50,7524.75,34006
2026-07-17 16:30,7524.75,7530.00,7520.75,7529.75,24398
2026-07-17 16:45,7529.75,7538.50,7527.00,7529.25,32848
2026-07-17 17:00,7529.00,7538.00,7527.75,7530.00,23888
2026-07-17 17:15,7530.00,7536.00,7525.25,7534.50,22229
2026-07-17 17:30,7534.50,7535.50,7520.25,7521.50,21943
2026-07-17 17:45,7521.25,7524.25,7508.75,7510.75,24839
2026-07-17 18:00,7511.00,7516.75,7506.00,7506.50,26568
2026-07-17 18:15,7506.25,7507.25,7497.75,7502.25,32353
2026-07-17 18:30,7502.25,7508.50,7495.75,7497.50,27348
2026-07-17 18:45,7497.50,7511.75,7495.75,7508.50,26828
2026-07-17 19:00,7508.75,7510.00,7492.25,7492.50,30388
2026-07-17 19:15,7492.25,7498.00,7486.25,7496.75,37130
2026-07-17 19:30,7497.00,7501.50,7491.00,7499.75,40294
2026-07-17 19:45,7500.00,7509.25,7494.25,7496.75,119515
2026-07-17 20:00,7496.50,7497.75,7484.00,7488.75,47101
2026-07-17 20:15,7488.75,7493.75,7487.25,7493.00,8473
2026-07-17 20:30,7492.75,7496.25,7492.50,7496.00,4711
2026-07-17 20:45,7496.25,7497.75,7493.50,7497.75,4927
2026-07-19 22:00,7487.00,7487.50,7482.00,7483.75,658
2026-07-19 22:15,7484.00,7496.75,7483.75,7487.50,3780
2026-07-19 22:30,7487.00,7502.50,7486.00,7500.50,2624
2026-07-19 22:45,7500.75,7502.00,7494.50,7495.75,1969
2026-07-19 23:00,7496.00,7498.50,7492.25,7495.75,1713
2026-07-19 23:15,7495.75,7498.25,7492.00,7493.50,1711
2026-07-19 23:30,7493.50,7502.00,7491.25,7502.00,1730
2026-07-19 23:45,7501.75,7505.25,7494.75,7504.00,2473
2026-07-20 00:00,7504.50,7517.50,7496.75,7514.75,5573
2026-07-20 00:15,7514.75,7517.25,7510.25,7511.50,3481
2026-07-20 00:30,7511.50,7512.00,7503.50,7504.50,3114
2026-07-20 00:45,7504.50,7506.50,7502.00,7503.25,2285
2026-07-20 01:00,7503.50,7511.75,7502.75,7503.50,2829
2026-07-20 01:15,7503.75,7507.50,7498.00,7499.25,3115
2026-07-20 01:30,7499.00,7500.75,7492.75,7495.25,3220
2026-07-20 01:45,7495.25,7498.25,7490.00,7494.75,2740
2026-07-20 02:00,7494.75,7506.50,7494.75,7499.50,2851
2026-07-20 02:15,7499.75,7500.00,7493.75,7496.50,1812
2026-07-20 02:30,7496.25,7509.25,7496.25,7506.75,2675
2026-07-20 02:45,7507.00,7511.00,7505.25,7505.50,1960
2026-07-20 03:00,7505.50,7507.75,7501.25,7503.50,1659
2026-07-20 03:15,7503.50,7507.75,7502.50,7504.25,1214
2026-07-20 03:30,7503.75,7508.25,7502.50,7507.50,1236
2026-07-20 03:45,7507.50,7510.25,7504.00,7505.25,1547
2026-07-20 04:00,7505.75,7507.75,7501.25,7502.00,1471
2026-07-20 04:15,7501.75,7508.25,7499.00,7507.75,1489
2026-07-20 04:30,7508.00,7513.50,7506.25,7512.25,1784
2026-07-20 04:45,7512.25,7515.00,7508.75,7509.25,1427
2026-07-20 05:00,7509.50,7510.25,7498.00,7503.25,2374
2026-07-20 05:15,7503.00,7503.00,7499.00,7500.25,1285
2026-07-20 05:30,7500.25,7500.50,7497.25,7497.25,1512
2026-07-20 05:45,7497.50,7499.75,7494.00,7496.00,1651
2026-07-20 06:00,7496.25,7499.75,7494.50,7495.00,2169
2026-07-20 06:15,7495.00,7498.00,7492.75,7494.50,2288
2026-07-20 06:30,7494.75,7498.25,7491.00,7496.50,2232
2026-07-20 06:45,7496.50,7497.75,7493.50,7497.00,1474
2026-07-20 07:00,7497.25,7502.50,7497.25,7499.50,3730
2026-07-20 07:15,7499.75,7510.00,7496.75,7509.50,4843
2026-07-20 07:30,7509.50,7519.50,7509.50,7517.25,8379
2026-07-20 07:45,7517.25,7518.75,7511.75,7516.00,3817
2026-07-20 08:00,7516.00,7520.75,7514.25,7520.00,4651
2026-07-20 08:15,7520.00,7521.75,7517.00,7517.75,4133
2026-07-20 08:30,7517.50,7518.25,7512.00,7512.75,3245
2026-07-20 08:45,7513.00,7516.00,7512.25,7514.25,1757
2026-07-20 09:00,7514.25,7516.00,7510.50,7513.00,2750
2026-07-20 09:15,7512.75,7518.25,7512.75,7517.00,1816
2026-07-20 09:30,7517.00,7521.00,7516.00,7520.50,1837
2026-07-20 09:45,7520.50,7527.75,7520.50,7521.75,4913
2026-07-20 10:00,7521.75,7522.75,7518.00,7518.25,2374
2026-07-20 10:15,7518.50,7521.00,7516.00,7520.00,2929
2026-07-20 10:30,7519.75,7523.00,7517.50,7519.50,2424
2026-07-20 10:45,7519.50,7524.25,7518.50,7522.00,2711
2026-07-20 11:00,7522.00,7529.75,7520.75,7527.50,5095
2026-07-20 11:15,7527.50,7528.25,7522.75,7523.50,2687
2026-07-20 11:30,7523.50,7545.25,7523.25,7539.25,26463
2026-07-20 11:45,7539.25,7540.75,7531.00,7535.50,8967
2026-07-20 12:00,7535.50,7536.00,7521.00,7526.00,17857
2026-07-20 12:15,7526.00,7530.25,7523.25,7530.00,5086
2026-07-20 12:30,7530.25,7532.75,7524.25,7525.25,6772
2026-07-20 12:45,7525.25,7530.75,7522.75,7527.25,8930
2026-07-20 13:00,7527.25,7531.25,7526.00,7527.25,8677
2026-07-20 13:15,7527.25,7536.25,7526.25,7534.25,9818
2026-07-20 13:30,7534.50,7551.50,7532.75,7550.25,81094
2026-07-20 13:45,7550.00,7552.00,7519.00,7520.50,75771
2026-07-20 14:00,7520.75,7527.50,7511.25,7514.00,60400
2026-07-20 14:15,7514.00,7521.25,7506.00,7520.50,47169
2026-07-20 14:30,7520.75,7522.75,7511.25,7512.75,35103
2026-07-20 14:45,7512.75,7521.50,7500.75,7505.25,46817
2026-07-20 15:00,7505.00,7518.75,7502.00,7512.00,43327
2026-07-20 15:15,7512.00,7524.25,7509.75,7522.50,33363
2026-07-20 15:30,7522.50,7524.25,7516.50,7523.50,26790
2026-07-20 15:45,7523.75,7528.25,7514.50,7523.50,29426
2026-07-20 16:00,7523.75,7534.00,7519.50,7531.75,34941
2026-07-20 16:15,7532.00,7532.75,7525.25,7528.75,21890
2026-07-20 16:30,7528.75,7531.50,7508.25,7518.00,37199
2026-07-20 16:45,7518.00,7526.00,7511.00,7513.75,30029
2026-07-20 17:00,7513.75,7515.75,7502.00,7502.75,28777
2026-07-20 17:15,7502.50,7508.50,7499.25,7505.00,25033
2026-07-20 17:30,7504.75,7509.25,7499.25,7501.25,18092
2026-07-20 17:45,7501.25,7512.50,7500.75,7509.00,16317
2026-07-20 18:00,7509.25,7516.00,7508.50,7514.00,22103
2026-07-20 18:15,7514.00,7517.75,7504.75,7508.25,24366
2026-07-20 18:30,7508.50,7508.50,7488.50,7488.75,35475
2026-07-20 18:45,7489.00,7495.75,7487.75,7490.50,28819
2026-07-20 19:00,7490.25,7495.25,7480.25,7480.25,31602
2026-07-20 19:15,7480.25,7492.75,7478.00,7490.50,39148
2026-07-20 19:30,7490.75,7497.25,7486.75,7493.75,34510
2026-07-20 19:45,7493.75,7496.25,7480.25,7485.75,104159
2026-07-20 20:00,7485.75,7493.25,7481.00,7482.00,30928
2026-07-20 20:15,7481.75,7482.00,7476.75,7479.00,6428
2026-07-20 20:30,7479.00,7483.25,7478.75,7481.75,3744
2026-07-20 20:45,7482.00,7484.00,7480.75,7483.25,3323
2026-07-20 22:00,7484.00,7485.75,7473.25,7476.00,2123
2026-07-20 22:15,7476.00,7477.50,7475.00,7476.00,895
2026-07-20 22:30,7475.75,7477.00,7473.00,7476.00,1222
2026-07-20 22:45,7476.25,7477.00,7474.00,7475.50,664
2026-07-20 23:00,7475.50,7483.25,7474.50,7482.75,1319
2026-07-20 23:15,7483.00,7490.00,7482.75,7489.75,1709
2026-07-20 23:30,7489.50,7491.00,7487.75,7489.00,879
2026-07-20 23:45,7488.75,7491.00,7480.50,7485.25,2301
2026-07-21 00:00,7485.00,7485.00,7474.25,7477.50,4392
2026-07-21 00:15,7477.75,7488.50,7473.75,7486.25,3949
2026-07-21 00:30,7486.00,7494.00,7486.00,7492.25,3340
2026-07-21 00:45,7492.50,7495.75,7490.75,7492.25,2539
2026-07-21 01:00,7492.25,7498.75,7489.50,7497.75,3465
2026-07-21 01:15,7498.00,7499.25,7494.50,7495.50,2912
2026-07-21 01:30,7495.75,7498.25,7491.00,7491.75,2542
2026-07-21 01:45,7491.75,7496.00,7490.75,7492.50,1656
2026-07-21 02:00,7493.00,7500.00,7492.25,7493.00,2275
2026-07-21 02:15,7493.00,7497.25,7488.75,7494.00,2163
2026-07-21 02:30,7494.00,7501.50,7493.75,7500.50,2263
2026-07-21 02:45,7500.50,7501.75,7498.25,7501.75,1321
2026-07-21 03:00,7501.50,7504.50,7501.50,7503.75,2201
2026-07-21 03:15,7503.75,7508.00,7503.50,7507.75,1848
2026-07-21 03:30,7508.00,7511.25,7507.25,7509.50,2450
2026-07-21 03:45,7509.50,7512.50,7509.25,7511.75,2028
2026-07-21 04:00,7515.00,7515.25,7514.00,7514.25,3520
2026-07-21 04:15,7514.00,7515.00,7513.00,7513.75,1272
2026-07-21 04:30,7514.00,7516.25,7513.50,7514.50,1118
2026-07-21 04:45,7514.50,7515.75,7513.00,7514.25,956
2026-07-21 05:00,7514.25,7514.50,7511.25,7511.75,966
2026-07-21 05:15,7511.75,7517.00,7510.00,7516.50,2007
2026-07-21 05:30,7516.75,7522.00,7514.50,7521.00,2457
2026-07-21 05:45,7521.25,7523.75,7519.00,7520.75,1750
2026-07-21 06:00,7520.75,7522.75,7519.50,7521.25,2542
2026-07-21 06:15,7521.25,7522.75,7518.00,7520.00,2720
2026-07-21 06:30,7520.25,7530.25,7520.00,7525.25,3477
2026-07-21 06:45,7525.25,7525.50,7522.25,7523.75,2079
2026-07-21 07:00,7524.00,7528.00,7520.75,7523.00,5637
2026-07-21 07:15,7522.75,7522.75,7515.75,7516.75,4437
2026-07-21 07:30,7517.00,7520.75,7514.00,7517.50,2880
2026-07-21 07:45,7517.50,7518.50,7514.25,7517.75,3197
2026-07-21 08:00,7517.75,7523.00,7516.00,7523.00,3409
2026-07-21 08:15,7522.75,7524.50,7521.25,7523.50,2616
2026-07-21 08:30,7523.50,7525.75,7522.25,7524.50,2144
2026-07-21 08:45,7524.50,7524.50,7521.25,7523.25,1734
2026-07-21 09:00,7523.25,7526.25,7523.00,7525.25,1945
2026-07-21 09:15,7525.50,7528.25,7523.00,7523.00,3007
2026-07-21 09:30,7523.00,7525.25,7521.25,7523.00,1649
2026-07-21 09:45,7522.75,7527.25,7522.00,7522.50,2034
2026-07-21 10:00,7522.75,7528.00,7520.75,7523.25,6242
2026-07-21 10:15,7523.50,7526.25,7522.50,7524.00,2170
2026-07-21 10:30,7523.75,7530.25,7521.00,7523.25,4532
2026-07-21 10:45,7523.00,7527.00,7519.50,7522.00,4753
2026-07-21 11:00,7522.25,7523.50,7516.00,7519.00,3029
2026-07-21 11:15,7519.00,7519.25,7511.00,7514.50,4952
2026-07-21 11:30,7514.50,7520.75,7514.50,7516.75,3176
2026-07-21 11:45,7516.75,7518.75,7513.75,7515.00,2169
2026-07-21 12:00,7515.00,7522.00,7513.50,7518.00,4999
2026-07-21 12:15,7518.00,7518.25,7510.50,7510.75,5802
2026-07-21 12:30,7510.75,7512.75,7505.25,7510.00,7069
2026-07-21 12:45,7509.75,7517.50,7509.50,7515.50,7337
2026-07-21 13:00,7515.75,7516.50,7512.00,7514.00,6437
2026-07-21 13:15,7514.00,7526.00,7513.75,7526.00,13415
2026-07-21 13:30,7526.00,7530.25,7505.50,7508.00,85270
2026-07-21 13:45,7507.75,7516.75,7504.50,7516.50,54181
2026-07-21 14:00,7516.75,7521.75,7512.50,7520.50,47530
2026-07-21 14:15,7520.50,7533.25,7510.75,7532.00,54914
2026-07-21 14:30,7531.75,7536.00,7520.75,7529.50,45613
2026-07-21 14:45,7529.50,7536.50,7525.75,7531.25,36491
2026-07-21 15:00,7531.00,7538.75,7521.50,7535.50,39182
2026-07-21 15:15,7535.50,7544.00,7534.75,7543.75,34034
2026-07-21 15:30,7543.50,7544.00,7537.25,7539.25,27893
2026-07-21 15:45,7539.25,7543.50,7538.00,7538.75,17574
2026-07-21 16:00,7538.50,7546.50,7538.25,7545.50,17390
2026-07-21 16:15,7545.50,7550.75,7545.50,7549.75,18546
2026-07-21 16:30,7549.75,7551.25,7548.00,7549.75,13919
2026-07-21 16:45,7549.75,7554.00,7547.50,7550.50,18257
2026-07-21 17:00,7550.25,7552.00,7548.50,7549.25,14148
2026-07-21 17:15,7549.25,7549.75,7545.50,7547.00,14705
2026-07-21 17:30,7546.75,7550.50,7545.25,7549.75,12728
2026-07-21 17:45,7550.00,7552.50,7548.00,7549.25,10786
2026-07-21 18:00,7549.00,7550.75,7544.25,7544.75,18879
2026-07-21 18:15,7544.75,7547.00,7543.50,7545.00,11959
2026-07-21 18:30,7545.25,7549.25,7542.25,7548.25,14446
2026-07-21 18:45,7548.50,7549.25,7545.25,7547.00,12598
2026-07-21 19:00,7546.75,7547.75,7544.00,7546.00,13424
2026-07-21 19:15,7545.75,7548.00,7545.00,7545.75,13822
2026-07-21 19:30,7545.75,7548.75,7544.00,7548.00,22312
2026-07-21 19:45,7548.00,7549.50,7543.50,7545.75,87101
2026-07-21 20:00,7545.50,7547.00,7541.00,7544.50,26954
2026-07-21 20:15,7544.25,7544.25,7540.75,7541.25,4123
2026-07-21 20:30,7541.50,7543.75,7541.25,7542.25,2808
2026-07-21 20:45,7542.25,7543.00,7540.75,7542.75,3502
2026-07-21 22:00,7545.00,7545.50,7541.25,7544.50,1149
2026-07-21 22:15,7544.25,7545.50,7540.75,7541.50,1145
2026-07-21 22:30,7541.50,7542.50,7540.25,7541.00,609
2026-07-21 22:45,7540.75,7540.75,7538.25,7540.50,814
2026-07-21 23:00,7540.50,7542.00,7539.50,7541.50,784
2026-07-21 23:15,7541.75,7544.00,7540.25,7543.00,860
2026-07-21 23:30,7542.75,7544.00,7539.50,7540.25,596
2026-07-21 23:45,7540.25,7544.00,7540.00,7543.25,1038
2026-07-22 00:00,7543.00,7547.00,7542.00,7544.75,2594
2026-07-22 00:15,7545.00,7545.50,7540.50,7541.75,1917
2026-07-22 00:30,7542.00,7542.75,7539.00,7540.75,1810
2026-07-22 00:45,7540.75,7542.25,7537.50,7542.00,1603
2026-07-22 01:00,7542.00,7543.00,7536.00,7538.25,2129
2026-07-22 01:15,7538.25,7539.25,7534.50,7536.25,1580
2026-07-22 01:30,7536.25,7538.50,7534.25,7538.25,1439
2026-07-22 01:45,7538.25,7544.50,7537.50,7541.00,1815
2026-07-22 02:00,7541.00,7541.75,7536.00,7539.75,1577
2026-07-22 02:15,7539.50,7542.75,7538.25,7541.50,1312
2026-07-22 02:30,7541.25,7541.75,7538.00,7541.25,1209
2026-07-22 02:45,7541.50,7543.00,7539.50,7541.25,1108
2026-07-22 03:00,7541.00,7542.50,7537.75,7538.50,1712
2026-07-22 03:15,7538.50,7544.75,7538.25,7544.00,1322
2026-07-22 03:30,7544.00,7544.50,7538.50,7539.00,1243
2026-07-22 03:45,7539.25,7540.50,7534.25,7535.00,1766
2026-07-22 04:00,7538.00,7538.50,7536.75,7537.50,1016
2026-07-22 04:15,7537.50,7539.25,7537.50,7538.75,500
2026-07-22 04:30,7538.50,7538.50,7535.75,7537.75,915
2026-07-22 04:45,7537.75,7538.25,7535.25,7538.25,841
2026-07-22 05:00,7538.50,7538.75,7534.50,7535.25,1166
2026-07-22 05:15,7535.25,7536.50,7533.75,7534.50,1226
2026-07-22 05:30,7534.50,7536.50,7532.75,7533.00,1572
2026-07-22 05:45,7533.00,7537.00,7532.50,7536.25,1352
2026-07-22 06:00,7536.25,7536.50,7532.75,7533.75,1708
2026-07-22 06:15,7534.00,7534.00,7523.50,7524.50,5080
2026-07-22 06:30,7524.50,7529.50,7524.25,7525.50,2693
2026-07-22 06:45,7525.25,7526.25,7521.00,7522.75,3956
2026-07-22 07:00,7522.50,7523.25,7516.00,7523.25,5596
2026-07-22 07:15,7523.25,7527.25,7521.25,7525.25,3517
2026-07-22 07:30,7525.00,7526.25,7512.00,7517.00,7025
2026-07-22 07:45,7517.00,7518.75,7512.75,7516.00,3908
2026-07-22 08:00,7516.25,7522.75,7514.75,7516.25,4683
2026-07-22 08:15,7516.25,7523.75,7516.25,7523.50,3153
2026-07-22 08:30,7523.50,7526.50,7521.00,7522.25,2891
2026-07-22 08:45,7522.25,7526.00,7522.25,7525.00,2393
2026-07-22 09:00,7525.25,7531.75,7524.50,7528.00,4317
2026-07-22 09:15,7528.00,7531.25,7527.00,7527.25,3147
2026-07-22 09:30,7527.00,7527.50,7522.25,7524.75,2799
2026-07-22 09:45,7524.50,7526.50,7520.25,7526.25,2970
2026-07-22 10:00,7526.25,7530.50,7525.50,7525.50,2602
2026-07-22 10:15,7525.25,7533.00,7524.50,7531.75,3663
2026-07-22 10:30,7531.75,7532.75,7526.25,7526.25,2911
2026-07-22 10:45,7526.00,7532.00,7525.75,7530.00,1986
2026-07-22 11:00,7530.00,7530.25,7525.25,7525.25,3037
2026-07-22 11:15,7525.25,7527.00,7522.50,7523.00,2876
2026-07-22 11:30,7523.00,7526.50,7511.50,7516.25,9039
2026-07-22 11:45,7516.00,7523.25,7515.50,7517.25,5544
2026-07-22 12:00,7517.50,7520.25,7514.00,7518.75,6249
2026-07-22 12:15,7518.75,7519.25,7512.00,7516.50,5046
2026-07-22 12:30,7516.50,7523.25,7516.25,7521.75,6038
2026-07-22 12:45,7521.75,7522.00,7504.00,7514.75,12886
2026-07-22 13:00,7514.75,7521.00,7514.75,7519.00,8573
2026-07-22 13:15,7519.00,7528.75,7518.75,7528.00,11370
2026-07-22 13:30,7527.75,7539.25,7525.25,7537.50,56868
2026-07-22 13:45,7537.25,7550.00,7535.50,7549.75,51192
2026-07-22 14:00,7550.00,7556.25,7543.25,7544.50,45703
2026-07-22 14:15,7544.75,7546.75,7532.75,7534.50,49186
2026-07-22 14:30,7534.50,7540.00,7529.50,7529.50,37143
2026-07-22 14:45,7529.75,7542.25,7528.75,7541.75,34727
2026-07-22 15:00,7542.00,7552.75,7541.25,7551.00,35412
2026-07-22 15:15,7551.25,7559.50,7547.50,7557.00,33359
2026-07-22 15:30,7556.75,7558.00,7550.00,7552.50,24947
2026-07-22 15:45,7552.50,7560.75,7552.50,7560.00,18014
2026-07-22 16:00,7560.25,7561.75,7557.25,7559.50,14962
2026-07-22 16:15,7559.75,7563.50,7559.25,7561.50,15195
2026-07-22 16:30,7561.50,7562.75,7559.25,7560.50,10552
2026-07-22 16:45,7560.50,7562.50,7557.50,7561.00,13298
2026-07-22 17:00,7561.00,7562.50,7554.75,7555.50,15667
2026-07-22 17:15,7555.50,7557.00,7552.00,7553.00,19553
2026-07-22 17:30,7552.75,7556.25,7550.75,7553.50,12602
2026-07-22 17:45,7553.50,7555.00,7546.00,7547.50,14741
2026-07-22 18:00,7547.75,7549.75,7542.25,7542.75,22985
2026-07-22 18:15,7542.50,7548.25,7542.50,7547.00,15324
2026-07-22 18:30,7547.00,7547.25,7542.50,7545.25,18751
2026-07-22 18:45,7545.50,7549.00,7543.50,7546.75,17700
2026-07-22 19:00,7547.00,7547.25,7541.00,7541.75,18752
2026-07-22 19:15,7541.50,7544.75,7539.00,7542.50,18781
2026-07-22 19:30,7542.50,7542.75,7536.25,7540.75,26083
2026-07-22 19:45,7540.75,7546.25,7535.75,7536.75,87540
2026-07-22 20:00,7536.75,7553.25,7531.75,7553.25,45875
2026-07-22 20:15,7552.75,7554.00,7546.25,7548.50,9673
2026-07-22 20:30,7548.25,7549.25,7543.00,7544.75,4590
2026-07-22 20:45,7544.50,7548.75,7541.00,7541.00,5717
2026-07-22 22:00,7530.25,7536.00,7522.75,7525.25,2398
2026-07-22 22:15,7525.50,7527.25,7521.75,7522.25,3025
2026-07-22 22:30,7522.25,7523.00,7515.75,7517.50,3654
2026-07-22 22:45,7517.50,7524.50,7516.25,7522.50,2030
2026-07-22 23:00,7522.50,7522.75,7517.00,7521.00,1792
2026-07-22 23:15,7521.00,7521.00,7517.25,7519.50,1032
2026-07-22 23:30,7519.25,7523.50,7519.25,7523.25,989
2026-07-22 23:45,7523.00,7530.50,7522.50,7530.25,2655
2026-07-23 00:00,7530.50,7533.50,7527.75,7532.00,2985
2026-07-23 00:15,7531.75,7545.00,7530.25,7540.75,4626
2026-07-23 00:30,7540.75,7546.25,7540.50,7544.50,3281
2026-07-23 00:45,7544.50,7549.25,7543.50,7546.50,2402
2026-07-23 01:00,7546.50,7549.50,7544.50,7547.25,2192
2026-07-23 01:15,7547.50,7548.00,7543.25,7543.75,3683
2026-07-23 01:30,7544.00,7546.00,7539.00,7539.25,3117
2026-07-23 01:45,7539.00,7542.25,7538.25,7538.75,1675
2026-07-23 02:00,7538.75,7541.75,7536.00,7536.25,2315
2026-07-23 02:15,7536.25,7537.00,7529.50,7530.75,2482
2026-07-23 02:30,7531.00,7534.25,7526.50,7528.00,2492
2026-07-23 02:45,7528.00,7531.75,7527.50,7530.75,1366
2026-07-23 03:00,7531.00,7531.25,7521.50,7523.75,2333
2026-07-23 03:15,7523.75,7525.50,7520.75,7525.25,1610
2026-07-23 03:30,7525.25,7528.25,7522.75,7527.75,1453
2026-07-23 03:45,7527.75,7529.00,7525.75,7528.00,1037
2026-07-23 04:00,7525.00,7529.00,7523.75,7528.50,1411
2026-07-23 04:15,7529.00,7533.75,7527.25,7532.25,1488
2026-07-23 04:30,7532.00,7533.25,7529.75,7530.00,1276
2026-07-23 04:45,7530.00,7531.75,7525.75,7527.25,873
2026-07-23 05:00,7527.50,7528.00,7524.00,7527.00,933
2026-07-23 05:15,7526.75,7533.75,7524.50,7533.75,1143
2026-07-23 05:30,7533.75,7535.50,7528.25,7529.75,1381
2026-07-23 05:45,7529.75,7530.00,7521.50,7522.75,1812
2026-07-23 06:00,7522.50,7526.25,7522.00,7524.25,1932
2026-07-23 06:15,7524.25,7526.50,7522.50,7525.75,2973
2026-07-23 06:30,7525.75,7526.50,7520.00,7520.25,2400
2026-07-23 06:45,7520.25,7525.50,7519.25,7519.75,2106
2026-07-23 07:00,7519.75,7520.50,7498.50,7505.00,10587
2026-07-23 07:15,7505.25,7513.25,7505.25,7509.50,4963
2026-07-23 07:30,7509.50,7510.25,7497.50,7498.50,4352
2026-07-23 07:45,7498.25,7504.50,7495.25,7504.50,5710
2026-07-23 08:00,7504.25,7512.75,7498.75,7511.25,5190
2026-07-23 08:15,7511.00,7515.25,7508.75,7513.50,3988
2026-07-23 08:30,7513.25,7514.50,7507.75,7508.25,2791
2026-07-23 08:45,7508.00,7519.50,7507.50,7518.75,3250
2026-07-23 09:00,7518.75,7526.00,7515.25,7515.25,5299
2026-07-23 09:15,7515.25,7517.00,7512.50,7513.75,2183
2026-07-23 09:30,7513.75,7514.00,7510.00,7513.25,2092
2026-07-23 09:45,7513.50,7515.50,7509.25,7511.25,2199
2026-07-23 10:00,7511.25,7514.25,7508.50,7509.25,2775
2026-07-23 10:15,7509.25,7514.25,7508.75,7512.50,1597
2026-07-23 10:30,7512.25,7524.25,7511.75,7520.50,4420
2026-07-23 10:45,7520.50,7522.50,7519.50,7520.50,2343
2026-07-23 11:00,7520.25,7521.75,7510.50,7514.00,3149
2026-07-23 11:15,7513.75,7515.75,7502.50,7504.50,5197
2026-07-23 11:30,7504.50,7505.75,7490.00,7493.00,13216
2026-07-23 11:45,7492.75,7503.25,7490.75,7500.00,9341
2026-07-23 12:00,7500.00,7501.50,7492.25,7492.50,7665
2026-07-23 12:15,7492.75,7496.75,7477.75,7481.50,16741
2026-07-23 12:30,7481.25,7482.50,7466.75,7470.75,21724
2026-07-23 12:45,7470.75,7471.75,7462.00,7466.00,17570
2026-07-23 13:00,7465.75,7468.00,7453.25,7458.25,24579
2026-07-23 13:15,7458.25,7459.00,7449.25,7453.50,24974
2026-07-23 13:30,7453.50,7486.25,7445.00,7479.00,106506
2026-07-23 13:45,7479.00,7480.50,7453.00,7455.75,79633
2026-07-23 14:00,7455.75,7469.75,7448.75,7457.00,74014
2026-07-23 14:15,7456.75,7464.75,7450.00,7457.75,61720
2026-07-23 14:30,7457.75,7467.00,7446.00,7448.75,58437
2026-07-23 14:45,7448.50,7454.75,7440.00,7443.50,54567
2026-07-23 15:00,7443.75,7445.00,7424.25,7426.25,64751
2026-07-23 15:15,7426.25,7437.00,7418.00,7419.25,68552
2026-07-23 15:30,7419.00,7437.00,7411.75,7426.50,63042
2026-07-23 15:45,7426.50,7439.25,7423.50,7438.25,36766
2026-07-23 16:00,7438.25,7448.75,7435.25,7446.00,42949
2026-07-23 16:15,7446.00,7457.00,7442.00,7454.75,38072
2026-07-23 16:30,7454.75,7457.50,7449.75,7449.75,30419
2026-07-23 16:45,7449.75,7449.75,7437.75,7446.75,38643
2026-07-23 17:00,7446.75,7449.75,7438.00,7446.00,29857
2026-07-23 17:15,7445.75,7452.25,7441.50,7447.75,26870
2026-07-23 17:30,7447.50,7448.00,7433.00,7437.75,27035
2026-07-23 17:45,7437.50,7443.25,7431.75,7432.00,23821
2026-07-23 18:00,7431.75,7434.25,7428.25,7430.00,22569
2026-07-23 18:15,7430.00,7435.50,7428.75,7435.00,19029
2026-07-23 18:30,7434.75,7437.50,7426.75,7429.00,22173
2026-07-23 18:45,7429.00,7435.50,7427.00,7431.25,22552
2026-07-23 19:00,7431.25,7435.00,7425.50,7427.00,20073
2026-07-23 19:15,7427.25,7440.75,7427.00,7436.25,31724
2026-07-23 19:30,7436.25,7438.50,7424.00,7424.00,34168
2026-07-23 19:45,7424.25,7447.75,7418.50,7444.00,121352
2026-07-23 20:00,7443.75,7456.00,7443.50,7453.25,38680
2026-07-23 20:15,7453.25,7458.00,7452.75,7455.25,7601
2026-07-23 20:30,7455.25,7458.25,7452.50,7453.50,6109
2026-07-23 20:45,7453.50,7456.50,7452.25,7455.75,4000
2026-07-23 22:00,7450.50,7454.00,7442.75,7445.00,1461
2026-07-23 22:15,7444.75,7450.00,7443.50,7446.50,1288
2026-07-23 22:30,7447.00,7450.00,7446.50,7448.50,1112
2026-07-23 22:45,7448.50,7454.00,7448.25,7453.25,1021
2026-07-23 23:00,7453.25,7453.75,7447.75,7449.25,1218
2026-07-23 23:15,7449.25,7451.00,7448.00,7450.25,766
2026-07-23 23:30,7449.75,7450.75,7444.50,7448.50,1561
2026-07-23 23:45,7449.00,7452.25,7445.00,7449.00,2124
2026-07-24 00:00,7449.25,7455.25,7443.50,7447.25,5565
2026-07-24 00:15,7447.50,7455.25,7444.50,7450.75,4253
2026-07-24 00:30,7451.00,7456.00,7446.75,7454.25,2508
2026-07-24 00:45,7454.50,7457.00,7448.50,7454.25,2728
2026-07-24 01:00,7454.50,7457.25,7452.50,7453.00,2522
2026-07-24 01:15,7453.25,7457.50,7451.00,7453.25,1721
2026-07-24 01:30,7453.25,7459.25,7452.50,7457.00,2491
2026-07-24 01:45,7456.75,7457.25,7450.25,7451.00,1749
2026-07-24 02:00,7451.00,7453.25,7448.50,7451.50,1797
2026-07-24 02:15,7451.50,7452.75,7448.00,7450.00,1518
2026-07-24 02:30,7450.00,7450.00,7442.25,7442.25,1944
2026-07-24 02:45,7442.25,7443.00,7439.25,7439.50,2252
2026-07-24 03:00,7439.50,7443.00,7439.25,7441.75,1927
2026-07-24 03:15,7441.75,7444.00,7440.00,7442.25,1496
2026-07-24 03:30,7442.25,7443.25,7438.00,7439.00,1715
2026-07-24 03:45,7438.75,7441.25,7436.75,7437.25,1645
2026-07-24 04:00,7440.50,7441.00,7436.75,7437.00,1795
2026-07-24 04:15,7437.25,7444.75,7436.75,7444.25,1517
2026-07-24 04:30,7444.25,7444.50,7437.50,7439.75,1087
2026-07-24 04:45,7439.75,7443.75,7438.50,7443.50,917
2026-07-24 05:00,7443.25,7448.00,7441.50,7446.25,1785
2026-07-24 05:15,7445.75,7449.25,7444.25,7446.75,1614
2026-07-24 05:30,7447.00,7448.25,7444.75,7447.75,1842
2026-07-24 05:45,7447.50,7450.50,7442.00,7442.00,1512
2026-07-24 06:00,7442.25,7442.75,7436.50,7437.50,2354
2026-07-24 06:15,7437.75,7447.25,7437.00,7441.75,2962
2026-07-24 06:30,7441.75,7445.00,7437.50,7437.50,1530
2026-07-24 06:45,7437.75,7443.50,7433.75,7442.50,2288
2026-07-24 07:00,7442.75,7456.25,7442.00,7456.00,6136
2026-07-24 07:15,7456.00,7462.75,7454.25,7461.75,4743
2026-07-24 07:30,7462.00,7463.25,7454.50,7456.75,2608
2026-07-24 07:45,7456.75,7458.50,7455.50,7456.50,1892
2026-07-24 08:00,7456.75,7456.75,7449.25,7451.25,3668
2026-07-24 08:15,7451.25,7459.00,7451.00,7458.75,2763
2026-07-24 08:30,7458.75,7462.00,7457.25,7459.50,2651
2026-07-24 08:45,7459.25,7459.75,7456.00,7457.25,2122
2026-07-24 09:00,7457.50,7465.25,7456.25,7459.75,3809
2026-07-24 09:15,7459.50,7465.00,7457.75,7463.50,3065
2026-07-24 09:30,7463.75,7467.00,7462.00,7466.25,3065
2026-07-24 09:45,7466.25,7467.50,7463.75,7465.75,2277
2026-07-24 10:00,7465.75,7467.00,7460.00,7461.50,2876
2026-07-24 10:15,7461.25,7462.75,7459.25,7461.75,1921
2026-07-24 10:30,7461.75,7464.50,7459.00,7460.75,2028
2026-07-24 10:45,7460.25,7461.75,7457.75,7458.50,2319
2026-07-24 11:00,7458.50,7463.00,7458.00,7460.75,3421
2026-07-24 11:15,7461.00,7462.50,7458.75,7459.75,1907
2026-07-24 11:30,7459.50,7460.75,7455.25,7455.25,3475
2026-07-24 11:45,7455.25,7469.00,7453.00,7465.00,9791
2026-07-24 12:00,7465.00,7467.75,7457.50,7466.50,8060
2026-07-24 12:15,7466.50,7467.75,7460.50,7466.00,6421
2026-07-24 12:30,7465.75,7466.50,7454.50,7455.50,6494
2026-07-24 12:45,7455.75,7456.50,7449.00,7450.25,7267
2026-07-24 13:00,7450.00,7451.75,7446.50,7450.25,8636
2026-07-24 13:15,7450.00,7453.75,7443.50,7443.75,13102
2026-07-24 13:30,7444.00,7455.00,7442.25,7446.50,67564
2026-07-24 13:45,7446.75,7457.25,7432.50,7433.50,68815
2026-07-24 14:00,7433.75,7458.25,7431.50,7454.00,72086
2026-07-24 14:15,7454.00,7456.00,7441.25,7450.25,60135
2026-07-24 14:30,7450.25,7451.00,7437.00,7437.50,45360
2026-07-24 14:45,7437.75,7466.50,7432.75,7465.00,56910
2026-07-24 15:00,7464.75,7481.25,7454.75,7478.00,73672
2026-07-24 15:15,7478.00,7491.00,7472.25,7485.25,63758
2026-07-24 15:30,7485.50,7492.00,7479.50,7481.75,46713
2026-07-24 15:45,7482.00,7491.00,7478.00,7489.75,32049
2026-07-24 16:00,7489.75,7496.50,7485.75,7489.00,35618
2026-07-24 16:15,7489.00,7495.25,7487.50,7491.25,21868
2026-07-24 16:30,7491.25,7491.50,7475.50,7475.75,39874
2026-07-24 16:45,7475.50,7477.50,7466.25,7473.50,36314
2026-07-24 17:00,7473.75,7475.00,7461.00,7468.50,36977
2026-07-24 17:15,7468.25,7477.50,7465.50,7476.25,22303
2026-07-24 17:30,7476.25,7481.00,7469.75,7470.00,20741
2026-07-24 17:45,7469.75,7474.50,7468.25,7469.00,14876
2026-07-24 18:00,7469.00,7472.25,7464.00,7465.25,19269
2026-07-24 18:15,7465.00,7465.75,7448.75,7449.50,28947
2026-07-24 18:30,7449.50,7450.75,7435.50,7437.50,51379
2026-07-24 18:45,7437.50,7446.25,7436.75,7443.25,26642
2026-07-24 19:00,7443.25,7448.50,7434.00,7435.50,35993
2026-07-24 19:15,7435.50,7439.50,7432.00,7435.50,31559
2026-07-24 19:30,7435.75,7445.75,7435.50,7442.00,44202
2026-07-24 19:45,7442.00,7451.00,7435.50,7448.00,88258
2026-07-24 20:00,7447.75,7449.00,7441.75,7444.75,28054
2026-07-24 20:15,7445.00,7450.00,7443.25,7443.75,7487
2026-07-24 20:30,7443.75,7444.50,7439.25,7444.25,5066
2026-07-24 20:45,7444.50,7447.50,7442.25,7447.50,4271
2026-07-26 22:00,7492.50,7494.25,7490.00,7494.25,680
2026-07-26 22:15,7494.25,7497.75,7491.50,7494.75,2668
2026-07-26 22:30,7495.00,7498.50,7494.25,7495.25,1876
2026-07-26 22:45,7495.25,7495.25,7491.25,7491.75,1342
2026-07-26 23:00,7492.00,7499.00,7491.00,7498.75,2934
2026-07-26 23:15,7498.75,7500.50,7497.25,7498.75,2015
2026-07-26 23:30,7498.50,7505.50,7498.50,7504.25,2466
2026-07-26 23:45,7504.25,7512.00,7501.75,7511.00,3978
2026-07-27 00:00,7511.00,7512.00,7500.75,7509.25,5158
2026-07-27 00:15,7509.25,7509.25,7496.25,7500.00,5255
2026-07-27 00:30,7500.00,7502.25,7494.75,7494.75,3224
2026-07-27 00:45,7494.75,7499.50,7492.50,7492.75,3069
2026-07-27 01:00,7492.50,7496.50,7490.00,7491.00,3363
2026-07-27 01:15,7491.00,7492.50,7487.00,7489.75,3663
2026-07-27 01:30,7489.75,7499.25,7489.50,7496.00,3580
2026-07-27 01:45,7495.75,7498.50,7493.50,7498.00,1926
2026-07-27 02:00,7498.25,7500.50,7495.75,7498.50,2134
2026-07-27 02:15,7498.50,7502.00,7497.25,7500.00,2441
2026-07-27 02:30,7500.00,7502.25,7496.75,7501.50,1392
2026-07-27 02:45,7501.25,7502.50,7498.00,7499.25,1080
2026-07-27 03:00,7499.25,7503.25,7499.00,7503.00,1546
2026-07-27 03:15,7503.00,7503.50,7500.50,7500.75,1187
2026-07-27 03:30,7501.00,7502.50,7498.25,7500.50,1046
2026-07-27 03:45,7500.25,7501.00,7498.00,7499.25,861
2026-07-27 04:00,7499.50,7502.00,7498.75,7502.00,865
2026-07-27 04:15,7501.75,7503.75,7499.50,7501.50,1227
2026-07-27 04:30,7501.50,7505.75,7500.00,7505.25,1483
2026-07-27 04:45,7505.25,7507.00,7504.00,7504.75,1709
2026-07-27 05:00,7504.75,7509.50,7504.25,7509.00,1549
2026-07-27 05:15,7508.75,7510.50,7508.00,7510.50,1769
2026-07-27 05:30,7510.50,7517.00,7509.50,7512.25,2946
2026-07-27 05:45,7512.50,7515.25,7512.00,7514.50,2417
2026-07-27 06:00,7514.50,7520.00,7514.50,7517.50,5151
2026-07-27 06:15,7517.25,7518.25,7514.00,7515.00,2671
2026-07-27 06:30,7514.75,7516.75,7512.75,7513.75,2518
2026-07-27 06:45,7513.75,7514.00,7510.75,7511.75,2877
2026-07-27 07:00,7511.75,7517.00,7511.00,7516.75,5363
2026-07-27 07:15,7516.75,7517.25,7512.75,7513.00,3364
2026-07-27 07:30,7513.00,7513.00,7508.75,7511.50,2944
2026-07-27 07:45,7511.25,7512.25,7505.75,7505.75,3824
2026-07-27 08:00,7505.75,7512.25,7505.50,7512.25,5043
2026-07-27 08:15,7512.00,7515.75,7509.75,7514.75,3198
2026-07-27 08:30,7515.00,7519.75,7512.75,7519.00,3712
2026-07-27 08:45,7519.00,7520.00,7517.25,7519.25,3010
2026-07-27 09:00,7519.25,7519.25,7516.50,7517.00,2440
2026-07-27 09:15,7517.00,7520.00,7516.50,7517.75,2537
2026-07-27 09:30,7517.75,7522.50,7517.00,7522.00,3224
2026-07-27 09:45,7521.75,7524.75,7521.50,7522.25,3189
2026-07-27 10:00,7522.25,7523.25,7518.50,7520.50,2938
2026-07-27 10:15,7520.75,7522.00,7519.75,7520.75,1847
2026-07-27 10:30,7521.00,7522.75,7519.25,7522.50,2046
2026-07-27 10:45,7522.25,7524.25,7521.50,7521.75,2693
2026-07-27 11:00,7521.75,7522.00,7516.75,7517.75,3318
2026-07-27 11:15,7517.50,7519.25,7508.25,7509.00,4757
2026-07-27 11:30,7509.00,7515.00,7507.75,7512.25,7100
2026-07-27 11:45,7512.25,7513.25,7511.25,7511.75,2935
2026-07-27 12:00,7511.75,7515.25,7504.50,7505.25,7393
2026-07-27 12:15,7505.25,7509.50,7505.00,7508.25,4321
2026-07-27 12:30,7508.25,7511.75,7506.50,7511.75,4948
2026-07-27 12:45,7511.50,7514.50,7510.75,7513.25,7099
2026-07-27 13:00,7513.50,7515.25,7510.00,7512.50,8237
2026-07-27 13:15,7512.50,7514.00,7507.00,7507.50,11299
2026-07-27 13:30,7507.75,7514.00,7492.50,7493.25,77788
2026-07-27 13:45,7493.50,7500.00,7473.75,7474.00,71035
2026-07-27 14:00,7474.00,7479.25,7462.50,7467.50,77452
2026-07-27 14:15,7467.50,7473.50,7439.75,7440.75,70412
2026-07-27 14:30,7441.00,7443.50,7423.00,7426.00,84581
2026-07-27 14:45,7426.00,7457.25,7426.00,7455.50,69432
2026-07-27 15:00,7455.75,7461.75,7449.50,7452.25,51711
2026-07-27 15:15,7452.25,7453.50,7436.75,7441.00,47260
2026-07-27 15:30,7441.00,7441.50,7421.25,7432.50,47703
2026-07-27 15:45,7432.50,7434.50,7424.75,7433.00,32182
2026-07-27 16:00,7433.00,7445.25,7431.75,7432.75,33354
2026-07-27 16:15,7432.50,7455.25,7426.75,7445.50,52823
2026-07-27 16:30,7445.50,7452.00,7438.25,7441.50,30225
2026-07-27 16:45,7441.50,7446.25,7424.25,7428.00,33419
2026-07-27 17:00,7428.25,7429.00,7418.50,7424.25,34299
2026-07-27 17:15,7424.50,7425.75,7416.25,7420.00,23336
2026-07-27 17:30,7420.00,7430.75,7419.75,7426.00,22715
2026-07-27 17:45,7426.00,7436.50,7423.25,7436.00,21041
2026-07-27 18:00,7436.25,7437.50,7432.50,7435.50,21893
2026-07-27 18:15,7435.50,7436.25,7428.00,7434.25,20763
2026-07-27 18:30,7434.25,7434.50,7424.00,7432.50,31792
2026-07-27 18:45,7432.75,7450.50,7431.25,7448.75,35967
2026-07-27 19:00,7448.75,7454.00,7442.75,7448.75,29730
2026-07-27 19:15,7448.75,7455.75,7448.75,7454.75,21838
2026-07-27 19:30,7454.50,7456.75,7446.50,7448.25,30516
2026-07-27 19:45,7448.25,7451.00,7443.75,7449.00,83306
2026-07-27 20:00,7449.25,7454.25,7445.00,7448.00,26175
2026-07-27 20:15,7448.00,7449.25,7446.25,7448.75,2872
2026-07-27 20:30,7448.50,7456.50,7448.00,7452.75,3891
2026-07-27 20:45,7452.75,7453.50,7449.75,7453.50,2876
2026-07-27 22:00,7453.00,7456.00,7446.75,7447.00,822
2026-07-27 22:15,7447.25,7448.75,7444.00,7444.75,1821
2026-07-27 22:30,7444.75,7448.50,7444.75,7445.50,1110
2026-07-27 22:45,7445.75,7447.25,7444.00,7444.50,741
2026-07-27 23:00,7444.50,7447.25,7440.00,7444.00,1560
2026-07-27 23:15,7443.50,7449.00,7441.75,7449.00,1014
2026-07-27 23:30,7448.50,7448.75,7444.75,7445.25,741
2026-07-27 23:45,7445.50,7450.00,7442.00,7447.75,1898
2026-07-28 00:00,7448.25,7452.00,7438.25,7441.75,4147
2026-07-28 00:15,7441.50,7444.00,7436.25,7440.50,3367
2026-07-28 00:30,7440.50,7445.00,7434.25,7443.50,2902
2026-07-28 00:45,7443.25,7443.25,7435.50,7437.75,1979
2026-07-28 01:00,7437.50,7438.75,7425.00,7427.75,4543
2026-07-28 01:15,7427.75,7441.25,7426.25,7438.00,3497
2026-07-28 01:30,7442.50,7443.00,7436.50,7441.25,2511
2026-07-28 01:45,7441.00,7443.50,7432.00,7434.25,2835
2026-07-28 02:00,7434.50,7435.00,7429.00,7430.75,2543
2026-07-28 02:15,7430.50,7435.75,7428.00,7430.25,1937
2026-07-28 02:30,7430.25,7431.00,7427.00,7428.00,1700
2026-07-28 02:45,7428.25,7433.50,7426.75,7430.50,1969
2026-07-28 03:00,7430.50,7431.00,7424.00,7428.50,2446
2026-07-28 03:15,7428.50,7438.00,7427.75,7429.75,2728
2026-07-28 03:30,7429.75,7442.00,7425.75,7440.25,4011
2026-07-28 03:45,7440.50,7442.00,7437.50,7440.75,1765
2026-07-28 04:00,7435.75,7435.75,7430.00,7430.75,3067
2026-07-28 04:15,7430.75,7435.75,7429.75,7430.50,1614
2026-07-28 04:30,7430.25,7431.75,7428.50,7430.75,1282
2026-07-28 04:45,7430.50,7434.75,7426.00,7427.25,1759
2026-07-28 05:00,7427.50,7431.50,7426.50,7429.25,939
2026-07-28 05:15,7448.25,7448.25,7424.00,7424.75,2193
2026-07-28 05:30,7424.75,7425.25,7419.00,7422.00,3263
2026-07-28 05:45,7422.00,7425.50,7419.50,7420.75,1935
2026-07-28 06:00,7421.25,7424.50,7419.50,7423.00,3248
2026-07-28 06:15,7423.00,7426.50,7419.75,7425.50,6058
2026-07-28 06:30,7425.50,7429.50,7423.75,7427.25,2462
2026-07-28 06:45,7427.25,7431.50,7424.25,7429.75,2363
2026-07-28 07:00,7429.75,7436.75,7429.00,7435.75,5330
2026-07-28 07:15,7435.75,7438.50,7434.00,7435.25,3599
2026-07-28 07:30,7435.00,7437.50,7433.25,7434.50,2826
2026-07-28 07:45,7434.25,7436.50,7429.25,7433.25,3340
2026-07-28 08:00,7433.50,7436.50,7425.25,7426.25,6526
2026-07-28 08:15,7426.25,7444.50,7425.50,7442.75,6694
2026-07-28 08:30,7443.00,7446.25,7438.75,7444.50,3760
2026-07-28 08:45,7444.50,7449.00,7440.25,7442.00,3943
2026-07-28 09:00,7441.75,7445.25,7440.25,7441.50,2246
2026-07-28 09:15,7441.75,7445.75,7441.75,7445.25,1665
2026-07-28 09:30,7445.50,7445.50,7441.50,7442.25,2608
2026-07-28 09:45,7442.50,7444.75,7438.00,7439.75,2064
2026-07-28 10:00,7439.50,7441.25,7438.00,7439.00,2204
2026-07-28 10:15,7439.00,7442.50,7436.75,7442.50,2399
2026-07-28 10:30,7442.50,7444.25,7433.75,7437.00,6320
2026-07-28 10:45,7437.00,7442.50,7436.50,7442.25,3664
2026-07-28 11:00,7442.25,7446.25,7432.50,7433.25,7665
2026-07-28 11:15,7433.25,7450.00,7433.25,7438.00,9633
2026-07-28 11:30,7438.00,7450.00,7433.00,7437.50,10069
2026-07-28 11:45,7437.50,7452.50,7437.00,7450.75,6278
2026-07-28 12:00,7450.75,7455.00,7448.25,7450.50,6416
2026-07-28 12:15,7450.75,7458.00,7448.50,7457.00,6257
2026-07-28 12:30,7457.25,7460.50,7451.25,7459.50,12151
2026-07-28 12:45,7459.50,7467.00,7455.50,7456.50,9129
2026-07-28 13:00,7456.50,7459.25,7452.75,7456.25,9056
2026-07-28 13:15,7456.00,7462.25,7449.00,7449.75,14081
2026-07-28 13:30,7449.75,7452.50,7423.25,7428.25,92081
2026-07-28 13:45,7428.00,7439.50,7417.00,7422.00,77859
2026-07-28 14:00,7421.75,7439.50,7420.00,7423.25,55774
2026-07-28 14:15,7423.50,7436.25,7421.00,7434.75,51329
2026-07-28 14:30,7434.75,7444.00,7429.00,7440.00,47217
2026-07-28 14:45,7439.75,7456.00,7435.75,7444.00,50237
2026-07-28 15:00,7444.25,7454.75,7437.50,7451.50,44578
2026-07-28 15:15,7451.50,7477.25,7449.25,7469.25,71402
2026-07-28 15:30,7469.25,7478.50,7467.25,7478.25,36302
2026-07-28 15:45,7478.25,7482.25,7475.00,7479.50,36668
2026-07-28 16:00,7479.75,7481.00,7472.50,7474.00,28377
2026-07-28 16:15,7474.00,7478.50,7469.50,7470.00,25509
2026-07-28 16:30,7469.75,7479.25,7466.75,7477.00,27601
2026-07-28 16:45,7477.00,7485.75,7471.25,7484.00,26038
2026-07-28 17:00,7484.00,7485.50,7469.50,7471.00,31058
2026-07-28 17:15,7471.00,7479.50,7468.25,7470.75,29722
2026-07-28 17:30,7470.75,7477.00,7464.00,7465.50,23245
2026-07-28 17:45,7465.50,7471.75,7462.75,7469.50,22110
2026-07-28 18:00,7469.75,7473.25,7462.00,7462.25,21904
2026-07-28 18:15,7462.25,7467.50,7462.00,7463.75,19011
2026-07-28 18:30,7464.00,7469.00,7463.00,7465.50,20324
2026-07-28 18:45,7465.50,7474.00,7464.75,7472.25,21576
2026-07-28 19:00,7472.25,7477.50,7471.25,7472.50,27116
2026-07-28 19:15,7472.50,7476.75,7470.75,7475.00,21174
2026-07-28 19:30,7475.25,7475.50,7467.25,7471.00,27327
2026-07-28 19:45,7471.00,7475.00,7462.50,7466.00,88473
2026-07-28 20:00,7466.25,7469.25,7458.25,7467.00,31649
2026-07-28 20:15,7467.00,7474.00,7464.25,7472.50,7230
2026-07-28 20:30,7472.50,7473.50,7465.75,7467.50,4812
2026-07-28 20:45,7467.50,7469.25,7466.00,7467.50,2971
2026-07-28 22:00,7464.00,7474.00,7464.00,7467.25,1742
2026-07-28 22:15,7467.25,7468.25,7457.25,7462.00,3026
2026-07-28 22:30,7461.75,7463.00,7450.75,7453.25,4250
2026-07-28 22:45,7453.25,7457.25,7450.50,7451.75,7231
2026-07-28 23:00,7452.00,7465.50,7449.25,7463.50,8477
2026-07-28 23:15,7463.50,7471.00,7459.50,7468.75,5034
2026-07-28 23:30,7468.75,7484.00,7467.50,7482.75,4025
2026-07-28 23:45,7482.50,7495.25,7479.75,7494.75,10412
2026-07-29 00:00,7494.75,7499.25,7490.25,7494.50,8451
2026-07-29 00:15,7494.25,7501.00,7490.75,7493.00,6770
2026-07-29 00:30,7493.00,7495.25,7487.50,7492.75,3809
2026-07-29 00:45,7492.75,7494.75,7485.25,7486.75,2931
2026-07-29 01:00,7486.75,7489.25,7471.50,7472.75,6173
2026-07-29 01:15,7472.50,7481.00,7468.75,7478.25,5652
2026-07-29 01:30,7478.00,7479.00,7467.00,7467.50,3838
2026-07-29 01:45,7467.25,7468.75,7455.00,7455.50,6594
2026-07-29 02:00,7455.25,7465.25,7453.25,7463.00,5138
2026-07-29 02:15,7462.75,7466.50,7457.75,7466.50,2848
2026-07-29 02:30,7466.25,7468.75,7463.50,7466.25,2586
2026-07-29 02:45,7466.25,7466.50,7460.75,7463.25,2186
2026-07-29 03:00,7463.25,7468.00,7457.25,7461.00,2815
2026-07-29 03:15,7460.75,7462.25,7455.50,7455.75,1968
2026-07-29 03:30,7455.50,7457.50,7451.25,7454.75,3162
2026-07-29 03:45,7454.75,7456.75,7445.00,7447.25,3772
2026-07-29 04:00,7445.75,7448.00,7443.75,7445.00,2908
2026-07-29 04:15,7445.00,7448.25,7442.25,7445.00,3751
2026-07-29 04:30,7444.75,7447.00,7439.75,7440.00,3016
2026-07-29 04:45,7440.25,7450.50,7438.50,7450.50,3709
2026-07-29 05:00,7450.75,7461.00,7448.50,7461.00,3392
2026-07-29 05:15,7460.75,7461.50,7454.75,7459.75,2041
2026-07-29 05:30,7459.75,7462.75,7457.00,7460.75,2467
2026-07-29 05:45,7461.25,7462.00,7456.50,7457.75,2009
2026-07-29 06:00,7457.50,7458.25,7451.25,7455.00,2846
2026-07-29 06:15,7455.00,7461.25,7454.00,7461.00,3169
2026-07-29 06:30,7460.75,7474.25,7460.75,7473.75,4594
2026-07-29 06:45,7473.50,7480.00,7471.50,7478.75,4064
2026-07-29 07:00,7478.75,7483.25,7474.75,7479.50,6661
2026-07-29 07:15,7479.50,7482.50,7476.75,7482.00,3926
2026-07-29 07:30,7482.25,7485.00,7479.75,7482.50,3633
2026-07-29 07:45,7482.50,7483.25,7478.50,7481.25,3143
2026-07-29 08:00,7481.25,7482.00,7474.25,7474.75,5264
2026-07-29 08:15,7474.50,7475.75,7469.00,7471.25,5255
2026-07-29 08:30,7471.50,7483.25,7470.00,7482.50,4333
2026-07-29 08:45,7482.25,7486.00,7479.25,7480.75,3191
2026-07-29 09:00,7481.00,7483.75,7479.50,7482.50,3461
2026-07-29 09:15,7482.50,7482.75,7478.75,7480.00,2553
2026-07-29 09:30,7480.00,7484.00,7477.50,7482.75,2714
2026-07-29 09:45,7483.00,7492.00,7482.75,7485.75,5337
2026-07-29 10:00,7485.75,7488.50,7481.25,7483.50,4339
2026-07-29 10:15,7483.75,7485.75,7481.00,7484.50,2591
2026-07-29 10:30,7484.50,7486.25,7477.25,7480.75,3518
2026-07-29 10:45,7480.75,7481.75,7476.00,7477.50,2846
2026-07-29 11:00,7478.00,7484.00,7476.25,7481.50,3130
2026-07-29 11:15,7481.25,7484.75,7480.00,7481.75,2755
2026-07-29 11:30,7481.75,7482.75,7476.50,7478.00,3095
2026-07-29 11:45,7478.00,7482.75,7476.75,7480.75,4239
2026-07-29 12:00,7480.75,7481.50,7470.75,7471.75,5418
2026-07-29 12:15,7472.00,7472.75,7456.50,7459.00,16623
2026-07-29 12:30,7458.75,7466.50,7455.50,7466.25,6481
2026-07-29 12:45,7466.25,7467.00,7462.50,7463.50,4017
2026-07-29 13:00,7463.50,7464.50,7453.75,7454.50,7983
2026-07-29 13:15,7454.50,7464.75,7452.00,7456.50,14881
2026-07-29 13:30,7456.50,7461.00,7444.25,7453.25,86664
2026-07-29 13:45,7453.50,7459.00,7422.00,7430.00,74026
2026-07-29 14:00,7430.00,7439.75,7406.00,7410.00,76329
2026-07-29 14:15,7410.25,7420.50,7398.25,7404.75,73575
2026-07-29 14:30,7404.75,7414.50,7393.00,7398.00,54990
2026-07-29 14:45,7397.75,7409.50,7394.50,7403.75,54487
2026-07-29 15:00,7403.75,7412.50,7400.00,7402.25,45581
2026-07-29 15:15,7402.25,7410.75,7399.00,7400.00,33666
2026-07-29 15:30,7400.25,7405.75,7393.00,7395.75,34255
2026-07-29 15:45,7395.50,7401.50,7385.75,7393.00,37856
2026-07-29 16:00,7393.25,7396.00,7375.50,7375.50,38004
2026-07-29 16:15,7375.50,7394.75,7371.75,7394.00,37959
2026-07-29 16:30,7393.75,7398.75,7384.00,7387.75,30043
2026-07-29 16:45,7387.75,7404.50,7385.50,7404.50,36025
2026-07-29 17:00,7404.25,7422.00,7402.75,7421.50,41710
2026-07-29 17:15,7421.75,7428.25,7412.50,7413.00,36326
2026-07-29 17:30,7413.00,7419.50,7408.50,7413.25,32332
2026-07-29 17:45,7413.50,7420.00,7409.25,7419.50,24348
2026-07-29 18:00,7419.75,7451.50,7418.50,7429.50,79714
2026-07-29 18:15,7429.75,7438.25,7418.25,7428.50,38093
2026-07-29 18:30,7428.50,7466.00,7414.75,7463.25,70056
2026-07-29 18:45,7463.25,7482.75,7460.50,7475.25,66393
2026-07-29 19:00,7475.25,7482.00,7434.25,7443.25,73676
2026-07-29 19:15,7443.50,7452.25,7396.50,7405.50,93799
2026-07-29 19:30,7405.50,7411.00,7362.25,7366.50,111142
2026-07-29 19:45,7366.50,7375.25,7345.75,7350.25,168586
2026-07-29 20:00,7350.25,7358.00,7326.25,7336.50,73526
2026-07-29 20:15,7337.00,7343.25,7324.00,7331.00,17135
2026-07-29 20:30,7330.75,7346.50,7324.50,7341.00,13120
2026-07-29 20:45,7340.75,7343.50,7334.50,7335.25,8742
2026-07-29 22:00,7338.00,7374.00,7331.00,7369.00,9725
2026-07-29 22:15,7369.25,7376.50,7366.50,7371.25,6125
2026-07-29 22:30,7371.25,7373.25,7367.50,7372.50,3323
2026-07-29 22:45,7372.50,7375.75,7367.50,7370.00,2950
2026-07-29 23:00,7370.00,7379.75,7369.50,7373.25,3780
2026-07-29 23:15,7373.50,7379.75,7372.50,7378.25,3122
2026-07-29 23:30,7378.25,7382.75,7375.25,7377.50,3109
2026-07-29 23:45,7377.50,7382.25,7374.50,7378.25,3899
2026-07-30 00:00,7378.50,7387.75,7372.00,7384.50,7341
2026-07-30 00:15,7384.50,7385.75,7374.50,7378.50,7163
2026-07-30 00:30,7378.75,7381.25,7368.00,7370.75,5475
2026-07-30 00:45,7370.50,7377.75,7369.25,7375.75,3942
2026-07-30 01:00,7376.25,7389.00,7374.25,7378.00,6296
2026-07-30 01:15,7378.00,7387.00,7377.25,7386.00,3284
2026-07-30 01:30,7386.00,7392.00,7385.75,7391.00,4923
2026-07-30 01:45,7391.00,7392.25,7388.25,7388.75,3193
2026-07-30 02:00,7389.00,7392.75,7386.25,7387.00,2636
2026-07-30 02:15,7386.75,7390.50,7384.75,7386.00,2515
2026-07-30 02:30,7386.00,7387.50,7381.50,7387.00,2237
2026-07-30 02:45,7387.25,7388.75,7377.50,7378.25,2672
2026-07-30 03:00,7378.25,7384.00,7372.25,7373.75,3265
2026-07-30 03:15,7374.00,7375.00,7370.75,7373.25,2376
2026-07-30 03:30,7373.25,7378.25,7369.50,7375.25,2781
2026-07-30 03:45,7375.25,7378.50,7372.75,7374.00,1807
2026-07-30 04:00,7373.00,7373.00,7370.25,7370.75,1629
2026-07-30 04:15,7370.50,7379.25,7368.75,7378.50,2584
2026-07-30 04:30,7378.50,7378.75,7369.00,7369.75,1757
2026-07-30 04:45,7369.50,7375.25,7366.25,7367.50,2072
2026-07-30 05:00,7367.75,7368.50,7361.75,7365.75,2868
2026-07-30 05:15,7365.75,7370.75,7365.25,7368.50,2920
2026-07-30 05:30,7368.25,7373.00,7366.75,7372.25,2833
2026-07-30 05:45,7372.50,7377.00,7365.25,7368.50,3403
2026-07-30 06:00,7368.50,7369.25,7363.25,7364.00,4047
2026-07-30 06:15,7363.75,7367.50,7359.00,7364.50,4007
2026-07-30 06:30,7364.50,7364.50,7358.50,7358.75,3680
2026-07-30 06:45,7358.75,7364.50,7358.50,7363.75,3123
2026-07-30 07:00,7364.00,7382.25,7361.75,7375.50,14220
2026-07-30 07:15,7375.50,7376.25,7362.50,7365.25,7365
2026-07-30 07:30,7365.25,7368.00,7354.25,7365.75,8620
2026-07-30 07:45,7365.50,7367.75,7358.50,7359.50,4522
2026-07-30 08:00,7359.50,7371.50,7351.50,7368.25,9095
2026-07-30 08:15,7368.25,7378.75,7366.25,7376.50,5943
2026-07-30 08:30,7376.50,7378.75,7373.00,7374.00,3556
2026-07-30 08:45,7374.00,7376.25,7368.50,7372.75,2848
2026-07-30 09:00,7372.50,7383.75,7371.25,7379.75,4372
2026-07-30 09:15,7380.00,7385.00,7378.00,7383.25,4589
2026-07-30 09:30,7383.00,7388.00,7380.50,7382.75,3862
2026-07-30 09:45,7382.75,7384.50,7374.00,7374.50,2991
2026-07-30 10:00,7374.50,7382.25,7371.50,7377.25,3540
2026-07-30 10:15,7377.50,7388.50,7377.00,7386.00,4193
2026-07-30 10:30,7386.00,7391.50,7384.00,7389.75,4550
2026-07-30 10:45,7389.50,7392.50,7383.75,7385.00,5856
2026-07-30 11:00,7385.25,7393.00,7385.25,7390.50,4233
2026-07-30 11:15,7390.50,7397.75,7389.75,7397.50,4596
2026-07-30 11:30,7397.50,7399.25,7393.75,7395.25,5443
2026-07-30 11:45,7395.25,7402.00,7395.25,7399.75,6684
2026-07-30 12:00,7399.50,7404.75,7395.75,7404.25,7806
2026-07-30 12:15,7404.25,7404.75,7396.00,7399.75,7862
2026-07-30 12:30,7399.75,7406.00,7393.00,7395.00,15099
2026-07-30 12:45,7395.25,7400.75,7392.75,7398.75,8176
2026-07-30 13:00,7398.75,7410.00,7397.75,7402.50,17964
2026-07-30 13:15,7402.50,7414.75,7401.25,7414.00,20801
2026-07-30 13:30,7414.25,7421.50,7399.75,7417.50,105517
2026-07-30 13:45,7417.25,7440.00,7416.75,7439.75,89400
2026-07-30 14:00,7439.50,7443.75,7427.50,7433.00,82178
2026-07-30 14:15,7433.00,7446.50,7426.75,7439.50,64576
2026-07-30 14:30,7439.75,7444.50,7430.00,7431.75,55957
2026-07-30 14:45,7431.50,7434.50,7408.75,7415.25,71010
2026-07-30 15:00,7415.25,7421.25,7401.00,7401.50,70110
2026-07-30 15:15,7401.50,7414.50,7399.00,7401.00,61437
2026-07-30 15:30,7400.75,7422.75,7399.25,7419.25,53445
2026-07-30 15:45,7419.50,7430.00,7416.25,7424.50,43026
2026-07-30 16:00,7424.50,7443.00,7421.75,7441.75,47098
2026-07-30 16:15,7441.75,7445.50,7439.00,7441.00,35335
2026-07-30 16:30,7441.00,7444.25,7431.25,7434.25,36421
2026-07-30 16:45,7434.25,7445.75,7433.75,7443.75,26956
2026-07-30 17:00,7443.75,7455.50,7443.75,7451.00,32294
2026-07-30 17:15,7450.75,7456.50,7450.25,7451.75,18116
2026-07-30 17:30,7451.75,7455.50,7445.75,7453.25,23964
2026-07-30 17:45,7453.25,7457.75,7450.25,7451.50,17921
2026-07-30 18:00,7451.75,7456.75,7450.50,7456.00,17795
2026-07-30 18:15,7455.75,7458.00,7454.25,7457.50,16181
2026-07-30 18:30,7457.50,7459.75,7454.00,7457.00,18051
2026-07-30 18:45,7457.00,7462.50,7456.75,7461.50,20783
2026-07-30 19:00,7461.50,7477.75,7461.25,7474.25,34743
2026-07-30 19:15,7474.50,7478.50,7471.25,7471.50,23736
2026-07-30 19:30,7471.50,7473.50,7468.00,7471.75,30250
2026-07-30 19:45,7471.50,7476.50,7464.25,7472.75,125258
2026-07-30 20:00,7472.75,7492.00,7468.00,7486.75,46442
2026-07-30 20:15,7486.75,7492.00,7485.25,7490.25,11010
2026-07-30 20:30,7490.50,7498.00,7476.25,7481.00,14511
2026-07-30 20:45,7480.75,7482.00,7472.00,7474.50,9476
2026-07-30 22:00,7479.50,7480.25,7468.25,7476.50,2007
2026-07-30 22:15,7476.25,7480.75,7472.75,7475.00,2818
2026-07-30 22:30,7475.00,7482.50,7472.50,7482.25,2046
2026-07-30 22:45,7482.25,7485.50,7481.50,7484.50,1665
2026-07-30 23:00,7484.50,7489.25,7482.25,7483.00,2198
2026-07-30 23:15,7482.75,7484.00,7480.25,7482.75,1016
2026-07-30 23:30,7482.75,7487.75,7482.00,7487.75,1365
2026-07-30 23:45,7487.75,7491.50,7485.00,7487.75,2326
2026-07-31 00:00,7487.75,7496.50,7484.75,7495.75,4629
2026-07-31 00:15,7495.50,7498.00,7493.00,7494.25,3115
2026-07-31 00:30,7494.00,7497.25,7493.75,7496.50,2379
2026-07-31 00:45,7497.00,7497.00,7491.25,7495.00,2051
2026-07-31 01:00,7495.00,7502.00,7495.00,7500.00,4889
2026-07-31 01:15,7500.00,7504.50,7499.75,7502.25,3314
2026-07-31 01:30,7502.25,7502.75,7496.50,7497.00,2859
2026-07-31 01:45,7497.00,7498.00,7494.25,7497.75,2295
2026-07-31 02:00,7497.75,7500.50,7494.25,7494.75,2237
2026-07-31 02:15,7495.00,7495.00,7491.25,7492.75,2675
2026-07-31 02:30,7492.50,7493.75,7488.50,7492.25,1726
2026-07-31 02:45,7492.50,7493.75,7489.25,7493.00,1646
2026-07-31 03:00,7492.75,7493.50,7488.25,7491.25,2171
2026-07-31 03:15,7491.00,7497.25,7491.00,7496.25,2246
2026-07-31 03:30,7496.50,7498.75,7496.00,7497.25,1448
2026-07-31 03:45,7497.25,7498.00,7493.25,7497.50,1638
2026-07-31 04:00,7497.75,7498.50,7496.75,7498.25,1308
2026-07-31 04:15,7498.00,7503.25,7496.75,7503.00,1722
2026-07-31 04:30,7503.00,7507.75,7502.25,7507.50,2023
2026-07-31 04:45,7507.50,7509.25,7506.00,7508.75,1530
2026-07-31 05:00,7508.75,7509.75,7507.00,7508.25,1553
2026-07-31 05:15,7508.25,7510.25,7507.50,7509.00,1302
2026-07-31 05:30,7509.25,7510.75,7505.50,7506.75,2450
2026-07-31 05:45,7506.50,7509.75,7505.75,7508.25,2098
2026-07-31 06:00,7508.25,7511.25,7507.25,7510.25,2383
2026-07-31 06:15,7510.50,7511.00,7506.50,7508.00,2725
2026-07-31 06:30,7508.00,7508.00,7493.25,7496.50,5009
2026-07-31 06:45,7496.50,7498.25,7491.75,7496.50,4673
2026-07-31 07:00,7496.25,7507.50,7493.25,7505.75,6910
2026-07-31 07:15,7505.75,7509.25,7500.75,7505.25,5907
2026-07-31 07:30,7505.25,7507.50,7502.75,7506.75,4008
2026-07-31 07:45,7506.75,7508.25,7502.75,7506.75,3904
2026-07-31 08:00,7506.50,7510.50,7503.00,7510.50,5704
2026-07-31 08:15,7510.50,7513.00,7508.00,7511.50,4239
2026-07-31 08:30,7511.25,7512.25,7507.25,7508.25,3110
2026-07-31 08:45,7508.25,7513.75,7508.00,7513.00,3257
2026-07-31 09:00,7513.00,7517.75,7511.25,7516.00,4909
2026-07-31 09:15,7516.00,7516.75,7511.50,7511.75,2835
2026-07-31 09:30,7511.75,7512.50,7504.00,7506.50,4240
2026-07-31 09:45,7506.25,7508.25,7503.75,7504.25,3206
2026-07-31 10:00,7504.00,7508.25,7502.00,7507.25,3163
2026-07-31 10:15,7507.50,7512.00,7506.75,7509.50,2270
2026-07-31 10:30,7509.50,7510.50,7504.25,7508.25,3767
2026-07-31 10:45,7508.25,7509.50,7504.75,7506.75,3009
2026-07-31 11:00,7506.75,7511.50,7506.00,7506.75,3209
2026-07-31 11:15,7507.00,7507.00,7499.25,7499.75,5199
2026-07-31 11:30,7500.00,7500.00,7494.50,7496.25,5358
2026-07-31 11:45,7496.25,7500.50,7495.75,7499.25,4083
2026-07-31 12:00,7499.50,7499.50,7489.75,7490.50,6572
2026-07-31 12:15,7490.25,7492.75,7486.00,7491.50,7497
2026-07-31 12:30,7491.00,7492.00,7479.50,7483.00,10861
2026-07-31 12:45,7483.25,7487.00,7480.25,7483.00,7736
2026-07-31 13:00,7483.00,7491.00,7481.00,7490.00,10103
2026-07-31 13:15,7490.00,7499.50,7490.00,7498.75,18162
2026-07-31 13:30,7498.75,7515.50,7479.75,7482.75,101451
2026-07-31 13:45,7483.00,7487.75,7466.75,7470.75,110174
2026-07-31 14:00,7470.50,7475.25,7430.50,7435.75,126321
2026-07-31 14:15,7435.50,7456.50,7427.50,7456.00,105163
2026-07-31 14:30,7456.00,7468.25,7452.00,7467.50,63125
2026-07-31 14:45,7467.50,7481.25,7466.00,7477.00,65806
2026-07-31 15:00,7477.00,7479.75,7462.50,7473.25,52721
2026-07-31 15:15,7473.00,7482.50,7452.50,7454.50,56853
2026-07-31 15:30,7454.75,7475.25,7449.25,7470.00,56584
2026-07-31 15:45,7470.00,7485.00,7462.75,7482.50,44145
2026-07-31 16:00,7482.50,7488.00,7475.75,7486.75,35948
2026-07-31 16:15,7486.75,7496.00,7479.00,7496.00,33003
2026-07-31 16:30,7496.00,7501.00,7492.50,7493.50,35587
2026-07-31 16:45,7493.50,7503.00,7491.25,7497.50,25916
2026-07-31 17:00,7497.50,7505.00,7496.50,7504.00,24503
2026-07-31 17:15,7504.00,7516.00,7502.75,7514.75,32875
2026-07-31 17:30,7514.75,7517.00,7507.50,7510.00,31162
2026-07-31 17:45,7510.00,7513.00,7503.25,7506.00,25974
2026-07-31 18:00,7505.75,7512.00,7504.25,7508.50,23861
2026-07-31 18:15,7508.50,7516.00,7508.00,7512.00,22053
2026-07-31 18:30,7512.00,7514.50,7508.00,7512.00,19158
2026-07-31 18:45,7512.25,7516.75,7510.00,7513.00,19517
2026-07-31 19:00,7512.75,7517.25,7509.00,7514.75,25516
2026-07-31 19:15,7514.75,7531.00,7514.25,7526.75,46613
2026-07-31 19:30,7526.75,7533.25,7520.00,7532.75,44927
2026-07-31 19:45,7532.75,7541.00,7515.00,7520.00,193322
2026-07-31 20:00,7520.00,7527.75,7516.75,7521.75,58434
2026-07-31 20:15,7521.75,7521.75,7517.00,7519.00,6690
2026-07-31 20:30,7518.75,7521.00,7517.00,7518.50,4491
2026-07-31 20:45,7518.50,7519.75,7499.00,7519.25,15242
2026-08-02 22:00,7553.50,7557.50,7552.50,7555.50,1780
2026-08-02 22:15,7555.50,7556.25,7549.50,7551.25,4598
2026-08-02 22:30,7551.25,7552.75,7549.25,7549.25,1746
2026-08-02 22:45,7549.00,7550.25,7544.50,7545.50,1733
2026-08-02 23:00,7545.75,7550.50,7543.50,7545.00,2063
2026-08-02 23:15,7545.25,7549.75,7545.25,7548.75,938
2026-08-02 23:30,7549.00,7551.50,7548.00,7550.25,1225
2026-08-02 23:45,7550.00,7555.00,7546.75,7551.50,3947
2026-08-03 00:00,7551.50,7554.25,7546.25,7554.00,4046
2026-08-03 00:15,7553.75,7556.75,7545.50,7547.00,4380
2026-08-03 00:30,7546.75,7553.75,7546.50,7549.50,4274
2026-08-03 00:45,7549.50,7554.50,7548.25,7554.25,3153
2026-08-03 01:00,7554.00,7556.25,7550.75,7551.75,3200
2026-08-03 01:15,7551.75,7555.75,7549.75,7555.25,2151
2026-08-03 01:30,7555.00,7557.25,7552.75,7556.75,2078
2026-08-03 01:45,7557.00,7558.75,7555.75,7558.00,2589
2026-08-03 02:00,7558.00,7560.00,7556.50,7559.00,2175
2026-08-03 02:15,7559.00,7561.75,7557.00,7557.00,2709
2026-08-03 02:30,7557.00,7560.50,7556.50,7558.50,1341
2026-08-03 02:45,7558.75,7561.00,7558.50,7560.50,958
2026-08-03 03:00,7560.50,7562.00,7560.50,7561.50,1506
2026-08-03 03:15,7561.75,7562.50,7558.75,7558.75,1799
2026-08-03 03:30,7559.00,7562.50,7558.25,7562.50,1344
2026-08-03 03:45,7562.50,7564.50,7561.50,7562.25,2420
2026-08-03 04:00,7561.75,7563.00,7561.00,7562.50,1513
2026-08-03 04:15,7562.50,7565.00,7562.50,7564.50,1205
2026-08-03 04:30,7564.75,7565.50,7564.00,7565.25,1207
2026-08-03 04:45,7565.25,7567.00,7563.00,7563.25,2275
2026-08-03 05:00,7563.50,7565.25,7562.00,7563.75,1613
2026-08-03 05:15,7563.50,7564.50,7561.75,7563.25,1769
2026-08-03 05:30,7563.25,7564.00,7562.25,7563.00,1477
2026-08-03 05:45,7563.00,7563.50,7560.25,7563.00,1119
2026-08-03 06:00,7563.25,7566.00,7562.00,7563.75,3154
2026-08-03 06:15,7563.50,7564.00,7558.75,7559.75,2397
2026-08-03 06:30,7559.75,7562.00,7558.25,7558.25,1694
2026-08-03 06:45,7558.00,7559.00,7555.75,7556.75,2022
2026-08-03 07:00,7557.00,7561.25,7553.00,7560.00,5340
2026-08-03 07:15,7560.00,7561.75,7552.75,7556.75,6186
2026-08-03 07:30,7556.75,7560.00,7553.25,7554.00,2983
2026-08-03 07:45,7553.75,7560.00,7553.50,7559.75,2953
2026-08-03 08:00,7559.75,7560.00,7550.75,7555.00,4830
2026-08-03 08:15,7555.00,7555.25,7547.50,7550.25,5253
2026-08-03 08:30,7550.50,7557.25,7547.75,7554.50,4152
2026-08-03 08:45,7554.50,7559.50,7552.25,7559.50,3976
2026-08-03 09:00,7559.50,7560.25,7554.00,7556.00,4103
2026-08-03 09:15,7556.00,7558.75,7555.25,7556.25,2348
2026-08-03 09:30,7556.00,7559.75,7555.75,7556.50,2375
2026-08-03 09:45,7556.75,7558.75,7553.50,7557.50,2133
2026-08-03 10:00,7557.50,7560.00,7555.50,7558.25,2754
2026-08-03 10:15,7558.25,7560.50,7557.25,7560.25,3763
2026-08-03 10:30,7560.00,7562.50,7558.50,7562.50,2884
2026-08-03 10:45,7562.50,7563.00,7560.75,7562.75,2230
2026-08-03 11:00,7562.75,7563.25,7557.25,7560.00,4770
2026-08-03 11:15,7560.00,7564.00,7559.50,7561.50,4308
2026-08-03 11:30,7561.50,7567.75,7560.50,7564.00,6900
2026-08-03 11:45,7563.75,7564.50,7555.75,7557.50,6549
2026-08-03 12:00,7557.25,7557.50,7553.25,7556.50,7105
2026-08-03 12:15,7556.50,7558.75,7553.75,7558.00,7717
2026-08-03 12:30,7558.25,7565.75,7558.25,7565.50,8450
2026-08-03 12:45,7565.75,7566.25,7562.25,7563.25,7343
2026-08-03 13:00,7563.50,7565.00,7561.75,7562.50,7227
2026-08-03 13:15,7562.50,7565.75,7544.75,7546.00,20525
2026-08-03 13:30,7546.25,7571.00,7542.75,7567.25,105695
2026-08-03 13:45,7567.50,7588.25,7565.00,7588.00,82931
2026-08-03 14:00,7587.75,7592.50,7582.75,7591.00,64299
2026-08-03 14:15,7591.00,7600.00,7590.00,7597.25,55977
2026-08-03 14:30,7597.00,7603.75,7595.00,7601.25,43029
2026-08-03 14:45,7601.25,7606.00,7598.75,7606.00,38635
2026-08-03 15:00,7606.00,7606.25,7599.75,7602.50,34330
2026-08-03 15:15,7602.50,7609.00,7602.00,7603.25,42448
2026-08-03 15:30,7603.00,7610.50,7602.50,7608.50,34456
2026-08-03 15:45,7608.50,7614.00,7608.50,7611.50,38151
2026-08-03 16:00,7611.50,7613.50,7609.25,7611.50,25692
2026-08-03 16:15,7611.25,7617.75,7611.00,7617.00,26472
2026-08-03 16:30,7617.25,7618.00,7613.75,7616.25,23662
2026-08-03 16:45,7616.50,7616.50,7611.75,7613.75,21127
2026-08-03 17:00,7614.00,7617.75,7611.00,7616.50,22803
2026-08-03 17:15,7616.75,7623.25,7616.50,7622.50,24151
2026-08-03 17:30,7622.50,7626.25,7621.75,7625.00,22132
2026-08-03 17:45,7625.25,7629.75,7624.75,7628.00,24375
2026-08-03 18:00,7628.25,7635.00,7628.00,7631.75,37701
2026-08-03 18:15,7631.75,7634.75,7626.25,7627.50,29399
2026-08-03 18:30,7627.50,7632.75,7625.00,7632.50,26647
2026-08-03 18:45,7632.50,7634.25,7629.00,7631.25,26707
2026-08-03 19:00,7631.25,7637.75,7631.00,7633.50,28169
2026-08-03 19:15,7633.50,7637.25,7633.25,7635.50,26600
2026-08-03 19:30,7635.50,7637.00,7630.25,7632.50,33473
2026-08-03 19:45,7632.50,7635.75,7625.75,7628.25,142450
2026-08-03 20:00,7628.25,7633.00,7625.25,7632.00,32069
2026-08-03 20:15,7632.00,7636.50,7632.00,7633.00,5187
2026-08-03 20:30,7633.00,7636.50,7632.75,7635.50,3214
2026-08-03 20:45,7635.50,7635.75,7630.25,7631.25,4787
2026-08-03 22:00,7631.00,7635.50,7629.00,7632.50,1407
2026-08-03 22:15,7632.50,7635.00,7632.50,7633.75,684
2026-08-03 22:30,7633.75,7636.50,7633.25,7636.00,967
2026-08-03 22:45,7636.00,7636.00,7634.25,7635.25,894
2026-08-03 23:00,7635.25,7635.75,7633.50,7634.50,630
2026-08-03 23:15,7634.50,7636.25,7634.00,7634.75,750
2026-08-03 23:30,7634.75,7636.25,7632.75,7632.75,1092
2026-08-03 23:45,7633.00,7636.00,7632.75,7635.50,1755
2026-08-04 00:00,7635.50,7637.25,7632.25,7634.00,2741
2026-08-04 00:15,7634.00,7634.00,7630.75,7631.25,2130
2026-08-04 00:30,7631.25,7635.25,7629.25,7634.75,4402
2026-08-04 00:45,7634.75,7635.75,7631.75,7632.75,2280
2026-08-04 01:00,7632.75,7635.25,7629.50,7634.25,4529
2026-08-04 01:15,7634.00,7636.25,7632.25,7636.25,1655
2026-08-04 01:30,7636.25,7640.50,7635.75,7640.00,2907
2026-08-04 01:45,7640.00,7647.50,7639.75,7646.50,4580
2026-08-04 02:00,7646.25,7647.50,7639.75,7640.75,3047
2026-08-04 02:15,7640.75,7642.50,7639.00,7640.00,1970
2026-08-04 02:30,7640.25,7644.00,7640.25,7643.75,1177
2026-08-04 02:45,7643.75,7644.25,7641.75,7642.50,919
2026-08-04 03:00,7642.25,7644.00,7638.25,7639.50,1731
2026-08-04 03:15,7639.50,7644.50,7639.25,7643.50,1461
2026-08-04 03:30,7643.50,7645.50,7641.75,7642.75,1616
2026-08-04 03:45,7642.75,7645.00,7641.75,7645.00,1118
2026-08-04 04:00,7644.00,7644.25,7641.75,7642.75,1049
2026-08-04 04:15,7643.00,7645.75,7642.75,7645.50,752
2026-08-04 04:30,7645.50,7646.00,7644.75,7645.25,622
2026-08-04 04:45,7645.00,7646.50,7644.25,7645.50,648
2026-08-04 05:00,7645.25,7645.75,7642.75,7643.25,1052
2026-08-04 05:15,7643.25,7646.00,7643.00,7645.50,911
2026-08-04 05:30,7645.25,7649.50,7645.25,7647.25,2653
2026-08-04 05:45,7647.00,7647.75,7646.00,7647.50,895
2026-08-04 06:00,7647.75,7650.00,7646.75,7649.75,1937
2026-08-04 06:15,7649.75,7649.75,7647.00,7647.25,1746
2026-08-04 06:30,7647.00,7648.25,7642.75,7644.00,2089
2026-08-04 06:45,7644.00,7644.75,7643.00,7644.50,1547
2026-08-04 07:00,7644.50,7647.50,7641.50,7643.00,4771
2026-08-04 07:15,7643.00,7646.00,7642.50,7645.00,2757
2026-08-04 07:30,7645.00,7648.00,7642.00,7642.50,3211
2026-08-04 07:45,7642.50,7646.75,7642.00,7643.50,4111
2026-08-04 08:00,7643.50,7645.00,7642.00,7643.75,4636
2026-08-04 08:15,7644.00,7645.75,7642.00,7643.25,3918
2026-08-04 08:30,7643.25,7643.25,7637.00,7638.25,5503
2026-08-04 08:45,7638.25,7638.50,7635.25,7637.25,4108
2026-08-04 09:00,7637.00,7637.00,7632.00,7633.75,4734
2026-08-04 09:15,7634.00,7634.50,7631.75,7634.25,2965
2026-08-04 09:30,7634.25,7638.25,7634.25,7637.75,2726
2026-08-04 09:45,7637.75,7638.50,7634.75,7637.50,4319
2026-08-04 10:00,7637.75,7639.75,7636.25,7638.50,2646
2026-08-04 10:15,7638.50,7638.50,7636.00,7636.50,2455
2026-08-04 10:30,7636.50,7644.75,7635.50,7643.75,6791
2026-08-04 10:45,7643.50,7647.75,7641.50,7643.00,7961
2026-08-04 11:00,7643.25,7645.25,7641.50,7643.50,4323
2026-08-04 11:15,7643.50,7648.75,7643.00,7648.50,4074
2026-08-04 11:30,7648.50,7657.00,7645.00,7654.75,8877
2026-08-04 11:45,7654.75,7657.75,7651.75,7654.50,12031
2026-08-04 12:00,7654.50,7656.25,7651.25,7651.75,6413
2026-08-04 12:15,7651.75,7655.50,7651.25,7654.50,5544
2026-08-04 12:30,7654.75,7655.75,7652.50,7655.25,4588
2026-08-04 12:45,7655.00,7655.25,7651.00,7651.00,4953
2026-08-04 13:00,7651.00,7654.75,7649.25,7654.00,5670
2026-08-04 13:15,7654.00,7666.00,7653.25,7657.50,25233
2026-08-04 13:30,7657.25,7673.50,7656.00,7670.00,97521
2026-08-04 13:45,7669.75,7686.50,7669.75,7685.50,77143
2026-08-04 14:00,7685.25,7700.75,7682.50,7700.50,70769
2026-08-04 14:15,7700.75,7706.25,7693.50,7697.00,66376
2026-08-04 14:30,7697.00,7711.75,7692.75,7710.00,61926
2026-08-04 14:45,7710.25,7716.50,7707.75,7715.25,43972
2026-08-04 15:00,7715.50,7724.00,7714.00,7721.25,50298
2026-08-04 15:15,7721.50,7731.00,7721.00,7726.00,42115
2026-08-04 15:30,7726.00,7735.75,7723.75,7735.25,50618
2026-08-04 15:45,7735.25,7741.25,7733.75,7736.50,44140
2026-08-04 16:00,7736.50,7741.75,7733.25,7734.75,31962
2026-08-04 16:15,7734.50,7745.75,7734.50,7744.50,27982
2026-08-04 16:30,7744.50,7752.75,7742.25,7752.25,32573
2026-08-04 16:45,7752.50,7755.75,7752.25,7755.25,30551
2026-08-04 17:00,7755.25,7765.75,7754.25,7764.75,43132
2026-08-04 17:15,7765.00,7769.00,7762.00,7765.50,32723
2026-08-04 17:30,7765.50,7776.00,7762.00,7775.75,29708
2026-08-04 17:45,7776.00,7783.75,7768.00,7768.25,47353
2026-08-04 18:00,7768.25,7774.75,7763.50,7774.25,44490
2026-08-04 18:15,7774.25,7777.00,7771.75,7776.00,26078
2026-08-04 18:30,7776.00,7777.25,7766.00,7769.25,29760
2026-08-04 18:45,7769.50,7775.00,7769.25,7773.00,28307
2026-08-04 19:00,7773.00,7782.50,7772.75,7780.75,37875
2026-08-04 19:15,7780.75,7783.00,7773.00,7775.00,31584
2026-08-04 19:30,7775.00,7785.25,7773.00,7784.25,40688
2026-08-04 19:45,7784.25,7786.00,7761.25,7764.75,183072
2026-08-04 20:00,7763.75,7781.25,7763.75,7773.75,50834
2026-08-04 20:15,7773.25,7773.25,7761.25,7767.00,17521
2026-08-04 20:30,7766.75,7773.25,7765.00,7771.00,5095
2026-08-04 20:45,7771.00,7775.50,7770.50,7774.50,6671
2026-08-04 22:00,7772.00,7778.75,7771.00,7778.25,2107
2026-08-04 22:15,7778.00,7781.50,7777.50,7780.25,2308
2026-08-04 22:30,7780.25,7783.25,7777.75,7778.00,1795
2026-08-04 22:45,7778.25,7780.75,7777.50,7780.75,1275
2026-08-04 23:00,7780.75,7782.75,7778.75,7782.00,1543
2026-08-04 23:15,7782.00,7782.50,7779.00,7779.50,688
2026-08-04 23:30,7779.50,7780.00,7775.75,7779.25,2166
2026-08-04 23:45,7779.25,7781.25,7777.25,7777.50,1834
2026-08-05 00:00,7777.25,7780.50,7776.00,7780.25,2444
2026-08-05 00:15,7780.25,7783.75,7778.50,7783.25,2096
2026-08-05 00:30,7783.50,7785.50,7780.25,7780.50,2114
2026-08-05 00:45,7780.50,7784.25,7779.00,7784.25,1889
2026-08-05 01:00,7784.25,7784.50,7778.50,7782.25,2106
2026-08-05 01:15,7782.25,7782.50,7777.75,7779.00,2090
2026-08-05 01:30,7779.00,7783.75,7778.50,7782.50,1834
2026-08-05 01:45,7782.25,7786.00,7782.25,7784.25,2671
2026-08-05 02:00,7784.50,7787.00,7783.00,7785.50,2740
2026-08-05 02:15,7785.75,7787.00,7784.00,7785.25,1587
2026-08-05 02:30,7785.00,7786.50,7783.75,7786.50,1667
2026-08-05 02:45,7786.50,7788.75,7786.00,7786.75,2420
2026-08-05 03:00,7786.75,7792.00,7786.50,7790.75,3649
2026-08-05 03:15,7790.75,7792.50,7787.25,7787.50,1924
2026-08-05 03:30,7787.50,7791.50,7786.50,7791.25,1410
2026-08-05 03:45,7791.25,7792.00,7789.50,7792.00,1013
2026-08-05 04:00,7792.75,7792.75,7790.50,7790.75,1725
2026-08-05 04:15,7791.00,7791.00,7788.25,7789.50,1224
2026-08-05 04:30,7789.25,7792.00,7789.00,7791.50,1039
2026-08-05 04:45,7791.25,7792.50,7789.25,7791.25,947
2026-08-05 05:00,7791.25,7795.50,7790.50,7794.75,1756
2026-08-05 05:15,7794.75,7796.25,7794.00,7794.00,1277
2026-08-05 05:30,7794.25,7796.25,7793.25,7796.25,1698
2026-08-05 05:45,7796.00,7800.00,7795.75,7798.75,2215
2026-08-05 06:00,7798.50,7799.50,7797.00,7798.75,1888
2026-08-05 06:15,7798.75,7798.75,7791.00,7792.75,3033
2026-08-05 06:30,7792.75,7796.00,7792.50,7794.25,2392
2026-08-05 06:45,7794.50,7798.25,7794.00,7798.00,1958
2026-08-05 07:00,7798.25,7799.50,7792.25,7793.75,5150
2026-08-05 07:15,7794.00,7794.75,7790.75,7790.75,3155
2026-08-05 07:30,7790.75,7792.25,7788.00,7791.00,4006
2026-08-05 07:45,7790.75,7793.00,7790.00,7793.00,3232
2026-08-05 08:00,7792.75,7796.75,7786.25,7787.75,5772
2026-08-05 08:15,7788.00,7789.25,7782.25,7785.00,5531
2026-08-05 08:30,7785.25,7785.50,7780.25,7782.50,5708
2026-08-05 08:45,7782.75,7785.00,7780.25,7784.25,4622
2026-08-05 09:00,7784.25,7787.50,7782.50,7785.75,2690
2026-08-05 09:15,7785.75,7788.75,7784.00,7788.75,3518
2026-08-05 09:30,7788.75,7792.00,7788.50,7790.25,4043
2026-08-05 09:45,7790.00,7790.75,7787.25,7788.50,2401
2026-08-05 10:00,7788.50,7790.00,7787.50,7789.00,2462
2026-08-05 10:15,7788.75,7793.50,7788.25,7793.00,2408
2026-08-05 10:30,7793.00,7795.00,7791.75,7793.00,3242
2026-08-05 10:45,7793.25,7798.00,7792.50,7797.50,4798
2026-08-05 11:00,7797.50,7799.00,7795.25,7797.50,4105
2026-08-05 11:15,7797.75,7799.75,7794.50,7794.50,2983
2026-08-05 11:30,7794.50,7798.00,7793.25,7794.50,3805
2026-08-05 11:45,7794.25,7798.25,7792.50,7798.00,4078
2026-08-05 12:00,7798.00,7802.75,7797.50,7800.50,6871
2026-08-05 12:15,7800.50,7805.25,7799.25,7803.00,8501
2026-08-05 12:30,7803.25,7804.50,7795.50,7802.50,8101
2026-08-05 12:45,7802.25,7803.25,7798.50,7799.50,4930
2026-08-05 13:00,7799.50,7808.50,7799.25,7806.50,7588
2026-08-05 13:15,7806.25,7810.25,7803.00,7809.50,12574
2026-08-05 13:30,7809.50,7820.25,7804.00,7817.00,104854
2026-08-05 13:45,7817.00,7819.50,7795.00,7819.25,78039
2026-08-05 14:00,7818.75,7818.75,7801.00,7814.00,66137
2026-08-05 14:15,7813.75,7816.75,7799.25,7799.75,55959
2026-08-05 14:30,7799.75,7802.50,7788.00,7792.25,75308
2026-08-05 14:45,7792.00,7800.50,7776.00,7786.25,68352
2026-08-05 15:00,7786.50,7791.50,7781.75,7782.50,48055
2026-08-05 15:15,7782.25,7783.50,7761.00,7768.75,60878
2026-08-05 15:30,7768.75,7777.25,7768.25,7771.50,32940
2026-08-05 15:45,7771.50,7771.50,7754.50,7758.00,47707
2026-08-05 16:00,7757.75,7762.00,7750.50,7756.00,42393
2026-08-05 16:15,7756.00,7772.50,7753.75,7772.25,47713
2026-08-05 16:30,7772.25,7773.75,7763.25,7767.25,29568
2026-08-05 16:45,7767.25,7773.00,7764.00,7769.50,28550
2026-08-05 17:00,7769.75,7773.00,7762.00,7766.50,26929
2026-08-05 17:15,7766.25,7769.50,7761.75,7764.75,19393
2026-08-05 17:30,7764.75,7771.75,7762.25,7768.75,18267
2026-08-05 17:45,7768.75,7771.75,7765.00,7767.00,16953
2026-08-05 18:00,7767.00,7774.50,7766.75,7769.50,21751
2026-08-05 18:15,7769.25,7772.75,7768.50,7771.00,14684
2026-08-05 18:30,7771.00,7771.00,7763.25,7767.75,18863
2026-08-05 18:45,7767.50,7771.50,7765.00,7765.50,16805
2026-08-05 19:00,7765.50,7770.00,7764.00,7768.75,23360
2026-08-05 19:15,7769.00,7771.50,7767.75,7769.25,21610
2026-08-05 19:30,7769.25,7770.00,7763.50,7766.25,28435
2026-08-05 19:45,7766.25,7768.50,7745.75,7748.25,133916
2026-08-05 20:00,7748.25,7760.50,7746.75,7759.50,47664
2026-08-05 20:15,7759.75,7760.50,7754.75,7757.25,7400
2026-08-05 20:30,7757.25,7761.25,7756.50,7761.25,4473
2026-08-05 20:45,7761.25,7761.75,7758.00,7758.75,3868
2026-08-05 22:00,7756.75,7761.00,7756.75,7758.25,1249
2026-08-05 22:15,7758.25,7767.50,7758.00,7767.00,2201
2026-08-05 22:30,7766.75,7770.75,7766.00,7768.75,1611
2026-08-05 22:45,7769.00,7770.75,7764.00,7764.25,1446
2026-08-05 23:00,7764.25,7766.50,7762.75,7766.25,760
2026-08-05 23:15,7766.00,7767.75,7765.00,7765.75,627
2026-08-05 23:30,7765.50,7766.75,7761.75,7763.50,1384
2026-08-05 23:45,7763.00,7763.50,7760.00,7761.75,1574
2026-08-06 00:00,7762.00,7763.25,7757.75,7760.25,2935
2026-08-06 00:15,7760.00,7762.50,7756.75,7758.00,1850
2026-08-06 00:30,7758.25,7762.00,7757.75,7760.00,1379
2026-08-06 00:45,7760.25,7761.25,7757.00,7757.00,1167
2026-08-06 01:00,7757.00,7757.50,7752.75,7755.00,3467
2026-08-06 01:15,7755.00,7755.00,7748.00,7749.75,3330
2026-08-06 01:30,7749.75,7754.25,7749.50,7750.75,2541
2026-08-06 01:45,7750.75,7756.50,7750.25,7755.00,2403
2026-08-06 02:00,7755.00,7763.75,7755.00,7761.00,3034
2026-08-06 02:15,7761.00,7763.75,7759.50,7760.50,1214
2026-08-06 02:30,7760.00,7767.25,7758.50,7767.25,1644
2026-08-06 02:45,7767.00,7768.00,7763.75,7765.00,1752
2026-08-06 03:00,7765.00,7767.25,7764.00,7765.00,1021
2026-08-06 03:15,7765.00,7765.75,7760.00,7760.75,1151
2026-08-06 03:30,7760.75,7763.00,7759.00,7761.75,921
2026-08-06 03:45,7761.50,7763.50,7759.25,7761.75,824
2026-08-06 04:00,7763.00,7763.00,7761.00,7761.25,975
2026-08-06 04:15,7761.25,7765.00,7761.00,7763.75,784
2026-08-06 04:30,7763.75,7765.25,7759.75,7760.75,624
2026-08-06 04:45,7760.75,7763.00,7760.00,7763.00,490
2026-08-06 05:00,7763.00,7765.50,7761.50,7763.50,930
2026-08-06 05:15,7763.75,7765.25,7761.25,7763.75,1386
2026-08-06 05:30,7763.75,7764.50,7761.25,7764.50,661
2026-08-06 05:45,7764.25,7765.25,7760.50,7765.00,909
2026-08-06 06:00,7765.25,7765.25,7755.50,7756.25,1928
2026-08-06 06:15,7756.25,7761.50,7754.00,7761.25,2093
2026-08-06 06:30,7761.00,7761.50,7755.50,7757.25,1411
2026-08-06 06:45,7757.50,7760.50,7755.25,7759.75,1282
2026-08-06 07:00,7759.75,7764.50,7758.00,7763.50,3599
2026-08-06 07:15,7763.50,7764.25,7759.75,7760.25,2075
2026-08-06 07:30,7760.25,7760.25,7754.75,7756.00,2319
2026-08-06 07:45,7756.25,7759.00,7755.25,7758.50,1967
2026-08-06 08:00,7758.25,7758.75,7750.00,7753.25,3720
2026-08-06 08:15,7753.25,7760.50,7751.50,7760.50,2408
2026-08-06 08:30,7760.50,7763.50,7760.00,7761.50,2560
2026-08-06 08:45,7761.50,7765.50,7760.00,7764.75,2744
2026-08-06 09:00,7764.75,7764.75,7755.25,7756.25,2469
2026-08-06 09:15,7756.50,7761.75,7756.25,7760.25,2072
2026-08-06 09:30,7760.25,7762.25,7758.50,7761.00,1362
2026-08-06 09:45,7761.00,7767.50,7761.00,7767.00,2034
2026-08-06 10:00,7767.00,7767.25,7763.00,7763.50,2226
2026-08-06 10:15,7763.50,7766.00,7762.25,7765.25,1280
2026-08-06 10:30,7765.25,7765.50,7759.25,7760.00,1913
2026-08-06 10:45,7759.75,7762.00,7758.75,7761.75,1481
2026-08-06 11:00,7761.75,7761.75,7750.50,7756.00,5440
2026-08-06 11:15,7756.00,7762.75,7755.75,7762.00,3320
2026-08-06 11:30,7762.25,7765.50,7761.50,7762.25,4369
2026-08-06 11:45,7762.00,7764.25,7754.50,7759.75,6031
2026-08-06 12:00,7759.75,7760.50,7753.25,7754.25,4749
2026-08-06 12:15,7754.25,7760.25,7751.75,7757.00,5929
2026-08-06 12:30,7756.75,7761.50,7754.75,7758.25,4692
2026-08-06 12:45,7758.25,7760.00,7752.50,7754.25,5324
2026-08-06 13:00,7754.25,7754.75,7747.50,7749.00,7942
2026-08-06 13:15,7749.25,7754.25,7748.00,7751.75,15038
2026-08-06 13:30,7751.75,7759.00,7740.25,7755.25,99191
2026-08-06 13:45,7755.25,7765.50,7755.00,7759.25,51476
2026-08-06 14:00,7759.25,7767.75,7756.00,7765.75,43379
2026-08-06 14:15,7765.75,7768.50,7750.75,7754.50,43863
2026-08-06 14:30,7754.75,7759.75,7746.25,7751.50,53228
2026-08-06 14:45,7751.50,7760.75,7745.25,7760.00,39102
2026-08-06 15:00,7759.75,7762.50,7749.00,7749.50,35923
2026-08-06 15:15,7749.50,7751.00,7736.00,7742.50,49686
2026-08-06 15:30,7742.25,7744.50,7732.75,7733.00,35771
2026-08-06 15:45,7732.75,7747.50,7729.25,7731.00,56524
2026-08-06 16:00,7731.00,7735.00,7727.25,7729.50,37589
2026-08-06 16:15,7729.50,7734.75,7724.25,7732.00,35727
2026-08-06 16:30,7732.25,7738.50,7730.00,7730.25,31104
2026-08-06 16:45,7730.25,7740.00,7728.75,7739.50,24957
2026-08-06 17:00,7739.50,7741.50,7730.50,7731.00,26913
2026-08-06 17:15,7731.00,7734.25,7727.75,7727.75,19130
2026-08-06 17:30,7727.75,7732.50,7726.75,7731.00,15792
2026-08-06 17:45,7731.00,7736.25,7729.25,7736.25,19778
2026-08-06 18:00,7736.25,7742.75,7734.50,7741.25,21971
2026-08-06 18:15,7741.50,7747.25,7735.75,7744.00,32590
2026-08-06 18:30,7744.00,7744.25,7734.50,7737.25,18691
2026-08-06 18:45,7737.50,7741.25,7736.50,7739.50,18069
2026-08-06 19:00,7739.50,7747.75,7739.50,7743.25,22326
2026-08-06 19:15,7743.25,7744.75,7735.25,7736.50,27813
2026-08-06 19:30,7736.50,7740.00,7730.50,7732.75,29959
2026-08-06 19:45,7733.00,7739.25,7727.00,7735.75,108496
2026-08-06 20:00,7735.75,7741.50,7735.25,7737.75,28263
2026-08-06 20:15,7738.00,7739.00,7728.75,7730.25,9883
2026-08-06 20:30,7730.25,7731.75,7727.75,7730.25,3322
2026-08-06 20:45,7730.25,7732.75,7729.75,7731.50,2872
2026-08-06 22:00,7735.00,7737.75,7729.75,7737.75,675
2026-08-06 22:15,7739.25,7740.00,7736.00,7736.50,1817
2026-08-06 22:30,7736.50,7736.75,7733.25,7735.75,836
2026-08-06 22:45,7736.00,7738.50,7735.50,7737.75,531
2026-08-06 23:00,7737.75,7738.50,7736.25,7736.75,288
2026-08-06 23:15,7737.00,7740.75,7736.75,7738.00,655
2026-08-06 23:30,7738.00,7740.00,7737.25,7739.75,613
2026-08-06 23:45,7739.75,7741.25,7738.25,7740.00,951
2026-08-07 00:00,7740.00,7742.50,7736.50,7738.00,2495
2026-08-07 00:15,7738.25,7738.25,7729.00,7730.25,3037
2026-08-07 00:30,7730.25,7739.50,7729.75,7734.75,2460
2026-08-07 00:45,7734.75,7737.00,7730.50,7735.75,1820
2026-08-07 01:00,7735.75,7737.75,7730.75,7731.75,2195
2026-08-07 01:15,7732.00,7734.25,7727.25,7733.75,2442
2026-08-07 01:30,7733.75,7739.25,7729.50,7732.75,2969
2026-08-07 01:45,7732.50,7734.50,7729.75,7732.75,1584
2026-08-07 02:00,7732.75,7735.25,7729.00,7732.50,1609
2026-08-07 02:15,7732.50,7734.25,7731.50,7732.50,934
2026-08-07 02:30,7732.75,7732.75,7726.50,7729.50,1817
2026-08-07 02:45,7729.50,7733.50,7729.00,7732.00,910
2026-08-07 03:00,7732.25,7734.25,7731.75,7732.00,1710
2026-08-07 03:15,7732.00,7732.50,7728.50,7730.75,1008
2026-08-07 03:30,7730.50,7732.50,7729.25,7730.25,684
2026-08-07 03:45,7730.25,7731.25,7728.50,7729.25,490
2026-08-07 04:00,7729.75,7730.50,7727.75,7728.25,1109
2026-08-07 04:15,7728.25,7732.25,7725.50,7730.50,1420
2026-08-07 04:30,7730.75,7733.50,7729.50,7729.50,775
2026-08-07 04:45,7729.50,7732.25,7729.00,7731.50,742
2026-08-07 05:00,7731.50,7737.00,7731.25,7733.75,2367
2026-08-07 05:15,7733.75,7735.50,7733.75,7734.50,595
2026-08-07 05:30,7734.75,7734.75,7731.75,7733.00,907
2026-08-07 05:45,7733.00,7733.75,7731.50,7731.75,520
2026-08-07 06:00,7731.75,7738.25,7731.75,7737.75,2365
2026-08-07 06:15,7737.50,7740.00,7736.25,7739.75,1547
2026-08-07 06:30,7739.75,7739.75,7734.25,7734.75,1285
2026-08-07 06:45,7734.50,7738.50,7734.25,7738.00,1107
2026-08-07 07:00,7738.00,7742.75,7736.00,7742.25,2634
2026-08-07 07:15,7742.25,7742.50,7739.75,7741.50,1237
2026-08-07 07:30,7741.75,7743.75,7739.75,7740.75,2070
2026-08-07 07:45,7740.75,7741.50,7738.25,7740.25,1909
2026-08-07 08:00,7740.50,7746.50,7740.25,7746.00,3398
2026-08-07 08:15,7746.00,7746.50,7742.00,7744.00,2253
2026-08-07 08:30,7744.25,7747.25,7742.00,7743.75,2312
2026-08-07 08:45,7743.75,7746.25,7743.25,7745.25,1897
2026-08-07 09:00,7745.50,7747.75,7744.25,7747.00,1592
2026-08-07 09:15,7747.00,7749.50,7745.00,7746.75,1681
2026-08-07 09:30,7747.00,7748.75,7745.75,7747.00,1245
2026-08-07 09:45,7747.25,7748.50,7745.50,7745.75,1622
2026-08-07 10:00,7746.00,7747.25,7745.25,7745.25,1420
2026-08-07 10:15,7745.25,7747.00,7744.00,7747.00,1275
2026-08-07 10:30,7747.00,7749.00,7746.00,7748.75,1108
2026-08-07 10:45,7749.00,7749.50,7744.75,7746.50,1561
2026-08-07 11:00,7746.25,7751.75,7746.25,7750.00,3478
2026-08-07 11:15,7749.75,7754.75,7749.75,7753.50,2179
2026-08-07 11:30,7753.50,7756.75,7753.00,7756.00,2555
2026-08-07 11:45,7755.75,7756.00,7748.25,7748.75,5071
2026-08-07 12:00,7748.50,7755.75,7747.25,7753.00,4011
2026-08-07 12:15,7753.00,7759.50,7750.50,7757.00,6707
2026-08-07 12:30,7756.50,7776.50,7754.50,7772.25,32368
2026-08-07 12:45,7772.50,7778.75,7772.25,7774.75,15919
2026-08-07 13:00,7774.75,7776.00,7760.00,7761.50,14263
2026-08-07 13:15,7761.50,7762.25,7753.25,7757.00,17810
2026-08-07 13:30,7757.00,7768.50,7753.25,7767.00,91459
2026-08-07 13:45,7767.25,7770.75,7751.75,7758.00,63669
2026-08-07 14:00,7758.00,7763.50,7743.50,7745.75,70727
2026-08-07 14:15,7746.00,7780.50,7744.00,7779.50,58027
2026-08-07 14:30,7779.25,7781.25,7764.50,7767.25,52836
2026-08-07 14:45,7767.25,7777.50,7766.25,7776.25,34015
2026-08-07 15:00,7776.25,7781.75,7771.25,7778.75,31808
2026-08-07 15:15,7778.75,7786.75,7775.25,7784.25,29232
2026-08-07 15:30,7784.00,7786.75,7776.50,7779.50,33606
2026-08-07 15:45,7779.50,7784.00,7775.50,7778.00,22623
2026-08-07 16:00,7778.00,7781.25,7774.75,7777.50,19775
2026-08-07 16:15,7777.50,7781.25,7760.75,7764.75,37749
2026-08-07 16:30,7764.75,7774.00,7757.75,7773.25,35218
2026-08-07 16:45,7773.25,7776.25,7766.75,7767.00,19524
2026-08-07 17:00,7767.00,7771.00,7765.00,7768.00,16113
2026-08-07 17:15,7767.75,7771.75,7764.25,7768.25,12962
2026-08-07 17:30,7768.25,7771.50,7764.50,7769.00,14266
2026-08-07 17:45,7769.00,7772.25,7767.00,7768.75,11768
2026-08-07 18:00,7768.75,7770.25,7761.75,7763.00,15996
2026-08-07 18:15,7763.00,7765.50,7761.75,7762.00,14115
2026-08-07 18:30,7762.25,7764.00,7756.00,7757.00,16208
2026-08-07 18:45,7757.25,7765.50,7756.25,7764.50,18863
2026-08-07 19:00,7764.50,7778.25,7763.75,7776.50,36790
2026-08-07 19:15,7776.75,7782.50,7775.50,7778.25,31186
2026-08-07 19:30,7778.50,7779.00,7772.75,7773.25,24646
2026-08-07 19:45,7773.25,7785.50,7773.00,7778.50,103744
2026-08-07 20:00,7778.50,7781.25,7774.00,7775.25,36194
2026-08-07 20:15,7775.50,7777.00,7773.00,7773.25,5064
2026-08-07 20:30,7773.25,7777.25,7773.00,7776.00,2972
2026-08-07 20:45,7776.00,7779.75,7775.25,7779.75,4347
2026-08-09 22:00,7772.00,7773.50,7767.00,7768.25,1218
2026-08-09 22:15,7768.50,7770.25,7763.00,7769.25,2703
2026-08-09 22:30,7769.25,7770.50,7766.50,7768.75,907
2026-08-09 22:45,7768.75,7769.50,7767.75,7768.50,559
2026-08-09 23:00,7769.00,7772.25,7767.25,7771.75,932
2026-08-09 23:15,7771.50,7773.25,7771.25,7771.75,599
2026-08-09 23:30,7771.75,7772.00,7767.75,7771.25,1612
2026-08-09 23:45,7771.25,7772.50,7766.75,7767.00,1735
2026-08-10 00:00,7767.00,7778.00,7765.25,7776.25,3748
2026-08-10 00:15,7776.25,7776.25,7770.50,7771.00,1926
2026-08-10 00:30,7771.00,7773.00,7768.75,7769.75,1750
2026-08-10 00:45,7770.00,7773.00,7769.00,7770.75,1415
2026-08-10 01:00,7770.75,7777.25,7769.75,7776.75,2068
2026-08-10 01:15,7777.00,7780.50,7776.50,7779.25,1890
2026-08-10 01:30,7779.25,7780.25,7776.00,7780.00,1562
2026-08-10 01:45,7780.00,7781.50,7779.25,7780.50,1105
2026-08-10 02:00,7780.50,7781.50,7779.50,7779.50,817
2026-08-10 02:15,7779.75,7780.00,7777.50,7779.75,895
2026-08-10 02:30,7779.75,7782.75,7778.75,7782.75,978
2026-08-10 02:45,7782.75,7783.25,7781.75,7782.25,836
2026-08-10 03:00,7782.00,7783.00,7780.50,7781.00,681
2026-08-10 03:15,7781.00,7783.25,7780.75,7782.75,671
2026-08-10 03:30,7782.75,7785.75,7782.25,7785.75,1385
2026-08-10 03:45,7785.75,7786.25,7783.00,7783.75,814
2026-08-10 04:00,7783.50,7786.00,7782.25,7786.00,1065
2026-08-10 04:15,7786.00,7788.75,7785.75,7787.25,817
2026-08-10 04:30,7787.25,7787.25,7783.50,7786.25,826
2026-08-10 04:45,7786.25,7788.75,7785.75,7787.25,759
2026-08-10 05:00,7787.50,7790.75,7787.25,7790.25,943
2026-08-10 05:15,7790.25,7790.50,7788.75,7789.00,689
2026-08-10 05:30,7789.00,7790.25,7788.50,7789.00,709
2026-08-10 05:45,7789.00,7791.25,7788.75,7790.75,657
2026-08-10 06:00,7790.75,7792.75,7790.25,7791.75,1521
2026-08-10 06:15,7791.50,7792.00,7784.75,7785.25,2095
2026-08-10 06:30,7785.25,7787.00,7784.50,7785.50,1438
2026-08-10 06:45,7785.75,7788.25,7785.50,7787.00,1211
2026-08-10 07:00,7787.00,7788.75,7783.50,7785.25,3029
2026-08-10 07:15,7785.50,7792.50,7785.25,7792.25,2683
2026-08-10 07:30,7792.25,7794.25,7791.25,7794.00,2472
2026-08-10 07:45,7794.00,7796.25,7789.50,7792.25,3096
2026-08-10 08:00,7792.25,7793.75,7789.50,7791.25,2600
2026-08-10 08:15,7791.25,7792.75,7789.00,7790.75,1603
2026-08-10 08:30,7791.00,7793.25,7790.00,7791.25,1516
2026-08-10 08:45,7791.25,7792.25,7789.50,7791.75,1601
2026-08-10 09:00,7791.75,7792.50,7790.50,7792.00,1444
2026-08-10 09:15,7792.00,7793.25,7790.50,7792.25,1246
2026-08-10 09:30,7792.25,7793.25,7788.50,7789.75,1465
2026-08-10 09:45,7789.75,7790.00,7788.75,7789.00,1111
2026-08-10 10:00,7789.00,7791.00,7786.50,7787.00,1968
2026-08-10 10:15,7786.75,7791.00,7786.50,7790.25,1412
2026-08-10 10:30,7790.25,7790.25,7784.75,7786.00,2545
2026-08-10 10:45,7785.75,7788.00,7784.00,7785.50,1948
2026-08-10 11:00,7785.50,7786.25,7778.50,7780.50,4538
2026-08-10 11:15,7780.50,7786.00,7780.00,7785.50,2998
2026-08-10 11:30,7785.75,7787.25,7784.00,7784.00,3097
2026-08-10 11:45,7783.75,7785.25,7780.75,7782.50,3350
2026-08-10 12:00,7782.25,7785.75,7781.00,7781.25,3301
2026-08-10 12:15,7781.50,7781.50,7776.50,7778.75,4308
2026-08-10 12:30,7778.75,7779.25,7772.75,7774.50,5549
2026-08-10 12:45,7774.25,7775.50,7771.50,7773.75,4214
2026-08-10 13:00,7773.75,7777.25,7772.75,7776.50,6389
2026-08-10 13:15,7776.25,7777.75,7769.75,7772.75,11811
2026-08-10 13:30,7773.00,7783.50,7771.25,7773.00,66912
2026-08-10 13:45,7773.00,7781.75,7771.25,7780.75,43663
2026-08-10 14:00,7780.75,7789.50,7780.25,7789.00,33921
2026-08-10 14:15,7788.75,7791.25,7784.00,7790.25,29060
2026-08-10 14:30,7790.00,7793.50,7788.25,7792.50,25001
2026-08-10 14:45,7792.50,7798.00,7781.25,7781.50,40457
2026-08-10 15:00,7781.75,7786.75,7779.25,7784.75,32003
2026-08-10 15:15,7784.75,7788.50,7780.75,7784.25,23930
2026-08-10 15:30,7784.25,7785.50,7778.00,7784.50,23903
2026-08-10 15:45,7784.50,7790.75,7781.50,7790.00,21480
2026-08-10 16:00,7790.00,7791.25,7784.25,7784.50,17432
2026-08-10 16:15,7784.25,7785.75,7780.00,7780.25,18635
2026-08-10 16:30,7780.25,7781.25,7764.50,7767.75,40873
2026-08-10 16:45,7768.00,7776.25,7765.75,7776.25,23071
2026-08-10 17:00,7776.00,7779.00,7771.50,7777.50,16497
2026-08-10 17:15,7777.50,7779.50,7775.00,7777.50,14079
2026-08-10 17:30,7777.50,7779.25,7772.50,7773.00,13710
2026-08-10 17:45,7773.00,7774.75,7771.25,7773.75,14675
2026-08-10 18:00,7773.75,7777.25,7772.75,7773.25,13334
2026-08-10 18:15,7773.50,7774.00,7771.25,7771.50,11406
2026-08-10 18:30,7771.50,7775.75,7769.25,7775.25,15641
2026-08-10 18:45,7775.25,7779.75,7774.00,7778.50,14834
2026-08-10 19:00,7778.75,7780.75,7777.25,7779.75,17513
2026-08-10 19:15,7779.75,7781.25,7775.25,7775.75,17499
2026-08-10 19:30,7776.00,7779.50,7773.75,7777.50,20371
2026-08-10 19:45,7777.50,7779.00,7770.25,7778.00,92605
2026-08-10 20:00,7778.00,7778.25,7775.00,7775.50,21845
2026-08-10 20:15,7775.25,7776.75,7773.00,7776.25,7805
2026-08-10 20:30,7776.00,7776.50,7775.00,7776.25,2186
2026-08-10 20:45,7776.50,7778.50,7776.00,7777.25,3548
2026-08-10 22:00,7778.25,7781.25,7776.75,7777.50,938
2026-08-10 22:15,7777.75,7778.00,7773.50,7774.50,1434
2026-08-10 22:30,7774.50,7774.50,7771.25,7772.25,1115
2026-08-10 22:45,7772.25,7773.75,7772.00,7773.50,380
2026-08-10 23:00,7773.50,7774.00,7771.75,7772.75,1299
2026-08-10 23:15,7772.75,7772.75,7769.25,7770.00,1638
2026-08-10 23:30,7770.00,7772.00,7768.50,7771.50,841
2026-08-10 23:45,7771.50,7773.00,7766.50,7770.75,1870
2026-08-11 00:00,7770.75,7777.00,7767.75,7776.25,3132
2026-08-11 00:15,7776.25,7778.25,7773.25,7778.00,1386
2026-08-11 00:30,7778.00,7780.25,7776.75,7779.50,1803
2026-08-11 00:45,7779.75,7781.25,7779.00,7779.75,1107
2026-08-11 01:00,7779.50,7785.25,7778.00,7784.75,2996
2026-08-11 01:15,7784.75,7786.25,7782.50,7784.75,1680
2026-08-11 01:30,7784.75,7785.75,7783.50,7784.00,1019
2026-08-11 01:45,7784.00,7786.50,7783.25,7783.25,1512
2026-08-11 02:00,7783.00,7784.25,7782.50,7783.75,968
2026-08-11 02:15,7783.75,7785.00,7783.00,7784.75,799
2026-08-11 02:30,7784.75,7786.50,7784.75,7786.50,979
2026-08-11 02:45,7786.25,7786.75,7784.00,7784.50,864
2026-08-11 03:00,7784.25,7786.50,7784.25,7785.75,783
2026-08-11 03:15,7786.00,7789.25,7785.50,7788.50,1117
2026-08-11 03:30,7788.75,7789.00,7786.75,7787.25,788
2026-08-11 03:45,7787.50,7788.00,7786.25,7787.00,683
2026-08-11 04:00,7787.00,7788.25,7787.00,7787.75,683
2026-08-11 04:15,7788.00,7788.00,7786.75,7788.00,574
2026-08-11 04:30,7788.00,7789.50,7787.00,7787.25,884
2026-08-11 04:45,7787.25,7788.00,7786.75,7787.00,421
2026-08-11 05:00,7787.00,7788.75,7786.25,7788.75,699
2026-08-11 05:15,7788.75,7788.75,7784.75,7785.00,870
2026-08-11 05:30,7785.25,7786.25,7783.00,7785.50,896
2026-08-11 05:45,7785.25,7785.50,7780.50,7780.50,1495
2026-08-11 06:00,7780.75,7784.50,7780.25,7783.50,1085
2026-08-11 06:15,7783.50,7783.75,7775.00,7775.50,2150
2026-08-11 06:30,7775.25,7778.50,7770.50,7777.00,3729
2026-08-11 06:45,7777.25,7777.50,7773.00,7774.75,1537
2026-08-11 07:00,7775.00,7777.00,7771.75,7774.25,3181
2026-08-11 07:15,7774.00,7775.00,7770.75,7772.75,1869
2026-08-11 07:30,7773.00,7777.50,7773.00,7776.00,2051
2026-08-11 07:45,7775.75,7776.75,7773.50,7776.00,1438
2026-08-11 08:00,7776.00,7780.50,7771.00,7771.25,3665
2026-08-11 08:15,7771.25,7774.75,7770.00,7772.75,2831
2026-08-11 08:30,7772.75,7776.25,7771.00,7776.00,1666
2026-08-11 08:45,7776.00,7777.50,7774.25,7775.00,2436
2026-08-11 09:00,7775.00,7776.00,7771.50,7774.00,2731
2026-08-11 09:15,7774.00,7778.25,7773.25,7776.75,1733
2026-08-11 09:30,7776.50,7780.50,7776.50,7778.25,2091
2026-08-11 09:45,7778.25,7779.75,7777.25,7778.00,1092
2026-08-11 10:00,7778.00,7778.50,7775.75,7776.00,1563
2026-08-11 10:15,7776.00,7787.75,7775.00,7786.00,4247
2026-08-11 10:30,7786.00,7786.00,7782.50,7784.75,1953
2026-08-11 10:45,7784.50,7786.25,7784.25,7785.25,1647
2026-08-11 11:00,7785.25,7796.00,7784.75,7793.50,11814
2026-08-11 11:15,7793.50,7794.25,7787.00,7788.25,3678
2026-08-11 11:30,7788.25,7789.25,7785.75,7788.25,3547
2026-08-11 11:45,7788.25,7790.50,7787.00,7789.25,2149
2026-08-11 12:00,7789.25,7792.75,7788.00,7792.75,3339
2026-08-11 12:15,7793.00,7795.25,7785.25,7788.25,10110
2026-08-11 12:30,7788.00,7791.25,7786.50,7789.75,3692
2026-08-11 12:45,7789.75,7790.00,7786.75,7787.50,3263
2026-08-11 13:00,7787.75,7791.75,7787.00,7787.75,5016
2026-08-11 13:15,7787.75,7793.50,7786.25,7791.50,10336
2026-08-11 13:30,7791.75,7792.50,7774.75,7778.75,66232
2026-08-11 13:45,7778.75,7782.50,7771.75,7782.00,43509
2026-08-11 14:00,7782.25,7787.00,7780.75,7784.00,35117
2026-08-11 14:15,7784.00,7785.75,7779.25,7784.75,26810
2026-08-11 14:30,7784.75,7785.25,7778.00,7779.50,29114
2026-08-11 14:45,7779.75,7786.25,7779.50,7782.00,36152
2026-08-11 15:00,7782.00,7784.00,7771.00,7772.25,31659
2026-08-11 15:15,7772.00,7774.00,7767.50,7769.50,29504
2026-08-11 15:30,7769.75,7771.25,7762.25,7767.25,39090
2026-08-11 15:45,7767.25,7768.00,7763.00,7765.50,20450
2026-08-11 16:00,7765.50,7769.50,7764.75,7765.25,17328
2026-08-11 16:15,7765.25,7769.75,7759.25,7763.50,24666
2026-08-11 16:30,7763.25,7765.25,7760.00,7761.50,15702
2026-08-11 16:45,7761.25,7761.50,7755.75,7756.75,21457
2026-08-11 17:00,7756.75,7758.00,7748.25,7748.50,21131
2026-08-11 17:15,7748.50,7755.50,7747.75,7753.50,22464
2026-08-11 17:30,7753.75,7758.50,7752.50,7757.75,16913
2026-08-11 17:45,7758.00,7759.00,7756.25,7757.50,13906
2026-08-11 18:00,7757.75,7757.75,7752.00,7753.75,15977
2026-08-11 18:15,7753.75,7755.00,7738.00,7740.25,26497
2026-08-11 18:30,7740.50,7747.75,7740.50,7743.25,26422
2026-08-11 18:45,7743.25,7750.25,7743.25,7746.25,19265
2026-08-11 19:00,7746.00,7749.00,7743.75,7747.75,18660
2026-08-11 19:15,7747.75,7752.25,7747.00,7751.75,19390
2026-08-11 19:30,7751.75,7756.50,7751.25,7752.75,25153
2026-08-11 19:45,7752.75,7753.00,7743.25,7750.00,103803
2026-08-11 20:00,7750.00,7753.00,7746.75,7752.25,27956
2026-08-11 20:15,7752.00,7757.00,7751.50,7756.50,4856
2026-08-11 20:30,7756.75,7757.75,7755.75,7756.50,3256
2026-08-11 20:45,7756.50,7756.50,7752.50,7753.25,5639
2026-08-11 22:00,7756.00,7756.50,7751.50,7755.25,743
2026-08-11 22:15,7755.75,7755.75,7754.00,7754.50,518
2026-08-11 22:30,7754.25,7755.25,7751.75,7752.00,1032
2026-08-11 22:45,7751.75,7753.75,7750.50,7752.75,890
2026-08-11 23:00,7753.00,7753.75,7751.75,7752.50,341
2026-08-11 23:15,7752.50,7754.25,7752.50,7754.00,268
2026-08-11 23:30,7753.75,7753.75,7752.00,7753.00,328
2026-08-11 23:45,7753.00,7755.75,7752.00,7755.25,642
2026-08-12 00:00,7755.25,7755.50,7749.00,7752.25,2504
2026-08-12 00:15,7752.00,7754.75,7750.25,7752.50,1159
2026-08-12 00:30,7752.75,7754.00,7751.25,7752.50,1100
2026-08-12 00:45,7752.50,7753.25,7751.00,7752.50,906
2026-08-12 01:00,7752.50,7754.00,7751.25,7752.25,899
2026-08-12 01:15,7752.50,7752.50,7748.50,7751.00,1316
2026-08-12 01:30,7750.75,7752.50,7749.25,7752.25,1303
2026-08-12 01:45,7752.25,7752.75,7748.75,7749.75,1332
2026-08-12 02:00,7749.75,7751.50,7749.75,7751.50,768
2026-08-12 02:15,7751.50,7753.00,7751.00,7752.75,688
2026-08-12 02:30,7752.75,7754.50,7752.75,7753.75,1348
2026-08-12 02:45,7753.75,7755.50,7753.75,7755.50,540
2026-08-12 03:00,7755.50,7756.50,7755.25,7756.25,922
2026-08-12 03:15,7756.25,7756.50,7754.50,7756.00,583
2026-08-12 03:30,7755.75,7756.00,7753.75,7754.00,660
2026-08-12 03:45,7754.25,7755.50,7754.25,7755.50,409
2026-08-12 04:00,7754.50,7755.75,7754.50,7755.50,514
2026-08-12 04:15,7755.50,7756.50,7754.50,7756.00,670
2026-08-12 04:30,7756.25,7756.25,7754.50,7755.25,487
2026-08-12 04:45,7755.25,7758.00,7754.75,7757.25,592
2026-08-12 05:00,7757.50,7757.50,7755.00,7755.00,646
2026-08-12 05:15,7754.75,7755.50,7752.75,7755.50,734
2026-08-12 05:30,7755.50,7757.50,7755.25,7755.50,627
2026-08-12 05:45,7755.50,7757.50,7755.50,7756.75,536
2026-08-12 06:00,7756.75,7757.75,7754.25,7755.25,1241
2026-08-12 06:15,7755.25,7756.50,7754.25,7756.00,838
2026-08-12 06:30,7756.00,7758.75,7755.50,7756.50,1197
2026-08-12 06:45,7756.75,7759.75,7756.75,7759.75,1525
2026-08-12 07:00,7759.50,7761.50,7759.00,7760.00,3479
2026-08-12 07:15,7760.00,7761.00,7757.25,7758.75,2148
2026-08-12 07:30,7758.50,7760.50,7758.00,7760.50,1368
2026-08-12 07:45,7760.25,7760.50,7757.00,7759.50,1346
2026-08-12 08:00,7759.50,7762.75,7759.00,7761.75,2455
2026-08-12 08:15,7761.50,7762.75,7761.00,7762.00,1317
2026-08-12 08:30,7761.75,7761.75,7758.25,7760.50,1455
2026-08-12 08:45,7760.25,7763.50,7760.00,7762.25,1425
2026-08-12 09:00,7762.50,7765.25,7762.25,7764.75,1518
2026-08-12 09:15,7765.00,7773.75,7764.25,7768.25,5708
2026-08-12 09:30,7768.25,7770.50,7768.25,7769.25,3621
2026-08-12 09:45,7769.25,7771.00,7765.00,7766.50,3175
2026-08-12 10:00,7766.25,7769.75,7766.25,7769.25,1438
2026-08-12 10:15,7769.25,7770.00,7768.25,7768.25,1299
2026-08-12 10:30,7768.25,7770.25,7767.75,7769.50,1294
2026-08-12 10:45,7769.25,7770.00,7759.25,7766.50,7092
2026-08-12 11:00,7766.25,7769.50,7765.75,7766.75,3132
2026-08-12 11:15,7766.50,7766.75,7764.50,7765.75,1805
2026-08-12 11:30,7766.00,7769.25,7765.50,7768.50,2206
2026-08-12 11:45,7768.50,7771.50,7767.75,7770.50,2559
2026-08-12 12:00,7770.50,7772.25,7768.25,7769.50,4438
2026-08-12 12:15,7769.75,7782.25,7768.75,7781.25,8362
2026-08-12 12:30,7780.00,7788.00,7760.75,7783.00,25341
2026-08-12 12:45,7783.00,7785.00,7779.50,7784.75,9551
2026-08-12 13:00,7784.75,7787.50,7783.00,7785.75,7638
2026-08-12 13:15,7785.75,7793.75,7785.25,7791.75,13352
2026-08-12 13:30,7791.50,7794.00,7769.25,7772.75,82194
2026-08-12 13:45,7772.75,7781.25,7765.50,7770.50,52724
2026-08-12 14:00,7770.50,7772.75,7763.50,7768.25,41845
2026-08-12 14:15,7768.50,7777.75,7766.50,7772.50,38820
2026-08-12 14:30,7772.25,7775.50,7756.50,7775.00,46745
2026-08-12 14:45,7775.25,7776.75,7762.75,7766.75,32978
2026-08-12 15:00,7766.75,7768.75,7761.75,7766.25,32787
2026-08-12 15:15,7766.25,7768.25,7761.50,7768.25,21382
2026-08-12 15:30,7768.25,7769.50,7760.25,7762.50,22303
2026-08-12 15:45,7762.50,7766.50,7762.00,7764.75,15682
2026-08-12 16:00,7764.75,7770.75,7764.25,7769.75,17135
2026-08-12 16:15,7769.75,7771.25,7767.75,7768.75,16767
2026-08-12 16:30,7769.00,7773.50,7766.25,7772.00,18898
2026-08-12 16:45,7772.00,7776.25,7770.00,7773.25,19153
2026-08-12 17:00,7773.25,7777.50,7772.00,7774.75,16154
2026-08-12 17:15,7774.75,7774.75,7770.25,7772.50,14279
2026-08-12 17:30,7772.50,7774.50,7771.25,7773.00,14912
2026-08-12 17:45,7773.00,7774.25,7770.75,7772.50,11945
2026-08-12 18:00,7772.50,7776.75,7772.25,7775.50,11941
2026-08-12 18:15,7775.50,7777.50,7774.25,7775.50,13784
2026-08-12 18:30,7775.25,7781.00,7775.25,7779.50,15467
2026-08-12 18:45,7779.75,7781.00,7774.75,7775.00,17194
2026-08-12 19:00,7775.00,7778.75,7774.75,7775.75,14274
2026-08-12 19:15,7775.75,7777.00,7772.75,7774.50,16608
2026-08-12 19:30,7774.50,7775.00,7770.25,7773.50,20114
2026-08-12 19:45,7773.25,7774.75,7764.50,7769.50,78931
2026-08-12 20:00,7769.75,7777.75,7768.50,7772.25,25371
2026-08-12 20:15,7772.25,7773.50,7767.00,7768.00,6225
2026-08-12 20:30,7768.25,7769.00,7767.25,7768.00,2813
2026-08-12 20:45,7768.25,7769.00,7766.50,7766.75,2978
2026-08-12 22:00,7770.00,7771.00,7768.00,7769.25,711
2026-08-12 22:15,7769.00,7769.75,7767.75,7769.00,944
2026-08-12 22:30,7768.50,7768.75,7766.50,7768.00,641
2026-08-12 22:45,7768.00,7769.25,7768.00,7768.75,300
2026-08-12 23:00,7768.50,7771.25,7768.50,7771.00,641
2026-08-12 23:15,7771.25,7771.75,7770.25,7770.75,455
2026-08-12 23:30,7770.75,7771.50,7769.25,7770.75,592
2026-08-12 23:45,7771.00,7771.00,7767.50,7768.25,869
2026-08-13 00:00,7768.25,7773.50,7767.50,7770.25,2201
2026-08-13 00:15,7770.50,7772.75,7768.75,7769.00,1411
2026-08-13 00:30,7769.00,7770.50,7767.75,7769.50,1402
2026-08-13 00:45,7769.50,7770.50,7768.00,7770.50,824
2026-08-13 01:00,7770.25,7770.75,7766.00,7766.25,1591
2026-08-13 01:15,7766.25,7767.00,7764.25,7765.25,1208
2026-08-13 01:30,7765.25,7768.00,7765.25,7767.00,979
2026-08-13 01:45,7767.00,7771.25,7766.50,7770.00,1186
2026-08-13 02:00,7770.25,7772.00,7770.00,7771.75,829
2026-08-13 02:15,7771.75,7773.00,7770.50,7771.00,853
2026-08-13 02:30,7770.75,7774.50,7768.00,7773.25,1438
2026-08-13 02:45,7773.25,7773.50,7772.50,7773.00,575
2026-08-13 03:00,7772.75,7773.25,7772.00,7773.25,961
2026-08-13 03:15,7773.00,7774.00,7772.75,7773.50,783
2026-08-13 03:30,7773.50,7774.75,7772.50,7774.50,669
2026-08-13 03:45,7774.50,7775.50,7774.25,7775.00,607
2026-08-13 04:00,7775.75,7777.25,7773.50,7773.75,1030
2026-08-13 04:15,7773.50,7775.25,7772.00,7774.75,951
2026-08-13 04:30,7774.50,7776.25,7774.50,7775.00,457
2026-08-13 04:45,7775.00,7777.50,7774.50,7775.75,789
2026-08-13 05:00,7775.75,7779.75,7775.00,7779.50,1094
2026-08-13 05:15,7779.50,7780.00,7778.50,7779.50,1003
2026-08-13 05:30,7779.75,7780.50,7778.25,7778.50,1445
2026-08-13 05:45,7778.50,7778.75,7776.25,7776.25,914
2026-08-13 06:00,7776.50,7778.75,7775.75,7778.25,1112
2026-08-13 06:15,7778.25,7779.75,7777.75,7778.25,1186
2026-08-13 06:30,7778.50,7779.00,7774.50,7775.00,1101
2026-08-13 06:45,7775.00,7778.25,7773.75,7777.75,902
2026-08-13 07:00,7778.00,7778.75,7774.00,7775.00,2153
2026-08-13 07:15,7775.00,7777.75,7774.00,7777.50,1116
2026-08-13 07:30,7777.50,7779.50,7776.75,7779.50,1267
2026-08-13 07:45,7779.50,7780.00,7777.50,7777.75,1434
2026-08-13 08:00,7777.75,7780.25,7775.25,7779.50,3016
2026-08-13 08:15,7779.75,7782.00,7777.25,7781.50,1783
2026-08-13 08:30,7781.50,7782.25,7780.25,7781.75,1033
2026-08-13 08:45,7781.50,7783.00,7780.75,7781.50,1283
2026-08-13 09:00,7781.50,7782.25,7779.50,7779.50,1443
2026-08-13 09:15,7779.25,7781.75,7778.00,7780.50,1056
2026-08-13 09:30,7780.25,7783.75,7780.25,7783.50,1455
2026-08-13 09:45,7783.25,7784.75,7782.50,7784.25,1107
2026-08-13 10:00,7784.25,7784.50,7783.00,7783.50,1250
2026-08-13 10:15,7783.50,7784.75,7783.00,7783.50,1256
2026-08-13 10:30,7783.75,7784.75,7783.50,7784.50,984
2026-08-13 10:45,7784.50,7785.50,7784.00,7785.00,901
2026-08-13 11:00,7785.00,7785.75,7783.75,7784.75,1320
2026-08-13 11:15,7784.75,7785.00,7782.75,7783.75,1479
2026-08-13 11:30,7783.75,7788.50,7783.50,7788.50,2428
2026-08-13 11:45,7788.50,7789.00,7783.75,7784.00,2432
2026-08-13 12:00,7784.00,7784.50,7780.75,7782.50,4021
2026-08-13 12:15,7782.50,7783.50,7778.50,7783.50,2860
2026-08-13 12:30,7783.50,7790.25,7778.00,7784.25,11233
2026-08-13 12:45,7784.00,7788.50,7783.75,7788.50,4866
2026-08-13 13:00,7788.50,7791.75,7788.00,7790.75,9039
2026-08-13 13:15,7790.75,7793.50,7790.00,7793.00,8751
2026-08-13 13:30,7793.25,7809.25,7785.50,7801.50,70195
2026-08-13 13:45,7801.50,7821.50,7800.50,7820.75,54145
2026-08-13 14:00,7820.75,7830.25,7819.75,7829.75,53954
2026-08-13 14:15,7829.75,7837.00,7824.50,7836.50,47089
2026-08-13 14:30,7836.50,7838.50,7830.25,7830.25,37722
2026-08-13 14:45,7830.25,7830.50,7818.00,7822.25,51359
2026-08-13 15:00,7822.00,7826.75,7813.75,7815.50,52027
2026-08-13 15:15,7815.75,7817.00,7803.50,7806.00,46561
2026-08-13 15:30,7806.00,7808.00,7800.00,7803.75,47346
2026-08-13 15:45,7803.50,7805.50,7797.75,7799.00,28994
2026-08-13 16:00,7798.75,7807.00,7798.50,7801.00,24101
2026-08-13 16:15,7801.00,7809.50,7800.00,7809.50,19429
2026-08-13 16:30,7809.50,7811.25,7806.00,7808.25,19177
2026-08-13 16:45,7808.50,7812.25,7808.25,7811.50,15687
2026-08-13 17:00,7811.50,7818.25,7811.50,7816.00,18172
2026-08-13 17:15,7816.25,7819.25,7815.00,7815.50,18296
2026-08-13 17:30,7815.50,7816.75,7810.50,7810.50,20066
2026-08-13 17:45,7810.50,7813.75,7810.50,7811.75,14583
2026-08-13 18:00,7811.75,7815.75,7811.00,7815.25,16356
2026-08-13 18:15,7815.50,7816.25,7811.00,7814.50,16486
2026-08-13 18:30,7814.50,7821.50,7814.50,7820.50,21565
2026-08-13 18:45,7820.50,7823.75,7820.25,7822.00,22836
2026-08-13 19:00,7822.00,7828.75,7821.75,7824.00,30172
2026-08-13 19:15,7824.00,7828.50,7822.50,7825.00,24346
2026-08-13 19:30,7825.00,7827.25,7821.75,7821.75,25463
2026-08-13 19:45,7821.75,7824.75,7818.00,7823.25,92004
2026-08-13 20:00,7823.25,7825.25,7818.50,7822.50,29802
2026-08-13 20:15,7822.25,7823.00,7819.75,7820.50,6143
2026-08-13 20:30,7820.50,7823.75,7820.25,7823.50,3516
2026-08-13 20:45,7823.75,7825.50,7823.50,7825.25,3199
2026-08-13 22:00,7825.00,7827.00,7823.75,7824.00,956
2026-08-13 22:15,7824.00,7826.00,7822.75,7824.25,1623
2026-08-13 22:30,7824.50,7824.75,7824.00,7824.75,493
2026-08-13 22:45,7824.50,7824.75,7823.25,7824.00,511
2026-08-13 23:00,7824.00,7827.50,7823.75,7827.25,595
2026-08-13 23:15,7827.50,7827.50,7825.00,7825.75,628
2026-08-13 23:30,7825.75,7826.75,7825.00,7826.00,577
2026-08-13 23:45,7826.00,7826.75,7825.00,7825.75,882
2026-08-14 00:00,7825.75,7828.75,7825.00,7825.50,2027
2026-08-14 00:15,7825.50,7826.25,7824.00,7824.25,1457
2026-08-14 00:30,7824.00,7825.00,7823.50,7823.75,1078
2026-08-14 00:45,7823.75,7824.50,7823.00,7824.25,1207
2026-08-14 01:00,7824.00,7824.25,7820.25,7820.50,1989
2026-08-14 01:15,7820.50,7822.75,7820.25,7822.25,1769
2026-08-14 01:30,7822.50,7824.25,7821.75,7823.75,1255
2026-08-14 01:45,7823.75,7825.00,7823.00,7823.50,1003
2026-08-14 02:00,7823.50,7826.25,7823.50,7826.00,1421
2026-08-14 02:15,7826.00,7826.50,7825.00,7826.25,886
2026-08-14 02:30,7826.00,7827.00,7825.75,7826.25,824
2026-08-14 02:45,7826.50,7827.00,7824.25,7825.00,955
2026-08-14 03:00,7825.00,7826.00,7824.50,7826.00,766
2026-08-14 03:15,7825.75,7827.75,7825.75,7827.25,613
2026-08-14 03:30,7827.50,7827.50,7825.00,7825.25,856
2026-08-14 03:45,7825.25,7825.75,7824.25,7824.25,698
2026-08-14 04:00,7825.25,7825.50,7824.50,7825.25,906
2026-08-14 04:15,7825.00,7825.50,7824.25,7824.50,758
2026-08-14 04:30,7824.50,7825.00,7822.50,7823.75,1202
2026-08-14 04:45,7823.75,7824.00,7823.00,7823.00,689
2026-08-14 05:00,7823.25,7823.75,7821.50,7823.00,1155
2026-08-14 05:15,7823.25,7823.75,7822.25,7823.75,749
2026-08-14 05:30,7823.50,7824.50,7822.50,7824.25,850
2026-08-14 05:45,7824.25,7826.00,7824.00,7824.75,960
2026-08-14 06:00,7824.75,7824.75,7821.25,7821.50,1214
2026-08-14 06:15,7821.50,7822.25,7821.25,7822.00,915
2026-08-14 06:30,7822.00,7822.25,7820.50,7821.50,927
2026-08-14 06:45,7821.50,7822.25,7821.25,7821.75,831
2026-08-14 07:00,7821.75,7823.00,7820.00,7820.25,2295
2026-08-14 07:15,7820.25,7822.00,7820.25,7821.50,1314
2026-08-14 07:30,7821.50,7824.00,7821.00,7824.00,1301
2026-08-14 07:45,7823.75,7824.75,7822.75,7823.50,1908
2026-08-14 08:00,7823.50,7826.00,7822.00,7823.50,2901
2026-08-14 08:15,7823.50,7825.75,7822.75,7825.75,1841
2026-08-14 08:30,7825.75,7828.25,7825.50,7826.75,2212
2026-08-14 08:45,7826.75,7828.75,7826.25,7826.25,1483
2026-08-14 09:00,7826.25,7826.25,7824.50,7825.75,1499
2026-08-14 09:15,7825.75,7827.50,7825.00,7826.25,1395
2026-08-14 09:30,7826.00,7826.00,7824.00,7824.75,1474
2026-08-14 09:45,7825.00,7827.75,7824.75,7827.75,1405
2026-08-14 10:00,7827.50,7829.50,7827.00,7828.25,1715
2026-08-14 10:15,7828.25,7828.25,7826.25,7826.75,1090
2026-08-14 10:30,7827.00,7828.00,7825.50,7827.25,3071
2026-08-14 10:45,7827.25,7828.75,7826.50,7828.75,1901
2026-08-14 11:00,7828.75,7829.50,7826.75,7827.00,2477
2026-08-14 11:15,7827.00,7827.75,7826.25,7827.00,1584
2026-08-14 11:30,7827.00,7829.75,7827.00,7828.75,2805
2026-08-14 11:45,7828.75,7830.75,7828.00,7829.25,2148
2026-08-14 12:00,7829.25,7830.00,7821.00,7826.75,5085
2026-08-14 12:15,7826.50,7828.50,7825.00,7828.00,4314
2026-08-14 12:30,7828.00,7831.75,7827.75,7829.00,5317
2026-08-14 12:45,7828.75,7831.25,7828.50,7830.50,2723
2026-08-14 13:00,7830.25,7831.00,7826.00,7826.25,3228
2026-08-14 13:15,7826.00,7829.50,7825.75,7827.50,10222
2026-08-14 13:30,7827.50,7828.00,7819.25,7826.25,60947
2026-08-14 13:45,7826.50,7828.75,7820.25,7826.25,41257
2026-08-14 14:00,7825.75,7830.75,7823.25,7825.25,31670
2026-08-14 14:15,7825.50,7826.00,7813.75,7816.75,43941
2026-08-14 14:30,7816.75,7817.50,7810.50,7813.75,38269
2026-08-14 14:45,7813.75,7816.75,7809.50,7809.50,26838
2026-08-14 15:00,7809.75,7813.75,7806.50,7806.75,29896
2026-08-14 15:15,7806.75,7809.50,7801.00,7805.00,36067
2026-08-14 15:30,7805.00,7807.00,7800.50,7802.50,32021
2026-08-14 15:45,7802.50,7805.75,7800.00,7804.25,24857
2026-08-14 16:00,7804.50,7808.00,7803.00,7807.50,21635
2026-08-14 16:15,7807.50,7810.25,7806.50,7808.75,15441
2026-08-14 16:30,7808.75,7809.50,7803.25,7803.25,19846
2026-08-14 16:45,7803.25,7804.25,7798.50,7799.25,19794
2026-08-14 17:00,7799.25,7803.50,7798.25,7802.75,19918
2026-08-14 17:15,7802.75,7803.75,7798.75,7799.75,14205
2026-08-14 17:30,7800.00,7802.00,7796.50,7798.25,18060
2026-08-14 17:45,7798.25,7801.50,7796.75,7800.50,14231
2026-08-14 18:00,7800.50,7805.50,7799.50,7804.00,17412
2026-08-14 18:15,7804.25,7805.75,7801.50,7801.75,12658
2026-08-14 18:30,7801.75,7805.25,7800.50,7804.50,15279
2026-08-14 18:45,7804.75,7807.50,7802.75,7804.25,13933
2026-08-14 19:00,7804.50,7804.75,7801.50,7803.25,15519
2026-08-14 19:15,7803.00,7806.00,7800.75,7804.25,17859
2026-08-14 19:30,7804.00,7805.75,7802.50,7804.25,18789
2026-08-14 19:45,7804.25,7806.50,7801.25,7805.25,79151
2026-08-14 20:00,7805.25,7806.25,7800.00,7800.75,25143
2026-08-14 20:15,7801.00,7801.75,7799.75,7800.75,3460
2026-08-14 20:30,7800.75,7803.25,7800.25,7802.50,3063
2026-08-14 20:45,7802.75,7805.00,7801.50,7805.00,2816
2026-08-16 22:00,7809.75,7811.25,7809.25,7810.75,650
2026-08-16 22:15,7810.75,7811.00,7809.25,7809.75,1096
2026-08-16 22:30,7810.00,7810.25,7808.50,7809.50,944
2026-08-16 22:45,7809.50,7811.00,7809.00,7810.25,596
2026-08-16 23:00,7810.50,7810.50,7809.00,7809.50,544
2026-08-16 23:15,7809.25,7810.25,7808.75,7809.75,438
2026-08-16 23:30,7809.75,7811.25,7809.00,7811.25,544
2026-08-16 23:45,7811.00,7813.25,7811.00,7812.25,859
2026-08-17 00:00,7812.25,7814.00,7811.50,7812.50,1520
2026-08-17 00:15,7812.75,7812.75,7808.25,7809.25,1745
2026-08-17 00:30,7809.25,7810.00,7808.00,7809.00,1109
2026-08-17 00:45,7809.25,7811.00,7808.75,7810.75,634
2026-08-17 01:00,7810.75,7812.75,7810.50,7810.75,1295
2026-08-17 01:15,7810.75,7813.50,7810.25,7813.25,1141
2026-08-17 01:30,7813.00,7813.25,7808.50,7809.50,1135
2026-08-17 01:45,7809.50,7809.50,7807.00,7807.75,1032
2026-08-17 02:00,7807.50,7807.75,7806.25,7807.50,821
2026-08-17 02:15,7807.75,7810.00,7807.50,7809.50,878
2026-08-17 02:30,7809.25,7809.75,7808.25,7809.25,748
2026-08-17 02:45,7809.25,7809.75,7808.50,7808.50,804
2026-08-17 03:00,7808.75,7809.50,7808.00,7808.50,827
2026-08-17 03:15,7808.50,7810.25,7808.50,7810.00,413
2026-08-17 03:30,7810.25,7811.25,7809.25,7811.25,501
2026-08-17 03:45,7811.25,7812.25,7811.25,7812.25,516
2026-08-17 04:00,7812.75,7813.50,7812.50,7813.25,790
2026-08-17 04:15,7813.00,7813.25,7812.25,7812.25,552
2026-08-17 04:30,7812.25,7813.25,7811.50,7813.00,565
2026-08-17 04:45,7813.00,7813.25,7812.00,7812.25,453
2026-08-17 05:00,7812.25,7814.00,7812.00,7813.75,607
2026-08-17 05:15,7813.75,7814.00,7812.25,7813.75,407
2026-08-17 05:30,7813.75,7816.50,7813.75,7816.00,1723
2026-08-17 05:45,7816.00,7817.50,7816.00,7817.25,832
2026-08-17 06:00,7817.50,7819.25,7816.75,7818.50,1437
2026-08-17 06:15,7818.50,7819.00,7816.50,7818.75,924
2026-08-17 06:30,7818.50,7820.00,7818.00,7818.50,2633
2026-08-17 06:45,7818.75,7820.25,7818.25,7819.75,1091
2026-08-17 07:00,7820.00,7821.25,7815.50,7815.75,3129
2026-08-17 07:15,7815.75,7817.25,7813.25,7817.25,2068
2026-08-17 07:30,7817.25,7819.25,7815.75,7819.00,1869
2026-08-17 07:45,7819.00,7820.00,7818.25,7819.00,1533
2026-08-17 08:00,7819.00,7819.25,7815.50,7815.75,2355
2026-08-17 08:15,7815.75,7817.00,7814.75,7816.25,1251
2026-08-17 08:30,7816.25,7817.00,7814.00,7814.25,980
2026-08-17 08:45,7814.25,7816.50,7813.75,7816.00,1033
2026-08-17 09:00,7816.25,7818.00,7815.50,7817.50,1840
2026-08-17 09:15,7817.50,7817.75,7814.75,7815.25,2263
2026-08-17 09:30,7815.50,7815.75,7814.00,7815.75,1792
2026-08-17 09:45,7815.50,7817.00,7814.25,7815.00,1293
2026-08-17 10:00,7815.00,7816.75,7814.75,7816.50,1000
2026-08-17 10:15,7816.75,7824.50,7812.75,7824.00,6001
2026-08-17 10:30,7824.00,7824.50,7814.75,7817.00,3413
2026-08-17 10:45,7817.25,7817.50,7816.00,7816.50,1022
2026-08-17 11:00,7816.25,7818.50,7815.00,7816.00,2466
2026-08-17 11:15,7816.00,7816.25,7813.25,7815.50,1587
2026-08-17 11:30,7815.50,7817.00,7814.75,7815.75,2801
2026-08-17 11:45,7815.75,7816.00,7813.25,7813.25,3095
2026-08-17 12:00,7813.50,7814.25,7809.25,7813.75,4554
2026-08-17 12:15,7813.75,7815.00,7805.75,7808.00,11357
2026-08-17 12:30,7808.25,7809.75,7802.25,7804.00,8374
2026-08-17 12:45,7804.00,7805.00,7801.25,7803.75,5248
2026-08-17 13:00,7803.50,7806.50,7803.25,7806.00,4723
2026-08-17 13:15,7806.00,7808.00,7802.75,7802.75,8405
2026-08-17 13:30,7803.00,7809.50,7794.50,7797.25,66143
2026-08-17 13:45,7797.00,7802.00,7793.25,7794.25,43820
2026-08-17 14:00,7794.50,7799.00,7791.50,7798.00,42747
2026-08-17 14:15,7797.75,7798.00,7791.00,7795.75,29802
2026-08-17 14:30,7795.75,7797.25,7790.50,7792.50,30415
2026-08-17 14:45,7792.75,7796.25,7790.00,7794.00,27184
2026-08-17 15:00,7794.00,7797.25,7792.75,7794.75,24382
2026-08-17 15:15,7794.75,7800.00,7794.25,7798.50,23316
2026-08-17 15:30,7798.75,7799.50,7788.25,7792.25,34682
2026-08-17 15:45,7792.25,7795.50,7791.25,7794.25,16808
2026-08-17 16:00,7794.25,7796.00,7791.75,7795.00,15618
2026-08-17 16:15,7795.00,7797.50,7793.00,7794.00,14280
2026-08-17 16:30,7794.00,7795.25,7790.50,7790.75,15537
2026-08-17 16:45,7791.00,7792.00,7787.00,7788.00,17206
2026-08-17 17:00,7787.75,7789.00,7784.00,7784.00,20839
2026-08-17 17:15,7784.00,7785.75,7775.75,7776.75,50074
2026-08-17 17:30,7776.75,7779.75,7772.00,7778.50,36261
2026-08-17 17:45,7778.75,7779.50,7774.00,7775.00,18177
2026-08-17 18:00,7775.25,7778.50,7773.75,7778.00,26698
2026-08-17 18:15,7777.75,7779.00,7775.00,7776.50,18484
2026-08-17 18:30,7776.75,7777.75,7773.25,7776.75,17570
2026-08-17 18:45,7776.75,7779.25,7775.50,7776.00,15942
2026-08-17 19:00,7776.00,7776.75,7772.00,7772.50,17498
2026-08-17 19:15,7772.50,7775.75,7772.00,7772.00,16995
2026-08-17 19:30,7772.25,7772.50,7767.75,7770.75,29627
2026-08-17 19:45,7770.75,7774.75,7766.25,7768.50,102806
2026-08-17 20:00,7768.50,7769.50,7765.25,7767.25,29785
2026-08-17 20:15,7767.00,7767.50,7764.75,7765.75,4419
2026-08-17 20:30,7765.75,7766.00,7764.25,7764.50,3052
2026-08-17 20:45,7764.50,7766.50,7763.50,7765.50,3533
2026-08-17 22:00,7766.00,7768.50,7765.00,7766.00,1418
2026-08-17 22:15,7766.00,7766.50,7762.50,7765.25,1733
2026-08-17 22:30,7765.00,7765.50,7764.00,7764.75,529
2026-08-17 22:45,7764.75,7766.00,7764.75,7765.25,731
2026-08-17 23:00,7765.25,7766.00,7763.50,7765.25,637
2026-08-17 23:15,7765.25,7765.50,7763.75,7765.25,589
2026-08-17 23:30,7765.00,7768.25,7765.00,7767.25,1401
2026-08-17 23:45,7767.50,7768.50,7764.50,7768.25,1686
2026-08-18 00:00,7768.00,7769.75,7767.00,7769.50,1664
2026-08-18 00:15,7769.50,7770.50,7766.75,7767.50,1480
2026-08-18 00:30,7767.50,7768.50,7766.25,7767.50,1146
2026-08-18 00:45,7767.50,7769.25,7766.25,7766.75,1240
2026-08-18 01:00,7767.00,7767.75,7765.50,7767.50,1376
2026-08-18 01:15,7767.50,7768.00,7765.75,7765.75,1388
2026-08-18 01:30,7766.00,7767.00,7761.75,7762.25,2245
2026-08-18 01:45,7762.50,7762.75,7755.25,7761.50,5074
2026-08-18 02:00,7761.50,7762.00,7754.50,7754.75,2435
2026-08-18 02:15,7754.75,7755.50,7748.00,7749.25,6221
2026-08-18 02:30,7749.25,7753.25,7747.25,7747.25,3924
2026-08-18 02:45,7747.25,7749.75,7742.75,7749.00,4265
2026-08-18 03:00,7749.25,7749.75,7746.75,7747.25,1996
2026-08-18 03:15,7747.25,7747.50,7742.25,7744.25,2923
2026-08-18 03:30,7744.25,7746.00,7741.00,7745.25,2411
2026-08-18 03:45,7745.00,7746.50,7743.00,7744.25,1510
2026-08-18 04:00,7743.00,7743.50,7742.00,7742.75,1803
2026-08-18 04:15,7742.75,7744.25,7739.50,7743.75,2189
2026-08-18 04:30,7743.75,7744.75,7740.75,7741.75,1356
2026-08-18 04:45,7741.75,7744.50,7741.25,7743.50,1021
2026-08-18 05:00,7743.50,7743.50,7736.75,7738.25,2385
2026-08-18 05:15,7738.25,7740.25,7738.00,7738.00,1157
2026-08-18 05:30,7738.25,7738.50,7735.50,7736.50,2553
2026-08-18 05:45,7736.25,7738.50,7734.25,7735.00,2222
2026-08-18 06:00,7735.25,7736.50,7726.00,7735.50,7167
2026-08-18 06:15,7735.25,7738.25,7733.00,7736.25,4056
2026-08-18 06:30,7736.00,7737.75,7734.25,7737.00,2135
2026-08-18 06:45,7737.00,7742.25,7737.00,7742.00,3260
2026-08-18 07:00,7741.75,7742.25,7737.00,7737.00,4299
2026-08-18 07:15,7736.75,7738.75,7735.25,7735.50,2596
2026-08-18 07:30,7735.75,7736.50,7730.50,7730.75,3459
2026-08-18 07:45,7730.50,7732.25,7726.00,7726.25,3864
2026-08-18 08:00,7726.50,7727.25,7716.50,7725.75,13491
2026-08-18 08:15,7725.75,7728.50,7722.75,7726.25,4488
2026-08-18 08:30,7726.25,7731.75,7725.25,7730.75,3293
2026-08-18 08:45,7730.75,7730.75,7725.75,7729.75,2972
2026-08-18 09:00,7729.75,7731.25,7727.00,7727.25,4643
2026-08-18 09:15,7727.25,7728.00,7723.75,7726.50,4108
2026-08-18 09:30,7726.25,7729.00,7722.50,7725.50,4579
2026-08-18 09:45,7725.25,7730.75,7722.75,7729.50,4381
2026-08-18 10:00,7729.50,7732.25,7728.50,7730.00,3951
2026-08-18 10:15,7730.25,7732.00,7728.25,7730.75,2361
2026-08-18 10:30,7730.75,7734.00,7729.25,7729.75,3899
2026-08-18 10:45,7729.75,7734.25,7729.50,7731.75,3412
2026-08-18 11:00,7731.75,7736.00,7730.75,7735.75,4967
2026-08-18 11:15,7735.50,7736.75,7734.50,7735.25,3705
2026-08-18 11:30,7735.25,7736.50,7732.25,7736.25,4207
2026-08-18 11:45,7736.25,7738.50,7733.75,7734.75,5157
2026-08-18 12:00,7734.75,7738.75,7732.75,7733.75,4355
2026-08-18 12:15,7734.00,7739.25,7732.25,7732.75,4766
2026-08-18 12:30,7732.75,7734.25,7728.50,7729.50,6203
2026-08-18 12:45,7729.75,7735.75,7729.00,7735.75,6272
2026-08-18 13:00,7735.50,7736.50,7730.00,7730.75,8513
2026-08-18 13:15,7730.75,7732.00,7724.25,7726.25,15337
2026-08-18 13:30,7726.50,7735.25,7719.00,7727.50,106415
2026-08-18 13:45,7727.50,7731.25,7721.25,7724.75,49507
2026-08-18 14:00,7725.00,7732.75,7716.50,7721.25,64564
2026-08-18 14:15,7721.50,7730.75,7720.00,7726.50,59023
2026-08-18 14:30,7726.50,7732.75,7723.75,7724.25,42212
2026-08-18 14:45,7724.25,7728.00,7717.25,7719.25,53505
2026-08-18 15:00,7719.50,7724.25,7714.25,7717.25,47102
2026-08-18 15:15,7717.50,7720.25,7713.25,7718.50,36688
2026-08-18 15:30,7718.25,7722.75,7716.00,7720.50,33429
2026-08-18 15:45,7720.75,7726.50,7720.50,7723.25,25290
2026-08-18 16:00,7723.25,7727.25,7722.00,7725.50,27192
2026-08-18 16:15,7725.25,7728.75,7721.25,7721.75,24871
2026-08-18 16:30,7721.75,7725.75,7720.50,7723.50,21300
2026-08-18 16:45,7723.50,7728.50,7721.50,7726.00,20364
2026-08-18 17:00,7726.00,7728.00,7723.25,7726.00,19139
2026-08-18 17:15,7726.00,7726.25,7720.75,7722.75,17445
2026-08-18 17:30,7722.50,7724.00,7720.00,7720.75,15233
2026-08-18 17:45,7720.75,7722.00,7715.75,7716.00,16462
2026-08-18 18:00,7715.75,7721.25,7714.25,7720.75,24809
2026-08-18 18:15,7720.75,7726.00,7720.25,7723.75,24986
2026-08-18 18:30,7723.50,7724.50,7721.00,7721.25,16074
2026-08-18 18:45,7721.25,7722.25,7716.75,7717.00,21596
2026-08-18 19:00,7717.00,7719.50,7715.50,7716.50,19895
2026-08-18 19:15,7716.25,7722.25,7716.00,7720.75,22239
2026-08-18 19:30,7720.75,7722.75,7717.75,7719.50,24504
2026-08-18 19:45,7719.50,7720.25,7710.25,7715.25,130086
2026-08-18 20:00,7715.00,7716.00,7712.75,7714.25,26024
2026-08-18 20:15,7714.50,7715.25,7712.25,7714.50,4712
2026-08-18 20:30,7714.50,7716.00,7714.00,7714.75,2690
2026-08-18 20:45,7714.50,7715.25,7711.25,7713.25,4099
2026-08-18 22:00,7714.00,7716.25,7712.25,7713.25,800
2026-08-18 22:15,7713.50,7717.50,7711.25,7711.25,3091
2026-08-18 22:30,7711.50,7712.50,7709.50,7711.00,1704
2026-08-18 22:45,7711.00,7711.25,7707.50,7707.75,1812
2026-08-18 23:00,7707.75,7711.75,7706.75,7710.50,1732
2026-08-18 23:15,7710.50,7714.50,7708.50,7711.25,1419
2026-08-18 23:30,7711.50,7712.25,7710.75,7711.75,1004
2026-08-18 23:45,7711.50,7714.25,7710.50,7710.75,1873
2026-08-19 00:00,7710.50,7710.75,7702.00,7703.50,5081
2026-08-19 00:15,7703.50,7711.00,7702.25,7711.00,3433
2026-08-19 00:30,7711.00,7716.00,7711.00,7714.75,2982
2026-08-19 00:45,7714.75,7715.50,7710.50,7711.00,2230
2026-08-19 01:00,7711.00,7715.25,7709.50,7713.75,3255
2026-08-19 01:15,7714.00,7717.00,7711.75,7715.75,2736
2026-08-19 01:30,7715.75,7716.00,7710.00,7711.25,2182
2026-08-19 01:45,7710.75,7713.00,7709.75,7711.25,1951
2026-08-19 02:00,7711.25,7712.00,7706.00,7706.75,2149
2026-08-19 02:15,7706.75,7711.50,7706.25,7709.50,3443
2026-08-19 02:30,7709.50,7709.75,7706.50,7707.75,1419
2026-08-19 02:45,7708.00,7710.75,7707.50,7709.25,1327
2026-08-19 03:00,7709.50,7710.75,7707.00,7708.50,1418
2026-08-19 03:15,7708.50,7710.25,7707.50,7708.75,971
2026-08-19 03:30,7708.50,7712.00,7708.00,7708.25,1710
2026-08-19 03:45,7708.00,7709.00,7705.75,7706.75,1172
2026-08-19 04:00,7705.00,7706.00,7704.50,7705.75,1388
2026-08-19 04:15,7705.50,7709.00,7704.75,7707.50,1819
2026-08-19 04:30,7707.75,7708.50,7703.75,7704.00,1670
2026-08-19 04:45,7704.00,7704.75,7699.50,7704.25,2334
2026-08-19 05:00,7704.25,7708.25,7702.00,7703.00,2096
2026-08-19 05:15,7702.75,7704.50,7699.50,7704.25,1809
2026-08-19 05:30,7704.25,7704.75,7698.75,7700.25,2002
2026-08-19 05:45,7700.25,7701.00,7698.25,7699.75,1470
2026-08-19 06:00,7699.50,7701.25,7698.25,7698.75,2957
2026-08-19 06:15,7699.00,7708.50,7699.00,7705.75,2923
2026-08-19 06:30,7705.75,7707.75,7703.75,7707.25,1716
2026-08-19 06:45,7707.50,7715.00,7707.50,7714.50,5012
2026-08-19 07:00,7714.50,7715.00,7709.50,7714.50,6034
2026-08-19 07:15,7714.50,7715.75,7711.75,7715.75,2731
2026-08-19 07:30,7715.75,7719.00,7713.75,7715.50,3431
2026-08-19 07:45,7715.50,7718.75,7714.50,7718.50,2472
2026-08-19 08:00,7718.25,7720.75,7716.75,7718.75,7421
2026-08-19 08:15,7718.75,7722.00,7718.00,7721.50,4558
2026-08-19 08:30,7721.50,7721.50,7718.50,7720.50,2237
2026-08-19 08:45,7720.50,7721.00,7717.75,7718.25,2803
2026-08-19 09:00,7718.00,7720.75,7716.50,7716.50,3125
2026-08-19 09:15,7716.50,7717.00,7714.00,7714.25,2330
2026-08-19 09:30,7714.50,7716.50,7713.50,7714.00,2108
2026-08-19 09:45,7713.75,7715.00,7711.75,7713.50,2292
2026-08-19 10:00,7713.50,7714.25,7710.25,7713.50,2454
2026-08-19 10:15,7713.25,7713.50,7709.50,7713.00,2343
2026-08-19 10:30,7713.25,7716.25,7712.00,7716.00,1974
2026-08-19 10:45,7716.00,7716.25,7713.25,7713.50,1586
2026-08-19 11:00,7713.50,7719.25,7713.25,7717.50,3275
2026-08-19 11:15,7717.75,7719.00,7716.50,7717.50,2384
2026-08-19 11:30,7717.25,7717.75,7713.25,7715.50,3134
2026-08-19 11:45,7715.75,7718.00,7715.00,7718.00,2351
2026-08-19 12:00,7718.00,7718.50,7715.00,7717.75,4055
2026-08-19 12:15,7717.50,7720.25,7715.75,7717.00,8713
2026-08-19 12:30,7717.00,7740.75,7714.75,7740.50,42135
2026-08-19 12:45,7740.75,7758.25,7740.75,7748.25,44845
2026-08-19 13:00,7748.00,7749.50,7740.25,7748.50,19747
2026-08-19 13:15,7748.50,7750.75,7743.25,7743.50,14824
2026-08-19 13:30,7743.50,7746.00,7732.00,7740.50,90997
2026-08-19 13:45,7740.75,7745.75,7720.75,7739.50,93128
2026-08-19 14:00,7739.75,7742.25,7726.50,7727.50,67057
2026-08-19 14:15,7727.50,7741.25,7726.75,7739.50,63864
2026-08-19 14:30,7739.50,7753.25,7737.75,7750.50,51553
2026-08-19 14:45,7750.50,7762.25,7746.50,7761.75,42335
2026-08-19 15:00,7762.00,7764.75,7754.50,7758.00,40708
2026-08-19 15:15,7757.75,7758.25,7748.25,7750.75,33373
2026-08-19 15:30,7750.75,7751.25,7740.00,7744.25,35558
2026-08-19 15:45,7744.25,7748.25,7739.75,7745.75,36195
2026-08-19 16:00,7745.75,7756.25,7743.25,7755.00,33317
2026-08-19 16:15,7755.00,7759.50,7745.75,7746.00,27686
2026-08-19 16:30,7746.00,7747.00,7741.75,7743.25,25055
2026-08-19 16:45,7743.00,7743.75,7734.25,7736.00,28863
2026-08-19 17:00,7736.00,7741.50,7733.75,7737.75,24830
2026-08-19 17:15,7737.50,7739.25,7729.75,7735.00,26828
2026-08-19 17:30,7734.75,7737.00,7730.75,7735.00,21846
2026-08-19 17:45,7735.00,7738.50,7732.75,7734.75,16438
2026-08-19 18:00,7734.50,7745.00,7729.00,7734.00,41068
2026-08-19 18:15,7734.00,7735.75,7730.00,7735.00,20610
2026-08-19 18:30,7735.00,7740.50,7735.00,7737.25,24196
2026-08-19 18:45,7737.50,7738.00,7734.00,7734.75,17681
2026-08-19 19:00,7734.75,7739.25,7733.75,7736.50,19604
2026-08-19 19:15,7736.50,7740.00,7735.25,7735.75,24333
2026-08-19 19:30,7735.75,7743.50,7729.25,7729.50,41615
2026-08-19 19:45,7729.25,7731.75,7721.75,7731.50,119420
2026-08-19 20:00,7731.25,7732.75,7725.75,7728.50,26868
2026-08-19 20:15,7728.50,7729.50,7726.25,7729.50,5736
2026-08-19 20:30,7729.25,7730.00,7727.50,7728.75,3293
2026-08-19 20:45,7729.00,7731.50,7729.00,7730.50,3623
2026-08-19 22:00,7733.00,7743.25,7731.50,7741.00,3082
2026-08-19 22:15,7741.00,7741.00,7738.25,7739.00,1340
2026-08-19 22:30,7738.75,7742.00,7737.75,7740.50,1249
2026-08-19 22:45,7740.50,7742.50,7739.25,7742.00,1191
2026-08-19 23:00,7742.25,7746.50,7740.00,7742.25,2022
2026-08-19 23:15,7742.00,7743.00,7740.50,7741.75,683
2026-08-19 23:30,7741.75,7743.75,7740.25,7743.00,1514
2026-08-19 23:45,7742.75,7743.75,7739.75,7740.00,1812
2026-08-20 00:00,7740.00,7740.00,7734.00,7739.50,3944
2026-08-20 00:15,7739.50,7742.75,7738.50,7739.00,1992
2026-08-20 00:30,7739.00,7742.00,7737.25,7740.50,1452
2026-08-20 00:45,7740.75,7742.75,7739.75,7742.25,1359
2026-08-20 01:00,7742.25,7744.00,7739.00,7740.50,2964
2026-08-20 01:15,7740.25,7743.25,7738.00,7739.75,1858
2026-08-20 01:30,7739.75,7742.25,7737.50,7742.00,1658
2026-08-20 01:45,7742.00,7742.50,7737.00,7738.75,1701
2026-08-20 02:00,7738.75,7743.00,7738.50,7741.75,1399
2026-08-20 02:15,7741.25,7741.50,7735.50,7736.75,1409
2026-08-20 02:30,7736.75,7740.75,7735.00,7739.25,1188
2026-08-20 02:45,7739.00,7739.75,7735.75,7737.75,1098
2026-08-20 03:00,7737.75,7741.25,7736.25,7738.50,1404
2026-08-20 03:15,7738.75,7742.00,7738.25,7739.75,1177
2026-08-20 03:30,7739.50,7740.00,7736.25,7739.00,1374
2026-08-20 03:45,7739.25,7740.75,7738.00,7738.75,913
2026-08-20 04:00,7741.75,7742.75,7741.50,7742.50,1123
2026-08-20 04:15,7742.50,7742.75,7740.75,7741.25,799
2026-08-20 04:30,7741.00,7741.25,7737.75,7740.50,1116
2026-08-20 04:45,7740.25,7741.75,7738.75,7739.25,631
2026-08-20 05:00,7739.25,7739.25,7734.75,7735.50,1451
2026-08-20 05:15,7735.50,7740.75,7735.25,7737.50,1551
2026-08-20 05:30,7737.50,7739.50,7735.75,7736.75,1108
2026-08-20 05:45,7736.50,7737.00,7734.25,7735.00,1087
2026-08-20 06:00,7734.75,7743.25,7734.75,7741.25,2249
2026-08-20 06:15,7741.25,7741.25,7738.25,7741.00,1491
2026-08-20 06:30,7740.75,7744.25,7740.00,7743.50,1626
2026-08-20 06:45,7743.50,7745.25,7742.25,7742.50,1995
2026-08-20 07:00,7742.50,7742.50,7735.75,7736.50,4084
2026-08-20 07:15,7736.25,7737.25,7731.25,7732.75,2995
2026-08-20 07:30,7733.00,7736.00,7730.00,7732.50,2969
2026-08-20 07:45,7732.25,7735.50,7730.00,7730.00,3492
2026-08-20 08:00,7730.25,7733.50,7724.50,7726.75,5169
2026-08-20 08:15,7726.75,7729.50,7721.75,7723.00,3755
2026-08-20 08:30,7723.00,7724.50,7716.50,7720.75,5726
2026-08-20 08:45,7720.50,7721.50,7715.50,7718.50,3630
2026-08-20 09:00,7718.75,7727.00,7717.50,7724.75,4254
2026-08-20 09:15,7724.75,7726.50,7722.75,7724.50,1805
2026-08-20 09:30,7724.50,7725.50,7721.75,7725.25,2152
2026-08-20 09:45,7725.25,7726.75,7722.25,7724.00,1569
2026-08-20 10:00,7723.75,7729.00,7722.00,7728.50,2415
2026-08-20 10:15,7728.25,7729.25,7724.75,7727.25,2500
2026-08-20 10:30,7727.25,7729.25,7724.25,7725.50,4009
2026-08-20 10:45,7725.50,7730.50,7725.25,7730.50,2177
2026-08-20 11:00,7730.50,7733.50,7720.50,7724.25,6157
2026-08-20 11:15,7724.25,7726.25,7714.50,7714.75,5712
2026-08-20 11:30,7714.75,7719.25,7713.00,7714.00,5397
2026-08-20 11:45,7714.25,7714.75,7703.25,7704.25,10309
2026-08-20 12:00,7704.50,7704.75,7684.75,7687.25,29973
2026-08-20 12:15,7687.25,7692.75,7685.75,7687.00,15145
2026-08-20 12:30,7687.25,7689.00,7680.25,7688.75,15944
2026-08-20 12:45,7688.75,7697.50,7687.75,7696.75,12708
2026-08-20 13:00,7697.00,7701.75,7694.50,7695.00,14251
2026-08-20 13:15,7695.25,7698.75,7692.50,7698.00,16576
2026-08-20 13:30,7698.00,7716.25,7697.25,7712.00,86023
2026-08-20 13:45,7712.25,7713.75,7700.00,7703.75,58501
2026-08-20 14:00,7703.75,7707.75,7696.75,7698.25,63616
2026-08-20 14:15,7698.25,7707.75,7691.75,7700.25,69182
2026-08-20 14:30,7700.25,7711.00,7697.50,7710.00,47665
2026-08-20 14:45,7710.00,7713.25,7703.00,7710.00,40513
2026-08-20 15:00,7709.75,7720.00,7698.50,7706.00,75381
2026-08-20 15:15,7706.00,7709.00,7697.75,7705.50,42864
2026-08-20 15:30,7705.50,7707.00,7691.25,7691.50,41602
2026-08-20 15:45,7691.75,7698.50,7690.50,7696.50,32686
2026-08-20 16:00,7696.50,7699.00,7692.75,7693.25,26484
2026-08-20 16:15,7693.25,7699.00,7692.75,7695.50,22746
2026-08-20 16:30,7695.50,7704.75,7691.75,7704.75,28911
2026-08-20 16:45,7704.50,7704.50,7698.25,7702.00,22697
2026-08-20 17:00,7702.25,7702.25,7692.75,7693.25,19926
2026-08-20 17:15,7693.00,7693.50,7685.00,7685.75,32391
2026-08-20 17:30,7685.75,7687.00,7680.25,7682.75,27457
2026-08-20 17:45,7682.50,7688.25,7682.00,7683.50,24241
2026-08-20 18:00,7683.50,7683.50,7671.50,7673.75,39611
2026-08-20 18:15,7673.75,7677.75,7669.25,7673.75,30102
2026-08-20 18:30,7673.75,7674.50,7670.25,7673.75,22069
2026-08-20 18:45,7674.00,7676.75,7670.50,7670.50,23774
2026-08-20 19:00,7670.50,7675.50,7670.00,7673.50,26381
2026-08-20 19:15,7673.50,7676.25,7670.50,7673.25,25943
2026-08-20 19:30,7673.50,7675.00,7668.00,7669.25,32692
2026-08-20 19:45,7669.25,7673.25,7659.00,7665.25,143441
2026-08-20 20:00,7665.25,7667.50,7660.75,7661.50,37411
2026-08-20 20:15,7661.75,7664.50,7657.75,7662.75,8383
2026-08-20 20:30,7663.00,7667.25,7662.00,7666.00,5504
2026-08-20 20:45,7666.00,7668.50,7665.75,7667.75,2903
2026-08-20 22:00,7669.00,7671.50,7663.25,7664.25,1340
2026-08-20 22:15,7664.00,7666.25,7663.75,7665.50,963
2026-08-20 22:30,7665.75,7667.50,7664.00,7667.00,728
2026-08-20 22:45,7667.00,7669.75,7666.75,7669.50,579
2026-08-20 23:00,7669.25,7669.50,7668.00,7668.00,714
2026-08-20 23:15,7668.00,7669.25,7667.50,7667.75,726
2026-08-20 23:30,7667.75,7668.75,7665.75,7667.75,742
2026-08-20 23:45,7668.00,7668.00,7664.25,7666.25,1234
2026-08-21 00:00,7666.25,7673.00,7665.50,7672.50,3146
2026-08-21 00:15,7672.50,7672.50,7665.50,7667.00,2975
2026-08-21 00:30,7667.00,7669.75,7665.50,7668.25,1759
2026-08-21 00:45,7668.50,7669.50,7664.25,7664.50,1735
2026-08-21 01:00,7664.75,7666.75,7661.25,7665.25,2639
2026-08-21 01:15,7665.00,7668.00,7663.25,7665.75,1467
2026-08-21 01:30,7665.50,7667.50,7663.25,7666.50,1605
2026-08-21 01:45,7666.50,7669.25,7664.50,7667.25,1974
2026-08-21 02:00,7667.25,7669.75,7666.75,7669.75,1619
2026-08-21 02:15,7669.50,7673.00,7669.00,7671.75,1785
2026-08-21 02:30,7671.75,7672.50,7670.25,7670.50,1514
2026-08-21 02:45,7670.50,7672.50,7670.00,7670.75,962
2026-08-21 03:00,7671.00,7671.75,7667.75,7667.75,985
2026-08-21 03:15,7667.75,7669.00,7666.75,7668.50,936
2026-08-21 03:30,7668.50,7670.75,7667.75,7668.50,976
2026-08-21 03:45,7668.25,7669.00,7666.50,7668.75,664
2026-08-21 04:00,7669.75,7670.00,7668.25,7669.75,1040
2026-08-21 04:15,7669.75,7670.00,7665.75,7666.00,1010
2026-08-21 04:30,7665.75,7666.75,7664.25,7665.50,911
2026-08-21 04:45,7665.25,7670.00,7665.25,7668.75,1313
2026-08-21 05:00,7669.00,7670.50,7668.25,7669.75,1255
2026-08-21 05:15,7669.75,7671.00,7667.00,7667.25,1034
2026-08-21 05:30,7667.25,7670.50,7666.75,7668.50,946
2026-08-21 05:45,7668.25,7668.75,7665.75,7668.50,909
2026-08-21 06:00,7668.50,7670.50,7667.25,7669.75,1759
2026-08-21 06:15,7669.75,7670.50,7668.50,7670.25,1264
2026-08-21 06:30,7670.00,7675.25,7670.00,7670.25,1850
2026-08-21 06:45,7670.25,7674.25,7669.25,7673.50,1304
2026-08-21 07:00,7673.75,7678.00,7671.00,7678.00,3279
2026-08-21 07:15,7677.75,7679.25,7676.00,7676.50,2833
2026-08-21 07:30,7676.50,7682.00,7676.25,7679.50,4389
2026-08-21 07:45,7679.50,7682.25,7678.50,7682.00,2501
2026-08-21 08:00,7682.00,7683.75,7677.50,7679.75,3606
2026-08-21 08:15,7679.75,7684.25,7678.50,7683.75,2556
2026-08-21 08:30,7683.75,7686.75,7683.25,7686.50,4233
2026-08-21 08:45,7686.50,7690.25,7685.75,7687.50,3305
2026-08-21 09:00,7687.50,7687.75,7681.75,7686.00,4852
2026-08-21 09:15,7686.00,7687.00,7684.75,7685.00,2023
2026-08-21 09:30,7685.00,7688.50,7684.25,7687.50,2894
2026-08-21 09:45,7687.50,7689.00,7686.00,7687.75,1955
2026-08-21 10:00,7688.00,7692.25,7685.50,7686.75,4380
2026-08-21 10:15,7687.00,7689.00,7685.75,7688.75,1714
2026-08-21 10:30,7688.75,7689.25,7686.00,7686.75,1414
2026-08-21 10:45,7686.75,7689.00,7686.75,7688.50,1624
2026-08-21 11:00,7688.50,7689.75,7684.75,7687.50,2816
2026-08-21 11:15,7687.75,7698.00,7687.50,7696.50,8304
2026-08-21 11:30,7696.75,7699.50,7693.75,7698.50,6599
2026-08-21 11:45,7698.50,7698.75,7693.00,7695.00,3626
2026-08-21 12:00,7695.00,7696.75,7693.00,7694.00,6278
2026-08-21 12:15,7694.00,7701.00,7693.25,7701.00,7392
2026-08-21 12:30,7701.00,7704.75,7698.25,7704.00,12201
2026-08-21 12:45,7704.25,7704.50,7700.00,7700.75,6195
2026-08-21 13:00,7701.00,7702.25,7690.75,7691.75,10147
2026-08-21 13:15,7691.75,7696.50,7685.25,7695.75,27605
2026-08-21 13:30,7695.75,7696.00,7681.25,7686.50,83426
2026-08-21 13:45,7686.50,7689.50,7676.75,7680.50,52633
2026-08-21 14:00,7680.50,7690.75,7680.50,7682.25,48442
2026-08-21 14:15,7682.50,7687.50,7680.00,7681.75,40494
2026-08-21 14:30,7681.75,7684.00,7677.25,7681.50,38690
2026-08-21 14:45,7681.50,7694.25,7680.75,7693.50,35744
2026-08-21 15:00,7693.75,7699.75,7692.25,7692.50,42238
2026-08-21 15:15,7692.50,7695.50,7689.50,7694.75,27956
2026-08-21 15:30,7694.75,7709.75,7693.50,7708.50,45389
2026-08-21 15:45,7708.50,7714.00,7704.75,7707.25,38876
2026-08-21 16:00,7707.50,7708.75,7697.50,7697.50,35758
2026-08-21 16:15,7697.50,7705.75,7693.75,7700.50,40915
2026-08-21 16:30,7700.50,7701.00,7695.50,7699.00,18004
2026-08-21 16:45,7699.00,7699.50,7693.00,7699.00,18241
2026-08-21 17:00,7699.25,7700.75,7696.00,7697.50,15823
2026-08-21 17:15,7697.25,7698.25,7692.25,7693.50,16870
2026-08-21 17:30,7693.75,7694.50,7690.00,7692.00,18307
2026-08-21 17:45,7692.25,7694.25,7689.50,7689.50,16510
2026-08-21 18:00,7689.75,7692.75,7688.00,7688.50,16307
2026-08-21 18:15,7688.50,7691.50,7687.75,7688.00,13551
2026-08-21 18:30,7688.00,7690.50,7685.75,7689.25,15828
2026-08-21 18:45,7689.00,7697.75,7688.50,7697.25,17907
2026-08-21 19:00,7697.25,7699.00,7693.75,7695.25,22420
2026-08-21 19:15,7695.50,7697.25,7693.50,7695.50,18416
2026-08-21 19:30,7695.50,7700.00,7694.75,7699.50,24712
2026-08-21 19:45,7699.50,7703.00,7688.75,7691.50,127269
2026-08-21 20:00,7691.75,7692.25,7688.75,7691.00,29546
2026-08-21 20:15,7691.00,7692.00,7687.50,7687.50,6876
2026-08-21 20:30,7687.75,7690.00,7687.50,7689.50,2201
2026-08-21 20:45,7689.50,7691.25,7687.00,7691.25,3925
2026-08-23 22:00,7683.75,7684.75,7683.25,7684.25,258
2026-08-23 22:15,7684.00,7685.50,7681.75,7684.00,1012
2026-08-23 22:30,7683.75,7689.50,7683.25,7689.25,1187
2026-08-23 22:45,7689.25,7690.75,7689.00,7689.50,766
2026-08-23 23:00,7689.25,7690.75,7689.25,7690.00,446
2026-08-23 23:15,7689.75,7695.00,7689.50,7695.00,1110
2026-08-23 23:30,7695.00,7697.00,7694.50,7694.50,1133
2026-08-23 23:45,7694.75,7702.50,7694.50,7702.25,1915
2026-08-24 00:00,7702.25,7703.25,7697.00,7698.25,3172
2026-08-24 00:15,7698.00,7698.25,7684.75,7689.00,4298
2026-08-24 00:30,7689.25,7690.25,7687.00,7688.00,1852
2026-08-24 00:45,7688.00,7698.00,7687.00,7697.50,2250
2026-08-24 01:00,7697.50,7702.50,7696.00,7701.00,2635
2026-08-24 01:15,7701.00,7702.75,7697.00,7697.25,1688
2026-08-24 01:30,7697.50,7698.50,7694.50,7697.00,1739
2026-08-24 01:45,7696.75,7699.50,7690.25,7690.50,2358
2026-08-24 02:00,7690.50,7695.75,7687.25,7695.00,3444
2026-08-24 02:15,7695.00,7696.50,7693.25,7695.00,1669
2026-08-24 02:30,7695.00,7696.50,7694.00,7696.25,857
2026-08-24 02:45,7696.25,7697.50,7692.75,7696.50,1921
2026-08-24 03:00,7696.50,7696.50,7688.25,7688.75,1652
2026-08-24 03:15,7688.75,7690.75,7688.25,7689.00,2075
2026-08-24 03:30,7688.75,7689.00,7685.00,7685.25,1866
2026-08-24 03:45,7685.00,7687.25,7682.25,7682.50,1553
2026-08-24 04:00,7683.00,7684.75,7681.75,7684.50,1396
2026-08-24 04:15,7684.75,7685.00,7680.50,7683.50,2207
2026-08-24 04:30,7683.50,7684.50,7680.75,7683.75,1600
2026-08-24 04:45,7683.75,7684.00,7679.50,7679.75,1314
2026-08-24 05:00,7680.00,7685.50,7679.75,7685.25,1498
2026-08-24 05:15,7685.00,7685.00,7680.25,7680.50,1647
2026-08-24 05:30,7680.50,7682.00,7675.50,7678.25,2960
2026-08-24 05:45,7678.25,7679.25,7675.00,7676.50,2241
2026-08-24 06:00,7676.50,7678.75,7672.00,7673.25,3469
2026-08-24 06:15,7673.25,7676.25,7669.00,7673.25,2814
2026-08-24 06:30,7673.00,7675.50,7671.00,7671.75,2044
2026-08-24 06:45,7671.50,7675.75,7670.25,7673.50,1590
2026-08-24 07:00,7673.50,7678.50,7672.00,7677.75,3426
2026-08-24 07:15,7678.00,7679.50,7674.75,7675.00,1868
2026-08-24 07:30,7674.75,7679.25,7672.50,7672.50,1995
2026-08-24 07:45,7672.50,7674.75,7670.50,7671.00,2370
2026-08-24 08:00,7671.00,7681.50,7668.75,7675.75,5391
2026-08-24 08:15,7675.50,7679.50,7674.25,7677.25,2329
2026-08-24 08:30,7677.25,7683.00,7676.50,7682.50,1574
2026-08-24 08:45,7682.25,7684.00,7680.50,7680.50,1330
2026-08-24 09:00,7680.50,7684.50,7678.75,7682.00,2088
2026-08-24 09:15,7682.25,7682.50,7677.75,7678.50,2056
2026-08-24 09:30,7678.25,7681.75,7678.25,7680.75,1602
2026-08-24 09:45,7681.00,7682.50,7679.75,7680.50,1839
2026-08-24 10:00,7680.50,7682.00,7676.75,7677.00,2459
2026-08-24 10:15,7677.00,7680.00,7675.25,7676.00,2123
2026-08-24 10:30,7676.00,7680.25,7673.50,7674.50,2289
2026-08-24 10:45,7674.50,7674.75,7669.75,7670.50,2561
2026-08-24 11:00,7670.50,7671.50,7664.50,7667.75,4440
2026-08-24 11:15,7667.50,7672.00,7667.25,7670.25,3075
2026-08-24 11:30,7670.25,7686.50,7670.25,7681.25,9140
2026-08-24 11:45,7681.25,7681.25,7676.25,7679.75,4485
2026-08-24 12:00,7680.00,7680.00,7675.75,7677.00,3568
2026-08-24 12:15,7677.00,7681.25,7675.75,7680.75,3035
2026-08-24 12:30,7680.75,7682.50,7669.25,7676.25,11165
2026-08-24 12:45,7676.25,7679.50,7675.25,7678.00,2574
2026-08-24 13:00,7678.00,7679.75,7676.75,7677.00,4589
2026-08-24 13:15,7677.25,7681.75,7676.00,7681.75,10631
2026-08-24 13:30,7681.75,7682.75,7655.75,7656.00,85263
2026-08-24 13:45,7656.00,7671.00,7655.00,7668.50,62351
2026-08-24 14:00,7668.75,7674.00,7659.50,7664.25,48349
2026-08-24 14:15,7664.25,7669.25,7660.50,7663.25,39160
2026-08-24 14:30,7663.25,7675.50,7661.75,7671.25,37147
2026-08-24 14:45,7671.25,7674.00,7668.25,7670.75,25905
2026-08-24 15:00,7670.75,7672.50,7660.75,7661.25,27523
2026-08-24 15:15,7661.25,7674.25,7657.75,7671.50,41520
2026-08-24 15:30,7671.50,7678.75,7668.00,7676.75,42613
2026-08-24 15:45,7676.75,7681.50,7675.50,7679.50,28292
2026-08-24 16:00,7679.25,7686.00,7678.25,7680.75,30522
2026-08-24 16:15,7680.75,7686.50,7680.25,7683.25,18380
2026-08-24 16:30,7683.25,7684.00,7675.75,7677.25,15209
2026-08-24 16:45,7677.25,7678.75,7675.25,7676.00,13586
2026-08-24 17:00,7676.00,7682.00,7672.75,7679.25,24098
2026-08-24 17:15,7679.25,7679.75,7667.25,7668.25,28565
2026-08-24 17:30,7668.00,7670.00,7665.00,7665.25,23208
2026-08-24 17:45,7665.00,7669.00,7664.50,7667.00,16945
2026-08-24 18:00,7667.00,7677.00,7666.75,7676.75,23171
2026-08-24 18:15,7676.50,7682.75,7675.25,7682.00,26958
2026-08-24 18:30,7682.00,7685.25,7675.25,7677.50,25105
2026-08-24 18:45,7677.50,7678.75,7674.00,7674.25,14511
2026-08-24 19:00,7674.00,7676.50,7672.50,7675.25,16266
2026-08-24 19:15,7675.50,7676.75,7673.50,7674.25,13519
2026-08-24 19:30,7674.25,7677.00,7670.75,7671.75,15666
2026-08-24 19:45,7671.25,7674.25,7668.00,7669.50,96004
2026-08-24 20:00,7669.75,7673.50,7668.00,7670.75,26665
2026-08-24 20:15,7671.00,7671.25,7666.50,7667.00,6177
2026-08-24 20:30,7666.75,7671.50,7666.50,7671.25,2731
2026-08-24 20:45,7671.00,7675.00,7670.00,7674.25,3657
2026-08-24 22:00,7676.00,7677.50,7673.50,7674.00,601
2026-08-24 22:15,7674.25,7675.00,7673.75,7674.25,355
2026-08-24 22:30,7674.50,7674.75,7673.25,7673.75,488
2026-08-24 22:45,7673.75,7674.50,7673.50,7674.50,306
2026-08-24 23:00,7674.50,7675.50,7674.00,7675.25,505
2026-08-24 23:15,7675.50,7675.75,7672.50,7672.50,795
2026-08-24 23:30,7672.50,7672.75,7667.75,7669.25,1626
2026-08-24 23:45,7669.25,7671.25,7668.50,7670.50,825
2026-08-25 00:00,7670.50,7671.25,7663.50,7664.25,2316
2026-08-25 00:15,7664.25,7668.50,7660.25,7668.25,3900
2026-08-25 00:30,7668.00,7674.25,7667.25,7673.25,2450
2026-08-25 00:45,7673.00,7675.75,7671.50,7673.75,1679
2026-08-25 01:00,7673.75,7675.25,7672.25,7674.00,2467
2026-08-25 01:15,7674.25,7675.25,7670.50,7672.50,1348
2026-08-25 01:30,7672.25,7676.75,7671.75,7674.50,1948
2026-08-25 01:45,7674.75,7676.25,7673.00,7673.25,1054
2026-08-25 02:00,7673.25,7675.50,7668.25,7669.50,2263
2026-08-25 02:15,7669.50,7672.50,7668.00,7672.00,2232
2026-08-25 02:30,7671.75,7675.25,7671.00,7672.25,1728
2026-08-25 02:45,7672.25,7672.50,7666.50,7668.00,1792
2026-08-25 03:00,7668.00,7677.00,7668.00,7674.75,2842
2026-08-25 03:15,7675.00,7677.75,7674.75,7677.50,1636
2026-08-25 03:30,7677.25,7678.75,7675.75,7676.25,1304
2026-08-25 03:45,7676.25,7676.25,7673.25,7674.50,1038
2026-08-25 04:00,7677.50,7678.25,7676.75,7678.25,1387
2026-08-25 04:15,7678.25,7678.50,7677.00,7677.75,808
2026-08-25 04:30,7677.75,7679.50,7677.00,7678.50,957
2026-08-25 04:45,7678.50,7679.25,7675.25,7677.00,1363
2026-08-25 05:00,7676.75,7680.00,7676.00,7677.75,1163
2026-08-25 05:15,7677.75,7680.00,7677.75,7678.75,881
2026-08-25 05:30,7679.00,7680.50,7677.50,7677.75,1488
2026-08-25 05:45,7677.75,7681.00,7677.00,7680.00,1406
2026-08-25 06:00,7680.00,7682.50,7669.75,7681.50,1899
2026-08-25 06:15,7681.50,7690.75,7680.25,7685.25,3838
2026-08-25 06:30,7685.00,7688.00,7683.50,7687.75,2840
2026-08-25 06:45,7687.75,7689.75,7685.25,7689.75,1901
2026-08-25 07:00,7689.75,7692.50,7687.25,7688.00,4675
2026-08-25 07:15,7688.00,7690.00,7682.50,7684.75,3361
2026-08-25 07:30,7684.75,7686.50,7683.25,7685.50,1650
2026-08-25 07:45,7686.00,7686.00,7681.50,7682.75,1987
2026-08-25 08:00,7682.75,7685.25,7680.50,7681.50,2720
2026-08-25 08:15,7681.50,7699.75,7681.50,7691.25,9329
2026-08-25 08:30,7691.50,7695.00,7689.25,7692.75,4111
2026-08-25 08:45,7692.75,7697.25,7692.75,7697.00,3027
2026-08-25 09:00,7697.00,7700.75,7694.50,7699.00,3466
2026-08-25 09:15,7699.00,7701.00,7697.50,7699.25,2754
2026-08-25 09:30,7699.25,7709.50,7698.75,7705.25,9102
2026-08-25 09:45,7705.00,7714.00,7704.50,7709.50,5984
2026-08-25 10:00,7709.25,7710.00,7705.00,7707.75,3757
2026-08-25 10:15,7708.00,7708.00,7703.25,7703.50,3287
2026-08-25 10:30,7703.75,7704.50,7700.25,7700.25,2528
2026-08-25 10:45,7700.00,7703.00,7699.75,7702.25,2158
2026-08-25 11:00,7702.00,7702.50,7693.00,7698.50,4882
2026-08-25 11:15,7698.50,7700.75,7696.50,7698.75,3337
2026-08-25 11:30,7699.00,7703.25,7698.50,7701.50,3481
2026-08-25 11:45,7701.75,7706.50,7701.50,7704.75,4275
2026-08-25 12:00,7704.75,7705.50,7701.25,7704.25,5083
2026-08-25 12:15,7704.25,7709.00,7703.25,7705.25,4756
2026-08-25 12:30,7705.25,7705.25,7694.75,7697.50,8359
2026-08-25 12:45,7697.25,7701.50,7696.50,7698.00,4319
2026-08-25 13:00,7697.75,7700.25,7695.50,7698.25,8601
2026-08-25 13:15,7698.25,7701.25,7694.75,7695.00,10174
2026-08-25 13:30,7695.00,7701.25,7692.00,7694.75,61077
2026-08-25 13:45,7694.75,7700.50,7688.00,7690.00,43783
2026-08-25 14:00,7690.00,7691.25,7684.00,7684.75,40951
2026-08-25 14:15,7684.75,7689.50,7680.00,7680.00,36994
2026-08-25 14:30,7680.00,7683.75,7663.25,7676.50,57028
2026-08-25 14:45,7676.25,7681.75,7673.25,7680.25,30492
2026-08-25 15:00,7680.00,7681.00,7676.25,7678.75,24716
2026-08-25 15:15,7679.00,7687.00,7677.75,7686.00,25156
2026-08-25 15:30,7686.25,7691.00,7682.00,7685.00,39676
2026-08-25 15:45,7685.00,7689.25,7679.00,7687.75,27035
2026-08-25 16:00,7687.75,7691.50,7686.25,7688.25,22299
2026-08-25 16:15,7688.25,7691.50,7687.00,7690.75,16757
2026-08-25 16:30,7690.50,7692.75,7688.00,7688.75,16530
2026-08-25 16:45,7688.75,7692.00,7686.25,7690.75,20143
2026-08-25 17:00,7690.75,7691.50,7682.25,7686.00,23646
2026-08-25 17:15,7686.00,7687.50,7679.25,7681.25,19722
2026-08-25 17:30,7681.00,7683.50,7680.25,7681.50,14755
2026-08-25 17:45,7681.50,7684.75,7681.50,7683.50,10443
2026-08-25 18:00,7683.25,7683.75,7680.75,7680.75,12842
2026-08-25 18:15,7681.00,7683.00,7680.00,7682.75,9843
2026-08-25 18:30,7682.75,7689.00,7682.75,7688.75,19000
2026-08-25 18:45,7688.75,7692.00,7688.25,7689.50,19660
2026-08-25 19:00,7689.50,7691.50,7683.75,7684.25,18321
2026-08-25 19:15,7684.00,7685.00,7681.75,7684.50,19454
2026-08-25 19:30,7684.50,7689.25,7683.00,7686.50,22264
2026-08-25 19:45,7686.50,7695.00,7685.00,7691.25,90420
2026-08-25 20:00,7691.00,7693.50,7689.00,7692.00,24808
2026-08-25 20:15,7692.00,7696.00,7691.25,7694.25,7439
2026-08-25 20:30,7694.25,7695.50,7691.50,7691.75,2774
2026-08-25 20:45,7691.50,7692.00,7689.75,7690.75,4022
2026-08-25 22:00,7691.50,7694.00,7690.50,7691.75,730
2026-08-25 22:15,7691.75,7693.00,7690.50,7692.75,786
2026-08-25 22:30,7693.00,7693.25,7691.75,7692.75,538
2026-08-25 22:45,7692.75,7692.75,7691.75,7692.25,377
2026-08-25 23:00,7692.00,7692.50,7691.25,7691.50,416
2026-08-25 23:15,7691.50,7691.50,7687.50,7687.50,743
2026-08-25 23:30,7687.50,7688.00,7684.25,7684.75,1375
2026-08-25 23:45,7684.75,7684.75,7680.50,7682.00,2049
2026-08-26 00:00,7681.75,7684.25,7679.50,7681.25,3159
2026-08-26 00:15,7681.50,7686.00,7679.25,7680.75,3218
2026-08-26 00:30,7680.75,7681.25,7676.25,7677.75,3272
2026-08-26 00:45,7677.50,7679.25,7673.50,7674.00,2742
2026-08-26 01:00,7674.25,7678.00,7673.75,7676.50,2650
2026-08-26 01:15,7676.50,7677.25,7672.75,7673.25,2486
2026-08-26 01:30,7673.50,7674.75,7670.75,7673.25,2847
2026-08-26 01:45,7673.25,7674.25,7671.75,7674.25,1815
2026-08-26 02:00,7674.50,7676.00,7672.25,7675.00,2226
2026-08-26 02:15,7675.00,7679.00,7674.75,7678.50,1949
2026-08-26 02:30,7678.25,7685.00,7678.25,7684.75,2368
2026-08-26 02:45,7684.75,7687.00,7684.00,7685.75,2025
2026-08-26 03:00,7686.00,7688.25,7684.75,7688.00,2371
2026-08-26 03:15,7688.00,7688.00,7685.25,7685.25,1069
2026-08-26 03:30,7685.25,7688.25,7684.50,7687.50,1335
2026-08-26 03:45,7687.75,7692.00,7687.50,7690.25,2150
2026-08-26 04:00,7689.75,7691.50,7689.25,7690.50,1437
2026-08-26 04:15,7690.50,7691.00,7689.25,7689.75,933
2026-08-26 04:30,7690.00,7690.25,7687.25,7687.25,1066
2026-08-26 04:45,7687.25,7687.25,7682.25,7683.25,1850
2026-08-26 05:00,7683.25,7687.50,7683.00,7686.00,1678
2026-08-26 05:15,7685.75,7686.25,7684.00,7686.00,804
2026-08-26 05:30,7686.25,7687.75,7685.00,7686.00,902
2026-08-26 05:45,7686.00,7686.00,7684.00,7685.00,946
2026-08-26 06:00,7685.00,7686.25,7680.50,7682.75,1990
2026-08-26 06:15,7682.50,7684.00,7679.75,7682.50,2037
2026-08-26 06:30,7682.50,7688.75,7681.25,7688.75,1912
2026-08-26 06:45,7688.50,7691.00,7685.50,7688.50,1784
2026-08-26 07:00,7688.00,7688.75,7682.25,7687.50,3339
2026-08-26 07:15,7687.75,7688.75,7682.25,7683.00,2240
2026-08-26 07:30,7683.00,7684.25,7680.75,7683.50,2018
2026-08-26 07:45,7683.25,7686.25,7682.75,7686.00,1661
2026-08-26 08:00,7686.00,7690.25,7683.75,7685.00,3053
2026-08-26 08:15,7685.25,7689.00,7683.00,7689.00,2252
2026-08-26 08:30,7689.00,7691.00,7686.00,7690.25,1847
2026-08-26 08:45,7690.00,7690.25,7685.50,7688.50,1280
2026-08-26 09:00,7688.75,7689.75,7686.00,7686.50,1348
2026-08-26 09:15,7686.50,7687.00,7683.00,7685.00,2830
2026-08-26 09:30,7685.00,7687.50,7685.00,7686.50,1773
2026-08-26 09:45,7686.75,7689.50,7686.50,7689.00,1265
2026-08-26 10:00,7689.00,7689.25,7684.25,7684.50,1548
2026-08-26 10:15,7684.50,7686.50,7683.75,7683.75,1288
2026-08-26 10:30,7683.75,7690.25,7681.75,7687.25,2679
2026-08-26 10:45,7687.25,7689.00,7686.00,7687.00,2471
2026-08-26 11:00,7687.25,7690.75,7686.75,7690.00,2225
2026-08-26 11:15,7690.25,7694.75,7688.00,7690.00,3548
2026-08-26 11:30,7690.00,7691.75,7683.75,7686.00,3579
2026-08-26 11:45,7686.25,7688.25,7683.00,7687.50,4179
2026-08-26 12:00,7687.50,7688.25,7685.25,7687.75,4266
2026-08-26 12:15,7687.75,7698.50,7685.00,7696.00,5990
2026-08-26 12:30,7696.00,7696.75,7679.75,7681.00,14758
2026-08-26 12:45,7680.75,7684.25,7676.50,7679.25,13357
2026-08-26 13:00,7679.50,7682.25,7676.75,7682.00,8241
2026-08-26 13:15,7682.00,7682.25,7678.25,7678.50,9394
2026-08-26 13:30,7678.75,7698.50,7678.75,7695.25,73293
2026-08-26 13:45,7695.50,7701.75,7688.50,7701.25,43201
2026-08-26 14:00,7701.25,7702.50,7693.00,7694.00,36918
2026-08-26 14:15,7694.00,7695.75,7680.50,7682.75,50234
2026-08-26 14:30,7682.75,7688.25,7681.25,7685.75,31940
2026-08-26 14:45,7686.00,7691.50,7682.75,7690.75,26928
2026-08-26 15:00,7690.50,7697.00,7690.50,7695.00,31554
2026-08-26 15:15,7694.75,7694.75,7687.75,7690.50,26576
2026-08-26 15:30,7690.75,7693.50,7683.00,7693.00,28724
2026-08-26 15:45,7692.75,7695.50,7685.00,7685.25,38581
2026-08-26 16:00,7685.50,7686.50,7681.00,7682.50,29626
2026-08-26 16:15,7682.50,7683.25,7679.25,7679.75,17386
2026-08-26 16:30,7679.75,7682.00,7671.00,7672.00,24734
2026-08-26 16:45,7672.00,7680.00,7671.25,7679.25,26859
2026-08-26 17:00,7679.25,7683.75,7677.75,7683.75,21878
2026-08-26 17:15,7683.75,7689.50,7683.75,7688.50,25270
2026-08-26 17:30,7688.75,7690.75,7687.00,7689.00,20970
2026-08-26 17:45,7689.00,7691.00,7686.50,7688.75,14864
2026-08-26 18:00,7688.75,7690.75,7685.75,7686.50,13720
2026-08-26 18:15,7686.25,7692.00,7685.50,7688.25,17428
2026-08-26 18:30,7688.25,7691.00,7687.25,7690.75,13125
2026-08-26 18:45,7690.75,7698.50,7690.50,7697.25,28136
2026-08-26 19:00,7697.25,7705.50,7696.75,7702.00,28516
2026-08-26 19:15,7702.00,7704.75,7700.25,7701.50,17447
2026-08-26 19:30,7701.50,7701.50,7698.25,7699.25,23720
2026-08-26 19:45,7699.25,7704.50,7687.00,7692.25,95007
2026-08-26 20:00,7692.00,7704.00,7690.25,7702.75,26021
2026-08-26 20:15,7703.00,7707.00,7690.25,7697.50,18935
2026-08-26 20:30,7697.25,7699.00,7692.75,7696.75,5486
2026-08-26 20:45,7696.75,7710.25,7696.00,7710.00,7999
2026-08-26 22:00,7722.00,7735.00,7721.25,7733.25,3583
2026-08-26 22:15,7733.25,7738.50,7731.25,7738.00,2965
2026-08-26 22:30,7738.00,7741.25,7737.25,7741.00,3994
2026-08-26 22:45,7741.25,7741.25,7735.75,7736.25,2191
2026-08-26 23:00,7736.00,7737.00,7734.25,7735.00,1713
2026-08-26 23:15,7735.25,7736.00,7733.25,7734.00,1342
2026-08-26 23:30,7734.50,7735.50,7733.50,7734.00,990
2026-08-26 23:45,7734.00,7739.25,7733.75,7738.50,2740
2026-08-27 00:00,7738.75,7739.25,7731.00,7732.00,4220
2026-08-27 00:15,7732.00,7732.50,7729.25,7732.00,3038
2026-08-27 00:30,7732.25,7732.25,7720.50,7721.00,4931
2026-08-27 00:45,7720.75,7721.50,7714.50,7716.50,5638
2026-08-27 01:00,7716.25,7721.00,7714.50,7717.75,3886
2026-08-27 01:15,7717.50,7723.50,7717.25,7723.00,2065
2026-08-27 01:30,7723.00,7726.25,7719.75,7720.00,3303
2026-08-27 01:45,7720.00,7726.75,7720.00,7724.50,2489
2026-08-27 02:00,7724.50,7727.75,7724.00,7727.00,1508
2026-08-27 02:15,7727.00,7727.50,7725.25,7726.50,908
2026-08-27 02:30,7726.50,7728.75,7726.00,7727.50,1838
2026-08-27 02:45,7727.50,7729.75,7727.25,7728.00,1493
2026-08-27 03:00,7728.00,7729.00,7725.75,7727.00,1085
2026-08-27 03:15,7727.25,7730.75,7727.00,7729.75,1402
2026-08-27 03:30,7729.75,7730.50,7727.75,7727.75,1214
2026-08-27 03:45,7727.75,7728.75,7725.50,7725.75,1071
2026-08-27 04:00,7725.75,7726.50,7725.50,7726.25,859
2026-08-27 04:15,7726.25,7727.50,7724.00,7724.00,860
2026-08-27 04:30,7724.25,7724.50,7719.50,7720.75,1198
2026-08-27 04:45,7720.75,7722.50,7719.00,7719.75,853
2026-08-27 05:00,7720.00,7720.75,7715.25,7717.00,2097
2026-08-27 05:15,7716.75,7716.75,7712.25,7714.00,1897
2026-08-27 05:30,7714.25,7714.75,7710.00,7710.50,1966
2026-08-27 05:45,7710.50,7713.25,7710.25,7712.00,1983
2026-08-27 06:00,7712.25,7712.25,7707.00,7710.75,4674
2026-08-27 06:15,7710.75,7713.25,7710.50,7712.75,2551
2026-08-27 06:30,7712.50,7716.50,7712.50,7716.25,2497
2026-08-27 06:45,7716.00,7718.00,7714.75,7718.00,1838
2026-08-27 07:00,7718.00,7720.75,7713.50,7720.75,4149
2026-08-27 07:15,7720.75,7721.25,7718.00,7721.25,2831
2026-08-27 07:30,7721.25,7722.00,7716.00,7717.00,2689
2026-08-27 07:45,7717.00,7722.00,7716.75,7720.50,1999
2026-08-27 08:00,7720.75,7732.75,7720.50,7731.75,5299
2026-08-27 08:15,7731.75,7734.50,7726.75,7734.25,4857
2026-08-27 08:30,7734.25,7734.25,7728.50,7730.00,3509
2026-08-27 08:45,7730.00,7734.00,7727.50,7728.00,3056
2026-08-27 09:00,7728.25,7728.75,7721.00,7721.00,5296
2026-08-27 09:15,7721.00,7726.00,7718.75,7724.75,3535
2026-08-27 09:30,7724.75,7728.50,7724.75,7726.75,3343
2026-08-27 09:45,7726.75,7728.50,7723.75,7724.25,2202
2026-08-27 10:00,7724.25,7724.25,7720.50,7722.75,2579
2026-08-27 10:15,7723.00,7724.00,7719.75,7720.00,2029
2026-08-27 10:30,7720.25,7723.00,7718.25,7722.50,2556
2026-08-27 10:45,7722.75,7724.50,7719.75,7724.00,2354
2026-08-27 11:00,7724.00,7729.75,7721.75,7728.25,4568
2026-08-27 11:15,7728.25,7729.25,7722.25,7722.50,3441
2026-08-27 11:30,7722.50,7725.25,7717.75,7721.00,6290
2026-08-27 11:45,7721.00,7722.50,7715.00,7722.25,4411
2026-08-27 12:00,7722.00,7726.50,7721.25,7725.50,5863
2026-08-27 12:15,7725.50,7725.75,7722.00,7723.25,4637
2026-08-27 12:30,7723.25,7723.50,7711.75,7712.25,9311
2026-08-27 12:45,7712.25,7714.25,7711.00,7711.50,5040
2026-08-27 13:00,7711.50,7715.50,7710.25,7713.25,7639
2026-08-27 13:15,7713.25,7718.00,7712.00,7716.25,12773
2026-08-27 13:30,7716.25,7723.75,7702.75,7723.50,101425
2026-08-27 13:45,7723.50,7728.50,7707.25,7715.25,82334
2026-08-27 14:00,7715.25,7722.25,7712.00,7718.00,50600
2026-08-27 14:15,7717.75,7730.25,7717.75,7728.50,43314
2026-08-27 14:30,7728.50,7732.25,7721.75,7727.75,43615
2026-08-27 14:45,7727.50,7736.00,7725.00,7735.25,49484
2026-08-27 15:00,7735.50,7740.25,7733.75,7740.00,31080
2026-08-27 15:15,7740.00,7742.75,7733.75,7734.75,31823
2026-08-27 15:30,7734.75,7737.75,7727.25,7727.75,48154
2026-08-27 15:45,7728.00,7740.50,7725.25,7738.00,41128
2026-08-27 16:00,7738.00,7741.50,7736.00,7737.75,20934
2026-08-27 16:15,7737.50,7740.75,7735.00,7740.75,17532
2026-08-27 16:30,7740.50,7749.75,7739.75,7748.50,28024
2026-08-27 16:45,7748.50,7752.25,7747.75,7751.75,26005
2026-08-27 17:00,7752.00,7755.50,7749.25,7753.50,27078
2026-08-27 17:15,7753.75,7755.00,7748.50,7749.25,16796
2026-08-27 17:30,7749.25,7752.50,7747.75,7747.75,17704
2026-08-27 17:45,7747.75,7748.25,7742.75,7743.75,24399
2026-08-27 18:00,7743.75,7745.50,7730.75,7734.00,40817
2026-08-27 18:15,7734.25,7736.25,7723.75,7725.75,34565
2026-08-27 18:30,7726.00,7732.50,7725.25,7730.25,28870
2026-08-27 18:45,7730.00,7732.25,7722.75,7727.50,28115
2026-08-27 19:00,7727.50,7733.75,7726.25,7730.00,29466
2026-08-27 19:15,7730.25,7734.00,7729.00,7730.75,20573
2026-08-27 19:30,7730.50,7738.25,7729.75,7737.75,26576
2026-08-27 19:45,7737.75,7744.75,7735.25,7741.00,120888
2026-08-27 20:00,7741.25,7743.25,7735.25,7735.25,30243
2026-08-27 20:15,7735.25,7736.50,7731.75,7733.25,5707
2026-08-27 20:30,7733.50,7734.25,7732.25,7733.75,2469
2026-08-27 20:45,7733.50,7734.25,7731.75,7733.00,3471
2026-08-27 22:00,7733.75,7734.75,7727.50,7731.50,480
2026-08-27 22:15,7731.75,7734.00,7731.00,7733.75,820
2026-08-27 22:30,7733.50,7734.00,7732.00,7733.00,613
2026-08-27 22:45,7733.00,7733.25,7731.50,7732.25,398
2026-08-27 23:00,7732.25,7732.50,7729.50,7730.75,721
2026-08-27 23:15,7730.75,7730.75,7729.75,7729.75,456
2026-08-27 23:30,7730.00,7730.50,7728.75,7729.25,457
2026-08-27 23:45,7729.25,7729.50,7727.25,7728.75,2078
2026-08-28 00:00,7729.00,7735.50,7728.25,7735.00,3348
2026-08-28 00:15,7735.00,7736.00,7732.00,7736.00,1683
2026-08-28 00:30,7735.75,7736.75,7734.00,7736.25,1471
2026-08-28 00:45,7736.25,7737.50,7735.50,7735.75,833
2026-08-28 01:00,7735.75,7740.25,7735.75,7739.50,2020
2026-08-28 01:15,7739.25,7740.00,7737.50,7738.25,1478
2026-08-28 01:30,7738.00,7740.25,7737.25,7738.75,1530
2026-08-28 01:45,7738.50,7743.00,7737.75,7742.75,1578
2026-08-28 02:00,7743.00,7746.75,7743.00,7745.75,1836
2026-08-28 02:15,7745.75,7747.25,7745.25,7745.50,1054
2026-08-28 02:30,7745.25,7745.25,7739.75,7740.00,2074
2026-08-28 02:45,7740.00,7741.25,7738.75,7740.75,1123
2026-08-28 03:00,7741.00,7746.25,7740.75,7745.25,1810
2026-08-28 03:15,7745.25,7747.50,7744.75,7746.50,982
2026-08-28 03:30,7746.75,7746.75,7739.00,7739.50,1744
2026-08-28 03:45,7739.25,7742.25,7738.00,7741.75,1247
2026-08-28 04:00,7738.25,7740.75,7738.25,7740.50,1039
2026-08-28 04:15,7740.25,7741.00,7739.25,7739.75,561
2026-08-28 04:30,7739.75,7740.00,7737.75,7738.25,654
2026-08-28 04:45,7738.25,7738.75,7736.75,7737.75,736
2026-08-28 05:00,7737.50,7738.00,7735.50,7735.75,1018
2026-08-28 05:15,7735.75,7736.25,7734.00,7735.25,1084
2026-08-28 05:30,7735.00,7735.50,7732.00,7734.00,1664
2026-08-28 05:45,7734.00,7734.00,7731.50,7731.75,1178
2026-08-28 06:00,7731.75,7735.25,7731.00,7733.75,1913
2026-08-28 06:15,7733.75,7737.00,7733.00,7733.50,2076
2026-08-28 06:30,7733.50,7739.50,7733.50,7739.00,3023
2026-08-28 06:45,7738.75,7743.50,7738.50,7743.50,1968
2026-08-28 07:00,7743.50,7744.50,7739.00,7740.50,3704
2026-08-28 07:15,7740.50,7743.25,7739.75,7741.75,2430
2026-08-28 07:30,7741.75,7743.25,7738.50,7739.25,1993
2026-08-28 07:45,7739.25,7743.25,7739.00,7740.25,1786
2026-08-28 08:00,7740.25,7741.25,7736.25,7738.25,2956
2026-08-28 08:15,7738.00,7740.25,7736.75,7739.00,2239
2026-08-28 08:30,7739.25,7745.00,7738.75,7742.75,2532
2026-08-28 08:45,7742.75,7742.75,7738.00,7740.25,2261
2026-08-28 09:00,7740.00,7740.25,7737.75,7738.50,2171
2026-08-28 09:15,7738.50,7740.50,7736.25,7739.25,1549
2026-08-28 09:30,7739.25,7739.50,7737.50,7738.25,1053
2026-08-28 09:45,7738.00,7740.75,7737.50,7738.75,1199
2026-08-28 10:00,7738.75,7739.25,7737.00,7738.25,1506
2026-08-28 10:15,7738.25,7740.00,7737.50,7739.00,1132
2026-08-28 10:30,7739.25,7740.50,7736.75,7737.25,1700
2026-08-28 10:45,7737.00,7739.75,7736.25,7739.75,2782
2026-08-28 11:00,7739.75,7741.00,7737.25,7739.75,2273
2026-08-28 11:15,7739.75,7743.00,7739.75,7742.25,1957
2026-08-28 11:30,7742.25,7743.50,7738.50,7739.00,1859
2026-08-28 11:45,7739.00,7741.25,7738.75,7739.75,1501
2026-08-28 12:00,7740.00,7748.00,7739.50,7746.75,5690
2026-08-28 12:15,7746.50,7751.00,7746.25,7750.50,4385
2026-08-28 12:30,7750.25,7750.25,7743.75,7750.00,4618
2026-08-28 12:45,7750.00,7751.25,7748.75,7749.75,4495
2026-08-28 13:00,7749.75,7755.00,7748.75,7749.75,8569
2026-08-28 13:15,7749.75,7750.50,7742.75,7746.25,9019
2026-08-28 13:30,7746.25,7757.50,7743.75,7755.00,51881
2026-08-28 13:45,7755.00,7758.00,7745.50,7746.25,38813
2026-08-28 14:00,7746.25,7760.50,7726.50,7731.25,104752
2026-08-28 14:15,7731.00,7751.50,7730.25,7742.00,82971
2026-08-28 14:30,7742.00,7764.75,7738.00,7763.25,66876
2026-08-28 14:45,7763.25,7780.00,7761.00,7779.25,64287
2026-08-28 15:00,7779.25,7782.50,7767.25,7771.25,62271
2026-08-28 15:15,7771.25,7781.50,7771.00,7779.00,41651
2026-08-28 15:30,7779.25,7779.50,7755.50,7757.50,63830
2026-08-28 15:45,7757.50,7759.50,7737.25,7739.75,87568
2026-08-28 16:00,7739.75,7745.25,7733.75,7738.75,63629
2026-08-28 16:15,7738.75,7741.50,7720.00,7725.25,66699
2026-08-28 16:30,7725.00,7735.25,7724.25,7725.50,46131
2026-08-28 16:45,7725.50,7736.00,7725.25,7725.75,33621
2026-08-28 17:00,7725.75,7726.25,7711.75,7722.50,51706
2026-08-28 17:15,7722.50,7723.25,7714.50,7717.00,29819
2026-08-28 17:30,7717.25,7724.00,7714.75,7719.50,27385
2026-08-28 17:45,7719.50,7726.50,7717.75,7724.25,22096
2026-08-28 18:00,7724.25,7727.25,7720.75,7721.00,23233
2026-08-28 18:15,7721.00,7724.75,7717.75,7719.50,20551
2026-08-28 18:30,7719.50,7724.75,7719.00,7721.75,17028
2026-08-28 18:45,7721.75,7722.25,7712.25,7716.00,26026
2026-08-28 19:00,7716.00,7723.25,7713.75,7721.75,24987
2026-08-28 19:15,7721.75,7725.25,7719.25,7724.50,22811
2026-08-28 19:30,7724.50,7727.25,7720.25,7725.50,26523
2026-08-28 19:45,7725.25,7728.25,7719.50,7722.75,120433
2026-08-28 20:00,7722.75,7724.00,7719.00,7720.50,25729
2026-08-28 20:15,7720.75,7721.25,7719.50,7720.50,4742
2026-08-28 20:30,7720.25,7724.00,7719.25,7723.75,5062
2026-08-28 20:45,7723.75,7725.50,7722.00,7722.00,5255
2026-08-30 22:00,7708.00,7710.25,7706.50,7710.25,575
2026-08-30 22:15,7710.25,7714.75,7709.75,7711.25,1836
2026-08-30 22:30,7711.50,7712.25,7705.00,7706.50,2637
2026-08-30 22:45,7706.25,7709.25,7705.75,7709.25,892
2026-08-30 23:00,7709.00,7709.50,7704.75,7705.00,1329
2026-08-30 23:15,7704.75,7706.50,7701.25,7701.25,1991
2026-08-30 23:30,7701.50,7701.75,7694.25,7699.00,4529
2026-08-30 23:45,7699.00,7699.00,7688.25,7688.50,5908
2026-08-31 00:00,7688.75,7695.00,7684.50,7693.50,5843
2026-08-31 00:15,7693.50,7699.50,7693.50,7699.00,4049
2026-08-31 00:30,7698.75,7703.75,7698.25,7701.50,4181
2026-08-31 00:45,7701.75,7702.00,7696.00,7697.25,3177
2026-08-31 01:00,7697.50,7697.50,7686.50,7691.25,4847
2026-08-31 01:15,7691.00,7692.75,7686.75,7689.75,4110
2026-08-31 01:30,7689.75,7691.50,7686.75,7688.50,2274
2026-08-31 01:45,7688.50,7690.50,7687.25,7690.00,1984
2026-08-31 02:00,7689.75,7696.75,7687.75,7696.00,2214
2026-08-31 02:15,7695.75,7696.25,7686.75,7690.50,3243
2026-08-31 02:30,7690.00,7691.00,7683.75,7685.75,2830
2026-08-31 02:45,7686.00,7692.25,7684.50,7692.00,2284
2026-08-31 03:00,7692.00,7696.00,7691.00,7694.00,2260
2026-08-31 03:15,7694.00,7695.00,7692.75,7693.25,1206
2026-08-31 03:30,7693.00,7693.75,7690.75,7692.00,1171
2026-08-31 03:45,7692.00,7692.75,7691.00,7692.75,622
2026-08-31 04:00,7693.00,7693.25,7691.00,7692.75,716
2026-08-31 04:15,7693.00,7693.25,7691.25,7692.50,603
2026-08-31 04:30,7692.75,7696.50,7690.75,7696.50,1366
2026-08-31 04:45,7696.25,7702.25,7693.75,7700.50,2441
2026-08-31 05:00,7700.50,7705.75,7699.00,7705.75,2188
2026-08-31 05:15,7705.50,7710.50,7705.00,7708.25,2824
2026-08-31 05:30,7708.50,7708.75,7700.25,7702.75,2544
2026-08-31 05:45,7702.75,7705.00,7702.00,7704.50,1450
2026-08-31 06:00,7704.75,7707.50,7702.50,7707.25,2626
2026-08-31 06:15,7707.25,7709.50,7707.00,7709.50,2266
2026-08-31 06:30,7709.50,7710.75,7707.50,7709.00,1668
2026-08-31 06:45,7709.00,7712.00,7708.75,7711.00,1528
2026-08-31 07:00,7710.75,7711.25,7708.25,7710.25,2937
2026-08-31 07:15,7710.50,7710.75,7708.00,7709.25,2333
2026-08-31 07:30,7709.00,7710.75,7708.00,7709.00,1505
2026-08-31 07:45,7709.00,7710.00,7707.25,7709.50,1571
2026-08-31 08:00,7709.50,7718.50,7707.75,7710.75,5381
2026-08-31 08:15,7710.75,7713.00,7709.25,7712.50,1675
2026-08-31 08:30,7712.25,7713.00,7710.25,7711.25,1475
2026-08-31 08:45,7711.75,7714.50,7711.25,7712.75,2093
2026-08-31 09:00,7712.50,7714.50,7710.75,7713.75,1981
2026-08-31 09:15,7713.75,7716.00,7713.25,7713.50,1070
2026-08-31 09:30,7713.25,7713.50,7709.50,7710.00,1612
2026-08-31 09:45,7710.00,7710.50,7706.75,7707.25,1754
2026-08-31 10:00,7707.50,7709.50,7705.50,7709.00,2442
2026-08-31 10:15,7708.75,7709.75,7706.25,7708.50,1892
2026-08-31 10:30,7708.25,7709.00,7706.75,7708.50,981
2026-08-31 10:45,7708.25,7711.25,7707.50,7709.75,1456
2026-08-31 11:00,7709.75,7711.00,7707.25,7707.50,1840
2026-08-31 11:15,7707.25,7711.25,7706.75,7710.50,1468
2026-08-31 11:30,7710.50,7710.50,7702.75,7702.75,4055
2026-08-31 11:45,7703.00,7704.75,7700.50,7702.25,3682
2026-08-31 12:00,7702.50,7708.25,7694.25,7705.00,8308
2026-08-31 12:15,7705.25,7709.25,7694.75,7698.00,8641
2026-08-31 12:30,7697.75,7701.50,7691.50,7693.00,10752
2026-08-31 12:45,7693.00,7695.25,7691.50,7693.75,5243
2026-08-31 13:00,7693.75,7698.50,7692.75,7698.25,7970
2026-08-31 13:15,7698.25,7702.50,7697.50,7701.50,12068
2026-08-31 13:30,7701.25,7704.25,7685.25,7686.00,76037
2026-08-31 13:45,7686.25,7695.00,7682.50,7689.50,58999
2026-08-31 14:00,7689.75,7691.00,7681.25,7686.25,36683
2026-08-31 14:15,7686.25,7688.25,7674.75,7676.75,41216
2026-08-31 14:30,7676.75,7688.75,7675.75,7686.00,37399
2026-08-31 14:45,7686.00,7692.00,7681.50,7687.50,32425
2026-08-31 15:00,7687.50,7692.50,7683.25,7685.25,30198
2026-08-31 15:15,7685.50,7689.75,7681.50,7687.50,22703
2026-08-31 15:30,7687.25,7688.00,7681.75,7686.00,23394
2026-08-31 15:45,7686.25,7691.25,7680.75,7682.00,22147
2026-08-31 16:00,7682.00,7685.75,7677.25,7685.00,27209
2026-08-31 16:15,7685.00,7687.25,7680.25,7687.00,18761
2026-08-31 16:30,7686.75,7687.25,7679.50,7682.00,23343
2026-08-31 16:45,7681.75,7687.75,7681.75,7686.50,14950
2026-08-31 17:00,7686.50,7687.25,7683.00,7687.25,13664
2026-08-31 17:15,7687.00,7688.50,7681.50,7682.00,16389
2026-08-31 17:30,7682.00,7690.50,7679.25,7690.50,22930
2026-08-31 17:45,7690.50,7696.25,7689.25,7693.00,24566
2026-08-31 18:00,7693.00,7695.00,7689.75,7695.00,21062
2026-08-31 18:15,7694.75,7696.25,7690.75,7691.00,17259
2026-08-31 18:30,7690.75,7692.00,7678.00,7681.50,36969
2026-08-31 18:45,7681.25,7686.50,7679.50,7684.50,27349
2026-08-31 19:00,7684.50,7690.25,7684.50,7689.75,23991
2026-08-31 19:15,7689.75,7695.50,7687.75,7694.25,28490
2026-08-31 19:30,7694.25,7700.25,7689.75,7698.00,33569
2026-08-31 19:45,7698.00,7708.25,7693.75,7697.75,198250
2026-08-31 20:00,7697.75,7704.75,7696.50,7701.75,41160
2026-08-31 20:15,7701.50,7702.75,7700.75,7702.50,4845
2026-08-31 20:30,7702.50,7703.00,7701.00,7702.50,2999
2026-08-31 20:45,7702.25,7702.75,7700.25,7701.25,3556
2026-08-31 22:00,7701.25,7702.75,7700.00,7702.25,1217
2026-08-31 22:15,7702.50,7702.50,7700.75,7701.50,848
2026-08-31 22:30,7701.50,7702.75,7701.25,7701.50,626
2026-08-31 22:45,7701.75,7702.25,7700.50,7701.25,842
2026-08-31 23:00,7701.00,7703.25,7700.75,7702.25,1406
2026-08-31 23:15,7702.25,7703.00,7700.50,7702.75,830
2026-08-31 23:30,7702.50,7705.25,7702.00,7704.00,1571
2026-08-31 23:45,7704.00,7704.75,7702.00,7703.50,2429
2026-09-01 00:00,7703.75,7707.75,7700.50,7703.75,3259
2026-09-01 00:15,7703.50,7708.00,7702.50,7706.00,2156
2026-09-01 00:30,7706.00,7707.50,7703.50,7705.50,1739
2026-09-01 00:45,7705.75,7706.00,7704.00,7705.00,1345
2026-09-01 01:00,7704.75,7705.75,7702.25,7704.75,3438
2026-09-01 01:15,7704.75,7704.75,7699.00,7699.50,2304
2026-09-01 01:30,7699.25,7705.00,7698.00,7704.50,2927
2026-09-01 01:45,7704.75,7705.25,7702.50,7703.25,1859
2026-09-01 02:00,7703.00,7703.75,7698.25,7698.75,2123
2026-09-01 02:15,7698.75,7699.50,7695.50,7696.75,1811
2026-09-01 02:30,7696.75,7699.00,7693.75,7694.50,1883
2026-09-01 02:45,7694.25,7700.50,7694.00,7700.25,1860
2026-09-01 03:00,7700.25,7700.25,7696.25,7696.25,1361
2026-09-01 03:15,7696.50,7697.50,7695.50,7695.75,1047
2026-09-01 03:30,7696.00,7697.75,7695.25,7696.75,1046
2026-09-01 03:45,7696.50,7697.75,7695.75,7696.50,1062
2026-09-01 04:00,7696.50,7697.00,7696.00,7696.50,1042
2026-09-01 04:15,7696.50,7698.00,7695.00,7696.25,1006
2026-09-01 04:30,7696.25,7697.25,7693.25,7693.50,927
2026-09-01 04:45,7693.75,7696.75,7692.00,7692.75,1510
2026-09-01 05:00,7692.75,7693.25,7690.75,7691.75,1336
2026-09-01 05:15,7691.75,7695.00,7690.00,7694.50,1599
2026-09-01 05:30,7694.50,7703.25,7694.00,7702.75,3307
2026-09-01 05:45,7703.00,7706.25,7701.25,7704.50,2994
2026-09-01 06:00,7704.75,7705.50,7700.00,7700.50,3881
2026-09-01 06:15,7700.25,7700.50,7696.50,7696.75,2292
2026-09-01 06:30,7696.75,7700.25,7696.00,7699.25,1298
2026-09-01 06:45,7699.50,7699.50,7697.25,7697.50,1544
2026-09-01 07:00,7697.25,7705.50,7696.50,7705.00,6178
2026-09-01 07:15,7704.75,7705.25,7701.25,7703.00,1785
2026-09-01 07:30,7703.00,7703.25,7691.00,7691.25,5264
2026-09-01 07:45,7691.00,7694.00,7687.00,7690.50,5126
2026-09-01 08:00,7690.50,7693.00,7673.50,7676.50,12408
2026-09-01 08:15,7677.00,7679.25,7664.50,7665.75,11968
2026-09-01 08:30,7665.75,7669.00,7658.75,7661.00,12390
2026-09-01 08:45,7661.00,7666.00,7658.50,7658.50,8226
2026-09-01 09:00,7658.75,7660.00,7651.50,7652.25,9004
2026-09-01 09:15,7652.00,7654.50,7648.50,7651.00,7601
2026-09-01 09:30,7651.25,7653.50,7649.50,7652.50,6179
2026-09-01 09:45,7652.75,7656.25,7652.50,7653.25,4577
2026-09-01 10:00,7653.50,7656.50,7650.75,7655.50,3716
2026-09-01 10:15,7655.50,7662.00,7653.25,7660.50,4957
2026-09-01 10:30,7660.50,7664.50,7658.75,7659.00,3631
2026-09-01 10:45,7659.00,7662.50,7654.25,7656.50,6385
2026-09-01 11:00,7656.25,7657.00,7652.50,7655.75,5381
2026-09-01 11:15,7655.75,7658.25,7654.50,7657.25,4865
2026-09-01 11:30,7657.00,7663.25,7656.75,7660.75,5211
2026-09-01 11:45,7661.00,7661.50,7651.25,7652.50,5631
2026-09-01 12:00,7652.25,7653.00,7648.50,7652.25,9099
2026-09-01 12:15,7652.00,7654.75,7648.75,7653.25,7637
2026-09-01 12:30,7653.00,7653.00,7645.00,7647.75,11322
2026-09-01 12:45,7647.50,7651.50,7646.50,7647.50,8255
2026-09-01 13:00,7647.25,7647.50,7640.50,7644.00,14329
2026-09-01 13:15,7644.00,7648.75,7643.00,7647.00,15191
2026-09-01 13:30,7647.00,7650.75,7638.75,7646.50,89644
2026-09-01 13:45,7646.50,7652.75,7641.50,7647.00,50234
2026-09-01 14:00,7647.25,7658.00,7644.50,7657.00,55843
2026-09-01 14:15,7657.00,7667.75,7656.75,7664.75,66715
2026-09-01 14:30,7664.75,7673.00,7664.50,7668.50,52765
2026-09-01 14:45,7668.75,7670.75,7660.25,7662.25,44829
2026-09-01 15:00,7662.50,7663.50,7653.75,7656.25,46377
2026-09-01 15:15,7656.25,7663.00,7655.50,7662.75,33024
2026-09-01 15:30,7663.00,7669.50,7661.25,7669.25,39921
2026-09-01 15:45,7669.00,7673.75,7668.00,7670.00,39154
2026-09-01 16:00,7670.00,7670.50,7661.75,7662.00,31520
2026-09-01 16:15,7662.25,7663.00,7649.25,7652.00,65487
2026-09-01 16:30,7652.00,7653.25,7642.50,7643.75,56150
2026-09-01 16:45,7643.75,7650.75,7643.00,7649.50,30081
2026-09-01 17:00,7649.50,7649.50,7641.75,7646.50,31693
2026-09-01 17:15,7646.25,7648.25,7635.00,7643.50,37092
2026-09-01 17:30,7643.75,7649.00,7642.75,7647.25,30239
2026-09-01 17:45,7647.25,7648.00,7641.25,7644.75,24281
2026-09-01 18:00,7645.00,7647.00,7639.75,7640.25,22374
2026-09-01 18:15,7640.25,7645.25,7637.25,7638.75,29286
2026-09-01 18:30,7638.75,7639.50,7623.50,7624.00,48398
2026-09-01 18:45,7624.00,7635.75,7621.50,7634.00,47850
2026-09-01 19:00,7634.00,7641.75,7632.75,7641.75,43945
2026-09-01 19:15,7641.50,7643.00,7637.50,7640.75,33232
2026-09-01 19:30,7640.75,7641.00,7634.25,7637.75,38405
2026-09-01 19:45,7637.75,7645.50,7633.00,7644.00,138451
2026-09-01 20:00,7644.00,7647.25,7640.75,7644.50,38188
2026-09-01 20:15,7644.50,7648.75,7644.25,7647.00,6354
2026-09-01 20:30,7646.75,7648.75,7645.00,7647.50,4630
2026-09-01 20:45,7647.25,7648.00,7645.75,7647.50,4145
2026-09-01 22:00,7645.00,7648.00,7641.50,7642.50,1027
2026-09-01 22:15,7642.25,7644.00,7641.75,7643.25,900
2026-09-01 22:30,7643.00,7644.25,7642.75,7643.25,739
2026-09-01 22:45,7643.50,7647.25,7643.50,7645.25,1202
2026-09-01 23:00,7645.25,7646.00,7645.00,7645.50,639
2026-09-01 23:15,7645.75,7646.00,7644.25,7645.75,616
2026-09-01 23:30,7646.00,7646.75,7645.00,7646.25,421
2026-09-01 23:45,7646.50,7647.25,7645.50,7646.25,1074
2026-09-02 00:00,7646.50,7647.00,7641.75,7644.50,2906
2026-09-02 00:15,7644.50,7651.50,7644.00,7644.25,4339
2026-09-02 00:30,7644.25,7647.00,7642.25,7645.50,2370
2026-09-02 00:45,7645.50,7646.25,7640.00,7640.00,1974
2026-09-02 01:00,7640.00,7642.75,7637.00,7638.50,4088
2026-09-02 01:15,7638.25,7642.75,7638.00,7640.75,3023
2026-09-02 01:30,7641.00,7642.25,7636.25,7637.00,2555
2026-09-02 01:45,7637.00,7637.50,7632.25,7636.75,4922
2026-09-02 02:00,7637.00,7637.00,7633.50,7636.75,2107
2026-09-02 02:15,7636.50,7641.75,7636.50,7640.25,2293
2026-09-02 02:30,7640.50,7640.50,7638.00,7640.25,1564
2026-09-02 02:45,7640.25,7641.75,7639.50,7641.00,1977
2026-09-02 03:00,7641.25,7642.00,7638.00,7640.75,2084
2026-09-02 03:15,7640.75,7641.00,7637.75,7638.00,1135
2026-09-02 03:30,7638.25,7638.25,7635.75,7636.00,1520
2026-09-02 03:45,7636.00,7637.00,7634.25,7635.50,1257
2026-09-02 04:00,7635.25,7635.25,7632.75,7634.50,1392
2026-09-02 04:15,7634.50,7636.25,7634.00,7634.25,1218
2026-09-02 04:30,7634.25,7636.50,7634.00,7634.75,944
2026-09-02 04:45,7634.75,7636.00,7634.25,7635.25,841
2026-09-02 05:00,7635.50,7637.50,7632.75,7637.00,1297
2026-09-02 05:15,7637.00,7640.75,7636.75,7640.50,2195
2026-09-02 05:30,7640.50,7643.00,7637.00,7641.25,2632
2026-09-02 05:45,7641.50,7641.75,7635.75,7637.25,1180
2026-09-02 06:00,7637.50,7639.25,7633.75,7635.75,2509
2026-09-02 06:15,7636.00,7636.50,7631.75,7632.25,2827
2026-09-02 06:30,7632.25,7643.00,7631.75,7639.75,4264
2026-09-02 06:45,7640.00,7641.50,7637.00,7641.25,1709
2026-09-02 07:00,7641.25,7647.25,7639.25,7643.75,5031
2026-09-02 07:15,7643.50,7646.50,7639.75,7643.00,3682
2026-09-02 07:30,7642.75,7643.50,7638.00,7639.00,2504
2026-09-02 07:45,7639.00,7640.00,7635.25,7637.50,2439
2026-09-02 08:00,7637.50,7643.00,7636.00,7640.00,2511
2026-09-02 08:15,7640.00,7642.00,7635.50,7636.50,1658
2026-09-02 08:30,7636.75,7639.25,7633.50,7634.25,2441
2026-09-02 08:45,7634.25,7634.50,7623.25,7626.50,5901
2026-09-02 09:00,7626.50,7633.00,7624.25,7624.50,4077
2026-09-02 09:15,7624.50,7628.50,7623.50,7626.00,4295
2026-09-02 09:30,7626.00,7626.25,7621.50,7623.00,4608
2026-09-02 09:45,7623.00,7626.00,7622.50,7625.75,3074
2026-09-02 10:00,7625.75,7626.25,7621.25,7626.00,3292
2026-09-02 10:15,7625.75,7628.75,7624.50,7627.00,3335
2026-09-02 10:30,7626.75,7627.25,7622.75,7623.25,3060
2026-09-02 10:45,7623.50,7626.75,7621.75,7626.75,2677
2026-09-02 11:00,7626.50,7635.75,7618.50,7634.25,10144
2026-09-02 11:15,7634.25,7638.00,7629.75,7635.75,6183
2026-09-02 11:30,7636.00,7641.75,7635.00,7637.75,6567
2026-09-02 11:45,7637.75,7646.25,7637.25,7646.25,5437
2026-09-02 12:00,7646.25,7654.00,7645.00,7653.00,12677
2026-09-02 12:15,7652.50,7658.75,7649.00,7650.25,16940
2026-09-02 12:30,7650.00,7650.75,7644.25,7645.25,8285
2026-09-02 12:45,7645.25,7645.50,7639.25,7640.25,8014
2026-09-02 13:00,7640.00,7645.75,7639.75,7643.75,8316
2026-09-02 13:15,7643.75,7654.50,7643.00,7650.25,14076
2026-09-02 13:30,7650.50,7654.50,7643.00,7654.25,74377
2026-09-02 13:45,7654.00,7657.00,7645.75,7656.75,52625
2026-09-02 14:00,7656.50,7669.25,7654.75,7668.75,79108
2026-09-02 14:15,7668.75,7682.50,7667.00,7679.50,74119
2026-09-02 14:30,7679.25,7690.25,7675.50,7689.50,61280
2026-09-02 14:45,7689.50,7690.00,7678.00,7679.75,45871
2026-09-02 15:00,7679.50,7684.25,7677.50,7681.75,41700
2026-09-02 15:15,7681.75,7690.75,7680.25,7689.50,34424
2026-09-02 15:30,7689.75,7691.25,7682.75,7683.00,35384
2026-09-02 15:45,7683.00,7686.00,7676.00,7685.75,38020
2026-09-02 16:00,7685.50,7685.75,7681.75,7683.50,20964
2026-09-02 16:15,7683.25,7683.50,7673.00,7675.00,25632
2026-09-02 16:30,7674.75,7679.50,7673.25,7673.25,25019
2026-09-02 16:45,7673.25,7678.75,7673.25,7675.50,21817
2026-09-02 17:00,7675.50,7681.25,7672.25,7675.50,28253
2026-09-02 17:15,7675.50,7676.00,7670.75,7673.75,21490
2026-09-02 17:30,7673.75,7676.00,7670.00,7675.50,25475
2026-09-02 17:45,7675.75,7679.50,7674.00,7678.00,25788
2026-09-02 18:00,7678.25,7680.75,7673.75,7678.50,24319
2026-09-02 18:15,7678.25,7687.75,7677.75,7680.00,35947
2026-09-02 18:30,7680.00,7681.75,7672.75,7673.75,22799
2026-09-02 18:45,7673.75,7677.00,7672.50,7674.50,24377
2026-09-02 19:00,7674.25,7681.50,7673.25,7680.50,21729
2026-09-02 19:15,7680.50,7681.75,7677.00,7681.00,21071
2026-09-02 19:30,7681.25,7681.50,7676.75,7679.75,24986
2026-09-02 19:45,7680.00,7681.25,7674.00,7678.25,94327
2026-09-02 20:00,7678.25,7682.50,7677.25,7680.25,25326
2026-09-02 20:15,7680.25,7680.25,7667.50,7671.25,12779
2026-09-02 20:30,7671.25,7672.25,7669.75,7669.75,4098
2026-09-02 20:45,7669.75,7672.50,7668.75,7669.25,3980
2026-09-02 22:00,7673.50,7677.50,7671.50,7677.25,909
2026-09-02 22:15,7677.00,7680.00,7675.75,7678.25,992
2026-09-02 22:30,7678.25,7678.75,7677.25,7678.00,725
2026-09-02 22:45,7678.00,7678.00,7675.75,7676.00,738
2026-09-02 23:00,7676.25,7677.75,7675.25,7675.50,949
2026-09-02 23:15,7675.50,7676.75,7674.50,7676.75,744
2026-09-02 23:30,7676.75,7678.00,7676.25,7677.75,735
2026-09-02 23:45,7677.75,7681.25,7677.75,7679.75,2137
2026-09-03 00:00,7679.75,7679.75,7675.00,7676.00,2264
2026-09-03 00:15,7675.75,7675.75,7671.50,7673.25,2245
2026-09-03 00:30,7673.25,7673.75,7672.00,7672.75,1075
2026-09-03 00:45,7672.75,7673.75,7672.25,7672.75,947
2026-09-03 01:00,7672.50,7677.25,7671.75,7676.75,2083
2026-09-03 01:15,7676.50,7679.00,7673.25,7676.50,2347
2026-09-03 01:30,7676.25,7679.25,7675.25,7675.75,1853
2026-09-03 01:45,7675.50,7677.00,7671.50,7671.75,1382
2026-09-03 02:00,7671.75,7679.25,7671.00,7678.50,2027
2026-09-03 02:15,7678.50,7679.50,7676.75,7678.50,1239
2026-09-03 02:30,7678.50,7680.50,7676.50,7677.00,1243
2026-09-03 02:45,7677.00,7679.75,7676.25,7678.75,1035
2026-09-03 03:00,7678.50,7680.50,7677.75,7680.25,878
2026-09-03 03:15,7680.25,7683.75,7680.25,7681.25,1827
2026-09-03 03:30,7681.25,7682.75,7681.00,7682.00,990
2026-09-03 03:45,7682.00,7683.50,7681.00,7682.00,1201
2026-09-03 04:00,7683.50,7684.50,7683.00,7683.25,1276
2026-09-03 04:15,7683.50,7683.75,7681.75,7681.75,644
2026-09-03 04:30,7681.75,7683.50,7680.50,7681.25,643
2026-09-03 04:45,7681.25,7682.00,7679.25,7679.75,859
2026-09-03 05:00,7679.50,7679.75,7671.00,7672.00,2745
2026-09-03 05:15,7671.75,7672.00,7661.25,7665.25,4825
2026-09-03 05:30,7664.75,7671.75,7664.50,7670.75,3013
2026-09-03 05:45,7670.75,7679.00,7669.00,7678.75,2529
2026-09-03 06:00,7678.75,7680.50,7675.50,7677.00,2331
2026-09-03 06:15,7677.25,7678.75,7675.00,7676.75,1273
2026-09-03 06:30,7676.50,7677.50,7674.25,7676.25,1565
2026-09-03 06:45,7676.25,7676.25,7672.00,7674.25,1426
2026-09-03 07:00,7674.25,7683.50,7672.25,7679.50,3250
2026-09-03 07:15,7679.50,7680.50,7675.00,7678.25,1705
2026-09-03 07:30,7678.50,7686.25,7677.75,7684.75,2655
2026-09-03 07:45,7685.00,7685.00,7676.25,7683.00,3223
2026-09-03 08:00,7682.75,7694.50,7681.75,7687.25,9825
2026-09-03 08:15,7687.00,7690.25,7685.00,7689.25,2040
2026-09-03 08:30,7689.25,7689.25,7685.75,7686.00,1411
2026-09-03 08:45,7685.75,7687.00,7683.25,7683.50,1754
2026-09-03 09:00,7683.50,7686.75,7683.50,7686.25,2093
2026-09-03 09:15,7686.50,7686.75,7682.25,7682.25,1771
2026-09-03 09:30,7682.25,7683.25,7679.00,7680.00,2165
2026-09-03 09:45,7680.00,7680.25,7672.00,7673.50,3861
2026-09-03 10:00,7673.75,7677.25,7671.50,7672.50,4113
2026-09-03 10:15,7672.25,7673.75,7669.75,7671.25,2317
2026-09-03 10:30,7671.25,7673.50,7669.25,7673.00,2977
2026-09-03 10:45,7673.00,7673.25,7669.25,7673.25,2756
2026-09-03 11:00,7673.25,7681.75,7670.25,7681.00,5139
2026-09-03 11:15,7681.00,7685.25,7680.75,7682.50,2965
2026-09-03 11:30,7682.50,7684.00,7671.50,7678.75,5184
2026-09-03 11:45,7678.75,7678.75,7672.75,7673.75,3304
2026-09-03 12:00,7673.50,7680.75,7673.50,7677.00,4771
2026-09-03 12:15,7677.25,7683.00,7674.50,7681.00,6035
2026-09-03 12:30,7681.25,7701.50,7680.75,7690.75,18282
2026-09-03 12:45,7690.75,7704.00,7690.25,7701.25,15093
2026-09-03 13:00,7701.25,7703.75,7694.00,7702.25,14909
2026-09-03 13:15,7702.00,7706.25,7697.00,7704.00,16882
2026-09-03 13:30,7704.25,7724.50,7704.00,7723.75,98363
2026-09-03 13:45,7723.50,7726.50,7717.00,7721.75,60199
2026-09-03 14:00,7722.00,7722.00,7700.50,7709.25,77629
2026-09-03 14:15,7709.00,7716.25,7707.50,7712.25,54728
2026-09-03 14:30,7712.25,7715.25,7703.75,7707.25,47640
2026-09-03 14:45,7707.25,7719.00,7700.00,7718.25,53458
2026-09-03 15:00,7718.25,7741.25,7718.00,7741.25,87851
2026-09-03 15:15,7741.50,7756.00,7740.75,7755.50,75319
2026-09-03 15:30,7755.50,7758.50,7749.00,7752.25,60687
2026-09-03 15:45,7752.25,7759.50,7752.00,7759.50,39427
2026-09-03 16:00,7759.50,7759.50,7749.75,7752.75,40071
2026-09-03 16:15,7752.75,7754.75,7748.00,7750.25,24846
2026-09-03 16:30,7750.25,7758.25,7748.75,7757.50,30545
2026-09-03 16:45,7757.50,7758.25,7753.25,7755.00,25522
2026-09-03 17:00,7755.00,7756.00,7749.00,7750.25,17440
2026-09-03 17:15,7750.25,7752.75,7747.00,7752.50,19003
2026-09-03 17:30,7752.25,7757.75,7752.25,7756.50,18879
2026-09-03 17:45,7756.50,7761.00,7754.75,7758.25,24520
2026-09-03 18:00,7760.75,7765.50,7760.75,7764.00,33346
2026-09-03 18:15,7764.25,7766.50,7761.25,7763.00,20729
2026-09-03 18:30,7763.25,7765.00,7761.00,7761.75,17931
2026-09-03 18:45,7761.75,7764.25,7759.75,7762.50,18417
2026-09-03 19:00,7762.50,7763.00,7758.75,7759.50,19910
2026-09-03 19:15,7759.25,7761.75,7756.75,7759.75,30513
2026-09-03 19:30,7759.75,7761.00,7757.25,7757.50,31189
2026-09-03 19:45,7757.50,7759.50,7752.00,7756.00,122800
2026-09-03 20:00,7756.25,7757.00,7751.00,7753.50,30777
2026-09-03 20:15,7753.50,7753.75,7750.00,7750.25,5378
2026-09-03 20:30,7750.25,7752.00,7750.00,7750.75,2766
2026-09-03 20:45,7750.50,7751.00,7748.00,7749.25,4465
2026-09-03 22:00,7749.75,7751.75,7748.25,7749.50,548
2026-09-03 22:15,7749.50,7751.75,7749.50,7751.00,830
2026-09-03 22:30,7750.75,7752.50,7750.75,7751.75,575
2026-09-03 22:45,7751.75,7753.25,7751.50,7753.00,545
2026-09-03 23:00,7753.00,7753.75,7752.25,7752.50,604
2026-09-03 23:15,7752.50,7753.25,7751.25,7752.75,579
2026-09-03 23:30,7752.75,7753.50,7752.00,7752.75,504
2026-09-03 23:45,7752.75,7754.25,7752.00,7752.75,1018
2026-09-04 00:00,7752.50,7754.00,7750.50,7752.25,1906
2026-09-04 00:15,7752.00,7755.00,7751.25,7754.00,1365
2026-09-04 00:30,7754.00,7755.00,7753.50,7754.75,1291
2026-09-04 00:45,7754.75,7757.00,7754.75,7756.00,1211
2026-09-04 01:00,7756.00,7756.00,7753.50,7754.00,1313
2026-09-04 01:15,7754.00,7756.50,7753.00,7756.00,1170
2026-09-04 01:30,7756.00,7757.25,7755.25,7756.75,1337
2026-09-04 01:45,7756.75,7756.75,7753.75,7756.50,1283
2026-09-04 02:00,7756.50,7757.50,7755.00,7757.00,1036
2026-09-04 02:15,7757.00,7757.75,7756.25,7757.25,694
2026-09-04 02:30,7757.50,7758.75,7755.75,7756.50,976
2026-09-04 02:45,7756.50,7758.50,7756.00,7758.00,915
2026-09-04 03:00,7758.00,7758.25,7756.75,7757.25,553
2026-09-04 03:15,7757.25,7759.25,7757.25,7757.75,910
2026-09-04 03:30,7758.00,7759.25,7757.75,7757.75,729
2026-09-04 03:45,7757.75,7758.25,7757.00,7757.75,677
2026-09-04 04:00,7757.00,7759.00,7757.00,7758.75,1052
2026-09-04 04:15,7758.75,7761.00,7757.75,7760.75,1256
2026-09-04 04:30,7760.75,7761.75,7759.75,7760.25,997
2026-09-04 04:45,7760.25,7761.50,7759.50,7761.25,689
2026-09-04 05:00,7761.25,7763.25,7760.50,7762.75,1057
2026-09-04 05:15,7762.75,7764.50,7762.25,7762.50,1239
2026-09-04 05:30,7762.50,7763.75,7762.00,7762.25,1477
2026-09-04 05:45,7762.50,7763.00,7759.50,7761.50,1792
2026-09-04 06:00,7761.25,7763.75,7760.75,7763.50,1632
2026-09-04 06:15,7763.50,7764.00,7760.75,7762.75,1888
2026-09-04 06:30,7762.50,7762.75,7759.00,7759.50,2151
2026-09-04 06:45,7759.50,7759.50,7755.00,7755.75,1966
2026-09-04 07:00,7755.75,7759.25,7754.75,7758.25,4217
2026-09-04 07:15,7758.50,7759.75,7756.25,7759.50,2609
2026-09-04 07:30,7759.75,7762.75,7759.25,7762.00,2700
2026-09-04 07:45,7761.75,7763.00,7758.75,7759.75,2804
2026-09-04 08:00,7760.00,7761.00,7758.50,7759.25,4751
2026-09-04 08:15,7759.50,7761.75,7758.75,7761.50,2883
2026-09-04 08:30,7761.50,7762.25,7759.00,7761.00,2082
2026-09-04 08:45,7761.00,7763.00,7759.75,7762.00,2447
2026-09-04 09:00,7762.00,7762.25,7757.75,7758.00,2539
2026-09-04 09:15,7758.00,7759.00,7755.50,7756.50,2433
2026-09-04 09:30,7756.50,7758.75,7755.50,7758.00,1526
2026-09-04 09:45,7758.00,7759.75,7757.50,7758.25,2118
2026-09-04 10:00,7758.25,7760.75,7758.25,7760.00,1791
2026-09-04 10:15,7760.00,7763.25,7759.25,7761.25,2622
2026-09-04 10:30,7761.00,7762.25,7759.00,7761.25,2583
2026-09-04 10:45,7761.00,7763.75,7761.00,7761.75,1572
2026-09-04 11:00,7761.75,7762.25,7757.25,7758.25,2825
2026-09-04 11:15,7758.25,7760.50,7758.25,7758.50,1869
2026-09-04 11:30,7758.75,7761.00,7758.75,7760.50,2540
2026-09-04 11:45,7760.50,7764.00,7760.25,7762.00,2937
2026-09-04 12:00,7762.00,7763.00,7749.75,7750.25,16337
2026-09-04 12:15,7750.25,7761.50,7748.50,7758.75,10955
2026-09-04 12:30,7760.75,7762.00,7732.00,7739.50,26499
2026-09-04 12:45,7739.75,7740.50,7731.25,7738.25,17002
2026-09-04 13:00,7738.25,7739.50,7733.75,7738.50,13868
2026-09-04 13:15,7738.25,7743.25,7737.75,7741.75,17338
2026-09-04 13:30,7742.00,7751.00,7739.75,7743.50,76292
2026-09-04 13:45,7743.50,7748.25,7740.25,7745.00,44175
2026-09-04 14:00,7745.25,7745.50,7730.25,7738.50,49764
2026-09-04 14:15,7738.25,7739.00,7729.50,7734.25,43142
2026-09-04 14:30,7734.25,7735.25,7724.50,7725.00,40530
2026-09-04 14:45,7725.00,7727.00,7715.00,7716.25,57272
2026-09-04 15:00,7716.25,7721.50,7712.25,7721.25,55268
2026-09-04 15:15,7721.25,7722.00,7712.75,7716.25,37385
2026-09-04 15:30,7716.50,7722.50,7711.75,7721.75,37879
2026-09-04 15:45,7721.75,7722.75,7718.25,7721.25,26769
2026-09-04 16:00,7721.25,7729.50,7720.25,7729.25,27249
2026-09-04 16:15,7729.50,7733.50,7727.50,7728.50,26762
2026-09-04 16:30,7728.50,7731.75,7727.25,7731.25,20490
2026-09-04 16:45,7731.25,7735.25,7730.50,7730.75,26911
2026-09-04 17:00,7730.75,7731.50,7724.75,7725.50,28475
2026-09-04 17:15,7725.50,7726.75,7719.75,7720.50,22207
2026-09-04 17:30,7720.50,7720.50,7714.50,7715.00,31111
2026-09-04 17:45,7714.75,7717.00,7712.75,7716.25,23444
2026-09-04 18:00,7716.00,7719.00,7713.50,7718.25,22410
2026-09-04 18:15,7718.25,7721.50,7717.50,7720.50,17581
2026-09-04 18:30,7720.75,7723.75,7719.50,7723.25,18477
2026-09-04 18:45,7723.50,7725.75,7722.50,7724.25,17375
2026-09-04 19:00,7724.25,7726.00,7717.50,7718.00,24962
2026-09-04 19:15,7718.00,7722.50,7717.50,7722.00,20163
2026-09-04 19:30,7721.75,7722.50,7718.00,7720.75,26094
2026-09-04 19:45,7721.00,7726.75,7719.25,7723.75,121974
2026-09-04 20:00,7723.75,7724.25,7716.25,7718.50,31785
2026-09-04 20:15,7718.75,7719.25,7716.00,7716.25,4887
2026-09-04 20:30,7716.25,7716.50,7713.75,7715.75,5625
2026-09-04 20:45,7716.00,7722.00,7714.50,7722.00,3646
2026-09-08 04:00,7722.50,7723.75,7721.25,7723.00,1272
2026-09-08 04:15,7723.00,7725.00,7722.25,7724.00,1199
2026-09-08 04:30,7723.75,7725.50,7721.25,7725.00,1574
2026-09-08 04:45,7725.00,7725.75,7722.25,7723.25,1098
2026-09-08 05:00,7723.25,7723.50,7715.50,7716.25,2712
2026-09-08 05:15,7716.50,7722.50,7715.00,7716.50,2379
2026-09-08 05:30,7716.25,7716.25,7709.00,7709.50,3036
2026-09-08 05:45,7709.50,7711.00,7705.00,7705.50,2810
2026-09-08 06:00,7705.75,7707.00,7700.50,7701.75,4109
2026-09-08 06:15,7701.50,7702.75,7694.75,7697.75,4273
2026-09-08 06:30,7697.75,7703.75,7695.00,7702.75,4114
2026-09-08 06:45,7702.75,7704.75,7701.00,7703.25,2867
2026-09-08 07:00,7703.50,7710.50,7701.25,7705.50,6330
2026-09-08 07:15,7705.25,7706.25,7702.25,7704.50,4158
2026-09-08 07:30,7704.50,7704.75,7693.50,7696.00,5472
2026-09-08 07:45,7696.00,7696.50,7690.00,7692.25,4942
2026-09-08 08:00,7692.25,7696.50,7687.50,7692.75,8757
2026-09-08 08:15,7693.00,7695.25,7690.25,7690.75,4211
2026-09-08 08:30,7690.50,7694.25,7688.25,7690.00,3652
2026-09-08 08:45,7689.75,7695.50,7688.25,7692.50,3902
2026-09-08 09:00,7692.50,7699.00,7689.00,7697.75,3178
2026-09-08 09:15,7697.75,7700.50,7696.00,7700.25,2606
2026-09-08 09:30,7700.25,7706.75,7699.50,7703.00,5305
2026-09-08 09:45,7703.00,7709.00,7702.75,7709.00,3215
2026-09-08 10:00,7709.00,7709.00,7703.75,7705.75,3984
2026-09-08 10:15,7705.75,7718.25,7705.00,7706.75,9915
2026-09-08 10:30,7707.00,7707.00,7701.25,7703.25,3423
2026-09-08 10:45,7703.00,7703.00,7695.75,7698.50,4835
2026-09-08 11:00,7698.75,7702.00,7693.00,7695.50,6431
2026-09-08 11:15,7695.50,7700.50,7695.50,7698.00,3377
2026-09-08 11:30,7698.25,7701.25,7696.75,7697.75,3061
2026-09-08 11:45,7698.00,7706.25,7695.75,7705.75,7155
2026-09-08 12:00,7706.00,7706.00,7697.75,7698.00,5853
2026-09-08 12:15,7698.25,7705.50,7696.25,7705.50,6417
2026-09-08 12:30,7705.50,7710.50,7705.00,7710.50,6762
2026-09-08 12:45,7710.50,7714.25,7708.50,7714.00,6949
2026-09-08 13:00,7714.00,7715.00,7711.00,7713.50,8385
2026-09-08 13:15,7713.50,7715.50,7709.75,7711.25,12118
2026-09-08 13:30,7711.50,7717.75,7691.25,7693.50,82488
2026-09-08 13:45,7693.50,7701.25,7688.25,7695.00,63829
2026-09-08 14:00,7695.00,7696.75,7680.00,7685.00,72529
2026-09-08 14:15,7684.75,7692.00,7681.25,7687.25,49677
2026-09-08 14:30,7687.25,7692.50,7684.50,7691.50,34838
2026-09-08 14:45,7691.75,7700.00,7686.75,7696.75,40451
2026-09-08 15:00,7697.00,7703.75,7695.00,7700.75,31312
2026-09-08 15:15,7700.75,7704.00,7693.75,7698.75,42106
2026-09-08 15:30,7698.75,7701.25,7694.00,7700.25,31498
2026-09-08 15:45,7700.50,7701.00,7693.75,7694.25,24363
2026-09-08 16:00,7694.25,7698.25,7690.50,7692.75,30832
2026-09-08 16:15,7692.75,7697.00,7688.25,7691.75,27682
2026-09-08 16:30,7691.50,7693.75,7688.50,7690.75,22476
2026-09-08 16:45,7690.75,7697.00,7685.75,7690.00,41105
2026-09-08 17:00,7689.75,7701.75,7689.75,7696.75,31886
2026-09-08 17:15,7696.75,7697.75,7692.50,7695.25,17970
2026-09-08 17:30,7695.50,7699.50,7693.75,7694.25,21438
2026-09-08 17:45,7694.00,7699.00,7694.00,7695.25,18619
2026-09-08 18:00,7695.25,7699.25,7695.00,7698.00,19391
2026-09-08 18:15,7698.00,7699.50,7695.50,7698.25,17090
2026-09-08 18:30,7698.25,7698.50,7691.00,7695.75,21213
2026-09-08 18:45,7695.75,7696.75,7676.75,7688.00,78182
2026-09-08 19:00,7688.25,7691.50,7685.25,7689.50,26293
2026-09-08 19:15,7689.50,7691.25,7685.50,7690.75,25033
2026-09-08 19:30,7690.50,7692.25,7687.50,7689.00,24402
2026-09-08 19:45,7688.75,7689.75,7672.25,7681.00,168534
2026-09-08 20:00,7681.25,7683.00,7673.75,7678.75,32226
2026-09-08 20:15,7678.75,7679.75,7674.50,7675.50,7845
2026-09-08 20:30,7675.75,7677.75,7674.00,7677.50,3767
2026-09-08 20:45,7677.50,7679.25,7676.75,7678.25,3823
2026-09-08 22:00,7681.00,7681.00,7676.50,7678.50,457
2026-09-08 22:15,7678.25,7680.25,7677.75,7679.50,834
2026-09-08 22:30,7679.50,7680.00,7678.25,7679.50,623
2026-09-08 22:45,7679.25,7682.75,7679.25,7682.50,1022
2026-09-08 23:00,7682.50,7682.75,7680.00,7680.25,635
2026-09-08 23:15,7680.25,7680.25,7677.75,7678.00,1129
2026-09-08 23:30,7678.00,7678.50,7675.50,7676.00,1306
2026-09-08 23:45,7676.00,7676.75,7672.75,7674.50,2497
2026-09-09 00:00,7674.75,7684.25,7674.50,7681.00,4479
2026-09-09 00:15,7681.00,7681.00,7676.25,7678.25,2650
2026-09-09 00:30,7678.00,7680.00,7675.25,7679.75,1712
2026-09-09 00:45,7679.75,7682.50,7678.50,7682.25,1541
2026-09-09 01:00,7682.25,7684.25,7681.25,7683.25,2462
2026-09-09 01:15,7683.25,7687.00,7682.75,7685.75,5499
2026-09-09 01:30,7685.75,7687.75,7684.75,7684.75,2974
2026-09-09 01:45,7684.75,7686.75,7683.75,7685.25,1575
2026-09-09 02:00,7685.25,7687.00,7684.00,7684.50,2081
2026-09-09 02:15,7684.50,7686.00,7682.75,7685.25,1815
2026-09-09 02:30,7685.25,7687.00,7684.50,7686.50,1551
2026-09-09 02:45,7686.50,7687.25,7685.75,7686.00,969
2026-09-09 03:00,7686.00,7686.50,7682.75,7683.75,1646
2026-09-09 03:15,7684.00,7686.00,7684.00,7685.00,1253
2026-09-09 03:30,7684.75,7685.75,7683.75,7685.00,1073
2026-09-09 03:45,7684.75,7685.25,7682.00,7683.00,1308
2026-09-09 04:00,7684.00,7684.25,7680.50,7681.50,1626
2026-09-09 04:15,7681.50,7686.75,7681.25,7685.50,1492
2026-09-09 04:30,7685.50,7688.25,7684.25,7688.00,1269
2026-09-09 04:45,7688.00,7689.75,7687.75,7688.75,1154
2026-09-09 05:00,7688.75,7689.00,7686.75,7688.25,1360
2026-09-09 05:15,7688.25,7688.25,7683.75,7686.00,1912
2026-09-09 05:30,7686.25,7687.50,7684.00,7686.25,1801
2026-09-09 05:45,7686.00,7691.00,7685.75,7691.00,2265
2026-09-09 06:00,7691.00,7691.25,7687.50,7690.50,2886
2026-09-09 06:15,7690.50,7690.75,7684.50,7685.25,2321
2026-09-09 06:30,7685.25,7688.50,7684.50,7688.25,1647
2026-09-09 06:45,7688.25,7688.50,7684.75,7685.25,1589
2026-09-09 07:00,7685.25,7691.25,7683.00,7684.75,4218
2026-09-09 07:15,7685.00,7691.00,7683.50,7691.00,3994
2026-09-09 07:30,7690.75,7691.00,7686.25,7687.00,2666
2026-09-09 07:45,7687.00,7687.00,7681.50,7685.25,3581
2026-09-09 08:00,7685.25,7687.75,7683.25,7683.75,3518
2026-09-09 08:15,7684.00,7685.75,7681.00,7684.75,3023
2026-09-09 08:30,7684.75,7686.00,7678.50,7678.50,4189
2026-09-09 08:45,7678.50,7683.25,7677.75,7682.00,2915
2026-09-09 09:00,7682.00,7683.75,7677.75,7680.75,3377
2026-09-09 09:15,7680.75,7681.75,7675.00,7677.25,3754
2026-09-09 09:30,7677.25,7679.50,7669.50,7670.50,7059
2026-09-09 09:45,7670.25,7671.75,7657.00,7659.25,9150
2026-09-09 10:00,7659.50,7664.50,7655.75,7659.75,9515
2026-09-09 10:15,7659.50,7665.00,7657.50,7661.00,5046
2026-09-09 10:30,7661.00,7661.25,7654.50,7654.75,7301
2026-09-09 10:45,7654.75,7655.00,7647.25,7650.00,9180
2026-09-09 11:00,7650.00,7657.50,7649.00,7654.25,6569
2026-09-09 11:15,7654.50,7658.50,7649.75,7656.00,5230
2026-09-09 11:30,7656.00,7656.00,7650.50,7651.25,6655
2026-09-09 11:45,7651.00,7663.50,7651.00,7652.75,14043
2026-09-09 12:00,7652.75,7653.50,7644.50,7644.75,8200
2026-09-09 12:15,7644.75,7649.75,7644.75,7647.00,7356
2026-09-09 12:30,7646.75,7654.00,7645.75,7652.75,6837
2026-09-09 12:45,7652.50,7657.00,7652.50,7655.50,8431
2026-09-09 13:00,7655.50,7659.25,7654.00,7656.50,8841
2026-09-09 13:15,7656.50,7662.25,7655.00,7660.50,11786
2026-09-09 13:30,7660.75,7663.75,7651.75,7656.75,72519
2026-09-09 13:45,7656.75,7662.00,7654.00,7661.00,49910
2026-09-09 14:00,7660.75,7662.00,7653.50,7658.75,45654
2026-09-09 14:15,7658.50,7660.75,7644.50,7659.50,70487
2026-09-09 14:30,7659.50,7660.00,7652.25,7657.50,46511
2026-09-09 14:45,7657.50,7659.25,7654.00,7657.75,32849
2026-09-09 15:00,7658.00,7665.00,7633.50,7636.00,101407
2026-09-09 15:15,7635.75,7641.50,7628.75,7635.25,74232
2026-09-09 15:30,7635.25,7650.75,7634.50,7642.25,69167
2026-09-09 15:45,7642.25,7646.25,7638.25,7641.25,33389
2026-09-09 16:00,7641.50,7643.75,7633.75,7636.00,32727
2026-09-09 16:15,7636.00,7638.00,7632.75,7635.75,26210
2026-09-09 16:30,7635.75,7644.50,7635.50,7644.25,27623
2026-09-09 16:45,7644.50,7648.75,7641.50,7645.75,27193
2026-09-09 17:00,7645.75,7652.25,7643.50,7651.25,38882
2026-09-09 17:15,7651.50,7653.00,7647.50,7649.00,28068
2026-09-09 17:30,7649.25,7650.50,7643.50,7648.75,25794
2026-09-09 17:45,7649.00,7653.25,7648.75,7650.25,22806
2026-09-09 18:00,7650.25,7652.00,7643.75,7644.00,21883
2026-09-09 18:15,7644.00,7650.50,7642.75,7648.50,24366
2026-09-09 18:30,7648.25,7653.00,7645.75,7651.75,22721
2026-09-09 18:45,7651.50,7653.75,7648.75,7648.75,22397
2026-09-09 19:00,7648.75,7651.50,7646.25,7649.50,23642
2026-09-09 19:15,7649.75,7654.50,7649.50,7651.25,20158
2026-09-09 19:30,7651.25,7652.25,7646.00,7648.25,27105
2026-09-09 19:45,7648.25,7649.75,7641.25,7644.50,102740
2026-09-09 20:00,7644.50,7647.25,7642.50,7646.00,26025
2026-09-09 20:15,7646.25,7646.50,7644.75,7645.25,4682
2026-09-09 20:30,7645.25,7647.75,7645.00,7646.75,4058
2026-09-09 20:45,7647.00,7648.25,7645.75,7648.00,3348
2026-09-09 22:00,7646.50,7651.00,7646.25,7646.75,733
2026-09-09 22:15,7647.00,7647.25,7645.75,7646.00,698
2026-09-09 22:30,7646.00,7647.75,7646.00,7647.50,630
2026-09-09 22:45,7647.50,7648.00,7646.25,7647.00,469
2026-09-09 23:00,7647.00,7647.25,7646.25,7646.25,558
2026-09-09 23:15,7646.25,7648.00,7645.75,7647.25,863
2026-09-09 23:30,7647.50,7648.25,7647.25,7648.00,407
2026-09-09 23:45,7648.00,7653.00,7647.25,7652.00,1999
2026-09-10 00:00,7652.25,7654.75,7650.50,7651.75,3353
2026-09-10 00:15,7651.75,7656.50,7651.50,7656.25,3407
2026-09-10 00:30,7656.00,7656.25,7652.25,7654.25,2203
2026-09-10 00:45,7654.00,7654.00,7647.25,7647.50,2868
2026-09-10 01:00,7647.50,7650.50,7646.25,7648.00,3185
2026-09-10 01:15,7648.00,7650.50,7644.75,7645.50,2406
2026-09-10 01:30,7645.50,7649.75,7644.00,7649.25,2347
2026-09-10 01:45,7649.00,7652.00,7648.25,7651.50,2703
2026-09-10 02:00,7651.50,7652.25,7648.50,7651.25,2107
2026-09-10 02:15,7651.00,7651.25,7648.25,7649.00,1335
2026-09-10 02:30,7649.00,7655.50,7648.75,7654.25,1939
2026-09-10 02:45,7654.00,7655.00,7653.00,7654.50,1343
2026-09-10 03:00,7654.50,7656.75,7654.25,7654.50,1564
2026-09-10 03:15,7654.50,7656.00,7652.00,7654.25,1693
2026-09-10 03:30,7654.00,7655.00,7653.25,7654.75,1164
2026-09-10 03:45,7654.75,7656.50,7654.50,7655.75,1323
2026-09-10 04:00,7656.25,7657.25,7656.00,7656.75,1283
2026-09-10 04:15,7656.75,7657.25,7655.00,7656.25,1336
2026-09-10 04:30,7656.25,7657.75,7655.75,7656.00,966
2026-09-10 04:45,7656.25,7660.00,7656.00,7659.00,1449
2026-09-10 05:00,7659.00,7660.50,7657.75,7660.00,1257
2026-09-10 05:15,7660.00,7663.00,7659.25,7662.75,1612
2026-09-10 05:30,7663.00,7664.75,7661.25,7662.75,2167
2026-09-10 05:45,7663.00,7665.75,7661.00,7663.50,1847
2026-09-10 06:00,7663.50,7664.75,7661.00,7661.50,2028
2026-09-10 06:15,7661.75,7663.50,7659.25,7663.50,2113
2026-09-10 06:30,7663.75,7666.25,7662.75,7664.75,2490
2026-09-10 06:45,7664.75,7666.25,7663.00,7664.00,1992
2026-09-10 07:00,7664.00,7664.00,7660.00,7662.75,3003
2026-09-10 07:15,7662.75,7664.00,7657.50,7657.75,2989
2026-09-10 07:30,7657.75,7660.75,7656.25,7660.50,2849
2026-09-10 07:45,7660.50,7661.25,7658.50,7659.25,2537
2026-09-10 08:00,7659.50,7662.50,7657.50,7658.00,4002
2026-09-10 08:15,7658.00,7660.75,7656.50,7660.00,3157
2026-09-10 08:30,7660.25,7661.00,7652.75,7653.50,3321
2026-09-10 08:45,7653.75,7655.25,7651.25,7652.50,3203
2026-09-10 09:00,7652.50,7655.50,7651.25,7652.75,3487
2026-09-10 09:15,7653.00,7654.25,7649.75,7650.50,2438
2026-09-10 09:30,7650.25,7650.75,7646.00,7650.50,3964
2026-09-10 09:45,7650.50,7654.75,7650.25,7652.00,3953
2026-09-10 10:00,7652.00,7654.00,7649.75,7650.50,3384
2026-09-10 10:15,7650.50,7653.50,7650.50,7651.00,2440
2026-09-10 10:30,7651.25,7653.25,7647.25,7651.25,3441
2026-09-10 10:45,7651.25,7657.00,7646.25,7648.25,8601
2026-09-10 11:00,7648.00,7648.75,7642.75,7645.25,5437
2026-09-10 11:15,7645.00,7645.75,7642.50,7643.00,3081
2026-09-10 11:30,7643.25,7648.50,7643.00,7644.50,3493
2026-09-10 11:45,7644.50,7645.75,7632.00,7632.00,11196
2026-09-10 12:00,7632.00,7635.00,7628.75,7632.75,13819
2026-09-10 12:15,7633.00,7633.75,7623.75,7625.75,11557
2026-09-10 12:30,7627.00,7630.00,7598.75,7602.50,53073
2026-09-10 12:45,7602.50,7606.75,7597.75,7601.50,32249
2026-09-10 13:00,7601.50,7609.00,7600.50,7601.00,21718
2026-09-10 13:15,7600.75,7603.50,7595.00,7598.75,20902
2026-09-10 13:30,7599.00,7606.75,7593.75,7600.25,106417
2026-09-10 13:45,7600.25,7609.00,7586.00,7586.75,79979
2026-09-10 14:00,7586.75,7597.00,7585.50,7593.00,76272
2026-09-10 14:15,7592.75,7620.00,7590.50,7606.25,109923
2026-09-10 14:30,7606.25,7615.50,7605.50,7607.75,53894
2026-09-10 14:45,7607.75,7614.50,7603.75,7613.50,47557
2026-09-10 15:00,7613.25,7614.00,7604.75,7609.75,46378
2026-09-10 15:15,7609.75,7615.00,7605.75,7611.25,39543
2026-09-10 15:30,7611.50,7619.25,7609.25,7613.25,42046
2026-09-10 15:45,7613.50,7614.75,7601.25,7604.75,41990
2026-09-10 16:00,7605.00,7610.25,7597.50,7600.50,43086
2026-09-10 16:15,7600.25,7603.75,7597.00,7600.25,29347
2026-09-10 16:30,7600.00,7608.50,7591.50,7607.25,50508
2026-09-10 16:45,7607.25,7613.00,7606.25,7611.50,36969
2026-09-10 17:00,7611.25,7617.75,7607.00,7609.50,45210
2026-09-10 17:15,7609.50,7611.25,7604.25,7605.25,27441
2026-09-10 17:30,7605.00,7607.25,7599.50,7603.50,27238
2026-09-10 17:45,7603.75,7605.00,7601.25,7602.25,20421
2026-09-10 18:00,7602.25,7605.25,7594.25,7596.50,35478
2026-09-10 18:15,7596.25,7600.00,7594.00,7596.75,23949
2026-09-10 18:30,7596.50,7598.75,7591.75,7597.75,24455
2026-09-10 18:45,7597.50,7603.50,7593.50,7597.00,39689
2026-09-10 19:00,7597.00,7599.50,7592.50,7597.50,42456
2026-09-10 19:15,7597.75,7599.25,7593.00,7595.75,28096
2026-09-10 19:30,7595.75,7602.75,7594.25,7600.00,33870
2026-09-10 19:45,7600.25,7602.75,7595.75,7598.50,114953
2026-09-10 20:00,7598.75,7606.25,7595.75,7605.75,33272
2026-09-10 20:15,7606.00,7606.50,7603.25,7603.50,5072
2026-09-10 20:30,7603.75,7605.00,7603.25,7604.00,3674
2026-09-10 20:45,7604.25,7605.50,7599.25,7602.00,5370
2026-09-10 22:00,7599.50,7603.75,7599.50,7602.75,775
2026-09-10 22:15,7602.50,7607.25,7601.00,7601.00,2918
2026-09-10 22:30,7601.00,7602.00,7598.75,7599.00,2037
2026-09-10 22:45,7599.00,7602.00,7598.25,7599.75,1284
2026-09-10 23:00,7599.50,7601.50,7599.25,7601.25,866
2026-09-10 23:15,7601.25,7601.75,7599.50,7600.25,736
2026-09-10 23:30,7600.25,7601.75,7599.75,7601.00,1027
2026-09-10 23:45,7601.00,7601.00,7594.50,7595.00,2709
2026-09-11 00:00,7595.00,7606.25,7594.25,7604.25,8107
2026-09-11 00:15,7604.50,7609.00,7603.00,7608.50,3305
2026-09-11 00:30,7608.50,7612.25,7605.25,7606.75,4190
2026-09-11 00:45,7607.00,7613.75,7606.75,7613.25,2758
2026-09-11 01:00,7613.25,7616.25,7612.50,7613.25,4115
2026-09-11 01:15,7613.25,7613.50,7609.00,7609.25,2695
2026-09-11 01:30,7609.25,7611.50,7606.75,7608.50,3200
2026-09-11 01:45,7608.50,7610.00,7606.75,7610.00,2282
2026-09-11 02:00,7610.00,7611.25,7608.50,7610.00,1687
2026-09-11 02:15,7610.25,7610.25,7605.00,7606.25,2355
2026-09-11 02:30,7606.25,7606.75,7602.25,7603.00,2402
2026-09-11 02:45,7603.25,7608.00,7602.50,7603.75,2549
2026-09-11 03:00,7603.50,7604.25,7599.75,7602.25,2361
2026-09-11 03:15,7602.00,7603.50,7600.00,7601.25,1706
2026-09-11 03:30,7601.25,7604.25,7597.75,7603.75,2583
2026-09-11 03:45,7603.75,7604.00,7599.25,7602.75,1953
2026-09-11 04:00,7605.00,7607.25,7601.25,7606.75,4525
2026-09-11 04:15,7606.50,7611.00,7604.75,7610.75,2441
2026-09-11 04:30,7610.75,7612.50,7610.00,7612.50,1970
2026-09-11 04:45,7612.50,7614.50,7611.00,7611.25,2228
2026-09-11 05:00,7611.00,7616.50,7610.75,7616.25,3310
2026-09-11 05:15,7616.25,7617.00,7611.50,7612.00,2002
2026-09-11 05:30,7612.00,7620.75,7612.00,7620.25,4198
2026-09-11 05:45,7620.00,7627.50,7617.50,7626.00,5561
2026-09-11 06:00,7626.00,7629.50,7622.50,7627.75,4371
2026-09-11 06:15,7628.00,7629.00,7625.25,7627.00,5391
2026-09-11 06:30,7627.00,7629.00,7623.75,7626.25,5055
2026-09-11 06:45,7626.50,7632.25,7626.50,7631.00,4840
2026-09-11 07:00,7631.00,7633.00,7629.00,7630.50,6900
2026-09-11 07:15,7630.50,7631.50,7627.00,7627.00,4637
2026-09-11 07:30,7627.00,7629.00,7625.25,7626.25,5292
2026-09-11 07:45,7626.00,7627.50,7624.50,7626.75,3620
2026-09-11 08:00,7626.75,7630.25,7623.25,7627.00,7989
2026-09-11 08:15,7627.00,7644.25,7626.00,7631.25,14022
2026-09-11 08:30,7631.25,7638.00,7631.25,7634.50,5681
2026-09-11 08:45,7634.50,7643.75,7633.50,7643.75,10028
2026-09-11 09:00,7643.75,7647.75,7637.25,7637.50,10123
2026-09-11 09:15,7637.25,7640.25,7636.50,7638.75,3848
2026-09-11 09:30,7638.75,7640.75,7638.50,7639.25,3362
2026-09-11 09:45,7639.25,7642.25,7638.75,7641.00,2857
2026-09-11 10:00,7640.75,7645.25,7635.50,7642.25,9022
2026-09-11 10:15,7642.50,7643.50,7639.75,7640.75,3368
2026-09-11 10:30,7640.75,7643.50,7640.00,7640.00,3098
2026-09-11 10:45,7640.00,7640.00,7638.00,7638.50,3381
2026-09-11 11:00,7638.75,7639.50,7635.50,7636.25,4197
2026-09-11 11:15,7636.25,7641.25,7635.50,7639.50,4046
2026-09-11 11:30,7639.50,7640.50,7635.75,7640.50,5145
2026-09-11 11:45,7640.75,7642.50,7637.75,7640.75,4341
2026-09-11 12:00,7640.75,7644.00,7637.50,7641.75,9240
2026-09-11 12:15,7641.75,7657.50,7640.75,7653.75,16825
2026-09-11 12:30,7653.50,7655.25,7620.50,7646.50,46715
2026-09-11 12:45,7646.75,7677.50,7644.75,7676.25,34841
2026-09-11 13:00,7676.25,7683.50,7665.50,7667.25,40436
2026-09-11 13:15,7667.50,7673.00,7664.50,7665.00,24719
2026-09-11 13:30,7665.00,7677.75,7659.75,7672.25,125814
2026-09-11 13:45,7672.50,7682.00,7664.75,7681.00,79778
2026-09-11 14:00,7681.00,7681.25,7664.50,7666.50,87200
2026-09-11 14:15,7666.75,7678.75,7664.00,7675.00,65175
2026-09-11 14:30,7675.00,7676.00,7656.00,7657.75,79032
2026-09-11 14:45,7657.75,7665.50,7653.25,7657.25,90545
2026-09-11 15:00,7657.25,7670.25,7655.25,7663.50,67043
2026-09-11 15:15,7663.50,7680.25,7663.50,7677.50,61692
2026-09-11 15:30,7677.50,7680.50,7673.75,7679.00,55708
2026-09-11 15:45,7679.00,7679.25,7671.50,7675.00,46384
2026-09-11 16:00,7674.75,7680.00,7673.00,7673.50,33930
2026-09-11 16:15,7673.75,7674.25,7666.25,7667.00,49843
2026-09-11 16:30,7667.00,7675.50,7665.75,7672.00,51075
2026-09-11 16:45,7672.00,7674.50,7670.50,7674.25,29731
2026-09-11 17:00,7674.25,7678.75,7673.00,7673.25,40410
2026-09-11 17:15,7673.50,7681.00,7673.50,7677.50,29964
2026-09-11 17:30,7677.75,7680.25,7675.50,7676.50,30392
2026-09-11 17:45,7676.25,7677.50,7674.00,7674.75,25802
2026-09-11 18:00,7675.00,7677.75,7672.75,7673.50,29268
2026-09-11 18:15,7673.25,7675.00,7668.75,7672.00,44474
2026-09-11 18:30,7672.00,7673.50,7668.50,7669.25,31794
2026-09-11 18:45,7669.00,7671.50,7667.00,7668.00,37078
2026-09-11 19:00,7668.00,7669.50,7663.00,7666.75,36562
2026-09-11 19:15,7666.75,7670.50,7666.25,7667.75,29452
2026-09-11 19:30,7667.75,7668.75,7666.00,7667.50,32057
2026-09-11 19:45,7667.50,7667.75,7657.50,7659.00,165211
2026-09-11 20:00,7659.00,7662.00,7658.50,7660.50,39109
2026-09-11 20:15,7660.50,7661.75,7659.75,7661.00,6306
2026-09-11 20:30,7661.00,7663.50,7660.00,7660.75,4426
2026-09-11 20:45,7661.00,7661.50,7659.50,7659.50,4199
2026-09-13 22:00,7609.50,7612.75,7607.75,7612.25,1565
2026-09-13 22:15,7612.25,7619.00,7609.25,7619.00,3860
2026-09-13 22:30,7618.50,7622.75,7617.25,7617.50,2145
2026-09-13 22:45,7617.50,7620.75,7616.75,7618.50,1068
2026-09-13 23:00,7618.75,7620.25,7617.50,7620.00,776
2026-09-13 23:15,7619.75,7624.75,7619.00,7624.75,1112
2026-09-13 23:30,7624.50,7625.50,7617.75,7619.00,2150
2026-09-13 23:45,7618.75,7619.50,7614.75,7615.50,1792
2026-09-14 00:00,7615.25,7623.25,7614.50,7620.75,2651
2026-09-14 00:15,7621.00,7623.00,7617.75,7620.00,3059
2026-09-14 00:30,7620.00,7623.00,7619.25,7622.75,1430
2026-09-14 00:45,7622.75,7624.50,7621.00,7621.50,1411
2026-09-14 01:00,7621.75,7625.75,7620.50,7622.00,1645
2026-09-14 01:15,7622.25,7624.00,7620.00,7623.50,1001
2026-09-14 01:30,7623.50,7627.75,7621.50,7626.75,1241
2026-09-14 01:45,7626.75,7634.50,7626.75,7632.75,2771
2026-09-14 02:00,7633.00,7634.00,7631.50,7632.50,1512
2026-09-14 02:15,7632.50,7633.25,7631.50,7632.00,1032
2026-09-14 02:30,7632.00,7633.00,7629.00,7629.50,2287
2026-09-14 02:45,7629.25,7632.00,7629.00,7629.50,985
2026-09-14 03:00,7629.50,7629.50,7625.25,7625.50,1992
2026-09-14 03:15,7625.75,7626.50,7624.00,7626.50,1517
2026-09-14 03:30,7626.25,7626.25,7622.25,7622.50,1193
2026-09-14 03:45,7622.75,7624.00,7621.75,7622.25,745
2026-09-14 04:00,7622.50,7624.25,7620.75,7621.25,1057
2026-09-14 04:15,7621.25,7622.75,7620.75,7622.00,788
2026-09-14 04:30,7622.00,7622.75,7619.25,7620.00,1217
2026-09-14 04:45,7620.25,7623.25,7619.50,7620.25,949
2026-09-14 05:00,7620.25,7621.25,7618.50,7620.25,1050
2026-09-14 05:15,7620.25,7620.50,7616.00,7618.75,1323
2026-09-14 05:30,7618.75,7620.25,7615.25,7616.75,1269
2026-09-14 05:45,7616.75,7620.25,7615.50,7620.00,1635
2026-09-14 06:00,7620.00,7624.75,7619.75,7623.50,1767
2026-09-14 06:15,7623.50,7624.25,7621.00,7621.00,2022
2026-09-14 06:30,7621.00,7621.00,7612.25,7614.25,3040
2026-09-14 06:45,7614.50,7615.50,7606.25,7609.50,3852
2026-09-14 07:00,7609.75,7615.50,7607.25,7614.50,4663
2026-09-14 07:15,7614.50,7615.25,7610.75,7611.25,2877
2026-09-14 07:30,7611.25,7613.00,7605.25,7606.00,6117
2026-09-14 07:45,7606.25,7609.00,7604.00,7608.50,5410
2026-09-14 08:00,7608.75,7613.50,7607.25,7610.25,7125
2026-09-14 08:15,7610.25,7610.50,7603.50,7603.75,3445
2026-09-14 08:30,7603.75,7610.75,7603.75,7607.75,5702
2026-09-14 08:45,7607.75,7609.00,7600.00,7608.25,4778
2026-09-14 09:00,7608.00,7609.75,7599.25,7601.00,5371
2026-09-14 09:15,7601.00,7601.25,7593.75,7599.25,6967
2026-09-14 09:30,7599.00,7601.25,7594.50,7595.00,10463
2026-09-14 09:45,7595.25,7598.75,7594.25,7596.50,6295
2026-09-14 10:00,7596.50,7600.75,7596.25,7599.25,4552
2026-09-14 10:15,7599.50,7604.50,7596.25,7604.00,5445
2026-09-14 10:30,7604.00,7609.00,7603.25,7607.75,4217
2026-09-14 10:45,7607.75,7610.75,7606.00,7609.25,5249
2026-09-14 11:00,7609.25,7613.75,7607.00,7611.75,8116
2026-09-14 11:15,7612.00,7617.50,7612.00,7616.50,12872
2026-09-14 11:30,7616.75,7617.75,7610.50,7615.00,5088
2026-09-14 11:45,7615.00,7617.25,7611.25,7611.50,6220
2026-09-14 12:00,7611.50,7612.00,7606.75,7609.75,10550
2026-09-14 12:15,7610.00,7615.00,7607.50,7610.00,12673
2026-09-14 12:30,7610.00,7612.50,7596.50,7607.75,25822
2026-09-14 12:45,7607.75,7609.50,7601.25,7606.50,11275
2026-09-14 13:00,7606.50,7607.00,7596.50,7606.00,20554
2026-09-14 13:15,7606.00,7609.25,7604.50,7606.25,25288
2026-09-14 13:30,7606.50,7611.50,7601.00,7610.50,93809
2026-09-14 13:45,7610.50,7622.25,7610.25,7615.75,91086
2026-09-14 14:00,7615.75,7627.00,7615.25,7620.25,71131
2026-09-14 14:15,7620.25,7622.75,7597.75,7604.00,103874
2026-09-14 14:30,7604.00,7607.00,7596.75,7602.50,85149
2026-09-14 14:45,7602.75,7606.50,7595.25,7601.50,53448
2026-09-14 15:00,7601.50,7615.00,7597.50,7602.25,54255
2026-09-14 15:15,7602.00,7615.00,7601.00,7612.00,61428
2026-09-14 15:30,7612.00,7706.50,7611.50,7705.00,137064
2026-09-14 15:45,7705.25,7705.50,7697.00,7702.00,62291
2026-09-14 16:00,7701.75,7703.50,7696.00,7698.75,52428
2026-09-14 16:15,7699.00,7710.50,7698.75,7704.25,59726
2026-09-14 16:30,7704.25,7708.75,7702.25,7707.25,60553
2026-09-14 16:45,7707.25,7719.75,7704.50,7713.00,73756
2026-09-14 17:00,7713.00,7714.75,7705.50,7705.50,42334
2026-09-14 17:15,7705.75,7711.25,7703.00,7711.25,38551
2026-09-14 17:30,7711.25,7712.75,7709.00,7710.25,46382
2026-09-14 17:45,7710.25,7712.75,7707.50,7707.50,36690
2026-09-14 18:00,7707.50,7712.25,7705.25,7707.50,34015
2026-09-14 18:15,7707.75,7709.00,7703.25,7704.50,32520
2026-09-14 18:30,7704.75,7709.50,7704.00,7707.75,25802
2026-09-14 18:45,7707.75,7709.75,7705.25,7705.50,28783
2026-09-14 19:00,7705.50,7706.50,7700.50,7704.75,40555
2026-09-14 19:15,7704.75,7705.00,7700.75,7702.00,29355
2026-09-14 19:30,7701.75,7704.00,7700.00,7700.50,40602
2026-09-14 19:45,7700.50,7703.25,7691.25,7692.50,139589
2026-09-14 20:00,7692.50,7694.75,7690.50,7692.25,34314
2026-09-14 20:15,7692.25,7695.75,7689.50,7695.50,6475
2026-09-14 20:30,7695.50,7695.75,7694.00,7695.00,4412
2026-09-14 20:45,7695.00,7700.25,7695.00,7700.00,5051
2026-09-14 22:00,7699.25,7700.25,7695.50,7696.75,803
2026-09-14 22:15,7696.75,7697.50,7695.00,7696.25,978
2026-09-14 22:30,7696.50,7697.25,7695.50,7695.50,593
2026-09-14 22:45,7695.75,7698.50,7695.75,7696.75,577
2026-09-14 23:00,7696.75,7697.50,7694.75,7697.00,606
2026-09-14 23:15,7697.00,7697.25,7694.50,7695.00,994
2026-09-14 23:30,7695.00,7697.00,7694.75,7696.00,899
2026-09-14 23:45,7696.25,7696.75,7694.00,7696.00,1591
2026-09-15 00:00,7696.00,7697.50,7692.00,7696.00,2752
2026-09-15 00:15,7696.00,7696.50,7692.75,7694.75,1752
2026-09-15 00:30,7695.00,7700.25,7694.00,7699.50,1516
2026-09-15 00:45,7699.50,7700.50,7697.25,7697.75,1561
2026-09-15 01:00,7697.50,7700.75,7696.25,7700.25,1585
2026-09-15 01:15,7700.25,7701.00,7697.75,7698.00,1555
2026-09-15 01:30,7698.25,7698.25,7690.00,7692.00,3068
2026-09-15 01:45,7692.00,7695.00,7690.50,7693.50,1873
2026-09-15 02:00,7693.25,7695.25,7692.75,7693.50,1588
2026-09-15 02:15,7693.50,7693.50,7691.50,7692.50,837
2026-09-15 02:30,7692.50,7693.50,7690.00,7690.50,2866
2026-09-15 02:45,7690.50,7692.00,7689.75,7690.50,1665
2026-09-15 03:00,7690.25,7691.75,7687.75,7688.75,2193
2026-09-15 03:15,7688.75,7689.25,7687.25,7688.00,1328
2026-09-15 03:30,7688.00,7688.75,7687.00,7687.75,1099
2026-09-15 03:45,7687.75,7688.50,7681.75,7682.25,3390
2026-09-15 04:00,7682.00,7682.75,7680.25,7680.50,1570
2026-09-15 04:15,7680.50,7681.00,7674.25,7675.50,3108
2026-09-15 04:30,7675.75,7677.00,7671.75,7675.75,2944
2026-09-15 04:45,7675.50,7676.75,7668.75,7669.00,2881
2026-09-15 05:00,7668.75,7671.25,7664.75,7665.75,3041
2026-09-15 05:15,7665.50,7669.00,7663.00,7668.25,2181
2026-09-15 05:30,7668.00,7675.00,7665.75,7674.50,3166
2026-09-15 05:45,7674.50,7679.25,7673.25,7674.75,2797
2026-09-15 06:00,7675.00,7677.75,7673.00,7674.75,3425
2026-09-15 06:15,7674.50,7675.75,7671.50,7672.00,2424
2026-09-15 06:30,7672.00,7672.25,7667.50,7668.00,4406
2026-09-15 06:45,7668.00,7669.75,7664.75,7667.50,3217
2026-09-15 07:00,7667.50,7670.00,7660.25,7660.75,7506
2026-09-15 07:15,7660.50,7668.75,7660.50,7665.25,6023
2026-09-15 07:30,7665.25,7666.75,7656.25,7656.50,7808
2026-09-15 07:45,7656.25,7659.75,7653.50,7658.50,7774
2026-09-15 08:00,7658.75,7658.75,7645.00,7653.25,17820
2026-09-15 08:15,7653.25,7660.00,7651.25,7654.00,10789
2026-09-15 08:30,7654.00,7655.00,7649.50,7650.00,6831
2026-09-15 08:45,7650.25,7653.75,7649.00,7651.00,4935
2026-09-15 09:00,7651.25,7653.25,7648.25,7650.25,9043
2026-09-15 09:15,7650.00,7652.25,7645.75,7652.00,13137
2026-09-15 09:30,7652.00,7659.00,7650.75,7657.50,6198
2026-09-15 09:45,7657.50,7666.50,7657.50,7666.00,8983
2026-09-15 10:00,7666.25,7672.00,7664.25,7667.75,10640
2026-09-15 10:15,7667.50,7669.25,7665.00,7668.25,6605
2026-09-15 10:30,7668.50,7676.25,7667.00,7672.00,5988
2026-09-15 10:45,7672.25,7680.50,7670.25,7676.25,5666
2026-09-15 11:00,7676.00,7680.25,7675.25,7678.75,6220
2026-09-15 11:15,7678.75,7681.50,7677.25,7678.25,6158
2026-09-15 11:30,7678.25,7680.00,7675.50,7678.00,10704
2026-09-15 11:45,7678.00,7682.25,7677.50,7681.75,13651
2026-09-15 12:00,7681.75,7684.25,7679.25,7683.75,12407
2026-09-15 12:15,7683.75,7685.25,7678.50,7683.00,11206
2026-09-15 12:30,7683.00,7686.25,7679.75,7684.00,10282
2026-09-15 12:45,7684.00,7697.50,7683.50,7689.25,25201
2026-09-15 13:00,7689.00,7692.50,7688.00,7688.50,19192
2026-09-15 13:15,7688.50,7693.50,7684.25,7684.25,25060
2026-09-15 13:30,7684.25,7687.00,7670.25,7682.50,103313
2026-09-15 13:45,7682.50,7684.75,7674.50,7678.25,64353
2026-09-15 14:00,7678.50,7678.50,7661.50,7662.25,71775
2026-09-15 14:15,7662.25,7667.00,7654.00,7657.00,79483
2026-09-15 14:30,7657.25,7658.75,7650.75,7654.00,64324
2026-09-15 14:45,7654.25,7656.00,7643.50,7646.25,87112
2026-09-15 15:00,7646.50,7655.00,7646.25,7651.75,64992
2026-09-15 15:15,7651.50,7657.25,7650.00,7656.75,46852
2026-09-15 15:30,7657.00,7659.75,7651.25,7657.25,52398
2026-09-15 15:45,7657.25,7658.00,7651.00,7653.00,56345
2026-09-15 16:00,7653.00,7655.25,7648.00,7649.75,33306
2026-09-15 16:15,7649.75,7661.00,7649.00,7658.00,37973
2026-09-15 16:30,7657.75,7660.00,7655.00,7658.25,34096
2026-09-15 16:45,7658.25,7662.75,7655.00,7659.25,34724
2026-09-15 17:00,7659.50,7660.25,7652.25,7653.00,37160
2026-09-15 17:15,7653.00,7653.25,7648.00,7650.75,30477
2026-09-15 17:30,7650.75,7654.75,7650.25,7653.75,30068
2026-09-15 17:45,7653.50,7656.25,7651.50,7655.25,28050
2026-09-15 18:00,7655.50,7662.00,7653.50,7660.25,29201
2026-09-15 18:15,7660.50,7660.75,7655.75,7659.25,31164
2026-09-15 18:30,7659.25,7659.25,7653.50,7654.00,28583
2026-09-15 18:45,7654.25,7657.25,7649.50,7657.00,31382
2026-09-15 19:00,7657.25,7658.75,7653.00,7654.00,25277
2026-09-15 19:15,7654.00,7655.25,7651.75,7652.50,24811
2026-09-15 19:30,7652.50,7653.50,7648.00,7650.25,33488
2026-09-15 19:45,7650.25,7657.75,7648.75,7656.75,127731
2026-09-15 20:00,7657.00,7665.00,7656.50,7664.25,30831
2026-09-15 20:15,7664.50,7664.75,7663.00,7663.50,6647
2026-09-15 20:30,7663.25,7665.25,7663.00,7663.50,3673
2026-09-15 20:45,7663.75,7664.50,7663.00,7663.75,3308
2026-09-15 22:00,7663.25,7665.00,7661.50,7661.75,734
2026-09-15 22:15,7662.00,7663.75,7661.50,7663.25,1586
2026-09-15 22:30,7663.00,7666.75,7663.00,7665.75,1354
2026-09-15 22:45,7665.75,7667.25,7665.25,7666.50,822
2026-09-15 23:00,7666.50,7666.75,7664.25,7664.25,793
2026-09-15 23:15,7664.50,7664.75,7662.50,7663.00,596
2026-09-15 23:30,7662.75,7666.25,7662.50,7665.50,1062
2026-09-15 23:45,7665.75,7666.50,7664.75,7665.50,740
2026-09-16 00:00,7665.50,7667.25,7663.00,7666.25,1608
2026-09-16 00:15,7666.25,7667.00,7664.50,7666.25,1531
2026-09-16 00:30,7666.25,7667.25,7663.75,7664.50,1212
2026-09-16 00:45,7664.50,7666.25,7663.75,7665.00,1325
2026-09-16 01:00,7665.00,7666.50,7660.00,7666.25,3557
2026-09-16 01:15,7666.25,7667.75,7665.00,7666.00,1683
2026-09-16 01:30,7666.00,7666.00,7661.75,7662.25,1699
2026-09-16 01:45,7662.25,7664.25,7658.75,7659.00,2385
2026-09-16 02:00,7659.00,7664.25,7659.00,7660.75,2731
2026-09-16 02:15,7660.75,7666.25,7660.50,7666.00,2400
2026-09-16 02:30,7666.00,7668.25,7664.25,7665.00,2278
2026-09-16 02:45,7665.00,7668.25,7665.00,7668.00,1163
2026-09-16 03:00,7668.00,7673.50,7668.00,7672.50,3015
2026-09-16 03:15,7672.75,7678.00,7672.50,7674.00,3315
2026-09-16 03:30,7673.75,7674.00,7670.00,7672.25,1868
2026-09-16 03:45,7672.25,7674.00,7672.00,7672.50,1492
2026-09-16 04:00,7672.75,7673.25,7672.25,7672.25,1139
2026-09-16 04:15,7672.25,7673.25,7670.25,7670.75,1209
2026-09-16 04:30,7670.50,7671.00,7667.25,7668.00,1355
2026-09-16 04:45,7668.00,7670.50,7668.00,7668.00,916
2026-09-16 05:00,7668.00,7670.00,7665.50,7669.25,1575
2026-09-16 05:15,7669.25,7671.50,7668.75,7671.25,1225
2026-09-16 05:30,7671.25,7673.50,7669.50,7673.50,1387
2026-09-16 05:45,7673.25,7674.00,7670.00,7670.75,1888
2026-09-16 06:00,7670.50,7675.25,7669.50,7673.75,3221
2026-09-16 06:15,7673.50,7674.25,7669.75,7671.50,1534
2026-09-16 06:30,7671.50,7672.25,7669.25,7671.00,2778
2026-09-16 06:45,7671.00,7674.50,7669.50,7673.75,2649
2026-09-16 07:00,7673.75,7678.00,7672.50,7676.50,6458
2026-09-16 07:15,7676.50,7676.75,7671.75,7674.50,3793
2026-09-16 07:30,7674.50,7676.75,7672.00,7672.25,3795
2026-09-16 07:45,7672.50,7673.00,7669.75,7670.75,3791
2026-09-16 08:00,7670.75,7671.25,7663.50,7666.00,5045
2026-09-16 08:15,7666.00,7672.25,7665.25,7668.50,7595
2026-09-16 08:30,7668.50,7671.00,7665.75,7670.00,4351
2026-09-16 08:45,7670.25,7673.50,7668.75,7672.75,2641
2026-09-16 09:00,7672.50,7673.75,7669.00,7669.25,3598
2026-09-16 09:15,7669.25,7670.75,7665.50,7667.50,6002
2026-09-16 09:30,7667.50,7674.75,7667.00,7673.50,3476
2026-09-16 09:45,7673.75,7675.00,7670.75,7673.00,2285
2026-09-16 10:00,7673.25,7674.00,7669.50,7671.75,5639
2026-09-16 10:15,7671.75,7673.00,7670.50,7672.75,3342
2026-09-16 10:30,7672.75,7673.50,7671.75,7673.25,2563
2026-09-16 10:45,7673.25,7677.00,7671.75,7676.25,3004
2026-09-16 11:00,7676.25,7681.50,7673.50,7673.50,12290
2026-09-16 11:15,7673.75,7676.25,7672.00,7675.00,5082
2026-09-16 11:30,7675.25,7681.25,7675.00,7680.00,8295
2026-09-16 11:45,7680.00,7683.50,7679.75,7683.25,5693
2026-09-16 12:00,7683.00,7689.25,7682.50,7683.25,8495
2026-09-16 12:15,7683.25,7684.00,7679.50,7683.75,10786
2026-09-16 12:30,7683.50,7684.00,7675.00,7675.25,9653
2026-09-16 12:45,7675.00,7680.75,7674.00,7679.75,9196
2026-09-16 13:00,7679.75,7681.00,7673.00,7680.50,12146
2026-09-16 13:15,7680.50,7682.25,7676.25,7676.25,18558
2026-09-16 13:30,7676.50,7679.00,7669.00,7669.75,59925
2026-09-16 13:45,7669.50,7686.50,7669.50,7684.25,55749
2026-09-16 14:00,7684.50,7686.50,7673.00,7677.50,47396
2026-09-16 14:15,7677.75,7679.25,7669.50,7671.75,40737
2026-09-16 14:30,7671.75,7680.75,7670.00,7680.75,47053
2026-09-16 14:45,7680.50,7685.00,7678.00,7684.25,34304
2026-09-16 15:00,7684.25,7692.75,7683.75,7689.75,58331
2026-09-16 15:15,7690.00,7690.50,7685.25,7685.75,31779
2026-09-16 15:30,7686.00,7688.25,7682.00,7688.00,27968
2026-09-16 15:45,7687.75,7699.00,7687.00,7689.00,51649
2026-09-16 16:00,7689.00,7689.75,7683.75,7685.75,24412
2026-09-16 16:15,7685.75,7686.75,7680.25,7683.25,19999
2026-09-16 16:30,7683.25,7684.00,7678.25,7680.75,14268
2026-09-16 16:45,7680.75,7683.50,7678.75,7679.25,19037
2026-09-16 17:00,7679.50,7679.75,7674.00,7678.75,20244
2026-09-16 17:15,7678.75,7681.00,7676.75,7680.75,17322
2026-09-16 17:30,7681.00,7682.25,7674.50,7674.75,18743
2026-09-16 17:45,7674.75,7684.75,7674.75,7683.50,18129
2026-09-16 18:00,7684.50,7694.25,7668.75,7681.25,75180
2026-09-16 18:15,7681.25,7685.00,7669.25,7678.00,52167
2026-09-16 18:30,7678.25,7683.25,7641.00,7671.25,126483
2026-09-16 18:45,7671.25,7677.25,7617.50,7618.75,121771
2026-09-16 19:00,7618.75,7633.75,7591.00,7592.50,124448
2026-09-16 19:15,7592.50,7600.75,7575.00,7591.75,103895
2026-09-16 19:30,7591.75,7608.00,7590.50,7600.75,85474
2026-09-16 19:45,7600.75,7625.00,7600.50,7622.25,130460
2026-09-16 20:00,7622.25,7626.00,7620.00,7621.75,37891
2026-09-16 20:15,7621.75,7623.00,7617.25,7620.25,8452
2026-09-16 20:30,7620.25,7623.00,7619.00,7621.25,5091
2026-09-16 20:45,7621.25,7623.00,7618.50,7622.00,4833
2026-09-16 22:00,7624.00,7628.25,7617.50,7626.25,2078
2026-09-16 22:15,7626.25,7632.50,7625.50,7632.25,2583
2026-09-16 22:30,7632.25,7639.75,7632.00,7638.75,3098
2026-09-16 22:45,7638.50,7639.25,7634.75,7636.75,2746
2026-09-16 23:00,7636.50,7640.00,7635.75,7638.50,1771
2026-09-16 23:15,7638.75,7647.75,7638.75,7645.00,3130
2026-09-16 23:30,7645.25,7654.00,7645.00,7652.00,5369
2026-09-16 23:45,7652.25,7657.50,7651.50,7657.25,5050
2026-09-17 00:00,7657.50,7662.25,7656.00,7656.00,6002
2026-09-17 00:15,7656.00,7660.25,7654.00,7656.75,5196
2026-09-17 00:30,7656.75,7667.75,7656.75,7665.50,6436
2026-09-17 00:45,7665.50,7666.00,7659.75,7664.00,4658
2026-09-17 01:00,7664.00,7668.00,7660.75,7663.75,3511
2026-09-17 01:15,7663.50,7664.50,7662.00,7663.25,2673
2026-09-17 01:30,7663.25,7666.75,7659.50,7663.50,3788
2026-09-17 01:45,7663.25,7664.25,7658.25,7660.00,3492
2026-09-17 02:00,7660.00,7664.75,7659.75,7662.00,3042
2026-09-17 02:15,7661.50,7665.25,7661.50,7663.75,2407
2026-09-17 02:30,7664.00,7669.75,7663.75,7668.75,2812
2026-09-17 02:45,7668.50,7668.75,7664.75,7665.25,1814
2026-09-17 03:00,7665.25,7667.50,7664.75,7667.25,1544
2026-09-17 03:15,7667.50,7668.25,7664.75,7668.00,1329
2026-09-17 03:30,7667.75,7670.25,7666.75,7669.50,1387
2026-09-17 03:45,7669.50,7670.00,7666.75,7669.75,2197
2026-09-17 04:00,7669.25,7669.25,7667.25,7668.25,1297
2026-09-17 04:15,7668.25,7668.25,7665.75,7667.25,1276
2026-09-17 04:30,7667.25,7670.25,7666.00,7668.75,1684
2026-09-17 04:45,7669.00,7670.25,7666.50,7667.25,1146
2026-09-17 05:00,7667.25,7667.75,7664.00,7664.50,1450
2026-09-17 05:15,7664.50,7665.25,7662.50,7663.50,1929
2026-09-17 05:30,7663.50,7664.00,7659.00,7659.00,3019
2026-09-17 05:45,7659.00,7660.25,7656.25,7657.25,2153
2026-09-17 06:00,7657.00,7664.50,7656.75,7661.50,4203
2026-09-17 06:15,7661.75,7671.50,7658.50,7671.25,5406
2026-09-17 06:30,7671.25,7676.75,7671.00,7676.25,5255
2026-09-17 06:45,7676.00,7677.50,7674.25,7675.25,4391
2026-09-17 07:00,7675.25,7684.00,7673.50,7680.25,8811
2026-09-17 07:15,7680.50,7687.00,7678.75,7686.75,7719
2026-09-17 07:30,7686.50,7689.25,7684.75,7685.75,7066
2026-09-17 07:45,7685.75,7686.25,7679.00,7680.25,6046
2026-09-17 08:00,7680.00,7681.75,7673.50,7674.50,6827
2026-09-17 08:15,7674.25,7678.25,7671.25,7677.75,4722
2026-09-17 08:30,7677.75,7680.75,7676.25,7679.00,3610
2026-09-17 08:45,7679.00,7684.50,7678.75,7683.25,3487
2026-09-17 09:00,7683.25,7689.25,7683.00,7686.75,3838
2026-09-17 09:15,7686.75,7687.75,7683.50,7683.75,3771
2026-09-17 09:30,7683.50,7687.00,7683.50,7685.75,3668
2026-09-17 09:45,7685.50,7685.75,7681.25,7682.75,2982
2026-09-17 10:00,7682.50,7687.00,7682.50,7685.25,3107
2026-09-17 10:15,7685.25,7689.50,7683.50,7687.50,3944
2026-09-17 10:30,7687.75,7689.50,7684.25,7684.75,4905
2026-09-17 10:45,7684.75,7688.75,7684.25,7687.50,2379
2026-09-17 11:00,7687.75,7690.75,7685.75,7688.00,9737
2026-09-17 11:15,7688.25,7688.75,7684.75,7686.25,5275
2026-09-17 11:30,7686.00,7687.50,7683.00,7683.00,4291
2026-09-17 11:45,7683.00,7695.50,7682.25,7695.25,13842
2026-09-17 12:00,7695.00,7703.50,7690.00,7701.75,22286
2026-09-17 12:15,7702.00,7716.75,7701.25,7716.50,22625
2026-09-17 12:30,7716.25,7722.25,7713.00,7717.75,23102
2026-09-17 12:45,7717.75,7720.00,7715.25,7717.50,13748
2026-09-17 13:00,7717.75,7722.00,7714.75,7716.00,13885
2026-09-17 13:15,7716.00,7718.50,7712.50,7713.25,15470
2026-09-17 13:30,7713.50,7716.25,7688.25,7690.50,91229
2026-09-17 13:45,7690.75,7697.25,7688.25,7693.75,68846
2026-09-17 14:00,7693.50,7693.75,7680.50,7692.25,58643
2026-09-17 14:15,7692.25,7703.75,7691.00,7697.75,54699
2026-09-17 14:30,7697.50,7703.25,7696.25,7699.50,38618
2026-09-17 14:45,7699.50,7700.25,7684.50,7688.25,51186
2026-09-17 15:00,7688.00,7692.75,7683.75,7692.00,38529
2026-09-17 15:15,7691.75,7698.00,7689.75,7696.25,30962
2026-09-17 15:30,7696.25,7706.25,7695.25,7703.50,31574
2026-09-17 15:45,7703.50,7706.50,7701.50,7706.50,29430
2026-09-17 16:00,7706.50,7707.25,7701.50,7704.00,25941
2026-09-17 16:15,7703.75,7707.50,7702.75,7706.25,19758
2026-09-17 16:30,7706.25,7707.75,7700.50,7707.50,27087
2026-09-17 16:45,7707.50,7708.00,7697.00,7706.00,40539
2026-09-17 17:00,7706.00,7709.25,7702.75,7703.50,25232
2026-09-17 17:15,7703.75,7704.50,7699.50,7702.00,19810
2026-09-17 17:30,7702.00,7706.50,7700.25,7706.00,18562
2026-09-17 17:45,7705.75,7708.00,7704.25,7707.75,20214
2026-09-17 18:00,7707.75,7710.00,7705.75,7708.75,24333
2026-09-17 18:15,7709.00,7711.25,7706.75,7708.50,25168
2026-09-17 18:30,7708.75,7710.25,7702.75,7704.75,24791
2026-09-17 18:45,7705.00,7708.00,7703.25,7705.75,21123
2026-09-17 19:00,7705.75,7711.75,7705.50,7709.00,27000
2026-09-17 19:15,7709.00,7710.50,7706.25,7706.75,18285
2026-09-17 19:30,7706.75,7712.00,7706.75,7711.75,30735
2026-09-17 19:45,7711.50,7715.50,7705.00,7707.25,118396
2026-09-17 20:00,7707.25,7708.50,7704.00,7704.50,30425
2026-09-17 20:15,7704.25,7705.25,7701.75,7702.00,6489
2026-09-17 20:30,7701.75,7703.00,7701.50,7701.75,3618
2026-09-17 20:45,7701.50,7704.00,7701.00,7702.25,4133
2026-09-17 22:00,7703.50,7704.25,7699.50,7701.50,1051
2026-09-17 22:15,7701.25,7701.50,7697.75,7698.00,1176
2026-09-17 22:30,7697.75,7699.25,7697.00,7698.00,1578
2026-09-17 22:45,7698.00,7699.25,7697.00,7699.00,804
2026-09-17 23:00,7699.25,7702.00,7699.25,7700.00,1314
2026-09-17 23:15,7700.00,7701.50,7699.00,7700.00,548
2026-09-17 23:30,7700.00,7702.25,7699.50,7701.25,748
2026-09-17 23:45,7701.50,7702.50,7700.50,7700.75,1057
2026-09-18 00:00,7700.75,7701.75,7698.00,7701.25,3104
2026-09-18 00:15,7701.00,7702.75,7699.75,7701.00,2103
2026-09-18 00:30,7701.00,7703.00,7698.75,7701.25,2246
2026-09-18 00:45,7701.25,7701.50,7698.25,7699.50,1488
2026-09-18 01:00,7699.50,7701.25,7697.50,7698.00,1902
2026-09-18 01:15,7697.75,7698.50,7696.00,7697.25,1497
2026-09-18 01:30,7697.50,7699.75,7696.25,7697.50,1599
2026-09-18 01:45,7697.75,7701.25,7697.75,7701.00,1515
2026-09-18 02:00,7701.00,7701.75,7699.00,7700.75,1265
2026-09-18 02:15,7700.75,7703.25,7700.25,7703.00,1015
2026-09-18 02:30,7703.00,7704.25,7702.25,7703.00,1008
2026-09-18 02:45,7703.00,7705.00,7702.75,7703.75,1793
2026-09-18 03:00,7703.75,7709.50,7703.50,7709.25,2721
2026-09-18 03:15,7709.00,7709.75,7707.00,7709.00,1429
2026-09-18 03:30,7709.00,7712.00,7708.50,7711.50,1642
2026-09-18 03:45,7711.75,7714.25,7711.75,7713.25,1638
2026-09-18 04:00,7714.75,7715.75,7714.50,7714.75,1277
2026-09-18 04:15,7714.75,7715.50,7712.75,7715.00,1260
2026-09-18 04:30,7715.25,7719.25,7715.25,7718.75,1559
2026-09-18 04:45,7719.00,7721.75,7718.50,7721.75,1957
2026-09-18 05:00,7721.50,7723.00,7721.25,7722.75,1397
2026-09-18 05:15,7723.00,7724.50,7722.25,7723.25,1769
2026-09-18 05:30,7723.50,7730.00,7723.00,7730.00,3336
2026-09-18 05:45,7729.75,7730.25,7725.75,7726.75,2767
2026-09-18 06:00,7726.75,7729.25,7726.75,7728.00,3238
2026-09-18 06:15,7728.00,7730.75,7725.75,7728.75,3374
2026-09-18 06:30,7728.75,7734.50,7728.75,7733.50,3765
2026-09-18 06:45,7733.50,7734.75,7732.50,7733.75,2697
2026-09-18 07:00,7733.75,7736.00,7732.25,7733.25,4455
2026-09-18 07:15,7733.25,7738.00,7733.00,7737.75,4713
2026-09-18 07:30,7738.00,7739.25,7733.25,7734.25,5267
2026-09-18 07:45,7734.25,7736.75,7733.75,7734.50,3352
2026-09-18 08:00,7734.25,7735.50,7728.75,7729.25,4819
2026-09-18 08:15,7729.25,7732.00,7725.00,7725.25,3780
2026-09-18 08:30,7725.50,7729.25,7724.50,7729.00,3604
2026-09-18 08:45,7728.75,7730.25,7727.00,7727.50,2722
2026-09-18 09:00,7727.50,7728.50,7725.50,7726.75,2671
2026-09-18 09:15,7726.75,7728.50,7723.50,7723.75,2449
2026-09-18 09:30,7723.75,7723.75,7717.25,7717.25,4089
2026-09-18 09:45,7717.50,7719.75,7716.75,7717.00,3752
2026-09-18 10:00,7716.75,7718.50,7716.00,7718.50,3288
2026-09-18 10:15,7718.25,7720.25,7717.25,7719.25,6019
2026-09-18 10:30,7719.25,7725.25,7719.00,7724.75,5209
2026-09-18 10:45,7724.75,7725.00,7719.75,7720.25,3320
2026-09-18 11:00,7720.25,7724.00,7713.75,7717.50,12308
2026-09-18 11:15,7717.25,7717.25,7711.50,7713.00,5423
2026-09-18 11:30,7712.75,7717.75,7712.25,7713.00,5301
2026-09-18 11:45,7713.00,7714.25,7710.25,7712.00,4082
2026-09-18 12:00,7712.25,7715.00,7702.00,7703.00,14561
2026-09-18 12:15,7703.25,7705.50,7697.75,7699.00,10632
2026-09-18 12:30,7699.00,7703.75,7698.00,7702.50,8474
2026-09-18 12:45,7702.25,7703.50,7699.25,7700.75,6705
2026-09-18 13:00,7700.75,7703.00,7699.25,7701.50,10732
2026-09-18 13:15,7701.50,7710.00,7692.25,7709.75,36743
2026-09-18 13:30,7710.00,7714.50,7701.75,7705.00,79522
2026-09-18 13:45,7705.00,7707.50,7691.25,7693.00,52715
2026-09-18 14:00,7693.00,7695.25,7684.00,7688.00,70448
2026-09-18 14:15,7687.75,7692.00,7683.25,7689.00,43268
2026-09-18 14:30,7688.75,7693.50,7684.00,7685.50,44451
2026-09-18 14:45,7685.75,7695.25,7684.00,7695.00,39265
2026-09-18 15:00,7695.00,7696.00,7689.50,7691.25,31878
2026-09-18 15:15,7691.25,7696.25,7690.00,7695.50,24461
2026-09-18 15:30,7695.50,7697.00,7686.50,7688.25,40765
2026-09-18 15:45,7688.50,7689.50,7683.75,7685.50,23227
2026-09-18 16:00,7685.25,7687.75,7682.00,7685.75,23314
2026-09-18 16:15,7685.75,7687.25,7675.00,7683.25,43003
2026-09-18 16:30,7683.25,7689.00,7681.25,7686.75,30454
2026-09-18 16:45,7686.75,7691.50,7683.50,7689.75,23463
2026-09-18 17:00,7690.00,7691.50,7686.25,7689.25,17010
2026-09-18 17:15,7689.25,7692.00,7688.50,7690.00,12877
2026-09-18 17:30,7690.25,7694.00,7688.25,7694.00,15490
2026-09-18 17:45,7694.00,7695.00,7692.25,7694.50,14452
2026-09-18 18:00,7694.75,7696.00,7693.00,7694.50,16085
2026-09-18 18:15,7694.50,7703.25,7694.50,7701.75,27844
2026-09-18 18:30,7701.75,7702.75,7699.00,7702.50,17663
2026-09-18 18:45,7702.25,7715.75,7702.25,7710.00,48447
2026-09-18 19:00,7709.75,7712.00,7707.75,7709.00,22970
2026-09-18 19:15,7709.00,7710.50,7705.75,7706.25,19215
2026-09-18 19:30,7706.25,7712.25,7704.25,7712.00,29189
2026-09-18 19:45,7712.25,7718.25,7710.25,7712.50,157130
2026-09-18 20:00,7712.50,7729.25,7711.50,7725.50,54240
2026-09-18 20:15,7725.50,7726.25,7723.75,7726.00,8304
2026-09-18 20:30,7726.25,7727.50,7724.50,7727.25,6883
2026-09-18 20:45,7727.00,7728.75,7712.50,7712.50,6370
2026-09-20 22:00,7721.75,7726.50,7721.25,7725.75,1430
2026-09-20 22:15,7725.50,7728.00,7724.25,7727.75,2382
2026-09-20 22:30,7727.75,7733.75,7727.25,7730.25,2871
2026-09-20 22:45,7730.25,7734.50,7729.25,7733.75,1560
2026-09-20 23:00,7733.75,7734.00,7731.50,7732.00,788
2026-09-20 23:15,7732.25,7733.50,7731.25,7733.00,912
2026-09-20 23:30,7733.25,7735.25,7732.75,7734.25,1043
2026-09-20 23:45,7734.00,7735.00,7732.50,7734.50,1107
2026-09-21 00:00,7734.50,7737.75,7733.25,7734.50,3001
2026-09-21 00:15,7734.25,7737.75,7730.75,7736.50,3928
2026-09-21 00:30,7736.50,7741.25,7736.50,7738.50,3172
2026-09-21 00:45,7738.50,7740.25,7737.75,7739.50,2100
2026-09-21 01:00,7739.50,7743.75,7739.50,7742.50,5210
2026-09-21 01:15,7742.25,7743.50,7740.75,7741.00,2029
2026-09-21 01:30,7741.00,7743.25,7740.75,7742.25,1614
2026-09-21 01:45,7742.25,7742.25,7738.25,7738.75,2596
2026-09-21 02:00,7738.50,7741.50,7737.75,7739.75,2100
2026-09-21 02:15,7739.75,7740.75,7738.25,7739.75,1852
2026-09-21 02:30,7739.50,7740.75,7737.50,7740.00,1600
2026-09-21 02:45,7740.00,7742.75,7739.75,7740.25,1888
2026-09-21 03:00,7740.25,7743.75,7740.25,7743.50,1252
2026-09-21 03:15,7743.50,7746.00,7743.25,7744.25,1410
2026-09-21 03:30,7744.25,7744.75,7743.00,7744.50,996
2026-09-21 03:45,7744.50,7746.25,7744.25,7744.50,924
2026-09-21 04:00,7744.00,7746.00,7742.50,7744.25,1398
2026-09-21 04:15,7744.00,7746.50,7744.00,7745.75,950
2026-09-21 04:30,7745.50,7746.00,7743.75,7744.75,752
2026-09-21 04:45,7745.00,7746.00,7744.50,7744.75,649
2026-09-21 05:00,7745.00,7745.25,7743.50,7743.75,899
2026-09-21 05:15,7743.75,7744.75,7743.25,7744.50,1065
2026-09-21 05:30,7744.25,7748.50,7744.00,7746.00,2260
2026-09-21 05:45,7745.75,7746.00,7743.75,7745.50,1215
2026-09-21 06:00,7745.50,7749.25,7745.50,7747.00,3092
2026-09-21 06:15,7746.75,7748.25,7745.50,7747.50,3259
2026-09-21 06:30,7747.25,7749.75,7747.25,7749.00,1958
2026-09-21 06:45,7749.25,7752.25,7748.50,7752.00,2429
2026-09-21 07:00,7752.00,7757.25,7751.50,7755.25,10302
2026-09-21 07:15,7755.25,7757.00,7752.75,7755.75,3622
2026-09-21 07:30,7755.75,7757.00,7753.00,7754.25,4624
2026-09-21 07:45,7754.25,7759.00,7752.50,7757.25,3949
2026-09-21 08:00,7757.25,7761.50,7757.00,7760.25,8569
2026-09-21 08:15,7760.50,7761.25,7759.00,7760.00,3172
2026-09-21 08:30,7759.75,7764.00,7759.50,7763.50,4921
2026-09-21 08:45,7763.25,7764.25,7760.50,7761.00,5603
2026-09-21 09:00,7761.25,7762.25,7759.25,7760.75,3079
2026-09-21 09:15,7761.00,7763.25,7760.00,7761.00,2798
2026-09-21 09:30,7760.75,7762.75,7760.50,7762.25,2318
2026-09-21 09:45,7762.25,7764.50,7761.75,7762.50,2747
2026-09-21 10:00,7762.25,7765.50,7762.25,7765.50,2515
2026-09-21 10:15,7765.75,7767.00,7764.75,7766.25,2535
2026-09-21 10:30,7766.25,7769.00,7765.25,7767.25,4590
2026-09-21 10:45,7767.25,7768.75,7765.75,7766.00,3196
2026-09-21 11:00,7765.75,7767.00,7763.25,7764.50,3190
2026-09-21 11:15,7764.25,7766.00,7763.00,7764.25,2831
2026-09-21 11:30,7764.00,7768.25,7763.75,7768.25,4291
2026-09-21 11:45,7768.00,7771.25,7767.00,7767.50,4905
2026-09-21 12:00,7767.75,7770.50,7764.00,7765.25,8465
2026-09-21 12:15,7765.25,7767.00,7763.25,7763.50,4078
2026-09-21 12:30,7763.50,7768.00,7763.00,7767.75,6993
2026-09-21 12:45,7767.75,7767.75,7761.25,7761.50,5068
2026-09-21 13:00,7761.50,7764.50,7760.75,7762.50,6519
2026-09-21 13:15,7762.50,7763.75,7758.75,7760.25,13309
2026-09-21 13:30,7760.50,7766.25,7758.25,7766.00,57986
2026-09-21 13:45,7766.25,7775.00,7765.75,7774.75,44605
2026-09-21 14:00,7774.75,7777.00,7767.75,7775.50,47045
2026-09-21 14:15,7775.50,7791.00,7775.25,7788.00,55198
2026-09-21 14:30,7788.25,7793.50,7786.25,7787.75,47404
2026-09-21 14:45,7787.75,7792.25,7785.00,7790.00,34081
2026-09-21 15:00,7790.00,7796.25,7789.00,7796.00,35067
2026-09-21 15:15,7796.25,7800.00,7795.75,7796.25,31479
2026-09-21 15:30,7796.25,7805.00,7795.75,7805.00,36763
2026-09-21 15:45,7804.75,7811.50,7803.00,7805.25,42127
2026-09-21 16:00,7805.25,7816.50,7802.75,7813.25,44845
2026-09-21 16:15,7813.50,7818.25,7812.00,7816.00,29815
2026-09-21 16:30,7816.00,7824.75,7815.75,7818.00,37978
2026-09-21 16:45,7818.00,7821.25,7817.25,7821.00,21998
2026-09-21 17:00,7821.25,7827.00,7819.50,7826.00,25250
2026-09-21 17:15,7826.25,7828.00,7822.00,7826.00,27879
2026-09-21 17:30,7826.25,7827.25,7820.00,7826.75,29195
2026-09-21 17:45,7826.75,7830.00,7825.25,7826.75,25718
2026-09-21 18:00,7827.00,7832.50,7827.00,7830.75,26410
2026-09-21 18:15,7830.75,7838.25,7829.75,7837.00,28024
2026-09-21 18:30,7837.00,7839.75,7833.75,7839.75,25581
2026-09-21 18:45,7839.50,7844.75,7839.00,7841.25,37079
2026-09-21 19:00,7841.50,7843.50,7837.75,7842.75,30656
2026-09-21 19:15,7842.75,7843.00,7838.25,7839.25,25656
2026-09-21 19:30,7839.25,7847.25,7838.75,7842.50,41007
2026-09-21 19:45,7842.25,7843.50,7832.00,7833.25,155264
2026-09-21 20:00,7833.25,7835.00,7828.50,7831.00,29832
2026-09-21 20:15,7831.00,7831.25,7827.25,7830.25,7061
2026-09-21 20:30,7830.25,7830.50,7826.75,7827.50,3410
2026-09-21 20:45,7827.25,7830.25,7826.50,7829.25,5775
2026-09-21 22:00,7830.00,7833.50,7829.00,7832.25,1556
2026-09-21 22:15,7832.50,7835.00,7831.50,7834.75,1065
2026-09-21 22:30,7834.50,7835.75,7832.75,7834.50,1199
2026-09-21 22:45,7834.50,7835.75,7833.00,7834.50,736
2026-09-21 23:00,7834.75,7837.75,7833.50,7836.75,1126
2026-09-21 23:15,7836.75,7837.25,7834.00,7835.00,1145
2026-09-21 23:30,7835.00,7836.75,7834.00,7836.00,924
2026-09-21 23:45,7836.00,7836.25,7834.75,7835.25,919
2026-09-22 00:00,7835.25,7840.00,7834.50,7837.75,3069
2026-09-22 00:15,7838.00,7838.00,7835.00,7837.25,2822
2026-09-22 00:30,7837.25,7838.50,7832.25,7834.75,3389
2026-09-22 00:45,7835.00,7836.25,7834.50,7835.25,1508
2026-09-22 01:00,7835.50,7835.50,7832.50,7833.75,2309
2026-09-22 01:15,7834.00,7834.25,7831.75,7833.50,2199
2026-09-22 01:30,7833.75,7836.25,7832.25,7835.00,2802
2026-09-22 01:45,7835.00,7836.00,7833.50,7833.50,1692
2026-09-22 02:00,7833.50,7836.50,7833.25,7834.25,1504
2026-09-22 02:15,7834.25,7836.00,7833.50,7835.25,1415
2026-09-22 02:30,7835.50,7836.00,7833.50,7835.25,1442
2026-09-22 02:45,7835.25,7835.50,7834.00,7834.75,973
2026-09-22 03:00,7834.75,7834.75,7832.50,7834.00,1776
2026-09-22 03:15,7834.00,7835.00,7833.75,7834.00,1001
2026-09-22 03:30,7834.25,7835.50,7833.25,7833.50,1159
2026-09-22 03:45,7833.75,7833.75,7831.00,7833.25,1244
2026-09-22 04:00,7833.25,7835.00,7832.50,7834.25,2657
2026-09-22 04:15,7834.00,7835.50,7833.00,7834.50,1797
2026-09-22 04:30,7834.75,7836.50,7834.75,7835.00,1247
2026-09-22 04:45,7835.00,7835.50,7833.50,7834.25,1234
2026-09-22 05:00,7834.25,7834.25,7832.75,7834.00,1593
2026-09-22 05:15,7834.25,7835.00,7832.50,7833.50,2440
2026-09-22 05:30,7833.75,7837.25,7832.25,7837.00,1910
2026-09-22 05:45,7837.00,7839.50,7837.00,7838.25,1877
2026-09-22 06:00,7838.25,7838.25,7834.25,7837.00,3693
2026-09-22 06:15,7836.75,7837.75,7833.75,7836.75,2101
2026-09-22 06:30,7836.50,7838.50,7836.25,7837.00,2297
2026-09-22 06:45,7836.75,7838.25,7836.00,7836.25,1846
2026-09-22 07:00,7836.25,7837.75,7833.75,7836.00,4992
2026-09-22 07:15,7835.75,7837.50,7834.25,7835.00,4712
2026-09-22 07:30,7835.25,7835.25,7831.50,7832.25,4913
2026-09-22 07:45,7832.50,7832.75,7826.50,7826.50,7237
2026-09-22 08:00,7826.50,7826.75,7820.25,7820.25,10866
2026-09-22 08:15,7820.50,7821.75,7812.25,7813.50,12811
2026-09-22 08:30,7813.50,7829.00,7810.50,7828.50,15415
2026-09-22 08:45,7828.50,7836.00,7827.00,7833.50,12713
2026-09-22 09:00,7833.25,7836.25,7826.00,7827.25,11757
2026-09-22 09:15,7827.00,7830.75,7825.50,7827.00,6051
2026-09-22 09:30,7827.25,7833.50,7827.00,7833.25,6104
2026-09-22 09:45,7833.25,7843.00,7831.50,7838.75,19946
2026-09-22 10:00,7838.75,7840.75,7835.00,7837.25,7496
2026-09-22 10:15,7837.25,7838.50,7834.75,7836.75,4240
2026-09-22 10:30,7836.75,7841.50,7836.25,7840.75,3358
2026-09-22 10:45,7840.75,7843.75,7838.00,7838.25,4098
2026-09-22 11:00,7838.25,7839.50,7828.25,7833.75,12594
2026-09-22 11:15,7833.75,7838.25,7833.50,7835.75,3511
2026-09-22 11:30,7835.75,7840.25,7835.25,7839.00,4342
2026-09-22 11:45,7839.00,7842.00,7835.25,7835.50,5071
2026-09-22 12:00,7835.75,7840.00,7834.00,7837.00,6366
2026-09-22 12:15,7837.00,7840.25,7835.25,7840.00,5265
2026-09-22 12:30,7840.00,7842.75,7838.00,7839.00,6809
2026-09-22 12:45,7839.00,7839.75,7835.75,7837.00,6330
2026-09-22 13:00,7837.00,7842.00,7836.50,7841.00,10863
2026-09-22 13:15,7840.75,7843.25,7836.25,7836.75,12300
2026-09-22 13:30,7837.00,7848.50,7835.50,7842.75,69405
2026-09-22 13:45,7842.75,7843.75,7833.25,7835.00,56395
2026-09-22 14:00,7835.00,7845.75,7834.25,7840.25,50295
2026-09-22 14:15,7840.25,7841.25,7831.50,7831.75,38839
2026-09-22 14:30,7832.00,7840.50,7826.75,7829.50,64986
2026-09-22 14:45,7829.50,7835.75,7826.50,7831.00,36896
2026-09-22 15:00,7831.00,7834.75,7828.50,7832.50,40256
2026-09-22 15:15,7832.50,7834.25,7829.75,7830.25,23171
2026-09-22 15:30,7830.25,7830.50,7822.25,7824.50,37089
2026-09-22 15:45,7824.50,7827.50,7822.75,7826.75,25233
2026-09-22 16:00,7826.75,7830.25,7824.75,7830.00,26812
2026-09-22 16:15,7830.00,7830.00,7823.25,7825.50,22609
2026-09-22 16:30,7825.50,7828.75,7824.25,7826.75,18118
2026-09-22 16:45,7826.75,7833.75,7826.50,7832.00,34951
2026-09-22 17:00,7832.00,7833.00,7828.75,7829.50,17559
2026-09-22 17:15,7829.50,7832.50,7827.25,7832.25,15789
2026-09-22 17:30,7832.25,7832.50,7827.25,7831.50,15641
2026-09-22 17:45,7831.25,7839.00,7829.75,7837.50,45694
2026-09-22 18:00,7837.50,7838.50,7833.50,7835.75,25677
2026-09-22 18:15,7835.75,7840.50,7835.50,7837.75,20748
2026-09-22 18:30,7837.75,7839.25,7833.50,7837.50,23971
2026-09-22 18:45,7837.50,7838.50,7832.75,7834.25,16990
2026-09-22 19:00,7834.00,7837.50,7833.50,7836.75,20744
2026-09-22 19:15,7836.75,7841.50,7836.50,7840.25,31627
2026-09-22 19:30,7840.50,7846.75,7839.50,7841.50,54318
2026-09-22 19:45,7841.75,7846.00,7829.75,7831.00,113966
2026-09-22 20:00,7830.75,7834.25,7830.25,7832.00,22678
2026-09-22 20:15,7832.00,7832.25,7828.75,7830.25,6151
2026-09-22 20:30,7830.00,7830.50,7828.75,7828.75,3338
2026-09-22 20:45,7829.00,7829.25,7826.00,7827.75,5211
2026-09-22 22:00,7830.00,7833.75,7829.00,7832.25,1114
2026-09-22 22:15,7832.25,7834.00,7831.25,7832.25,1178
2026-09-22 22:30,7832.50,7834.00,7832.50,7832.75,660
2026-09-22 22:45,7833.00,7833.00,7829.75,7831.25,993
2026-09-22 23:00,7831.50,7832.75,7831.50,7831.75,501
2026-09-22 23:15,7832.00,7833.25,7831.50,7832.50,428
2026-09-22 23:30,7832.25,7833.00,7832.25,7832.25,405
2026-09-22 23:45,7832.50,7834.00,7831.00,7833.50,1154
2026-09-23 00:00,7833.25,7833.75,7830.50,7832.50,2228
2026-09-23 00:15,7832.25,7833.00,7830.25,7831.00,1635
2026-09-23 00:30,7831.00,7832.25,7830.00,7831.25,1449
2026-09-23 00:45,7831.25,7831.75,7827.75,7829.00,2251
2026-09-23 01:00,7829.00,7831.25,7827.75,7830.75,1936
2026-09-23 01:15,7830.50,7834.25,7829.75,7833.75,1649
2026-09-23 01:30,7833.75,7835.25,7831.00,7831.50,2510
2026-09-23 01:45,7831.25,7832.75,7831.25,7832.50,1559
2026-09-23 02:00,7832.75,7832.75,7829.00,7829.50,1850
2026-09-23 02:15,7829.50,7833.25,7827.25,7832.00,2559
2026-09-23 02:30,7832.25,7832.75,7831.00,7831.50,1203
2026-09-23 02:45,7831.50,7833.00,7831.50,7832.25,897
2026-09-23 03:00,7832.25,7833.75,7831.75,7833.75,1083
2026-09-23 03:15,7833.75,7836.00,7832.75,7834.25,1306
2026-09-23 03:30,7834.25,7837.50,7834.00,7836.25,1236
2026-09-23 03:45,7836.25,7837.25,7835.50,7835.50,930
2026-09-23 04:00,7839.25,7839.50,7838.25,7838.75,393
2026-09-23 04:15,7839.00,7840.50,7838.75,7839.00,1122
2026-09-23 04:30,7839.25,7840.75,7839.25,7840.50,846
2026-09-23 04:45,7840.25,7840.75,7838.25,7839.00,1249
2026-09-23 05:00,7839.00,7839.75,7837.50,7838.75,1727
2026-09-23 05:15,7838.75,7839.25,7836.75,7838.25,1598
2026-09-23 05:30,7838.50,7838.50,7835.50,7836.75,2601
2026-09-23 05:45,7836.75,7838.75,7836.00,7836.25,1703
2026-09-23 06:00,7836.50,7840.25,7836.00,7839.75,2395
2026-09-23 06:15,7839.75,7840.00,7836.00,7838.50,2471
2026-09-23 06:30,7838.75,7843.25,7838.50,7843.00,2782
2026-09-23 06:45,7842.75,7842.75,7837.00,7837.50,1952
2026-09-23 07:00,7837.25,7839.25,7835.75,7838.50,4078
2026-09-23 07:15,7838.75,7839.25,7835.25,7838.75,1882
2026-09-23 07:30,7838.75,7839.00,7835.75,7838.00,2757
2026-09-23 07:45,7838.25,7841.25,7837.75,7839.25,2542
2026-09-23 08:00,7839.50,7841.25,7837.00,7840.50,3542
2026-09-23 08:15,7840.50,7842.25,7839.00,7839.50,2136
2026-09-23 08:30,7839.50,7840.25,7835.00,7835.50,3296
2026-09-23 08:45,7835.50,7837.75,7834.25,7836.75,1984
2026-09-23 09:00,7836.50,7838.00,7834.75,7835.00,2382
2026-09-23 09:15,7835.00,7839.25,7834.00,7837.00,2019
2026-09-23 09:30,7837.00,7838.00,7835.25,7836.00,1652
2026-09-23 09:45,7835.75,7835.75,7832.50,7834.75,2536
2026-09-23 10:00,7834.75,7838.00,7834.25,7837.75,2158
2026-09-23 10:15,7837.75,7839.25,7836.75,7838.25,1656
2026-09-23 10:30,7838.50,7838.50,7834.50,7836.00,1955
2026-09-23 10:45,7836.00,7837.00,7834.00,7836.00,1921
2026-09-23 11:00,7835.75,7836.25,7832.25,7833.50,3860
2026-09-23 11:15,7833.50,7835.25,7826.50,7827.00,5109
2026-09-23 11:30,7827.00,7827.25,7819.00,7821.75,8213
2026-09-23 11:45,7821.50,7827.25,7821.50,7826.50,6394
2026-09-23 12:00,7826.50,7828.25,7819.50,7820.50,6837
2026-09-23 12:15,7820.50,7823.25,7818.75,7822.50,5810
2026-09-23 12:30,7822.50,7824.75,7821.25,7821.50,6637
2026-09-23 12:45,7821.75,7824.00,7819.50,7823.50,5248
2026-09-23 13:00,7823.75,7824.00,7819.25,7821.50,6688
2026-09-23 13:15,7821.25,7825.75,7820.25,7823.50,13743
2026-09-23 13:30,7823.50,7826.25,7814.50,7814.50,55609
2026-09-23 13:45,7814.75,7815.00,7799.25,7801.75,71395
2026-09-23 14:00,7801.75,7805.50,7787.50,7790.75,81750
2026-09-23 14:15,7790.75,7793.75,7778.00,7783.00,92052
2026-09-23 14:30,7783.00,7793.50,7781.00,7786.00,78475
2026-09-23 14:45,7786.00,7800.75,7783.00,7797.25,79490
2026-09-23 15:00,7797.25,7797.50,7790.25,7794.25,26625
2026-09-23 15:10,7793.50,7793.50,7793.50,7793.50,0
