zeit_utc,open,high,low,close,volume
2026-07-14 04:00,7542.50,7550.00,7538.50,7548.75,2185
2026-07-14 04:30,7548.75,7561.50,7548.00,7560.25,4386
2026-07-14 05:00,7560.50,7569.75,7558.00,7569.75,6380
2026-07-14 05:30,7570.00,7573.75,7567.00,7568.25,4459
2026-07-14 06:00,7568.00,7575.25,7566.00,7567.50,6304
2026-07-14 06:30,7567.50,7570.50,7559.00,7559.00,4385
2026-07-14 07:00,7559.25,7566.00,7555.75,7560.50,7601
2026-07-14 07:30,7560.50,7562.25,7552.50,7559.00,5085
2026-07-14 08:00,7559.00,7564.50,7552.50,7562.75,7974
2026-07-14 08:30,7562.50,7564.00,7552.75,7554.25,4362
2026-07-14 09:00,7554.50,7564.00,7551.25,7554.25,6049
2026-07-14 09:30,7554.25,7561.75,7554.25,7557.50,3437
2026-07-14 10:00,7557.75,7560.75,7555.50,7558.50,2380
2026-07-14 10:30,7558.25,7566.00,7553.25,7557.00,6976
2026-07-14 11:00,7557.00,7564.25,7544.00,7558.50,17999
2026-07-14 11:30,7558.50,7562.50,7553.00,7555.75,6595
2026-07-14 12:00,7555.50,7563.00,7544.75,7560.75,12891
2026-07-14 12:30,7561.00,7613.75,7558.75,7579.50,62173
2026-07-14 13:00,7579.50,7585.00,7570.75,7579.50,27159
2026-07-14 13:30,7579.50,7588.25,7564.25,7583.50,120373
2026-07-14 14:00,7583.50,7585.25,7556.50,7577.25,93651
2026-07-14 14:30,7577.25,7603.75,7575.00,7587.50,84226
2026-07-14 15:00,7587.50,7601.50,7583.25,7597.25,75310
2026-07-14 15:30,7597.00,7600.50,7576.25,7579.75,61718
2026-07-14 16:00,7580.00,7580.75,7570.00,7578.25,48213
2026-07-14 16:30,7578.00,7589.25,7576.50,7589.25,34260
2026-07-14 17:00,7589.25,7596.75,7585.25,7593.75,35540
2026-07-14 17:30,7594.00,7595.75,7587.75,7593.25,25563
2026-07-14 18:00,7593.50,7598.25,7589.75,7595.50,27255
2026-07-14 18:30,7595.25,7596.25,7587.00,7592.00,36572
2026-07-14 19:00,7592.25,7594.75,7587.50,7591.50,27934
2026-07-14 19:30,7591.50,7596.00,7587.00,7590.00,97071
2026-07-14 20:00,7590.00,7592.50,7585.75,7586.00,25596
2026-07-14 20:30,7586.00,7591.75,7585.75,7591.00,5676
2026-07-14 22:00,7589.75,7592.25,7583.00,7590.50,2565
2026-07-14 22:30,7590.50,7592.25,7588.00,7589.00,1026
2026-07-14 23:00,7589.00,7600.00,7587.75,7599.50,2615
2026-07-14 23:30,7599.50,7604.25,7599.50,7602.75,4066
2026-07-15 00:00,7602.75,7604.50,7598.00,7602.25,5358
2026-07-15 00:30,7602.50,7603.50,7592.50,7601.50,4779
2026-07-15 01:00,7601.75,7603.75,7596.00,7601.50,3781
2026-07-15 01:30,7601.50,7604.50,7597.50,7604.25,3530
2026-07-15 02:00,7604.50,7606.25,7602.50,7604.50,3807
2026-07-15 02:30,7604.75,7607.50,7602.75,7603.25,3102
2026-07-15 03:00,7603.25,7605.50,7601.25,7604.75,2385
2026-07-15 03:30,7604.50,7608.25,7604.50,7607.25,2036
2026-07-15 04:00,7606.25,7608.25,7605.75,7607.00,1828
2026-07-15 04:30,7606.75,7608.50,7606.00,7608.50,1863
2026-07-15 05:00,7608.50,7613.50,7602.75,7603.75,6387
2026-07-15 05:30,7603.50,7609.25,7602.50,7609.00,3655
2026-07-15 06:00,7609.25,7610.50,7606.25,7610.00,4102
2026-07-15 06:30,7610.00,7611.00,7606.50,7607.75,3727
2026-07-15 07:00,7607.50,7609.00,7593.50,7599.00,8710
2026-07-15 07:30,7599.00,7606.25,7597.00,7604.50,5277
2026-07-15 08:00,7604.50,7605.25,7595.75,7601.25,7260
2026-07-15 08:30,7601.25,7607.25,7600.00,7606.75,5275
2026-07-15 09:00,7606.75,7610.75,7606.50,7608.25,4386
2026-07-15 09:30,7608.25,7610.25,7603.75,7604.50,3781
2026-07-15 10:00,7604.75,7606.75,7597.00,7598.25,4502
2026-07-15 10:30,7598.25,7603.00,7597.75,7601.50,3642
2026-07-15 11:00,7601.00,7603.75,7599.25,7600.50,3888
2026-07-15 11:30,7600.75,7603.50,7598.00,7600.00,4522
2026-07-15 12:00,7600.00,7600.75,7592.50,7595.25,6390
2026-07-15 12:30,7594.50,7614.75,7593.75,7611.50,21874
2026-07-15 13:00,7611.50,7615.50,7605.75,7612.25,17618
2026-07-15 13:30,7612.50,7626.25,7601.25,7614.50,149337
2026-07-15 14:00,7614.50,7626.00,7603.25,7616.50,116838
2026-07-15 14:30,7616.25,7618.75,7597.25,7604.75,93443
2026-07-15 15:00,7605.00,7611.50,7592.00,7605.75,72666
2026-07-15 15:30,7605.75,7608.50,7592.50,7596.25,57480
2026-07-15 16:00,7596.25,7598.00,7573.75,7577.75,82517
2026-07-15 16:30,7577.75,7593.25,7571.75,7586.75,70442
2026-07-15 17:00,7587.00,7598.75,7586.00,7598.25,46031
2026-07-15 17:30,7598.50,7616.25,7598.50,7612.50,69287
2026-07-15 18:00,7612.50,7619.00,7611.75,7616.75,46269
2026-07-15 18:30,7616.75,7619.75,7601.00,7602.00,54338
2026-07-15 19:00,7602.00,7609.00,7600.50,7606.50,45856
2026-07-15 19:30,7606.50,7618.00,7601.25,7616.75,123940
2026-07-15 20:00,7616.75,7619.75,7608.75,7617.00,35378
2026-07-15 20:30,7616.75,7617.75,7614.75,7616.00,5119
2026-07-15 22:00,7615.00,7622.25,7614.00,7616.75,1916
2026-07-15 22:30,7617.00,7619.50,7613.25,7618.25,3078
2026-07-15 23:00,7618.25,7620.00,7617.00,7619.75,1254
2026-07-15 23:30,7619.75,7622.00,7614.75,7616.25,2067
2026-07-16 00:00,7616.25,7627.75,7615.75,7619.00,6529
2026-07-16 00:30,7619.25,7622.00,7614.25,7616.50,5281
2026-07-16 01:00,7616.75,7618.25,7610.25,7611.25,4936
2026-07-16 01:30,7611.25,7619.00,7610.75,7614.50,4293
2026-07-16 02:00,7614.75,7620.50,7611.00,7619.50,4044
2026-07-16 02:30,7619.50,7623.50,7618.00,7622.75,4040
2026-07-16 03:00,7622.75,7625.00,7621.00,7621.75,3204
2026-07-16 03:30,7621.75,7625.25,7621.50,7624.00,2117
2026-07-16 04:00,7624.00,7626.50,7622.00,7622.50,2767
2026-07-16 04:30,7622.75,7623.25,7620.50,7621.75,1546
2026-07-16 05:00,7622.00,7630.00,7621.75,7627.50,4439
2026-07-16 05:30,7627.75,7632.00,7615.50,7617.00,7080
2026-07-16 06:00,7617.25,7625.00,7613.50,7618.00,7463
2026-07-16 06:30,7617.75,7619.00,7611.00,7618.25,4833
2026-07-16 07:00,7618.25,7618.75,7608.50,7610.50,6091
2026-07-16 07:30,7610.75,7611.75,7600.00,7601.75,7582
2026-07-16 08:00,7601.75,7603.75,7593.50,7601.50,10853
2026-07-16 08:30,7601.50,7610.00,7600.50,7609.50,4474
2026-07-16 09:00,7609.75,7615.50,7609.75,7610.75,5613
2026-07-16 09:30,7610.75,7613.00,7605.00,7605.00,5462
2026-07-16 10:00,7605.25,7607.75,7601.50,7604.50,4021
2026-07-16 10:30,7604.50,7607.25,7600.75,7603.00,5925
2026-07-16 11:00,7602.75,7603.50,7595.75,7599.75,8296
2026-07-16 11:30,7600.00,7600.00,7580.75,7597.25,16721
2026-07-16 12:00,7597.00,7599.00,7584.00,7587.00,15123
2026-07-16 12:30,7587.25,7591.00,7580.50,7586.50,17261
2026-07-16 13:00,7586.75,7598.00,7586.00,7596.50,19579
2026-07-16 13:30,7596.75,7604.25,7575.50,7588.00,146033
2026-07-16 14:00,7587.75,7613.00,7585.25,7612.50,103233
2026-07-16 14:30,7612.50,7615.00,7602.75,7611.25,79279
2026-07-16 15:00,7611.00,7613.50,7598.75,7607.25,79162
2026-07-16 15:30,7607.25,7613.25,7599.25,7604.75,60683
2026-07-16 16:00,7605.00,7605.50,7583.00,7588.25,76188
2026-07-16 16:30,7588.50,7599.25,7586.00,7598.25,49981
2026-07-16 17:00,7598.25,7598.75,7589.25,7596.00,32147
2026-07-16 17:30,7596.25,7597.25,7579.50,7582.25,51245
2026-07-16 18:00,7582.25,7586.50,7573.25,7578.50,61709
2026-07-16 18:30,7578.50,7578.75,7568.00,7571.50,46334
2026-07-16 19:00,7571.25,7576.25,7558.00,7560.25,56333
2026-07-16 19:30,7560.25,7579.50,7548.25,7577.25,155583
2026-07-16 20:00,7577.25,7578.00,7566.25,7569.25,38008
2026-07-16 20:30,7569.00,7570.75,7566.50,7569.25,6391
2026-07-16 22:00,7572.75,7575.00,7566.50,7567.00,2534
2026-07-16 22:30,7567.25,7568.25,7563.75,7565.75,3182
2026-07-16 23:00,7566.00,7567.00,7558.75,7561.00,2741
2026-07-16 23:30,7560.75,7564.00,7557.00,7560.50,3187
2026-07-17 00:00,7560.25,7563.50,7549.50,7550.25,6955
2026-07-17 00:30,7550.50,7555.50,7546.00,7552.25,6191
2026-07-17 01:00,7552.25,7556.00,7543.50,7548.25,6412
2026-07-17 01:30,7548.25,7548.75,7535.50,7538.00,8116
2026-07-17 02:00,7538.25,7539.50,7530.00,7531.50,5132
2026-07-17 02:30,7531.50,7533.00,7525.50,7530.00,5674
2026-07-17 03:00,7530.25,7541.50,7528.50,7539.50,5065
2026-07-17 03:30,7539.50,7539.75,7524.50,7525.75,5347
2026-07-17 04:00,7521.00,7521.75,7512.50,7514.25,8760
2026-07-17 04:30,7514.25,7519.25,7507.75,7513.75,7323
2026-07-17 05:00,7513.75,7516.00,7510.00,7511.75,4637
2026-07-17 05:30,7511.75,7514.25,7503.00,7511.25,8967
2026-07-17 06:00,7511.00,7523.00,7509.25,7522.00,8705
2026-07-17 06:30,7522.00,7523.50,7509.00,7512.00,7536
2026-07-17 07:00,7512.25,7517.00,7510.00,7516.75,11384
2026-07-17 07:30,7517.00,7519.00,7510.50,7511.75,7675
2026-07-17 08:00,7511.75,7516.75,7495.00,7500.25,21127
2026-07-17 08:30,7500.25,7504.00,7491.25,7499.50,15252
2026-07-17 09:00,7499.50,7510.25,7496.75,7510.25,9937
2026-07-17 09:30,7510.25,7510.50,7503.00,7510.25,8840
2026-07-17 10:00,7510.25,7517.75,7507.00,7515.50,13395
2026-07-17 10:30,7515.50,7522.00,7515.50,7518.25,9697
2026-07-17 11:00,7518.25,7522.00,7509.25,7517.00,10911
2026-07-17 11:30,7517.25,7520.50,7512.25,7519.00,8265
2026-07-17 12:00,7518.75,7519.50,7507.50,7509.50,9879
2026-07-17 12:30,7509.25,7512.25,7502.50,7504.25,15571
2026-07-17 13:00,7504.50,7504.50,7483.25,7485.50,45329
2026-07-17 13:30,7485.25,7514.00,7473.00,7513.75,198714
2026-07-17 14:00,7513.75,7539.00,7512.50,7529.25,161547
2026-07-17 14:30,7529.50,7534.00,7514.25,7516.25,107771
2026-07-17 15:00,7516.25,7521.50,7504.75,7520.25,99113
2026-07-17 15:30,7520.25,7536.50,7510.00,7534.25,91410
2026-07-17 16:00,7534.25,7536.75,7513.50,7524.75,88841
2026-07-17 16:30,7524.75,7538.50,7520.75,7529.25,57246
2026-07-17 17:00,7529.00,7538.00,7525.25,7534.50,46117
2026-07-17 17:30,7534.50,7535.50,7508.75,7510.75,46782
2026-07-17 18:00,7511.00,7516.75,7497.75,7502.25,58921
2026-07-17 18:30,7502.25,7511.75,7495.75,7508.50,54176
2026-07-17 19:00,7508.75,7510.00,7486.25,7496.75,67518
2026-07-17 19:30,7497.00,7509.25,7491.00,7496.75,159809
2026-07-17 20:00,7496.50,7497.75,7484.00,7493.00,55574
2026-07-17 20:30,7492.75,7497.75,7492.50,7497.75,9638
2026-07-19 22:00,7487.00,7496.75,7482.00,7487.50,4438
2026-07-19 22:30,7487.00,7502.50,7486.00,7495.75,4593
2026-07-19 23:00,7496.00,7498.50,7492.00,7493.50,3424
2026-07-19 23:30,7493.50,7505.25,7491.25,7504.00,4203
2026-07-20 00:00,7504.50,7517.50,7496.75,7511.50,9054
2026-07-20 00:30,7511.50,7512.00,7502.00,7503.25,5399
2026-07-20 01:00,7503.50,7511.75,7498.00,7499.25,5944
2026-07-20 01:30,7499.00,7500.75,7490.00,7494.75,5960
2026-07-20 02:00,7494.75,7506.50,7493.75,7496.50,4663
2026-07-20 02:30,7496.25,7511.00,7496.25,7505.50,4635
2026-07-20 03:00,7505.50,7507.75,7501.25,7504.25,2873
2026-07-20 03:30,7503.75,7510.25,7502.50,7505.25,2783
2026-07-20 04:00,7505.75,7508.25,7499.00,7507.75,2960
2026-07-20 04:30,7508.00,7515.00,7506.25,7509.25,3211
2026-07-20 05:00,7509.50,7510.25,7498.00,7500.25,3659
2026-07-20 05:30,7500.25,7500.50,7494.00,7496.00,3163
2026-07-20 06:00,7496.25,7499.75,7492.75,7494.50,4457
2026-07-20 06:30,7494.75,7498.25,7491.00,7497.00,3706
2026-07-20 07:00,7497.25,7510.00,7496.75,7509.50,8573
2026-07-20 07:30,7509.50,7519.50,7509.50,7516.00,12196
2026-07-20 08:00,7516.00,7521.75,7514.25,7517.75,8784
2026-07-20 08:30,7517.50,7518.25,7512.00,7514.25,5002
2026-07-20 09:00,7514.25,7518.25,7510.50,7517.00,4566
2026-07-20 09:30,7517.00,7527.75,7516.00,7521.75,6750
2026-07-20 10:00,7521.75,7522.75,7516.00,7520.00,5303
2026-07-20 10:30,7519.75,7524.25,7517.50,7522.00,5135
2026-07-20 11:00,7522.00,7529.75,7520.75,7523.50,7782
2026-07-20 11:30,7523.50,7545.25,7523.25,7535.50,35430
2026-07-20 12:00,7535.50,7536.00,7521.00,7530.00,22943
2026-07-20 12:30,7530.25,7532.75,7522.75,7527.25,15702
2026-07-20 13:00,7527.25,7536.25,7526.00,7534.25,18495
2026-07-20 13:30,7534.50,7552.00,7519.00,7520.50,156865
2026-07-20 14:00,7520.75,7527.50,7506.00,7520.50,107569
2026-07-20 14:30,7520.75,7522.75,7500.75,7505.25,81920
2026-07-20 15:00,7505.00,7524.25,7502.00,7522.50,76690
2026-07-20 15:30,7522.50,7528.25,7514.50,7523.50,56216
2026-07-20 16:00,7523.75,7534.00,7519.50,7528.75,56831
2026-07-20 16:30,7528.75,7531.50,7508.25,7513.75,67228
2026-07-20 17:00,7513.75,7515.75,7499.25,7505.00,53810
2026-07-20 17:30,7504.75,7512.50,7499.25,7509.00,34409
2026-07-20 18:00,7509.25,7517.75,7504.75,7508.25,46469
2026-07-20 18:30,7508.50,7508.50,7487.75,7490.50,64294
2026-07-20 19:00,7490.25,7495.25,7478.00,7490.50,70750
2026-07-20 19:30,7490.75,7497.25,7480.25,7485.75,138669
2026-07-20 20:00,7485.75,7493.25,7476.75,7479.00,37356
2026-07-20 20:30,7479.00,7484.00,7478.75,7483.25,7067
2026-07-20 22:00,7484.00,7485.75,7473.25,7476.00,3018
2026-07-20 22:30,7475.75,7477.00,7473.00,7475.50,1886
2026-07-20 23:00,7475.50,7490.00,7474.50,7489.75,3028
2026-07-20 23:30,7489.50,7491.00,7480.50,7485.25,3180
2026-07-21 00:00,7485.00,7488.50,7473.75,7486.25,8341
2026-07-21 00:30,7486.00,7495.75,7486.00,7492.25,5879
2026-07-21 01:00,7492.25,7499.25,7489.50,7495.50,6377
2026-07-21 01:30,7495.75,7498.25,7490.75,7492.50,4198
2026-07-21 02:00,7493.00,7500.00,7488.75,7494.00,4438
2026-07-21 02:30,7494.00,7501.75,7493.75,7501.75,3584
2026-07-21 03:00,7501.50,7508.00,7501.50,7507.75,4049
2026-07-21 03:30,7508.00,7512.50,7507.25,7511.75,4478
2026-07-21 04:00,7515.00,7515.25,7513.00,7513.75,4792
2026-07-21 04:30,7514.00,7516.25,7513.00,7514.25,2074
2026-07-21 05:00,7514.25,7517.00,7510.00,7516.50,2973
2026-07-21 05:30,7516.75,7523.75,7514.50,7520.75,4207
2026-07-21 06:00,7520.75,7522.75,7518.00,7520.00,5262
2026-07-21 06:30,7520.25,7530.25,7520.00,7523.75,5556
2026-07-21 07:00,7524.00,7528.00,7515.75,7516.75,10074
2026-07-21 07:30,7517.00,7520.75,7514.00,7517.75,6077
2026-07-21 08:00,7517.75,7524.50,7516.00,7523.50,6025
2026-07-21 08:30,7523.50,7525.75,7521.25,7523.25,3878
2026-07-21 09:00,7523.25,7528.25,7523.00,7523.00,4952
2026-07-21 09:30,7523.00,7527.25,7521.25,7522.50,3683
2026-07-21 10:00,7522.75,7528.00,7520.75,7524.00,8412
2026-07-21 10:30,7523.75,7530.25,7519.50,7522.00,9285
2026-07-21 11:00,7522.25,7523.50,7511.00,7514.50,7981
2026-07-21 11:30,7514.50,7520.75,7513.75,7515.00,5345
2026-07-21 12:00,7515.00,7522.00,7510.50,7510.75,10801
2026-07-21 12:30,7510.75,7517.50,7505.25,7515.50,14406
2026-07-21 13:00,7515.75,7526.00,7512.00,7526.00,19852
2026-07-21 13:30,7526.00,7530.25,7504.50,7516.50,139451
2026-07-21 14:00,7516.75,7533.25,7510.75,7532.00,102444
2026-07-21 14:30,7531.75,7536.50,7520.75,7531.25,82104
2026-07-21 15:00,7531.00,7544.00,7521.50,7543.75,73216
2026-07-21 15:30,7543.50,7544.00,7537.25,7538.75,45467
2026-07-21 16:00,7538.50,7550.75,7538.25,7549.75,35936
2026-07-21 16:30,7549.75,7554.00,7547.50,7550.50,32176
2026-07-21 17:00,7550.25,7552.00,7545.50,7547.00,28853
2026-07-21 17:30,7546.75,7552.50,7545.25,7549.25,23514
2026-07-21 18:00,7549.00,7550.75,7543.50,7545.00,30838
2026-07-21 18:30,7545.25,7549.25,7542.25,7547.00,27044
2026-07-21 19:00,7546.75,7548.00,7544.00,7545.75,27246
2026-07-21 19:30,7545.75,7549.50,7543.50,7545.75,109413
2026-07-21 20:00,7545.50,7547.00,7540.75,7541.25,31077
2026-07-21 20:30,7541.50,7543.75,7540.75,7542.75,6310
2026-07-21 22:00,7545.00,7545.50,7540.75,7541.50,2294
2026-07-21 22:30,7541.50,7542.50,7538.25,7540.50,1423
2026-07-21 23:00,7540.50,7544.00,7539.50,7543.00,1644
2026-07-21 23:30,7542.75,7544.00,7539.50,7543.25,1634
2026-07-22 00:00,7543.00,7547.00,7540.50,7541.75,4511
2026-07-22 00:30,7542.00,7542.75,7537.50,7542.00,3413
2026-07-22 01:00,7542.00,7543.00,7534.50,7536.25,3709
2026-07-22 01:30,7536.25,7544.50,7534.25,7541.00,3254
2026-07-22 02:00,7541.00,7542.75,7536.00,7541.50,2889
2026-07-22 02:30,7541.25,7543.00,7538.00,7541.25,2317
2026-07-22 03:00,7541.00,7544.75,7537.75,7544.00,3034
2026-07-22 03:30,7544.00,7544.50,7534.25,7535.00,3009
2026-07-22 04:00,7538.00,7539.25,7536.75,7538.75,1516
2026-07-22 04:30,7538.50,7538.50,7535.25,7538.25,1756
2026-07-22 05:00,7538.50,7538.75,7533.75,7534.50,2392
2026-07-22 05:30,7534.50,7537.00,7532.50,7536.25,2924
2026-07-22 06:00,7536.25,7536.50,7523.50,7524.50,6788
2026-07-22 06:30,7524.50,7529.50,7521.00,7522.75,6649
2026-07-22 07:00,7522.50,7527.25,7516.00,7525.25,9113
2026-07-22 07:30,7525.00,7526.25,7512.00,7516.00,10933
2026-07-22 08:00,7516.25,7523.75,7514.75,7523.50,7836
2026-07-22 08:30,7523.50,7526.50,7521.00,7525.00,5284
2026-07-22 09:00,7525.25,7531.75,7524.50,7527.25,7464
2026-07-22 09:30,7527.00,7527.50,7520.25,7526.25,5769
2026-07-22 10:00,7526.25,7533.00,7524.50,7531.75,6265
2026-07-22 10:30,7531.75,7532.75,7525.75,7530.00,4897
2026-07-22 11:00,7530.00,7530.25,7522.50,7523.00,5913
2026-07-22 11:30,7523.00,7526.50,7511.50,7517.25,14583
2026-07-22 12:00,7517.50,7520.25,7512.00,7516.50,11295
2026-07-22 12:30,7516.50,7523.25,7504.00,7514.75,18924
2026-07-22 13:00,7514.75,7528.75,7514.75,7528.00,19943
2026-07-22 13:30,7527.75,7550.00,7525.25,7549.75,108060
2026-07-22 14:00,7550.00,7556.25,7532.75,7534.50,94889
2026-07-22 14:30,7534.50,7542.25,7528.75,7541.75,71870
2026-07-22 15:00,7542.00,7559.50,7541.25,7557.00,68771
2026-07-22 15:30,7556.75,7560.75,7550.00,7560.00,42961
2026-07-22 16:00,7560.25,7563.50,7557.25,7561.50,30157
2026-07-22 16:30,7561.50,7562.75,7557.50,7561.00,23850
2026-07-22 17:00,7561.00,7562.50,7552.00,7553.00,35220
2026-07-22 17:30,7552.75,7556.25,7546.00,7547.50,27343
2026-07-22 18:00,7547.75,7549.75,7542.25,7547.00,38309
2026-07-22 18:30,7547.00,7549.00,7542.50,7546.75,36451
2026-07-22 19:00,7547.00,7547.25,7539.00,7542.50,37533
2026-07-22 19:30,7542.50,7546.25,7535.75,7536.75,113623
2026-07-22 20:00,7536.75,7554.00,7531.75,7548.50,55548
2026-07-22 20:30,7548.25,7549.25,7541.00,7541.00,10307
2026-07-22 22:00,7530.25,7536.00,7521.75,7522.25,5423
2026-07-22 22:30,7522.25,7524.50,7515.75,7522.50,5684
2026-07-22 23:00,7522.50,7522.75,7517.00,7519.50,2824
2026-07-22 23:30,7519.25,7530.50,7519.25,7530.25,3644
2026-07-23 00:00,7530.50,7545.00,7527.75,7540.75,7611
2026-07-23 00:30,7540.75,7549.25,7540.50,7546.50,5683
2026-07-23 01:00,7546.50,7549.50,7543.25,7543.75,5875
2026-07-23 01:30,7544.00,7546.00,7538.25,7538.75,4792
2026-07-23 02:00,7538.75,7541.75,7529.50,7530.75,4797
2026-07-23 02:30,7531.00,7534.25,7526.50,7530.75,3858
2026-07-23 03:00,7531.00,7531.25,7520.75,7525.25,3943
2026-07-23 03:30,7525.25,7529.00,7522.75,7528.00,2490
2026-07-23 04:00,7525.00,7533.75,7523.75,7532.25,2899
2026-07-23 04:30,7532.00,7533.25,7525.75,7527.25,2149
2026-07-23 05:00,7527.50,7533.75,7524.00,7533.75,2076
2026-07-23 05:30,7533.75,7535.50,7521.50,7522.75,3193
2026-07-23 06:00,7522.50,7526.50,7522.00,7525.75,4905
2026-07-23 06:30,7525.75,7526.50,7519.25,7519.75,4506
2026-07-23 07:00,7519.75,7520.50,7498.50,7509.50,15550
2026-07-23 07:30,7509.50,7510.25,7495.25,7504.50,10062
2026-07-23 08:00,7504.25,7515.25,7498.75,7513.50,9178
2026-07-23 08:30,7513.25,7519.50,7507.50,7518.75,6041
2026-07-23 09:00,7518.75,7526.00,7512.50,7513.75,7482
2026-07-23 09:30,7513.75,7515.50,7509.25,7511.25,4291
2026-07-23 10:00,7511.25,7514.25,7508.50,7512.50,4372
2026-07-23 10:30,7512.25,7524.25,7511.75,7520.50,6763
2026-07-23 11:00,7520.25,7521.75,7502.50,7504.50,8346
2026-07-23 11:30,7504.50,7505.75,7490.00,7500.00,22557
2026-07-23 12:00,7500.00,7501.50,7477.75,7481.50,24406
2026-07-23 12:30,7481.25,7482.50,7462.00,7466.00,39294
2026-07-23 13:00,7465.75,7468.00,7449.25,7453.50,49553
2026-07-23 13:30,7453.50,7486.25,7445.00,7455.75,186139
2026-07-23 14:00,7455.75,7469.75,7448.75,7457.75,135734
2026-07-23 14:30,7457.75,7467.00,7440.00,7443.50,113004
2026-07-23 15:00,7443.75,7445.00,7418.00,7419.25,133303
2026-07-23 15:30,7419.00,7439.25,7411.75,7438.25,99808
2026-07-23 16:00,7438.25,7457.00,7435.25,7454.75,81021
2026-07-23 16:30,7454.75,7457.50,7437.75,7446.75,69062
2026-07-23 17:00,7446.75,7452.25,7438.00,7447.75,56727
2026-07-23 17:30,7447.50,7448.00,7431.75,7432.00,50856
2026-07-23 18:00,7431.75,7435.50,7428.25,7435.00,41598
2026-07-23 18:30,7434.75,7437.50,7426.75,7431.25,44725
2026-07-23 19:00,7431.25,7440.75,7425.50,7436.25,51797
2026-07-23 19:30,7436.25,7447.75,7418.50,7444.00,155520
2026-07-23 20:00,7443.75,7458.00,7443.50,7455.25,46281
2026-07-23 20:30,7455.25,7458.25,7452.25,7455.75,10109
2026-07-23 22:00,7450.50,7454.00,7442.75,7446.50,2749
2026-07-23 22:30,7447.00,7454.00,7446.50,7453.25,2133
2026-07-23 23:00,7453.25,7453.75,7447.75,7450.25,1984
2026-07-23 23:30,7449.75,7452.25,7444.50,7449.00,3685
2026-07-24 00:00,7449.25,7455.25,7443.50,7450.75,9818
2026-07-24 00:30,7451.00,7457.00,7446.75,7454.25,5236
2026-07-24 01:00,7454.50,7457.50,7451.00,7453.25,4243
2026-07-24 01:30,7453.25,7459.25,7450.25,7451.00,4240
2026-07-24 02:00,7451.00,7453.25,7448.00,7450.00,3315
2026-07-24 02:30,7450.00,7450.00,7439.25,7439.50,4196
2026-07-24 03:00,7439.50,7444.00,7439.25,7442.25,3423
2026-07-24 03:30,7442.25,7443.25,7436.75,7437.25,3360
2026-07-24 04:00,7440.50,7444.75,7436.75,7444.25,3312
2026-07-24 04:30,7444.25,7444.50,7437.50,7443.50,2004
2026-07-24 05:00,7443.25,7449.25,7441.50,7446.75,3399
2026-07-24 05:30,7447.00,7450.50,7442.00,7442.00,3354
2026-07-24 06:00,7442.25,7447.25,7436.50,7441.75,5316
2026-07-24 06:30,7441.75,7445.00,7433.75,7442.50,3818
2026-07-24 07:00,7442.75,7462.75,7442.00,7461.75,10879
2026-07-24 07:30,7462.00,7463.25,7454.50,7456.50,4500
2026-07-24 08:00,7456.75,7459.00,7449.25,7458.75,6431
2026-07-24 08:30,7458.75,7462.00,7456.00,7457.25,4773
2026-07-24 09:00,7457.50,7465.25,7456.25,7463.50,6874
2026-07-24 09:30,7463.75,7467.50,7462.00,7465.75,5342
2026-07-24 10:00,7465.75,7467.00,7459.25,7461.75,4797
2026-07-24 10:30,7461.75,7464.50,7457.75,7458.50,4347
2026-07-24 11:00,7458.50,7463.00,7458.00,7459.75,5328
2026-07-24 11:30,7459.50,7469.00,7453.00,7465.00,13266
2026-07-24 12:00,7465.00,7467.75,7457.50,7466.00,14481
2026-07-24 12:30,7465.75,7466.50,7449.00,7450.25,13761
2026-07-24 13:00,7450.00,7453.75,7443.50,7443.75,21738
2026-07-24 13:30,7444.00,7457.25,7432.50,7433.50,136379
2026-07-24 14:00,7433.75,7458.50,7431.50,7450.25,132221
2026-07-24 14:30,7450.25,7466.50,7432.75,7465.00,102270
2026-07-24 15:00,7464.75,7491.00,7454.75,7485.25,137430
2026-07-24 15:30,7485.50,7492.00,7478.00,7489.75,78762
2026-07-24 16:00,7489.75,7496.50,7485.75,7491.25,57486
2026-07-24 16:30,7491.25,7491.50,7466.25,7473.50,76188
2026-07-24 17:00,7473.75,7477.50,7461.00,7476.25,59280
2026-07-24 17:30,7476.25,7481.00,7468.25,7469.00,35617
2026-07-24 18:00,7469.00,7472.25,7448.75,7449.50,48216
2026-07-24 18:30,7449.50,7450.75,7435.50,7443.25,78021
2026-07-24 19:00,7443.25,7448.50,7432.00,7435.50,67552
2026-07-24 19:30,7435.75,7451.00,7435.50,7448.00,132460
2026-07-24 20:00,7447.75,7450.00,7441.75,7443.75,35541
2026-07-24 20:30,7443.75,7447.50,7439.25,7447.50,9337
2026-07-26 22:00,7492.50,7497.75,7490.00,7494.75,3348
2026-07-26 22:30,7495.00,7498.50,7491.25,7491.75,3218
2026-07-26 23:00,7492.00,7500.50,7491.00,7498.75,4949
2026-07-26 23:30,7498.50,7512.00,7498.50,7511.00,6444
2026-07-27 00:00,7511.00,7512.00,7496.25,7500.00,10413
2026-07-27 00:30,7500.00,7502.25,7492.50,7492.75,6293
2026-07-27 01:00,7492.50,7496.50,7487.00,7489.75,7026
2026-07-27 01:30,7489.75,7499.25,7489.50,7498.00,5506
2026-07-27 02:00,7498.25,7502.00,7495.75,7500.00,4575
2026-07-27 02:30,7500.00,7502.50,7496.75,7499.25,2472
2026-07-27 03:00,7499.25,7503.50,7499.00,7500.75,2733
2026-07-27 03:30,7501.00,7502.50,7498.00,7499.25,1907
2026-07-27 04:00,7499.50,7503.75,7498.75,7501.50,2092
2026-07-27 04:30,7501.50,7507.00,7500.00,7504.75,3192
2026-07-27 05:00,7504.75,7510.50,7504.25,7510.50,3318
2026-07-27 05:30,7510.50,7517.00,7509.50,7514.50,5363
2026-07-27 06:00,7514.50,7520.00,7514.00,7515.00,7822
2026-07-27 06:30,7514.75,7516.75,7510.75,7511.75,5395
2026-07-27 07:00,7511.75,7517.25,7511.00,7513.00,8727
2026-07-27 07:30,7513.00,7513.00,7505.75,7505.75,6768
2026-07-27 08:00,7505.75,7515.75,7505.50,7514.75,8241
2026-07-27 08:30,7515.00,7520.00,7512.75,7519.25,6722
2026-07-27 09:00,7519.25,7520.00,7516.50,7517.75,4977
2026-07-27 09:30,7517.75,7524.75,7517.00,7522.25,6413
2026-07-27 10:00,7522.25,7523.25,7518.50,7520.75,4785
2026-07-27 10:30,7521.00,7524.25,7519.25,7521.75,4739
2026-07-27 11:00,7521.75,7522.00,7508.25,7509.00,8075
2026-07-27 11:30,7509.00,7515.00,7507.75,7511.75,10035
2026-07-27 12:00,7511.75,7515.25,7504.50,7508.25,11714
2026-07-27 12:30,7508.25,7514.50,7506.50,7513.25,12047
2026-07-27 13:00,7513.50,7515.25,7507.00,7507.50,19536
2026-07-27 13:30,7507.75,7514.00,7473.75,7474.00,148823
2026-07-27 14:00,7474.00,7479.25,7439.75,7440.75,147864
2026-07-27 14:30,7441.00,7457.25,7423.00,7455.50,154013
2026-07-27 15:00,7455.75,7461.75,7436.75,7441.00,98971
2026-07-27 15:30,7441.00,7441.50,7421.25,7433.00,79885
2026-07-27 16:00,7433.00,7455.25,7426.75,7445.50,86177
2026-07-27 16:30,7445.50,7452.00,7424.25,7428.00,63644
2026-07-27 17:00,7428.25,7429.00,7416.25,7420.00,57635
2026-07-27 17:30,7420.00,7436.50,7419.75,7436.00,43756
2026-07-27 18:00,7436.25,7437.50,7428.00,7434.25,42656
2026-07-27 18:30,7434.25,7450.50,7424.00,7448.75,67759
2026-07-27 19:00,7448.75,7455.75,7442.75,7454.75,51568
2026-07-27 19:30,7454.50,7456.75,7443.75,7449.00,113822
2026-07-27 20:00,7449.25,7454.25,7445.00,7448.75,29047
2026-07-27 20:30,7448.50,7456.50,7448.00,7453.50,6767
2026-07-27 22:00,7453.00,7456.00,7444.00,7444.75,2643
2026-07-27 22:30,7444.75,7448.50,7444.00,7444.50,1851
2026-07-27 23:00,7444.50,7449.00,7440.00,7449.00,2574
2026-07-27 23:30,7448.50,7450.00,7442.00,7447.75,2639
2026-07-28 00:00,7448.25,7452.00,7436.25,7440.50,7514
2026-07-28 00:30,7440.50,7445.00,7434.25,7437.75,4881
2026-07-28 01:00,7437.50,7441.25,7425.00,7438.00,8040
2026-07-28 01:30,7437.75,7443.50,7432.00,7434.25,5346
2026-07-28 02:00,7434.50,7435.75,7428.00,7430.25,4480
2026-07-28 02:30,7430.25,7433.50,7426.75,7430.50,3669
2026-07-28 03:00,7430.50,7438.00,7424.00,7429.75,5174
2026-07-28 03:30,7429.75,7442.00,7425.75,7440.75,5776
2026-07-28 04:00,7435.75,7435.75,7429.75,7430.50,4681
2026-07-28 04:30,7430.25,7434.75,7426.00,7427.25,3041
2026-07-28 05:00,7427.50,7448.25,7424.00,7424.75,3132
2026-07-28 05:30,7424.75,7425.50,7419.00,7420.75,5198
2026-07-28 06:00,7421.25,7426.50,7419.50,7425.50,9306
2026-07-28 06:30,7425.50,7431.50,7423.75,7429.75,4825
2026-07-28 07:00,7429.75,7438.50,7429.00,7435.25,8929
2026-07-28 07:30,7435.00,7437.50,7429.25,7433.25,6166
2026-07-28 08:00,7433.50,7444.50,7425.25,7442.75,13220
2026-07-28 08:30,7443.00,7449.00,7438.75,7442.00,7703
2026-07-28 09:00,7441.75,7445.75,7440.25,7445.25,3911
2026-07-28 09:30,7445.50,7445.50,7438.00,7439.75,4672
2026-07-28 10:00,7439.50,7442.50,7436.75,7442.50,4603
2026-07-28 10:30,7442.50,7444.25,7433.75,7442.25,9984
2026-07-28 11:00,7442.25,7450.00,7432.50,7438.00,17298
2026-07-28 11:30,7438.00,7452.50,7433.00,7450.75,16347
2026-07-28 12:00,7450.75,7458.00,7448.25,7457.00,12673
2026-07-28 12:30,7457.25,7467.00,7451.25,7456.50,21280
2026-07-28 13:00,7456.50,7462.25,7449.00,7449.75,23137
2026-07-28 13:30,7449.75,7452.50,7417.00,7422.00,169940
2026-07-28 14:00,7421.75,7439.50,7420.00,7434.75,107103
2026-07-28 14:30,7434.75,7456.00,7429.00,7444.00,97454
2026-07-28 15:00,7444.25,7477.25,7437.50,7469.25,115980
2026-07-28 15:30,7469.25,7482.25,7467.25,7479.50,72970
2026-07-28 16:00,7479.75,7481.00,7469.50,7470.00,53886
2026-07-28 16:30,7469.75,7485.75,7466.75,7484.00,53639
2026-07-28 17:00,7484.00,7485.50,7468.25,7470.75,60780
2026-07-28 17:30,7470.75,7477.00,7462.75,7469.50,45355
2026-07-28 18:00,7469.75,7473.25,7462.00,7463.75,40915
2026-07-28 18:30,7464.00,7474.00,7463.00,7472.25,41900
2026-07-28 19:00,7472.25,7477.50,7470.75,7475.00,48290
2026-07-28 19:30,7475.25,7475.50,7462.50,7466.00,115800
2026-07-28 20:00,7466.25,7474.00,7458.25,7472.50,38879
2026-07-28 20:30,7472.50,7473.50,7465.75,7467.50,7783
2026-07-28 22:00,7464.00,7474.00,7457.25,7462.00,4768
2026-07-28 22:30,7461.75,7463.00,7450.50,7451.75,11481
2026-07-28 23:00,7452.00,7471.00,7449.25,7468.75,13511
2026-07-28 23:30,7468.75,7495.25,7467.50,7494.75,14437
2026-07-29 00:00,7494.75,7501.00,7490.25,7493.00,15221
2026-07-29 00:30,7493.00,7495.25,7485.25,7486.75,6740
2026-07-29 01:00,7486.75,7489.25,7468.75,7478.25,11825
2026-07-29 01:30,7478.00,7479.00,7455.00,7455.50,10432
2026-07-29 02:00,7455.25,7466.50,7453.25,7466.50,7986
2026-07-29 02:30,7466.25,7468.75,7460.75,7463.25,4772
2026-07-29 03:00,7463.25,7468.00,7455.50,7455.75,4783
2026-07-29 03:30,7455.50,7457.50,7445.00,7447.25,6934
2026-07-29 04:00,7445.75,7448.25,7442.25,7445.00,6659
2026-07-29 04:30,7444.75,7450.50,7438.50,7450.50,6725
2026-07-29 05:00,7450.75,7461.50,7448.50,7459.75,5433
2026-07-29 05:30,7459.75,7462.75,7456.50,7457.75,4476
2026-07-29 06:00,7457.50,7461.25,7451.25,7461.00,6015
2026-07-29 06:30,7460.75,7480.00,7460.75,7478.75,8658
2026-07-29 07:00,7478.75,7483.25,7474.75,7482.00,10587
2026-07-29 07:30,7482.25,7485.00,7478.50,7481.25,6776
2026-07-29 08:00,7481.25,7482.00,7469.00,7471.25,10519
2026-07-29 08:30,7471.50,7486.00,7470.00,7480.75,7524
2026-07-29 09:00,7481.00,7483.75,7478.75,7480.00,6014
2026-07-29 09:30,7480.00,7492.00,7477.50,7485.75,8051
2026-07-29 10:00,7485.75,7488.50,7481.00,7484.50,6930
2026-07-29 10:30,7484.50,7486.25,7476.00,7477.50,6364
2026-07-29 11:00,7478.00,7484.75,7476.25,7481.75,5885
2026-07-29 11:30,7481.75,7482.75,7476.50,7480.75,7334
2026-07-29 12:00,7480.75,7481.50,7456.50,7459.00,22041
2026-07-29 12:30,7458.75,7467.00,7455.50,7463.50,10498
2026-07-29 13:00,7463.50,7464.75,7452.00,7456.50,22864
2026-07-29 13:30,7456.50,7461.00,7422.00,7430.00,160690
2026-07-29 14:00,7430.00,7439.75,7398.25,7404.75,149904
2026-07-29 14:30,7404.75,7414.50,7393.00,7403.75,109477
2026-07-29 15:00,7403.75,7412.50,7399.00,7400.00,79247
2026-07-29 15:30,7400.25,7405.75,7385.75,7393.00,72111
2026-07-29 16:00,7393.25,7396.00,7371.75,7394.00,75963
2026-07-29 16:30,7393.75,7404.50,7384.00,7404.50,66068
2026-07-29 17:00,7404.25,7428.25,7402.75,7413.00,78036
2026-07-29 17:30,7413.00,7420.00,7408.50,7419.50,56680
2026-07-29 18:00,7419.75,7451.50,7418.25,7428.50,117807
2026-07-29 18:30,7428.50,7482.75,7414.75,7475.25,136449
2026-07-29 19:00,7475.25,7482.00,7396.50,7405.50,167475
2026-07-29 19:30,7405.50,7411.00,7345.75,7350.25,279728
2026-07-29 20:00,7350.25,7358.00,7324.00,7331.00,90661
2026-07-29 20:30,7330.75,7346.50,7324.50,7335.25,21862
2026-07-29 22:00,7338.00,7376.50,7331.00,7371.25,15850
2026-07-29 22:30,7371.25,7375.75,7367.50,7370.00,6273
2026-07-29 23:00,7370.00,7379.75,7369.50,7378.25,6902
2026-07-29 23:30,7378.25,7382.75,7374.50,7378.25,7008
2026-07-30 00:00,7378.50,7387.75,7372.00,7378.50,14504
2026-07-30 00:30,7378.75,7381.25,7368.00,7375.75,9417
2026-07-30 01:00,7376.25,7389.00,7374.25,7386.00,9580
2026-07-30 01:30,7386.00,7392.25,7385.75,7388.75,8116
2026-07-30 02:00,7389.00,7392.75,7384.75,7386.00,5151
2026-07-30 02:30,7386.00,7388.75,7377.50,7378.25,4909
2026-07-30 03:00,7378.25,7384.00,7370.75,7373.25,5641
2026-07-30 03:30,7373.25,7378.50,7369.50,7374.00,4588
2026-07-30 04:00,7373.00,7379.25,7368.75,7378.50,4213
2026-07-30 04:30,7378.50,7378.75,7366.25,7367.50,3829
2026-07-30 05:00,7367.75,7370.75,7361.75,7368.50,5788
2026-07-30 05:30,7368.25,7377.00,7365.25,7368.50,6236
2026-07-30 06:00,7368.50,7369.25,7359.00,7364.50,8054
2026-07-30 06:30,7364.50,7364.50,7358.50,7363.75,6803
2026-07-30 07:00,7364.00,7382.25,7361.75,7365.25,21585
2026-07-30 07:30,7365.25,7368.00,7354.25,7359.50,13142
2026-07-30 08:00,7359.50,7378.75,7351.50,7376.50,15038
2026-07-30 08:30,7376.50,7378.75,7368.50,7372.75,6404
2026-07-30 09:00,7372.50,7385.00,7371.25,7383.25,8961
2026-07-30 09:30,7383.00,7388.00,7374.00,7374.50,6853
2026-07-30 10:00,7374.50,7388.50,7371.50,7386.00,7733
2026-07-30 10:30,7386.00,7392.50,7383.75,7385.00,10406
2026-07-30 11:00,7385.25,7397.75,7385.25,7397.50,8829
2026-07-30 11:30,7397.50,7402.00,7393.75,7399.75,12127
2026-07-30 12:00,7399.50,7404.75,7395.75,7399.75,15668
2026-07-30 12:30,7399.75,7406.00,7392.75,7398.75,23275
2026-07-30 13:00,7398.75,7414.75,7397.75,7414.00,38765
2026-07-30 13:30,7414.25,7440.00,7399.75,7439.75,194917
2026-07-30 14:00,7439.50,7446.50,7426.75,7439.50,146754
2026-07-30 14:30,7439.75,7444.50,7408.75,7415.25,126967
2026-07-30 15:00,7415.25,7421.25,7399.00,7401.00,131547
2026-07-30 15:30,7400.75,7430.00,7399.25,7424.50,96471
2026-07-30 16:00,7424.50,7445.50,7421.75,7441.00,82433
2026-07-30 16:30,7441.00,7445.75,7431.25,7443.75,63377
2026-07-30 17:00,7443.75,7456.50,7443.75,7451.75,50410
2026-07-30 17:30,7451.75,7457.75,7445.75,7451.50,41885
2026-07-30 18:00,7451.75,7458.00,7450.50,7457.50,33976
2026-07-30 18:30,7457.50,7462.50,7454.00,7461.50,38834
2026-07-30 19:00,7461.50,7478.50,7461.25,7471.50,58479
2026-07-30 19:30,7471.50,7476.50,7464.25,7472.75,155508
2026-07-30 20:00,7472.75,7492.00,7468.00,7490.25,57452
2026-07-30 20:30,7490.50,7498.00,7472.00,7474.50,23987
2026-07-30 22:00,7479.50,7480.75,7468.25,7475.00,4825
2026-07-30 22:30,7475.00,7485.50,7472.50,7484.50,3711
2026-07-30 23:00,7484.50,7489.25,7480.25,7482.75,3214
2026-07-30 23:30,7482.75,7491.50,7482.00,7487.75,3691
2026-07-31 00:00,7487.75,7498.00,7484.75,7494.25,7744
2026-07-31 00:30,7494.00,7497.25,7491.25,7495.00,4430
2026-07-31 01:00,7495.00,7504.50,7495.00,7502.25,8203
2026-07-31 01:30,7502.25,7502.75,7494.25,7497.75,5154
2026-07-31 02:00,7497.75,7500.50,7491.25,7492.75,4912
2026-07-31 02:30,7492.50,7493.75,7488.50,7493.00,3372
2026-07-31 03:00,7492.75,7497.25,7488.25,7496.25,4417
2026-07-31 03:30,7496.50,7498.75,7493.25,7497.50,3086
2026-07-31 04:00,7497.75,7503.25,7496.75,7503.00,3030
2026-07-31 04:30,7503.00,7509.25,7502.25,7508.75,3553
2026-07-31 05:00,7508.75,7510.25,7507.00,7509.00,2855
2026-07-31 05:30,7509.25,7510.75,7505.50,7508.25,4548
2026-07-31 06:00,7508.25,7511.25,7506.50,7508.00,5108
2026-07-31 06:30,7508.00,7508.00,7491.75,7496.50,9682
2026-07-31 07:00,7496.25,7509.25,7493.25,7505.25,12817
2026-07-31 07:30,7505.25,7508.25,7502.75,7506.75,7912
2026-07-31 08:00,7506.50,7513.00,7503.00,7511.50,9943
2026-07-31 08:30,7511.25,7513.75,7507.25,7513.00,6367
2026-07-31 09:00,7513.00,7517.75,7511.25,7511.75,7744
2026-07-31 09:30,7511.75,7512.50,7503.75,7504.25,7446
2026-07-31 10:00,7504.00,7512.00,7502.00,7509.50,5433
2026-07-31 10:30,7509.50,7510.50,7504.25,7506.75,6776
2026-07-31 11:00,7506.75,7511.50,7499.25,7499.75,8408
2026-07-31 11:30,7500.00,7500.50,7494.50,7499.25,9441
2026-07-31 12:00,7499.50,7499.50,7486.00,7491.50,14069
2026-07-31 12:30,7491.00,7492.00,7479.50,7483.00,18597
2026-07-31 13:00,7483.00,7499.50,7481.00,7498.75,28265
2026-07-31 13:30,7498.75,7515.50,7466.75,7470.75,211625
2026-07-31 14:00,7470.50,7475.25,7427.50,7456.00,231484
2026-07-31 14:30,7456.00,7481.25,7452.00,7477.00,128931
2026-07-31 15:00,7477.00,7482.50,7452.50,7454.50,109574
2026-07-31 15:30,7454.75,7485.00,7449.25,7482.50,100729
2026-07-31 16:00,7482.50,7496.00,7475.75,7496.00,68951
2026-07-31 16:30,7496.00,7503.00,7491.25,7497.50,61503
2026-07-31 17:00,7497.50,7516.00,7496.50,7514.75,57378
2026-07-31 17:30,7514.75,7517.00,7503.25,7506.00,57136
2026-07-31 18:00,7505.75,7516.00,7504.25,7512.00,45914
2026-07-31 18:30,7512.00,7516.75,7508.00,7513.00,38675
2026-07-31 19:00,7512.75,7531.00,7509.00,7526.75,72129
2026-07-31 19:30,7526.75,7541.00,7515.00,7520.00,238249
2026-07-31 20:00,7520.00,7527.75,7516.75,7519.00,65124
2026-07-31 20:30,7518.75,7521.00,7499.00,7519.25,19733
2026-08-02 22:00,7553.50,7557.50,7549.50,7551.25,6378
2026-08-02 22:30,7551.25,7552.75,7544.50,7545.50,3479
2026-08-02 23:00,7545.75,7550.50,7543.50,7548.75,3001
2026-08-02 23:30,7549.00,7555.00,7546.75,7551.50,5172
2026-08-03 00:00,7551.50,7556.75,7545.50,7547.00,8426
2026-08-03 00:30,7546.75,7554.50,7546.50,7554.25,7427
2026-08-03 01:00,7554.00,7556.25,7549.75,7555.25,5351
2026-08-03 01:30,7555.00,7558.75,7552.75,7558.00,4667
2026-08-03 02:00,7558.00,7561.75,7556.50,7557.00,4884
2026-08-03 02:30,7557.00,7561.00,7556.50,7560.50,2299
2026-08-03 03:00,7560.50,7562.50,7558.75,7558.75,3305
2026-08-03 03:30,7559.00,7564.50,7558.25,7562.25,3764
2026-08-03 04:00,7561.75,7565.00,7561.00,7564.50,2718
2026-08-03 04:30,7564.75,7567.00,7563.00,7563.25,3482
2026-08-03 05:00,7563.50,7565.25,7561.75,7563.25,3382
2026-08-03 05:30,7563.25,7564.00,7560.25,7563.00,2596
2026-08-03 06:00,7563.25,7566.00,7558.75,7559.75,5551
2026-08-03 06:30,7559.75,7562.00,7555.75,7556.75,3716
2026-08-03 07:00,7557.00,7561.75,7552.75,7556.75,11526
2026-08-03 07:30,7556.75,7560.00,7553.25,7559.75,5936
2026-08-03 08:00,7559.75,7560.00,7547.50,7550.25,10083
2026-08-03 08:30,7550.50,7559.50,7547.75,7559.50,8128
2026-08-03 09:00,7559.50,7560.25,7554.00,7556.25,6451
2026-08-03 09:30,7556.00,7559.75,7553.50,7557.50,4508
2026-08-03 10:00,7557.50,7560.50,7555.50,7560.25,6517
2026-08-03 10:30,7560.00,7563.00,7558.50,7562.75,5114
2026-08-03 11:00,7562.75,7564.00,7557.25,7561.50,9078
2026-08-03 11:30,7561.50,7567.75,7555.75,7557.50,13449
2026-08-03 12:00,7557.25,7558.75,7553.25,7558.00,14822
2026-08-03 12:30,7558.25,7566.25,7558.25,7563.25,15793
2026-08-03 13:00,7563.50,7565.75,7544.75,7546.00,27752
2026-08-03 13:30,7546.25,7588.25,7542.75,7588.00,188626
2026-08-03 14:00,7587.75,7600.00,7582.75,7597.25,120276
2026-08-03 14:30,7597.00,7606.00,7595.00,7606.00,81664
2026-08-03 15:00,7606.00,7609.00,7599.75,7603.25,76778
2026-08-03 15:30,7603.00,7614.00,7602.50,7611.50,72607
2026-08-03 16:00,7611.50,7617.75,7609.25,7617.00,52164
2026-08-03 16:30,7617.25,7618.00,7611.75,7613.75,44789
2026-08-03 17:00,7614.00,7623.25,7611.00,7622.50,46954
2026-08-03 17:30,7622.50,7629.75,7621.75,7628.00,46507
2026-08-03 18:00,7628.25,7635.00,7626.25,7627.50,67100
2026-08-03 18:30,7627.50,7634.25,7625.00,7631.25,53354
2026-08-03 19:00,7631.25,7637.75,7631.00,7635.50,54769
2026-08-03 19:30,7635.50,7637.00,7625.75,7628.25,175923
2026-08-03 20:00,7628.25,7636.50,7625.25,7633.00,37256
2026-08-03 20:30,7633.00,7636.50,7630.25,7631.25,8001
2026-08-03 22:00,7631.00,7635.50,7629.00,7633.75,2091
2026-08-03 22:30,7633.75,7636.50,7633.25,7635.25,1861
2026-08-03 23:00,7635.25,7636.25,7633.50,7634.75,1380
2026-08-03 23:30,7634.75,7636.25,7632.75,7635.50,2847
2026-08-04 00:00,7635.50,7637.25,7630.75,7631.25,4871
2026-08-04 00:30,7631.25,7635.75,7629.25,7632.75,6682
2026-08-04 01:00,7632.75,7636.25,7629.50,7636.25,6184
2026-08-04 01:30,7636.25,7647.50,7635.75,7646.50,7487
2026-08-04 02:00,7646.25,7647.50,7639.00,7640.00,5017
2026-08-04 02:30,7640.25,7644.25,7640.25,7642.50,2096
2026-08-04 03:00,7642.25,7644.50,7638.25,7643.50,3192
2026-08-04 03:30,7643.50,7645.50,7641.75,7645.00,2734
2026-08-04 04:00,7644.00,7645.75,7641.75,7645.50,1801
2026-08-04 04:30,7645.50,7646.50,7644.25,7645.50,1270
2026-08-04 05:00,7645.25,7646.00,7642.75,7645.50,1963
2026-08-04 05:30,7645.25,7649.50,7645.25,7647.50,3548
2026-08-04 06:00,7647.75,7650.00,7646.75,7647.25,3683
2026-08-04 06:30,7647.00,7648.25,7642.75,7644.50,3636
2026-08-04 07:00,7644.50,7647.50,7641.50,7645.00,7528
2026-08-04 07:30,7645.00,7648.00,7642.00,7643.50,7322
2026-08-04 08:00,7643.50,7645.75,7642.00,7643.25,8554
2026-08-04 08:30,7643.25,7643.25,7635.25,7637.25,9611
2026-08-04 09:00,7637.00,7637.00,7631.75,7634.25,7699
2026-08-04 09:30,7634.25,7638.50,7634.25,7637.50,7045
2026-08-04 10:00,7637.75,7639.75,7636.00,7636.50,5101
2026-08-04 10:30,7636.50,7647.75,7635.50,7643.00,14752
2026-08-04 11:00,7643.25,7648.75,7641.50,7648.50,8397
2026-08-04 11:30,7648.50,7657.75,7645.00,7654.50,20908
2026-08-04 12:00,7654.50,7656.25,7651.25,7654.50,11957
2026-08-04 12:30,7654.75,7655.75,7651.00,7651.00,9541
2026-08-04 13:00,7651.00,7666.00,7649.25,7657.50,30903
2026-08-04 13:30,7657.25,7686.50,7656.00,7685.50,174664
2026-08-04 14:00,7685.25,7706.25,7682.50,7697.00,137145
2026-08-04 14:30,7697.00,7716.50,7692.75,7715.25,105898
2026-08-04 15:00,7715.50,7731.00,7714.00,7726.00,92413
2026-08-04 15:30,7726.00,7741.25,7723.75,7736.50,94758
2026-08-04 16:00,7736.50,7745.75,7733.25,7744.50,59944
2026-08-04 16:30,7744.50,7755.75,7742.25,7755.25,63124
2026-08-04 17:00,7755.25,7769.00,7754.25,7765.50,75855
2026-08-04 17:30,7765.50,7783.75,7762.00,7768.25,77061
2026-08-04 18:00,7768.25,7777.00,7763.50,7776.00,70568
2026-08-04 18:30,7776.00,7777.25,7766.00,7773.00,58067
2026-08-04 19:00,7773.00,7783.00,7772.75,7775.00,69459
2026-08-04 19:30,7775.00,7786.00,7761.25,7764.75,223760
2026-08-04 20:00,7763.75,7781.25,7761.25,7767.00,68355
2026-08-04 20:30,7766.75,7775.50,7765.00,7774.50,11766
2026-08-04 22:00,7772.00,7781.50,7771.00,7780.25,4415
2026-08-04 22:30,7780.25,7783.25,7777.50,7780.75,3070
2026-08-04 23:00,7780.75,7782.75,7778.75,7779.50,2231
2026-08-04 23:30,7779.50,7781.25,7775.75,7777.50,4000
2026-08-05 00:00,7777.25,7783.75,7776.00,7783.25,4540
2026-08-05 00:30,7783.50,7785.50,7779.00,7784.25,4003
2026-08-05 01:00,7784.25,7784.50,7777.75,7779.00,4196
2026-08-05 01:30,7779.00,7786.00,7778.50,7784.25,4505
2026-08-05 02:00,7784.50,7787.00,7783.00,7785.25,4327
2026-08-05 02:30,7785.00,7788.75,7783.75,7786.75,4087
2026-08-05 03:00,7786.75,7792.50,7786.50,7787.50,5573
2026-08-05 03:30,7787.50,7792.00,7786.50,7792.00,2423
2026-08-05 04:00,7792.75,7792.75,7788.25,7789.50,2949
2026-08-05 04:30,7789.25,7792.50,7789.00,7791.25,1986
2026-08-05 05:00,7791.25,7796.25,7790.50,7794.00,3033
2026-08-05 05:30,7794.25,7800.00,7793.25,7798.75,3913
2026-08-05 06:00,7798.50,7799.50,7791.00,7792.75,4921
2026-08-05 06:30,7792.75,7798.25,7792.50,7798.00,4350
2026-08-05 07:00,7798.25,7799.50,7790.75,7790.75,8305
2026-08-05 07:30,7790.75,7793.00,7788.00,7793.00,7238
2026-08-05 08:00,7792.75,7796.75,7782.25,7785.00,11303
2026-08-05 08:30,7785.25,7785.50,7780.25,7784.25,10330
2026-08-05 09:00,7784.25,7788.75,7782.50,7788.75,6208
2026-08-05 09:30,7788.75,7792.00,7787.25,7788.50,6444
2026-08-05 10:00,7788.50,7793.50,7787.50,7793.00,4870
2026-08-05 10:30,7793.00,7798.00,7791.75,7797.50,8040
2026-08-05 11:00,7797.50,7799.75,7794.50,7794.50,7088
2026-08-05 11:30,7794.50,7798.25,7792.50,7798.00,7883
2026-08-05 12:00,7798.00,7805.25,7797.50,7803.00,15372
2026-08-05 12:30,7803.25,7804.50,7795.50,7799.50,13031
2026-08-05 13:00,7799.50,7810.25,7799.25,7809.50,20162
2026-08-05 13:30,7809.50,7820.25,7795.00,7819.25,182893
2026-08-05 14:00,7818.75,7818.75,7799.25,7799.75,122096
2026-08-05 14:30,7799.75,7802.50,7776.00,7786.25,143660
2026-08-05 15:00,7786.50,7791.50,7761.00,7768.75,108933
2026-08-05 15:30,7768.75,7777.25,7754.50,7758.00,80647
2026-08-05 16:00,7757.75,7772.50,7750.50,7772.25,90106
2026-08-05 16:30,7772.25,7773.75,7763.25,7769.50,58118
2026-08-05 17:00,7769.75,7773.00,7761.75,7764.75,46322
2026-08-05 17:30,7764.75,7771.75,7762.25,7767.00,35220
2026-08-05 18:00,7767.00,7774.50,7766.75,7771.00,36435
2026-08-05 18:30,7771.00,7771.50,7763.25,7765.50,35668
2026-08-05 19:00,7765.50,7771.50,7764.00,7769.25,44970
2026-08-05 19:30,7769.25,7770.00,7745.75,7748.25,162351
2026-08-05 20:00,7748.25,7760.50,7746.75,7757.25,55064
2026-08-05 20:30,7757.25,7761.75,7756.50,7758.75,8341
2026-08-05 22:00,7756.75,7767.50,7756.75,7767.00,3450
2026-08-05 22:30,7766.75,7770.75,7764.00,7764.25,3057
2026-08-05 23:00,7764.25,7767.75,7762.75,7765.75,1387
2026-08-05 23:30,7765.50,7766.75,7760.00,7761.75,2958
2026-08-06 00:00,7762.00,7763.25,7756.75,7758.00,4785
2026-08-06 00:30,7758.25,7762.00,7757.00,7757.00,2546
2026-08-06 01:00,7757.00,7757.50,7748.00,7749.75,6797
2026-08-06 01:30,7749.75,7756.50,7749.50,7755.00,4944
2026-08-06 02:00,7755.00,7763.75,7755.00,7760.50,4248
2026-08-06 02:30,7760.00,7768.00,7758.50,7765.00,3396
2026-08-06 03:00,7765.00,7767.25,7760.00,7760.75,2172
2026-08-06 03:30,7760.75,7763.50,7759.00,7761.75,1745
2026-08-06 04:00,7763.00,7765.00,7761.00,7763.75,1759
2026-08-06 04:30,7763.75,7765.25,7759.75,7763.00,1114
2026-08-06 05:00,7763.00,7765.50,7761.25,7763.75,2316
2026-08-06 05:30,7763.75,7765.25,7760.50,7765.00,1570
2026-08-06 06:00,7765.25,7765.25,7754.00,7761.25,4021
2026-08-06 06:30,7761.00,7761.50,7755.25,7759.75,2693
2026-08-06 07:00,7759.75,7764.50,7758.00,7760.25,5674
2026-08-06 07:30,7760.25,7760.25,7755.25,7758.50,4286
2026-08-06 08:00,7758.25,7760.50,7750.00,7760.50,6128
2026-08-06 08:30,7761.25,7765.50,7760.00,7764.75,5304
2026-08-06 09:00,7764.75,7764.75,7755.25,7760.25,4541
2026-08-06 09:30,7760.25,7767.50,7758.50,7767.00,3396
2026-08-06 10:00,7767.00,7767.25,7762.25,7765.25,3506
2026-08-06 10:30,7765.25,7765.50,7758.75,7761.75,3394
2026-08-06 11:00,7761.75,7762.75,7750.50,7762.00,8760
2026-08-06 11:30,7762.25,7765.50,7754.50,7759.75,10400
2026-08-06 12:00,7759.75,7760.50,7751.75,7757.00,10678
2026-08-06 12:30,7756.75,7761.50,7752.50,7754.25,10016
2026-08-06 13:00,7754.25,7754.75,7747.50,7751.75,22980
2026-08-06 13:30,7751.75,7765.50,7740.25,7759.25,150667
2026-08-06 14:00,7759.25,7768.50,7750.75,7754.50,87242
2026-08-06 14:30,7754.75,7760.75,7745.25,7760.00,92330
2026-08-06 15:00,7759.75,7762.50,7736.00,7742.50,85609
2026-08-06 15:30,7742.25,7747.50,7729.25,7731.00,92295
2026-08-06 16:00,7731.00,7735.00,7724.25,7732.00,73316
2026-08-06 16:30,7732.25,7740.00,7728.75,7739.50,56061
2026-08-06 17:00,7739.50,7741.50,7727.75,7727.75,46043
2026-08-06 17:30,7727.75,7736.25,7726.75,7736.25,35570
2026-08-06 18:00,7736.25,7747.25,7734.50,7744.00,54561
2026-08-06 18:30,7744.00,7744.25,7734.50,7739.50,36760
2026-08-06 19:00,7739.50,7747.75,7735.25,7736.50,50139
2026-08-06 19:30,7736.50,7740.00,7727.00,7735.75,138455
2026-08-06 20:00,7735.75,7741.50,7728.75,7730.25,38146
2026-08-06 20:30,7730.25,7732.75,7727.75,7731.50,6194
2026-08-06 22:00,7735.00,7741.00,7729.75,7736.50,2492
2026-08-06 22:30,7736.50,7738.00,7734.25,7737.75,1367
2026-08-06 23:00,7737.75,7740.75,7736.25,7738.00,943
2026-08-06 23:30,7738.00,7741.25,7737.25,7740.00,1564
2026-08-07 00:00,7740.00,7742.50,7729.00,7730.25,5532
2026-08-07 00:30,7730.25,7739.50,7729.75,7735.75,4280
2026-08-07 01:00,7735.75,7737.75,7727.25,7733.75,4637
2026-08-07 01:30,7733.75,7739.25,7729.50,7732.75,4553
2026-08-07 02:00,7732.75,7735.25,7729.00,7732.50,2543
2026-08-07 02:30,7732.75,7733.50,7726.50,7732.00,2727
2026-08-07 03:00,7732.25,7734.25,7728.50,7730.75,2718
2026-08-07 03:30,7730.50,7732.50,7728.50,7729.25,1174
2026-08-07 04:00,7729.75,7732.25,7725.50,7730.50,2529
2026-08-07 04:30,7730.75,7733.50,7729.00,7731.50,1517
2026-08-07 05:00,7731.50,7737.00,7731.25,7734.50,2962
2026-08-07 05:30,7734.75,7734.75,7731.50,7731.75,1427
2026-08-07 06:00,7731.75,7740.00,7731.75,7739.75,3912
2026-08-07 06:30,7739.75,7739.75,7734.25,7738.00,2392
2026-08-07 07:00,7738.00,7742.75,7736.00,7741.50,3871
2026-08-07 07:30,7741.75,7743.75,7738.25,7740.25,3979
2026-08-07 08:00,7740.50,7746.50,7740.25,7744.00,5651
2026-08-07 08:30,7744.25,7747.25,7742.00,7745.25,4209
2026-08-07 09:00,7745.50,7749.50,7744.25,7746.75,3273
2026-08-07 09:30,7747.00,7748.75,7745.50,7745.75,2867
2026-08-07 10:00,7746.00,7747.25,7744.00,7747.00,2695
2026-08-07 10:30,7747.00,7749.50,7744.75,7746.50,2669
2026-08-07 11:00,7746.25,7754.75,7746.25,7753.50,5657
2026-08-07 11:30,7753.50,7756.75,7748.25,7748.75,7626
2026-08-07 12:00,7748.50,7759.50,7747.25,7757.00,10718
2026-08-07 12:30,7756.50,7778.75,7754.50,7774.75,48287
2026-08-07 13:00,7774.75,7776.00,7753.25,7757.00,32073
2026-08-07 13:30,7757.00,7770.75,7751.75,7758.00,155128
2026-08-07 14:00,7758.00,7780.50,7743.50,7779.50,128754
2026-08-07 14:30,7779.25,7781.25,7764.50,7776.25,86851
2026-08-07 15:00,7776.25,7786.75,7771.25,7784.25,61040
2026-08-07 15:30,7784.00,7786.75,7775.50,7778.00,56229
2026-08-07 16:00,7778.00,7781.25,7760.75,7764.75,57524
2026-08-07 16:30,7764.75,7776.25,7757.75,7767.00,54742
2026-08-07 17:00,7767.00,7771.75,7764.25,7768.25,29075
2026-08-07 17:30,7768.25,7772.25,7764.50,7768.75,26034
2026-08-07 18:00,7768.75,7770.25,7761.75,7762.00,30111
2026-08-07 18:30,7762.25,7765.50,7756.00,7764.50,35071
2026-08-07 19:00,7764.50,7782.50,7763.75,7778.25,67976
2026-08-07 19:30,7778.50,7785.50,7772.75,7778.50,128390
2026-08-07 20:00,7778.50,7781.25,7773.00,7773.25,41258
2026-08-07 20:30,7773.25,7779.75,7773.00,7779.75,7319
2026-08-09 22:00,7772.00,7773.50,7763.00,7769.25,3921
2026-08-09 22:30,7769.25,7770.50,7766.50,7768.50,1466
2026-08-09 23:00,7769.00,7773.25,7767.25,7771.75,1531
2026-08-09 23:30,7771.75,7772.50,7766.75,7767.00,3347
2026-08-10 00:00,7767.00,7778.00,7765.25,7771.00,5674
2026-08-10 00:30,7771.00,7773.00,7768.75,7770.75,3165
2026-08-10 01:00,7770.75,7780.50,7769.75,7779.25,3958
2026-08-10 01:30,7779.25,7781.50,7776.00,7780.50,2667
2026-08-10 02:00,7780.50,7781.50,7777.50,7779.75,1712
2026-08-10 02:30,7779.75,7783.25,7778.75,7782.25,1814
2026-08-10 03:00,7782.00,7783.25,7780.50,7782.75,1352
2026-08-10 03:30,7782.75,7786.25,7782.25,7783.75,2199
2026-08-10 04:00,7783.50,7788.75,7782.25,7787.25,1882
2026-08-10 04:30,7787.25,7788.75,7783.50,7787.25,1585
2026-08-10 05:00,7787.50,7790.75,7787.25,7789.00,1632
2026-08-10 05:30,7789.00,7791.25,7788.50,7790.75,1366
2026-08-10 06:00,7790.75,7792.75,7784.75,7785.25,3616
2026-08-10 06:30,7785.25,7788.25,7784.50,7787.00,2649
2026-08-10 07:00,7787.00,7792.50,7783.50,7792.25,5712
2026-08-10 07:30,7792.25,7796.25,7789.50,7792.25,5568
2026-08-10 08:00,7792.25,7793.75,7789.00,7790.75,4203
2026-08-10 08:30,7791.00,7793.25,7789.50,7791.75,3117
2026-08-10 09:00,7791.75,7793.25,7790.50,7792.25,2690
2026-08-10 09:30,7792.25,7793.25,7788.50,7789.00,2576
2026-08-10 10:00,7789.00,7791.00,7786.50,7790.25,3380
2026-08-10 10:30,7790.25,7790.25,7784.00,7785.50,4493
2026-08-10 11:00,7785.50,7786.25,7778.50,7785.50,7536
2026-08-10 11:30,7785.75,7787.25,7780.75,7782.50,6447
2026-08-10 12:00,7782.25,7785.75,7776.50,7778.75,7609
2026-08-10 12:30,7778.75,7779.25,7771.50,7773.75,9763
2026-08-10 13:00,7773.75,7777.75,7769.75,7772.75,18200
2026-08-10 13:30,7773.00,7783.50,7771.25,7780.75,110575
2026-08-10 14:00,7780.75,7791.25,7780.25,7790.25,62981
2026-08-10 14:30,7790.00,7798.00,7781.25,7781.50,65458
2026-08-10 15:00,7781.75,7788.50,7779.25,7784.25,55933
2026-08-10 15:30,7784.25,7790.75,7778.00,7790.00,45383
2026-08-10 16:00,7790.00,7791.25,7780.00,7780.25,36067
2026-08-10 16:30,7780.25,7781.25,7764.50,7776.25,63944
2026-08-10 17:00,7776.00,7779.50,7771.50,7777.50,30576
2026-08-10 17:30,7777.50,7779.25,7771.25,7773.75,28385
2026-08-10 18:00,7773.75,7777.25,7771.25,7771.50,24740
2026-08-10 18:30,7771.50,7779.75,7769.25,7778.50,30475
2026-08-10 19:00,7778.75,7781.25,7775.25,7775.75,35012
2026-08-10 19:30,7776.00,7779.50,7770.25,7778.00,112976
2026-08-10 20:00,7778.00,7778.25,7773.00,7776.25,29650
2026-08-10 20:30,7776.00,7778.50,7775.00,7777.25,5734
2026-08-10 22:00,7778.25,7781.25,7773.50,7774.50,2372
2026-08-10 22:30,7774.50,7774.50,7771.25,7773.50,1495
2026-08-10 23:00,7773.50,7774.00,7769.25,7770.00,2937
2026-08-10 23:30,7770.00,7773.00,7766.50,7770.75,2711
2026-08-11 00:00,7770.75,7778.25,7767.75,7778.00,4518
2026-08-11 00:30,7778.00,7781.25,7776.75,7779.75,2910
2026-08-11 01:00,7779.50,7786.25,7778.00,7784.75,4676
2026-08-11 01:30,7784.75,7786.50,7783.25,7783.25,2531
2026-08-11 02:00,7783.00,7785.00,7782.50,7784.75,1767
2026-08-11 02:30,7784.75,7786.75,7784.00,7784.50,1843
2026-08-11 03:00,7784.25,7789.25,7784.25,7788.50,1900
2026-08-11 03:30,7788.75,7789.00,7786.25,7787.00,1471
2026-08-11 04:00,7787.00,7788.25,7786.75,7788.00,1257
2026-08-11 04:30,7788.00,7789.50,7786.75,7787.00,1305
2026-08-11 05:00,7787.00,7788.75,7784.75,7785.00,1569
2026-08-11 05:30,7785.25,7786.25,7780.50,7780.50,2391
2026-08-11 06:00,7780.75,7784.50,7775.00,7775.50,3235
2026-08-11 06:30,7775.25,7778.50,7770.50,7774.75,5266
2026-08-11 07:00,7775.00,7777.00,7770.75,7772.75,5050
2026-08-11 07:30,7773.00,7777.50,7773.00,7776.00,3489
2026-08-11 08:00,7776.00,7780.50,7770.00,7772.75,6496
2026-08-11 08:30,7772.75,7777.50,7771.00,7775.00,4102
2026-08-11 09:00,7775.00,7778.25,7771.50,7776.75,4464
2026-08-11 09:30,7776.50,7780.50,7776.50,7778.00,3183
2026-08-11 10:00,7778.00,7787.75,7775.00,7786.00,5810
2026-08-11 10:30,7786.00,7786.25,7782.50,7785.25,3600
2026-08-11 11:00,7785.25,7796.00,7784.75,7788.25,15492
2026-08-11 11:30,7788.25,7790.50,7785.75,7789.25,5696
2026-08-11 12:00,7789.25,7795.25,7785.25,7788.25,13449
2026-08-11 12:30,7788.00,7791.25,7786.50,7787.50,6955
2026-08-11 13:00,7787.75,7793.50,7786.25,7791.50,15352
2026-08-11 13:30,7791.75,7792.50,7771.75,7782.00,109741
2026-08-11 14:00,7782.25,7787.00,7779.25,7784.75,61927
2026-08-11 14:30,7784.75,7786.25,7778.00,7782.00,65266
2026-08-11 15:00,7782.00,7784.00,7767.50,7769.50,61163
2026-08-11 15:30,7769.75,7771.25,7762.25,7765.50,59540
2026-08-11 16:00,7765.50,7769.75,7759.25,7763.50,41994
2026-08-11 16:30,7763.25,7765.25,7755.75,7756.75,37159
2026-08-11 17:00,7756.75,7758.00,7747.75,7753.50,43595
2026-08-11 17:30,7753.75,7759.00,7752.50,7757.50,30819
2026-08-11 18:00,7757.75,7757.75,7738.00,7740.25,42474
2026-08-11 18:30,7740.50,7750.25,7740.50,7746.25,45687
2026-08-11 19:00,7746.00,7752.25,7743.75,7751.75,38050
2026-08-11 19:30,7751.75,7756.50,7743.25,7750.00,128956
2026-08-11 20:00,7750.00,7757.00,7746.75,7756.50,32812
2026-08-11 20:30,7756.75,7757.75,7752.50,7753.25,8895
2026-08-11 22:00,7756.00,7756.50,7751.50,7754.50,1261
2026-08-11 22:30,7754.25,7755.25,7750.50,7752.75,1922
2026-08-11 23:00,7753.00,7754.25,7751.75,7754.00,609
2026-08-11 23:30,7753.75,7755.75,7752.00,7755.25,970
2026-08-12 00:00,7755.25,7755.50,7749.00,7752.50,3663
2026-08-12 00:30,7752.75,7754.00,7751.00,7752.50,2006
2026-08-12 01:00,7752.50,7754.00,7748.50,7751.00,2215
2026-08-12 01:30,7750.75,7752.75,7748.75,7749.75,2635
2026-08-12 02:00,7749.75,7753.00,7749.75,7752.75,1456
2026-08-12 02:30,7752.75,7755.50,7752.75,7755.50,1888
2026-08-12 03:00,7755.50,7756.50,7754.50,7756.00,1505
2026-08-12 03:30,7755.75,7756.00,7753.75,7755.50,1069
2026-08-12 04:00,7754.50,7756.50,7754.50,7756.00,1184
2026-08-12 04:30,7756.25,7758.00,7754.50,7757.25,1079
2026-08-12 05:00,7757.50,7757.50,7752.75,7755.50,1380
2026-08-12 05:30,7755.50,7757.50,7755.25,7756.75,1163
2026-08-12 06:00,7756.75,7757.75,7754.25,7756.00,2079
2026-08-12 06:30,7756.00,7759.75,7755.50,7759.75,2722
2026-08-12 07:00,7759.50,7761.50,7757.25,7758.75,5627
2026-08-12 07:30,7758.50,7760.50,7757.00,7759.50,2714
2026-08-12 08:00,7759.50,7762.75,7759.00,7762.00,3772
2026-08-12 08:30,7761.75,7763.50,7758.25,7762.25,2880
2026-08-12 09:00,7762.50,7773.75,7762.25,7768.25,7226
2026-08-12 09:30,7768.25,7771.00,7765.00,7766.50,6796
2026-08-12 10:00,7766.25,7770.00,7766.25,7768.25,2737
2026-08-12 10:30,7768.25,7770.25,7759.25,7766.50,8386
2026-08-12 11:00,7766.25,7769.50,7764.50,7765.75,4937
2026-08-12 11:30,7766.00,7771.50,7765.50,7770.50,4765
2026-08-12 12:00,7770.50,7782.25,7768.25,7781.25,12800
2026-08-12 12:30,7780.00,7788.00,7760.75,7784.75,34892
2026-08-12 13:00,7784.75,7793.75,7783.00,7791.75,20990
2026-08-12 13:30,7791.50,7794.00,7765.50,7770.50,134918
2026-08-12 14:00,7770.50,7777.75,7763.50,7772.50,80665
2026-08-12 14:30,7772.25,7776.75,7756.50,7766.75,79723
2026-08-12 15:00,7766.75,7768.75,7761.50,7768.25,54169
2026-08-12 15:30,7768.25,7769.50,7760.25,7764.75,37985
2026-08-12 16:00,7764.75,7771.25,7764.25,7768.75,33902
2026-08-12 16:30,7769.00,7776.25,7766.25,7773.25,38051
2026-08-12 17:00,7773.25,7777.50,7770.25,7772.50,30433
2026-08-12 17:30,7772.50,7774.50,7770.75,7772.50,26857
2026-08-12 18:00,7772.50,7777.50,7772.25,7775.50,25725
2026-08-12 18:30,7775.25,7781.00,7774.75,7775.00,32661
2026-08-12 19:00,7775.00,7778.75,7772.75,7774.50,30882
2026-08-12 19:30,7774.50,7775.00,7764.50,7769.50,99045
2026-08-12 20:00,7769.75,7777.75,7767.00,7768.00,31596
2026-08-12 20:30,7768.25,7769.00,7766.50,7766.75,5791
2026-08-12 22:00,7770.00,7771.00,7767.75,7769.00,1655
2026-08-12 22:30,7768.50,7769.25,7766.50,7768.75,941
2026-08-12 23:00,7768.50,7771.75,7768.50,7770.75,1096
2026-08-12 23:30,7770.75,7771.50,7767.50,7768.25,1461
2026-08-13 00:00,7768.25,7773.50,7767.50,7769.00,3612
2026-08-13 00:30,7769.00,7770.50,7767.75,7770.50,2226
2026-08-13 01:00,7770.25,7770.75,7764.25,7765.25,2799
2026-08-13 01:30,7765.25,7771.25,7765.25,7770.00,2165
2026-08-13 02:00,7770.25,7773.00,7770.00,7771.00,1682
2026-08-13 02:30,7770.75,7774.50,7768.00,7773.00,2013
2026-08-13 03:00,7772.75,7774.00,7772.00,7773.50,1744
2026-08-13 03:30,7773.50,7775.50,7772.50,7775.00,1276
2026-08-13 04:00,7775.75,7777.25,7772.00,7774.75,1981
2026-08-13 04:30,7774.50,7777.50,7774.50,7775.75,1246
2026-08-13 05:00,7775.75,7780.00,7775.00,7779.50,2097
2026-08-13 05:30,7779.75,7780.50,7776.25,7776.25,2359
2026-08-13 06:00,7776.50,7779.75,7775.75,7778.25,2298
2026-08-13 06:30,7778.50,7779.00,7773.75,7777.75,2003
2026-08-13 07:00,7778.00,7778.75,7774.00,7777.50,3269
2026-08-13 07:30,7777.50,7780.00,7776.75,7777.75,2701
2026-08-13 08:00,7777.75,7782.00,7775.25,7781.50,4799
2026-08-13 08:30,7781.50,7783.00,7780.25,7781.50,2316
2026-08-13 09:00,7781.50,7782.25,7778.00,7780.50,2499
2026-08-13 09:30,7780.25,7784.75,7780.25,7784.25,2562
2026-08-13 10:00,7784.25,7784.75,7783.00,7783.50,2506
2026-08-13 10:30,7783.75,7785.50,7783.50,7785.00,1885
2026-08-13 11:00,7785.00,7785.75,7782.75,7783.75,2799
2026-08-13 11:30,7783.75,7789.00,7783.50,7784.00,4860
2026-08-13 12:00,7784.00,7784.50,7778.50,7783.50,6881
2026-08-13 12:30,7783.50,7790.25,7778.00,7788.50,16099
2026-08-13 13:00,7788.50,7793.50,7788.00,7793.00,17790
2026-08-13 13:30,7793.25,7821.50,7785.50,7820.75,124340
2026-08-13 14:00,7820.75,7837.00,7819.75,7836.50,101043
2026-08-13 14:30,7836.50,7838.50,7818.00,7822.25,89081
2026-08-13 15:00,7822.00,7826.75,7803.50,7806.00,98588
2026-08-13 15:30,7806.00,7808.00,7797.75,7799.00,76340
2026-08-13 16:00,7798.75,7809.50,7798.50,7809.50,43530
2026-08-13 16:30,7809.50,7812.25,7806.00,7811.50,34864
2026-08-13 17:00,7811.50,7819.25,7811.50,7815.50,36468
2026-08-13 17:30,7815.50,7816.75,7810.50,7811.75,34649
2026-08-13 18:00,7811.75,7816.25,7811.00,7814.50,32842
2026-08-13 18:30,7814.50,7823.75,7814.50,7822.00,44401
2026-08-13 19:00,7822.00,7828.75,7821.75,7825.00,54518
2026-08-13 19:30,7825.00,7827.25,7818.00,7823.25,117467
2026-08-13 20:00,7823.25,7825.25,7818.50,7820.50,35945
2026-08-13 20:30,7820.50,7825.50,7820.25,7825.25,6715
2026-08-13 22:00,7825.00,7827.00,7822.75,7824.25,2579
2026-08-13 22:30,7824.50,7824.75,7823.25,7824.00,1004
2026-08-13 23:00,7824.00,7827.50,7823.75,7825.75,1223
2026-08-13 23:30,7825.75,7826.75,7825.00,7825.75,1459
2026-08-14 00:00,7825.75,7828.75,7824.00,7824.25,3484
2026-08-14 00:30,7824.00,7825.00,7823.00,7824.25,2285
2026-08-14 01:00,7824.00,7824.25,7820.25,7822.25,3758
2026-08-14 01:30,7822.50,7825.00,7821.75,7823.50,2258
2026-08-14 02:00,7823.50,7826.50,7823.50,7826.25,2307
2026-08-14 02:30,7826.00,7827.00,7824.25,7825.00,1779
2026-08-14 03:00,7825.00,7827.75,7824.50,7827.25,1379
2026-08-14 03:30,7827.50,7827.50,7824.25,7824.25,1554
2026-08-14 04:00,7825.25,7825.50,7824.25,7824.50,1664
2026-08-14 04:30,7824.50,7825.00,7822.50,7823.00,1891
2026-08-14 05:00,7823.25,7823.75,7821.50,7823.75,1904
2026-08-14 05:30,7823.50,7826.00,7822.50,7824.75,1810
2026-08-14 06:00,7824.75,7824.75,7821.25,7822.00,2129
2026-08-14 06:30,7822.00,7822.25,7820.50,7821.75,1758
2026-08-14 07:00,7821.75,7823.00,7820.00,7821.50,3609
2026-08-14 07:30,7821.50,7824.75,7821.00,7823.50,3209
2026-08-14 08:00,7823.50,7826.00,7822.00,7825.75,4742
2026-08-14 08:30,7825.75,7828.75,7825.50,7826.25,3695
2026-08-14 09:00,7826.25,7827.50,7824.50,7826.25,2894
2026-08-14 09:30,7826.00,7827.75,7824.00,7827.75,2879
2026-08-14 10:00,7827.50,7829.50,7826.25,7826.75,2805
2026-08-14 10:30,7827.00,7828.75,7825.50,7828.75,4972
2026-08-14 11:00,7828.75,7829.50,7826.25,7827.00,4061
2026-08-14 11:30,7827.00,7830.75,7827.00,7829.25,4953
2026-08-14 12:00,7829.25,7830.00,7821.00,7828.00,9399
2026-08-14 12:30,7828.00,7831.75,7827.75,7830.50,8040
2026-08-14 13:00,7830.25,7831.00,7825.75,7827.50,13450
2026-08-14 13:30,7827.50,7828.75,7819.25,7826.25,102204
2026-08-14 14:00,7825.75,7830.75,7813.75,7816.75,75611
2026-08-14 14:30,7816.75,7817.50,7809.50,7809.50,65107
2026-08-14 15:00,7809.75,7813.75,7801.00,7805.00,65963
2026-08-14 15:30,7805.00,7807.00,7800.00,7804.25,56878
2026-08-14 16:00,7804.50,7810.25,7803.00,7808.75,37076
2026-08-14 16:30,7808.75,7809.50,7798.50,7799.25,39640
2026-08-14 17:00,7799.25,7803.75,7798.25,7799.75,34123
2026-08-14 17:30,7800.00,7802.00,7796.50,7800.50,32291
2026-08-14 18:00,7800.50,7805.75,7799.50,7801.75,30070
2026-08-14 18:30,7801.75,7807.50,7800.50,7804.25,29212
2026-08-14 19:00,7804.50,7806.00,7800.75,7804.25,33378
2026-08-14 19:30,7804.00,7806.50,7801.25,7805.25,97940
2026-08-14 20:00,7805.25,7806.25,7799.75,7800.75,28603
2026-08-14 20:30,7800.75,7805.00,7800.25,7805.00,5879
2026-08-16 22:00,7809.75,7811.25,7809.25,7809.75,1746
2026-08-16 22:30,7810.00,7811.00,7808.50,7810.25,1540
2026-08-16 23:00,7810.50,7810.50,7808.75,7809.75,982
2026-08-16 23:30,7809.75,7813.25,7809.00,7812.25,1403
2026-08-17 00:00,7812.25,7814.00,7808.25,7809.25,3265
2026-08-17 00:30,7809.25,7811.00,7808.00,7810.75,1743
2026-08-17 01:00,7810.75,7813.50,7810.25,7813.25,2436
2026-08-17 01:30,7813.00,7813.25,7807.00,7807.75,2167
2026-08-17 02:00,7807.50,7810.00,7806.25,7809.50,1699
2026-08-17 02:30,7809.25,7809.75,7808.25,7808.50,1552
2026-08-17 03:00,7808.75,7810.25,7808.00,7810.00,1240
2026-08-17 03:30,7810.25,7812.25,7809.25,7812.25,1017
2026-08-17 04:00,7812.75,7813.50,7812.25,7812.25,1342
2026-08-17 04:30,7812.25,7813.25,7811.50,7812.25,1018
2026-08-17 05:00,7812.25,7814.00,7812.00,7813.75,1014
2026-08-17 05:30,7813.75,7817.50,7813.75,7817.25,2555
2026-08-17 06:00,7817.50,7819.25,7816.50,7818.75,2361
2026-08-17 06:30,7818.50,7820.25,7818.00,7819.75,3724
2026-08-17 07:00,7820.00,7821.25,7813.25,7817.25,5197
2026-08-17 07:30,7817.25,7820.00,7815.75,7819.00,3402
2026-08-17 08:00,7819.00,7819.25,7814.75,7816.25,3606
2026-08-17 08:30,7816.25,7817.00,7813.75,7816.00,2013
2026-08-17 09:00,7816.25,7818.00,7814.75,7815.25,4103
2026-08-17 09:30,7815.50,7817.00,7814.00,7815.00,3085
2026-08-17 10:00,7815.00,7824.50,7812.75,7824.00,7001
2026-08-17 10:30,7824.00,7824.50,7814.75,7816.50,4435
2026-08-17 11:00,7816.25,7818.50,7813.25,7815.50,4053
2026-08-17 11:30,7815.50,7817.00,7813.25,7813.25,5896
2026-08-17 12:00,7813.50,7815.00,7805.75,7808.00,15911
2026-08-17 12:30,7808.25,7809.75,7801.25,7803.75,13622
2026-08-17 13:00,7803.50,7808.00,7802.75,7802.75,13128
2026-08-17 13:30,7803.00,7809.50,7793.25,7794.25,109963
2026-08-17 14:00,7794.50,7799.00,7791.00,7795.75,72549
2026-08-17 14:30,7795.75,7797.25,7790.00,7794.00,57599
2026-08-17 15:00,7794.00,7800.00,7792.75,7798.50,47698
2026-08-17 15:30,7798.75,7799.50,7788.25,7794.25,51490
2026-08-17 16:00,7794.25,7797.50,7791.75,7794.00,29898
2026-08-17 16:30,7794.00,7795.25,7787.00,7788.00,32743
2026-08-17 17:00,7787.75,7789.00,7775.75,7776.75,70913
2026-08-17 17:30,7776.75,7779.75,7772.00,7775.00,54438
2026-08-17 18:00,7775.25,7779.00,7773.75,7776.50,45182
2026-08-17 18:30,7776.75,7779.25,7773.25,7776.00,33512
2026-08-17 19:00,7776.00,7776.75,7772.00,7772.00,34493
2026-08-17 19:30,7772.25,7774.75,7766.25,7768.50,132433
2026-08-17 20:00,7768.50,7769.50,7764.75,7765.75,34204
2026-08-17 20:30,7765.75,7766.50,7763.50,7765.50,6585
2026-08-17 22:00,7766.00,7768.50,7762.50,7765.25,3151
2026-08-17 22:30,7765.00,7766.00,7764.00,7765.25,1260
2026-08-17 23:00,7765.25,7766.00,7763.50,7765.25,1226
2026-08-17 23:30,7765.00,7768.50,7764.50,7768.25,3087
2026-08-18 00:00,7768.00,7770.50,7766.75,7767.50,3144
2026-08-18 00:30,7767.50,7769.25,7766.25,7766.75,2386
2026-08-18 01:00,7767.00,7768.00,7765.50,7765.75,2764
2026-08-18 01:30,7766.00,7767.00,7755.25,7761.50,7319
2026-08-18 02:00,7761.50,7762.00,7748.00,7749.25,8656
2026-08-18 02:30,7749.25,7753.25,7742.75,7749.00,8189
2026-08-18 03:00,7749.25,7749.75,7742.25,7744.25,4919
2026-08-18 03:30,7744.25,7746.50,7741.00,7744.25,3921
2026-08-18 04:00,7743.00,7744.25,7739.50,7743.75,3992
2026-08-18 04:30,7743.75,7744.75,7740.75,7743.50,2377
2026-08-18 05:00,7743.50,7743.50,7736.75,7738.00,3542
2026-08-18 05:30,7738.25,7738.50,7734.25,7735.00,4775
2026-08-18 06:00,7735.25,7738.25,7726.00,7736.25,11223
2026-08-18 06:30,7736.00,7742.25,7734.25,7742.00,5395
2026-08-18 07:00,7741.75,7742.25,7735.25,7735.50,6895
2026-08-18 07:30,7735.75,7736.50,7726.00,7726.25,7323
2026-08-18 08:00,7726.50,7728.50,7716.50,7726.25,17979
2026-08-18 08:30,7726.25,7731.75,7725.25,7729.75,6265
2026-08-18 09:00,7729.75,7731.25,7723.75,7726.50,8751
2026-08-18 09:30,7726.25,7730.75,7722.50,7729.50,8960
2026-08-18 10:00,7729.50,7732.25,7728.25,7730.75,6312
2026-08-18 10:30,7730.75,7734.25,7729.25,7731.75,7311
2026-08-18 11:00,7731.75,7736.75,7730.75,7735.25,8672
2026-08-18 11:30,7735.25,7738.50,7732.25,7734.75,9364
2026-08-18 12:00,7734.75,7739.25,7732.25,7732.75,9121
2026-08-18 12:30,7732.75,7735.75,7728.50,7735.75,12475
2026-08-18 13:00,7735.50,7736.50,7724.25,7726.25,23850
2026-08-18 13:30,7726.50,7735.25,7719.00,7724.75,155922
2026-08-18 14:00,7725.00,7732.75,7716.50,7726.50,123587
2026-08-18 14:30,7726.50,7732.75,7717.25,7719.25,95717
2026-08-18 15:00,7719.50,7724.25,7713.25,7718.50,83790
2026-08-18 15:30,7718.25,7726.50,7716.00,7723.25,58719
2026-08-18 16:00,7723.25,7728.75,7721.25,7721.75,52063
2026-08-18 16:30,7721.75,7728.50,7720.50,7726.00,41664
2026-08-18 17:00,7726.00,7728.00,7720.75,7722.75,36584
2026-08-18 17:30,7722.50,7724.00,7715.75,7716.00,31695
2026-08-18 18:00,7715.75,7726.00,7714.25,7723.75,49795
2026-08-18 18:30,7723.50,7724.50,7716.75,7717.00,37670
2026-08-18 19:00,7717.00,7722.25,7715.50,7720.75,42134
2026-08-18 19:30,7720.75,7722.75,7710.25,7715.25,154590
2026-08-18 20:00,7715.00,7716.00,7712.25,7714.50,30736
2026-08-18 20:30,7714.50,7716.00,7711.25,7713.25,6789
2026-08-18 22:00,7714.00,7717.50,7711.25,7711.25,3891
2026-08-18 22:30,7711.50,7712.50,7707.50,7707.75,3516
2026-08-18 23:00,7707.75,7714.50,7706.75,7711.25,3151
2026-08-18 23:30,7711.50,7714.25,7710.50,7710.75,2877
2026-08-19 00:00,7710.50,7711.00,7702.00,7711.00,8514
2026-08-19 00:30,7711.00,7716.00,7710.50,7711.00,5212
2026-08-19 01:00,7711.00,7717.00,7709.50,7715.75,5991
2026-08-19 01:30,7715.75,7716.00,7709.75,7711.25,4133
2026-08-19 02:00,7711.25,7712.00,7706.00,7709.50,5592
2026-08-19 02:30,7709.50,7710.75,7706.50,7709.25,2746
2026-08-19 03:00,7709.50,7710.75,7707.00,7708.75,2389
2026-08-19 03:30,7708.50,7712.00,7705.75,7706.75,2882
2026-08-19 04:00,7705.00,7709.00,7704.50,7707.50,3207
2026-08-19 04:30,7707.75,7708.50,7699.50,7704.25,4004
2026-08-19 05:00,7704.25,7708.25,7699.50,7704.25,3905
2026-08-19 05:30,7704.25,7704.75,7698.25,7699.75,3472
2026-08-19 06:00,7699.50,7708.50,7698.25,7705.75,5880
2026-08-19 06:30,7705.75,7715.00,7703.75,7714.50,6728
2026-08-19 07:00,7714.50,7715.75,7709.50,7715.75,8765
2026-08-19 07:30,7715.75,7719.00,7713.75,7718.50,5903
2026-08-19 08:00,7718.25,7722.00,7716.75,7721.50,11979
2026-08-19 08:30,7721.50,7721.50,7717.75,7718.25,5040
2026-08-19 09:00,7718.00,7720.75,7714.00,7714.25,5455
2026-08-19 09:30,7714.50,7716.50,7711.75,7713.50,4400
2026-08-19 10:00,7713.50,7714.25,7709.50,7713.00,4797
2026-08-19 10:30,7713.25,7716.25,7712.00,7713.50,3560
2026-08-19 11:00,7713.50,7719.25,7713.25,7717.50,5659
2026-08-19 11:30,7717.25,7718.00,7713.25,7718.00,5485
2026-08-19 12:00,7718.00,7720.25,7715.00,7717.00,12768
2026-08-19 12:30,7717.00,7758.25,7714.75,7748.25,86980
2026-08-19 13:00,7748.00,7750.75,7740.25,7743.50,34571
2026-08-19 13:30,7743.50,7746.00,7720.75,7739.50,184125
2026-08-19 14:00,7739.75,7742.25,7726.50,7739.50,130921
2026-08-19 14:30,7739.50,7762.25,7737.75,7761.75,93888
2026-08-19 15:00,7762.00,7764.75,7748.25,7750.75,74081
2026-08-19 15:30,7750.75,7751.25,7739.75,7745.75,71753
2026-08-19 16:00,7745.75,7759.50,7743.25,7746.00,61003
2026-08-19 16:30,7746.00,7747.00,7734.25,7736.00,53918
2026-08-19 17:00,7736.00,7741.50,7729.75,7735.00,51658
2026-08-19 17:30,7734.75,7738.50,7730.75,7734.75,38284
2026-08-19 18:00,7734.50,7745.00,7729.00,7735.00,61678
2026-08-19 18:30,7735.00,7740.50,7734.00,7734.75,41877
2026-08-19 19:00,7734.75,7740.00,7733.75,7735.75,43937
2026-08-19 19:30,7735.75,7743.50,7721.75,7731.50,161035
2026-08-19 20:00,7731.25,7732.75,7725.75,7729.50,32604
2026-08-19 20:30,7729.25,7731.50,7727.50,7730.50,6916
2026-08-19 22:00,7733.00,7743.25,7731.50,7739.00,4422
2026-08-19 22:30,7738.75,7742.50,7737.75,7742.00,2440
2026-08-19 23:00,7742.25,7746.50,7740.00,7741.75,2705
2026-08-19 23:30,7741.75,7743.75,7739.75,7740.00,3326
2026-08-20 00:00,7740.00,7742.75,7734.00,7739.00,5936
2026-08-20 00:30,7739.00,7742.75,7737.25,7742.25,2811
2026-08-20 01:00,7742.25,7744.00,7738.00,7739.75,4822
2026-08-20 01:30,7739.75,7742.50,7737.00,7738.75,3359
2026-08-20 02:00,7738.75,7743.00,7735.50,7736.75,2808
2026-08-20 02:30,7736.75,7740.75,7735.00,7737.75,2286
2026-08-20 03:00,7737.75,7742.00,7736.25,7739.75,2581
2026-08-20 03:30,7739.50,7740.75,7736.25,7738.75,2287
2026-08-20 04:00,7741.75,7742.75,7740.75,7741.25,1922
2026-08-20 04:30,7741.00,7741.75,7737.75,7739.25,1747
2026-08-20 05:00,7739.25,7740.75,7734.75,7737.50,3002
2026-08-20 05:30,7737.50,7739.50,7734.25,7735.00,2195
2026-08-20 06:00,7734.75,7743.25,7734.75,7741.00,3740
2026-08-20 06:30,7740.75,7745.25,7740.00,7742.50,3621
2026-08-20 07:00,7742.50,7742.50,7731.25,7732.75,7079
2026-08-20 07:30,7733.00,7736.00,7730.00,7730.00,6461
2026-08-20 08:00,7730.25,7733.50,7721.75,7723.00,8924
2026-08-20 08:30,7723.00,7724.50,7715.50,7718.50,9356
2026-08-20 09:00,7718.75,7727.00,7717.50,7724.50,6059
2026-08-20 09:30,7724.50,7726.75,7721.75,7724.00,3721
2026-08-20 10:00,7723.75,7729.25,7722.00,7727.25,4915
2026-08-20 10:30,7727.25,7730.50,7724.25,7730.50,6186
2026-08-20 11:00,7730.50,7733.50,7714.50,7714.75,11869
2026-08-20 11:30,7714.75,7719.25,7703.25,7704.25,15706
2026-08-20 12:00,7704.50,7704.75,7684.75,7687.00,45118
2026-08-20 12:30,7687.25,7697.50,7680.25,7696.75,28652
2026-08-20 13:00,7697.00,7701.75,7692.50,7698.00,30827
2026-08-20 13:30,7698.00,7716.25,7697.25,7703.75,144524
2026-08-20 14:00,7703.75,7707.75,7691.75,7700.25,132798
2026-08-20 14:30,7700.25,7713.25,7697.50,7710.00,88178
2026-08-20 15:00,7709.75,7720.00,7697.75,7705.50,118245
2026-08-20 15:30,7705.50,7707.00,7690.50,7696.50,74288
2026-08-20 16:00,7696.50,7699.00,7692.75,7695.50,49230
2026-08-20 16:30,7695.50,7704.75,7691.75,7702.00,51608
2026-08-20 17:00,7702.25,7702.25,7685.00,7685.75,52317
2026-08-20 17:30,7685.75,7688.25,7680.25,7683.50,51698
2026-08-20 18:00,7683.50,7683.50,7669.25,7673.75,69713
2026-08-20 18:30,7673.75,7676.75,7670.25,7670.50,45843
2026-08-20 19:00,7670.50,7676.25,7670.00,7673.25,52324
2026-08-20 19:30,7673.50,7675.00,7659.00,7665.25,176133
2026-08-20 20:00,7665.25,7667.50,7657.75,7662.75,45794
2026-08-20 20:30,7663.00,7668.50,7662.00,7667.75,8407
2026-08-20 22:00,7669.00,7671.50,7663.25,7665.50,2303
2026-08-20 22:30,7665.75,7669.75,7664.00,7669.50,1307
2026-08-20 23:00,7669.25,7669.50,7667.50,7667.75,1440
2026-08-20 23:30,7667.75,7668.75,7664.25,7666.25,1976
2026-08-21 00:00,7666.25,7673.00,7665.50,7667.00,6121
2026-08-21 00:30,7667.00,7669.75,7664.25,7664.50,3494
2026-08-21 01:00,7664.75,7668.00,7661.25,7665.75,4106
2026-08-21 01:30,7665.50,7669.25,7663.25,7667.25,3579
2026-08-21 02:00,7667.25,7673.00,7666.75,7671.75,3404
2026-08-21 02:30,7671.75,7672.50,7670.00,7670.75,2476
2026-08-21 03:00,7671.00,7671.75,7666.75,7668.50,1921
2026-08-21 03:30,7668.50,7670.75,7666.50,7668.75,1640
2026-08-21 04:00,7669.75,7670.00,7665.75,7666.00,2050
2026-08-21 04:30,7665.75,7670.00,7664.25,7668.75,2224
2026-08-21 05:00,7669.00,7671.00,7667.00,7667.25,2289
2026-08-21 05:30,7667.25,7670.50,7665.75,7668.50,1855
2026-08-21 06:00,7668.50,7670.50,7667.25,7670.25,3023
2026-08-21 06:30,7670.00,7675.25,7669.25,7673.50,3154
2026-08-21 07:00,7673.75,7679.25,7671.00,7676.50,6112
2026-08-21 07:30,7676.50,7682.25,7676.25,7682.00,6890
2026-08-21 08:00,7682.00,7684.25,7677.50,7683.75,6162
2026-08-21 08:30,7683.75,7690.25,7683.25,7687.50,7538
2026-08-21 09:00,7687.50,7687.75,7681.75,7685.00,6875
2026-08-21 09:30,7685.00,7689.00,7684.25,7687.75,4849
2026-08-21 10:00,7688.00,7692.25,7685.50,7688.75,6094
2026-08-21 10:30,7688.75,7689.25,7686.00,7688.50,3038
2026-08-21 11:00,7688.50,7698.00,7684.75,7696.50,11120
2026-08-21 11:30,7696.75,7699.50,7693.00,7695.00,10225
2026-08-21 12:00,7695.00,7701.00,7693.00,7701.00,13670
2026-08-21 12:30,7701.00,7704.75,7698.25,7700.75,18396
2026-08-21 13:00,7701.00,7702.25,7685.25,7695.75,37752
2026-08-21 13:30,7695.75,7696.00,7676.75,7680.50,136059
2026-08-21 14:00,7680.50,7690.75,7680.00,7681.75,88936
2026-08-21 14:30,7681.75,7694.25,7677.25,7693.50,74434
2026-08-21 15:00,7693.75,7699.75,7689.50,7694.75,70194
2026-08-21 15:30,7694.75,7714.00,7693.50,7707.25,84265
2026-08-21 16:00,7707.50,7708.75,7693.75,7700.50,76673
2026-08-21 16:30,7700.50,7701.00,7693.00,7699.00,36245
2026-08-21 17:00,7699.25,7700.75,7692.25,7693.50,32693
2026-08-21 17:30,7693.75,7694.50,7689.50,7689.50,34817
2026-08-21 18:00,7689.75,7692.75,7687.75,7688.00,29858
2026-08-21 18:30,7688.00,7697.75,7685.75,7697.25,33735
2026-08-21 19:00,7697.25,7699.00,7693.50,7695.50,40836
2026-08-21 19:30,7695.50,7703.00,7688.75,7691.50,151981
2026-08-21 20:00,7691.75,7692.25,7687.50,7687.50,36422
2026-08-21 20:30,7687.75,7691.25,7687.00,7691.25,6126
2026-08-23 22:00,7683.75,7685.50,7681.75,7684.00,1270
2026-08-23 22:30,7683.75,7690.75,7683.25,7689.50,1953
2026-08-23 23:00,7689.25,7695.00,7689.25,7695.00,1556
2026-08-23 23:30,7695.00,7702.50,7694.50,7702.25,3048
2026-08-24 00:00,7702.25,7703.25,7684.75,7689.00,7470
2026-08-24 00:30,7689.25,7698.00,7687.00,7697.50,4102
2026-08-24 01:00,7697.50,7702.75,7696.00,7697.25,4323
2026-08-24 01:30,7697.50,7699.50,7690.25,7690.50,4097
2026-08-24 02:00,7690.50,7696.50,7687.25,7695.00,5113
2026-08-24 02:30,7695.00,7697.50,7692.75,7696.50,2778
2026-08-24 03:00,7696.50,7696.50,7688.25,7689.00,3727
2026-08-24 03:30,7688.75,7689.00,7682.25,7682.50,3419
2026-08-24 04:00,7683.00,7685.00,7680.50,7683.50,3603
2026-08-24 04:30,7683.50,7684.50,7679.50,7679.75,2914
2026-08-24 05:00,7680.00,7685.50,7679.75,7680.50,3145
2026-08-24 05:30,7680.50,7682.00,7675.00,7676.50,5201
2026-08-24 06:00,7676.50,7678.75,7669.00,7673.25,6283
2026-08-24 06:30,7673.00,7675.75,7670.25,7673.50,3634
2026-08-24 07:00,7673.50,7679.50,7672.00,7675.00,5294
2026-08-24 07:30,7674.75,7679.25,7670.50,7671.00,4365
2026-08-24 08:00,7671.00,7681.50,7668.75,7677.25,7720
2026-08-24 08:30,7677.25,7684.00,7676.50,7680.50,2904
2026-08-24 09:00,7680.50,7684.50,7677.75,7678.50,4144
2026-08-24 09:30,7678.25,7682.50,7678.25,7680.50,3441
2026-08-24 10:00,7680.50,7682.00,7675.25,7676.00,4582
2026-08-24 10:30,7676.00,7680.25,7669.75,7670.50,4850
2026-08-24 11:00,7670.50,7672.00,7664.50,7670.25,7515
2026-08-24 11:30,7670.25,7686.50,7670.25,7679.75,13625
2026-08-24 12:00,7680.00,7681.25,7675.75,7680.75,6603
2026-08-24 12:30,7680.75,7682.50,7669.25,7678.00,13739
2026-08-24 13:00,7678.00,7681.75,7676.00,7681.75,15220
2026-08-24 13:30,7681.75,7682.75,7655.00,7668.50,147614
2026-08-24 14:00,7668.75,7674.00,7659.50,7663.25,87509
2026-08-24 14:30,7663.25,7675.50,7661.75,7670.75,63052
2026-08-24 15:00,7670.75,7674.25,7657.75,7671.50,69043
2026-08-24 15:30,7671.50,7681.50,7668.00,7679.50,70905
2026-08-24 16:00,7679.25,7686.50,7678.25,7683.25,48902
2026-08-24 16:30,7683.25,7684.00,7675.25,7676.00,28795
2026-08-24 17:00,7676.00,7682.00,7667.25,7668.25,52663
2026-08-24 17:30,7668.00,7670.00,7664.50,7667.00,40153
2026-08-24 18:00,7667.00,7682.75,7666.75,7682.00,50129
2026-08-24 18:30,7682.00,7685.25,7674.00,7674.25,39616
2026-08-24 19:00,7674.00,7676.75,7672.50,7674.25,29785
2026-08-24 19:30,7674.25,7677.00,7668.00,7669.50,111670
2026-08-24 20:00,7669.75,7673.50,7666.50,7667.00,32842
2026-08-24 20:30,7666.75,7675.00,7666.50,7674.25,6388
2026-08-24 22:00,7676.00,7677.50,7673.50,7674.25,956
2026-08-24 22:30,7674.50,7674.75,7673.25,7674.50,794
2026-08-24 23:00,7674.50,7675.75,7672.50,7672.50,1300
2026-08-24 23:30,7672.50,7672.75,7667.75,7670.50,2451
2026-08-25 00:00,7670.50,7671.25,7660.25,7668.25,6216
2026-08-25 00:30,7668.00,7675.75,7667.25,7673.75,4129
2026-08-25 01:00,7673.75,7675.25,7670.50,7672.50,3815
2026-08-25 01:30,7672.25,7676.75,7671.75,7673.25,3002
2026-08-25 02:00,7673.25,7675.50,7668.00,7672.00,4495
2026-08-25 02:30,7671.75,7675.25,7666.50,7668.00,3520
2026-08-25 03:00,7668.00,7677.75,7668.00,7677.50,4478
2026-08-25 03:30,7677.25,7678.75,7673.25,7674.50,2342
2026-08-25 04:00,7677.50,7678.50,7676.75,7677.75,2195
2026-08-25 04:30,7677.75,7679.50,7675.25,7677.00,2320
2026-08-25 05:00,7676.75,7680.00,7676.00,7678.75,2044
2026-08-25 05:30,7679.00,7681.00,7677.00,7680.00,2894
2026-08-25 06:00,7680.00,7690.75,7669.75,7685.25,5737
2026-08-25 06:30,7685.00,7689.75,7683.50,7689.75,4741
2026-08-25 07:00,7689.75,7692.50,7682.50,7684.75,8036
2026-08-25 07:30,7684.75,7686.50,7681.50,7682.75,3637
2026-08-25 08:00,7682.75,7699.75,7680.50,7691.25,12049
2026-08-25 08:30,7691.50,7697.25,7689.25,7697.00,7138
2026-08-25 09:00,7697.00,7701.00,7694.50,7699.25,6220
2026-08-25 09:30,7699.25,7714.00,7698.75,7709.50,15086
2026-08-25 10:00,7709.25,7710.00,7703.25,7703.50,7044
2026-08-25 10:30,7703.75,7704.50,7699.75,7702.25,4686
2026-08-25 11:00,7702.00,7702.50,7693.00,7698.75,8219
2026-08-25 11:30,7699.00,7706.50,7698.50,7704.75,7756
2026-08-25 12:00,7704.75,7709.00,7701.25,7705.25,9839
2026-08-25 12:30,7705.25,7705.25,7694.75,7698.00,12678
2026-08-25 13:00,7697.75,7701.25,7694.75,7695.00,18775
2026-08-25 13:30,7695.00,7701.25,7688.00,7690.00,104860
2026-08-25 14:00,7690.00,7691.25,7680.00,7680.00,77945
2026-08-25 14:30,7680.00,7683.75,7663.25,7680.25,87520
2026-08-25 15:00,7680.00,7687.00,7676.25,7686.00,49872
2026-08-25 15:30,7686.25,7691.00,7679.00,7687.75,66711
2026-08-25 16:00,7687.75,7691.50,7686.25,7690.75,39056
2026-08-25 16:30,7690.50,7692.75,7686.25,7690.75,36673
2026-08-25 17:00,7690.75,7691.50,7679.25,7681.25,43368
2026-08-25 17:30,7681.00,7684.75,7680.25,7683.50,25198
2026-08-25 18:00,7683.25,7683.75,7680.00,7682.75,22685
2026-08-25 18:30,7682.75,7692.00,7682.75,7689.50,38660
2026-08-25 19:00,7689.50,7691.50,7681.75,7684.50,37775
2026-08-25 19:30,7684.50,7695.00,7683.00,7691.25,112684
2026-08-25 20:00,7691.00,7696.00,7689.00,7694.25,32247
2026-08-25 20:30,7694.25,7695.50,7689.75,7690.75,6796
2026-08-25 22:00,7691.50,7694.00,7690.50,7692.75,1516
2026-08-25 22:30,7693.00,7693.25,7691.75,7692.25,915
2026-08-25 23:00,7692.00,7692.50,7687.50,7687.50,1159
2026-08-25 23:30,7687.50,7688.00,7680.50,7682.00,3424
2026-08-26 00:00,7681.75,7686.00,7679.25,7680.75,6377
2026-08-26 00:30,7680.75,7681.25,7673.50,7674.00,6014
2026-08-26 01:00,7674.25,7678.00,7672.75,7673.25,5136
2026-08-26 01:30,7673.50,7674.75,7670.75,7674.25,4662
2026-08-26 02:00,7674.50,7679.00,7672.25,7678.50,4175
2026-08-26 02:30,7678.25,7687.00,7678.25,7685.75,4393
2026-08-26 03:00,7686.00,7688.25,7684.75,7685.25,3440
2026-08-26 03:30,7685.25,7692.00,7684.50,7690.25,3485
2026-08-26 04:00,7689.75,7691.50,7689.25,7689.75,2370
2026-08-26 04:30,7690.00,7690.25,7682.25,7683.25,2916
2026-08-26 05:00,7683.25,7687.50,7683.00,7686.00,2482
2026-08-26 05:30,7686.25,7687.75,7684.00,7685.00,1848
2026-08-26 06:00,7685.00,7686.25,7679.75,7682.50,4027
2026-08-26 06:30,7682.50,7691.00,7681.25,7688.50,3696
2026-08-26 07:00,7688.00,7688.75,7682.25,7683.00,5579
2026-08-26 07:30,7683.00,7686.25,7680.75,7686.00,3679
2026-08-26 08:00,7686.00,7690.25,7683.00,7689.00,5305
2026-08-26 08:30,7689.00,7691.00,7685.50,7688.50,3127
2026-08-26 09:00,7688.75,7689.75,7683.00,7685.00,4178
2026-08-26 09:30,7685.00,7689.50,7685.00,7689.00,3038
2026-08-26 10:00,7689.00,7689.25,7683.75,7683.75,2836
2026-08-26 10:30,7683.75,7690.25,7681.75,7687.00,5150
2026-08-26 11:00,7687.25,7694.75,7686.75,7690.00,5773
2026-08-26 11:30,7690.00,7691.75,7683.00,7687.50,7758
2026-08-26 12:00,7687.50,7698.50,7685.00,7696.00,10256
2026-08-26 12:30,7696.00,7696.75,7676.50,7679.25,28115
2026-08-26 13:00,7679.50,7682.25,7676.75,7678.50,17635
2026-08-26 13:30,7678.75,7701.75,7678.75,7701.25,116494
2026-08-26 14:00,7701.25,7702.50,7680.50,7682.75,87152
2026-08-26 14:30,7682.75,7691.50,7681.25,7690.75,58868
2026-08-26 15:00,7690.50,7697.00,7687.75,7690.50,58130
2026-08-26 15:30,7690.75,7695.50,7683.00,7685.25,67305
2026-08-26 16:00,7685.50,7686.50,7679.25,7679.75,47012
2026-08-26 16:30,7679.75,7682.00,7671.00,7679.25,51593
2026-08-26 17:00,7679.25,7689.50,7677.75,7688.50,47148
2026-08-26 17:30,7688.75,7691.00,7686.50,7688.75,35834
2026-08-26 18:00,7688.75,7692.00,7685.50,7688.25,31148
2026-08-26 18:30,7688.25,7698.50,7687.25,7697.25,41261
2026-08-26 19:00,7697.25,7705.50,7696.75,7701.50,45963
2026-08-26 19:30,7701.50,7704.50,7687.00,7692.25,118727
2026-08-26 20:00,7692.00,7707.00,7690.25,7697.50,44956
2026-08-26 20:30,7697.25,7710.25,7692.75,7710.00,13485
2026-08-26 22:00,7722.00,7738.50,7721.25,7738.00,6548
2026-08-26 22:30,7738.00,7741.25,7735.75,7736.25,6185
2026-08-26 23:00,7736.00,7737.00,7733.25,7734.00,3055
2026-08-26 23:30,7734.50,7739.25,7733.50,7738.50,3730
2026-08-27 00:00,7738.75,7739.25,7729.25,7732.00,7258
2026-08-27 00:30,7732.25,7732.25,7714.50,7716.50,10569
2026-08-27 01:00,7716.25,7723.50,7714.50,7723.00,5951
2026-08-27 01:30,7723.00,7726.75,7719.75,7724.50,5792
2026-08-27 02:00,7724.50,7727.75,7724.00,7726.50,2416
2026-08-27 02:30,7726.50,7729.75,7726.00,7728.00,3331
2026-08-27 03:00,7728.00,7730.75,7725.75,7729.75,2487
2026-08-27 03:30,7729.75,7730.50,7725.50,7725.75,2285
2026-08-27 04:00,7725.75,7727.50,7724.00,7724.00,1719
2026-08-27 04:30,7724.25,7724.50,7719.00,7719.75,2051
2026-08-27 05:00,7720.00,7720.75,7712.25,7714.00,3994
2026-08-27 05:30,7714.25,7714.75,7710.00,7712.00,3949
2026-08-27 06:00,7712.25,7713.25,7707.00,7712.75,7225
2026-08-27 06:30,7712.50,7718.00,7712.50,7718.00,4335
2026-08-27 07:00,7718.00,7721.25,7713.50,7721.25,6980
2026-08-27 07:30,7721.25,7722.00,7716.00,7720.50,4688
2026-08-27 08:00,7720.75,7734.50,7720.50,7734.25,10156
2026-08-27 08:30,7734.25,7734.25,7727.50,7728.00,6565
2026-08-27 09:00,7728.25,7728.75,7718.75,7724.75,8831
2026-08-27 09:30,7724.75,7728.50,7723.75,7724.25,5545
2026-08-27 10:00,7724.25,7724.25,7719.75,7720.00,4608
2026-08-27 10:30,7720.25,7724.50,7718.25,7724.00,4910
2026-08-27 11:00,7724.00,7729.75,7721.75,7722.50,8009
2026-08-27 11:30,7722.50,7725.25,7715.00,7722.25,10701
2026-08-27 12:00,7722.00,7726.50,7721.25,7723.25,10500
2026-08-27 12:30,7723.25,7723.50,7711.00,7711.50,14351
2026-08-27 13:00,7711.50,7718.00,7710.25,7716.25,20412
2026-08-27 13:30,7716.25,7728.50,7702.75,7715.25,183759
2026-08-27 14:00,7715.25,7730.25,7712.00,7728.50,93914
2026-08-27 14:30,7728.50,7736.00,7721.75,7735.25,93099
2026-08-27 15:00,7735.50,7742.75,7733.75,7734.75,62903
2026-08-27 15:30,7734.75,7740.50,7725.25,7738.00,89282
2026-08-27 16:00,7738.00,7741.50,7735.00,7740.75,38466
2026-08-27 16:30,7740.50,7752.25,7739.75,7751.75,54029
2026-08-27 17:00,7752.00,7755.50,7748.50,7749.25,43874
2026-08-27 17:30,7749.25,7752.50,7742.75,7743.75,42103
2026-08-27 18:00,7743.75,7745.50,7723.75,7725.75,75382
2026-08-27 18:30,7726.00,7732.50,7722.75,7727.50,56985
2026-08-27 19:00,7727.50,7734.00,7726.25,7730.75,50039
2026-08-27 19:30,7730.50,7744.75,7729.75,7741.00,147464
2026-08-27 20:00,7741.25,7743.25,7731.75,7733.25,35950
2026-08-27 20:30,7733.50,7734.25,7731.75,7733.00,5940
2026-08-27 22:00,7733.75,7734.75,7727.50,7733.75,1300
2026-08-27 22:30,7733.50,7734.00,7731.50,7732.25,1011
2026-08-27 23:00,7732.25,7732.50,7729.50,7729.75,1177
2026-08-27 23:30,7730.00,7730.50,7727.25,7728.75,2535
2026-08-28 00:00,7729.00,7736.00,7728.25,7736.00,5031
2026-08-28 00:30,7735.75,7737.50,7734.00,7735.75,2304
2026-08-28 01:00,7735.75,7740.25,7735.75,7738.25,3498
2026-08-28 01:30,7738.00,7743.00,7737.25,7742.75,3108
2026-08-28 02:00,7743.00,7747.25,7743.00,7745.50,2890
2026-08-28 02:30,7745.25,7745.25,7738.75,7740.75,3197
2026-08-28 03:00,7741.00,7747.50,7740.75,7746.50,2792
2026-08-28 03:30,7746.75,7746.75,7738.00,7741.75,2991
2026-08-28 04:00,7738.25,7741.00,7738.25,7739.75,1600
2026-08-28 04:30,7739.75,7740.00,7736.75,7737.75,1390
2026-08-28 05:00,7737.50,7738.00,7734.00,7735.25,2102
2026-08-28 05:30,7735.00,7735.50,7731.50,7731.75,2842
2026-08-28 06:00,7731.75,7737.00,7731.00,7733.50,3989
2026-08-28 06:30,7733.50,7743.50,7733.50,7743.50,4991
2026-08-28 07:00,7743.50,7744.50,7739.00,7741.75,6134
2026-08-28 07:30,7741.75,7743.25,7738.50,7740.25,3779
2026-08-28 08:00,7740.25,7741.25,7736.25,7739.00,5195
2026-08-28 08:30,7739.25,7745.00,7738.00,7740.25,4793
2026-08-28 09:00,7740.00,7740.50,7736.25,7739.25,3720
2026-08-28 09:30,7739.25,7740.75,7737.50,7738.75,2252
2026-08-28 10:00,7738.75,7740.00,7737.00,7739.00,2638
2026-08-28 10:30,7739.25,7740.50,7736.25,7739.75,4482
2026-08-28 11:00,7739.75,7743.00,7737.25,7742.25,4230
2026-08-28 11:30,7742.25,7743.50,7738.50,7739.75,3360
2026-08-28 12:00,7740.00,7751.00,7739.50,7750.50,10075
2026-08-28 12:30,7750.25,7751.25,7743.75,7749.75,9113
2026-08-28 13:00,7749.75,7755.00,7742.75,7746.25,17588
2026-08-28 13:30,7746.25,7758.00,7743.75,7746.25,90694
2026-08-28 14:00,7746.25,7760.50,7726.50,7742.00,187723
2026-08-28 14:30,7742.00,7780.00,7738.00,7779.25,131163
2026-08-28 15:00,7779.25,7782.50,7767.25,7779.00,103922
2026-08-28 15:30,7779.25,7779.50,7737.25,7739.75,151398
2026-08-28 16:00,7739.75,7745.25,7720.00,7725.25,130328
2026-08-28 16:30,7725.00,7736.00,7724.25,7725.75,79752
2026-08-28 17:00,7725.75,7726.25,7711.75,7717.00,81525
2026-08-28 17:30,7717.25,7726.50,7714.75,7724.25,49481
2026-08-28 18:00,7724.25,7727.25,7717.75,7719.50,43784
2026-08-28 18:30,7719.50,7724.75,7712.25,7716.00,43054
2026-08-28 19:00,7716.00,7725.25,7713.75,7724.50,47798
2026-08-28 19:30,7724.50,7728.25,7719.50,7722.75,146956
2026-08-28 20:00,7722.75,7724.00,7719.00,7720.50,30471
2026-08-28 20:30,7720.25,7725.50,7719.25,7722.00,10317
2026-08-30 22:00,7708.00,7714.75,7706.50,7711.25,2411
2026-08-30 22:30,7711.50,7712.25,7705.00,7709.25,3529
2026-08-30 23:00,7709.00,7709.50,7701.25,7701.25,3320
2026-08-30 23:30,7701.50,7701.75,7688.25,7688.50,10437
2026-08-31 00:00,7688.75,7699.50,7684.50,7699.00,9892
2026-08-31 00:30,7698.75,7703.75,7696.00,7697.25,7358
2026-08-31 01:00,7697.50,7697.50,7686.50,7689.75,8957
2026-08-31 01:30,7689.75,7691.50,7686.75,7690.00,4258
2026-08-31 02:00,7689.75,7696.75,7686.75,7690.50,5457
2026-08-31 02:30,7690.00,7692.25,7683.75,7692.00,5114
2026-08-31 03:00,7692.00,7696.00,7691.00,7693.25,3466
2026-08-31 03:30,7693.00,7693.75,7690.75,7692.75,1793
2026-08-31 04:00,7693.00,7693.25,7691.00,7692.50,1319
2026-08-31 04:30,7692.75,7702.25,7690.75,7700.50,3807
2026-08-31 05:00,7700.50,7710.50,7699.00,7708.25,5012
2026-08-31 05:30,7708.50,7708.75,7700.25,7704.50,3994
2026-08-31 06:00,7704.75,7709.50,7702.50,7709.50,4892
2026-08-31 06:30,7709.50,7712.00,7707.50,7711.00,3196
2026-08-31 07:00,7710.75,7711.25,7708.00,7709.25,5270
2026-08-31 07:30,7709.00,7710.75,7707.25,7709.50,3076
2026-08-31 08:00,7709.50,7718.50,7707.75,7712.50,7056
2026-08-31 08:30,7712.25,7714.50,7710.25,7712.75,3568
2026-08-31 09:00,7712.50,7716.00,7710.75,7713.50,3051
2026-08-31 09:30,7713.25,7713.50,7706.75,7707.25,3366
2026-08-31 10:00,7707.50,7709.75,7705.50,7708.50,4334
2026-08-31 10:30,7708.25,7711.25,7706.75,7709.75,2437
2026-08-31 11:00,7709.75,7711.25,7706.75,7710.50,3308
2026-08-31 11:30,7710.50,7710.50,7700.50,7702.25,7737
2026-08-31 12:00,7702.50,7709.25,7694.25,7698.00,16949
2026-08-31 12:30,7697.75,7701.50,7691.50,7693.75,15995
2026-08-31 13:00,7693.75,7702.50,7692.75,7701.50,20038
2026-08-31 13:30,7701.25,7704.25,7682.50,7689.50,135036
2026-08-31 14:00,7689.75,7691.00,7674.75,7676.75,77899
2026-08-31 14:30,7676.75,7692.00,7675.75,7687.50,69824
2026-08-31 15:00,7687.50,7692.50,7681.50,7687.50,52901
2026-08-31 15:30,7687.25,7691.25,7680.75,7682.00,45541
2026-08-31 16:00,7682.00,7687.25,7677.25,7687.00,45970
2026-08-31 16:30,7686.75,7687.75,7679.50,7686.50,38293
2026-08-31 17:00,7686.50,7688.50,7681.50,7682.00,30053
2026-08-31 17:30,7682.00,7696.25,7679.25,7693.00,47496
2026-08-31 18:00,7693.00,7696.25,7689.75,7691.00,38321
2026-08-31 18:30,7690.75,7692.00,7678.00,7684.50,64318
2026-08-31 19:00,7684.50,7695.50,7684.50,7694.25,52481
2026-08-31 19:30,7694.25,7708.25,7689.75,7697.75,231819
2026-08-31 20:00,7697.75,7704.75,7696.50,7702.50,46005
2026-08-31 20:30,7702.50,7703.00,7700.25,7701.25,6555
2026-08-31 22:00,7701.25,7702.75,7700.00,7701.50,2065
2026-08-31 22:30,7701.50,7702.75,7700.50,7701.25,1468
2026-08-31 23:00,7701.00,7703.25,7700.50,7702.75,2236
2026-08-31 23:30,7702.50,7705.25,7702.00,7703.50,4000
2026-09-01 00:00,7703.75,7708.00,7700.50,7706.00,5415
2026-09-01 00:30,7706.00,7707.50,7703.50,7705.00,3084
2026-09-01 01:00,7704.75,7705.75,7699.00,7699.50,5742
2026-09-01 01:30,7699.25,7705.25,7698.00,7703.25,4786
2026-09-01 02:00,7703.00,7703.75,7695.50,7696.75,3934
2026-09-01 02:30,7696.75,7700.50,7693.75,7700.25,3743
2026-09-01 03:00,7700.25,7700.25,7695.50,7695.75,2408
2026-09-01 03:30,7696.00,7697.75,7695.25,7696.50,2108
2026-09-01 04:00,7696.50,7698.00,7695.00,7696.25,2048
2026-09-01 04:30,7696.25,7697.25,7692.00,7692.75,2437
2026-09-01 05:00,7692.75,7695.00,7690.00,7694.50,2935
2026-09-01 05:30,7694.50,7706.25,7694.00,7704.50,6301
2026-09-01 06:00,7704.75,7705.50,7696.50,7696.75,6173
2026-09-01 06:30,7696.75,7700.25,7696.00,7697.50,2842
2026-09-01 07:00,7697.25,7705.50,7696.50,7703.00,7963
2026-09-01 07:30,7703.00,7703.25,7687.00,7690.50,10390
2026-09-01 08:00,7690.50,7693.00,7664.50,7665.75,24376
2026-09-01 08:30,7665.75,7669.00,7658.50,7658.50,20616
2026-09-01 09:00,7658.75,7660.00,7648.50,7651.00,16605
2026-09-01 09:30,7651.25,7656.25,7649.50,7653.25,10756
2026-09-01 10:00,7653.50,7662.00,7650.75,7660.50,8673
2026-09-01 10:30,7660.50,7664.50,7654.25,7656.50,10016
2026-09-01 11:00,7656.25,7658.25,7652.50,7657.25,10246
2026-09-01 11:30,7657.00,7663.25,7651.25,7652.50,10842
2026-09-01 12:00,7652.25,7654.75,7648.50,7653.25,16736
2026-09-01 12:30,7653.00,7653.00,7645.00,7647.50,19577
2026-09-01 13:00,7647.25,7648.75,7640.50,7647.00,29520
2026-09-01 13:30,7647.00,7652.75,7638.75,7647.00,139878
2026-09-01 14:00,7647.25,7667.75,7644.50,7664.75,122558
2026-09-01 14:30,7664.75,7673.00,7660.25,7662.25,97594
2026-09-01 15:00,7662.50,7663.50,7653.75,7662.75,79401
2026-09-01 15:30,7663.00,7673.75,7661.25,7670.00,79075
2026-09-01 16:00,7670.00,7670.50,7649.25,7652.00,97007
2026-09-01 16:30,7652.00,7653.25,7642.50,7649.50,86231
2026-09-01 17:00,7649.50,7649.50,7635.00,7643.50,68785
2026-09-01 17:30,7643.75,7649.00,7641.25,7644.75,54520
2026-09-01 18:00,7645.00,7647.00,7637.25,7638.75,51660
2026-09-01 18:30,7638.75,7639.50,7621.50,7634.00,96248
2026-09-01 19:00,7634.00,7643.00,7632.75,7640.75,77177
2026-09-01 19:30,7640.75,7645.50,7633.00,7644.00,176856
2026-09-01 20:00,7644.00,7648.75,7640.75,7647.00,44542
2026-09-01 20:30,7646.75,7648.75,7645.00,7647.50,8775
2026-09-01 22:00,7645.00,7648.00,7641.50,7643.25,1927
2026-09-01 22:30,7643.00,7647.25,7642.75,7645.25,1941
2026-09-01 23:00,7645.25,7646.00,7644.25,7645.75,1255
2026-09-01 23:30,7646.00,7647.25,7645.00,7646.25,1495
2026-09-02 00:00,7646.50,7651.50,7641.75,7644.25,7245
2026-09-02 00:30,7644.25,7647.00,7640.00,7640.00,4344
2026-09-02 01:00,7640.00,7642.75,7637.00,7640.75,7111
2026-09-02 01:30,7641.00,7642.25,7632.25,7636.75,7477
2026-09-02 02:00,7637.00,7641.75,7633.50,7640.25,4400
2026-09-02 02:30,7640.50,7641.75,7638.00,7641.00,3541
2026-09-02 03:00,7641.25,7642.00,7637.75,7638.00,3219
2026-09-02 03:30,7638.25,7638.25,7634.25,7635.50,2777
2026-09-02 04:00,7635.25,7636.25,7632.75,7634.25,2610
2026-09-02 04:30,7634.25,7636.50,7634.00,7635.25,1785
2026-09-02 05:00,7635.50,7640.75,7632.75,7640.50,3492
2026-09-02 05:30,7640.50,7643.00,7635.75,7637.25,3812
2026-09-02 06:00,7637.50,7639.25,7631.75,7632.25,5336
2026-09-02 06:30,7632.25,7643.00,7631.75,7641.25,5973
2026-09-02 07:00,7641.25,7647.25,7639.25,7643.00,8713
2026-09-02 07:30,7642.75,7643.50,7635.25,7637.50,4943
2026-09-02 08:00,7637.50,7643.00,7635.50,7636.50,4169
2026-09-02 08:30,7636.75,7639.25,7623.25,7626.50,8342
2026-09-02 09:00,7626.50,7633.00,7623.50,7626.00,8372
2026-09-02 09:30,7626.00,7626.25,7621.50,7625.75,7682
2026-09-02 10:00,7625.75,7628.75,7621.25,7627.00,6627
2026-09-02 10:30,7626.75,7627.25,7621.75,7626.75,5737
2026-09-02 11:00,7626.50,7638.00,7618.50,7635.75,16327
2026-09-02 11:30,7636.00,7646.25,7635.00,7646.25,12004
2026-09-02 12:00,7646.25,7658.75,7645.00,7650.25,29617
2026-09-02 12:30,7650.00,7650.75,7639.25,7640.25,16299
2026-09-02 13:00,7640.00,7654.50,7639.75,7650.25,22392
2026-09-02 13:30,7650.50,7657.00,7643.00,7656.75,127002
2026-09-02 14:00,7656.50,7682.50,7654.75,7679.50,153227
2026-09-02 14:30,7679.25,7690.25,7675.50,7679.75,107151
2026-09-02 15:00,7679.50,7690.75,7677.50,7689.50,76124
2026-09-02 15:30,7689.75,7691.25,7676.00,7685.75,73404
2026-09-02 16:00,7685.50,7685.75,7673.00,7675.00,46596
2026-09-02 16:30,7674.75,7679.50,7673.25,7675.50,46836
2026-09-02 17:00,7675.50,7681.25,7670.75,7673.75,49743
2026-09-02 17:30,7673.75,7679.50,7670.00,7678.00,51263
2026-09-02 18:00,7678.25,7687.75,7673.75,7680.00,60266
2026-09-02 18:30,7680.00,7681.75,7672.50,7674.50,47176
2026-09-02 19:00,7674.25,7681.75,7673.25,7681.00,42800
2026-09-02 19:30,7681.25,7681.50,7674.00,7678.25,119313
2026-09-02 20:00,7678.25,7682.50,7667.50,7671.25,38105
2026-09-02 20:30,7671.25,7672.50,7668.75,7669.25,8078
2026-09-02 22:00,7673.50,7680.00,7671.50,7678.25,1901
2026-09-02 22:30,7678.25,7678.75,7675.75,7676.00,1463
2026-09-02 23:00,7676.25,7677.75,7674.50,7676.75,1693
2026-09-02 23:30,7676.75,7681.25,7676.25,7679.75,2872
2026-09-03 00:00,7679.75,7679.75,7671.50,7673.25,4509
2026-09-03 00:30,7673.25,7673.75,7672.00,7672.75,2022
2026-09-03 01:00,7672.50,7679.00,7671.75,7676.50,4430
2026-09-03 01:30,7676.25,7679.25,7671.50,7671.75,3235
2026-09-03 02:00,7671.75,7679.50,7671.00,7678.50,3266
2026-09-03 02:30,7678.50,7680.50,7676.25,7678.75,2278
2026-09-03 03:00,7678.50,7683.75,7677.75,7681.25,2705
2026-09-03 03:30,7681.25,7683.50,7681.00,7682.00,2191
2026-09-03 04:00,7683.50,7684.50,7681.75,7681.75,1920
2026-09-03 04:30,7681.75,7683.50,7679.25,7679.75,1502
2026-09-03 05:00,7679.50,7679.75,7661.25,7665.25,7570
2026-09-03 05:30,7664.75,7679.00,7664.50,7678.75,5542
2026-09-03 06:00,7678.75,7680.50,7675.00,7676.75,3604
2026-09-03 06:30,7676.50,7677.50,7672.00,7674.25,2991
2026-09-03 07:00,7674.25,7683.50,7672.25,7678.25,4955
2026-09-03 07:30,7678.50,7686.25,7676.25,7683.00,5878
2026-09-03 08:00,7682.75,7694.50,7681.75,7689.25,11865
2026-09-03 08:30,7689.25,7689.25,7683.25,7683.50,3165
2026-09-03 09:00,7683.50,7686.75,7682.25,7682.25,3864
2026-09-03 09:30,7682.25,7683.25,7672.00,7673.50,6026
2026-09-03 10:00,7673.75,7677.25,7669.75,7671.25,6430
2026-09-03 10:30,7671.25,7673.50,7669.25,7673.25,5733
2026-09-03 11:00,7673.25,7685.25,7670.25,7682.50,8104
2026-09-03 11:30,7682.50,7684.00,7671.50,7673.75,8488
2026-09-03 12:00,7673.50,7683.00,7673.50,7681.00,10806
2026-09-03 12:30,7681.25,7704.00,7680.75,7701.25,33375
2026-09-03 13:00,7701.25,7706.25,7694.00,7704.00,31791
2026-09-03 13:30,7704.25,7726.50,7704.00,7721.75,158562
2026-09-03 14:00,7722.00,7722.00,7700.50,7712.25,132357
2026-09-03 14:30,7712.25,7719.00,7700.00,7718.25,101098
2026-09-03 15:00,7718.25,7756.00,7718.00,7755.50,163170
2026-09-03 15:30,7755.50,7759.50,7749.00,7759.50,100114
2026-09-03 16:00,7759.50,7759.50,7748.00,7750.25,64917
2026-09-03 16:30,7750.25,7758.25,7748.75,7755.00,56067
2026-09-03 17:00,7755.00,7756.00,7747.00,7752.50,36443
2026-09-03 17:30,7752.25,7761.00,7752.25,7758.25,43399
2026-09-03 18:00,7760.75,7766.50,7760.75,7763.00,54075
2026-09-03 18:30,7763.25,7765.00,7759.75,7762.50,36348
2026-09-03 19:00,7762.50,7763.00,7756.75,7759.75,50423
2026-09-03 19:30,7759.75,7761.00,7752.00,7756.00,153989
2026-09-03 20:00,7756.25,7757.00,7750.00,7750.25,36155
2026-09-03 20:30,7750.25,7752.00,7748.00,7749.25,7231
2026-09-03 22:00,7749.75,7751.75,7748.25,7751.00,1378
2026-09-03 22:30,7750.75,7753.25,7750.75,7753.00,1120
2026-09-03 23:00,7753.00,7753.75,7751.25,7752.75,1183
2026-09-03 23:30,7752.75,7754.25,7752.00,7752.75,1522
2026-09-04 00:00,7752.50,7755.00,7750.50,7754.00,3271
2026-09-04 00:30,7754.00,7757.00,7753.50,7756.00,2502
2026-09-04 01:00,7756.00,7756.50,7753.00,7756.00,2483
2026-09-04 01:30,7756.00,7757.25,7753.75,7756.50,2620
2026-09-04 02:00,7756.50,7757.75,7755.00,7757.25,1730
2026-09-04 02:30,7757.50,7758.75,7755.75,7758.00,1891
2026-09-04 03:00,7758.00,7759.25,7756.75,7757.75,1463
2026-09-04 03:30,7758.00,7759.25,7757.00,7757.75,1406
2026-09-04 04:00,7757.00,7761.00,7757.00,7760.75,2308
2026-09-04 04:30,7760.75,7761.75,7759.50,7761.25,1686
2026-09-04 05:00,7761.25,7764.50,7760.50,7762.50,2296
2026-09-04 05:30,7762.50,7763.75,7759.50,7761.50,3269
2026-09-04 06:00,7761.25,7764.00,7760.75,7762.75,3520
2026-09-04 06:30,7762.50,7762.75,7755.00,7755.75,4117
2026-09-04 07:00,7755.75,7759.75,7754.75,7759.50,6826
2026-09-04 07:30,7759.75,7763.00,7758.75,7759.75,5504
2026-09-04 08:00,7760.00,7761.75,7758.50,7761.50,7634
2026-09-04 08:30,7761.50,7763.00,7759.00,7762.00,4529
2026-09-04 09:00,7762.00,7762.25,7755.50,7756.50,4972
2026-09-04 09:30,7756.50,7759.75,7755.50,7758.25,3644
2026-09-04 10:00,7758.25,7763.25,7758.25,7761.25,4413
2026-09-04 10:30,7761.00,7763.75,7759.00,7761.75,4155
2026-09-04 11:00,7761.75,7762.25,7757.25,7758.50,4694
2026-09-04 11:30,7758.75,7764.00,7758.75,7762.00,5477
2026-09-04 12:00,7762.00,7763.00,7748.50,7758.75,27292
2026-09-04 12:30,7760.75,7762.00,7731.25,7738.25,43501
2026-09-04 13:00,7738.25,7743.25,7733.75,7741.75,31206
2026-09-04 13:30,7742.00,7751.00,7739.75,7745.00,120467
2026-09-04 14:00,7745.25,7745.50,7729.50,7734.25,92906
2026-09-04 14:30,7734.25,7735.25,7715.00,7716.25,97802
2026-09-04 15:00,7716.25,7722.00,7712.25,7716.25,92653
2026-09-04 15:30,7716.50,7722.75,7711.75,7721.25,64648
2026-09-04 16:00,7721.25,7733.50,7720.25,7728.50,54011
2026-09-04 16:30,7728.50,7735.25,7727.25,7730.75,47401
2026-09-04 17:00,7730.75,7731.50,7719.75,7720.50,50682
2026-09-04 17:30,7720.50,7720.50,7712.75,7716.25,54555
2026-09-04 18:00,7716.00,7721.50,7713.50,7720.50,39991
2026-09-04 18:30,7720.75,7725.75,7719.50,7724.25,35852
2026-09-04 19:00,7724.25,7726.00,7717.50,7722.00,45125
2026-09-04 19:30,7721.75,7726.75,7718.00,7723.75,148068
2026-09-04 20:00,7723.75,7724.25,7716.00,7716.25,36672
2026-09-04 20:30,7716.25,7722.00,7713.75,7722.00,9271
2026-09-08 04:00,7722.50,7725.00,7721.25,7724.00,2471
2026-09-08 04:30,7723.75,7725.75,7721.25,7723.25,2672
2026-09-08 05:00,7723.25,7723.50,7715.00,7716.50,5091
2026-09-08 05:30,7716.25,7716.25,7705.00,7705.50,5846
2026-09-08 06:00,7705.75,7707.00,7694.75,7697.75,8382
2026-09-08 06:30,7697.75,7704.75,7695.00,7703.25,6981
2026-09-08 07:00,7703.50,7710.50,7701.25,7704.50,10488
2026-09-08 07:30,7704.50,7704.75,7690.00,7692.25,10414
2026-09-08 08:00,7692.25,7696.50,7687.50,7690.75,12968
2026-09-08 08:30,7690.50,7695.50,7688.25,7692.50,7554
2026-09-08 09:00,7692.50,7700.50,7689.00,7700.25,5784
2026-09-08 09:30,7700.25,7709.00,7699.50,7709.00,8520
2026-09-08 10:00,7709.00,7718.25,7703.75,7706.75,13899
2026-09-08 10:30,7707.00,7707.00,7695.75,7698.50,8258
2026-09-08 11:00,7698.75,7702.00,7693.00,7698.00,9808
2026-09-08 11:30,7698.25,7706.25,7695.75,7705.75,10216
2026-09-08 12:00,7706.00,7706.00,7696.25,7705.50,12270
2026-09-08 12:30,7705.50,7714.25,7705.00,7714.00,13711
2026-09-08 13:00,7714.00,7715.50,7709.75,7711.25,20503
2026-09-08 13:30,7711.50,7717.75,7688.25,7695.00,146317
2026-09-08 14:00,7695.00,7696.75,7680.00,7687.25,122206
2026-09-08 14:30,7687.25,7700.00,7684.50,7696.75,75289
2026-09-08 15:00,7697.00,7704.00,7693.75,7698.75,73418
2026-09-08 15:30,7698.75,7701.25,7693.75,7694.25,55861
2026-09-08 16:00,7694.25,7698.25,7688.25,7691.75,58514
2026-09-08 16:30,7691.50,7697.00,7685.75,7690.00,63581
2026-09-08 17:00,7689.75,7701.75,7689.75,7695.25,49856
2026-09-08 17:30,7695.50,7699.50,7693.75,7695.25,40057
2026-09-08 18:00,7695.25,7699.50,7695.00,7698.25,36481
2026-09-08 18:30,7698.25,7698.50,7676.75,7688.00,99395
2026-09-08 19:00,7688.25,7691.50,7685.25,7690.75,51326
2026-09-08 19:30,7690.50,7692.25,7672.25,7681.00,192936
2026-09-08 20:00,7681.25,7683.00,7673.75,7675.50,40071
2026-09-08 20:30,7675.75,7679.25,7674.00,7678.25,7590
2026-09-08 22:00,7681.00,7681.00,7676.50,7679.50,1291
2026-09-08 22:30,7679.50,7682.75,7678.25,7682.50,1645
2026-09-08 23:00,7682.50,7682.75,7677.75,7678.00,1764
2026-09-08 23:30,7678.00,7678.50,7672.75,7674.50,3803
2026-09-09 00:00,7674.75,7684.25,7674.50,7678.25,7129
2026-09-09 00:30,7678.00,7682.50,7675.25,7682.25,3253
2026-09-09 01:00,7682.25,7687.00,7681.25,7685.75,7961
2026-09-09 01:30,7685.75,7687.75,7683.75,7685.25,4549
2026-09-09 02:00,7685.25,7687.00,7682.75,7685.25,3896
2026-09-09 02:30,7685.25,7687.25,7684.50,7686.00,2520
2026-09-09 03:00,7686.00,7686.50,7682.75,7685.00,2899
2026-09-09 03:30,7684.75,7685.75,7682.00,7683.00,2381
2026-09-09 04:00,7684.00,7686.75,7680.50,7685.50,3118
2026-09-09 04:30,7685.50,7689.75,7684.25,7688.75,2423
2026-09-09 05:00,7688.75,7689.00,7683.75,7686.00,3272
2026-09-09 05:30,7686.25,7691.00,7684.00,7691.00,4066
2026-09-09 06:00,7691.00,7691.25,7684.50,7685.25,5207
2026-09-09 06:30,7685.25,7688.50,7684.50,7685.25,3236
2026-09-09 07:00,7685.25,7691.25,7683.00,7691.00,8212
2026-09-09 07:30,7690.75,7691.00,7681.50,7685.25,6247
2026-09-09 08:00,7685.25,7687.75,7681.00,7684.75,6541
2026-09-09 08:30,7684.75,7686.00,7677.75,7682.00,7104
2026-09-09 09:00,7682.00,7683.75,7675.00,7677.25,7131
2026-09-09 09:30,7677.25,7679.50,7657.00,7659.25,16209
2026-09-09 10:00,7659.50,7665.00,7655.75,7661.00,14561
2026-09-09 10:30,7661.00,7661.25,7647.25,7650.00,16481
2026-09-09 11:00,7650.00,7658.50,7649.00,7656.00,11799
2026-09-09 11:30,7656.00,7663.50,7650.50,7652.75,20698
2026-09-09 12:00,7652.75,7653.50,7644.50,7647.00,15556
2026-09-09 12:30,7646.75,7657.00,7645.75,7655.50,15268
2026-09-09 13:00,7655.50,7662.25,7654.00,7660.50,20627
2026-09-09 13:30,7660.75,7663.75,7651.75,7661.00,122429
2026-09-09 14:00,7660.75,7662.00,7644.50,7659.50,116141
2026-09-09 14:30,7659.50,7660.00,7652.25,7657.75,79360
2026-09-09 15:00,7658.00,7665.00,7628.75,7635.25,175639
2026-09-09 15:30,7635.25,7650.75,7634.50,7641.25,102556
2026-09-09 16:00,7641.50,7643.75,7632.75,7635.75,58937
2026-09-09 16:30,7635.75,7648.75,7635.50,7645.75,54816
2026-09-09 17:00,7645.75,7653.00,7643.50,7649.00,66950
2026-09-09 17:30,7649.25,7653.25,7643.50,7650.25,48600
2026-09-09 18:00,7650.25,7652.00,7642.75,7648.50,46249
2026-09-09 18:30,7648.25,7653.75,7645.75,7648.75,45118
2026-09-09 19:00,7648.75,7654.50,7646.25,7651.25,43800
2026-09-09 19:30,7651.25,7652.25,7641.25,7644.50,129845
2026-09-09 20:00,7644.50,7647.25,7642.50,7645.25,30707
2026-09-09 20:30,7645.25,7648.25,7645.00,7648.00,7406
2026-09-09 22:00,7646.50,7651.00,7645.75,7646.00,1431
2026-09-09 22:30,7646.00,7648.00,7646.00,7647.00,1099
2026-09-09 23:00,7647.00,7648.00,7645.75,7647.25,1421
2026-09-09 23:30,7647.50,7653.00,7647.25,7652.00,2406
2026-09-10 00:00,7652.25,7656.50,7650.50,7656.25,6760
2026-09-10 00:30,7656.00,7656.25,7647.25,7647.50,5071
2026-09-10 01:00,7647.50,7650.50,7644.75,7645.50,5591
2026-09-10 01:30,7645.50,7652.00,7644.00,7651.50,5050
2026-09-10 02:00,7651.50,7652.25,7648.25,7649.00,3442
2026-09-10 02:30,7649.00,7655.50,7648.75,7654.50,3282
2026-09-10 03:00,7654.50,7656.75,7652.00,7654.25,3257
2026-09-10 03:30,7654.00,7656.50,7653.25,7655.75,2487
2026-09-10 04:00,7656.25,7657.25,7655.00,7656.25,2619
2026-09-10 04:30,7656.25,7660.00,7655.75,7659.00,2415
2026-09-10 05:00,7659.00,7663.00,7657.75,7662.75,2869
2026-09-10 05:30,7663.00,7665.75,7661.00,7663.50,4014
2026-09-10 06:00,7663.50,7664.75,7659.25,7663.50,4141
2026-09-10 06:30,7663.75,7666.25,7662.75,7664.00,4482
2026-09-10 07:00,7664.00,7664.00,7657.50,7657.75,5992
2026-09-10 07:30,7657.75,7661.25,7656.25,7659.25,5386
2026-09-10 08:00,7659.50,7662.50,7656.50,7660.00,7159
2026-09-10 08:30,7660.25,7661.00,7651.25,7652.50,6524
2026-09-10 09:00,7652.50,7655.50,7649.75,7650.50,5925
2026-09-10 09:30,7650.25,7654.75,7646.00,7652.00,7917
2026-09-10 10:00,7652.00,7654.00,7649.75,7651.00,5824
2026-09-10 10:30,7651.25,7657.00,7646.25,7648.25,12042
2026-09-10 11:00,7648.00,7648.75,7642.50,7643.00,8518
2026-09-10 11:30,7643.25,7648.50,7632.00,7632.00,14689
2026-09-10 12:00,7632.00,7635.00,7623.75,7625.75,25376
2026-09-10 12:30,7627.00,7630.00,7597.75,7601.50,85322
2026-09-10 13:00,7601.50,7609.00,7595.00,7598.75,42620
2026-09-10 13:30,7599.00,7609.00,7586.00,7586.75,186396
2026-09-10 14:00,7586.75,7620.00,7585.50,7606.25,186195
2026-09-10 14:30,7606.25,7615.50,7603.75,7613.50,101451
2026-09-10 15:00,7613.25,7615.00,7604.75,7611.25,85921
2026-09-10 15:30,7611.50,7619.25,7601.25,7604.75,84036
2026-09-10 16:00,7605.00,7610.25,7597.00,7600.25,72433
2026-09-10 16:30,7600.00,7613.00,7591.50,7611.50,87477
2026-09-10 17:00,7611.25,7617.75,7604.25,7605.25,72651
2026-09-10 17:30,7605.00,7607.25,7599.50,7602.25,47659
2026-09-10 18:00,7602.25,7605.25,7594.00,7596.75,59427
2026-09-10 18:30,7596.50,7603.50,7591.75,7597.00,64144
2026-09-10 19:00,7597.00,7599.50,7592.50,7595.75,70552
2026-09-10 19:30,7595.75,7602.75,7594.25,7598.50,148823
2026-09-10 20:00,7598.75,7606.50,7595.75,7603.50,38344
2026-09-10 20:30,7603.75,7605.50,7599.25,7602.00,9044
2026-09-10 22:00,7599.50,7607.25,7599.50,7601.00,3693
2026-09-10 22:30,7601.00,7602.00,7598.25,7599.75,3321
2026-09-10 23:00,7599.50,7601.75,7599.25,7600.25,1602
2026-09-10 23:30,7600.25,7601.75,7594.50,7595.00,3736
2026-09-11 00:00,7595.00,7609.00,7594.25,7608.50,11412
2026-09-11 00:30,7608.50,7613.75,7605.25,7613.25,6948
2026-09-11 01:00,7613.25,7616.25,7609.00,7609.25,6810
2026-09-11 01:30,7609.25,7611.50,7606.75,7610.00,5482
2026-09-11 02:00,7610.00,7611.25,7605.00,7606.25,4042
2026-09-11 02:30,7606.25,7608.00,7602.25,7603.75,4951
2026-09-11 03:00,7603.50,7604.25,7599.75,7601.25,4067
2026-09-11 03:30,7601.25,7604.25,7597.75,7602.75,4536
2026-09-11 04:00,7605.00,7611.00,7601.25,7610.75,6966
2026-09-11 04:30,7610.75,7614.50,7610.00,7611.25,4198
2026-09-11 05:00,7611.00,7617.00,7610.75,7612.00,5312
2026-09-11 05:30,7612.00,7627.50,7612.00,7626.00,9759
2026-09-11 06:00,7626.00,7629.50,7622.50,7627.00,9762
2026-09-11 06:30,7627.00,7632.25,7623.75,7631.00,9895
2026-09-11 07:00,7631.00,7633.00,7627.00,7627.00,11537
2026-09-11 07:30,7627.00,7629.00,7624.50,7626.75,8912
2026-09-11 08:00,7626.75,7644.25,7623.25,7631.25,22011
2026-09-11 08:30,7631.25,7643.75,7631.25,7643.75,15709
2026-09-11 09:00,7643.75,7647.75,7636.50,7638.75,13971
2026-09-11 09:30,7638.75,7642.25,7638.50,7641.00,6219
2026-09-11 10:00,7640.75,7645.25,7635.50,7640.75,12390
2026-09-11 10:30,7640.75,7643.50,7638.00,7638.50,6479
2026-09-11 11:00,7638.75,7641.25,7635.50,7639.50,8243
2026-09-11 11:30,7639.50,7642.50,7635.75,7640.75,9486
2026-09-11 12:00,7640.75,7657.50,7637.50,7653.75,26065
2026-09-11 12:30,7653.50,7677.50,7620.50,7676.25,81556
2026-09-11 13:00,7676.25,7683.50,7664.50,7665.00,65155
2026-09-11 13:30,7665.00,7682.00,7659.75,7681.00,205592
2026-09-11 14:00,7681.00,7681.25,7664.00,7675.00,152375
2026-09-11 14:30,7675.00,7676.00,7653.25,7657.25,169577
2026-09-11 15:00,7657.25,7680.25,7655.25,7677.50,128735
2026-09-11 15:30,7677.50,7680.50,7671.50,7675.00,102092
2026-09-11 16:00,7674.75,7680.00,7666.25,7667.00,83773
2026-09-11 16:30,7667.00,7675.50,7665.75,7674.25,80806
2026-09-11 17:00,7674.25,7681.00,7673.00,7677.50,70374
2026-09-11 17:30,7677.75,7680.25,7674.00,7674.75,56194
2026-09-11 18:00,7675.00,7677.75,7668.75,7672.00,73742
2026-09-11 18:30,7672.00,7673.50,7667.00,7668.00,68872
2026-09-11 19:00,7668.00,7670.50,7663.00,7667.75,66014
2026-09-11 19:30,7667.75,7668.75,7657.50,7659.00,197268
2026-09-11 20:00,7659.00,7662.00,7658.50,7661.00,45415
2026-09-11 20:30,7661.00,7663.50,7659.50,7659.50,8625
2026-09-13 22:00,7609.50,7619.00,7607.75,7619.00,5425
2026-09-13 22:30,7618.50,7622.75,7616.75,7618.50,3213
2026-09-13 23:00,7618.75,7624.75,7617.50,7624.75,1888
2026-09-13 23:30,7624.50,7625.50,7614.75,7615.50,3942
2026-09-14 00:00,7615.25,7623.25,7614.50,7620.00,5710
2026-09-14 00:30,7620.00,7624.50,7619.25,7621.50,2841
2026-09-14 01:00,7621.75,7625.75,7620.00,7623.50,2646
2026-09-14 01:30,7623.50,7634.50,7621.50,7632.75,4012
2026-09-14 02:00,7633.00,7634.00,7631.50,7632.00,2544
2026-09-14 02:30,7632.00,7633.00,7629.00,7629.50,3272
2026-09-14 03:00,7629.50,7629.50,7624.00,7626.50,3509
2026-09-14 03:30,7626.25,7626.25,7621.75,7622.25,1938
2026-09-14 04:00,7622.50,7624.25,7620.75,7622.00,1845
2026-09-14 04:30,7622.00,7623.25,7619.25,7620.25,2166
2026-09-14 05:00,7620.25,7621.25,7616.00,7618.75,2373
2026-09-14 05:30,7618.75,7620.25,7615.25,7620.00,2904
2026-09-14 06:00,7620.00,7624.75,7619.75,7621.00,3789
2026-09-14 06:30,7621.00,7621.00,7606.25,7609.50,6892
2026-09-14 07:00,7609.75,7615.50,7607.25,7611.25,7540
2026-09-14 07:30,7611.25,7613.00,7604.00,7608.50,11527
2026-09-14 08:00,7608.75,7613.50,7603.50,7603.75,10570
2026-09-14 08:30,7603.75,7610.75,7600.00,7608.25,10480
2026-09-14 09:00,7608.00,7609.75,7593.75,7599.25,12338
2026-09-14 09:30,7599.00,7601.25,7594.25,7596.50,16758
2026-09-14 10:00,7596.50,7604.50,7596.25,7604.00,9997
2026-09-14 10:30,7604.00,7610.75,7603.25,7609.25,9466
2026-09-14 11:00,7609.25,7617.50,7607.00,7616.50,20988
2026-09-14 11:30,7616.75,7617.75,7610.50,7611.50,11308
2026-09-14 12:00,7611.50,7615.00,7606.75,7610.00,23223
2026-09-14 12:30,7610.00,7612.50,7596.50,7606.50,37097
2026-09-14 13:00,7606.50,7609.25,7596.50,7606.25,45842
2026-09-14 13:30,7606.50,7622.25,7601.00,7615.75,184895
2026-09-14 14:00,7615.75,7627.00,7597.75,7604.00,175005
2026-09-14 14:30,7604.00,7607.00,7595.25,7601.50,138597
2026-09-14 15:00,7601.50,7615.00,7597.50,7612.00,115683
2026-09-14 15:30,7612.00,7706.50,7611.50,7702.00,199355
2026-09-14 16:00,7701.75,7710.50,7696.00,7704.25,112154
2026-09-14 16:30,7704.25,7719.75,7702.25,7713.00,134309
2026-09-14 17:00,7713.00,7714.75,7703.00,7711.25,80885
2026-09-14 17:30,7711.25,7712.75,7707.50,7707.50,83072
2026-09-14 18:00,7707.50,7712.25,7703.25,7704.50,66535
2026-09-14 18:30,7704.75,7709.75,7704.00,7705.50,54585
2026-09-14 19:00,7705.50,7706.50,7700.50,7702.00,69910
2026-09-14 19:30,7701.75,7704.00,7691.25,7692.50,180191
2026-09-14 20:00,7692.50,7695.75,7689.50,7695.50,40789
2026-09-14 20:30,7695.50,7700.25,7694.00,7700.00,9463
2026-09-14 22:00,7699.25,7700.25,7695.00,7696.25,1781
2026-09-14 22:30,7696.50,7698.50,7695.50,7696.75,1170
2026-09-14 23:00,7696.75,7697.50,7694.50,7695.00,1600
2026-09-14 23:30,7695.00,7697.00,7694.00,7696.00,2490
2026-09-15 00:00,7696.00,7697.50,7692.00,7694.75,4504
2026-09-15 00:30,7695.00,7700.50,7694.00,7697.75,3077
2026-09-15 01:00,7697.50,7701.00,7696.25,7698.00,3140
2026-09-15 01:30,7698.25,7698.25,7690.00,7693.50,4941
2026-09-15 02:00,7693.25,7695.25,7691.50,7692.50,2425
2026-09-15 02:30,7692.50,7693.50,7689.75,7690.50,4531
2026-09-15 03:00,7690.25,7691.75,7687.25,7688.00,3521
2026-09-15 03:30,7688.00,7688.75,7681.75,7682.25,4489
2026-09-15 04:00,7682.00,7682.75,7674.25,7675.50,4678
2026-09-15 04:30,7675.75,7677.00,7668.75,7669.00,5825
2026-09-15 05:00,7668.75,7671.25,7663.00,7668.25,5222
2026-09-15 05:30,7668.00,7679.25,7665.75,7674.75,5963
2026-09-15 06:00,7675.00,7677.75,7671.50,7672.00,5849
2026-09-15 06:30,7672.00,7672.25,7664.75,7667.50,7623
2026-09-15 07:00,7667.50,7670.00,7660.25,7665.25,13529
2026-09-15 07:30,7665.25,7666.75,7653.50,7658.50,15582
2026-09-15 08:00,7658.75,7660.00,7645.00,7654.00,28609
2026-09-15 08:30,7654.00,7655.00,7649.00,7651.00,11766
2026-09-15 09:00,7651.25,7653.25,7645.75,7652.00,22180
2026-09-15 09:30,7652.00,7666.50,7650.75,7666.00,15181
2026-09-15 10:00,7666.25,7672.00,7664.25,7668.25,17245
2026-09-15 10:30,7668.50,7680.50,7667.00,7676.25,11654
2026-09-15 11:00,7676.00,7681.50,7675.25,7678.25,12378
2026-09-15 11:30,7678.25,7682.25,7675.50,7681.75,24355
2026-09-15 12:00,7681.75,7685.25,7678.50,7683.00,23613
2026-09-15 12:30,7683.00,7697.50,7679.75,7689.25,35483
2026-09-15 13:00,7689.00,7693.50,7684.25,7684.25,44252
2026-09-15 13:30,7684.25,7687.00,7670.25,7678.25,167666
2026-09-15 14:00,7678.50,7678.50,7654.00,7657.00,151258
2026-09-15 14:30,7657.25,7658.75,7643.50,7646.25,151436
2026-09-15 15:00,7646.50,7657.25,7646.25,7656.75,111844
2026-09-15 15:30,7657.00,7659.75,7651.00,7653.00,108743
2026-09-15 16:00,7653.00,7661.00,7648.00,7658.00,71279
2026-09-15 16:30,7657.75,7662.75,7655.00,7659.25,68820
2026-09-15 17:00,7659.50,7660.25,7648.00,7650.75,67637
2026-09-15 17:30,7650.75,7656.25,7650.25,7655.25,58118
2026-09-15 18:00,7655.50,7662.00,7653.50,7659.25,60365
2026-09-15 18:30,7659.25,7659.25,7649.50,7657.00,59965
2026-09-15 19:00,7657.25,7658.75,7651.75,7652.50,50088
2026-09-15 19:30,7652.50,7657.75,7648.00,7656.75,161219
2026-09-15 20:00,7657.00,7665.00,7656.50,7663.50,37478
2026-09-15 20:30,7663.25,7665.25,7663.00,7663.75,6981
2026-09-15 22:00,7663.25,7665.00,7661.50,7663.25,2320
2026-09-15 22:30,7663.00,7667.25,7663.00,7666.50,2176
2026-09-15 23:00,7666.50,7666.75,7662.50,7663.00,1389
2026-09-15 23:30,7662.75,7666.50,7662.50,7665.50,1802
2026-09-16 00:00,7665.50,7667.25,7663.00,7666.25,3139
2026-09-16 00:30,7666.25,7667.25,7663.75,7665.00,2537
2026-09-16 01:00,7665.00,7667.75,7660.00,7666.00,5240
2026-09-16 01:30,7666.00,7666.00,7658.75,7659.00,4084
2026-09-16 02:00,7659.00,7666.25,7659.00,7666.00,5131
2026-09-16 02:30,7666.00,7668.25,7664.25,7668.00,3441
2026-09-16 03:00,7668.00,7678.00,7668.00,7674.00,6330
2026-09-16 03:30,7673.75,7674.00,7670.00,7672.50,3360
2026-09-16 04:00,7672.75,7673.25,7670.25,7670.75,2348
2026-09-16 04:30,7670.50,7671.00,7667.25,7668.00,2271
2026-09-16 05:00,7668.00,7671.50,7665.50,7671.25,2800
2026-09-16 05:30,7671.25,7674.00,7669.50,7670.75,3275
2026-09-16 06:00,7670.50,7675.25,7669.50,7671.50,4755
2026-09-16 06:30,7671.50,7674.50,7669.25,7673.75,5427
2026-09-16 07:00,7673.75,7678.00,7671.75,7674.50,10251
2026-09-16 07:30,7674.50,7676.75,7669.75,7670.75,7586
2026-09-16 08:00,7670.75,7672.25,7663.50,7668.50,12640
2026-09-16 08:30,7668.50,7673.50,7665.75,7672.75,6992
2026-09-16 09:00,7672.50,7673.75,7665.50,7667.50,9600
2026-09-16 09:30,7667.50,7675.00,7667.00,7673.00,5761
2026-09-16 10:00,7673.25,7674.00,7669.50,7672.75,8981
2026-09-16 10:30,7672.75,7677.00,7671.75,7676.25,5567
2026-09-16 11:00,7676.25,7681.50,7672.00,7675.00,17372
2026-09-16 11:30,7675.25,7683.50,7675.00,7683.25,13988
2026-09-16 12:00,7683.00,7689.25,7679.50,7683.75,19281
2026-09-16 12:30,7683.50,7684.00,7674.00,7679.75,18849
2026-09-16 13:00,7679.75,7682.25,7673.00,7676.25,30704
2026-09-16 13:30,7676.50,7686.50,7669.00,7684.25,115674
2026-09-16 14:00,7684.50,7686.50,7669.50,7671.75,88133
2026-09-16 14:30,7671.75,7685.00,7670.00,7684.25,81357
2026-09-16 15:00,7684.25,7692.75,7683.75,7685.75,90110
2026-09-16 15:30,7686.00,7699.00,7682.00,7689.00,79617
2026-09-16 16:00,7689.00,7689.75,7680.25,7683.25,44411
2026-09-16 16:30,7683.25,7684.00,7678.25,7679.25,33305
2026-09-16 17:00,7679.50,7681.00,7674.00,7680.75,37566
2026-09-16 17:30,7681.00,7684.75,7674.50,7683.50,36872
2026-09-16 18:00,7684.50,7694.25,7668.75,7678.00,127347
2026-09-16 18:30,7678.25,7683.25,7617.50,7618.75,248254
2026-09-16 19:00,7618.75,7633.75,7575.00,7591.75,228343
2026-09-16 19:30,7591.75,7625.00,7590.50,7622.25,215934
2026-09-16 20:00,7622.25,7626.00,7617.25,7620.25,46343
2026-09-16 20:30,7620.25,7623.00,7618.50,7622.00,9924
2026-09-16 22:00,7624.00,7632.50,7617.50,7632.25,4661
2026-09-16 22:30,7632.25,7639.75,7632.00,7636.75,5844
2026-09-16 23:00,7636.50,7647.75,7635.75,7645.00,4901
2026-09-16 23:30,7645.25,7657.50,7645.00,7657.25,10419
2026-09-17 00:00,7657.50,7662.25,7654.00,7656.75,11198
2026-09-17 00:30,7656.75,7667.75,7656.75,7664.00,11094
2026-09-17 01:00,7664.00,7668.00,7660.75,7663.25,6184
2026-09-17 01:30,7663.25,7666.75,7658.25,7660.00,7280
2026-09-17 02:00,7660.00,7665.25,7659.75,7663.75,5449
2026-09-17 02:30,7664.00,7669.75,7663.75,7665.25,4626
2026-09-17 03:00,7665.25,7668.25,7664.75,7668.00,2873
2026-09-17 03:30,7667.75,7670.25,7666.75,7669.75,3584
2026-09-17 04:00,7669.25,7669.25,7665.75,7667.25,2573
2026-09-17 04:30,7667.25,7670.25,7666.00,7667.25,2830
2026-09-17 05:00,7667.25,7667.75,7662.50,7663.50,3379
2026-09-17 05:30,7663.50,7664.00,7656.25,7657.25,5172
2026-09-17 06:00,7657.00,7671.50,7656.75,7671.25,9609
2026-09-17 06:30,7671.25,7677.50,7671.00,7675.25,9646
2026-09-17 07:00,7675.25,7687.00,7673.50,7686.75,16530
2026-09-17 07:30,7686.50,7689.25,7679.00,7680.25,13112
2026-09-17 08:00,7680.00,7681.75,7671.25,7677.75,11549
2026-09-17 08:30,7677.75,7684.50,7676.25,7683.25,7097
2026-09-17 09:00,7683.25,7689.25,7683.00,7683.75,7609
2026-09-17 09:30,7683.50,7687.00,7681.25,7682.75,6650
2026-09-17 10:00,7682.50,7689.50,7682.50,7687.50,7051
2026-09-17 10:30,7687.75,7689.50,7684.25,7687.50,7284
2026-09-17 11:00,7687.75,7690.75,7684.75,7686.25,15012
2026-09-17 11:30,7686.00,7695.50,7682.25,7695.25,18133
2026-09-17 12:00,7695.00,7716.75,7690.00,7716.50,44911
2026-09-17 12:30,7716.25,7722.25,7713.00,7717.50,36850
2026-09-17 13:00,7717.75,7722.00,7712.50,7713.25,29355
2026-09-17 13:30,7713.50,7716.25,7688.25,7693.75,160075
2026-09-17 14:00,7693.50,7703.75,7680.50,7697.75,113342
2026-09-17 14:30,7697.50,7703.25,7684.50,7688.25,89804
2026-09-17 15:00,7688.00,7698.00,7683.75,7696.25,69491
2026-09-17 15:30,7696.25,7706.50,7695.25,7706.50,61004
2026-09-17 16:00,7706.50,7707.50,7701.50,7706.25,45699
2026-09-17 16:30,7706.25,7708.00,7697.00,7706.00,67626
2026-09-17 17:00,7706.00,7709.25,7699.50,7702.00,45042
2026-09-17 17:30,7702.00,7708.00,7700.25,7707.75,38776
2026-09-17 18:00,7707.75,7711.25,7705.75,7708.50,49501
2026-09-17 18:30,7708.75,7710.25,7702.75,7705.75,45914
2026-09-17 19:00,7705.75,7711.75,7705.50,7706.75,45285
2026-09-17 19:30,7706.75,7715.50,7705.00,7707.25,149131
2026-09-17 20:00,7707.25,7708.50,7701.75,7702.00,36914
2026-09-17 20:30,7701.75,7704.00,7701.00,7702.25,7751
2026-09-17 22:00,7703.50,7704.25,7697.75,7698.00,2227
2026-09-17 22:30,7697.75,7699.25,7697.00,7699.00,2382
2026-09-17 23:00,7699.25,7702.00,7699.00,7700.00,1862
2026-09-17 23:30,7700.00,7702.50,7699.50,7700.75,1805
2026-09-18 00:00,7700.75,7702.75,7698.00,7701.00,5207
2026-09-18 00:30,7701.00,7703.00,7698.25,7699.50,3734
2026-09-18 01:00,7699.50,7701.25,7696.00,7697.25,3399
2026-09-18 01:30,7697.50,7701.25,7696.25,7701.00,3114
2026-09-18 02:00,7701.00,7703.25,7699.00,7703.00,2280
2026-09-18 02:30,7703.00,7705.00,7702.25,7703.75,2801
2026-09-18 03:00,7703.75,7709.75,7703.50,7709.00,4150
2026-09-18 03:30,7709.00,7714.25,7708.50,7713.25,3280
2026-09-18 04:00,7714.75,7715.75,7712.75,7715.00,2537
2026-09-18 04:30,7715.25,7721.75,7715.25,7721.75,3516
2026-09-18 05:00,7721.50,7724.50,7721.25,7723.25,3166
2026-09-18 05:30,7723.50,7730.25,7723.00,7726.75,6103
2026-09-18 06:00,7726.75,7730.75,7725.75,7728.75,6612
2026-09-18 06:30,7728.75,7734.75,7728.75,7733.75,6462
2026-09-18 07:00,7733.75,7738.00,7732.25,7737.75,9168
2026-09-18 07:30,7738.00,7739.25,7733.25,7734.50,8619
2026-09-18 08:00,7734.25,7735.50,7725.00,7725.25,8599
2026-09-18 08:30,7725.50,7730.25,7724.50,7727.50,6326
2026-09-18 09:00,7727.50,7728.50,7723.50,7723.75,5120
2026-09-18 09:30,7723.75,7723.75,7716.75,7717.00,7841
2026-09-18 10:00,7716.75,7720.25,7716.00,7719.25,9307
2026-09-18 10:30,7719.25,7725.25,7719.00,7720.25,8529
2026-09-18 11:00,7720.25,7724.00,7711.50,7713.00,17731
2026-09-18 11:30,7712.75,7717.75,7710.25,7712.00,9383
2026-09-18 12:00,7712.25,7715.00,7697.75,7699.00,25193
2026-09-18 12:30,7699.00,7703.75,7698.00,7700.75,15179
2026-09-18 13:00,7700.75,7710.00,7692.25,7709.75,47475
2026-09-18 13:30,7710.00,7714.50,7691.25,7693.00,132237
2026-09-18 14:00,7693.00,7695.25,7683.25,7689.00,113716
2026-09-18 14:30,7688.75,7695.25,7684.00,7695.00,83716
2026-09-18 15:00,7695.00,7696.25,7689.50,7695.50,56339
2026-09-18 15:30,7695.50,7697.00,7683.75,7685.50,63992
2026-09-18 16:00,7685.25,7687.75,7675.00,7683.25,66317
2026-09-18 16:30,7683.25,7691.50,7681.25,7689.75,53917
2026-09-18 17:00,7690.00,7692.00,7686.25,7690.00,29887
2026-09-18 17:30,7690.25,7695.00,7688.25,7694.50,29942
2026-09-18 18:00,7694.75,7703.25,7693.00,7701.75,43929
2026-09-18 18:30,7701.75,7715.75,7699.00,7710.00,66110
2026-09-18 19:00,7709.75,7712.00,7705.75,7706.25,42185
2026-09-18 19:30,7706.25,7718.25,7704.25,7712.50,186319
2026-09-18 20:00,7712.50,7729.25,7711.50,7726.00,62544
2026-09-18 20:30,7726.25,7728.75,7712.50,7712.50,13253
2026-09-20 22:00,7721.75,7728.00,7721.25,7727.75,3812
2026-09-20 22:30,7727.75,7734.50,7727.25,7733.75,4431
2026-09-20 23:00,7733.75,7734.00,7731.25,7733.00,1700
2026-09-20 23:30,7733.25,7735.25,7732.50,7734.50,2150
2026-09-21 00:00,7734.50,7737.75,7730.75,7736.50,6929
2026-09-21 00:30,7736.50,7741.25,7736.50,7739.50,5272
2026-09-21 01:00,7739.50,7743.75,7739.50,7741.00,7239
2026-09-21 01:30,7741.00,7743.25,7738.25,7738.75,4210
2026-09-21 02:00,7738.50,7741.50,7737.75,7739.75,3952
2026-09-21 02:30,7739.50,7742.75,7737.50,7740.25,3488
2026-09-21 03:00,7740.25,7746.00,7740.25,7744.25,2662
2026-09-21 03:30,7744.25,7746.25,7743.00,7744.50,1920
2026-09-21 04:00,7744.00,7746.50,7742.50,7745.75,2348
2026-09-21 04:30,7745.50,7746.00,7743.75,7744.75,1401
2026-09-21 05:00,7745.00,7745.25,7743.25,7744.50,1964
2026-09-21 05:30,7744.25,7748.50,7743.75,7745.50,3475
2026-09-21 06:00,7745.50,7749.25,7745.50,7747.50,6351
2026-09-21 06:30,7747.25,7752.25,7747.25,7752.00,4387
2026-09-21 07:00,7752.00,7757.25,7751.50,7755.75,13924
2026-09-21 07:30,7755.75,7759.00,7752.50,7757.25,8573
2026-09-21 08:00,7757.25,7761.50,7757.00,7760.00,11741
2026-09-21 08:30,7759.75,7764.25,7759.50,7761.00,10524
2026-09-21 09:00,7761.25,7763.25,7759.25,7761.00,5877
2026-09-21 09:30,7760.75,7764.50,7760.50,7762.50,5065
2026-09-21 10:00,7762.25,7767.00,7762.25,7766.25,5050
2026-09-21 10:30,7766.25,7769.00,7765.25,7766.00,7786
2026-09-21 11:00,7765.75,7767.00,7763.00,7764.25,6021
2026-09-21 11:30,7764.00,7771.25,7763.75,7767.50,9196
2026-09-21 12:00,7767.75,7770.50,7763.25,7763.50,12543
2026-09-21 12:30,7763.50,7768.00,7761.25,7761.50,12061
2026-09-21 13:00,7761.50,7764.50,7758.75,7760.25,19828
2026-09-21 13:30,7760.50,7775.00,7758.25,7774.75,102591
2026-09-21 14:00,7774.75,7791.00,7767.75,7788.00,102243
2026-09-21 14:30,7788.25,7793.50,7785.00,7790.00,81485
2026-09-21 15:00,7790.00,7800.00,7789.00,7796.25,66546
2026-09-21 15:30,7796.25,7811.50,7795.75,7805.25,78890
2026-09-21 16:00,7805.25,7818.25,7802.75,7816.00,74660
2026-09-21 16:30,7816.00,7824.75,7815.75,7821.00,59976
2026-09-21 17:00,7821.25,7828.00,7819.50,7826.00,53129
2026-09-21 17:30,7826.25,7830.00,7820.00,7826.75,54913
2026-09-21 18:00,7827.00,7838.25,7827.00,7837.00,54434
2026-09-21 18:30,7837.00,7844.75,7833.75,7841.25,62660
2026-09-21 19:00,7841.50,7843.50,7837.75,7839.25,56312
2026-09-21 19:30,7839.25,7847.25,7832.00,7833.25,196271
2026-09-21 20:00,7833.25,7835.00,7827.25,7830.25,36893
2026-09-21 20:30,7830.25,7830.50,7826.50,7829.25,9185
2026-09-21 22:00,7830.00,7835.00,7829.00,7834.75,2621
2026-09-21 22:30,7834.50,7835.75,7832.75,7834.50,1935
2026-09-21 23:00,7834.75,7837.75,7833.50,7835.00,2271
2026-09-21 23:30,7835.00,7836.75,7834.00,7835.25,1843
2026-09-22 00:00,7835.25,7840.00,7834.50,7837.25,5891
2026-09-22 00:30,7837.25,7838.50,7832.25,7835.25,4897
2026-09-22 01:00,7835.50,7835.50,7831.75,7833.50,4508
2026-09-22 01:30,7833.75,7836.25,7832.25,7833.50,4494
2026-09-22 02:00,7833.50,7836.50,7833.25,7835.25,2919
2026-09-22 02:30,7835.50,7836.00,7833.50,7834.75,2415
2026-09-22 03:00,7834.75,7835.00,7832.50,7834.00,2777
2026-09-22 03:30,7834.25,7835.50,7831.00,7833.25,2403
2026-09-22 04:00,7833.25,7835.50,7832.50,7834.50,2863
2026-09-22 04:30,7834.75,7836.50,7833.50,7834.25,2481
2026-09-22 05:00,7834.25,7835.00,7832.50,7833.50,4033
2026-09-22 05:30,7833.75,7839.50,7832.25,7838.25,3787
2026-09-22 06:00,7838.25,7838.25,7833.75,7836.75,5794
2026-09-22 06:30,7836.50,7838.50,7836.00,7836.25,4143
2026-09-22 07:00,7836.25,7837.75,7833.75,7835.00,9704
2026-09-22 07:30,7835.25,7835.25,7826.50,7826.50,12150
2026-09-22 08:00,7826.50,7826.75,7812.25,7813.50,23677
2026-09-22 08:30,7813.50,7836.00,7810.50,7833.75,25155
2026-09-22 08:55,7834.75,7834.75,7834.75,7834.75,0
