zeit_utc,open,high,low,close,volume
2026-08-18 04:05,7743.00,7743.50,7743.00,7743.50,0
2026-08-18 04:10,7743.50,7743.50,7742.00,7742.75,509
2026-08-18 04:15,7742.75,7743.50,7742.25,7743.00,524
2026-08-18 04:20,7742.75,7743.00,7740.50,7741.00,574
2026-08-18 04:25,7741.00,7744.25,7739.50,7743.75,1091
2026-08-18 04:30,7743.75,7744.75,7742.75,7743.25,572
2026-08-18 04:35,7743.50,7744.75,7740.75,7741.25,567
2026-08-18 04:40,7741.50,7742.50,7741.50,7741.75,217
2026-08-18 04:45,7741.75,7742.75,7741.25,7742.75,520
2026-08-18 04:50,7742.75,7744.25,7742.50,7743.75,345
2026-08-18 04:55,7743.75,7744.50,7743.50,7743.50,156
2026-08-18 05:00,7743.50,7743.50,7736.75,7738.50,1278
2026-08-18 05:05,7738.50,7741.25,7738.50,7740.00,496
2026-08-18 05:10,7740.00,7740.00,7737.00,7738.25,611
2026-08-18 05:15,7738.25,7740.25,7738.25,7740.00,531
2026-08-18 05:20,7740.25,7740.25,7738.75,7739.50,283
2026-08-18 05:25,7739.25,7740.00,7738.00,7738.00,343
2026-08-18 05:30,7738.25,7738.50,7736.75,7737.50,511
2026-08-18 05:35,7737.50,7738.25,7735.50,7736.75,1384
2026-08-18 05:40,7736.75,7737.25,7736.25,7736.50,658
2026-08-18 05:45,7736.25,7737.50,7736.00,7737.50,400
2026-08-18 05:50,7737.75,7738.25,7736.25,7736.75,674
2026-08-18 05:55,7736.75,7738.50,7734.25,7735.00,1148
2026-08-18 06:00,7735.25,7735.25,7726.00,7729.25,4397
2026-08-18 06:05,7729.50,7730.50,7727.25,7730.50,1300
2026-08-18 06:10,7730.75,7736.50,7730.75,7735.50,1470
2026-08-18 06:15,7735.25,7736.25,7733.00,7735.75,1461
2026-08-18 06:20,7735.75,7738.25,7734.75,7735.25,1450
2026-08-18 06:25,7735.00,7737.25,7733.75,7736.25,1145
2026-08-18 06:30,7736.00,7736.75,7734.25,7735.75,819
2026-08-18 06:35,7736.00,7737.50,7734.50,7737.00,790
2026-08-18 06:40,7737.00,7737.75,7736.75,7737.00,526
2026-08-18 06:45,7737.00,7738.75,7737.00,7738.00,744
2026-08-18 06:50,7738.00,7739.25,7737.25,7738.00,1186
2026-08-18 06:55,7738.00,7742.25,7738.00,7742.00,1330
2026-08-18 07:00,7741.75,7742.25,7738.00,7738.50,2002
2026-08-18 07:05,7738.50,7741.75,7738.25,7739.25,1218
2026-08-18 07:10,7739.25,7739.75,7737.00,7737.00,1079
2026-08-18 07:15,7736.75,7738.50,7736.00,7737.50,1083
2026-08-18 07:20,7737.50,7738.75,7737.00,7737.75,703
2026-08-18 07:25,7738.00,7738.50,7735.25,7735.50,810
2026-08-18 07:30,7735.75,7736.50,7731.50,7732.00,1134
2026-08-18 07:35,7732.25,7735.75,7731.00,7735.00,1315
2026-08-18 07:40,7735.25,7736.00,7730.50,7730.75,1010
2026-08-18 07:45,7730.50,7731.50,7729.75,7731.25,1319
2026-08-18 07:50,7731.25,7732.25,7728.50,7729.75,1146
2026-08-18 07:55,7729.75,7730.25,7726.00,7726.25,1399
2026-08-18 08:00,7726.50,7727.25,7716.50,7722.00,6524
2026-08-18 08:05,7722.00,7723.50,7719.50,7722.50,3079
2026-08-18 08:10,7722.25,7726.75,7720.75,7725.75,3888
2026-08-18 08:15,7725.75,7728.50,7725.25,7726.25,1923
2026-08-18 08:20,7726.75,7726.75,7722.75,7724.00,1261
2026-08-18 08:25,7723.75,7727.25,7723.50,7726.25,1304
2026-08-18 08:30,7726.25,7729.00,7725.25,7728.50,1108
2026-08-18 08:35,7728.75,7731.75,7728.75,7731.00,1273
2026-08-18 08:40,7731.00,7731.75,7729.50,7730.75,912
2026-08-18 08:45,7730.75,7730.75,7726.50,7726.50,743
2026-08-18 08:50,7726.25,7729.50,7725.75,7728.75,1354
2026-08-18 08:55,7728.75,7730.25,7728.00,7729.75,875
2026-08-18 09:00,7729.75,7731.25,7727.50,7730.25,1566
2026-08-18 09:05,7730.25,7730.25,7727.00,7727.25,1648
2026-08-18 09:10,7727.25,7729.25,7727.00,7727.25,1429
2026-08-18 09:15,7727.25,7728.00,7724.50,7725.00,1399
2026-08-18 09:20,7725.00,7726.25,7724.00,7724.00,1672
2026-08-18 09:25,7723.75,7727.50,7723.75,7726.50,1037
2026-08-18 09:30,7726.25,7729.00,7725.25,7727.75,2209
2026-08-18 09:35,7727.75,7729.00,7726.50,7726.75,986
2026-08-18 09:40,7726.75,7727.25,7722.50,7725.50,1384
2026-08-18 09:45,7725.25,7726.50,7722.75,7724.50,1494
2026-08-18 09:50,7724.50,7728.75,7723.25,7728.75,1693
2026-08-18 09:55,7728.50,7730.75,7728.00,7729.50,1194
2026-08-18 10:00,7729.50,7731.50,7728.50,7730.50,2072
2026-08-18 10:05,7730.50,7732.25,7730.00,7731.50,992
2026-08-18 10:10,7731.75,7732.25,7729.25,7730.00,887
2026-08-18 10:15,7730.25,7732.00,7729.00,7729.00,836
2026-08-18 10:20,7729.00,7729.75,7728.25,7728.75,670
2026-08-18 10:25,7728.75,7731.00,7728.25,7730.75,855
2026-08-18 10:30,7730.75,7732.75,7730.50,7732.00,963
2026-08-18 10:35,7731.75,7734.00,7731.50,7732.00,1313
2026-08-18 10:40,7732.00,7732.00,7729.25,7729.75,1623
2026-08-18 10:45,7729.75,7734.00,7729.50,7733.75,1619
2026-08-18 10:50,7733.75,7734.25,7733.25,7733.75,631
2026-08-18 10:55,7733.75,7734.00,7731.50,7731.75,1162
2026-08-18 11:00,7731.75,7735.50,7730.75,7734.50,2205
2026-08-18 11:05,7734.50,7735.25,7734.00,7734.25,1546
2026-08-18 11:10,7734.50,7736.00,7734.25,7735.75,1216
2026-08-18 11:15,7735.50,7736.25,7735.00,7736.00,1183
2026-08-18 11:20,7736.00,7736.75,7734.50,7735.00,1599
2026-08-18 11:25,7735.00,7736.25,7734.50,7735.25,923
2026-08-18 11:30,7735.25,7735.75,7732.75,7734.00,1742
2026-08-18 11:35,7733.75,7735.00,7732.50,7732.50,1005
2026-08-18 11:40,7732.50,7736.50,7732.25,7736.25,1460
2026-08-18 11:45,7736.25,7738.50,7736.25,7737.75,2052
2026-08-18 11:50,7737.75,7737.75,7733.75,7734.00,1853
2026-08-18 11:55,7734.25,7736.75,7734.00,7734.75,1252
2026-08-18 12:00,7734.75,7738.75,7733.50,7738.50,1502
2026-08-18 12:05,7738.50,7738.75,7734.00,7735.00,1645
2026-08-18 12:10,7734.75,7735.00,7732.75,7733.75,1208
2026-08-18 12:15,7734.00,7735.25,7733.00,7735.25,1088
2026-08-18 12:20,7735.25,7739.25,7734.25,7734.50,2244
2026-08-18 12:25,7734.75,7734.75,7732.25,7732.75,1434
2026-08-18 12:30,7732.75,7734.25,7730.25,7731.25,2075
2026-08-18 12:35,7731.00,7731.50,7728.50,7729.75,2669
2026-08-18 12:40,7729.75,7730.50,7729.00,7729.50,1459
2026-08-18 12:45,7729.75,7732.50,7729.00,7732.25,2237
2026-08-18 12:50,7732.25,7734.75,7731.75,7734.00,2491
2026-08-18 12:55,7733.75,7735.75,7733.00,7735.75,1544
2026-08-18 13:00,7735.50,7736.50,7732.50,7732.50,3063
2026-08-18 13:05,7732.50,7733.50,7731.50,7731.75,2471
2026-08-18 13:10,7731.75,7732.00,7730.00,7730.75,2979
2026-08-18 13:15,7730.75,7732.00,7729.25,7729.75,3735
2026-08-18 13:20,7729.50,7730.25,7725.50,7726.50,3658
2026-08-18 13:25,7726.75,7729.75,7724.25,7726.25,7944
2026-08-18 13:30,7726.50,7734.75,7719.00,7725.50,52327
2026-08-18 13:35,7725.50,7732.00,7722.75,7731.25,32230
2026-08-18 13:40,7731.25,7735.25,7727.25,7727.50,21858
2026-08-18 13:45,7727.50,7731.25,7723.50,7724.75,20426
2026-08-18 13:50,7724.50,7728.25,7722.00,7725.75,14694
2026-08-18 13:55,7726.00,7728.50,7721.25,7724.75,14387
2026-08-18 14:00,7725.00,7732.75,7721.75,7729.75,21669
2026-08-18 14:05,7729.75,7732.50,7724.25,7725.50,18967
2026-08-18 14:10,7725.25,7726.00,7716.50,7721.25,23928
2026-08-18 14:15,7721.50,7728.75,7720.25,7725.50,20007
2026-08-18 14:20,7725.75,7730.00,7720.00,7728.00,20408
2026-08-18 14:25,7728.25,7730.75,7725.25,7726.50,18608
2026-08-18 14:30,7726.50,7732.75,7725.50,7727.50,18690
2026-08-18 14:35,7727.50,7731.75,7727.25,7731.00,11261
2026-08-18 14:40,7731.00,7732.25,7723.75,7724.25,12261
2026-08-18 14:45,7724.25,7726.00,7721.75,7724.75,13668
2026-08-18 14:50,7724.75,7728.00,7719.00,7719.75,21375
2026-08-18 14:55,7719.50,7721.75,7717.25,7719.25,18462
2026-08-18 15:00,7719.50,7723.25,7714.25,7722.25,21210
2026-08-18 15:05,7722.25,7724.25,7717.50,7718.00,12366
2026-08-18 15:10,7718.25,7719.50,7716.25,7717.25,13526
2026-08-18 15:15,7717.50,7719.50,7714.75,7714.75,10596
2026-08-18 15:20,7714.50,7717.25,7713.25,7715.50,12917
2026-08-18 15:25,7715.25,7720.25,7714.00,7718.50,13175
2026-08-18 15:30,7718.25,7721.75,7717.00,7718.75,17156
2026-08-18 15:35,7719.00,7719.00,7716.00,7718.25,7588
2026-08-18 15:40,7718.25,7722.75,7716.75,7720.50,8685
2026-08-18 15:45,7720.75,7725.50,7720.75,7724.00,9022
2026-08-18 15:50,7724.00,7726.50,7720.75,7724.75,9070
2026-08-18 15:55,7724.75,7725.00,7720.50,7723.25,7198
2026-08-18 16:00,7723.25,7726.25,7722.50,7725.50,9173
2026-08-18 16:05,7725.25,7727.00,7722.00,7723.50,10268
2026-08-18 16:10,7723.50,7727.25,7723.50,7725.50,7751
2026-08-18 16:15,7725.25,7726.25,7722.25,7723.00,7116
2026-08-18 16:20,7723.00,7728.75,7723.00,7726.50,9833
2026-08-18 16:25,7726.50,7727.25,7721.25,7721.75,7922
2026-08-18 16:30,7721.75,7724.00,7720.50,7723.00,7819
2026-08-18 16:35,7723.00,7725.50,7721.50,7724.25,7024
2026-08-18 16:40,7724.25,7725.75,7721.75,7723.50,6457
2026-08-18 16:45,7723.50,7728.25,7721.50,7727.75,8560
2026-08-18 16:50,7727.75,7728.50,7726.00,7727.75,6622
2026-08-18 16:55,7728.00,7728.00,7726.00,7726.00,5182
2026-08-18 17:00,7726.00,7726.75,7723.25,7725.50,9290
2026-08-18 17:05,7725.25,7727.50,7724.25,7727.50,6016
2026-08-18 17:10,7727.25,7728.00,7724.75,7726.00,3833
2026-08-18 17:15,7726.00,7726.25,7722.75,7723.00,5189
2026-08-18 17:20,7722.75,7725.50,7722.25,7722.75,5262
2026-08-18 17:25,7722.50,7723.25,7720.75,7722.75,6994
2026-08-18 17:30,7722.50,7723.75,7720.75,7722.00,5923
2026-08-18 17:35,7721.75,7724.00,7720.00,7722.25,5419
2026-08-18 17:40,7722.00,7723.00,7720.25,7720.75,3891
2026-08-18 17:45,7720.75,7722.00,7720.00,7720.00,3815
2026-08-18 17:50,7720.00,7721.75,7719.50,7720.50,4367
2026-08-18 17:55,7720.50,7720.50,7715.75,7716.00,8280
2026-08-18 18:00,7715.75,7717.25,7715.00,7716.25,9339
2026-08-18 18:05,7716.50,7717.75,7714.25,7715.00,6753
2026-08-18 18:10,7715.00,7721.25,7714.50,7720.75,8717
2026-08-18 18:15,7720.75,7725.25,7720.25,7723.75,8672
2026-08-18 18:20,7724.00,7726.00,7722.00,7722.75,11244
2026-08-18 18:25,7722.75,7724.25,7721.00,7723.75,5070
2026-08-18 18:30,7723.50,7724.25,7721.50,7723.50,5063
2026-08-18 18:35,7723.50,7724.50,7723.25,7723.50,4310
2026-08-18 18:40,7723.25,7723.75,7721.00,7721.25,6701
2026-08-18 18:45,7721.25,7722.25,7720.50,7720.75,5995
2026-08-18 18:50,7720.75,7721.25,7718.00,7718.00,5005
2026-08-18 18:55,7718.00,7719.25,7716.75,7717.00,10596
2026-08-18 19:00,7717.00,7718.75,7716.25,7717.75,7916
2026-08-18 19:05,7717.50,7719.50,7716.50,7718.50,5491
2026-08-18 19:10,7718.50,7719.25,7715.50,7716.50,6488
2026-08-18 19:15,7716.25,7719.00,7716.00,7719.00,5969
2026-08-18 19:20,7718.75,7721.75,7717.75,7721.75,7848
2026-08-18 19:25,7721.75,7722.25,7720.50,7720.75,8422
2026-08-18 19:30,7720.75,7722.75,7718.75,7719.50,9705
2026-08-18 19:35,7719.50,7721.00,7719.00,7720.25,6024
2026-08-18 19:40,7720.00,7720.25,7717.75,7719.50,8775
2026-08-18 19:45,7719.50,7720.25,7717.25,7719.50,9855
2026-08-18 19:50,7719.50,7720.25,7713.25,7714.75,26105
2026-08-18 19:55,7715.00,7717.75,7710.25,7715.25,94126
2026-08-18 20:00,7715.00,7716.00,7712.75,7715.25,18540
2026-08-18 20:05,7715.25,7716.00,7713.25,7713.50,4087
2026-08-18 20:10,7713.50,7715.25,7713.25,7714.25,3397
2026-08-18 20:15,7714.50,7715.25,7713.75,7714.00,1751
2026-08-18 20:20,7714.25,7714.50,7712.25,7712.50,1568
2026-08-18 20:25,7712.50,7714.75,7712.25,7714.50,1393
2026-08-18 20:30,7714.50,7715.50,7714.00,7715.25,1124
2026-08-18 20:35,7715.25,7716.00,7715.25,7715.75,629
2026-08-18 20:40,7715.75,7716.00,7714.50,7714.75,937
2026-08-18 20:45,7714.50,7715.25,7711.25,7711.50,2385
2026-08-18 20:50,7711.75,7713.00,7711.50,7712.50,759
2026-08-18 20:55,7712.50,7713.50,7712.25,7713.25,955
2026-08-18 22:00,7714.00,7716.25,7712.25,7714.00,0
2026-08-18 22:05,7713.75,7715.00,7712.50,7714.00,410
2026-08-18 22:10,7714.00,7714.00,7713.00,7713.25,390
2026-08-18 22:15,7713.50,7715.50,7713.50,7715.50,563
2026-08-18 22:20,7715.50,7717.50,7715.00,7715.25,1086
2026-08-18 22:25,7715.25,7715.25,7711.25,7711.25,1442
2026-08-18 22:30,7711.50,7712.50,7711.00,7712.25,677
2026-08-18 22:35,7712.00,7712.25,7710.00,7710.25,448
2026-08-18 22:40,7710.00,7711.00,7709.50,7711.00,579
2026-08-18 22:45,7711.00,7711.25,7709.25,7709.75,416
2026-08-18 22:50,7710.00,7710.50,7707.50,7708.50,938
2026-08-18 22:55,7708.25,7708.50,7707.50,7707.75,458
2026-08-18 23:00,7707.75,7709.25,7706.75,7708.75,626
2026-08-18 23:05,7708.75,7711.75,7708.00,7710.50,907
2026-08-18 23:10,7710.75,7711.00,7709.50,7710.50,199
2026-08-18 23:15,7710.50,7710.75,7708.50,7709.25,530
2026-08-18 23:20,7709.25,7714.50,7709.25,7712.25,637
2026-08-18 23:25,7712.25,7712.75,7711.25,7711.25,252
2026-08-18 23:30,7711.50,7712.25,7710.75,7711.75,489
2026-08-18 23:35,7711.75,7712.25,7710.75,7711.50,223
2026-08-18 23:40,7711.75,7712.25,7711.25,7711.75,292
2026-08-18 23:45,7711.50,7712.00,7710.75,7711.50,657
2026-08-18 23:50,7711.25,7714.25,7710.75,7713.00,790
2026-08-18 23:55,7712.75,7712.75,7710.50,7710.75,426
2026-08-19 00:00,7710.50,7710.75,7702.75,7705.00,2784
2026-08-19 00:05,7705.00,7706.75,7702.50,7705.00,1285
2026-08-19 00:10,7705.00,7705.25,7702.00,7703.50,1012
2026-08-19 00:15,7703.50,7707.00,7702.25,7706.75,1236
2026-08-19 00:20,7707.00,7710.50,7705.75,7709.00,1230
2026-08-19 00:25,7708.50,7711.00,7708.00,7711.00,967
2026-08-19 00:30,7711.00,7713.75,7711.00,7711.75,1114
2026-08-19 00:35,7712.00,7715.50,7712.00,7715.00,1090
2026-08-19 00:40,7715.00,7716.00,7714.00,7714.75,778
2026-08-19 00:45,7714.75,7715.50,7713.50,7713.75,804
2026-08-19 00:50,7713.75,7714.00,7712.00,7712.00,808
2026-08-19 00:55,7712.00,7712.75,7710.50,7711.00,618
2026-08-19 01:00,7711.00,7713.50,7709.50,7713.25,1230
2026-08-19 01:05,7713.25,7715.25,7713.25,7715.00,1248
2026-08-19 01:10,7715.00,7715.00,7713.50,7713.75,777
2026-08-19 01:15,7714.00,7715.00,7711.75,7715.00,1025
2026-08-19 01:20,7715.00,7717.00,7714.50,7715.25,1127
2026-08-19 01:25,7715.25,7716.25,7714.00,7715.75,584
2026-08-19 01:30,7715.75,7716.00,7711.75,7711.75,845
2026-08-19 01:35,7711.50,7714.50,7711.50,7714.00,614
2026-08-19 01:40,7714.00,7714.25,7710.00,7711.25,723
2026-08-19 01:45,7710.75,7711.50,7709.75,7711.00,711
2026-08-19 01:50,7711.25,7712.25,7710.50,7712.00,563
2026-08-19 01:55,7712.00,7713.00,7710.75,7711.25,677
2026-08-19 02:00,7711.25,7712.00,7709.75,7710.00,537
2026-08-19 02:05,7710.00,7710.00,7708.00,7708.75,681
2026-08-19 02:10,7708.50,7708.75,7706.00,7706.75,931
2026-08-19 02:15,7706.75,7709.75,7706.25,7707.00,2377
2026-08-19 02:20,7707.00,7711.00,7706.75,7710.25,683
2026-08-19 02:25,7710.50,7711.50,7709.25,7709.50,383
2026-08-19 02:30,7709.50,7709.75,7706.50,7706.75,461
2026-08-19 02:35,7706.75,7708.25,7706.50,7708.00,444
2026-08-19 02:40,7708.00,7708.50,7707.25,7707.75,514
2026-08-19 02:45,7708.00,7710.75,7707.75,7710.00,533
2026-08-19 02:50,7710.00,7710.50,7707.75,7708.00,451
2026-08-19 02:55,7708.00,7709.75,7707.50,7709.25,343
2026-08-19 03:00,7709.50,7710.75,7709.25,7710.00,520
2026-08-19 03:05,7710.00,7710.25,7707.50,7707.75,495
2026-08-19 03:10,7707.75,7709.00,7707.00,7708.50,403
2026-08-19 03:15,7708.50,7710.25,7708.50,7709.00,414
2026-08-19 03:20,7709.25,7709.25,7707.50,7708.50,346
2026-08-19 03:25,7708.75,7709.00,7708.00,7708.75,211
2026-08-19 03:30,7708.50,7710.50,7708.00,7710.00,570
2026-08-19 03:35,7710.00,7712.00,7708.75,7709.00,856
2026-08-19 03:40,7709.25,7709.25,7708.00,7708.25,284
2026-08-19 03:45,7708.00,7708.00,7705.75,7707.00,539
2026-08-19 03:50,7707.25,7709.00,7707.00,7707.00,436
2026-08-19 03:55,7707.00,7707.50,7706.25,7706.75,197
2026-08-19 04:05,7705.00,7705.50,7705.00,7705.25,937
2026-08-19 04:10,7705.25,7706.00,7704.50,7705.75,451
2026-08-19 04:15,7705.50,7705.75,7704.75,7705.50,331
2026-08-19 04:20,7705.50,7709.00,7705.00,7707.50,1114
2026-08-19 04:25,7707.75,7708.50,7707.25,7707.50,374
2026-08-19 04:30,7707.75,7708.50,7703.75,7704.75,838
2026-08-19 04:35,7704.75,7706.25,7704.00,7704.00,362
2026-08-19 04:40,7704.25,7705.25,7703.75,7704.00,470
2026-08-19 04:45,7704.00,7704.75,7701.00,7701.50,847
2026-08-19 04:50,7701.25,7701.50,7699.50,7700.50,711
2026-08-19 04:55,7700.50,7704.50,7699.50,7704.25,776
2026-08-19 05:00,7704.25,7708.00,7703.75,7707.75,1067
2026-08-19 05:05,7707.75,7708.25,7704.25,7705.50,526
2026-08-19 05:10,7705.75,7706.00,7702.00,7703.00,503
2026-08-19 05:15,7702.75,7703.50,7699.50,7700.00,705
2026-08-19 05:20,7700.00,7702.50,7699.75,7701.75,534
2026-08-19 05:25,7702.00,7704.50,7701.25,7704.25,570
2026-08-19 05:30,7704.25,7704.75,7701.75,7701.75,582
2026-08-19 05:35,7702.00,7702.75,7699.50,7701.25,609
2026-08-19 05:40,7701.00,7701.25,7698.75,7700.25,811
2026-08-19 05:45,7700.25,7701.00,7699.50,7700.25,272
2026-08-19 05:50,7700.25,7700.50,7698.50,7699.00,368
2026-08-19 05:55,7698.75,7700.00,7698.25,7699.75,830
2026-08-19 06:00,7699.50,7701.25,7699.25,7699.50,1119
2026-08-19 06:05,7699.75,7700.50,7698.25,7698.50,1251
2026-08-19 06:10,7698.75,7700.00,7698.25,7698.75,587
2026-08-19 06:15,7699.00,7705.75,7699.00,7705.50,1218
2026-08-19 06:20,7705.25,7708.00,7705.25,7707.50,1016
2026-08-19 06:25,7707.75,7708.50,7704.75,7705.75,689
2026-08-19 06:30,7705.75,7707.75,7704.75,7706.00,704
2026-08-19 06:35,7706.25,7707.25,7706.00,7706.50,238
2026-08-19 06:40,7706.50,7707.25,7703.75,7707.25,774
2026-08-19 06:45,7707.50,7711.00,7707.50,7709.75,1778
2026-08-19 06:50,7710.00,7712.50,7709.50,7712.00,1118
2026-08-19 06:55,7712.00,7715.00,7711.50,7714.50,2116
2026-08-19 07:00,7714.50,7714.75,7709.75,7711.00,3035
2026-08-19 07:05,7711.00,7713.75,7709.50,7712.75,1252
2026-08-19 07:10,7713.00,7715.00,7712.75,7714.50,1747
2026-08-19 07:15,7714.50,7714.75,7711.75,7712.50,935
2026-08-19 07:20,7712.50,7715.50,7712.50,7715.00,962
2026-08-19 07:25,7715.25,7715.75,7714.50,7715.75,834
2026-08-19 07:30,7715.75,7718.50,7715.75,7717.75,1589
2026-08-19 07:35,7717.50,7719.00,7716.25,7716.25,961
2026-08-19 07:40,7716.50,7716.50,7713.75,7715.50,881
2026-08-19 07:45,7715.50,7717.25,7715.25,7715.50,712
2026-08-19 07:50,7715.50,7716.00,7714.50,7715.25,544
2026-08-19 07:55,7715.25,7718.75,7715.25,7718.50,1216
2026-08-19 08:00,7718.25,7720.25,7716.75,7719.75,3059
2026-08-19 08:05,7719.50,7720.75,7719.00,7719.50,2462
2026-08-19 08:10,7719.25,7720.75,7718.50,7718.75,1900
2026-08-19 08:15,7718.75,7721.25,7718.00,7720.75,1649
2026-08-19 08:20,7720.75,7722.00,7719.50,7721.00,1997
2026-08-19 08:25,7721.00,7721.50,7720.25,7721.50,912
2026-08-19 08:30,7721.50,7721.50,7718.50,7719.00,1137
2026-08-19 08:35,7719.00,7720.25,7719.00,7720.00,568
2026-08-19 08:40,7719.75,7721.25,7719.50,7720.50,532
2026-08-19 08:45,7720.50,7721.00,7720.25,7720.50,465
2026-08-19 08:50,7720.50,7720.75,7719.00,7719.25,935
2026-08-19 08:55,7719.50,7719.75,7717.75,7718.25,1403
2026-08-19 09:00,7718.00,7720.25,7717.75,7720.25,1240
2026-08-19 09:05,7720.25,7720.75,7716.75,7716.75,1172
2026-08-19 09:10,7716.50,7717.75,7716.50,7716.50,713
2026-08-19 09:15,7716.50,7716.50,7714.75,7715.50,1102
2026-08-19 09:20,7715.50,7717.00,7715.00,7715.50,554
2026-08-19 09:25,7715.75,7716.00,7714.00,7714.25,674
2026-08-19 09:30,7714.50,7716.00,7714.00,7715.50,685
2026-08-19 09:35,7715.50,7716.50,7714.50,7715.00,679
2026-08-19 09:40,7715.00,7715.75,7713.50,7714.00,744
2026-08-19 09:45,7713.75,7715.00,7713.50,7714.25,627
2026-08-19 09:50,7714.00,7714.25,7712.25,7713.00,988
2026-08-19 09:55,7713.00,7713.75,7711.75,7713.50,677
2026-08-19 10:00,7713.50,7714.25,7711.25,7711.50,885
2026-08-19 10:05,7711.50,7712.00,7710.25,7711.25,918
2026-08-19 10:10,7711.25,7713.75,7710.75,7713.50,651
2026-08-19 10:15,7713.25,7713.25,7711.50,7711.50,854
2026-08-19 10:20,7711.50,7712.25,7709.50,7711.00,775
2026-08-19 10:25,7711.25,7713.50,7710.50,7713.00,714
2026-08-19 10:30,7713.25,7713.75,7712.00,7713.25,560
2026-08-19 10:35,7713.00,7715.50,7712.50,7715.25,936
2026-08-19 10:40,7715.00,7716.25,7714.75,7716.00,478
2026-08-19 10:45,7716.00,7716.25,7714.25,7714.25,405
2026-08-19 10:50,7714.25,7714.50,7713.25,7714.25,388
2026-08-19 10:55,7714.00,7714.25,7713.25,7713.50,793
2026-08-19 11:00,7713.50,7718.00,7713.25,7717.75,1696
2026-08-19 11:05,7717.75,7719.25,7715.75,7715.75,978
2026-08-19 11:10,7715.75,7718.25,7715.75,7717.50,601
2026-08-19 11:15,7717.75,7718.50,7717.00,7718.25,575
2026-08-19 11:20,7718.00,7719.00,7716.50,7718.50,1133
2026-08-19 11:25,7718.50,7718.75,7716.50,7717.50,676
2026-08-19 11:30,7717.25,7717.75,7715.50,7716.00,1129
2026-08-19 11:35,7716.00,7716.75,7715.50,7716.25,473
2026-08-19 11:40,7716.00,7716.50,7713.25,7715.50,1532
2026-08-19 11:45,7715.75,7717.00,7715.00,7716.00,670
2026-08-19 11:50,7716.00,7717.00,7715.50,7715.50,873
2026-08-19 11:55,7715.75,7718.00,7715.75,7718.00,808
2026-08-19 12:00,7718.00,7718.25,7715.00,7715.75,1534
2026-08-19 12:05,7715.50,7718.25,7715.25,7716.25,827
2026-08-19 12:10,7716.50,7718.50,7716.50,7717.75,1694
2026-08-19 12:15,7717.50,7719.00,7716.50,7719.00,1609
2026-08-19 12:20,7718.75,7720.00,7718.50,7719.75,2115
2026-08-19 12:25,7719.75,7720.25,7715.75,7717.00,4989
2026-08-19 12:30,7717.00,7725.50,7714.75,7724.75,9445
2026-08-19 12:35,7724.75,7735.00,7720.50,7734.00,16739
2026-08-19 12:40,7734.00,7740.75,7733.00,7740.50,15951
2026-08-19 12:45,7740.75,7751.75,7740.75,7751.75,20554
2026-08-19 12:50,7751.50,7758.25,7751.25,7755.00,14478
2026-08-19 12:55,7755.25,7755.25,7746.50,7748.25,9813
2026-08-19 13:00,7748.00,7748.25,7740.50,7740.75,8924
2026-08-19 13:05,7740.75,7746.50,7740.25,7745.25,7032
2026-08-19 13:10,7745.00,7749.50,7745.00,7748.50,3791
2026-08-19 13:15,7748.50,7749.00,7746.50,7748.00,3718
2026-08-19 13:20,7748.00,7750.75,7747.25,7748.75,2990
2026-08-19 13:25,7748.75,7750.75,7743.25,7743.50,8116
2026-08-19 13:30,7743.50,7746.00,7738.25,7739.75,40231
2026-08-19 13:35,7739.75,7742.00,7733.00,7734.75,24793
2026-08-19 13:40,7734.75,7742.50,7732.00,7740.50,25973
2026-08-19 13:45,7740.75,7745.75,7723.25,7725.25,34696
2026-08-19 13:50,7725.00,7736.75,7720.75,7736.00,34106
2026-08-19 13:55,7736.00,7743.25,7733.50,7739.50,24326
2026-08-19 14:00,7739.75,7742.25,7735.25,7736.00,23370
2026-08-19 14:05,7736.00,7740.25,7734.50,7737.75,17355
2026-08-19 14:10,7737.75,7739.25,7726.50,7727.50,26332
2026-08-19 14:15,7727.50,7741.00,7726.75,7737.25,25890
2026-08-19 14:20,7737.25,7741.25,7733.50,7735.50,18372
2026-08-19 14:25,7735.25,7740.25,7731.50,7739.50,19602
2026-08-19 14:30,7739.50,7744.25,7737.75,7741.75,17373
2026-08-19 14:35,7741.50,7752.75,7741.00,7751.50,19600
2026-08-19 14:40,7751.50,7753.25,7748.00,7750.50,14580
2026-08-19 14:45,7750.50,7752.50,7746.50,7747.25,11195
2026-08-19 14:50,7747.00,7754.00,7746.75,7753.25,12616
2026-08-19 14:55,7753.25,7762.25,7752.50,7761.75,18524
2026-08-19 15:00,7762.00,7764.75,7760.00,7761.75,17043
2026-08-19 15:05,7761.75,7762.50,7754.50,7754.75,14024
2026-08-19 15:10,7755.00,7759.50,7754.50,7758.00,9641
2026-08-19 15:15,7757.75,7758.25,7753.50,7754.50,10090
2026-08-19 15:20,7754.50,7755.50,7751.25,7751.50,10339
2026-08-19 15:25,7751.50,7752.00,7748.25,7750.75,12944
2026-08-19 15:30,7750.75,7751.25,7747.00,7747.25,10089
2026-08-19 15:35,7747.50,7748.75,7743.00,7744.75,11234
2026-08-19 15:40,7744.75,7744.75,7740.00,7744.25,14235
2026-08-19 15:45,7744.25,7748.25,7743.00,7743.25,13913
2026-08-19 15:50,7743.25,7744.75,7740.00,7740.75,13890
2026-08-19 15:55,7740.50,7745.75,7739.75,7745.75,8392
2026-08-19 16:00,7745.75,7752.50,7743.25,7752.50,15144
2026-08-19 16:05,7752.50,7755.50,7751.50,7754.75,10437
2026-08-19 16:10,7754.50,7756.25,7754.25,7755.00,7736
2026-08-19 16:15,7755.00,7759.50,7753.75,7758.00,9421
2026-08-19 16:20,7757.75,7758.00,7753.00,7753.75,7562
2026-08-19 16:25,7753.75,7753.75,7745.75,7746.00,10703
2026-08-19 16:30,7746.00,7747.00,7743.50,7746.75,11559
2026-08-19 16:35,7746.50,7746.75,7742.00,7744.50,7094
2026-08-19 16:40,7744.50,7744.75,7741.75,7743.25,6402
2026-08-19 16:45,7743.00,7743.75,7740.25,7741.00,7604
2026-08-19 16:50,7741.00,7741.00,7736.50,7738.00,12285
2026-08-19 16:55,7737.75,7737.75,7734.25,7736.00,8974
2026-08-19 17:00,7736.00,7740.50,7735.25,7738.50,8650
2026-08-19 17:05,7738.50,7741.50,7733.75,7734.25,9015
2026-08-19 17:10,7734.25,7740.00,7734.25,7737.75,7165
2026-08-19 17:15,7737.50,7739.25,7733.75,7733.75,7353
2026-08-19 17:20,7734.00,7734.50,7729.75,7732.25,11173
2026-08-19 17:25,7732.25,7736.00,7731.50,7735.00,8302
2026-08-19 17:30,7734.75,7736.00,7731.25,7731.50,8269
2026-08-19 17:35,7731.25,7734.25,7730.75,7731.75,6835
2026-08-19 17:40,7732.00,7737.00,7731.50,7735.00,6742
2026-08-19 17:45,7735.00,7737.25,7734.25,7734.75,6012
2026-08-19 17:50,7734.75,7738.50,7734.00,7735.50,6362
2026-08-19 17:55,7735.50,7735.50,7732.75,7734.75,4064
2026-08-19 18:00,7734.50,7745.00,7733.25,7740.75,15714
2026-08-19 18:05,7740.50,7742.00,7729.00,7729.25,15868
2026-08-19 18:10,7729.00,7736.50,7729.00,7734.00,9486
2026-08-19 18:15,7734.00,7734.25,7730.00,7732.25,8380
2026-08-19 18:20,7732.50,7734.25,7731.25,7732.00,5430
2026-08-19 18:25,7732.25,7735.75,7731.75,7735.00,6800
2026-08-19 18:30,7735.00,7739.75,7735.00,7738.50,10607
2026-08-19 18:35,7738.50,7738.75,7736.00,7737.00,6774
2026-08-19 18:40,7737.25,7740.50,7736.50,7737.25,6815
2026-08-19 18:45,7737.50,7737.75,7735.25,7737.50,5520
2026-08-19 18:50,7737.75,7738.00,7734.00,7736.25,7020
2026-08-19 18:55,7736.00,7737.00,7734.50,7734.75,5141
2026-08-19 19:00,7734.75,7737.50,7733.75,7735.75,8609
2026-08-19 19:05,7736.00,7739.25,7734.50,7738.50,5596
2026-08-19 19:10,7738.50,7739.00,7736.25,7736.50,5399
2026-08-19 19:15,7736.50,7739.75,7735.75,7739.75,8591
2026-08-19 19:20,7739.50,7740.00,7736.25,7739.00,7355
2026-08-19 19:25,7738.75,7740.00,7735.25,7735.75,8387
2026-08-19 19:30,7735.75,7743.50,7735.50,7741.50,11966
2026-08-19 19:35,7741.50,7741.75,7731.25,7731.50,17658
2026-08-19 19:40,7731.25,7733.75,7729.25,7729.50,11991
2026-08-19 19:45,7729.25,7730.50,7724.75,7727.25,15923
2026-08-19 19:50,7727.25,7728.50,7722.25,7727.00,24220
2026-08-19 19:55,7727.00,7731.75,7721.75,7731.50,79277
2026-08-19 20:00,7731.25,7732.75,7729.00,7729.75,17952
2026-08-19 20:05,7730.00,7730.25,7725.75,7729.25,5893
2026-08-19 20:10,7729.25,7730.25,7728.50,7728.50,3023
2026-08-19 20:15,7728.50,7728.75,7726.25,7727.25,3091
2026-08-19 20:20,7727.50,7728.00,7727.00,7727.25,1238
2026-08-19 20:25,7727.50,7729.50,7727.25,7729.50,1407
2026-08-19 20:30,7729.25,7730.00,7727.75,7729.50,1429
2026-08-19 20:35,7729.75,7730.00,7728.25,7728.25,812
2026-08-19 20:40,7728.25,7729.75,7727.50,7728.75,1052
2026-08-19 20:45,7729.00,7730.50,7729.00,7730.00,697
2026-08-19 20:50,7730.00,7731.50,7730.00,7731.00,1410
2026-08-19 20:55,7731.00,7731.25,7730.00,7730.50,1516
2026-08-19 22:00,7733.00,7739.25,7731.50,7737.75,0
2026-08-19 22:05,7737.75,7738.25,7734.75,7738.25,1127
2026-08-19 22:10,7738.00,7743.25,7735.75,7741.00,1955
2026-08-19 22:15,7741.00,7741.00,7739.00,7739.50,586
2026-08-19 22:20,7739.25,7740.75,7738.25,7740.75,432
2026-08-19 22:25,7740.50,7740.50,7738.25,7739.00,322
2026-08-19 22:30,7738.75,7739.00,7737.75,7738.50,442
2026-08-19 22:35,7738.50,7741.25,7738.25,7741.00,459
2026-08-19 22:40,7740.75,7742.00,7740.25,7740.50,348
2026-08-19 22:45,7740.50,7741.50,7740.25,7740.75,212
2026-08-19 22:50,7740.75,7742.00,7740.75,7741.50,184
2026-08-19 22:55,7741.50,7742.50,7739.25,7742.00,795
2026-08-19 23:00,7742.25,7746.50,7740.00,7741.25,1456
2026-08-19 23:05,7741.25,7744.50,7740.75,7743.50,350
2026-08-19 23:10,7743.50,7743.75,7742.00,7742.25,216
2026-08-19 23:15,7742.00,7743.00,7742.00,7742.25,152
2026-08-19 23:20,7742.25,7742.25,7740.50,7741.25,319
2026-08-19 23:25,7741.50,7741.75,7741.00,7741.75,212
2026-08-19 23:30,7741.75,7742.00,7740.25,7741.00,840
2026-08-19 23:35,7741.25,7742.25,7740.50,7741.50,416
2026-08-19 23:40,7741.50,7743.75,7741.50,7743.00,258
2026-08-19 23:45,7742.75,7743.00,7741.75,7741.75,485
2026-08-19 23:50,7742.00,7743.75,7740.50,7741.75,648
2026-08-19 23:55,7741.50,7742.00,7739.75,7740.00,679
2026-08-20 00:00,7740.00,7740.00,7735.25,7737.50,2116
2026-08-20 00:05,7737.50,7738.75,7734.00,7735.25,1063
2026-08-20 00:10,7735.25,7739.75,7734.25,7739.50,765
2026-08-20 00:15,7739.50,7742.25,7739.00,7741.25,976
2026-08-20 00:20,7741.25,7742.75,7738.75,7741.00,628
2026-08-20 00:25,7740.50,7740.50,7738.50,7739.00,388
2026-08-20 00:30,7739.00,7740.00,7737.25,7739.75,518
2026-08-20 00:35,7740.00,7742.00,7738.00,7742.00,438
2026-08-20 00:40,7741.75,7742.00,7740.25,7740.50,496
2026-08-20 00:45,7740.75,7742.00,7739.75,7740.25,488
2026-08-20 00:50,7740.25,7742.25,7740.25,7742.25,423
2026-08-20 00:55,7742.50,7742.75,7741.75,7742.25,448
2026-08-20 01:00,7742.25,7744.00,7741.50,7743.25,1014
2026-08-20 01:05,7743.50,7743.50,7741.25,7741.50,821
2026-08-20 01:10,7741.25,7741.50,7739.00,7740.50,1129
2026-08-20 01:15,7740.25,7743.25,7739.50,7743.00,830
2026-08-20 01:20,7743.00,7743.00,7738.75,7739.50,538
2026-08-20 01:25,7739.50,7740.75,7738.00,7739.75,490
2026-08-20 01:30,7739.75,7741.00,7737.50,7739.50,687
2026-08-20 01:35,7739.50,7740.75,7738.75,7740.75,480
2026-08-20 01:40,7740.50,7742.25,7740.25,7742.00,491
2026-08-20 01:45,7742.00,7742.50,7740.00,7740.75,483
2026-08-20 01:50,7741.00,7742.00,7739.00,7741.00,604
2026-08-20 01:55,7740.50,7740.50,7737.00,7738.75,614
2026-08-20 02:00,7738.75,7743.00,7738.50,7742.00,745
2026-08-20 02:05,7742.25,7743.00,7741.50,7741.50,309
2026-08-20 02:10,7741.50,7741.75,7740.00,7741.75,345
2026-08-20 02:15,7741.25,7741.50,7738.75,7739.50,269
2026-08-20 02:20,7739.50,7739.50,7735.50,7737.00,817
2026-08-20 02:25,7737.00,7737.75,7736.25,7736.75,323
2026-08-20 02:30,7736.75,7740.50,7735.00,7740.25,657
2026-08-20 02:35,7740.50,7740.75,7737.75,7739.00,283
2026-08-20 02:40,7739.00,7740.00,7738.50,7739.25,248
2026-08-20 02:45,7739.00,7739.75,7736.75,7736.75,305
2026-08-20 02:50,7736.75,7737.25,7735.75,7736.50,442
2026-08-20 02:55,7736.50,7737.75,7736.00,7737.75,351
2026-08-20 03:00,7737.75,7739.25,7737.00,7738.75,476
2026-08-20 03:05,7738.75,7741.25,7738.50,7738.75,482
2026-08-20 03:10,7738.75,7739.00,7736.25,7738.50,446
2026-08-20 03:15,7738.75,7740.75,7738.25,7740.50,332
2026-08-20 03:20,7740.50,7742.00,7740.25,7740.75,421
2026-08-20 03:25,7740.75,7740.75,7739.75,7739.75,424
2026-08-20 03:30,7739.50,7739.75,7737.00,7737.50,620
2026-08-20 03:35,7737.25,7738.25,7736.25,7738.00,466
2026-08-20 03:40,7738.25,7740.00,7737.75,7739.00,288
2026-08-20 03:45,7739.25,7740.00,7738.00,7739.75,368
2026-08-20 03:50,7739.50,7740.75,7739.00,7739.00,281
2026-08-20 03:55,7739.50,7740.50,7738.75,7738.75,264
2026-08-20 04:05,7741.75,7742.25,7741.50,7742.25,814
2026-08-20 04:10,7742.50,7742.75,7742.00,7742.50,309
2026-08-20 04:15,7742.50,7742.75,7741.75,7742.50,226
2026-08-20 04:20,7742.50,7742.50,7740.75,7741.25,280
2026-08-20 04:25,7741.00,7742.00,7741.00,7741.25,293
2026-08-20 04:30,7741.00,7741.25,7738.50,7738.50,451
2026-08-20 04:35,7738.25,7739.50,7737.75,7739.50,390
2026-08-20 04:40,7739.75,7741.25,7739.25,7740.50,275
2026-08-20 04:45,7740.25,7741.25,7740.00,7740.50,185
2026-08-20 04:50,7740.50,7741.75,7740.25,7740.25,214
2026-08-20 04:55,7740.25,7740.25,7738.75,7739.25,232
2026-08-20 05:00,7739.25,7739.25,7738.00,7738.50,568
2026-08-20 05:05,7738.50,7738.50,7737.25,7737.50,308
2026-08-20 05:10,7737.25,7737.25,7734.75,7735.50,575
2026-08-20 05:15,7735.50,7739.25,7735.25,7739.00,732
2026-08-20 05:20,7739.00,7740.25,7737.00,7740.25,342
2026-08-20 05:25,7740.00,7740.75,7737.25,7737.50,477
2026-08-20 05:30,7737.50,7739.50,7736.50,7737.00,469
2026-08-20 05:35,7736.75,7737.00,7735.75,7737.00,338
2026-08-20 05:40,7737.00,7738.00,7736.25,7736.75,301
2026-08-20 05:45,7736.50,7737.00,7735.50,7736.50,344
2026-08-20 05:50,7736.25,7736.50,7734.25,7734.25,373
2026-08-20 05:55,7734.25,7735.50,7734.25,7735.00,370
2026-08-20 06:00,7734.75,7739.25,7734.75,7739.00,740
2026-08-20 06:05,7739.25,7742.25,7739.25,7742.00,780
2026-08-20 06:10,7742.00,7743.25,7740.75,7741.25,729
2026-08-20 06:15,7741.25,7741.25,7738.25,7739.75,641
2026-08-20 06:20,7739.75,7740.75,7738.75,7740.50,377
2026-08-20 06:25,7740.50,7741.25,7739.25,7741.00,473
2026-08-20 06:30,7740.75,7744.00,7740.00,7744.00,658
2026-08-20 06:35,7744.00,7744.25,7741.75,7742.00,632
2026-08-20 06:40,7741.75,7743.75,7741.75,7743.50,336
2026-08-20 06:45,7743.50,7745.25,7743.50,7744.25,765
2026-08-20 06:50,7744.25,7745.25,7743.25,7744.00,757
2026-08-20 06:55,7743.75,7744.00,7742.25,7742.50,473
2026-08-20 07:00,7742.50,7742.50,7735.75,7737.75,2260
2026-08-20 07:05,7737.75,7740.25,7736.50,7739.75,1061
2026-08-20 07:10,7740.00,7740.75,7736.25,7736.50,763
2026-08-20 07:15,7736.25,7737.00,7735.25,7736.00,696
2026-08-20 07:20,7736.25,7737.25,7732.50,7733.50,1385
2026-08-20 07:25,7733.50,7734.50,7731.25,7732.75,914
2026-08-20 07:30,7733.00,7735.00,7730.00,7734.25,1485
2026-08-20 07:35,7734.50,7736.00,7733.25,7733.75,936
2026-08-20 07:40,7734.00,7734.75,7732.00,7732.50,548
2026-08-20 07:45,7732.25,7735.50,7732.25,7735.00,466
2026-08-20 07:50,7735.00,7735.00,7731.00,7732.50,1481
2026-08-20 07:55,7732.50,7733.25,7730.00,7730.00,1545
2026-08-20 08:00,7730.25,7733.50,7728.25,7728.25,1857
2026-08-20 08:05,7728.25,7730.75,7727.75,7729.25,1432
2026-08-20 08:10,7729.00,7729.00,7724.50,7726.75,1880
2026-08-20 08:15,7726.75,7729.50,7725.25,7727.50,1131
2026-08-20 08:20,7727.75,7728.75,7723.00,7724.50,1209
2026-08-20 08:25,7724.50,7725.25,7721.75,7723.00,1415
2026-08-20 08:30,7723.00,7723.25,7717.25,7717.25,2734
2026-08-20 08:35,7717.00,7723.75,7716.50,7723.50,1533
2026-08-20 08:40,7723.75,7724.50,7720.50,7720.75,1459
2026-08-20 08:45,7720.50,7721.50,7715.50,7717.25,1734
2026-08-20 08:50,7717.50,7721.50,7717.25,7720.25,784
2026-08-20 08:55,7720.25,7720.25,7718.00,7718.50,1112
2026-08-20 09:00,7718.75,7724.00,7717.50,7723.75,1567
2026-08-20 09:05,7723.75,7727.00,7722.00,7726.25,1474
2026-08-20 09:10,7726.25,7727.00,7722.75,7724.75,1213
2026-08-20 09:15,7724.75,7726.00,7722.75,7724.75,679
2026-08-20 09:20,7724.50,7725.50,7724.00,7725.50,487
2026-08-20 09:25,7725.50,7726.50,7724.50,7724.50,639
2026-08-20 09:30,7724.50,7725.00,7722.25,7722.75,658
2026-08-20 09:35,7722.50,7724.50,7721.75,7724.25,532
2026-08-20 09:40,7724.25,7725.50,7722.25,7725.25,962
2026-08-20 09:45,7725.25,7726.75,7724.75,7725.00,589
2026-08-20 09:50,7725.00,7725.50,7722.25,7725.00,462
2026-08-20 09:55,7725.00,7725.00,7723.75,7724.00,518
2026-08-20 10:00,7723.75,7726.00,7722.00,7725.25,749
2026-08-20 10:05,7725.25,7726.75,7724.50,7726.75,726
2026-08-20 10:10,7727.00,7729.00,7726.00,7728.50,940
2026-08-20 10:15,7728.25,7729.25,7726.25,7726.75,674
2026-08-20 10:20,7726.75,7727.75,7726.25,7727.50,633
2026-08-20 10:25,7727.75,7728.00,7724.75,7727.25,1193
2026-08-20 10:30,7727.25,7729.25,7726.25,7726.50,787
2026-08-20 10:35,7726.25,7728.50,7724.25,7725.25,2469
2026-08-20 10:40,7725.25,7726.50,7725.25,7725.50,753
2026-08-20 10:45,7725.50,7730.00,7725.25,7729.50,528
2026-08-20 10:50,7729.50,7730.00,7728.00,7728.25,802
2026-08-20 10:55,7728.00,7730.50,7727.50,7730.50,847
2026-08-20 11:00,7730.50,7733.50,7725.00,7725.50,3941
2026-08-20 11:05,7725.50,7725.50,7722.75,7724.25,1184
2026-08-20 11:10,7724.25,7724.50,7720.50,7724.25,1032
2026-08-20 11:15,7724.25,7726.25,7722.50,7722.75,960
2026-08-20 11:20,7722.50,7722.75,7717.75,7719.00,2555
2026-08-20 11:25,7719.25,7720.00,7714.50,7714.75,2197
2026-08-20 11:30,7714.75,7718.00,7714.75,7716.00,2086
2026-08-20 11:35,7716.00,7718.75,7714.25,7718.50,1665
2026-08-20 11:40,7718.50,7719.25,7713.00,7714.00,1646
2026-08-20 11:45,7714.25,7714.75,7708.25,7709.25,3963
2026-08-20 11:50,7709.00,7710.00,7706.75,7706.75,2571
2026-08-20 11:55,7706.75,7707.75,7703.25,7704.25,3775
2026-08-20 12:00,7704.50,7704.75,7694.50,7696.00,9159
2026-08-20 12:05,7696.00,7697.00,7687.50,7690.00,12717
2026-08-20 12:10,7689.75,7690.25,7684.75,7687.25,8097
2026-08-20 12:15,7687.25,7690.50,7685.75,7686.50,6030
2026-08-20 12:20,7686.50,7692.75,7686.25,7690.75,6079
2026-08-20 12:25,7690.50,7690.75,7686.75,7687.00,3036
2026-08-20 12:30,7687.25,7687.75,7683.75,7685.75,4385
2026-08-20 12:35,7685.50,7686.75,7680.25,7686.25,6696
2026-08-20 12:40,7686.25,7689.00,7685.00,7688.75,4863
2026-08-20 12:45,7688.75,7693.00,7687.75,7693.00,4577
2026-08-20 12:50,7693.00,7697.00,7692.00,7696.75,5022
2026-08-20 12:55,7696.75,7697.50,7694.50,7696.75,3109
2026-08-20 13:00,7697.00,7701.75,7696.75,7700.50,5493
2026-08-20 13:05,7700.75,7701.50,7697.00,7697.25,5042
2026-08-20 13:10,7697.25,7698.25,7694.50,7695.00,3716
2026-08-20 13:15,7695.25,7697.25,7693.25,7695.25,5635
2026-08-20 13:20,7695.25,7696.50,7692.50,7696.25,4366
2026-08-20 13:25,7696.25,7698.75,7694.00,7698.00,6575
2026-08-20 13:30,7698.00,7710.00,7697.25,7709.25,33453
2026-08-20 13:35,7709.25,7716.00,7705.25,7711.75,30161
2026-08-20 13:40,7712.00,7716.25,7705.00,7712.00,22409
2026-08-20 13:45,7712.25,7713.75,7705.00,7710.00,18717
2026-08-20 13:50,7710.25,7711.50,7702.75,7708.25,20299
2026-08-20 13:55,7708.25,7711.75,7700.00,7703.75,19485
2026-08-20 14:00,7703.75,7707.75,7698.25,7698.25,24379
2026-08-20 14:05,7698.50,7705.00,7696.75,7704.75,21905
2026-08-20 14:10,7705.00,7705.75,7697.50,7698.25,17332
2026-08-20 14:15,7698.25,7699.75,7691.75,7692.50,21922
2026-08-20 14:20,7692.50,7707.75,7691.75,7705.75,26310
2026-08-20 14:25,7706.00,7706.75,7698.00,7700.25,20950
2026-08-20 14:30,7700.25,7706.50,7698.25,7699.00,15562
2026-08-20 14:35,7699.25,7710.25,7697.50,7708.00,16916
2026-08-20 14:40,7708.00,7711.00,7704.00,7710.00,15187
2026-08-20 14:45,7710.00,7713.25,7704.50,7705.50,15113
2026-08-20 14:50,7705.50,7710.75,7704.25,7705.25,11867
2026-08-20 14:55,7705.50,7710.75,7703.00,7710.00,13533
2026-08-20 15:00,7709.75,7720.00,7709.25,7717.25,29948
2026-08-20 15:05,7717.25,7717.25,7701.75,7703.75,23367
2026-08-20 15:10,7703.75,7708.25,7698.50,7706.00,22066
2026-08-20 15:15,7706.00,7709.00,7702.00,7705.50,11493
2026-08-20 15:20,7705.50,7706.00,7697.75,7701.00,15856
2026-08-20 15:25,7701.00,7706.25,7698.00,7705.50,15515
2026-08-20 15:30,7705.50,7707.00,7695.75,7697.75,14957
2026-08-20 15:35,7697.75,7699.50,7693.50,7693.75,13728
2026-08-20 15:40,7693.50,7696.50,7691.25,7691.50,12917
2026-08-20 15:45,7691.75,7695.50,7690.50,7693.50,12921
2026-08-20 15:50,7693.50,7698.50,7692.50,7696.75,11213
2026-08-20 15:55,7696.75,7698.00,7694.25,7696.50,8552
2026-08-20 16:00,7696.50,7699.00,7693.00,7693.75,10250
2026-08-20 16:05,7693.75,7698.25,7693.25,7698.25,9104
2026-08-20 16:10,7698.00,7698.75,7692.75,7693.25,7130
2026-08-20 16:15,7693.25,7694.75,7692.75,7694.25,5975
2026-08-20 16:20,7694.25,7699.00,7692.75,7697.25,9951
2026-08-20 16:25,7697.50,7698.50,7694.50,7695.50,6820
2026-08-20 16:30,7695.50,7699.25,7691.75,7699.25,10849
2026-08-20 16:35,7699.00,7702.00,7698.00,7701.00,8558
2026-08-20 16:40,7701.25,7704.75,7700.75,7704.75,9504
2026-08-20 16:45,7704.50,7704.50,7701.25,7701.75,7246
2026-08-20 16:50,7702.00,7704.25,7699.00,7699.75,7015
2026-08-20 16:55,7699.75,7703.25,7698.25,7702.00,8436
2026-08-20 17:00,7702.25,7702.25,7697.50,7698.50,5701
2026-08-20 17:05,7698.25,7698.50,7694.00,7695.00,7885
2026-08-20 17:10,7695.00,7696.25,7692.75,7693.25,6340
2026-08-20 17:15,7693.00,7693.50,7686.00,7686.50,12266
2026-08-20 17:20,7686.75,7690.50,7685.75,7688.25,12165
2026-08-20 17:25,7688.00,7689.00,7685.00,7685.75,7960
2026-08-20 17:30,7685.75,7687.00,7683.75,7684.00,8859
2026-08-20 17:35,7684.00,7685.75,7680.75,7682.75,10294
2026-08-20 17:40,7682.50,7683.25,7680.25,7682.75,8304
2026-08-20 17:45,7682.50,7686.50,7682.00,7685.25,9070
2026-08-20 17:50,7685.25,7688.25,7685.00,7685.75,7106
2026-08-20 17:55,7685.75,7686.50,7683.00,7683.50,8065
2026-08-20 18:00,7683.50,7683.50,7678.25,7679.25,13413
2026-08-20 18:05,7679.00,7679.50,7673.75,7675.25,13763
2026-08-20 18:10,7675.25,7676.00,7671.50,7673.75,12435
2026-08-20 18:15,7673.75,7675.00,7669.25,7675.00,12399
2026-08-20 18:20,7675.00,7677.75,7674.00,7674.25,9197
2026-08-20 18:25,7674.25,7675.25,7672.50,7673.75,8506
2026-08-20 18:30,7673.75,7674.50,7670.50,7671.25,7964
2026-08-20 18:35,7671.25,7674.50,7671.00,7672.25,7065
2026-08-20 18:40,7672.25,7674.50,7670.25,7673.75,7040
2026-08-20 18:45,7674.00,7676.75,7672.25,7675.25,9331
2026-08-20 18:50,7675.25,7676.00,7673.50,7674.25,6735
2026-08-20 18:55,7674.25,7675.75,7670.50,7670.50,7708
2026-08-20 19:00,7670.50,7672.75,7670.00,7672.25,9898
2026-08-20 19:05,7672.25,7675.50,7671.00,7674.50,9599
2026-08-20 19:10,7674.75,7675.00,7672.25,7673.50,6884
2026-08-20 19:15,7673.50,7676.25,7671.00,7671.75,8496
2026-08-20 19:20,7671.75,7676.00,7670.50,7675.00,9220
2026-08-20 19:25,7674.75,7676.00,7673.00,7673.25,8227
2026-08-20 19:30,7673.50,7673.75,7668.75,7670.25,12015
2026-08-20 19:35,7670.50,7675.00,7669.50,7673.25,10693
2026-08-20 19:40,7673.25,7674.25,7668.00,7669.25,9984
2026-08-20 19:45,7669.25,7672.75,7666.50,7672.50,15516
2026-08-20 19:50,7672.25,7673.25,7665.75,7667.25,28724
2026-08-20 19:55,7667.25,7668.25,7659.00,7665.25,99201
2026-08-20 20:00,7665.25,7667.50,7664.25,7665.75,23853
2026-08-20 20:05,7665.75,7665.75,7661.00,7664.00,6723
2026-08-20 20:10,7664.00,7666.00,7660.75,7661.50,6835
2026-08-20 20:15,7661.75,7662.25,7657.75,7660.50,4027
2026-08-20 20:20,7660.25,7663.75,7660.25,7663.75,2417
2026-08-20 20:25,7663.50,7664.50,7662.75,7662.75,1939
2026-08-20 20:30,7663.00,7665.00,7662.00,7664.50,2610
2026-08-20 20:35,7664.50,7667.25,7664.50,7666.00,1574
2026-08-20 20:40,7666.25,7666.75,7665.25,7666.00,1320
2026-08-20 20:45,7666.00,7666.75,7666.00,7666.50,729
2026-08-20 20:50,7666.50,7667.25,7665.75,7666.75,890
2026-08-20 20:55,7667.00,7668.50,7666.75,7667.75,1284
2026-08-20 22:00,7669.00,7671.50,7663.75,7664.25,0
2026-08-20 22:05,7664.00,7665.75,7663.25,7665.75,799
2026-08-20 22:10,7665.50,7666.25,7664.00,7664.25,541
2026-08-20 22:15,7664.00,7666.25,7664.00,7665.50,427
2026-08-20 22:20,7665.25,7665.75,7664.75,7664.75,260
2026-08-20 22:25,7665.00,7666.00,7663.75,7665.50,276
2026-08-20 22:30,7665.75,7667.00,7664.00,7666.50,307
2026-08-20 22:35,7666.50,7667.50,7666.00,7666.00,251
2026-08-20 22:40,7666.00,7667.25,7665.25,7667.00,170
2026-08-20 22:45,7667.00,7668.00,7666.75,7668.00,115
2026-08-20 22:50,7668.00,7669.50,7668.00,7669.25,364
2026-08-20 22:55,7669.00,7669.75,7668.75,7669.50,100
2026-08-20 23:00,7669.25,7669.50,7668.25,7668.50,281
2026-08-20 23:05,7668.25,7669.25,7668.00,7668.25,270
2026-08-20 23:10,7668.25,7669.00,7668.00,7668.00,163
2026-08-20 23:15,7668.00,7669.25,7667.50,7668.25,302
2026-08-20 23:20,7668.25,7668.75,7668.00,7668.00,183
2026-08-20 23:25,7668.25,7668.25,7667.50,7667.75,241
2026-08-20 23:30,7667.75,7668.25,7667.50,7667.50,164
2026-08-20 23:35,7667.25,7667.25,7665.75,7666.50,288
2026-08-20 23:40,7666.50,7668.75,7666.50,7667.75,290
2026-08-20 23:45,7668.00,7668.00,7664.25,7667.00,494
2026-08-20 23:50,7667.00,7668.00,7665.50,7667.25,553
2026-08-20 23:55,7667.25,7667.25,7665.75,7666.25,187
2026-08-21 00:00,7666.25,7671.00,7665.50,7668.25,1422
2026-08-21 00:05,7668.25,7671.75,7668.00,7669.75,760
2026-08-21 00:10,7670.00,7673.00,7669.25,7672.50,964
2026-08-21 00:15,7672.50,7672.50,7666.75,7667.50,1506
2026-08-21 00:20,7667.75,7670.50,7667.00,7667.50,932
2026-08-21 00:25,7667.75,7668.25,7665.50,7667.00,537
2026-08-21 00:30,7667.00,7668.50,7665.50,7668.00,555
2026-08-21 00:35,7667.75,7669.75,7667.00,7669.50,440
2026-08-21 00:40,7669.50,7669.50,7666.25,7668.25,764
2026-08-21 00:45,7668.50,7669.50,7668.00,7668.50,486
2026-08-21 00:50,7668.50,7669.25,7665.00,7665.00,572
2026-08-21 00:55,7665.25,7665.75,7664.25,7664.50,677
2026-08-21 01:00,7664.75,7666.75,7663.75,7665.00,675
2026-08-21 01:05,7665.00,7665.00,7661.25,7662.75,1011
2026-08-21 01:10,7662.50,7665.75,7662.00,7665.25,953
2026-08-21 01:15,7665.00,7668.00,7663.25,7667.50,612
2026-08-21 01:20,7667.50,7667.50,7663.50,7665.50,432
2026-08-21 01:25,7665.50,7667.75,7665.25,7665.75,423
2026-08-21 01:30,7665.50,7667.50,7664.75,7665.75,403
2026-08-21 01:35,7666.00,7666.00,7663.25,7663.50,481
2026-08-21 01:40,7663.50,7667.25,7663.25,7666.50,721
2026-08-21 01:45,7666.50,7669.00,7665.25,7668.75,641
2026-08-21 01:50,7668.75,7669.25,7665.25,7665.50,769
2026-08-21 01:55,7665.25,7667.25,7664.50,7667.25,564
2026-08-21 02:00,7667.25,7669.00,7666.75,7668.00,728
2026-08-21 02:05,7668.00,7669.25,7667.25,7669.25,439
2026-08-21 02:10,7669.25,7669.75,7667.75,7669.75,452
2026-08-21 02:15,7669.50,7670.25,7669.00,7669.25,366
2026-08-21 02:20,7669.50,7673.00,7669.50,7671.00,947
2026-08-21 02:25,7671.00,7672.00,7670.50,7671.75,472
2026-08-21 02:30,7671.75,7672.50,7671.00,7671.25,436
2026-08-21 02:35,7671.25,7672.50,7670.75,7671.00,434
2026-08-21 02:40,7671.00,7672.50,7670.25,7670.50,644
2026-08-21 02:45,7670.50,7672.25,7670.00,7671.50,429
2026-08-21 02:50,7671.25,7672.50,7670.75,7671.75,356
2026-08-21 02:55,7671.50,7672.25,7670.75,7670.75,177
2026-08-21 03:00,7671.00,7671.75,7670.50,7671.00,252
2026-08-21 03:05,7670.75,7671.00,7668.75,7669.25,476
2026-08-21 03:10,7669.25,7669.25,7667.75,7667.75,257
2026-08-21 03:15,7667.75,7668.50,7666.75,7667.00,413
2026-08-21 03:20,7666.75,7669.00,7666.75,7668.75,336
2026-08-21 03:25,7668.75,7668.75,7668.00,7668.50,187
2026-08-21 03:30,7668.50,7670.75,7668.50,7670.75,355
2026-08-21 03:35,7670.75,7670.75,7668.50,7669.50,344
2026-08-21 03:40,7669.50,7669.50,7667.75,7668.50,277
2026-08-21 03:45,7668.25,7669.00,7667.25,7668.00,229
2026-08-21 03:50,7668.25,7668.25,7667.25,7667.25,189
2026-08-21 03:55,7667.50,7668.75,7666.50,7668.75,246
2026-08-21 04:05,7669.75,7670.00,7669.00,7669.00,756
2026-08-21 04:10,7669.00,7670.00,7668.25,7669.75,284
2026-08-21 04:15,7669.75,7670.00,7667.75,7668.50,322
2026-08-21 04:20,7668.50,7668.50,7665.75,7666.50,333
2026-08-21 04:25,7666.25,7666.75,7665.75,7666.00,355
2026-08-21 04:30,7665.75,7666.75,7664.75,7665.50,304
2026-08-21 04:35,7665.75,7666.00,7664.25,7664.75,297
2026-08-21 04:40,7664.75,7666.00,7664.75,7665.50,310
2026-08-21 04:45,7665.25,7669.00,7665.25,7669.00,429
2026-08-21 04:50,7668.75,7670.00,7668.50,7669.50,584
2026-08-21 04:55,7669.50,7669.50,7668.00,7668.75,300
2026-08-21 05:00,7669.00,7670.50,7668.50,7670.25,457
2026-08-21 05:05,7670.50,7670.50,7668.25,7668.25,415
2026-08-21 05:10,7668.25,7670.00,7668.25,7669.75,383
2026-08-21 05:15,7669.75,7671.00,7669.50,7670.75,445
2026-08-21 05:20,7670.50,7670.75,7668.25,7668.25,299
2026-08-21 05:25,7668.25,7669.00,7667.00,7667.25,290
2026-08-21 05:30,7667.25,7670.00,7666.75,7669.75,343
2026-08-21 05:35,7669.50,7670.50,7669.00,7669.50,309
2026-08-21 05:40,7669.50,7669.75,7667.50,7668.50,294
2026-08-21 05:45,7668.25,7668.25,7665.75,7666.25,290
2026-08-21 05:50,7666.00,7667.00,7665.75,7666.75,295
2026-08-21 05:55,7666.75,7668.75,7666.50,7668.50,324
2026-08-21 06:00,7668.50,7669.00,7667.25,7667.75,601
2026-08-21 06:05,7667.75,7669.00,7667.25,7668.00,436
2026-08-21 06:10,7668.00,7670.50,7668.00,7669.75,722
2026-08-21 06:15,7669.75,7670.50,7669.00,7669.75,708
2026-08-21 06:20,7669.50,7670.00,7668.75,7668.75,278
2026-08-21 06:25,7669.00,7670.50,7668.50,7670.25,278
2026-08-21 06:30,7670.00,7673.75,7670.00,7673.75,660
2026-08-21 06:35,7673.75,7675.25,7672.25,7672.25,906
2026-08-21 06:40,7672.00,7672.25,7670.25,7670.25,284
2026-08-21 06:45,7670.25,7672.50,7669.25,7672.50,524
2026-08-21 06:50,7672.50,7672.50,7670.75,7672.25,294
2026-08-21 06:55,7672.25,7674.25,7671.75,7673.50,486
2026-08-21 07:00,7673.75,7675.75,7671.00,7675.25,1247
2026-08-21 07:05,7675.25,7676.75,7675.00,7676.00,1138
2026-08-21 07:10,7676.00,7678.00,7675.25,7678.00,894
2026-08-21 07:15,7677.75,7677.75,7676.00,7677.25,1044
2026-08-21 07:20,7677.50,7679.25,7676.50,7679.00,1100
2026-08-21 07:25,7679.25,7679.25,7676.50,7676.50,689
2026-08-21 07:30,7676.50,7680.75,7676.25,7680.50,1763
2026-08-21 07:35,7680.50,7680.75,7679.00,7680.50,1284
2026-08-21 07:40,7680.25,7682.00,7678.75,7679.50,1342
2026-08-21 07:45,7679.50,7682.25,7678.50,7681.00,1270
2026-08-21 07:50,7681.00,7681.75,7680.00,7680.50,578
2026-08-21 07:55,7680.50,7682.00,7679.50,7682.00,653
2026-08-21 08:00,7682.00,7683.75,7681.25,7683.25,1269
2026-08-21 08:05,7683.00,7683.00,7677.50,7679.50,1474
2026-08-21 08:10,7679.50,7680.75,7678.75,7679.75,863
2026-08-21 08:15,7679.75,7682.75,7678.50,7682.25,719
2026-08-21 08:20,7682.00,7682.50,7679.50,7681.00,1025
2026-08-21 08:25,7681.25,7684.25,7681.00,7683.75,812
2026-08-21 08:30,7683.75,7685.00,7683.25,7684.00,1058
2026-08-21 08:35,7684.00,7685.75,7684.00,7685.50,1010
2026-08-21 08:40,7685.75,7686.75,7685.00,7686.50,2165
2026-08-21 08:45,7686.50,7686.75,7685.75,7685.75,731
2026-08-21 08:50,7685.75,7690.25,7685.75,7687.25,2011
2026-08-21 08:55,7687.50,7688.75,7687.25,7687.50,563
2026-08-21 09:00,7687.50,7687.75,7684.25,7685.00,1032
2026-08-21 09:05,7684.75,7685.25,7682.25,7683.00,1821
2026-08-21 09:10,7683.00,7686.25,7681.75,7686.00,1999
2026-08-21 09:15,7686.00,7687.00,7685.25,7686.00,858
2026-08-21 09:20,7686.00,7686.50,7685.25,7685.50,587
2026-08-21 09:25,7685.75,7686.25,7684.75,7685.00,578
2026-08-21 09:30,7685.00,7686.00,7684.25,7685.00,615
2026-08-21 09:35,7685.00,7687.75,7685.00,7687.25,1218
2026-08-21 09:40,7687.25,7688.50,7687.00,7687.50,1061
2026-08-21 09:45,7687.50,7687.75,7686.00,7687.50,593
2026-08-21 09:50,7687.50,7688.50,7686.00,7687.75,638
2026-08-21 09:55,7688.00,7689.00,7687.50,7687.75,724
2026-08-21 10:00,7688.00,7692.25,7688.00,7691.00,2114
2026-08-21 10:05,7691.00,7691.75,7687.25,7688.25,1252
2026-08-21 10:10,7688.25,7688.50,7685.50,7686.75,1014
2026-08-21 10:15,7687.00,7688.25,7686.25,7686.75,741
2026-08-21 10:20,7687.00,7687.25,7685.75,7687.00,381
2026-08-21 10:25,7687.00,7689.00,7687.00,7688.75,592
2026-08-21 10:30,7688.75,7689.25,7687.25,7687.50,529
2026-08-21 10:35,7687.25,7688.50,7687.00,7688.00,396
2026-08-21 10:40,7688.00,7688.50,7686.00,7686.75,489
2026-08-21 10:45,7686.75,7687.75,7686.75,7687.50,389
2026-08-21 10:50,7687.25,7689.00,7686.75,7688.25,585
2026-08-21 10:55,7688.25,7688.75,7687.25,7688.50,650
2026-08-21 11:00,7688.50,7688.50,7684.75,7686.00,1019
2026-08-21 11:05,7686.00,7689.75,7686.00,7688.75,1366
2026-08-21 11:10,7688.50,7689.25,7686.75,7687.50,431
2026-08-21 11:15,7687.75,7690.00,7687.50,7689.25,669
2026-08-21 11:20,7689.00,7697.00,7689.00,7696.75,4587
2026-08-21 11:25,7696.75,7698.00,7694.25,7696.50,3048
2026-08-21 11:30,7696.75,7698.50,7693.75,7695.75,2441
2026-08-21 11:35,7695.75,7699.50,7695.50,7696.50,1748
2026-08-21 11:40,7696.25,7698.50,7695.00,7698.50,2410
2026-08-21 11:45,7698.50,7698.75,7693.00,7695.50,2049
2026-08-21 11:50,7695.50,7695.75,7694.25,7695.00,834
2026-08-21 11:55,7695.00,7696.25,7694.75,7695.00,743
2026-08-21 12:00,7695.00,7696.00,7693.00,7694.50,2192
2026-08-21 12:05,7694.50,7696.75,7694.25,7696.50,2398
2026-08-21 12:10,7696.50,7696.50,7693.75,7694.00,1688
2026-08-21 12:15,7694.00,7696.50,7693.25,7696.00,1790
2026-08-21 12:20,7696.00,7698.00,7693.50,7698.00,2780
2026-08-21 12:25,7697.75,7701.00,7697.25,7701.00,2822
2026-08-21 12:30,7701.00,7703.25,7699.75,7700.75,5043
2026-08-21 12:35,7700.75,7701.25,7698.25,7700.25,3712
2026-08-21 12:40,7700.25,7704.75,7699.50,7704.00,3446
2026-08-21 12:45,7704.25,7704.50,7700.00,7703.75,3301
2026-08-21 12:50,7703.50,7703.75,7700.00,7700.75,1749
2026-08-21 12:55,7700.75,7701.25,7700.25,7700.75,1145
2026-08-21 13:00,7701.00,7702.25,7699.50,7700.25,2482
2026-08-21 13:05,7700.25,7700.50,7695.75,7696.00,3334
2026-08-21 13:10,7695.75,7696.25,7690.75,7691.75,4331
2026-08-21 13:15,7691.75,7693.00,7689.25,7689.50,5362
2026-08-21 13:20,7689.50,7690.50,7688.50,7690.25,4674
2026-08-21 13:25,7690.25,7696.50,7685.25,7695.75,17569
2026-08-21 13:30,7695.75,7696.00,7683.50,7683.50,41302
2026-08-21 13:35,7683.50,7687.00,7681.25,7686.25,25386
2026-08-21 13:40,7686.25,7688.25,7682.75,7686.50,16738
2026-08-21 13:45,7686.50,7689.50,7682.00,7685.00,18773
2026-08-21 13:50,7685.00,7687.75,7676.75,7679.50,17502
2026-08-21 13:55,7679.50,7683.75,7678.00,7680.50,16358
2026-08-21 14:00,7680.50,7685.00,7680.50,7684.75,16626
2026-08-21 14:05,7684.50,7690.75,7684.50,7687.75,17338
2026-08-21 14:10,7687.75,7690.00,7681.00,7682.25,14478
2026-08-21 14:15,7682.50,7686.00,7681.00,7681.75,12496
2026-08-21 14:20,7681.50,7687.50,7680.00,7683.00,14026
2026-08-21 14:25,7683.00,7686.50,7681.25,7681.75,13972
2026-08-21 14:30,7681.75,7684.00,7680.00,7680.25,13548
2026-08-21 14:35,7680.25,7681.75,7677.50,7678.75,14103
2026-08-21 14:40,7678.75,7684.00,7677.25,7681.50,11039
2026-08-21 14:45,7681.50,7686.25,7680.75,7685.75,11274
2026-08-21 14:50,7685.75,7688.50,7684.00,7686.00,10907
2026-08-21 14:55,7685.75,7694.25,7685.00,7693.50,13563
2026-08-21 15:00,7693.75,7699.75,7692.75,7698.00,19398
2026-08-21 15:05,7698.00,7699.50,7693.25,7693.75,13803
2026-08-21 15:10,7693.75,7696.00,7692.25,7692.50,9037
2026-08-21 15:15,7692.50,7695.00,7690.75,7691.50,9352
2026-08-21 15:20,7691.25,7694.00,7689.50,7690.50,9418
2026-08-21 15:25,7690.25,7695.50,7689.50,7694.75,9186
2026-08-21 15:30,7694.75,7700.25,7693.50,7700.00,13893
2026-08-21 15:35,7700.00,7706.00,7699.75,7705.75,15381
2026-08-21 15:40,7706.00,7709.75,7704.75,7708.50,16115
2026-08-21 15:45,7708.50,7710.00,7704.75,7705.50,13936
2026-08-21 15:50,7705.50,7714.00,7705.50,7712.25,13949
2026-08-21 15:55,7712.25,7712.50,7706.00,7707.25,10991
2026-08-21 16:00,7707.50,7708.75,7701.50,7702.75,11818
2026-08-21 16:05,7702.75,7703.00,7698.00,7698.50,13576
2026-08-21 16:10,7698.50,7701.00,7697.50,7697.50,10364
2026-08-21 16:15,7697.50,7700.50,7694.25,7695.50,10285
2026-08-21 16:20,7695.25,7705.75,7693.75,7697.25,23867
2026-08-21 16:25,7697.25,7701.25,7696.50,7700.50,6763
2026-08-21 16:30,7700.50,7700.50,7695.50,7695.50,7054
2026-08-21 16:35,7695.50,7701.00,7695.50,7700.75,5819
2026-08-21 16:40,7700.75,7701.00,7698.00,7699.00,5131
2026-08-21 16:45,7699.00,7699.00,7696.00,7696.75,5217
2026-08-21 16:50,7696.75,7697.00,7693.00,7695.25,7261
2026-08-21 16:55,7695.25,7699.50,7694.50,7699.00,5763
2026-08-21 17:00,7699.25,7700.00,7697.50,7698.00,6145
2026-08-21 17:05,7698.00,7700.75,7696.75,7699.00,6181
2026-08-21 17:10,7699.00,7699.00,7696.00,7697.50,3497
2026-08-21 17:15,7697.25,7698.25,7696.00,7696.50,4152
2026-08-21 17:20,7696.50,7697.00,7692.25,7694.00,7204
2026-08-21 17:25,7693.75,7695.75,7692.25,7693.50,5514
2026-08-21 17:30,7693.75,7694.50,7690.75,7690.75,6617
2026-08-21 17:35,7690.50,7693.50,7690.25,7691.00,6447
2026-08-21 17:40,7691.25,7692.50,7690.00,7692.00,5243
2026-08-21 17:45,7692.25,7694.25,7691.25,7692.25,5949
2026-08-21 17:50,7692.50,7693.00,7690.25,7691.25,5415
2026-08-21 17:55,7691.00,7691.25,7689.50,7689.50,5146
2026-08-21 18:00,7689.75,7692.75,7688.75,7692.00,6346
2026-08-21 18:05,7692.00,7692.25,7688.25,7688.25,4905
2026-08-21 18:10,7688.25,7690.75,7688.00,7688.50,5056
2026-08-21 18:15,7688.50,7690.50,7688.25,7689.75,3966
2026-08-21 18:20,7689.75,7691.50,7689.25,7690.00,4879
2026-08-21 18:25,7690.25,7690.50,7687.75,7688.00,4706
2026-08-21 18:30,7688.00,7688.75,7685.75,7687.00,6701
2026-08-21 18:35,7687.00,7688.50,7687.00,7687.50,4347
2026-08-21 18:40,7687.50,7690.50,7687.25,7689.25,4780
2026-08-21 18:45,7689.00,7692.25,7688.50,7691.75,4772
2026-08-21 18:50,7691.75,7695.00,7691.75,7694.00,6559
2026-08-21 18:55,7694.00,7697.75,7693.00,7697.25,6576
2026-08-21 19:00,7697.25,7699.00,7695.25,7695.25,10463
2026-08-21 19:05,7695.25,7698.75,7695.00,7696.25,5742
2026-08-21 19:10,7696.00,7696.50,7693.75,7695.25,6215
2026-08-21 19:15,7695.50,7696.25,7693.50,7694.75,5646
2026-08-21 19:20,7694.75,7697.25,7693.75,7697.00,5783
2026-08-21 19:25,7697.25,7697.25,7694.50,7695.50,6987
2026-08-21 19:30,7695.50,7698.25,7695.00,7695.75,8448
2026-08-21 19:35,7696.00,7698.75,7694.75,7697.75,7542
2026-08-21 19:40,7697.50,7700.00,7695.50,7699.50,8722
2026-08-21 19:45,7699.50,7703.00,7698.50,7701.25,14376
2026-08-21 19:50,7701.25,7701.50,7693.75,7694.25,24160
2026-08-21 19:55,7694.00,7698.25,7688.75,7691.50,88733
2026-08-21 20:00,7691.75,7692.25,7689.50,7691.50,20538
2026-08-21 20:05,7691.75,7692.00,7690.00,7691.25,3913
2026-08-21 20:10,7691.25,7691.25,7688.75,7691.00,5095
2026-08-21 20:15,7691.00,7692.00,7689.25,7689.25,2342
2026-08-21 20:20,7689.25,7691.00,7688.00,7689.25,3255
2026-08-21 20:25,7689.50,7689.50,7687.50,7687.50,1279
2026-08-21 20:30,7687.75,7689.50,7687.50,7689.25,960
2026-08-21 20:35,7689.25,7689.75,7689.00,7689.25,637
2026-08-21 20:40,7689.25,7690.00,7689.00,7689.50,604
2026-08-21 20:45,7689.50,7690.00,7687.50,7687.75,1495
2026-08-21 20:50,7687.75,7688.75,7687.00,7687.75,1144
2026-08-21 20:55,7687.75,7691.25,7687.00,7691.25,1286
2026-08-23 22:10,7683.75,7684.75,7683.25,7684.25,258
2026-08-23 22:15,7684.00,7684.25,7681.75,7683.00,434
2026-08-23 22:20,7682.75,7685.50,7682.75,7683.75,417
2026-08-23 22:25,7684.00,7684.25,7683.50,7684.00,161
2026-08-23 22:30,7683.75,7685.00,7683.25,7683.75,363
2026-08-23 22:35,7683.75,7686.50,7683.25,7686.00,391
2026-08-23 22:40,7685.75,7689.50,7685.25,7689.25,433
2026-08-23 22:45,7689.25,7690.75,7689.00,7689.50,455
2026-08-23 22:50,7689.75,7690.00,7689.25,7689.50,183
2026-08-23 22:55,7689.75,7690.25,7689.50,7689.50,128
2026-08-23 23:00,7689.25,7690.25,7689.25,7689.50,185
2026-08-23 23:05,7689.50,7690.25,7689.25,7690.00,125
2026-08-23 23:10,7690.00,7690.75,7689.50,7690.00,136
2026-08-23 23:15,7689.75,7692.50,7689.50,7691.50,319
2026-08-23 23:20,7691.50,7693.00,7691.25,7693.00,208
2026-08-23 23:25,7693.00,7695.00,7692.75,7695.00,583
2026-08-23 23:30,7695.00,7697.00,7694.75,7696.50,606
2026-08-23 23:35,7696.50,7696.75,7696.00,7696.00,237
2026-08-23 23:40,7696.25,7696.50,7694.50,7694.50,290
2026-08-23 23:45,7694.75,7701.00,7694.50,7700.50,797
2026-08-23 23:50,7700.50,7701.75,7699.50,7700.00,603
2026-08-23 23:55,7700.25,7702.50,7700.00,7702.25,515
2026-08-24 00:00,7702.25,7703.25,7698.00,7698.25,1665
2026-08-24 00:05,7698.25,7700.50,7697.50,7700.00,906
2026-08-24 00:10,7699.75,7700.75,7697.00,7698.25,601
2026-08-24 00:15,7698.00,7698.25,7689.25,7689.75,1794
2026-08-24 00:20,7690.00,7691.25,7688.00,7690.75,1016
2026-08-24 00:25,7690.50,7690.50,7684.75,7689.00,1488
2026-08-24 00:30,7689.25,7689.50,7687.00,7688.25,807
2026-08-24 00:35,7688.00,7690.25,7687.25,7688.75,581
2026-08-24 00:40,7688.75,7689.75,7687.75,7688.00,464
2026-08-24 00:45,7688.00,7692.00,7687.00,7692.00,549
2026-08-24 00:50,7692.00,7692.25,7690.50,7692.00,522
2026-08-24 00:55,7692.00,7698.00,7691.50,7697.50,1179
2026-08-24 01:00,7697.50,7700.50,7696.00,7697.75,1215
2026-08-24 01:05,7697.75,7700.75,7697.50,7699.50,770
2026-08-24 01:10,7699.25,7702.50,7699.25,7701.00,650
2026-08-24 01:15,7701.00,7702.75,7700.25,7701.75,571
2026-08-24 01:20,7701.50,7701.75,7698.00,7698.75,600
2026-08-24 01:25,7698.75,7700.00,7697.00,7697.25,517
2026-08-24 01:30,7697.50,7697.50,7694.50,7696.75,771
2026-08-24 01:35,7696.75,7697.25,7694.50,7697.00,448
2026-08-24 01:40,7696.75,7698.50,7696.00,7697.00,520
2026-08-24 01:45,7696.75,7697.25,7695.00,7696.50,657
2026-08-24 01:50,7696.50,7699.50,7695.50,7695.50,569
2026-08-24 01:55,7695.50,7695.50,7690.25,7690.50,1132
2026-08-24 02:00,7690.50,7692.25,7688.00,7691.25,1363
2026-08-24 02:05,7691.25,7691.50,7687.25,7690.00,1060
2026-08-24 02:10,7690.00,7695.75,7687.50,7695.00,1021
2026-08-24 02:15,7695.00,7696.50,7694.25,7695.25,577
2026-08-24 02:20,7695.25,7696.00,7693.75,7694.25,479
2026-08-24 02:25,7694.00,7695.75,7693.25,7695.00,613
2026-08-24 02:30,7695.00,7695.75,7694.00,7695.25,251
2026-08-24 02:35,7695.25,7695.75,7694.00,7695.25,287
2026-08-24 02:40,7695.00,7696.50,7694.25,7696.25,319
2026-08-24 02:45,7696.25,7697.50,7694.50,7695.50,680
2026-08-24 02:50,7695.75,7696.00,7692.75,7694.25,684
2026-08-24 02:55,7694.25,7697.25,7693.50,7696.50,557
2026-08-24 03:00,7696.50,7696.50,7692.75,7693.75,393
2026-08-24 03:05,7693.50,7693.50,7690.50,7690.75,532
2026-08-24 03:10,7690.50,7691.00,7688.25,7688.75,727
2026-08-24 03:15,7688.75,7690.25,7688.25,7688.50,545
2026-08-24 03:20,7688.75,7690.75,7688.25,7689.75,1016
2026-08-24 03:25,7689.75,7690.00,7688.75,7689.00,514
2026-08-24 03:30,7688.75,7688.75,7686.50,7687.75,786
2026-08-24 03:35,7688.00,7689.00,7686.75,7687.25,539
2026-08-24 03:40,7687.25,7688.50,7685.00,7685.25,541
2026-08-24 03:45,7685.00,7686.75,7684.25,7686.50,598
2026-08-24 03:50,7686.50,7687.25,7682.75,7683.00,650
2026-08-24 03:55,7683.00,7683.25,7682.25,7682.50,305
2026-08-24 04:00,7683.00,7684.25,7682.50,7683.75,529
2026-08-24 04:05,7683.50,7683.75,7681.75,7682.25,335
2026-08-24 04:10,7682.25,7684.75,7682.25,7684.50,532
2026-08-24 04:15,7684.75,7685.00,7682.75,7683.50,534
2026-08-24 04:20,7683.75,7685.00,7681.25,7681.50,548
2026-08-24 04:25,7681.50,7683.75,7680.50,7683.50,1125
2026-08-24 04:30,7683.50,7684.50,7681.00,7681.75,604
2026-08-24 04:35,7682.00,7682.50,7680.75,7681.75,580
2026-08-24 04:40,7681.75,7683.75,7680.75,7683.75,416
2026-08-24 04:45,7683.75,7684.00,7681.25,7681.25,514
2026-08-24 04:50,7681.25,7682.25,7680.50,7681.00,358
2026-08-24 04:55,7680.75,7681.00,7679.50,7679.75,442
2026-08-24 05:00,7680.00,7681.25,7679.75,7680.50,350
2026-08-24 05:05,7680.50,7685.00,7680.50,7684.00,719
2026-08-24 05:10,7683.75,7685.50,7683.00,7685.25,429
2026-08-24 05:15,7685.00,7685.00,7682.00,7682.00,409
2026-08-24 05:20,7681.75,7683.00,7681.50,7681.75,843
2026-08-24 05:25,7681.75,7682.00,7680.25,7680.50,395
2026-08-24 05:30,7680.50,7680.75,7675.50,7676.50,1379
2026-08-24 05:35,7676.50,7679.75,7675.75,7677.75,890
2026-08-24 05:40,7677.75,7682.00,7677.75,7678.25,691
2026-08-24 05:45,7678.25,7679.25,7676.00,7677.25,578
2026-08-24 05:50,7677.25,7678.25,7676.25,7677.00,710
2026-08-24 05:55,7677.25,7677.50,7675.00,7676.50,953
2026-08-24 06:00,7676.50,7678.75,7673.25,7673.50,1355
2026-08-24 06:05,7673.50,7674.50,7672.00,7673.25,1553
2026-08-24 06:10,7673.00,7674.50,7672.00,7673.25,561
2026-08-24 06:15,7673.25,7676.25,7670.75,7671.00,1326
2026-08-24 06:20,7670.75,7673.75,7669.00,7673.75,1060
2026-08-24 06:25,7673.75,7674.50,7673.00,7673.25,428
2026-08-24 06:30,7673.00,7674.00,7671.75,7673.75,742
2026-08-24 06:35,7673.75,7675.50,7672.75,7674.75,633
2026-08-24 06:40,7675.00,7675.00,7671.00,7671.75,669
2026-08-24 06:45,7671.50,7673.00,7670.25,7672.75,695
2026-08-24 06:50,7673.00,7675.00,7672.50,7674.75,492
2026-08-24 06:55,7674.75,7675.75,7673.25,7673.50,403
2026-08-24 07:00,7673.50,7676.75,7672.00,7674.75,1834
2026-08-24 07:05,7674.50,7677.75,7673.50,7677.00,844
2026-08-24 07:10,7677.00,7678.50,7676.00,7677.75,748
2026-08-24 07:15,7678.00,7679.50,7675.25,7676.75,673
2026-08-24 07:20,7676.75,7676.75,7674.75,7676.25,495
2026-08-24 07:25,7676.25,7678.00,7674.75,7675.00,700
2026-08-24 07:30,7674.75,7678.25,7673.50,7678.25,758
2026-08-24 07:35,7678.25,7679.25,7677.00,7677.00,327
2026-08-24 07:40,7676.75,7676.75,7672.50,7672.50,910
2026-08-24 07:45,7672.50,7674.75,7672.50,7672.50,760
2026-08-24 07:50,7672.50,7673.50,7670.75,7672.00,921
2026-08-24 07:55,7671.75,7672.25,7670.50,7671.00,689
2026-08-24 08:00,7671.00,7672.75,7668.75,7670.00,1516
2026-08-24 08:05,7670.25,7681.50,7670.25,7673.00,3283
2026-08-24 08:10,7673.50,7676.25,7673.50,7675.75,592
2026-08-24 08:15,7675.50,7679.50,7674.25,7678.75,896
2026-08-24 08:20,7678.75,7679.25,7676.00,7677.00,523
2026-08-24 08:25,7677.25,7678.75,7674.75,7677.25,910
2026-08-24 08:30,7677.25,7679.25,7676.50,7678.25,382
2026-08-24 08:35,7678.25,7682.25,7678.25,7682.00,585
2026-08-24 08:40,7682.00,7683.00,7680.50,7682.50,607
2026-08-24 08:45,7682.25,7683.00,7681.25,7681.50,429
2026-08-24 08:50,7681.50,7684.00,7681.50,7683.25,580
2026-08-24 08:55,7683.25,7683.25,7680.50,7680.50,321
2026-08-24 09:00,7680.50,7684.50,7678.75,7683.75,847
2026-08-24 09:05,7683.75,7684.00,7682.25,7683.25,603
2026-08-24 09:10,7683.25,7684.00,7682.00,7682.00,638
2026-08-24 09:15,7682.25,7682.50,7679.50,7679.75,655
2026-08-24 09:20,7679.75,7680.00,7678.25,7679.75,966
2026-08-24 09:25,7679.50,7679.50,7677.75,7678.50,435
2026-08-24 09:30,7678.25,7679.75,7678.25,7679.50,549
2026-08-24 09:35,7679.75,7681.75,7679.50,7681.25,565
2026-08-24 09:40,7681.00,7681.25,7679.50,7680.75,488
2026-08-24 09:45,7681.00,7682.50,7680.25,7682.25,836
2026-08-24 09:50,7682.25,7682.50,7679.75,7680.25,521
2026-08-24 09:55,7680.50,7681.00,7679.75,7680.50,482
2026-08-24 10:00,7680.50,7681.75,7680.00,7681.50,745
2026-08-24 10:05,7681.75,7682.00,7679.75,7679.75,807
2026-08-24 10:10,7680.00,7680.25,7676.75,7677.00,907
2026-08-24 10:15,7677.00,7677.50,7676.75,7676.75,617
2026-08-24 10:20,7676.50,7680.00,7675.25,7679.50,920
2026-08-24 10:25,7679.50,7679.50,7675.75,7676.00,586
2026-08-24 10:30,7676.00,7680.25,7675.75,7679.50,993
2026-08-24 10:35,7679.50,7679.75,7677.00,7677.00,541
2026-08-24 10:40,7677.00,7677.00,7673.50,7674.50,755
2026-08-24 10:45,7674.50,7674.75,7672.00,7672.75,818
2026-08-24 10:50,7672.75,7672.75,7669.75,7670.75,990
2026-08-24 10:55,7670.75,7671.50,7670.00,7670.50,753
2026-08-24 11:00,7670.50,7671.50,7666.25,7666.75,1772
2026-08-24 11:05,7666.75,7667.75,7664.50,7667.00,1480
2026-08-24 11:10,7667.00,7668.25,7665.50,7667.75,1188
2026-08-24 11:15,7667.50,7669.25,7667.25,7668.75,1015
2026-08-24 11:20,7668.75,7669.75,7667.75,7669.50,1142
2026-08-24 11:25,7669.50,7672.00,7669.25,7670.25,918
2026-08-24 11:30,7670.25,7677.50,7670.25,7677.50,2345
2026-08-24 11:35,7677.25,7686.50,7676.50,7682.25,5259
2026-08-24 11:40,7682.50,7685.00,7680.50,7681.25,1536
2026-08-24 11:45,7681.25,7681.25,7676.25,7677.75,2220
2026-08-24 11:50,7677.75,7680.25,7677.75,7680.00,916
2026-08-24 11:55,7679.75,7680.50,7678.00,7679.75,1349
2026-08-24 12:00,7680.00,7680.00,7676.25,7676.75,1250
2026-08-24 12:05,7676.75,7679.00,7676.25,7677.00,1004
2026-08-24 12:10,7677.00,7678.25,7675.75,7677.00,1314
2026-08-24 12:15,7677.00,7678.50,7675.75,7677.25,869
2026-08-24 12:20,7677.50,7681.00,7677.25,7680.25,1461
2026-08-24 12:25,7680.25,7681.25,7678.75,7680.75,705
2026-08-24 12:30,7680.75,7681.25,7669.25,7675.75,6565
2026-08-24 12:35,7675.50,7679.50,7675.00,7676.75,1833
2026-08-24 12:40,7676.75,7682.50,7674.50,7676.25,2767
2026-08-24 12:45,7676.25,7678.75,7675.25,7678.25,1215
2026-08-24 12:50,7678.25,7679.50,7677.25,7678.00,581
2026-08-24 12:55,7678.00,7679.25,7677.50,7678.00,778
2026-08-24 13:00,7678.00,7679.75,7677.75,7679.25,1421
2026-08-24 13:05,7679.25,7679.75,7676.75,7678.25,1574
2026-08-24 13:10,7678.00,7679.50,7676.75,7677.00,1594
2026-08-24 13:15,7677.25,7679.75,7676.00,7676.50,2526
2026-08-24 13:20,7676.50,7679.25,7676.25,7677.00,1897
2026-08-24 13:25,7677.00,7681.75,7676.00,7681.75,6208
2026-08-24 13:30,7681.75,7682.75,7666.25,7669.25,35665
2026-08-24 13:35,7669.25,7672.75,7664.75,7668.00,23202
2026-08-24 13:40,7668.25,7672.00,7655.75,7656.00,26396
2026-08-24 13:45,7656.00,7670.25,7655.00,7665.75,27308
2026-08-24 13:50,7665.75,7670.00,7662.00,7669.25,19170
2026-08-24 13:55,7669.00,7671.00,7666.75,7668.50,15873
2026-08-24 14:00,7668.75,7674.00,7662.25,7664.25,21247
2026-08-24 14:05,7664.25,7666.50,7660.25,7663.50,14289
2026-08-24 14:10,7663.50,7664.50,7659.50,7664.25,12813
2026-08-24 14:15,7664.25,7665.00,7660.50,7663.00,11489
2026-08-24 14:20,7662.75,7669.25,7662.00,7662.50,15751
2026-08-24 14:25,7662.75,7665.50,7660.50,7663.25,11920
2026-08-24 14:30,7663.25,7671.75,7661.75,7670.50,14690
2026-08-24 14:35,7670.50,7673.00,7669.50,7671.00,11027
2026-08-24 14:40,7671.25,7675.50,7669.25,7671.25,11430
2026-08-24 14:45,7671.25,7673.00,7668.75,7673.00,9072
2026-08-24 14:50,7673.00,7673.50,7668.25,7670.50,8473
2026-08-24 14:55,7670.50,7674.00,7669.25,7670.75,8360
2026-08-24 15:00,7670.75,7672.50,7664.25,7664.75,9782
2026-08-24 15:05,7664.50,7665.00,7661.75,7663.75,9818
2026-08-24 15:10,7663.75,7666.00,7660.75,7661.25,7923
2026-08-24 15:15,7661.25,7662.50,7660.25,7661.00,6447
2026-08-24 15:20,7660.75,7666.00,7657.75,7665.50,12446
2026-08-24 15:25,7665.50,7674.25,7664.50,7671.50,22627
2026-08-24 15:30,7671.50,7674.75,7668.00,7672.50,19944
2026-08-24 15:35,7672.50,7675.75,7671.00,7674.50,9641
2026-08-24 15:40,7674.50,7678.75,7674.25,7676.75,13028
2026-08-24 15:45,7676.75,7681.50,7676.75,7677.00,13249
2026-08-24 15:50,7676.75,7680.25,7676.75,7677.25,5862
2026-08-24 15:55,7677.25,7679.50,7675.50,7679.50,9181
2026-08-24 16:00,7679.25,7686.00,7678.25,7683.75,18182
2026-08-24 16:05,7683.50,7684.00,7678.50,7679.00,7036
2026-08-24 16:10,7679.00,7680.75,7678.25,7680.75,5304
2026-08-24 16:15,7680.75,7685.75,7680.25,7684.75,7508
2026-08-24 16:20,7684.50,7686.50,7682.25,7682.75,6662
2026-08-24 16:25,7682.75,7684.25,7682.00,7683.25,4210
2026-08-24 16:30,7683.25,7684.00,7679.00,7680.00,6798
2026-08-24 16:35,7680.00,7681.25,7677.25,7677.75,4570
2026-08-24 16:40,7677.50,7678.25,7675.75,7677.25,3841
2026-08-24 16:45,7677.25,7678.00,7675.75,7677.75,5483
2026-08-24 16:50,7677.50,7678.75,7675.25,7676.25,4130
2026-08-24 16:55,7676.25,7677.50,7675.50,7676.00,3973
2026-08-24 17:00,7676.00,7676.25,7672.75,7674.25,7167
2026-08-24 17:05,7674.00,7680.75,7673.50,7678.50,9118
2026-08-24 17:10,7678.50,7682.00,7677.25,7679.25,7813
2026-08-24 17:15,7679.25,7679.75,7674.25,7675.50,8300
2026-08-24 17:20,7675.25,7675.75,7669.00,7669.75,11673
2026-08-24 17:25,7669.75,7671.50,7667.25,7668.25,8592
2026-08-24 17:30,7668.00,7670.00,7667.00,7667.25,8854
2026-08-24 17:35,7667.00,7668.25,7665.25,7668.00,7759
2026-08-24 17:40,7668.00,7668.75,7665.00,7665.25,6595
2026-08-24 17:45,7665.00,7667.00,7664.50,7666.25,6406
2026-08-24 17:50,7666.50,7669.00,7665.25,7666.00,7016
2026-08-24 17:55,7666.25,7668.00,7665.25,7667.00,3523
2026-08-24 18:00,7667.00,7670.75,7666.75,7669.75,8969
2026-08-24 18:05,7669.50,7674.25,7669.00,7673.00,6689
2026-08-24 18:10,7673.00,7677.00,7672.25,7676.75,7513
2026-08-24 18:15,7676.50,7679.25,7675.25,7676.25,9855
2026-08-24 18:20,7676.25,7681.00,7676.00,7680.25,9342
2026-08-24 18:25,7680.00,7682.75,7679.50,7682.00,7761
2026-08-24 18:30,7682.00,7685.25,7680.75,7681.00,11484
2026-08-24 18:35,7681.25,7681.75,7675.25,7676.25,8519
2026-08-24 18:40,7676.50,7678.25,7675.75,7677.50,5102
2026-08-24 18:45,7677.50,7678.50,7675.25,7677.50,4863
2026-08-24 18:50,7677.50,7678.75,7675.00,7675.75,4991
2026-08-24 18:55,7675.75,7677.00,7674.00,7674.25,4657
2026-08-24 19:00,7674.00,7675.00,7672.50,7673.50,6968
2026-08-24 19:05,7673.50,7675.25,7672.50,7673.00,4266
2026-08-24 19:10,7673.00,7676.50,7672.75,7675.25,5032
2026-08-24 19:15,7675.50,7676.75,7673.50,7675.50,4338
2026-08-24 19:20,7675.25,7676.25,7673.75,7674.75,4885
2026-08-24 19:25,7674.50,7676.00,7673.50,7674.25,4296
2026-08-24 19:30,7674.25,7677.00,7671.75,7671.75,7632
2026-08-24 19:35,7672.00,7673.00,7670.75,7671.00,6799
2026-08-24 19:40,7671.00,7672.00,7671.00,7671.75,1235
2026-08-24 19:45,7671.25,7672.50,7669.25,7672.00,14550
2026-08-24 19:50,7672.00,7674.25,7668.00,7672.25,16081
2026-08-24 19:55,7672.25,7674.25,7668.25,7669.50,65373
2026-08-24 20:00,7669.75,7672.25,7668.00,7671.00,19979
2026-08-24 20:05,7671.25,7673.50,7670.25,7671.25,4148
2026-08-24 20:10,7671.25,7671.75,7670.00,7670.75,2538
2026-08-24 20:15,7671.00,7671.25,7669.25,7670.00,3064
2026-08-24 20:20,7670.00,7670.25,7666.50,7666.75,1961
2026-08-24 20:25,7666.75,7667.25,7666.50,7667.00,1152
2026-08-24 20:30,7666.75,7669.00,7666.50,7669.00,1277
2026-08-24 20:35,7668.75,7671.25,7668.75,7670.75,859
2026-08-24 20:40,7671.00,7671.50,7670.50,7671.25,595
2026-08-24 20:45,7671.00,7671.75,7670.25,7670.50,1446
2026-08-24 20:50,7670.25,7671.00,7670.00,7671.00,762
2026-08-24 20:55,7670.75,7675.00,7670.75,7674.25,1449
2026-08-24 22:00,7676.00,7677.50,7673.50,7674.00,0
2026-08-24 22:05,7674.25,7677.00,7674.00,7675.00,402
2026-08-24 22:10,7675.00,7675.00,7673.75,7674.00,199
2026-08-24 22:15,7674.25,7675.00,7673.75,7674.50,135
2026-08-24 22:20,7674.25,7675.00,7673.75,7674.75,139
2026-08-24 22:25,7674.75,7674.75,7674.00,7674.25,81
2026-08-24 22:30,7674.50,7674.75,7673.25,7674.25,185
2026-08-24 22:35,7674.50,7674.50,7674.25,7674.25,56
2026-08-24 22:40,7674.25,7674.50,7673.25,7673.75,247
2026-08-24 22:45,7673.75,7674.25,7673.50,7674.00,98
2026-08-24 22:50,7673.75,7674.50,7673.75,7674.00,88
2026-08-24 22:55,7674.00,7674.50,7673.50,7674.50,120
2026-08-24 23:00,7674.50,7674.75,7674.00,7674.50,139
2026-08-24 23:05,7674.50,7675.50,7674.25,7675.25,223
2026-08-24 23:10,7675.00,7675.50,7674.75,7675.25,143
2026-08-24 23:15,7675.50,7675.75,7673.75,7674.25,379
2026-08-24 23:20,7674.00,7675.25,7674.00,7674.50,180
2026-08-24 23:25,7674.50,7674.50,7672.50,7672.50,236
2026-08-24 23:30,7672.50,7672.75,7671.25,7672.25,321
2026-08-24 23:35,7672.25,7672.25,7670.50,7670.75,257
2026-08-24 23:40,7670.75,7672.50,7667.75,7669.25,1048
2026-08-24 23:45,7669.25,7669.50,7668.50,7669.25,312
2026-08-24 23:50,7669.25,7671.25,7668.50,7668.75,322
2026-08-24 23:55,7668.75,7670.50,7668.75,7670.50,191
2026-08-25 00:00,7670.50,7671.25,7667.25,7667.25,823
2026-08-25 00:05,7667.50,7669.75,7667.00,7667.50,637
2026-08-25 00:10,7667.75,7667.75,7663.50,7664.25,856
2026-08-25 00:15,7664.25,7664.25,7660.25,7660.75,1466
2026-08-25 00:20,7661.00,7666.50,7661.00,7664.00,1221
2026-08-25 00:25,7664.00,7668.50,7662.75,7668.25,1213
2026-08-25 00:30,7668.00,7670.00,7667.25,7669.25,716
2026-08-25 00:35,7669.50,7670.75,7668.50,7669.00,532
2026-08-25 00:40,7669.00,7674.25,7668.50,7673.25,1202
2026-08-25 00:45,7673.00,7675.75,7671.50,7673.25,870
2026-08-25 00:50,7673.25,7675.50,7673.00,7674.75,431
2026-08-25 00:55,7674.75,7675.25,7673.75,7673.75,378
2026-08-25 01:00,7673.75,7674.50,7672.25,7674.25,1250
2026-08-25 01:05,7674.25,7675.25,7673.00,7675.00,779
2026-08-25 01:10,7675.00,7675.25,7673.00,7674.00,438
2026-08-25 01:15,7674.25,7675.25,7672.50,7674.25,352
2026-08-25 01:20,7674.25,7674.75,7671.00,7671.00,512
2026-08-25 01:25,7671.00,7673.25,7670.50,7672.50,484
2026-08-25 01:30,7672.25,7675.75,7671.75,7673.00,896
2026-08-25 01:35,7672.50,7676.75,7672.25,7676.25,553
2026-08-25 01:40,7676.00,7676.75,7673.25,7674.50,499
2026-08-25 01:45,7674.75,7676.25,7674.50,7676.00,365
2026-08-25 01:50,7675.75,7675.75,7674.00,7675.50,341
2026-08-25 01:55,7675.50,7675.50,7673.00,7673.25,348
2026-08-25 02:00,7673.25,7675.50,7673.25,7674.00,591
2026-08-25 02:05,7674.00,7674.25,7669.25,7669.75,1082
2026-08-25 02:10,7670.00,7670.00,7668.25,7669.50,590
2026-08-25 02:15,7669.50,7671.50,7668.00,7671.25,746
2026-08-25 02:20,7671.00,7671.75,7668.75,7671.75,564
2026-08-25 02:25,7671.75,7672.50,7668.50,7672.00,922
2026-08-25 02:30,7671.75,7675.00,7671.00,7673.75,793
2026-08-25 02:35,7673.50,7674.00,7671.25,7673.00,437
2026-08-25 02:40,7673.00,7675.25,7671.75,7672.25,498
2026-08-25 02:45,7672.25,7672.50,7669.75,7670.25,503
2026-08-25 02:50,7670.25,7670.25,7667.75,7669.00,719
2026-08-25 02:55,7669.00,7669.00,7666.50,7668.00,570
2026-08-25 03:00,7668.00,7671.25,7668.00,7670.50,636
2026-08-25 03:05,7670.50,7677.00,7670.50,7675.00,1444
2026-08-25 03:10,7675.00,7676.50,7674.25,7674.75,762
2026-08-25 03:15,7675.00,7677.50,7674.75,7677.00,840
2026-08-25 03:20,7677.00,7677.00,7675.00,7675.25,423
2026-08-25 03:25,7675.50,7677.75,7675.25,7677.50,373
2026-08-25 03:30,7677.25,7678.75,7676.75,7678.00,629
2026-08-25 03:35,7678.00,7678.00,7675.75,7676.25,447
2026-08-25 03:40,7676.25,7677.00,7676.00,7676.25,228
2026-08-25 03:45,7676.25,7676.25,7674.00,7674.25,383
2026-08-25 03:50,7674.25,7675.25,7673.25,7674.75,456
2026-08-25 03:55,7674.75,7675.25,7674.00,7674.50,199
2026-08-25 04:05,7677.50,7678.00,7677.00,7678.00,1117
2026-08-25 04:10,7678.25,7678.25,7676.75,7678.25,270
2026-08-25 04:15,7678.25,7678.50,7677.00,7677.25,321
2026-08-25 04:20,7677.50,7678.25,7677.25,7678.25,256
2026-08-25 04:25,7678.25,7678.50,7677.25,7677.75,231
2026-08-25 04:30,7677.75,7679.50,7677.50,7678.50,442
2026-08-25 04:35,7678.50,7678.50,7677.00,7677.75,257
2026-08-25 04:40,7678.00,7679.25,7677.75,7678.50,258
2026-08-25 04:45,7678.50,7679.25,7677.75,7678.25,255
2026-08-25 04:50,7678.00,7678.00,7675.25,7676.50,755
2026-08-25 04:55,7676.25,7677.00,7675.25,7677.00,353
2026-08-25 05:00,7676.75,7678.50,7676.00,7678.25,436
2026-08-25 05:05,7678.00,7678.75,7677.25,7677.75,364
2026-08-25 05:10,7677.75,7680.00,7677.50,7677.75,363
2026-08-25 05:15,7677.75,7680.00,7677.75,7679.00,412
2026-08-25 05:20,7678.75,7679.75,7678.25,7679.00,283
2026-08-25 05:25,7679.00,7679.25,7678.50,7678.75,186
2026-08-25 05:30,7679.00,7680.00,7678.25,7679.25,381
2026-08-25 05:35,7679.50,7680.50,7679.25,7680.00,347
2026-08-25 05:40,7680.00,7680.50,7677.50,7677.75,760
2026-08-25 05:45,7677.75,7679.25,7677.00,7678.50,386
2026-08-25 05:50,7678.25,7679.75,7677.75,7679.00,470
2026-08-25 05:55,7679.00,7681.00,7679.00,7680.00,550
2026-08-25 06:00,7680.00,7682.50,7680.00,7680.75,447
2026-08-25 06:10,7669.75,7682.25,7669.75,7681.50,1452
2026-08-25 06:15,7681.50,7682.50,7680.25,7682.00,657
2026-08-25 06:20,7682.25,7690.75,7681.25,7685.25,2084
2026-08-25 06:25,7685.25,7687.00,7684.75,7685.25,1097
2026-08-25 06:30,7685.00,7687.00,7684.00,7686.00,1206
2026-08-25 06:35,7686.25,7686.25,7683.50,7684.25,715
2026-08-25 06:40,7684.25,7688.00,7684.25,7687.75,919
2026-08-25 06:45,7687.75,7688.00,7685.50,7685.75,611
2026-08-25 06:50,7685.50,7687.50,7685.25,7687.50,633
2026-08-25 06:55,7687.50,7689.75,7687.00,7689.75,657
2026-08-25 07:00,7689.75,7692.50,7689.50,7692.25,2350
2026-08-25 07:05,7692.25,7692.50,7689.50,7689.75,1102
2026-08-25 07:10,7689.50,7690.00,7687.25,7688.00,1223
2026-08-25 07:15,7688.00,7690.00,7684.00,7684.50,1737
2026-08-25 07:20,7684.25,7686.75,7684.00,7685.25,866
2026-08-25 07:25,7685.25,7685.25,7682.50,7684.75,758
2026-08-25 07:30,7684.75,7685.75,7684.25,7684.75,644
2026-08-25 07:35,7685.00,7685.25,7684.00,7684.50,484
2026-08-25 07:40,7684.25,7686.50,7683.25,7685.50,522
2026-08-25 07:45,7686.00,7686.00,7682.75,7683.75,665
2026-08-25 07:50,7683.50,7683.75,7681.50,7681.75,748
2026-08-25 07:55,7681.75,7684.00,7681.75,7682.75,574
2026-08-25 08:00,7682.75,7685.25,7680.50,7681.25,1419
2026-08-25 08:05,7681.50,7683.75,7681.25,7682.75,746
2026-08-25 08:10,7682.75,7682.75,7681.00,7681.50,555
2026-08-25 08:15,7681.50,7685.75,7681.50,7684.25,704
2026-08-25 08:20,7684.25,7699.75,7683.75,7698.50,5996
2026-08-25 08:25,7698.25,7698.25,7691.00,7691.25,2629
2026-08-25 08:30,7691.50,7695.00,7690.00,7693.50,2056
2026-08-25 08:35,7693.75,7694.75,7689.25,7689.75,1269
2026-08-25 08:40,7690.00,7692.75,7690.00,7692.75,786
2026-08-25 08:45,7692.75,7695.25,7692.75,7694.75,1113
2026-08-25 08:50,7694.75,7697.00,7694.50,7694.50,1053
2026-08-25 08:55,7694.50,7697.25,7693.50,7697.00,861
2026-08-25 09:00,7697.00,7697.25,7694.50,7697.25,1126
2026-08-25 09:05,7697.25,7699.50,7696.00,7698.00,1261
2026-08-25 09:10,7698.00,7700.75,7697.75,7699.00,1079
2026-08-25 09:15,7699.00,7700.50,7698.75,7700.25,774
2026-08-25 09:20,7700.25,7701.00,7699.50,7699.50,895
2026-08-25 09:25,7699.50,7699.50,7697.50,7699.25,1085
2026-08-25 09:30,7699.25,7709.50,7698.75,7708.25,4077
2026-08-25 09:35,7708.25,7708.75,7703.50,7704.50,2883
2026-08-25 09:40,7704.50,7708.75,7704.00,7705.25,2142
2026-08-25 09:45,7705.00,7708.75,7704.50,7708.75,1915
2026-08-25 09:50,7709.00,7711.00,7708.50,7710.50,1619
2026-08-25 09:55,7710.50,7714.00,7708.75,7709.50,2450
2026-08-25 10:00,7709.25,7709.75,7705.00,7706.50,1206
2026-08-25 10:05,7706.50,7710.00,7706.25,7709.75,1527
2026-08-25 10:10,7709.75,7710.00,7706.75,7707.75,1024
2026-08-25 10:15,7708.00,7708.00,7705.25,7706.00,991
2026-08-25 10:20,7706.00,7706.00,7705.00,7705.00,1372
2026-08-25 10:25,7705.00,7705.00,7703.25,7703.50,924
2026-08-25 10:30,7703.75,7704.50,7702.25,7703.25,962
2026-08-25 10:35,7703.25,7703.50,7701.50,7702.75,793
2026-08-25 10:40,7702.75,7703.50,7700.25,7700.25,773
2026-08-25 10:45,7700.00,7702.50,7699.75,7702.00,776
2026-08-25 10:50,7702.25,7703.00,7701.75,7702.25,779
2026-08-25 10:55,7702.00,7702.50,7701.00,7702.25,603
2026-08-25 11:00,7702.00,7702.50,7698.50,7699.00,1707
2026-08-25 11:05,7698.75,7698.75,7693.00,7697.00,2141
2026-08-25 11:10,7697.00,7699.00,7696.25,7698.50,1034
2026-08-25 11:15,7698.50,7699.50,7696.50,7697.75,1255
2026-08-25 11:20,7698.00,7700.75,7697.75,7699.50,1239
2026-08-25 11:25,7699.75,7699.75,7696.75,7698.75,843
2026-08-25 11:30,7699.00,7701.00,7698.50,7698.75,981
2026-08-25 11:35,7698.75,7701.75,7698.50,7701.50,1231
2026-08-25 11:40,7701.75,7703.25,7700.75,7701.50,1269
2026-08-25 11:45,7701.75,7704.75,7701.50,7704.50,978
2026-08-25 11:50,7704.75,7706.50,7703.00,7703.50,2434
2026-08-25 11:55,7703.75,7704.75,7703.00,7704.75,863
2026-08-25 12:00,7704.75,7705.50,7701.25,7704.50,1831
2026-08-25 12:05,7704.50,7705.50,7703.00,7705.25,1695
2026-08-25 12:10,7705.00,7705.50,7701.50,7704.25,1557
2026-08-25 12:15,7704.25,7709.00,7703.75,7706.75,2125
2026-08-25 12:20,7707.00,7707.00,7703.25,7704.50,1500
2026-08-25 12:25,7704.75,7706.00,7704.50,7705.25,1131
2026-08-25 12:30,7705.25,7705.25,7698.00,7699.25,3284
2026-08-25 12:35,7699.25,7699.25,7695.25,7695.75,3098
2026-08-25 12:40,7695.50,7698.25,7694.75,7697.50,1977
2026-08-25 12:45,7697.25,7697.75,7696.50,7697.50,1095
2026-08-25 12:50,7697.50,7701.50,7697.50,7698.75,2054
2026-08-25 12:55,7698.75,7699.00,7697.00,7698.00,1170
2026-08-25 13:00,7697.75,7699.75,7696.50,7697.50,2630
2026-08-25 13:05,7697.75,7698.50,7695.50,7697.00,2289
2026-08-25 13:10,7697.25,7700.25,7697.00,7698.25,3682
2026-08-25 13:15,7698.25,7701.25,7697.00,7699.25,3449
2026-08-25 13:20,7699.25,7699.50,7696.50,7696.75,1959
2026-08-25 13:25,7697.00,7700.25,7694.75,7695.00,4766
2026-08-25 13:30,7695.00,7701.25,7692.50,7700.25,27240
2026-08-25 13:35,7700.25,7700.50,7694.50,7695.00,16378
2026-08-25 13:40,7695.00,7699.75,7692.00,7694.75,17459
2026-08-25 13:45,7694.75,7700.50,7694.50,7698.00,15261
2026-08-25 13:50,7698.00,7698.75,7693.25,7693.50,12650
2026-08-25 13:55,7693.50,7694.00,7688.00,7690.00,15872
2026-08-25 14:00,7690.00,7691.25,7685.50,7687.75,18279
2026-08-25 14:05,7687.75,7689.00,7684.50,7686.50,12131
2026-08-25 14:10,7686.50,7688.25,7684.00,7684.75,10541
2026-08-25 14:15,7684.75,7689.50,7683.50,7687.25,12255
2026-08-25 14:20,7687.25,7688.00,7681.25,7684.25,14115
2026-08-25 14:25,7684.25,7685.00,7680.00,7680.00,10624
2026-08-25 14:30,7680.00,7682.00,7663.25,7676.50,34874
2026-08-25 14:35,7676.50,7683.75,7675.75,7683.25,10107
2026-08-25 14:40,7683.00,7683.25,7674.50,7676.50,12047
2026-08-25 14:45,7676.25,7678.00,7674.50,7675.25,10834
2026-08-25 14:50,7675.25,7681.25,7673.25,7679.75,9560
2026-08-25 14:55,7679.50,7681.75,7677.75,7680.25,10098
2026-08-25 15:00,7680.00,7681.00,7676.25,7677.50,11064
2026-08-25 15:05,7677.50,7681.00,7677.25,7679.00,7013
2026-08-25 15:10,7679.00,7681.00,7676.75,7678.75,6639
2026-08-25 15:15,7679.00,7682.50,7677.75,7682.00,6433
2026-08-25 15:20,7682.25,7684.75,7679.75,7680.75,9777
2026-08-25 15:25,7681.00,7687.00,7679.50,7686.00,8946
2026-08-25 15:30,7686.25,7691.00,7683.50,7684.00,17325
2026-08-25 15:35,7684.00,7690.25,7683.75,7684.25,15967
2026-08-25 15:40,7684.25,7685.50,7682.00,7685.00,6384
2026-08-25 15:45,7685.00,7685.25,7679.00,7680.00,8347
2026-08-25 15:50,7680.00,7686.25,7679.00,7685.25,7169
2026-08-25 15:55,7685.25,7689.25,7685.00,7687.75,11519
2026-08-25 16:00,7687.75,7691.50,7687.25,7688.75,10509
2026-08-25 16:05,7688.75,7689.50,7686.50,7686.50,6122
2026-08-25 16:10,7686.75,7689.00,7686.25,7688.25,5668
2026-08-25 16:15,7688.25,7689.00,7687.25,7688.25,3866
2026-08-25 16:20,7688.25,7689.50,7687.00,7689.25,4258
2026-08-25 16:25,7689.25,7691.50,7688.50,7690.75,8633
2026-08-25 16:30,7690.50,7691.75,7689.75,7690.50,5445
2026-08-25 16:35,7690.75,7692.75,7689.00,7692.25,5499
2026-08-25 16:40,7692.00,7692.25,7688.00,7688.75,5586
2026-08-25 16:45,7688.75,7690.75,7687.00,7689.50,7546
2026-08-25 16:50,7689.50,7689.50,7686.25,7687.25,5007
2026-08-25 16:55,7687.00,7692.00,7687.00,7690.75,7590
2026-08-25 17:00,7690.75,7691.50,7686.50,7686.50,7711
2026-08-25 17:05,7686.50,7687.25,7682.25,7684.25,9465
2026-08-25 17:10,7684.00,7686.50,7682.75,7686.00,6470
2026-08-25 17:15,7686.00,7687.50,7684.75,7687.50,4748
2026-08-25 17:20,7687.25,7687.50,7683.25,7683.50,4880
2026-08-25 17:25,7683.25,7683.25,7679.25,7681.25,10094
2026-08-25 17:30,7681.00,7682.75,7680.25,7681.25,6065
2026-08-25 17:35,7681.25,7683.25,7680.50,7682.25,4978
2026-08-25 17:40,7682.25,7683.50,7681.25,7681.50,3712
2026-08-25 17:45,7681.50,7683.50,7681.50,7682.25,3705
2026-08-25 17:50,7682.25,7684.50,7681.50,7684.25,3515
2026-08-25 17:55,7684.00,7684.75,7682.25,7683.50,3223
2026-08-25 18:00,7683.25,7683.50,7681.00,7681.00,5529
2026-08-25 18:05,7681.25,7683.25,7681.00,7682.25,3823
2026-08-25 18:10,7682.25,7683.75,7680.75,7680.75,3490
2026-08-25 18:15,7681.00,7681.75,7680.00,7681.50,3148
2026-08-25 18:20,7681.25,7683.00,7681.25,7682.00,3599
2026-08-25 18:25,7682.00,7683.00,7681.00,7682.75,3096
2026-08-25 18:30,7682.75,7687.25,7682.75,7686.50,8431
2026-08-25 18:35,7686.75,7687.00,7685.50,7686.00,5073
2026-08-25 18:40,7685.75,7689.00,7685.75,7688.75,5496
2026-08-25 18:45,7688.75,7692.00,7688.75,7691.00,10182
2026-08-25 18:50,7691.25,7691.50,7689.25,7690.00,5396
2026-08-25 18:55,7690.00,7691.00,7688.25,7689.50,4082
2026-08-25 19:00,7689.50,7691.50,7687.25,7687.75,7037
2026-08-25 19:05,7687.50,7688.25,7686.00,7686.75,4357
2026-08-25 19:10,7686.50,7686.75,7683.75,7684.25,6927
2026-08-25 19:15,7684.00,7684.75,7682.25,7683.00,8159
2026-08-25 19:20,7682.75,7683.75,7681.75,7683.50,6785
2026-08-25 19:25,7683.75,7685.00,7683.00,7684.50,4510
2026-08-25 19:30,7684.50,7685.50,7683.00,7684.00,5820
2026-08-25 19:35,7684.00,7686.50,7683.50,7685.25,6747
2026-08-25 19:40,7685.25,7689.25,7685.25,7686.50,9697
2026-08-25 19:45,7686.50,7688.25,7685.50,7687.50,8578
2026-08-25 19:50,7687.50,7694.50,7685.00,7694.00,20848
2026-08-25 19:55,7694.25,7695.00,7689.50,7691.25,60994
2026-08-25 20:00,7691.00,7693.50,7689.00,7691.00,18248
2026-08-25 20:05,7691.00,7693.25,7690.25,7692.50,3060
2026-08-25 20:10,7692.25,7693.25,7691.25,7692.00,3500
2026-08-25 20:15,7692.00,7692.75,7691.25,7692.50,2802
2026-08-25 20:20,7692.25,7696.00,7692.25,7695.00,2716
2026-08-25 20:25,7695.25,7695.75,7694.00,7694.25,1921
2026-08-25 20:30,7694.25,7695.50,7694.25,7694.75,1291
2026-08-25 20:35,7694.75,7694.75,7692.75,7692.75,575
2026-08-25 20:40,7693.00,7693.25,7691.50,7691.75,908
2026-08-25 20:45,7691.50,7692.00,7690.00,7690.25,1465
2026-08-25 20:50,7690.00,7691.25,7689.75,7691.00,1495
2026-08-25 20:55,7691.00,7691.50,7690.50,7690.75,1062
2026-08-25 22:00,7691.50,7694.00,7690.50,7692.50,0
2026-08-25 22:05,7692.50,7693.50,7691.25,7692.50,478
2026-08-25 22:10,7692.50,7692.75,7691.50,7691.75,252
2026-08-25 22:15,7691.75,7692.00,7691.50,7691.50,143
2026-08-25 22:20,7691.50,7692.25,7690.50,7692.00,337
2026-08-25 22:25,7692.00,7693.00,7691.75,7692.75,306
2026-08-25 22:30,7693.00,7693.25,7692.75,7693.00,135
2026-08-25 22:35,7693.25,7693.25,7692.25,7692.50,187
2026-08-25 22:40,7692.25,7692.75,7691.75,7692.75,216
2026-08-25 22:45,7692.75,7692.75,7692.00,7692.00,125
2026-08-25 22:50,7692.25,7692.25,7691.75,7692.00,77
2026-08-25 22:55,7692.25,7692.75,7691.75,7692.25,175
2026-08-25 23:00,7692.00,7692.50,7692.00,7692.25,66
2026-08-25 23:05,7692.25,7692.50,7691.25,7691.75,263
2026-08-25 23:10,7691.75,7691.75,7691.25,7691.50,87
2026-08-25 23:15,7691.50,7691.50,7691.00,7691.25,106
2026-08-25 23:20,7691.25,7691.25,7689.00,7689.50,329
2026-08-25 23:25,7689.25,7689.50,7687.50,7687.50,308
2026-08-25 23:30,7687.50,7688.00,7685.75,7686.25,627
2026-08-25 23:35,7686.25,7686.75,7685.50,7685.75,260
2026-08-25 23:40,7686.00,7686.00,7684.25,7684.75,488
2026-08-25 23:45,7684.75,7684.75,7682.25,7682.25,681
2026-08-25 23:50,7682.50,7683.00,7680.50,7682.75,1018
2026-08-25 23:55,7682.75,7683.50,7682.00,7682.00,350
2026-08-26 00:00,7681.75,7683.75,7679.50,7682.50,1968
2026-08-26 00:05,7682.50,7683.50,7680.50,7683.50,619
2026-08-26 00:10,7683.50,7684.25,7681.25,7681.25,572
2026-08-26 00:15,7681.50,7686.00,7681.25,7684.25,724
2026-08-26 00:20,7684.25,7684.50,7682.25,7682.75,545
2026-08-26 00:25,7682.75,7683.00,7679.25,7680.75,1949
2026-08-26 00:30,7680.75,7681.25,7678.50,7678.75,873
2026-08-26 00:35,7679.00,7679.25,7676.75,7677.50,1331
2026-08-26 00:40,7677.50,7678.25,7676.25,7677.75,1068
2026-08-26 00:45,7677.50,7679.25,7677.25,7678.00,723
2026-08-26 00:50,7678.00,7678.25,7676.00,7676.50,1022
2026-08-26 00:55,7676.25,7676.50,7673.50,7674.00,997
2026-08-26 01:00,7674.25,7677.25,7673.75,7677.00,1047
2026-08-26 01:05,7677.25,7677.75,7676.00,7676.75,910
2026-08-26 01:10,7676.75,7678.00,7676.25,7676.50,693
2026-08-26 01:15,7676.50,7677.25,7674.00,7674.50,816
2026-08-26 01:20,7674.50,7675.75,7673.25,7673.75,890
2026-08-26 01:25,7673.75,7674.00,7672.75,7673.25,780
2026-08-26 01:30,7673.50,7674.00,7670.75,7671.75,1524
2026-08-26 01:35,7671.75,7674.75,7671.00,7674.50,712
2026-08-26 01:40,7674.25,7674.50,7672.50,7673.25,611
2026-08-26 01:45,7673.25,7673.50,7671.75,7672.50,572
2026-08-26 01:50,7672.50,7673.25,7672.00,7673.00,674
2026-08-26 01:55,7673.00,7674.25,7673.00,7674.25,569
2026-08-26 02:00,7674.50,7676.00,7673.75,7675.00,895
2026-08-26 02:05,7675.00,7675.25,7672.25,7673.00,649
2026-08-26 02:10,7673.00,7675.25,7673.00,7675.00,682
2026-08-26 02:15,7675.00,7676.75,7674.75,7676.25,801
2026-08-26 02:20,7676.25,7678.50,7676.25,7677.50,733
2026-08-26 02:25,7677.75,7679.00,7677.75,7678.50,415
2026-08-26 02:30,7678.25,7680.75,7678.25,7680.25,828
2026-08-26 02:35,7680.50,7681.75,7679.00,7681.50,599
2026-08-26 02:40,7681.25,7685.00,7681.25,7684.75,941
2026-08-26 02:45,7684.75,7687.00,7684.00,7686.50,988
2026-08-26 02:50,7686.50,7687.00,7685.50,7685.50,605
2026-08-26 02:55,7685.50,7686.50,7685.50,7685.75,432
2026-08-26 03:00,7686.00,7686.50,7684.75,7686.00,638
2026-08-26 03:05,7686.00,7686.00,7685.25,7685.50,813
2026-08-26 03:10,7685.50,7688.25,7685.50,7688.00,920
2026-08-26 03:15,7688.00,7688.00,7686.25,7686.50,498
2026-08-26 03:20,7686.50,7687.00,7685.50,7685.75,290
2026-08-26 03:25,7685.75,7686.25,7685.25,7685.25,281
2026-08-26 03:30,7685.25,7686.75,7684.50,7686.50,530
2026-08-26 03:35,7686.75,7688.25,7686.75,7688.00,486
2026-08-26 03:40,7688.00,7688.25,7687.25,7687.50,319
2026-08-26 03:45,7687.75,7690.75,7687.50,7690.75,1036
2026-08-26 03:50,7691.00,7692.00,7690.25,7690.75,666
2026-08-26 03:55,7690.75,7691.25,7690.00,7690.25,448
2026-08-26 04:05,7689.75,7690.50,7689.75,7690.50,1007
2026-08-26 04:10,7690.25,7691.50,7689.25,7690.50,430
2026-08-26 04:15,7690.50,7690.50,7689.25,7690.25,350
2026-08-26 04:20,7690.50,7690.75,7689.75,7690.00,261
2026-08-26 04:25,7690.00,7691.00,7689.50,7689.75,322
2026-08-26 04:30,7690.00,7690.25,7689.00,7689.00,373
2026-08-26 04:35,7689.00,7689.50,7688.00,7688.00,274
2026-08-26 04:40,7688.00,7688.50,7687.25,7687.25,419
2026-08-26 04:45,7687.25,7687.25,7682.25,7683.00,943
2026-08-26 04:50,7682.75,7684.25,7682.50,7683.75,471
2026-08-26 04:55,7683.75,7684.50,7682.50,7683.25,436
2026-08-26 05:00,7683.25,7687.00,7683.00,7686.25,812
2026-08-26 05:05,7686.25,7687.50,7684.25,7687.50,522
2026-08-26 05:10,7687.50,7687.50,7685.50,7686.00,344
2026-08-26 05:15,7685.75,7686.25,7684.25,7685.25,387
2026-08-26 05:20,7685.25,7686.00,7684.75,7685.75,191
2026-08-26 05:25,7685.75,7686.25,7684.00,7686.00,226
2026-08-26 05:30,7686.25,7687.75,7686.00,7687.00,425
2026-08-26 05:35,7687.25,7687.25,7685.25,7685.75,279
2026-08-26 05:40,7685.75,7686.25,7685.00,7686.00,198
2026-08-26 05:45,7686.00,7686.00,7684.00,7684.50,411
2026-08-26 05:50,7684.75,7685.50,7684.00,7684.00,305
2026-08-26 05:55,7684.00,7685.75,7684.00,7685.00,230
2026-08-26 06:00,7685.00,7686.25,7681.50,7681.50,787
2026-08-26 06:05,7681.50,7682.25,7680.50,7682.00,667
2026-08-26 06:10,7682.00,7684.25,7682.00,7682.75,536
2026-08-26 06:15,7682.50,7682.75,7681.00,7682.75,547
2026-08-26 06:20,7682.75,7683.00,7681.50,7682.25,474
2026-08-26 06:25,7682.25,7684.00,7679.75,7682.50,1016
2026-08-26 06:30,7682.50,7685.00,7681.25,7685.00,654
2026-08-26 06:35,7685.00,7686.75,7684.75,7685.75,737
2026-08-26 06:40,7686.00,7688.75,7685.75,7688.75,521
2026-08-26 06:45,7688.50,7691.00,7688.25,7688.75,1094
2026-08-26 06:50,7688.75,7689.00,7685.50,7686.25,300
2026-08-26 06:55,7686.50,7689.00,7685.75,7688.50,390
2026-08-26 07:00,7688.00,7688.50,7685.50,7688.00,1265
2026-08-26 07:05,7688.25,7688.75,7683.25,7683.50,800
2026-08-26 07:10,7683.75,7687.75,7682.25,7687.50,1274
2026-08-26 07:15,7687.75,7688.75,7686.00,7686.50,684
2026-08-26 07:20,7686.50,7686.75,7683.50,7684.50,550
2026-08-26 07:25,7684.75,7685.25,7682.25,7683.00,1006
2026-08-26 07:30,7683.00,7683.75,7680.75,7682.50,770
2026-08-26 07:35,7682.50,7684.25,7682.00,7682.50,504
2026-08-26 07:40,7682.50,7683.50,7682.00,7683.50,744
2026-08-26 07:45,7683.25,7686.25,7682.75,7684.00,603
2026-08-26 07:50,7684.00,7684.75,7682.75,7684.75,457
2026-08-26 07:55,7684.75,7686.25,7684.00,7686.00,601
2026-08-26 08:00,7686.00,7689.00,7683.75,7688.25,1486
2026-08-26 08:05,7688.00,7689.50,7686.25,7688.75,727
2026-08-26 08:10,7688.75,7690.25,7684.75,7685.00,840
2026-08-26 08:15,7685.25,7688.25,7684.25,7684.75,580
2026-08-26 08:20,7684.75,7685.00,7683.00,7683.75,857
2026-08-26 08:25,7683.75,7689.00,7683.50,7689.00,815
2026-08-26 08:30,7689.00,7690.25,7686.00,7688.50,892
2026-08-26 08:35,7688.25,7689.50,7688.00,7689.50,352
2026-08-26 08:40,7689.50,7691.00,7689.25,7690.25,603
2026-08-26 08:45,7690.00,7690.25,7688.75,7689.25,361
2026-08-26 08:50,7689.25,7689.75,7687.75,7688.25,323
2026-08-26 08:55,7688.25,7688.50,7685.50,7688.50,596
2026-08-26 09:00,7688.75,7689.75,7687.00,7687.50,761
2026-08-26 09:05,7687.25,7687.50,7686.00,7686.00,190
2026-08-26 09:10,7686.00,7687.75,7686.00,7686.50,397
2026-08-26 09:15,7686.50,7687.00,7685.00,7685.50,529
2026-08-26 09:20,7685.75,7687.00,7683.75,7683.75,1389
2026-08-26 09:25,7683.75,7685.25,7683.00,7685.00,912
2026-08-26 09:30,7685.00,7687.50,7685.00,7686.25,823
2026-08-26 09:35,7686.50,7686.75,7685.25,7686.50,555
2026-08-26 09:40,7686.50,7687.25,7686.00,7686.50,395
2026-08-26 09:45,7686.75,7688.25,7686.50,7687.50,485
2026-08-26 09:50,7687.50,7688.50,7687.25,7688.00,385
2026-08-26 09:55,7688.25,7689.50,7688.00,7689.00,395
2026-08-26 10:00,7689.00,7689.25,7686.50,7686.75,625
2026-08-26 10:05,7687.00,7687.25,7685.75,7686.25,335
2026-08-26 10:10,7686.25,7686.25,7684.25,7684.50,588
2026-08-26 10:15,7684.50,7685.75,7684.50,7685.50,445
2026-08-26 10:20,7685.50,7686.25,7683.75,7686.25,549
2026-08-26 10:25,7686.25,7686.50,7683.75,7683.75,294
2026-08-26 10:30,7683.75,7687.25,7681.75,7687.25,972
2026-08-26 10:35,7687.50,7689.75,7687.25,7688.75,1087
2026-08-26 10:40,7689.00,7690.25,7687.00,7687.25,620
2026-08-26 10:45,7687.25,7689.00,7686.75,7688.50,412
2026-08-26 10:50,7688.50,7688.50,7686.00,7686.50,1277
2026-08-26 10:55,7686.25,7687.50,7686.25,7687.00,782
2026-08-26 11:00,7687.25,7690.75,7686.75,7689.75,1275
2026-08-26 11:05,7689.50,7689.50,7687.00,7687.50,607
2026-08-26 11:10,7687.50,7690.25,7687.50,7690.00,343
2026-08-26 11:15,7690.25,7694.75,7689.75,7691.00,2371
2026-08-26 11:20,7691.00,7691.25,7689.25,7689.25,435
2026-08-26 11:25,7689.25,7690.00,7688.00,7690.00,742
2026-08-26 11:30,7690.00,7691.75,7689.25,7689.75,781
2026-08-26 11:35,7689.50,7689.75,7684.00,7684.75,1613
2026-08-26 11:40,7684.75,7686.50,7683.75,7686.00,1185
2026-08-26 11:45,7686.25,7686.50,7683.00,7683.25,1465
2026-08-26 11:50,7683.25,7688.00,7683.25,7686.75,1472
2026-08-26 11:55,7686.75,7688.25,7686.25,7687.50,1242
2026-08-26 12:00,7687.50,7688.25,7685.50,7687.25,2087
2026-08-26 12:05,7687.25,7688.00,7685.25,7686.25,953
2026-08-26 12:10,7686.25,7688.00,7685.50,7687.75,1226
2026-08-26 12:15,7687.75,7688.00,7685.00,7687.75,1022
2026-08-26 12:20,7687.50,7691.50,7687.25,7691.00,1963
2026-08-26 12:25,7691.25,7698.50,7691.00,7696.00,3005
2026-08-26 12:30,7696.00,7696.75,7682.00,7684.00,7714
2026-08-26 12:35,7684.00,7684.50,7679.75,7681.50,4131
2026-08-26 12:40,7681.50,7684.25,7680.50,7681.00,2913
2026-08-26 12:45,7680.75,7683.50,7679.25,7683.25,2622
2026-08-26 12:50,7683.25,7684.25,7676.50,7679.25,5119
2026-08-26 12:55,7679.25,7682.25,7677.25,7679.25,5616
2026-08-26 13:00,7679.50,7682.25,7678.50,7680.75,2921
2026-08-26 13:05,7681.00,7682.25,7677.50,7678.00,3108
2026-08-26 13:10,7678.25,7682.00,7676.75,7682.00,2212
2026-08-26 13:15,7682.00,7682.00,7679.25,7681.00,2889
2026-08-26 13:20,7681.00,7681.25,7679.50,7680.25,1411
2026-08-26 13:25,7680.25,7682.25,7678.25,7678.50,5094
2026-08-26 13:30,7678.75,7690.75,7678.75,7689.00,29877
2026-08-26 13:35,7689.25,7690.50,7680.25,7688.00,21528
2026-08-26 13:40,7688.00,7698.50,7686.75,7695.25,21888
2026-08-26 13:45,7695.50,7699.50,7691.50,7691.50,16483
2026-08-26 13:50,7691.25,7698.75,7688.50,7698.75,13906
2026-08-26 13:55,7698.50,7701.75,7696.75,7701.25,12812
2026-08-26 14:00,7701.25,7702.50,7698.25,7700.75,12513
2026-08-26 14:05,7701.00,7701.75,7697.00,7698.50,10686
2026-08-26 14:10,7698.50,7698.75,7693.00,7694.00,13719
2026-08-26 14:15,7694.00,7695.75,7691.75,7691.75,12828
2026-08-26 14:20,7691.75,7692.75,7686.00,7686.50,15068
2026-08-26 14:25,7686.25,7687.25,7680.50,7682.75,22338
2026-08-26 14:30,7682.75,7685.25,7681.25,7683.50,12596
2026-08-26 14:35,7683.50,7688.25,7682.00,7684.25,11185
2026-08-26 14:40,7684.25,7687.50,7683.50,7685.75,8159
2026-08-26 14:45,7686.00,7687.75,7682.75,7687.50,9369
2026-08-26 14:50,7687.75,7691.50,7687.25,7688.25,10586
2026-08-26 14:55,7688.50,7691.25,7687.25,7690.75,6973
2026-08-26 15:00,7690.50,7696.75,7690.50,7694.00,13109
2026-08-26 15:05,7694.25,7697.00,7693.75,7695.75,8837
2026-08-26 15:10,7695.75,7696.75,7693.00,7695.00,9608
2026-08-26 15:15,7694.75,7694.75,7687.75,7689.75,11560
2026-08-26 15:20,7689.75,7692.50,7689.25,7689.75,8128
2026-08-26 15:25,7689.75,7692.75,7689.25,7690.50,6888
2026-08-26 15:30,7690.75,7691.25,7683.00,7684.50,11658
2026-08-26 15:35,7684.50,7687.75,7684.25,7686.75,8689
2026-08-26 15:40,7687.00,7693.50,7686.25,7693.00,8377
2026-08-26 15:45,7692.75,7695.00,7691.75,7694.75,7731
2026-08-26 15:50,7694.75,7695.50,7685.25,7686.25,22187
2026-08-26 15:55,7686.25,7690.00,7685.00,7685.25,8663
2026-08-26 16:00,7685.50,7685.75,7681.00,7684.00,14208
2026-08-26 16:05,7683.75,7686.50,7682.25,7683.50,8318
2026-08-26 16:10,7683.50,7685.00,7681.75,7682.50,7100
2026-08-26 16:15,7682.50,7683.25,7680.25,7682.00,6444
2026-08-26 16:20,7681.75,7683.25,7680.50,7681.50,5671
2026-08-26 16:25,7681.50,7682.00,7679.25,7679.75,5271
2026-08-26 16:30,7679.75,7682.00,7679.50,7680.50,5733
2026-08-26 16:35,7680.25,7681.00,7673.25,7673.50,9444
2026-08-26 16:40,7673.50,7676.00,7671.00,7672.00,9557
2026-08-26 16:45,7672.00,7675.75,7671.25,7673.00,8896
2026-08-26 16:50,7672.75,7675.25,7672.50,7673.75,5470
2026-08-26 16:55,7673.75,7680.00,7673.75,7679.25,12493
2026-08-26 17:00,7679.25,7681.75,7677.75,7680.75,9319
2026-08-26 17:05,7680.75,7683.50,7679.00,7682.75,7144
2026-08-26 17:10,7682.50,7683.75,7681.75,7683.75,5415
2026-08-26 17:15,7683.75,7687.25,7683.75,7685.25,12307
2026-08-26 17:20,7685.25,7689.00,7685.25,7689.00,6606
2026-08-26 17:25,7688.75,7689.50,7686.50,7688.50,6357
2026-08-26 17:30,7688.75,7690.25,7687.75,7689.75,9756
2026-08-26 17:35,7689.75,7690.75,7688.00,7688.00,5725
2026-08-26 17:40,7688.25,7689.75,7687.00,7689.00,5489
2026-08-26 17:45,7689.00,7689.25,7686.50,7687.00,4645
2026-08-26 17:50,7686.75,7690.00,7686.50,7689.75,4759
2026-08-26 17:55,7690.00,7691.00,7688.50,7688.75,5460
2026-08-26 18:00,7688.75,7689.00,7687.25,7687.50,4178
2026-08-26 18:05,7687.50,7690.75,7687.25,7689.75,4521
2026-08-26 18:10,7690.00,7690.00,7685.75,7686.50,5021
2026-08-26 18:15,7686.25,7689.75,7685.50,7689.50,5930
2026-08-26 18:20,7689.50,7692.00,7687.50,7687.75,6889
2026-08-26 18:25,7687.75,7689.50,7687.00,7688.25,4609
2026-08-26 18:30,7688.25,7691.00,7687.25,7689.75,5302
2026-08-26 18:35,7689.75,7690.25,7688.25,7689.50,4246
2026-08-26 18:40,7689.50,7690.75,7688.50,7690.75,3577
2026-08-26 18:45,7690.75,7696.50,7690.50,7695.25,13236
2026-08-26 18:50,7695.25,7698.00,7694.00,7696.75,7734
2026-08-26 18:55,7696.75,7698.50,7695.50,7697.25,7166
2026-08-26 19:00,7697.25,7705.50,7696.75,7705.00,14483
2026-08-26 19:05,7704.75,7705.00,7700.75,7701.50,7188
2026-08-26 19:10,7701.50,7703.25,7701.00,7702.00,6845
2026-08-26 19:15,7702.00,7704.75,7701.75,7704.00,5910
2026-08-26 19:20,7704.00,7704.25,7700.25,7702.75,6305
2026-08-26 19:25,7702.75,7704.00,7700.75,7701.50,5232
2026-08-26 19:30,7701.50,7701.50,7700.00,7701.25,6987
2026-08-26 19:35,7701.00,7701.25,7698.25,7699.25,7043
2026-08-26 19:40,7699.25,7701.25,7698.25,7699.25,9690
2026-08-26 19:45,7699.25,7703.50,7698.75,7703.50,9208
2026-08-26 19:50,7703.50,7704.50,7692.25,7694.25,19037
2026-08-26 19:55,7694.00,7696.75,7687.00,7692.25,66762
2026-08-26 20:00,7692.00,7703.25,7690.25,7700.25,19100
2026-08-26 20:05,7700.50,7703.25,7699.50,7701.75,4469
2026-08-26 20:10,7701.75,7704.00,7700.75,7702.75,2452
2026-08-26 20:15,7703.00,7707.00,7701.25,7706.50,3446
2026-08-26 20:20,7706.25,7706.50,7690.25,7698.00,11716
2026-08-26 20:25,7698.00,7701.50,7694.50,7697.50,3773
2026-08-26 20:30,7697.25,7697.75,7692.75,7694.25,2458
2026-08-26 20:35,7694.50,7698.75,7694.50,7697.00,1583
2026-08-26 20:40,7696.75,7699.00,7695.75,7696.75,1445
2026-08-26 20:45,7696.75,7702.25,7696.00,7702.25,2036
2026-08-26 20:50,7702.25,7705.00,7701.50,7704.25,2829
2026-08-26 20:55,7704.00,7710.25,7703.75,7710.00,3134
2026-08-26 22:00,7722.00,7735.00,7721.25,7734.75,0
2026-08-26 22:05,7734.50,7735.00,7729.75,7730.75,1775
2026-08-26 22:10,7730.75,7733.75,7729.75,7733.25,1808
2026-08-26 22:15,7733.25,7738.25,7731.25,7736.00,1474
2026-08-26 22:20,7736.00,7738.50,7734.50,7736.75,978
2026-08-26 22:25,7737.00,7738.50,7736.25,7738.00,513
2026-08-26 22:30,7738.00,7739.00,7737.25,7739.00,1754
2026-08-26 22:35,7739.00,7741.25,7738.25,7738.25,1610
2026-08-26 22:40,7738.25,7741.25,7738.25,7741.00,630
2026-08-26 22:45,7741.25,7741.25,7738.25,7738.50,711
2026-08-26 22:50,7738.50,7739.50,7736.00,7736.25,1047
2026-08-26 22:55,7736.50,7736.75,7735.75,7736.25,433
2026-08-26 23:00,7736.00,7737.00,7735.50,7735.75,675
2026-08-26 23:05,7735.75,7736.25,7734.25,7735.00,636
2026-08-26 23:10,7735.00,7735.50,7734.25,7735.00,402
2026-08-26 23:15,7735.25,7735.25,7733.25,7734.00,522
2026-08-26 23:20,7733.75,7735.50,7733.75,7735.00,316
2026-08-26 23:25,7735.00,7736.00,7733.25,7734.00,504
2026-08-26 23:30,7734.50,7735.50,7733.50,7734.25,360
2026-08-26 23:35,7734.50,7735.50,7734.25,7734.75,267
2026-08-26 23:40,7734.50,7735.00,7734.00,7734.00,363
2026-08-26 23:45,7734.00,7736.75,7733.75,7736.00,940
2026-08-26 23:50,7736.00,7736.25,7734.50,7734.75,592
2026-08-26 23:55,7735.00,7739.25,7735.00,7738.50,1208
2026-08-27 00:00,7738.75,7739.25,7733.50,7733.75,1719
2026-08-27 00:05,7733.75,7736.50,7733.50,7734.00,1313
2026-08-27 00:10,7734.25,7734.25,7731.00,7732.00,1188
2026-08-27 00:15,7732.00,7732.25,7729.25,7730.25,1693
2026-08-27 00:20,7730.25,7732.50,7730.00,7732.50,904
2026-08-27 00:25,7732.50,7732.50,7730.25,7732.00,441
2026-08-27 00:30,7732.25,7732.25,7728.00,7728.25,1445
2026-08-27 00:35,7728.50,7728.50,7724.75,7725.75,1633
2026-08-27 00:40,7725.75,7725.75,7720.50,7721.00,1853
2026-08-27 00:45,7720.75,7721.50,7716.00,7716.75,2722
2026-08-27 00:50,7716.75,7717.25,7714.50,7716.50,1957
2026-08-27 00:55,7716.00,7717.25,7715.00,7716.50,959
2026-08-27 01:00,7716.25,7718.50,7714.50,7717.50,2003
2026-08-27 01:05,7717.75,7721.00,7717.25,7720.25,977
2026-08-27 01:10,7720.25,7721.00,7717.00,7717.75,906
2026-08-27 01:15,7717.50,7720.00,7717.25,7720.00,530
2026-08-27 01:20,7720.00,7722.50,7719.50,7722.25,916
2026-08-27 01:25,7722.00,7723.50,7721.75,7723.00,619
2026-08-27 01:30,7723.00,7725.00,7722.50,7724.25,875
2026-08-27 01:35,7724.50,7726.25,7724.00,7725.75,926
2026-08-27 01:40,7725.75,7725.75,7719.75,7720.00,1502
2026-08-27 01:45,7720.00,7725.75,7720.00,7725.50,1070
2026-08-27 01:50,7725.25,7726.75,7724.50,7726.50,689
2026-08-27 01:55,7726.75,7726.75,7724.25,7724.50,730
2026-08-27 02:00,7724.50,7726.25,7724.00,7726.00,491
2026-08-27 02:05,7725.75,7726.75,7724.00,7726.75,538
2026-08-27 02:10,7727.00,7727.75,7726.50,7727.00,479
2026-08-27 02:15,7727.00,7727.00,7725.50,7726.25,210
2026-08-27 02:20,7726.00,7726.75,7725.25,7726.25,300
2026-08-27 02:25,7726.25,7727.50,7725.25,7726.50,398
2026-08-27 02:30,7726.50,7728.25,7726.00,7728.00,368
2026-08-27 02:35,7728.00,7728.50,7727.00,7728.25,440
2026-08-27 02:40,7728.25,7728.75,7726.25,7727.50,1030
2026-08-27 02:45,7727.50,7728.25,7727.25,7727.50,608
2026-08-27 02:50,7727.50,7729.75,7727.50,7728.50,610
2026-08-27 02:55,7728.75,7729.00,7728.00,7728.00,275
2026-08-27 03:00,7728.00,7729.00,7727.25,7728.00,432
2026-08-27 03:05,7728.00,7728.25,7726.25,7726.50,301
2026-08-27 03:10,7726.50,7727.25,7725.75,7727.00,352
2026-08-27 03:15,7727.25,7728.75,7727.00,7728.75,344
2026-08-27 03:20,7728.50,7730.50,7728.00,7730.50,692
2026-08-27 03:25,7730.50,7730.75,7729.75,7729.75,366
2026-08-27 03:30,7729.75,7730.50,7728.50,7729.75,506
2026-08-27 03:35,7729.75,7730.00,7728.50,7728.75,282
2026-08-27 03:40,7728.75,7729.25,7727.75,7727.75,426
2026-08-27 03:45,7727.75,7728.75,7727.00,7727.50,313
2026-08-27 03:50,7727.50,7728.50,7725.50,7726.00,468
2026-08-27 03:55,7726.25,7727.25,7725.75,7725.75,290
2026-08-27 04:05,7725.75,7726.50,7725.50,7726.50,635
2026-08-27 04:10,7726.25,7726.50,7725.50,7726.25,224
2026-08-27 04:15,7726.25,7727.50,7725.75,7726.75,314
2026-08-27 04:20,7726.50,7727.25,7725.25,7726.50,307
2026-08-27 04:25,7726.50,7727.00,7724.00,7724.00,239
2026-08-27 04:30,7724.25,7724.50,7722.25,7722.50,351
2026-08-27 04:35,7722.50,7723.00,7720.50,7720.50,338
2026-08-27 04:40,7720.25,7721.75,7719.50,7720.75,509
2026-08-27 04:45,7720.75,7722.50,7719.75,7720.75,348
2026-08-27 04:50,7721.00,7721.25,7719.00,7719.50,290
2026-08-27 04:55,7719.50,7720.00,7719.25,7719.75,215
2026-08-27 05:00,7720.00,7720.75,7716.25,7717.00,827
2026-08-27 05:05,7716.75,7717.50,7715.50,7715.50,643
2026-08-27 05:10,7715.50,7717.25,7715.25,7717.00,627
2026-08-27 05:15,7716.75,7716.75,7712.25,7712.50,911
2026-08-27 05:20,7712.75,7715.75,7712.75,7715.50,504
2026-08-27 05:25,7715.75,7716.00,7713.25,7714.00,482
2026-08-27 05:30,7714.25,7714.25,7712.00,7712.75,428
2026-08-27 05:35,7712.75,7714.25,7711.50,7713.75,594
2026-08-27 05:40,7713.75,7714.75,7710.00,7710.50,944
2026-08-27 05:45,7710.50,7712.75,7710.25,7712.25,664
2026-08-27 05:50,7712.50,7713.25,7710.75,7711.75,591
2026-08-27 05:55,7711.50,7712.25,7710.25,7712.00,728
2026-08-27 06:00,7712.25,7712.25,7709.75,7709.75,1209
2026-08-27 06:05,7709.75,7711.00,7707.50,7707.75,1446
2026-08-27 06:10,7707.75,7711.50,7707.00,7710.75,2019
2026-08-27 06:15,7710.75,7713.00,7710.50,7712.75,1072
2026-08-27 06:20,7713.00,7713.25,7711.75,7712.50,497
2026-08-27 06:25,7712.50,7713.25,7711.50,7712.75,982
2026-08-27 06:30,7712.50,7714.25,7712.50,7714.00,926
2026-08-27 06:35,7714.00,7715.00,7713.00,7714.25,708
2026-08-27 06:40,7714.25,7716.50,7714.25,7716.25,863
2026-08-27 06:45,7716.00,7717.25,7715.50,7715.50,675
2026-08-27 06:50,7715.50,7716.25,7714.75,7715.50,376
2026-08-27 06:55,7715.75,7718.00,7715.50,7718.00,787
2026-08-27 07:00,7718.00,7718.00,7713.50,7716.75,1842
2026-08-27 07:05,7717.00,7719.75,7716.75,7719.25,1318
2026-08-27 07:10,7719.25,7720.75,7718.00,7720.75,989
2026-08-27 07:15,7720.75,7721.25,7718.75,7720.50,1324
2026-08-27 07:20,7720.50,7720.75,7718.50,7718.50,795
2026-08-27 07:25,7718.50,7721.25,7718.00,7721.25,712
2026-08-27 07:30,7721.25,7722.00,7719.50,7720.75,847
2026-08-27 07:35,7720.75,7721.50,7716.50,7717.00,1040
2026-08-27 07:40,7717.00,7717.75,7716.00,7717.00,802
2026-08-27 07:45,7717.00,7719.00,7716.75,7717.75,620
2026-08-27 07:50,7718.00,7720.75,7717.75,7720.25,649
2026-08-27 07:55,7720.25,7722.00,7720.25,7720.50,730
2026-08-27 08:00,7720.75,7726.00,7720.50,7726.00,1581
2026-08-27 08:05,7726.00,7729.75,7725.75,7729.50,1863
2026-08-27 08:10,7729.25,7732.75,7728.75,7731.75,1855
2026-08-27 08:15,7731.75,7732.00,7727.00,7728.50,1703
2026-08-27 08:20,7728.25,7730.00,7726.75,7729.75,1385
2026-08-27 08:25,7730.00,7734.50,7729.00,7734.25,1769
2026-08-27 08:30,7734.25,7734.25,7730.25,7730.25,1390
2026-08-27 08:35,7730.25,7731.00,7729.25,7729.75,1076
2026-08-27 08:40,7729.75,7731.25,7728.50,7730.00,1043
2026-08-27 08:45,7730.00,7733.50,7730.00,7732.50,884
2026-08-27 08:50,7732.50,7734.00,7728.50,7728.75,1065
2026-08-27 08:55,7728.75,7729.75,7727.50,7728.00,1107
2026-08-27 09:00,7728.25,7728.75,7721.75,7722.25,3038
2026-08-27 09:05,7722.25,7725.25,7721.00,7725.00,1451
2026-08-27 09:10,7725.00,7725.25,7721.00,7721.00,807
2026-08-27 09:15,7721.00,7722.00,7718.75,7721.50,1255
2026-08-27 09:20,7721.75,7725.50,7721.25,7725.50,1089
2026-08-27 09:25,7725.50,7726.00,7723.75,7724.75,1191
2026-08-27 09:30,7724.75,7728.50,7724.75,7728.00,1831
2026-08-27 09:35,7728.00,7728.00,7726.50,7727.00,870
2026-08-27 09:40,7727.00,7728.00,7725.75,7726.75,642
2026-08-27 09:45,7726.75,7728.50,7726.25,7726.50,617
2026-08-27 09:50,7726.75,7728.25,7725.00,7727.00,745
2026-08-27 09:55,7727.25,7727.25,7723.75,7724.25,840
2026-08-27 10:00,7724.25,7724.25,7720.50,7722.25,1200
2026-08-27 10:05,7722.50,7723.75,7722.00,7722.50,772
2026-08-27 10:10,7722.50,7724.00,7721.25,7722.75,607
2026-08-27 10:15,7723.00,7724.00,7721.75,7721.75,589
2026-08-27 10:20,7721.75,7722.75,7721.00,7721.25,609
2026-08-27 10:25,7721.25,7721.25,7719.75,7720.00,831
2026-08-27 10:30,7720.25,7721.00,7719.75,7720.50,661
2026-08-27 10:35,7720.75,7720.75,7718.25,7718.75,967
2026-08-27 10:40,7718.75,7723.00,7718.75,7722.50,928
2026-08-27 10:45,7722.75,7723.50,7721.75,7721.75,660
2026-08-27 10:50,7721.50,7723.50,7719.75,7723.50,978
2026-08-27 10:55,7723.50,7724.50,7723.00,7724.00,716
2026-08-27 11:00,7724.00,7725.75,7721.75,7725.75,1980
2026-08-27 11:05,7725.75,7727.50,7723.00,7727.25,1400
2026-08-27 11:10,7727.00,7729.75,7726.25,7728.25,1188
2026-08-27 11:15,7728.25,7729.25,7725.50,7726.00,1452
2026-08-27 11:20,7726.00,7727.00,7724.75,7726.00,887
2026-08-27 11:25,7725.75,7726.75,7722.25,7722.50,1102
2026-08-27 11:30,7722.50,7725.25,7719.25,7722.00,3592
2026-08-27 11:35,7722.00,7722.75,7717.75,7718.75,1533
2026-08-27 11:40,7718.75,7721.75,7718.00,7721.00,1165
2026-08-27 11:45,7721.00,7721.00,7715.00,7715.25,1417
2026-08-27 11:50,7715.50,7719.00,7715.00,7718.50,1907
2026-08-27 11:55,7718.50,7722.50,7718.25,7722.25,1087
2026-08-27 12:00,7722.00,7723.50,7721.25,7723.00,2055
2026-08-27 12:05,7722.75,7723.75,7721.25,7723.50,1959
2026-08-27 12:10,7723.75,7726.50,7723.25,7725.50,1849
2026-08-27 12:15,7725.50,7725.75,7723.25,7724.00,1339
2026-08-27 12:20,7724.00,7725.00,7722.00,7723.50,1701
2026-08-27 12:25,7723.50,7725.00,7722.00,7723.25,1597
2026-08-27 12:30,7723.25,7723.50,7718.75,7719.00,2482
2026-08-27 12:35,7719.25,7719.25,7714.25,7714.50,4065
2026-08-27 12:40,7714.50,7715.00,7711.75,7712.25,2764
2026-08-27 12:45,7712.25,7713.50,7711.00,7712.75,1792
2026-08-27 12:50,7712.75,7713.50,7711.00,7713.00,1780
2026-08-27 12:55,7713.00,7714.25,7711.00,7711.50,1468
2026-08-27 13:00,7711.50,7715.00,7710.25,7714.25,2953
2026-08-27 13:05,7714.25,7715.50,7711.50,7711.75,2250
2026-08-27 13:10,7711.75,7714.25,7711.25,7713.25,2436
2026-08-27 13:15,7713.25,7717.25,7712.75,7714.50,3502
2026-08-27 13:20,7714.75,7715.00,7712.00,7713.25,2720
2026-08-27 13:25,7713.25,7718.00,7713.25,7716.25,6551
2026-08-27 13:30,7716.25,7720.00,7703.00,7706.00,43621
2026-08-27 13:35,7706.00,7714.00,7702.75,7713.50,28463
2026-08-27 13:40,7713.50,7723.75,7710.50,7723.50,29341
2026-08-27 13:45,7723.50,7728.50,7708.25,7711.75,34777
2026-08-27 13:50,7712.00,7725.25,7712.00,7723.25,22402
2026-08-27 13:55,7723.25,7724.00,7707.25,7715.25,25155
2026-08-27 14:00,7715.25,7721.75,7713.50,7719.25,20681
2026-08-27 14:05,7719.25,7722.25,7712.00,7715.75,16829
2026-08-27 14:10,7715.75,7721.25,7715.25,7718.00,13090
2026-08-27 14:15,7717.75,7725.00,7717.75,7723.00,12502
2026-08-27 14:20,7722.75,7727.50,7722.00,7726.25,16453
2026-08-27 14:25,7726.25,7730.25,7724.25,7728.50,14359
2026-08-27 14:30,7728.50,7729.25,7721.75,7725.25,15408
2026-08-27 14:35,7725.50,7732.25,7725.00,7725.00,15396
2026-08-27 14:40,7725.00,7728.25,7724.50,7727.75,12811
2026-08-27 14:45,7727.50,7734.50,7725.00,7733.75,15353
2026-08-27 14:50,7733.75,7736.00,7730.50,7732.75,18985
2026-08-27 14:55,7733.00,7735.50,7728.75,7735.25,15146
2026-08-27 15:00,7735.50,7738.25,7733.75,7737.75,13979
2026-08-27 15:05,7738.00,7738.50,7734.75,7737.00,8521
2026-08-27 15:10,7737.00,7740.25,7736.75,7740.00,8580
2026-08-27 15:15,7740.00,7742.75,7739.75,7741.25,11214
2026-08-27 15:20,7741.50,7742.50,7739.00,7739.50,9601
2026-08-27 15:25,7739.75,7739.75,7733.75,7734.75,11008
2026-08-27 15:30,7734.75,7737.75,7732.25,7733.75,16651
2026-08-27 15:35,7733.50,7735.00,7729.50,7730.50,14540
2026-08-27 15:40,7730.50,7735.00,7727.25,7727.75,16963
2026-08-27 15:45,7728.00,7728.75,7725.25,7728.25,14462
2026-08-27 15:50,7728.00,7740.50,7728.00,7740.50,15834
2026-08-27 15:55,7740.25,7740.25,7736.75,7738.00,10832
2026-08-27 16:00,7738.00,7741.50,7737.25,7740.00,7651
2026-08-27 16:05,7740.25,7740.50,7736.00,7737.00,7694
2026-08-27 16:10,7737.00,7739.50,7736.00,7737.75,5589
2026-08-27 16:15,7737.50,7740.00,7736.75,7737.75,6237
2026-08-27 16:20,7737.75,7738.00,7735.00,7737.00,5634
2026-08-27 16:25,7736.75,7740.75,7735.75,7740.75,5661
2026-08-27 16:30,7740.50,7743.25,7739.75,7743.25,7487
2026-08-27 16:35,7743.25,7747.00,7742.50,7746.75,8948
2026-08-27 16:40,7746.75,7749.75,7746.50,7748.50,11589
2026-08-27 16:45,7748.50,7751.25,7748.00,7748.75,11241
2026-08-27 16:50,7748.75,7752.00,7747.75,7751.00,8587
2026-08-27 16:55,7751.00,7752.25,7749.00,7751.75,6177
2026-08-27 17:00,7752.00,7753.50,7751.50,7752.25,7464
2026-08-27 17:05,7752.50,7754.75,7749.25,7754.00,13161
2026-08-27 17:10,7754.00,7755.50,7752.75,7753.50,6453
2026-08-27 17:15,7753.75,7755.00,7752.00,7753.00,5132
2026-08-27 17:20,7753.00,7754.50,7752.25,7753.75,4825
2026-08-27 17:25,7753.50,7753.75,7748.50,7749.25,6839
2026-08-27 17:30,7749.25,7752.50,7748.50,7749.25,8664
2026-08-27 17:35,7749.25,7750.50,7748.25,7749.00,3687
2026-08-27 17:40,7749.00,7751.25,7747.75,7747.75,5353
2026-08-27 17:45,7747.75,7748.25,7744.50,7745.50,10118
2026-08-27 17:50,7745.75,7745.75,7743.50,7745.00,8173
2026-08-27 17:55,7745.25,7746.00,7742.75,7743.75,6108
2026-08-27 18:00,7743.75,7745.50,7736.50,7737.00,17032
2026-08-27 18:05,7736.75,7739.00,7735.00,7736.50,10404
2026-08-27 18:10,7736.25,7737.00,7730.75,7734.00,13381
2026-08-27 18:15,7734.25,7736.25,7732.00,7734.25,10590
2026-08-27 18:20,7734.00,7735.75,7731.25,7732.25,8856
2026-08-27 18:25,7732.25,7732.50,7723.75,7725.75,15119
2026-08-27 18:30,7726.00,7730.75,7725.25,7726.75,13360
2026-08-27 18:35,7726.75,7732.00,7726.00,7732.00,8853
2026-08-27 18:40,7732.00,7732.50,7729.25,7730.25,6657
2026-08-27 18:45,7730.00,7732.25,7726.25,7726.25,8815
2026-08-27 18:50,7726.50,7727.50,7724.25,7724.50,9246
2026-08-27 18:55,7724.75,7729.00,7722.75,7727.50,10054
2026-08-27 19:00,7727.50,7731.75,7726.25,7730.75,10268
2026-08-27 19:05,7730.75,7733.25,7728.25,7732.50,12445
2026-08-27 19:10,7732.50,7733.75,7730.00,7730.00,6753
2026-08-27 19:15,7730.25,7733.75,7730.25,7733.00,7133
2026-08-27 19:20,7733.00,7734.00,7731.00,7731.25,6341
2026-08-27 19:25,7731.50,7732.00,7729.00,7730.75,7099
2026-08-27 19:30,7730.50,7736.25,7729.75,7736.00,8843
2026-08-27 19:35,7736.00,7737.75,7735.25,7736.75,9179
2026-08-27 19:40,7736.75,7738.25,7735.25,7737.75,8554
2026-08-27 19:45,7737.75,7739.75,7737.00,7739.00,12390
2026-08-27 19:50,7739.00,7744.50,7735.25,7743.50,22023
2026-08-27 19:55,7743.25,7744.75,7740.00,7741.00,86475
2026-08-27 20:00,7741.25,7743.25,7738.00,7738.50,21405
2026-08-27 20:05,7738.50,7739.75,7735.50,7737.00,6393
2026-08-27 20:10,7737.00,7738.25,7735.25,7735.25,2445
2026-08-27 20:15,7735.25,7736.50,7735.25,7736.00,2053
2026-08-27 20:20,7736.00,7736.00,7732.75,7733.25,2224
2026-08-27 20:25,7733.00,7733.50,7731.75,7733.25,1430
2026-08-27 20:30,7733.50,7734.25,7733.00,7733.75,761
2026-08-27 20:35,7733.50,7734.00,7732.25,7733.00,781
2026-08-27 20:40,7733.00,7734.25,7733.00,7733.75,927
2026-08-27 20:45,7733.50,7734.25,7732.75,7732.75,973
2026-08-27 20:50,7732.50,7733.25,7731.75,7732.00,1214
2026-08-27 20:55,7731.75,7733.50,7731.75,7733.00,1284
2026-08-27 22:00,7733.75,7734.75,7727.50,7731.75,0
2026-08-27 22:05,7731.75,7733.00,7731.00,7732.75,230
2026-08-27 22:10,7732.50,7732.75,7730.50,7731.50,250
2026-08-27 22:15,7731.75,7733.00,7731.00,7732.75,293
2026-08-27 22:20,7733.00,7734.00,7732.00,7733.75,284
2026-08-27 22:25,7733.75,7734.00,7731.75,7733.75,243
2026-08-27 22:30,7733.50,7734.00,7732.00,7733.25,256
2026-08-27 22:35,7733.50,7734.00,7732.75,7733.00,214
2026-08-27 22:40,7733.00,7733.75,7732.75,7733.00,143
2026-08-27 22:45,7733.00,7733.00,7732.50,7732.75,84
2026-08-27 22:50,7733.00,7733.00,7731.50,7731.75,142
2026-08-27 22:55,7731.50,7733.25,7731.50,7732.25,172
2026-08-27 23:00,7732.25,7732.50,7731.00,7731.50,244
2026-08-27 23:05,7731.50,7732.50,7731.25,7732.00,194
2026-08-27 23:10,7731.75,7731.75,7729.50,7730.75,283
2026-08-27 23:15,7730.75,7730.75,7729.75,7730.25,176
2026-08-27 23:20,7730.00,7730.25,7730.00,7730.25,104
2026-08-27 23:25,7730.00,7730.50,7729.75,7729.75,176
2026-08-27 23:30,7730.00,7730.50,7728.75,7729.50,270
2026-08-27 23:35,7729.50,7730.00,7729.50,7730.00,101
2026-08-27 23:40,7729.75,7730.00,7729.25,7729.25,86
2026-08-27 23:45,7729.25,7729.50,7727.50,7727.75,786
2026-08-27 23:50,7727.75,7728.75,7727.25,7728.25,687
2026-08-27 23:55,7728.25,7728.75,7727.50,7728.75,605
2026-08-28 00:00,7729.00,7731.50,7728.25,7730.00,1592
2026-08-28 00:05,7730.25,7732.25,7728.75,7731.75,880
2026-08-28 00:10,7731.50,7735.50,7731.25,7735.00,876
2026-08-28 00:15,7735.00,7735.25,7732.00,7734.25,961
2026-08-28 00:20,7734.25,7734.75,7733.50,7734.25,340
2026-08-28 00:25,7734.25,7736.00,7734.00,7736.00,382
2026-08-28 00:30,7735.75,7736.00,7734.50,7735.50,334
2026-08-28 00:35,7735.25,7735.50,7734.00,7734.75,355
2026-08-28 00:40,7734.75,7736.75,7734.00,7736.25,782
2026-08-28 00:45,7736.25,7736.75,7735.50,7736.50,249
2026-08-28 00:50,7736.50,7737.50,7735.50,7735.75,347
2026-08-28 00:55,7735.75,7736.25,7735.50,7735.75,237
2026-08-28 01:00,7735.75,7737.75,7735.75,7737.50,806
2026-08-28 01:05,7737.50,7738.50,7737.00,7738.50,530
2026-08-28 01:10,7738.75,7740.25,7738.75,7739.50,684
2026-08-28 01:15,7739.25,7740.00,7739.00,7739.50,336
2026-08-28 01:20,7739.25,7739.75,7738.50,7739.00,663
2026-08-28 01:25,7739.00,7739.00,7737.50,7738.25,479
2026-08-28 01:30,7738.00,7739.25,7738.00,7739.25,598
2026-08-28 01:35,7739.00,7740.25,7737.25,7737.50,537
2026-08-28 01:40,7737.50,7738.75,7737.50,7738.75,395
2026-08-28 01:45,7738.50,7739.50,7737.75,7739.25,239
2026-08-28 01:50,7739.50,7741.75,7739.00,7741.50,749
2026-08-28 01:55,7741.50,7743.00,7741.50,7742.75,590
2026-08-28 02:00,7743.00,7745.00,7743.00,7744.50,955
2026-08-28 02:05,7744.50,7746.75,7744.50,7746.00,564
2026-08-28 02:10,7746.00,7746.50,7745.25,7745.75,317
2026-08-28 02:15,7745.75,7747.00,7745.75,7746.75,188
2026-08-28 02:20,7746.75,7747.25,7745.50,7746.50,538
2026-08-28 02:25,7746.50,7746.50,7745.25,7745.50,328
2026-08-28 02:30,7745.25,7745.25,7742.50,7742.50,809
2026-08-28 02:35,7742.75,7742.75,7741.00,7742.00,677
2026-08-28 02:40,7742.00,7742.00,7739.75,7740.00,588
2026-08-28 02:45,7740.00,7740.50,7738.75,7739.25,415
2026-08-28 02:50,7739.00,7740.75,7739.00,7740.25,416
2026-08-28 02:55,7740.25,7741.25,7740.25,7740.75,292
2026-08-28 03:00,7741.00,7743.50,7740.75,7743.50,768
2026-08-28 03:05,7743.50,7744.00,7742.50,7743.75,561
2026-08-28 03:10,7743.50,7746.25,7743.50,7745.25,481
2026-08-28 03:15,7745.25,7746.50,7744.75,7746.50,332
2026-08-28 03:20,7746.25,7746.75,7745.50,7746.50,345
2026-08-28 03:25,7746.50,7747.50,7746.50,7746.50,305
2026-08-28 03:30,7746.75,7746.75,7744.00,7744.00,542
2026-08-28 03:35,7744.00,7744.25,7742.25,7742.50,619
2026-08-28 03:40,7742.50,7742.50,7739.00,7739.50,583
2026-08-28 03:45,7739.25,7741.50,7738.00,7741.25,757
2026-08-28 03:50,7741.25,7741.75,7740.50,7741.50,278
2026-08-28 03:55,7741.50,7742.25,7741.00,7741.75,212
2026-08-28 04:05,7738.25,7739.00,7738.25,7738.75,751
2026-08-28 04:10,7738.75,7740.75,7738.75,7740.50,288
2026-08-28 04:15,7740.25,7741.00,7740.25,7740.50,234
2026-08-28 04:20,7740.50,7740.75,7739.75,7740.00,213
2026-08-28 04:25,7739.75,7740.25,7739.25,7739.75,114
2026-08-28 04:30,7739.75,7740.00,7738.25,7738.50,224
2026-08-28 04:35,7738.25,7738.75,7737.75,7738.75,233
2026-08-28 04:40,7738.50,7738.75,7737.75,7738.25,197
2026-08-28 04:45,7738.25,7738.75,7738.25,7738.25,150
2026-08-28 04:50,7738.25,7738.25,7737.75,7737.75,328
2026-08-28 04:55,7737.75,7738.00,7736.75,7737.75,258
2026-08-28 05:00,7737.50,7738.00,7736.25,7737.25,470
2026-08-28 05:05,7737.25,7737.50,7736.00,7736.50,222
2026-08-28 05:10,7736.50,7736.50,7735.50,7735.75,326
2026-08-28 05:15,7735.75,7736.25,7735.50,7735.50,190
2026-08-28 05:20,7735.50,7736.00,7734.25,7735.25,447
2026-08-28 05:25,7735.25,7735.75,7734.00,7735.25,447
2026-08-28 05:30,7735.00,7735.50,7734.25,7735.00,471
2026-08-28 05:35,7735.00,7735.00,7732.00,7733.25,914
2026-08-28 05:40,7733.25,7734.00,7733.00,7734.00,279
2026-08-28 05:45,7734.00,7734.00,7732.50,7733.00,351
2026-08-28 05:50,7733.00,7733.50,7731.50,7733.00,559
2026-08-28 05:55,7733.00,7733.00,7731.75,7731.75,268
2026-08-28 06:00,7731.75,7734.25,7731.00,7734.00,834
2026-08-28 06:05,7734.00,7734.25,7732.25,7733.75,565
2026-08-28 06:10,7734.00,7735.25,7733.50,7733.75,514
2026-08-28 06:15,7733.75,7736.00,7733.50,7735.50,575
2026-08-28 06:20,7735.25,7737.00,7735.25,7736.25,908
2026-08-28 06:25,7736.25,7736.25,7733.00,7733.50,593
2026-08-28 06:30,7733.50,7737.50,7733.50,7737.00,1396
2026-08-28 06:35,7737.25,7737.75,7736.50,7736.75,633
2026-08-28 06:40,7736.75,7739.50,7735.25,7739.00,994
2026-08-28 06:45,7738.75,7740.50,7738.50,7740.50,952
2026-08-28 06:50,7740.25,7741.00,7739.75,7740.75,479
2026-08-28 06:55,7740.75,7743.50,7740.75,7743.50,537
2026-08-28 07:00,7743.50,7744.50,7741.25,7741.75,1329
2026-08-28 07:05,7741.75,7741.75,7739.00,7739.75,1284
2026-08-28 07:10,7739.50,7741.75,7739.25,7740.50,1091
2026-08-28 07:15,7740.50,7741.50,7739.75,7741.50,925
2026-08-28 07:20,7741.50,7742.25,7739.75,7742.00,895
2026-08-28 07:25,7742.00,7743.25,7741.25,7741.75,610
2026-08-28 07:30,7741.75,7743.25,7741.00,7741.25,566
2026-08-28 07:35,7741.25,7742.75,7740.50,7741.00,607
2026-08-28 07:40,7741.00,7741.00,7738.50,7739.25,820
2026-08-28 07:45,7739.25,7743.00,7739.00,7743.00,655
2026-08-28 07:50,7742.75,7743.25,7739.25,7741.25,617
2026-08-28 07:55,7741.25,7741.25,7739.25,7740.25,514
2026-08-28 08:00,7740.25,7741.25,7737.75,7738.50,1294
2026-08-28 08:05,7738.50,7738.50,7736.25,7737.75,965
2026-08-28 08:10,7737.75,7739.75,7737.00,7738.25,697
2026-08-28 08:15,7738.00,7739.00,7737.00,7737.25,684
2026-08-28 08:20,7737.25,7738.75,7736.75,7738.25,940
2026-08-28 08:25,7738.25,7740.25,7738.25,7739.00,615
2026-08-28 08:30,7739.25,7744.25,7738.75,7744.25,1217
2026-08-28 08:35,7744.50,7745.00,7743.25,7743.50,624
2026-08-28 08:40,7743.25,7744.50,7742.50,7742.75,691
2026-08-28 08:45,7742.75,7742.75,7740.00,7740.00,930
2026-08-28 08:50,7739.75,7741.00,7738.00,7739.00,913
2026-08-28 08:55,7739.00,7740.25,7739.00,7740.25,418
2026-08-28 09:00,7740.00,7740.25,7738.25,7738.50,1159
2026-08-28 09:05,7738.25,7739.25,7737.75,7738.50,489
2026-08-28 09:10,7738.25,7739.25,7738.00,7738.50,523
2026-08-28 09:15,7738.50,7739.00,7737.75,7738.25,510
2026-08-28 09:20,7738.00,7739.00,7736.25,7738.50,490
2026-08-28 09:25,7738.75,7740.50,7738.50,7739.25,549
2026-08-28 09:30,7739.25,7739.50,7737.75,7739.25,355
2026-08-28 09:35,7739.25,7739.25,7737.50,7738.00,360
2026-08-28 09:40,7738.00,7738.50,7737.50,7738.25,338
2026-08-28 09:45,7738.00,7739.00,7737.50,7738.50,360
2026-08-28 09:50,7738.75,7740.75,7738.75,7739.50,441
2026-08-28 09:55,7739.50,7739.75,7738.50,7738.75,398
2026-08-28 10:00,7738.75,7738.75,7737.25,7738.25,533
2026-08-28 10:05,7738.50,7739.25,7737.25,7737.50,478
2026-08-28 10:10,7737.50,7738.75,7737.00,7738.25,495
2026-08-28 10:15,7738.25,7739.25,7737.50,7737.50,369
2026-08-28 10:20,7737.75,7740.00,7737.50,7739.75,431
2026-08-28 10:25,7739.75,7740.00,7738.50,7739.00,332
2026-08-28 10:30,7739.25,7740.00,7739.00,7739.00,361
2026-08-28 10:35,7739.00,7740.50,7738.25,7740.25,321
2026-08-28 10:40,7740.25,7740.25,7736.75,7737.25,1018
2026-08-28 10:45,7737.00,7738.25,7736.25,7736.75,1599
2026-08-28 10:50,7736.75,7737.50,7736.50,7737.00,680
2026-08-28 10:55,7737.00,7739.75,7737.00,7739.75,503
2026-08-28 11:00,7739.75,7741.00,7737.50,7740.50,1121
2026-08-28 11:05,7740.25,7740.25,7737.50,7737.50,502
2026-08-28 11:10,7737.75,7740.00,7737.25,7739.75,650
2026-08-28 11:15,7739.75,7741.00,7739.75,7740.75,469
2026-08-28 11:20,7740.75,7743.00,7740.50,7742.50,913
2026-08-28 11:25,7742.25,7742.25,7741.00,7742.25,575
2026-08-28 11:30,7742.25,7743.50,7740.00,7740.00,764
2026-08-28 11:35,7740.00,7740.50,7739.25,7740.25,574
2026-08-28 11:40,7740.25,7741.00,7738.50,7739.00,521
2026-08-28 11:45,7739.00,7740.50,7738.75,7739.75,535
2026-08-28 11:50,7739.75,7741.25,7739.25,7741.00,518
2026-08-28 11:55,7741.00,7741.00,7739.50,7739.75,448
2026-08-28 12:00,7740.00,7742.50,7739.50,7742.50,822
2026-08-28 12:05,7742.50,7744.25,7742.25,7744.25,1305
2026-08-28 12:10,7744.00,7748.00,7742.75,7746.75,3563
2026-08-28 12:15,7746.50,7748.75,7746.25,7748.25,1447
2026-08-28 12:20,7748.25,7751.00,7748.25,7750.00,1397
2026-08-28 12:25,7750.00,7750.50,7748.50,7750.50,1541
2026-08-28 12:30,7750.25,7750.25,7745.50,7745.50,1524
2026-08-28 12:35,7745.75,7747.50,7743.75,7746.50,1762
2026-08-28 12:40,7746.50,7750.00,7745.75,7750.00,1332
2026-08-28 12:45,7750.00,7751.00,7748.75,7750.25,2022
2026-08-28 12:50,7750.25,7751.25,7749.50,7750.00,1206
2026-08-28 12:55,7750.25,7751.00,7749.25,7749.75,1267
2026-08-28 13:00,7749.75,7755.00,7748.75,7752.00,4126
2026-08-28 13:05,7752.00,7752.75,7750.50,7751.00,1883
2026-08-28 13:10,7751.00,7752.50,7749.00,7749.75,2560
2026-08-28 13:15,7749.75,7750.50,7748.50,7748.50,1455
2026-08-28 13:20,7748.50,7749.00,7747.00,7748.00,1663
2026-08-28 13:25,7748.00,7748.25,7742.75,7746.25,5901
2026-08-28 13:30,7746.25,7750.00,7743.75,7749.25,23309
2026-08-28 13:35,7749.25,7753.50,7746.50,7751.50,14986
2026-08-28 13:40,7751.50,7757.50,7750.50,7755.00,13586
2026-08-28 13:45,7755.00,7758.00,7749.00,7750.50,16876
2026-08-28 13:50,7750.50,7751.00,7745.50,7746.00,12099
2026-08-28 13:55,7746.00,7752.75,7745.50,7746.25,9838
2026-08-28 14:00,7746.25,7760.50,7740.75,7746.00,34837
2026-08-28 14:05,7746.00,7746.75,7735.00,7738.75,33017
2026-08-28 14:10,7738.75,7739.75,7726.50,7731.25,36898
2026-08-28 14:15,7731.00,7746.25,7730.25,7743.00,27540
2026-08-28 14:20,7743.00,7751.50,7738.75,7744.75,27382
2026-08-28 14:25,7744.75,7745.75,7734.50,7742.00,28049
2026-08-28 14:30,7742.00,7750.75,7738.00,7750.75,25154
2026-08-28 14:35,7750.50,7756.50,7749.00,7752.50,21166
2026-08-28 14:40,7752.50,7764.75,7752.25,7763.25,20556
2026-08-28 14:45,7763.25,7768.00,7761.00,7768.00,20597
2026-08-28 14:50,7768.00,7776.50,7767.00,7774.50,22720
2026-08-28 14:55,7774.50,7780.00,7774.00,7779.25,20970
2026-08-28 15:00,7779.25,7782.50,7777.00,7778.25,24714
2026-08-28 15:05,7778.25,7779.75,7770.25,7771.75,17139
2026-08-28 15:10,7771.75,7773.75,7767.25,7771.25,20418
2026-08-28 15:15,7771.25,7776.00,7771.00,7772.25,15835
2026-08-28 15:20,7772.50,7778.25,7772.25,7777.50,13471
2026-08-28 15:25,7777.75,7781.50,7776.75,7779.00,12345
2026-08-28 15:30,7779.25,7779.50,7773.50,7773.75,13383
2026-08-28 15:35,7773.75,7775.50,7764.75,7765.75,16132
2026-08-28 15:40,7765.75,7766.00,7755.50,7757.50,34315
2026-08-28 15:45,7757.50,7759.50,7750.75,7752.00,27695
2026-08-28 15:50,7752.00,7754.00,7743.50,7750.00,30019
2026-08-28 15:55,7750.00,7750.50,7737.25,7739.75,29854
2026-08-28 16:00,7739.75,7741.50,7733.75,7737.25,27816
2026-08-28 16:05,7737.00,7745.25,7736.50,7744.50,18614
2026-08-28 16:10,7744.25,7744.75,7738.25,7738.75,17199
2026-08-28 16:15,7738.75,7741.50,7726.25,7730.75,22965
2026-08-28 16:20,7730.75,7732.50,7720.00,7724.00,28338
2026-08-28 16:25,7723.75,7727.75,7722.00,7725.25,15396
2026-08-28 16:30,7725.00,7734.25,7724.50,7725.50,17333
2026-08-28 16:35,7725.25,7735.25,7725.25,7732.50,14320
2026-08-28 16:40,7732.25,7732.50,7724.25,7725.50,14478
2026-08-28 16:45,7725.50,7735.00,7725.25,7733.00,12826
2026-08-28 16:50,7733.00,7736.00,7727.00,7728.50,10420
2026-08-28 16:55,7728.25,7730.25,7725.75,7725.75,10375
2026-08-28 17:00,7725.75,7726.25,7715.25,7718.75,20792
2026-08-28 17:05,7719.00,7719.00,7713.25,7713.75,13022
2026-08-28 17:10,7713.50,7722.75,7711.75,7722.50,17892
2026-08-28 17:15,7722.50,7723.25,7718.25,7720.00,10146
2026-08-28 17:20,7720.00,7721.00,7714.50,7718.50,11290
2026-08-28 17:25,7718.50,7722.25,7716.25,7717.00,8383
2026-08-28 17:30,7717.25,7723.50,7716.00,7722.00,8498
2026-08-28 17:35,7722.25,7724.00,7714.75,7715.25,10134
2026-08-28 17:40,7715.25,7720.50,7715.25,7719.50,8753
2026-08-28 17:45,7719.50,7726.25,7717.75,7725.50,8537
2026-08-28 17:50,7725.50,7726.50,7723.00,7723.75,6118
2026-08-28 17:55,7723.75,7724.75,7719.50,7724.25,7441
2026-08-28 18:00,7724.25,7727.25,7722.25,7724.00,9490
2026-08-28 18:05,7724.00,7726.75,7722.25,7724.75,6932
2026-08-28 18:10,7724.75,7726.75,7720.75,7721.00,6811
2026-08-28 18:15,7721.00,7724.25,7720.25,7723.00,6675
2026-08-28 18:20,7723.00,7724.75,7718.00,7719.50,6347
2026-08-28 18:25,7719.50,7722.25,7717.75,7719.50,7529
2026-08-28 18:30,7719.50,7724.00,7719.00,7722.75,6306
2026-08-28 18:35,7723.00,7724.75,7719.75,7720.00,5887
2026-08-28 18:40,7720.25,7723.00,7719.50,7721.75,4835
2026-08-28 18:45,7721.75,7722.25,7716.50,7717.00,6460
2026-08-28 18:50,7717.00,7717.00,7712.25,7714.75,10839
2026-08-28 18:55,7714.75,7717.25,7712.75,7716.00,8727
2026-08-28 19:00,7716.00,7718.75,7713.75,7717.00,8624
2026-08-28 19:05,7717.00,7723.00,7716.50,7722.75,9706
2026-08-28 19:10,7722.75,7723.25,7719.00,7721.75,6657
2026-08-28 19:15,7721.75,7722.25,7719.25,7721.25,5758
2026-08-28 19:20,7721.25,7724.75,7720.50,7722.25,9872
2026-08-28 19:25,7722.50,7725.25,7722.25,7724.50,7181
2026-08-28 19:30,7724.50,7724.75,7721.00,7723.00,9154
2026-08-28 19:35,7723.00,7725.00,7720.25,7724.75,8553
2026-08-28 19:40,7724.75,7727.25,7724.50,7725.50,8816
2026-08-28 19:45,7725.25,7726.25,7719.50,7721.75,10287
2026-08-28 19:50,7721.75,7727.25,7720.25,7723.00,23212
2026-08-28 19:55,7723.00,7728.25,7719.50,7722.75,86934
2026-08-28 20:00,7722.75,7724.00,7720.75,7722.25,17052
2026-08-28 20:05,7722.25,7722.25,7719.00,7720.25,5062
2026-08-28 20:10,7720.25,7721.75,7719.75,7720.50,3615
2026-08-28 20:15,7720.75,7721.25,7719.75,7720.25,1676
2026-08-28 20:20,7720.50,7720.75,7719.50,7720.75,1819
2026-08-28 20:25,7720.75,7721.00,7719.50,7720.50,1247
2026-08-28 20:30,7720.25,7720.75,7719.25,7719.75,2142
2026-08-28 20:35,7719.50,7722.00,7719.50,7721.00,1619
2026-08-28 20:40,7720.75,7724.00,7720.75,7723.75,1301
2026-08-28 20:45,7723.75,7725.50,7723.50,7724.75,1231
2026-08-28 20:50,7724.75,7725.00,7723.00,7724.75,1694
2026-08-28 20:55,7724.75,7725.25,7722.00,7722.00,2330
2026-08-30 22:10,7708.00,7710.25,7706.50,7710.25,575
2026-08-30 22:15,7710.25,7713.50,7709.75,7713.00,892
2026-08-30 22:20,7713.25,7714.75,7712.50,7712.50,461
2026-08-30 22:25,7712.75,7713.00,7710.75,7711.25,483
2026-08-30 22:30,7711.50,7712.25,7709.25,7709.75,721
2026-08-30 22:35,7709.75,7710.50,7706.00,7709.25,767
2026-08-30 22:40,7709.25,7710.00,7705.00,7706.50,1149
2026-08-30 22:45,7706.25,7709.00,7705.75,7707.50,577
2026-08-30 22:50,7707.75,7709.00,7707.25,7708.50,212
2026-08-30 22:55,7708.25,7709.25,7707.75,7709.25,103
2026-08-30 23:00,7709.00,7709.50,7707.00,7708.25,399
2026-08-30 23:05,7708.00,7709.50,7707.50,7708.25,268
2026-08-30 23:10,7707.75,7708.50,7704.75,7705.00,662
2026-08-30 23:15,7704.75,7706.50,7704.25,7706.00,385
2026-08-30 23:20,7706.25,7706.25,7701.50,7703.00,1087
2026-08-30 23:25,7703.25,7703.75,7701.25,7701.25,519
2026-08-30 23:30,7701.50,7701.75,7695.75,7698.75,2187
2026-08-30 23:35,7698.75,7700.25,7696.25,7697.25,1188
2026-08-30 23:40,7697.25,7699.25,7694.25,7699.00,1154
2026-08-30 23:45,7699.00,7699.00,7688.25,7691.00,3391
2026-08-30 23:50,7691.00,7694.00,7689.75,7693.75,1131
2026-08-30 23:55,7693.50,7693.50,7688.50,7688.50,1386
2026-08-31 00:00,7688.75,7690.25,7685.00,7686.75,2817
2026-08-31 00:05,7686.75,7689.75,7684.50,7688.50,1636
2026-08-31 00:10,7688.50,7695.00,7688.00,7693.50,1390
2026-08-31 00:15,7693.50,7697.50,7693.50,7695.00,2079
2026-08-31 00:20,7695.25,7699.00,7694.50,7699.00,1144
2026-08-31 00:25,7699.00,7699.50,7696.75,7699.00,826
2026-08-31 00:30,7698.75,7703.25,7698.25,7702.50,2261
2026-08-31 00:35,7702.75,7703.75,7701.25,7702.50,1277
2026-08-31 00:40,7702.75,7703.00,7701.00,7701.50,643
2026-08-31 00:45,7701.75,7702.00,7699.50,7700.50,918
2026-08-31 00:50,7700.50,7701.50,7699.25,7700.25,1255
2026-08-31 00:55,7700.50,7700.50,7696.00,7697.25,1004
2026-08-31 01:00,7697.50,7697.50,7690.50,7695.00,2195
2026-08-31 01:05,7695.00,7695.00,7690.25,7690.75,1129
2026-08-31 01:10,7690.75,7692.00,7686.50,7691.25,1523
2026-08-31 01:15,7691.00,7692.25,7687.75,7691.25,1601
2026-08-31 01:20,7691.25,7692.75,7686.75,7689.25,1596
2026-08-31 01:25,7689.25,7691.25,7687.25,7689.75,913
2026-08-31 01:30,7689.75,7690.50,7686.75,7687.75,876
2026-08-31 01:35,7688.00,7691.00,7687.50,7690.25,663
2026-08-31 01:40,7690.25,7691.50,7688.50,7688.50,735
2026-08-31 01:45,7688.50,7690.50,7687.25,7688.75,606
2026-08-31 01:50,7689.00,7689.50,7687.25,7688.25,868
2026-08-31 01:55,7688.25,7690.50,7687.50,7690.00,510
2026-08-31 02:00,7689.75,7691.75,7687.75,7691.75,696
2026-08-31 02:05,7692.00,7694.75,7691.00,7694.25,892
2026-08-31 02:10,7694.25,7696.75,7693.25,7696.00,626
2026-08-31 02:15,7695.75,7696.25,7688.50,7691.50,1772
2026-08-31 02:20,7691.50,7691.50,7689.00,7689.75,721
2026-08-31 02:25,7689.25,7691.25,7686.75,7690.50,750
2026-08-31 02:30,7690.00,7691.00,7684.75,7685.75,1164
2026-08-31 02:35,7685.50,7687.00,7683.75,7685.75,1118
2026-08-31 02:40,7685.75,7687.00,7684.00,7685.75,548
2026-08-31 02:45,7686.00,7689.00,7684.50,7685.50,1135
2026-08-31 02:50,7685.50,7689.00,7685.00,7688.75,513
2026-08-31 02:55,7688.50,7692.25,7688.50,7692.00,636
2026-08-31 03:00,7692.00,7694.75,7691.00,7693.50,845
2026-08-31 03:05,7693.75,7695.00,7693.00,7695.00,586
2026-08-31 03:10,7695.00,7696.00,7693.75,7694.00,829
2026-08-31 03:15,7694.00,7694.00,7692.75,7693.00,585
2026-08-31 03:20,7693.00,7694.25,7692.75,7693.75,280
2026-08-31 03:25,7694.00,7695.00,7693.00,7693.25,341
2026-08-31 03:30,7693.00,7693.75,7692.25,7692.25,488
2026-08-31 03:35,7692.75,7693.25,7690.75,7691.50,460
2026-08-31 03:40,7691.50,7692.50,7691.25,7692.00,223
2026-08-31 03:45,7692.00,7692.75,7691.00,7692.00,219
2026-08-31 03:50,7692.25,7692.75,7691.25,7692.00,281
2026-08-31 03:55,7692.25,7692.75,7692.00,7692.75,122
2026-08-31 04:00,7693.00,7693.25,7691.50,7692.00,275
2026-08-31 04:05,7692.00,7692.25,7691.00,7692.25,262
2026-08-31 04:10,7692.25,7692.75,7691.25,7692.75,179
2026-08-31 04:15,7693.00,7693.25,7691.25,7692.25,215
2026-08-31 04:20,7692.25,7692.50,7691.25,7692.25,248
2026-08-31 04:25,7692.50,7692.75,7692.00,7692.50,140
2026-08-31 04:30,7692.75,7692.75,7690.75,7691.25,310
2026-08-31 04:35,7691.25,7696.25,7691.00,7696.00,543
2026-08-31 04:40,7696.00,7696.50,7694.25,7696.50,513
2026-08-31 04:45,7696.25,7696.25,7694.00,7694.00,330
2026-08-31 04:50,7694.00,7698.25,7693.75,7698.25,711
2026-08-31 04:55,7698.25,7702.25,7698.00,7700.50,1400
2026-08-31 05:00,7700.50,7703.00,7699.00,7702.50,766
2026-08-31 05:05,7702.75,7704.25,7701.75,7701.75,857
2026-08-31 05:10,7701.75,7705.75,7701.75,7705.75,565
2026-08-31 05:15,7705.50,7710.50,7705.00,7709.25,1372
2026-08-31 05:20,7709.25,7709.50,7706.50,7708.75,779
2026-08-31 05:25,7708.75,7710.00,7708.00,7708.25,673
2026-08-31 05:30,7708.50,7708.75,7703.25,7704.25,1189
2026-08-31 05:35,7704.00,7704.75,7702.00,7702.25,570
2026-08-31 05:40,7702.25,7704.50,7700.25,7702.75,785
2026-08-31 05:45,7702.75,7704.25,7702.00,7703.25,593
2026-08-31 05:50,7703.25,7703.50,7702.25,7703.25,338
2026-08-31 05:55,7703.25,7705.00,7703.00,7704.50,519
2026-08-31 06:00,7704.75,7705.00,7702.50,7704.25,748
2026-08-31 06:05,7704.25,7706.75,7704.00,7705.75,1093
2026-08-31 06:10,7705.50,7707.50,7705.00,7707.25,785
2026-08-31 06:15,7707.25,7709.00,7707.00,7707.50,1038
2026-08-31 06:20,7707.75,7709.50,7707.50,7709.25,703
2026-08-31 06:25,7709.25,7709.50,7708.00,7709.50,525
2026-08-31 06:30,7709.50,7709.50,7707.50,7708.75,582
2026-08-31 06:35,7708.75,7710.75,7708.50,7710.75,635
2026-08-31 06:40,7710.50,7710.75,7708.50,7709.00,451
2026-08-31 06:45,7709.00,7712.00,7708.75,7710.75,672
2026-08-31 06:50,7710.50,7711.00,7709.25,7711.00,392
2026-08-31 06:55,7711.00,7711.50,7710.50,7711.00,464
2026-08-31 07:00,7710.75,7711.25,7708.25,7709.50,1320
2026-08-31 07:05,7709.25,7711.00,7708.50,7709.25,919
2026-08-31 07:10,7709.50,7710.50,7708.50,7710.25,698
2026-08-31 07:15,7710.50,7710.50,7708.25,7708.75,790
2026-08-31 07:20,7709.00,7710.75,7708.75,7710.25,754
2026-08-31 07:25,7710.00,7710.75,7708.00,7709.25,789
2026-08-31 07:30,7709.00,7710.50,7708.75,7709.50,547
2026-08-31 07:35,7709.50,7710.75,7708.50,7708.75,554
2026-08-31 07:40,7709.00,7709.25,7708.00,7709.00,404
2026-08-31 07:45,7709.00,7709.50,7708.50,7709.25,381
2026-08-31 07:50,7709.25,7709.75,7707.25,7709.00,775
2026-08-31 07:55,7709.00,7710.00,7708.50,7709.50,415
2026-08-31 08:00,7709.50,7718.50,7707.75,7710.75,3249
2026-08-31 08:05,7711.00,7715.25,7709.00,7715.00,1279
2026-08-31 08:10,7715.00,7715.50,7710.50,7710.75,853
2026-08-31 08:15,7710.75,7712.75,7710.00,7711.25,498
2026-08-31 08:20,7711.25,7712.75,7709.25,7711.25,690
2026-08-31 08:25,7711.25,7713.00,7710.75,7712.50,487
2026-08-31 08:30,7712.25,7712.75,7710.75,7712.00,342
2026-08-31 08:35,7711.75,7713.00,7711.25,7711.75,530
2026-08-31 08:40,7711.75,7712.00,7710.25,7711.25,603
2026-08-31 08:45,7711.75,7713.25,7711.25,7712.50,656
2026-08-31 08:50,7712.75,7714.50,7712.25,7713.00,986
2026-08-31 08:55,7713.00,7713.75,7711.75,7712.75,451
2026-08-31 09:00,7712.50,7713.25,7710.75,7711.00,646
2026-08-31 09:05,7711.00,7713.50,7711.00,7713.50,841
2026-08-31 09:10,7713.75,7714.50,7713.00,7713.75,494
2026-08-31 09:15,7713.75,7716.00,7713.75,7715.75,400
2026-08-31 09:20,7715.50,7716.00,7713.25,7714.25,462
2026-08-31 09:25,7714.50,7714.50,7713.25,7713.50,208
2026-08-31 09:30,7713.25,7713.50,7711.75,7712.25,517
2026-08-31 09:35,7712.25,7712.75,7710.75,7711.00,374
2026-08-31 09:40,7710.75,7710.75,7709.50,7710.00,721
2026-08-31 09:45,7710.00,7710.50,7707.25,7707.25,728
2026-08-31 09:50,7707.25,7708.50,7706.75,7708.00,613
2026-08-31 09:55,7708.00,7708.00,7707.00,7707.25,413
2026-08-31 10:00,7707.50,7707.75,7705.50,7707.75,1016
2026-08-31 10:05,7707.75,7709.50,7707.50,7707.50,926
2026-08-31 10:10,7707.50,7709.00,7707.00,7709.00,500
2026-08-31 10:15,7708.75,7708.75,7706.25,7707.50,669
2026-08-31 10:20,7707.50,7709.25,7707.25,7708.75,667
2026-08-31 10:25,7708.50,7709.75,7706.50,7708.50,556
2026-08-31 10:30,7708.25,7708.50,7706.75,7707.50,290
2026-08-31 10:35,7707.75,7708.75,7707.50,7708.75,392
2026-08-31 10:40,7708.75,7709.00,7707.50,7708.50,299
2026-08-31 10:45,7708.25,7709.00,7707.50,7708.25,247
2026-08-31 10:50,7708.50,7711.25,7707.75,7709.50,641
2026-08-31 10:55,7709.50,7710.50,7708.75,7709.75,568
2026-08-31 11:00,7709.75,7711.00,7708.25,7708.50,860
2026-08-31 11:05,7708.50,7710.25,7707.25,7709.25,586
2026-08-31 11:10,7709.00,7710.00,7707.25,7707.50,394
2026-08-31 11:15,7707.25,7710.25,7706.75,7709.50,575
2026-08-31 11:20,7709.75,7709.75,7708.00,7709.50,510
2026-08-31 11:25,7709.25,7711.25,7708.75,7710.50,383
2026-08-31 11:30,7710.50,7710.50,7705.75,7706.00,860
2026-08-31 11:35,7705.75,7706.25,7704.75,7705.00,774
2026-08-31 11:40,7705.00,7708.50,7702.75,7702.75,2421
2026-08-31 11:45,7703.00,7704.50,7700.50,7702.75,2270
2026-08-31 11:50,7702.75,7704.75,7702.00,7702.50,887
2026-08-31 11:55,7702.75,7703.75,7702.25,7702.25,525
2026-08-31 12:00,7702.50,7704.75,7702.25,7703.75,1374
2026-08-31 12:05,7703.75,7708.25,7694.25,7705.00,5803
2026-08-31 12:10,7705.00,7706.00,7703.00,7705.00,1131
2026-08-31 12:15,7705.25,7708.00,7705.00,7708.00,1358
2026-08-31 12:20,7708.00,7709.25,7703.25,7703.75,1052
2026-08-31 12:25,7703.50,7703.75,7694.75,7698.00,6231
2026-08-31 12:30,7697.75,7699.25,7695.50,7699.00,2418
2026-08-31 12:35,7699.00,7701.50,7693.75,7694.00,4276
2026-08-31 12:40,7694.00,7694.75,7691.50,7693.00,4058
2026-08-31 12:45,7693.00,7694.75,7692.00,7694.00,1718
2026-08-31 12:50,7694.00,7695.25,7692.25,7692.50,1578
2026-08-31 12:55,7692.75,7695.00,7691.50,7693.75,1947
2026-08-31 13:00,7693.75,7696.00,7692.75,7693.75,3023
2026-08-31 13:05,7693.50,7696.00,7692.75,7695.75,2650
2026-08-31 13:10,7695.75,7698.50,7695.00,7698.25,2297
2026-08-31 13:15,7698.25,7701.00,7698.25,7699.00,2891
2026-08-31 13:20,7699.00,7700.25,7698.50,7699.00,1610
2026-08-31 13:25,7698.75,7702.50,7697.50,7701.50,7567
2026-08-31 13:30,7701.25,7704.25,7690.75,7691.50,32203
2026-08-31 13:35,7691.75,7692.75,7685.25,7690.50,24557
2026-08-31 13:40,7690.50,7694.50,7685.25,7686.00,19277
2026-08-31 13:45,7686.25,7694.00,7682.50,7689.00,28456
2026-08-31 13:50,7689.00,7693.25,7685.50,7692.75,16129
2026-08-31 13:55,7692.75,7695.00,7688.75,7689.50,14414
2026-08-31 14:00,7689.75,7691.00,7685.00,7685.75,11254
2026-08-31 14:05,7685.75,7688.75,7682.25,7682.75,13248
2026-08-31 14:10,7682.75,7687.00,7681.25,7686.25,12181
2026-08-31 14:15,7686.25,7688.25,7683.50,7687.25,10499
2026-08-31 14:20,7687.25,7687.50,7677.50,7677.50,14190
2026-08-31 14:25,7677.50,7678.50,7674.75,7676.75,16527
2026-08-31 14:30,7676.75,7679.25,7675.75,7676.25,11400
2026-08-31 14:35,7676.50,7685.75,7675.75,7684.00,14304
2026-08-31 14:40,7684.00,7688.75,7683.75,7686.00,11695
2026-08-31 14:45,7686.00,7686.50,7681.50,7682.25,10869
2026-08-31 14:50,7682.00,7686.50,7681.50,7686.25,8575
2026-08-31 14:55,7686.25,7692.00,7685.25,7687.50,12981
2026-08-31 15:00,7687.50,7692.50,7684.75,7685.50,14390
2026-08-31 15:05,7685.50,7690.00,7684.00,7684.75,7668
2026-08-31 15:10,7684.75,7687.75,7683.25,7685.25,8140
2026-08-31 15:15,7685.50,7687.00,7681.50,7685.75,7592
2026-08-31 15:20,7685.50,7688.75,7683.75,7688.50,7365
2026-08-31 15:25,7688.50,7689.75,7686.00,7687.50,7746
2026-08-31 15:30,7687.25,7688.00,7682.25,7685.50,10548
2026-08-31 15:35,7685.50,7686.50,7682.25,7683.75,7032
2026-08-31 15:40,7684.00,7686.75,7681.75,7686.00,5814
2026-08-31 15:45,7686.25,7688.25,7684.25,7686.50,6128
2026-08-31 15:50,7686.50,7691.25,7686.25,7688.75,7974
2026-08-31 15:55,7688.50,7689.00,7680.75,7682.00,8045
2026-08-31 16:00,7682.00,7682.00,7678.00,7679.50,9848
2026-08-31 16:05,7679.25,7679.75,7677.25,7679.00,7200
2026-08-31 16:10,7679.00,7685.75,7678.25,7685.00,10161
2026-08-31 16:15,7685.00,7685.50,7680.50,7683.75,6727
2026-08-31 16:20,7683.75,7684.50,7680.25,7682.50,5906
2026-08-31 16:25,7682.50,7687.25,7682.25,7687.00,6128
2026-08-31 16:30,7686.75,7687.25,7684.00,7686.00,8977
2026-08-31 16:35,7686.00,7687.25,7679.75,7680.25,6138
2026-08-31 16:40,7680.25,7685.25,7679.50,7682.00,8228
2026-08-31 16:45,7681.75,7686.50,7681.75,7685.25,5658
2026-08-31 16:50,7685.25,7687.75,7684.75,7686.00,4655
2026-08-31 16:55,7686.00,7687.75,7685.50,7686.50,4637
2026-08-31 17:00,7686.50,7686.75,7683.50,7684.75,5562
2026-08-31 17:05,7684.75,7686.00,7683.00,7683.50,4181
2026-08-31 17:10,7683.75,7687.25,7683.50,7687.25,3921
2026-08-31 17:15,7687.00,7688.50,7684.75,7686.50,6124
2026-08-31 17:20,7686.50,7687.50,7684.75,7685.75,4681
2026-08-31 17:25,7685.75,7686.00,7681.50,7682.00,5584
2026-08-31 17:30,7682.00,7683.25,7679.25,7680.75,7925
2026-08-31 17:35,7680.75,7686.25,7680.75,7686.25,6177
2026-08-31 17:40,7686.00,7690.50,7685.50,7690.50,8828
2026-08-31 17:45,7690.50,7692.50,7689.25,7691.25,8728
2026-08-31 17:50,7691.25,7695.75,7691.00,7695.75,8444
2026-08-31 17:55,7695.50,7696.25,7691.50,7693.00,7394
2026-08-31 18:00,7693.00,7694.25,7689.75,7693.50,11400
2026-08-31 18:05,7693.75,7695.00,7692.25,7694.50,5362
2026-08-31 18:10,7694.25,7695.00,7692.25,7695.00,4300
2026-08-31 18:15,7694.75,7695.75,7693.25,7694.75,4790
2026-08-31 18:20,7694.50,7696.25,7692.75,7694.00,5326
2026-08-31 18:25,7694.00,7694.25,7690.75,7691.00,7143
2026-08-31 18:30,7690.75,7692.00,7687.75,7688.25,7541
2026-08-31 18:35,7688.25,7689.00,7680.50,7682.25,16495
2026-08-31 18:40,7682.25,7683.75,7678.00,7681.50,12933
2026-08-31 18:45,7681.25,7682.00,7679.50,7681.75,9558
2026-08-31 18:50,7682.00,7685.00,7679.75,7684.25,9472
2026-08-31 18:55,7684.00,7686.50,7683.25,7684.50,8319
2026-08-31 19:00,7684.50,7688.50,7684.50,7685.75,8671
2026-08-31 19:05,7686.00,7688.25,7684.50,7688.25,6580
2026-08-31 19:10,7688.25,7690.25,7687.25,7689.75,8740
2026-08-31 19:15,7689.75,7690.25,7687.75,7688.25,7908
2026-08-31 19:20,7688.00,7692.75,7687.75,7692.00,10940
2026-08-31 19:25,7692.00,7695.50,7690.50,7694.25,9642
2026-08-31 19:30,7694.25,7694.50,7689.75,7692.50,11751
2026-08-31 19:35,7692.25,7695.00,7691.75,7694.50,6783
2026-08-31 19:40,7694.25,7700.25,7693.75,7698.00,15035
2026-08-31 19:45,7698.00,7700.00,7693.75,7696.50,13471
2026-08-31 19:50,7696.50,7704.50,7696.50,7701.00,32869
2026-08-31 19:55,7701.25,7708.25,7693.75,7697.75,151910
2026-08-31 20:00,7697.75,7704.75,7696.50,7700.75,31135
2026-08-31 20:05,7700.75,7703.75,7700.50,7702.50,5128
2026-08-31 20:10,7702.75,7703.75,7701.00,7701.75,4897
2026-08-31 20:15,7701.50,7702.00,7700.75,7702.00,2421
2026-08-31 20:20,7702.00,7702.00,7700.75,7701.25,1213
2026-08-31 20:25,7701.25,7702.75,7701.00,7702.50,1211
2026-08-31 20:30,7702.50,7702.50,7701.00,7701.75,1353
2026-08-31 20:35,7702.00,7702.75,7701.75,7702.25,932
2026-08-31 20:40,7702.25,7703.00,7702.25,7702.50,714
2026-08-31 20:45,7702.25,7702.75,7700.50,7700.50,1559
2026-08-31 20:50,7700.50,7702.50,7700.25,7701.75,843
2026-08-31 20:55,7702.00,7702.25,7700.75,7701.25,1154
2026-08-31 22:00,7701.25,7702.50,7700.00,7702.00,0
2026-08-31 22:05,7702.25,7702.50,7701.00,7702.25,539
2026-08-31 22:10,7702.50,7702.75,7701.25,7702.25,678
2026-08-31 22:15,7702.50,7702.50,7700.75,7701.50,436
2026-08-31 22:20,7701.50,7702.00,7701.00,7701.75,261
2026-08-31 22:25,7702.00,7702.00,7701.25,7701.50,151
2026-08-31 22:30,7701.50,7702.25,7701.25,7702.00,235
2026-08-31 22:35,7701.75,7702.75,7701.75,7702.25,192
2026-08-31 22:40,7702.25,7702.50,7701.50,7701.50,199
2026-08-31 22:45,7701.75,7702.25,7700.75,7700.75,250
2026-08-31 22:50,7701.00,7701.00,7700.50,7700.50,375
2026-08-31 22:55,7700.50,7701.75,7700.50,7701.25,217
2026-08-31 23:00,7701.00,7702.25,7700.75,7701.25,498
2026-08-31 23:05,7701.25,7702.25,7701.25,7702.25,386
2026-08-31 23:10,7702.25,7703.25,7702.00,7702.25,522
2026-08-31 23:15,7702.25,7702.50,7701.25,7702.00,277
2026-08-31 23:20,7702.00,7702.00,7700.50,7701.00,166
2026-08-31 23:25,7701.25,7703.00,7701.00,7702.75,387
2026-08-31 23:30,7702.50,7705.00,7702.00,7704.50,508
2026-08-31 23:35,7704.50,7705.25,7702.75,7703.50,571
2026-08-31 23:40,7703.50,7704.25,7703.25,7704.00,492
2026-08-31 23:45,7704.00,7704.75,7702.25,7703.00,1338
2026-08-31 23:50,7702.75,7704.00,7702.50,7702.75,583
2026-08-31 23:55,7703.00,7703.50,7702.00,7703.50,508
2026-09-01 00:00,7703.75,7704.75,7700.50,7704.75,1692
2026-09-01 00:05,7704.75,7707.75,7704.25,7707.25,977
2026-09-01 00:10,7707.25,7707.50,7703.25,7703.75,590
2026-09-01 00:15,7703.50,7707.25,7702.50,7707.25,871
2026-09-01 00:20,7707.25,7708.00,7706.50,7706.50,668
2026-09-01 00:25,7706.50,7707.50,7705.75,7706.00,617
2026-09-01 00:30,7706.00,7707.50,7703.75,7705.00,694
2026-09-01 00:35,7704.75,7705.00,7703.50,7704.00,428
2026-09-01 00:40,7704.00,7706.75,7703.75,7705.50,617
2026-09-01 00:45,7705.75,7706.00,7704.00,7705.25,611
2026-09-01 00:50,7705.50,7705.75,7704.50,7704.75,317
2026-09-01 00:55,7705.00,7705.00,7704.00,7705.00,417
2026-09-01 01:00,7704.75,7705.75,7704.25,7704.75,1014
2026-09-01 01:05,7704.75,7705.00,7702.25,7703.50,1396
2026-09-01 01:10,7703.50,7704.75,7702.25,7704.75,1028
2026-09-01 01:15,7704.75,7704.75,7703.50,7703.75,433
2026-09-01 01:20,7704.00,7704.25,7702.50,7702.50,581
2026-09-01 01:25,7702.50,7702.75,7699.00,7699.50,1290
2026-09-01 01:30,7699.25,7702.50,7698.00,7702.50,1328
2026-09-01 01:35,7702.50,7705.00,7702.00,7703.50,934
2026-09-01 01:40,7703.50,7704.50,7702.00,7704.50,665
2026-09-01 01:45,7704.75,7705.25,7703.25,7704.25,821
2026-09-01 01:50,7704.00,7704.50,7702.50,7702.50,583
2026-09-01 01:55,7702.75,7704.25,7702.50,7703.25,455
2026-09-01 02:00,7703.00,7703.75,7702.00,7702.00,467
2026-09-01 02:05,7702.00,7702.25,7700.00,7700.25,990
2026-09-01 02:10,7700.25,7700.25,7698.25,7698.75,666
2026-09-01 02:15,7698.75,7699.25,7697.75,7698.75,574
2026-09-01 02:20,7699.00,7699.50,7697.50,7697.50,407
2026-09-01 02:25,7697.50,7697.50,7695.50,7696.75,830
2026-09-01 02:30,7696.75,7699.00,7696.50,7697.50,851
2026-09-01 02:35,7697.50,7697.50,7694.50,7694.75,379
2026-09-01 02:40,7694.75,7695.25,7693.75,7694.50,653
2026-09-01 02:45,7694.25,7696.25,7694.00,7695.50,724
2026-09-01 02:50,7695.75,7696.75,7695.50,7696.25,353
2026-09-01 02:55,7696.25,7700.50,7696.00,7700.25,783
2026-09-01 03:00,7700.25,7700.25,7697.00,7697.00,737
2026-09-01 03:05,7697.00,7698.25,7696.75,7697.25,375
2026-09-01 03:10,7697.00,7697.50,7696.25,7696.25,249
2026-09-01 03:15,7696.50,7697.50,7696.25,7696.75,332
2026-09-01 03:20,7696.75,7697.00,7696.25,7696.50,249
2026-09-01 03:25,7696.50,7697.50,7695.50,7695.75,466
2026-09-01 03:30,7696.00,7697.25,7695.25,7695.75,401
2026-09-01 03:35,7695.75,7697.50,7695.50,7697.00,350
2026-09-01 03:40,7697.00,7697.75,7696.50,7696.75,295
2026-09-01 03:45,7696.50,7697.75,7695.75,7697.50,549
2026-09-01 03:50,7697.50,7697.75,7696.25,7696.50,307
2026-09-01 03:55,7696.25,7696.50,7696.00,7696.50,206
2026-09-01 04:05,7696.50,7696.50,7696.00,7696.00,798
2026-09-01 04:10,7696.25,7697.00,7696.00,7696.50,244
2026-09-01 04:15,7696.50,7698.00,7696.50,7697.50,386
2026-09-01 04:20,7697.25,7698.00,7696.75,7697.00,211
2026-09-01 04:25,7697.25,7697.50,7695.00,7696.25,409
2026-09-01 04:30,7696.25,7697.25,7695.75,7696.25,298
2026-09-01 04:35,7696.50,7697.00,7695.50,7695.50,176
2026-09-01 04:40,7695.75,7696.00,7693.25,7693.50,453
2026-09-01 04:45,7693.75,7696.75,7693.50,7696.00,386
2026-09-01 04:50,7696.00,7696.25,7693.50,7693.50,273
2026-09-01 04:55,7693.50,7693.75,7692.00,7692.75,851
2026-09-01 05:00,7692.75,7692.75,7690.75,7692.50,667
2026-09-01 05:05,7692.75,7693.25,7692.50,7693.00,318
2026-09-01 05:10,7693.00,7693.00,7691.75,7691.75,351
2026-09-01 05:15,7691.75,7692.25,7690.50,7690.75,309
2026-09-01 05:20,7690.75,7691.25,7690.00,7691.25,527
2026-09-01 05:25,7691.25,7695.00,7691.00,7694.50,763
2026-09-01 05:30,7694.50,7696.75,7694.00,7695.75,1081
2026-09-01 05:35,7695.75,7701.25,7695.25,7699.50,1176
2026-09-01 05:40,7699.75,7703.25,7699.50,7702.75,1050
2026-09-01 05:45,7703.00,7703.50,7701.50,7701.75,752
2026-09-01 05:50,7701.75,7703.50,7701.25,7703.25,704
2026-09-01 05:55,7703.25,7706.25,7703.25,7704.50,1538
2026-09-01 06:00,7704.75,7705.50,7702.00,7702.00,1188
2026-09-01 06:05,7702.25,7703.50,7701.00,7701.00,1708
2026-09-01 06:10,7701.25,7701.75,7700.00,7700.50,985
2026-09-01 06:15,7700.25,7700.50,7698.00,7699.25,969
2026-09-01 06:20,7699.25,7700.00,7697.25,7697.75,848
2026-09-01 06:25,7698.00,7699.50,7696.50,7696.75,475
2026-09-01 06:30,7696.75,7699.50,7696.00,7697.75,655
2026-09-01 06:35,7697.50,7700.25,7696.00,7700.00,386
2026-09-01 06:40,7700.00,7700.00,7698.75,7699.25,257
2026-09-01 06:45,7699.50,7699.50,7697.75,7698.00,319
2026-09-01 06:50,7698.00,7699.00,7697.50,7699.00,426
2026-09-01 06:55,7698.75,7699.00,7697.25,7697.50,799
2026-09-01 07:00,7697.25,7704.50,7696.50,7704.25,2910
2026-09-01 07:05,7704.00,7705.50,7701.00,7701.00,1850
2026-09-01 07:10,7701.00,7705.25,7698.75,7705.00,1418
2026-09-01 07:15,7704.75,7705.25,7701.25,7703.00,604
2026-09-01 07:20,7703.00,7704.25,7701.50,7702.50,614
2026-09-01 07:25,7702.25,7704.50,7702.25,7703.00,567
2026-09-01 07:30,7703.00,7703.25,7698.50,7698.75,1726
2026-09-01 07:35,7698.50,7698.50,7692.25,7692.25,2065
2026-09-01 07:40,7692.50,7693.25,7691.00,7691.25,1473
2026-09-01 07:45,7691.00,7693.75,7687.00,7693.25,2156
2026-09-01 07:50,7693.00,7694.00,7692.00,7692.25,1335
2026-09-01 07:55,7692.25,7693.25,7689.25,7690.50,1635
2026-09-01 08:00,7690.50,7691.25,7687.75,7689.50,1630
2026-09-01 08:05,7689.25,7693.00,7673.50,7675.25,7816
2026-09-01 08:10,7675.25,7678.75,7674.00,7676.50,2962
2026-09-01 08:15,7677.00,7679.25,7670.50,7672.50,2898
2026-09-01 08:20,7672.50,7673.00,7667.75,7668.50,4102
2026-09-01 08:25,7668.50,7669.50,7664.50,7665.75,4968
2026-09-01 08:30,7665.75,7669.00,7663.75,7668.00,3823
2026-09-01 08:35,7668.00,7668.00,7661.25,7662.75,4230
2026-09-01 08:40,7663.00,7664.75,7658.75,7661.00,4337
2026-09-01 08:45,7661.00,7663.25,7659.50,7661.50,2800
2026-09-01 08:50,7661.50,7665.00,7660.00,7663.75,2519
2026-09-01 08:55,7663.75,7666.00,7658.50,7658.50,2907
2026-09-01 09:00,7658.75,7660.00,7656.50,7658.25,2907
2026-09-01 09:05,7658.25,7659.00,7653.50,7654.00,3157
2026-09-01 09:10,7654.25,7655.75,7651.50,7652.25,2940
2026-09-01 09:15,7652.00,7654.50,7650.25,7652.00,3185
2026-09-01 09:20,7652.00,7652.50,7649.75,7650.00,2773
2026-09-01 09:25,7650.25,7651.50,7648.50,7651.00,1643
2026-09-01 09:30,7651.25,7653.25,7650.00,7652.75,2453
2026-09-01 09:35,7652.75,7653.50,7649.50,7650.00,2329
2026-09-01 09:40,7650.00,7653.25,7649.75,7652.50,1397
2026-09-01 09:45,7652.75,7656.25,7652.50,7655.00,1910
2026-09-01 09:50,7654.75,7655.75,7654.25,7655.25,1055
2026-09-01 09:55,7655.50,7655.75,7653.25,7653.25,1612
2026-09-01 10:00,7653.50,7655.75,7650.75,7652.50,1697
2026-09-01 10:05,7652.75,7654.50,7652.25,7653.00,1075
2026-09-01 10:10,7653.25,7656.50,7652.50,7655.50,944
2026-09-01 10:15,7655.50,7656.50,7653.25,7654.75,1638
2026-09-01 10:20,7655.00,7661.25,7654.75,7661.00,1930
2026-09-01 10:25,7661.00,7662.00,7660.00,7660.50,1389
2026-09-01 10:30,7660.50,7663.75,7660.50,7663.75,1192
2026-09-01 10:35,7663.75,7664.50,7662.75,7663.00,877
2026-09-01 10:40,7663.00,7663.00,7658.75,7659.00,1562
2026-09-01 10:45,7659.00,7662.50,7657.75,7658.75,3955
2026-09-01 10:50,7658.75,7658.75,7654.25,7656.50,1446
2026-09-01 10:55,7656.25,7657.25,7655.75,7656.50,984
2026-09-01 11:00,7656.25,7657.00,7653.75,7656.00,2044
2026-09-01 11:05,7655.75,7656.00,7652.50,7655.25,2005
2026-09-01 11:10,7655.25,7656.75,7655.00,7655.75,1332
2026-09-01 11:15,7655.75,7657.25,7655.50,7657.00,1424
2026-09-01 11:20,7657.00,7658.25,7654.50,7655.25,1648
2026-09-01 11:25,7655.25,7657.75,7654.50,7657.25,1793
2026-09-01 11:30,7657.00,7659.50,7656.75,7657.50,1958
2026-09-01 11:35,7657.50,7662.25,7656.75,7662.00,1809
2026-09-01 11:40,7662.25,7663.25,7660.75,7660.75,1444
2026-09-01 11:45,7661.00,7661.50,7659.00,7659.50,1481
2026-09-01 11:50,7659.50,7660.25,7657.00,7657.50,1416
2026-09-01 11:55,7657.25,7657.25,7651.25,7652.50,2734
2026-09-01 12:00,7652.25,7653.00,7650.00,7652.50,3809
2026-09-01 12:05,7652.50,7653.00,7649.75,7650.50,2635
2026-09-01 12:10,7650.50,7652.50,7648.50,7652.25,2655
2026-09-01 12:15,7652.00,7654.75,7650.50,7650.50,3220
2026-09-01 12:20,7650.50,7652.50,7648.75,7651.25,2492
2026-09-01 12:25,7651.25,7654.00,7650.50,7653.25,1925
2026-09-01 12:30,7653.00,7653.00,7647.25,7649.00,3803
2026-09-01 12:35,7648.75,7651.00,7645.00,7648.50,4378
2026-09-01 12:40,7648.25,7649.25,7646.00,7647.75,3141
2026-09-01 12:45,7647.50,7651.50,7647.25,7647.75,3145
2026-09-01 12:50,7647.75,7649.50,7646.50,7647.75,3139
2026-09-01 12:55,7647.75,7649.25,7647.00,7647.50,1971
2026-09-01 13:00,7647.25,7647.50,7640.50,7643.25,5789
2026-09-01 13:05,7643.25,7645.25,7641.75,7644.00,5610
2026-09-01 13:10,7644.00,7645.25,7642.75,7644.00,2930
2026-09-01 13:15,7644.00,7645.75,7643.00,7645.25,4251
2026-09-01 13:20,7645.25,7648.00,7644.50,7647.75,4361
2026-09-01 13:25,7647.75,7648.75,7644.75,7647.00,6579
2026-09-01 13:30,7647.00,7648.25,7638.75,7646.25,46364
2026-09-01 13:35,7646.25,7650.75,7642.75,7644.75,24853
2026-09-01 13:40,7644.50,7648.25,7641.00,7646.50,18427
2026-09-01 13:45,7646.50,7649.00,7643.75,7649.00,17183
2026-09-01 13:50,7649.00,7652.75,7642.75,7645.00,17755
2026-09-01 13:55,7645.25,7648.00,7641.50,7647.00,15296
2026-09-01 14:00,7647.25,7652.75,7644.50,7648.50,19448
2026-09-01 14:05,7648.75,7656.75,7648.75,7656.25,18133
2026-09-01 14:10,7656.25,7658.00,7651.75,7657.00,18262
2026-09-01 14:15,7657.00,7662.50,7656.75,7660.25,23254
2026-09-01 14:20,7660.25,7667.75,7660.25,7664.00,24174
2026-09-01 14:25,7664.00,7667.25,7663.25,7664.75,19287
2026-09-01 14:30,7664.75,7672.25,7664.50,7671.50,21393
2026-09-01 14:35,7671.50,7673.00,7668.00,7669.75,17553
2026-09-01 14:40,7670.00,7670.75,7665.75,7668.50,13819
2026-09-01 14:45,7668.75,7670.75,7666.25,7666.50,12915
2026-09-01 14:50,7666.25,7666.50,7662.00,7663.00,17952
2026-09-01 14:55,7663.00,7664.00,7660.25,7662.25,13962
2026-09-01 15:00,7662.50,7663.50,7657.00,7658.00,16734
2026-09-01 15:05,7658.00,7658.75,7653.75,7654.75,16794
2026-09-01 15:10,7654.75,7658.75,7654.00,7656.25,12849
2026-09-01 15:15,7656.25,7660.75,7655.50,7660.00,11215
2026-09-01 15:20,7660.00,7661.75,7657.75,7661.25,10954
2026-09-01 15:25,7661.25,7663.00,7658.75,7662.75,10855
2026-09-01 15:30,7663.00,7664.75,7661.25,7663.25,16042
2026-09-01 15:35,7663.00,7668.00,7661.75,7667.75,11945
2026-09-01 15:40,7668.00,7669.50,7666.50,7669.25,11934
2026-09-01 15:45,7669.00,7673.00,7668.00,7672.75,18028
2026-09-01 15:50,7672.75,7673.75,7669.75,7672.25,11465
2026-09-01 15:55,7672.50,7672.75,7668.25,7670.00,9661
2026-09-01 16:00,7670.00,7670.50,7667.50,7669.50,9746
2026-09-01 16:05,7669.25,7670.00,7664.75,7666.00,10354
2026-09-01 16:10,7665.75,7668.00,7661.75,7662.00,11420
2026-09-01 16:15,7662.25,7663.00,7656.25,7657.00,14885
2026-09-01 16:20,7657.00,7657.75,7650.50,7655.25,24862
2026-09-01 16:25,7655.25,7656.25,7649.25,7652.00,25740
2026-09-01 16:30,7652.00,7653.25,7642.50,7643.75,24082
2026-09-01 16:35,7643.75,7649.00,7643.75,7649.00,18246
2026-09-01 16:40,7649.00,7650.75,7643.50,7643.75,13822
2026-09-01 16:45,7643.75,7647.00,7643.00,7646.25,10811
2026-09-01 16:50,7646.25,7647.50,7644.25,7645.50,9149
2026-09-01 16:55,7645.75,7650.75,7645.75,7649.50,10121
2026-09-01 17:00,7649.50,7649.50,7643.50,7643.75,11282
2026-09-01 17:05,7643.50,7645.00,7641.75,7643.75,10355
2026-09-01 17:10,7643.75,7647.50,7643.00,7646.50,10056
2026-09-01 17:15,7646.25,7648.25,7641.75,7642.75,10105
2026-09-01 17:20,7642.75,7644.50,7641.75,7642.75,7571
2026-09-01 17:25,7643.00,7644.00,7635.00,7643.50,19416
2026-09-01 17:30,7643.75,7647.25,7642.75,7646.50,12479
2026-09-01 17:35,7646.75,7649.00,7644.50,7645.75,9840
2026-09-01 17:40,7645.75,7649.00,7645.25,7647.25,7920
2026-09-01 17:45,7647.25,7648.00,7642.25,7642.50,8148
2026-09-01 17:50,7642.50,7645.00,7641.25,7642.25,8619
2026-09-01 17:55,7642.50,7645.50,7641.25,7644.75,7514
2026-09-01 18:00,7645.00,7647.00,7642.25,7642.75,8569
2026-09-01 18:05,7642.75,7643.75,7641.00,7643.25,6950
2026-09-01 18:10,7643.00,7644.00,7639.75,7640.25,6855
2026-09-01 18:15,7640.25,7645.00,7639.25,7644.50,9177
2026-09-01 18:20,7644.50,7645.25,7641.75,7643.25,6851
2026-09-01 18:25,7643.25,7643.25,7637.25,7638.75,13258
2026-09-01 18:30,7638.75,7639.50,7633.50,7634.25,15630
2026-09-01 18:35,7634.25,7636.00,7631.75,7632.00,11021
2026-09-01 18:40,7632.00,7633.25,7623.50,7624.00,21747
2026-09-01 18:45,7624.00,7629.50,7621.50,7628.75,19555
2026-09-01 18:50,7628.75,7630.50,7627.00,7629.25,11565
2026-09-01 18:55,7629.00,7635.75,7628.25,7634.00,16730
2026-09-01 19:00,7634.00,7639.00,7632.75,7638.50,17329
2026-09-01 19:05,7638.25,7638.75,7635.25,7637.75,12851
2026-09-01 19:10,7637.75,7641.75,7637.25,7641.75,13765
2026-09-01 19:15,7641.50,7643.00,7639.00,7641.25,12770
2026-09-01 19:20,7641.00,7641.75,7637.50,7640.00,11642
2026-09-01 19:25,7640.00,7641.50,7638.50,7640.75,8820
2026-09-01 19:30,7640.75,7641.00,7634.50,7638.25,15797
2026-09-01 19:35,7638.25,7640.25,7635.25,7635.50,10702
2026-09-01 19:40,7635.75,7639.75,7634.25,7637.75,11906
2026-09-01 19:45,7637.75,7641.75,7636.75,7639.75,16296
2026-09-01 19:50,7639.75,7640.25,7633.00,7636.50,25119
2026-09-01 19:55,7636.75,7645.50,7633.00,7644.00,97036
2026-09-01 20:00,7644.00,7647.25,7640.75,7643.00,29065
2026-09-01 20:05,7643.00,7645.00,7641.25,7643.50,5787
2026-09-01 20:10,7643.50,7645.00,7643.00,7644.50,3336
2026-09-01 20:15,7644.50,7648.00,7644.25,7647.50,3547
2026-09-01 20:20,7647.75,7648.75,7647.25,7647.75,1506
2026-09-01 20:25,7647.50,7648.25,7646.75,7647.00,1301
2026-09-01 20:30,7646.75,7647.50,7645.50,7645.50,1396
2026-09-01 20:35,7645.75,7646.00,7645.50,7645.75,946
2026-09-01 20:40,7645.75,7648.75,7645.00,7647.50,2288
2026-09-01 20:45,7647.25,7647.50,7646.00,7646.75,1247
2026-09-01 20:50,7646.50,7648.00,7646.50,7647.50,1449
2026-09-01 20:55,7647.50,7648.00,7645.75,7647.50,1449
2026-09-01 22:00,7645.00,7648.00,7642.75,7643.00,0
2026-09-01 22:05,7643.00,7644.25,7641.50,7643.00,761
2026-09-01 22:10,7642.75,7642.75,7641.50,7642.50,266
2026-09-01 22:15,7642.25,7643.25,7642.25,7642.75,258
2026-09-01 22:20,7642.50,7643.25,7641.75,7643.25,317
2026-09-01 22:25,7643.00,7644.00,7642.25,7643.25,325
2026-09-01 22:30,7643.00,7644.25,7643.00,7643.50,210
2026-09-01 22:35,7643.50,7644.25,7642.75,7643.75,396
2026-09-01 22:40,7644.00,7644.00,7643.00,7643.25,133
2026-09-01 22:45,7643.50,7646.25,7643.50,7646.00,553
2026-09-01 22:50,7645.75,7647.25,7645.50,7645.50,434
2026-09-01 22:55,7645.50,7646.50,7644.75,7645.25,215
2026-09-01 23:00,7645.25,7646.00,7645.00,7645.25,391
2026-09-01 23:05,7645.50,7646.00,7645.00,7645.25,140
2026-09-01 23:10,7645.50,7646.00,7645.25,7645.50,108
2026-09-01 23:15,7645.75,7646.00,7645.25,7645.25,126
2026-09-01 23:20,7645.50,7646.00,7644.25,7645.25,271
2026-09-01 23:25,7645.00,7645.75,7644.75,7645.75,219
2026-09-01 23:30,7646.00,7646.25,7645.00,7645.75,203
2026-09-01 23:35,7645.50,7646.50,7645.50,7645.75,136
2026-09-01 23:40,7645.50,7646.75,7645.50,7646.25,82
2026-09-01 23:45,7646.50,7647.25,7645.50,7646.50,372
2026-09-01 23:50,7646.50,7647.00,7645.50,7646.25,295
2026-09-01 23:55,7646.25,7647.00,7646.00,7646.25,407
2026-09-02 00:00,7646.50,7647.00,7644.25,7645.00,767
2026-09-02 00:05,7645.00,7646.25,7641.75,7644.75,1194
2026-09-02 00:10,7644.50,7646.00,7643.25,7644.50,945
2026-09-02 00:15,7644.50,7647.25,7644.50,7645.50,1223
2026-09-02 00:20,7645.50,7651.50,7645.25,7647.25,2152
2026-09-02 00:25,7647.25,7647.25,7644.00,7644.25,964
2026-09-02 00:30,7644.25,7647.00,7643.00,7643.75,957
2026-09-02 00:35,7643.75,7645.75,7643.50,7644.50,703
2026-09-02 00:40,7644.25,7645.75,7642.25,7645.50,710
2026-09-02 00:45,7645.50,7646.25,7644.75,7645.50,388
2026-09-02 00:50,7645.25,7645.50,7643.00,7643.00,532
2026-09-02 00:55,7643.25,7644.75,7640.00,7640.00,1054
2026-09-02 01:00,7640.00,7642.75,7639.25,7641.75,1662
2026-09-02 01:05,7641.75,7642.00,7639.00,7639.50,883
2026-09-02 01:10,7639.25,7640.25,7637.00,7638.50,1543
2026-09-02 01:15,7638.25,7640.75,7638.00,7640.00,1847
2026-09-02 01:20,7640.25,7642.00,7639.00,7642.00,688
2026-09-02 01:25,7642.00,7642.75,7640.00,7640.75,488
2026-09-02 01:30,7641.00,7641.75,7639.00,7641.75,440
2026-09-02 01:35,7642.00,7642.25,7637.25,7637.75,912
2026-09-02 01:40,7637.75,7638.50,7636.25,7637.00,1203
2026-09-02 01:45,7637.00,7637.50,7635.25,7635.75,1141
2026-09-02 01:50,7635.75,7635.75,7632.25,7634.50,2409
2026-09-02 01:55,7634.50,7637.00,7634.25,7636.75,1372
2026-09-02 02:00,7637.00,7637.00,7633.50,7634.00,687
2026-09-02 02:05,7634.25,7635.75,7633.75,7634.50,882
2026-09-02 02:10,7634.50,7637.00,7634.50,7636.75,538
2026-09-02 02:15,7636.50,7639.75,7636.50,7639.50,775
2026-09-02 02:20,7639.50,7641.75,7638.75,7641.00,961
2026-09-02 02:25,7640.75,7641.75,7640.25,7640.25,557
2026-09-02 02:30,7640.50,7640.50,7638.50,7639.25,745
2026-09-02 02:35,7639.25,7639.75,7638.00,7639.00,453
2026-09-02 02:40,7639.00,7640.50,7639.00,7640.25,366
2026-09-02 02:45,7640.25,7641.50,7640.25,7641.25,375
2026-09-02 02:50,7641.00,7641.75,7640.25,7640.50,464
2026-09-02 02:55,7640.50,7641.25,7639.50,7641.00,1138
2026-09-02 03:00,7641.25,7642.00,7639.75,7639.75,791
2026-09-02 03:05,7639.75,7640.25,7638.00,7640.25,704
2026-09-02 03:10,7640.00,7641.75,7639.75,7640.75,589
2026-09-02 03:15,7640.75,7641.00,7639.50,7640.00,358
2026-09-02 03:20,7639.75,7640.00,7638.50,7639.25,346
2026-09-02 03:25,7639.25,7640.00,7637.75,7638.00,431
2026-09-02 03:30,7638.25,7638.25,7635.75,7636.75,672
2026-09-02 03:35,7636.50,7638.00,7636.00,7637.75,408
2026-09-02 03:40,7637.75,7638.25,7635.75,7636.00,440
2026-09-02 03:45,7636.00,7637.00,7635.50,7635.75,349
2026-09-02 03:50,7635.50,7635.75,7634.25,7635.75,564
2026-09-02 03:55,7635.50,7635.75,7634.50,7635.50,344
2026-09-02 04:05,7635.25,7635.25,7633.25,7633.50,902
2026-09-02 04:10,7633.50,7634.75,7632.75,7634.50,490
2026-09-02 04:15,7634.50,7636.25,7634.00,7635.75,543
2026-09-02 04:20,7635.75,7636.00,7634.00,7634.75,417
2026-09-02 04:25,7634.75,7635.50,7634.00,7634.25,258
2026-09-02 04:30,7634.25,7636.50,7634.00,7636.00,352
2026-09-02 04:35,7635.50,7636.00,7634.25,7634.25,192
2026-09-02 04:40,7634.50,7635.25,7634.00,7634.75,400
2026-09-02 04:45,7634.75,7636.00,7634.25,7634.50,376
2026-09-02 04:50,7634.75,7635.75,7634.75,7635.50,207
2026-09-02 04:55,7635.50,7635.75,7634.75,7635.25,258
2026-09-02 05:00,7635.50,7636.00,7633.00,7633.75,333
2026-09-02 05:05,7633.75,7634.50,7632.75,7633.00,361
2026-09-02 05:10,7633.00,7637.50,7633.00,7637.00,603
2026-09-02 05:15,7637.00,7639.75,7636.75,7639.25,956
2026-09-02 05:20,7639.25,7639.25,7637.50,7639.25,561
2026-09-02 05:25,7639.25,7640.75,7639.00,7640.50,678
2026-09-02 05:30,7640.50,7643.00,7638.75,7639.75,1622
2026-09-02 05:35,7639.50,7640.50,7637.00,7637.00,585
2026-09-02 05:40,7637.25,7641.50,7637.00,7641.25,425
2026-09-02 05:45,7641.50,7641.75,7640.50,7640.50,325
2026-09-02 05:50,7640.25,7641.00,7636.00,7636.00,553
2026-09-02 05:55,7636.25,7638.00,7635.75,7637.25,302
2026-09-02 06:00,7637.50,7639.25,7633.75,7634.25,1095
2026-09-02 06:05,7634.50,7635.75,7633.75,7635.50,680
2026-09-02 06:10,7635.75,7637.00,7634.75,7635.75,734
2026-09-02 06:15,7636.00,7636.50,7631.75,7632.00,749
2026-09-02 06:20,7632.25,7633.25,7631.75,7633.25,795
2026-09-02 06:25,7633.25,7636.25,7632.00,7632.25,1283
2026-09-02 06:30,7632.25,7634.00,7631.75,7633.75,1322
2026-09-02 06:35,7633.50,7639.50,7633.25,7639.50,1433
2026-09-02 06:40,7639.50,7643.00,7639.00,7639.75,1509
2026-09-02 06:45,7640.00,7640.00,7637.75,7638.00,574
2026-09-02 06:50,7638.00,7639.00,7637.00,7637.25,449
2026-09-02 06:55,7637.50,7641.50,7637.50,7641.25,686
2026-09-02 07:00,7641.25,7645.00,7639.25,7644.00,1777
2026-09-02 07:05,7643.75,7647.25,7643.75,7646.75,1744
2026-09-02 07:10,7646.75,7647.25,7643.25,7643.75,1510
2026-09-02 07:15,7643.50,7646.50,7643.00,7645.75,1158
2026-09-02 07:20,7645.50,7645.50,7642.50,7643.00,917
2026-09-02 07:25,7642.75,7643.50,7639.75,7643.00,1607
2026-09-02 07:30,7642.75,7643.50,7641.50,7642.75,793
2026-09-02 07:35,7643.00,7643.25,7639.50,7639.75,689
2026-09-02 07:40,7639.75,7641.75,7638.00,7639.00,1022
2026-09-02 07:45,7639.00,7640.00,7637.25,7637.50,1040
2026-09-02 07:50,7637.50,7640.00,7635.25,7639.25,1049
2026-09-02 07:55,7638.75,7640.00,7637.50,7637.50,350
2026-09-02 08:00,7637.50,7642.75,7636.00,7642.75,1051
2026-09-02 08:05,7642.50,7643.00,7638.25,7640.00,849
2026-09-02 08:10,7640.25,7642.25,7639.50,7640.00,611
2026-09-02 08:15,7640.00,7642.00,7637.75,7637.75,459
2026-09-02 08:20,7638.00,7638.50,7635.50,7636.50,725
2026-09-02 08:25,7636.50,7638.50,7635.50,7636.50,474
2026-09-02 08:30,7636.75,7639.25,7636.00,7636.25,1303
2026-09-02 08:35,7636.25,7637.50,7634.75,7636.50,545
2026-09-02 08:40,7636.75,7637.50,7633.50,7634.25,593
2026-09-02 08:45,7634.25,7634.50,7632.25,7633.00,721
2026-09-02 08:50,7632.75,7633.25,7623.25,7624.25,3173
2026-09-02 08:55,7624.50,7627.50,7623.25,7626.50,2007
2026-09-02 09:00,7626.50,7631.50,7626.00,7630.25,1668
2026-09-02 09:05,7630.25,7633.00,7628.75,7629.50,938
2026-09-02 09:10,7629.50,7630.50,7624.25,7624.50,1471
2026-09-02 09:15,7624.50,7628.50,7623.75,7628.25,1499
2026-09-02 09:20,7628.00,7628.50,7623.50,7624.75,1403
2026-09-02 09:25,7624.50,7626.50,7624.00,7626.00,1393
2026-09-02 09:30,7626.00,7626.25,7622.00,7622.75,2117
2026-09-02 09:35,7622.50,7624.50,7621.50,7623.25,1702
2026-09-02 09:40,7623.50,7624.50,7622.50,7623.00,789
2026-09-02 09:45,7623.00,7624.75,7622.50,7624.50,1023
2026-09-02 09:50,7624.25,7625.25,7623.75,7624.25,1074
2026-09-02 09:55,7624.50,7626.00,7624.25,7625.75,977
2026-09-02 10:00,7625.75,7626.25,7621.75,7622.00,1238
2026-09-02 10:05,7621.75,7622.75,7621.25,7621.50,1097
2026-09-02 10:10,7621.50,7626.00,7621.50,7626.00,957
2026-09-02 10:15,7625.75,7626.75,7624.75,7625.25,715
2026-09-02 10:20,7625.00,7626.25,7624.50,7625.50,779
2026-09-02 10:25,7625.25,7628.75,7625.25,7627.00,1841
2026-09-02 10:30,7626.75,7627.25,7623.75,7625.50,1188
2026-09-02 10:35,7625.50,7626.00,7623.00,7623.50,999
2026-09-02 10:40,7623.25,7624.00,7622.75,7623.25,873
2026-09-02 10:45,7623.50,7625.00,7622.50,7625.00,873
2026-09-02 10:50,7625.00,7625.00,7621.75,7624.25,784
2026-09-02 10:55,7624.25,7626.75,7623.75,7626.75,1020
2026-09-02 11:00,7626.50,7627.00,7618.50,7620.00,3280
2026-09-02 11:05,7620.00,7630.25,7619.25,7628.25,3058
2026-09-02 11:10,7628.00,7635.75,7626.25,7634.25,3806
2026-09-02 11:15,7634.25,7635.50,7629.75,7632.75,2888
2026-09-02 11:20,7632.50,7634.50,7631.50,7634.25,1065
2026-09-02 11:25,7634.25,7638.00,7633.50,7635.75,2230
2026-09-02 11:30,7636.00,7640.75,7635.00,7640.50,2357
2026-09-02 11:35,7640.75,7641.75,7639.75,7640.50,1998
2026-09-02 11:40,7640.25,7640.50,7636.75,7637.75,2212
2026-09-02 11:45,7637.75,7639.00,7637.25,7637.75,1005
2026-09-02 11:50,7637.75,7641.25,7637.25,7640.00,1330
2026-09-02 11:55,7640.25,7646.25,7639.00,7646.25,3102
2026-09-02 12:00,7646.25,7647.75,7645.00,7647.50,3261
2026-09-02 12:05,7647.50,7651.25,7647.00,7647.00,4780
2026-09-02 12:10,7647.00,7654.00,7645.50,7653.00,4636
2026-09-02 12:15,7652.50,7653.00,7649.00,7649.25,3111
2026-09-02 12:20,7649.25,7658.75,7649.00,7653.25,9906
2026-09-02 12:25,7653.25,7653.75,7649.50,7650.25,3923
2026-09-02 12:30,7650.00,7650.75,7646.50,7647.50,3870
2026-09-02 12:35,7647.50,7648.00,7644.25,7645.50,2477
2026-09-02 12:40,7645.50,7646.75,7644.75,7645.25,1938
2026-09-02 12:45,7645.25,7645.50,7643.50,7643.75,2357
2026-09-02 12:50,7643.75,7644.25,7640.25,7640.75,3077
2026-09-02 12:55,7640.75,7641.25,7639.25,7640.25,2580
2026-09-02 13:00,7640.00,7643.75,7639.75,7643.00,3122
2026-09-02 13:05,7643.00,7645.75,7643.00,7644.50,3164
2026-09-02 13:10,7644.25,7645.25,7642.75,7643.75,2030
2026-09-02 13:15,7643.75,7646.25,7643.00,7645.25,1797
2026-09-02 13:20,7645.50,7649.25,7644.75,7648.75,2852
2026-09-02 13:25,7648.75,7654.50,7647.75,7650.25,9427
2026-09-02 13:30,7650.50,7652.00,7643.50,7650.00,36649
2026-09-02 13:35,7650.00,7651.00,7643.00,7650.75,19253
2026-09-02 13:40,7651.00,7654.50,7648.50,7654.25,18475
2026-09-02 13:45,7654.00,7655.50,7645.75,7646.75,21159
2026-09-02 13:50,7647.00,7652.25,7646.50,7650.50,15590
2026-09-02 13:55,7650.50,7657.00,7647.50,7656.75,15876
2026-09-02 14:00,7656.50,7664.00,7654.75,7664.00,33952
2026-09-02 14:05,7664.00,7667.75,7662.50,7663.50,22775
2026-09-02 14:10,7663.50,7669.25,7662.75,7668.75,22381
2026-09-02 14:15,7668.75,7676.25,7667.00,7674.75,26933
2026-09-02 14:20,7675.00,7680.00,7673.75,7678.50,25279
2026-09-02 14:25,7678.25,7682.50,7676.75,7679.50,21907
2026-09-02 14:30,7679.25,7682.50,7675.50,7682.50,22760
2026-09-02 14:35,7682.25,7685.50,7681.25,7685.50,19588
2026-09-02 14:40,7685.50,7690.25,7684.50,7689.50,18932
2026-09-02 14:45,7689.50,7690.00,7682.75,7685.00,16341
2026-09-02 14:50,7684.75,7685.00,7679.75,7680.75,16466
2026-09-02 14:55,7680.75,7682.50,7678.00,7679.75,13064
2026-09-02 15:00,7679.50,7683.00,7677.50,7680.75,14693
2026-09-02 15:05,7680.75,7682.75,7678.50,7680.75,12270
2026-09-02 15:10,7680.50,7684.25,7678.50,7681.75,14737
2026-09-02 15:15,7681.75,7686.75,7680.25,7686.50,11148
2026-09-02 15:20,7686.25,7687.00,7683.50,7685.25,10619
2026-09-02 15:25,7685.25,7690.75,7685.00,7689.50,12657
2026-09-02 15:30,7689.75,7691.25,7686.50,7686.50,14345
2026-09-02 15:35,7686.50,7688.00,7684.00,7685.25,11502
2026-09-02 15:40,7685.25,7686.50,7682.75,7683.00,9537
2026-09-02 15:45,7683.00,7683.00,7676.25,7676.75,13362
2026-09-02 15:50,7676.75,7682.50,7676.00,7679.00,13316
2026-09-02 15:55,7679.00,7686.00,7677.75,7685.75,11342
2026-09-02 16:00,7685.50,7685.75,7681.75,7684.50,9497
2026-09-02 16:05,7684.50,7685.25,7682.75,7683.75,5948
2026-09-02 16:10,7683.75,7685.00,7682.75,7683.50,5519
2026-09-02 16:15,7683.25,7683.50,7679.50,7680.75,6758
2026-09-02 16:20,7680.75,7682.00,7676.00,7676.25,7261
2026-09-02 16:25,7676.25,7677.75,7673.00,7675.00,11613
2026-09-02 16:30,7674.75,7679.50,7674.50,7677.50,12672
2026-09-02 16:35,7677.25,7679.00,7676.25,7677.00,6214
2026-09-02 16:40,7677.00,7677.25,7673.25,7673.25,6133
2026-09-02 16:45,7673.25,7676.00,7673.25,7674.75,7059
2026-09-02 16:50,7674.75,7678.25,7673.25,7678.00,8173
2026-09-02 16:55,7678.00,7678.75,7674.75,7675.50,6585
2026-09-02 17:00,7675.50,7681.25,7675.50,7680.75,8550
2026-09-02 17:05,7681.00,7681.00,7672.25,7673.25,11017
2026-09-02 17:10,7673.00,7677.50,7673.00,7675.50,8686
2026-09-02 17:15,7675.50,7676.00,7671.50,7672.25,6673
2026-09-02 17:20,7672.25,7674.00,7670.75,7672.50,8024
2026-09-02 17:25,7672.75,7675.25,7672.25,7673.75,6793
2026-09-02 17:30,7673.75,7674.25,7670.25,7670.25,7270
2026-09-02 17:35,7670.50,7672.50,7670.25,7671.00,6270
2026-09-02 17:40,7671.00,7676.00,7670.00,7675.50,11935
2026-09-02 17:45,7675.75,7679.50,7675.50,7676.50,11199
2026-09-02 17:50,7676.75,7677.50,7674.75,7676.25,6474
2026-09-02 17:55,7676.25,7679.25,7674.00,7678.00,8115
2026-09-02 18:00,7678.25,7679.75,7673.75,7679.50,11164
2026-09-02 18:05,7679.25,7680.75,7677.25,7677.50,7369
2026-09-02 18:10,7677.25,7679.50,7677.00,7678.50,5786
2026-09-02 18:15,7678.25,7687.75,7677.75,7682.50,18842
2026-09-02 18:20,7682.50,7683.75,7680.25,7681.25,10402
2026-09-02 18:25,7681.25,7681.75,7678.50,7680.00,6703
2026-09-02 18:30,7680.00,7681.75,7679.00,7679.25,6503
2026-09-02 18:35,7679.25,7680.25,7674.25,7674.50,8714
2026-09-02 18:40,7674.50,7675.25,7672.75,7673.75,7582
2026-09-02 18:45,7673.75,7676.50,7672.50,7675.50,9742
2026-09-02 18:50,7675.50,7676.50,7673.25,7674.75,7857
2026-09-02 18:55,7674.75,7677.00,7673.25,7674.50,6778
2026-09-02 19:00,7674.25,7676.25,7673.25,7675.25,6835
2026-09-02 19:05,7675.50,7679.00,7675.25,7678.75,7299
2026-09-02 19:10,7678.75,7681.50,7678.75,7680.50,7595
2026-09-02 19:15,7680.50,7680.75,7678.25,7680.75,7198
2026-09-02 19:20,7680.50,7680.75,7677.00,7678.75,8095
2026-09-02 19:25,7679.00,7681.75,7678.25,7681.00,5778
2026-09-02 19:30,7681.25,7681.50,7677.50,7679.25,8250
2026-09-02 19:35,7679.25,7680.00,7677.00,7677.25,8631
2026-09-02 19:40,7677.00,7680.25,7676.75,7679.75,8105
2026-09-02 19:45,7680.00,7681.25,7678.50,7680.00,8635
2026-09-02 19:50,7680.00,7681.00,7676.00,7678.75,18780
2026-09-02 19:55,7678.75,7679.25,7674.00,7678.25,66912
2026-09-02 20:00,7678.25,7680.75,7677.25,7680.25,16883
2026-09-02 20:05,7680.25,7682.50,7679.00,7680.75,5367
2026-09-02 20:10,7680.75,7681.75,7680.00,7680.25,3076
2026-09-02 20:15,7680.25,7680.25,7667.50,7669.75,8589
2026-09-02 20:20,7669.75,7672.50,7669.00,7671.75,2797
2026-09-02 20:25,7671.50,7673.50,7671.00,7671.25,1393
2026-09-02 20:30,7671.25,7671.50,7670.25,7671.50,1001
2026-09-02 20:35,7671.25,7672.00,7670.25,7670.50,765
2026-09-02 20:40,7670.50,7672.25,7669.75,7669.75,2332
2026-09-02 20:45,7669.75,7672.00,7669.25,7671.50,1179
2026-09-02 20:50,7671.50,7672.50,7670.50,7672.25,1147
2026-09-02 20:55,7672.00,7672.25,7668.75,7669.25,1654
2026-09-02 22:00,7673.50,7674.75,7671.50,7673.50,0
2026-09-02 22:05,7673.50,7673.75,7672.25,7673.50,349
2026-09-02 22:10,7673.75,7677.50,7673.25,7677.25,560
2026-09-02 22:15,7677.00,7677.50,7675.75,7677.25,333
2026-09-02 22:20,7677.50,7680.00,7677.25,7679.25,404
2026-09-02 22:25,7679.00,7679.25,7677.50,7678.25,255
2026-09-02 22:30,7678.25,7678.25,7677.50,7677.75,151
2026-09-02 22:35,7677.75,7678.50,7677.25,7678.00,295
2026-09-02 22:40,7678.25,7678.75,7678.00,7678.00,279
2026-09-02 22:45,7678.00,7678.00,7676.50,7676.75,376
2026-09-02 22:50,7676.50,7676.50,7675.75,7675.75,176
2026-09-02 22:55,7676.00,7676.75,7675.75,7676.00,186
2026-09-02 23:00,7676.25,7677.75,7676.25,7677.00,351
2026-09-02 23:05,7677.25,7677.75,7676.25,7676.50,327
2026-09-02 23:10,7676.25,7677.50,7675.25,7675.50,271
2026-09-02 23:15,7675.50,7675.50,7674.75,7675.25,175
2026-09-02 23:20,7675.25,7676.00,7674.50,7675.75,301
2026-09-02 23:25,7675.50,7676.75,7675.50,7676.75,268
2026-09-02 23:30,7676.75,7678.00,7676.50,7677.00,384
2026-09-02 23:35,7677.25,7677.75,7676.25,7677.50,187
2026-09-02 23:40,7677.50,7677.75,7677.00,7677.75,164
2026-09-02 23:45,7677.75,7681.25,7677.75,7680.00,1232
2026-09-02 23:50,7680.00,7681.25,7679.75,7680.25,491
2026-09-02 23:55,7680.25,7680.75,7679.75,7679.75,414
2026-09-03 00:00,7679.75,7679.75,7676.25,7677.50,1310
2026-09-03 00:05,7677.25,7677.75,7675.50,7676.25,354
2026-09-03 00:10,7676.50,7677.75,7675.00,7676.00,600
2026-09-03 00:15,7675.75,7675.75,7672.50,7673.50,844
2026-09-03 00:20,7673.25,7673.50,7671.50,7673.25,725
2026-09-03 00:25,7673.00,7674.00,7672.50,7673.25,676
2026-09-03 00:30,7673.25,7673.75,7672.00,7672.25,360
2026-09-03 00:35,7672.50,7673.75,7672.25,7673.25,297
2026-09-03 00:40,7673.50,7673.50,7672.25,7672.75,418
2026-09-03 00:45,7672.75,7673.75,7672.25,7673.25,324
2026-09-03 00:50,7673.25,7673.75,7673.25,7673.50,239
2026-09-03 00:55,7673.50,7673.75,7672.25,7672.75,384
2026-09-03 01:00,7672.50,7674.75,7671.75,7674.75,684
2026-09-03 01:05,7674.75,7677.00,7674.75,7675.75,857
2026-09-03 01:10,7675.75,7677.25,7674.00,7676.75,542
2026-09-03 01:15,7676.50,7679.00,7676.50,7678.50,639
2026-09-03 01:20,7678.25,7678.75,7674.50,7674.50,919
2026-09-03 01:25,7674.50,7676.50,7673.25,7676.50,789
2026-09-03 01:30,7676.25,7679.00,7675.25,7679.00,710
2026-09-03 01:35,7679.00,7679.25,7676.25,7677.00,802
2026-09-03 01:40,7677.25,7677.50,7675.50,7675.75,341
2026-09-03 01:45,7675.50,7677.00,7674.00,7677.00,602
2026-09-03 01:50,7677.00,7677.00,7674.00,7674.00,296
2026-09-03 01:55,7674.75,7674.75,7671.50,7671.75,484
2026-09-03 02:00,7671.75,7673.75,7671.00,7672.75,691
2026-09-03 02:05,7672.75,7676.00,7672.75,7675.75,486
2026-09-03 02:10,7675.75,7679.25,7675.50,7678.50,850
2026-09-03 02:15,7678.50,7679.50,7677.75,7679.00,424
2026-09-03 02:20,7679.00,7679.25,7677.25,7677.50,475
2026-09-03 02:25,7677.50,7678.75,7676.75,7678.50,340
2026-09-03 02:30,7678.50,7680.50,7678.25,7679.50,511
2026-09-03 02:35,7679.50,7679.75,7677.75,7678.25,368
2026-09-03 02:40,7678.25,7678.25,7676.50,7677.00,364
2026-09-03 02:45,7677.00,7679.50,7676.25,7679.50,501
2026-09-03 02:50,7679.25,7679.75,7678.25,7678.50,369
2026-09-03 02:55,7678.75,7679.00,7678.25,7678.75,165
2026-09-03 03:00,7678.50,7680.00,7677.75,7679.75,372
2026-09-03 03:05,7679.50,7680.00,7678.75,7679.00,239
2026-09-03 03:10,7679.00,7680.50,7679.00,7680.25,267
2026-09-03 03:15,7680.25,7683.75,7680.25,7682.75,961
2026-09-03 03:20,7682.75,7683.00,7680.75,7680.75,525
2026-09-03 03:25,7681.00,7682.25,7680.50,7681.25,341
2026-09-03 03:30,7681.25,7682.75,7681.25,7681.75,481
2026-09-03 03:35,7681.75,7682.50,7681.00,7682.50,235
2026-09-03 03:40,7682.25,7682.75,7682.00,7682.00,274
2026-09-03 03:45,7682.00,7682.75,7681.00,7682.25,418
2026-09-03 03:50,7682.25,7683.50,7682.25,7683.25,465
2026-09-03 03:55,7683.25,7683.25,7682.00,7682.00,318
2026-09-03 04:05,7683.50,7683.75,7683.25,7683.75,965
2026-09-03 04:10,7683.75,7684.50,7683.00,7683.25,311
2026-09-03 04:15,7683.50,7683.75,7682.75,7683.50,219
2026-09-03 04:20,7683.50,7683.50,7682.25,7683.50,212
2026-09-03 04:25,7683.50,7683.75,7681.75,7681.75,213
2026-09-03 04:30,7681.75,7683.50,7681.75,7682.75,251
2026-09-03 04:35,7682.75,7683.00,7681.50,7681.75,172
2026-09-03 04:40,7681.75,7682.00,7680.50,7681.25,220
2026-09-03 04:45,7681.25,7682.00,7680.75,7681.00,260
2026-09-03 04:50,7681.25,7681.25,7680.50,7680.75,308
2026-09-03 04:55,7680.75,7680.75,7679.25,7679.75,291
2026-09-03 05:00,7679.50,7679.75,7675.75,7676.00,880
2026-09-03 05:05,7676.00,7676.25,7672.25,7672.75,851
2026-09-03 05:10,7672.75,7673.50,7671.00,7672.00,1014
2026-09-03 05:15,7671.75,7672.00,7665.50,7666.25,1951
2026-09-03 05:20,7666.25,7666.75,7661.25,7663.50,1885
2026-09-03 05:25,7663.75,7665.75,7661.50,7665.25,989
2026-09-03 05:30,7664.75,7671.00,7664.50,7671.00,1245
2026-09-03 05:35,7671.00,7671.75,7667.50,7670.50,1105
2026-09-03 05:40,7670.50,7671.75,7668.25,7670.75,663
2026-09-03 05:45,7670.75,7675.25,7669.00,7675.25,940
2026-09-03 05:50,7675.25,7678.25,7674.75,7675.75,917
2026-09-03 05:55,7675.75,7679.00,7675.50,7678.75,672
2026-09-03 06:00,7678.75,7679.75,7676.50,7678.75,887
2026-09-03 06:05,7678.50,7680.50,7677.50,7677.50,711
2026-09-03 06:10,7677.75,7677.75,7675.50,7677.00,733
2026-09-03 06:15,7677.25,7678.75,7676.75,7677.50,312
2026-09-03 06:20,7677.25,7678.00,7675.00,7675.25,562
2026-09-03 06:25,7675.25,7677.00,7675.00,7676.75,399
2026-09-03 06:30,7676.50,7677.50,7674.25,7676.00,990
2026-09-03 06:35,7676.25,7677.50,7674.50,7676.00,339
2026-09-03 06:40,7675.75,7677.00,7675.50,7676.25,236
2026-09-03 06:45,7676.25,7676.25,7674.25,7675.00,391
2026-09-03 06:50,7675.00,7675.00,7673.50,7674.00,380
2026-09-03 06:55,7674.00,7674.75,7672.00,7674.25,655
2026-09-03 07:00,7674.25,7679.75,7672.25,7679.50,1342
2026-09-03 07:05,7679.50,7683.50,7677.50,7678.25,1373
2026-09-03 07:10,7678.25,7680.00,7677.00,7679.50,535
2026-09-03 07:15,7679.50,7680.00,7678.00,7679.25,374
2026-09-03 07:20,7679.00,7680.50,7679.00,7679.75,393
2026-09-03 07:25,7679.75,7679.75,7675.00,7678.25,938
2026-09-03 07:30,7678.50,7681.75,7677.75,7681.50,878
2026-09-03 07:35,7681.75,7684.00,7679.50,7683.75,766
2026-09-03 07:40,7683.75,7686.25,7682.75,7684.75,1011
2026-09-03 07:45,7685.00,7685.00,7678.00,7678.00,1431
2026-09-03 07:50,7678.25,7683.25,7676.25,7683.00,1055
2026-09-03 07:55,7683.00,7684.00,7681.25,7683.00,737
2026-09-03 08:00,7682.75,7691.75,7681.75,7688.25,5035
2026-09-03 08:05,7688.25,7694.50,7685.75,7686.00,3669
2026-09-03 08:10,7686.25,7689.75,7686.25,7687.25,1121
2026-09-03 08:15,7687.00,7687.50,7685.00,7687.50,700
2026-09-03 08:20,7687.00,7688.50,7685.50,7687.25,602
2026-09-03 08:25,7687.00,7690.25,7687.00,7689.25,738
2026-09-03 08:30,7689.25,7689.25,7687.00,7687.50,594
2026-09-03 08:35,7687.50,7688.75,7685.75,7685.75,385
2026-09-03 08:40,7685.75,7687.50,7685.75,7686.00,432
2026-09-03 08:45,7685.75,7687.00,7685.00,7686.75,565
2026-09-03 08:50,7686.50,7686.75,7684.00,7684.75,658
2026-09-03 08:55,7684.50,7685.25,7683.25,7683.50,531
2026-09-03 09:00,7683.50,7685.25,7683.50,7685.00,801
2026-09-03 09:05,7685.00,7685.25,7683.50,7684.75,564
2026-09-03 09:10,7685.00,7686.75,7685.00,7686.25,728
2026-09-03 09:15,7686.50,7686.75,7684.00,7684.50,490
2026-09-03 09:20,7685.00,7685.25,7683.00,7684.25,691
2026-09-03 09:25,7684.00,7684.25,7682.25,7682.25,590
2026-09-03 09:30,7682.25,7683.25,7680.50,7682.00,843
2026-09-03 09:35,7681.75,7681.75,7680.00,7680.50,546
2026-09-03 09:40,7680.50,7680.75,7679.00,7680.00,776
2026-09-03 09:45,7680.00,7680.25,7676.00,7677.00,1525
2026-09-03 09:50,7677.00,7678.25,7675.25,7675.25,1024
2026-09-03 09:55,7675.50,7676.00,7672.00,7673.50,1312
2026-09-03 10:00,7673.75,7677.00,7673.75,7676.00,1370
2026-09-03 10:05,7676.00,7677.25,7674.25,7674.50,1017
2026-09-03 10:10,7674.25,7675.25,7671.50,7672.50,1726
2026-09-03 10:15,7672.25,7673.75,7671.75,7672.75,716
2026-09-03 10:20,7672.75,7672.75,7670.75,7670.75,732
2026-09-03 10:25,7670.75,7672.25,7669.75,7671.25,869
2026-09-03 10:30,7671.25,7673.25,7670.75,7671.00,1061
2026-09-03 10:35,7671.00,7672.00,7669.25,7671.50,1014
2026-09-03 10:40,7671.50,7673.50,7671.00,7673.00,902
2026-09-03 10:45,7673.00,7673.00,7669.25,7669.50,885
2026-09-03 10:50,7669.50,7672.75,7669.50,7672.50,877
2026-09-03 10:55,7672.50,7673.25,7670.75,7673.25,994
2026-09-03 11:00,7673.25,7675.50,7670.25,7675.50,1622
2026-09-03 11:05,7675.25,7681.75,7675.00,7680.75,2267
2026-09-03 11:10,7680.75,7681.50,7679.50,7681.00,1250
2026-09-03 11:15,7681.00,7685.25,7681.00,7682.25,1629
2026-09-03 11:20,7682.25,7684.50,7680.75,7684.25,616
2026-09-03 11:25,7684.25,7684.75,7681.00,7682.50,720
2026-09-03 11:30,7682.50,7684.00,7671.50,7682.50,4006
2026-09-03 11:35,7682.25,7682.50,7679.25,7679.25,591
2026-09-03 11:40,7679.00,7680.25,7677.50,7678.75,587
2026-09-03 11:45,7678.75,7678.75,7672.75,7673.00,1214
2026-09-03 11:50,7673.25,7674.50,7672.75,7673.50,1013
2026-09-03 11:55,7673.25,7675.25,7673.00,7673.75,1077
2026-09-03 12:00,7673.50,7677.50,7673.50,7677.00,2316
2026-09-03 12:05,7677.25,7678.25,7676.00,7678.25,878
2026-09-03 12:10,7678.00,7680.75,7676.25,7677.00,1577
2026-09-03 12:15,7677.25,7678.25,7675.25,7675.75,2191
2026-09-03 12:20,7675.75,7681.00,7674.50,7680.00,1440
2026-09-03 12:25,7680.00,7683.00,7678.75,7681.00,2404
2026-09-03 12:30,7681.25,7701.50,7680.75,7693.25,11085
2026-09-03 12:35,7693.25,7693.50,7688.75,7692.50,3603
2026-09-03 12:40,7692.50,7693.25,7689.25,7690.75,3594
2026-09-03 12:45,7690.75,7694.00,7690.25,7693.50,3119
2026-09-03 12:50,7693.50,7700.50,7693.00,7699.50,5446
2026-09-03 12:55,7699.50,7704.00,7699.50,7701.25,6528
2026-09-03 13:00,7701.25,7701.25,7695.25,7697.25,5400
2026-09-03 13:05,7697.25,7699.25,7694.00,7696.00,4651
2026-09-03 13:10,7696.25,7703.75,7695.75,7702.25,4858
2026-09-03 13:15,7702.00,7703.75,7697.25,7697.50,4615
2026-09-03 13:20,7697.50,7701.00,7697.00,7701.00,3764
2026-09-03 13:25,7700.75,7706.25,7699.25,7704.00,8503
2026-09-03 13:30,7704.25,7718.00,7704.00,7715.00,41100
2026-09-03 13:35,7715.25,7723.50,7710.75,7723.00,33728
2026-09-03 13:40,7722.75,7724.50,7719.25,7723.75,23535
2026-09-03 13:45,7723.50,7725.50,7720.00,7722.50,22105
2026-09-03 13:50,7722.25,7726.50,7719.00,7721.75,20665
2026-09-03 13:55,7721.75,7722.00,7717.00,7721.75,17429
2026-09-03 14:00,7722.00,7722.00,7706.50,7706.75,29800
2026-09-03 14:05,7707.00,7709.00,7700.50,7703.50,27198
2026-09-03 14:10,7703.50,7709.25,7700.50,7709.25,20631
2026-09-03 14:15,7709.00,7714.25,7707.50,7714.00,21378
2026-09-03 14:20,7714.00,7716.25,7710.50,7714.25,17212
2026-09-03 14:25,7714.00,7715.25,7710.50,7712.25,16138
2026-09-03 14:30,7712.25,7715.25,7703.75,7704.00,18541
2026-09-03 14:35,7704.25,7710.50,7703.75,7707.00,14824
2026-09-03 14:40,7707.00,7712.25,7705.50,7707.25,14275
2026-09-03 14:45,7707.25,7713.25,7705.75,7712.75,13791
2026-09-03 14:50,7712.75,7714.00,7707.50,7711.75,15970
2026-09-03 14:55,7711.75,7719.00,7700.00,7718.25,23697
2026-09-03 15:00,7718.25,7730.50,7718.00,7730.25,26591
2026-09-03 15:05,7730.50,7734.75,7730.00,7733.25,32749
2026-09-03 15:10,7733.25,7741.25,7732.50,7741.25,28511
2026-09-03 15:15,7741.50,7746.75,7741.00,7746.25,29180
2026-09-03 15:20,7746.25,7748.50,7740.75,7746.75,23157
2026-09-03 15:25,7746.75,7756.00,7746.25,7755.50,22982
2026-09-03 15:30,7755.50,7758.50,7752.50,7754.75,25681
2026-09-03 15:35,7755.00,7756.00,7750.25,7750.75,20667
2026-09-03 15:40,7750.75,7754.75,7749.00,7752.25,14339
2026-09-03 15:45,7752.25,7756.25,7752.00,7755.75,12572
2026-09-03 15:50,7755.75,7759.00,7755.50,7757.75,13836
2026-09-03 15:55,7757.75,7759.50,7755.75,7759.50,13019
2026-09-03 16:00,7759.50,7759.50,7753.75,7754.00,19547
2026-09-03 16:05,7754.00,7755.00,7750.75,7751.25,11061
2026-09-03 16:10,7751.00,7753.00,7749.75,7752.75,9463
2026-09-03 16:15,7752.75,7754.75,7751.25,7753.25,8533
2026-09-03 16:20,7753.00,7754.25,7750.50,7751.25,7237
2026-09-03 16:25,7751.00,7751.25,7748.00,7750.25,9076
2026-09-03 16:30,7750.25,7752.00,7748.75,7750.50,9253
2026-09-03 16:35,7750.50,7756.50,7749.50,7755.75,12016
2026-09-03 16:40,7755.75,7758.25,7755.25,7757.50,9276
2026-09-03 16:45,7757.50,7758.25,7756.00,7757.00,11436
2026-09-03 16:50,7757.00,7757.25,7753.25,7754.25,7842
2026-09-03 16:55,7754.25,7756.00,7753.25,7755.00,6244
2026-09-03 17:00,7755.00,7756.00,7752.50,7753.75,6230
2026-09-03 17:05,7754.00,7754.75,7750.00,7750.25,5214
2026-09-03 17:10,7750.00,7751.00,7749.00,7750.25,5996
2026-09-03 17:15,7750.25,7751.50,7749.00,7749.25,5229
2026-09-03 17:20,7749.25,7749.25,7747.00,7748.75,7309
2026-09-03 17:25,7748.50,7752.75,7748.50,7752.50,6465
2026-09-03 17:30,7752.25,7755.25,7752.25,7754.25,6332
2026-09-03 17:35,7754.50,7757.25,7754.00,7756.00,6278
2026-09-03 17:40,7756.00,7757.75,7755.75,7756.50,6269
2026-09-03 17:45,7756.50,7757.75,7754.75,7756.00,7230
2026-09-03 17:50,7755.75,7761.00,7755.25,7760.00,9906
2026-09-03 17:55,7760.00,7760.75,7758.25,7758.25,7384
2026-09-03 18:00,7760.75,7765.50,7760.75,7763.50,17976
2026-09-03 18:05,7763.75,7765.25,7762.50,7764.00,8298
2026-09-03 18:10,7764.00,7765.25,7763.00,7764.00,7072
2026-09-03 18:15,7764.25,7766.50,7762.25,7763.00,8864
2026-09-03 18:20,7763.25,7764.25,7761.25,7763.25,6089
2026-09-03 18:25,7763.50,7764.50,7762.25,7763.00,5776
2026-09-03 18:30,7763.25,7764.75,7761.50,7764.25,6609
2026-09-03 18:35,7764.25,7765.00,7763.50,7763.75,4645
2026-09-03 18:40,7763.75,7764.00,7761.00,7761.75,6677
2026-09-03 18:45,7761.75,7763.75,7761.75,7763.50,5587
2026-09-03 18:50,7763.25,7764.25,7761.25,7762.00,5424
2026-09-03 18:55,7762.00,7762.50,7759.75,7762.50,7406
2026-09-03 19:00,7762.50,7763.00,7760.00,7761.75,7224
2026-09-03 19:05,7761.75,7762.75,7760.50,7761.50,5647
2026-09-03 19:10,7761.50,7762.25,7758.75,7759.50,7039
2026-09-03 19:15,7759.25,7761.50,7758.50,7761.50,9743
2026-09-03 19:20,7761.50,7761.75,7756.75,7757.50,11013
2026-09-03 19:25,7757.50,7759.75,7757.00,7759.75,9757
2026-09-03 19:30,7759.75,7761.00,7758.00,7758.25,11707
2026-09-03 19:35,7758.25,7761.00,7758.25,7759.75,8809
2026-09-03 19:40,7759.50,7760.75,7757.25,7757.50,10673
2026-09-03 19:45,7757.50,7759.50,7756.50,7757.75,11564
2026-09-03 19:50,7757.75,7759.00,7755.75,7757.50,21651
2026-09-03 19:55,7757.75,7757.75,7752.00,7756.00,89585
2026-09-03 20:00,7756.25,7757.00,7751.00,7753.00,21835
2026-09-03 20:05,7753.25,7754.75,7752.00,7753.75,5549
2026-09-03 20:10,7754.00,7754.25,7752.50,7753.50,3393
2026-09-03 20:15,7753.50,7753.75,7750.75,7750.75,2949
2026-09-03 20:20,7750.75,7751.25,7750.00,7750.25,1439
2026-09-03 20:25,7750.25,7751.00,7750.00,7750.25,990
2026-09-03 20:30,7750.25,7751.25,7750.00,7751.00,802
2026-09-03 20:35,7751.00,7752.00,7750.75,7751.00,815
2026-09-03 20:40,7750.75,7751.50,7750.50,7750.75,1149
2026-09-03 20:45,7750.50,7751.00,7749.00,7749.25,1301
2026-09-03 20:50,7749.25,7749.50,7748.00,7749.25,2081
2026-09-03 20:55,7749.50,7750.00,7748.75,7749.25,1083
2026-09-03 22:00,7749.75,7751.75,7749.00,7750.00,0
2026-09-03 22:05,7750.00,7750.25,7748.25,7748.50,306
2026-09-03 22:10,7748.50,7750.25,7748.25,7749.50,242
2026-09-03 22:15,7749.50,7751.75,7749.50,7751.00,449
2026-09-03 22:20,7751.00,7751.00,7750.00,7750.75,165
2026-09-03 22:25,7750.50,7751.25,7749.75,7751.00,216
2026-09-03 22:30,7750.75,7752.25,7750.75,7752.25,304
2026-09-03 22:35,7752.25,7752.50,7751.50,7751.75,150
2026-09-03 22:40,7751.75,7752.00,7751.25,7751.75,121
2026-09-03 22:45,7751.75,7752.25,7751.50,7751.75,135
2026-09-03 22:50,7751.75,7752.50,7751.75,7752.00,129
2026-09-03 22:55,7752.25,7753.25,7752.25,7753.00,281
2026-09-03 23:00,7753.00,7753.50,7752.50,7753.50,168
2026-09-03 23:05,7753.25,7753.75,7752.50,7753.50,252
2026-09-03 23:10,7753.50,7753.75,7752.25,7752.50,184
2026-09-03 23:15,7752.50,7752.75,7751.25,7752.75,302
2026-09-03 23:20,7752.75,7752.75,7752.00,7752.25,126
2026-09-03 23:25,7752.50,7753.25,7752.25,7752.75,151
2026-09-03 23:30,7752.75,7753.00,7752.00,7752.25,202
2026-09-03 23:35,7752.50,7752.75,7752.25,7752.75,72
2026-09-03 23:40,7752.75,7753.50,7752.75,7752.75,230
2026-09-03 23:45,7752.75,7754.00,7752.50,7753.50,363
2026-09-03 23:50,7753.50,7754.25,7752.00,7752.25,422
2026-09-03 23:55,7752.50,7753.25,7752.25,7752.75,233
2026-09-04 00:00,7752.50,7752.50,7750.50,7752.25,1035
2026-09-04 00:05,7752.25,7753.25,7751.75,7752.75,491
2026-09-04 00:10,7752.50,7754.00,7751.75,7752.25,380
2026-09-04 00:15,7752.00,7753.75,7751.25,7753.50,477
2026-09-04 00:20,7753.75,7755.00,7753.50,7754.75,495
2026-09-04 00:25,7754.50,7754.75,7753.00,7754.00,393
2026-09-04 00:30,7754.00,7755.00,7753.50,7754.50,569
2026-09-04 00:35,7754.25,7755.00,7753.50,7755.00,306
2026-09-04 00:40,7754.75,7755.00,7754.50,7754.75,416
2026-09-04 00:45,7754.75,7756.00,7754.75,7756.00,500
2026-09-04 00:50,7755.75,7757.00,7755.75,7756.75,451
2026-09-04 00:55,7756.50,7756.50,7756.00,7756.00,260
2026-09-04 01:00,7756.00,7756.00,7753.75,7754.75,785
2026-09-04 01:05,7754.75,7755.25,7754.25,7755.00,261
2026-09-04 01:10,7754.75,7755.25,7753.50,7754.00,267
2026-09-04 01:15,7754.00,7754.75,7753.00,7754.50,376
2026-09-04 01:20,7754.50,7756.50,7754.50,7756.00,467
2026-09-04 01:25,7756.00,7756.50,7754.75,7756.00,327
2026-09-04 01:30,7756.00,7756.50,7755.50,7756.50,412
2026-09-04 01:35,7756.50,7757.25,7755.50,7755.75,483
2026-09-04 01:40,7755.75,7757.00,7755.25,7756.75,442
2026-09-04 01:45,7756.75,7756.75,7755.25,7755.25,315
2026-09-04 01:50,7755.25,7755.50,7754.50,7754.75,457
2026-09-04 01:55,7754.50,7756.75,7753.75,7756.50,511
2026-09-04 02:00,7756.50,7756.75,7755.00,7755.75,424
2026-09-04 02:05,7755.50,7756.75,7755.50,7756.75,265
2026-09-04 02:10,7756.50,7757.50,7756.50,7757.00,347
2026-09-04 02:15,7757.00,7757.00,7756.50,7757.00,207
2026-09-04 02:20,7757.00,7757.50,7756.25,7757.25,234
2026-09-04 02:25,7757.50,7757.75,7757.00,7757.25,253
2026-09-04 02:30,7757.50,7758.75,7756.75,7756.75,539
2026-09-04 02:35,7756.50,7757.00,7755.75,7757.00,246
2026-09-04 02:40,7757.25,7757.50,7756.25,7756.50,191
2026-09-04 02:45,7756.50,7757.50,7756.00,7757.25,415
2026-09-04 02:50,7757.50,7758.25,7757.25,7758.25,298
2026-09-04 02:55,7758.50,7758.50,7758.00,7758.00,202
2026-09-04 03:00,7758.00,7758.25,7757.75,7757.75,175
2026-09-04 03:05,7757.75,7758.00,7757.50,7757.50,114
2026-09-04 03:10,7757.50,7757.50,7756.75,7757.25,264
2026-09-04 03:15,7757.25,7758.75,7757.25,7758.75,310
2026-09-04 03:20,7758.50,7759.25,7757.50,7757.75,360
2026-09-04 03:25,7758.00,7758.25,7757.50,7757.75,240
2026-09-04 03:30,7758.00,7758.75,7758.00,7758.50,238
2026-09-04 03:35,7758.50,7759.25,7758.50,7758.75,297
2026-09-04 03:40,7759.00,7759.00,7757.75,7757.75,194
2026-09-04 03:45,7757.75,7758.00,7757.00,7757.75,403
2026-09-04 03:50,7757.75,7758.00,7757.50,7758.00,184
2026-09-04 03:55,7757.75,7758.25,7757.75,7757.75,90
2026-09-04 04:05,7757.00,7757.50,7757.00,7757.50,693
2026-09-04 04:10,7757.50,7759.00,7757.25,7758.75,359
2026-09-04 04:15,7758.75,7758.75,7757.75,7758.00,295
2026-09-04 04:20,7758.00,7759.75,7758.00,7759.50,232
2026-09-04 04:25,7759.50,7761.00,7759.25,7760.75,729
2026-09-04 04:30,7760.75,7761.75,7760.50,7761.50,545
2026-09-04 04:35,7761.50,7761.50,7760.00,7760.25,233
2026-09-04 04:40,7760.25,7760.25,7759.75,7760.25,219
2026-09-04 04:45,7760.25,7760.50,7759.50,7759.75,288
2026-09-04 04:50,7759.50,7760.50,7759.50,7760.50,153
2026-09-04 04:55,7760.50,7761.50,7760.25,7761.25,248
2026-09-04 05:00,7761.25,7761.75,7760.50,7761.50,309
2026-09-04 05:05,7761.25,7762.75,7761.25,7762.25,409
2026-09-04 05:10,7762.25,7763.25,7761.75,7762.75,339
2026-09-04 05:15,7762.75,7764.50,7762.50,7764.25,529
2026-09-04 05:20,7764.00,7764.50,7762.75,7763.50,372
2026-09-04 05:25,7763.75,7764.00,7762.25,7762.50,338
2026-09-04 05:30,7762.50,7763.50,7762.00,7763.50,382
2026-09-04 05:35,7763.50,7763.75,7762.75,7763.50,497
2026-09-04 05:40,7763.50,7763.50,7762.00,7762.25,598
2026-09-04 05:45,7762.50,7763.00,7761.00,7761.00,378
2026-09-04 05:50,7761.00,7761.00,7759.50,7760.25,654
2026-09-04 05:55,7760.00,7762.00,7759.75,7761.50,760
2026-09-04 06:00,7761.25,7762.25,7760.75,7761.25,850
2026-09-04 06:05,7761.25,7762.00,7760.75,7761.50,342
2026-09-04 06:10,7761.50,7763.75,7761.50,7763.50,440
2026-09-04 06:15,7763.50,7763.50,7760.75,7762.00,589
2026-09-04 06:20,7762.00,7763.25,7762.00,7763.00,719
2026-09-04 06:25,7763.00,7764.00,7762.50,7762.75,580
2026-09-04 06:30,7762.50,7762.75,7760.00,7760.50,762
2026-09-04 06:35,7760.50,7760.75,7759.25,7759.75,787
2026-09-04 06:40,7759.75,7760.50,7759.00,7759.50,602
2026-09-04 06:45,7759.50,7759.50,7757.25,7757.50,551
2026-09-04 06:50,7757.50,7757.50,7756.00,7756.50,674
2026-09-04 06:55,7756.50,7756.50,7755.00,7755.75,741
2026-09-04 07:00,7755.75,7757.00,7754.75,7756.25,1858
2026-09-04 07:05,7756.25,7757.75,7755.00,7757.25,1218
2026-09-04 07:10,7757.50,7759.25,7757.25,7758.25,1141
2026-09-04 07:15,7758.50,7759.25,7756.25,7759.00,984
2026-09-04 07:20,7759.00,7759.50,7757.75,7758.50,811
2026-09-04 07:25,7758.25,7759.75,7757.00,7759.50,814
2026-09-04 07:30,7759.75,7761.50,7759.75,7761.00,962
2026-09-04 07:35,7761.25,7761.25,7759.25,7760.75,878
2026-09-04 07:40,7760.75,7762.75,7760.75,7762.00,860
2026-09-04 07:45,7761.75,7763.00,7761.50,7763.00,801
2026-09-04 07:50,7762.75,7762.75,7760.25,7760.25,973
2026-09-04 07:55,7760.50,7760.50,7758.75,7759.75,1030
2026-09-04 08:00,7760.00,7761.00,7758.50,7759.00,2114
2026-09-04 08:05,7759.00,7760.50,7758.50,7758.50,1230
2026-09-04 08:10,7758.75,7761.00,7758.50,7759.25,1407
2026-09-04 08:15,7759.50,7760.25,7759.00,7759.75,847
2026-09-04 08:20,7759.75,7760.75,7759.50,7759.50,1013
2026-09-04 08:25,7759.50,7761.75,7758.75,7761.50,1023
2026-09-04 08:30,7761.50,7762.25,7760.25,7760.25,798
2026-09-04 08:35,7760.50,7761.00,7759.00,7759.75,698
2026-09-04 08:40,7760.00,7761.25,7759.75,7761.00,586
2026-09-04 08:45,7761.00,7761.50,7759.75,7760.25,1057
2026-09-04 08:50,7760.25,7762.25,7760.00,7761.75,570
2026-09-04 08:55,7761.75,7763.00,7761.25,7762.00,820
2026-09-04 09:00,7762.00,7762.25,7760.75,7761.75,618
2026-09-04 09:05,7761.75,7761.75,7760.00,7760.50,668
2026-09-04 09:10,7760.50,7760.75,7757.75,7758.00,1253
2026-09-04 09:15,7758.00,7759.00,7757.75,7758.75,814
2026-09-04 09:20,7758.50,7758.50,7755.50,7755.75,1014
2026-09-04 09:25,7755.75,7757.00,7755.50,7756.50,605
2026-09-04 09:30,7756.50,7757.25,7755.50,7756.75,487
2026-09-04 09:35,7756.75,7757.75,7756.75,7757.75,408
2026-09-04 09:40,7757.75,7758.75,7757.75,7758.00,631
2026-09-04 09:45,7758.00,7759.00,7757.75,7758.25,572
2026-09-04 09:50,7758.25,7759.00,7757.75,7758.25,504
2026-09-04 09:55,7758.25,7759.75,7757.50,7758.25,1042
2026-09-04 10:00,7758.25,7759.25,7758.25,7759.00,664
2026-09-04 10:05,7758.75,7759.75,7758.25,7759.75,471
2026-09-04 10:10,7759.50,7760.75,7758.75,7760.00,656
2026-09-04 10:15,7760.00,7760.25,7759.25,7760.00,556
2026-09-04 10:20,7760.00,7760.25,7759.50,7760.25,322
2026-09-04 10:25,7760.50,7763.25,7760.00,7761.25,1744
2026-09-04 10:30,7761.00,7761.00,7759.50,7759.50,790
2026-09-04 10:35,7759.50,7760.75,7759.00,7760.75,845
2026-09-04 10:40,7760.75,7762.25,7760.00,7761.25,948
2026-09-04 10:45,7761.00,7763.75,7761.00,7762.25,923
2026-09-04 10:50,7762.25,7762.50,7761.50,7762.25,290
2026-09-04 10:55,7762.00,7762.25,7761.25,7761.75,359
2026-09-04 11:00,7761.75,7762.25,7757.75,7758.50,1523
2026-09-04 11:05,7758.25,7759.50,7758.00,7758.00,570
2026-09-04 11:10,7757.75,7758.50,7757.25,7758.25,732
2026-09-04 11:15,7758.25,7759.25,7758.25,7758.50,595
2026-09-04 11:20,7758.75,7759.50,7758.25,7759.00,574
2026-09-04 11:25,7759.00,7760.50,7758.50,7758.50,700
2026-09-04 11:30,7758.75,7760.75,7758.75,7759.75,815
2026-09-04 11:35,7760.00,7760.50,7759.50,7759.75,653
2026-09-04 11:40,7759.75,7761.00,7759.50,7760.50,1072
2026-09-04 11:45,7760.50,7762.00,7760.25,7761.50,1225
2026-09-04 11:50,7761.50,7762.25,7761.00,7762.00,593
2026-09-04 11:55,7762.00,7764.00,7761.75,7762.00,1119
2026-09-04 12:00,7762.00,7763.00,7754.75,7755.00,5760
2026-09-04 12:05,7755.00,7756.75,7750.75,7755.00,5618
2026-09-04 12:10,7755.25,7755.75,7749.75,7750.25,4959
2026-09-04 12:15,7750.25,7753.25,7748.50,7753.00,5192
2026-09-04 12:20,7753.00,7755.75,7753.00,7755.75,2441
2026-09-04 12:25,7755.50,7761.50,7754.50,7758.75,3322
2026-09-04 12:30,7760.75,7762.00,7732.00,7738.00,15699
2026-09-04 12:35,7738.25,7743.25,7736.75,7740.50,6347
2026-09-04 12:40,7740.50,7744.50,7739.00,7739.50,4453
2026-09-04 12:45,7739.75,7740.00,7731.25,7734.75,8353
2026-09-04 12:50,7734.75,7740.50,7734.00,7736.50,5073
2026-09-04 12:55,7736.50,7739.25,7735.00,7738.25,3576
2026-09-04 13:00,7738.25,7739.50,7733.75,7736.25,6468
2026-09-04 13:05,7736.25,7739.50,7735.25,7736.25,3814
2026-09-04 13:10,7736.50,7738.75,7735.25,7738.50,3586
2026-09-04 13:15,7738.25,7741.25,7737.75,7739.75,4230
2026-09-04 13:20,7739.75,7743.25,7739.25,7743.25,5381
2026-09-04 13:25,7743.00,7743.00,7740.50,7741.75,7727
2026-09-04 13:30,7742.00,7750.50,7740.75,7749.00,31962
2026-09-04 13:35,7749.00,7751.00,7744.75,7746.75,19869
2026-09-04 13:40,7746.75,7747.25,7739.75,7743.50,24461
2026-09-04 13:45,7743.50,7748.25,7740.25,7747.25,16244
2026-09-04 13:50,7747.00,7747.00,7741.75,7745.75,14782
2026-09-04 13:55,7745.75,7747.75,7743.00,7745.00,13149
2026-09-04 14:00,7745.25,7745.50,7740.00,7741.75,15856
2026-09-04 14:05,7741.75,7743.25,7736.75,7737.25,13794
2026-09-04 14:10,7737.25,7738.75,7730.25,7738.50,20114
2026-09-04 14:15,7738.25,7739.00,7731.50,7731.50,14248
2026-09-04 14:20,7731.75,7734.50,7730.50,7732.75,15005
2026-09-04 14:25,7733.00,7735.00,7729.50,7734.25,13889
2026-09-04 14:30,7734.25,7735.25,7729.50,7730.00,13055
2026-09-04 14:35,7730.00,7733.75,7729.75,7733.25,10590
2026-09-04 14:40,7733.25,7733.25,7724.50,7725.00,16885
2026-09-04 14:45,7725.00,7727.00,7719.50,7719.75,19874
2026-09-04 14:50,7719.75,7723.50,7717.25,7717.50,19049
2026-09-04 14:55,7717.75,7719.75,7715.00,7716.25,18349
2026-09-04 15:00,7716.25,7718.25,7712.25,7717.00,22018
2026-09-04 15:05,7716.75,7719.50,7715.50,7718.50,16785
2026-09-04 15:10,7718.50,7721.50,7716.00,7721.25,16465
2026-09-04 15:15,7721.25,7722.00,7714.50,7715.25,14372
2026-09-04 15:20,7715.50,7716.50,7712.75,7714.75,11691
2026-09-04 15:25,7714.75,7717.00,7713.00,7716.25,11322
2026-09-04 15:30,7716.50,7716.75,7711.75,7714.00,15670
2026-09-04 15:35,7714.00,7717.25,7713.75,7717.00,9777
2026-09-04 15:40,7717.25,7722.50,7716.50,7721.75,12432
2026-09-04 15:45,7721.75,7722.75,7718.25,7720.00,9761
2026-09-04 15:50,7720.00,7721.75,7718.75,7721.00,9382
2026-09-04 15:55,7720.75,7722.25,7718.25,7721.25,7626
2026-09-04 16:00,7721.25,7723.25,7720.25,7722.75,9258
2026-09-04 16:05,7722.75,7726.25,7721.00,7725.50,9920
2026-09-04 16:10,7725.50,7729.50,7724.75,7729.25,8071
2026-09-04 16:15,7729.50,7730.75,7727.50,7730.50,8792
2026-09-04 16:20,7730.50,7733.50,7729.75,7730.50,9368
2026-09-04 16:25,7730.75,7730.75,7727.75,7728.50,8602
2026-09-04 16:30,7728.50,7731.25,7727.25,7731.00,7643
2026-09-04 16:35,7731.00,7731.25,7728.75,7729.50,6046
2026-09-04 16:40,7729.75,7731.75,7729.00,7731.25,6801
2026-09-04 16:45,7731.25,7734.25,7730.75,7734.00,8235
2026-09-04 16:50,7734.00,7735.25,7732.50,7732.75,10383
2026-09-04 16:55,7732.75,7733.50,7730.50,7730.75,8293
2026-09-04 17:00,7730.75,7731.50,7725.50,7726.25,10985
2026-09-04 17:05,7726.25,7728.50,7725.25,7725.25,10534
2026-09-04 17:10,7725.25,7726.75,7724.75,7725.50,6956
2026-09-04 17:15,7725.50,7726.75,7724.00,7724.75,7387
2026-09-04 17:20,7724.50,7725.75,7722.50,7723.00,5712
2026-09-04 17:25,7722.75,7724.00,7719.75,7720.50,9108
2026-09-04 17:30,7720.50,7720.50,7716.25,7718.25,13733
2026-09-04 17:35,7718.25,7719.25,7717.00,7718.50,8345
2026-09-04 17:40,7718.50,7718.50,7714.50,7715.00,9033
2026-09-04 17:45,7714.75,7717.00,7712.75,7715.50,10226
2026-09-04 17:50,7715.50,7716.75,7714.50,7715.50,6818
2026-09-04 17:55,7715.50,7717.00,7714.50,7716.25,6400
2026-09-04 18:00,7716.00,7717.75,7713.75,7715.00,8464
2026-09-04 18:05,7715.00,7717.75,7713.50,7717.75,6992
2026-09-04 18:10,7717.75,7719.00,7717.00,7718.25,6954
2026-09-04 18:15,7718.25,7720.00,7717.50,7719.50,5972
2026-09-04 18:20,7719.75,7721.50,7719.00,7720.50,5555
2026-09-04 18:25,7720.75,7721.50,7719.25,7720.50,6054
2026-09-04 18:30,7720.75,7722.25,7720.25,7721.75,4669
2026-09-04 18:35,7721.75,7722.00,7719.50,7720.50,5819
2026-09-04 18:40,7720.50,7723.75,7719.50,7723.25,7989
2026-09-04 18:45,7723.50,7724.50,7722.50,7724.25,6394
2026-09-04 18:50,7724.25,7725.00,7723.25,7724.00,5332
2026-09-04 18:55,7724.25,7725.75,7723.25,7724.25,5649
2026-09-04 19:00,7724.25,7726.00,7718.25,7718.75,11224
2026-09-04 19:05,7719.00,7720.00,7718.00,7718.50,7541
2026-09-04 19:10,7718.75,7720.00,7717.50,7718.00,6197
2026-09-04 19:15,7718.00,7719.50,7717.50,7718.00,5665
2026-09-04 19:20,7718.00,7720.00,7717.75,7719.25,7191
2026-09-04 19:25,7719.00,7722.50,7719.00,7722.00,7307
2026-09-04 19:30,7721.75,7722.50,7720.25,7721.75,8718
2026-09-04 19:35,7721.75,7721.75,7718.00,7719.50,8718
2026-09-04 19:40,7719.25,7721.25,7718.50,7720.75,8658
2026-09-04 19:45,7721.00,7724.00,7720.50,7723.25,11589
2026-09-04 19:50,7723.25,7726.00,7722.50,7725.50,22220
2026-09-04 19:55,7725.75,7726.75,7719.25,7723.75,88165
2026-09-04 20:00,7723.75,7724.25,7718.75,7718.75,21258
2026-09-04 20:05,7719.00,7719.25,7716.25,7717.50,5881
2026-09-04 20:10,7717.25,7719.75,7717.25,7718.50,4646
2026-09-04 20:15,7718.75,7719.25,7717.50,7717.75,2417
2026-09-04 20:20,7718.00,7718.25,7716.00,7716.50,1531
2026-09-04 20:25,7716.50,7716.75,7716.00,7716.25,939
2026-09-04 20:30,7716.25,7716.50,7713.75,7714.75,3064
2026-09-04 20:35,7714.75,7715.75,7714.00,7714.50,1492
2026-09-04 20:40,7714.50,7715.75,7714.25,7715.75,1069
2026-09-04 20:45,7716.00,7716.50,7714.75,7715.00,1311
2026-09-04 20:50,7715.00,7717.00,7714.50,7716.50,1043
2026-09-04 20:55,7716.50,7722.00,7714.50,7722.00,1292
2026-09-08 04:00,7722.50,7722.75,7721.25,7722.50,569
2026-09-08 04:05,7722.50,7723.75,7722.50,7723.25,412
2026-09-08 04:10,7723.25,7723.50,7722.50,7723.00,291
2026-09-08 04:15,7723.00,7723.50,7722.25,7723.25,314
2026-09-08 04:20,7723.25,7724.50,7723.25,7724.25,472
2026-09-08 04:25,7724.25,7725.00,7723.50,7724.00,413
2026-09-08 04:30,7723.75,7723.75,7722.75,7723.00,329
2026-09-08 04:35,7722.75,7725.00,7721.25,7724.75,722
2026-09-08 04:40,7725.00,7725.50,7724.25,7725.00,523
2026-09-08 04:45,7725.00,7725.75,7723.50,7724.00,413
2026-09-08 04:50,7724.25,7724.25,7723.25,7724.00,253
2026-09-08 04:55,7723.75,7724.50,7722.25,7723.25,432
2026-09-08 05:00,7723.25,7723.50,7721.75,7721.75,452
2026-09-08 05:05,7721.50,7722.00,7717.50,7718.25,1056
2026-09-08 05:10,7718.25,7718.25,7715.50,7716.25,1204
2026-09-08 05:15,7716.50,7720.50,7715.00,7720.50,792
2026-09-08 05:20,7720.75,7722.50,7719.00,7720.00,961
2026-09-08 05:25,7719.50,7720.75,7716.50,7716.50,626
2026-09-08 05:30,7716.25,7716.25,7711.50,7711.75,1237
2026-09-08 05:35,7711.75,7716.00,7711.50,7716.00,863
2026-09-08 05:40,7716.00,7716.00,7709.00,7709.50,936
2026-09-08 05:45,7709.50,7711.00,7708.75,7710.75,650
2026-09-08 05:50,7710.50,7710.75,7705.75,7705.75,1120
2026-09-08 05:55,7705.75,7706.75,7705.00,7705.50,1040
2026-09-08 06:00,7705.75,7707.00,7702.25,7704.75,1902
2026-09-08 06:05,7704.75,7704.75,7701.50,7703.50,1378
2026-09-08 06:10,7703.50,7703.50,7700.50,7701.75,829
2026-09-08 06:15,7701.50,7702.75,7695.25,7695.25,1709
2026-09-08 06:20,7695.25,7701.00,7694.75,7699.25,1389
2026-09-08 06:25,7699.00,7699.75,7697.50,7697.75,1175
2026-09-08 06:30,7697.75,7699.50,7696.00,7697.50,1649
2026-09-08 06:35,7697.50,7701.75,7695.00,7701.75,1103
2026-09-08 06:40,7701.50,7703.75,7701.50,7702.75,1362
2026-09-08 06:45,7702.75,7704.75,7702.50,7702.75,1232
2026-09-08 06:50,7702.75,7703.50,7701.00,7701.25,1000
2026-09-08 06:55,7701.50,7703.50,7701.00,7703.25,635
2026-09-08 07:00,7703.50,7706.50,7701.25,7706.50,2365
2026-09-08 07:05,7706.50,7710.50,7705.50,7705.50,2258
2026-09-08 07:10,7705.50,7707.50,7704.75,7705.50,1707
2026-09-08 07:15,7705.25,7705.75,7702.25,7705.25,1901
2026-09-08 07:20,7705.25,7706.25,7702.25,7705.75,1165
2026-09-08 07:25,7706.00,7706.00,7703.50,7704.50,1092
2026-09-08 07:30,7704.50,7704.75,7698.75,7699.25,1690
2026-09-08 07:35,7699.25,7701.00,7695.75,7695.75,1494
2026-09-08 07:40,7696.00,7698.00,7693.50,7696.00,2288
2026-09-08 07:45,7696.00,7696.50,7694.25,7695.25,1239
2026-09-08 07:50,7695.25,7695.25,7690.00,7690.50,1868
2026-09-08 07:55,7690.50,7693.25,7690.25,7692.25,1835
2026-09-08 08:00,7692.25,7693.75,7687.50,7689.00,3906
2026-09-08 08:05,7689.00,7696.50,7689.00,7692.00,3224
2026-09-08 08:10,7692.00,7692.75,7689.25,7692.75,1627
2026-09-08 08:15,7693.00,7695.25,7692.00,7693.25,1736
2026-09-08 08:20,7693.00,7693.50,7690.50,7692.50,1193
2026-09-08 08:25,7692.50,7694.50,7690.25,7690.75,1282
2026-09-08 08:30,7690.50,7694.25,7688.25,7694.00,2029
2026-09-08 08:35,7693.75,7694.00,7688.50,7690.75,779
2026-09-08 08:40,7690.75,7692.00,7689.25,7690.00,844
2026-09-08 08:45,7689.75,7695.50,7688.25,7691.00,2435
2026-09-08 08:50,7691.00,7692.00,7688.25,7690.75,838
2026-09-08 08:55,7690.75,7692.75,7689.75,7692.50,629
2026-09-08 09:00,7692.50,7694.25,7689.00,7693.25,758
2026-09-08 09:05,7693.00,7696.00,7692.75,7695.00,824
2026-09-08 09:10,7695.25,7699.00,7694.75,7697.75,1596
2026-09-08 09:15,7697.75,7698.00,7696.00,7697.00,541
2026-09-08 09:20,7696.75,7699.50,7696.75,7699.25,694
2026-09-08 09:25,7699.50,7700.50,7698.25,7700.25,1371
2026-09-08 09:30,7700.25,7702.75,7699.50,7701.75,1361
2026-09-08 09:35,7701.75,7703.25,7701.50,7703.25,1036
2026-09-08 09:40,7703.00,7706.75,7702.25,7703.00,2908
2026-09-08 09:45,7703.00,7705.50,7702.75,7705.25,1214
2026-09-08 09:50,7705.50,7707.25,7705.00,7706.25,1058
2026-09-08 09:55,7706.25,7709.00,7706.00,7709.00,943
2026-09-08 10:00,7709.00,7709.00,7705.75,7706.25,1651
2026-09-08 10:05,7706.00,7707.00,7705.50,7705.50,708
2026-09-08 10:10,7705.50,7706.25,7703.75,7705.75,1625
2026-09-08 10:15,7705.75,7706.50,7705.00,7706.50,669
2026-09-08 10:20,7706.25,7718.25,7706.25,7707.25,8419
2026-09-08 10:25,7707.25,7708.25,7706.00,7706.75,827
2026-09-08 10:30,7707.00,7707.00,7701.25,7702.50,1411
2026-09-08 10:35,7702.50,7704.50,7702.50,7703.75,787
2026-09-08 10:40,7703.75,7704.00,7702.00,7703.25,1225
2026-09-08 10:45,7703.00,7703.00,7699.50,7699.75,1393
2026-09-08 10:50,7700.00,7700.50,7695.75,7698.50,2408
2026-09-08 10:55,7698.50,7700.25,7698.25,7698.50,1034
2026-09-08 11:00,7698.75,7700.00,7697.50,7699.25,1130
2026-09-08 11:05,7699.00,7702.00,7694.00,7698.00,3872
2026-09-08 11:10,7698.00,7698.00,7693.00,7695.50,1429
2026-09-08 11:15,7695.50,7700.00,7695.50,7700.00,1537
2026-09-08 11:20,7700.25,7700.50,7697.25,7698.50,1121
2026-09-08 11:25,7698.50,7699.25,7697.75,7698.00,719
2026-09-08 11:30,7698.25,7701.25,7696.75,7700.50,1033
2026-09-08 11:35,7700.50,7701.00,7698.50,7698.50,1029
2026-09-08 11:40,7698.50,7699.25,7697.25,7697.75,999
2026-09-08 11:45,7698.00,7698.50,7695.75,7697.25,2022
2026-09-08 11:50,7697.25,7701.50,7697.25,7701.25,2577
2026-09-08 11:55,7701.00,7706.25,7700.75,7705.75,2556
2026-09-08 12:00,7706.00,7706.00,7702.25,7703.25,2163
2026-09-08 12:05,7703.00,7704.50,7702.00,7704.25,1643
2026-09-08 12:10,7704.00,7704.00,7697.75,7698.00,2047
2026-09-08 12:15,7698.25,7703.00,7696.25,7703.00,2072
2026-09-08 12:20,7703.00,7704.00,7701.00,7703.00,2370
2026-09-08 12:25,7703.00,7705.50,7703.00,7705.50,1975
2026-09-08 12:30,7705.50,7710.00,7705.00,7708.25,2844
2026-09-08 12:35,7708.00,7709.75,7707.50,7709.25,1518
2026-09-08 12:40,7709.50,7710.50,7708.25,7710.50,2400
2026-09-08 12:45,7710.50,7712.50,7708.50,7712.00,2158
2026-09-08 12:50,7712.00,7713.75,7710.25,7713.50,2678
2026-09-08 12:55,7713.50,7714.25,7711.75,7714.00,2113
2026-09-08 13:00,7714.00,7714.25,7711.00,7713.25,3297
2026-09-08 13:05,7713.00,7714.75,7712.25,7713.00,3102
2026-09-08 13:10,7713.00,7715.00,7712.75,7713.50,1986
2026-09-08 13:15,7713.50,7715.50,7713.00,7715.25,2733
2026-09-08 13:20,7715.25,7715.50,7713.50,7714.00,2451
2026-09-08 13:25,7713.75,7715.50,7709.75,7711.25,6934
2026-09-08 13:30,7711.50,7717.75,7707.00,7708.50,31660
2026-09-08 13:35,7708.50,7708.50,7701.50,7701.75,23273
2026-09-08 13:40,7702.00,7702.00,7691.25,7693.50,27555
2026-09-08 13:45,7693.50,7698.50,7692.25,7697.75,20433
2026-09-08 13:50,7697.50,7697.75,7688.25,7694.00,21982
2026-09-08 13:55,7694.00,7701.25,7693.00,7695.00,21414
2026-09-08 14:00,7695.00,7696.75,7685.75,7690.00,27391
2026-09-08 14:05,7690.00,7691.00,7684.25,7684.50,20340
2026-09-08 14:10,7684.50,7688.25,7680.00,7685.00,24798
2026-09-08 14:15,7684.75,7687.75,7681.25,7685.50,18697
2026-09-08 14:20,7685.50,7691.75,7683.50,7691.25,16149
2026-09-08 14:25,7691.50,7692.00,7684.25,7687.25,14831
2026-09-08 14:30,7687.25,7690.75,7684.50,7690.25,12431
2026-09-08 14:35,7690.25,7691.25,7686.75,7689.00,10648
2026-09-08 14:40,7689.00,7692.50,7687.75,7691.50,11759
2026-09-08 14:45,7691.75,7693.50,7686.75,7693.00,13115
2026-09-08 14:50,7692.75,7698.00,7692.00,7696.50,14191
2026-09-08 14:55,7696.50,7700.00,7693.50,7696.75,13145
2026-09-08 15:00,7697.00,7699.00,7695.25,7697.25,11547
2026-09-08 15:05,7697.25,7698.75,7695.00,7697.00,7576
2026-09-08 15:10,7697.00,7703.75,7697.00,7700.75,12189
2026-09-08 15:15,7700.75,7704.00,7699.50,7701.25,10175
2026-09-08 15:20,7701.25,7701.50,7693.75,7700.00,14799
2026-09-08 15:25,7700.25,7704.00,7698.50,7698.75,17132
2026-09-08 15:30,7698.75,7701.25,7696.75,7698.50,11592
2026-09-08 15:35,7698.50,7698.75,7694.00,7695.50,9935
2026-09-08 15:40,7695.75,7701.00,7694.50,7700.25,9971
2026-09-08 15:45,7700.50,7701.00,7695.00,7696.00,8473
2026-09-08 15:50,7696.00,7698.25,7695.50,7696.00,8107
2026-09-08 15:55,7696.00,7697.50,7693.75,7694.25,7783
2026-09-08 16:00,7694.25,7697.00,7692.25,7697.00,11448
2026-09-08 16:05,7697.00,7698.25,7693.50,7693.75,9572
2026-09-08 16:10,7693.50,7694.00,7690.50,7692.75,9812
2026-09-08 16:15,7692.75,7693.00,7688.25,7689.75,9644
2026-09-08 16:20,7689.75,7694.50,7688.50,7694.50,8294
2026-09-08 16:25,7694.50,7697.00,7691.25,7691.75,9744
2026-09-08 16:30,7691.50,7693.75,7690.50,7692.25,9063
2026-09-08 16:35,7692.25,7693.00,7689.75,7690.50,6288
2026-09-08 16:40,7690.50,7692.00,7688.50,7690.75,7125
2026-09-08 16:45,7690.75,7693.75,7689.50,7692.75,6449
2026-09-08 16:50,7693.00,7697.00,7691.50,7693.00,14085
2026-09-08 16:55,7693.00,7693.50,7685.75,7690.00,20571
2026-09-08 17:00,7689.75,7699.75,7689.75,7699.75,15184
2026-09-08 17:05,7699.75,7701.75,7696.00,7696.00,10892
2026-09-08 17:10,7696.25,7697.75,7695.50,7696.75,5810
2026-09-08 17:15,7696.75,7697.75,7695.75,7696.75,5554
2026-09-08 17:20,7696.75,7697.75,7694.75,7696.75,6098
2026-09-08 17:25,7696.50,7696.75,7692.50,7695.25,6318
2026-09-08 17:30,7695.50,7699.00,7695.00,7697.50,7725
2026-09-08 17:35,7697.50,7699.50,7696.75,7697.50,6359
2026-09-08 17:40,7697.50,7697.50,7693.75,7694.25,7354
2026-09-08 17:45,7694.00,7697.00,7694.00,7696.50,6199
2026-09-08 17:50,7696.50,7699.00,7695.25,7698.50,5979
2026-09-08 17:55,7698.25,7698.25,7695.00,7695.25,6441
2026-09-08 18:00,7695.25,7697.00,7695.00,7696.75,6066
2026-09-08 18:05,7696.50,7698.75,7695.75,7698.25,5970
2026-09-08 18:10,7698.25,7699.25,7697.25,7698.00,7355
2026-09-08 18:15,7698.00,7699.25,7697.25,7698.50,5025
2026-09-08 18:20,7698.50,7699.50,7696.00,7696.50,6260
2026-09-08 18:25,7696.25,7698.50,7695.50,7698.25,5805
2026-09-08 18:30,7698.25,7698.50,7695.50,7695.75,5288
2026-09-08 18:35,7695.75,7695.75,7691.75,7692.50,9145
2026-09-08 18:40,7692.50,7696.00,7691.00,7695.75,6780
2026-09-08 18:45,7695.75,7696.75,7676.75,7683.00,40237
2026-09-08 18:50,7683.25,7691.00,7682.25,7690.25,25593
2026-09-08 18:55,7690.25,7691.50,7687.75,7688.00,12352
2026-09-08 19:00,7688.25,7689.75,7685.25,7686.75,10381
2026-09-08 19:05,7686.50,7690.25,7686.00,7688.75,8409
2026-09-08 19:10,7688.75,7691.50,7688.50,7689.50,7503
2026-09-08 19:15,7689.50,7690.75,7686.50,7687.50,6786
2026-09-08 19:20,7687.25,7689.25,7685.50,7686.25,7923
2026-09-08 19:25,7686.25,7691.25,7685.75,7690.75,10324
2026-09-08 19:30,7690.50,7692.25,7687.75,7691.50,8524
2026-09-08 19:35,7691.50,7691.75,7688.25,7690.50,8087
2026-09-08 19:40,7690.25,7691.50,7687.50,7689.00,7791
2026-09-08 19:45,7688.75,7689.75,7683.75,7686.00,28067
2026-09-08 19:50,7686.00,7687.00,7675.75,7678.00,46237
2026-09-08 19:55,7678.00,7682.75,7672.25,7681.00,94230
2026-09-08 20:00,7681.25,7683.00,7675.25,7676.25,21687
2026-09-08 20:05,7676.25,7678.25,7673.75,7677.50,5246
2026-09-08 20:10,7677.50,7679.50,7676.75,7678.75,5293
2026-09-08 20:15,7678.75,7679.25,7677.00,7678.75,2736
2026-09-08 20:20,7678.75,7679.75,7678.25,7678.75,1230
2026-09-08 20:25,7678.75,7679.25,7674.50,7675.50,3879
2026-09-08 20:30,7675.75,7675.75,7674.00,7675.50,1580
2026-09-08 20:35,7675.75,7677.75,7675.75,7676.75,1190
2026-09-08 20:40,7676.75,7677.50,7676.25,7677.50,997
2026-09-08 20:45,7677.50,7678.00,7676.75,7676.75,932
2026-09-08 20:50,7676.75,7678.25,7676.75,7677.75,913
2026-09-08 20:55,7677.50,7679.25,7677.50,7678.25,1978
2026-09-08 22:00,7681.00,7681.00,7676.50,7680.00,0
2026-09-08 22:05,7679.75,7680.00,7678.25,7679.25,312
2026-09-08 22:10,7679.25,7679.50,7678.25,7678.50,145
2026-09-08 22:15,7678.25,7679.75,7678.25,7679.25,241
2026-09-08 22:20,7679.25,7679.50,7677.75,7678.75,357
2026-09-08 22:25,7679.00,7680.25,7679.00,7679.50,236
2026-09-08 22:30,7679.50,7679.75,7678.25,7679.50,279
2026-09-08 22:35,7679.75,7680.00,7679.25,7679.50,136
2026-09-08 22:40,7679.50,7680.00,7679.25,7679.50,208
2026-09-08 22:45,7679.25,7680.50,7679.25,7680.25,152
2026-09-08 22:50,7680.25,7681.00,7679.50,7680.50,303
2026-09-08 22:55,7680.75,7682.75,7680.50,7682.50,567
2026-09-08 23:00,7682.50,7682.75,7680.25,7681.00,322
2026-09-08 23:05,7681.00,7681.50,7681.00,7681.00,160
2026-09-08 23:10,7681.00,7681.00,7680.00,7680.25,153
2026-09-08 23:15,7680.25,7680.25,7678.50,7679.25,219
2026-09-08 23:20,7679.00,7679.50,7678.25,7679.00,207
2026-09-08 23:25,7679.25,7679.25,7677.75,7678.00,703
2026-09-08 23:30,7678.00,7678.50,7677.00,7677.25,382
2026-09-08 23:35,7677.25,7677.25,7675.50,7676.25,493
2026-09-08 23:40,7676.25,7677.00,7675.50,7676.00,431
2026-09-08 23:45,7676.00,7676.75,7674.25,7675.00,725
2026-09-08 23:50,7675.25,7675.75,7673.00,7673.00,873
2026-09-08 23:55,7673.25,7674.75,7672.75,7674.50,899
2026-09-09 00:00,7674.75,7682.00,7674.50,7682.00,2237
2026-09-09 00:05,7681.75,7684.25,7681.00,7681.25,1383
2026-09-09 00:10,7681.00,7683.00,7680.25,7681.00,859
2026-09-09 00:15,7681.00,7681.00,7676.25,7678.25,1575
2026-09-09 00:20,7678.25,7679.50,7677.50,7678.25,593
2026-09-09 00:25,7678.25,7678.75,7676.25,7678.25,482
2026-09-09 00:30,7678.00,7678.50,7675.25,7677.25,726
2026-09-09 00:35,7677.25,7679.00,7675.50,7678.00,461
2026-09-09 00:40,7678.25,7680.00,7676.25,7679.75,525
2026-09-09 00:45,7679.75,7680.00,7678.50,7679.50,292
2026-09-09 00:50,7679.75,7682.50,7679.75,7682.25,789
2026-09-09 00:55,7682.00,7682.50,7681.00,7682.25,460
2026-09-09 01:00,7682.25,7683.75,7681.50,7682.00,1408
2026-09-09 01:05,7682.00,7683.75,7681.25,7683.75,612
2026-09-09 01:10,7683.50,7684.25,7683.00,7683.25,442
2026-09-09 01:15,7683.25,7684.75,7682.75,7684.75,801
2026-09-09 01:20,7684.50,7686.50,7684.25,7686.00,1199
2026-09-09 01:25,7686.00,7687.00,7685.50,7685.75,3499
2026-09-09 01:30,7685.75,7687.25,7684.75,7686.50,1112
2026-09-09 01:35,7686.75,7687.75,7686.00,7686.75,1288
2026-09-09 01:40,7686.75,7686.75,7684.75,7684.75,574
2026-09-09 01:45,7684.75,7686.75,7684.75,7686.25,546
2026-09-09 01:50,7686.00,7686.00,7683.75,7684.75,611
2026-09-09 01:55,7684.50,7685.50,7684.25,7685.25,418
2026-09-09 02:00,7685.25,7687.00,7684.50,7687.00,700
2026-09-09 02:05,7686.75,7687.00,7685.50,7686.75,610
2026-09-09 02:10,7686.75,7687.00,7684.00,7684.50,771
2026-09-09 02:15,7684.50,7684.75,7682.75,7684.25,857
2026-09-09 02:20,7684.25,7685.75,7684.25,7685.50,572
2026-09-09 02:25,7685.50,7686.00,7684.75,7685.25,386
2026-09-09 02:30,7685.25,7686.00,7684.75,7685.25,341
2026-09-09 02:35,7685.25,7685.50,7684.50,7685.50,304
2026-09-09 02:40,7685.50,7687.00,7685.50,7686.50,906
2026-09-09 02:45,7686.50,7686.75,7685.75,7686.50,380
2026-09-09 02:50,7686.50,7687.25,7686.50,7686.75,245
2026-09-09 02:55,7686.75,7686.75,7685.75,7686.00,344
2026-09-09 03:00,7686.00,7686.50,7683.75,7683.75,646
2026-09-09 03:05,7684.00,7684.50,7682.75,7683.50,495
2026-09-09 03:10,7683.50,7685.00,7683.25,7683.75,505
2026-09-09 03:15,7684.00,7685.00,7684.00,7684.25,444
2026-09-09 03:20,7684.50,7685.25,7684.25,7685.25,333
2026-09-09 03:25,7685.00,7686.00,7684.75,7685.00,476
2026-09-09 03:30,7684.75,7685.25,7683.75,7684.50,565
2026-09-09 03:35,7684.50,7685.75,7684.25,7685.75,260
2026-09-09 03:40,7685.50,7685.75,7684.50,7685.00,248
2026-09-09 03:45,7684.75,7685.25,7683.25,7683.75,547
2026-09-09 03:50,7683.50,7684.00,7682.00,7682.50,536
2026-09-09 03:55,7682.50,7683.75,7682.50,7683.00,225
2026-09-09 04:05,7684.00,7684.25,7683.00,7683.00,855
2026-09-09 04:10,7683.00,7683.25,7680.50,7681.50,771
2026-09-09 04:15,7681.50,7682.25,7681.25,7682.00,341
2026-09-09 04:20,7682.00,7686.25,7682.00,7685.75,607
2026-09-09 04:25,7685.75,7686.75,7685.00,7685.50,544
2026-09-09 04:30,7685.50,7687.00,7684.25,7687.00,495
2026-09-09 04:35,7686.75,7688.00,7686.75,7687.50,432
2026-09-09 04:40,7687.25,7688.25,7686.50,7688.00,342
2026-09-09 04:45,7688.00,7688.50,7687.75,7688.25,307
2026-09-09 04:50,7688.50,7689.50,7688.00,7689.25,415
2026-09-09 04:55,7689.00,7689.75,7688.50,7688.75,432
2026-09-09 05:00,7688.75,7689.00,7687.25,7687.50,563
2026-09-09 05:05,7687.75,7688.50,7686.75,7688.25,404
2026-09-09 05:10,7688.50,7689.00,7688.00,7688.25,393
2026-09-09 05:15,7688.25,7688.25,7685.75,7685.75,495
2026-09-09 05:20,7686.00,7686.00,7683.75,7685.50,815
2026-09-09 05:25,7685.50,7687.00,7685.25,7686.00,602
2026-09-09 05:30,7686.25,7687.50,7684.00,7685.75,755
2026-09-09 05:35,7685.75,7687.25,7685.00,7686.75,451
2026-09-09 05:40,7686.50,7687.50,7686.00,7686.25,595
2026-09-09 05:45,7686.00,7687.75,7685.75,7687.50,475
2026-09-09 05:50,7687.50,7690.25,7687.50,7690.25,999
2026-09-09 05:55,7690.25,7691.00,7689.25,7691.00,791
2026-09-09 06:00,7691.00,7691.25,7690.25,7691.00,1262
2026-09-09 06:05,7690.75,7691.00,7687.75,7688.00,730
2026-09-09 06:10,7688.00,7690.75,7687.50,7690.50,894
2026-09-09 06:15,7690.50,7690.75,7689.75,7689.75,542
2026-09-09 06:20,7689.75,7689.75,7687.50,7689.00,847
2026-09-09 06:25,7689.00,7689.25,7684.50,7685.25,932
2026-09-09 06:30,7685.25,7687.50,7684.50,7687.50,817
2026-09-09 06:35,7687.50,7688.50,7686.75,7687.75,546
2026-09-09 06:40,7688.00,7688.25,7687.00,7688.25,284
2026-09-09 06:45,7688.25,7688.50,7686.00,7686.75,584
2026-09-09 06:50,7687.00,7687.75,7685.25,7685.50,482
2026-09-09 06:55,7685.25,7685.75,7684.75,7685.25,523
2026-09-09 07:00,7685.25,7687.50,7683.00,7687.50,1877
2026-09-09 07:05,7687.50,7688.75,7687.50,7688.25,739
2026-09-09 07:10,7688.25,7691.25,7684.75,7684.75,1602
2026-09-09 07:15,7685.00,7686.00,7683.50,7684.75,1430
2026-09-09 07:20,7685.00,7689.50,7684.75,7688.50,1242
2026-09-09 07:25,7688.50,7691.00,7687.00,7691.00,1322
2026-09-09 07:30,7690.75,7691.00,7688.50,7689.00,893
2026-09-09 07:35,7689.00,7690.25,7687.00,7687.75,944
2026-09-09 07:40,7687.75,7688.25,7686.25,7687.00,829
2026-09-09 07:45,7687.00,7687.00,7683.00,7683.25,1367
2026-09-09 07:50,7683.00,7683.75,7681.50,7683.75,1149
2026-09-09 07:55,7683.75,7685.25,7683.25,7685.25,1065
2026-09-09 08:00,7685.25,7687.75,7683.50,7686.25,1703
2026-09-09 08:05,7686.25,7687.50,7684.50,7685.25,1207
2026-09-09 08:10,7685.00,7686.25,7683.25,7683.75,608
2026-09-09 08:15,7684.00,7685.25,7683.50,7685.00,719
2026-09-09 08:20,7684.75,7685.25,7681.00,7681.25,998
2026-09-09 08:25,7681.50,7685.75,7681.25,7684.75,1306
2026-09-09 08:30,7684.75,7686.00,7683.75,7683.75,918
2026-09-09 08:35,7683.75,7684.00,7679.75,7680.00,1236
2026-09-09 08:40,7680.00,7682.75,7678.50,7678.50,2035
2026-09-09 08:45,7678.50,7680.25,7677.75,7679.75,1050
2026-09-09 08:50,7679.75,7683.25,7679.50,7682.75,906
2026-09-09 08:55,7683.00,7683.25,7681.75,7682.00,959
2026-09-09 09:00,7682.00,7683.75,7680.50,7681.50,940
2026-09-09 09:05,7681.50,7682.25,7678.75,7679.25,1132
2026-09-09 09:10,7679.00,7681.25,7677.75,7680.75,1305
2026-09-09 09:15,7680.75,7681.75,7679.75,7680.00,555
2026-09-09 09:20,7680.00,7680.00,7675.00,7675.50,1866
2026-09-09 09:25,7675.50,7678.00,7675.50,7677.25,1333
2026-09-09 09:30,7677.25,7679.50,7674.25,7674.25,2292
2026-09-09 09:35,7674.25,7674.25,7672.25,7673.00,2071
2026-09-09 09:40,7673.00,7673.50,7669.50,7670.50,2696
2026-09-09 09:45,7670.25,7671.75,7667.75,7668.50,1840
2026-09-09 09:50,7668.25,7669.00,7662.00,7662.00,3205
2026-09-09 09:55,7662.00,7663.00,7657.00,7659.25,4105
2026-09-09 10:00,7659.50,7662.75,7655.75,7662.50,3839
2026-09-09 10:05,7662.50,7664.50,7660.75,7661.00,2869
2026-09-09 10:10,7660.75,7663.25,7658.00,7659.75,2807
2026-09-09 10:15,7659.50,7664.00,7657.50,7663.75,2143
2026-09-09 10:20,7663.75,7665.00,7659.75,7661.00,1672
2026-09-09 10:25,7660.75,7662.00,7659.75,7661.00,1231
2026-09-09 10:30,7661.00,7661.25,7658.75,7659.25,3079
2026-09-09 10:35,7659.25,7661.00,7658.25,7659.00,2457
2026-09-09 10:40,7659.00,7659.50,7654.50,7654.75,1765
2026-09-09 10:45,7654.75,7655.00,7651.75,7652.75,2775
2026-09-09 10:50,7652.75,7654.00,7647.25,7650.25,3602
2026-09-09 10:55,7650.25,7652.50,7649.00,7650.00,2803
2026-09-09 11:00,7650.00,7653.50,7649.00,7651.75,2390
2026-09-09 11:05,7651.75,7655.25,7650.00,7655.25,1865
2026-09-09 11:10,7655.25,7657.50,7653.75,7654.25,2314
2026-09-09 11:15,7654.50,7654.50,7650.00,7652.00,1789
2026-09-09 11:20,7652.00,7658.25,7649.75,7658.00,2232
2026-09-09 11:25,7657.75,7658.50,7655.00,7656.00,1209
2026-09-09 11:30,7656.00,7656.00,7650.75,7651.25,2417
2026-09-09 11:35,7651.25,7654.50,7650.50,7654.25,1687
2026-09-09 11:40,7654.25,7655.00,7650.75,7651.25,2551
2026-09-09 11:45,7651.00,7662.00,7651.00,7660.50,5599
2026-09-09 11:50,7660.25,7663.50,7655.75,7656.50,6502
2026-09-09 11:55,7656.50,7656.50,7651.75,7652.75,1942
2026-09-09 12:00,7652.75,7653.50,7649.50,7650.00,2835
2026-09-09 12:05,7650.00,7651.25,7648.00,7649.25,2250
2026-09-09 12:10,7649.50,7649.50,7644.50,7644.75,3115
2026-09-09 12:15,7644.75,7647.75,7644.75,7646.00,2995
2026-09-09 12:20,7646.25,7649.75,7645.75,7648.25,2609
2026-09-09 12:25,7648.25,7649.00,7646.75,7647.00,1752
2026-09-09 12:30,7646.75,7652.50,7645.75,7651.75,2389
2026-09-09 12:35,7651.75,7654.00,7651.50,7653.00,2233
2026-09-09 12:40,7653.00,7653.25,7650.75,7652.75,2215
2026-09-09 12:45,7652.50,7656.75,7652.50,7655.75,3124
2026-09-09 12:50,7655.75,7656.50,7653.75,7654.00,2268
2026-09-09 12:55,7654.00,7657.00,7654.00,7655.50,3039
2026-09-09 13:00,7655.50,7659.25,7654.00,7658.00,3899
2026-09-09 13:05,7658.00,7658.00,7655.50,7656.00,2983
2026-09-09 13:10,7656.00,7657.00,7655.00,7656.50,1959
2026-09-09 13:15,7656.50,7657.50,7655.00,7657.25,2484
2026-09-09 13:20,7657.00,7657.75,7655.25,7657.00,1718
2026-09-09 13:25,7657.00,7662.25,7657.00,7660.50,7584
2026-09-09 13:30,7660.75,7663.75,7651.75,7660.75,35851
2026-09-09 13:35,7661.00,7661.75,7655.75,7658.00,19328
2026-09-09 13:40,7657.75,7660.25,7653.75,7656.75,17340
2026-09-09 13:45,7656.75,7661.75,7654.00,7658.50,19339
2026-09-09 13:50,7658.50,7659.50,7654.25,7657.50,13062
2026-09-09 13:55,7657.50,7662.00,7656.25,7661.00,17509
2026-09-09 14:00,7660.75,7662.00,7653.50,7658.00,18878
2026-09-09 14:05,7658.00,7661.25,7657.25,7660.50,12712
2026-09-09 14:10,7660.50,7661.25,7656.00,7658.75,14064
2026-09-09 14:15,7658.50,7659.00,7647.50,7650.00,23221
2026-09-09 14:20,7650.25,7651.25,7644.50,7645.00,20060
2026-09-09 14:25,7645.00,7660.75,7644.50,7659.50,27206
2026-09-09 14:30,7659.50,7660.00,7654.00,7654.75,19897
2026-09-09 14:35,7654.75,7658.00,7652.25,7656.00,15278
2026-09-09 14:40,7655.75,7659.00,7654.50,7657.50,11336
2026-09-09 14:45,7657.50,7657.75,7654.00,7657.25,10563
2026-09-09 14:50,7657.25,7659.25,7655.50,7656.25,12310
2026-09-09 14:55,7656.25,7659.00,7654.25,7657.75,9976
2026-09-09 15:00,7658.00,7665.00,7646.25,7648.75,40026
2026-09-09 15:05,7648.50,7650.50,7641.00,7642.25,24982
2026-09-09 15:10,7642.25,7642.75,7633.50,7636.00,36399
2026-09-09 15:15,7635.75,7641.50,7634.50,7640.00,24897
2026-09-09 15:20,7640.00,7641.00,7629.50,7630.25,25262
2026-09-09 15:25,7630.25,7635.50,7628.75,7635.25,24073
2026-09-09 15:30,7635.25,7641.50,7634.50,7641.25,23803
2026-09-09 15:35,7641.25,7649.50,7637.25,7648.50,25552
2026-09-09 15:40,7648.75,7650.75,7640.75,7642.25,19812
2026-09-09 15:45,7642.25,7643.50,7640.00,7642.50,11054
2026-09-09 15:50,7642.50,7646.25,7642.50,7645.25,11491
2026-09-09 15:55,7645.25,7645.25,7638.25,7641.25,10844
2026-09-09 16:00,7641.50,7643.75,7640.25,7643.50,8485
2026-09-09 16:05,7643.50,7643.75,7634.75,7634.75,12935
2026-09-09 16:10,7634.75,7638.75,7633.75,7636.00,11307
2026-09-09 16:15,7636.00,7636.25,7633.25,7634.00,7950
2026-09-09 16:20,7634.00,7637.00,7632.75,7636.75,9074
2026-09-09 16:25,7637.00,7638.00,7634.00,7635.75,9186
2026-09-09 16:30,7635.75,7642.25,7635.50,7640.75,8968
2026-09-09 16:35,7641.00,7642.50,7639.00,7642.25,9208
2026-09-09 16:40,7642.50,7644.50,7640.75,7644.25,9447
2026-09-09 16:45,7644.50,7645.25,7641.50,7644.75,8571
2026-09-09 16:50,7644.75,7648.75,7644.75,7646.25,10492
2026-09-09 16:55,7646.00,7647.75,7645.00,7645.75,8130
2026-09-09 17:00,7645.75,7650.25,7643.50,7643.50,17174
2026-09-09 17:05,7643.75,7647.75,7643.75,7645.50,10153
2026-09-09 17:10,7645.50,7652.25,7645.25,7651.25,11555
2026-09-09 17:15,7651.50,7653.00,7648.50,7648.50,11811
2026-09-09 17:20,7648.50,7651.75,7647.50,7651.75,8378
2026-09-09 17:25,7652.00,7652.00,7648.50,7649.00,7879
2026-09-09 17:30,7649.25,7650.50,7646.75,7648.00,9168
2026-09-09 17:35,7648.00,7648.75,7643.50,7644.25,9009
2026-09-09 17:40,7644.50,7649.75,7644.25,7648.75,7617
2026-09-09 17:45,7649.00,7651.50,7648.75,7650.50,7781
2026-09-09 17:50,7650.75,7653.25,7649.25,7652.50,7318
2026-09-09 17:55,7652.50,7653.25,7650.00,7650.25,7707
2026-09-09 18:00,7650.25,7652.00,7649.50,7651.00,6492
2026-09-09 18:05,7651.00,7651.00,7647.00,7647.50,7687
2026-09-09 18:10,7647.50,7647.75,7643.75,7644.00,7704
2026-09-09 18:15,7644.00,7646.75,7642.75,7645.50,9124
2026-09-09 18:20,7645.50,7650.25,7645.50,7649.75,7888
2026-09-09 18:25,7649.50,7650.50,7647.25,7648.50,7354
2026-09-09 18:30,7648.25,7648.75,7645.75,7647.50,7213
2026-09-09 18:35,7647.50,7650.25,7647.00,7650.00,5411
2026-09-09 18:40,7650.00,7653.00,7650.00,7651.75,10097
2026-09-09 18:45,7651.50,7652.00,7649.25,7650.00,6381
2026-09-09 18:50,7650.25,7653.50,7650.00,7652.75,6797
2026-09-09 18:55,7652.75,7653.75,7648.75,7648.75,9219
2026-09-09 19:00,7648.75,7650.75,7646.25,7646.75,9230
2026-09-09 19:05,7647.00,7651.00,7646.25,7650.50,8791
2026-09-09 19:10,7650.75,7651.50,7649.50,7649.50,5621
2026-09-09 19:15,7649.75,7653.50,7649.50,7652.75,6114
2026-09-09 19:20,7652.75,7653.50,7651.25,7652.50,7368
2026-09-09 19:25,7652.50,7654.50,7651.00,7651.25,6676
2026-09-09 19:30,7651.25,7652.25,7649.00,7650.00,8400
2026-09-09 19:35,7650.00,7651.00,7647.75,7648.00,8248
2026-09-09 19:40,7647.75,7648.50,7646.00,7648.25,10457
2026-09-09 19:45,7648.25,7649.75,7646.50,7648.75,8457
2026-09-09 19:50,7648.75,7649.00,7642.25,7644.75,20015
2026-09-09 19:55,7644.75,7645.75,7641.25,7644.50,74268
2026-09-09 20:00,7644.50,7646.25,7642.50,7643.00,16339
2026-09-09 20:05,7643.00,7646.25,7643.00,7645.75,4997
2026-09-09 20:10,7645.75,7647.25,7644.75,7646.00,4689
2026-09-09 20:15,7646.25,7646.50,7645.00,7645.50,2815
2026-09-09 20:20,7645.50,7646.25,7644.75,7645.75,1038
2026-09-09 20:25,7645.75,7646.25,7645.25,7645.25,829
2026-09-09 20:30,7645.25,7646.50,7645.00,7646.50,1558
2026-09-09 20:35,7646.25,7647.75,7646.25,7647.25,1499
2026-09-09 20:40,7647.25,7647.25,7646.50,7646.75,1001
2026-09-09 20:45,7647.00,7647.00,7646.50,7646.75,1062
2026-09-09 20:50,7646.75,7647.00,7645.75,7647.00,1043
2026-09-09 20:55,7647.00,7648.25,7646.75,7648.00,1243
2026-09-09 22:00,7646.50,7651.00,7646.50,7647.25,0
2026-09-09 22:05,7647.00,7648.00,7646.25,7647.25,363
2026-09-09 22:10,7647.50,7648.25,7646.75,7646.75,370
2026-09-09 22:15,7647.00,7647.25,7646.50,7646.50,163
2026-09-09 22:20,7646.75,7647.25,7646.25,7646.50,230
2026-09-09 22:25,7646.50,7647.00,7645.75,7646.00,305
2026-09-09 22:30,7646.00,7647.50,7646.00,7647.25,320
2026-09-09 22:35,7647.25,7647.75,7646.75,7647.00,157
2026-09-09 22:40,7647.25,7647.75,7646.75,7647.50,153
2026-09-09 22:45,7647.50,7648.00,7647.25,7647.50,96
2026-09-09 22:50,7647.50,7647.50,7646.50,7646.75,166
2026-09-09 22:55,7647.00,7647.00,7646.25,7647.00,207
2026-09-09 23:00,7647.00,7647.25,7646.25,7646.50,169
2026-09-09 23:05,7646.75,7647.00,7646.25,7646.25,183
2026-09-09 23:10,7646.50,7646.50,7646.25,7646.25,206
2026-09-09 23:15,7646.25,7648.00,7645.75,7647.50,370
2026-09-09 23:20,7647.50,7647.75,7646.75,7647.00,238
2026-09-09 23:25,7647.00,7647.50,7646.25,7647.25,255
2026-09-09 23:30,7647.50,7647.75,7647.25,7647.50,114
2026-09-09 23:35,7647.25,7648.25,7647.25,7647.50,111
2026-09-09 23:40,7647.75,7648.25,7647.25,7648.00,182
2026-09-09 23:45,7648.00,7648.75,7647.25,7648.75,449
2026-09-09 23:50,7648.75,7653.00,7648.25,7652.75,853
2026-09-09 23:55,7652.50,7652.75,7650.50,7652.00,697
2026-09-10 00:00,7652.25,7652.75,7650.50,7652.50,1291
2026-09-10 00:05,7652.50,7654.50,7652.50,7653.75,974
2026-09-10 00:10,7653.75,7654.75,7650.75,7651.75,1088
2026-09-10 00:15,7651.75,7655.00,7651.50,7654.25,1426
2026-09-10 00:20,7654.00,7655.25,7653.50,7654.00,940
2026-09-10 00:25,7654.00,7656.50,7653.25,7656.25,1041
2026-09-10 00:30,7656.00,7656.25,7653.50,7654.00,756
2026-09-10 00:35,7654.00,7654.50,7653.25,7653.50,621
2026-09-10 00:40,7653.75,7654.25,7652.25,7654.25,826
2026-09-10 00:45,7654.00,7654.00,7651.00,7651.50,775
2026-09-10 00:50,7651.50,7651.50,7648.75,7649.50,1021
2026-09-10 00:55,7649.50,7649.50,7647.25,7647.50,1072
2026-09-10 01:00,7647.50,7650.00,7647.00,7648.75,1257
2026-09-10 01:05,7648.75,7650.50,7647.75,7649.00,852
2026-09-10 01:10,7648.75,7649.25,7646.25,7648.00,1076
2026-09-10 01:15,7648.00,7650.50,7646.75,7650.25,660
2026-09-10 01:20,7650.25,7650.50,7646.50,7647.00,972
2026-09-10 01:25,7647.00,7647.75,7644.75,7645.50,774
2026-09-10 01:30,7645.50,7646.25,7644.00,7644.25,851
2026-09-10 01:35,7644.25,7646.25,7644.00,7646.25,582
2026-09-10 01:40,7646.25,7649.75,7646.25,7649.25,914
2026-09-10 01:45,7649.00,7652.00,7648.25,7651.25,1008
2026-09-10 01:50,7651.50,7652.00,7648.25,7648.25,934
2026-09-10 01:55,7648.50,7651.50,7648.50,7651.50,761
2026-09-10 02:00,7651.50,7652.00,7650.25,7651.00,580
2026-09-10 02:05,7651.00,7652.25,7650.50,7650.75,689
2026-09-10 02:10,7650.50,7651.25,7648.50,7651.25,838
2026-09-10 02:15,7651.00,7651.25,7648.25,7648.75,576
2026-09-10 02:20,7649.00,7650.75,7649.00,7650.00,407
2026-09-10 02:25,7650.00,7650.25,7648.50,7649.00,352
2026-09-10 02:30,7649.00,7652.00,7648.75,7651.75,615
2026-09-10 02:35,7651.75,7654.00,7651.25,7653.50,615
2026-09-10 02:40,7653.75,7655.50,7653.25,7654.25,709
2026-09-10 02:45,7654.00,7654.75,7653.00,7653.50,514
2026-09-10 02:50,7653.25,7655.00,7653.25,7655.00,457
2026-09-10 02:55,7654.75,7654.75,7653.50,7654.50,372
2026-09-10 03:00,7654.50,7656.50,7654.50,7655.75,603
2026-09-10 03:05,7655.75,7655.75,7654.75,7655.50,408
2026-09-10 03:10,7655.50,7656.75,7654.25,7654.50,553
2026-09-10 03:15,7654.50,7655.00,7654.25,7655.00,337
2026-09-10 03:20,7655.00,7656.00,7653.25,7653.25,782
2026-09-10 03:25,7653.25,7654.25,7652.00,7654.25,574
2026-09-10 03:30,7654.00,7654.75,7653.25,7654.25,427
2026-09-10 03:35,7654.00,7654.50,7653.25,7654.00,380
2026-09-10 03:40,7653.75,7655.00,7653.75,7654.75,357
2026-09-10 03:45,7654.75,7656.50,7654.50,7656.00,566
2026-09-10 03:50,7655.75,7656.00,7654.75,7655.75,500
2026-09-10 03:55,7655.50,7656.25,7655.25,7655.75,257
2026-09-10 04:05,7656.25,7656.50,7656.00,7656.25,989
2026-09-10 04:10,7656.50,7657.25,7656.50,7656.75,294
2026-09-10 04:15,7656.75,7657.00,7655.50,7656.00,558
2026-09-10 04:20,7655.75,7656.75,7655.00,7656.25,476
2026-09-10 04:25,7656.50,7657.25,7655.75,7656.25,302
2026-09-10 04:30,7656.25,7656.75,7655.75,7656.50,230
2026-09-10 04:35,7656.50,7657.50,7655.75,7657.25,310
2026-09-10 04:40,7657.25,7657.75,7655.75,7656.00,426
2026-09-10 04:45,7656.25,7658.50,7656.00,7658.00,459
2026-09-10 04:50,7658.00,7660.00,7658.00,7659.00,588
2026-09-10 04:55,7659.00,7659.50,7658.25,7659.00,402
2026-09-10 05:00,7659.00,7660.50,7658.50,7658.75,500
2026-09-10 05:05,7659.00,7659.00,7657.75,7658.25,346
2026-09-10 05:10,7658.25,7660.00,7658.00,7660.00,411
2026-09-10 05:15,7660.00,7660.00,7659.25,7660.00,205
2026-09-10 05:20,7659.75,7660.50,7659.25,7660.25,321
2026-09-10 05:25,7660.50,7663.00,7660.00,7662.75,1086
2026-09-10 05:30,7663.00,7664.50,7661.25,7663.75,1069
2026-09-10 05:35,7663.75,7664.75,7662.75,7662.75,629
2026-09-10 05:40,7662.75,7664.00,7662.75,7662.75,469
2026-09-10 05:45,7663.00,7665.75,7663.00,7663.25,768
2026-09-10 05:50,7663.25,7663.50,7662.00,7662.00,541
2026-09-10 05:55,7662.00,7663.75,7661.00,7663.50,538
2026-09-10 06:00,7663.50,7664.75,7662.50,7663.25,760
2026-09-10 06:05,7663.25,7663.25,7661.00,7661.50,689
2026-09-10 06:10,7661.50,7662.75,7661.25,7661.50,579
2026-09-10 06:15,7661.75,7662.00,7659.50,7660.25,640
2026-09-10 06:20,7660.25,7661.00,7659.25,7660.50,600
2026-09-10 06:25,7660.50,7663.50,7660.00,7663.50,873
2026-09-10 06:30,7663.75,7665.25,7662.75,7664.00,1137
2026-09-10 06:35,7664.00,7665.75,7663.00,7665.75,696
2026-09-10 06:40,7665.75,7666.25,7664.50,7664.75,657
2026-09-10 06:45,7664.75,7666.00,7664.75,7665.75,410
2026-09-10 06:50,7666.00,7666.25,7663.75,7664.25,1001
2026-09-10 06:55,7664.25,7664.25,7663.00,7664.00,581
2026-09-10 07:00,7664.00,7664.00,7660.50,7660.50,1353
2026-09-10 07:05,7660.75,7662.25,7660.00,7661.75,829
2026-09-10 07:10,7661.50,7663.50,7661.25,7662.75,821
2026-09-10 07:15,7662.75,7663.75,7661.50,7663.50,686
2026-09-10 07:20,7663.75,7664.00,7662.50,7662.75,1104
2026-09-10 07:25,7662.75,7663.00,7657.50,7657.75,1199
2026-09-10 07:30,7657.75,7659.25,7656.25,7657.00,1074
2026-09-10 07:35,7657.50,7660.00,7657.00,7657.75,1027
2026-09-10 07:40,7658.00,7660.75,7657.50,7660.50,748
2026-09-10 07:45,7660.50,7661.00,7658.50,7659.50,1247
2026-09-10 07:50,7659.75,7661.25,7659.00,7660.25,823
2026-09-10 07:55,7660.25,7661.00,7659.25,7659.25,467
2026-09-10 08:00,7659.50,7662.50,7659.25,7659.75,2047
2026-09-10 08:05,7659.50,7661.25,7658.00,7659.00,1202
2026-09-10 08:10,7659.25,7661.00,7657.50,7658.00,753
2026-09-10 08:15,7658.00,7658.00,7656.50,7657.50,936
2026-09-10 08:20,7657.25,7659.75,7657.25,7659.00,968
2026-09-10 08:25,7659.00,7660.75,7658.25,7660.00,1253
2026-09-10 08:30,7660.25,7661.00,7656.00,7656.25,1274
2026-09-10 08:35,7656.25,7659.25,7656.25,7657.50,759
2026-09-10 08:40,7657.25,7657.75,7652.75,7653.50,1288
2026-09-10 08:45,7653.75,7655.25,7652.25,7652.25,1149
2026-09-10 08:50,7652.50,7653.25,7651.25,7652.75,1085
2026-09-10 08:55,7653.00,7653.00,7651.25,7652.50,969
2026-09-10 09:00,7652.50,7655.50,7651.50,7654.75,1586
2026-09-10 09:05,7654.50,7655.00,7651.25,7652.00,1066
2026-09-10 09:10,7652.25,7653.75,7651.75,7652.75,835
2026-09-10 09:15,7653.00,7653.75,7651.75,7653.50,486
2026-09-10 09:20,7653.75,7654.25,7651.25,7651.25,931
2026-09-10 09:25,7651.25,7652.25,7649.75,7650.50,1021
2026-09-10 09:30,7650.25,7650.25,7647.25,7649.75,1024
2026-09-10 09:35,7649.75,7650.00,7647.25,7647.75,1014
2026-09-10 09:40,7647.50,7650.75,7646.00,7650.50,1926
2026-09-10 09:45,7650.50,7652.25,7650.25,7652.00,1349
2026-09-10 09:50,7651.75,7654.75,7650.75,7652.75,1792
2026-09-10 09:55,7652.75,7653.25,7651.50,7652.00,812
2026-09-10 10:00,7652.00,7654.00,7650.50,7653.00,1442
2026-09-10 10:05,7653.00,7653.50,7649.75,7650.50,1015
2026-09-10 10:10,7650.50,7652.00,7649.75,7650.50,927
2026-09-10 10:15,7650.50,7652.00,7650.50,7651.75,659
2026-09-10 10:20,7651.75,7652.50,7650.50,7651.50,671
2026-09-10 10:25,7651.50,7653.50,7650.50,7651.00,1110
2026-09-10 10:30,7651.25,7651.50,7647.25,7648.25,871
2026-09-10 10:35,7648.00,7652.25,7647.50,7652.00,1618
2026-09-10 10:40,7652.00,7653.25,7651.25,7651.25,952
2026-09-10 10:45,7651.25,7651.50,7649.25,7650.75,1030
2026-09-10 10:50,7650.75,7651.00,7646.50,7646.50,1154
2026-09-10 10:55,7646.50,7657.00,7646.25,7648.25,6417
2026-09-10 11:00,7648.00,7648.75,7644.50,7646.50,2188
2026-09-10 11:05,7646.75,7647.50,7643.50,7644.75,1544
2026-09-10 11:10,7644.75,7646.00,7642.75,7645.25,1705
2026-09-10 11:15,7645.00,7645.75,7644.00,7644.25,1126
2026-09-10 11:20,7644.25,7644.75,7642.50,7644.50,1135
2026-09-10 11:25,7644.50,7644.75,7643.00,7643.00,820
2026-09-10 11:30,7643.25,7648.50,7643.00,7647.50,1433
2026-09-10 11:35,7647.25,7648.50,7646.00,7647.25,868
2026-09-10 11:40,7647.00,7647.00,7643.50,7644.50,1192
2026-09-10 11:45,7644.50,7645.75,7641.50,7641.50,2269
2026-09-10 11:50,7641.50,7641.75,7636.75,7637.75,3435
2026-09-10 11:55,7637.50,7637.50,7632.00,7632.00,5492
2026-09-10 12:00,7632.00,7635.00,7629.50,7630.50,5367
2026-09-10 12:05,7630.25,7632.00,7629.00,7629.25,5658
2026-09-10 12:10,7629.25,7634.25,7628.75,7632.75,2794
2026-09-10 12:15,7633.00,7633.75,7627.75,7628.00,3768
2026-09-10 12:20,7628.25,7628.25,7626.00,7626.75,3975
2026-09-10 12:25,7626.75,7630.00,7623.75,7625.75,3814
2026-09-10 12:30,7627.00,7630.00,7605.25,7605.75,17191
2026-09-10 12:35,7605.75,7613.50,7605.75,7608.75,15395
2026-09-10 12:40,7609.00,7609.25,7598.75,7602.50,20487
2026-09-10 12:45,7602.50,7605.00,7597.75,7604.50,13463
2026-09-10 12:50,7604.50,7606.75,7603.00,7605.75,10256
2026-09-10 12:55,7605.75,7605.75,7600.00,7601.50,8530
2026-09-10 13:00,7601.50,7609.00,7601.00,7608.25,8352
2026-09-10 13:05,7608.50,7608.75,7601.75,7603.50,7119
2026-09-10 13:10,7603.25,7605.75,7600.50,7601.00,6247
2026-09-10 13:15,7600.75,7603.50,7599.00,7601.50,6448
2026-09-10 13:20,7601.25,7603.00,7598.50,7598.75,4083
2026-09-10 13:25,7599.00,7600.75,7595.00,7598.75,10371
2026-09-10 13:30,7599.00,7603.00,7595.00,7596.75,42321
2026-09-10 13:35,7597.00,7604.50,7593.75,7603.50,34463
2026-09-10 13:40,7603.25,7606.75,7599.50,7600.25,29633
2026-09-10 13:45,7600.25,7609.00,7600.00,7605.50,25808
2026-09-10 13:50,7605.75,7605.75,7591.25,7592.25,27212
2026-09-10 13:55,7592.25,7592.75,7586.00,7586.75,26959
2026-09-10 14:00,7586.75,7596.75,7586.50,7592.00,29550
2026-09-10 14:05,7592.00,7593.25,7585.50,7587.50,22033
2026-09-10 14:10,7587.50,7597.00,7586.50,7593.00,24689
2026-09-10 14:15,7592.75,7600.00,7590.50,7599.25,22985
2026-09-10 14:20,7599.25,7620.00,7598.50,7613.00,48035
2026-09-10 14:25,7613.00,7618.25,7604.75,7606.25,38903
2026-09-10 14:30,7606.25,7612.00,7605.50,7608.00,19652
2026-09-10 14:35,7608.25,7615.50,7608.00,7612.50,17114
2026-09-10 14:40,7612.25,7613.50,7606.00,7607.75,17128
2026-09-10 14:45,7607.75,7609.75,7603.75,7607.25,17598
2026-09-10 14:50,7607.25,7611.25,7604.50,7611.00,15913
2026-09-10 14:55,7611.25,7614.50,7608.25,7613.50,14046
2026-09-10 15:00,7613.25,7614.00,7604.75,7607.75,18651
2026-09-10 15:05,7607.75,7614.00,7607.75,7609.50,12265
2026-09-10 15:10,7609.50,7614.00,7608.75,7609.75,15462
2026-09-10 15:15,7609.75,7611.75,7608.00,7610.25,11930
2026-09-10 15:20,7610.25,7613.00,7605.75,7612.50,14007
2026-09-10 15:25,7612.50,7615.00,7610.75,7611.25,13606
2026-09-10 15:30,7611.50,7615.50,7609.25,7614.00,14178
2026-09-10 15:35,7613.75,7619.25,7610.00,7612.00,17283
2026-09-10 15:40,7611.75,7613.75,7610.25,7613.25,10585
2026-09-10 15:45,7613.50,7614.75,7606.75,7610.50,13051
2026-09-10 15:50,7610.50,7613.00,7605.25,7605.50,13198
2026-09-10 15:55,7605.25,7606.50,7601.25,7604.75,15741
2026-09-10 16:00,7605.00,7610.25,7603.50,7605.00,17145
2026-09-10 16:05,7604.75,7605.75,7599.75,7600.25,12105
2026-09-10 16:10,7600.00,7602.75,7597.50,7600.50,13836
2026-09-10 16:15,7600.25,7603.75,7598.00,7599.75,11443
2026-09-10 16:20,7599.75,7602.50,7599.25,7600.00,8958
2026-09-10 16:25,7599.75,7600.25,7597.00,7600.25,8946
2026-09-10 16:30,7600.00,7603.50,7594.25,7594.25,21728
2026-09-10 16:35,7594.25,7601.75,7591.50,7601.00,17154
2026-09-10 16:40,7601.00,7608.50,7600.50,7607.25,11626
2026-09-10 16:45,7607.25,7613.00,7607.00,7607.50,16837
2026-09-10 16:50,7607.50,7611.25,7606.25,7611.00,10421
2026-09-10 16:55,7611.00,7613.00,7609.75,7611.50,9711
2026-09-10 17:00,7611.25,7617.75,7607.00,7609.50,22195
2026-09-10 17:05,7609.75,7612.00,7607.50,7609.00,12909
2026-09-10 17:10,7608.75,7613.75,7608.75,7609.50,10106
2026-09-10 17:15,7609.50,7611.25,7607.75,7609.00,9808
2026-09-10 17:20,7609.25,7610.25,7605.50,7606.00,7789
2026-09-10 17:25,7606.00,7606.50,7604.25,7605.25,9844
2026-09-10 17:30,7605.00,7607.25,7602.75,7605.00,10755
2026-09-10 17:35,7605.00,7607.25,7599.50,7600.00,9298
2026-09-10 17:40,7600.00,7604.00,7599.50,7603.50,7185
2026-09-10 17:45,7603.75,7604.25,7601.25,7602.00,5915
2026-09-10 17:50,7602.25,7605.00,7601.25,7603.25,7611
2026-09-10 17:55,7603.25,7604.75,7601.25,7602.25,6895
2026-09-10 18:00,7602.25,7605.25,7597.75,7599.00,12246
2026-09-10 18:05,7599.00,7601.25,7596.00,7597.00,11147
2026-09-10 18:10,7596.75,7598.50,7594.25,7596.50,12085
2026-09-10 18:15,7596.25,7597.00,7594.00,7596.25,8382
2026-09-10 18:20,7596.25,7600.00,7596.00,7597.50,8517
2026-09-10 18:25,7597.50,7598.75,7595.25,7596.75,7050
2026-09-10 18:30,7596.50,7596.50,7591.75,7595.25,10688
2026-09-10 18:35,7595.50,7598.25,7594.25,7597.75,7131
2026-09-10 18:40,7598.00,7598.75,7596.25,7597.75,6636
2026-09-10 18:45,7597.50,7600.50,7593.50,7597.00,11285
2026-09-10 18:50,7597.00,7603.50,7595.00,7599.25,19726
2026-09-10 18:55,7599.25,7600.75,7596.00,7597.00,8678
2026-09-10 19:00,7597.00,7597.00,7592.75,7592.75,13269
2026-09-10 19:05,7592.50,7599.50,7592.50,7599.25,16013
2026-09-10 19:10,7599.25,7599.25,7594.75,7597.50,13174
2026-09-10 19:15,7597.75,7599.25,7593.00,7594.75,11036
2026-09-10 19:20,7594.75,7596.75,7593.00,7596.50,8805
2026-09-10 19:25,7596.50,7597.50,7594.75,7595.75,8255
2026-09-10 19:30,7595.75,7599.75,7594.25,7599.00,11677
2026-09-10 19:35,7599.25,7601.00,7596.25,7599.75,11276
2026-09-10 19:40,7599.75,7602.75,7599.50,7600.00,10917
2026-09-10 19:45,7600.25,7602.00,7597.50,7600.75,12430
2026-09-10 19:50,7600.75,7602.75,7595.75,7598.50,22251
2026-09-10 19:55,7598.50,7600.50,7596.00,7598.50,80272
2026-09-10 20:00,7598.75,7599.50,7596.50,7598.00,21059
2026-09-10 20:05,7598.00,7602.00,7595.75,7601.50,5655
2026-09-10 20:10,7601.25,7606.25,7599.75,7605.75,6558
2026-09-10 20:15,7606.00,7606.50,7603.75,7604.75,2260
2026-09-10 20:20,7604.75,7606.25,7604.50,7605.50,1227
2026-09-10 20:25,7605.50,7605.75,7603.25,7603.50,1585
2026-09-10 20:30,7603.75,7604.50,7603.25,7604.50,1490
2026-09-10 20:35,7604.25,7605.00,7603.75,7604.75,1160
2026-09-10 20:40,7604.75,7605.00,7604.00,7604.00,1024
2026-09-10 20:45,7604.25,7605.00,7603.75,7604.50,1628
2026-09-10 20:50,7604.25,7605.50,7604.00,7605.00,1179
2026-09-10 20:55,7605.00,7605.25,7599.25,7602.00,2563
2026-09-10 22:00,7599.50,7603.25,7599.50,7602.50,0
2026-09-10 22:05,7602.50,7603.00,7600.25,7602.50,542
2026-09-10 22:10,7602.50,7603.75,7602.00,7602.75,233
2026-09-10 22:15,7602.50,7605.25,7602.50,7605.00,832
2026-09-10 22:20,7604.75,7607.25,7603.75,7604.25,1432
2026-09-10 22:25,7604.25,7604.50,7601.00,7601.00,654
2026-09-10 22:30,7601.00,7602.00,7600.00,7601.25,859
2026-09-10 22:35,7601.25,7601.75,7600.50,7600.50,347
2026-09-10 22:40,7600.50,7600.75,7598.75,7599.00,831
2026-09-10 22:45,7599.00,7602.00,7598.25,7601.25,598
2026-09-10 22:50,7601.50,7601.50,7599.00,7599.00,407
2026-09-10 22:55,7599.25,7600.25,7598.75,7599.75,279
2026-09-10 23:00,7599.50,7601.25,7599.25,7599.50,410
2026-09-10 23:05,7599.50,7600.75,7599.50,7600.75,235
2026-09-10 23:10,7600.75,7601.50,7600.25,7601.25,221
2026-09-10 23:15,7601.25,7601.75,7600.75,7601.00,268
2026-09-10 23:20,7601.25,7601.50,7599.50,7599.50,250
2026-09-10 23:25,7599.75,7601.50,7599.75,7600.25,218
2026-09-10 23:30,7600.25,7601.75,7600.25,7601.00,396
2026-09-10 23:35,7600.75,7601.25,7600.00,7600.75,212
2026-09-10 23:40,7600.75,7601.25,7599.75,7601.00,419
2026-09-10 23:45,7601.00,7601.00,7599.25,7599.25,417
2026-09-10 23:50,7599.50,7599.75,7597.00,7597.50,747
2026-09-10 23:55,7597.25,7597.25,7594.50,7595.00,1545
2026-09-11 00:00,7595.00,7601.25,7594.25,7600.25,3087
2026-09-11 00:05,7600.25,7606.00,7600.00,7603.75,3352
2026-09-11 00:10,7603.50,7606.25,7603.25,7604.25,1668
2026-09-11 00:15,7604.50,7606.00,7603.50,7604.25,1252
2026-09-11 00:20,7604.25,7606.25,7603.00,7605.50,952
2026-09-11 00:25,7605.25,7609.00,7604.75,7608.50,1101
2026-09-11 00:30,7608.50,7608.50,7605.25,7606.75,952
2026-09-11 00:35,7606.50,7612.25,7606.50,7610.75,1381
2026-09-11 00:40,7610.75,7611.00,7606.50,7606.75,1857
2026-09-11 00:45,7607.00,7609.25,7606.75,7608.50,845
2026-09-11 00:50,7608.75,7611.75,7608.50,7611.25,990
2026-09-11 00:55,7611.25,7613.75,7610.75,7613.25,923
2026-09-11 01:00,7613.25,7616.25,7612.50,7615.25,1901
2026-09-11 01:05,7615.25,7615.50,7613.00,7614.25,1219
2026-09-11 01:10,7614.25,7615.50,7613.00,7613.25,995
2026-09-11 01:15,7613.25,7613.50,7611.50,7611.50,984
2026-09-11 01:20,7611.75,7612.00,7609.00,7609.75,876
2026-09-11 01:25,7609.75,7611.00,7609.00,7609.25,835
2026-09-11 01:30,7609.25,7611.25,7609.00,7610.00,1027
2026-09-11 01:35,7610.25,7611.50,7607.75,7608.00,880
2026-09-11 01:40,7608.00,7608.75,7606.75,7608.50,1293
2026-09-11 01:45,7608.50,7608.50,7606.75,7608.00,843
2026-09-11 01:50,7607.75,7608.50,7607.00,7608.00,479
2026-09-11 01:55,7608.00,7610.00,7607.75,7610.00,960
2026-09-11 02:00,7610.00,7611.25,7608.50,7609.00,669
2026-09-11 02:05,7609.25,7610.50,7608.50,7609.00,608
2026-09-11 02:10,7609.25,7610.75,7609.25,7610.00,410
2026-09-11 02:15,7610.25,7610.25,7607.50,7608.25,832
2026-09-11 02:20,7608.00,7609.00,7607.25,7607.50,418
2026-09-11 02:25,7607.75,7607.75,7605.00,7606.25,1105
2026-09-11 02:30,7606.25,7606.75,7603.25,7603.75,946
2026-09-11 02:35,7603.50,7606.00,7603.50,7605.50,576
2026-09-11 02:40,7605.50,7606.50,7602.25,7603.00,880
2026-09-11 02:45,7603.25,7607.50,7602.50,7607.50,813
2026-09-11 02:50,7607.25,7608.00,7603.25,7603.50,844
2026-09-11 02:55,7603.50,7604.50,7602.75,7603.75,892
2026-09-11 03:00,7603.50,7604.25,7602.00,7602.25,784
2026-09-11 03:05,7602.25,7602.50,7601.00,7602.00,777
2026-09-11 03:10,7602.00,7602.75,7599.75,7602.25,800
2026-09-11 03:15,7602.00,7603.50,7601.00,7602.75,558
2026-09-11 03:20,7602.75,7603.00,7600.00,7600.50,657
2026-09-11 03:25,7600.50,7602.50,7600.25,7601.25,491
2026-09-11 03:30,7601.25,7601.50,7597.75,7599.25,1026
2026-09-11 03:35,7599.25,7601.75,7598.50,7600.50,722
2026-09-11 03:40,7600.25,7604.25,7600.25,7603.75,835
2026-09-11 03:45,7603.75,7604.00,7599.75,7600.25,960
2026-09-11 03:50,7600.00,7601.75,7599.25,7601.50,601
2026-09-11 03:55,7601.50,7602.75,7601.25,7602.75,392
2026-09-11 04:05,7605.00,7605.00,7604.00,7604.25,3141
2026-09-11 04:10,7604.00,7607.25,7601.25,7606.75,1384
2026-09-11 04:15,7606.50,7606.75,7604.75,7605.25,582
2026-09-11 04:20,7605.00,7608.00,7605.00,7608.00,822
2026-09-11 04:25,7608.00,7611.00,7608.00,7610.75,1037
2026-09-11 04:30,7610.75,7612.25,7610.00,7610.25,855
2026-09-11 04:35,7610.00,7611.50,7610.00,7610.75,519
2026-09-11 04:40,7610.75,7612.50,7610.50,7612.50,596
2026-09-11 04:45,7612.50,7613.00,7611.50,7612.75,773
2026-09-11 04:50,7612.50,7614.50,7612.00,7612.75,766
2026-09-11 04:55,7612.75,7613.50,7611.00,7611.25,689
2026-09-11 05:00,7611.00,7611.75,7610.75,7611.75,776
2026-09-11 05:05,7611.75,7615.00,7611.25,7614.75,1289
2026-09-11 05:10,7614.75,7616.50,7613.50,7616.25,1245
2026-09-11 05:15,7616.25,7617.00,7613.50,7614.25,726
2026-09-11 05:20,7614.25,7615.00,7612.75,7614.25,552
2026-09-11 05:25,7614.25,7614.25,7611.50,7612.00,724
2026-09-11 05:30,7612.00,7615.75,7612.00,7615.00,1508
2026-09-11 05:35,7615.25,7617.50,7614.75,7617.00,1090
2026-09-11 05:40,7617.00,7620.75,7616.75,7620.25,1600
2026-09-11 05:45,7620.00,7623.00,7617.50,7622.75,1853
2026-09-11 05:50,7622.75,7625.50,7621.00,7624.50,1679
2026-09-11 05:55,7624.50,7627.50,7624.25,7626.00,2029
2026-09-11 06:00,7626.00,7626.50,7623.25,7623.50,1377
2026-09-11 06:05,7623.50,7629.00,7622.50,7626.00,1728
2026-09-11 06:10,7626.00,7629.50,7624.75,7627.75,1266
2026-09-11 06:15,7628.00,7629.00,7626.50,7628.00,2038
2026-09-11 06:20,7628.25,7628.50,7626.00,7627.25,1681
2026-09-11 06:25,7627.25,7627.75,7625.25,7627.00,1672
2026-09-11 06:30,7627.00,7629.00,7623.75,7624.25,2777
2026-09-11 06:35,7624.50,7628.00,7624.50,7627.25,1128
2026-09-11 06:40,7627.25,7627.25,7625.00,7626.25,1150
2026-09-11 06:45,7626.50,7632.25,7626.50,7630.50,2083
2026-09-11 06:50,7630.50,7631.50,7629.50,7630.50,1198
2026-09-11 06:55,7630.50,7632.00,7629.75,7631.00,1559
2026-09-11 07:00,7631.00,7632.75,7630.00,7632.75,2948
2026-09-11 07:05,7633.00,7633.00,7630.50,7631.25,1874
2026-09-11 07:10,7631.25,7632.75,7629.00,7630.50,2078
2026-09-11 07:15,7630.50,7631.50,7628.75,7630.00,1793
2026-09-11 07:20,7630.25,7631.25,7628.75,7630.00,1303
2026-09-11 07:25,7630.00,7630.00,7627.00,7627.00,1541
2026-09-11 07:30,7627.00,7629.00,7625.50,7625.75,2001
2026-09-11 07:35,7625.75,7628.00,7625.75,7627.25,1966
2026-09-11 07:40,7627.25,7627.50,7625.25,7626.25,1325
2026-09-11 07:45,7626.00,7626.50,7624.50,7625.00,1287
2026-09-11 07:50,7624.75,7626.25,7624.75,7625.75,1210
2026-09-11 07:55,7625.75,7627.50,7625.50,7626.75,1123
2026-09-11 08:00,7626.75,7630.25,7625.25,7626.00,2544
2026-09-11 08:05,7626.00,7626.50,7623.50,7624.25,1679
2026-09-11 08:10,7624.25,7628.50,7623.25,7627.00,3766
2026-09-11 08:15,7627.00,7631.00,7626.00,7628.50,2246
2026-09-11 08:20,7628.50,7644.25,7628.25,7635.00,8993
2026-09-11 08:25,7635.00,7635.75,7630.50,7631.25,2783
2026-09-11 08:30,7631.25,7638.00,7631.25,7636.50,2857
2026-09-11 08:35,7636.75,7637.25,7634.50,7634.75,1591
2026-09-11 08:40,7635.00,7636.00,7633.75,7634.50,1233
2026-09-11 08:45,7634.50,7637.50,7633.50,7636.50,2500
2026-09-11 08:50,7636.50,7642.25,7636.50,7640.75,4296
2026-09-11 08:55,7640.50,7643.75,7640.00,7643.75,3232
2026-09-11 09:00,7643.75,7647.75,7642.75,7643.25,5834
2026-09-11 09:05,7643.25,7643.25,7639.25,7639.25,1908
2026-09-11 09:10,7639.25,7640.00,7637.25,7637.50,2381
2026-09-11 09:15,7637.25,7639.75,7636.50,7639.25,1583
2026-09-11 09:20,7639.25,7640.25,7638.50,7639.00,1182
2026-09-11 09:25,7639.25,7639.75,7638.50,7638.75,1083
2026-09-11 09:30,7638.75,7640.25,7638.50,7639.50,1641
2026-09-11 09:35,7639.75,7640.25,7639.00,7640.00,791
2026-09-11 09:40,7639.75,7640.75,7639.00,7639.25,930
2026-09-11 09:45,7639.25,7641.00,7638.75,7640.00,820
2026-09-11 09:50,7640.00,7640.50,7639.25,7639.75,894
2026-09-11 09:55,7639.75,7642.25,7639.50,7641.00,1143
2026-09-11 10:00,7640.75,7645.25,7635.50,7644.75,5773
2026-09-11 10:05,7644.50,7644.50,7643.00,7643.75,1186
2026-09-11 10:10,7643.75,7644.00,7641.50,7642.25,2063
2026-09-11 10:15,7642.50,7643.50,7641.25,7642.50,1176
2026-09-11 10:20,7642.25,7643.25,7640.25,7641.75,1409
2026-09-11 10:25,7641.75,7642.25,7639.75,7640.75,783
2026-09-11 10:30,7640.75,7642.75,7640.25,7642.50,739
2026-09-11 10:35,7642.50,7643.50,7640.50,7641.75,805
2026-09-11 10:40,7641.75,7641.75,7640.00,7640.00,1554
2026-09-11 10:45,7640.00,7640.00,7638.00,7638.75,1009
2026-09-11 10:50,7638.75,7639.75,7638.00,7638.50,748
2026-09-11 10:55,7638.50,7639.50,7638.00,7638.50,1624
2026-09-11 11:00,7638.75,7639.50,7637.75,7638.50,1683
2026-09-11 11:05,7638.25,7638.50,7635.50,7636.50,1594
2026-09-11 11:10,7636.25,7637.25,7635.75,7636.25,920
2026-09-11 11:15,7636.25,7638.75,7635.50,7638.50,1428
2026-09-11 11:20,7638.75,7638.75,7636.00,7638.25,899
2026-09-11 11:25,7638.25,7641.25,7638.25,7639.50,1719
2026-09-11 11:30,7639.50,7640.50,7636.25,7636.50,1623
2026-09-11 11:35,7636.75,7638.50,7635.75,7638.00,2183
2026-09-11 11:40,7637.75,7640.50,7637.50,7640.50,1339
2026-09-11 11:45,7640.75,7641.50,7637.75,7641.00,1635
2026-09-11 11:50,7641.00,7641.00,7639.00,7640.50,1200
2026-09-11 11:55,7640.50,7642.50,7640.00,7640.75,1506
2026-09-11 12:00,7640.75,7641.25,7637.50,7639.50,2777
2026-09-11 12:05,7639.50,7640.25,7638.25,7640.25,2685
2026-09-11 12:10,7640.50,7644.00,7639.25,7641.75,3778
2026-09-11 12:15,7641.75,7645.75,7640.75,7644.50,2902
2026-09-11 12:20,7644.75,7646.75,7643.25,7643.50,3662
2026-09-11 12:25,7643.75,7657.50,7642.75,7653.75,10261
2026-09-11 12:30,7653.50,7655.25,7620.50,7643.00,27122
2026-09-11 12:35,7642.75,7650.50,7640.25,7647.75,11571
2026-09-11 12:40,7647.50,7650.00,7644.75,7646.50,8022
2026-09-11 12:45,7646.75,7658.25,7644.75,7656.00,9320
2026-09-11 12:50,7656.00,7668.75,7655.50,7667.25,12783
2026-09-11 12:55,7667.25,7677.50,7666.50,7676.25,12738
2026-09-11 13:00,7676.25,7683.50,7675.75,7677.25,15912
2026-09-11 13:05,7677.25,7680.25,7671.25,7673.50,12866
2026-09-11 13:10,7673.25,7674.50,7665.50,7667.25,11658
2026-09-11 13:15,7667.50,7669.00,7665.25,7665.75,6458
2026-09-11 13:20,7665.75,7668.25,7665.75,7667.00,5207
2026-09-11 13:25,7667.00,7673.00,7664.50,7665.00,13054
2026-09-11 13:30,7665.00,7676.50,7659.75,7675.50,50090
2026-09-11 13:35,7675.25,7677.75,7671.50,7673.50,36985
2026-09-11 13:40,7673.25,7676.50,7664.25,7672.25,38739
2026-09-11 13:45,7672.50,7677.00,7665.75,7667.75,32468
2026-09-11 13:50,7667.50,7670.75,7664.75,7668.75,26484
2026-09-11 13:55,7668.75,7682.00,7667.75,7681.00,20826
2026-09-11 14:00,7681.00,7681.25,7671.25,7672.25,31411
2026-09-11 14:05,7672.25,7673.75,7667.00,7672.00,25103
2026-09-11 14:10,7672.00,7674.75,7664.50,7666.50,30686
2026-09-11 14:15,7666.75,7675.50,7664.00,7674.75,22703
2026-09-11 14:20,7675.00,7678.25,7673.50,7675.25,23205
2026-09-11 14:25,7675.50,7678.75,7673.50,7675.00,19267
2026-09-11 14:30,7675.00,7676.00,7664.25,7664.75,24075
2026-09-11 14:35,7664.75,7665.00,7657.75,7660.50,30057
2026-09-11 14:40,7660.50,7665.00,7656.00,7657.75,24900
2026-09-11 14:45,7657.75,7665.50,7653.25,7664.50,47236
2026-09-11 14:50,7664.50,7665.00,7657.25,7658.00,24244
2026-09-11 14:55,7658.00,7659.50,7654.25,7657.25,19065
2026-09-11 15:00,7657.25,7664.25,7655.25,7664.25,18073
2026-09-11 15:05,7664.00,7670.25,7663.25,7666.50,24094
2026-09-11 15:10,7666.50,7667.25,7658.50,7663.50,24876
2026-09-11 15:15,7663.50,7673.25,7663.50,7671.50,19417
2026-09-11 15:20,7671.50,7676.75,7670.75,7676.25,19738
2026-09-11 15:25,7676.25,7680.25,7674.25,7677.50,22537
2026-09-11 15:30,7677.50,7679.25,7675.00,7676.50,20437
2026-09-11 15:35,7676.50,7678.25,7673.75,7677.00,15694
2026-09-11 15:40,7677.25,7680.50,7676.25,7679.00,19577
2026-09-11 15:45,7679.00,7679.25,7675.25,7676.75,14697
2026-09-11 15:50,7676.75,7677.50,7671.75,7673.00,14211
2026-09-11 15:55,7673.00,7676.00,7671.50,7675.00,17476
2026-09-11 16:00,7674.75,7680.00,7674.75,7679.25,13372
2026-09-11 16:05,7679.25,7679.75,7675.25,7676.75,11279
2026-09-11 16:10,7677.00,7678.00,7673.00,7673.50,9279
2026-09-11 16:15,7673.75,7674.25,7671.50,7672.75,12155
2026-09-11 16:20,7672.75,7674.00,7670.25,7671.25,11411
2026-09-11 16:25,7671.25,7673.75,7666.25,7667.00,26277
2026-09-11 16:30,7667.00,7675.50,7665.75,7673.50,21370
2026-09-11 16:35,7673.50,7673.75,7666.75,7667.00,13427
2026-09-11 16:40,7667.00,7672.50,7666.25,7672.00,16278
2026-09-11 16:45,7672.00,7673.75,7670.75,7671.00,11335
2026-09-11 16:50,7670.75,7673.50,7670.50,7671.75,9458
2026-09-11 16:55,7672.00,7674.50,7671.75,7674.25,8938
2026-09-11 17:00,7674.25,7676.50,7673.25,7674.00,12740
2026-09-11 17:05,7674.25,7678.75,7673.75,7675.00,16079
2026-09-11 17:10,7675.00,7676.75,7673.00,7673.25,11591
2026-09-11 17:15,7673.50,7677.00,7673.50,7676.75,8323
2026-09-11 17:20,7677.00,7680.50,7676.50,7680.00,11005
2026-09-11 17:25,7680.25,7681.00,7677.00,7677.50,10636
2026-09-11 17:30,7677.75,7680.25,7676.75,7677.75,12386
2026-09-11 17:35,7677.50,7678.25,7675.50,7676.00,9374
2026-09-11 17:40,7675.75,7677.75,7675.50,7676.50,8632
2026-09-11 17:45,7676.25,7677.25,7675.00,7676.75,7820
2026-09-11 17:50,7676.75,7677.50,7676.00,7676.25,10006
2026-09-11 17:55,7676.25,7676.25,7674.00,7674.75,7976
2026-09-11 18:00,7675.00,7677.75,7674.50,7676.50,12275
2026-09-11 18:05,7676.50,7676.50,7673.50,7674.50,7977
2026-09-11 18:10,7674.75,7675.00,7672.75,7673.50,9016
2026-09-11 18:15,7673.25,7675.00,7672.75,7673.75,9542
2026-09-11 18:20,7673.50,7673.75,7668.75,7671.25,22571
2026-09-11 18:25,7671.25,7673.25,7669.75,7672.00,12361
2026-09-11 18:30,7672.00,7673.50,7669.00,7672.00,13366
2026-09-11 18:35,7672.00,7673.25,7670.00,7670.50,9511
2026-09-11 18:40,7670.50,7671.75,7668.50,7669.25,8917
2026-09-11 18:45,7669.00,7671.50,7667.50,7668.25,15330
2026-09-11 18:50,7668.00,7669.50,7668.00,7668.50,10222
2026-09-11 18:55,7668.25,7670.25,7667.00,7668.00,11526
2026-09-11 19:00,7668.00,7669.50,7667.50,7669.25,9250
2026-09-11 19:05,7669.00,7669.00,7664.75,7665.25,13739
2026-09-11 19:10,7665.25,7666.75,7663.00,7666.75,13573
2026-09-11 19:15,7666.75,7668.50,7666.25,7667.50,11133
2026-09-11 19:20,7667.50,7669.75,7666.50,7669.50,9124
2026-09-11 19:25,7669.50,7670.50,7667.50,7667.75,9195
2026-09-11 19:30,7667.75,7668.75,7666.25,7667.00,12333
2026-09-11 19:35,7667.25,7667.75,7666.00,7666.50,8266
2026-09-11 19:40,7666.75,7668.00,7666.25,7667.50,11458
2026-09-11 19:45,7667.50,7667.75,7664.50,7664.50,18311
2026-09-11 19:50,7664.75,7665.50,7661.75,7664.00,30337
2026-09-11 19:55,7664.00,7664.50,7657.50,7659.00,116563
2026-09-11 20:00,7659.00,7661.25,7658.50,7660.75,26406
2026-09-11 20:05,7661.00,7661.75,7660.50,7661.25,7227
2026-09-11 20:10,7661.25,7662.00,7659.50,7660.50,5476
2026-09-11 20:15,7660.50,7660.75,7659.75,7660.00,2917
2026-09-11 20:20,7660.00,7661.75,7660.00,7661.50,2153
2026-09-11 20:25,7661.75,7661.75,7660.50,7661.00,1236
2026-09-11 20:30,7661.00,7663.50,7660.75,7662.25,1942
2026-09-11 20:35,7662.25,7662.75,7661.75,7661.75,1343
2026-09-11 20:40,7662.00,7662.25,7660.00,7660.75,1141
2026-09-11 20:45,7661.00,7661.25,7659.75,7660.25,1653
2026-09-11 20:50,7660.25,7661.50,7660.00,7661.50,1392
2026-09-11 20:55,7661.25,7661.50,7659.50,7659.50,1154
2026-09-13 22:10,7609.50,7612.75,7607.75,7612.25,1565
2026-09-13 22:15,7612.25,7613.75,7609.25,7613.50,1334
2026-09-13 22:20,7613.25,7615.75,7612.25,7614.00,1198
2026-09-13 22:25,7614.00,7619.00,7613.75,7619.00,1328
2026-09-13 22:30,7618.50,7622.75,7618.25,7622.25,1071
2026-09-13 22:35,7622.25,7622.25,7619.00,7620.75,565
2026-09-13 22:40,7620.50,7620.50,7617.25,7617.50,509
2026-09-13 22:45,7617.50,7619.25,7616.75,7618.25,406
2026-09-13 22:50,7618.25,7619.75,7618.00,7619.25,268
2026-09-13 22:55,7619.25,7620.75,7618.00,7618.50,394
2026-09-13 23:00,7618.75,7619.75,7617.50,7618.00,282
2026-09-13 23:05,7618.00,7619.25,7617.50,7619.00,312
2026-09-13 23:10,7619.00,7620.25,7619.00,7620.00,182
2026-09-13 23:15,7619.75,7620.00,7619.00,7619.25,106
2026-09-13 23:20,7619.25,7624.00,7619.00,7623.75,419
2026-09-13 23:25,7623.75,7624.75,7622.75,7624.75,587
2026-09-13 23:30,7624.50,7625.50,7623.75,7623.75,551
2026-09-13 23:35,7623.50,7623.50,7618.25,7619.75,1023
2026-09-13 23:40,7620.00,7620.75,7617.75,7619.00,576
2026-09-13 23:45,7618.75,7618.75,7616.25,7616.75,604
2026-09-13 23:50,7616.75,7619.50,7616.25,7617.00,438
2026-09-13 23:55,7617.00,7617.25,7614.75,7615.50,750
2026-09-14 00:00,7615.25,7620.00,7614.50,7618.75,1277
2026-09-14 00:05,7618.75,7623.00,7618.50,7622.50,771
2026-09-14 00:10,7622.00,7623.25,7619.75,7620.75,603
2026-09-14 00:15,7621.00,7623.00,7620.00,7621.25,979
2026-09-14 00:20,7621.50,7621.50,7619.25,7620.50,1308
2026-09-14 00:25,7620.75,7621.00,7617.75,7620.00,772
2026-09-14 00:30,7620.00,7622.50,7619.75,7621.25,419
2026-09-14 00:35,7621.25,7621.75,7619.25,7619.75,359
2026-09-14 00:40,7620.00,7623.00,7619.25,7622.75,652
2026-09-14 00:45,7622.75,7624.25,7622.00,7623.25,420
2026-09-14 00:50,7623.00,7624.25,7622.50,7623.75,516
2026-09-14 00:55,7623.75,7624.50,7621.00,7621.50,475
2026-09-14 01:00,7621.75,7624.25,7620.50,7623.25,748
2026-09-14 01:05,7622.25,7624.50,7622.25,7624.50,309
2026-09-14 01:10,7624.25,7625.75,7622.00,7622.00,588
2026-09-14 01:15,7622.25,7622.50,7620.75,7621.25,275
2026-09-14 01:20,7621.25,7622.75,7620.00,7621.75,326
2026-09-14 01:25,7622.00,7624.00,7620.50,7623.50,400
2026-09-14 01:30,7623.50,7624.00,7621.50,7622.00,335
2026-09-14 01:35,7622.00,7627.00,7622.00,7626.75,594
2026-09-14 01:40,7626.75,7627.75,7626.00,7626.75,312
2026-09-14 01:45,7626.75,7630.50,7626.75,7630.25,954
2026-09-14 01:50,7630.25,7632.00,7630.00,7632.00,813
2026-09-14 01:55,7631.75,7634.50,7631.75,7632.75,1004
2026-09-14 02:00,7633.00,7634.00,7631.50,7631.75,641
2026-09-14 02:05,7631.75,7633.75,7631.50,7633.25,433
2026-09-14 02:10,7632.75,7633.75,7632.00,7632.50,438
2026-09-14 02:15,7632.50,7633.00,7631.50,7632.25,592
2026-09-14 02:20,7632.50,7633.25,7631.75,7632.00,203
2026-09-14 02:25,7632.25,7632.75,7632.00,7632.00,237
2026-09-14 02:30,7632.00,7633.00,7631.50,7632.25,335
2026-09-14 02:35,7632.25,7632.75,7631.00,7631.25,1289
2026-09-14 02:40,7631.25,7631.50,7629.00,7629.50,663
2026-09-14 02:45,7629.25,7631.75,7629.00,7631.25,279
2026-09-14 02:50,7631.50,7632.00,7630.75,7631.50,247
2026-09-14 02:55,7631.25,7631.25,7629.25,7629.50,459
2026-09-14 03:00,7629.50,7629.50,7627.00,7627.00,712
2026-09-14 03:05,7627.00,7628.25,7626.75,7627.50,559
2026-09-14 03:10,7627.75,7627.75,7625.25,7625.50,721
2026-09-14 03:15,7625.75,7626.50,7624.00,7625.00,753
2026-09-14 03:20,7625.00,7625.50,7624.25,7625.25,465
2026-09-14 03:25,7625.25,7626.50,7624.50,7626.50,299
2026-09-14 03:30,7626.25,7626.25,7623.25,7624.25,532
2026-09-14 03:35,7624.50,7624.75,7623.50,7623.75,269
2026-09-14 03:40,7624.00,7624.25,7622.25,7622.50,392
2026-09-14 03:45,7622.75,7623.75,7621.75,7622.75,360
2026-09-14 03:50,7622.50,7624.00,7622.00,7623.75,183
2026-09-14 03:55,7623.50,7623.75,7622.00,7622.25,202
2026-09-14 04:00,7622.50,7624.00,7622.25,7624.00,231
2026-09-14 04:05,7624.00,7624.25,7622.50,7623.00,338
2026-09-14 04:10,7623.00,7623.00,7620.75,7621.25,488
2026-09-14 04:15,7621.25,7622.25,7620.75,7622.00,200
2026-09-14 04:20,7622.25,7622.25,7621.25,7622.25,272
2026-09-14 04:25,7622.00,7622.75,7621.75,7622.00,316
2026-09-14 04:30,7622.00,7622.00,7619.25,7619.75,454
2026-09-14 04:35,7619.50,7622.00,7619.25,7622.00,450
2026-09-14 04:40,7622.25,7622.75,7619.50,7620.00,313
2026-09-14 04:45,7620.25,7622.50,7620.25,7622.00,265
2026-09-14 04:50,7622.25,7623.25,7620.25,7620.50,311
2026-09-14 04:55,7620.50,7621.25,7619.50,7620.25,373
2026-09-14 05:00,7620.25,7621.00,7619.50,7620.75,296
2026-09-14 05:05,7620.50,7621.25,7620.00,7620.25,194
2026-09-14 05:10,7620.00,7620.50,7618.50,7620.25,560
2026-09-14 05:15,7620.25,7620.50,7618.50,7618.75,191
2026-09-14 05:20,7618.75,7618.75,7616.00,7616.25,743
2026-09-14 05:25,7616.25,7619.75,7616.25,7618.75,389
2026-09-14 05:30,7618.75,7619.75,7617.75,7619.00,364
2026-09-14 05:35,7618.75,7620.25,7618.00,7619.00,355
2026-09-14 05:40,7619.00,7619.25,7615.25,7616.75,550
2026-09-14 05:45,7616.75,7617.75,7615.50,7616.00,586
2026-09-14 05:50,7615.75,7619.00,7615.50,7619.00,461
2026-09-14 05:55,7619.25,7620.25,7617.75,7620.00,588
2026-09-14 06:00,7620.00,7623.25,7619.75,7622.50,965
2026-09-14 06:05,7622.50,7623.50,7621.50,7622.75,414
2026-09-14 06:10,7622.50,7624.75,7622.00,7623.50,388
2026-09-14 06:15,7623.50,7624.25,7622.75,7623.50,398
2026-09-14 06:20,7623.25,7624.00,7621.00,7623.00,454
2026-09-14 06:25,7623.00,7623.75,7621.00,7621.00,1170
2026-09-14 06:30,7621.00,7621.00,7616.25,7617.25,1348
2026-09-14 06:35,7617.25,7617.50,7616.00,7616.75,325
2026-09-14 06:40,7616.50,7617.25,7612.25,7614.25,1367
2026-09-14 06:45,7614.50,7615.50,7612.00,7612.00,670
2026-09-14 06:50,7612.25,7614.25,7611.50,7613.00,1265
2026-09-14 06:55,7613.25,7613.75,7606.25,7609.50,1917
2026-09-14 07:00,7609.75,7613.50,7607.25,7613.50,1832
2026-09-14 07:05,7613.50,7615.25,7611.50,7613.25,1227
2026-09-14 07:10,7613.25,7615.50,7611.25,7614.50,1604
2026-09-14 07:15,7614.50,7615.25,7612.00,7612.75,790
2026-09-14 07:20,7612.50,7615.25,7610.75,7614.00,884
2026-09-14 07:25,7614.25,7614.50,7610.75,7611.25,1203
2026-09-14 07:30,7611.25,7613.00,7610.50,7611.50,1509
2026-09-14 07:35,7611.25,7612.00,7609.50,7610.25,1649
2026-09-14 07:40,7610.25,7611.25,7605.25,7606.00,2959
2026-09-14 07:45,7606.25,7608.25,7604.50,7607.75,2583
2026-09-14 07:50,7608.00,7608.25,7604.00,7606.00,1137
2026-09-14 07:55,7605.75,7609.00,7605.75,7608.50,1690
2026-09-14 08:00,7608.75,7613.25,7607.25,7611.75,2368
2026-09-14 08:05,7611.75,7613.50,7610.00,7613.00,3318
2026-09-14 08:10,7613.25,7613.25,7608.25,7610.25,1439
2026-09-14 08:15,7610.25,7610.50,7606.25,7607.50,812
2026-09-14 08:20,7607.25,7609.00,7606.25,7606.50,1158
2026-09-14 08:25,7606.75,7607.50,7603.50,7603.75,1475
2026-09-14 08:30,7603.75,7606.75,7603.75,7605.75,1804
2026-09-14 08:35,7605.75,7609.25,7605.75,7609.00,1712
2026-09-14 08:40,7609.50,7610.75,7607.00,7607.75,2186
2026-09-14 08:45,7607.75,7609.00,7600.00,7604.75,2416
2026-09-14 08:50,7604.75,7606.50,7602.00,7602.25,863
2026-09-14 08:55,7602.50,7608.25,7602.00,7608.25,1499
2026-09-14 09:00,7608.00,7609.75,7606.25,7606.75,1352
2026-09-14 09:05,7607.00,7607.75,7605.50,7606.25,1606
2026-09-14 09:10,7606.25,7607.50,7599.25,7601.00,2413
2026-09-14 09:15,7601.00,7601.25,7597.50,7598.25,1647
2026-09-14 09:20,7598.25,7599.00,7593.75,7595.00,2310
2026-09-14 09:25,7595.00,7600.50,7594.00,7599.25,3010
2026-09-14 09:30,7599.00,7601.25,7598.50,7599.25,3053
2026-09-14 09:35,7599.00,7599.00,7595.25,7596.00,3698
2026-09-14 09:40,7596.00,7599.25,7594.50,7595.00,3712
2026-09-14 09:45,7595.25,7597.75,7594.25,7595.50,2272
2026-09-14 09:50,7595.50,7598.50,7594.50,7598.00,1789
2026-09-14 09:55,7598.25,7598.75,7594.75,7596.50,2234
2026-09-14 10:00,7596.50,7598.75,7596.25,7597.25,1792
2026-09-14 10:05,7597.50,7599.25,7597.00,7598.25,1236
2026-09-14 10:10,7598.25,7600.75,7597.50,7599.25,1524
2026-09-14 10:15,7599.50,7599.75,7596.25,7597.75,2467
2026-09-14 10:20,7598.00,7603.25,7597.75,7602.00,1637
2026-09-14 10:25,7602.25,7604.50,7602.00,7604.00,1341
2026-09-14 10:30,7604.00,7605.50,7603.25,7605.00,829
2026-09-14 10:35,7605.25,7607.25,7605.25,7605.25,989
2026-09-14 10:40,7605.50,7609.00,7605.25,7607.75,2399
2026-09-14 10:45,7607.75,7609.75,7607.50,7608.75,924
2026-09-14 10:50,7609.00,7609.50,7606.00,7607.00,2623
2026-09-14 10:55,7606.75,7610.75,7606.75,7609.25,1702
2026-09-14 11:00,7609.25,7612.25,7607.00,7612.00,2577
2026-09-14 11:05,7611.75,7613.00,7611.00,7612.25,3611
2026-09-14 11:10,7612.50,7613.75,7609.75,7611.75,1928
2026-09-14 11:15,7612.00,7613.75,7612.00,7613.50,2202
2026-09-14 11:20,7613.25,7615.25,7612.50,7615.00,5535
2026-09-14 11:25,7615.00,7617.50,7614.25,7616.50,5135
2026-09-14 11:30,7616.75,7617.75,7613.00,7613.50,1304
2026-09-14 11:35,7613.50,7614.75,7610.50,7614.00,1913
2026-09-14 11:40,7614.25,7617.50,7613.50,7615.00,1871
2026-09-14 11:45,7615.00,7617.25,7613.75,7616.00,2279
2026-09-14 11:50,7615.75,7616.00,7611.75,7613.25,1873
2026-09-14 11:55,7613.50,7614.50,7611.25,7611.50,2068
2026-09-14 12:00,7611.50,7611.75,7606.75,7608.00,3069
2026-09-14 12:05,7608.00,7610.25,7606.75,7610.00,2719
2026-09-14 12:10,7609.75,7612.00,7608.25,7609.75,4762
2026-09-14 12:15,7610.00,7615.00,7609.75,7610.75,4848
2026-09-14 12:20,7611.00,7612.50,7609.00,7610.50,2328
2026-09-14 12:25,7610.25,7610.75,7607.50,7610.00,5497
2026-09-14 12:30,7610.00,7612.50,7606.00,7607.00,6873
2026-09-14 12:35,7607.00,7607.00,7596.50,7601.25,10815
2026-09-14 12:40,7601.25,7608.25,7597.00,7607.75,8134
2026-09-14 12:45,7607.75,7609.50,7603.75,7606.00,3010
2026-09-14 12:50,7606.00,7607.75,7603.25,7603.75,3158
2026-09-14 12:55,7603.50,7607.00,7601.25,7606.50,5107
2026-09-14 13:00,7606.50,7606.75,7597.75,7598.75,7159
2026-09-14 13:05,7598.75,7602.00,7596.50,7599.00,7254
2026-09-14 13:10,7599.00,7607.00,7598.50,7606.00,6141
2026-09-14 13:15,7606.00,7608.75,7604.50,7607.75,4691
2026-09-14 13:20,7607.50,7609.25,7607.00,7607.75,6969
2026-09-14 13:25,7607.75,7609.00,7605.75,7606.25,13628
2026-09-14 13:30,7606.50,7608.50,7602.25,7603.00,34861
2026-09-14 13:35,7603.25,7605.25,7601.00,7602.00,28182
2026-09-14 13:40,7602.00,7611.50,7601.00,7610.50,30766
2026-09-14 13:45,7610.50,7622.25,7610.25,7619.25,35608
2026-09-14 13:50,7619.25,7622.25,7617.00,7618.00,29973
2026-09-14 13:55,7617.75,7618.50,7613.50,7615.75,25505
2026-09-14 14:00,7615.75,7622.00,7615.25,7620.50,29542
2026-09-14 14:05,7620.25,7627.00,7619.00,7624.75,24051
2026-09-14 14:10,7624.50,7626.25,7620.00,7620.25,17538
2026-09-14 14:15,7620.25,7622.75,7613.75,7614.50,30005
2026-09-14 14:20,7614.50,7614.50,7603.75,7604.00,25529
2026-09-14 14:25,7604.00,7604.50,7597.75,7604.00,48340
2026-09-14 14:30,7604.00,7607.00,7601.00,7606.50,35213
2026-09-14 14:35,7606.50,7606.75,7598.75,7600.75,25049
2026-09-14 14:40,7600.50,7602.75,7596.75,7602.50,24887
2026-09-14 14:45,7602.75,7606.50,7600.50,7602.50,17669
2026-09-14 14:50,7602.25,7602.75,7596.75,7598.00,14973
2026-09-14 14:55,7598.00,7601.75,7595.25,7601.50,20806
2026-09-14 15:00,7601.50,7602.25,7597.50,7597.75,19012
2026-09-14 15:05,7597.75,7615.00,7597.50,7607.25,25739
2026-09-14 15:10,7607.50,7608.25,7602.00,7602.25,9504
2026-09-14 15:15,7602.00,7608.50,7601.00,7606.75,17353
2026-09-14 15:20,7606.75,7611.75,7605.75,7611.50,22099
2026-09-14 15:25,7611.50,7615.00,7609.00,7612.00,21976
2026-09-14 15:30,7612.00,7692.50,7611.50,7691.50,64789
2026-09-14 15:35,7691.50,7696.25,7688.00,7696.00,33035
2026-09-14 15:40,7696.00,7706.50,7693.75,7705.00,39240
2026-09-14 15:45,7705.25,7705.50,7698.50,7698.75,23026
2026-09-14 15:50,7698.50,7703.00,7697.00,7702.50,18624
2026-09-14 15:55,7702.25,7704.50,7701.00,7702.00,20641
2026-09-14 16:00,7701.75,7703.50,7697.25,7697.25,22077
2026-09-14 16:05,7697.25,7699.25,7696.00,7698.00,13933
2026-09-14 16:10,7698.25,7701.00,7697.75,7698.75,16418
2026-09-14 16:15,7699.00,7709.00,7698.75,7708.00,22691
2026-09-14 16:20,7708.00,7710.50,7704.50,7708.25,20095
2026-09-14 16:25,7708.50,7709.25,7703.00,7704.25,16940
2026-09-14 16:30,7704.25,7708.75,7703.50,7703.75,22864
2026-09-14 16:35,7703.50,7705.75,7702.25,7704.75,13751
2026-09-14 16:40,7704.50,7707.25,7703.25,7707.25,23938
2026-09-14 16:45,7707.25,7719.25,7704.50,7717.00,35515
2026-09-14 16:50,7717.00,7719.75,7714.50,7714.75,22658
2026-09-14 16:55,7715.00,7715.25,7709.50,7713.00,15583
2026-09-14 17:00,7713.00,7714.75,7709.25,7710.75,11740
2026-09-14 17:05,7710.75,7712.25,7707.50,7708.50,11520
2026-09-14 17:10,7708.50,7712.50,7705.50,7705.50,19074
2026-09-14 17:15,7705.75,7706.75,7703.00,7704.50,12783
2026-09-14 17:20,7704.50,7708.25,7704.25,7707.00,13923
2026-09-14 17:25,7707.00,7711.25,7705.75,7711.25,11845
2026-09-14 17:30,7711.25,7712.75,7709.00,7710.75,13900
2026-09-14 17:35,7710.75,7712.75,7709.25,7712.50,21964
2026-09-14 17:40,7712.25,7712.50,7709.25,7710.25,10518
2026-09-14 17:45,7710.25,7712.50,7709.50,7710.75,11198
2026-09-14 17:50,7710.75,7712.75,7709.75,7712.00,14028
2026-09-14 17:55,7712.00,7712.50,7707.50,7707.50,11464
2026-09-14 18:00,7707.50,7712.25,7706.00,7706.50,13832
2026-09-14 18:05,7706.50,7710.25,7705.25,7708.50,7559
2026-09-14 18:10,7708.50,7708.75,7705.75,7707.50,12624
2026-09-14 18:15,7707.75,7709.00,7706.00,7706.75,8099
2026-09-14 18:20,7706.75,7707.50,7705.25,7705.50,11492
2026-09-14 18:25,7705.50,7706.25,7703.25,7704.50,12929
2026-09-14 18:30,7704.75,7708.00,7704.00,7706.50,8225
2026-09-14 18:35,7706.50,7709.25,7706.25,7707.50,9182
2026-09-14 18:40,7707.50,7709.50,7706.50,7707.75,8395
2026-09-14 18:45,7707.75,7709.75,7705.25,7709.50,11907
2026-09-14 18:50,7709.25,7709.75,7707.25,7707.50,6746
2026-09-14 18:55,7707.50,7709.00,7705.25,7705.50,10130
2026-09-14 19:00,7705.50,7706.50,7703.00,7703.50,12952
2026-09-14 19:05,7703.75,7704.25,7700.50,7703.00,10972
2026-09-14 19:10,7702.75,7705.75,7702.75,7704.75,16631
2026-09-14 19:15,7704.75,7705.00,7702.25,7703.25,10008
2026-09-14 19:20,7703.25,7704.00,7700.75,7702.75,9849
2026-09-14 19:25,7702.50,7703.50,7701.50,7702.00,9498
2026-09-14 19:30,7701.75,7704.00,7701.25,7702.00,11198
2026-09-14 19:35,7702.00,7702.25,7700.25,7700.75,17205
2026-09-14 19:40,7700.75,7702.00,7700.00,7700.50,12199
2026-09-14 19:45,7700.50,7703.00,7700.25,7702.00,15875
2026-09-14 19:50,7701.75,7703.25,7695.50,7697.25,24603
2026-09-14 19:55,7697.25,7698.25,7691.25,7692.50,99111
2026-09-14 20:00,7692.50,7694.75,7690.50,7692.25,24356
2026-09-14 20:05,7692.25,7692.50,7690.75,7691.25,4659
2026-09-14 20:10,7691.00,7693.00,7690.75,7692.25,5299
2026-09-14 20:15,7692.25,7692.50,7689.50,7692.00,3920
2026-09-14 20:20,7692.25,7694.75,7692.25,7694.50,1535
2026-09-14 20:25,7694.50,7695.75,7694.00,7695.50,1020
2026-09-14 20:30,7695.50,7695.75,7694.00,7694.75,1535
2026-09-14 20:35,7694.75,7695.75,7694.25,7695.00,1112
2026-09-14 20:40,7695.00,7695.75,7694.75,7695.00,1765
2026-09-14 20:45,7695.00,7698.00,7695.00,7698.00,1312
2026-09-14 20:50,7698.00,7699.25,7697.50,7699.00,2122
2026-09-14 20:55,7699.25,7700.25,7698.25,7700.00,1617
2026-09-14 22:00,7699.25,7700.25,7696.00,7698.00,0
2026-09-14 22:05,7697.75,7697.75,7695.50,7696.00,503
2026-09-14 22:10,7696.25,7697.00,7696.00,7696.75,300
2026-09-14 22:15,7696.75,7697.50,7695.00,7696.25,545
2026-09-14 22:20,7696.50,7696.75,7696.00,7696.25,241
2026-09-14 22:25,7696.25,7696.50,7695.00,7696.25,192
2026-09-14 22:30,7696.50,7697.25,7696.25,7697.00,305
2026-09-14 22:35,7697.00,7697.25,7696.25,7696.25,175
2026-09-14 22:40,7696.25,7696.25,7695.50,7695.50,113
2026-09-14 22:45,7695.75,7697.50,7695.75,7697.50,121
2026-09-14 22:50,7697.50,7698.50,7697.50,7697.75,282
2026-09-14 22:55,7697.75,7697.75,7696.75,7696.75,174
2026-09-14 23:00,7696.75,7697.00,7694.75,7696.00,330
2026-09-14 23:05,7696.00,7696.25,7695.25,7696.25,79
2026-09-14 23:10,7696.25,7697.50,7696.00,7697.00,197
2026-09-14 23:15,7697.00,7697.25,7694.75,7695.00,309
2026-09-14 23:20,7695.00,7696.50,7694.50,7696.25,370
2026-09-14 23:25,7696.00,7696.75,7695.00,7695.00,315
2026-09-14 23:30,7695.00,7696.25,7694.75,7695.50,477
2026-09-14 23:35,7695.75,7696.75,7695.50,7696.50,218
2026-09-14 23:40,7696.50,7697.00,7695.25,7696.00,204
2026-09-14 23:45,7696.25,7696.75,7694.75,7695.50,436
2026-09-14 23:50,7695.50,7695.50,7694.00,7694.75,498
2026-09-14 23:55,7694.75,7696.50,7694.75,7696.00,657
2026-09-15 00:00,7696.00,7697.50,7693.25,7694.00,1440
2026-09-15 00:05,7694.25,7696.75,7692.00,7696.25,848
2026-09-15 00:10,7696.25,7696.50,7694.00,7696.00,464
2026-09-15 00:15,7696.00,7696.00,7692.75,7694.00,662
2026-09-15 00:20,7693.75,7696.25,7692.75,7696.25,473
2026-09-15 00:25,7696.25,7696.50,7694.50,7694.75,617
2026-09-15 00:30,7695.00,7695.75,7694.25,7694.25,374
2026-09-15 00:35,7694.25,7697.50,7694.00,7697.25,434
2026-09-15 00:40,7697.50,7700.25,7697.50,7699.50,708
2026-09-15 00:45,7699.50,7699.50,7697.25,7698.75,470
2026-09-15 00:50,7698.50,7700.50,7698.50,7699.50,609
2026-09-15 00:55,7699.50,7700.00,7697.25,7697.75,482
2026-09-15 01:00,7697.50,7700.75,7696.25,7700.00,729
2026-09-15 01:05,7699.75,7699.75,7697.25,7698.75,516
2026-09-15 01:10,7698.50,7700.50,7698.50,7700.25,340
2026-09-15 01:15,7700.25,7701.00,7699.75,7700.25,639
2026-09-15 01:20,7700.00,7700.50,7699.50,7700.00,370
2026-09-15 01:25,7699.75,7700.00,7697.75,7698.00,546
2026-09-15 01:30,7698.25,7698.25,7695.25,7695.25,777
2026-09-15 01:35,7695.25,7695.50,7693.00,7694.25,908
2026-09-15 01:40,7694.25,7694.25,7690.00,7692.00,1383
2026-09-15 01:45,7692.00,7693.50,7690.75,7693.50,528
2026-09-15 01:50,7693.50,7695.00,7690.50,7693.50,736
2026-09-15 01:55,7693.25,7694.75,7692.75,7693.50,609
2026-09-15 02:00,7693.25,7695.25,7692.75,7694.50,663
2026-09-15 02:05,7694.75,7694.75,7692.75,7694.00,623
2026-09-15 02:10,7694.00,7694.50,7693.25,7693.50,302
2026-09-15 02:15,7693.50,7693.50,7692.00,7692.00,233
2026-09-15 02:20,7692.25,7693.00,7691.50,7692.75,385
2026-09-15 02:25,7692.75,7693.50,7692.25,7692.50,219
2026-09-15 02:30,7692.50,7693.50,7691.75,7692.25,504
2026-09-15 02:35,7692.00,7692.75,7690.50,7691.50,1187
2026-09-15 02:40,7691.50,7692.00,7690.00,7690.50,1175
2026-09-15 02:45,7690.50,7691.75,7690.00,7691.50,751
2026-09-15 02:50,7691.50,7691.75,7689.75,7691.25,474
2026-09-15 02:55,7691.25,7692.00,7690.25,7690.50,440
2026-09-15 03:00,7690.25,7691.75,7689.50,7689.75,821
2026-09-15 03:05,7690.00,7690.00,7688.50,7688.50,818
2026-09-15 03:10,7688.25,7689.25,7687.75,7688.75,554
2026-09-15 03:15,7688.75,7689.25,7688.00,7688.00,412
2026-09-15 03:20,7688.00,7688.50,7687.75,7688.00,396
2026-09-15 03:25,7688.00,7688.25,7687.25,7688.00,520
2026-09-15 03:30,7688.00,7688.50,7687.00,7688.00,596
2026-09-15 03:35,7688.25,7688.75,7687.25,7687.50,247
2026-09-15 03:40,7687.50,7687.75,7687.00,7687.75,256
2026-09-15 03:45,7687.75,7688.50,7685.75,7686.50,970
2026-09-15 03:50,7686.50,7686.50,7683.00,7683.25,1899
2026-09-15 03:55,7683.25,7683.50,7681.75,7682.25,521
2026-09-15 04:05,7682.00,7682.00,7681.75,7682.00,1191
2026-09-15 04:10,7682.00,7682.75,7680.25,7680.50,379
2026-09-15 04:15,7680.50,7681.00,7679.50,7679.75,658
2026-09-15 04:20,7680.00,7680.25,7676.50,7677.00,1102
2026-09-15 04:25,7677.00,7677.25,7674.25,7675.50,1348
2026-09-15 04:30,7675.75,7676.75,7674.75,7675.50,804
2026-09-15 04:35,7675.75,7675.75,7671.75,7673.25,1057
2026-09-15 04:40,7673.50,7677.00,7673.00,7675.75,1083
2026-09-15 04:45,7675.50,7676.75,7674.25,7675.00,663
2026-09-15 04:50,7674.75,7675.00,7670.75,7672.25,1422
2026-09-15 04:55,7672.25,7672.25,7668.75,7669.00,796
2026-09-15 05:00,7668.75,7671.25,7668.75,7669.00,770
2026-09-15 05:05,7669.00,7670.00,7666.00,7666.00,1181
2026-09-15 05:10,7666.00,7666.75,7664.75,7665.75,1090
2026-09-15 05:15,7665.50,7665.50,7663.00,7664.25,904
2026-09-15 05:20,7664.25,7666.00,7663.75,7665.00,700
2026-09-15 05:25,7665.00,7669.00,7664.50,7668.25,577
2026-09-15 05:30,7668.00,7670.00,7667.00,7669.25,1015
2026-09-15 05:35,7669.00,7669.25,7665.75,7668.25,823
2026-09-15 05:40,7668.50,7675.00,7668.25,7674.50,1328
2026-09-15 05:45,7674.50,7677.00,7673.25,7674.50,1180
2026-09-15 05:50,7674.75,7679.25,7673.75,7679.00,1076
2026-09-15 05:55,7679.00,7679.00,7674.50,7674.75,541
2026-09-15 06:00,7675.00,7677.75,7674.75,7676.75,1119
2026-09-15 06:05,7676.75,7677.00,7673.50,7674.50,893
2026-09-15 06:10,7674.50,7676.00,7673.00,7674.75,1413
2026-09-15 06:15,7674.50,7675.25,7673.75,7675.00,721
2026-09-15 06:20,7674.75,7675.75,7672.75,7673.00,678
2026-09-15 06:25,7673.25,7673.50,7671.50,7672.00,1025
2026-09-15 06:30,7672.00,7672.25,7669.50,7669.50,2235
2026-09-15 06:35,7669.75,7671.75,7668.00,7669.25,1131
2026-09-15 06:40,7669.25,7671.00,7667.50,7668.00,1040
2026-09-15 06:45,7668.00,7669.75,7667.50,7668.25,737
2026-09-15 06:50,7668.25,7668.75,7665.75,7666.50,1387
2026-09-15 06:55,7666.25,7668.75,7664.75,7667.50,1093
2026-09-15 07:00,7667.50,7670.00,7664.25,7668.00,3377
2026-09-15 07:05,7668.00,7669.00,7664.00,7666.25,1653
2026-09-15 07:10,7666.50,7667.25,7660.25,7660.75,2476
2026-09-15 07:15,7660.50,7664.25,7660.50,7664.25,2138
2026-09-15 07:20,7664.25,7668.00,7663.25,7668.00,2146
2026-09-15 07:25,7668.25,7668.75,7662.75,7665.25,1739
2026-09-15 07:30,7665.25,7666.75,7663.75,7665.00,1531
2026-09-15 07:35,7664.75,7665.25,7660.25,7660.50,2670
2026-09-15 07:40,7660.50,7661.00,7656.25,7656.50,3607
2026-09-15 07:45,7656.25,7659.75,7656.00,7657.75,2587
2026-09-15 07:50,7658.00,7658.75,7653.50,7656.25,2515
2026-09-15 07:55,7656.00,7659.00,7654.50,7658.50,2672
2026-09-15 08:00,7658.75,7658.75,7653.00,7654.00,9039
2026-09-15 08:05,7654.00,7654.50,7647.25,7647.25,5056
2026-09-15 08:10,7647.00,7653.50,7645.00,7653.25,3725
2026-09-15 08:15,7653.25,7658.25,7652.75,7658.25,4356
2026-09-15 08:20,7658.25,7660.00,7654.75,7655.25,2357
2026-09-15 08:25,7655.50,7657.00,7651.25,7654.00,4076
2026-09-15 08:30,7654.00,7655.00,7651.75,7652.25,2789
2026-09-15 08:35,7652.25,7654.75,7650.75,7652.50,2814
2026-09-15 08:40,7652.50,7652.50,7649.50,7650.00,1228
2026-09-15 08:45,7650.25,7650.50,7649.25,7650.50,1064
2026-09-15 08:50,7650.00,7652.00,7650.00,7651.00,1532
2026-09-15 08:55,7651.00,7653.75,7649.00,7651.00,2339
2026-09-15 09:00,7651.25,7651.50,7648.25,7650.75,2531
2026-09-15 09:05,7650.50,7653.25,7649.25,7649.50,3095
2026-09-15 09:10,7649.25,7651.75,7648.50,7650.25,3417
2026-09-15 09:15,7650.00,7651.00,7645.75,7646.75,4986
2026-09-15 09:20,7647.00,7652.00,7646.50,7647.50,5899
2026-09-15 09:25,7647.75,7652.25,7646.75,7652.00,2252
2026-09-15 09:30,7652.00,7654.25,7650.75,7654.25,2082
2026-09-15 09:35,7654.00,7658.75,7653.75,7658.25,2551
2026-09-15 09:40,7658.25,7659.00,7657.00,7657.50,1565
2026-09-15 09:45,7657.50,7664.00,7657.50,7663.25,2903
2026-09-15 09:50,7663.25,7666.25,7663.00,7665.75,3153
2026-09-15 09:55,7666.00,7666.50,7663.75,7666.00,2927
2026-09-15 10:00,7666.25,7667.50,7665.00,7665.50,3835
2026-09-15 10:05,7665.50,7667.00,7664.25,7666.75,1584
2026-09-15 10:10,7666.75,7672.00,7666.75,7667.75,5221
2026-09-15 10:15,7667.50,7667.50,7665.00,7666.00,2280
2026-09-15 10:20,7666.25,7669.00,7666.00,7668.75,2652
2026-09-15 10:25,7668.75,7669.25,7667.25,7668.25,1673
2026-09-15 10:30,7668.50,7669.75,7667.00,7669.75,1781
2026-09-15 10:35,7669.50,7671.50,7668.75,7671.25,1815
2026-09-15 10:40,7671.00,7676.25,7670.50,7672.00,2392
2026-09-15 10:45,7672.25,7673.50,7670.25,7673.00,1461
2026-09-15 10:50,7673.00,7676.50,7672.75,7676.00,1870
2026-09-15 10:55,7676.00,7680.50,7675.25,7676.25,2335
2026-09-15 11:00,7676.00,7678.25,7675.50,7677.25,2082
2026-09-15 11:05,7677.25,7680.00,7675.25,7679.75,2435
2026-09-15 11:10,7679.50,7680.25,7678.25,7678.75,1703
2026-09-15 11:15,7678.75,7681.50,7678.00,7680.00,2440
2026-09-15 11:20,7680.25,7680.75,7678.25,7679.00,1879
2026-09-15 11:25,7679.00,7679.50,7677.25,7678.25,1839
2026-09-15 11:30,7678.25,7678.50,7675.50,7678.50,3122
2026-09-15 11:35,7678.50,7680.00,7677.00,7677.25,2628
2026-09-15 11:40,7677.25,7679.00,7676.75,7678.00,4954
2026-09-15 11:45,7678.00,7679.75,7677.75,7678.00,3407
2026-09-15 11:50,7678.25,7681.25,7677.50,7678.75,5497
2026-09-15 11:55,7678.50,7682.25,7678.00,7681.75,4747
2026-09-15 12:00,7681.75,7683.25,7679.25,7681.75,7240
2026-09-15 12:05,7682.00,7682.00,7679.75,7680.75,2853
2026-09-15 12:10,7681.00,7684.25,7680.50,7683.75,2314
2026-09-15 12:15,7683.75,7685.25,7681.50,7683.50,3839
2026-09-15 12:20,7683.50,7683.75,7678.50,7679.50,4633
2026-09-15 12:25,7679.50,7683.75,7679.50,7683.00,2734
2026-09-15 12:30,7683.00,7685.75,7679.75,7685.75,3261
2026-09-15 12:35,7686.00,7686.25,7683.75,7685.25,3673
2026-09-15 12:40,7685.25,7685.50,7681.75,7684.00,3348
2026-09-15 12:45,7684.00,7695.00,7683.50,7692.50,9516
2026-09-15 12:50,7692.50,7696.25,7690.75,7695.75,5389
2026-09-15 12:55,7696.00,7697.50,7687.75,7689.25,10296
2026-09-15 13:00,7689.00,7692.25,7688.00,7692.25,5638
2026-09-15 13:05,7692.25,7692.50,7689.25,7689.75,8300
2026-09-15 13:10,7690.00,7691.25,7688.00,7688.50,5254
2026-09-15 13:15,7688.50,7692.50,7687.75,7689.25,4469
2026-09-15 13:20,7689.00,7690.75,7687.50,7690.25,8581
2026-09-15 13:25,7690.25,7693.50,7684.25,7684.25,12010
2026-09-15 13:30,7684.25,7687.00,7670.25,7672.00,46876
2026-09-15 13:35,7672.00,7681.75,7671.75,7681.00,33180
2026-09-15 13:40,7681.00,7683.25,7677.00,7682.50,23257
2026-09-15 13:45,7682.50,7684.75,7675.00,7676.25,26444
2026-09-15 13:50,7676.25,7680.50,7674.50,7679.50,20406
2026-09-15 13:55,7679.50,7680.00,7676.50,7678.25,17503
2026-09-15 14:00,7678.50,7678.50,7671.00,7671.00,20201
2026-09-15 14:05,7671.00,7673.75,7667.50,7668.00,21864
2026-09-15 14:10,7667.75,7667.75,7661.50,7662.25,29710
2026-09-15 14:15,7662.25,7667.00,7661.75,7664.75,26986
2026-09-15 14:20,7665.00,7666.25,7654.00,7658.75,29382
2026-09-15 14:25,7659.00,7659.75,7657.00,7657.00,23115
2026-09-15 14:30,7657.25,7658.75,7652.00,7655.75,25712
2026-09-15 14:35,7655.75,7658.50,7652.50,7653.50,18355
2026-09-15 14:40,7653.50,7654.75,7650.75,7654.00,20257
2026-09-15 14:45,7654.25,7656.00,7651.50,7651.50,18683
2026-09-15 14:50,7651.25,7652.00,7643.50,7647.75,43189
2026-09-15 14:55,7647.75,7650.75,7645.50,7646.25,25240
2026-09-15 15:00,7646.50,7654.00,7646.25,7654.00,26874
2026-09-15 15:05,7654.00,7655.00,7650.00,7650.75,18268
2026-09-15 15:10,7651.00,7653.00,7649.00,7651.75,19850
2026-09-15 15:15,7651.50,7655.75,7650.00,7654.50,15937
2026-09-15 15:20,7654.50,7657.25,7651.75,7656.75,16756
2026-09-15 15:25,7656.75,7657.25,7653.75,7656.75,14159
2026-09-15 15:30,7657.00,7657.75,7651.25,7655.25,20414
2026-09-15 15:35,7655.50,7657.25,7653.50,7655.00,13492
2026-09-15 15:40,7655.00,7659.75,7655.00,7657.25,18492
2026-09-15 15:45,7657.25,7657.75,7651.00,7651.75,14756
2026-09-15 15:50,7651.75,7657.75,7651.50,7652.75,19976
2026-09-15 15:55,7653.00,7658.00,7651.50,7653.00,21613
2026-09-15 16:00,7653.00,7655.25,7651.75,7655.25,10223
2026-09-15 16:05,7655.00,7655.00,7648.00,7649.25,12376
2026-09-15 16:10,7649.25,7650.25,7648.50,7649.75,10707
2026-09-15 16:15,7649.75,7653.00,7649.00,7653.00,9019
2026-09-15 16:20,7652.75,7659.00,7652.75,7658.75,16354
2026-09-15 16:25,7658.75,7661.00,7657.00,7658.00,12600
2026-09-15 16:30,7657.75,7660.00,7655.00,7658.75,14226
2026-09-15 16:35,7658.50,7659.50,7656.50,7657.50,11341
2026-09-15 16:40,7657.25,7658.75,7656.50,7658.25,8529
2026-09-15 16:45,7658.25,7659.50,7655.00,7656.50,8773
2026-09-15 16:50,7656.50,7662.25,7656.25,7662.00,13323
2026-09-15 16:55,7662.00,7662.75,7657.50,7659.25,12628
2026-09-15 17:00,7659.50,7660.25,7653.25,7653.50,13534
2026-09-15 17:05,7653.50,7656.25,7652.25,7654.00,12550
2026-09-15 17:10,7654.00,7657.50,7653.00,7653.00,11076
2026-09-15 17:15,7653.00,7653.25,7650.50,7652.25,10136
2026-09-15 17:20,7652.00,7652.75,7648.50,7648.50,9718
2026-09-15 17:25,7648.50,7651.25,7648.00,7650.75,10623
2026-09-15 17:30,7650.75,7654.00,7650.25,7652.25,12276
2026-09-15 17:35,7652.25,7653.75,7651.25,7653.25,8397
2026-09-15 17:40,7653.25,7654.75,7651.00,7653.75,9395
2026-09-15 17:45,7653.50,7655.00,7651.50,7652.00,10281
2026-09-15 17:50,7651.75,7655.00,7651.75,7654.75,8102
2026-09-15 17:55,7654.75,7656.25,7653.75,7655.25,9667
2026-09-15 18:00,7655.50,7657.50,7653.50,7657.50,10759
2026-09-15 18:05,7657.50,7659.25,7656.50,7659.25,7926
2026-09-15 18:10,7659.25,7662.00,7658.00,7660.25,10516
2026-09-15 18:15,7660.50,7660.75,7657.00,7657.50,12987
2026-09-15 18:20,7657.50,7658.75,7656.25,7657.00,8339
2026-09-15 18:25,7657.25,7659.25,7655.75,7659.25,9838
2026-09-15 18:30,7659.25,7659.25,7653.50,7654.25,9562
2026-09-15 18:35,7654.25,7655.50,7653.75,7655.00,6051
2026-09-15 18:40,7654.75,7658.50,7653.50,7654.00,12970
2026-09-15 18:45,7654.25,7654.75,7649.50,7650.75,11353
2026-09-15 18:50,7650.75,7653.75,7650.75,7653.25,11238
2026-09-15 18:55,7653.00,7657.25,7652.50,7657.00,8791
2026-09-15 19:00,7657.25,7658.75,7655.00,7655.75,10644
2026-09-15 19:05,7655.75,7656.25,7654.50,7655.75,6890
2026-09-15 19:10,7655.75,7656.00,7653.00,7654.00,7743
2026-09-15 19:15,7654.00,7655.25,7653.00,7654.50,8527
2026-09-15 19:20,7654.25,7654.50,7653.00,7653.75,7030
2026-09-15 19:25,7653.50,7654.00,7651.75,7652.50,9254
2026-09-15 19:30,7652.50,7653.50,7651.50,7651.75,11662
2026-09-15 19:35,7652.00,7652.00,7648.50,7649.25,10286
2026-09-15 19:40,7649.50,7651.00,7648.00,7650.25,11540
2026-09-15 19:45,7650.25,7653.25,7649.25,7652.75,17153
2026-09-15 19:50,7652.75,7653.50,7648.75,7652.75,20267
2026-09-15 19:55,7652.75,7657.75,7651.00,7656.75,90311
2026-09-15 20:00,7657.00,7662.25,7656.50,7661.75,20085
2026-09-15 20:05,7662.00,7662.75,7661.00,7662.00,5104
2026-09-15 20:10,7661.75,7665.00,7661.50,7664.25,5642
2026-09-15 20:15,7664.50,7664.75,7663.00,7663.75,3322
2026-09-15 20:20,7663.75,7664.25,7663.00,7664.00,1837
2026-09-15 20:25,7663.75,7664.25,7663.00,7663.50,1488
2026-09-15 20:30,7663.25,7665.25,7663.00,7663.25,1887
2026-09-15 20:35,7663.50,7664.00,7663.00,7663.25,1177
2026-09-15 20:40,7663.00,7664.25,7663.00,7663.50,609
2026-09-15 20:45,7663.75,7664.50,7663.00,7664.50,1088
2026-09-15 20:50,7664.25,7664.50,7663.25,7663.75,846
2026-09-15 20:55,7663.50,7664.00,7663.25,7663.75,1374
2026-09-15 22:00,7663.25,7665.00,7661.75,7663.75,0
2026-09-15 22:05,7663.50,7663.50,7661.75,7662.75,513
2026-09-15 22:10,7662.75,7662.75,7661.50,7661.75,221
2026-09-15 22:15,7662.00,7663.00,7661.75,7661.75,312
2026-09-15 22:20,7661.75,7663.75,7661.50,7663.00,746
2026-09-15 22:25,7663.00,7663.75,7662.75,7663.25,528
2026-09-15 22:30,7663.00,7665.00,7663.00,7664.50,343
2026-09-15 22:35,7664.50,7666.75,7664.50,7666.50,533
2026-09-15 22:40,7666.25,7666.25,7665.00,7665.75,478
2026-09-15 22:45,7665.75,7666.75,7665.25,7666.50,484
2026-09-15 22:50,7666.50,7667.00,7666.25,7667.00,202
2026-09-15 22:55,7667.00,7667.25,7666.50,7666.50,136
2026-09-15 23:00,7666.50,7666.75,7664.75,7665.00,495
2026-09-15 23:05,7665.00,7665.25,7664.50,7664.75,145
2026-09-15 23:10,7665.00,7665.25,7664.25,7664.25,153
2026-09-15 23:15,7664.50,7664.75,7663.50,7663.75,164
2026-09-15 23:20,7663.75,7664.00,7663.25,7663.50,175
2026-09-15 23:25,7663.50,7663.75,7662.50,7663.00,257
2026-09-15 23:30,7662.75,7663.50,7662.75,7663.00,208
2026-09-15 23:35,7663.00,7664.25,7662.50,7664.25,351
2026-09-15 23:40,7664.25,7666.25,7664.00,7665.50,503
2026-09-15 23:45,7665.75,7666.25,7664.75,7665.00,267
2026-09-15 23:50,7665.00,7666.50,7664.75,7666.50,263
2026-09-15 23:55,7666.50,7666.50,7665.00,7665.50,210
2026-09-16 00:00,7665.50,7667.00,7663.00,7664.25,872
2026-09-16 00:05,7664.50,7665.75,7664.00,7664.00,272
2026-09-16 00:10,7664.25,7667.25,7663.50,7666.25,464
2026-09-16 00:15,7666.25,7667.00,7665.00,7666.50,752
2026-09-16 00:20,7666.25,7666.50,7665.25,7665.25,405
2026-09-16 00:25,7665.00,7666.25,7664.50,7666.25,374
2026-09-16 00:30,7666.25,7667.25,7664.50,7664.75,361
2026-09-16 00:35,7664.75,7665.75,7663.75,7665.50,491
2026-09-16 00:40,7665.50,7665.75,7664.50,7664.50,360
2026-09-16 00:45,7664.50,7666.25,7663.75,7665.50,525
2026-09-16 00:50,7665.75,7666.25,7665.25,7665.75,376
2026-09-16 00:55,7665.50,7665.75,7664.25,7665.00,424
2026-09-16 01:00,7665.00,7665.75,7663.25,7663.25,574
2026-09-16 01:05,7663.25,7663.50,7660.00,7661.00,1712
2026-09-16 01:10,7661.00,7666.50,7660.00,7666.25,1271
2026-09-16 01:15,7666.25,7666.75,7665.00,7666.00,659
2026-09-16 01:20,7666.00,7667.50,7665.50,7667.00,524
2026-09-16 01:25,7667.00,7667.75,7666.00,7666.00,500
2026-09-16 01:30,7666.00,7666.00,7663.50,7665.00,578
2026-09-16 01:35,7665.25,7665.75,7661.75,7662.50,647
2026-09-16 01:40,7662.25,7663.50,7662.25,7662.25,474
2026-09-16 01:45,7662.25,7664.25,7661.75,7661.75,658
2026-09-16 01:50,7661.75,7662.00,7659.00,7659.50,1049
2026-09-16 01:55,7659.50,7660.25,7658.75,7659.00,678
2026-09-16 02:00,7659.00,7664.25,7659.00,7663.25,1066
2026-09-16 02:05,7663.25,7663.50,7660.50,7662.25,713
2026-09-16 02:10,7662.25,7663.50,7659.75,7660.75,952
2026-09-16 02:15,7660.75,7662.50,7660.50,7662.25,1190
2026-09-16 02:20,7662.00,7663.75,7661.25,7663.50,464
2026-09-16 02:25,7663.25,7666.25,7663.25,7666.00,746
2026-09-16 02:30,7666.00,7668.00,7665.50,7667.00,945
2026-09-16 02:35,7667.00,7668.25,7666.25,7666.75,546
2026-09-16 02:40,7666.75,7666.75,7664.25,7665.00,787
2026-09-16 02:45,7665.00,7666.50,7665.00,7666.00,513
2026-09-16 02:50,7665.75,7667.25,7665.25,7666.50,261
2026-09-16 02:55,7666.75,7668.25,7666.25,7668.00,389
2026-09-16 03:00,7668.00,7671.00,7668.00,7670.25,1007
2026-09-16 03:05,7670.00,7671.50,7669.75,7670.25,723
2026-09-16 03:10,7670.50,7673.50,7669.50,7672.50,1285
2026-09-16 03:15,7672.75,7676.00,7672.50,7675.50,1301
2026-09-16 03:20,7675.75,7678.00,7674.75,7676.75,1445
2026-09-16 03:25,7676.75,7677.25,7674.00,7674.00,569
2026-09-16 03:30,7673.75,7674.00,7671.50,7671.50,681
2026-09-16 03:35,7671.75,7671.75,7670.00,7671.50,590
2026-09-16 03:40,7671.75,7672.75,7671.00,7672.25,597
2026-09-16 03:45,7672.25,7674.00,7672.25,7672.75,511
2026-09-16 03:50,7672.50,7673.75,7672.50,7672.50,668
2026-09-16 03:55,7672.25,7673.50,7672.00,7672.50,313
2026-09-16 04:05,7672.75,7673.00,7672.75,7672.75,905
2026-09-16 04:10,7672.75,7673.25,7672.25,7672.25,234
2026-09-16 04:15,7672.25,7672.75,7671.25,7671.25,338
2026-09-16 04:20,7671.50,7673.25,7671.50,7672.50,424
2026-09-16 04:25,7672.50,7672.50,7670.25,7670.75,447
2026-09-16 04:30,7670.50,7671.00,7667.50,7668.00,634
2026-09-16 04:35,7668.00,7669.00,7667.25,7668.50,360
2026-09-16 04:40,7668.50,7669.75,7667.25,7668.00,361
2026-09-16 04:45,7668.00,7670.00,7668.00,7669.75,241
2026-09-16 04:50,7669.75,7670.50,7668.75,7669.00,333
2026-09-16 04:55,7669.00,7669.50,7668.00,7668.00,342
2026-09-16 05:00,7668.00,7668.50,7665.50,7668.25,815
2026-09-16 05:05,7668.50,7669.25,7667.25,7669.00,436
2026-09-16 05:10,7669.00,7670.00,7668.00,7669.25,324
2026-09-16 05:15,7669.25,7671.25,7669.25,7670.50,343
2026-09-16 05:20,7670.25,7670.75,7668.75,7669.50,400
2026-09-16 05:25,7669.50,7671.50,7668.75,7671.25,482
2026-09-16 05:30,7671.25,7671.25,7669.50,7670.75,244
2026-09-16 05:35,7670.75,7672.00,7670.50,7671.25,384
2026-09-16 05:40,7671.25,7673.50,7671.25,7673.50,759
2026-09-16 05:45,7673.25,7674.00,7670.25,7670.25,664
2026-09-16 05:50,7670.25,7671.75,7670.00,7671.50,627
2026-09-16 05:55,7671.50,7672.00,7670.50,7670.75,597
2026-09-16 06:00,7670.50,7674.50,7669.50,7670.25,1344
2026-09-16 06:05,7670.25,7674.00,7670.25,7673.00,922
2026-09-16 06:10,7673.00,7675.25,7672.75,7673.75,955
2026-09-16 06:15,7673.50,7674.25,7672.25,7674.00,455
2026-09-16 06:20,7674.00,7674.25,7671.00,7672.00,357
2026-09-16 06:25,7672.00,7672.75,7669.75,7671.50,722
2026-09-16 06:30,7671.50,7672.25,7669.75,7671.75,898
2026-09-16 06:35,7671.50,7671.75,7670.00,7670.75,1102
2026-09-16 06:40,7670.75,7671.00,7669.25,7671.00,778
2026-09-16 06:45,7671.00,7671.50,7669.50,7671.00,1075
2026-09-16 06:50,7670.75,7674.50,7670.75,7673.00,657
2026-09-16 06:55,7672.75,7674.50,7672.00,7673.75,917
2026-09-16 07:00,7673.75,7678.00,7672.50,7677.50,2582
2026-09-16 07:05,7677.50,7677.75,7674.25,7676.00,2202
2026-09-16 07:10,7676.25,7677.25,7675.00,7676.50,1674
2026-09-16 07:15,7676.50,7676.75,7672.25,7672.25,1500
2026-09-16 07:20,7672.25,7675.50,7671.75,7674.50,1301
2026-09-16 07:25,7674.25,7675.50,7674.00,7674.50,992
2026-09-16 07:30,7674.50,7676.75,7674.50,7675.00,1506
2026-09-16 07:35,7675.25,7675.25,7672.75,7673.00,1002
2026-09-16 07:40,7673.00,7673.75,7672.00,7672.25,1287
2026-09-16 07:45,7672.50,7673.00,7671.75,7672.00,1583
2026-09-16 07:50,7672.00,7672.25,7669.75,7669.75,1162
2026-09-16 07:55,7669.75,7672.75,7669.75,7670.75,1046
2026-09-16 08:00,7670.75,7671.25,7666.75,7667.25,1683
2026-09-16 08:05,7667.25,7668.25,7664.75,7666.25,1604
2026-09-16 08:10,7666.00,7666.50,7663.50,7666.00,1758
2026-09-16 08:15,7666.00,7672.25,7665.75,7668.50,3260
2026-09-16 08:20,7668.50,7671.25,7666.50,7667.00,2948
2026-09-16 08:25,7667.00,7669.00,7665.25,7668.50,1387
2026-09-16 08:30,7668.50,7671.00,7666.00,7667.75,1541
2026-09-16 08:35,7667.75,7668.50,7665.75,7665.75,1439
2026-09-16 08:40,7666.00,7670.50,7665.75,7670.00,1371
2026-09-16 08:45,7670.25,7671.00,7668.75,7669.25,721
2026-09-16 08:50,7669.00,7672.25,7669.00,7671.75,995
2026-09-16 08:55,7671.50,7673.50,7671.50,7672.75,925
2026-09-16 09:00,7672.50,7673.25,7670.75,7672.75,1157
2026-09-16 09:05,7672.75,7673.75,7671.00,7672.25,1238
2026-09-16 09:10,7672.00,7672.50,7669.00,7669.25,1203
2026-09-16 09:15,7669.25,7669.75,7665.50,7666.00,1198
2026-09-16 09:20,7665.75,7667.75,7665.50,7665.75,1741
2026-09-16 09:25,7666.00,7670.75,7665.75,7667.50,3063
2026-09-16 09:30,7667.50,7669.50,7667.00,7669.00,796
2026-09-16 09:35,7669.25,7671.75,7668.50,7671.75,1582
2026-09-16 09:40,7671.75,7674.75,7671.25,7673.50,1098
2026-09-16 09:45,7673.75,7673.75,7670.75,7671.75,882
2026-09-16 09:50,7671.75,7674.25,7671.75,7673.75,639
2026-09-16 09:55,7673.75,7675.00,7673.00,7673.00,764
2026-09-16 10:00,7673.25,7674.00,7671.00,7671.25,1200
2026-09-16 10:05,7671.25,7673.50,7670.25,7673.00,2125
2026-09-16 10:10,7673.00,7673.50,7669.50,7671.75,2314
2026-09-16 10:15,7671.75,7672.75,7670.50,7672.25,1255
2026-09-16 10:20,7672.00,7673.00,7671.25,7671.75,1157
2026-09-16 10:25,7672.00,7673.00,7671.50,7672.75,930
2026-09-16 10:30,7672.75,7673.00,7672.00,7672.00,809
2026-09-16 10:35,7672.25,7673.00,7671.75,7673.00,1068
2026-09-16 10:40,7673.25,7673.50,7672.75,7673.25,686
2026-09-16 10:45,7673.25,7673.25,7672.00,7673.00,682
2026-09-16 10:50,7673.00,7673.25,7671.75,7672.00,760
2026-09-16 10:55,7672.00,7677.00,7671.75,7676.25,1562
2026-09-16 11:00,7676.25,7681.50,7674.50,7675.75,7671
2026-09-16 11:05,7675.75,7678.00,7673.50,7676.25,3215
2026-09-16 11:10,7676.25,7677.25,7673.50,7673.50,1404
2026-09-16 11:15,7673.75,7674.25,7672.00,7674.25,1505
2026-09-16 11:20,7674.00,7675.25,7672.75,7674.75,1587
2026-09-16 11:25,7675.00,7676.25,7674.50,7675.00,1990
2026-09-16 11:30,7675.25,7677.75,7675.00,7677.25,2399
2026-09-16 11:35,7677.25,7679.50,7676.75,7678.75,1719
2026-09-16 11:40,7678.75,7681.25,7675.50,7680.00,4177
2026-09-16 11:45,7680.00,7681.00,7679.75,7680.75,1235
2026-09-16 11:50,7681.00,7683.00,7680.75,7682.75,2231
2026-09-16 11:55,7682.75,7683.50,7681.75,7683.25,2227
2026-09-16 12:00,7683.00,7689.25,7682.50,7683.75,4234
2026-09-16 12:05,7684.00,7686.25,7682.75,7685.50,2263
2026-09-16 12:10,7685.50,7685.50,7683.25,7683.25,1998
2026-09-16 12:15,7683.25,7684.00,7682.00,7683.00,3335
2026-09-16 12:20,7683.00,7683.25,7679.50,7679.75,4832
2026-09-16 12:25,7680.00,7684.00,7680.00,7683.75,2619
2026-09-16 12:30,7683.50,7684.00,7679.25,7681.25,4035
2026-09-16 12:35,7681.00,7681.50,7675.50,7676.50,3094
2026-09-16 12:40,7676.25,7677.50,7675.00,7675.25,2524
2026-09-16 12:45,7675.00,7679.00,7674.00,7679.00,2554
2026-09-16 12:50,7679.00,7680.75,7676.00,7676.00,2801
2026-09-16 12:55,7676.00,7680.75,7675.50,7679.75,3841
2026-09-16 13:00,7679.75,7681.00,7673.00,7673.75,5138
2026-09-16 13:05,7673.75,7677.25,7673.25,7677.00,3501
2026-09-16 13:10,7677.00,7680.50,7676.25,7680.50,3507
2026-09-16 13:15,7680.50,7681.25,7677.50,7678.00,4866
2026-09-16 13:20,7677.75,7682.25,7677.25,7679.75,7990
2026-09-16 13:25,7680.00,7680.75,7676.25,7676.25,5702
2026-09-16 13:30,7676.50,7679.00,7673.25,7673.75,26576
2026-09-16 13:35,7674.00,7676.75,7669.25,7670.25,16880
2026-09-16 13:40,7670.00,7673.25,7669.00,7669.75,16469
2026-09-16 13:45,7669.50,7681.50,7669.50,7681.25,22155
2026-09-16 13:50,7681.25,7686.50,7680.75,7684.50,16973
2026-09-16 13:55,7684.50,7686.25,7681.75,7684.25,16621
2026-09-16 14:00,7684.50,7686.50,7678.00,7678.75,17617
2026-09-16 14:05,7678.75,7680.50,7675.25,7679.00,16088
2026-09-16 14:10,7679.00,7680.00,7673.00,7677.50,13691
2026-09-16 14:15,7677.75,7679.25,7674.00,7675.00,11992
2026-09-16 14:20,7674.75,7675.50,7671.25,7671.75,15236
2026-09-16 14:25,7671.75,7672.25,7669.50,7671.75,13509
2026-09-16 14:30,7671.75,7674.25,7670.00,7673.75,17462
2026-09-16 14:35,7673.75,7677.25,7671.25,7676.00,16022
2026-09-16 14:40,7676.00,7680.75,7675.50,7680.75,13569
2026-09-16 14:45,7680.50,7682.00,7678.00,7678.25,12813
2026-09-16 14:50,7678.25,7681.25,7678.00,7678.75,10022
2026-09-16 14:55,7679.00,7685.00,7679.00,7684.25,11469
2026-09-16 15:00,7684.25,7688.50,7683.75,7687.25,15860
2026-09-16 15:05,7687.25,7692.75,7684.50,7691.25,23746
2026-09-16 15:10,7691.25,7692.50,7687.25,7689.75,18725
2026-09-16 15:15,7690.00,7690.25,7685.75,7688.50,11872
2026-09-16 15:20,7688.50,7688.50,7686.25,7688.00,8659
2026-09-16 15:25,7687.75,7690.50,7685.25,7685.75,11248
2026-09-16 15:30,7686.00,7687.00,7682.00,7683.75,10790
2026-09-16 15:35,7683.75,7688.00,7683.50,7686.25,10609
2026-09-16 15:40,7686.25,7688.25,7685.50,7688.00,6569
2026-09-16 15:45,7687.75,7699.00,7687.00,7692.50,30083
2026-09-16 15:50,7692.75,7693.00,7688.75,7689.75,12168
2026-09-16 15:55,7690.00,7690.75,7688.25,7689.00,9398
2026-09-16 16:00,7689.00,7689.75,7685.25,7685.50,9309
2026-09-16 16:05,7685.25,7687.25,7685.00,7686.75,7670
2026-09-16 16:10,7686.75,7687.25,7683.75,7685.75,7433
2026-09-16 16:15,7685.75,7686.75,7684.75,7685.50,5362
2026-09-16 16:20,7685.25,7685.25,7681.50,7681.75,7827
2026-09-16 16:25,7681.75,7683.50,7680.25,7683.25,6810
2026-09-16 16:30,7683.25,7684.00,7678.25,7678.75,6229
2026-09-16 16:35,7678.75,7681.25,7678.50,7680.75,4555
2026-09-16 16:40,7680.75,7682.00,7679.75,7680.75,3484
2026-09-16 16:45,7680.75,7683.50,7680.75,7682.50,5647
2026-09-16 16:50,7682.50,7683.00,7678.75,7680.75,8655
2026-09-16 16:55,7680.75,7681.75,7679.25,7679.25,4735
2026-09-16 17:00,7679.50,7679.75,7674.00,7675.50,8814
2026-09-16 17:05,7675.50,7677.75,7675.50,7677.50,5661
2026-09-16 17:10,7677.50,7679.75,7675.75,7678.75,5769
2026-09-16 17:15,7678.75,7680.00,7678.25,7679.25,6194
2026-09-16 17:20,7679.25,7680.75,7676.75,7677.75,5343
2026-09-16 17:25,7677.75,7681.00,7677.75,7680.75,5785
2026-09-16 17:30,7681.00,7682.25,7678.00,7679.50,7139
2026-09-16 17:35,7679.50,7680.50,7677.75,7677.75,4180
2026-09-16 17:40,7677.75,7678.00,7674.50,7674.75,7424
2026-09-16 17:45,7674.75,7678.75,7674.75,7677.00,6262
2026-09-16 17:50,7677.25,7680.00,7676.25,7679.25,5358
2026-09-16 17:55,7679.25,7684.75,7677.75,7683.50,6509
2026-09-16 18:00,7684.50,7691.00,7668.75,7683.75,30854
2026-09-16 18:05,7684.00,7694.25,7682.75,7688.50,26984
2026-09-16 18:10,7688.25,7690.25,7679.50,7681.25,17342
2026-09-16 18:15,7681.25,7685.00,7678.00,7681.00,17868
2026-09-16 18:20,7681.00,7684.50,7677.50,7680.25,13557
2026-09-16 18:25,7680.25,7681.50,7669.25,7678.00,20742
2026-09-16 18:30,7678.25,7680.75,7656.25,7657.50,39125
2026-09-16 18:35,7657.50,7661.25,7641.00,7660.00,49224
2026-09-16 18:40,7659.75,7683.25,7658.75,7671.25,38134
2026-09-16 18:45,7671.25,7677.25,7655.25,7656.50,28000
2026-09-16 18:50,7656.25,7659.25,7631.00,7631.75,41873
2026-09-16 18:55,7632.00,7638.00,7617.50,7618.75,51898
2026-09-16 19:00,7618.75,7633.75,7617.00,7627.50,42362
2026-09-16 19:05,7627.25,7627.75,7609.75,7611.75,38416
2026-09-16 19:10,7611.75,7613.50,7591.00,7592.50,43670
2026-09-16 19:15,7592.50,7600.75,7584.00,7588.75,34547
2026-09-16 19:20,7589.00,7593.00,7580.25,7586.25,35607
2026-09-16 19:25,7586.50,7592.75,7575.00,7591.75,33741
2026-09-16 19:30,7591.75,7606.00,7590.50,7605.25,37099
2026-09-16 19:35,7605.50,7606.25,7594.00,7604.00,25257
2026-09-16 19:40,7604.00,7608.00,7597.25,7600.75,23118
2026-09-16 19:45,7600.75,7616.75,7600.50,7615.00,22025
2026-09-16 19:50,7615.00,7623.25,7614.00,7621.75,29228
2026-09-16 19:55,7621.75,7625.00,7618.50,7622.25,79207
2026-09-16 20:00,7622.25,7626.00,7620.00,7623.75,26735
2026-09-16 20:05,7623.50,7624.25,7620.50,7622.00,7297
2026-09-16 20:10,7621.75,7622.75,7620.75,7621.75,3859
2026-09-16 20:15,7621.75,7623.00,7620.00,7621.25,3439
2026-09-16 20:20,7621.25,7621.50,7620.00,7620.00,1714
2026-09-16 20:25,7620.00,7620.50,7617.25,7620.25,3299
2026-09-16 20:30,7620.25,7622.75,7619.00,7622.50,1572
2026-09-16 20:35,7622.25,7622.50,7620.50,7622.50,1508
2026-09-16 20:40,7622.50,7623.00,7619.75,7621.25,2011
2026-09-16 20:45,7621.25,7622.50,7620.75,7622.25,1468
2026-09-16 20:50,7622.25,7623.00,7620.50,7621.50,1122
2026-09-16 20:55,7621.50,7622.75,7618.50,7622.00,2243
2026-09-16 22:00,7624.00,7625.00,7617.50,7618.00,0
2026-09-16 22:05,7618.25,7625.75,7618.25,7625.25,1151
2026-09-16 22:10,7625.25,7628.25,7624.75,7626.25,927
2026-09-16 22:15,7626.25,7627.75,7625.50,7627.50,674
2026-09-16 22:20,7627.75,7629.75,7627.25,7629.25,1024
2026-09-16 22:25,7629.50,7632.50,7629.00,7632.25,885
2026-09-16 22:30,7632.25,7634.75,7632.00,7634.25,1017
2026-09-16 22:35,7634.50,7637.50,7634.00,7637.00,800
2026-09-16 22:40,7637.00,7639.75,7637.00,7638.75,1281
2026-09-16 22:45,7638.50,7639.25,7635.75,7636.00,1206
2026-09-16 22:50,7636.00,7636.50,7635.00,7635.25,697
2026-09-16 22:55,7635.25,7636.75,7634.75,7636.75,843
2026-09-16 23:00,7636.50,7638.25,7635.75,7637.00,623
2026-09-16 23:05,7637.00,7640.00,7636.50,7639.50,759
2026-09-16 23:10,7639.50,7640.00,7638.00,7638.50,389
2026-09-16 23:15,7638.75,7643.25,7638.75,7641.25,1017
2026-09-16 23:20,7641.50,7644.75,7641.50,7644.25,735
2026-09-16 23:25,7644.25,7647.75,7643.00,7645.00,1378
2026-09-16 23:30,7645.25,7648.25,7645.25,7647.75,717
2026-09-16 23:35,7647.75,7647.75,7645.00,7646.50,639
2026-09-16 23:40,7646.50,7654.00,7645.50,7652.00,4013
2026-09-16 23:45,7652.25,7656.25,7651.50,7655.25,2856
2026-09-16 23:50,7655.00,7657.00,7653.75,7655.75,997
2026-09-16 23:55,7655.50,7657.50,7654.75,7657.25,1197
2026-09-17 00:00,7657.50,7660.00,7656.00,7659.00,2634
2026-09-17 00:05,7658.75,7662.25,7657.50,7661.25,1515
2026-09-17 00:10,7661.50,7662.00,7656.00,7656.00,1853
2026-09-17 00:15,7656.00,7660.25,7654.00,7659.50,3104
2026-09-17 00:20,7659.25,7660.00,7655.75,7657.50,1355
2026-09-17 00:25,7657.00,7658.75,7656.00,7656.75,737
2026-09-17 00:30,7656.75,7663.50,7656.75,7662.25,2453
2026-09-17 00:35,7662.25,7664.75,7661.75,7664.50,1643
2026-09-17 00:40,7664.25,7667.75,7664.00,7665.50,2340
2026-09-17 00:45,7665.50,7665.50,7662.00,7663.75,1640
2026-09-17 00:50,7663.75,7664.00,7659.75,7660.75,1489
2026-09-17 00:55,7660.75,7666.00,7660.50,7664.00,1529
2026-09-17 01:00,7664.00,7665.00,7662.00,7664.50,1245
2026-09-17 01:05,7664.25,7668.00,7664.00,7664.25,1025
2026-09-17 01:10,7664.25,7664.25,7660.75,7663.75,1241
2026-09-17 01:15,7663.50,7664.00,7662.00,7663.25,1002
2026-09-17 01:20,7663.00,7664.50,7662.75,7663.25,859
2026-09-17 01:25,7663.50,7664.25,7662.50,7663.25,812
2026-09-17 01:30,7663.25,7666.75,7663.25,7664.25,1005
2026-09-17 01:35,7664.50,7666.25,7662.00,7662.25,802
2026-09-17 01:40,7662.00,7663.75,7659.50,7663.50,1981
2026-09-17 01:45,7663.25,7664.25,7663.00,7663.50,626
2026-09-17 01:50,7663.25,7663.75,7660.50,7662.50,1569
2026-09-17 01:55,7662.50,7663.00,7658.25,7660.00,1297
2026-09-17 02:00,7660.00,7664.00,7659.75,7664.00,1003
2026-09-17 02:05,7664.00,7664.75,7660.75,7661.50,1287
2026-09-17 02:10,7661.50,7662.75,7661.00,7662.00,752
2026-09-17 02:15,7661.50,7663.75,7661.50,7663.25,728
2026-09-17 02:20,7663.25,7664.25,7662.25,7663.50,627
2026-09-17 02:25,7663.25,7665.25,7662.75,7663.75,1052
2026-09-17 02:30,7664.00,7667.25,7663.75,7666.00,1270
2026-09-17 02:35,7666.25,7668.75,7665.75,7668.00,864
2026-09-17 02:40,7667.75,7669.75,7667.50,7668.75,678
2026-09-17 02:45,7668.50,7668.75,7666.75,7667.75,551
2026-09-17 02:50,7667.50,7668.50,7665.00,7665.50,630
2026-09-17 02:55,7665.25,7666.50,7664.75,7665.25,633
2026-09-17 03:00,7665.25,7666.50,7664.75,7666.25,649
2026-09-17 03:05,7666.25,7667.50,7666.00,7666.25,442
2026-09-17 03:10,7666.50,7667.50,7664.75,7667.25,453
2026-09-17 03:15,7667.50,7667.75,7665.75,7666.25,512
2026-09-17 03:20,7666.00,7668.00,7664.75,7668.00,541
2026-09-17 03:25,7668.00,7668.25,7667.50,7668.00,276
2026-09-17 03:30,7667.75,7668.50,7666.75,7667.75,470
2026-09-17 03:35,7668.00,7668.75,7667.00,7668.75,313
2026-09-17 03:40,7668.75,7670.25,7668.50,7669.50,604
2026-09-17 03:45,7669.50,7669.75,7666.75,7669.25,1085
2026-09-17 03:50,7669.25,7669.25,7667.75,7668.00,581
2026-09-17 03:55,7668.25,7670.00,7668.00,7669.75,531
2026-09-17 04:05,7669.25,7669.25,7668.75,7668.75,768
2026-09-17 04:10,7668.75,7669.00,7667.25,7668.25,529
2026-09-17 04:15,7668.25,7668.25,7666.75,7666.75,454
2026-09-17 04:20,7666.75,7667.00,7666.25,7666.50,425
2026-09-17 04:25,7666.50,7668.00,7665.75,7667.25,397
2026-09-17 04:30,7667.25,7667.75,7666.00,7666.75,578
2026-09-17 04:35,7667.00,7669.25,7666.75,7669.00,452
2026-09-17 04:40,7669.00,7670.25,7668.50,7668.75,654
2026-09-17 04:45,7669.00,7670.25,7668.75,7668.75,433
2026-09-17 04:50,7668.75,7668.75,7666.50,7667.00,474
2026-09-17 04:55,7667.00,7668.00,7666.75,7667.25,239
2026-09-17 05:00,7667.25,7667.75,7666.50,7667.00,458
2026-09-17 05:05,7667.00,7667.00,7666.00,7666.00,469
2026-09-17 05:10,7666.00,7666.25,7664.00,7664.50,523
2026-09-17 05:15,7664.50,7664.75,7663.50,7663.75,772
2026-09-17 05:20,7663.75,7663.75,7662.50,7663.50,663
2026-09-17 05:25,7663.25,7665.25,7663.25,7663.50,494
2026-09-17 05:30,7663.50,7664.00,7661.25,7662.75,1153
2026-09-17 05:35,7662.75,7662.75,7660.00,7661.25,1015
2026-09-17 05:40,7661.25,7661.50,7659.00,7659.00,851
2026-09-17 05:45,7659.00,7660.00,7658.75,7659.25,739
2026-09-17 05:50,7659.25,7660.25,7657.75,7658.25,728
2026-09-17 05:55,7658.25,7658.25,7656.25,7657.25,686
2026-09-17 06:00,7657.00,7663.25,7656.75,7662.25,1462
2026-09-17 06:05,7662.00,7664.50,7660.25,7661.50,1605
2026-09-17 06:10,7661.50,7662.25,7659.75,7661.50,1136
2026-09-17 06:15,7661.75,7662.00,7658.50,7661.50,1921
2026-09-17 06:20,7661.50,7665.50,7660.75,7665.50,1106
2026-09-17 06:25,7665.75,7671.50,7665.25,7671.25,2379
2026-09-17 06:30,7671.25,7674.00,7671.00,7672.25,2523
2026-09-17 06:35,7672.25,7675.00,7671.75,7672.00,1331
2026-09-17 06:40,7672.25,7676.75,7672.25,7676.25,1401
2026-09-17 06:45,7676.00,7677.50,7675.00,7676.00,1578
2026-09-17 06:50,7676.00,7677.00,7675.50,7676.25,1353
2026-09-17 06:55,7676.25,7676.25,7674.25,7675.25,1460
2026-09-17 07:00,7675.25,7679.00,7673.50,7678.50,3194
2026-09-17 07:05,7678.25,7683.25,7678.25,7682.50,3248
2026-09-17 07:10,7682.75,7684.00,7679.50,7680.25,2369
2026-09-17 07:15,7680.50,7683.75,7679.50,7680.75,1887
2026-09-17 07:20,7680.50,7683.00,7678.75,7682.25,2025
2026-09-17 07:25,7682.25,7687.00,7682.00,7686.75,3807
2026-09-17 07:30,7686.50,7689.25,7685.75,7686.50,3587
2026-09-17 07:35,7686.50,7686.75,7685.00,7686.50,1920
2026-09-17 07:40,7686.25,7686.75,7684.75,7685.75,1559
2026-09-17 07:45,7685.75,7686.25,7683.00,7683.00,1994
2026-09-17 07:50,7683.00,7683.50,7680.50,7680.75,2460
2026-09-17 07:55,7680.75,7680.75,7679.00,7680.25,1592
2026-09-17 08:00,7680.00,7681.75,7678.25,7680.75,2725
2026-09-17 08:05,7680.50,7681.00,7679.00,7679.50,1831
2026-09-17 08:10,7679.25,7680.25,7673.50,7674.50,2271
2026-09-17 08:15,7674.25,7675.25,7671.25,7672.75,1686
2026-09-17 08:20,7672.75,7675.25,7672.25,7675.25,1301
2026-09-17 08:25,7675.25,7678.25,7675.00,7677.75,1735
2026-09-17 08:30,7677.75,7679.75,7676.25,7679.75,1707
2026-09-17 08:35,7679.75,7680.50,7678.50,7680.25,1115
2026-09-17 08:40,7680.50,7680.75,7678.00,7679.00,788
2026-09-17 08:45,7679.00,7680.75,7678.75,7680.25,898
2026-09-17 08:50,7680.50,7684.00,7680.25,7683.50,1276
2026-09-17 08:55,7683.50,7684.50,7682.50,7683.25,1313
2026-09-17 09:00,7683.25,7686.50,7683.00,7685.00,1171
2026-09-17 09:05,7685.25,7687.00,7684.75,7686.25,1000
2026-09-17 09:10,7686.50,7689.25,7686.50,7686.75,1667
2026-09-17 09:15,7686.75,7687.75,7684.50,7684.50,1144
2026-09-17 09:20,7684.50,7686.00,7684.25,7685.25,1278
2026-09-17 09:25,7685.25,7685.25,7683.50,7683.75,1349
2026-09-17 09:30,7683.50,7686.75,7683.50,7686.25,832
2026-09-17 09:35,7686.25,7687.00,7685.00,7685.25,1656
2026-09-17 09:40,7685.00,7686.50,7685.00,7685.75,1180
2026-09-17 09:45,7685.50,7685.75,7681.25,7682.00,1061
2026-09-17 09:50,7682.25,7684.00,7682.25,7683.75,912
2026-09-17 09:55,7683.75,7685.00,7682.25,7682.75,1009
2026-09-17 10:00,7682.50,7684.75,7682.50,7684.25,763
2026-09-17 10:05,7684.25,7687.00,7684.00,7685.75,1636
2026-09-17 10:10,7685.75,7686.75,7685.25,7685.25,708
2026-09-17 10:15,7685.25,7686.00,7683.50,7683.50,1092
2026-09-17 10:20,7683.50,7688.50,7683.50,7688.50,1421
2026-09-17 10:25,7688.50,7689.50,7687.25,7687.50,1431
2026-09-17 10:30,7687.75,7689.50,7685.75,7685.75,2279
2026-09-17 10:35,7686.00,7688.25,7685.50,7687.25,1662
2026-09-17 10:40,7687.25,7687.75,7684.25,7684.75,964
2026-09-17 10:45,7684.75,7685.50,7684.25,7685.00,682
2026-09-17 10:50,7685.00,7687.00,7685.00,7686.25,739
2026-09-17 10:55,7686.50,7688.75,7686.00,7687.50,958
2026-09-17 11:00,7687.75,7690.75,7687.50,7688.00,4332
2026-09-17 11:05,7688.25,7688.75,7687.00,7687.00,2742
2026-09-17 11:10,7687.00,7688.50,7685.75,7688.00,2663
2026-09-17 11:15,7688.25,7688.75,7684.75,7686.00,1676
2026-09-17 11:20,7686.25,7688.25,7685.75,7686.00,2070
2026-09-17 11:25,7686.00,7687.25,7685.00,7686.25,1529
2026-09-17 11:30,7686.00,7687.50,7685.25,7685.25,1592
2026-09-17 11:35,7685.50,7687.25,7684.50,7686.50,1317
2026-09-17 11:40,7686.25,7686.25,7683.00,7683.00,1382
2026-09-17 11:45,7683.00,7685.00,7682.50,7683.50,1403
2026-09-17 11:50,7683.75,7688.00,7682.25,7687.00,2499
2026-09-17 11:55,7687.00,7695.50,7685.50,7695.25,9940
2026-09-17 12:00,7695.00,7695.75,7690.00,7694.50,8048
2026-09-17 12:05,7694.75,7701.75,7693.50,7701.50,8872
2026-09-17 12:10,7701.50,7703.50,7700.75,7701.75,5366
2026-09-17 12:15,7702.00,7708.25,7701.25,7708.00,7883
2026-09-17 12:20,7708.25,7712.00,7708.00,7710.75,7702
2026-09-17 12:25,7710.75,7716.75,7710.00,7716.50,7040
2026-09-17 12:30,7716.25,7722.25,7713.00,7721.25,8943
2026-09-17 12:35,7721.50,7722.25,7717.50,7720.75,8868
2026-09-17 12:40,7720.50,7721.50,7717.50,7717.75,5291
2026-09-17 12:45,7717.75,7718.00,7715.25,7716.25,6632
2026-09-17 12:50,7716.50,7720.00,7716.25,7718.00,3700
2026-09-17 12:55,7718.00,7719.25,7716.25,7717.50,3416
2026-09-17 13:00,7717.75,7722.00,7716.50,7718.50,5565
2026-09-17 13:05,7718.75,7719.50,7716.50,7716.50,3837
2026-09-17 13:10,7716.50,7717.50,7714.75,7716.00,4483
2026-09-17 13:15,7716.00,7718.50,7715.50,7715.75,5257
2026-09-17 13:20,7716.00,7717.00,7713.50,7713.75,3025
2026-09-17 13:25,7713.75,7717.00,7712.50,7713.25,7188
2026-09-17 13:30,7713.50,7716.25,7695.50,7695.50,39243
2026-09-17 13:35,7695.75,7697.75,7691.75,7693.00,26449
2026-09-17 13:40,7693.00,7694.25,7688.25,7690.50,25537
2026-09-17 13:45,7690.75,7696.00,7688.25,7694.75,27064
2026-09-17 13:50,7695.00,7697.25,7691.25,7691.25,22602
2026-09-17 13:55,7691.00,7693.75,7688.50,7693.75,19180
2026-09-17 14:00,7693.50,7693.75,7683.75,7686.75,21785
2026-09-17 14:05,7687.00,7687.25,7680.50,7683.00,17930
2026-09-17 14:10,7683.00,7692.75,7681.75,7692.25,18928
2026-09-17 14:15,7692.25,7695.75,7691.00,7695.75,18942
2026-09-17 14:20,7695.50,7701.50,7693.25,7700.75,17553
2026-09-17 14:25,7700.75,7703.75,7697.00,7697.75,18204
2026-09-17 14:30,7697.50,7701.25,7696.25,7700.75,12612
2026-09-17 14:35,7700.75,7701.50,7697.25,7697.75,11296
2026-09-17 14:40,7697.75,7703.25,7697.25,7699.50,14710
2026-09-17 14:45,7699.50,7700.25,7691.25,7693.00,17114
2026-09-17 14:50,7693.00,7693.75,7685.50,7686.50,17739
2026-09-17 14:55,7686.25,7691.50,7684.50,7688.25,16333
2026-09-17 15:00,7688.00,7690.25,7686.00,7686.25,13389
2026-09-17 15:05,7686.25,7689.25,7683.75,7688.00,11510
2026-09-17 15:10,7688.00,7692.75,7686.75,7692.00,13630
2026-09-17 15:15,7691.75,7695.50,7689.75,7694.75,10477
2026-09-17 15:20,7695.00,7695.25,7691.00,7693.25,8491
2026-09-17 15:25,7693.25,7698.00,7693.00,7696.25,11994
2026-09-17 15:30,7696.25,7698.75,7695.25,7698.00,9186
2026-09-17 15:35,7698.25,7701.25,7697.50,7701.00,9801
2026-09-17 15:40,7700.75,7706.25,7700.75,7703.50,12587
2026-09-17 15:45,7703.50,7705.50,7702.75,7704.25,9481
2026-09-17 15:50,7704.50,7705.50,7701.75,7705.00,10779
2026-09-17 15:55,7704.75,7706.50,7701.50,7706.50,9170
2026-09-17 16:00,7706.50,7707.25,7704.25,7704.50,9829
2026-09-17 16:05,7704.25,7706.25,7701.50,7705.75,9510
2026-09-17 16:10,7705.75,7706.25,7702.25,7704.00,6602
2026-09-17 16:15,7703.75,7705.00,7702.75,7704.00,5242
2026-09-17 16:20,7703.75,7706.75,7703.25,7706.00,7484
2026-09-17 16:25,7706.00,7707.50,7705.00,7706.25,7032
2026-09-17 16:30,7706.25,7707.75,7700.50,7702.00,11017
2026-09-17 16:35,7702.00,7704.25,7701.00,7703.00,7665
2026-09-17 16:40,7703.00,7707.75,7702.00,7707.50,8405
2026-09-17 16:45,7707.50,7708.00,7705.25,7705.75,7167
2026-09-17 16:50,7706.00,7706.75,7704.75,7705.00,5235
2026-09-17 16:55,7705.00,7706.00,7697.00,7706.00,28137
2026-09-17 17:00,7706.00,7708.75,7704.25,7707.75,11691
2026-09-17 17:05,7707.75,7709.25,7704.25,7705.25,6576
2026-09-17 17:10,7705.00,7705.50,7702.75,7703.50,6965
2026-09-17 17:15,7703.75,7704.50,7702.25,7703.25,5841
2026-09-17 17:20,7703.00,7703.75,7699.75,7700.25,7836
2026-09-17 17:25,7700.50,7702.50,7699.50,7702.00,6133
2026-09-17 17:30,7702.00,7704.75,7700.25,7704.75,6134
2026-09-17 17:35,7704.75,7705.25,7703.00,7703.75,5969
2026-09-17 17:40,7703.75,7706.50,7703.75,7706.00,6459
2026-09-17 17:45,7705.75,7708.00,7705.25,7706.00,6473
2026-09-17 17:50,7706.00,7706.00,7704.25,7705.00,6792
2026-09-17 17:55,7705.00,7707.75,7705.00,7707.75,6949
2026-09-17 18:00,7707.75,7709.75,7706.50,7709.25,7320
2026-09-17 18:05,7709.00,7710.00,7705.75,7706.75,8382
2026-09-17 18:10,7706.50,7709.25,7705.75,7708.75,8631
2026-09-17 18:15,7709.00,7711.25,7707.75,7710.25,8953
2026-09-17 18:20,7710.25,7710.75,7707.00,7707.25,8196
2026-09-17 18:25,7707.25,7709.75,7706.75,7708.50,8019
2026-09-17 18:30,7708.75,7710.25,7706.25,7706.50,8047
2026-09-17 18:35,7706.50,7706.75,7703.25,7703.50,8816
2026-09-17 18:40,7703.50,7705.25,7702.75,7704.75,7928
2026-09-17 18:45,7705.00,7708.00,7704.25,7706.25,7157
2026-09-17 18:50,7706.25,7706.50,7703.25,7704.25,7012
2026-09-17 18:55,7704.50,7706.00,7703.75,7705.75,6954
2026-09-17 19:00,7705.75,7710.00,7705.50,7709.75,10289
2026-09-17 19:05,7709.75,7711.75,7708.50,7709.25,9551
2026-09-17 19:10,7709.25,7710.25,7708.00,7709.00,7160
2026-09-17 19:15,7709.00,7710.50,7708.00,7710.25,5724
2026-09-17 19:20,7710.25,7710.25,7707.00,7707.25,5913
2026-09-17 19:25,7707.25,7709.00,7706.25,7706.75,6648
2026-09-17 19:30,7706.75,7710.25,7706.75,7709.00,8604
2026-09-17 19:35,7709.25,7711.50,7709.00,7710.50,9160
2026-09-17 19:40,7710.75,7712.00,7708.00,7711.75,12971
2026-09-17 19:45,7711.50,7711.75,7707.75,7708.25,11945
2026-09-17 19:50,7708.50,7715.50,7707.75,7711.25,27743
2026-09-17 19:55,7711.25,7712.75,7705.00,7707.25,78708
2026-09-17 20:00,7707.25,7708.00,7704.75,7705.00,19387
2026-09-17 20:05,7705.00,7708.50,7705.00,7708.00,5581
2026-09-17 20:10,7707.75,7708.00,7704.00,7704.50,5457
2026-09-17 20:15,7704.25,7705.25,7702.00,7702.25,3760
2026-09-17 20:20,7702.00,7703.00,7702.00,7702.25,1620
2026-09-17 20:25,7702.25,7703.00,7701.75,7702.00,1109
2026-09-17 20:30,7701.75,7702.50,7701.50,7701.75,1099
2026-09-17 20:35,7701.75,7703.00,7701.75,7702.50,1039
2026-09-17 20:40,7702.50,7703.00,7701.50,7701.75,1480
2026-09-17 20:45,7701.50,7702.00,7701.00,7701.50,1561
2026-09-17 20:50,7701.50,7703.00,7701.00,7702.75,1201
2026-09-17 20:55,7702.50,7704.00,7701.75,7702.25,1371
2026-09-17 22:00,7703.50,7704.25,7701.00,7701.25,0
2026-09-17 22:05,7701.50,7702.00,7699.50,7700.00,729
2026-09-17 22:10,7700.25,7701.50,7700.25,7701.50,322
2026-09-17 22:15,7701.25,7701.50,7699.75,7700.50,256
2026-09-17 22:20,7700.75,7701.00,7698.50,7699.00,420
2026-09-17 22:25,7699.50,7700.00,7697.75,7698.00,500
2026-09-17 22:30,7697.75,7698.50,7697.50,7697.75,372
2026-09-17 22:35,7698.00,7699.25,7697.75,7698.25,725
2026-09-17 22:40,7698.25,7698.25,7697.00,7698.00,481
2026-09-17 22:45,7698.00,7698.25,7697.25,7698.00,236
2026-09-17 22:50,7698.00,7698.25,7697.00,7697.00,281
2026-09-17 22:55,7697.25,7699.25,7697.00,7699.00,287
2026-09-17 23:00,7699.25,7700.75,7699.25,7700.50,460
2026-09-17 23:05,7700.50,7701.75,7700.50,7701.75,400
2026-09-17 23:10,7701.75,7702.00,7699.50,7700.00,454
2026-09-17 23:15,7700.00,7700.25,7699.00,7700.25,186
2026-09-17 23:20,7700.00,7701.50,7700.00,7700.75,184
2026-09-17 23:25,7700.75,7701.00,7699.25,7700.00,178
2026-09-17 23:30,7700.00,7701.00,7699.50,7700.75,315
2026-09-17 23:35,7700.75,7701.50,7700.50,7701.00,159
2026-09-17 23:40,7701.00,7702.25,7701.00,7701.25,274
2026-09-17 23:45,7701.50,7702.50,7700.75,7701.50,344
2026-09-17 23:50,7701.50,7702.00,7700.50,7701.50,450
2026-09-17 23:55,7701.50,7701.75,7700.75,7700.75,263
2026-09-18 00:00,7700.75,7701.75,7698.50,7700.00,1758
2026-09-18 00:05,7700.00,7701.00,7698.00,7700.00,824
2026-09-18 00:10,7700.25,7701.25,7698.00,7701.25,522
2026-09-18 00:15,7701.00,7702.00,7699.75,7701.50,696
2026-09-18 00:20,7701.50,7702.25,7700.25,7702.00,668
2026-09-18 00:25,7702.00,7702.75,7700.25,7701.00,739
2026-09-18 00:30,7701.00,7703.00,7701.00,7702.75,715
2026-09-18 00:35,7702.75,7702.75,7699.75,7699.75,534
2026-09-18 00:40,7699.75,7701.75,7698.75,7701.25,997
2026-09-18 00:45,7701.25,7701.50,7698.75,7699.00,504
2026-09-18 00:50,7699.00,7699.75,7698.25,7699.50,545
2026-09-18 00:55,7699.50,7699.50,7699.00,7699.50,439
2026-09-18 01:00,7699.50,7701.25,7698.00,7698.50,907
2026-09-18 01:05,7698.25,7699.75,7698.25,7698.50,498
2026-09-18 01:10,7698.50,7699.00,7697.50,7698.00,497
2026-09-18 01:15,7697.75,7697.75,7696.00,7697.50,753
2026-09-18 01:20,7697.50,7698.50,7696.75,7697.25,433
2026-09-18 01:25,7697.50,7697.50,7696.75,7697.25,311
2026-09-18 01:30,7697.50,7697.75,7696.25,7697.25,424
2026-09-18 01:35,7697.00,7698.25,7696.50,7697.50,573
2026-09-18 01:40,7697.50,7699.75,7697.50,7697.50,602
2026-09-18 01:45,7697.75,7700.75,7697.75,7700.00,578
2026-09-18 01:50,7700.25,7700.50,7698.50,7700.00,497
2026-09-18 01:55,7700.00,7701.25,7699.25,7701.00,440
2026-09-18 02:00,7701.00,7701.75,7700.75,7700.75,550
2026-09-18 02:05,7700.75,7701.50,7700.00,7700.25,311
2026-09-18 02:10,7700.25,7700.75,7699.00,7700.75,404
2026-09-18 02:15,7700.75,7701.50,7700.25,7701.50,292
2026-09-18 02:20,7701.75,7703.00,7701.25,7702.75,369
2026-09-18 02:25,7702.75,7703.25,7701.75,7703.00,354
2026-09-18 02:30,7703.00,7704.00,7702.50,7703.75,429
2026-09-18 02:35,7704.00,7704.00,7702.25,7703.00,344
2026-09-18 02:40,7703.00,7704.25,7702.75,7703.00,235
2026-09-18 02:45,7703.00,7704.00,7703.00,7703.75,359
2026-09-18 02:50,7704.00,7705.00,7702.75,7703.75,870
2026-09-18 02:55,7703.50,7704.50,7703.00,7703.75,564
2026-09-18 03:00,7703.75,7705.75,7703.50,7705.75,662
2026-09-18 03:05,7705.75,7708.00,7705.75,7707.50,1018
2026-09-18 03:10,7707.50,7709.50,7707.50,7709.25,1041
2026-09-18 03:15,7709.00,7709.00,7707.00,7708.00,599
2026-09-18 03:20,7708.00,7709.50,7708.00,7708.50,493
2026-09-18 03:25,7708.75,7709.75,7708.75,7709.00,337
2026-09-18 03:30,7709.00,7710.50,7708.50,7709.75,792
2026-09-18 03:35,7710.00,7711.00,7710.00,7710.75,447
2026-09-18 03:40,7710.75,7712.00,7710.75,7711.50,403
2026-09-18 03:45,7711.75,7714.25,7711.75,7713.75,956
2026-09-18 03:50,7713.75,7714.25,7712.75,7713.25,395
2026-09-18 03:55,7713.25,7713.50,7712.50,7713.25,287
2026-09-18 04:05,7714.75,7715.00,7714.75,7715.00,911
2026-09-18 04:10,7715.00,7715.75,7714.50,7714.75,366
2026-09-18 04:15,7714.75,7715.50,7713.75,7714.75,427
2026-09-18 04:20,7714.50,7714.75,7713.75,7714.00,399
2026-09-18 04:25,7713.75,7715.00,7712.75,7715.00,434
2026-09-18 04:30,7715.25,7717.00,7715.25,7716.00,503
2026-09-18 04:35,7716.00,7716.25,7715.25,7716.00,317
2026-09-18 04:40,7716.00,7719.25,7715.50,7718.75,739
2026-09-18 04:45,7719.00,7719.50,7718.50,7719.25,441
2026-09-18 04:50,7719.50,7721.25,7719.50,7720.25,866
2026-09-18 04:55,7720.25,7721.75,7720.00,7721.75,650
2026-09-18 05:00,7721.50,7722.50,7721.25,7722.50,475
2026-09-18 05:05,7722.25,7722.50,7721.75,7722.00,433
2026-09-18 05:10,7722.25,7723.00,7722.00,7722.75,489
2026-09-18 05:15,7723.00,7723.50,7722.50,7722.75,463
2026-09-18 05:20,7723.00,7723.50,7722.25,7723.50,505
2026-09-18 05:25,7723.75,7724.50,7722.25,7723.25,801
2026-09-18 05:30,7723.50,7725.50,7723.00,7725.00,869
2026-09-18 05:35,7725.00,7728.00,7725.00,7727.75,1162
2026-09-18 05:40,7727.75,7730.00,7727.25,7730.00,1305
2026-09-18 05:45,7729.75,7730.25,7727.00,7727.00,1304
2026-09-18 05:50,7727.00,7728.50,7726.25,7726.50,695
2026-09-18 05:55,7726.25,7727.00,7725.75,7726.75,768
2026-09-18 06:00,7726.75,7729.25,7726.75,7728.00,1743
2026-09-18 06:05,7728.00,7728.25,7726.75,7727.25,796
2026-09-18 06:10,7727.50,7728.25,7727.25,7728.00,699
2026-09-18 06:15,7728.00,7729.00,7725.75,7726.50,980
2026-09-18 06:20,7726.50,7730.25,7726.25,7729.50,922
2026-09-18 06:25,7729.50,7730.75,7728.25,7728.75,1472
2026-09-18 06:30,7728.75,7733.50,7728.75,7733.00,1643
2026-09-18 06:35,7733.00,7734.25,7732.25,7734.25,1111
2026-09-18 06:40,7734.00,7734.50,7732.50,7733.50,1011
2026-09-18 06:45,7733.50,7734.50,7732.50,7734.00,1095
2026-09-18 06:50,7734.00,7734.50,7733.25,7733.50,702
2026-09-18 06:55,7733.75,7734.75,7733.25,7733.75,900
2026-09-18 07:00,7733.75,7734.75,7732.25,7733.50,1816
2026-09-18 07:05,7733.50,7734.00,7732.25,7733.75,1201
2026-09-18 07:10,7733.75,7736.00,7733.25,7733.25,1438
2026-09-18 07:15,7733.25,7735.25,7733.00,7734.50,1185
2026-09-18 07:20,7734.50,7735.25,7733.75,7734.75,1615
2026-09-18 07:25,7735.00,7738.00,7734.75,7737.75,1913
2026-09-18 07:30,7738.00,7739.25,7735.00,7735.75,1870
2026-09-18 07:35,7736.00,7737.00,7734.50,7736.50,1631
2026-09-18 07:40,7736.50,7736.50,7733.25,7734.25,1766
2026-09-18 07:45,7734.25,7735.75,7733.75,7735.25,1291
2026-09-18 07:50,7735.50,7736.75,7734.25,7736.75,728
2026-09-18 07:55,7736.50,7736.50,7733.75,7734.50,1333
2026-09-18 08:00,7734.25,7735.50,7732.50,7732.50,2001
2026-09-18 08:05,7732.50,7733.50,7730.50,7730.50,1159
2026-09-18 08:10,7730.75,7731.50,7728.75,7729.25,1659
2026-09-18 08:15,7729.25,7730.25,7728.50,7730.25,968
2026-09-18 08:20,7730.25,7732.00,7728.50,7729.00,1203
2026-09-18 08:25,7729.25,7729.75,7725.00,7725.25,1609
2026-09-18 08:30,7725.50,7727.75,7724.50,7727.50,1435
2026-09-18 08:35,7727.50,7728.25,7726.25,7727.50,961
2026-09-18 08:40,7727.25,7729.25,7726.75,7729.00,1208
2026-09-18 08:45,7728.75,7730.25,7728.25,7728.50,990
2026-09-18 08:50,7728.75,7729.50,7727.50,7727.50,1115
2026-09-18 08:55,7727.50,7729.00,7727.00,7727.50,617
2026-09-18 09:00,7727.50,7727.50,7725.50,7726.50,1220
2026-09-18 09:05,7726.50,7728.50,7726.25,7726.75,892
2026-09-18 09:10,7726.75,7728.25,7726.25,7726.75,559
2026-09-18 09:15,7726.75,7728.50,7726.50,7728.25,548
2026-09-18 09:20,7728.50,7728.50,7727.00,7727.00,563
2026-09-18 09:25,7727.00,7727.25,7723.50,7723.75,1338
2026-09-18 09:30,7723.75,7723.75,7721.50,7721.75,1287
2026-09-18 09:35,7721.75,7723.00,7718.75,7718.75,1294
2026-09-18 09:40,7718.75,7720.00,7717.25,7717.25,1508
2026-09-18 09:45,7717.50,7719.00,7716.75,7718.25,1205
2026-09-18 09:50,7718.00,7719.75,7717.50,7719.00,1233
2026-09-18 09:55,7719.00,7719.25,7716.75,7717.00,1314
2026-09-18 10:00,7716.75,7718.25,7716.00,7717.00,1366
2026-09-18 10:05,7716.75,7718.50,7716.50,7717.50,989
2026-09-18 10:10,7717.75,7718.50,7716.75,7718.50,933
2026-09-18 10:15,7718.25,7719.75,7718.00,7719.00,1077
2026-09-18 10:20,7719.00,7720.25,7718.75,7719.00,749
2026-09-18 10:25,7719.00,7719.25,7717.25,7719.25,4193
2026-09-18 10:30,7719.25,7723.00,7719.00,7722.75,2420
2026-09-18 10:35,7723.00,7725.25,7722.75,7724.50,1737
2026-09-18 10:40,7724.75,7725.25,7724.25,7724.75,1052
2026-09-18 10:45,7724.75,7725.00,7721.75,7722.50,996
2026-09-18 10:50,7722.75,7722.75,7720.25,7720.75,1043
2026-09-18 10:55,7720.75,7721.75,7719.75,7720.25,1281
2026-09-18 11:00,7720.25,7724.00,7717.25,7724.00,3155
2026-09-18 11:05,7724.00,7724.00,7713.75,7717.75,7506
2026-09-18 11:10,7718.00,7719.25,7714.75,7717.50,1647
2026-09-18 11:15,7717.25,7717.25,7711.75,7713.25,2109
2026-09-18 11:20,7713.25,7714.75,7711.50,7713.25,1856
2026-09-18 11:25,7713.25,7714.00,7712.25,7713.00,1458
2026-09-18 11:30,7712.75,7716.50,7712.75,7715.00,2281
2026-09-18 11:35,7715.00,7717.75,7714.50,7716.25,1404
2026-09-18 11:40,7716.25,7716.50,7712.25,7713.00,1616
2026-09-18 11:45,7713.00,7714.25,7712.00,7713.75,1172
2026-09-18 11:50,7713.50,7714.00,7712.25,7713.50,1070
2026-09-18 11:55,7713.75,7714.00,7710.25,7712.00,1840
2026-09-18 12:00,7712.25,7714.50,7708.25,7712.50,4065
2026-09-18 12:05,7712.50,7715.00,7705.50,7705.50,7037
2026-09-18 12:10,7705.75,7705.75,7702.00,7703.00,3459
2026-09-18 12:15,7703.25,7705.50,7701.00,7701.00,3670
2026-09-18 12:20,7701.00,7702.50,7697.75,7697.75,4777
2026-09-18 12:25,7698.00,7700.50,7697.75,7699.00,2185
2026-09-18 12:30,7699.00,7703.00,7698.00,7702.25,2846
2026-09-18 12:35,7702.00,7703.25,7699.50,7702.00,3043
2026-09-18 12:40,7702.00,7703.75,7700.75,7702.50,2585
2026-09-18 12:45,7702.25,7703.50,7701.00,7701.00,2475
2026-09-18 12:50,7701.00,7702.25,7700.50,7701.50,1839
2026-09-18 12:55,7701.75,7702.00,7699.25,7700.75,2391
2026-09-18 13:00,7700.75,7702.25,7699.25,7700.25,3974
2026-09-18 13:05,7700.25,7702.50,7700.00,7701.75,3994
2026-09-18 13:10,7701.75,7703.00,7701.00,7701.50,2764
2026-09-18 13:15,7701.50,7703.25,7701.00,7702.75,3773
2026-09-18 13:20,7702.50,7702.75,7698.00,7698.25,3517
2026-09-18 13:25,7698.00,7710.00,7692.25,7709.75,29453
2026-09-18 13:30,7710.00,7714.50,7706.25,7706.75,39532
2026-09-18 13:35,7706.75,7708.00,7701.75,7705.00,22178
2026-09-18 13:40,7705.25,7710.25,7703.50,7705.00,17812
2026-09-18 13:45,7705.00,7707.50,7700.50,7701.00,15520
2026-09-18 13:50,7700.75,7701.25,7694.75,7695.00,19599
2026-09-18 13:55,7695.00,7697.00,7691.25,7693.00,17596
2026-09-18 14:00,7693.00,7695.25,7685.00,7686.25,25446
2026-09-18 14:05,7686.25,7690.50,7684.00,7690.25,21800
2026-09-18 14:10,7690.00,7695.00,7687.50,7688.00,23202
2026-09-18 14:15,7687.75,7689.50,7683.25,7689.25,17404
2026-09-18 14:20,7689.25,7691.75,7686.50,7687.00,15445
2026-09-18 14:25,7687.25,7692.00,7686.25,7689.00,10419
2026-09-18 14:30,7688.75,7690.00,7686.25,7687.50,13290
2026-09-18 14:35,7687.50,7693.50,7685.25,7690.50,17919
2026-09-18 14:40,7690.50,7690.75,7684.00,7685.50,13242
2026-09-18 14:45,7685.75,7690.75,7684.00,7690.00,13331
2026-09-18 14:50,7690.00,7695.25,7688.75,7693.75,15621
2026-09-18 14:55,7694.00,7695.25,7691.75,7695.00,10313
2026-09-18 15:00,7695.00,7695.50,7689.50,7692.50,12219
2026-09-18 15:05,7692.25,7696.00,7691.50,7693.00,10479
2026-09-18 15:10,7692.75,7695.00,7690.50,7691.25,9180
2026-09-18 15:15,7691.25,7693.50,7690.00,7693.25,8161
2026-09-18 15:20,7693.25,7694.50,7692.00,7693.75,7625
2026-09-18 15:25,7693.75,7696.25,7693.50,7695.50,8675
2026-09-18 15:30,7695.50,7697.00,7690.50,7693.75,17012
2026-09-18 15:35,7693.50,7694.75,7687.75,7688.50,11173
2026-09-18 15:40,7688.25,7689.50,7686.50,7688.25,12580
2026-09-18 15:45,7688.50,7689.50,7686.25,7687.00,8211
2026-09-18 15:50,7687.00,7689.00,7684.25,7684.75,6700
2026-09-18 15:55,7685.00,7687.50,7683.75,7685.50,8316
2026-09-18 16:00,7685.25,7685.50,7682.00,7683.50,8461
2026-09-18 16:05,7683.50,7687.75,7683.25,7687.00,7919
2026-09-18 16:10,7687.00,7687.50,7685.00,7685.75,6934
2026-09-18 16:15,7685.75,7687.25,7684.25,7686.50,6384
2026-09-18 16:20,7686.50,7686.50,7677.25,7677.75,11704
2026-09-18 16:25,7677.75,7684.75,7675.00,7683.25,24915
2026-09-18 16:30,7683.25,7689.00,7681.25,7687.00,16026
2026-09-18 16:35,7687.00,7688.50,7684.00,7685.50,8056
2026-09-18 16:40,7685.50,7688.75,7684.00,7686.75,6372
2026-09-18 16:45,7686.75,7687.75,7683.50,7687.50,7257
2026-09-18 16:50,7687.50,7691.50,7687.50,7690.25,8619
2026-09-18 16:55,7690.50,7691.50,7689.00,7689.75,7587
2026-09-18 17:00,7690.00,7690.75,7687.50,7689.75,5957
2026-09-18 17:05,7689.50,7691.50,7688.50,7689.25,4919
2026-09-18 17:10,7689.25,7689.50,7686.25,7689.25,6134
2026-09-18 17:15,7689.25,7691.00,7688.50,7689.50,5830
2026-09-18 17:20,7689.75,7691.25,7688.50,7691.25,3387
2026-09-18 17:25,7691.25,7692.00,7689.75,7690.00,3660
2026-09-18 17:30,7690.25,7690.75,7688.25,7690.25,5145
2026-09-18 17:35,7690.25,7693.50,7690.25,7693.00,5235
2026-09-18 17:40,7693.00,7694.00,7691.50,7694.00,5110
2026-09-18 17:45,7694.00,7694.50,7692.25,7692.75,5879
2026-09-18 17:50,7692.50,7695.00,7692.50,7694.25,4188
2026-09-18 17:55,7694.00,7695.00,7693.50,7694.50,4385
2026-09-18 18:00,7694.75,7696.00,7693.00,7695.25,6283
2026-09-18 18:05,7695.50,7695.75,7693.75,7694.25,4334
2026-09-18 18:10,7694.50,7695.50,7693.00,7694.50,5468
2026-09-18 18:15,7694.50,7697.75,7694.50,7697.75,5310
2026-09-18 18:20,7697.75,7703.25,7697.50,7700.25,15821
2026-09-18 18:25,7700.00,7701.75,7698.75,7701.75,6713
2026-09-18 18:30,7701.75,7702.25,7699.50,7702.25,6061
2026-09-18 18:35,7702.00,7702.50,7699.00,7700.50,7083
2026-09-18 18:40,7700.50,7702.75,7699.75,7702.50,4519
2026-09-18 18:45,7702.25,7712.25,7702.25,7709.75,23939
2026-09-18 18:50,7709.75,7715.75,7709.00,7712.25,15786
2026-09-18 18:55,7712.25,7712.25,7708.75,7710.00,8722
2026-09-18 19:00,7709.75,7711.75,7708.00,7710.50,7864
2026-09-18 19:05,7710.50,7712.00,7708.00,7709.25,7076
2026-09-18 19:10,7709.50,7711.25,7707.75,7709.00,8030
2026-09-18 19:15,7709.00,7709.75,7707.50,7709.25,5970
2026-09-18 19:20,7709.25,7710.50,7707.50,7708.50,6595
2026-09-18 19:25,7708.25,7709.00,7705.75,7706.25,6650
2026-09-18 19:30,7706.25,7706.50,7704.25,7704.75,9327
2026-09-18 19:35,7704.75,7710.00,7704.25,7709.50,10751
2026-09-18 19:40,7709.50,7712.25,7708.25,7712.00,9111
2026-09-18 19:45,7712.25,7715.00,7711.00,7715.00,13273
2026-09-18 19:50,7714.75,7716.75,7710.25,7712.75,25350
2026-09-18 19:55,7712.75,7718.25,7710.25,7712.50,118507
2026-09-18 20:00,7712.50,7723.50,7711.50,7722.25,36030
2026-09-18 20:05,7722.25,7724.00,7721.75,7722.50,7487
2026-09-18 20:10,7722.75,7729.25,7722.50,7725.50,10723
2026-09-18 20:15,7725.50,7726.25,7723.75,7723.75,3644
2026-09-18 20:20,7724.00,7725.50,7724.00,7725.00,2470
2026-09-18 20:25,7724.75,7726.00,7724.75,7726.00,2190
2026-09-18 20:30,7726.25,7726.75,7724.75,7725.50,2406
2026-09-18 20:35,7725.50,7726.00,7724.50,7725.75,1946
2026-09-18 20:40,7725.75,7727.50,7725.50,7727.25,2531
2026-09-18 20:45,7727.00,7728.75,7726.00,7726.75,2728
2026-09-18 20:50,7726.75,7728.00,7724.75,7725.00,1867
2026-09-18 20:55,7725.00,7725.75,7712.50,7712.50,1775
2026-09-20 22:10,7721.75,7726.50,7721.25,7725.75,1430
2026-09-20 22:15,7725.50,7727.75,7724.25,7726.00,1148
2026-09-20 22:20,7725.75,7727.00,7725.25,7725.50,523
2026-09-20 22:25,7725.50,7728.00,7725.50,7727.75,711
2026-09-20 22:30,7727.75,7730.75,7727.25,7730.75,1094
2026-09-20 22:35,7730.75,7733.75,7730.75,7731.25,1054
2026-09-20 22:40,7731.00,7733.00,7729.75,7730.25,723
2026-09-20 22:45,7730.25,7732.25,7729.25,7730.25,523
2026-09-20 22:50,7730.25,7731.50,7730.00,7730.75,397
2026-09-20 22:55,7731.00,7734.50,7731.00,7733.75,640
2026-09-20 23:00,7733.75,7734.00,7731.75,7732.00,400
2026-09-20 23:05,7732.00,7732.50,7731.50,7732.25,252
2026-09-20 23:10,7732.00,7732.75,7731.50,7732.00,136
2026-09-20 23:15,7732.25,7732.50,7731.25,7732.00,244
2026-09-20 23:20,7732.25,7732.50,7731.25,7732.50,240
2026-09-20 23:25,7732.50,7733.50,7732.00,7733.00,428
2026-09-20 23:30,7733.25,7734.00,7732.75,7733.25,326
2026-09-20 23:35,7733.25,7735.25,7733.25,7734.25,542
2026-09-20 23:40,7734.00,7734.75,7733.75,7734.25,175
2026-09-20 23:45,7734.00,7734.50,7733.00,7733.50,571
2026-09-20 23:50,7733.50,7733.75,7732.50,7733.00,256
2026-09-20 23:55,7733.50,7735.00,7733.25,7734.50,280
2026-09-21 00:00,7734.50,7736.25,7733.25,7735.75,1345
2026-09-21 00:05,7736.00,7737.75,7735.00,7735.75,1075
2026-09-21 00:10,7735.75,7736.00,7733.50,7734.50,581
2026-09-21 00:15,7734.25,7734.75,7730.75,7731.50,1594
2026-09-21 00:20,7731.25,7736.75,7731.00,7736.25,1347
2026-09-21 00:25,7736.00,7737.75,7735.50,7736.50,987
2026-09-21 00:30,7736.50,7740.25,7736.50,7739.75,1149
2026-09-21 00:35,7739.75,7740.75,7738.75,7740.75,1060
2026-09-21 00:40,7740.50,7741.25,7738.00,7738.50,963
2026-09-21 00:45,7738.50,7739.00,7737.75,7738.25,803
2026-09-21 00:50,7738.25,7740.00,7738.00,7738.75,528
2026-09-21 00:55,7738.75,7740.25,7737.75,7739.50,769
2026-09-21 01:00,7739.50,7742.50,7739.50,7741.50,1390
2026-09-21 01:05,7741.25,7743.75,7741.00,7743.25,1331
2026-09-21 01:10,7743.25,7743.50,7741.00,7742.50,2489
2026-09-21 01:15,7742.25,7743.25,7741.50,7742.25,811
2026-09-21 01:20,7742.00,7742.50,7741.00,7742.00,586
2026-09-21 01:25,7742.00,7743.50,7740.75,7741.00,632
2026-09-21 01:30,7741.00,7742.75,7740.75,7742.50,615
2026-09-21 01:35,7742.50,7742.50,7741.00,7742.00,515
2026-09-21 01:40,7742.25,7743.25,7741.75,7742.25,484
2026-09-21 01:45,7742.25,7742.25,7739.50,7740.25,950
2026-09-21 01:50,7740.25,7741.50,7739.00,7740.50,934
2026-09-21 01:55,7740.50,7740.75,7738.25,7738.75,712
2026-09-21 02:00,7738.50,7741.50,7737.75,7740.75,861
2026-09-21 02:05,7740.75,7741.00,7738.75,7740.25,734
2026-09-21 02:10,7740.25,7740.50,7739.25,7739.75,505
2026-09-21 02:15,7739.75,7740.00,7738.25,7739.00,689
2026-09-21 02:20,7738.75,7740.25,7738.25,7739.75,624
2026-09-21 02:25,7739.75,7740.75,7739.25,7739.75,539
2026-09-21 02:30,7739.50,7739.50,7737.50,7738.75,613
2026-09-21 02:35,7738.50,7740.00,7738.50,7739.50,510
2026-09-21 02:40,7739.25,7740.75,7739.25,7740.00,477
2026-09-21 02:45,7740.00,7742.50,7740.00,7742.50,752
2026-09-21 02:50,7742.50,7742.75,7740.75,7741.25,532
2026-09-21 02:55,7741.25,7741.50,7739.75,7740.25,604
2026-09-21 03:00,7740.25,7743.50,7740.25,7743.25,525
2026-09-21 03:05,7743.25,7743.50,7742.50,7742.75,396
2026-09-21 03:10,7743.00,7743.75,7742.50,7743.50,331
2026-09-21 03:15,7743.50,7745.50,7743.25,7745.00,578
2026-09-21 03:20,7745.00,7745.25,7744.50,7745.00,341
2026-09-21 03:25,7744.75,7746.00,7744.00,7744.25,491
2026-09-21 03:30,7744.25,7744.50,7743.00,7744.25,452
2026-09-21 03:35,7744.50,7744.75,7743.50,7744.25,370
2026-09-21 03:40,7744.00,7744.75,7743.75,7744.50,174
2026-09-21 03:45,7744.50,7746.25,7744.50,7744.75,441
2026-09-21 03:50,7744.75,7745.50,7744.50,7745.25,285
2026-09-21 03:55,7745.00,7745.00,7744.25,7744.50,198
2026-09-21 04:00,7744.00,7746.00,7744.00,7744.00,463
2026-09-21 04:05,7744.00,7744.50,7742.50,7743.75,595
2026-09-21 04:10,7744.00,7744.25,7742.50,7744.25,340
2026-09-21 04:15,7744.00,7746.25,7744.00,7746.00,366
2026-09-21 04:20,7746.00,7746.50,7744.75,7745.25,353
2026-09-21 04:25,7745.25,7746.25,7745.25,7745.75,231
2026-09-21 04:30,7745.50,7745.50,7743.75,7744.75,262
2026-09-21 04:35,7744.75,7745.00,7744.25,7745.00,250
2026-09-21 04:40,7744.75,7746.00,7744.75,7744.75,240
2026-09-21 04:45,7745.00,7746.00,7745.00,7745.25,189
2026-09-21 04:50,7745.50,7745.50,7744.75,7745.00,200
2026-09-21 04:55,7745.00,7745.50,7744.50,7744.75,260
2026-09-21 05:00,7745.00,7745.25,7744.50,7744.50,324
2026-09-21 05:05,7744.25,7744.75,7743.50,7744.00,303
2026-09-21 05:10,7744.00,7744.25,7743.75,7743.75,272
2026-09-21 05:15,7743.75,7744.50,7743.25,7743.75,446
2026-09-21 05:20,7744.00,7744.75,7743.50,7744.75,343
2026-09-21 05:25,7744.75,7744.75,7743.50,7744.50,276
2026-09-21 05:30,7744.25,7746.00,7744.00,7745.50,709
2026-09-21 05:35,7745.50,7747.75,7745.00,7746.50,834
2026-09-21 05:40,7746.75,7748.50,7745.75,7746.00,717
2026-09-21 05:45,7745.75,7746.00,7744.00,7744.00,549
2026-09-21 05:50,7744.25,7745.75,7743.75,7745.25,365
2026-09-21 05:55,7745.00,7746.00,7745.00,7745.50,301
2026-09-21 06:00,7745.50,7748.00,7745.50,7748.00,836
2026-09-21 06:05,7747.75,7748.00,7746.50,7748.00,590
2026-09-21 06:10,7747.75,7749.25,7746.25,7747.00,1666
2026-09-21 06:15,7746.75,7748.25,7746.75,7747.00,1179
2026-09-21 06:20,7747.25,7747.25,7745.50,7746.25,1000
2026-09-21 06:25,7746.25,7747.50,7745.50,7747.50,1080
2026-09-21 06:30,7747.25,7749.75,7747.25,7749.75,677
2026-09-21 06:35,7749.75,7749.75,7748.50,7749.00,717
2026-09-21 06:40,7749.00,7749.75,7748.75,7749.00,564
2026-09-21 06:45,7749.25,7750.75,7749.25,7750.50,783
2026-09-21 06:50,7750.50,7751.00,7748.50,7749.50,860
2026-09-21 06:55,7749.25,7752.25,7749.25,7752.00,786
2026-09-21 07:00,7752.00,7757.25,7751.50,7757.00,6054
2026-09-21 07:05,7757.00,7757.00,7754.50,7756.00,2134
2026-09-21 07:10,7756.25,7756.25,7752.00,7755.25,2114
2026-09-21 07:15,7755.25,7757.00,7754.50,7756.00,1163
2026-09-21 07:20,7756.00,7756.00,7753.00,7754.25,1260
2026-09-21 07:25,7754.25,7755.75,7752.75,7755.75,1199
2026-09-21 07:30,7755.75,7756.75,7754.75,7755.75,1721
2026-09-21 07:35,7756.00,7757.00,7755.00,7756.00,1365
2026-09-21 07:40,7756.00,7756.25,7753.00,7754.25,1538
2026-09-21 07:45,7754.25,7755.25,7752.50,7754.50,1091
2026-09-21 07:50,7754.50,7757.75,7754.25,7757.75,1412
2026-09-21 07:55,7757.75,7759.00,7757.25,7757.25,1446
2026-09-21 08:00,7757.25,7761.50,7757.00,7760.25,4640
2026-09-21 08:05,7760.25,7760.75,7758.25,7760.50,2237
2026-09-21 08:10,7760.50,7761.25,7759.50,7760.25,1692
2026-09-21 08:15,7760.50,7760.75,7759.50,7759.50,865
2026-09-21 08:20,7759.50,7761.25,7759.00,7760.25,1307
2026-09-21 08:25,7760.25,7760.75,7759.25,7760.00,1000
2026-09-21 08:30,7759.75,7763.25,7759.50,7762.50,1882
2026-09-21 08:35,7762.50,7763.50,7761.50,7762.00,1344
2026-09-21 08:40,7762.00,7764.00,7761.50,7763.50,1695
2026-09-21 08:45,7763.25,7764.25,7762.00,7763.25,2782
2026-09-21 08:50,7763.00,7763.00,7760.75,7760.75,1657
2026-09-21 08:55,7760.75,7761.75,7760.50,7761.00,1164
2026-09-21 09:00,7761.25,7761.25,7759.25,7759.75,1271
2026-09-21 09:05,7759.50,7762.25,7759.25,7760.75,928
2026-09-21 09:10,7761.00,7761.25,7760.00,7760.75,880
2026-09-21 09:15,7761.00,7761.75,7760.00,7760.25,794
2026-09-21 09:20,7760.50,7762.50,7760.00,7761.25,889
2026-09-21 09:25,7761.00,7763.25,7760.75,7761.00,1115
2026-09-21 09:30,7760.75,7761.50,7760.50,7761.50,843
2026-09-21 09:35,7761.50,7762.25,7761.00,7762.00,930
2026-09-21 09:40,7762.00,7762.75,7761.50,7762.25,545
2026-09-21 09:45,7762.25,7762.75,7761.75,7762.25,726
2026-09-21 09:50,7762.25,7764.50,7762.25,7764.25,1353
2026-09-21 09:55,7764.00,7764.25,7762.25,7762.50,668
2026-09-21 10:00,7762.25,7764.50,7762.25,7764.50,818
2026-09-21 10:05,7764.25,7765.50,7764.00,7764.75,1103
2026-09-21 10:10,7765.00,7765.50,7764.50,7765.50,594
2026-09-21 10:15,7765.75,7766.75,7765.25,7765.50,1220
2026-09-21 10:20,7765.50,7766.00,7764.75,7765.25,653
2026-09-21 10:25,7765.25,7767.00,7765.00,7766.25,662
2026-09-21 10:30,7766.25,7769.00,7765.25,7768.25,2278
2026-09-21 10:35,7768.25,7768.50,7765.75,7767.50,1716
2026-09-21 10:40,7767.25,7767.50,7766.50,7767.25,596
2026-09-21 10:45,7767.25,7768.75,7766.25,7766.75,751
2026-09-21 10:50,7766.75,7768.00,7766.25,7768.00,993
2026-09-21 10:55,7767.75,7768.00,7765.75,7766.00,1452
2026-09-21 11:00,7765.75,7767.00,7765.00,7765.00,1518
2026-09-21 11:05,7765.25,7765.25,7763.25,7764.00,1027
2026-09-21 11:10,7763.75,7764.75,7763.25,7764.50,645
2026-09-21 11:15,7764.25,7766.00,7763.50,7765.75,689
2026-09-21 11:20,7765.75,7765.75,7763.00,7763.50,1272
2026-09-21 11:25,7763.50,7764.50,7763.25,7764.25,870
2026-09-21 11:30,7764.00,7766.75,7763.75,7766.25,1327
2026-09-21 11:35,7766.25,7767.75,7764.50,7766.50,1854
2026-09-21 11:40,7766.50,7768.25,7766.25,7768.25,1110
2026-09-21 11:45,7768.00,7768.50,7767.00,7768.00,1059
2026-09-21 11:50,7768.25,7769.75,7767.25,7769.25,1639
2026-09-21 11:55,7769.00,7771.25,7767.50,7767.50,2207
2026-09-21 12:00,7767.75,7769.50,7764.00,7769.50,4301
2026-09-21 12:05,7769.50,7770.50,7768.25,7768.75,2369
2026-09-21 12:10,7768.75,7769.00,7765.25,7765.25,1795
2026-09-21 12:15,7765.25,7766.50,7765.00,7765.50,1511
2026-09-21 12:20,7765.75,7767.00,7763.25,7764.00,1716
2026-09-21 12:25,7764.00,7765.00,7763.25,7763.50,851
2026-09-21 12:30,7763.50,7765.00,7763.25,7763.75,1442
2026-09-21 12:35,7764.00,7764.50,7763.00,7764.00,1716
2026-09-21 12:40,7764.00,7768.00,7763.75,7767.75,3835
2026-09-21 12:45,7767.75,7767.75,7763.00,7763.75,2018
2026-09-21 12:50,7763.75,7764.00,7762.50,7763.00,1265
2026-09-21 12:55,7762.75,7762.75,7761.25,7761.50,1785
2026-09-21 13:00,7761.50,7763.50,7760.75,7763.25,2515
2026-09-21 13:05,7763.25,7764.25,7762.00,7764.00,2025
2026-09-21 13:10,7764.25,7764.50,7761.75,7762.50,1979
2026-09-21 13:15,7762.50,7763.75,7761.50,7763.25,2036
2026-09-21 13:20,7763.50,7763.50,7759.75,7759.75,2465
2026-09-21 13:25,7760.00,7763.25,7758.75,7760.25,8808
2026-09-21 13:30,7760.50,7764.50,7758.25,7761.75,28084
2026-09-21 13:35,7762.00,7765.00,7761.25,7764.50,15873
2026-09-21 13:40,7764.25,7766.25,7762.25,7766.00,14029
2026-09-21 13:45,7766.25,7769.25,7765.75,7767.75,16244
2026-09-21 13:50,7767.75,7773.25,7767.25,7773.00,14819
2026-09-21 13:55,7772.75,7775.00,7770.50,7774.75,13542
2026-09-21 14:00,7774.75,7776.00,7772.00,7772.25,14592
2026-09-21 14:05,7772.50,7772.75,7767.75,7771.50,15023
2026-09-21 14:10,7771.25,7777.00,7771.25,7775.50,17430
2026-09-21 14:15,7775.50,7782.75,7775.25,7782.00,16053
2026-09-21 14:20,7781.75,7789.50,7780.25,7788.50,22432
2026-09-21 14:25,7788.50,7791.00,7787.25,7788.00,16713
2026-09-21 14:30,7788.25,7791.50,7786.50,7789.25,16241
2026-09-21 14:35,7789.25,7793.50,7789.00,7790.75,13852
2026-09-21 14:40,7790.75,7793.25,7786.25,7787.75,17311
2026-09-21 14:45,7787.75,7790.75,7785.00,7787.75,14100
2026-09-21 14:50,7787.50,7790.00,7786.25,7789.75,9902
2026-09-21 14:55,7789.50,7792.25,7787.50,7790.00,10079
2026-09-21 15:00,7790.00,7793.50,7789.00,7793.25,12567
2026-09-21 15:05,7793.50,7794.50,7791.50,7793.25,10764
2026-09-21 15:10,7793.50,7796.25,7791.50,7796.00,11736
2026-09-21 15:15,7796.25,7800.00,7796.25,7799.50,13646
2026-09-21 15:20,7799.50,7799.75,7796.75,7797.25,8986
2026-09-21 15:25,7797.25,7798.75,7795.75,7796.25,8847
2026-09-21 15:30,7796.25,7798.25,7795.75,7796.50,9664
2026-09-21 15:35,7796.50,7803.50,7796.25,7802.75,15737
2026-09-21 15:40,7802.75,7805.00,7801.25,7805.00,11362
2026-09-21 15:45,7804.75,7809.75,7804.75,7807.50,13607
2026-09-21 15:50,7807.25,7811.50,7804.50,7804.50,18267
2026-09-21 15:55,7804.75,7805.75,7803.00,7805.25,10253
2026-09-21 16:00,7805.25,7808.75,7802.75,7808.00,9973
2026-09-21 16:05,7808.25,7815.25,7806.25,7814.50,21780
2026-09-21 16:10,7814.50,7816.50,7812.00,7813.25,13092
2026-09-21 16:15,7813.50,7815.75,7812.00,7813.75,11607
2026-09-21 16:20,7813.75,7815.00,7812.00,7814.25,8221
2026-09-21 16:25,7814.25,7818.25,7813.75,7816.00,9987
2026-09-21 16:30,7816.00,7824.75,7815.75,7822.25,17223
2026-09-21 16:35,7822.00,7823.50,7816.25,7816.75,10264
2026-09-21 16:40,7816.50,7819.50,7815.75,7818.00,10491
2026-09-21 16:45,7818.00,7821.25,7817.75,7820.00,7153
2026-09-21 16:50,7820.25,7821.00,7817.25,7819.25,7475
2026-09-21 16:55,7819.25,7821.25,7818.00,7821.00,7370
2026-09-21 17:00,7821.25,7822.75,7819.50,7820.50,9061
2026-09-21 17:05,7820.50,7823.00,7820.50,7821.50,6826
2026-09-21 17:10,7821.75,7827.00,7821.25,7826.00,9363
2026-09-21 17:15,7826.25,7827.75,7824.00,7826.50,9787
2026-09-21 17:20,7826.50,7828.00,7823.00,7824.00,9665
2026-09-21 17:25,7823.75,7826.00,7822.00,7826.00,8427
2026-09-21 17:30,7826.25,7826.50,7820.75,7821.50,11534
2026-09-21 17:35,7821.50,7823.50,7820.50,7820.75,8254
2026-09-21 17:40,7820.75,7827.25,7820.00,7826.75,9407
2026-09-21 17:45,7826.75,7830.00,7825.25,7826.00,13692
2026-09-21 17:50,7825.75,7828.50,7825.50,7827.25,6167
2026-09-21 17:55,7827.25,7827.75,7825.25,7826.75,5859
2026-09-21 18:00,7827.00,7830.25,7827.00,7830.25,8849
2026-09-21 18:05,7830.00,7831.75,7829.25,7830.00,9140
2026-09-21 18:10,7830.00,7832.50,7828.75,7830.75,8421
2026-09-21 18:15,7830.75,7832.50,7829.75,7831.50,7789
2026-09-21 18:20,7831.50,7837.00,7831.00,7836.50,10643
2026-09-21 18:25,7836.25,7838.25,7835.50,7837.00,9592
2026-09-21 18:30,7837.00,7838.25,7833.75,7835.50,10745
2026-09-21 18:35,7835.75,7837.75,7834.00,7837.50,5910
2026-09-21 18:40,7837.50,7839.75,7836.75,7839.75,8926
2026-09-21 18:45,7839.50,7842.25,7839.00,7842.00,11557
2026-09-21 18:50,7841.75,7844.75,7841.50,7843.00,14676
2026-09-21 18:55,7843.25,7844.00,7840.00,7841.25,10846
2026-09-21 19:00,7841.50,7843.50,7840.00,7840.00,11305
2026-09-21 19:05,7840.00,7840.50,7838.25,7840.25,9311
2026-09-21 19:10,7840.50,7843.00,7837.75,7842.75,10040
2026-09-21 19:15,7842.75,7843.00,7840.75,7842.00,7725
2026-09-21 19:20,7841.75,7842.00,7838.75,7839.25,9542
2026-09-21 19:25,7839.25,7841.25,7838.25,7839.25,8389
2026-09-21 19:30,7839.25,7843.75,7838.75,7843.00,11085
2026-09-21 19:35,7843.00,7847.25,7842.25,7846.00,12955
2026-09-21 19:40,7845.75,7846.50,7840.75,7842.50,16967
2026-09-21 19:45,7842.25,7843.50,7839.00,7839.75,16087
2026-09-21 19:50,7839.75,7839.75,7834.75,7835.00,32161
2026-09-21 19:55,7835.00,7837.25,7832.00,7833.25,107016
2026-09-21 20:00,7833.25,7835.00,7828.50,7829.50,20047
2026-09-21 20:05,7829.50,7832.75,7829.00,7831.75,6366
2026-09-21 20:10,7831.75,7832.00,7829.75,7831.00,3419
2026-09-21 20:15,7831.00,7831.25,7827.25,7828.50,3675
2026-09-21 20:20,7828.25,7829.00,7828.00,7828.00,1340
2026-09-21 20:25,7828.00,7830.75,7828.00,7830.25,2046
2026-09-21 20:30,7830.25,7830.50,7828.75,7829.25,1189
2026-09-21 20:35,7829.25,7829.50,7827.50,7828.00,1099
2026-09-21 20:40,7828.00,7828.25,7826.75,7827.50,1122
2026-09-21 20:45,7827.25,7828.00,7826.50,7827.25,1625
2026-09-21 20:50,7827.25,7828.25,7827.00,7828.25,1063
2026-09-21 20:55,7828.00,7830.25,7827.75,7829.25,3087
2026-09-21 22:00,7830.00,7832.25,7829.00,7832.00,0
2026-09-21 22:05,7832.00,7833.00,7831.25,7833.00,821
2026-09-21 22:10,7832.75,7833.50,7830.50,7832.25,735
2026-09-21 22:15,7832.50,7833.75,7831.50,7833.00,362
2026-09-21 22:20,7833.00,7833.25,7831.75,7832.75,238
2026-09-21 22:25,7833.00,7835.00,7832.75,7834.75,465
2026-09-21 22:30,7834.50,7835.75,7833.50,7834.75,475
2026-09-21 22:35,7834.50,7835.00,7834.00,7834.25,217
2026-09-21 22:40,7834.25,7834.50,7832.75,7834.50,507
2026-09-21 22:45,7834.50,7835.00,7833.00,7834.75,211
2026-09-21 22:50,7835.00,7835.25,7833.75,7835.25,290
2026-09-21 22:55,7835.50,7835.75,7834.50,7834.50,235
2026-09-21 23:00,7834.75,7835.50,7833.50,7834.75,493
2026-09-21 23:05,7835.00,7836.00,7834.75,7836.00,154
2026-09-21 23:10,7836.00,7837.75,7835.50,7836.75,479
2026-09-21 23:15,7836.75,7837.25,7835.00,7836.00,508
2026-09-21 23:20,7836.25,7836.25,7835.25,7835.50,226
2026-09-21 23:25,7835.75,7835.75,7834.00,7835.00,411
2026-09-21 23:30,7835.00,7835.75,7834.00,7835.50,422
2026-09-21 23:35,7835.75,7836.25,7834.75,7835.25,214
2026-09-21 23:40,7835.25,7836.75,7835.25,7836.00,288
2026-09-21 23:45,7836.00,7836.25,7835.00,7835.50,284
2026-09-21 23:50,7835.75,7835.75,7834.75,7835.50,303
2026-09-21 23:55,7835.75,7836.25,7835.00,7835.25,332
2026-09-22 00:00,7835.25,7837.50,7834.50,7837.00,1192
2026-09-22 00:05,7837.25,7839.75,7836.75,7839.75,1034
2026-09-22 00:10,7839.75,7840.00,7837.75,7837.75,843
2026-09-22 00:15,7838.00,7838.00,7835.25,7835.50,1563
2026-09-22 00:20,7835.75,7836.75,7835.00,7836.25,815
2026-09-22 00:25,7836.25,7837.50,7835.50,7837.25,444
2026-09-22 00:30,7837.25,7838.50,7834.00,7834.00,1267
2026-09-22 00:35,7834.25,7834.75,7832.25,7833.50,1315
2026-09-22 00:40,7833.25,7835.25,7832.50,7834.75,807
2026-09-22 00:45,7835.00,7836.25,7834.50,7835.00,777
2026-09-22 00:50,7835.50,7836.00,7834.75,7836.00,348
2026-09-22 00:55,7836.00,7836.00,7834.75,7835.25,383
2026-09-22 01:00,7835.50,7835.50,7833.75,7834.50,699
2026-09-22 01:05,7834.50,7835.25,7833.50,7834.25,613
2026-09-22 01:10,7834.50,7834.50,7832.50,7833.75,997
2026-09-22 01:15,7834.00,7834.00,7832.00,7832.50,701
2026-09-22 01:20,7832.50,7833.50,7831.75,7833.25,763
2026-09-22 01:25,7833.25,7834.25,7832.50,7833.50,735
2026-09-22 01:30,7833.75,7835.00,7832.25,7835.00,916
2026-09-22 01:35,7835.25,7836.25,7834.50,7835.25,1309
2026-09-22 01:40,7835.25,7836.00,7834.75,7835.00,577
2026-09-22 01:45,7835.00,7836.00,7834.25,7834.50,619
2026-09-22 01:50,7834.25,7835.50,7834.00,7835.25,538
2026-09-22 01:55,7835.50,7835.50,7833.50,7833.50,535
2026-09-22 02:00,7833.50,7836.50,7833.25,7836.25,674
2026-09-22 02:05,7836.50,7836.50,7835.00,7835.00,466
2026-09-22 02:10,7835.25,7835.25,7833.75,7834.25,364
2026-09-22 02:15,7834.25,7834.75,7833.50,7834.25,544
2026-09-22 02:20,7834.25,7836.00,7834.25,7835.00,552
2026-09-22 02:25,7835.00,7835.75,7834.75,7835.25,319
2026-09-22 02:30,7835.50,7835.50,7833.50,7834.25,557
2026-09-22 02:35,7834.00,7835.50,7834.00,7835.25,516
2026-09-22 02:40,7835.25,7836.00,7834.50,7835.25,369
2026-09-22 02:45,7835.25,7835.50,7834.75,7835.00,234
2026-09-22 02:50,7834.75,7835.25,7834.25,7835.25,371
2026-09-22 02:55,7834.75,7835.25,7834.00,7834.75,368
2026-09-22 03:00,7834.75,7834.75,7833.25,7834.00,682
2026-09-22 03:05,7834.00,7834.00,7832.50,7833.00,632
2026-09-22 03:10,7833.00,7834.00,7832.75,7834.00,462
2026-09-22 03:15,7834.00,7835.00,7833.75,7834.25,440
2026-09-22 03:20,7834.50,7834.75,7834.00,7834.00,360
2026-09-22 03:25,7834.00,7834.50,7834.00,7834.00,201
2026-09-22 03:30,7834.25,7834.25,7833.25,7834.25,290
2026-09-22 03:35,7834.50,7835.50,7834.50,7834.50,418
2026-09-22 03:40,7834.50,7834.75,7833.50,7833.50,451
2026-09-22 03:45,7833.75,7833.75,7832.75,7833.75,272
2026-09-22 03:50,7833.75,7833.75,7832.75,7833.00,256
2026-09-22 03:55,7832.75,7833.50,7831.00,7833.25,716
2026-09-22 04:05,7833.25,7833.25,7832.75,7833.00,0
2026-09-22 04:10,7832.75,7835.00,7832.50,7834.25,1066
2026-09-22 04:15,7834.00,7834.50,7833.00,7833.25,927
2026-09-22 04:20,7833.25,7834.25,7833.00,7834.25,403
2026-09-22 04:25,7834.25,7835.50,7833.75,7834.50,467
2026-09-22 04:30,7834.75,7836.00,7834.75,7835.00,503
2026-09-22 04:35,7835.00,7836.00,7834.75,7835.25,355
2026-09-22 04:40,7835.25,7836.50,7834.75,7835.00,389
2026-09-22 04:45,7835.00,7835.50,7834.25,7834.25,386
2026-09-22 04:50,7834.50,7834.50,7833.50,7834.00,567
2026-09-22 04:55,7834.25,7834.75,7834.00,7834.25,281
2026-09-22 05:00,7834.25,7834.25,7832.75,7833.50,817
2026-09-22 05:05,7833.50,7834.25,7832.75,7833.00,421
2026-09-22 05:10,7833.00,7834.25,7832.75,7834.00,355
2026-09-22 05:15,7834.25,7834.25,7832.50,7833.00,720
2026-09-22 05:20,7833.00,7835.00,7832.75,7833.25,1098
2026-09-22 05:25,7833.00,7834.00,7832.75,7833.50,622
2026-09-22 05:30,7833.75,7834.50,7832.25,7834.25,781
2026-09-22 05:35,7834.50,7836.25,7834.50,7836.25,545
2026-09-22 05:40,7836.25,7837.25,7836.00,7837.00,584
2026-09-22 05:45,7837.00,7839.50,7837.00,7839.00,904
2026-09-22 05:50,7839.25,7839.25,7837.75,7838.25,583
2026-09-22 05:55,7838.00,7839.00,7837.75,7838.25,390
2026-09-22 06:00,7838.25,7838.25,7834.25,7835.00,1821
2026-09-22 06:05,7834.75,7837.00,7834.25,7837.00,893
2026-09-22 06:10,7836.75,7837.75,7835.75,7837.00,979
2026-09-22 06:15,7836.75,7837.75,7835.25,7835.25,752
2026-09-22 06:20,7835.25,7836.25,7833.75,7834.75,853
2026-09-22 06:25,7834.75,7836.75,7834.75,7836.75,496
2026-09-22 06:30,7836.50,7837.25,7836.25,7836.75,848
2026-09-22 06:35,7836.75,7838.50,7836.75,7837.50,752
2026-09-22 06:40,7837.50,7838.25,7836.25,7837.00,697
2026-09-22 06:45,7836.75,7838.25,7836.25,7837.50,695
2026-09-22 06:50,7837.50,7838.25,7836.00,7836.00,423
2026-09-22 06:55,7836.25,7837.75,7836.00,7836.25,728
2026-09-22 07:00,7836.25,7837.75,7834.75,7836.25,1859
2026-09-22 07:05,7836.50,7837.50,7834.00,7836.25,1638
2026-09-22 07:10,7835.75,7837.00,7833.75,7836.00,1495
2026-09-22 07:15,7835.75,7837.50,7834.25,7834.25,1677
2026-09-22 07:20,7834.25,7836.50,7834.25,7835.50,1764
2026-09-22 07:25,7835.50,7835.75,7834.50,7835.00,1271
2026-09-22 07:30,7835.25,7835.25,7832.75,7833.00,2208
2026-09-22 07:35,7833.25,7833.25,7831.75,7832.50,1651
2026-09-22 07:40,7832.25,7832.75,7831.50,7832.25,1054
2026-09-22 07:45,7832.50,7832.75,7829.25,7829.75,2266
2026-09-22 07:50,7829.75,7830.25,7827.50,7828.25,2201
2026-09-22 07:55,7828.00,7829.25,7826.50,7826.50,2770
2026-09-22 08:00,7826.50,7826.75,7822.75,7823.00,4866
2026-09-22 08:05,7823.00,7825.50,7822.00,7823.00,3263
2026-09-22 08:10,7823.00,7823.25,7820.25,7820.25,2737
2026-09-22 08:15,7820.50,7820.50,7816.25,7819.00,4533
2026-09-22 08:20,7819.00,7819.25,7815.00,7817.00,3010
2026-09-22 08:25,7816.75,7821.75,7812.25,7813.50,5268
2026-09-22 08:30,7813.50,7816.00,7810.50,7813.75,5894
2026-09-22 08:35,7813.50,7824.50,7813.50,7823.25,5103
2026-09-22 08:40,7823.25,7829.00,7821.25,7828.50,4418
2026-09-22 08:45,7828.50,7833.75,7827.00,7833.50,5144
2026-09-22 08:50,7833.50,7836.00,7832.50,7835.00,4596
2026-09-22 08:55,7834.75,7836.00,7832.50,7833.50,2973
2026-09-22 09:00,7833.25,7836.25,7827.25,7827.25,4644
2026-09-22 09:05,7827.25,7831.00,7827.00,7829.00,3459
2026-09-22 09:10,7829.00,7831.25,7826.00,7827.25,3654
2026-09-22 09:15,7827.00,7830.75,7826.50,7827.50,3509
2026-09-22 09:20,7827.25,7828.25,7825.50,7826.75,1532
2026-09-22 09:25,7827.00,7827.75,7826.25,7827.00,1010
2026-09-22 09:30,7827.25,7830.00,7827.25,7829.00,2712
2026-09-22 09:35,7829.00,7829.00,7827.00,7827.75,1159
2026-09-22 09:40,7827.75,7833.50,7827.75,7833.25,2233
2026-09-22 09:45,7833.25,7833.25,7831.50,7832.00,1648
2026-09-22 09:50,7832.25,7843.00,7832.25,7838.25,11069
2026-09-22 09:55,7838.00,7842.25,7833.00,7838.75,7229
2026-09-22 10:00,7838.75,7840.00,7835.00,7839.25,3243
2026-09-22 10:05,7839.25,7840.75,7838.00,7839.25,2226
2026-09-22 10:10,7839.25,7840.00,7835.00,7837.25,2027
2026-09-22 10:15,7837.25,7838.50,7836.00,7836.50,1786
2026-09-22 10:20,7836.75,7837.25,7835.25,7836.00,1562
2026-09-22 10:25,7835.75,7837.75,7834.75,7836.75,892
2026-09-22 10:30,7836.75,7838.00,7836.25,7837.00,1219
2026-09-22 10:35,7837.00,7838.50,7836.50,7838.50,692
2026-09-22 10:40,7838.50,7841.50,7837.75,7840.75,1447
2026-09-22 10:45,7840.75,7842.75,7838.75,7842.50,1720
2026-09-22 10:50,7842.50,7843.75,7842.25,7843.00,706
2026-09-22 10:53,7843.00,7843.00,7843.00,7843.00,0
