zeit_utc,open,high,low,close,volume
2026-07-09 04:00,29506.75,29513.00,29495.00,29500.50,294
2026-07-09 04:15,29499.75,29518.50,29462.50,29474.50,1056
2026-07-09 04:30,29475.00,29539.00,29475.00,29536.25,1682
2026-07-09 04:45,29536.25,29558.50,29521.50,29554.00,964
2026-07-09 05:00,29554.75,29597.00,29508.75,29566.75,2529
2026-07-09 05:15,29567.50,29577.75,29512.50,29515.00,1643
2026-07-09 05:30,29513.75,29539.50,29474.75,29536.50,1622
2026-07-09 05:45,29537.25,29610.00,29532.50,29607.75,2093
2026-07-09 06:00,29606.50,29616.50,29572.25,29606.25,2228
2026-07-09 06:15,29603.50,29644.25,29602.50,29628.50,2034
2026-07-09 06:30,29628.50,29637.00,29597.75,29628.50,1842
2026-07-09 06:45,29627.00,29632.25,29601.50,29612.00,1145
2026-07-09 07:00,29613.25,29655.75,29603.75,29654.50,2754
2026-07-09 07:15,29655.75,29667.75,29639.75,29651.75,2077
2026-07-09 07:30,29653.25,29683.25,29640.50,29681.50,1443
2026-07-09 07:45,29682.50,29706.75,29671.25,29686.25,2596
2026-07-09 08:00,29684.75,29734.25,29664.00,29705.50,2459
2026-07-09 08:15,29705.75,29735.75,29694.00,29699.25,1596
2026-07-09 08:30,29697.00,29705.25,29660.00,29677.50,1778
2026-07-09 08:45,29676.75,29681.50,29643.00,29661.25,1362
2026-07-09 09:00,29663.50,29669.00,29629.00,29639.50,976
2026-07-09 09:15,29641.25,29663.25,29633.50,29650.00,1023
2026-07-09 09:30,29647.75,29661.00,29613.75,29621.25,1269
2026-07-09 09:45,29622.00,29649.00,29618.25,29644.00,888
2026-07-09 10:00,29645.50,29656.50,29633.25,29647.75,775
2026-07-09 10:15,29650.00,29669.00,29632.25,29650.50,1034
2026-07-09 10:30,29649.50,29660.75,29629.00,29640.25,962
2026-07-09 10:45,29641.25,29645.00,29564.50,29600.25,2853
2026-07-09 11:00,29601.75,29626.00,29579.00,29610.50,1677
2026-07-09 11:15,29611.25,29643.75,29593.75,29641.00,2139
2026-07-09 11:30,29641.00,29690.00,29626.75,29683.25,2388
2026-07-09 11:45,29684.75,29721.75,29674.25,29696.00,3600
2026-07-09 12:00,29696.75,29732.75,29681.00,29715.75,2903
2026-07-09 12:15,29716.25,29755.00,29704.25,29749.25,2908
2026-07-09 12:30,29748.00,29786.50,29740.00,29748.50,4821
2026-07-09 12:45,29748.25,29748.50,29715.25,29736.00,3467
2026-07-09 13:00,29735.25,29759.50,29725.25,29757.25,2992
2026-07-09 13:15,29757.25,29758.75,29726.75,29747.00,5734
2026-07-09 13:30,29746.25,29871.25,29672.00,29858.50,33418
2026-07-09 13:45,29859.25,29931.25,29808.50,29909.50,26088
2026-07-09 14:00,29909.75,29922.75,29785.25,29802.75,21156
2026-07-09 14:15,29803.50,29803.50,29614.50,29763.75,32710
2026-07-09 14:30,29763.25,29799.00,29694.25,29759.50,14965
2026-07-09 14:45,29758.50,29821.25,29723.50,29787.75,14863
2026-07-09 15:00,29788.25,29864.25,29779.50,29854.75,11492
2026-07-09 15:15,29853.50,29886.25,29830.00,29873.50,11352
2026-07-09 15:30,29874.25,29899.75,29856.25,29882.00,7675
2026-07-09 15:45,29883.00,29905.25,29878.50,29886.25,9279
2026-07-09 16:00,29886.50,29924.25,29886.50,29900.25,7857
2026-07-09 16:15,29900.25,29917.00,29880.75,29890.75,6937
2026-07-09 16:30,29890.50,29916.50,29864.00,29909.00,9492
2026-07-09 16:45,29908.50,29913.25,29885.25,29897.25,5244
2026-07-09 17:00,29897.00,29969.50,29893.50,29954.25,12077
2026-07-09 17:15,29954.25,29991.00,29954.00,29988.00,7357
2026-07-09 17:30,29988.75,29993.50,29962.00,29974.50,6290
2026-07-09 17:45,29974.75,29992.25,29950.75,29973.75,6132
2026-07-09 18:00,29974.75,29985.00,29960.75,29975.50,5796
2026-07-09 18:15,29976.50,29981.00,29942.00,29956.75,6902
2026-07-09 18:30,29957.25,29968.25,29939.50,29958.25,6146
2026-07-09 18:45,29957.25,29965.00,29929.50,29939.25,6420
2026-07-09 19:00,29939.75,29941.50,29905.25,29916.00,8700
2026-07-09 19:15,29916.50,29958.25,29902.75,29932.25,8530
2026-07-09 19:30,29932.00,29945.50,29909.00,29943.25,8456
2026-07-09 19:45,29943.50,29954.75,29896.75,29948.00,23304
2026-07-09 20:00,29948.50,29973.75,29942.75,29966.50,8693
2026-07-09 20:15,29967.00,29970.25,29937.00,29940.00,2039
2026-07-09 20:30,29939.50,29949.25,29932.00,29934.75,1522
2026-07-09 20:45,29935.00,29939.50,29926.25,29931.25,2107
2026-07-09 22:00,29937.75,29961.00,29923.50,29936.75,1108
2026-07-09 22:15,29938.00,29945.25,29904.00,29907.75,1404
2026-07-09 22:30,29908.75,29922.50,29905.50,29920.25,630
2026-07-09 22:45,29921.75,29927.50,29913.25,29922.00,564
2026-07-09 23:00,29921.50,29942.00,29907.00,29939.75,1128
2026-07-09 23:15,29937.75,29964.25,29929.50,29956.00,1245
2026-07-09 23:30,29958.75,29959.00,29938.50,29942.00,790
2026-07-09 23:45,29941.00,29958.00,29926.00,29932.50,1339
2026-07-10 00:00,29933.25,29952.00,29858.00,29894.00,3955
2026-07-10 00:15,29895.25,29903.50,29820.75,29837.00,3096
2026-07-10 00:30,29838.00,29845.00,29804.25,29828.00,2775
2026-07-10 00:45,29827.50,29870.00,29808.00,29866.50,3342
2026-07-10 01:00,29866.50,29870.75,29817.50,29845.50,2587
2026-07-10 01:15,29843.50,29877.25,29836.75,29866.25,1573
2026-07-10 01:30,29867.25,29902.50,29854.75,29885.25,1853
2026-07-10 01:45,29885.75,29922.75,29881.50,29891.50,1723
2026-07-10 02:00,29895.00,29901.25,29865.25,29880.75,1568
2026-07-10 02:15,29881.25,29884.75,29854.25,29882.50,1876
2026-07-10 02:30,29883.25,29916.25,29874.00,29908.25,1507
2026-07-10 02:45,29908.50,29952.50,29902.00,29951.25,1796
2026-07-10 03:00,29952.00,29963.50,29940.25,29947.25,1049
2026-07-10 03:15,29947.50,29950.50,29922.00,29923.50,865
2026-07-10 03:30,29925.25,29932.75,29917.00,29925.00,695
2026-07-10 03:45,29922.75,29933.75,29912.50,29930.50,692
2026-07-10 04:00,29936.75,29948.75,29931.50,29947.75,982
2026-07-10 04:15,29946.00,29947.50,29917.25,29927.50,739
2026-07-10 04:30,29928.00,29929.25,29906.25,29915.25,1082
2026-07-10 04:45,29915.50,29917.50,29875.25,29881.75,1546
2026-07-10 05:00,29883.75,29886.50,29865.75,29882.50,1241
2026-07-10 05:15,29883.25,29897.00,29870.25,29876.50,1150
2026-07-10 05:30,29877.25,29881.25,29852.00,29875.00,1553
2026-07-10 05:45,29875.75,29875.75,29840.00,29845.50,1185
2026-07-10 06:00,29847.25,29856.75,29820.00,29826.25,2340
2026-07-10 06:15,29824.75,29830.75,29775.25,29789.50,3349
2026-07-10 06:30,29788.75,29831.25,29785.50,29814.75,2485
2026-07-10 06:45,29814.00,29832.50,29809.50,29819.50,1116
2026-07-10 07:00,29819.25,29827.75,29796.00,29813.25,1352
2026-07-10 07:15,29813.00,29825.25,29790.50,29816.00,1286
2026-07-10 07:30,29816.00,29819.00,29793.75,29796.75,471
2026-07-10 07:45,29796.50,29799.00,29761.75,29774.00,1613
2026-07-10 08:00,29773.75,29799.50,29743.75,29796.75,2288
2026-07-10 08:15,29797.00,29803.75,29755.50,29768.75,1427
2026-07-10 08:30,29768.25,29785.25,29754.00,29785.25,1197
2026-07-10 08:45,29785.25,29799.00,29772.00,29773.25,1155
2026-07-10 09:00,29776.75,29800.75,29717.25,29795.50,2862
2026-07-10 09:15,29797.00,29817.50,29796.75,29813.50,1190
2026-07-10 09:30,29810.00,29827.75,29806.00,29815.50,989
2026-07-10 09:45,29818.00,29827.25,29800.75,29814.75,1106
2026-07-10 10:00,29820.75,29841.75,29818.00,29833.00,868
2026-07-10 10:15,29834.00,29839.75,29805.50,29839.50,1370
2026-07-10 10:30,29838.00,29862.00,29838.00,29862.00,1395
2026-07-10 10:45,29861.50,29862.25,29834.75,29850.75,968
2026-07-10 11:00,29850.00,29878.00,29849.00,29874.50,1796
2026-07-10 11:15,29875.25,29887.75,29850.50,29851.75,1555
2026-07-10 11:30,29851.50,29852.00,29811.50,29836.25,2013
2026-07-10 11:45,29837.25,29843.00,29806.75,29816.00,1651
2026-07-10 12:00,29816.75,29878.75,29771.25,29845.75,5272
2026-07-10 12:15,29843.75,29856.50,29825.00,29851.75,2197
2026-07-10 12:30,29852.00,29860.75,29819.50,29824.50,2595
2026-07-10 12:45,29825.75,29841.50,29800.00,29800.00,2437
2026-07-10 13:00,29800.50,29826.50,29790.50,29811.25,3412
2026-07-10 13:15,29811.50,29851.00,29801.50,29835.00,4471
2026-07-10 13:30,29834.75,29936.75,29798.00,29856.00,30432
2026-07-10 13:45,29855.50,29968.50,29852.75,29923.00,22648
2026-07-10 14:00,29922.75,29966.00,29906.50,29940.25,16246
2026-07-10 14:15,29940.50,29951.50,29844.75,29907.00,19864
2026-07-10 14:30,29907.50,29957.25,29675.00,29891.25,22744
2026-07-10 14:45,29891.25,29913.00,29808.75,29818.25,13134
2026-07-10 15:00,29818.50,29884.50,29780.00,29874.00,14391
2026-07-10 15:15,29874.00,29987.50,29872.75,29979.00,14260
2026-07-10 15:30,29980.00,29991.50,29834.00,29873.75,17425
2026-07-10 15:45,29875.25,29948.50,29847.75,29944.25,11470
2026-07-10 16:00,29944.25,29990.00,29943.75,29981.25,9669
2026-07-10 16:15,29981.50,30029.00,29981.50,30013.50,12154
2026-07-10 16:30,30013.25,30034.00,30004.00,30016.50,6818
2026-07-10 16:45,30015.75,30043.25,30012.00,30026.75,6466
2026-07-10 17:00,30026.50,30033.50,29996.50,30016.00,5499
2026-07-10 17:15,30015.25,30051.50,30008.50,30049.75,5574
2026-07-10 17:30,30049.75,30071.00,30038.00,30064.75,6794
2026-07-10 17:45,30065.00,30072.25,30031.25,30038.00,4837
2026-07-10 18:00,30039.00,30071.00,30034.25,30049.75,7676
2026-07-10 18:15,30049.25,30065.50,30021.50,30046.00,7747
2026-07-10 18:30,30045.25,30057.75,30031.25,30039.50,4274
2026-07-10 18:45,30039.00,30047.50,30028.25,30038.25,4678
2026-07-10 19:00,30038.50,30077.75,30033.00,30059.00,6833
2026-07-10 19:15,30058.50,30059.75,30036.50,30046.00,4947
2026-07-10 19:30,30046.25,30068.00,30044.75,30053.25,5516
2026-07-10 19:45,30053.25,30066.50,30024.75,30037.25,19159
2026-07-10 20:00,30037.25,30062.00,30031.75,30048.50,6430
2026-07-10 20:15,30047.75,30059.50,30046.25,30055.50,1284
2026-07-10 20:30,30054.50,30061.50,30051.50,30058.50,937
2026-07-10 20:45,30058.25,30073.75,30032.25,30032.25,1876
2026-07-12 22:00,29894.25,29915.00,29855.00,29864.25,1263
2026-07-12 22:15,29866.25,29897.50,29862.25,29887.25,2186
2026-07-12 22:30,29887.25,29904.25,29871.75,29893.50,1887
2026-07-12 22:45,29894.00,29915.00,29871.75,29910.25,1500
2026-07-12 23:00,29909.75,29910.50,29880.50,29891.25,1266
2026-07-12 23:15,29890.25,29894.25,29869.50,29890.25,1446
2026-07-12 23:30,29888.25,29898.25,29875.50,29888.75,868
2026-07-12 23:45,29889.25,29895.50,29845.00,29893.25,2461
2026-07-13 00:00,29892.00,30041.00,29871.50,30019.00,6048
2026-07-13 00:15,30018.00,30032.25,29958.00,29967.25,3090
2026-07-13 00:30,29968.00,29971.75,29850.00,29881.75,3710
2026-07-13 00:45,29883.75,29905.25,29807.50,29832.50,4456
2026-07-13 01:00,29836.75,29851.25,29788.75,29812.25,3384
2026-07-13 01:15,29812.75,29849.00,29789.00,29809.00,2421
2026-07-13 01:30,29808.75,29843.25,29789.50,29812.00,2124
2026-07-13 01:45,29812.25,29812.75,29737.25,29761.25,4739
2026-07-13 02:00,29762.75,29772.00,29727.00,29752.75,3372
2026-07-13 02:15,29753.00,29808.75,29745.00,29797.25,2224
2026-07-13 02:30,29798.50,29800.00,29746.50,29766.00,2118
2026-07-13 02:45,29766.25,29773.75,29714.50,29717.00,1663
2026-07-13 03:00,29717.50,29721.25,29684.75,29694.00,2285
2026-07-13 03:15,29694.00,29717.75,29682.00,29710.00,1673
2026-07-13 03:30,29709.00,29727.25,29683.75,29697.25,2146
2026-07-13 03:45,29697.25,29725.25,29690.00,29695.25,1227
2026-07-13 04:00,29689.75,29690.00,29650.00,29666.75,2487
2026-07-13 04:15,29666.50,29677.75,29638.75,29651.50,1616
2026-07-13 04:30,29651.50,29655.75,29622.75,29626.50,1436
2026-07-13 04:45,29624.00,29637.00,29612.75,29627.00,1298
2026-07-13 05:00,29627.75,29693.75,29606.50,29688.50,2983
2026-07-13 05:15,29684.00,29686.25,29577.00,29584.00,2641
2026-07-13 05:30,29585.00,29670.75,29542.75,29637.00,3564
2026-07-13 05:45,29637.50,29666.75,29614.75,29649.00,1784
2026-07-13 06:00,29650.50,29666.00,29585.50,29593.00,2143
2026-07-13 06:15,29592.00,29635.25,29588.75,29630.00,1831
2026-07-13 06:30,29630.25,29650.50,29598.50,29643.75,1707
2026-07-13 06:45,29641.75,29652.00,29611.25,29632.50,1598
2026-07-13 07:00,29631.50,29675.50,29607.00,29670.75,1913
2026-07-13 07:15,29671.50,29690.25,29642.25,29674.50,1928
2026-07-13 07:30,29670.75,29671.25,29636.00,29660.50,1279
2026-07-13 07:45,29660.75,29663.00,29636.75,29652.75,813
2026-07-13 08:00,29654.25,29707.00,29647.50,29703.75,2396
2026-07-13 08:15,29705.00,29741.50,29704.25,29725.75,2550
2026-07-13 08:30,29728.00,29735.00,29700.00,29726.50,1091
2026-07-13 08:45,29727.25,29754.00,29721.75,29747.50,1434
2026-07-13 09:00,29747.50,29751.25,29718.00,29732.75,1010
2026-07-13 09:15,29733.75,29766.25,29729.75,29763.25,1027
2026-07-13 09:30,29763.00,29776.50,29754.50,29773.75,762
2026-07-13 09:45,29773.25,29773.75,29752.00,29770.75,858
2026-07-13 10:00,29772.00,29778.00,29739.00,29747.00,1449
2026-07-13 10:15,29747.00,29765.50,29738.75,29741.25,874
2026-07-13 10:30,29741.00,29757.25,29736.50,29739.25,847
2026-07-13 10:45,29738.50,29764.00,29735.75,29756.75,938
2026-07-13 11:00,29755.75,29799.75,29751.25,29768.25,2405
2026-07-13 11:15,29767.75,29782.75,29741.50,29774.75,1431
2026-07-13 11:30,29773.00,29793.50,29765.00,29768.00,1127
2026-07-13 11:45,29767.75,29768.00,29728.75,29741.00,1507
2026-07-13 12:00,29742.00,29757.25,29693.75,29728.75,3809
2026-07-13 12:15,29730.00,29735.75,29682.75,29684.00,2549
2026-07-13 12:30,29684.50,29694.50,29655.50,29689.50,3154
2026-07-13 12:45,29688.75,29725.00,29687.25,29719.00,2265
2026-07-13 13:00,29719.25,29748.00,29711.00,29719.25,2565
2026-07-13 13:15,29718.50,29721.25,29683.25,29710.75,4441
2026-07-13 13:30,29710.00,29737.25,29552.25,29596.00,33221
2026-07-13 13:45,29596.25,29640.00,29518.00,29630.00,29400
2026-07-13 14:00,29631.00,29662.50,29560.75,29650.75,21314
2026-07-13 14:15,29651.75,29703.00,29488.50,29701.50,23594
2026-07-13 14:30,29701.25,29724.00,29624.25,29637.75,15893
2026-07-13 14:45,29638.25,29720.75,29603.50,29717.75,15144
2026-07-13 15:00,29718.00,29752.50,29671.00,29682.25,13250
2026-07-13 15:15,29681.75,29729.50,29662.00,29707.25,8553
2026-07-13 15:30,29709.00,29724.50,29648.25,29654.75,8454
2026-07-13 15:45,29654.75,29656.50,29596.75,29612.25,8886
2026-07-13 16:00,29611.25,29638.50,29584.25,29613.50,9704
2026-07-13 16:15,29613.25,29616.00,29535.00,29558.00,11826
2026-07-13 16:30,29557.75,29557.75,29460.75,29537.25,18025
2026-07-13 16:45,29537.00,29556.25,29463.75,29525.75,10926
2026-07-13 17:00,29526.50,29580.75,29516.50,29541.00,7952
2026-07-13 17:15,29541.50,29551.50,29498.25,29518.25,6971
2026-07-13 17:30,29518.75,29533.25,29485.25,29513.25,6604
2026-07-13 17:45,29512.75,29526.25,29468.00,29479.50,7516
2026-07-13 18:00,29480.00,29539.50,29476.00,29515.75,7918
2026-07-13 18:15,29515.25,29521.75,29467.50,29474.00,6857
2026-07-13 18:30,29475.00,29517.25,29454.50,29500.75,7864
2026-07-13 18:45,29501.75,29521.50,29483.50,29493.50,6045
2026-07-13 19:00,29493.50,29525.75,29451.00,29464.00,8313
2026-07-13 19:15,29463.75,29468.50,29402.50,29418.50,17016
2026-07-13 19:30,29419.75,29455.75,29393.25,29451.00,14495
2026-07-13 19:45,29450.75,29504.25,29434.25,29466.50,27033
2026-07-13 20:00,29466.50,29474.00,29436.25,29454.50,8048
2026-07-13 20:15,29454.50,29454.75,29386.50,29437.75,4510
2026-07-13 20:30,29437.00,29440.00,29424.50,29435.25,1548
2026-07-13 20:45,29434.25,29444.25,29420.00,29428.75,1863
2026-07-13 22:00,29446.00,29479.50,29437.75,29452.25,787
2026-07-13 22:15,29452.00,29467.75,29432.00,29434.25,853
2026-07-13 22:30,29433.25,29443.75,29426.25,29441.00,660
2026-07-13 22:45,29442.25,29458.75,29393.75,29399.50,1812
2026-07-13 23:00,29399.50,29405.00,29366.75,29381.00,1520
2026-07-13 23:15,29382.00,29399.25,29361.75,29366.75,1341
2026-07-13 23:30,29368.00,29379.50,29329.00,29333.75,2264
2026-07-13 23:45,29332.50,29423.75,29327.25,29420.75,2574
2026-07-14 00:00,29422.50,29468.75,29325.75,29463.25,5512
2026-07-14 00:15,29465.50,29475.75,29369.00,29420.75,3872
2026-07-14 00:30,29420.25,29488.00,29399.50,29417.75,3171
2026-07-14 00:45,29418.00,29535.00,29412.50,29521.00,3112
2026-07-14 01:00,29521.00,29541.25,29480.00,29492.25,2539
2026-07-14 01:15,29489.50,29528.50,29481.00,29504.75,2269
2026-07-14 01:30,29507.00,29516.50,29441.00,29472.75,2670
2026-07-14 01:45,29475.50,29504.75,29437.00,29445.00,1918
2026-07-14 02:00,29447.25,29489.00,29424.00,29424.00,2114
2026-07-14 02:15,29425.00,29435.25,29373.00,29401.00,2362
2026-07-14 02:30,29403.25,29456.00,29365.25,29444.50,2373
2026-07-14 02:45,29445.50,29453.25,29384.00,29389.00,1393
2026-07-14 03:00,29390.75,29391.50,29328.50,29335.00,2025
2026-07-14 03:15,29334.00,29377.75,29303.50,29376.75,3017
2026-07-14 03:30,29376.50,29405.00,29334.25,29359.25,3095
2026-07-14 03:45,29358.50,29426.00,29353.25,29423.50,1763
2026-07-14 04:00,29406.50,29406.50,29371.25,29391.00,1779
2026-07-14 04:15,29391.00,29452.75,29381.00,29450.00,1194
2026-07-14 04:30,29450.50,29488.00,29442.50,29474.25,1305
2026-07-14 04:45,29473.75,29516.50,29472.50,29508.50,1203
2026-07-14 05:00,29509.75,29548.50,29490.00,29545.50,1563
2026-07-14 05:15,29546.25,29610.00,29534.75,29604.50,2991
2026-07-14 05:30,29605.00,29631.25,29577.75,29594.00,2275
2026-07-14 05:45,29596.50,29606.00,29582.75,29593.00,1172
2026-07-14 06:00,29592.00,29634.75,29586.25,29629.75,1682
2026-07-14 06:15,29629.00,29649.75,29595.00,29606.25,2380
2026-07-14 06:30,29606.25,29634.25,29593.00,29598.00,1454
2026-07-14 06:45,29596.00,29598.00,29562.75,29564.25,988
2026-07-14 07:00,29564.00,29602.25,29545.50,29600.50,1992
2026-07-14 07:15,29599.25,29621.25,29576.75,29604.50,1302
2026-07-14 07:30,29606.00,29608.25,29567.25,29572.25,885
2026-07-14 07:45,29576.00,29609.75,29557.25,29574.50,1217
2026-07-14 08:00,29575.00,29602.00,29547.75,29580.50,2069
2026-07-14 08:15,29582.00,29632.00,29582.00,29618.25,1558
2026-07-14 08:30,29617.75,29636.25,29606.50,29613.50,1192
2026-07-14 08:45,29613.25,29613.25,29570.75,29573.00,803
2026-07-14 09:00,29573.00,29626.50,29557.75,29624.50,1199
2026-07-14 09:15,29623.50,29629.50,29572.25,29574.75,1096
2026-07-14 09:30,29573.50,29609.75,29573.25,29599.50,789
2026-07-14 09:45,29598.50,29623.75,29596.75,29602.25,667
2026-07-14 10:00,29603.25,29620.25,29594.75,29605.00,498
2026-07-14 10:15,29607.25,29608.50,29585.50,29598.75,419
2026-07-14 10:30,29595.75,29633.00,29578.75,29607.25,1327
2026-07-14 10:45,29603.25,29620.50,29589.25,29607.25,700
2026-07-14 11:00,29606.75,29621.25,29555.00,29608.00,3710
2026-07-14 11:15,29607.25,29670.50,29605.50,29640.50,3714
2026-07-14 11:30,29640.75,29668.25,29613.75,29620.50,1810
2026-07-14 11:45,29619.00,29658.50,29617.75,29632.00,1563
2026-07-14 12:00,29635.00,29637.75,29570.00,29590.25,2305
2026-07-14 12:15,29591.75,29694.00,29577.50,29694.00,3823
2026-07-14 12:30,29694.00,29921.75,29677.00,29821.50,17392
2026-07-14 12:45,29822.75,29838.75,29754.00,29772.50,6343
2026-07-14 13:00,29773.75,29809.00,29764.50,29782.25,4511
2026-07-14 13:15,29782.75,29832.00,29742.50,29811.75,6984
2026-07-14 13:30,29811.00,29815.75,29685.00,29754.25,27770
2026-07-14 13:45,29752.75,29808.50,29714.00,29781.25,17669
2026-07-14 14:00,29780.25,29804.75,29637.00,29665.25,21597
2026-07-14 14:15,29662.75,29733.00,29567.50,29684.50,22443
2026-07-14 14:30,29683.75,29839.75,29658.25,29728.00,20475
2026-07-14 14:45,29728.75,29784.50,29659.50,29772.50,12816
2026-07-14 15:00,29773.50,29865.50,29753.75,29848.75,18370
2026-07-14 15:15,29847.50,29889.00,29825.25,29884.50,12395
2026-07-14 15:30,29885.00,29895.75,29799.00,29835.75,13587
2026-07-14 15:45,29834.00,29852.00,29760.00,29785.50,10558
2026-07-14 16:00,29786.00,29791.25,29711.00,29738.00,12041
2026-07-14 16:15,29739.75,29784.00,29704.50,29779.25,9016
2026-07-14 16:30,29778.50,29824.25,29750.25,29809.50,8205
2026-07-14 16:45,29809.75,29830.00,29783.50,29826.75,6871
2026-07-14 17:00,29826.75,29851.00,29814.50,29822.50,7125
2026-07-14 17:15,29822.25,29867.00,29807.00,29850.00,7441
2026-07-14 17:30,29849.50,29861.50,29818.75,29846.00,4997
2026-07-14 17:45,29846.00,29865.50,29829.00,29863.25,4675
2026-07-14 18:00,29863.00,29871.75,29842.50,29869.25,5371
2026-07-14 18:15,29868.75,29878.25,29847.50,29853.75,4338
2026-07-14 18:30,29854.00,29869.50,29810.50,29824.75,7892
2026-07-14 18:45,29825.75,29843.50,29813.00,29824.00,5296
2026-07-14 19:00,29824.50,29832.50,29780.00,29816.00,8084
2026-07-14 19:15,29816.00,29837.75,29796.50,29796.75,6649
2026-07-14 19:30,29797.25,29817.25,29771.00,29811.50,8569
2026-07-14 19:45,29811.25,29836.00,29779.00,29786.75,18102
2026-07-14 20:00,29786.50,29810.00,29772.50,29788.25,9185
2026-07-14 20:15,29787.50,29792.25,29767.75,29775.00,1593
2026-07-14 20:30,29774.50,29799.25,29772.75,29796.00,1575
2026-07-14 20:45,29796.25,29801.50,29791.00,29793.50,1108
2026-07-14 22:00,29805.00,29806.25,29745.50,29753.00,1072
2026-07-14 22:15,29755.75,29797.25,29752.00,29786.25,1083
2026-07-14 22:30,29788.50,29796.00,29774.75,29779.75,701
2026-07-14 22:45,29779.75,29783.25,29764.25,29773.25,854
2026-07-14 23:00,29772.75,29799.75,29758.00,29794.75,1112
2026-07-14 23:15,29793.75,29873.00,29785.00,29866.75,2028
2026-07-14 23:30,29866.25,29881.50,29847.50,29849.25,1255
2026-07-14 23:45,29848.50,29900.00,29844.50,29889.25,1639
2026-07-15 00:00,29889.00,29902.75,29837.50,29893.00,2473
2026-07-15 00:15,29888.75,29938.00,29882.00,29918.00,2109
2026-07-15 00:30,29920.25,29928.50,29841.00,29858.25,2316
2026-07-15 00:45,29858.25,29929.50,29849.00,29918.00,1596
2026-07-15 01:00,29920.00,29927.00,29860.00,29886.25,1894
2026-07-15 01:15,29885.00,29942.75,29885.00,29922.75,1606
2026-07-15 01:30,29924.25,29944.00,29891.50,29892.75,1637
2026-07-15 01:45,29894.25,29959.25,29891.75,29957.25,1477
2026-07-15 02:00,29958.75,29981.00,29949.25,29963.50,1480
2026-07-15 02:15,29966.50,29981.75,29958.50,29966.75,1300
2026-07-15 02:30,29970.00,29985.75,29966.50,29983.00,942
2026-07-15 02:45,29984.00,29987.25,29959.00,29960.75,913
2026-07-15 03:00,29961.00,29967.75,29947.25,29960.00,1002
2026-07-15 03:15,29959.50,29985.00,29955.00,29978.50,1099
2026-07-15 03:30,29979.00,30002.00,29977.25,29987.25,1235
2026-07-15 03:45,29987.75,30019.25,29986.00,30014.00,779
2026-07-15 04:00,30000.25,30006.75,29995.75,30000.25,805
2026-07-15 04:15,30000.25,30013.00,29989.25,29990.25,620
2026-07-15 04:30,29990.75,30011.50,29983.25,30005.00,968
2026-07-15 04:45,30006.00,30025.00,30003.75,30021.75,790
2026-07-15 05:00,30022.50,30058.25,29992.50,29999.25,4023
2026-07-15 05:15,30000.00,30025.00,29976.75,29981.75,1287
2026-07-15 05:30,29980.75,30009.50,29967.75,29992.25,1565
2026-07-15 05:45,29990.50,30032.00,29984.25,30032.00,1183
2026-07-15 06:00,30031.75,30050.00,30027.75,30042.50,1871
2026-07-15 06:15,30040.50,30045.25,30023.00,30039.25,739
2026-07-15 06:30,30041.75,30045.25,30009.75,30018.75,1077
2026-07-15 06:45,30018.50,30038.00,30012.25,30030.00,1279
2026-07-15 07:00,30030.50,30062.50,30007.50,30036.25,2077
2026-07-15 07:15,30035.75,30035.75,29928.00,29969.00,2871
2026-07-15 07:30,29968.00,29989.75,29945.25,29979.00,2011
2026-07-15 07:45,29979.00,30005.25,29971.00,29996.25,1027
2026-07-15 08:00,29997.25,29998.75,29909.00,29918.25,2647
2026-07-15 08:15,29918.25,29924.75,29872.00,29913.50,1925
2026-07-15 08:30,29912.75,29926.25,29897.75,29925.50,1244
2026-07-15 08:45,29925.00,29943.50,29911.75,29936.50,1008
2026-07-15 09:00,29937.75,29958.00,29937.75,29954.00,810
2026-07-15 09:15,29953.25,29963.50,29943.25,29950.25,559
2026-07-15 09:30,29947.75,29959.75,29928.25,29951.00,752
2026-07-15 09:45,29952.00,29952.00,29914.25,29924.75,664
2026-07-15 10:00,29926.00,29944.00,29916.25,29942.25,520
2026-07-15 10:15,29942.25,29947.25,29886.00,29896.00,1283
2026-07-15 10:30,29897.75,29921.25,29890.00,29901.75,926
2026-07-15 10:45,29902.00,29934.25,29899.75,29927.25,686
2026-07-15 11:00,29926.00,29953.00,29919.50,29925.00,1007
2026-07-15 11:15,29925.25,29942.50,29915.25,29921.50,746
2026-07-15 11:30,29922.75,29942.00,29911.50,29928.25,743
2026-07-15 11:45,29928.00,29928.00,29904.50,29912.50,1040
2026-07-15 12:00,29914.50,29919.50,29873.75,29881.00,1423
2026-07-15 12:15,29882.25,29892.75,29856.25,29875.50,1477
2026-07-15 12:30,29875.25,29973.75,29856.50,29951.50,6657
2026-07-15 12:45,29952.00,29995.25,29941.75,29980.00,3764
2026-07-15 13:00,29980.00,29999.75,29939.25,29946.50,3272
2026-07-15 13:15,29948.00,29966.75,29936.25,29954.75,3748
2026-07-15 13:30,29955.25,29977.50,29831.00,29833.75,28026
2026-07-15 13:45,29833.25,29847.25,29754.50,29822.50,27621
2026-07-15 14:00,29823.50,29892.50,29806.00,29806.50,18392
2026-07-15 14:15,29806.50,29830.75,29639.25,29724.00,28280
2026-07-15 14:30,29723.75,29736.75,29536.75,29600.50,27486
2026-07-15 14:45,29600.50,29644.00,29562.50,29630.75,17910
2026-07-15 15:00,29632.00,29661.75,29579.50,29592.25,12159
2026-07-15 15:15,29591.00,29642.00,29526.50,29641.00,16868
2026-07-15 15:30,29640.75,29656.25,29586.25,29615.75,11767
2026-07-15 15:45,29616.50,29618.00,29560.00,29582.00,9593
2026-07-15 16:00,29580.25,29599.50,29471.25,29476.25,15065
2026-07-15 16:15,29475.50,29496.75,29431.25,29462.00,13169
2026-07-15 16:30,29462.00,29483.25,29397.00,29445.00,12467
2026-07-15 16:45,29445.75,29540.25,29433.75,29512.75,14362
2026-07-15 17:00,29512.75,29561.75,29504.75,29532.25,9449
2026-07-15 17:15,29531.25,29608.25,29526.75,29604.00,9371
2026-07-15 17:30,29604.75,29637.50,29604.50,29634.00,9764
2026-07-15 17:45,29633.25,29705.75,29625.25,29686.50,13583
2026-07-15 18:00,29686.50,29730.00,29681.75,29716.25,10637
2026-07-15 18:15,29716.25,29742.75,29684.75,29724.50,10807
2026-07-15 18:30,29724.50,29735.00,29658.00,29662.75,8732
2026-07-15 18:45,29662.25,29665.75,29595.00,29613.25,11846
2026-07-15 19:00,29613.00,29668.75,29604.75,29643.00,10367
2026-07-15 19:15,29644.00,29649.00,29589.00,29643.25,8400
2026-07-15 19:30,29643.25,29695.50,29608.50,29683.75,13575
2026-07-15 19:45,29684.25,29707.00,29648.50,29700.50,17350
2026-07-15 20:00,29700.75,29737.00,29664.00,29702.00,9222
2026-07-15 20:15,29702.50,29720.50,29696.00,29718.75,1450
2026-07-15 20:30,29718.50,29719.25,29700.00,29716.25,917
2026-07-15 20:45,29716.50,29720.50,29705.75,29707.50,891
2026-07-15 22:00,29709.00,29749.00,29700.00,29735.75,593
2026-07-15 22:15,29724.25,29730.00,29709.75,29716.25,881
2026-07-15 22:30,29716.50,29724.00,29684.25,29685.00,1270
2026-07-15 22:45,29684.25,29722.25,29677.00,29716.25,1845
2026-07-15 23:00,29716.00,29736.25,29710.75,29720.00,738
2026-07-15 23:15,29719.25,29725.00,29695.50,29718.50,1326
2026-07-15 23:30,29717.25,29734.00,29704.00,29704.75,598
2026-07-15 23:45,29693.25,29705.75,29682.00,29690.00,1155
2026-07-16 00:00,29690.00,29758.00,29682.25,29755.25,1884
2026-07-16 00:15,29753.00,29763.25,29662.50,29669.50,2801
2026-07-16 00:30,29670.00,29695.75,29626.75,29626.75,2482
2026-07-16 00:45,29626.00,29679.25,29622.25,29651.25,1780
2026-07-16 01:00,29653.75,29668.00,29615.50,29626.00,1659
2026-07-16 01:15,29625.50,29629.00,29601.50,29605.25,1462
2026-07-16 01:30,29604.50,29646.00,29595.75,29615.25,1604
2026-07-16 01:45,29614.00,29685.75,29612.50,29651.00,2015
2026-07-16 02:00,29651.25,29652.75,29620.00,29640.00,1332
2026-07-16 02:15,29640.25,29706.00,29634.00,29696.75,1803
2026-07-16 02:30,29695.50,29707.00,29670.00,29680.00,1347
2026-07-16 02:45,29680.00,29736.00,29676.50,29727.00,1942
2026-07-16 03:00,29728.00,29751.75,29721.25,29748.75,1175
2026-07-16 03:15,29749.25,29751.75,29710.50,29716.50,899
2026-07-16 03:30,29716.75,29747.00,29713.50,29719.50,862
2026-07-16 03:45,29720.75,29738.50,29701.75,29737.75,652
2026-07-16 04:00,29727.25,29756.00,29722.25,29754.50,901
2026-07-16 04:15,29754.50,29756.25,29710.00,29716.00,909
2026-07-16 04:30,29715.00,29721.25,29691.25,29706.50,620
2026-07-16 04:45,29703.25,29717.00,29699.25,29708.00,467
2026-07-16 05:00,29709.00,29748.00,29697.00,29748.00,1011
2026-07-16 05:15,29747.75,29775.50,29739.25,29765.75,1328
2026-07-16 05:30,29765.75,29797.00,29666.50,29702.50,3014
2026-07-16 05:45,29704.50,29711.00,29678.50,29686.50,834
2026-07-16 06:00,29687.75,29739.25,29646.50,29731.75,4208
2026-07-16 06:15,29729.25,29749.75,29684.00,29686.00,1614
2026-07-16 06:30,29682.00,29697.25,29641.25,29673.50,1381
2026-07-16 06:45,29672.25,29694.00,29657.00,29683.75,681
2026-07-16 07:00,29684.75,29686.50,29620.75,29621.50,1433
2026-07-16 07:15,29622.25,29649.50,29611.75,29622.50,1647
2026-07-16 07:30,29623.50,29629.25,29568.50,29570.00,1659
2026-07-16 07:45,29571.25,29583.75,29548.50,29562.25,1528
2026-07-16 08:00,29563.50,29572.75,29488.00,29490.50,2582
2026-07-16 08:15,29493.75,29561.75,29478.75,29538.50,1940
2026-07-16 08:30,29539.50,29576.75,29528.25,29551.00,1287
2026-07-16 08:45,29550.50,29595.50,29550.50,29591.50,1139
2026-07-16 09:00,29593.25,29635.00,29592.00,29625.25,1521
2026-07-16 09:15,29626.25,29645.25,29611.00,29613.25,1113
2026-07-16 09:30,29614.75,29631.00,29583.75,29585.25,887
2026-07-16 09:45,29584.25,29585.75,29528.00,29531.25,1982
2026-07-16 10:00,29530.25,29561.25,29514.50,29550.75,1423
2026-07-16 10:15,29550.75,29550.75,29512.25,29537.50,801
2026-07-16 10:30,29537.25,29555.75,29507.75,29521.25,1302
2026-07-16 10:45,29521.25,29537.75,29502.50,29531.00,1013
2026-07-16 11:00,29528.75,29532.00,29459.75,29488.00,2024
2026-07-16 11:15,29488.25,29502.00,29446.25,29472.00,2036
2026-07-16 11:30,29472.75,29472.75,29428.00,29439.50,2283
2026-07-16 11:45,29438.75,29456.00,29361.00,29446.75,3974
2026-07-16 12:00,29445.75,29457.25,29392.75,29423.50,2628
2026-07-16 12:15,29422.25,29440.25,29378.00,29408.00,3239
2026-07-16 12:30,29407.75,29427.75,29365.50,29375.00,3424
2026-07-16 12:45,29374.75,29415.00,29363.50,29392.25,2622
2026-07-16 13:00,29393.25,29457.25,29387.75,29452.00,4310
2026-07-16 13:15,29451.50,29488.50,29441.75,29464.75,5290
2026-07-16 13:30,29464.75,29532.00,29308.50,29317.75,32155
2026-07-16 13:45,29316.50,29363.75,29255.50,29347.50,28092
2026-07-16 14:00,29346.50,29495.75,29315.25,29468.50,22591
2026-07-16 14:15,29467.50,29501.00,29397.75,29482.50,18552
2026-07-16 14:30,29483.25,29513.50,29426.50,29464.50,12123
2026-07-16 14:45,29464.50,29479.00,29362.00,29433.75,15520
2026-07-16 15:00,29435.50,29458.75,29336.00,29358.50,14431
2026-07-16 15:15,29359.00,29451.50,29336.75,29406.75,15298
2026-07-16 15:30,29406.50,29468.00,29370.00,29397.75,11977
2026-07-16 15:45,29397.50,29435.00,29354.50,29392.00,10723
2026-07-16 16:00,29392.50,29395.25,29289.25,29293.25,12329
2026-07-16 16:15,29293.50,29315.00,29260.75,29299.25,12866
2026-07-16 16:30,29300.50,29339.50,29286.00,29292.75,8828
2026-07-16 16:45,29294.75,29352.50,29270.75,29338.25,9065
2026-07-16 17:00,29339.00,29342.00,29284.50,29288.00,7283
2026-07-16 17:15,29288.50,29343.00,29275.00,29333.00,8159
2026-07-16 17:30,29334.00,29345.00,29230.00,29243.75,10939
2026-07-16 17:45,29244.25,29269.00,29219.00,29244.50,9318
2026-07-16 18:00,29244.25,29279.50,29223.50,29233.00,9374
2026-07-16 18:15,29232.75,29304.00,29217.25,29269.75,10128
2026-07-16 18:30,29269.00,29269.25,29198.50,29237.75,8952
2026-07-16 18:45,29237.50,29253.25,29200.25,29210.50,7174
2026-07-16 19:00,29210.00,29242.00,29176.00,29183.75,10716
2026-07-16 19:15,29183.25,29186.25,29119.00,29148.50,12708
2026-07-16 19:30,29147.50,29170.25,29117.25,29121.50,13257
2026-07-16 19:45,29121.25,29238.25,29078.50,29217.00,31586
2026-07-16 20:00,29217.75,29231.25,29166.00,29167.75,12103
2026-07-16 20:15,29167.50,29200.00,29162.75,29181.00,2708
2026-07-16 20:30,29180.25,29189.75,29164.00,29174.50,2083
2026-07-16 20:45,29172.75,29183.25,29167.50,29179.00,1374
2026-07-16 22:00,29191.00,29220.00,29166.25,29185.00,787
2026-07-16 22:15,29186.50,29188.25,29136.50,29139.75,1435
2026-07-16 22:30,29139.00,29159.25,29130.75,29149.50,1301
2026-07-16 22:45,29149.50,29151.25,29115.25,29136.50,1309
2026-07-16 23:00,29134.75,29144.75,29106.25,29130.75,1317
2026-07-16 23:15,29133.00,29134.25,29075.75,29093.00,1556
2026-07-16 23:30,29092.50,29129.75,29060.00,29109.25,1866
2026-07-16 23:45,29110.25,29118.00,29082.75,29096.50,1000
2026-07-17 00:00,29095.50,29124.25,29031.50,29043.50,2981
2026-07-17 00:15,29041.25,29076.00,29011.00,29018.25,2787
2026-07-17 00:30,29018.50,29030.50,28993.50,29024.75,3109
2026-07-17 00:45,29024.50,29082.00,29017.75,29057.00,2741
2026-07-17 01:00,29059.75,29105.50,29024.25,29029.25,2933
2026-07-17 01:15,29031.75,29046.00,29010.50,29039.50,1539
2026-07-17 01:30,29040.75,29044.00,28964.50,28975.00,3200
2026-07-17 01:45,28972.25,28990.75,28945.75,28972.00,2563
2026-07-17 02:00,28970.75,28985.75,28950.00,28956.75,1429
2026-07-17 02:15,28957.50,28961.25,28917.25,28928.75,1900
2026-07-17 02:30,28927.25,28940.75,28903.25,28932.50,2296
2026-07-17 02:45,28934.00,28940.00,28902.25,28925.00,1588
2026-07-17 03:00,28926.25,28960.75,28915.00,28953.75,1359
2026-07-17 03:15,28954.25,29026.00,28954.25,29015.25,2526
2026-07-17 03:30,29013.50,29016.75,28943.50,28954.50,2352
2026-07-17 03:45,28957.00,28960.00,28913.75,28922.25,1656
2026-07-17 04:00,28873.50,28879.25,28840.00,28850.00,3807
2026-07-17 04:15,28851.25,28859.50,28803.00,28809.50,2823
2026-07-17 04:30,28808.00,28826.00,28774.50,28809.50,3259
2026-07-17 04:45,28809.50,28841.25,28804.75,28804.75,2163
2026-07-17 05:00,28806.00,28820.25,28787.75,28804.75,1904
2026-07-17 05:15,28803.50,28823.00,28783.50,28791.00,1711
2026-07-17 05:30,28792.50,28811.75,28725.00,28759.75,3217
2026-07-17 05:45,28758.50,28774.00,28733.25,28756.25,1949
2026-07-17 06:00,28755.00,28774.00,28722.50,28756.75,2966
2026-07-17 06:15,28757.50,28824.50,28745.50,28815.25,2920
2026-07-17 06:30,28814.25,28825.00,28762.00,28776.50,1936
2026-07-17 06:45,28774.25,28774.50,28730.50,28743.00,1879
2026-07-17 07:00,28744.25,28767.50,28720.50,28751.50,2851
2026-07-17 07:15,28752.25,28765.75,28713.50,28748.00,2107
2026-07-17 07:30,28750.00,28759.50,28702.50,28715.75,1768
2026-07-17 07:45,28715.25,28722.25,28682.50,28688.00,1994
2026-07-17 08:00,28687.50,28735.00,28667.50,28678.00,3210
2026-07-17 08:15,28677.75,28678.50,28577.25,28609.75,6436
2026-07-17 08:30,28609.50,28617.75,28550.00,28585.75,3039
2026-07-17 08:45,28584.25,28662.00,28581.25,28630.00,3123
2026-07-17 09:00,28628.75,28675.50,28618.75,28673.50,2240
2026-07-17 09:15,28671.50,28690.50,28630.00,28690.00,2165
2026-07-17 09:30,28691.00,28716.00,28661.75,28686.00,1923
2026-07-17 09:45,28685.00,28728.00,28683.75,28711.50,2088
2026-07-17 10:00,28711.75,28772.25,28691.50,28766.25,3532
2026-07-17 10:15,28767.00,28787.25,28722.00,28773.50,3250
2026-07-17 10:30,28772.25,28825.50,28763.00,28801.25,3545
2026-07-17 10:45,28799.25,28815.00,28777.00,28785.00,2039
2026-07-17 11:00,28786.75,28808.25,28750.00,28757.25,3334
2026-07-17 11:15,28759.25,28775.00,28728.25,28761.75,2594
2026-07-17 11:30,28763.00,28765.00,28713.50,28729.75,1699
2026-07-17 11:45,28727.50,28764.25,28718.00,28741.50,1760
2026-07-17 12:00,28740.00,28744.75,28675.00,28683.75,3220
2026-07-17 12:15,28683.25,28696.75,28662.00,28675.75,2437
2026-07-17 12:30,28674.75,28683.75,28650.75,28674.50,2936
2026-07-17 12:45,28675.25,28690.75,28645.50,28664.50,3244
2026-07-17 13:00,28664.75,28665.75,28619.75,28621.50,4225
2026-07-17 13:15,28621.00,28648.25,28581.00,28607.75,9514
2026-07-17 13:30,28607.00,28686.00,28408.25,28420.00,41802
2026-07-17 13:45,28419.50,28681.75,28412.00,28676.00,31009
2026-07-17 14:00,28676.00,28862.25,28665.25,28803.50,35015
2026-07-17 14:15,28804.00,28887.50,28779.75,28832.00,24554
2026-07-17 14:30,28832.00,28896.00,28760.25,28825.50,25613
2026-07-17 14:45,28824.50,28857.75,28721.00,28727.00,18567
2026-07-17 15:00,28727.00,28755.75,28676.75,28706.50,16289
2026-07-17 15:15,28707.25,28760.00,28672.25,28753.50,14641
2026-07-17 15:30,28753.25,28843.50,28718.00,28799.00,17907
2026-07-17 15:45,28797.00,28948.50,28781.50,28933.50,15829
2026-07-17 16:00,28934.00,28955.75,28846.00,28939.00,18302
2026-07-17 16:15,28939.75,28956.00,28858.00,28913.50,14099
2026-07-17 16:30,28914.25,28972.25,28885.75,28971.00,10119
2026-07-17 16:45,28971.00,29028.00,28960.50,28974.25,14109
2026-07-17 17:00,28974.75,29050.25,28966.25,28995.75,11600
2026-07-17 17:15,28995.50,29042.75,28979.25,29035.50,11104
2026-07-17 17:30,29035.75,29042.25,28943.00,28950.25,10099
2026-07-17 17:45,28949.75,28969.75,28883.75,28895.75,9024
2026-07-17 18:00,28896.25,28937.00,28856.25,28862.25,9723
2026-07-17 18:15,28863.25,28870.75,28822.50,28851.75,10244
2026-07-17 18:30,28852.00,28891.75,28797.00,28808.75,11704
2026-07-17 18:45,28808.25,28886.00,28797.00,28861.25,10291
2026-07-17 19:00,28861.00,28869.25,28757.75,28760.00,9841
2026-07-17 19:15,28759.25,28807.00,28718.50,28795.50,11669
2026-07-17 19:30,28795.75,28846.50,28753.75,28795.50,14163
2026-07-17 19:45,28795.50,28853.50,28756.00,28764.25,23628
2026-07-17 20:00,28764.50,28768.00,28712.50,28738.50,12470
2026-07-17 20:15,28738.75,28754.50,28733.50,28749.75,2605
2026-07-17 20:30,28749.50,28768.75,28749.25,28767.25,2812
2026-07-17 20:45,28767.50,28779.75,28754.50,28773.25,1690
2026-07-19 22:00,28733.75,28737.75,28709.75,28715.75,628
2026-07-19 22:15,28715.25,28818.75,28714.25,28766.50,3176
2026-07-19 22:30,28763.75,28851.00,28757.75,28838.25,2348
2026-07-19 22:45,28839.00,28848.25,28810.00,28814.50,1317
2026-07-19 23:00,28818.00,28836.25,28785.00,28812.50,1513
2026-07-19 23:15,28814.00,28824.75,28781.00,28805.25,1058
2026-07-19 23:30,28805.50,28868.50,28793.75,28864.50,1678
2026-07-19 23:45,28866.75,28880.25,28815.00,28868.25,1953
2026-07-20 00:00,28870.00,28956.50,28806.00,28940.25,4507
2026-07-20 00:15,28940.25,28963.50,28926.50,28935.00,2547
2026-07-20 00:30,28935.75,28938.25,28873.00,28886.25,2672
2026-07-20 00:45,28888.00,28900.25,28850.00,28859.25,2012
2026-07-20 01:00,28861.75,28917.50,28846.50,28853.00,2118
2026-07-20 01:15,28853.00,28885.00,28811.50,28815.50,2862
2026-07-20 01:30,28815.00,28834.75,28776.50,28796.50,2488
2026-07-20 01:45,28796.25,28819.50,28762.75,28795.75,2037
2026-07-20 02:00,28798.50,28889.00,28795.75,28838.25,2613
2026-07-20 02:15,28839.50,28846.50,28793.00,28811.25,1634
2026-07-20 02:30,28811.00,28917.75,28809.50,28899.25,2088
2026-07-20 02:45,28901.25,28948.00,28883.75,28886.00,1955
2026-07-20 03:00,28888.00,28913.00,28856.00,28884.75,1176
2026-07-20 03:15,28883.75,28913.75,28863.00,28876.50,1253
2026-07-20 03:30,28876.50,28903.25,28851.00,28898.50,1303
2026-07-20 03:45,28900.00,28937.75,28881.00,28894.50,1524
2026-07-20 04:00,28900.00,28918.75,28863.00,28867.25,1295
2026-07-20 04:15,28867.25,28902.75,28844.50,28900.50,1148
2026-07-20 04:30,28900.25,28940.25,28888.25,28933.50,1713
2026-07-20 04:45,28934.75,28942.00,28892.75,28897.75,976
2026-07-20 05:00,28898.00,28901.75,28812.75,28862.25,2274
2026-07-20 05:15,28862.50,28862.50,28826.25,28832.75,832
2026-07-20 05:30,28831.25,28839.00,28809.00,28813.00,1237
2026-07-20 05:45,28813.25,28832.25,28789.00,28807.25,1277
2026-07-20 06:00,28808.00,28823.75,28781.75,28785.50,1256
2026-07-20 06:15,28783.50,28815.25,28768.75,28785.00,1281
2026-07-20 06:30,28786.50,28813.50,28766.00,28804.25,1194
2026-07-20 06:45,28802.50,28811.50,28778.50,28803.50,1028
2026-07-20 07:00,28805.75,28833.75,28804.50,28819.25,1583
2026-07-20 07:15,28820.75,28885.75,28797.75,28880.25,1782
2026-07-20 07:30,28880.00,28926.00,28878.25,28905.50,2309
2026-07-20 07:45,28905.50,28923.00,28879.00,28911.00,1370
2026-07-20 08:00,28908.25,28934.25,28889.50,28926.75,1668
2026-07-20 08:15,28928.25,28939.75,28895.50,28902.50,1379
2026-07-20 08:30,28902.25,28907.25,28860.00,28863.25,1161
2026-07-20 08:45,28864.75,28890.00,28860.75,28882.00,712
2026-07-20 09:00,28879.25,28888.50,28854.00,28878.00,812
2026-07-20 09:15,28878.00,28915.75,28878.00,28904.75,877
2026-07-20 09:30,28904.25,28941.50,28898.00,28940.75,1082
2026-07-20 09:45,28941.00,28998.25,28940.00,28952.50,3057
2026-07-20 10:00,28952.75,28957.50,28926.50,28933.25,1054
2026-07-20 10:15,28932.75,28962.25,28920.50,28956.75,1585
2026-07-20 10:30,28955.00,28976.00,28947.25,28967.25,1399
2026-07-20 10:45,28967.50,28980.00,28961.50,28969.00,801
2026-07-20 11:00,28970.75,29026.50,28963.75,29012.50,2371
2026-07-20 11:15,29012.25,29018.00,28987.75,28998.75,1627
2026-07-20 11:30,28997.75,29109.50,28995.50,29087.25,6811
2026-07-20 11:45,29088.75,29096.75,29048.25,29072.50,2951
2026-07-20 12:00,29072.50,29075.50,28981.75,29004.75,4415
2026-07-20 12:15,29003.00,29036.75,28991.50,29034.75,1692
2026-07-20 12:30,29036.00,29046.00,29001.00,29005.50,2092
2026-07-20 12:45,29005.25,29044.00,29004.00,29025.00,2610
2026-07-20 13:00,29025.00,29058.25,29016.75,29024.00,3601
2026-07-20 13:15,29025.00,29060.00,29021.25,29045.00,4231
2026-07-20 13:30,29045.00,29181.75,29025.75,29178.25,30170
2026-07-20 13:45,29177.75,29192.50,28979.75,28994.75,30382
2026-07-20 14:00,28996.00,29049.00,28938.00,28973.50,24451
2026-07-20 14:15,28971.75,29032.75,28908.00,29030.75,18732
2026-07-20 14:30,29030.75,29053.75,28952.75,28964.50,14091
2026-07-20 14:45,28965.50,29004.25,28874.00,28891.50,18181
2026-07-20 15:00,28891.75,28989.50,28873.25,28945.00,18225
2026-07-20 15:15,28946.00,29024.50,28928.75,29015.50,11629
2026-07-20 15:30,29015.75,29034.75,28986.25,29027.50,10118
2026-07-20 15:45,29028.50,29066.75,28974.00,29050.75,10688
2026-07-20 16:00,29050.75,29119.00,29028.75,29107.00,12197
2026-07-20 16:15,29107.00,29112.75,29069.75,29084.50,8236
2026-07-20 16:30,29085.00,29101.25,28962.00,29004.25,13026
2026-07-20 16:45,29005.00,29051.75,28956.00,28983.75,12677
2026-07-20 17:00,28983.00,28999.75,28922.00,28926.50,9438
2026-07-20 17:15,28926.25,28975.75,28910.25,28957.25,8456
2026-07-20 17:30,28958.25,28973.25,28900.75,28910.00,7534
2026-07-20 17:45,28910.75,28982.75,28908.75,28956.50,7260
2026-07-20 18:00,28957.00,29002.00,28956.50,28992.50,6740
2026-07-20 18:15,28993.00,29009.75,28932.00,28949.00,8385
2026-07-20 18:30,28949.00,28949.00,28858.75,28859.25,10174
2026-07-20 18:45,28860.50,28901.25,28855.75,28870.00,9813
2026-07-20 19:00,28871.00,28896.00,28807.75,28807.75,12058
2026-07-20 19:15,28808.50,28869.00,28796.50,28855.50,11363
2026-07-20 19:30,28855.75,28894.25,28834.25,28866.50,11560
2026-07-20 19:45,28866.50,28880.00,28767.75,28785.75,23261
2026-07-20 20:00,28785.25,28831.50,28767.00,28773.00,8396
2026-07-20 20:15,28772.75,28774.75,28750.50,28759.25,2519
2026-07-20 20:30,28759.00,28780.75,28757.75,28771.25,1527
2026-07-20 20:45,28771.75,28785.75,28767.75,28777.00,1033
2026-07-20 22:00,28778.25,28803.50,28705.00,28720.25,1259
2026-07-20 22:15,28720.00,28732.00,28710.00,28719.75,827
2026-07-20 22:30,28721.50,28734.25,28701.00,28720.75,1137
2026-07-20 22:45,28725.00,28734.25,28705.75,28717.75,609
2026-07-20 23:00,28717.75,28778.50,28711.25,28768.25,1526
2026-07-20 23:15,28769.00,28822.00,28765.50,28819.00,1866
2026-07-20 23:30,28818.75,28824.50,28805.75,28811.75,877
2026-07-20 23:45,28810.50,28832.50,28757.75,28779.25,2563
2026-07-21 00:00,28777.50,28777.75,28707.25,28736.00,3552
2026-07-21 00:15,28740.00,28834.50,28709.00,28816.50,3467
2026-07-21 00:30,28818.25,28880.00,28813.75,28866.25,2141
2026-07-21 00:45,28866.75,28897.00,28853.50,28856.25,2744
2026-07-21 01:00,28859.75,28910.75,28837.50,28903.25,2531
2026-07-21 01:15,28904.50,28912.50,28872.75,28891.00,1696
2026-07-21 01:30,28891.75,28920.50,28866.50,28873.25,1578
2026-07-21 01:45,28875.50,28911.75,28870.00,28885.25,1594
2026-07-21 02:00,28885.25,28937.75,28877.75,28885.50,1733
2026-07-21 02:15,28885.25,28920.25,28859.00,28894.50,1479
2026-07-21 02:30,28894.50,28955.25,28894.25,28949.00,1731
2026-07-21 02:45,28948.75,28956.75,28928.25,28955.00,828
2026-07-21 03:00,28954.00,28981.75,28951.25,28976.00,1110
2026-07-21 03:15,28973.75,28997.50,28971.00,28996.25,1169
2026-07-21 03:30,28996.25,29049.25,28992.00,29034.50,2576
2026-07-21 03:45,29034.00,29078.00,29033.75,29058.25,2516
2026-07-21 04:00,29075.75,29077.00,29065.00,29066.50,2151
2026-07-21 04:15,29066.50,29077.25,29055.75,29064.00,1231
2026-07-21 04:30,29065.25,29076.75,29056.25,29064.25,1038
2026-07-21 04:45,29061.50,29076.75,29048.00,29054.00,947
2026-07-21 05:00,29055.75,29061.00,29033.75,29036.00,960
2026-07-21 05:15,29035.75,29071.25,29016.50,29066.75,1609
2026-07-21 05:30,29066.00,29093.50,29039.75,29086.50,1666
2026-07-21 05:45,29086.25,29105.00,29071.50,29098.25,1422
2026-07-21 06:00,29096.25,29143.50,29096.25,29132.50,2460
2026-07-21 06:15,29133.00,29141.50,29109.00,29112.25,1891
2026-07-21 06:30,29113.25,29155.00,29113.25,29153.00,1747
2026-07-21 06:45,29153.50,29155.50,29130.25,29146.50,816
2026-07-21 07:00,29147.75,29162.00,29118.00,29131.50,1657
2026-07-21 07:15,29130.75,29130.75,29092.50,29103.00,1807
2026-07-21 07:30,29102.00,29127.00,29088.00,29112.00,1368
2026-07-21 07:45,29112.75,29120.75,29091.00,29117.25,1171
2026-07-21 08:00,29118.00,29154.00,29104.00,29151.50,1937
2026-07-21 08:15,29151.00,29168.00,29140.25,29168.00,1570
2026-07-21 08:30,29167.50,29176.75,29156.00,29167.50,1714
2026-07-21 08:45,29166.75,29175.00,29149.75,29167.00,1085
2026-07-21 09:00,29168.00,29181.00,29162.50,29172.00,962
2026-07-21 09:15,29172.25,29195.25,29163.50,29166.75,1818
2026-07-21 09:30,29165.50,29179.25,29151.25,29164.75,1253
2026-07-21 09:45,29164.50,29185.50,29153.50,29155.00,1060
2026-07-21 10:00,29155.25,29198.50,29154.75,29172.75,1653
2026-07-21 10:15,29171.25,29187.25,29164.75,29173.25,899
2026-07-21 10:30,29174.25,29207.00,29164.00,29173.00,1923
2026-07-21 10:45,29172.00,29186.25,29155.50,29166.25,1211
2026-07-21 11:00,29167.75,29184.00,29133.25,29158.00,2006
2026-07-21 11:15,29158.25,29158.50,29119.50,29129.75,2460
2026-07-21 11:30,29129.00,29173.25,29126.00,29166.00,2646
2026-07-21 11:45,29167.50,29182.00,29145.25,29154.25,1568
2026-07-21 12:00,29153.50,29195.25,29146.00,29179.00,2723
2026-07-21 12:15,29178.75,29179.25,29133.25,29134.25,2412
2026-07-21 12:30,29133.00,29143.00,29111.50,29135.00,2932
2026-07-21 12:45,29135.25,29186.75,29134.50,29171.50,3469
2026-07-21 13:00,29173.50,29183.00,29156.25,29162.25,2307
2026-07-21 13:15,29163.00,29225.00,29155.75,29221.50,5386
2026-07-21 13:30,29222.50,29246.25,29129.50,29144.50,37053
2026-07-21 13:45,29144.50,29178.00,29092.50,29152.75,23505
2026-07-21 14:00,29153.50,29188.50,29064.25,29131.50,22358
2026-07-21 14:15,29129.50,29218.25,29067.00,29207.25,19795
2026-07-21 14:30,29207.25,29236.00,29162.00,29224.50,15830
2026-07-21 14:45,29224.75,29256.50,29209.75,29237.50,13934
2026-07-21 15:00,29237.25,29297.50,29181.00,29291.75,16067
2026-07-21 15:15,29292.00,29320.00,29271.75,29307.50,12425
2026-07-21 15:30,29307.00,29308.50,29257.00,29261.50,12194
2026-07-21 15:45,29260.50,29301.25,29256.25,29259.25,7943
2026-07-21 16:00,29259.25,29324.75,29254.25,29301.75,9345
2026-07-21 16:15,29302.00,29337.75,29301.25,29312.50,8847
2026-07-21 16:30,29313.00,29336.00,29302.00,29318.75,7029
2026-07-21 16:45,29318.50,29352.50,29311.25,29331.75,7697
2026-07-21 17:00,29331.50,29355.50,29330.75,29334.75,6701
2026-07-21 17:15,29335.00,29345.75,29323.00,29333.00,5368
2026-07-21 17:30,29333.25,29351.50,29327.25,29341.50,6171
2026-07-21 17:45,29341.75,29364.75,29332.25,29341.25,6173
2026-07-21 18:00,29341.50,29361.75,29337.50,29337.75,5973
2026-07-21 18:15,29338.00,29344.75,29318.50,29325.00,5276
2026-07-21 18:30,29325.25,29349.00,29310.50,29347.25,6580
2026-07-21 18:45,29347.75,29355.75,29316.75,29328.50,6316
2026-07-21 19:00,29328.25,29335.50,29304.25,29309.25,7476
2026-07-21 19:15,29308.50,29320.50,29290.75,29293.75,7378
2026-07-21 19:30,29293.25,29340.50,29290.75,29337.75,9331
2026-07-21 19:45,29337.75,29352.00,29300.25,29310.75,27784
2026-07-21 20:00,29312.00,29316.75,29285.25,29306.50,9743
2026-07-21 20:15,29306.00,29306.00,29283.75,29292.50,2122
2026-07-21 20:30,29292.50,29304.25,29290.00,29292.50,1559
2026-07-21 20:45,29293.25,29294.50,29279.00,29289.75,2054
2026-07-21 22:00,29310.75,29310.75,29280.50,29296.50,588
2026-07-21 22:15,29297.00,29302.25,29265.00,29271.00,946
2026-07-21 22:30,29270.00,29284.00,29257.25,29270.25,744
2026-07-21 22:45,29269.25,29276.00,29253.00,29273.75,787
2026-07-21 23:00,29273.50,29289.25,29261.00,29281.75,829
2026-07-21 23:15,29283.00,29304.75,29272.00,29297.25,914
2026-07-21 23:30,29296.25,29304.50,29270.25,29281.50,873
2026-07-21 23:45,29279.50,29303.00,29268.00,29298.50,1264
2026-07-22 00:00,29298.50,29337.00,29286.00,29327.75,2708
2026-07-22 00:15,29329.50,29330.50,29290.25,29299.00,1681
2026-07-22 00:30,29300.25,29305.50,29272.50,29285.50,1442
2026-07-22 00:45,29282.75,29293.00,29258.25,29288.00,1859
2026-07-22 01:00,29289.75,29293.75,29234.50,29257.00,2047
2026-07-22 01:15,29259.00,29272.00,29239.50,29246.00,1340
2026-07-22 01:30,29243.00,29260.75,29232.00,29255.25,1240
2026-07-22 01:45,29253.00,29307.00,29251.25,29277.25,1920
2026-07-22 02:00,29277.25,29284.00,29238.25,29260.75,1690
2026-07-22 02:15,29260.00,29284.50,29250.50,29276.00,975
2026-07-22 02:30,29275.50,29277.25,29243.00,29253.75,1116
2026-07-22 02:45,29252.25,29263.75,29228.00,29238.25,1143
2026-07-22 03:00,29239.25,29245.00,29210.00,29214.25,1495
2026-07-22 03:15,29213.25,29262.00,29212.00,29262.00,1487
2026-07-22 03:30,29260.25,29267.25,29217.00,29222.50,1167
2026-07-22 03:45,29224.25,29241.50,29190.25,29197.00,1655
2026-07-22 04:00,29223.00,29224.25,29209.00,29213.25,1384
2026-07-22 04:15,29216.00,29238.50,29216.00,29234.00,792
2026-07-22 04:30,29231.75,29232.50,29208.75,29217.50,1032
2026-07-22 04:45,29216.75,29222.75,29193.75,29221.50,827
2026-07-22 05:00,29222.25,29225.25,29179.50,29186.50,1144
2026-07-22 05:15,29187.75,29196.25,29166.00,29166.00,1215
2026-07-22 05:30,29165.50,29183.75,29145.50,29146.00,1635
2026-07-22 05:45,29148.00,29177.75,29146.75,29172.75,1432
2026-07-22 06:00,29171.25,29173.00,29126.00,29133.25,2005
2026-07-22 06:15,29131.75,29131.75,29060.00,29079.50,2985
2026-07-22 06:30,29077.75,29115.50,29068.00,29102.75,1835
2026-07-22 06:45,29101.75,29103.00,29062.25,29092.75,1923
2026-07-22 07:00,29091.75,29102.25,29051.00,29097.00,2340
2026-07-22 07:15,29098.00,29124.50,29084.25,29119.25,1805
2026-07-22 07:30,29117.50,29123.75,29025.75,29065.00,2657
2026-07-22 07:45,29064.25,29077.00,29040.00,29056.00,1939
2026-07-22 08:00,29059.75,29107.00,29038.75,29067.00,2487
2026-07-22 08:15,29066.00,29105.00,29061.50,29100.25,1580
2026-07-22 08:30,29101.25,29115.50,29079.00,29086.75,987
2026-07-22 08:45,29086.75,29117.75,29086.00,29110.00,829
2026-07-22 09:00,29110.25,29150.00,29106.25,29132.00,1820
2026-07-22 09:15,29132.25,29146.75,29123.50,29126.25,843
2026-07-22 09:30,29125.00,29126.50,29096.00,29116.25,1257
2026-07-22 09:45,29115.00,29128.50,29089.25,29127.00,1106
2026-07-22 10:00,29128.25,29159.75,29119.25,29121.00,1467
2026-07-22 10:15,29120.00,29168.50,29113.00,29161.25,2028
2026-07-22 10:30,29162.25,29169.75,29134.75,29136.25,1031
2026-07-22 10:45,29133.75,29173.00,29133.00,29153.00,1444
2026-07-22 11:00,29154.00,29164.75,29122.50,29124.25,1678
2026-07-22 11:15,29123.00,29135.75,29099.25,29101.75,2070
2026-07-22 11:30,29102.00,29114.50,29017.50,29041.75,3802
2026-07-22 11:45,29041.75,29079.00,29035.75,29054.00,2363
2026-07-22 12:00,29056.50,29071.00,29026.00,29045.25,3419
2026-07-22 12:15,29045.25,29048.25,28995.00,29027.00,3391
2026-07-22 12:30,29028.00,29068.75,29028.00,29056.50,4421
2026-07-22 12:45,29056.00,29056.50,28952.00,29017.25,6761
2026-07-22 13:00,29017.50,29063.50,29017.50,29056.75,2654
2026-07-22 13:15,29057.00,29099.00,29054.25,29089.75,5403
2026-07-22 13:30,29090.50,29186.00,29090.00,29178.75,31043
2026-07-22 13:45,29178.50,29277.25,29153.00,29276.75,25243
2026-07-22 14:00,29277.00,29283.75,29216.75,29236.25,19845
2026-07-22 14:15,29236.50,29273.75,29196.00,29220.00,18786
2026-07-22 14:30,29219.25,29260.25,29172.75,29185.25,15214
2026-07-22 14:45,29186.25,29245.00,29173.50,29241.00,14264
2026-07-22 15:00,29241.25,29314.00,29240.25,29306.50,13864
2026-07-22 15:15,29306.50,29342.25,29291.75,29324.50,11315
2026-07-22 15:30,29324.25,29335.50,29274.25,29289.00,10830
2026-07-22 15:45,29289.00,29332.75,29289.00,29329.50,8373
2026-07-22 16:00,29330.25,29333.75,29312.75,29328.50,5957
2026-07-22 16:15,29328.25,29335.00,29300.25,29311.00,6313
2026-07-22 16:30,29311.00,29328.25,29283.75,29290.50,5792
2026-07-22 16:45,29290.75,29321.75,29276.75,29310.50,7067
2026-07-22 17:00,29310.50,29331.25,29303.00,29309.75,6203
2026-07-22 17:15,29310.25,29319.25,29295.00,29306.00,6366
2026-07-22 17:30,29304.00,29320.00,29280.75,29293.75,6819
2026-07-22 17:45,29294.75,29298.25,29234.25,29244.25,8301
2026-07-22 18:00,29244.00,29271.25,29223.75,29224.50,9417
2026-07-22 18:15,29224.50,29255.75,29222.25,29239.00,7536
2026-07-22 18:30,29239.00,29240.00,29207.75,29228.50,7922
2026-07-22 18:45,29228.50,29259.00,29224.25,29245.25,6461
2026-07-22 19:00,29245.75,29258.00,29215.50,29225.00,7209
2026-07-22 19:15,29224.75,29260.00,29217.25,29253.00,6732
2026-07-22 19:30,29253.50,29254.25,29192.50,29212.25,9418
2026-07-22 19:45,29212.50,29246.00,29158.25,29160.50,20934
2026-07-22 20:00,29161.00,29251.00,29119.00,29249.00,18025
2026-07-22 20:15,29249.00,29260.00,29203.25,29217.50,5390
2026-07-22 20:30,29216.25,29225.75,29182.50,29185.00,2464
2026-07-22 20:45,29183.50,29212.50,29165.00,29165.00,1824
2026-07-22 22:00,29100.00,29142.50,29060.50,29085.50,1573
2026-07-22 22:15,29086.00,29107.00,29070.00,29080.50,1911
2026-07-22 22:30,29081.25,29091.25,29041.00,29046.25,1785
2026-07-22 22:45,29047.25,29086.50,29039.25,29072.75,1415
2026-07-22 23:00,29073.50,29081.25,29021.75,29064.50,1970
2026-07-22 23:15,29062.25,29066.75,29035.50,29058.75,929
2026-07-22 23:30,29059.00,29098.25,29058.75,29097.75,1255
2026-07-22 23:45,29095.75,29145.50,29089.75,29142.25,2473
2026-07-23 00:00,29143.75,29173.00,29132.50,29166.75,2699
2026-07-23 00:15,29166.50,29255.50,29157.25,29226.50,3785
2026-07-23 00:30,29226.75,29249.50,29218.25,29234.00,1962
2026-07-23 00:45,29233.75,29282.50,29228.75,29255.00,2523
2026-07-23 01:00,29256.25,29272.00,29236.00,29267.75,1851
2026-07-23 01:15,29270.00,29273.50,29232.50,29240.25,1572
2026-07-23 01:30,29242.00,29260.50,29181.00,29182.00,3032
2026-07-23 01:45,29183.00,29218.00,29175.50,29176.00,2076
2026-07-23 02:00,29176.00,29201.00,29147.75,29148.50,1956
2026-07-23 02:15,29148.00,29155.50,29092.00,29105.00,2173
2026-07-23 02:30,29104.50,29126.75,29057.00,29069.50,2682
2026-07-23 02:45,29069.50,29096.75,29063.00,29089.00,1761
2026-07-23 03:00,29093.50,29096.75,29029.50,29053.50,2310
2026-07-23 03:15,29054.25,29084.25,29039.00,29084.25,2056
2026-07-23 03:30,29083.25,29116.50,29072.25,29116.25,1929
2026-07-23 03:45,29116.00,29128.00,29102.75,29125.00,1020
2026-07-23 04:00,29097.75,29136.75,29084.50,29136.75,1929
2026-07-23 04:15,29135.25,29163.00,29111.75,29151.50,1990
2026-07-23 04:30,29153.50,29165.25,29137.75,29141.50,1217
2026-07-23 04:45,29141.25,29158.25,29112.50,29125.25,1210
2026-07-23 05:00,29126.00,29129.00,29100.00,29118.75,1042
2026-07-23 05:15,29116.50,29170.75,29098.50,29170.75,1702
2026-07-23 05:30,29170.25,29183.25,29137.50,29148.75,1404
2026-07-23 05:45,29148.75,29148.75,29079.25,29088.00,1629
2026-07-23 06:00,29088.00,29116.50,29077.25,29097.50,1357
2026-07-23 06:15,29099.75,29112.25,29079.25,29108.75,1269
2026-07-23 06:30,29108.00,29114.00,29081.50,29081.75,1092
2026-07-23 06:45,29082.75,29119.25,29074.00,29084.00,1468
2026-07-23 07:00,29083.75,29086.75,28954.00,28996.25,4893
2026-07-23 07:15,28996.75,29038.75,28993.50,29015.50,2574
2026-07-23 07:30,29015.75,29019.75,28937.50,28940.50,2621
2026-07-23 07:45,28940.00,28989.25,28922.25,28987.50,2462
2026-07-23 08:00,28988.75,29042.00,28958.25,29034.75,2621
2026-07-23 08:15,29035.50,29061.25,29017.00,29051.00,2603
2026-07-23 08:30,29049.25,29061.50,29030.75,29037.75,1294
2026-07-23 08:45,29036.50,29111.00,29033.75,29103.00,1758
2026-07-23 09:00,29103.50,29137.75,29079.75,29082.25,2410
2026-07-23 09:15,29080.75,29103.00,29078.00,29091.00,1053
2026-07-23 09:30,29092.00,29092.00,29067.25,29074.25,1064
2026-07-23 09:45,29076.75,29087.25,29045.00,29055.25,1305
2026-07-23 10:00,29054.25,29067.00,29038.00,29043.00,1267
2026-07-23 10:15,29042.25,29063.50,29036.00,29053.00,1198
2026-07-23 10:30,29051.75,29122.25,29045.25,29101.25,2569
2026-07-23 10:45,29100.50,29108.00,29094.00,29103.00,937
2026-07-23 11:00,29103.00,29106.50,29033.75,29058.75,1930
2026-07-23 11:15,29056.00,29072.50,28992.50,28993.75,2895
2026-07-23 11:30,28994.75,29002.25,28913.00,28925.25,4757
2026-07-23 11:45,28927.00,28985.00,28913.50,28965.00,3906
2026-07-23 12:00,28964.00,28967.75,28914.75,28916.75,2624
2026-07-23 12:15,28915.25,28938.50,28854.50,28864.50,5657
2026-07-23 12:30,28864.50,28875.00,28768.00,28789.25,8588
2026-07-23 12:45,28790.00,28806.50,28754.75,28787.50,6678
2026-07-23 13:00,28786.50,28804.50,28715.75,28727.00,11038
2026-07-23 13:15,28726.50,28731.50,28697.00,28719.25,10981
2026-07-23 13:30,28718.25,28883.00,28657.00,28857.00,42960
2026-07-23 13:45,28855.25,28868.00,28696.00,28707.75,35756
2026-07-23 14:00,28709.25,28801.25,28678.25,28704.75,30441
2026-07-23 14:15,28704.75,28780.25,28686.50,28731.50,20922
2026-07-23 14:30,28731.00,28773.25,28625.50,28645.00,26372
2026-07-23 14:45,28644.50,28670.50,28577.25,28596.75,21786
2026-07-23 15:00,28597.25,28604.50,28483.00,28494.25,24946
2026-07-23 15:15,28494.00,28569.00,28447.75,28467.25,25578
2026-07-23 15:30,28467.75,28551.00,28432.50,28494.50,19397
2026-07-23 15:45,28493.50,28590.00,28478.25,28588.50,14372
2026-07-23 16:00,28588.50,28644.25,28573.25,28629.75,14948
2026-07-23 16:15,28630.00,28715.00,28609.50,28707.25,13294
2026-07-23 16:30,28707.50,28738.25,28682.25,28687.75,13693
2026-07-23 16:45,28687.50,28687.50,28609.50,28640.75,14860
2026-07-23 17:00,28641.25,28663.25,28588.00,28642.50,13071
2026-07-23 17:15,28642.00,28676.75,28614.75,28652.50,10847
2026-07-23 17:30,28653.00,28657.00,28570.50,28594.50,9861
2026-07-23 17:45,28594.25,28629.25,28565.50,28568.00,8871
2026-07-23 18:00,28568.25,28582.25,28542.50,28560.00,9103
2026-07-23 18:15,28560.25,28584.25,28545.25,28575.00,9111
2026-07-23 18:30,28574.75,28603.50,28545.00,28550.50,8930
2026-07-23 18:45,28549.75,28578.50,28525.25,28550.00,8676
2026-07-23 19:00,28550.00,28566.75,28501.00,28505.75,8686
2026-07-23 19:15,28506.50,28595.25,28504.50,28583.00,12116
2026-07-23 19:30,28583.50,28595.50,28501.50,28502.25,11318
2026-07-23 19:45,28502.00,28633.50,28486.25,28615.00,31823
2026-07-23 20:00,28615.25,28747.50,28610.50,28726.75,18123
2026-07-23 20:15,28727.50,28777.25,28718.50,28769.50,4440
2026-07-23 20:30,28768.50,28782.00,28728.00,28736.00,3195
2026-07-23 20:45,28735.50,28747.00,28725.25,28739.25,2288
2026-07-23 22:00,28700.25,28709.25,28632.00,28642.00,1047
2026-07-23 22:15,28641.25,28676.75,28624.00,28662.25,1769
2026-07-23 22:30,28662.50,28692.25,28662.50,28684.75,1369
2026-07-23 22:45,28683.75,28732.75,28683.00,28731.25,1626
2026-07-23 23:00,28729.50,28736.00,28687.50,28696.75,1753
2026-07-23 23:15,28698.00,28708.50,28689.00,28698.50,1014
2026-07-23 23:30,28698.00,28700.75,28661.25,28687.00,1513
2026-07-23 23:45,28687.25,28708.25,28658.25,28679.00,1958
2026-07-24 00:00,28680.25,28724.00,28619.00,28643.25,4258
2026-07-24 00:15,28643.75,28684.25,28615.75,28643.00,2742
2026-07-24 00:30,28646.00,28677.50,28618.00,28655.75,2156
2026-07-24 00:45,28656.75,28680.00,28627.00,28672.00,2007
2026-07-24 01:00,28672.25,28701.50,28656.50,28661.25,1828
2026-07-24 01:15,28662.50,28693.00,28641.25,28656.25,1914
2026-07-24 01:30,28655.50,28685.50,28646.25,28664.00,1696
2026-07-24 01:45,28663.00,28673.25,28607.00,28614.25,1570
2026-07-24 02:00,28612.75,28632.00,28593.75,28616.75,1474
2026-07-24 02:15,28617.50,28625.00,28587.00,28594.75,1605
2026-07-24 02:30,28595.25,28598.25,28547.75,28548.00,2280
2026-07-24 02:45,28548.00,28552.50,28515.00,28519.25,2086
2026-07-24 03:00,28520.00,28546.50,28517.75,28539.50,1494
2026-07-24 03:15,28539.50,28560.75,28521.25,28545.50,2066
2026-07-24 03:30,28544.25,28555.75,28499.75,28505.00,2215
2026-07-24 03:45,28503.50,28520.00,28482.00,28486.00,2001
2026-07-24 04:00,28513.75,28515.75,28481.25,28485.00,2101
2026-07-24 04:15,28485.25,28556.75,28483.00,28551.75,1713
2026-07-24 04:30,28550.50,28558.00,28512.25,28529.25,1134
2026-07-24 04:45,28528.75,28571.50,28520.00,28565.25,1528
2026-07-24 05:00,28564.50,28600.25,28548.25,28593.25,1400
2026-07-24 05:15,28590.75,28602.00,28569.50,28582.25,1408
2026-07-24 05:30,28583.00,28595.00,28566.50,28590.25,1294
2026-07-24 05:45,28589.75,28607.00,28544.00,28545.00,1530
2026-07-24 06:00,28546.75,28550.00,28503.00,28508.75,1694
2026-07-24 06:15,28512.00,28576.25,28507.75,28534.50,2314
2026-07-24 06:30,28536.50,28561.50,28505.00,28507.00,1387
2026-07-24 06:45,28507.75,28548.00,28481.00,28543.75,1983
2026-07-24 07:00,28544.00,28637.75,28539.25,28636.50,3604
2026-07-24 07:15,28637.00,28663.00,28623.50,28654.00,2233
2026-07-24 07:30,28653.75,28658.00,28609.00,28626.25,1495
2026-07-24 07:45,28625.50,28633.00,28611.25,28614.25,1001
2026-07-24 08:00,28615.75,28619.00,28556.50,28573.50,2401
2026-07-24 08:15,28573.50,28622.25,28571.25,28621.75,1587
2026-07-24 08:30,28621.75,28649.50,28614.75,28631.00,1612
2026-07-24 08:45,28630.00,28635.00,28609.00,28622.00,833
2026-07-24 09:00,28623.50,28681.25,28612.00,28643.25,1972
2026-07-24 09:15,28642.00,28677.00,28632.00,28672.75,1554
2026-07-24 09:30,28674.75,28702.00,28663.25,28695.25,1920
2026-07-24 09:45,28695.50,28704.25,28680.25,28700.50,999
2026-07-24 10:00,28700.25,28706.25,28658.50,28664.00,1489
2026-07-24 10:15,28663.50,28679.25,28654.25,28667.50,1407
2026-07-24 10:30,28668.25,28686.50,28637.75,28646.50,1406
2026-07-24 10:45,28646.50,28657.25,28633.25,28640.50,1234
2026-07-24 11:00,28640.00,28666.75,28632.00,28656.00,1685
2026-07-24 11:15,28656.75,28663.75,28637.00,28644.25,1228
2026-07-24 11:30,28641.00,28649.00,28616.25,28616.25,1855
2026-07-24 11:45,28618.50,28700.00,28601.50,28680.50,3960
2026-07-24 12:00,28678.50,28695.50,28624.25,28690.00,3713
2026-07-24 12:15,28689.25,28698.50,28650.00,28686.50,2952
2026-07-24 12:30,28686.00,28689.00,28624.25,28629.75,2726
2026-07-24 12:45,28628.75,28635.75,28587.25,28592.00,3470
2026-07-24 13:00,28591.25,28602.50,28571.75,28591.75,3799
2026-07-24 13:15,28590.75,28616.00,28538.00,28540.25,6017
2026-07-24 13:30,28540.00,28622.00,28458.25,28485.00,35800
2026-07-24 13:45,28483.25,28511.75,28313.50,28322.25,32517
2026-07-24 14:00,28323.00,28440.25,28304.25,28421.25,22908
2026-07-24 14:15,28393.50,28423.50,28299.00,28391.00,31258
2026-07-24 14:30,28391.75,28396.00,28262.75,28287.25,20282
2026-07-24 14:45,28287.00,28461.50,28254.50,28449.25,23490
2026-07-24 15:00,28449.00,28510.00,28355.00,28493.25,25662
2026-07-24 15:15,28494.25,28557.25,28453.50,28499.75,21892
2026-07-24 15:30,28500.75,28577.50,28484.50,28506.00,17553
2026-07-24 15:45,28507.00,28583.75,28491.75,28576.00,13851
2026-07-24 16:00,28576.75,28630.75,28549.50,28574.25,14454
2026-07-24 16:15,28574.50,28594.00,28552.50,28565.75,9362
2026-07-24 16:30,28566.00,28569.00,28495.00,28499.75,12608
2026-07-24 16:45,28499.25,28511.00,28460.25,28495.75,9559
2026-07-24 17:00,28494.75,28502.50,28427.00,28459.25,13415
2026-07-24 17:15,28458.00,28521.75,28441.00,28514.50,9621
2026-07-24 17:30,28515.25,28544.00,28463.00,28464.75,9237
2026-07-24 17:45,28464.75,28501.75,28452.00,28466.00,7146
2026-07-24 18:00,28467.00,28486.00,28420.25,28428.25,7192
2026-07-24 18:15,28428.25,28431.00,28333.00,28336.25,11109
2026-07-24 18:30,28337.75,28346.75,28259.00,28276.50,16612
2026-07-24 18:45,28275.25,28328.50,28269.75,28302.50,10392
2026-07-24 19:00,28301.75,28328.50,28219.75,28221.75,13714
2026-07-24 19:15,28220.75,28266.50,28212.50,28253.50,10298
2026-07-24 19:30,28253.00,28304.75,28238.75,28274.00,15320
2026-07-24 19:45,28274.25,28295.00,28224.50,28283.25,26661
2026-07-24 20:00,28283.50,28303.25,28259.25,28291.25,9547
2026-07-24 20:15,28292.25,28329.50,28292.25,28305.00,2453
2026-07-24 20:30,28303.50,28307.25,28283.75,28305.50,1912
2026-07-24 20:45,28305.75,28313.50,28282.25,28282.25,1407
2026-07-26 22:00,28594.50,28615.00,28585.50,28614.00,529
2026-07-26 22:15,28614.50,28647.00,28594.50,28623.25,2231
2026-07-26 22:30,28623.50,28641.50,28618.75,28626.00,1092
2026-07-26 22:45,28625.25,28636.25,28604.00,28609.50,1063
2026-07-26 23:00,28612.25,28638.75,28597.75,28630.75,1269
2026-07-26 23:15,28631.50,28637.00,28610.25,28616.75,871
2026-07-26 23:30,28617.00,28669.75,28610.50,28653.75,1354
2026-07-26 23:45,28654.75,28731.00,28638.00,28727.50,3388
2026-07-27 00:00,28728.25,28733.75,28615.00,28663.50,4952
2026-07-27 00:15,28661.75,28662.50,28581.75,28619.25,3476
2026-07-27 00:30,28618.25,28656.00,28597.25,28598.25,2116
2026-07-27 00:45,28600.00,28655.25,28595.25,28598.25,1916
2026-07-27 01:00,28599.75,28634.50,28565.75,28572.75,2278
2026-07-27 01:15,28572.25,28582.00,28525.00,28538.00,3184
2026-07-27 01:30,28542.75,28621.25,28536.00,28590.25,2928
2026-07-27 01:45,28589.50,28614.00,28571.75,28614.00,1575
2026-07-27 02:00,28614.75,28627.75,28587.00,28608.50,1594
2026-07-27 02:15,28606.75,28652.75,28605.50,28638.50,1633
2026-07-27 02:30,28639.00,28657.25,28606.25,28648.25,1325
2026-07-27 02:45,28650.25,28658.50,28611.50,28615.50,910
2026-07-27 03:00,28615.50,28646.00,28606.00,28644.25,1386
2026-07-27 03:15,28644.00,28650.75,28618.25,28619.25,833
2026-07-27 03:30,28620.50,28637.00,28599.75,28619.75,993
2026-07-27 03:45,28619.00,28627.00,28592.75,28613.50,806
2026-07-27 04:00,28614.00,28626.50,28597.75,28621.00,707
2026-07-27 04:15,28621.25,28647.00,28606.75,28620.75,989
2026-07-27 04:30,28620.75,28653.75,28609.25,28648.75,814
2026-07-27 04:45,28648.75,28663.00,28637.75,28644.00,1068
2026-07-27 05:00,28646.25,28674.75,28638.00,28671.50,906
2026-07-27 05:15,28669.00,28684.00,28665.25,28679.75,973
2026-07-27 05:30,28680.00,28703.75,28673.75,28686.50,1579
2026-07-27 05:45,28685.75,28704.25,28681.25,28694.50,867
2026-07-27 06:00,28694.50,28728.50,28693.75,28717.25,1748
2026-07-27 06:15,28716.75,28723.00,28693.75,28697.75,1225
2026-07-27 06:30,28697.25,28715.50,28694.00,28696.00,1335
2026-07-27 06:45,28697.25,28702.75,28680.00,28695.00,1303
2026-07-27 07:00,28692.75,28729.00,28689.00,28727.50,1779
2026-07-27 07:15,28728.25,28732.00,28702.50,28705.25,997
2026-07-27 07:30,28703.25,28704.00,28672.00,28695.50,1705
2026-07-27 07:45,28695.50,28701.75,28661.25,28661.75,1179
2026-07-27 08:00,28661.00,28701.25,28658.50,28693.25,1697
2026-07-27 08:15,28692.00,28724.25,28677.00,28719.00,987
2026-07-27 08:30,28720.75,28744.00,28703.25,28733.75,1546
2026-07-27 08:45,28736.50,28749.50,28724.50,28736.00,1056
2026-07-27 09:00,28737.00,28738.75,28719.75,28725.50,1020
2026-07-27 09:15,28725.25,28738.75,28723.25,28726.25,878
2026-07-27 09:30,28727.00,28748.25,28718.25,28746.75,1524
2026-07-27 09:45,28746.00,28763.25,28742.50,28744.75,1480
2026-07-27 10:00,28744.00,28753.50,28726.25,28737.75,1395
2026-07-27 10:15,28738.75,28748.00,28730.25,28738.00,832
2026-07-27 10:30,28740.00,28750.50,28733.75,28748.00,744
2026-07-27 10:45,28746.00,28758.00,28739.75,28740.75,838
2026-07-27 11:00,28742.00,28743.50,28708.25,28712.50,1572
2026-07-27 11:15,28711.50,28720.00,28648.50,28652.75,2242
2026-07-27 11:30,28653.25,28685.00,28645.50,28667.75,3156
2026-07-27 11:45,28667.25,28677.00,28659.25,28673.00,1310
2026-07-27 12:00,28673.25,28697.75,28633.25,28635.00,2954
2026-07-27 12:15,28637.00,28653.25,28629.25,28650.75,1897
2026-07-27 12:30,28650.50,28671.00,28631.75,28669.00,2092
2026-07-27 12:45,28669.25,28692.50,28666.25,28690.25,2916
2026-07-27 13:00,28692.00,28700.00,28647.75,28662.25,3580
2026-07-27 13:15,28662.75,28676.00,28588.00,28590.50,6081
2026-07-27 13:30,28590.50,28615.75,28428.00,28455.00,39633
2026-07-27 13:45,28455.00,28504.00,28341.25,28347.75,28959
2026-07-27 14:00,28347.75,28372.75,28230.75,28252.00,33004
2026-07-27 14:15,28253.25,28299.00,28075.25,28086.25,28029
2026-07-27 14:30,28086.50,28105.25,27939.00,27959.00,34558
2026-07-27 14:45,27958.50,28180.25,27957.25,28169.25,31501
2026-07-27 15:00,28171.00,28198.50,28121.75,28124.75,22898
2026-07-27 15:15,28125.25,28151.50,28046.00,28072.25,20792
2026-07-27 15:30,28074.25,28085.75,27980.25,28039.25,16715
2026-07-27 15:45,28039.75,28074.00,27995.25,28062.50,12784
2026-07-27 16:00,28062.75,28154.25,28057.75,28078.75,14339
2026-07-27 16:15,28078.75,28204.50,28043.50,28154.50,19260
2026-07-27 16:30,28154.00,28196.75,28112.50,28132.75,12870
2026-07-27 16:45,28134.25,28156.00,28027.75,28048.50,12558
2026-07-27 17:00,28047.00,28056.25,27993.75,28033.75,11956
2026-07-27 17:15,28034.00,28043.25,27986.00,27998.75,8475
2026-07-27 17:30,27998.50,28065.00,27997.50,28036.25,8764
2026-07-27 17:45,28036.00,28106.25,28013.75,28104.75,8605
2026-07-27 18:00,28104.75,28121.25,28085.50,28100.50,8481
2026-07-27 18:15,28100.50,28105.25,28049.75,28082.00,8085
2026-07-27 18:30,28082.25,28088.25,28019.25,28082.75,10700
2026-07-27 18:45,28083.00,28191.00,28069.50,28188.25,12400
2026-07-27 19:00,28188.75,28232.25,28165.25,28201.25,11521
2026-07-27 19:15,28200.75,28247.50,28195.50,28243.50,9087
2026-07-27 19:30,28243.00,28255.75,28172.50,28175.75,10455
2026-07-27 19:45,28176.00,28205.00,28155.25,28192.75,21681
2026-07-27 20:00,28193.25,28219.50,28169.25,28190.75,8739
2026-07-27 20:15,28190.50,28194.50,28174.25,28194.50,1557
2026-07-27 20:30,28194.50,28230.00,28186.75,28207.50,1710
2026-07-27 20:45,28208.25,28212.00,28186.75,28210.00,1682
2026-07-27 22:00,28210.50,28228.00,28156.00,28158.50,817
2026-07-27 22:15,28159.00,28167.75,28125.50,28129.50,1704
2026-07-27 22:30,28128.25,28156.50,28124.50,28133.50,1194
2026-07-27 22:45,28134.75,28149.00,28123.50,28132.50,1039
2026-07-27 23:00,28131.75,28151.75,28105.25,28129.00,1498
2026-07-27 23:15,28129.25,28163.25,28118.00,28162.25,1224
2026-07-27 23:30,28160.75,28161.50,28130.00,28132.00,787
2026-07-27 23:45,28134.50,28179.25,28121.25,28163.50,2148
2026-07-28 00:00,28164.75,28195.00,28094.75,28111.00,3326
2026-07-28 00:15,28111.00,28132.00,28068.25,28104.50,2648
2026-07-28 00:30,28103.75,28139.75,28059.75,28121.00,2284
2026-07-28 00:45,28118.75,28119.50,28052.75,28072.00,2073
2026-07-28 01:00,28072.00,28078.00,27969.00,27992.75,4256
2026-07-28 01:15,27993.25,28078.25,27986.00,28062.25,3262
2026-07-28 01:30,28093.50,28095.50,28046.75,28080.75,1987
2026-07-28 01:45,28078.75,28094.75,28008.75,28022.00,1836
2026-07-28 02:00,28021.75,28024.25,27984.25,27996.25,1952
2026-07-28 02:15,27992.75,28030.25,27972.25,27987.75,2181
2026-07-28 02:30,27987.00,27989.50,27951.50,27972.00,2284
2026-07-28 02:45,27972.50,28006.75,27955.00,27993.00,1931
2026-07-28 03:00,27993.00,27998.00,27932.50,27968.75,2330
2026-07-28 03:15,27967.50,28047.25,27964.00,27987.50,3023
2026-07-28 03:30,27984.50,28063.25,27951.50,28056.75,3052
2026-07-28 03:45,28057.25,28070.50,28026.50,28050.75,1387
2026-07-28 04:00,28013.50,28016.25,27978.00,27986.75,1411
2026-07-28 04:15,27986.00,28017.00,27970.00,27972.75,1557
2026-07-28 04:30,27972.75,27984.00,27960.00,27974.25,1083
2026-07-28 04:45,27974.25,28003.00,27951.00,27954.75,1284
2026-07-28 05:00,27957.00,27983.00,27949.00,27963.00,820
2026-07-28 05:15,28190.00,28190.00,27914.00,27919.50,2106
2026-07-28 05:30,27921.00,27923.50,27876.00,27897.25,3134
2026-07-28 05:45,27896.50,27924.00,27870.75,27880.00,1832
2026-07-28 06:00,27882.25,27902.25,27839.50,27844.25,3488
2026-07-28 06:15,27847.25,27907.00,27845.50,27902.50,3358
2026-07-28 06:30,27902.75,27936.00,27892.00,27919.25,2114
2026-07-28 06:45,27917.00,27958.25,27902.50,27947.25,2059
2026-07-28 07:00,27945.50,27980.75,27934.00,27972.25,2558
2026-07-28 07:15,27973.00,27989.00,27939.00,27943.25,1825
2026-07-28 07:30,27944.00,27962.50,27927.00,27939.75,1817
2026-07-28 07:45,27939.00,27954.75,27908.00,27933.50,2039
2026-07-28 08:00,27934.25,27947.75,27880.00,27888.75,2711
2026-07-28 08:15,27890.75,28007.25,27884.75,27999.50,3478
2026-07-28 08:30,28003.00,28046.50,27975.00,28037.00,3085
2026-07-28 08:45,28037.50,28052.00,27986.75,27994.25,2339
2026-07-28 09:00,27992.25,28015.25,27982.50,27988.75,1525
2026-07-28 09:15,27990.25,28016.50,27985.25,28012.00,1141
2026-07-28 09:30,28009.75,28010.25,27967.25,27972.50,1481
2026-07-28 09:45,27973.75,27981.25,27941.50,27956.00,1404
2026-07-28 10:00,27956.00,27966.00,27947.50,27952.00,1030
2026-07-28 10:15,27951.50,27969.50,27933.50,27967.25,1374
2026-07-28 10:30,27968.50,27980.50,27904.25,27933.00,3430
2026-07-28 10:45,27932.00,27951.50,27926.50,27942.75,1893
2026-07-28 11:00,27945.75,27952.25,27864.75,27869.50,3620
2026-07-28 11:15,27869.25,27958.00,27869.25,27883.00,4432
2026-07-28 11:30,27882.00,27929.25,27848.25,27863.75,3613
2026-07-28 11:45,27862.50,27975.00,27859.75,27963.75,3603
2026-07-28 12:00,27962.50,28001.75,27949.25,27963.00,3133
2026-07-28 12:15,27967.00,28018.50,27949.50,28010.00,3070
2026-07-28 12:30,28010.75,28027.75,27956.25,28009.50,5637
2026-07-28 12:45,28010.50,28032.75,27977.50,27993.25,4287
2026-07-28 13:00,27993.75,28027.75,27974.00,28001.25,4504
2026-07-28 13:15,28003.00,28028.50,27938.00,27950.25,6199
2026-07-28 13:30,27950.25,27992.00,27728.50,27749.75,47809
2026-07-28 13:45,27749.25,27799.00,27641.75,27665.25,44225
2026-07-28 14:00,27665.50,27793.50,27608.75,27630.25,33949
2026-07-28 14:15,27631.75,27717.50,27603.50,27706.50,30822
2026-07-28 14:30,27706.50,27793.00,27669.00,27772.25,24507
2026-07-28 14:45,27770.75,27890.00,27745.50,27801.75,28677
2026-07-28 15:00,27803.00,27882.00,27768.00,27854.25,23627
2026-07-28 15:15,27853.75,28010.00,27836.50,27965.00,24778
2026-07-28 15:30,27965.75,28036.00,27948.75,28031.50,16651
2026-07-28 15:45,28032.00,28062.50,28010.50,28048.00,15959
2026-07-28 16:00,28047.75,28068.75,27996.75,28007.50,15853
2026-07-28 16:15,28007.75,28045.25,27984.75,27995.25,11656
2026-07-28 16:30,27995.50,28043.75,27953.50,28032.75,12880
2026-07-28 16:45,28032.00,28080.00,27993.00,28057.50,11783
2026-07-28 17:00,28057.50,28066.50,27969.00,27988.00,13844
2026-07-28 17:15,27988.00,28045.75,27973.50,27996.50,10996
2026-07-28 17:30,27996.00,28043.50,27949.00,27954.50,9478
2026-07-28 17:45,27954.25,27987.00,27925.00,27972.50,10196
2026-07-28 18:00,27974.00,27999.50,27915.00,27917.00,10656
2026-07-28 18:15,27917.25,27947.75,27912.50,27925.25,8155
2026-07-28 18:30,27926.75,27963.75,27920.50,27937.75,8165
2026-07-28 18:45,27937.50,27979.50,27929.00,27972.75,8045
2026-07-28 19:00,27972.25,28021.75,27972.00,27987.25,10347
2026-07-28 19:15,27986.50,28021.25,27965.25,28017.75,9564
2026-07-28 19:30,28018.00,28023.75,27941.50,27954.25,11939
2026-07-28 19:45,27954.25,27988.25,27911.00,27919.50,22993
2026-07-28 20:00,27919.25,27967.75,27884.25,27918.50,12341
2026-07-28 20:15,27920.50,27991.25,27910.75,27977.75,3898
2026-07-28 20:30,27977.00,27983.25,27937.50,27947.75,3032
2026-07-28 20:45,27947.75,27962.75,27935.75,27960.50,1576
2026-07-28 22:00,27962.00,28013.25,27955.75,27972.00,1365
2026-07-28 22:15,27973.00,27979.00,27906.50,27939.25,2433
2026-07-28 22:30,27939.00,27943.25,27855.25,27861.00,2624
2026-07-28 22:45,27863.25,27863.50,27756.25,27756.75,5090
2026-07-28 23:00,27758.25,27857.75,27728.50,27842.75,5578
2026-07-28 23:15,27842.50,27890.50,27809.25,27889.25,3158
2026-07-28 23:30,27888.50,28025.00,27884.50,28014.00,3549
2026-07-28 23:45,28012.25,28104.50,27989.75,28102.50,6312
2026-07-29 00:00,28102.75,28178.25,28077.25,28141.25,5360
2026-07-29 00:15,28139.75,28161.50,28052.00,28077.75,4120
2026-07-29 00:30,28073.75,28080.00,28018.00,28068.75,3079
2026-07-29 00:45,28068.00,28085.00,28000.25,28013.25,2035
2026-07-29 01:00,28011.75,28041.25,27911.50,27922.00,3102
2026-07-29 01:15,27920.25,28007.00,27896.25,27971.75,3742
2026-07-29 01:30,27972.00,27982.25,27878.00,27880.00,2859
2026-07-29 01:45,27879.50,27892.00,27784.00,27785.25,4185
2026-07-29 02:00,27785.00,27868.00,27770.25,27845.25,4564
2026-07-29 02:15,27842.75,27896.50,27796.00,27896.50,2776
2026-07-29 02:30,27894.50,27912.75,27858.25,27887.75,2266
2026-07-29 02:45,27887.75,27891.00,27823.00,27839.50,1797
2026-07-29 03:00,27839.00,27882.50,27788.00,27828.50,2987
2026-07-29 03:15,27831.00,27839.75,27775.50,27777.75,1633
2026-07-29 03:30,27776.75,27792.50,27742.25,27772.75,2597
2026-07-29 03:45,27773.50,27786.00,27702.00,27718.00,2469
2026-07-29 04:00,27700.00,27715.25,27676.75,27691.50,2614
2026-07-29 04:15,27691.50,27715.75,27648.00,27684.75,2907
2026-07-29 04:30,27682.25,27720.00,27648.75,27649.75,2052
2026-07-29 04:45,27651.25,27759.00,27640.00,27756.00,2760
2026-07-29 05:00,27758.75,27834.75,27735.75,27832.50,3148
2026-07-29 05:15,27833.75,27834.25,27773.25,27815.25,2379
2026-07-29 05:30,27815.25,27852.75,27787.00,27826.75,2677
2026-07-29 05:45,27828.00,27841.75,27790.00,27794.00,1719
2026-07-29 06:00,27794.00,27797.25,27736.25,27764.50,2167
2026-07-29 06:15,27766.50,27811.25,27755.25,27811.00,2264
2026-07-29 06:30,27811.50,27913.50,27811.50,27910.25,3070
2026-07-29 06:45,27907.50,27942.25,27895.00,27928.75,2295
2026-07-29 07:00,27928.75,27945.50,27895.75,27923.00,2448
2026-07-29 07:15,27923.00,27953.00,27905.75,27946.25,2156
2026-07-29 07:30,27945.75,27962.75,27920.25,27920.25,1826
2026-07-29 07:45,27922.00,27923.25,27891.25,27906.00,1518
2026-07-29 08:00,27906.25,27924.75,27857.50,27861.00,2468
2026-07-29 08:15,27864.50,27870.00,27820.00,27841.50,2045
2026-07-29 08:30,27842.00,27930.50,27830.75,27923.25,2032
2026-07-29 08:45,27924.50,27939.25,27896.00,27904.00,1438
2026-07-29 09:00,27904.50,27978.50,27901.00,27978.00,2111
2026-07-29 09:15,27977.25,27986.00,27951.50,27977.50,1800
2026-07-29 09:30,27976.50,28012.50,27957.75,27999.75,1524
2026-07-29 09:45,28002.25,28060.00,27999.00,28019.75,3101
2026-07-29 10:00,28018.25,28046.00,28003.75,28010.25,1846
2026-07-29 10:15,28010.75,28024.50,27986.25,28017.25,1949
2026-07-29 10:30,28017.50,28023.00,27953.25,27968.25,1853
2026-07-29 10:45,27968.00,27970.25,27931.50,27948.00,2177
2026-07-29 11:00,27950.25,28003.75,27934.50,27992.25,2439
2026-07-29 11:15,27991.25,28023.75,27983.25,28000.75,2106
2026-07-29 11:30,27999.25,28008.00,27959.50,27965.75,1752
2026-07-29 11:45,27965.25,28004.25,27956.75,28002.75,2090
2026-07-29 12:00,28002.00,28007.75,27933.75,27940.00,2433
2026-07-29 12:15,27940.00,27947.50,27852.75,27867.25,5426
2026-07-29 12:30,27867.00,27918.50,27844.25,27911.75,2997
2026-07-29 12:45,27912.00,27933.25,27903.50,27907.75,2675
2026-07-29 13:00,27909.00,27917.00,27869.50,27872.75,3599
2026-07-29 13:15,27872.00,27942.50,27856.00,27914.00,6493
2026-07-29 13:30,27914.50,27996.00,27836.50,27916.50,35462
2026-07-29 13:45,27916.25,27948.00,27667.75,27733.75,31102
2026-07-29 14:00,27735.25,27826.50,27635.75,27648.00,32305
2026-07-29 14:15,27648.75,27695.75,27538.75,27573.25,28314
2026-07-29 14:30,27571.00,27652.25,27510.00,27537.75,25176
2026-07-29 14:45,27537.00,27615.75,27518.25,27600.00,21661
2026-07-29 15:00,27600.50,27657.50,27565.75,27577.75,23139
2026-07-29 15:15,27577.50,27625.00,27547.00,27555.75,16487
2026-07-29 15:30,27556.25,27596.75,27518.00,27535.25,13067
2026-07-29 15:45,27533.75,27566.50,27464.50,27517.00,15068
2026-07-29 16:00,27518.25,27542.00,27419.50,27419.75,15300
2026-07-29 16:15,27420.25,27556.50,27409.25,27551.00,14935
2026-07-29 16:30,27551.25,27586.00,27485.25,27504.00,14144
2026-07-29 16:45,27502.50,27603.50,27489.50,27603.25,12487
2026-07-29 17:00,27603.75,27737.25,27595.25,27736.50,15511
2026-07-29 17:15,27736.50,27750.00,27651.00,27651.00,13770
2026-07-29 17:30,27650.75,27695.00,27629.50,27681.00,10635
2026-07-29 17:45,27681.25,27727.75,27656.00,27721.75,8486
2026-07-29 18:00,27723.00,27888.50,27714.75,27798.50,31843
2026-07-29 18:15,27800.00,27843.50,27727.50,27776.50,17036
2026-07-29 18:30,27777.00,27987.50,27709.00,27975.50,26579
2026-07-29 18:45,27974.50,28096.75,27961.25,28056.75,24118
2026-07-29 19:00,28057.50,28099.50,27839.50,27905.00,28074
2026-07-29 19:15,27905.00,27938.00,27640.75,27712.25,29534
2026-07-29 19:30,27711.25,27744.00,27458.75,27473.50,31346
2026-07-29 19:45,27473.25,27512.25,27317.50,27336.75,44723
2026-07-29 20:00,27338.25,27364.00,27201.50,27300.50,28108
2026-07-29 20:15,27300.00,27338.75,27209.50,27242.25,6612
2026-07-29 20:30,27244.00,27331.25,27207.00,27312.00,4862
2026-07-29 20:45,27312.25,27322.25,27256.50,27259.25,2827
2026-07-29 22:00,27202.00,27489.50,27202.00,27434.75,5710
2026-07-29 22:15,27437.25,27484.00,27395.50,27435.00,4232
2026-07-29 22:30,27435.75,27465.50,27412.00,27459.75,2444
2026-07-29 22:45,27460.00,27479.50,27418.75,27451.50,2308
2026-07-29 23:00,27449.50,27524.25,27446.25,27476.50,3643
2026-07-29 23:15,27482.25,27541.00,27469.25,27532.75,2773
2026-07-29 23:30,27534.25,27559.25,27500.00,27523.75,2612
2026-07-29 23:45,27520.00,27555.50,27495.25,27520.75,3568
2026-07-30 00:00,27521.75,27608.00,27472.25,27578.75,5465
2026-07-30 00:15,27579.00,27602.75,27550.50,27593.50,3720
2026-07-30 00:30,27594.75,27611.00,27489.75,27506.25,3702
2026-07-30 00:45,27505.75,27548.75,27490.25,27547.25,3441
2026-07-30 01:00,27547.25,27664.25,27535.25,27570.75,5176
2026-07-30 01:15,27569.50,27648.00,27565.00,27637.75,2428
2026-07-30 01:30,27637.75,27694.50,27635.25,27678.00,3189
2026-07-30 01:45,27677.50,27696.75,27648.25,27653.00,2560
2026-07-30 02:00,27652.00,27687.50,27629.25,27636.00,2747
2026-07-30 02:15,27636.00,27653.25,27603.25,27610.50,1945
2026-07-30 02:30,27613.25,27613.25,27559.50,27610.00,2659
2026-07-30 02:45,27610.75,27631.00,27539.00,27541.75,2395
2026-07-30 03:00,27542.00,27576.25,27485.00,27497.00,2600
2026-07-30 03:15,27498.75,27523.25,27471.25,27515.50,2372
2026-07-30 03:30,27516.50,27556.75,27480.25,27532.50,2611
2026-07-30 03:45,27529.50,27563.50,27517.75,27521.50,1423
2026-07-30 04:00,27507.50,27508.50,27481.75,27485.25,1631
2026-07-30 04:15,27485.00,27541.75,27459.50,27535.00,1953
2026-07-30 04:30,27534.00,27543.75,27461.75,27471.00,1636
2026-07-30 04:45,27469.25,27512.00,27434.75,27447.75,1680
2026-07-30 05:00,27446.25,27457.25,27421.00,27456.50,1586
2026-07-30 05:15,27458.25,27499.50,27453.25,27478.25,1805
2026-07-30 05:30,27476.50,27526.50,27465.00,27521.00,1530
2026-07-30 05:45,27521.75,27546.25,27463.50,27487.75,2155
2026-07-30 06:00,27487.00,27507.00,27457.00,27468.50,1449
2026-07-30 06:15,27467.75,27498.00,27447.50,27479.50,1408
2026-07-30 06:30,27481.50,27484.50,27434.75,27436.75,1429
2026-07-30 06:45,27435.25,27463.00,27415.00,27434.25,1490
2026-07-30 07:00,27433.75,27521.75,27416.25,27475.75,4475
2026-07-30 07:15,27478.75,27482.25,27392.75,27408.00,2717
2026-07-30 07:30,27413.00,27447.50,27351.25,27434.00,2890
2026-07-30 07:45,27431.50,27441.75,27389.50,27395.25,1951
2026-07-30 08:00,27394.50,27456.00,27337.50,27437.75,3983
2026-07-30 08:15,27437.75,27522.50,27425.75,27506.50,3079
2026-07-30 08:30,27510.50,27527.25,27489.00,27493.75,1442
2026-07-30 08:45,27493.25,27508.75,27460.50,27485.25,1100
2026-07-30 09:00,27486.00,27555.00,27469.75,27534.50,1821
2026-07-30 09:15,27536.75,27574.75,27525.25,27554.50,2545
2026-07-30 09:30,27553.50,27586.00,27538.25,27543.50,1649
2026-07-30 09:45,27544.25,27555.75,27508.00,27514.75,1432
2026-07-30 10:00,27515.50,27564.50,27488.25,27541.50,2523
2026-07-30 10:15,27543.25,27627.25,27541.25,27617.75,2669
2026-07-30 10:30,27616.50,27648.00,27606.50,27631.00,2599
2026-07-30 10:45,27631.00,27647.75,27611.00,27618.50,1899
2026-07-30 11:00,27619.00,27686.50,27613.00,27665.75,3426
2026-07-30 11:15,27666.00,27730.00,27661.50,27715.00,3110
2026-07-30 11:30,27715.50,27727.25,27673.00,27699.75,3582
2026-07-30 11:45,27700.75,27745.25,27700.50,27725.00,2567
2026-07-30 12:00,27723.50,27765.50,27695.75,27763.00,4008
2026-07-30 12:15,27763.00,27766.25,27714.00,27740.25,3555
2026-07-30 12:30,27740.25,27808.75,27715.25,27777.00,7671
2026-07-30 12:45,27777.00,27821.75,27763.00,27805.50,4618
2026-07-30 13:00,27807.00,27876.25,27793.00,27840.00,12681
2026-07-30 13:15,27840.00,27883.25,27831.25,27874.25,7808
2026-07-30 13:30,27875.75,27996.50,27813.25,27976.25,46992
2026-07-30 13:45,27976.75,28162.25,27973.25,28151.75,39574
2026-07-30 14:00,28150.50,28183.75,28066.75,28107.50,37152
2026-07-30 14:15,28107.25,28240.00,28080.25,28226.00,29973
2026-07-30 14:30,28226.50,28246.50,28160.25,28175.50,23687
2026-07-30 14:45,28175.50,28196.00,28022.50,28070.75,27631
2026-07-30 15:00,28071.50,28137.75,28012.75,28023.75,26378
2026-07-30 15:15,28024.50,28099.50,27996.25,28010.50,20187
2026-07-30 15:30,28010.50,28108.50,28001.00,28089.50,17156
2026-07-30 15:45,28090.00,28133.75,28049.25,28079.50,15681
2026-07-30 16:00,28078.75,28190.00,28059.00,28186.00,16108
2026-07-30 16:15,28185.25,28192.75,28140.50,28144.25,11060
2026-07-30 16:30,28144.25,28150.50,28054.50,28068.75,12392
2026-07-30 16:45,28068.25,28136.50,28066.25,28126.75,11762
2026-07-30 17:00,28127.00,28183.75,28126.00,28159.25,11185
2026-07-30 17:15,28158.25,28207.75,28156.25,28169.00,8756
2026-07-30 17:30,28169.50,28197.75,28139.50,28188.25,9998
2026-07-30 17:45,28188.50,28208.50,28165.50,28177.50,7850
2026-07-30 18:00,28177.50,28205.00,28167.00,28200.50,6708
2026-07-30 18:15,28200.50,28203.75,28162.25,28183.00,6788
2026-07-30 18:30,28183.00,28199.00,28148.50,28167.50,7867
2026-07-30 18:45,28167.00,28189.50,28154.75,28180.50,7486
2026-07-30 19:00,28180.75,28296.50,28179.75,28274.75,18417
2026-07-30 19:15,28274.25,28297.75,28242.00,28244.50,12321
2026-07-30 19:30,28243.75,28257.25,28219.75,28232.25,11916
2026-07-30 19:45,28232.75,28262.50,28202.50,28230.75,35911
2026-07-30 20:00,28230.75,28367.00,28205.50,28324.75,17214
2026-07-30 20:15,28324.25,28372.25,28322.75,28366.25,5281
2026-07-30 20:30,28366.50,28414.50,28311.00,28361.25,7206
2026-07-30 20:45,28360.00,28363.00,28322.50,28333.50,2455
2026-07-30 22:00,28317.00,28413.75,28300.00,28384.75,1545
2026-07-30 22:15,28382.50,28407.00,28350.50,28354.00,2192
2026-07-30 22:30,28352.00,28406.00,28331.00,28403.00,2049
2026-07-30 22:45,28402.75,28409.75,28390.00,28395.00,1336
2026-07-30 23:00,28394.25,28426.50,28377.00,28384.75,1836
2026-07-30 23:15,28386.00,28392.50,28364.00,28378.00,1232
2026-07-30 23:30,28378.25,28416.50,28362.25,28406.75,1379
2026-07-30 23:45,28406.75,28445.00,28391.50,28422.75,2243
2026-07-31 00:00,28424.00,28476.50,28397.25,28466.75,3942
2026-07-31 00:15,28467.00,28488.00,28447.25,28483.25,2731
2026-07-31 00:30,28481.00,28509.75,28480.50,28497.25,2284
2026-07-31 00:45,28500.00,28524.50,28468.75,28521.75,2067
2026-07-31 01:00,28523.00,28569.50,28522.75,28561.25,2888
2026-07-31 01:15,28560.00,28572.00,28543.75,28551.00,1995
2026-07-31 01:30,28549.00,28558.25,28489.00,28497.00,2671
2026-07-31 01:45,28496.50,28500.00,28455.50,28478.00,2260
2026-07-31 02:00,28478.00,28499.50,28433.25,28438.00,2439
2026-07-31 02:15,28438.25,28438.75,28401.00,28423.50,2467
2026-07-31 02:30,28422.50,28432.00,28389.50,28421.25,1485
2026-07-31 02:45,28421.00,28438.00,28397.75,28431.25,1832
2026-07-31 03:00,28431.50,28436.00,28398.00,28418.25,1513
2026-07-31 03:15,28417.75,28476.50,28417.00,28462.75,1902
2026-07-31 03:30,28464.50,28478.25,28452.25,28463.75,1136
2026-07-31 03:45,28461.25,28470.50,28428.25,28461.75,1279
2026-07-31 04:00,28459.50,28468.00,28452.50,28463.50,1201
2026-07-31 04:15,28463.50,28512.00,28451.50,28511.25,1384
2026-07-31 04:30,28512.00,28552.50,28507.75,28551.50,1479
2026-07-31 04:45,28551.25,28557.00,28534.50,28549.00,1117
2026-07-31 05:00,28548.75,28570.00,28538.50,28557.75,1508
2026-07-31 05:15,28558.50,28581.00,28552.50,28573.00,1225
2026-07-31 05:30,28573.50,28585.75,28541.00,28552.75,1734
2026-07-31 05:45,28551.75,28590.75,28548.75,28585.00,1668
2026-07-31 06:00,28585.50,28611.75,28577.00,28606.75,2083
2026-07-31 06:15,28605.75,28611.00,28580.75,28590.25,1381
2026-07-31 06:30,28589.50,28593.00,28457.50,28484.00,4205
2026-07-31 06:45,28484.75,28509.75,28450.00,28488.25,2900
2026-07-31 07:00,28484.25,28543.25,28455.00,28535.75,3596
2026-07-31 07:15,28535.00,28574.50,28507.00,28546.00,2380
2026-07-31 07:30,28547.25,28574.00,28534.50,28566.50,1843
2026-07-31 07:45,28566.25,28584.25,28542.50,28575.00,1789
2026-07-31 08:00,28572.75,28590.75,28524.75,28576.75,2917
2026-07-31 08:15,28576.75,28610.00,28564.25,28600.00,2179
2026-07-31 08:30,28595.25,28611.00,28561.50,28567.25,1492
2026-07-31 08:45,28568.75,28607.25,28564.25,28602.75,1341
2026-07-31 09:00,28603.25,28640.75,28598.25,28629.25,2561
2026-07-31 09:15,28627.50,28631.25,28584.75,28589.25,1619
2026-07-31 09:30,28588.75,28591.50,28530.00,28552.50,2763
2026-07-31 09:45,28552.25,28569.75,28528.50,28533.00,1258
2026-07-31 10:00,28531.75,28564.75,28519.50,28555.75,2042
2026-07-31 10:15,28555.00,28579.25,28546.50,28572.00,1188
2026-07-31 10:30,28572.25,28583.00,28561.75,28578.25,1134
2026-07-31 10:45,28579.25,28591.25,28552.00,28565.50,1435
2026-07-31 11:00,28565.50,28626.00,28563.00,28594.75,1996
2026-07-31 11:15,28596.25,28599.50,28548.50,28553.25,2302
2026-07-31 11:30,28555.75,28560.75,28523.00,28538.25,2150
2026-07-31 11:45,28540.00,28560.75,28532.00,28553.50,1521
2026-07-31 12:00,28554.75,28555.25,28477.00,28481.00,3161
2026-07-31 12:15,28480.25,28506.00,28448.00,28496.50,4165
2026-07-31 12:30,28496.75,28502.75,28432.25,28453.00,4630
2026-07-31 12:45,28452.75,28490.50,28437.75,28468.25,3541
2026-07-31 13:00,28468.50,28531.00,28457.75,28530.00,4984
2026-07-31 13:15,28529.25,28584.00,28529.00,28577.50,7287
2026-07-31 13:30,28576.50,28725.75,28415.75,28419.00,52307
2026-07-31 13:45,28420.00,28472.75,28295.50,28360.50,46644
2026-07-31 14:00,28356.75,28393.00,28100.50,28137.50,44367
2026-07-31 14:15,28137.00,28258.75,28079.75,28249.75,37600
2026-07-31 14:30,28249.50,28296.00,28211.75,28268.75,22970
2026-07-31 14:45,28268.25,28345.50,28237.00,28307.50,24647
2026-07-31 15:00,28308.75,28342.25,28214.75,28269.00,19738
2026-07-31 15:15,28269.25,28339.25,28122.25,28151.00,21215
2026-07-31 15:30,28151.25,28261.00,28115.50,28215.00,22077
2026-07-31 15:45,28215.25,28295.00,28164.00,28274.00,17173
2026-07-31 16:00,28274.00,28308.50,28243.75,28300.50,14091
2026-07-31 16:15,28301.50,28364.25,28256.00,28363.75,12779
2026-07-31 16:30,28363.75,28388.75,28313.75,28321.50,12533
2026-07-31 16:45,28321.50,28390.00,28308.50,28367.50,10616
2026-07-31 17:00,28366.75,28411.25,28360.00,28402.00,9541
2026-07-31 17:15,28403.00,28477.50,28396.00,28461.50,11209
2026-07-31 17:30,28462.50,28503.00,28443.25,28457.50,12446
2026-07-31 17:45,28456.25,28475.75,28415.75,28429.00,10559
2026-07-31 18:00,28429.00,28459.75,28395.25,28403.75,10106
2026-07-31 18:15,28402.75,28446.00,28398.50,28422.00,7673
2026-07-31 18:30,28422.00,28448.00,28415.50,28432.50,5991
2026-07-31 18:45,28432.50,28462.00,28416.50,28433.75,7051
2026-07-31 19:00,28433.50,28458.75,28405.50,28433.00,7981
2026-07-31 19:15,28433.50,28498.00,28426.25,28475.25,10677
2026-07-31 19:30,28474.50,28483.50,28434.50,28476.75,10800
2026-07-31 19:45,28477.00,28524.00,28380.00,28402.75,34028
2026-07-31 20:00,28402.75,28434.25,28340.50,28393.75,15016
2026-07-31 20:15,28394.00,28395.25,28362.25,28372.50,3294
2026-07-31 20:30,28369.75,28395.50,28356.00,28382.00,2575
2026-07-31 20:45,28381.00,28404.25,28258.25,28404.25,4939
2026-08-02 22:00,28601.00,28641.25,28599.25,28623.00,920
2026-08-02 22:15,28624.00,28632.50,28582.00,28613.50,2693
2026-08-02 22:30,28615.25,28623.75,28594.25,28600.25,1325
2026-08-02 22:45,28599.50,28605.00,28560.25,28570.25,1278
2026-08-02 23:00,28568.75,28591.00,28545.00,28556.75,1859
2026-08-02 23:15,28556.25,28596.00,28553.00,28585.25,1664
2026-08-02 23:30,28585.50,28610.00,28574.50,28606.00,1651
2026-08-02 23:45,28603.50,28637.50,28571.25,28614.00,3344
2026-08-03 00:00,28611.00,28615.25,28554.50,28610.50,3432
2026-08-03 00:15,28610.75,28630.50,28537.50,28556.75,3244
2026-08-03 00:30,28554.25,28611.00,28542.50,28583.75,3364
2026-08-03 00:45,28582.25,28626.00,28572.50,28622.00,2394
2026-08-03 01:00,28622.25,28635.00,28584.75,28592.00,2814
2026-08-03 01:15,28590.75,28614.75,28564.25,28609.00,2128
2026-08-03 01:30,28607.50,28630.00,28578.00,28630.00,1849
2026-08-03 01:45,28630.00,28650.00,28618.50,28644.00,1984
2026-08-03 02:00,28644.75,28668.75,28631.00,28662.75,1806
2026-08-03 02:15,28661.50,28681.50,28634.50,28640.25,1924
2026-08-03 02:30,28640.50,28669.75,28633.75,28644.50,1474
2026-08-03 02:45,28646.50,28666.50,28639.25,28660.50,785
2026-08-03 03:00,28662.50,28675.75,28657.50,28664.00,1030
2026-08-03 03:15,28665.00,28676.50,28641.25,28645.75,1002
2026-08-03 03:30,28647.00,28674.00,28640.00,28671.75,849
2026-08-03 03:45,28672.75,28698.25,28665.25,28674.50,1223
2026-08-03 04:00,28669.00,28672.00,28652.50,28661.75,782
2026-08-03 04:15,28662.75,28688.50,28662.75,28683.25,742
2026-08-03 04:30,28682.75,28686.00,28666.50,28674.25,630
2026-08-03 04:45,28673.75,28688.25,28648.50,28651.00,825
2026-08-03 05:00,28650.75,28666.25,28634.00,28638.50,1227
2026-08-03 05:15,28638.75,28648.75,28622.50,28638.25,1137
2026-08-03 05:30,28636.75,28649.75,28628.25,28634.50,721
2026-08-03 05:45,28634.50,28645.25,28617.00,28641.25,923
2026-08-03 06:00,28642.00,28661.00,28631.50,28642.25,1675
2026-08-03 06:15,28641.00,28652.00,28618.50,28625.75,1255
2026-08-03 06:30,28627.00,28645.00,28609.00,28609.00,1236
2026-08-03 06:45,28609.75,28618.75,28575.75,28593.25,1801
2026-08-03 07:00,28594.25,28634.50,28563.75,28617.50,2440
2026-08-03 07:15,28618.75,28631.00,28569.25,28604.00,2593
2026-08-03 07:30,28604.50,28615.50,28560.25,28564.25,1336
2026-08-03 07:45,28563.00,28589.50,28558.50,28588.25,1106
2026-08-03 08:00,28588.00,28591.00,28518.50,28561.25,2642
2026-08-03 08:15,28560.00,28564.25,28473.25,28488.00,2431
2026-08-03 08:30,28487.25,28555.00,28471.75,28537.25,2063
2026-08-03 08:45,28536.25,28595.00,28527.00,28594.00,2410
2026-08-03 09:00,28594.75,28601.00,28543.00,28558.75,1929
2026-08-03 09:15,28559.00,28582.25,28547.25,28556.75,1164
2026-08-03 09:30,28556.75,28576.50,28543.50,28545.75,1223
2026-08-03 09:45,28546.25,28563.25,28521.00,28559.00,1461
2026-08-03 10:00,28559.25,28565.25,28526.00,28527.25,1295
2026-08-03 10:15,28525.50,28540.00,28488.50,28508.00,1960
2026-08-03 10:30,28508.00,28531.50,28490.00,28527.75,1182
2026-08-03 10:45,28526.75,28546.50,28514.25,28541.00,1210
2026-08-03 11:00,28541.25,28547.00,28465.25,28487.25,2600
2026-08-03 11:15,28487.50,28513.00,28468.75,28468.75,1684
2026-08-03 11:30,28468.75,28512.50,28450.50,28474.50,2448
2026-08-03 11:45,28475.25,28477.00,28403.50,28420.25,3435
2026-08-03 12:00,28420.25,28435.75,28383.50,28434.75,4043
2026-08-03 12:15,28435.50,28461.75,28421.75,28449.00,3662
2026-08-03 12:30,28450.00,28487.75,28437.75,28487.25,3523
2026-08-03 12:45,28487.50,28491.50,28442.00,28459.25,2546
2026-08-03 13:00,28459.25,28477.50,28440.00,28460.00,3450
2026-08-03 13:15,28460.25,28494.25,28396.50,28418.50,7388
2026-08-03 13:30,28418.50,28540.00,28313.50,28494.00,47331
2026-08-03 13:45,28495.00,28628.00,28443.25,28626.25,29637
2026-08-03 14:00,28623.75,28626.50,28529.50,28572.25,27022
2026-08-03 14:15,28571.25,28684.00,28558.75,28678.50,21803
2026-08-03 14:30,28677.50,28735.00,28661.50,28708.00,18487
2026-08-03 14:45,28708.00,28803.75,28699.75,28801.75,22358
2026-08-03 15:00,28801.00,28802.25,28747.50,28758.25,14192
2026-08-03 15:15,28757.00,28798.75,28722.00,28734.25,14483
2026-08-03 15:30,28734.25,28788.50,28731.75,28782.50,12679
2026-08-03 15:45,28781.75,28814.50,28775.00,28792.50,10413
2026-08-03 16:00,28792.50,28821.25,28790.00,28815.50,10555
2026-08-03 16:15,28814.25,28847.25,28812.50,28837.00,10198
2026-08-03 16:30,28837.00,28844.75,28811.75,28833.75,8126
2026-08-03 16:45,28834.25,28843.75,28819.00,28822.50,6240
2026-08-03 17:00,28822.75,28863.75,28813.00,28857.50,7881
2026-08-03 17:15,28857.75,28890.50,28855.75,28885.75,8931
2026-08-03 17:30,28885.50,28894.00,28874.50,28885.50,7500
2026-08-03 17:45,28885.75,28921.75,28884.75,28917.50,9483
2026-08-03 18:00,28917.50,28964.25,28917.50,28940.00,13802
2026-08-03 18:15,28940.50,28958.75,28890.25,28892.75,10675
2026-08-03 18:30,28892.00,28914.25,28882.75,28913.00,8954
2026-08-03 18:45,28913.25,28926.00,28892.25,28907.00,8069
2026-08-03 19:00,28907.50,28943.75,28895.00,28900.00,9997
2026-08-03 19:15,28899.50,28926.50,28898.50,28912.75,8734
2026-08-03 19:30,28912.75,28926.00,28899.50,28914.75,9506
2026-08-03 19:45,28915.25,28935.50,28865.25,28900.25,28308
2026-08-03 20:00,28900.75,28917.25,28878.25,28911.00,8186
2026-08-03 20:15,28910.75,28945.00,28910.50,28913.75,2758
2026-08-03 20:30,28913.25,28931.75,28909.75,28929.50,1771
2026-08-03 20:45,28929.75,28931.50,28914.50,28929.25,1270
2026-08-03 22:00,28930.00,28950.75,28919.00,28927.75,1065
2026-08-03 22:15,28927.75,28948.50,28927.75,28944.00,692
2026-08-03 22:30,28941.50,28962.25,28932.25,28957.75,1359
2026-08-03 22:45,28956.50,28956.75,28941.25,28945.75,961
2026-08-03 23:00,28944.00,28947.75,28930.25,28938.50,947
2026-08-03 23:15,28938.25,28958.75,28938.25,28948.75,895
2026-08-03 23:30,28947.75,28959.75,28934.00,28941.75,869
2026-08-03 23:45,28941.75,28972.25,28939.50,28971.00,1554
2026-08-04 00:00,28971.25,28976.25,28927.25,28930.75,3051
2026-08-04 00:15,28932.25,28932.75,28900.50,28905.75,2482
2026-08-04 00:30,28905.50,28907.75,28864.25,28891.25,3269
2026-08-04 00:45,28892.25,28908.25,28868.00,28876.75,2660
2026-08-04 01:00,28876.00,28877.25,28831.75,28858.50,3484
2026-08-04 01:15,28859.75,28902.50,28851.50,28901.50,2369
2026-08-04 01:30,28901.00,28943.50,28899.25,28942.75,2619
2026-08-04 01:45,28943.00,29048.00,28941.75,29041.25,4802
2026-08-04 02:00,29041.75,29044.75,28967.50,28971.00,3461
2026-08-04 02:15,28970.00,28978.00,28942.50,28949.50,2282
2026-08-04 02:30,28948.50,28994.50,28948.50,28985.75,2195
2026-08-04 02:45,28985.75,28992.00,28960.00,28972.75,1454
2026-08-04 03:00,28972.50,28992.00,28932.75,28941.25,1793
2026-08-04 03:15,28942.75,28986.00,28931.75,28976.75,1881
2026-08-04 03:30,28977.25,29004.50,28958.25,28968.75,1577
2026-08-04 03:45,28967.00,29005.50,28957.75,29003.50,1148
2026-08-04 04:00,28990.75,28995.25,28968.50,28974.50,1104
2026-08-04 04:15,28977.25,29015.25,28976.25,29007.50,885
2026-08-04 04:30,29009.25,29014.50,28995.75,28999.50,556
2026-08-04 04:45,28997.50,29023.25,28994.75,29015.50,599
2026-08-04 05:00,29016.25,29022.25,28978.25,28987.75,1234
2026-08-04 05:15,28987.75,29032.25,28983.00,29026.50,1301
2026-08-04 05:30,29025.25,29074.75,29025.00,29058.50,1968
2026-08-04 05:45,29056.25,29074.25,29042.50,29072.25,937
2026-08-04 06:00,29073.50,29092.50,29067.25,29089.00,1756
2026-08-04 06:15,29089.00,29098.75,29076.50,29081.50,1504
2026-08-04 06:30,29081.25,29090.00,29042.50,29054.75,1446
2026-08-04 06:45,29055.00,29074.00,29051.75,29073.75,874
2026-08-04 07:00,29072.00,29100.25,29036.50,29069.00,3624
2026-08-04 07:15,29069.75,29109.00,29062.25,29099.00,2192
2026-08-04 07:30,29099.75,29119.25,29074.25,29081.50,1885
2026-08-04 07:45,29080.25,29109.75,29065.25,29071.25,1394
2026-08-04 08:00,29072.00,29124.00,29068.00,29108.00,2215
2026-08-04 08:15,29106.00,29131.50,29096.75,29112.00,1633
2026-08-04 08:30,29111.50,29111.50,29060.00,29069.50,1741
2026-08-04 08:45,29067.50,29077.50,29039.00,29068.75,2218
2026-08-04 09:00,29069.00,29069.00,29011.75,29032.75,1839
2026-08-04 09:15,29033.00,29045.25,29007.50,29044.00,1638
2026-08-04 09:30,29046.00,29080.75,29042.00,29076.75,1435
2026-08-04 09:45,29076.75,29089.25,29057.50,29077.75,1438
2026-08-04 10:00,29078.50,29111.75,29067.25,29106.75,1284
2026-08-04 10:15,29106.50,29115.25,29085.75,29096.75,1672
2026-08-04 10:30,29096.25,29130.75,29074.00,29120.75,2532
2026-08-04 10:45,29120.25,29145.00,29103.25,29115.50,3016
2026-08-04 11:00,29116.75,29149.75,29114.25,29144.50,2249
2026-08-04 11:15,29144.50,29171.50,29139.50,29170.50,2336
2026-08-04 11:30,29170.75,29212.50,29150.25,29204.75,3580
2026-08-04 11:45,29203.00,29245.75,29189.75,29237.50,5007
2026-08-04 12:00,29238.00,29238.00,29202.50,29206.25,2758
2026-08-04 12:15,29205.50,29234.25,29204.00,29221.50,2435
2026-08-04 12:30,29223.00,29225.75,29199.00,29219.50,2484
2026-08-04 12:45,29219.00,29221.50,29188.00,29202.75,2649
2026-08-04 13:00,29203.25,29235.25,29191.25,29231.00,3278
2026-08-04 13:15,29232.00,29282.25,29218.50,29234.75,8510
2026-08-04 13:30,29234.25,29452.75,29208.25,29411.50,48114
2026-08-04 13:45,29410.75,29503.75,29409.75,29466.00,31665
2026-08-04 14:00,29465.25,29544.25,29432.00,29541.00,26393
2026-08-04 14:15,29540.25,29568.50,29484.00,29559.00,24857
2026-08-04 14:30,29558.50,29572.75,29517.25,29556.75,22183
2026-08-04 14:45,29557.00,29561.50,29523.50,29549.75,13826
2026-08-04 15:00,29549.75,29624.75,29544.00,29618.75,18150
2026-08-04 15:15,29619.00,29663.50,29613.25,29639.50,17271
2026-08-04 15:30,29639.00,29682.50,29622.00,29677.00,15040
2026-08-04 15:45,29677.75,29696.75,29667.50,29671.00,12164
2026-08-04 16:00,29671.00,29700.00,29661.25,29674.50,10326
2026-08-04 16:15,29674.50,29719.75,29673.75,29706.50,9954
2026-08-04 16:30,29706.50,29731.75,29695.00,29726.25,11111
2026-08-04 16:45,29726.75,29744.50,29726.25,29742.75,9496
2026-08-04 17:00,29742.75,29799.75,29739.25,29797.25,14079
2026-08-04 17:15,29797.00,29825.75,29780.50,29819.00,11524
2026-08-04 17:30,29819.25,29865.50,29803.50,29865.00,11631
2026-08-04 17:45,29865.25,29898.75,29833.50,29834.75,15137
2026-08-04 18:00,29835.25,29860.25,29808.00,29859.00,13560
2026-08-04 18:15,29859.50,29884.25,29855.00,29879.75,8787
2026-08-04 18:30,29880.00,29893.00,29839.75,29854.50,8943
2026-08-04 18:45,29855.00,29895.50,29855.00,29881.50,8779
2026-08-04 19:00,29881.75,29939.25,29878.25,29926.50,13724
2026-08-04 19:15,29926.25,29945.25,29888.75,29900.50,11585
2026-08-04 19:30,29901.00,29951.00,29889.00,29949.75,12049
2026-08-04 19:45,29949.50,29956.50,29847.50,29876.75,40462
2026-08-04 20:00,29875.25,29949.75,29851.50,29915.75,14973
2026-08-04 20:15,29913.75,29913.75,29761.25,29791.75,11051
2026-08-04 20:30,29790.50,29817.25,29764.50,29797.50,4280
2026-08-04 20:45,29797.00,29826.00,29786.00,29818.25,2604
2026-08-04 22:00,29777.25,29838.50,29776.50,29834.75,1429
2026-08-04 22:15,29834.75,29844.25,29810.25,29833.00,1455
2026-08-04 22:30,29835.00,29841.75,29794.75,29799.50,1988
2026-08-04 22:45,29800.75,29828.00,29792.25,29827.50,1119
2026-08-04 23:00,29825.75,29846.75,29809.75,29838.50,1425
2026-08-04 23:15,29838.75,29845.50,29817.75,29825.00,889
2026-08-04 23:30,29824.00,29844.25,29802.00,29843.00,1741
2026-08-04 23:45,29843.25,29857.25,29826.00,29834.75,1999
2026-08-05 00:00,29835.50,29865.00,29818.75,29858.50,2675
2026-08-05 00:15,29858.00,29864.50,29833.50,29863.00,1886
2026-08-05 00:30,29862.75,29877.00,29835.50,29838.75,2260
2026-08-05 00:45,29838.00,29862.50,29810.00,29848.75,2599
2026-08-05 01:00,29849.25,29861.50,29817.00,29840.00,1951
2026-08-05 01:15,29840.75,29842.75,29797.00,29817.75,2118
2026-08-05 01:30,29819.00,29844.75,29813.00,29834.00,1939
2026-08-05 01:45,29834.50,29887.50,29833.75,29869.00,2714
2026-08-05 02:00,29870.00,29889.25,29864.00,29871.00,1718
2026-08-05 02:15,29871.75,29876.25,29850.25,29853.00,1048
2026-08-05 02:30,29854.50,29863.00,29842.25,29858.75,1254
2026-08-05 02:45,29857.75,29875.00,29855.25,29860.75,964
2026-08-05 03:00,29859.00,29890.00,29855.75,29884.25,1060
2026-08-05 03:15,29883.50,29892.00,29863.25,29863.25,1130
2026-08-05 03:30,29864.75,29892.00,29858.25,29885.50,1036
2026-08-05 03:45,29886.50,29893.75,29867.50,29890.00,1100
2026-08-05 04:00,29896.75,29898.25,29883.25,29884.25,1011
2026-08-05 04:15,29883.50,29883.75,29859.75,29871.25,843
2026-08-05 04:30,29872.00,29909.25,29869.25,29905.75,1408
2026-08-05 04:45,29904.50,29917.00,29883.50,29902.75,1233
2026-08-05 05:00,29902.50,29939.75,29895.00,29937.25,1521
2026-08-05 05:15,29937.50,29949.00,29934.00,29937.00,1009
2026-08-05 05:30,29936.75,29944.50,29919.75,29941.50,1675
2026-08-05 05:45,29942.00,29985.25,29940.75,29980.50,2732
2026-08-05 06:00,29980.00,29990.00,29961.00,29981.00,1630
2026-08-05 06:15,29980.25,29982.75,29925.50,29929.25,2019
2026-08-05 06:30,29929.50,29965.00,29925.75,29938.25,1483
2026-08-05 06:45,29941.00,29970.75,29936.75,29969.75,963
2026-08-05 07:00,29969.00,29987.00,29936.25,29950.75,2277
2026-08-05 07:15,29950.25,29953.25,29900.25,29907.50,2105
2026-08-05 07:30,29908.25,29919.50,29885.25,29886.25,1713
2026-08-05 07:45,29887.75,29913.50,29885.00,29903.25,1101
2026-08-05 08:00,29905.00,29926.00,29853.75,29863.75,3056
2026-08-05 08:15,29865.00,29873.75,29819.50,29833.75,2515
2026-08-05 08:30,29836.50,29844.25,29798.50,29811.75,2802
2026-08-05 08:45,29812.25,29843.00,29797.75,29836.50,1873
2026-08-05 09:00,29837.75,29853.75,29822.00,29833.75,1616
2026-08-05 09:15,29833.50,29864.25,29814.25,29861.25,2516
2026-08-05 09:30,29862.25,29888.75,29860.00,29883.25,2135
2026-08-05 09:45,29883.00,29893.50,29853.25,29857.50,1546
2026-08-05 10:00,29857.25,29871.75,29833.75,29840.50,1680
2026-08-05 10:15,29839.50,29866.00,29836.25,29858.75,976
2026-08-05 10:30,29857.50,29871.25,29850.00,29857.25,860
2026-08-05 10:45,29857.75,29871.00,29834.50,29862.25,1643
2026-08-05 11:00,29865.50,29921.00,29865.50,29904.50,3457
2026-08-05 11:15,29904.50,29923.00,29897.50,29900.50,1444
2026-08-05 11:30,29900.50,29931.25,29890.50,29916.00,2200
2026-08-05 11:45,29914.50,29943.50,29903.50,29919.50,2592
2026-08-05 12:00,29919.50,29925.75,29891.25,29920.00,2786
2026-08-05 12:15,29920.00,29939.75,29897.50,29935.25,3030
2026-08-05 12:30,29935.50,29950.00,29892.75,29941.00,3630
2026-08-05 12:45,29941.50,29946.50,29908.25,29915.00,2176
2026-08-05 13:00,29917.25,29949.50,29916.75,29929.50,2694
2026-08-05 13:15,29928.75,29978.50,29894.75,29974.00,6797
2026-08-05 13:30,29975.25,30059.00,29910.25,30052.00,46073
2026-08-05 13:45,30053.50,30074.00,29967.75,30048.75,30232
2026-08-05 14:00,30048.50,30048.50,29918.50,29998.50,27014
2026-08-05 14:15,29997.50,30026.00,29901.25,29915.00,23150
2026-08-05 14:30,29915.00,29918.75,29824.75,29862.25,30020
2026-08-05 14:45,29862.25,29905.50,29788.00,29848.25,26730
2026-08-05 15:00,29849.00,29890.75,29826.00,29839.50,18034
2026-08-05 15:15,29839.00,29849.50,29763.50,29809.50,21865
2026-08-05 15:30,29808.50,29860.75,29805.50,29819.25,11138
2026-08-05 15:45,29820.00,29820.75,29713.25,29739.00,16829
2026-08-05 16:00,29738.25,29766.00,29702.00,29731.25,14592
2026-08-05 16:15,29730.75,29835.25,29720.00,29829.25,15333
2026-08-05 16:30,29829.75,29839.75,29770.00,29788.50,11150
2026-08-05 16:45,29789.25,29826.25,29778.50,29808.25,7540
2026-08-05 17:00,29809.75,29819.75,29744.25,29767.25,8999
2026-08-05 17:15,29766.75,29782.00,29740.50,29754.50,7450
2026-08-05 17:30,29754.25,29779.25,29738.75,29757.50,6429
2026-08-05 17:45,29756.50,29774.75,29734.25,29757.00,6347
2026-08-05 18:00,29756.75,29788.50,29752.25,29762.50,7526
2026-08-05 18:15,29763.00,29781.75,29755.25,29776.00,5335
2026-08-05 18:30,29776.25,29776.50,29727.25,29741.75,7661
2026-08-05 18:45,29742.00,29765.00,29722.75,29725.75,6360
2026-08-05 19:00,29726.75,29778.25,29718.50,29774.25,8486
2026-08-05 19:15,29774.25,29779.25,29753.75,29756.50,6587
2026-08-05 19:30,29757.00,29763.25,29706.00,29711.00,9489
2026-08-05 19:45,29711.50,29735.00,29592.75,29607.50,27811
2026-08-05 20:00,29607.00,29618.25,29530.75,29604.75,20907
2026-08-05 20:15,29605.50,29618.00,29561.75,29569.75,4644
2026-08-05 20:30,29571.25,29603.00,29566.25,29598.50,2378
2026-08-05 20:45,29598.00,29607.75,29576.00,29600.25,1939
2026-08-05 22:00,29569.50,29596.50,29563.50,29573.50,918
2026-08-05 22:15,29573.00,29638.00,29571.75,29627.75,1746
2026-08-05 22:30,29628.00,29670.50,29623.50,29654.75,2099
2026-08-05 22:45,29655.00,29679.50,29615.75,29623.25,2464
2026-08-05 23:00,29622.75,29636.00,29612.25,29631.00,866
2026-08-05 23:15,29631.00,29649.50,29618.50,29629.25,1099
2026-08-05 23:30,29629.25,29636.75,29575.25,29589.50,2481
2026-08-05 23:45,29586.00,29589.00,29566.00,29583.50,1688
2026-08-06 00:00,29584.25,29601.75,29546.75,29581.00,3185
2026-08-06 00:15,29580.50,29608.00,29553.00,29560.50,2360
2026-08-06 00:30,29561.50,29588.00,29547.75,29560.50,2122
2026-08-06 00:45,29560.25,29579.25,29535.25,29537.50,1807
2026-08-06 01:00,29539.25,29540.75,29501.25,29521.50,2734
2026-08-06 01:15,29523.25,29523.25,29454.25,29473.25,3255
2026-08-06 01:30,29472.75,29508.75,29469.50,29475.00,2694
2026-08-06 01:45,29475.50,29519.00,29473.25,29498.00,1826
2026-08-06 02:00,29497.75,29557.25,29490.75,29541.75,2627
2026-08-06 02:15,29543.00,29578.75,29537.25,29548.75,1807
2026-08-06 02:30,29546.50,29618.50,29529.25,29617.25,2465
2026-08-06 02:45,29616.25,29621.00,29585.75,29593.00,1809
2026-08-06 03:00,29593.75,29608.50,29574.50,29579.25,1458
2026-08-06 03:15,29579.00,29585.75,29535.00,29543.00,1602
2026-08-06 03:30,29543.50,29563.25,29525.00,29552.75,1570
2026-08-06 03:45,29553.00,29576.00,29541.25,29564.00,1327
2026-08-06 04:00,29571.50,29575.50,29554.25,29560.25,1507
2026-08-06 04:15,29556.75,29599.75,29556.50,29585.00,1072
2026-08-06 04:30,29585.75,29600.00,29541.75,29555.00,1178
2026-08-06 04:45,29555.25,29575.50,29545.00,29574.75,801
2026-08-06 05:00,29575.25,29596.25,29558.00,29580.50,1137
2026-08-06 05:15,29582.50,29593.75,29565.50,29580.00,703
2026-08-06 05:30,29579.75,29583.00,29550.00,29581.75,1113
2026-08-06 05:45,29583.25,29583.75,29544.25,29580.75,1221
2026-08-06 06:00,29580.00,29581.75,29499.00,29506.75,2161
2026-08-06 06:15,29505.75,29548.75,29485.00,29547.25,2515
2026-08-06 06:30,29546.50,29548.75,29495.75,29504.50,1556
2026-08-06 06:45,29505.50,29527.75,29486.25,29523.00,1254
2026-08-06 07:00,29520.25,29563.00,29506.75,29552.00,1914
2026-08-06 07:15,29551.00,29562.50,29523.50,29536.50,1384
2026-08-06 07:30,29536.50,29541.00,29501.25,29517.75,1137
2026-08-06 07:45,29516.75,29538.25,29500.75,29507.25,1230
2026-08-06 08:00,29507.25,29525.75,29443.75,29460.00,3058
2026-08-06 08:15,29460.75,29511.50,29447.75,29508.25,1973
2026-08-06 08:30,29509.50,29532.50,29500.50,29502.75,1579
2026-08-06 08:45,29504.75,29524.50,29490.25,29517.25,1395
2026-08-06 09:00,29517.25,29517.25,29437.50,29447.75,1800
2026-08-06 09:15,29448.25,29493.75,29446.50,29482.50,1223
2026-08-06 09:30,29482.00,29498.75,29475.75,29489.25,716
2026-08-06 09:45,29489.75,29531.00,29489.50,29526.75,1263
2026-08-06 10:00,29526.75,29533.75,29496.25,29503.25,1059
2026-08-06 10:15,29503.25,29525.75,29494.25,29517.00,961
2026-08-06 10:30,29517.50,29519.50,29473.50,29480.25,1218
2026-08-06 10:45,29479.75,29492.75,29468.00,29484.50,1494
2026-08-06 11:00,29484.50,29488.50,29364.75,29417.25,5799
2026-08-06 11:15,29419.75,29474.75,29417.25,29469.25,2607
2026-08-06 11:30,29469.50,29516.50,29469.25,29495.50,3522
2026-08-06 11:45,29494.25,29512.00,29438.00,29467.25,3754
2026-08-06 12:00,29466.00,29476.50,29406.25,29411.25,3534
2026-08-06 12:15,29413.50,29450.75,29387.50,29432.50,3960
2026-08-06 12:30,29430.00,29463.50,29413.75,29432.25,3136
2026-08-06 12:45,29432.00,29439.50,29389.50,29399.50,3131
2026-08-06 13:00,29400.25,29404.50,29350.25,29351.50,4811
2026-08-06 13:15,29351.00,29367.00,29326.25,29334.50,8303
2026-08-06 13:30,29335.00,29474.25,29241.25,29458.75,49092
2026-08-06 13:45,29458.00,29551.00,29447.50,29527.25,30945
2026-08-06 14:00,29528.25,29619.00,29488.00,29608.50,26324
2026-08-06 14:15,29608.75,29667.00,29564.75,29587.00,24080
2026-08-06 14:30,29589.00,29650.75,29545.25,29583.50,22797
2026-08-06 14:45,29582.50,29659.25,29533.75,29656.75,18231
2026-08-06 15:00,29656.50,29686.25,29598.75,29646.50,18323
2026-08-06 15:15,29646.25,29663.25,29564.25,29608.50,16439
2026-08-06 15:30,29608.25,29628.00,29533.00,29534.00,14991
2026-08-06 15:45,29535.00,29624.50,29506.00,29516.25,19913
2026-08-06 16:00,29516.25,29542.75,29478.25,29488.25,16002
2026-08-06 16:15,29488.50,29504.50,29448.50,29471.50,14253
2026-08-06 16:30,29472.25,29527.25,29462.25,29478.25,11297
2026-08-06 16:45,29478.50,29558.50,29468.50,29556.50,9842
2026-08-06 17:00,29557.25,29574.25,29518.00,29523.75,9569
2026-08-06 17:15,29524.00,29551.50,29512.25,29527.75,7340
2026-08-06 17:30,29526.75,29543.00,29493.75,29510.00,6740
2026-08-06 17:45,29510.25,29533.50,29494.25,29529.00,6999
2026-08-06 18:00,29529.00,29546.75,29507.25,29542.75,6602
2026-08-06 18:15,29542.75,29575.50,29498.50,29556.50,10268
2026-08-06 18:30,29556.50,29561.00,29500.50,29520.00,6601
2026-08-06 18:45,29521.25,29537.00,29506.00,29515.50,6322
2026-08-06 19:00,29515.75,29570.25,29510.25,29536.25,8515
2026-08-06 19:15,29535.50,29551.25,29496.50,29509.00,8193
2026-08-06 19:30,29508.00,29545.50,29489.25,29504.00,8037
2026-08-06 19:45,29504.00,29536.25,29475.00,29497.25,22877
2026-08-06 20:00,29497.25,29552.00,29496.00,29537.00,8473
2026-08-06 20:15,29536.75,29548.75,29482.75,29492.50,4018
2026-08-06 20:30,29492.50,29504.75,29480.25,29494.00,1674
2026-08-06 20:45,29494.75,29506.25,29489.00,29504.25,1228
2026-08-06 22:00,29514.25,29552.75,29494.50,29551.00,694
2026-08-06 22:15,29571.00,29574.75,29543.25,29550.00,1883
2026-08-06 22:30,29549.00,29562.00,29529.25,29553.75,966
2026-08-06 22:45,29554.25,29568.25,29547.25,29566.00,560
2026-08-06 23:00,29564.75,29572.25,29554.25,29558.00,653
2026-08-06 23:15,29559.25,29597.00,29559.25,29573.00,1324
2026-08-06 23:30,29572.50,29589.25,29563.25,29583.00,894
2026-08-06 23:45,29583.00,29603.50,29575.00,29593.25,1143
2026-08-07 00:00,29595.25,29618.75,29562.00,29575.50,2281
2026-08-07 00:15,29575.25,29575.25,29497.25,29513.50,3467
2026-08-07 00:30,29513.00,29575.00,29500.75,29539.75,3305
2026-08-07 00:45,29541.75,29573.00,29503.75,29561.25,2642
2026-08-07 01:00,29561.75,29582.00,29515.00,29524.00,2379
2026-08-07 01:15,29526.00,29536.00,29482.50,29531.25,2633
2026-08-07 01:30,29529.50,29581.25,29493.75,29521.75,3131
2026-08-07 01:45,29522.00,29540.00,29502.25,29526.25,1647
2026-08-07 02:00,29527.00,29548.00,29489.50,29530.75,2710
2026-08-07 02:15,29530.00,29542.00,29514.50,29525.50,844
2026-08-07 02:30,29526.50,29527.25,29475.50,29500.25,1965
2026-08-07 02:45,29498.75,29535.50,29494.00,29527.00,965
2026-08-07 03:00,29526.00,29548.00,29526.00,29529.50,1041
2026-08-07 03:15,29531.50,29535.00,29491.25,29505.00,1328
2026-08-07 03:30,29503.00,29522.25,29496.25,29505.25,730
2026-08-07 03:45,29507.00,29512.75,29486.25,29489.25,597
2026-08-07 04:00,29496.25,29500.75,29475.00,29479.00,1201
2026-08-07 04:15,29478.50,29516.75,29453.50,29508.25,2622
2026-08-07 04:30,29508.25,29526.00,29492.00,29495.50,1234
2026-08-07 04:45,29494.50,29513.50,29489.25,29511.50,829
2026-08-07 05:00,29510.75,29556.75,29507.50,29539.50,2310
2026-08-07 05:15,29539.50,29554.75,29538.00,29549.25,611
2026-08-07 05:30,29547.75,29550.00,29519.75,29534.00,767
2026-08-07 05:45,29534.00,29538.75,29522.75,29523.50,513
2026-08-07 06:00,29523.50,29564.50,29520.00,29559.75,1551
2026-08-07 06:15,29557.50,29583.50,29543.25,29580.50,2319
2026-08-07 06:30,29580.25,29583.50,29539.00,29546.50,1223
2026-08-07 06:45,29544.25,29555.00,29537.75,29553.00,1075
2026-08-07 07:00,29552.00,29591.75,29533.00,29591.50,2209
2026-08-07 07:15,29591.50,29592.50,29574.00,29587.75,1024
2026-08-07 07:30,29588.75,29591.00,29570.25,29583.00,875
2026-08-07 07:45,29582.50,29589.25,29561.25,29583.75,981
2026-08-07 08:00,29584.25,29626.50,29584.00,29624.00,2344
2026-08-07 08:15,29625.00,29629.75,29599.25,29623.75,1368
2026-08-07 08:30,29623.50,29647.25,29609.25,29625.75,1873
2026-08-07 08:45,29625.75,29637.75,29615.00,29632.50,1939
2026-08-07 09:00,29633.50,29649.00,29625.25,29641.75,1147
2026-08-07 09:15,29642.00,29649.00,29624.75,29634.50,904
2026-08-07 09:30,29634.50,29647.00,29621.25,29629.00,720
2026-08-07 09:45,29629.50,29636.00,29616.00,29616.50,715
2026-08-07 10:00,29618.25,29628.00,29609.25,29609.75,875
2026-08-07 10:15,29609.25,29621.50,29591.25,29621.25,1081
2026-08-07 10:30,29621.50,29625.25,29609.25,29623.50,613
2026-08-07 10:45,29621.25,29624.00,29602.25,29607.25,799
2026-08-07 11:00,29606.50,29648.25,29606.25,29637.00,1584
2026-08-07 11:15,29637.25,29666.25,29636.75,29654.00,1471
2026-08-07 11:30,29652.25,29673.25,29647.25,29666.00,1232
2026-08-07 11:45,29664.50,29666.25,29604.25,29614.00,3039
2026-08-07 12:00,29614.50,29675.75,29604.75,29658.50,2722
2026-08-07 12:15,29658.75,29686.00,29618.50,29683.50,3165
2026-08-07 12:30,29676.25,29814.00,29643.75,29801.75,12838
2026-08-07 12:45,29801.50,29867.75,29801.50,29843.25,9319
2026-08-07 13:00,29843.75,29850.50,29734.25,29741.00,9686
2026-08-07 13:15,29741.25,29745.25,29685.00,29714.75,9035
2026-08-07 13:30,29714.25,29813.25,29681.00,29788.50,43858
2026-08-07 13:45,29786.75,29820.00,29643.75,29677.25,30416
2026-08-07 14:00,29679.50,29713.25,29564.50,29585.00,32537
2026-08-07 14:15,29585.00,29779.50,29568.50,29761.25,28661
2026-08-07 14:30,29761.00,29775.00,29660.00,29676.00,23813
2026-08-07 14:45,29676.75,29734.00,29667.75,29721.00,17985
2026-08-07 15:00,29720.25,29782.50,29709.00,29759.75,14243
2026-08-07 15:15,29760.25,29828.75,29746.50,29826.75,14255
2026-08-07 15:30,29826.00,29855.25,29794.25,29811.75,14878
2026-08-07 15:45,29812.00,29843.25,29796.50,29814.00,9741
2026-08-07 16:00,29814.75,29830.00,29795.00,29800.75,7837
2026-08-07 16:15,29800.50,29819.00,29688.75,29714.00,15088
2026-08-07 16:30,29714.00,29761.25,29668.75,29754.25,15013
2026-08-07 16:45,29754.50,29780.75,29738.75,29739.50,9700
2026-08-07 17:00,29739.75,29768.00,29726.75,29736.00,7463
2026-08-07 17:15,29735.25,29764.50,29726.25,29747.50,6249
2026-08-07 17:30,29747.50,29764.25,29727.00,29745.25,5796
2026-08-07 17:45,29746.00,29759.25,29735.50,29743.25,4279
2026-08-07 18:00,29743.50,29754.75,29712.50,29721.50,5529
2026-08-07 18:15,29722.00,29734.25,29702.75,29705.75,5393
2026-08-07 18:30,29705.50,29724.25,29678.75,29681.25,6164
2026-08-07 18:45,29681.50,29729.00,29676.50,29725.00,6350
2026-08-07 19:00,29725.25,29810.75,29723.00,29800.00,11913
2026-08-07 19:15,29800.25,29823.00,29791.75,29811.00,8638
2026-08-07 19:30,29811.25,29812.00,29772.25,29779.25,8479
2026-08-07 19:45,29778.75,29860.25,29778.00,29834.25,25044
2026-08-07 20:00,29833.75,29850.75,29805.25,29820.25,8942
2026-08-07 20:15,29820.50,29829.00,29803.75,29805.00,1490
2026-08-07 20:30,29805.50,29823.75,29802.50,29814.25,1684
2026-08-07 20:45,29814.25,29845.00,29813.00,29834.75,1791
2026-08-09 22:00,29851.75,29860.25,29820.00,29826.25,1016
2026-08-09 22:15,29828.50,29854.50,29805.25,29838.00,2092
2026-08-09 22:30,29838.50,29853.50,29814.50,29837.50,1274
2026-08-09 22:45,29837.50,29851.00,29831.50,29844.25,744
2026-08-09 23:00,29845.25,29877.00,29833.50,29862.75,1192
2026-08-09 23:15,29860.50,29882.25,29856.25,29864.25,1076
2026-08-09 23:30,29865.25,29865.75,29834.75,29862.25,1312
2026-08-09 23:45,29862.00,29872.00,29828.25,29829.50,1100
2026-08-10 00:00,29830.25,29906.50,29796.25,29893.00,3568
2026-08-10 00:15,29891.50,29899.50,29840.00,29845.75,2048
2026-08-10 00:30,29847.00,29865.25,29799.75,29804.50,2085
2026-08-10 00:45,29806.25,29830.50,29788.50,29802.00,1918
2026-08-10 01:00,29803.25,29855.00,29791.00,29853.00,1972
2026-08-10 01:15,29851.75,29882.50,29845.75,29865.25,1792
2026-08-10 01:30,29864.00,29881.50,29840.75,29875.50,1504
2026-08-10 01:45,29876.50,29895.00,29871.75,29885.00,883
2026-08-10 02:00,29886.00,29892.25,29869.25,29871.25,915
2026-08-10 02:15,29873.25,29874.50,29852.75,29870.00,1096
2026-08-10 02:30,29870.00,29890.75,29848.25,29890.25,855
2026-08-10 02:45,29889.00,29899.50,29880.25,29880.25,747
2026-08-10 03:00,29881.25,29892.00,29869.25,29876.25,596
2026-08-10 03:15,29876.00,29891.25,29871.25,29882.50,629
2026-08-10 03:30,29880.00,29898.00,29872.75,29896.50,705
2026-08-10 03:45,29896.50,29899.00,29871.25,29880.00,673
2026-08-10 04:00,29878.25,29897.75,29873.00,29895.50,653
2026-08-10 04:15,29894.25,29904.00,29891.00,29899.25,579
2026-08-10 04:30,29898.25,29899.75,29863.00,29887.25,889
2026-08-10 04:45,29887.25,29902.25,29873.75,29882.75,742
2026-08-10 05:00,29882.25,29918.25,29881.00,29916.25,1179
2026-08-10 05:15,29916.75,29924.50,29909.00,29910.75,847
2026-08-10 05:30,29912.00,29919.00,29903.50,29905.50,761
2026-08-10 05:45,29905.25,29930.50,29899.50,29930.50,928
2026-08-10 06:00,29930.00,29962.00,29927.50,29956.25,1883
2026-08-10 06:15,29956.00,29962.75,29907.50,29914.25,1907
2026-08-10 06:30,29914.25,29925.25,29907.00,29917.25,966
2026-08-10 06:45,29917.50,29923.50,29906.00,29908.50,787
2026-08-10 07:00,29909.25,29923.00,29886.25,29914.00,1468
2026-08-10 07:15,29914.00,29952.50,29911.25,29952.25,1651
2026-08-10 07:30,29950.75,29970.00,29948.00,29965.50,1168
2026-08-10 07:45,29965.75,29984.00,29935.75,29951.50,1305
2026-08-10 08:00,29952.50,29981.00,29947.00,29963.00,1421
2026-08-10 08:15,29961.75,29973.00,29939.50,29953.50,925
2026-08-10 08:30,29952.00,29972.00,29944.00,29955.50,735
2026-08-10 08:45,29954.75,29975.00,29949.00,29971.50,718
2026-08-10 09:00,29971.50,29983.75,29966.00,29976.00,873
2026-08-10 09:15,29974.75,29981.75,29963.50,29967.75,584
2026-08-10 09:30,29968.50,29972.00,29936.50,29945.00,978
2026-08-10 09:45,29943.75,29952.00,29936.00,29938.75,511
2026-08-10 10:00,29939.25,29959.00,29916.00,29917.25,1108
2026-08-10 10:15,29917.75,29952.25,29916.50,29946.75,953
2026-08-10 10:30,29943.50,29945.50,29910.00,29919.50,941
2026-08-10 10:45,29918.75,29938.25,29909.25,29912.25,1017
2026-08-10 11:00,29912.75,29926.00,29851.50,29876.50,2354
2026-08-10 11:15,29877.25,29913.00,29864.25,29909.00,1805
2026-08-10 11:30,29909.25,29919.75,29872.00,29874.75,1960
2026-08-10 11:45,29874.25,29884.25,29846.00,29871.00,2313
2026-08-10 12:00,29870.25,29883.75,29843.75,29845.00,1445
2026-08-10 12:15,29845.75,29846.50,29810.25,29821.00,1953
2026-08-10 12:30,29823.25,29827.50,29782.25,29804.00,3398
2026-08-10 12:45,29803.75,29810.00,29771.75,29777.00,2382
2026-08-10 13:00,29778.50,29816.00,29772.25,29805.00,3401
2026-08-10 13:15,29804.50,29823.75,29789.50,29805.50,4588
2026-08-10 13:30,29805.50,29841.75,29718.75,29776.00,37362
2026-08-10 13:45,29775.75,29832.75,29754.50,29806.75,23986
2026-08-10 14:00,29807.00,29892.00,29788.25,29881.50,19211
2026-08-10 14:15,29882.00,29900.00,29814.75,29857.75,18032
2026-08-10 14:30,29858.25,29892.25,29846.75,29866.75,13100
2026-08-10 14:45,29866.50,29886.00,29777.75,29779.25,14556
2026-08-10 15:00,29779.75,29822.50,29766.00,29793.25,14571
2026-08-10 15:15,29793.25,29817.25,29753.50,29777.75,10802
2026-08-10 15:30,29777.00,29809.00,29740.75,29808.25,10173
2026-08-10 15:45,29808.25,29854.50,29786.25,29844.00,10052
2026-08-10 16:00,29844.50,29858.75,29811.75,29822.00,7408
2026-08-10 16:15,29822.00,29843.50,29804.75,29809.75,7222
2026-08-10 16:30,29809.50,29817.00,29729.50,29742.25,12889
2026-08-10 16:45,29742.75,29781.00,29733.00,29780.00,8479
2026-08-10 17:00,29780.25,29809.00,29760.75,29800.75,7607
2026-08-10 17:15,29800.75,29811.25,29776.25,29787.50,5257
2026-08-10 17:30,29786.75,29796.50,29756.00,29759.50,5302
2026-08-10 17:45,29760.00,29765.25,29744.25,29759.75,5440
2026-08-10 18:00,29759.00,29772.75,29748.50,29751.25,4342
2026-08-10 18:15,29751.75,29756.50,29742.50,29747.75,4084
2026-08-10 18:30,29747.50,29773.50,29741.50,29771.75,5683
2026-08-10 18:45,29772.00,29784.50,29759.75,29782.00,4509
2026-08-10 19:00,29782.75,29795.00,29775.50,29789.50,5168
2026-08-10 19:15,29789.75,29796.00,29779.75,29781.75,4871
2026-08-10 19:30,29782.25,29793.00,29770.25,29776.25,5796
2026-08-10 19:45,29776.00,29784.25,29722.50,29744.25,23393
2026-08-10 20:00,29744.50,29754.75,29740.00,29745.00,6454
2026-08-10 20:15,29745.00,29754.50,29737.00,29751.75,1626
2026-08-10 20:30,29751.75,29760.00,29743.25,29757.50,1237
2026-08-10 20:45,29758.00,29770.00,29755.75,29764.25,1244
2026-08-10 22:00,29764.50,29788.50,29752.00,29761.50,793
2026-08-10 22:15,29761.75,29762.75,29733.00,29746.25,1056
2026-08-10 22:30,29746.00,29746.25,29722.25,29725.25,1039
2026-08-10 22:45,29724.50,29736.75,29724.50,29732.50,383
2026-08-10 23:00,29732.50,29735.50,29720.75,29731.25,519
2026-08-10 23:15,29731.50,29732.00,29701.25,29708.50,1306
2026-08-10 23:30,29708.50,29715.50,29702.50,29714.25,570
2026-08-10 23:45,29713.75,29726.75,29677.50,29704.50,2012
2026-08-11 00:00,29703.75,29753.50,29666.00,29748.75,4022
2026-08-11 00:15,29746.75,29765.00,29725.00,29762.75,2476
2026-08-11 00:30,29764.00,29784.00,29756.00,29778.25,1657
2026-08-11 00:45,29779.25,29793.75,29777.00,29785.00,1316
2026-08-11 01:00,29784.75,29826.00,29764.50,29826.00,3105
2026-08-11 01:15,29825.25,29839.50,29808.75,29821.75,1749
2026-08-11 01:30,29819.25,29827.50,29810.00,29822.50,970
2026-08-11 01:45,29820.75,29842.50,29817.00,29818.25,1352
2026-08-11 02:00,29818.00,29830.50,29812.00,29819.50,869
2026-08-11 02:15,29821.25,29827.25,29813.00,29825.00,599
2026-08-11 02:30,29824.00,29839.00,29824.00,29838.75,896
2026-08-11 02:45,29839.50,29844.50,29815.00,29818.25,904
2026-08-11 03:00,29817.75,29832.75,29815.00,29821.50,691
2026-08-11 03:15,29822.50,29847.50,29817.50,29840.75,943
2026-08-11 03:30,29842.25,29843.00,29826.00,29831.75,638
2026-08-11 03:45,29833.50,29842.75,29828.25,29834.00,431
2026-08-11 04:00,29838.25,29851.25,29836.00,29847.75,714
2026-08-11 04:15,29848.50,29854.50,29838.25,29852.75,758
2026-08-11 04:30,29852.50,29861.75,29835.50,29838.25,825
2026-08-11 04:45,29839.25,29846.00,29834.50,29838.75,368
2026-08-11 05:00,29838.75,29854.25,29830.25,29852.00,538
2026-08-11 05:15,29852.25,29853.50,29813.25,29813.75,888
2026-08-11 05:30,29813.25,29829.50,29798.25,29815.50,1518
2026-08-11 05:45,29814.50,29817.00,29786.75,29793.25,1086
2026-08-11 06:00,29792.50,29827.75,29787.25,29819.50,1117
2026-08-11 06:15,29820.00,29822.00,29766.25,29771.25,1886
2026-08-11 06:30,29770.50,29789.25,29732.50,29782.00,2836
2026-08-11 06:45,29785.25,29786.75,29738.50,29754.25,1446
2026-08-11 07:00,29755.75,29769.75,29733.25,29759.75,1400
2026-08-11 07:15,29758.25,29765.00,29728.00,29743.25,1371
2026-08-11 07:30,29744.25,29780.25,29743.25,29769.00,1058
2026-08-11 07:45,29767.50,29779.50,29756.00,29774.75,864
2026-08-11 08:00,29776.00,29804.25,29730.50,29731.25,2318
2026-08-11 08:15,29730.75,29747.25,29718.00,29733.00,1309
2026-08-11 08:30,29733.50,29754.75,29717.75,29753.75,1202
2026-08-11 08:45,29752.50,29763.50,29741.75,29749.50,794
2026-08-11 09:00,29748.00,29756.25,29718.75,29733.00,1381
2026-08-11 09:15,29732.25,29765.75,29731.25,29759.00,1133
2026-08-11 09:30,29759.25,29784.00,29754.50,29767.50,1149
2026-08-11 09:45,29768.25,29781.50,29764.25,29768.75,461
2026-08-11 10:00,29770.25,29773.00,29754.75,29756.25,659
2026-08-11 10:15,29756.25,29832.75,29750.25,29821.25,2051
2026-08-11 10:30,29821.75,29823.75,29801.75,29815.00,1020
2026-08-11 10:45,29814.25,29827.50,29812.25,29818.00,570
2026-08-11 11:00,29818.75,29886.75,29818.25,29872.00,5200
2026-08-11 11:15,29871.00,29873.00,29828.50,29834.25,1812
2026-08-11 11:30,29833.75,29837.00,29811.00,29824.50,1557
2026-08-11 11:45,29825.25,29835.25,29812.75,29832.00,933
2026-08-11 12:00,29832.75,29864.25,29819.50,29862.25,1825
2026-08-11 12:15,29861.25,29871.50,29821.50,29828.50,3140
2026-08-11 12:30,29829.75,29857.25,29819.00,29846.00,1668
2026-08-11 12:45,29847.00,29854.00,29827.00,29833.75,1534
2026-08-11 13:00,29832.50,29851.25,29820.25,29827.50,2324
2026-08-11 13:15,29827.75,29845.75,29813.00,29839.00,5274
2026-08-11 13:30,29839.25,29842.50,29679.00,29723.25,39004
2026-08-11 13:45,29723.75,29735.00,29631.75,29732.75,30187
2026-08-11 14:00,29732.50,29792.50,29718.25,29763.00,20114
2026-08-11 14:15,29762.00,29791.75,29737.50,29777.25,18648
2026-08-11 14:30,29777.75,29785.25,29728.25,29742.75,15323
2026-08-11 14:45,29741.75,29804.75,29740.50,29777.00,13786
2026-08-11 15:00,29776.50,29792.25,29703.25,29712.25,15538
2026-08-11 15:15,29711.00,29735.25,29697.50,29702.75,11761
2026-08-11 15:30,29702.50,29719.50,29663.75,29693.00,12877
2026-08-11 15:45,29693.25,29693.75,29658.75,29663.25,9935
2026-08-11 16:00,29663.75,29681.75,29647.75,29652.50,9323
2026-08-11 16:15,29652.50,29669.75,29622.00,29645.75,10264
2026-08-11 16:30,29645.75,29666.75,29630.75,29637.00,7784
2026-08-11 16:45,29637.00,29643.00,29614.75,29626.00,9661
2026-08-11 17:00,29626.75,29634.75,29577.00,29578.25,9167
2026-08-11 17:15,29578.25,29618.00,29573.00,29606.00,10118
2026-08-11 17:30,29606.50,29638.00,29598.75,29634.25,7472
2026-08-11 17:45,29634.50,29640.75,29622.25,29628.75,5657
2026-08-11 18:00,29629.25,29635.75,29602.00,29607.75,7662
2026-08-11 18:15,29608.00,29614.00,29533.50,29544.25,10388
2026-08-11 18:30,29545.00,29576.75,29540.00,29548.75,8611
2026-08-11 18:45,29548.75,29599.50,29548.25,29582.75,7153
2026-08-11 19:00,29582.25,29614.50,29571.50,29607.75,8028
2026-08-11 19:15,29608.00,29627.00,29602.00,29624.00,6252
2026-08-11 19:30,29624.50,29660.25,29620.00,29640.25,10315
2026-08-11 19:45,29639.75,29650.00,29607.00,29635.25,22056
2026-08-11 20:00,29635.75,29651.75,29614.75,29640.25,8715
2026-08-11 20:15,29640.50,29676.50,29639.00,29674.75,2615
2026-08-11 20:30,29674.50,29676.00,29664.50,29670.00,1281
2026-08-11 20:45,29670.75,29671.25,29643.50,29646.75,1485
2026-08-11 22:00,29657.75,29661.00,29626.75,29658.25,646
2026-08-11 22:15,29658.75,29662.00,29650.50,29655.00,420
2026-08-11 22:30,29653.25,29666.00,29637.00,29639.25,796
2026-08-11 22:45,29639.75,29653.75,29634.00,29650.25,603
2026-08-11 23:00,29649.50,29654.25,29639.50,29641.75,431
2026-08-11 23:15,29641.50,29654.25,29640.75,29652.50,347
2026-08-11 23:30,29652.75,29653.25,29635.75,29640.75,425
2026-08-11 23:45,29640.75,29663.00,29634.25,29662.25,850
2026-08-12 00:00,29661.75,29669.75,29624.50,29650.50,2022
2026-08-12 00:15,29649.25,29676.00,29638.50,29665.50,1690
2026-08-12 00:30,29666.00,29680.00,29652.00,29662.00,1166
2026-08-12 00:45,29662.00,29672.00,29655.50,29665.75,610
2026-08-12 01:00,29662.75,29681.00,29660.00,29674.75,1020
2026-08-12 01:15,29675.00,29675.75,29639.50,29661.75,1261
2026-08-12 01:30,29660.00,29678.00,29646.75,29678.00,950
2026-08-12 01:45,29678.25,29683.50,29646.75,29658.25,1157
2026-08-12 02:00,29659.00,29670.75,29650.00,29658.00,887
2026-08-12 02:15,29658.50,29678.00,29654.25,29678.00,635
2026-08-12 02:30,29677.25,29694.50,29675.25,29688.25,793
2026-08-12 02:45,29688.00,29703.00,29688.00,29702.50,760
2026-08-12 03:00,29702.75,29710.00,29695.25,29705.25,913
2026-08-12 03:15,29705.25,29708.75,29695.25,29702.50,640
2026-08-12 03:30,29701.75,29704.75,29688.75,29691.25,502
2026-08-12 03:45,29692.75,29701.25,29684.50,29695.00,440
2026-08-12 04:00,29694.00,29697.50,29691.75,29697.50,520
2026-08-12 04:15,29697.00,29703.00,29691.50,29698.25,335
2026-08-12 04:30,29697.00,29699.75,29683.50,29696.50,557
2026-08-12 04:45,29696.50,29715.50,29692.25,29713.00,778
2026-08-12 05:00,29714.00,29714.50,29685.00,29685.00,645
2026-08-12 05:15,29684.25,29690.00,29668.25,29688.00,869
2026-08-12 05:30,29688.75,29708.50,29687.25,29699.75,574
2026-08-12 05:45,29699.75,29718.00,29697.00,29715.50,691
2026-08-12 06:00,29715.00,29724.25,29707.25,29713.75,982
2026-08-12 06:15,29713.75,29721.25,29698.25,29711.75,833
2026-08-12 06:30,29709.50,29730.25,29706.00,29718.00,692
2026-08-12 06:45,29719.00,29737.25,29718.25,29736.75,970
2026-08-12 07:00,29737.25,29753.75,29735.50,29741.25,2356
2026-08-12 07:15,29741.50,29748.75,29727.50,29739.25,676
2026-08-12 07:30,29738.00,29744.00,29729.75,29742.75,534
2026-08-12 07:45,29741.25,29751.50,29730.50,29751.50,443
2026-08-12 08:00,29752.25,29781.25,29748.25,29771.00,1770
2026-08-12 08:15,29772.00,29792.25,29764.25,29786.00,1109
2026-08-12 08:30,29785.75,29787.25,29762.75,29773.25,818
2026-08-12 08:45,29773.00,29799.50,29771.75,29793.75,898
2026-08-12 09:00,29794.50,29812.00,29793.50,29808.25,983
2026-08-12 09:15,29808.00,29848.25,29803.75,29824.00,1965
2026-08-12 09:30,29823.50,29838.75,29822.50,29829.75,968
2026-08-12 09:45,29830.00,29834.50,29802.75,29815.25,1510
2026-08-12 10:00,29815.50,29842.75,29814.75,29839.00,1238
2026-08-12 10:15,29839.50,29845.25,29833.75,29839.50,760
2026-08-12 10:30,29839.75,29844.25,29832.25,29841.50,667
2026-08-12 10:45,29840.75,29841.50,29785.00,29814.50,2694
2026-08-12 11:00,29816.00,29838.00,29814.00,29823.50,1410
2026-08-12 11:15,29821.25,29821.75,29805.50,29810.25,1049
2026-08-12 11:30,29810.00,29831.75,29806.00,29825.50,1129
2026-08-12 11:45,29825.75,29846.50,29819.50,29845.50,1090
2026-08-12 12:00,29846.00,29858.25,29829.25,29830.00,1744
2026-08-12 12:15,29830.50,29932.25,29820.75,29905.50,4196
2026-08-12 12:30,29905.25,29960.00,29750.25,29917.25,12053
2026-08-12 12:45,29918.25,29922.50,29899.75,29919.25,3354
2026-08-12 13:00,29920.00,29941.50,29916.00,29939.00,3653
2026-08-12 13:15,29939.75,29992.75,29935.75,29991.00,8582
2026-08-12 13:30,29991.25,30001.75,29853.25,29899.50,39100
2026-08-12 13:45,29899.50,29970.75,29860.75,29907.50,27849
2026-08-12 14:00,29907.25,29936.00,29847.75,29892.50,23637
2026-08-12 14:15,29893.25,29945.75,29864.00,29916.25,16756
2026-08-12 14:30,29916.00,29929.00,29828.25,29925.00,18907
2026-08-12 14:45,29924.75,29931.50,29848.50,29868.00,14263
2026-08-12 15:00,29868.00,29892.00,29839.00,29879.75,12341
2026-08-12 15:15,29879.75,29887.00,29843.50,29874.50,8744
2026-08-12 15:30,29874.25,29879.00,29818.50,29828.25,10582
2026-08-12 15:45,29829.00,29854.00,29819.00,29831.75,6812
2026-08-12 16:00,29832.75,29877.75,29829.00,29873.25,7719
2026-08-12 16:15,29873.50,29887.75,29857.50,29873.50,7252
2026-08-12 16:30,29874.00,29894.75,29851.00,29885.00,8835
2026-08-12 16:45,29885.50,29918.00,29879.00,29905.50,7530
2026-08-12 17:00,29906.25,29924.50,29898.00,29911.25,6798
2026-08-12 17:15,29911.50,29920.00,29889.25,29909.25,6835
2026-08-12 17:30,29910.00,29922.25,29901.25,29915.00,5600
2026-08-12 17:45,29915.75,29924.00,29901.50,29910.25,4704
2026-08-12 18:00,29910.00,29918.50,29890.25,29907.25,4739
2026-08-12 18:15,29907.00,29913.75,29890.50,29894.00,5257
2026-08-12 18:30,29893.75,29932.00,29893.75,29919.50,5452
2026-08-12 18:45,29919.50,29923.25,29885.00,29889.75,5535
2026-08-12 19:00,29890.25,29905.00,29879.00,29884.25,4986
2026-08-12 19:15,29884.00,29898.50,29856.00,29868.25,6603
2026-08-12 19:30,29867.00,29868.00,29831.75,29849.25,8757
2026-08-12 19:45,29849.25,29870.00,29825.75,29852.75,22379
2026-08-12 20:00,29853.00,29906.00,29831.50,29846.75,9540
2026-08-12 20:15,29846.50,29851.25,29814.75,29820.00,2814
2026-08-12 20:30,29820.00,29823.25,29809.50,29820.25,2178
2026-08-12 20:45,29821.25,29823.00,29804.50,29805.75,1024
2026-08-12 22:00,29825.00,29831.75,29800.25,29804.75,914
2026-08-12 22:15,29805.00,29809.75,29784.00,29794.00,982
2026-08-12 22:30,29792.25,29795.50,29780.50,29793.00,1100
2026-08-12 22:45,29792.25,29803.50,29788.50,29797.75,540
2026-08-12 23:00,29797.25,29812.00,29797.00,29808.75,792
2026-08-12 23:15,29808.50,29812.50,29802.00,29807.25,514
2026-08-12 23:30,29805.25,29815.00,29793.50,29810.25,721
2026-08-12 23:45,29811.75,29812.25,29792.00,29804.50,977
2026-08-13 00:00,29805.25,29863.50,29796.75,29847.75,2844
2026-08-13 00:15,29848.25,29866.75,29838.00,29840.25,1742
2026-08-13 00:30,29839.75,29853.75,29828.50,29840.75,1437
2026-08-13 00:45,29840.50,29850.00,29829.00,29846.00,1065
2026-08-13 01:00,29845.75,29853.00,29821.50,29829.25,1541
2026-08-13 01:15,29831.50,29838.50,29808.25,29818.25,1405
2026-08-13 01:30,29816.75,29844.00,29814.50,29837.75,1263
2026-08-13 01:45,29836.75,29866.00,29828.00,29857.25,1462
2026-08-13 02:00,29858.00,29871.25,29853.75,29862.25,955
2026-08-13 02:15,29861.75,29869.50,29856.75,29863.00,870
2026-08-13 02:30,29861.75,29877.75,29833.50,29873.75,2041
2026-08-13 02:45,29873.75,29874.50,29866.00,29868.50,507
2026-08-13 03:00,29868.50,29875.75,29865.50,29874.50,483
2026-08-13 03:15,29873.75,29879.50,29871.25,29874.00,464
2026-08-13 03:30,29876.25,29880.00,29867.25,29876.00,483
2026-08-13 03:45,29876.00,29880.00,29874.00,29878.00,527
2026-08-13 04:00,29886.75,29891.75,29869.25,29869.25,1015
2026-08-13 04:15,29869.25,29884.50,29853.75,29877.00,1283
2026-08-13 04:30,29876.50,29896.00,29876.50,29879.00,669
2026-08-13 04:45,29878.75,29895.00,29873.50,29879.25,647
2026-08-13 05:00,29878.50,29916.50,29874.00,29915.00,1314
2026-08-13 05:15,29915.00,29922.75,29907.75,29920.50,1050
2026-08-13 05:30,29921.50,29924.00,29897.00,29902.75,1350
2026-08-13 05:45,29901.75,29908.50,29882.00,29884.50,775
2026-08-13 06:00,29884.50,29897.00,29869.25,29892.75,1503
2026-08-13 06:15,29894.00,29905.50,29885.00,29898.00,701
2026-08-13 06:30,29896.75,29905.25,29859.75,29862.25,1254
2026-08-13 06:45,29862.00,29890.25,29858.25,29888.50,955
2026-08-13 07:00,29888.00,29893.25,29845.00,29854.00,1929
2026-08-13 07:15,29853.75,29872.75,29848.00,29872.50,983
2026-08-13 07:30,29869.75,29882.25,29861.25,29880.50,966
2026-08-13 07:45,29880.50,29881.50,29859.25,29860.00,936
2026-08-13 08:00,29859.75,29872.50,29829.00,29838.50,2165
2026-08-13 08:15,29838.25,29865.00,29827.00,29858.75,1258
2026-08-13 08:30,29859.50,29866.00,29845.50,29862.50,840
2026-08-13 08:45,29861.75,29875.75,29854.25,29860.75,848
2026-08-13 09:00,29861.50,29868.75,29833.00,29833.00,1089
2026-08-13 09:15,29832.25,29848.75,29821.00,29838.75,786
2026-08-13 09:30,29837.50,29861.25,29836.50,29860.75,504
2026-08-13 09:45,29860.50,29879.25,29857.50,29876.50,717
2026-08-13 10:00,29876.25,29878.25,29863.25,29874.25,797
2026-08-13 10:15,29875.50,29884.50,29864.50,29873.00,788
2026-08-13 10:30,29874.00,29880.75,29868.50,29877.75,574
2026-08-13 10:45,29877.75,29886.50,29875.00,29881.25,496
2026-08-13 11:00,29881.50,29892.25,29870.75,29871.75,864
2026-08-13 11:15,29872.25,29875.50,29855.50,29863.00,1017
2026-08-13 11:30,29860.25,29888.75,29857.50,29887.75,1149
2026-08-13 11:45,29888.25,29895.00,29867.50,29869.00,1008
2026-08-13 12:00,29869.50,29872.00,29832.75,29842.25,2092
2026-08-13 12:15,29840.25,29860.00,29812.25,29844.50,1879
2026-08-13 12:30,29849.75,29890.50,29820.00,29846.75,6229
2026-08-13 12:45,29845.75,29881.25,29841.00,29880.25,2487
2026-08-13 13:00,29880.75,29921.00,29878.75,29908.25,4648
2026-08-13 13:15,29908.50,29920.00,29900.25,29910.75,4755
2026-08-13 13:30,29911.00,30053.50,29863.50,30012.25,37676
2026-08-13 13:45,30013.50,30182.25,30005.25,30176.00,32379
2026-08-13 14:00,30175.75,30214.75,30155.75,30204.75,23002
2026-08-13 14:15,30206.25,30239.50,30185.25,30234.25,18472
2026-08-13 14:30,30233.25,30267.50,30227.50,30236.50,18064
2026-08-13 14:45,30236.00,30241.50,30198.25,30199.50,18102
2026-08-13 15:00,30199.25,30231.50,30193.75,30217.50,15389
2026-08-13 15:15,30217.50,30238.75,30179.50,30188.25,15113
2026-08-13 15:30,30188.75,30198.50,30128.25,30157.00,18281
2026-08-13 15:45,30156.25,30156.75,30104.00,30115.50,13304
2026-08-13 16:00,30117.25,30172.50,30114.25,30140.75,10253
2026-08-13 16:15,30140.75,30189.00,30133.75,30186.50,8305
2026-08-13 16:30,30186.75,30200.00,30168.00,30183.00,7706
2026-08-13 16:45,30183.25,30203.25,30176.50,30193.75,6353
2026-08-13 17:00,30193.75,30232.75,30193.25,30226.25,8689
2026-08-13 17:15,30226.25,30250.00,30224.75,30237.50,8053
2026-08-13 17:30,30237.75,30244.75,30214.25,30214.50,6691
2026-08-13 17:45,30214.50,30228.00,30203.75,30204.50,5913
2026-08-13 18:00,30205.00,30215.50,30189.50,30201.50,6890
2026-08-13 18:15,30201.50,30207.75,30181.00,30192.00,7312
2026-08-13 18:30,30192.00,30237.25,30191.50,30229.00,8573
2026-08-13 18:45,30228.50,30246.00,30228.25,30244.25,6352
2026-08-13 19:00,30244.25,30272.75,30232.00,30238.75,11125
2026-08-13 19:15,30238.25,30246.00,30215.25,30223.25,9018
2026-08-13 19:30,30222.75,30227.75,30202.75,30204.50,7999
2026-08-13 19:45,30204.50,30207.00,30173.00,30194.00,24155
2026-08-13 20:00,30194.25,30220.00,30144.50,30208.00,11662
2026-08-13 20:15,30208.25,30214.25,30192.50,30197.75,2162
2026-08-13 20:30,30198.25,30213.25,30195.50,30209.50,1446
2026-08-13 20:45,30209.25,30219.75,30208.75,30214.25,1180
2026-08-13 22:00,30210.75,30216.75,30186.00,30197.25,707
2026-08-13 22:15,30196.25,30205.50,30190.00,30197.00,653
2026-08-13 22:30,30198.50,30210.25,30198.25,30206.75,550
2026-08-13 22:45,30206.25,30207.75,30200.00,30203.25,399
2026-08-13 23:00,30204.00,30224.75,30199.00,30224.75,663
2026-08-13 23:15,30225.00,30226.00,30192.25,30199.50,996
2026-08-13 23:30,30198.50,30203.50,30193.50,30196.25,554
2026-08-13 23:45,30196.75,30204.00,30189.50,30203.25,1019
2026-08-14 00:00,30203.75,30232.00,30195.75,30201.00,2501
2026-08-14 00:15,30201.25,30204.00,30176.75,30185.50,1796
2026-08-14 00:30,30184.50,30191.75,30174.50,30178.50,1284
2026-08-14 00:45,30180.00,30186.75,30166.25,30170.00,1580
2026-08-14 01:00,30169.25,30169.75,30124.25,30129.00,3091
2026-08-14 01:15,30128.75,30155.50,30124.50,30152.50,2004
2026-08-14 01:30,30153.25,30163.00,30140.25,30160.00,1196
2026-08-14 01:45,30160.50,30168.00,30149.25,30151.50,997
2026-08-14 02:00,30151.50,30171.75,30149.75,30166.50,1170
2026-08-14 02:15,30167.00,30170.25,30155.75,30167.25,762
2026-08-14 02:30,30168.00,30181.50,30167.25,30173.50,791
2026-08-14 02:45,30174.50,30178.50,30150.00,30154.75,848
2026-08-14 03:00,30153.75,30165.00,30150.00,30162.75,769
2026-08-14 03:15,30162.75,30180.00,30161.50,30180.00,641
2026-08-14 03:30,30180.75,30182.50,30155.25,30157.75,880
2026-08-14 03:45,30157.50,30163.00,30152.75,30153.75,537
2026-08-14 04:00,30158.25,30161.50,30148.00,30156.75,1124
2026-08-14 04:15,30155.00,30165.00,30150.50,30157.50,755
2026-08-14 04:30,30158.75,30163.75,30137.50,30154.75,1186
2026-08-14 04:45,30154.00,30154.25,30145.25,30147.00,508
2026-08-14 05:00,30148.25,30152.50,30127.75,30143.00,1092
2026-08-14 05:15,30144.00,30152.00,30138.25,30150.50,681
2026-08-14 05:30,30149.25,30167.00,30140.75,30166.50,685
2026-08-14 05:45,30167.00,30182.00,30164.50,30174.00,865
2026-08-14 06:00,30174.75,30177.75,30149.50,30152.50,917
2026-08-14 06:15,30153.00,30164.00,30147.50,30163.25,553
2026-08-14 06:30,30162.25,30165.50,30149.50,30159.75,608
2026-08-14 06:45,30160.25,30178.00,30160.00,30172.50,594
2026-08-14 07:00,30173.50,30194.25,30171.50,30175.25,1521
2026-08-14 07:15,30175.50,30181.25,30172.25,30177.00,483
2026-08-14 07:30,30177.75,30203.75,30173.00,30202.75,685
2026-08-14 07:45,30202.75,30202.75,30190.75,30194.75,810
2026-08-14 08:00,30194.50,30235.75,30187.75,30213.25,2236
2026-08-14 08:15,30215.00,30231.50,30206.00,30225.50,888
2026-08-14 08:30,30224.50,30240.25,30222.00,30227.75,1040
2026-08-14 08:45,30228.25,30240.00,30220.50,30220.75,540
2026-08-14 09:00,30220.00,30222.25,30210.25,30218.50,777
2026-08-14 09:15,30218.50,30232.00,30214.75,30226.75,607
2026-08-14 09:30,30225.50,30226.25,30207.00,30209.75,863
2026-08-14 09:45,30210.50,30236.00,30207.25,30235.00,861
2026-08-14 10:00,30234.25,30249.75,30233.50,30241.50,1061
2026-08-14 10:15,30239.75,30240.75,30223.00,30228.75,803
2026-08-14 10:30,30230.00,30237.75,30223.50,30237.00,726
2026-08-14 10:45,30236.25,30252.50,30232.75,30252.00,1227
2026-08-14 11:00,30251.75,30262.00,30247.00,30253.75,1276
2026-08-14 11:15,30254.00,30254.75,30242.00,30247.25,924
2026-08-14 11:30,30247.00,30258.50,30237.25,30251.50,1318
2026-08-14 11:45,30252.00,30268.00,30250.00,30263.75,1275
2026-08-14 12:00,30265.25,30280.25,30208.50,30237.50,3383
2026-08-14 12:15,30237.00,30256.25,30226.50,30251.50,2096
2026-08-14 12:30,30252.75,30279.75,30247.00,30266.00,3276
2026-08-14 12:45,30265.75,30279.75,30254.00,30268.25,2265
2026-08-14 13:00,30268.50,30283.00,30252.50,30253.00,2355
2026-08-14 13:15,30253.25,30261.50,30236.25,30241.50,4155
2026-08-14 13:30,30241.50,30269.50,30169.75,30261.00,37677
2026-08-14 13:45,30260.75,30280.50,30208.75,30228.25,26210
2026-08-14 14:00,30226.00,30272.25,30204.75,30221.25,18414
2026-08-14 14:15,30221.75,30228.50,30134.25,30160.25,21232
2026-08-14 14:30,30159.75,30176.50,30129.00,30155.50,17412
2026-08-14 14:45,30155.50,30166.00,30123.00,30123.00,9721
2026-08-14 15:00,30124.00,30143.00,30088.00,30090.50,14224
2026-08-14 15:15,30090.75,30110.75,30033.50,30072.50,17145
2026-08-14 15:30,30073.25,30075.00,30029.50,30049.00,13174
2026-08-14 15:45,30049.25,30072.75,30028.50,30065.75,11406
2026-08-14 16:00,30066.50,30084.25,30050.50,30080.25,10342
2026-08-14 16:15,30080.25,30107.75,30075.50,30101.00,8218
2026-08-14 16:30,30100.50,30102.00,30064.50,30067.25,9936
2026-08-14 16:45,30067.00,30076.75,30052.75,30059.00,6580
2026-08-14 17:00,30059.25,30079.75,30053.00,30069.25,6728
2026-08-14 17:15,30069.25,30076.50,30046.50,30059.25,6495
2026-08-14 17:30,30059.50,30072.25,30050.25,30058.00,5496
2026-08-14 17:45,30058.25,30084.50,30049.75,30081.50,6089
2026-08-14 18:00,30081.25,30091.25,30073.50,30078.75,5285
2026-08-14 18:15,30078.75,30092.50,30064.75,30068.00,5727
2026-08-14 18:30,30067.50,30090.25,30062.50,30087.25,5536
2026-08-14 18:45,30087.00,30104.00,30078.00,30088.50,5489
2026-08-14 19:00,30088.50,30094.50,30077.00,30083.00,5918
2026-08-14 19:15,30083.25,30104.00,30076.00,30096.75,6263
2026-08-14 19:30,30096.25,30115.25,30091.25,30108.50,8117
2026-08-14 19:45,30108.50,30148.00,30101.50,30145.00,22358
2026-08-14 20:00,30144.25,30153.25,30131.00,30132.75,8607
2026-08-14 20:15,30133.25,30135.50,30127.25,30131.00,1194
2026-08-14 20:30,30131.00,30145.75,30128.25,30142.00,1594
2026-08-14 20:45,30142.25,30154.75,30138.00,30141.75,1273
2026-08-16 22:00,30192.25,30202.50,30188.75,30196.50,299
2026-08-16 22:15,30197.75,30200.75,30190.50,30192.75,447
2026-08-16 22:30,30193.00,30196.50,30188.50,30192.25,377
2026-08-16 22:45,30192.75,30211.75,30187.25,30205.00,1136
2026-08-16 23:00,30205.25,30207.25,30195.25,30197.00,532
2026-08-16 23:15,30197.25,30204.25,30191.50,30197.00,629
2026-08-16 23:30,30197.75,30206.25,30192.75,30206.25,469
2026-08-16 23:45,30204.75,30228.00,30204.50,30214.25,1312
2026-08-17 00:00,30215.00,30227.25,30209.00,30219.50,1582
2026-08-17 00:15,30218.50,30218.75,30189.00,30195.50,1457
2026-08-17 00:30,30195.50,30198.25,30185.50,30188.75,1050
2026-08-17 00:45,30189.25,30202.00,30185.50,30201.75,702
2026-08-17 01:00,30201.00,30233.25,30199.75,30214.25,1977
2026-08-17 01:15,30214.50,30239.00,30203.75,30229.75,1562
2026-08-17 01:30,30230.25,30232.50,30191.00,30199.00,1780
2026-08-17 01:45,30198.50,30203.25,30187.00,30192.00,788
2026-08-17 02:00,30192.00,30200.50,30185.25,30200.25,900
2026-08-17 02:15,30200.75,30222.25,30197.75,30217.25,1472
2026-08-17 02:30,30216.75,30225.00,30211.75,30222.25,626
2026-08-17 02:45,30220.50,30231.25,30220.00,30222.25,768
2026-08-17 03:00,30223.00,30235.00,30220.75,30226.00,862
2026-08-17 03:15,30227.50,30235.50,30226.75,30234.25,390
2026-08-17 03:30,30234.75,30247.25,30226.00,30241.50,783
2026-08-17 03:45,30241.25,30246.25,30238.75,30245.75,401
2026-08-17 04:00,30246.75,30255.00,30243.50,30251.25,884
2026-08-17 04:15,30250.50,30252.25,30240.50,30241.00,557
2026-08-17 04:30,30241.00,30244.75,30233.25,30243.50,586
2026-08-17 04:45,30244.00,30248.50,30233.00,30234.75,552
2026-08-17 05:00,30234.50,30247.00,30234.50,30241.25,547
2026-08-17 05:15,30243.00,30246.75,30230.50,30243.75,447
2026-08-17 05:30,30244.50,30263.00,30237.25,30263.00,1076
2026-08-17 05:45,30263.00,30274.00,30261.25,30272.00,712
2026-08-17 06:00,30273.25,30295.00,30266.75,30287.50,1903
2026-08-17 06:15,30287.75,30299.00,30272.00,30296.75,1369
2026-08-17 06:30,30297.25,30327.00,30294.00,30314.50,2807
2026-08-17 06:45,30315.00,30326.00,30311.00,30324.50,589
2026-08-17 07:00,30324.75,30331.50,30273.25,30275.00,2081
2026-08-17 07:15,30276.00,30280.50,30261.00,30279.75,1622
2026-08-17 07:30,30279.75,30324.25,30276.75,30318.25,1619
2026-08-17 07:45,30317.75,30322.50,30306.75,30313.00,1110
2026-08-17 08:00,30312.00,30328.00,30297.00,30307.25,1756
2026-08-17 08:15,30307.25,30319.50,30303.00,30315.25,688
2026-08-17 08:30,30314.00,30319.00,30287.50,30288.25,905
2026-08-17 08:45,30288.25,30305.25,30283.75,30298.25,779
2026-08-17 09:00,30298.25,30301.50,30288.00,30297.00,621
2026-08-17 09:15,30297.25,30297.25,30267.75,30274.50,849
2026-08-17 09:30,30274.25,30283.25,30267.75,30282.75,658
2026-08-17 09:45,30281.75,30291.50,30276.25,30282.00,637
2026-08-17 10:00,30282.00,30296.50,30276.00,30295.50,906
2026-08-17 10:15,30295.50,30343.00,30279.00,30338.00,1813
2026-08-17 10:30,30334.25,30338.50,30292.75,30310.50,1586
2026-08-17 10:45,30310.25,30316.50,30305.00,30315.00,662
2026-08-17 11:00,30313.75,30325.00,30296.25,30300.25,1973
2026-08-17 11:15,30300.25,30306.75,30286.75,30299.50,1271
2026-08-17 11:30,30300.25,30306.00,30292.50,30304.50,822
2026-08-17 11:45,30304.25,30310.00,30286.00,30286.75,1095
2026-08-17 12:00,30286.75,30288.75,30246.75,30278.25,2718
2026-08-17 12:15,30278.50,30281.00,30220.75,30236.00,3233
2026-08-17 12:30,30238.25,30250.50,30182.75,30189.50,4116
2026-08-17 12:45,30189.25,30213.00,30180.00,30202.50,3264
2026-08-17 13:00,30202.50,30225.75,30199.25,30218.50,2852
2026-08-17 13:15,30219.50,30238.00,30205.25,30219.50,6138
2026-08-17 13:30,30218.50,30266.00,30165.50,30196.50,36120
2026-08-17 13:45,30196.50,30254.25,30174.25,30235.00,19895
2026-08-17 14:00,30234.75,30243.25,30161.00,30224.25,21484
2026-08-17 14:15,30224.75,30226.00,30155.25,30197.75,15426
2026-08-17 14:30,30198.00,30217.25,30186.00,30204.25,10013
2026-08-17 14:45,30205.00,30246.00,30199.25,30244.00,11667
2026-08-17 15:00,30244.00,30287.50,30233.25,30257.75,15583
2026-08-17 15:15,30258.00,30278.00,30255.00,30269.00,9661
2026-08-17 15:30,30269.75,30273.50,30207.75,30227.50,14486
2026-08-17 15:45,30227.00,30249.75,30214.00,30239.50,8295
2026-08-17 16:00,30239.75,30243.25,30200.00,30204.00,8620
2026-08-17 16:15,30204.00,30218.00,30196.50,30207.25,6231
2026-08-17 16:30,30207.50,30212.75,30182.00,30183.50,6293
2026-08-17 16:45,30183.50,30192.75,30175.25,30183.50,6085
2026-08-17 17:00,30183.50,30187.25,30128.25,30129.75,10283
2026-08-17 17:15,30129.50,30143.75,30092.50,30096.75,16547
2026-08-17 17:30,30097.00,30128.00,30086.50,30123.00,12224
2026-08-17 17:45,30123.00,30127.25,30097.00,30102.25,6150
2026-08-17 18:00,30102.00,30114.00,30079.25,30100.25,9228
2026-08-17 18:15,30100.25,30113.75,30089.50,30103.00,7159
2026-08-17 18:30,30103.75,30120.00,30092.50,30117.25,5478
2026-08-17 18:45,30117.75,30136.50,30115.50,30122.25,5995
2026-08-17 19:00,30122.50,30124.75,30083.25,30084.75,6568
2026-08-17 19:15,30084.75,30114.00,30082.25,30093.50,8508
2026-08-17 19:30,30093.75,30111.75,30088.75,30102.25,7869
2026-08-17 19:45,30102.75,30123.00,30066.50,30090.50,19409
2026-08-17 20:00,30091.00,30098.00,30070.25,30078.25,7428
2026-08-17 20:15,30078.25,30082.25,30068.50,30078.50,1282
2026-08-17 20:30,30077.75,30080.00,30059.00,30064.75,1423
2026-08-17 20:45,30063.75,30079.75,30054.50,30078.25,1434
2026-08-17 22:00,30077.00,30091.75,30070.25,30073.50,765
2026-08-17 22:15,30073.00,30084.75,30062.25,30076.00,1133
2026-08-17 22:30,30075.00,30076.75,30067.00,30070.75,513
2026-08-17 22:45,30071.75,30083.50,30070.75,30079.75,562
2026-08-17 23:00,30079.25,30087.25,30070.00,30081.25,639
2026-08-17 23:15,30082.00,30088.75,30071.75,30084.00,653
2026-08-17 23:30,30083.00,30103.00,30082.75,30096.75,970
2026-08-17 23:45,30095.75,30100.75,30080.50,30094.50,1378
2026-08-18 00:00,30094.25,30104.00,30083.75,30100.00,1481
2026-08-18 00:15,30101.00,30114.75,30091.50,30100.00,1458
2026-08-18 00:30,30101.00,30113.25,30097.75,30112.00,878
2026-08-18 00:45,30112.00,30121.25,30095.00,30098.00,1421
2026-08-18 01:00,30099.25,30110.00,30090.00,30109.25,1230
2026-08-18 01:15,30109.50,30109.75,30075.00,30087.50,1533
2026-08-18 01:30,30086.25,30090.50,30037.00,30049.75,2940
2026-08-18 01:45,30049.00,30055.50,29968.25,30012.50,6511
2026-08-18 02:00,30012.00,30022.00,29963.00,29966.25,3043
2026-08-18 02:15,29965.25,29971.00,29923.25,29931.00,4207
2026-08-18 02:30,29932.50,29959.75,29906.75,29909.50,3539
2026-08-18 02:45,29909.75,29920.75,29880.25,29908.25,4381
2026-08-18 03:00,29909.00,29915.50,29888.75,29895.00,1484
2026-08-18 03:15,29894.50,29897.25,29859.25,29879.25,2961
2026-08-18 03:30,29879.00,29897.50,29853.00,29895.50,2791
2026-08-18 03:45,29893.75,29909.75,29881.25,29900.00,2031
2026-08-18 04:00,29888.75,29898.50,29888.75,29897.75,1880
2026-08-18 04:15,29898.25,29920.25,29879.25,29911.00,2026
2026-08-18 04:30,29912.25,29921.00,29891.00,29900.50,1607
2026-08-18 04:45,29899.00,29927.25,29895.75,29918.00,1218
2026-08-18 05:00,29917.75,29918.50,29876.00,29879.25,2142
2026-08-18 05:15,29878.75,29888.00,29873.25,29876.00,907
2026-08-18 05:30,29876.50,29877.00,29862.25,29866.00,1405
2026-08-18 05:45,29865.25,29880.75,29835.25,29842.00,1893
2026-08-18 06:00,29841.50,29846.50,29786.00,29836.25,4649
2026-08-18 06:15,29835.00,29866.50,29820.50,29860.00,2165
2026-08-18 06:30,29859.50,29876.50,29852.75,29865.50,1145
2026-08-18 06:45,29866.25,29896.00,29862.75,29893.00,1219
2026-08-18 07:00,29892.00,29896.50,29861.25,29863.00,1753
2026-08-18 07:15,29862.75,29871.75,29845.50,29847.25,1180
2026-08-18 07:30,29848.00,29854.75,29822.00,29825.25,1698
2026-08-18 07:45,29825.25,29841.00,29808.00,29810.75,1565
2026-08-18 08:00,29811.00,29814.25,29736.50,29766.75,5757
2026-08-18 08:15,29767.75,29786.25,29735.75,29759.75,2298
2026-08-18 08:30,29759.50,29792.25,29748.25,29780.50,1692
2026-08-18 08:45,29782.00,29782.50,29742.50,29765.50,1791
2026-08-18 09:00,29765.00,29778.00,29743.75,29764.50,1935
2026-08-18 09:15,29764.25,29770.75,29723.50,29735.00,1880
2026-08-18 09:30,29736.50,29742.00,29698.25,29712.75,2586
2026-08-18 09:45,29711.75,29737.00,29687.25,29733.00,2795
2026-08-18 10:00,29732.25,29743.75,29715.75,29722.00,1582
2026-08-18 10:15,29722.25,29742.25,29703.75,29727.50,1526
2026-08-18 10:30,29726.75,29746.00,29720.50,29728.50,1383
2026-08-18 10:45,29727.75,29752.75,29721.00,29739.00,1069
2026-08-18 11:00,29739.00,29772.75,29730.25,29768.00,2625
2026-08-18 11:15,29767.25,29773.75,29753.25,29756.75,1430
2026-08-18 11:30,29758.00,29760.50,29727.00,29756.25,1979
2026-08-18 11:45,29756.00,29775.75,29745.50,29747.25,1633
2026-08-18 12:00,29748.50,29786.00,29726.25,29733.50,3065
2026-08-18 12:15,29734.00,29760.00,29711.50,29714.50,3609
2026-08-18 12:30,29714.25,29723.00,29685.25,29688.75,2890
2026-08-18 12:45,29688.25,29721.25,29680.50,29713.00,2988
2026-08-18 13:00,29713.00,29726.50,29691.00,29696.25,3653
2026-08-18 13:15,29695.75,29708.50,29678.00,29690.25,6400
2026-08-18 13:30,29690.75,29769.75,29631.25,29687.50,51080
2026-08-18 13:45,29687.25,29700.50,29604.75,29646.25,30220
2026-08-18 14:00,29647.50,29705.75,29568.50,29587.25,31256
2026-08-18 14:15,29587.00,29684.75,29578.00,29669.25,25942
2026-08-18 14:30,29668.75,29691.25,29612.50,29614.00,20225
2026-08-18 14:45,29614.00,29625.00,29536.25,29547.75,23705
2026-08-18 15:00,29547.50,29571.00,29514.00,29547.00,22737
2026-08-18 15:15,29546.25,29600.00,29532.00,29591.25,16191
2026-08-18 15:30,29591.00,29610.00,29566.50,29598.00,13720
2026-08-18 15:45,29598.75,29641.00,29598.25,29637.00,13617
2026-08-18 16:00,29636.75,29663.25,29625.00,29646.00,12619
2026-08-18 16:15,29647.00,29657.25,29609.50,29609.75,11032
2026-08-18 16:30,29609.75,29650.00,29603.25,29629.50,10763
2026-08-18 16:45,29629.75,29670.75,29618.50,29649.75,9178
2026-08-18 17:00,29649.75,29660.75,29618.50,29635.25,8669
2026-08-18 17:15,29635.50,29635.75,29593.00,29616.00,8061
2026-08-18 17:30,29615.25,29622.00,29591.50,29603.50,8095
2026-08-18 17:45,29604.00,29615.00,29565.00,29565.75,6928
2026-08-18 18:00,29566.00,29579.00,29547.25,29575.25,9399
2026-08-18 18:15,29574.75,29615.00,29571.25,29603.25,10320
2026-08-18 18:30,29603.50,29614.00,29584.25,29586.00,6775
2026-08-18 18:45,29586.50,29597.75,29565.25,29571.25,6645
2026-08-18 19:00,29571.00,29586.00,29564.50,29572.25,6426
2026-08-18 19:15,29572.25,29606.75,29564.75,29600.00,8457
2026-08-18 19:30,29600.00,29606.00,29582.75,29600.25,9006
2026-08-18 19:45,29600.25,29610.00,29559.25,29586.50,28975
2026-08-18 20:00,29586.75,29596.75,29566.00,29573.25,6827
2026-08-18 20:15,29573.50,29583.00,29561.50,29578.25,1777
2026-08-18 20:30,29578.50,29586.00,29574.50,29577.25,955
2026-08-18 20:45,29577.25,29578.50,29550.25,29559.50,2120
2026-08-18 22:00,29566.50,29582.50,29549.00,29574.75,802
2026-08-18 22:15,29574.75,29593.50,29544.75,29546.75,1957
2026-08-18 22:30,29547.50,29552.75,29521.00,29531.75,2060
2026-08-18 22:45,29532.50,29536.75,29516.75,29519.50,1257
2026-08-18 23:00,29520.00,29547.75,29514.25,29533.25,1572
2026-08-18 23:15,29532.50,29567.25,29521.00,29546.00,1798
2026-08-18 23:30,29545.75,29549.75,29523.00,29536.75,1297
2026-08-18 23:45,29534.00,29552.75,29524.50,29528.50,1712
2026-08-19 00:00,29527.50,29529.25,29442.00,29460.25,6389
2026-08-19 00:15,29461.00,29530.75,29450.00,29530.75,3356
2026-08-19 00:30,29530.75,29575.75,29529.75,29569.50,2919
2026-08-19 00:45,29569.25,29586.00,29533.75,29539.25,3149
2026-08-19 01:00,29538.25,29598.25,29530.25,29586.50,4297
2026-08-19 01:15,29586.00,29609.50,29568.50,29602.00,3194
2026-08-19 01:30,29600.75,29604.50,29563.25,29577.75,2310
2026-08-19 01:45,29575.00,29584.25,29563.00,29577.75,1417
2026-08-19 02:00,29579.00,29583.25,29526.25,29533.25,2002
2026-08-19 02:15,29533.00,29563.25,29521.00,29542.00,2407
2026-08-19 02:30,29541.75,29545.00,29514.00,29523.00,1427
2026-08-19 02:45,29523.25,29544.00,29518.25,29532.00,1332
2026-08-19 03:00,29532.00,29555.00,29520.75,29532.25,1373
2026-08-19 03:15,29532.00,29551.50,29519.75,29535.25,1339
2026-08-19 03:30,29533.50,29567.00,29528.50,29531.75,1723
2026-08-19 03:45,29530.00,29546.00,29516.25,29527.75,1051
2026-08-19 04:00,29517.00,29522.25,29505.00,29516.25,1515
2026-08-19 04:15,29516.25,29543.50,29507.50,29533.75,1256
2026-08-19 04:30,29533.75,29540.50,29498.00,29498.75,1440
2026-08-19 04:45,29499.75,29507.25,29463.75,29506.00,2004
2026-08-19 05:00,29506.75,29535.00,29482.75,29487.50,1967
2026-08-19 05:15,29489.00,29510.00,29466.25,29509.25,1471
2026-08-19 05:30,29507.50,29512.25,29459.00,29472.75,1464
2026-08-19 05:45,29471.50,29477.00,29446.00,29457.50,1550
2026-08-19 06:00,29456.50,29466.00,29430.50,29436.00,2199
2026-08-19 06:15,29435.50,29504.75,29435.00,29482.00,2158
2026-08-19 06:30,29481.50,29494.50,29460.00,29490.25,1230
2026-08-19 06:45,29491.75,29561.50,29491.25,29559.75,3311
2026-08-19 07:00,29558.75,29563.50,29520.25,29559.00,2764
2026-08-19 07:15,29559.00,29578.25,29533.50,29578.25,1654
2026-08-19 07:30,29578.50,29589.25,29547.25,29571.00,2120
2026-08-19 07:45,29571.50,29606.50,29569.50,29601.25,2351
2026-08-19 08:00,29600.25,29640.75,29593.00,29624.75,3944
2026-08-19 08:15,29625.00,29639.00,29607.50,29622.50,2925
2026-08-19 08:30,29620.50,29632.00,29600.25,29626.25,1625
2026-08-19 08:45,29626.50,29633.25,29607.00,29609.50,1382
2026-08-19 09:00,29606.25,29630.00,29592.75,29593.50,1704
2026-08-19 09:15,29594.50,29598.25,29566.25,29571.00,1757
2026-08-19 09:30,29571.00,29587.00,29549.50,29552.00,1339
2026-08-19 09:45,29552.00,29563.00,29536.50,29553.75,1256
2026-08-19 10:00,29553.25,29557.75,29510.75,29540.75,2156
2026-08-19 10:15,29539.50,29541.25,29512.25,29536.25,1352
2026-08-19 10:30,29536.00,29557.75,29528.50,29555.00,1518
2026-08-19 10:45,29555.25,29558.75,29517.75,29521.00,1057
2026-08-19 11:00,29522.50,29578.00,29509.50,29545.75,2536
2026-08-19 11:15,29549.00,29560.25,29531.25,29538.50,1435
2026-08-19 11:30,29536.25,29540.25,29508.00,29515.00,1441
2026-08-19 11:45,29513.75,29537.50,29506.75,29536.00,1395
2026-08-19 12:00,29535.00,29558.50,29511.50,29553.00,2819
2026-08-19 12:15,29553.00,29583.00,29549.75,29573.25,3643
2026-08-19 12:30,29574.00,29685.00,29549.25,29683.25,12551
2026-08-19 12:45,29683.50,29757.25,29683.50,29742.75,12868
2026-08-19 13:00,29743.00,29743.00,29679.75,29723.75,8613
2026-08-19 13:15,29723.25,29748.25,29695.75,29697.00,7568
2026-08-19 13:30,29696.00,29742.75,29560.50,29610.75,50213
2026-08-19 13:45,29609.75,29635.50,29406.50,29496.50,47244
2026-08-19 14:00,29496.25,29514.25,29377.25,29382.50,31740
2026-08-19 14:15,29382.25,29485.00,29375.75,29482.50,30659
2026-08-19 14:30,29482.50,29575.00,29468.25,29564.00,22645
2026-08-19 14:45,29564.50,29624.50,29527.00,29623.25,18059
2026-08-19 15:00,29623.00,29629.75,29581.00,29617.25,14175
2026-08-19 15:15,29616.25,29631.25,29588.00,29613.50,11698
2026-08-19 15:30,29613.25,29616.50,29550.25,29596.75,11459
2026-08-19 15:45,29596.25,29616.25,29569.75,29606.25,10130
2026-08-19 16:00,29607.25,29653.75,29587.50,29637.00,10079
2026-08-19 16:15,29637.25,29667.25,29602.25,29609.00,9303
2026-08-19 16:30,29609.00,29621.50,29594.00,29610.25,6760
2026-08-19 16:45,29610.25,29611.25,29553.00,29559.50,7515
2026-08-19 17:00,29560.00,29573.25,29539.50,29548.00,8312
2026-08-19 17:15,29547.75,29556.50,29510.50,29539.50,8575
2026-08-19 17:30,29540.00,29544.25,29513.75,29537.00,6094
2026-08-19 17:45,29536.25,29561.00,29534.25,29544.25,5188
2026-08-19 18:00,29544.00,29592.50,29498.50,29520.00,13268
2026-08-19 18:15,29519.75,29540.50,29492.00,29538.75,7621
2026-08-19 18:30,29538.50,29578.75,29536.25,29560.00,8535
2026-08-19 18:45,29560.50,29561.25,29527.50,29535.00,5645
2026-08-19 19:00,29535.25,29559.50,29529.50,29547.25,5759
2026-08-19 19:15,29547.50,29579.75,29543.75,29555.75,6653
2026-08-19 19:30,29556.75,29590.00,29527.25,29530.75,8893
2026-08-19 19:45,29530.50,29532.75,29485.25,29521.50,25329
2026-08-19 20:00,29522.00,29542.75,29517.75,29518.25,7218
2026-08-19 20:15,29518.75,29529.00,29514.25,29525.25,1370
2026-08-19 20:30,29524.75,29532.00,29520.00,29529.25,1043
2026-08-19 20:45,29529.00,29562.50,29527.25,29561.00,1666
2026-08-19 22:00,29561.50,29639.00,29556.50,29627.25,1660
2026-08-19 22:15,29627.25,29632.25,29606.50,29621.50,1309
2026-08-19 22:30,29622.00,29638.00,29613.00,29630.00,869
2026-08-19 22:45,29631.25,29654.25,29628.50,29649.50,2177
2026-08-19 23:00,29650.75,29689.75,29632.75,29651.75,2530
2026-08-19 23:15,29651.00,29660.00,29641.75,29651.25,630
2026-08-19 23:30,29652.00,29666.75,29644.25,29659.75,689
2026-08-19 23:45,29658.75,29662.25,29626.00,29628.50,1610
2026-08-20 00:00,29629.00,29631.75,29581.50,29629.50,3202
2026-08-20 00:15,29630.00,29665.50,29625.00,29630.50,2481
2026-08-20 00:30,29630.75,29666.00,29617.00,29654.25,1660
2026-08-20 00:45,29655.00,29675.75,29642.25,29669.75,1394
2026-08-20 01:00,29670.50,29684.25,29640.50,29644.25,1877
2026-08-20 01:15,29645.25,29667.00,29624.75,29634.50,1952
2026-08-20 01:30,29633.75,29671.50,29623.75,29668.75,1491
2026-08-20 01:45,29668.75,29674.75,29630.00,29642.25,1641
2026-08-20 02:00,29641.75,29683.25,29640.00,29669.25,1411
2026-08-20 02:15,29668.25,29670.00,29612.75,29633.25,2042
2026-08-20 02:30,29631.25,29662.25,29610.00,29646.25,1387
2026-08-20 02:45,29645.50,29648.00,29611.25,29630.25,1099
2026-08-20 03:00,29632.00,29655.75,29606.00,29623.00,1380
2026-08-20 03:15,29624.25,29657.25,29621.25,29626.00,834
2026-08-20 03:30,29625.00,29628.75,29593.50,29618.75,1766
2026-08-20 03:45,29618.75,29631.25,29609.25,29613.00,855
2026-08-20 04:00,29646.25,29656.00,29645.00,29655.25,955
2026-08-20 04:15,29655.25,29656.00,29636.00,29639.25,589
2026-08-20 04:30,29640.25,29640.25,29608.50,29628.50,1039
2026-08-20 04:45,29627.75,29642.00,29612.25,29615.00,604
2026-08-20 05:00,29617.00,29623.75,29587.75,29597.00,907
2026-08-20 05:15,29597.75,29641.00,29594.50,29616.00,1365
2026-08-20 05:30,29617.25,29634.25,29604.75,29615.50,936
2026-08-20 05:45,29613.75,29618.00,29599.75,29605.50,711
2026-08-20 06:00,29607.00,29666.25,29602.25,29660.00,1703
2026-08-20 06:15,29659.25,29661.75,29639.00,29654.50,1154
2026-08-20 06:30,29653.50,29677.25,29647.00,29671.25,1220
2026-08-20 06:45,29673.00,29686.50,29666.25,29672.50,1282
2026-08-20 07:00,29672.75,29672.75,29632.50,29637.25,2106
2026-08-20 07:15,29638.00,29648.00,29604.75,29615.75,1616
2026-08-20 07:30,29615.50,29635.00,29595.00,29606.25,1681
2026-08-20 07:45,29606.25,29637.00,29592.75,29594.50,1137
2026-08-20 08:00,29595.75,29605.50,29520.00,29537.25,4075
2026-08-20 08:15,29538.00,29548.50,29496.00,29501.25,2554
2026-08-20 08:30,29502.00,29529.50,29464.00,29500.50,3308
2026-08-20 08:45,29499.00,29504.75,29452.75,29475.75,2599
2026-08-20 09:00,29477.25,29543.75,29468.00,29518.75,2296
2026-08-20 09:15,29523.00,29542.25,29512.50,29530.75,863
2026-08-20 09:30,29527.00,29536.50,29507.50,29536.00,936
2026-08-20 09:45,29535.25,29546.75,29512.75,29528.25,671
2026-08-20 10:00,29527.25,29564.00,29511.75,29556.50,1239
2026-08-20 10:15,29557.50,29559.25,29526.50,29537.75,1466
2026-08-20 10:30,29535.75,29547.75,29516.25,29524.25,1366
2026-08-20 10:45,29526.00,29567.00,29525.25,29566.00,969
2026-08-20 11:00,29566.00,29582.25,29464.00,29487.00,3801
2026-08-20 11:15,29488.50,29498.25,29422.00,29425.00,3522
2026-08-20 11:30,29424.50,29453.50,29418.00,29423.75,2969
2026-08-20 11:45,29423.25,29425.00,29348.75,29362.00,5810
2026-08-20 12:00,29361.25,29375.00,29262.50,29272.00,9400
2026-08-20 12:15,29272.00,29306.50,29264.00,29276.50,5156
2026-08-20 12:30,29278.00,29292.50,29240.00,29290.25,6554
2026-08-20 12:45,29289.25,29351.00,29283.75,29346.00,5224
2026-08-20 13:00,29346.75,29373.25,29332.75,29338.00,5426
2026-08-20 13:15,29338.25,29369.00,29324.00,29350.75,6016
2026-08-20 13:30,29350.50,29470.25,29338.75,29442.50,44776
2026-08-20 13:45,29442.50,29460.00,29308.75,29354.00,38530
2026-08-20 14:00,29354.00,29409.00,29316.50,29368.00,28134
2026-08-20 14:15,29369.00,29414.00,29305.00,29349.75,26641
2026-08-20 14:30,29350.75,29430.00,29329.00,29421.75,18759
2026-08-20 14:45,29421.50,29433.50,29349.00,29392.75,15360
2026-08-20 15:00,29392.50,29457.50,29324.50,29365.25,23483
2026-08-20 15:15,29364.50,29369.50,29301.00,29345.00,15098
2026-08-20 15:30,29344.00,29350.50,29276.50,29278.50,13818
2026-08-20 15:45,29278.75,29332.75,29269.25,29329.75,11567
2026-08-20 16:00,29329.75,29346.00,29302.75,29307.25,9950
2026-08-20 16:15,29307.00,29356.50,29305.00,29340.75,7816
2026-08-20 16:30,29340.25,29378.00,29310.00,29377.25,9050
2026-08-20 16:45,29377.00,29389.00,29356.25,29380.00,8803
2026-08-20 17:00,29380.00,29382.00,29334.75,29337.00,6633
2026-08-20 17:15,29337.00,29338.50,29292.50,29294.50,9871
2026-08-20 17:30,29294.25,29304.25,29282.75,29289.75,7083
2026-08-20 17:45,29290.00,29325.75,29287.25,29292.75,8329
2026-08-20 18:00,29292.50,29293.00,29215.00,29230.50,15030
2026-08-20 18:15,29230.25,29248.25,29202.75,29232.75,10821
2026-08-20 18:30,29233.00,29237.50,29212.00,29234.00,8617
2026-08-20 18:45,29234.50,29259.00,29227.00,29243.75,8189
2026-08-20 19:00,29243.75,29293.50,29242.25,29281.25,10232
2026-08-20 19:15,29281.00,29307.50,29267.75,29304.50,8579
2026-08-20 19:30,29304.25,29335.25,29290.25,29310.75,11715
2026-08-20 19:45,29310.75,29331.25,29286.50,29305.75,26095
2026-08-20 20:00,29306.00,29320.50,29277.00,29281.25,7515
2026-08-20 20:15,29281.50,29293.50,29262.50,29288.25,2188
2026-08-20 20:30,29287.75,29311.50,29285.25,29302.25,1437
2026-08-20 20:45,29302.00,29319.50,29296.25,29317.25,1338
2026-08-20 22:00,29327.00,29345.75,29274.25,29278.25,1041
2026-08-20 22:15,29277.50,29291.25,29277.00,29285.75,577
2026-08-20 22:30,29286.50,29309.00,29281.75,29300.75,1004
2026-08-20 22:45,29300.75,29325.50,29296.00,29323.00,966
2026-08-20 23:00,29321.50,29324.25,29313.25,29318.75,564
2026-08-20 23:15,29318.75,29328.50,29312.50,29315.50,573
2026-08-20 23:30,29316.50,29323.75,29295.50,29316.50,1257
2026-08-20 23:45,29317.00,29318.00,29286.75,29293.00,1488
2026-08-21 00:00,29292.50,29365.50,29289.75,29360.75,2986
2026-08-21 00:15,29360.50,29360.50,29315.00,29325.50,1843
2026-08-21 00:30,29326.75,29357.25,29311.75,29354.50,1648
2026-08-21 00:45,29353.00,29362.00,29319.50,29320.50,1316
2026-08-21 01:00,29320.50,29335.25,29291.75,29331.25,2265
2026-08-21 01:15,29330.00,29357.00,29313.25,29341.50,1683
2026-08-21 01:30,29340.50,29357.00,29320.25,29350.50,1471
2026-08-21 01:45,29350.25,29372.50,29333.50,29354.25,1412
2026-08-21 02:00,29353.75,29375.75,29343.25,29373.50,983
2026-08-21 02:15,29372.75,29395.00,29366.75,29390.00,1391
2026-08-21 02:30,29390.00,29396.25,29376.00,29380.50,1115
2026-08-21 02:45,29380.25,29399.25,29377.00,29384.00,884
2026-08-21 03:00,29384.00,29388.25,29355.00,29356.50,1172
2026-08-21 03:15,29356.00,29371.25,29349.00,29363.00,955
2026-08-21 03:30,29364.75,29376.75,29354.25,29357.25,806
2026-08-21 03:45,29356.00,29360.75,29342.75,29360.25,921
2026-08-21 04:00,29362.00,29370.00,29352.50,29367.75,1028
2026-08-21 04:15,29366.50,29371.75,29330.50,29330.50,1073
2026-08-21 04:30,29330.00,29338.75,29321.25,29334.75,854
2026-08-21 04:45,29334.50,29364.50,29333.25,29356.25,866
2026-08-21 05:00,29358.25,29371.00,29352.00,29367.00,686
2026-08-21 05:15,29366.25,29380.75,29351.50,29353.25,751
2026-08-21 05:30,29352.25,29377.50,29348.25,29360.75,779
2026-08-21 05:45,29360.50,29367.25,29340.25,29366.25,847
2026-08-21 06:00,29365.50,29375.75,29354.50,29374.00,999
2026-08-21 06:15,29374.25,29381.00,29366.75,29376.25,720
2026-08-21 06:30,29375.50,29401.50,29368.50,29372.75,1296
2026-08-21 06:45,29372.75,29391.50,29365.50,29386.50,1120
2026-08-21 07:00,29386.00,29429.00,29380.50,29429.00,1997
2026-08-21 07:15,29427.25,29458.75,29414.25,29427.50,2463
2026-08-21 07:30,29426.00,29453.50,29420.50,29424.00,2096
2026-08-21 07:45,29424.25,29446.75,29422.50,29446.00,1074
2026-08-21 08:00,29447.25,29464.25,29407.75,29417.50,2844
2026-08-21 08:15,29419.25,29424.50,29390.50,29421.50,1750
2026-08-21 08:30,29421.25,29456.75,29418.00,29454.75,2171
2026-08-21 08:45,29455.00,29467.50,29447.25,29453.00,1504
2026-08-21 09:00,29454.00,29455.00,29411.50,29438.00,2228
2026-08-21 09:15,29438.50,29444.75,29430.00,29435.50,1056
2026-08-21 09:30,29435.50,29482.75,29429.75,29474.75,2977
2026-08-21 09:45,29474.75,29495.00,29464.50,29485.00,1647
2026-08-21 10:00,29485.75,29518.50,29476.50,29485.00,3009
2026-08-21 10:15,29485.50,29491.00,29470.25,29490.00,1186
2026-08-21 10:30,29489.50,29495.00,29473.00,29477.00,725
2026-08-21 10:45,29478.50,29488.75,29471.25,29479.50,1135
2026-08-21 11:00,29480.00,29486.00,29452.75,29467.75,2127
2026-08-21 11:15,29468.25,29525.00,29466.50,29519.25,3047
2026-08-21 11:30,29518.50,29539.00,29500.00,29530.75,3744
2026-08-21 11:45,29530.75,29531.00,29498.50,29500.00,1565
2026-08-21 12:00,29499.50,29503.75,29479.75,29487.25,2396
2026-08-21 12:15,29487.50,29516.75,29477.75,29516.25,2139
2026-08-21 12:30,29515.50,29529.75,29508.25,29528.25,2709
2026-08-21 12:45,29529.00,29539.00,29503.50,29511.50,2990
2026-08-21 13:00,29511.75,29516.00,29467.00,29469.00,3776
2026-08-21 13:15,29469.50,29485.25,29418.00,29469.25,10521
2026-08-21 13:30,29469.25,29476.00,29312.25,29322.50,39557
2026-08-21 13:45,29320.25,29359.25,29255.75,29303.50,32911
2026-08-21 14:00,29303.25,29335.50,29246.25,29253.25,28664
2026-08-21 14:15,29253.00,29311.75,29220.00,29278.75,25618
2026-08-21 14:30,29280.25,29310.00,29258.00,29296.50,18021
2026-08-21 14:45,29296.25,29333.75,29288.50,29331.75,17197
2026-08-21 15:00,29332.00,29368.75,29326.75,29353.00,16463
2026-08-21 15:15,29352.50,29371.25,29331.50,29368.25,11298
2026-08-21 15:30,29367.75,29471.75,29364.00,29451.50,20474
2026-08-21 15:45,29452.25,29488.75,29425.50,29443.00,18269
2026-08-21 16:00,29443.50,29447.25,29390.00,29394.50,13085
2026-08-21 16:15,29393.75,29452.75,29388.75,29409.50,13278
2026-08-21 16:30,29410.00,29425.50,29393.50,29417.50,5929
2026-08-21 16:45,29417.00,29417.50,29380.75,29412.25,7190
2026-08-21 17:00,29412.00,29424.00,29398.75,29408.00,7352
2026-08-21 17:15,29408.00,29410.25,29376.25,29395.25,7618
2026-08-21 17:30,29396.00,29404.75,29382.75,29404.75,5319
2026-08-21 17:45,29404.75,29410.50,29381.50,29383.75,5244
2026-08-21 18:00,29383.25,29405.25,29372.25,29374.75,7447
2026-08-21 18:15,29374.25,29392.00,29362.75,29363.00,5677
2026-08-21 18:30,29363.00,29372.25,29353.75,29366.50,5166
2026-08-21 18:45,29366.50,29403.50,29363.50,29400.25,5573
2026-08-21 19:00,29400.00,29415.00,29384.25,29388.50,8105
2026-08-21 19:15,29388.25,29404.50,29380.25,29394.50,6736
2026-08-21 19:30,29393.50,29412.50,29393.50,29410.75,6815
2026-08-21 19:45,29410.75,29432.25,29375.25,29395.25,24994
2026-08-21 20:00,29395.75,29398.00,29370.25,29381.75,6766
2026-08-21 20:15,29382.00,29388.50,29367.75,29370.00,2212
2026-08-21 20:30,29370.50,29388.00,29370.00,29385.25,1461
2026-08-21 20:45,29384.75,29387.75,29372.00,29387.75,1866
2026-08-23 22:00,29321.00,29332.00,29317.00,29331.75,191
2026-08-23 22:15,29330.25,29343.00,29313.00,29338.75,1263
2026-08-23 22:30,29337.75,29384.75,29335.00,29382.25,1488
2026-08-23 22:45,29381.25,29400.00,29380.75,29390.50,1049
2026-08-23 23:00,29390.50,29394.00,29384.00,29387.00,406
2026-08-23 23:15,29387.25,29429.50,29386.50,29429.00,1135
2026-08-23 23:30,29427.00,29448.00,29418.00,29420.00,1531
2026-08-23 23:45,29419.75,29480.50,29419.50,29467.75,2206
2026-08-24 00:00,29466.50,29472.50,29423.50,29437.25,3280
2026-08-24 00:15,29435.75,29437.75,29335.00,29356.50,5063
2026-08-24 00:30,29357.25,29377.50,29337.25,29354.75,2131
2026-08-24 00:45,29355.50,29428.25,29351.50,29427.25,2590
2026-08-24 01:00,29425.75,29443.50,29393.25,29435.00,2243
2026-08-24 01:15,29436.25,29449.00,29407.75,29410.25,1605
2026-08-24 01:30,29409.50,29410.75,29383.50,29394.25,1701
2026-08-24 01:45,29392.00,29404.75,29321.00,29323.25,2687
2026-08-24 02:00,29321.50,29357.50,29301.25,29353.25,3915
2026-08-24 02:15,29353.25,29373.25,29347.50,29363.00,1826
2026-08-24 02:30,29363.00,29373.25,29356.25,29370.25,1021
2026-08-24 02:45,29370.50,29377.25,29341.75,29370.50,2045
2026-08-24 03:00,29371.25,29372.50,29303.25,29304.50,1607
2026-08-24 03:15,29304.00,29314.00,29289.75,29295.50,2059
2026-08-24 03:30,29295.00,29305.00,29281.75,29284.50,1567
2026-08-24 03:45,29284.00,29305.00,29261.25,29271.00,1737
2026-08-24 04:00,29272.25,29299.00,29268.25,29299.00,1091
2026-08-24 04:15,29299.00,29300.75,29271.25,29292.00,1357
2026-08-24 04:30,29292.25,29299.50,29276.50,29299.25,949
2026-08-24 04:45,29299.25,29304.00,29263.00,29265.75,1056
2026-08-24 05:00,29265.50,29297.25,29261.25,29293.50,1269
2026-08-24 05:15,29293.25,29293.25,29247.00,29250.00,1282
2026-08-24 05:30,29248.00,29266.50,29207.50,29238.75,3046
2026-08-24 05:45,29238.00,29246.00,29188.00,29200.75,2950
2026-08-24 06:00,29200.25,29219.25,29142.50,29152.50,4208
2026-08-24 06:15,29152.50,29179.00,29120.50,29166.50,2773
2026-08-24 06:30,29164.75,29180.50,29144.00,29149.50,1447
2026-08-24 06:45,29151.00,29177.25,29142.00,29164.50,1255
2026-08-24 07:00,29164.50,29205.00,29146.50,29200.25,2056
2026-08-24 07:15,29200.50,29208.75,29178.50,29183.50,1364
2026-08-24 07:30,29182.25,29212.50,29161.25,29162.75,1621
2026-08-24 07:45,29163.25,29175.25,29130.75,29143.75,1808
2026-08-24 08:00,29146.25,29209.00,29116.75,29184.50,3289
2026-08-24 08:15,29183.50,29210.50,29171.75,29191.75,1642
2026-08-24 08:30,29191.50,29225.75,29179.75,29224.50,1377
2026-08-24 08:45,29224.25,29240.00,29213.50,29215.00,1167
2026-08-24 09:00,29215.75,29247.75,29201.00,29234.00,1566
2026-08-24 09:15,29233.00,29235.50,29208.25,29210.50,850
2026-08-24 09:30,29209.50,29242.25,29209.00,29236.50,1179
2026-08-24 09:45,29236.00,29249.75,29227.00,29231.50,908
2026-08-24 10:00,29231.75,29247.00,29214.75,29214.75,1200
2026-08-24 10:15,29216.00,29236.00,29204.25,29209.25,1208
2026-08-24 10:30,29208.50,29240.00,29197.25,29210.00,1387
2026-08-24 10:45,29208.25,29210.00,29179.50,29184.75,1023
2026-08-24 11:00,29185.25,29192.50,29145.75,29167.75,2510
2026-08-24 11:15,29167.75,29203.00,29164.50,29183.00,1554
2026-08-24 11:30,29183.50,29283.00,29183.00,29260.00,4616
2026-08-24 11:45,29260.25,29260.50,29231.00,29245.50,2396
2026-08-24 12:00,29245.50,29245.75,29207.50,29211.50,2048
2026-08-24 12:15,29212.25,29231.25,29203.50,29230.00,1689
2026-08-24 12:30,29229.50,29240.75,29171.50,29203.50,4403
2026-08-24 12:45,29206.00,29232.75,29199.75,29206.00,1515
2026-08-24 13:00,29205.75,29220.25,29196.75,29208.25,2235
2026-08-24 13:15,29208.75,29236.75,29195.75,29235.00,4912
2026-08-24 13:30,29235.50,29243.00,28975.50,28978.75,51731
2026-08-24 13:45,28978.50,29038.00,28946.75,29021.75,34271
2026-08-24 14:00,29022.25,29036.75,28953.50,28993.25,24377
2026-08-24 14:15,28993.00,29033.25,28967.50,29012.25,18919
2026-08-24 14:30,29011.75,29110.75,29001.50,29085.50,21246
2026-08-24 14:45,29086.00,29110.25,29077.50,29082.75,14281
2026-08-24 15:00,29083.25,29096.75,29042.25,29048.50,13774
2026-08-24 15:15,29049.25,29137.00,29038.75,29121.25,15634
2026-08-24 15:30,29122.00,29182.00,29111.50,29175.75,18451
2026-08-24 15:45,29176.25,29205.50,29150.00,29168.75,14289
2026-08-24 16:00,29169.00,29189.25,29156.75,29180.75,11087
2026-08-24 16:15,29181.00,29224.75,29178.75,29203.75,10117
2026-08-24 16:30,29204.25,29212.25,29174.00,29185.25,7622
2026-08-24 16:45,29185.00,29192.75,29170.50,29171.00,6163
2026-08-24 17:00,29171.25,29210.50,29154.75,29194.25,10552
2026-08-24 17:15,29194.00,29195.25,29132.00,29140.00,10196
2026-08-24 17:30,29139.50,29142.50,29118.75,29119.25,7871
2026-08-24 17:45,29119.00,29143.00,29116.50,29123.00,7277
2026-08-24 18:00,29123.75,29188.75,29123.00,29187.00,9132
2026-08-24 18:15,29187.25,29224.00,29172.75,29218.25,10271
2026-08-24 18:30,29218.00,29233.25,29180.25,29190.00,10157
2026-08-24 18:45,29190.25,29193.50,29153.00,29154.00,6523
2026-08-24 19:00,29153.75,29162.25,29143.00,29155.25,6702
2026-08-24 19:15,29154.75,29167.00,29142.75,29158.75,6635
2026-08-24 19:30,29158.00,29173.00,29127.50,29134.25,6785
2026-08-24 19:45,29124.50,29142.00,29095.50,29099.50,28470
2026-08-24 20:00,29099.25,29124.75,29097.25,29109.25,6597
2026-08-24 20:15,29109.50,29113.00,29080.75,29084.00,2581
2026-08-24 20:30,29083.75,29101.75,29083.50,29100.25,1188
2026-08-24 20:45,29100.50,29136.50,29089.25,29131.25,2155
2026-08-24 22:00,29140.50,29152.75,29120.00,29123.75,845
2026-08-24 22:15,29124.50,29130.00,29120.00,29126.75,581
2026-08-24 22:30,29123.75,29130.00,29113.50,29117.75,651
2026-08-24 22:45,29119.00,29121.50,29111.50,29121.00,534
2026-08-24 23:00,29121.00,29125.50,29116.50,29124.00,308
2026-08-24 23:15,29124.75,29128.25,29105.75,29106.75,938
2026-08-24 23:30,29107.25,29116.00,29072.00,29084.25,2521
2026-08-24 23:45,29086.25,29100.00,29081.50,29096.25,1107
2026-08-25 00:00,29095.75,29102.25,29038.25,29042.00,3126
2026-08-25 00:15,29041.50,29084.25,29017.00,29079.50,4160
2026-08-25 00:30,29079.25,29131.25,29070.75,29124.50,2561
2026-08-25 00:45,29123.75,29146.00,29106.00,29126.50,1922
2026-08-25 01:00,29128.00,29143.25,29114.00,29130.00,1731
2026-08-25 01:15,29129.50,29136.75,29095.50,29115.00,1756
2026-08-25 01:30,29114.25,29155.50,29108.50,29134.00,2727
2026-08-25 01:45,29135.50,29152.25,29125.50,29128.25,1141
2026-08-25 02:00,29127.00,29145.50,29104.00,29117.00,1825
2026-08-25 02:15,29117.00,29149.00,29104.00,29146.00,1818
2026-08-25 02:30,29145.25,29168.25,29134.25,29138.75,1858
2026-08-25 02:45,29137.00,29138.00,29093.50,29101.75,1560
2026-08-25 03:00,29102.50,29166.50,29100.25,29151.25,2273
2026-08-25 03:15,29151.50,29176.25,29151.00,29175.00,1600
2026-08-25 03:30,29174.50,29190.00,29163.50,29167.75,1660
2026-08-25 03:45,29168.25,29168.25,29151.75,29157.75,943
2026-08-25 04:00,29190.00,29197.00,29183.25,29196.25,1428
2026-08-25 04:15,29196.75,29207.25,29188.00,29201.00,1021
2026-08-25 04:30,29201.75,29217.25,29190.75,29211.50,1047
2026-08-25 04:45,29211.25,29216.50,29185.00,29198.75,1039
2026-08-25 05:00,29200.25,29225.00,29190.00,29204.75,1554
2026-08-25 05:15,29206.00,29227.00,29206.00,29220.25,1195
2026-08-25 05:30,29219.25,29234.75,29201.25,29204.25,1805
2026-08-25 05:45,29204.25,29241.00,29201.00,29232.00,1902
2026-08-25 06:00,29231.75,29259.00,29105.75,29248.00,2221
2026-08-25 06:15,29248.25,29288.50,29242.50,29266.25,2010
2026-08-25 06:30,29265.25,29267.50,29243.50,29263.25,1099
2026-08-25 06:45,29262.75,29263.25,29236.25,29263.25,1304
2026-08-25 07:00,29263.50,29290.75,29250.00,29252.75,1816
2026-08-25 07:15,29252.75,29263.50,29226.50,29248.25,1942
2026-08-25 07:30,29246.25,29261.50,29232.00,29255.75,1487
2026-08-25 07:45,29258.00,29259.00,29226.25,29231.75,815
2026-08-25 08:00,29233.50,29254.75,29212.25,29216.75,1935
2026-08-25 08:15,29218.50,29326.00,29218.50,29276.50,3789
2026-08-25 08:30,29278.25,29298.25,29257.00,29282.00,1448
2026-08-25 08:45,29282.25,29306.25,29282.00,29301.75,1430
2026-08-25 09:00,29302.00,29337.00,29286.00,29323.00,2145
2026-08-25 09:15,29324.25,29334.75,29305.75,29318.00,1310
2026-08-25 09:30,29317.00,29374.00,29315.00,29361.25,3236
2026-08-25 09:45,29360.50,29425.75,29356.00,29392.50,3706
2026-08-25 10:00,29389.25,29410.25,29370.00,29389.75,2059
2026-08-25 10:15,29391.25,29392.75,29367.25,29370.00,1371
2026-08-25 10:30,29370.75,29379.75,29346.50,29347.50,1525
2026-08-25 10:45,29347.00,29369.50,29346.25,29358.50,1273
2026-08-25 11:00,29358.00,29362.25,29304.00,29340.25,2512
2026-08-25 11:15,29340.25,29355.00,29320.00,29340.50,2060
2026-08-25 11:30,29340.75,29362.25,29339.50,29358.25,1727
2026-08-25 11:45,29357.25,29390.50,29355.25,29373.00,1990
2026-08-25 12:00,29372.75,29382.75,29355.25,29380.75,1974
2026-08-25 12:15,29380.50,29409.50,29363.75,29374.25,3487
2026-08-25 12:30,29373.25,29373.25,29312.50,29328.00,3777
2026-08-25 12:45,29328.00,29347.00,29320.00,29334.00,2385
2026-08-25 13:00,29334.00,29344.75,29311.50,29329.25,4528
2026-08-25 13:15,29327.25,29342.00,29294.50,29296.25,5333
2026-08-25 13:30,29297.00,29376.25,29279.25,29349.75,43453
2026-08-25 13:45,29348.75,29414.75,29289.25,29312.75,33577
2026-08-25 14:00,29313.25,29315.00,29239.75,29246.00,26302
2026-08-25 14:15,29245.00,29269.50,29209.25,29215.25,22022
2026-08-25 14:30,29214.75,29268.75,29138.00,29219.25,27011
2026-08-25 14:45,29218.25,29260.25,29206.00,29232.50,13901
2026-08-25 15:00,29233.00,29235.75,29197.00,29223.00,11200
2026-08-25 15:15,29223.75,29282.00,29219.00,29276.75,11794
2026-08-25 15:30,29277.25,29309.75,29255.25,29267.25,13891
2026-08-25 15:45,29266.75,29274.25,29222.75,29262.00,11151
2026-08-25 16:00,29263.25,29289.50,29260.75,29277.75,7929
2026-08-25 16:15,29278.00,29298.50,29274.50,29293.75,7484
2026-08-25 16:30,29294.75,29299.75,29259.00,29265.25,7632
2026-08-25 16:45,29265.75,29283.25,29252.75,29274.75,8617
2026-08-25 17:00,29275.50,29279.00,29224.00,29243.00,9096
2026-08-25 17:15,29242.50,29258.50,29214.50,29224.50,8351
2026-08-25 17:30,29224.75,29234.50,29216.00,29222.25,5506
2026-08-25 17:45,29222.50,29232.25,29216.75,29227.25,4477
2026-08-25 18:00,29226.75,29227.50,29202.00,29206.00,7468
2026-08-25 18:15,29205.75,29227.50,29202.50,29219.75,5657
2026-08-25 18:30,29219.75,29259.25,29219.00,29257.75,7772
2026-08-25 18:45,29257.75,29275.00,29253.00,29255.50,8436
2026-08-25 19:00,29256.00,29266.50,29230.25,29234.75,6935
2026-08-25 19:15,29234.25,29238.75,29212.75,29226.00,6717
2026-08-25 19:30,29225.75,29257.75,29211.50,29239.00,8241
2026-08-25 19:45,29238.25,29289.50,29229.50,29270.25,21935
2026-08-25 20:00,29270.50,29294.75,29262.00,29288.75,8049
2026-08-25 20:15,29288.50,29313.50,29283.25,29302.50,3208
2026-08-25 20:30,29302.00,29308.75,29281.50,29282.25,1522
2026-08-25 20:45,29282.25,29287.75,29268.75,29287.50,1892
2026-08-25 22:00,29288.00,29309.75,29286.50,29293.25,592
2026-08-25 22:15,29293.50,29294.25,29280.00,29291.25,773
2026-08-25 22:30,29291.50,29293.00,29280.75,29288.25,465
2026-08-25 22:45,29287.25,29288.00,29280.75,29284.50,293
2026-08-25 23:00,29284.25,29288.50,29273.75,29275.75,601
2026-08-25 23:15,29276.25,29278.75,29245.25,29246.00,1256
2026-08-25 23:30,29246.00,29248.50,29228.00,29234.75,1247
2026-08-25 23:45,29233.00,29235.00,29207.00,29211.50,1920
2026-08-26 00:00,29210.25,29227.75,29185.00,29208.50,3673
2026-08-26 00:15,29209.50,29238.50,29165.25,29184.25,2912
2026-08-26 00:30,29183.75,29188.00,29138.00,29151.25,3586
2026-08-26 00:45,29150.75,29160.00,29110.50,29112.25,2693
2026-08-26 01:00,29113.00,29147.00,29106.75,29123.75,3005
2026-08-26 01:15,29123.50,29134.00,29099.00,29109.75,2126
2026-08-26 01:30,29110.50,29129.00,29096.00,29116.25,2392
2026-08-26 01:45,29117.50,29135.00,29104.75,29133.50,1447
2026-08-26 02:00,29133.50,29144.50,29119.25,29143.25,1691
2026-08-26 02:15,29143.00,29174.75,29140.50,29172.25,2113
2026-08-26 02:30,29172.75,29217.75,29171.00,29217.00,2605
2026-08-26 02:45,29217.25,29229.75,29211.25,29220.25,1719
2026-08-26 03:00,29221.50,29235.75,29212.00,29231.50,1302
2026-08-26 03:15,29231.00,29232.00,29213.25,29214.75,807
2026-08-26 03:30,29215.50,29244.00,29205.00,29237.00,1854
2026-08-26 03:45,29237.50,29275.25,29235.75,29267.00,2267
2026-08-26 04:00,29265.25,29279.75,29260.50,29273.00,1449
2026-08-26 04:15,29273.25,29283.25,29262.00,29272.25,1200
2026-08-26 04:30,29272.00,29275.25,29247.75,29250.75,1231
2026-08-26 04:45,29251.00,29251.75,29217.25,29226.75,1600
2026-08-26 05:00,29227.75,29259.75,29226.50,29239.25,1600
2026-08-26 05:15,29238.50,29248.75,29229.00,29245.00,888
2026-08-26 05:30,29246.00,29262.75,29241.25,29248.25,719
2026-08-26 05:45,29247.25,29247.75,29226.00,29243.00,918
2026-08-26 06:00,29242.25,29248.75,29212.00,29217.00,1355
2026-08-26 06:15,29215.00,29226.50,29203.50,29218.75,1159
2026-08-26 06:30,29218.25,29256.75,29209.75,29255.25,1162
2026-08-26 06:45,29255.75,29277.25,29232.25,29252.75,1672
2026-08-26 07:00,29252.25,29257.75,29201.25,29236.75,2176
2026-08-26 07:15,29237.00,29244.50,29192.25,29199.00,1787
2026-08-26 07:30,29201.25,29211.00,29185.75,29199.25,1225
2026-08-26 07:45,29199.50,29219.25,29187.25,29212.25,1023
2026-08-26 08:00,29213.00,29245.25,29198.25,29205.75,2074
2026-08-26 08:15,29205.50,29235.50,29185.00,29235.50,1682
2026-08-26 08:30,29234.75,29251.00,29211.75,29242.50,1020
2026-08-26 08:45,29241.00,29241.25,29209.75,29228.00,673
2026-08-26 09:00,29227.75,29234.75,29213.50,29218.75,593
2026-08-26 09:15,29218.25,29221.50,29191.25,29198.00,1119
2026-08-26 09:30,29200.00,29219.25,29198.50,29214.75,657
2026-08-26 09:45,29214.00,29236.50,29213.75,29234.50,758
2026-08-26 10:00,29234.25,29235.00,29196.00,29198.00,856
2026-08-26 10:15,29197.25,29217.00,29196.25,29200.25,901
2026-08-26 10:30,29201.00,29242.25,29188.75,29228.50,1409
2026-08-26 10:45,29228.50,29240.25,29224.00,29237.50,897
2026-08-26 11:00,29237.50,29264.50,29235.00,29254.00,1534
2026-08-26 11:15,29253.00,29278.75,29234.75,29253.00,1972
2026-08-26 11:30,29252.25,29261.75,29193.00,29209.50,2291
2026-08-26 11:45,29210.25,29227.50,29186.00,29219.50,2305
2026-08-26 12:00,29220.75,29223.50,29200.00,29215.75,1915
2026-08-26 12:15,29215.50,29259.50,29190.00,29257.25,3022
2026-08-26 12:30,29256.75,29263.25,29149.75,29164.75,8647
2026-08-26 12:45,29165.00,29181.50,29133.25,29150.75,7226
2026-08-26 13:00,29151.75,29173.00,29133.50,29171.75,4672
2026-08-26 13:15,29172.25,29175.00,29153.50,29173.75,4647
2026-08-26 13:30,29174.50,29313.25,29174.25,29291.00,43648
2026-08-26 13:45,29290.75,29332.75,29252.50,29331.25,23720
2026-08-26 14:00,29331.50,29332.50,29235.50,29246.00,16682
2026-08-26 14:15,29246.25,29262.75,29156.75,29178.25,19804
2026-08-26 14:30,29178.25,29238.50,29176.00,29221.00,14374
2026-08-26 14:45,29221.50,29268.00,29206.25,29252.25,11744
2026-08-26 15:00,29251.75,29283.00,29246.00,29257.50,10179
2026-08-26 15:15,29257.25,29267.00,29222.50,29256.50,10166
2026-08-26 15:30,29256.75,29289.75,29220.75,29283.00,10395
2026-08-26 15:45,29282.25,29291.50,29215.50,29217.75,12075
2026-08-26 16:00,29217.75,29224.25,29189.00,29200.00,9989
2026-08-26 16:15,29201.25,29215.75,29192.50,29207.00,5237
2026-08-26 16:30,29207.25,29220.00,29170.00,29174.50,7012
2026-08-26 16:45,29174.75,29224.75,29171.75,29216.75,8440
2026-08-26 17:00,29216.00,29242.25,29210.50,29238.00,6408
2026-08-26 17:15,29238.25,29270.75,29238.00,29267.25,8106
2026-08-26 17:30,29268.00,29291.75,29262.75,29281.50,7698
2026-08-26 17:45,29281.50,29293.75,29267.50,29284.25,6731
2026-08-26 18:00,29284.50,29296.00,29266.00,29270.00,5867
2026-08-26 18:15,29270.75,29292.25,29264.75,29280.00,5859
2026-08-26 18:30,29279.75,29303.50,29275.75,29295.00,5719
2026-08-26 18:45,29295.00,29329.75,29294.75,29321.75,9154
2026-08-26 19:00,29321.25,29368.25,29317.75,29340.50,11350
2026-08-26 19:15,29340.50,29357.25,29332.25,29338.00,7138
2026-08-26 19:30,29338.00,29345.50,29307.50,29309.50,8942
2026-08-26 19:45,29309.25,29341.50,29280.25,29297.25,22965
2026-08-26 20:00,29297.00,29375.00,29283.25,29362.25,8698
2026-08-26 20:15,29360.75,29383.75,29291.00,29342.25,10540
2026-08-26 20:30,29342.00,29356.00,29317.00,29340.00,3280
2026-08-26 20:45,29339.00,29437.75,29336.75,29432.50,3912
2026-08-26 22:00,29499.50,29582.25,29499.25,29566.00,2689
2026-08-26 22:15,29565.50,29602.00,29554.25,29583.75,2933
2026-08-26 22:30,29583.50,29618.00,29581.00,29617.25,2475
2026-08-26 22:45,29615.75,29628.50,29599.25,29606.50,1807
2026-08-26 23:00,29605.00,29615.50,29591.00,29592.25,1642
2026-08-26 23:15,29593.25,29612.50,29585.00,29602.50,1364
2026-08-26 23:30,29602.75,29611.75,29594.50,29606.50,519
2026-08-26 23:45,29606.25,29653.00,29605.00,29646.50,2313
2026-08-27 00:00,29648.25,29654.75,29578.00,29590.00,3590
2026-08-27 00:15,29590.00,29590.50,29558.00,29581.00,2669
2026-08-27 00:30,29580.50,29581.25,29476.25,29478.00,4995
2026-08-27 00:45,29478.00,29479.50,29438.25,29445.75,4570
2026-08-27 01:00,29443.75,29490.00,29432.50,29452.75,4240
2026-08-27 01:15,29452.00,29509.25,29447.75,29503.25,2351
2026-08-27 01:30,29503.00,29535.00,29491.75,29492.75,2814
2026-08-27 01:45,29493.75,29554.25,29493.75,29529.75,2409
2026-08-27 02:00,29531.75,29544.25,29516.75,29539.75,1812
2026-08-27 02:15,29540.75,29543.25,29525.75,29539.00,728
2026-08-27 02:30,29538.75,29555.00,29530.50,29541.25,1317
2026-08-27 02:45,29541.75,29560.50,29536.75,29548.75,1269
2026-08-27 03:00,29550.50,29563.00,29530.00,29540.25,1402
2026-08-27 03:15,29541.00,29575.75,29540.75,29564.25,1197
2026-08-27 03:30,29566.00,29572.25,29541.75,29541.75,949
2026-08-27 03:45,29543.50,29552.50,29526.50,29534.25,1105
2026-08-27 04:00,29533.75,29537.50,29529.25,29534.00,527
2026-08-27 04:15,29534.75,29551.75,29528.50,29528.50,788
2026-08-27 04:30,29528.50,29530.25,29498.25,29504.25,1240
2026-08-27 04:45,29503.50,29520.75,29493.00,29497.25,1253
2026-08-27 05:00,29501.50,29504.25,29472.75,29484.50,1806
2026-08-27 05:15,29482.25,29482.25,29448.00,29468.00,1996
2026-08-27 05:30,29466.25,29472.75,29438.50,29442.50,1796
2026-08-27 05:45,29441.50,29465.00,29428.50,29438.75,1820
2026-08-27 06:00,29437.50,29437.50,29401.75,29432.50,3235
2026-08-27 06:15,29433.00,29451.00,29432.00,29450.75,1664
2026-08-27 06:30,29451.50,29490.50,29449.00,29489.25,1678
2026-08-27 06:45,29489.00,29500.00,29478.00,29499.50,1533
2026-08-27 07:00,29498.75,29538.50,29477.25,29536.00,2999
2026-08-27 07:15,29537.00,29548.75,29524.00,29548.25,2029
2026-08-27 07:30,29547.75,29549.75,29499.00,29504.00,2370
2026-08-27 07:45,29504.75,29548.25,29500.75,29539.50,1420
2026-08-27 08:00,29538.75,29624.00,29537.00,29622.00,3640
2026-08-27 08:15,29622.50,29659.75,29596.75,29656.50,3629
2026-08-27 08:30,29656.75,29658.00,29610.25,29629.50,2765
2026-08-27 08:45,29632.50,29662.00,29622.00,29623.75,2622
2026-08-27 09:00,29624.75,29634.25,29581.25,29584.00,3173
2026-08-27 09:15,29584.25,29615.00,29568.00,29598.00,2100
2026-08-27 09:30,29597.75,29625.50,29596.75,29615.00,2498
2026-08-27 09:45,29614.50,29634.50,29599.50,29602.00,2089
2026-08-27 10:00,29602.25,29606.25,29582.25,29598.75,1262
2026-08-27 10:15,29598.75,29603.75,29577.00,29579.75,1064
2026-08-27 10:30,29580.75,29602.75,29570.00,29600.00,1374
2026-08-27 10:45,29599.75,29602.25,29568.25,29597.50,1243
2026-08-27 11:00,29599.00,29630.00,29577.00,29616.25,2331
2026-08-27 11:15,29616.25,29621.25,29569.50,29569.50,1878
2026-08-27 11:30,29570.25,29588.00,29546.25,29565.50,2686
2026-08-27 11:45,29563.50,29563.50,29514.75,29558.50,2437
2026-08-27 12:00,29557.75,29589.00,29551.00,29584.00,2726
2026-08-27 12:15,29584.25,29590.50,29565.75,29579.25,1935
2026-08-27 12:30,29579.00,29581.25,29534.50,29537.50,3262
2026-08-27 12:45,29536.25,29541.00,29515.50,29522.50,3242
2026-08-27 13:00,29522.00,29561.75,29518.50,29555.75,3445
2026-08-27 13:15,29554.50,29570.25,29523.25,29524.75,6579
2026-08-27 13:30,29524.50,29588.75,29443.00,29575.00,52539
2026-08-27 13:45,29576.00,29605.00,29423.75,29483.00,44321
2026-08-27 14:00,29484.00,29588.50,29478.50,29559.00,26514
2026-08-27 14:15,29558.00,29623.50,29558.00,29606.75,19034
2026-08-27 14:30,29606.50,29610.25,29538.00,29557.75,17698
2026-08-27 14:45,29557.25,29605.25,29532.00,29601.50,16729
2026-08-27 15:00,29601.75,29628.00,29588.25,29625.50,11768
2026-08-27 15:15,29625.75,29635.00,29573.00,29578.50,10749
2026-08-27 15:30,29578.25,29597.25,29528.50,29534.50,14043
2026-08-27 15:45,29534.75,29610.00,29511.50,29598.00,16792
2026-08-27 16:00,29597.25,29623.75,29581.75,29590.50,9752
2026-08-27 16:15,29589.75,29608.00,29570.00,29603.00,8174
2026-08-27 16:30,29603.50,29651.00,29599.00,29645.75,8226
2026-08-27 16:45,29645.75,29659.50,29637.00,29651.75,9257
2026-08-27 17:00,29652.00,29676.00,29648.00,29669.75,9506
2026-08-27 17:15,29670.50,29678.50,29638.00,29641.50,8101
2026-08-27 17:30,29641.25,29658.50,29627.00,29628.75,8356
2026-08-27 17:45,29628.50,29632.25,29607.00,29611.50,8399
2026-08-27 18:00,29612.00,29622.00,29561.75,29577.00,12156
2026-08-27 18:15,29576.50,29589.75,29526.50,29538.25,11666
2026-08-27 18:30,29538.25,29581.25,29537.00,29572.50,11050
2026-08-27 18:45,29572.50,29582.25,29544.75,29571.25,8682
2026-08-27 19:00,29571.50,29606.75,29567.00,29592.50,9988
2026-08-27 19:15,29592.75,29613.00,29592.75,29602.25,7876
2026-08-27 19:30,29602.75,29633.50,29595.00,29633.25,8532
2026-08-27 19:45,29632.75,29704.50,29629.00,29691.75,31105
2026-08-27 20:00,29691.75,29708.00,29647.25,29648.00,11484
2026-08-27 20:15,29648.25,29656.50,29634.25,29638.50,1942
2026-08-27 20:30,29639.25,29644.75,29634.75,29639.75,1390
2026-08-27 20:45,29640.25,29642.00,29620.50,29635.25,2082
2026-08-27 22:00,29635.50,29644.75,29600.00,29620.50,477
2026-08-27 22:15,29622.25,29639.50,29619.75,29637.25,948
2026-08-27 22:30,29637.00,29640.75,29630.00,29635.50,644
2026-08-27 22:45,29635.25,29639.50,29630.75,29634.75,342
2026-08-27 23:00,29633.50,29637.50,29605.00,29616.50,1158
2026-08-27 23:15,29616.00,29617.25,29604.00,29608.25,513
2026-08-27 23:30,29610.00,29612.75,29602.50,29604.50,433
2026-08-27 23:45,29604.50,29605.25,29592.00,29600.75,1743
2026-08-28 00:00,29601.75,29656.00,29594.25,29653.00,3823
2026-08-28 00:15,29652.75,29655.75,29625.50,29653.00,2304
2026-08-28 00:30,29651.25,29658.00,29633.50,29654.50,1265
2026-08-28 00:45,29653.25,29667.25,29642.00,29645.00,1305
2026-08-28 01:00,29645.75,29670.25,29642.75,29661.00,1488
2026-08-28 01:15,29661.00,29672.75,29643.50,29648.75,1163
2026-08-28 01:30,29648.50,29672.25,29641.75,29654.75,1985
2026-08-28 01:45,29654.50,29679.75,29644.00,29677.75,1408
2026-08-28 02:00,29678.75,29699.50,29678.75,29692.75,1403
2026-08-28 02:15,29694.75,29703.00,29686.25,29692.75,1113
2026-08-28 02:30,29691.00,29691.00,29644.75,29647.25,1646
2026-08-28 02:45,29647.00,29670.25,29645.00,29663.75,1075
2026-08-28 03:00,29664.75,29702.00,29660.50,29694.50,1329
2026-08-28 03:15,29693.75,29707.00,29689.50,29700.25,940
2026-08-28 03:30,29700.50,29704.25,29648.75,29651.75,1788
2026-08-28 03:45,29651.50,29676.50,29640.25,29671.50,1451
2026-08-28 04:00,29646.00,29666.50,29644.25,29661.50,1244
2026-08-28 04:15,29660.75,29669.75,29657.00,29659.50,581
2026-08-28 04:30,29658.50,29660.75,29639.00,29644.25,800
2026-08-28 04:45,29643.50,29650.00,29636.25,29641.75,609
2026-08-28 05:00,29642.00,29643.75,29620.75,29623.75,1283
2026-08-28 05:15,29624.75,29628.25,29611.50,29622.75,1064
2026-08-28 05:30,29623.00,29624.50,29603.50,29613.75,1155
2026-08-28 05:45,29612.50,29613.00,29597.25,29598.25,998
2026-08-28 06:00,29599.00,29618.50,29594.50,29603.25,1431
2026-08-28 06:15,29602.25,29623.75,29594.50,29596.00,1149
2026-08-28 06:30,29597.50,29623.00,29596.00,29620.75,1686
2026-08-28 06:45,29619.50,29645.25,29616.00,29645.25,1095
2026-08-28 07:00,29645.25,29653.50,29605.00,29612.50,2447
2026-08-28 07:15,29612.00,29624.00,29599.75,29613.75,1311
2026-08-28 07:30,29613.50,29620.25,29593.00,29597.50,1255
2026-08-28 07:45,29597.00,29625.75,29595.00,29607.00,1040
2026-08-28 08:00,29607.00,29620.50,29578.25,29584.75,3024
2026-08-28 08:15,29586.00,29605.50,29581.75,29598.25,1133
2026-08-28 08:30,29598.50,29633.50,29596.25,29623.50,1316
2026-08-28 08:45,29623.50,29624.25,29603.00,29619.75,1212
2026-08-28 09:00,29619.00,29620.00,29603.50,29606.00,912
2026-08-28 09:15,29605.75,29620.50,29595.75,29615.75,910
2026-08-28 09:30,29615.50,29618.50,29602.25,29607.50,561
2026-08-28 09:45,29605.00,29620.25,29599.00,29605.50,654
2026-08-28 10:00,29606.00,29610.00,29593.25,29603.75,1070
2026-08-28 10:15,29604.00,29617.25,29597.50,29611.50,596
2026-08-28 10:30,29611.25,29623.00,29600.00,29602.50,794
2026-08-28 10:45,29601.50,29625.00,29598.00,29622.00,968
2026-08-28 11:00,29622.25,29634.75,29598.25,29614.50,1723
2026-08-28 11:15,29614.50,29636.50,29614.00,29633.50,1142
2026-08-28 11:30,29635.00,29640.00,29607.00,29610.25,921
2026-08-28 11:45,29609.50,29615.00,29597.50,29603.50,900
2026-08-28 12:00,29601.50,29632.50,29597.50,29630.25,1954
2026-08-28 12:15,29631.00,29663.00,29627.75,29661.50,2502
2026-08-28 12:30,29661.25,29661.75,29615.00,29658.25,2511
2026-08-28 12:45,29658.25,29665.00,29649.25,29659.00,2239
2026-08-28 13:00,29659.00,29681.75,29650.25,29661.00,4094
2026-08-28 13:15,29661.00,29662.75,29622.00,29628.00,4754
2026-08-28 13:30,29628.00,29701.75,29562.75,29687.75,38492
2026-08-28 13:45,29687.25,29703.25,29625.00,29629.00,22946
2026-08-28 14:00,29632.00,29706.00,29505.00,29535.00,41313
2026-08-28 14:15,29534.75,29675.75,29532.25,29653.50,32391
2026-08-28 14:30,29653.75,29744.00,29632.00,29734.25,26906
2026-08-28 14:45,29734.75,29799.00,29725.25,29796.50,23072
2026-08-28 15:00,29796.50,29811.50,29735.25,29748.75,20773
2026-08-28 15:15,29748.75,29791.25,29738.00,29782.75,13353
2026-08-28 15:30,29783.25,29785.50,29663.00,29671.25,18542
2026-08-28 15:45,29671.25,29682.75,29544.25,29552.50,28534
2026-08-28 16:00,29553.00,29593.00,29509.75,29558.50,23823
2026-08-28 16:15,29558.25,29570.75,29464.50,29489.00,22848
2026-08-28 16:30,29488.50,29529.25,29475.00,29483.75,15686
2026-08-28 16:45,29483.75,29549.00,29483.00,29501.25,13168
2026-08-28 17:00,29502.00,29503.00,29436.25,29484.25,17731
2026-08-28 17:15,29483.50,29495.25,29452.25,29470.00,9611
2026-08-28 17:30,29470.00,29504.50,29461.25,29484.00,8487
2026-08-28 17:45,29482.75,29529.25,29475.75,29514.75,9332
2026-08-28 18:00,29515.75,29521.50,29488.25,29489.25,7772
2026-08-28 18:15,29489.25,29505.00,29471.25,29483.75,7458
2026-08-28 18:30,29483.25,29507.00,29476.00,29491.25,7057
2026-08-28 18:45,29491.00,29493.50,29441.00,29455.50,8432
2026-08-28 19:00,29456.00,29492.25,29443.50,29479.50,10164
2026-08-28 19:15,29479.00,29502.00,29464.50,29498.25,7015
2026-08-28 19:30,29498.50,29513.75,29482.25,29503.00,8903
2026-08-28 19:45,29502.25,29521.50,29473.50,29496.00,28233
2026-08-28 20:00,29496.50,29507.75,29478.25,29487.50,6334
2026-08-28 20:15,29488.50,29493.25,29485.25,29492.00,1377
2026-08-28 20:30,29492.00,29508.00,29485.00,29507.25,2152
2026-08-28 20:45,29507.50,29519.25,29491.75,29491.75,2057
2026-08-30 22:00,29457.25,29471.25,29446.75,29471.00,451
2026-08-30 22:15,29471.25,29495.00,29467.25,29473.00,1456
2026-08-30 22:30,29474.75,29476.50,29428.00,29436.75,2535
2026-08-30 22:45,29436.00,29453.50,29435.00,29442.50,926
2026-08-30 23:00,29442.50,29449.25,29405.75,29409.75,2279
2026-08-30 23:15,29410.00,29416.00,29369.00,29371.75,2939
2026-08-30 23:30,29372.00,29375.50,29321.25,29355.50,3309
2026-08-30 23:45,29354.00,29354.00,29289.00,29289.75,3898
2026-08-31 00:00,29291.00,29346.75,29273.50,29339.75,4402
2026-08-31 00:15,29341.00,29378.25,29334.50,29372.00,2864
2026-08-31 00:30,29370.25,29398.50,29366.75,29388.75,2313
2026-08-31 00:45,29390.25,29393.00,29350.50,29357.00,2403
2026-08-31 01:00,29358.25,29358.25,29292.50,29324.75,4160
2026-08-31 01:15,29324.25,29340.25,29304.00,29331.75,2584
2026-08-31 01:30,29330.25,29338.00,29306.50,29313.50,2198
2026-08-31 01:45,29313.25,29331.50,29302.25,29327.00,1947
2026-08-31 02:00,29325.75,29362.75,29308.50,29355.75,2320
2026-08-31 02:15,29357.00,29357.00,29304.50,29331.50,2742
2026-08-31 02:30,29327.00,29335.25,29287.00,29296.50,2107
2026-08-31 02:45,29297.50,29346.50,29287.75,29344.25,2203
2026-08-31 03:00,29346.00,29367.25,29336.75,29355.50,1572
2026-08-31 03:15,29355.50,29358.00,29343.00,29344.00,1004
2026-08-31 03:30,29345.75,29351.00,29337.75,29345.00,827
2026-08-31 03:45,29346.00,29353.50,29338.75,29348.75,498
2026-08-31 04:00,29352.50,29354.75,29341.50,29354.75,552
2026-08-31 04:15,29353.25,29357.00,29342.75,29347.25,546
2026-08-31 04:30,29348.00,29384.75,29333.75,29383.00,1571
2026-08-31 04:45,29380.75,29423.75,29365.50,29414.75,1936
2026-08-31 05:00,29415.00,29445.00,29407.75,29443.75,1598
2026-08-31 05:15,29442.75,29477.25,29442.25,29470.00,2087
2026-08-31 05:30,29470.00,29474.25,29426.25,29442.00,1953
2026-08-31 05:45,29442.25,29462.50,29432.00,29462.25,1229
2026-08-31 06:00,29462.00,29503.50,29448.75,29500.50,2314
2026-08-31 06:15,29501.25,29518.50,29501.25,29512.50,2162
2026-08-31 06:30,29512.50,29518.75,29495.75,29508.00,1379
2026-08-31 06:45,29507.50,29528.50,29503.50,29517.75,1139
2026-08-31 07:00,29516.25,29521.00,29500.75,29513.75,1140
2026-08-31 07:15,29513.25,29521.25,29500.00,29509.75,705
2026-08-31 07:30,29508.25,29522.75,29501.00,29506.00,767
2026-08-31 07:45,29505.50,29510.75,29493.50,29508.25,721
2026-08-31 08:00,29508.50,29535.00,29485.00,29505.00,3071
2026-08-31 08:15,29504.75,29511.00,29485.50,29501.00,1136
2026-08-31 08:30,29500.75,29502.25,29475.00,29484.50,1234
2026-08-31 08:45,29484.75,29498.50,29480.25,29485.00,843
2026-08-31 09:00,29485.25,29500.75,29470.75,29492.50,1178
2026-08-31 09:15,29492.25,29509.25,29490.00,29491.25,935
2026-08-31 09:30,29491.75,29492.50,29467.00,29468.00,798
2026-08-31 09:45,29468.00,29469.25,29445.50,29450.50,1110
2026-08-31 10:00,29451.50,29460.00,29440.50,29458.00,1562
2026-08-31 10:15,29457.25,29467.75,29445.75,29461.00,1235
2026-08-31 10:30,29460.75,29461.00,29450.00,29455.25,479
2026-08-31 10:45,29454.00,29471.50,29450.00,29458.75,762
2026-08-31 11:00,29458.25,29463.50,29436.75,29439.50,1481
2026-08-31 11:15,29439.25,29471.00,29435.50,29465.00,1354
2026-08-31 11:30,29465.50,29466.75,29432.75,29433.50,1623
2026-08-31 11:45,29434.00,29440.00,29425.25,29429.75,1165
2026-08-31 12:00,29429.75,29470.00,29398.50,29449.75,3203
2026-08-31 12:15,29449.75,29486.00,29397.00,29415.75,3317
2026-08-31 12:30,29415.75,29442.25,29389.75,29399.25,3632
2026-08-31 12:45,29398.50,29407.50,29380.00,29389.00,2620
2026-08-31 13:00,29389.50,29411.25,29377.50,29408.50,3575
2026-08-31 13:15,29409.50,29445.25,29408.25,29438.75,5061
2026-08-31 13:30,29438.50,29516.75,29390.25,29407.25,38864
2026-08-31 13:45,29407.75,29479.00,29387.75,29438.75,27667
2026-08-31 14:00,29439.25,29447.75,29371.00,29394.50,19526
2026-08-31 14:15,29393.25,29431.50,29355.00,29376.25,17749
2026-08-31 14:30,29374.25,29434.75,29364.50,29425.25,14433
2026-08-31 14:45,29425.25,29444.25,29384.25,29416.00,13384
2026-08-31 15:00,29415.25,29442.50,29395.50,29417.25,13307
2026-08-31 15:15,29416.75,29445.75,29396.50,29421.00,11444
2026-08-31 15:30,29420.50,29424.75,29383.00,29409.00,10533
2026-08-31 15:45,29408.50,29432.75,29384.50,29388.75,10396
2026-08-31 16:00,29389.25,29412.75,29362.50,29407.25,11288
2026-08-31 16:15,29407.75,29426.50,29381.50,29425.00,8454
2026-08-31 16:30,29425.00,29430.75,29394.25,29413.50,8864
2026-08-31 16:45,29413.25,29443.25,29409.50,29440.50,6457
2026-08-31 17:00,29440.00,29441.00,29415.25,29423.50,5283
2026-08-31 17:15,29423.75,29434.00,29393.25,29396.75,5632
2026-08-31 17:30,29396.75,29439.75,29388.00,29439.50,7961
2026-08-31 17:45,29439.75,29457.50,29430.75,29442.00,7183
2026-08-31 18:00,29442.00,29458.75,29422.25,29446.75,6963
2026-08-31 18:15,29446.75,29464.25,29437.25,29438.25,5460
2026-08-31 18:30,29438.00,29443.25,29382.50,29399.00,9400
2026-08-31 18:45,29399.75,29420.25,29390.50,29403.75,6590
2026-08-31 19:00,29404.50,29429.75,29403.50,29425.50,6362
2026-08-31 19:15,29425.50,29453.50,29417.25,29448.25,7081
2026-08-31 19:30,29447.75,29483.25,29430.50,29477.00,9467
2026-08-31 19:45,29476.75,29538.25,29458.50,29506.00,34729
2026-08-31 20:00,29506.50,29527.50,29503.75,29511.50,7833
2026-08-31 20:15,29511.50,29516.75,29507.00,29513.75,1396
2026-08-31 20:30,29513.00,29520.50,29510.00,29516.75,973
2026-08-31 20:45,29516.75,29521.25,29507.00,29521.00,1131
2026-08-31 22:00,29518.25,29522.50,29501.25,29507.75,568
2026-08-31 22:15,29507.00,29508.50,29498.50,29501.75,413
2026-08-31 22:30,29502.50,29508.25,29501.75,29505.00,350
2026-08-31 22:45,29505.00,29506.75,29491.00,29493.50,691
2026-08-31 23:00,29493.25,29505.00,29490.00,29496.00,740
2026-08-31 23:15,29495.75,29499.50,29486.00,29497.00,528
2026-08-31 23:30,29495.50,29515.00,29493.50,29510.25,1296
2026-08-31 23:45,29509.75,29519.50,29496.50,29501.25,896
2026-09-01 00:00,29503.25,29521.75,29480.50,29489.25,2695
2026-09-01 00:15,29489.00,29518.75,29478.25,29501.00,2141
2026-09-01 00:30,29501.00,29520.50,29484.25,29501.75,1705
2026-09-01 00:45,29503.50,29508.50,29491.75,29506.00,870
2026-09-01 01:00,29506.00,29514.25,29491.50,29512.25,1550
2026-09-01 01:15,29512.00,29516.25,29477.00,29484.00,1862
2026-09-01 01:30,29483.00,29515.50,29475.00,29508.25,2129
2026-09-01 01:45,29508.75,29511.00,29490.50,29499.75,947
2026-09-01 02:00,29498.00,29502.75,29475.00,29481.00,1277
2026-09-01 02:15,29480.50,29486.50,29452.75,29459.75,1525
2026-09-01 02:30,29460.00,29472.50,29434.75,29439.00,1898
2026-09-01 02:45,29438.75,29493.25,29436.25,29492.00,1981
2026-09-01 03:00,29491.50,29493.75,29467.50,29471.50,1316
2026-09-01 03:15,29471.50,29476.50,29459.25,29464.25,922
2026-09-01 03:30,29465.50,29483.25,29461.25,29477.75,770
2026-09-01 03:45,29477.00,29488.50,29474.75,29482.75,567
2026-09-01 04:00,29485.00,29492.75,29481.00,29489.00,835
2026-09-01 04:15,29488.25,29501.50,29485.50,29492.75,1086
2026-09-01 04:30,29493.75,29503.00,29470.25,29471.25,918
2026-09-01 04:45,29471.25,29494.00,29466.00,29473.75,1585
2026-09-01 05:00,29473.25,29475.75,29460.00,29464.25,792
2026-09-01 05:15,29464.50,29487.75,29447.25,29486.00,1479
2026-09-01 05:30,29485.00,29535.75,29482.25,29534.00,3459
2026-09-01 05:45,29534.25,29571.25,29521.75,29561.50,2545
2026-09-01 06:00,29561.75,29568.00,29531.00,29545.25,2102
2026-09-01 06:15,29544.50,29547.00,29514.75,29517.50,1658
2026-09-01 06:30,29516.50,29545.00,29513.75,29539.25,1315
2026-09-01 06:45,29539.75,29540.25,29514.50,29515.75,937
2026-09-01 07:00,29515.50,29555.50,29512.25,29553.50,2748
2026-09-01 07:15,29554.25,29556.75,29528.25,29545.00,1190
2026-09-01 07:30,29546.75,29547.00,29462.00,29464.00,3095
2026-09-01 07:45,29463.00,29478.75,29430.00,29436.25,2904
2026-09-01 08:00,29436.25,29449.00,29327.00,29348.75,7344
2026-09-01 08:15,29351.00,29358.50,29279.00,29285.50,4923
2026-09-01 08:30,29286.00,29312.00,29246.75,29257.50,4045
2026-09-01 08:45,29257.00,29279.75,29231.00,29235.25,2822
2026-09-01 09:00,29235.75,29243.25,29201.75,29207.75,3511
2026-09-01 09:15,29206.75,29218.00,29185.50,29197.00,2594
2026-09-01 09:30,29199.00,29216.75,29184.25,29213.25,2269
2026-09-01 09:45,29212.25,29228.00,29211.50,29212.50,1630
2026-09-01 10:00,29212.50,29227.25,29201.25,29221.50,1444
2026-09-01 10:15,29222.00,29248.75,29211.75,29237.50,1903
2026-09-01 10:30,29237.75,29257.75,29227.00,29227.50,1448
2026-09-01 10:45,29227.25,29243.00,29197.25,29210.00,2645
2026-09-01 11:00,29209.25,29213.25,29178.00,29200.75,3012
2026-09-01 11:15,29200.50,29216.75,29196.25,29208.75,1766
2026-09-01 11:30,29207.75,29238.00,29205.75,29226.25,2176
2026-09-01 11:45,29228.25,29228.50,29167.75,29172.50,3062
2026-09-01 12:00,29171.50,29179.50,29153.75,29165.50,3728
2026-09-01 12:15,29164.75,29173.00,29137.50,29170.50,4334
2026-09-01 12:30,29169.75,29170.50,29123.25,29129.50,5145
2026-09-01 12:45,29129.50,29153.00,29122.25,29125.75,3809
2026-09-01 13:00,29125.75,29126.25,29087.00,29093.00,7845
2026-09-01 13:15,29093.00,29122.75,29084.25,29112.25,7279
2026-09-01 13:30,29111.75,29140.50,29040.25,29083.75,44787
2026-09-01 13:45,29084.00,29158.00,29074.75,29105.00,25231
2026-09-01 14:00,29106.00,29161.75,29085.25,29133.25,22037
2026-09-01 14:15,29133.50,29179.50,29132.00,29165.25,17214
2026-09-01 14:30,29165.25,29235.00,29162.25,29234.00,17151
2026-09-01 14:45,29234.00,29268.00,29207.00,29228.00,17987
2026-09-01 15:00,29228.50,29241.50,29180.25,29183.75,13947
2026-09-01 15:15,29183.00,29233.25,29178.25,29232.50,10195
2026-09-01 15:30,29232.25,29291.25,29224.25,29287.75,14876
2026-09-01 15:45,29287.75,29317.75,29286.00,29296.25,13853
2026-09-01 16:00,29295.50,29300.75,29232.00,29232.25,11816
2026-09-01 16:15,29232.75,29236.25,29162.75,29176.75,20301
2026-09-01 16:30,29177.00,29184.50,29131.25,29138.00,15766
2026-09-01 16:45,29137.75,29197.25,29133.00,29191.75,9546
2026-09-01 17:00,29191.25,29191.75,29138.75,29156.25,9413
2026-09-01 17:15,29156.25,29163.75,29100.50,29141.75,10869
2026-09-01 17:30,29143.00,29161.75,29137.75,29151.50,6581
2026-09-01 17:45,29151.50,29153.25,29117.75,29140.75,7488
2026-09-01 18:00,29139.75,29151.50,29101.25,29102.25,7488
2026-09-01 18:15,29102.50,29118.50,29085.25,29094.25,9083
2026-09-01 18:30,29094.50,29097.25,29014.25,29014.50,13245
2026-09-01 18:45,29015.00,29081.25,29002.00,29076.00,14800
2026-09-01 19:00,29075.50,29121.50,29070.50,29120.00,10581
2026-09-01 19:15,29120.00,29129.25,29103.75,29127.25,8575
2026-09-01 19:30,29126.75,29128.25,29093.00,29117.75,9098
2026-09-01 19:45,29118.00,29141.00,29086.00,29126.00,29033
2026-09-01 20:00,29126.00,29158.00,29113.50,29135.00,11163
2026-09-01 20:15,29135.00,29159.00,29134.25,29136.75,2551
2026-09-01 20:30,29136.00,29155.25,29130.25,29147.25,1402
2026-09-01 20:45,29146.00,29147.50,29130.75,29139.00,1348
2026-09-01 22:00,29136.50,29149.00,29107.75,29110.00,605
2026-09-01 22:15,29110.50,29126.00,29102.25,29113.75,982
2026-09-01 22:30,29114.75,29121.00,29111.00,29117.25,541
2026-09-01 22:45,29116.75,29139.00,29114.25,29132.00,976
2026-09-01 23:00,29129.75,29135.50,29128.50,29129.00,334
2026-09-01 23:15,29129.25,29139.00,29119.00,29136.50,823
2026-09-01 23:30,29137.50,29144.75,29133.00,29140.25,697
2026-09-01 23:45,29141.75,29148.25,29131.25,29134.50,748
2026-09-02 00:00,29135.75,29144.75,29106.00,29130.75,2446
2026-09-02 00:15,29128.00,29170.00,29123.25,29126.00,3018
2026-09-02 00:30,29127.75,29148.75,29114.50,29140.25,1810
2026-09-02 00:45,29139.00,29145.00,29102.00,29104.00,1502
2026-09-02 01:00,29103.25,29127.25,29086.75,29097.75,2745
2026-09-02 01:15,29097.75,29129.50,29094.75,29115.00,1965
2026-09-02 01:30,29115.75,29122.75,29070.50,29074.75,2504
2026-09-02 01:45,29074.25,29078.50,29047.75,29075.50,2506
2026-09-02 02:00,29075.50,29077.00,29044.50,29065.00,1730
2026-09-02 02:15,29066.50,29100.00,29066.50,29085.50,1769
2026-09-02 02:30,29084.50,29084.75,29061.75,29082.75,1231
2026-09-02 02:45,29083.25,29092.25,29074.50,29084.25,977
2026-09-02 03:00,29086.50,29089.50,29058.75,29083.25,1301
2026-09-02 03:15,29083.00,29084.00,29068.00,29069.00,647
2026-09-02 03:30,29070.25,29073.00,29053.75,29056.00,1064
2026-09-02 03:45,29057.75,29065.00,29046.25,29054.00,676
2026-09-02 04:00,29054.75,29055.00,29035.50,29047.25,1216
2026-09-02 04:15,29045.75,29062.75,29044.25,29051.00,786
2026-09-02 04:30,29051.25,29062.50,29047.75,29054.00,689
2026-09-02 04:45,29054.75,29065.00,29051.00,29058.25,732
2026-09-02 05:00,29059.00,29071.75,29037.50,29066.25,1071
2026-09-02 05:15,29067.25,29092.00,29063.75,29091.25,1645
2026-09-02 05:30,29092.00,29104.25,29070.50,29099.25,1453
2026-09-02 05:45,29099.75,29101.50,29062.50,29073.00,1065
2026-09-02 06:00,29072.25,29080.50,29040.25,29049.25,1689
2026-09-02 06:15,29050.00,29055.00,29020.50,29023.50,1742
2026-09-02 06:30,29023.00,29098.25,29016.50,29073.75,2370
2026-09-02 06:45,29073.50,29080.00,29051.00,29077.25,1270
2026-09-02 07:00,29077.00,29120.75,29065.50,29103.25,2285
2026-09-02 07:15,29103.50,29117.00,29075.75,29094.50,1650
2026-09-02 07:30,29094.25,29101.00,29064.75,29070.75,1361
2026-09-02 07:45,29070.75,29078.25,29050.00,29061.75,1279
2026-09-02 08:00,29062.25,29097.25,29052.50,29073.75,1865
2026-09-02 08:15,29073.75,29088.00,29039.75,29053.50,1351
2026-09-02 08:30,29052.75,29068.75,29031.50,29035.75,1475
2026-09-02 08:45,29036.50,29037.25,28954.50,28977.75,3437
2026-09-02 09:00,28977.25,29027.50,28969.00,28969.25,2504
2026-09-02 09:15,28971.25,28995.00,28955.00,28978.25,2024
2026-09-02 09:30,28978.25,28981.50,28940.50,28948.75,2297
2026-09-02 09:45,28948.75,28974.50,28947.50,28973.25,1223
2026-09-02 10:00,28972.75,28979.50,28947.25,28978.00,1694
2026-09-02 10:15,28978.00,28996.00,28971.50,28985.75,1405
2026-09-02 10:30,28985.50,28989.25,28961.00,28966.50,1348
2026-09-02 10:45,28966.00,28988.75,28958.00,28988.00,1129
2026-09-02 11:00,28987.75,29021.75,28927.25,29016.50,5540
2026-09-02 11:15,29014.25,29035.75,28992.50,29023.00,3027
2026-09-02 11:30,29025.25,29059.50,29019.00,29029.75,2636
2026-09-02 11:45,29029.75,29084.50,29022.50,29084.50,2633
2026-09-02 12:00,29083.75,29124.00,29074.50,29121.50,4472
2026-09-02 12:15,29121.50,29149.50,29094.75,29108.00,5166
2026-09-02 12:30,29107.00,29110.25,29067.25,29069.75,3375
2026-09-02 12:45,29069.00,29071.25,29032.75,29040.00,3123
2026-09-02 13:00,29040.25,29070.50,29037.75,29067.50,3574
2026-09-02 13:15,29068.50,29115.25,29064.25,29098.50,5646
2026-09-02 13:30,29098.50,29119.00,29036.50,29091.00,33950
2026-09-02 13:45,29090.25,29112.50,29017.25,29062.25,25043
2026-09-02 14:00,29061.75,29128.25,29032.25,29127.25,22727
2026-09-02 14:15,29127.75,29193.00,29119.25,29187.25,21573
2026-09-02 14:30,29187.00,29213.00,29168.50,29201.50,16554
2026-09-02 14:45,29201.75,29202.50,29111.25,29120.25,14877
2026-09-02 15:00,29119.50,29168.50,29106.25,29158.25,15636
2026-09-02 15:15,29158.00,29208.50,29151.75,29205.25,10972
2026-09-02 15:30,29205.00,29208.50,29171.50,29182.25,11065
2026-09-02 15:45,29182.25,29190.75,29136.00,29185.25,11420
2026-09-02 16:00,29184.50,29198.50,29173.50,29186.75,6741
2026-09-02 16:15,29186.50,29186.75,29142.25,29151.75,7016
2026-09-02 16:30,29151.50,29175.25,29138.25,29139.00,7046
2026-09-02 16:45,29138.50,29168.25,29137.00,29155.00,5965
2026-09-02 17:00,29154.75,29182.50,29127.00,29145.25,8306
2026-09-02 17:15,29145.00,29154.50,29125.25,29150.75,6612
2026-09-02 17:30,29150.50,29158.75,29127.50,29158.75,7149
2026-09-02 17:45,29159.00,29173.75,29142.50,29158.75,7297
2026-09-02 18:00,29159.50,29166.00,29135.75,29147.00,7200
2026-09-02 18:15,29146.75,29199.75,29143.25,29159.25,9323
2026-09-02 18:30,29159.25,29175.00,29131.50,29136.75,6759
2026-09-02 18:45,29136.00,29154.25,29130.25,29145.50,5883
2026-09-02 19:00,29145.75,29172.00,29139.00,29165.50,5821
2026-09-02 19:15,29166.25,29170.75,29150.00,29167.25,5601
2026-09-02 19:30,29167.25,29177.50,29155.25,29175.00,6474
2026-09-02 19:45,29175.25,29197.25,29170.50,29190.25,17909
2026-09-02 20:00,29190.50,29212.00,29187.50,29194.25,6283
2026-09-02 20:15,29192.00,29193.75,29139.75,29156.25,4613
2026-09-02 20:30,29156.00,29163.25,29147.50,29148.00,1419
2026-09-02 20:45,29147.75,29164.00,29139.25,29141.00,1435
2026-09-02 22:00,29177.00,29188.75,29148.00,29185.75,831
2026-09-02 22:15,29184.75,29208.75,29178.00,29196.00,1352
2026-09-02 22:30,29196.00,29203.00,29192.00,29196.00,686
2026-09-02 22:45,29195.25,29195.50,29178.25,29180.50,712
2026-09-02 23:00,29180.75,29188.75,29170.75,29171.75,941
2026-09-02 23:15,29172.75,29180.00,29167.50,29179.00,839
2026-09-02 23:30,29180.00,29188.25,29175.00,29188.25,595
2026-09-02 23:45,29188.00,29213.00,29187.50,29201.25,1857
2026-09-03 00:00,29200.75,29201.75,29165.75,29169.25,2134
2026-09-03 00:15,29166.75,29168.25,29141.00,29156.25,2050
2026-09-03 00:30,29155.75,29162.00,29146.00,29156.50,907
2026-09-03 00:45,29155.75,29161.75,29146.75,29151.00,698
2026-09-03 01:00,29150.75,29186.75,29147.75,29183.25,1879
2026-09-03 01:15,29182.50,29200.75,29156.50,29174.75,2147
2026-09-03 01:30,29176.75,29199.25,29167.75,29169.00,1737
2026-09-03 01:45,29169.00,29175.75,29136.25,29137.50,1840
2026-09-03 02:00,29136.75,29188.00,29132.75,29182.50,2007
2026-09-03 02:15,29182.75,29195.00,29173.00,29188.50,1439
2026-09-03 02:30,29186.50,29199.00,29168.75,29173.00,999
2026-09-03 02:45,29173.25,29188.50,29167.50,29180.75,825
2026-09-03 03:00,29182.25,29204.50,29179.50,29203.25,1014
2026-09-03 03:15,29204.25,29234.00,29202.25,29219.75,2335
2026-09-03 03:30,29220.75,29233.75,29217.75,29227.50,828
2026-09-03 03:45,29227.00,29243.00,29220.25,29232.00,955
2026-09-03 04:00,29245.50,29255.00,29237.75,29247.00,1231
2026-09-03 04:15,29247.00,29249.25,29227.25,29227.75,787
2026-09-03 04:30,29227.75,29236.25,29214.75,29219.25,1120
2026-09-03 04:45,29218.75,29229.00,29204.50,29207.50,789
2026-09-03 05:00,29207.25,29208.50,29140.75,29149.00,2663
2026-09-03 05:15,29147.75,29148.50,29075.00,29104.00,5748
2026-09-03 05:30,29102.75,29152.00,29098.25,29143.00,3751
2026-09-03 05:45,29143.00,29188.75,29127.50,29188.75,2503
2026-09-03 06:00,29188.50,29203.25,29162.75,29170.00,2458
2026-09-03 06:15,29169.00,29180.25,29161.00,29177.25,1303
2026-09-03 06:30,29177.00,29187.50,29164.00,29181.50,1468
2026-09-03 06:45,29182.00,29182.75,29159.50,29174.25,896
2026-09-03 07:00,29173.25,29233.00,29160.00,29205.50,2748
2026-09-03 07:15,29204.75,29211.50,29178.50,29203.25,1455
2026-09-03 07:30,29202.50,29245.50,29192.00,29241.25,1963
2026-09-03 07:45,29240.75,29240.75,29182.75,29220.25,1795
2026-09-03 08:00,29220.25,29292.75,29213.25,29247.25,6533
2026-09-03 08:15,29247.00,29264.00,29232.75,29256.00,2414
2026-09-03 08:30,29257.25,29257.25,29226.75,29228.25,1598
2026-09-03 08:45,29229.50,29235.00,29215.00,29216.25,1133
2026-09-03 09:00,29218.50,29225.75,29211.00,29223.50,1073
2026-09-03 09:15,29223.50,29224.00,29187.75,29187.75,1233
2026-09-03 09:30,29187.25,29198.00,29169.25,29176.75,1331
2026-09-03 09:45,29176.25,29176.25,29126.50,29137.75,2134
2026-09-03 10:00,29138.00,29158.50,29120.25,29124.75,2035
2026-09-03 10:15,29125.50,29134.25,29119.25,29127.50,1809
2026-09-03 10:30,29127.00,29140.00,29105.50,29128.25,1628
2026-09-03 10:45,29128.00,29129.75,29108.00,29128.00,1182
2026-09-03 11:00,29129.00,29170.75,29106.25,29164.50,2819
2026-09-03 11:15,29164.00,29186.75,29156.50,29166.75,1855
2026-09-03 11:30,29167.00,29173.50,29111.25,29142.50,2554
2026-09-03 11:45,29142.25,29144.50,29101.00,29105.50,2857
2026-09-03 12:00,29105.50,29147.25,29104.00,29125.00,2609
2026-09-03 12:15,29125.50,29151.00,29105.75,29145.75,2848
2026-09-03 12:30,29144.75,29244.00,29144.00,29189.75,8722
2026-09-03 12:45,29189.00,29258.75,29185.00,29244.50,5560
2026-09-03 13:00,29243.75,29246.00,29194.25,29239.25,5887
2026-09-03 13:15,29239.50,29253.75,29200.50,29249.00,6147
2026-09-03 13:30,29249.50,29359.50,29199.50,29345.50,50045
2026-09-03 13:45,29345.25,29375.50,29296.75,29333.00,28771
2026-09-03 14:00,29331.75,29333.25,29241.75,29300.75,28219
2026-09-03 14:15,29301.00,29364.50,29295.75,29343.00,21724
2026-09-03 14:30,29343.00,29360.50,29273.25,29283.00,19623
2026-09-03 14:45,29283.00,29368.00,29246.50,29363.50,19617
2026-09-03 15:00,29363.25,29466.25,29362.25,29465.00,28039
2026-09-03 15:15,29464.75,29539.50,29453.75,29536.50,22898
2026-09-03 15:30,29536.00,29542.50,29503.50,29506.50,15942
2026-09-03 15:45,29506.75,29539.25,29504.00,29538.00,9257
2026-09-03 16:00,29538.75,29539.75,29503.00,29519.00,10916
2026-09-03 16:15,29519.50,29529.50,29489.25,29497.00,7906
2026-09-03 16:30,29497.00,29534.50,29483.00,29528.00,8827
2026-09-03 16:45,29528.00,29544.00,29516.50,29528.00,7336
2026-09-03 17:00,29528.25,29534.00,29486.75,29490.50,6740
2026-09-03 17:15,29491.25,29508.00,29476.00,29502.50,7009
2026-09-03 17:30,29502.75,29532.00,29502.25,29528.50,7294
2026-09-03 17:45,29529.00,29552.50,29521.75,29543.75,8213
2026-09-03 18:00,29551.50,29579.50,29551.50,29573.50,11657
2026-09-03 18:15,29573.75,29584.25,29564.75,29570.50,7285
2026-09-03 18:30,29571.00,29580.00,29559.50,29560.50,5625
2026-09-03 18:45,29560.75,29581.00,29559.50,29568.25,6121
2026-09-03 19:00,29568.25,29570.50,29532.75,29538.25,6890
2026-09-03 19:15,29538.25,29543.50,29526.00,29533.25,8677
2026-09-03 19:30,29533.25,29540.00,29521.75,29524.00,8391
2026-09-03 19:45,29524.25,29536.25,29509.25,29530.75,25371
2026-09-03 20:00,29530.75,29536.25,29507.00,29521.25,7018
2026-09-03 20:15,29521.50,29522.00,29505.00,29510.25,1535
2026-09-03 20:30,29510.25,29516.75,29508.00,29510.75,929
2026-09-03 20:45,29511.25,29512.75,29499.25,29502.25,1406
2026-09-03 22:00,29505.00,29509.00,29482.00,29485.25,539
2026-09-03 22:15,29485.50,29496.00,29484.75,29490.00,641
2026-09-03 22:30,29491.00,29498.50,29490.00,29494.25,442
2026-09-03 22:45,29495.75,29512.75,29493.50,29508.75,801
2026-09-03 23:00,29508.25,29511.50,29500.50,29503.25,648
2026-09-03 23:15,29503.00,29509.50,29498.25,29507.25,400
2026-09-03 23:30,29507.00,29511.00,29501.25,29505.00,281
2026-09-03 23:45,29506.50,29516.75,29502.25,29504.00,802
2026-09-04 00:00,29503.75,29520.50,29495.00,29509.75,1496
2026-09-04 00:15,29510.25,29529.00,29505.00,29527.50,1549
2026-09-04 00:30,29527.75,29533.50,29519.25,29532.50,1157
2026-09-04 00:45,29532.50,29542.25,29530.00,29530.75,1046
2026-09-04 01:00,29530.00,29532.75,29517.75,29522.75,1198
2026-09-04 01:15,29523.00,29542.75,29516.25,29540.75,1477
2026-09-04 01:30,29539.50,29547.75,29534.50,29545.00,965
2026-09-04 01:45,29545.25,29548.75,29523.25,29548.00,1454
2026-09-04 02:00,29547.75,29553.25,29537.25,29550.25,831
2026-09-04 02:15,29549.00,29556.25,29547.00,29555.00,537
2026-09-04 02:30,29555.75,29566.50,29544.00,29546.50,1307
2026-09-04 02:45,29546.50,29568.00,29545.25,29564.50,979
2026-09-04 03:00,29563.25,29566.50,29557.25,29560.50,504
2026-09-04 03:15,29560.25,29578.25,29559.75,29569.00,1147
2026-09-04 03:30,29569.50,29578.75,29566.75,29568.50,683
2026-09-04 03:45,29567.50,29573.25,29563.75,29571.50,449
2026-09-04 04:00,29564.25,29577.75,29563.00,29575.50,915
2026-09-04 04:15,29576.00,29595.00,29567.50,29593.00,1270
2026-09-04 04:30,29592.25,29601.25,29585.00,29588.00,918
2026-09-04 04:45,29588.50,29599.75,29583.25,29598.25,629
2026-09-04 05:00,29597.50,29623.50,29593.75,29621.50,1542
2026-09-04 05:15,29621.00,29643.00,29620.25,29622.75,1850
2026-09-04 05:30,29622.00,29625.25,29605.50,29608.50,1163
2026-09-04 05:45,29609.25,29622.00,29591.50,29620.75,1608
2026-09-04 06:00,29620.25,29643.75,29617.00,29642.25,1894
2026-09-04 06:15,29641.75,29642.25,29622.50,29631.25,1334
2026-09-04 06:30,29631.50,29633.00,29595.75,29604.00,1552
2026-09-04 06:45,29603.50,29604.00,29574.00,29576.75,1196
2026-09-04 07:00,29577.75,29623.75,29575.25,29620.00,1882
2026-09-04 07:15,29619.50,29637.25,29607.25,29636.25,1078
2026-09-04 07:30,29635.75,29653.00,29628.00,29646.75,1770
2026-09-04 07:45,29646.50,29658.25,29641.25,29652.25,1120
2026-09-04 08:00,29653.75,29669.25,29635.50,29650.25,2482
2026-09-04 08:15,29650.75,29672.00,29645.00,29668.50,1204
2026-09-04 08:30,29670.00,29673.00,29643.75,29658.50,1011
2026-09-04 08:45,29658.25,29664.75,29647.00,29658.50,954
2026-09-04 09:00,29657.50,29658.25,29625.25,29628.50,1184
2026-09-04 09:15,29629.75,29642.50,29616.50,29624.50,1115
2026-09-04 09:30,29625.75,29647.00,29618.50,29643.00,836
2026-09-04 09:45,29644.50,29661.75,29643.50,29657.25,967
2026-09-04 10:00,29656.75,29668.75,29653.25,29661.50,978
2026-09-04 10:15,29660.75,29686.00,29658.50,29678.50,1252
2026-09-04 10:30,29676.50,29683.75,29668.50,29679.50,849
2026-09-04 10:45,29680.00,29704.50,29675.75,29680.00,1377
2026-09-04 11:00,29681.50,29686.00,29650.75,29660.00,1460
2026-09-04 11:15,29660.50,29676.75,29655.50,29662.50,981
2026-09-04 11:30,29663.75,29676.25,29661.00,29671.25,1045
2026-09-04 11:45,29671.00,29690.00,29666.50,29683.25,1220
2026-09-04 12:00,29682.00,29686.25,29627.00,29643.25,3593
2026-09-04 12:15,29642.25,29694.00,29631.75,29674.25,2710
2026-09-04 12:30,29674.50,29693.75,29531.25,29557.75,14727
2026-09-04 12:45,29557.25,29557.75,29502.00,29546.50,8906
2026-09-04 13:00,29547.00,29556.75,29523.00,29548.25,5677
2026-09-04 13:15,29548.25,29591.00,29546.75,29588.00,7106
2026-09-04 13:30,29588.75,29647.00,29554.50,29616.50,39323
2026-09-04 13:45,29616.25,29691.75,29577.50,29691.00,24421
2026-09-04 14:00,29690.50,29691.00,29594.00,29648.50,23351
2026-09-04 14:15,29648.00,29649.75,29564.75,29595.50,22946
2026-09-04 14:30,29596.25,29598.25,29531.00,29533.50,19318
2026-09-04 14:45,29533.25,29544.25,29498.75,29521.00,19000
2026-09-04 15:00,29520.00,29541.25,29497.25,29540.50,15497
2026-09-04 15:15,29540.75,29543.00,29484.25,29506.75,14642
2026-09-04 15:30,29506.75,29524.50,29478.00,29520.50,11585
2026-09-04 15:45,29520.00,29522.25,29487.00,29515.00,10109
2026-09-04 16:00,29514.75,29554.25,29505.00,29547.75,9821
2026-09-04 16:15,29548.00,29565.25,29536.00,29554.00,8203
2026-09-04 16:30,29554.50,29574.00,29548.75,29568.00,7902
2026-09-04 16:45,29568.25,29595.75,29565.00,29576.00,9365
2026-09-04 17:00,29576.25,29580.50,29531.75,29535.25,8913
2026-09-04 17:15,29534.75,29543.50,29504.25,29508.00,7826
2026-09-04 17:30,29508.00,29508.50,29474.75,29478.25,9541
2026-09-04 17:45,29479.00,29498.25,29468.00,29491.75,9201
2026-09-04 18:00,29491.50,29497.75,29471.25,29489.00,7883
2026-09-04 18:15,29488.25,29514.50,29484.50,29511.00,7236
2026-09-04 18:30,29511.00,29524.50,29504.00,29520.75,7237
2026-09-04 18:45,29521.25,29542.50,29520.00,29538.75,6053
2026-09-04 19:00,29538.75,29544.00,29506.75,29511.25,7339
2026-09-04 19:15,29511.00,29531.25,29510.50,29526.50,5268
2026-09-04 19:30,29526.50,29547.50,29519.25,29541.00,7602
2026-09-04 19:45,29540.75,29586.50,29540.00,29569.25,25230
2026-09-04 20:00,29568.75,29569.00,29529.50,29541.25,7731
2026-09-04 20:15,29541.25,29543.25,29529.75,29531.50,1193
2026-09-04 20:30,29531.75,29532.00,29514.50,29530.75,2127
2026-09-04 20:45,29530.50,29565.25,29519.50,29565.25,1972
2026-09-08 04:00,29742.75,29749.75,29730.50,29740.25,1491
2026-09-08 04:15,29739.75,29752.00,29734.00,29745.50,986
2026-09-08 04:30,29746.25,29764.00,29728.25,29758.75,1947
2026-09-08 04:45,29758.25,29764.75,29731.00,29737.25,1637
2026-09-08 05:00,29738.50,29739.75,29680.00,29683.50,2979
2026-09-08 05:15,29685.50,29733.25,29675.00,29678.75,2838
2026-09-08 05:30,29679.50,29685.25,29631.75,29636.75,4015
2026-09-08 05:45,29636.50,29647.50,29610.00,29612.25,2735
2026-09-08 06:00,29612.25,29622.25,29581.75,29591.00,3744
2026-09-08 06:15,29588.75,29591.75,29545.50,29576.25,3484
2026-09-08 06:30,29576.25,29613.50,29558.25,29608.00,3354
2026-09-08 06:45,29608.75,29620.25,29580.50,29600.25,2262
2026-09-08 07:00,29601.00,29638.75,29586.50,29609.50,3026
2026-09-08 07:15,29609.50,29628.75,29595.50,29623.75,2142
2026-09-08 07:30,29622.75,29624.50,29550.00,29562.50,2778
2026-09-08 07:45,29564.50,29566.75,29529.75,29535.50,1918
2026-09-08 08:00,29534.50,29541.25,29477.75,29512.50,5838
2026-09-08 08:15,29512.75,29530.25,29496.00,29499.75,2654
2026-09-08 08:30,29499.50,29525.75,29490.50,29502.00,1795
2026-09-08 08:45,29502.25,29533.00,29489.50,29507.00,2256
2026-09-08 09:00,29507.00,29546.25,29484.50,29545.75,1897
2026-09-08 09:15,29544.00,29549.25,29528.75,29547.75,1041
2026-09-08 09:30,29549.25,29587.00,29542.75,29568.00,2563
2026-09-08 09:45,29568.00,29600.50,29566.75,29599.75,1373
2026-09-08 10:00,29600.00,29600.00,29572.75,29584.50,1271
2026-09-08 10:15,29584.25,29649.00,29583.25,29607.75,3085
2026-09-08 10:30,29607.75,29608.25,29581.75,29592.75,1315
2026-09-08 10:45,29591.25,29592.50,29546.50,29568.00,2462
2026-09-08 11:00,29568.50,29583.75,29533.50,29547.00,2800
2026-09-08 11:15,29546.75,29576.50,29545.00,29562.25,1497
2026-09-08 11:30,29563.00,29575.50,29546.00,29547.00,1315
2026-09-08 11:45,29547.00,29601.75,29538.50,29601.00,2632
2026-09-08 12:00,29601.00,29601.00,29551.25,29555.00,2365
2026-09-08 12:15,29555.75,29595.50,29548.00,29595.50,2213
2026-09-08 12:30,29595.25,29627.00,29591.00,29615.00,3354
2026-09-08 12:45,29615.00,29654.75,29604.25,29654.00,3290
2026-09-08 13:00,29653.75,29660.00,29634.50,29658.50,3917
2026-09-08 13:15,29659.00,29668.25,29635.75,29644.50,6397
2026-09-08 13:30,29644.75,29686.50,29467.00,29474.00,45143
2026-09-08 13:45,29474.25,29538.50,29455.25,29502.75,31715
2026-09-08 14:00,29503.25,29512.50,29424.75,29462.50,28576
2026-09-08 14:15,29462.25,29524.75,29458.50,29516.75,18722
2026-09-08 14:30,29516.00,29538.00,29490.00,29530.00,13197
2026-09-08 14:45,29530.75,29563.50,29511.75,29563.00,14530
2026-09-08 15:00,29563.00,29610.00,29545.50,29602.75,13383
2026-09-08 15:15,29603.00,29639.50,29581.00,29609.00,16824
2026-09-08 15:30,29609.25,29645.25,29595.50,29641.50,10839
2026-09-08 15:45,29641.50,29644.00,29599.00,29604.25,10439
2026-09-08 16:00,29604.25,29622.00,29577.50,29589.50,9086
2026-09-08 16:15,29588.75,29604.50,29562.50,29567.75,9316
2026-09-08 16:30,29568.50,29584.50,29561.75,29575.50,7430
2026-09-08 16:45,29575.00,29609.25,29549.50,29573.50,11756
2026-09-08 17:00,29572.75,29641.50,29572.00,29628.75,9500
2026-09-08 17:15,29628.00,29633.50,29606.25,29615.75,6074
2026-09-08 17:30,29616.50,29632.50,29598.00,29599.50,5980
2026-09-08 17:45,29600.00,29613.25,29588.75,29590.00,5487
2026-09-08 18:00,29590.50,29613.50,29587.00,29605.25,6458
2026-09-08 18:15,29605.00,29615.50,29588.50,29597.00,5927
2026-09-08 18:30,29597.25,29604.50,29578.00,29602.75,6675
2026-09-08 18:45,29603.25,29611.00,29519.75,29576.25,18210
2026-09-08 19:00,29576.25,29586.25,29560.25,29574.75,7640
2026-09-08 19:15,29575.00,29579.25,29544.75,29564.00,6137
2026-09-08 19:30,29564.50,29566.25,29543.50,29549.00,6263
2026-09-08 19:45,29549.00,29552.75,29496.00,29543.50,31208
2026-09-08 20:00,29543.00,29550.75,29506.00,29524.25,8338
2026-09-08 20:15,29524.25,29528.25,29506.50,29507.75,2745
2026-09-08 20:30,29507.50,29524.75,29503.50,29521.25,1518
2026-09-08 20:45,29522.00,29527.25,29518.50,29525.75,921
2026-09-08 22:00,29526.50,29539.25,29503.00,29521.75,553
2026-09-08 22:15,29521.75,29529.00,29508.00,29521.50,1103
2026-09-08 22:30,29522.25,29530.00,29516.00,29527.50,592
2026-09-08 22:45,29527.50,29547.00,29526.75,29544.75,808
2026-09-08 23:00,29544.50,29546.50,29529.50,29531.50,674
2026-09-08 23:15,29531.25,29531.25,29513.00,29516.75,1054
2026-09-08 23:30,29515.75,29519.25,29501.50,29506.25,898
2026-09-08 23:45,29507.00,29512.00,29489.75,29498.50,1903
2026-09-09 00:00,29500.75,29561.75,29499.50,29539.00,3605
2026-09-09 00:15,29539.75,29539.75,29516.00,29525.25,2326
2026-09-09 00:30,29523.75,29540.00,29509.00,29537.75,1869
2026-09-09 00:45,29538.25,29564.00,29532.25,29559.75,1968
2026-09-09 01:00,29559.75,29581.00,29555.75,29574.50,2427
2026-09-09 01:15,29575.25,29599.50,29569.50,29590.00,2803
2026-09-09 01:30,29589.75,29607.50,29577.50,29593.25,2184
2026-09-09 01:45,29593.25,29608.50,29581.50,29593.25,1520
2026-09-09 02:00,29593.50,29612.50,29589.00,29594.25,1617
2026-09-09 02:15,29594.50,29604.25,29583.25,29601.00,1319
2026-09-09 02:30,29601.50,29624.75,29596.75,29620.75,1883
2026-09-09 02:45,29620.25,29625.50,29606.25,29611.00,1034
2026-09-09 03:00,29611.50,29613.75,29583.75,29591.00,1779
2026-09-09 03:15,29590.50,29603.50,29589.00,29596.50,1130
2026-09-09 03:30,29597.75,29604.25,29587.00,29591.00,932
2026-09-09 03:45,29589.25,29591.50,29560.50,29566.75,1754
2026-09-09 04:00,29577.00,29578.25,29549.00,29557.00,2475
2026-09-09 04:15,29556.50,29593.00,29553.50,29581.25,1562
2026-09-09 04:30,29580.25,29607.00,29573.00,29603.75,1171
2026-09-09 04:45,29604.25,29620.25,29600.00,29614.00,1128
2026-09-09 05:00,29614.50,29616.25,29597.00,29605.50,1020
2026-09-09 05:15,29604.75,29604.75,29565.75,29580.25,1913
2026-09-09 05:30,29580.75,29592.00,29562.00,29576.50,1459
2026-09-09 05:45,29578.75,29621.50,29573.75,29621.25,1350
2026-09-09 06:00,29621.75,29632.25,29604.25,29629.25,2101
2026-09-09 06:15,29629.25,29633.75,29586.50,29593.75,1502
2026-09-09 06:30,29592.75,29614.00,29588.00,29611.75,1307
2026-09-09 06:45,29612.25,29612.50,29578.00,29579.50,1568
2026-09-09 07:00,29581.50,29611.50,29561.25,29572.25,2538
2026-09-09 07:15,29572.25,29613.00,29558.00,29612.25,2563
2026-09-09 07:30,29611.75,29614.00,29590.00,29594.25,1271
2026-09-09 07:45,29596.25,29597.00,29565.25,29588.00,1471
2026-09-09 08:00,29589.50,29609.00,29576.00,29582.25,2113
2026-09-09 08:15,29583.00,29594.25,29566.75,29587.75,1360
2026-09-09 08:30,29585.75,29592.75,29540.25,29541.75,2314
2026-09-09 08:45,29543.00,29571.75,29538.75,29564.75,1396
2026-09-09 09:00,29565.00,29575.00,29532.50,29550.50,1681
2026-09-09 09:15,29550.50,29557.00,29514.50,29528.50,1534
2026-09-09 09:30,29528.50,29539.25,29471.25,29479.00,2733
2026-09-09 09:45,29479.00,29485.50,29388.75,29400.50,5235
2026-09-09 10:00,29401.00,29424.75,29371.75,29395.75,4925
2026-09-09 10:15,29395.00,29432.25,29381.75,29419.00,2949
2026-09-09 10:30,29417.75,29432.00,29396.25,29397.50,2187
2026-09-09 10:45,29397.50,29405.00,29368.25,29391.50,3347
2026-09-09 11:00,29392.00,29430.25,29378.00,29407.25,3025
2026-09-09 11:15,29409.50,29430.50,29377.75,29418.50,2617
2026-09-09 11:30,29418.00,29419.25,29376.50,29377.50,2329
2026-09-09 11:45,29378.50,29452.00,29376.75,29396.75,5289
2026-09-09 12:00,29397.00,29400.50,29334.75,29337.00,5045
2026-09-09 12:15,29337.25,29366.50,29333.00,29351.75,3472
2026-09-09 12:30,29351.75,29384.25,29343.50,29381.75,3349
2026-09-09 12:45,29381.25,29404.00,29381.25,29390.50,3128
2026-09-09 13:00,29390.75,29408.50,29382.50,29403.75,3454
2026-09-09 13:15,29403.00,29458.50,29398.75,29454.50,6281
2026-09-09 13:30,29455.00,29503.75,29418.25,29478.75,36955
2026-09-09 13:45,29479.00,29567.25,29456.50,29558.50,27028
2026-09-09 14:00,29558.25,29593.75,29531.25,29562.25,21641
2026-09-09 14:15,29561.25,29561.75,29459.50,29535.50,27186
2026-09-09 14:30,29535.00,29543.50,29494.25,29537.50,14406
2026-09-09 14:45,29537.25,29541.75,29500.00,29528.25,11814
2026-09-09 15:00,29528.75,29562.25,29386.25,29399.00,29108
2026-09-09 15:15,29398.50,29454.50,29358.00,29390.50,22554
2026-09-09 15:30,29390.25,29482.50,29388.00,29438.00,20658
2026-09-09 15:45,29438.75,29467.00,29424.25,29448.00,9994
2026-09-09 16:00,29448.25,29462.00,29410.75,29414.75,8942
2026-09-09 16:15,29414.25,29416.75,29386.75,29399.50,9019
2026-09-09 16:30,29399.75,29455.50,29397.75,29455.00,9217
2026-09-09 16:45,29454.75,29478.00,29441.00,29458.00,9482
2026-09-09 17:00,29457.50,29482.50,29446.00,29476.25,9152
2026-09-09 17:15,29476.50,29483.75,29449.50,29450.25,6191
2026-09-09 17:30,29450.75,29462.00,29428.25,29455.25,6494
2026-09-09 17:45,29455.75,29483.50,29455.75,29468.75,5782
2026-09-09 18:00,29468.25,29471.75,29441.25,29442.25,4707
2026-09-09 18:15,29441.25,29462.25,29436.75,29453.50,6502
2026-09-09 18:30,29453.50,29469.50,29445.75,29466.75,5200
2026-09-09 18:45,29466.25,29474.00,29446.25,29447.50,6021
2026-09-09 19:00,29448.00,29455.25,29430.50,29449.00,6210
2026-09-09 19:15,29449.50,29471.25,29449.50,29451.50,4566
2026-09-09 19:30,29452.25,29457.50,29436.75,29447.00,5669
2026-09-09 19:45,29447.25,29458.50,29423.25,29454.50,20836
2026-09-09 20:00,29455.00,29459.25,29428.75,29451.25,8267
2026-09-09 20:15,29451.50,29454.75,29448.25,29450.00,1305
2026-09-09 20:30,29449.75,29459.00,29447.25,29454.50,1121
2026-09-09 20:45,29455.00,29460.00,29449.00,29460.00,1163
2026-09-09 22:00,29458.50,29472.75,29425.50,29428.75,795
2026-09-09 22:15,29428.75,29434.00,29423.75,29429.00,645
2026-09-09 22:30,29429.50,29437.50,29428.75,29433.75,309
2026-09-09 22:45,29434.00,29438.00,29425.75,29431.50,354
2026-09-09 23:00,29430.50,29432.75,29419.25,29422.00,558
2026-09-09 23:15,29421.25,29435.00,29416.25,29427.50,762
2026-09-09 23:30,29428.75,29431.50,29425.00,29429.75,290
2026-09-09 23:45,29432.00,29470.75,29428.25,29463.50,1763
2026-09-10 00:00,29464.50,29480.25,29440.75,29449.50,2379
2026-09-10 00:15,29449.75,29477.75,29448.50,29473.75,1983
2026-09-10 00:30,29474.00,29475.75,29441.75,29456.50,1591
2026-09-10 00:45,29456.25,29456.25,29408.00,29412.00,2633
2026-09-10 01:00,29413.50,29426.25,29389.00,29399.75,2762
2026-09-10 01:15,29400.25,29415.25,29372.50,29375.75,2836
2026-09-10 01:30,29374.25,29404.25,29364.00,29400.50,2338
2026-09-10 01:45,29399.75,29417.25,29385.00,29410.50,2270
2026-09-10 02:00,29411.00,29412.00,29376.25,29395.50,1769
2026-09-10 02:15,29395.50,29396.25,29373.00,29378.50,1211
2026-09-10 02:30,29379.00,29422.25,29376.00,29414.75,1487
2026-09-10 02:45,29413.75,29423.25,29406.25,29418.25,1092
2026-09-10 03:00,29418.75,29437.00,29416.75,29420.50,1287
2026-09-10 03:15,29420.50,29428.75,29388.25,29405.25,1544
2026-09-10 03:30,29404.75,29416.00,29392.25,29413.00,1010
2026-09-10 03:45,29415.00,29431.00,29411.75,29424.50,1010
2026-09-10 04:00,29427.25,29431.25,29423.00,29428.00,1087
2026-09-10 04:15,29428.25,29437.50,29423.50,29434.50,688
2026-09-10 04:30,29433.75,29447.25,29431.00,29434.75,892
2026-09-10 04:45,29434.25,29462.50,29432.50,29458.75,1230
2026-09-10 05:00,29459.50,29469.75,29448.50,29461.75,1172
2026-09-10 05:15,29460.50,29493.50,29454.75,29490.25,1711
2026-09-10 05:30,29491.00,29498.50,29481.00,29487.50,1107
2026-09-10 05:45,29487.50,29508.25,29465.00,29484.75,1546
2026-09-10 06:00,29484.00,29492.50,29453.25,29455.50,1752
2026-09-10 06:15,29455.75,29473.00,29435.25,29472.00,2145
2026-09-10 06:30,29473.50,29488.75,29468.50,29479.00,1194
2026-09-10 06:45,29479.75,29491.25,29466.75,29476.25,1153
2026-09-10 07:00,29476.75,29478.25,29450.75,29470.00,1378
2026-09-10 07:15,29471.00,29473.00,29433.00,29435.25,1187
2026-09-10 07:30,29434.75,29445.50,29417.25,29444.75,1630
2026-09-10 07:45,29443.75,29455.50,29436.50,29445.00,1182
2026-09-10 08:00,29443.75,29460.25,29431.00,29432.25,1751
2026-09-10 08:15,29433.50,29453.25,29424.50,29449.50,1166
2026-09-10 08:30,29449.00,29457.00,29413.00,29416.75,1772
2026-09-10 08:45,29417.75,29428.00,29405.25,29414.00,1150
2026-09-10 09:00,29412.50,29431.00,29406.75,29415.50,1023
2026-09-10 09:15,29416.75,29419.75,29392.50,29397.00,986
2026-09-10 09:30,29395.50,29396.00,29359.25,29391.75,2165
2026-09-10 09:45,29390.75,29420.00,29390.75,29406.50,1541
2026-09-10 10:00,29405.75,29418.00,29388.75,29396.50,1181
2026-09-10 10:15,29394.50,29409.75,29385.25,29391.00,1103
2026-09-10 10:30,29391.00,29404.50,29363.50,29392.25,1627
2026-09-10 10:45,29392.00,29423.75,29363.75,29376.00,2770
2026-09-10 11:00,29375.00,29376.00,29326.75,29343.25,3346
2026-09-10 11:15,29343.25,29349.25,29331.50,29336.00,1433
2026-09-10 11:30,29337.50,29364.00,29335.75,29345.75,1684
2026-09-10 11:45,29345.50,29352.50,29262.75,29264.50,4912
2026-09-10 12:00,29264.25,29278.25,29232.75,29258.25,5268
2026-09-10 12:15,29260.00,29262.75,29211.00,29237.50,4927
2026-09-10 12:30,29229.00,29251.75,29082.00,29102.50,18568
2026-09-10 12:45,29103.75,29106.00,29043.25,29056.50,11700
2026-09-10 13:00,29058.00,29098.25,29054.75,29068.75,9849
2026-09-10 13:15,29069.00,29090.25,29043.75,29089.00,9832
2026-09-10 13:30,29089.50,29200.00,29057.50,29138.00,52805
2026-09-10 13:45,29138.25,29203.25,29088.50,29099.75,31742
2026-09-10 14:00,29099.50,29178.75,29097.25,29139.75,26217
2026-09-10 14:15,29139.50,29263.00,29111.00,29205.75,33846
2026-09-10 14:30,29206.25,29275.00,29204.75,29237.25,20410
2026-09-10 14:45,29236.00,29264.75,29210.00,29263.25,16357
2026-09-10 15:00,29263.25,29265.00,29214.00,29243.75,15905
2026-09-10 15:15,29243.25,29256.00,29197.50,29236.00,13370
2026-09-10 15:30,29236.75,29272.75,29217.25,29251.50,12113
2026-09-10 15:45,29251.25,29256.75,29186.00,29205.00,13120
2026-09-10 16:00,29205.00,29231.50,29165.75,29181.25,11228
2026-09-10 16:15,29180.50,29202.00,29161.75,29177.00,8828
2026-09-10 16:30,29176.75,29215.75,29133.75,29208.00,15246
2026-09-10 16:45,29208.25,29242.75,29204.50,29232.50,11689
2026-09-10 17:00,29232.75,29267.50,29212.75,29225.50,10304
2026-09-10 17:15,29225.75,29233.00,29199.50,29209.25,6619
2026-09-10 17:30,29209.00,29214.75,29175.50,29202.50,7966
2026-09-10 17:45,29202.50,29205.25,29183.25,29186.00,5869
2026-09-10 18:00,29186.25,29199.75,29148.25,29159.75,9493
2026-09-10 18:15,29159.75,29180.25,29148.75,29158.50,7333
2026-09-10 18:30,29157.75,29176.25,29146.25,29173.50,5922
2026-09-10 18:45,29173.00,29199.00,29151.00,29174.25,9311
2026-09-10 19:00,29174.25,29176.00,29141.00,29156.50,10062
2026-09-10 19:15,29157.25,29164.50,29136.00,29160.00,6704
2026-09-10 19:30,29158.75,29169.25,29144.25,29158.00,7614
2026-09-10 19:45,29158.00,29168.50,29123.25,29138.00,25539
2026-09-10 20:00,29138.25,29156.75,29123.00,29153.25,7101
2026-09-10 20:15,29153.75,29156.00,29142.25,29144.50,1936
2026-09-10 20:30,29145.50,29153.00,29144.25,29151.50,1115
2026-09-10 20:45,29152.00,29154.50,29128.00,29143.25,1347
2026-09-10 22:00,29141.00,29156.75,29134.50,29143.25,678
2026-09-10 22:15,29144.50,29157.50,29117.25,29118.00,1395
2026-09-10 22:30,29117.25,29122.75,29104.25,29105.50,1317
2026-09-10 22:45,29105.75,29116.25,29098.75,29107.50,1097
2026-09-10 23:00,29106.25,29115.00,29100.00,29109.50,775
2026-09-10 23:15,29110.25,29111.50,29096.75,29102.75,610
2026-09-10 23:30,29103.00,29111.50,29097.75,29106.75,755
2026-09-10 23:45,29105.75,29107.00,29062.50,29064.75,2087
2026-09-11 00:00,29065.00,29127.75,29063.25,29108.50,3516
2026-09-11 00:15,29109.75,29144.75,29095.00,29138.50,2341
2026-09-11 00:30,29138.25,29166.25,29118.00,29123.75,3102
2026-09-11 00:45,29124.50,29163.50,29123.50,29161.00,1308
2026-09-11 01:00,29159.75,29171.50,29146.50,29148.25,1983
2026-09-11 01:15,29149.50,29150.00,29124.75,29125.50,1687
2026-09-11 01:30,29126.50,29138.25,29109.00,29118.50,1674
2026-09-11 01:45,29119.75,29130.00,29103.50,29128.75,1473
2026-09-11 02:00,29129.50,29138.50,29120.75,29131.75,1390
2026-09-11 02:15,29131.25,29132.00,29098.50,29107.25,1841
2026-09-11 02:30,29107.25,29109.25,29082.25,29086.50,1795
2026-09-11 02:45,29086.25,29111.50,29083.25,29093.25,1396
2026-09-11 03:00,29092.00,29096.75,29061.75,29076.00,1704
2026-09-11 03:15,29076.75,29084.00,29062.75,29071.25,1167
2026-09-11 03:30,29071.50,29089.50,29048.50,29085.50,2214
2026-09-11 03:45,29086.50,29088.25,29050.75,29070.00,1509
2026-09-11 04:00,29082.25,29094.75,29055.25,29093.25,3518
2026-09-11 04:15,29093.75,29126.50,29075.75,29123.75,1890
2026-09-11 04:30,29124.25,29140.25,29116.75,29137.00,1403
2026-09-11 04:45,29137.75,29151.50,29120.75,29125.00,1484
2026-09-11 05:00,29124.50,29161.25,29119.50,29158.25,1830
2026-09-11 05:15,29159.00,29165.00,29130.00,29134.00,1271
2026-09-11 05:30,29134.00,29195.25,29133.75,29191.00,2082
2026-09-11 05:45,29191.00,29242.75,29176.50,29233.25,2927
2026-09-11 06:00,29233.00,29248.50,29216.00,29244.25,2304
2026-09-11 06:15,29245.00,29252.00,29222.25,29224.50,1659
2026-09-11 06:30,29225.25,29239.00,29215.50,29228.50,1671
2026-09-11 06:45,29228.50,29261.50,29228.50,29255.00,1685
2026-09-11 07:00,29254.25,29268.75,29249.25,29257.00,1668
2026-09-11 07:15,29258.75,29264.00,29235.75,29235.75,1326
2026-09-11 07:30,29235.75,29247.50,29229.00,29235.25,1158
2026-09-11 07:45,29235.25,29245.75,29225.00,29242.50,1051
2026-09-11 08:00,29242.50,29272.00,29224.50,29244.75,2658
2026-09-11 08:15,29245.00,29318.00,29239.25,29269.75,3568
2026-09-11 08:30,29271.00,29313.75,29270.75,29289.75,1658
2026-09-11 08:45,29291.50,29326.00,29287.00,29322.75,1708
2026-09-11 09:00,29324.25,29334.00,29292.50,29294.25,2034
2026-09-11 09:15,29293.00,29315.25,29289.50,29304.00,1227
2026-09-11 09:30,29304.75,29315.50,29301.75,29308.00,657
2026-09-11 09:45,29307.75,29326.50,29303.75,29319.00,730
2026-09-11 10:00,29319.25,29339.75,29285.25,29326.25,2190
2026-09-11 10:15,29326.50,29329.75,29307.75,29314.25,1087
2026-09-11 10:30,29314.25,29328.75,29309.50,29315.75,901
2026-09-11 10:45,29316.00,29318.25,29305.50,29309.25,898
2026-09-11 11:00,29310.50,29315.00,29289.50,29293.50,1506
2026-09-11 11:15,29294.25,29324.75,29290.25,29312.75,1444
2026-09-11 11:30,29313.00,29332.25,29296.75,29330.25,1820
2026-09-11 11:45,29330.25,29337.50,29319.50,29323.25,1232
2026-09-11 12:00,29324.25,29336.75,29304.00,29323.75,2500
2026-09-11 12:15,29324.25,29399.00,29318.50,29389.75,4695
2026-09-11 12:30,29385.00,29399.50,29204.00,29356.50,18293
2026-09-11 12:45,29357.25,29475.75,29343.00,29469.50,10694
2026-09-11 13:00,29468.75,29500.25,29434.75,29443.50,10463
2026-09-11 13:15,29442.75,29452.25,29414.75,29418.00,7660
2026-09-11 13:30,29417.50,29440.00,29347.25,29433.75,51191
2026-09-11 13:45,29434.00,29480.75,29379.25,29472.75,32010
2026-09-11 14:00,29473.00,29473.25,29365.00,29397.75,32699
2026-09-11 14:15,29397.00,29467.50,29373.25,29451.00,18434
2026-09-11 14:30,29451.25,29455.25,29353.25,29372.00,22399
2026-09-11 14:45,29372.75,29401.00,29334.00,29369.75,24267
2026-09-11 15:00,29370.75,29432.50,29361.00,29393.50,15789
2026-09-11 15:15,29393.75,29493.25,29393.75,29485.00,15916
2026-09-11 15:30,29485.25,29499.75,29462.75,29478.00,11918
2026-09-11 15:45,29478.25,29478.75,29441.25,29450.00,10471
2026-09-11 16:00,29450.25,29485.25,29445.00,29448.00,8772
2026-09-11 16:15,29447.75,29452.25,29397.75,29402.75,11882
2026-09-11 16:30,29402.00,29441.50,29392.00,29432.00,12823
2026-09-11 16:45,29431.25,29437.75,29413.25,29436.75,5784
2026-09-11 17:00,29437.00,29464.75,29435.75,29437.50,9709
2026-09-11 17:15,29438.25,29479.00,29438.00,29463.50,7940
2026-09-11 17:30,29463.25,29478.00,29457.50,29462.25,6671
2026-09-11 17:45,29462.50,29468.50,29447.75,29452.50,4793
2026-09-11 18:00,29452.25,29460.50,29437.50,29441.00,5115
2026-09-11 18:15,29441.50,29446.75,29417.00,29441.50,11453
2026-09-11 18:30,29442.00,29459.00,29432.00,29437.75,5654
2026-09-11 18:45,29438.00,29444.75,29425.75,29429.50,6563
2026-09-11 19:00,29429.50,29433.25,29405.25,29416.00,7377
2026-09-11 19:15,29415.00,29427.50,29411.50,29415.00,6962
2026-09-11 19:30,29414.25,29427.00,29411.50,29424.00,6461
2026-09-11 19:45,29423.75,29428.50,29378.75,29386.50,26741
2026-09-11 20:00,29386.75,29393.00,29376.25,29381.25,7496
2026-09-11 20:15,29381.50,29387.25,29376.50,29384.50,1089
2026-09-11 20:30,29384.75,29396.50,29384.25,29389.25,1488
2026-09-11 20:45,29389.25,29397.50,29383.25,29387.00,1163
2026-09-13 22:00,29002.50,29028.00,28993.00,29025.50,894
2026-09-13 22:15,29023.50,29086.00,29013.00,29083.75,3502
2026-09-13 22:30,29081.00,29104.00,29073.00,29075.50,2622
2026-09-13 22:45,29075.75,29086.25,29065.50,29068.50,1231
2026-09-13 23:00,29069.00,29076.00,29055.50,29063.00,915
2026-09-13 23:15,29062.75,29099.50,29060.75,29096.75,963
2026-09-13 23:30,29096.00,29101.50,29031.00,29038.75,1747
2026-09-13 23:45,29038.50,29038.50,29010.00,29017.50,1625
2026-09-14 00:00,29016.25,29075.25,29016.25,29056.25,2649
2026-09-14 00:15,29056.75,29064.50,29005.00,29015.00,3055
2026-09-14 00:30,29013.50,29037.00,29008.75,29036.25,1259
2026-09-14 00:45,29036.50,29046.50,29013.75,29014.50,1603
2026-09-14 01:00,29015.00,29038.75,29000.25,29012.00,1841
2026-09-14 01:15,29011.00,29021.00,28999.25,29017.75,1211
2026-09-14 01:30,29018.00,29037.75,29003.25,29025.75,1334
2026-09-14 01:45,29027.00,29074.75,29027.00,29068.25,1835
2026-09-14 02:00,29068.00,29080.75,29054.00,29071.50,1528
2026-09-14 02:15,29070.75,29075.00,29059.50,29066.00,735
2026-09-14 02:30,29062.75,29074.50,29040.75,29050.00,1315
2026-09-14 02:45,29047.25,29070.00,29047.00,29053.50,800
2026-09-14 03:00,29052.75,29059.25,29028.00,29031.00,1438
2026-09-14 03:15,29029.75,29038.00,29008.25,29026.50,1615
2026-09-14 03:30,29026.50,29027.00,29010.00,29015.50,799
2026-09-14 03:45,29016.00,29025.50,29009.75,29015.00,617
2026-09-14 04:00,29016.75,29036.25,29010.00,29011.50,1080
2026-09-14 04:15,29010.75,29022.75,29002.25,29018.00,774
2026-09-14 04:30,29018.00,29023.75,29001.50,29008.50,874
2026-09-14 04:45,29009.75,29033.75,29009.75,29015.00,793
2026-09-14 05:00,29015.00,29025.00,29008.50,29016.50,471
2026-09-14 05:15,29018.25,29019.50,29000.00,29010.50,551
2026-09-14 05:30,29011.50,29019.50,28986.50,28996.50,1254
2026-09-14 05:45,28997.75,29016.00,28989.00,29013.25,853
2026-09-14 06:00,29014.50,29037.50,29009.00,29028.75,1451
2026-09-14 06:15,29027.50,29035.00,29013.50,29032.00,1007
2026-09-14 06:30,29031.00,29033.75,28997.75,29009.25,1257
2026-09-14 06:45,29011.50,29017.00,28973.50,28976.50,1416
2026-09-14 07:00,28977.50,28982.50,28937.50,28974.00,2610
2026-09-14 07:15,28973.75,28991.50,28948.50,28951.00,1344
2026-09-14 07:30,28950.00,28959.50,28925.00,28930.75,1507
2026-09-14 07:45,28929.75,28940.50,28905.00,28917.25,1978
2026-09-14 08:00,28920.00,28949.00,28906.25,28933.25,2440
2026-09-14 08:15,28934.75,28934.75,28874.75,28876.00,1902
2026-09-14 08:30,28876.25,28916.50,28872.50,28895.50,1961
2026-09-14 08:45,28895.25,28902.75,28850.00,28877.25,2538
2026-09-14 09:00,28877.50,28891.50,28836.00,28847.50,2240
2026-09-14 09:15,28848.25,28860.50,28816.25,28852.00,2933
2026-09-14 09:30,28851.50,28870.00,28844.00,28849.75,2328
2026-09-14 09:45,28850.00,28862.75,28839.00,28855.75,1055
2026-09-14 10:00,28856.00,28883.00,28855.00,28875.00,1436
2026-09-14 10:15,28874.75,28910.00,28861.50,28907.75,2146
2026-09-14 10:30,28908.50,28940.50,28902.50,28934.00,1891
2026-09-14 10:45,28934.00,28941.00,28916.75,28926.00,1770
2026-09-14 11:00,28926.75,28947.75,28913.50,28937.25,2023
2026-09-14 11:15,28936.25,28977.50,28935.75,28972.00,2552
2026-09-14 11:30,28972.75,28972.75,28931.00,28948.00,3182
2026-09-14 11:45,28948.75,28960.75,28921.00,28928.75,2293
2026-09-14 12:00,28928.50,28928.50,28891.25,28912.00,4454
2026-09-14 12:15,28911.75,28945.50,28906.75,28918.00,3535
2026-09-14 12:30,28917.75,28931.00,28845.00,28900.75,10278
2026-09-14 12:45,28900.25,28905.00,28857.25,28879.25,6921
2026-09-14 13:00,28880.00,28881.25,28829.00,28876.50,9217
2026-09-14 13:15,28878.00,28924.25,28877.50,28905.25,6723
2026-09-14 13:30,28906.50,28953.50,28878.75,28951.50,34595
2026-09-14 13:45,28952.00,29045.75,28951.00,29003.25,25899
2026-09-14 14:00,29003.50,29089.00,29001.00,29073.25,20646
2026-09-14 14:15,29073.75,29081.00,28976.00,29007.00,19826
2026-09-14 14:30,29006.25,29020.25,28955.75,28991.50,20378
2026-09-14 14:45,28991.25,29020.50,28970.00,29012.00,15921
2026-09-14 15:00,29011.25,29080.50,28986.25,29023.25,16325
2026-09-14 15:15,29022.25,29090.00,29018.00,29078.00,12073
2026-09-14 15:30,29077.00,29505.25,29076.00,29497.25,35010
2026-09-14 15:45,29498.00,29499.75,29461.00,29471.75,13518
2026-09-14 16:00,29472.00,29476.00,29428.50,29457.50,11480
2026-09-14 16:15,29457.25,29527.25,29457.25,29491.25,12208
2026-09-14 16:30,29490.50,29519.00,29481.00,29518.50,8564
2026-09-14 16:45,29518.00,29575.50,29504.00,29558.25,15541
2026-09-14 17:00,29558.75,29576.25,29538.75,29553.75,12647
2026-09-14 17:15,29554.00,29580.00,29537.25,29580.00,8453
2026-09-14 17:30,29579.50,29585.75,29568.25,29580.50,8174
2026-09-14 17:45,29580.50,29604.50,29579.50,29581.50,8809
2026-09-14 18:00,29582.00,29601.25,29567.25,29583.50,8146
2026-09-14 18:15,29584.00,29590.00,29556.50,29562.00,6924
2026-09-14 18:30,29562.25,29582.75,29558.25,29570.00,5663
2026-09-14 18:45,29570.25,29574.25,29554.00,29557.00,6794
2026-09-14 19:00,29556.75,29559.00,29526.75,29533.50,7120
2026-09-14 19:15,29532.75,29533.00,29516.25,29523.50,6227
2026-09-14 19:30,29523.25,29530.00,29508.75,29514.00,6920
2026-09-14 19:45,29514.00,29526.00,29444.50,29449.50,26938
2026-09-14 20:00,29448.75,29464.25,29448.00,29458.75,8627
2026-09-14 20:15,29459.25,29478.25,29445.25,29475.75,2369
2026-09-14 20:30,29475.75,29482.25,29469.50,29477.75,1299
2026-09-14 20:45,29477.50,29494.50,29477.25,29489.75,1633
2026-09-14 22:00,29488.50,29490.25,29457.50,29462.25,566
2026-09-14 22:15,29463.50,29467.75,29449.25,29457.00,866
2026-09-14 22:30,29457.75,29465.00,29454.50,29455.75,632
2026-09-14 22:45,29456.75,29474.25,29456.00,29458.50,728
2026-09-14 23:00,29459.50,29467.25,29449.75,29461.25,893
2026-09-14 23:15,29462.25,29463.25,29450.50,29455.75,503
2026-09-14 23:30,29454.75,29463.25,29453.00,29458.50,365
2026-09-14 23:45,29458.50,29461.25,29442.75,29457.25,1076
2026-09-15 00:00,29457.25,29470.00,29426.75,29457.75,2472
2026-09-15 00:15,29457.00,29466.25,29433.75,29455.25,1815
2026-09-15 00:30,29453.50,29490.75,29452.75,29485.75,1468
2026-09-15 00:45,29484.75,29489.50,29463.00,29467.75,1313
2026-09-15 01:00,29467.50,29492.75,29459.50,29487.50,1453
2026-09-15 01:15,29487.50,29495.25,29470.50,29474.50,959
2026-09-15 01:30,29473.75,29477.50,29428.00,29438.50,2209
2026-09-15 01:45,29439.75,29470.00,29430.25,29463.50,1879
2026-09-15 02:00,29463.75,29475.25,29453.75,29460.75,1089
2026-09-15 02:15,29461.50,29468.25,29452.00,29463.25,693
2026-09-15 02:30,29464.00,29469.75,29452.00,29461.25,810
2026-09-15 02:45,29459.00,29468.75,29455.00,29460.50,833
2026-09-15 03:00,29460.00,29467.75,29444.50,29451.25,965
2026-09-15 03:15,29450.75,29454.75,29440.25,29447.50,553
2026-09-15 03:30,29444.00,29452.00,29440.50,29449.00,524
2026-09-15 03:45,29449.50,29454.75,29415.00,29416.75,1062
2026-09-15 04:00,29418.00,29425.25,29411.50,29414.50,1013
2026-09-15 04:15,29415.25,29418.00,29376.75,29385.50,1833
2026-09-15 04:30,29386.50,29393.50,29363.50,29388.00,1326
2026-09-15 04:45,29387.50,29398.75,29352.00,29353.25,1596
2026-09-15 05:00,29352.25,29362.75,29318.00,29325.00,2273
2026-09-15 05:15,29325.75,29344.25,29308.50,29340.75,1686
2026-09-15 05:30,29340.00,29379.00,29329.25,29376.25,1725
2026-09-15 05:45,29377.00,29404.50,29369.25,29379.25,1892
2026-09-15 06:00,29378.25,29395.25,29366.75,29386.50,1805
2026-09-15 06:15,29384.25,29395.25,29370.50,29372.25,988
2026-09-15 06:30,29372.00,29373.75,29345.50,29348.25,1350
2026-09-15 06:45,29346.75,29361.00,29339.00,29352.25,1065
2026-09-15 07:00,29354.50,29376.00,29323.25,29327.50,2699
2026-09-15 07:15,29325.75,29382.50,29325.75,29354.50,1813
2026-09-15 07:30,29354.50,29364.25,29312.25,29316.25,2127
2026-09-15 07:45,29316.25,29339.00,29298.75,29316.00,3138
2026-09-15 08:00,29317.75,29317.75,29231.00,29276.50,3939
2026-09-15 08:15,29277.50,29310.00,29275.50,29290.50,3105
2026-09-15 08:30,29289.25,29295.00,29269.50,29271.75,1826
2026-09-15 08:45,29271.00,29286.75,29264.25,29271.50,1091
2026-09-15 09:00,29272.25,29285.00,29250.00,29260.25,1974
2026-09-15 09:15,29260.50,29274.75,29236.50,29269.00,2107
2026-09-15 09:30,29270.50,29300.00,29258.50,29295.75,1771
2026-09-15 09:45,29295.50,29346.25,29295.50,29339.00,2085
2026-09-15 10:00,29340.50,29366.75,29331.00,29348.50,2119
2026-09-15 10:15,29347.50,29362.50,29334.50,29361.75,1816
2026-09-15 10:30,29362.00,29375.75,29354.50,29367.75,1894
2026-09-15 10:45,29367.00,29396.00,29361.50,29393.50,2113
2026-09-15 11:00,29393.25,29425.00,29392.00,29415.75,2966
2026-09-15 11:15,29416.25,29427.25,29400.50,29405.25,1610
2026-09-15 11:30,29405.25,29413.00,29388.75,29406.00,2642
2026-09-15 11:45,29406.25,29422.25,29402.50,29416.50,2025
2026-09-15 12:00,29416.25,29439.75,29404.50,29434.50,2939
2026-09-15 12:15,29434.25,29441.00,29398.00,29423.00,2979
2026-09-15 12:30,29421.00,29432.50,29401.50,29420.75,3674
2026-09-15 12:45,29419.75,29484.50,29416.00,29435.75,8038
2026-09-15 13:00,29433.75,29447.00,29424.75,29429.75,4480
2026-09-15 13:15,29429.00,29439.25,29409.50,29420.50,6137
2026-09-15 13:30,29420.50,29441.25,29372.50,29435.75,36891
2026-09-15 13:45,29435.75,29453.50,29406.25,29429.25,19544
2026-09-15 14:00,29429.50,29432.00,29338.75,29342.75,19839
2026-09-15 14:15,29342.75,29365.00,29302.00,29326.25,23258
2026-09-15 14:30,29326.75,29334.25,29273.25,29287.50,20546
2026-09-15 14:45,29287.75,29302.00,29215.75,29239.75,23557
2026-09-15 15:00,29240.00,29290.25,29239.25,29273.00,17303
2026-09-15 15:15,29273.00,29297.25,29266.50,29291.75,11891
2026-09-15 15:30,29291.75,29297.25,29260.50,29287.50,12443
2026-09-15 15:45,29288.00,29311.50,29262.00,29277.75,12411
2026-09-15 16:00,29277.75,29289.75,29241.50,29244.50,9515
2026-09-15 16:15,29243.75,29301.75,29240.00,29285.00,11834
2026-09-15 16:30,29284.50,29294.00,29266.75,29277.50,8838
2026-09-15 16:45,29277.00,29302.50,29265.25,29279.50,9143
2026-09-15 17:00,29280.25,29284.00,29244.25,29253.75,9599
2026-09-15 17:15,29253.75,29266.75,29241.25,29253.75,5670
2026-09-15 17:30,29254.00,29268.25,29242.00,29255.25,7278
2026-09-15 17:45,29255.25,29271.50,29245.75,29263.75,6361
2026-09-15 18:00,29263.50,29287.75,29255.00,29280.25,7350
2026-09-15 18:15,29280.75,29283.00,29262.50,29281.00,6568
2026-09-15 18:30,29280.75,29280.75,29247.00,29250.75,7526
2026-09-15 18:45,29251.50,29254.00,29229.75,29252.50,8604
2026-09-15 19:00,29252.75,29258.75,29238.75,29241.00,6871
2026-09-15 19:15,29241.00,29244.00,29231.50,29238.25,6344
2026-09-15 19:30,29238.75,29241.25,29214.00,29227.00,8879
2026-09-15 19:45,29227.00,29254.25,29207.50,29251.50,27238
2026-09-15 20:00,29251.75,29291.00,29250.25,29287.00,10570
2026-09-15 20:15,29286.75,29287.50,29269.00,29270.50,2516
2026-09-15 20:30,29270.50,29283.00,29267.25,29278.75,1244
2026-09-15 20:45,29278.75,29287.00,29276.75,29277.00,924
2026-09-15 22:00,29263.75,29278.50,29251.25,29261.50,654
2026-09-15 22:15,29261.25,29275.00,29260.00,29269.25,690
2026-09-15 22:30,29268.25,29286.25,29266.75,29282.75,586
2026-09-15 22:45,29282.25,29289.25,29280.00,29282.50,330
2026-09-15 23:00,29282.00,29284.50,29276.00,29278.75,531
2026-09-15 23:15,29278.00,29279.50,29265.75,29267.00,474
2026-09-15 23:30,29267.25,29286.75,29263.25,29282.25,758
2026-09-15 23:45,29283.00,29287.75,29274.00,29278.50,640
2026-09-16 00:00,29277.50,29286.00,29257.75,29278.25,1846
2026-09-16 00:15,29279.00,29283.50,29267.00,29274.50,974
2026-09-16 00:30,29275.50,29285.25,29264.75,29272.25,788
2026-09-16 00:45,29272.50,29285.25,29267.50,29272.50,953
2026-09-16 01:00,29272.25,29283.50,29240.50,29282.00,2683
2026-09-16 01:15,29282.50,29288.75,29269.75,29277.00,1495
2026-09-16 01:30,29276.75,29278.75,29244.75,29256.50,1516
2026-09-16 01:45,29256.50,29267.00,29226.00,29230.00,1763
2026-09-16 02:00,29228.75,29260.50,29228.00,29233.00,1765
2026-09-16 02:15,29234.50,29278.50,29233.75,29274.50,1231
2026-09-16 02:30,29274.75,29284.00,29254.75,29260.50,1504
2026-09-16 02:45,29261.00,29283.50,29259.50,29282.75,823
2026-09-16 03:00,29282.75,29321.25,29280.75,29320.00,2040
2026-09-16 03:15,29320.25,29358.50,29317.50,29320.50,2617
2026-09-16 03:30,29320.00,29324.50,29299.75,29321.75,1812
2026-09-16 03:45,29321.75,29338.75,29321.75,29331.25,1243
2026-09-16 04:00,29331.75,29336.00,29328.50,29332.00,977
2026-09-16 04:15,29331.75,29340.50,29319.00,29323.25,849
2026-09-16 04:30,29321.25,29322.75,29298.75,29304.25,907
2026-09-16 04:45,29305.25,29320.00,29303.50,29303.75,769
2026-09-16 05:00,29303.25,29317.00,29285.50,29312.25,1414
2026-09-16 05:15,29312.75,29325.75,29309.25,29322.50,1049
2026-09-16 05:30,29321.00,29345.75,29314.75,29343.25,1632
2026-09-16 05:45,29343.50,29348.25,29320.50,29334.25,1526
2026-09-16 06:00,29334.00,29372.50,29328.75,29361.00,2964
2026-09-16 06:15,29360.75,29365.25,29328.75,29341.25,1650
2026-09-16 06:30,29341.50,29349.00,29330.75,29344.50,1299
2026-09-16 06:45,29344.50,29369.00,29332.75,29365.75,1251
2026-09-16 07:00,29365.50,29395.50,29359.00,29384.75,2925
2026-09-16 07:15,29384.50,29392.25,29367.25,29386.75,1750
2026-09-16 07:30,29386.75,29398.00,29366.75,29370.25,1251
2026-09-16 07:45,29371.75,29376.75,29359.50,29369.25,1231
2026-09-16 08:00,29369.00,29376.50,29327.50,29346.25,2537
2026-09-16 08:15,29345.25,29374.50,29331.25,29348.25,3298
2026-09-16 08:30,29347.75,29365.00,29326.00,29347.50,1962
2026-09-16 08:45,29347.75,29375.00,29340.75,29372.50,1101
2026-09-16 09:00,29372.50,29382.50,29355.50,29356.50,1570
2026-09-16 09:15,29357.25,29372.00,29336.75,29356.50,1709
2026-09-16 09:30,29356.50,29389.75,29352.25,29382.75,1304
2026-09-16 09:45,29382.00,29392.00,29367.00,29380.50,924
2026-09-16 10:00,29380.25,29386.75,29356.00,29369.50,1998
2026-09-16 10:15,29369.75,29377.00,29362.25,29374.75,944
2026-09-16 10:30,29373.50,29384.25,29369.50,29382.75,1075
2026-09-16 10:45,29381.75,29400.50,29368.50,29397.50,1193
2026-09-16 11:00,29398.00,29419.25,29372.50,29372.50,4165
2026-09-16 11:15,29373.00,29388.50,29363.50,29380.25,1971
2026-09-16 11:30,29380.25,29417.75,29378.25,29409.25,2937
2026-09-16 11:45,29410.00,29417.00,29403.00,29417.00,1820
2026-09-16 12:00,29415.50,29439.00,29412.00,29423.25,3589
2026-09-16 12:15,29422.75,29436.50,29420.50,29433.50,3693
2026-09-16 12:30,29432.50,29432.75,29368.00,29369.00,4961
2026-09-16 12:45,29368.00,29406.00,29364.00,29403.00,4295
2026-09-16 13:00,29401.25,29412.50,29363.75,29403.00,5128
2026-09-16 13:15,29403.00,29415.50,29384.75,29386.25,7548
2026-09-16 13:30,29386.75,29421.75,29373.25,29404.50,30880
2026-09-16 13:45,29404.50,29481.50,29401.50,29478.75,22958
2026-09-16 14:00,29479.25,29484.25,29418.00,29450.00,20276
2026-09-16 14:15,29449.75,29477.00,29444.50,29452.25,13954
2026-09-16 14:30,29452.00,29466.75,29425.75,29466.75,13478
2026-09-16 14:45,29466.50,29501.00,29450.25,29499.00,12324
2026-09-16 15:00,29499.25,29535.75,29485.00,29524.00,19638
2026-09-16 15:15,29523.75,29526.00,29494.75,29506.25,10328
2026-09-16 15:30,29506.50,29510.50,29482.25,29496.00,11489
2026-09-16 15:45,29496.00,29549.75,29489.00,29499.25,15357
2026-09-16 16:00,29499.50,29502.50,29470.50,29484.50,8249
2026-09-16 16:15,29484.50,29495.75,29467.50,29485.00,7437
2026-09-16 16:30,29484.75,29487.75,29464.25,29470.00,4565
2026-09-16 16:45,29470.25,29492.25,29466.25,29468.50,5912
2026-09-16 17:00,29468.50,29469.50,29439.75,29460.50,6297
2026-09-16 17:15,29460.00,29465.00,29443.75,29456.00,4310
2026-09-16 17:30,29457.00,29463.00,29419.25,29423.00,5651
2026-09-16 17:45,29422.75,29478.50,29422.75,29475.00,7327
2026-09-16 18:00,29478.75,29539.00,29412.25,29465.50,27959
2026-09-16 18:15,29464.75,29482.75,29406.50,29454.75,13956
2026-09-16 18:30,29455.50,29494.75,29301.00,29438.75,35790
2026-09-16 18:45,29438.75,29472.25,29221.50,29231.00,36366
2026-09-16 19:00,29231.75,29303.75,29108.00,29129.50,38436
2026-09-16 19:15,29130.00,29164.25,29053.00,29132.00,32378
2026-09-16 19:30,29132.00,29208.75,29122.50,29174.00,25729
2026-09-16 19:45,29174.25,29268.75,29173.25,29254.25,33835
2026-09-16 20:00,29254.00,29283.25,29248.00,29265.75,10946
2026-09-16 20:15,29265.50,29270.25,29231.00,29244.50,3250
2026-09-16 20:30,29243.75,29267.50,29238.00,29259.75,1426
2026-09-16 20:45,29260.25,29272.75,29252.00,29263.75,1210
2026-09-16 22:00,29271.00,29288.50,29247.75,29281.25,1030
2026-09-16 22:15,29284.75,29329.50,29280.00,29322.50,1426
2026-09-16 22:30,29323.75,29369.25,29321.25,29357.25,1887
2026-09-16 22:45,29357.00,29362.50,29342.00,29350.00,1370
2026-09-16 23:00,29350.75,29375.00,29349.25,29368.25,1235
2026-09-16 23:15,29370.00,29416.75,29369.75,29395.50,2348
2026-09-16 23:30,29396.00,29444.25,29395.50,29436.50,3058
2026-09-16 23:45,29435.25,29457.00,29433.50,29450.50,2863
2026-09-17 00:00,29451.50,29464.75,29412.75,29413.75,3601
2026-09-17 00:15,29414.00,29448.75,29409.50,29433.75,2580
2026-09-17 00:30,29433.75,29478.00,29432.00,29458.50,2326
2026-09-17 00:45,29458.75,29467.00,29428.75,29450.25,2215
2026-09-17 01:00,29451.50,29474.25,29434.00,29450.50,2258
2026-09-17 01:15,29451.00,29454.25,29439.25,29446.50,1198
2026-09-17 01:30,29447.00,29469.25,29427.75,29442.25,2017
2026-09-17 01:45,29441.50,29447.00,29406.25,29418.50,2071
2026-09-17 02:00,29419.00,29439.00,29406.25,29412.00,1948
2026-09-17 02:15,29413.25,29428.75,29409.50,29418.25,1146
2026-09-17 02:30,29418.25,29454.25,29416.75,29447.75,1343
2026-09-17 02:45,29448.50,29449.25,29418.00,29421.75,1364
2026-09-17 03:00,29423.00,29444.00,29419.00,29443.25,717
2026-09-17 03:15,29442.00,29449.00,29428.25,29446.50,544
2026-09-17 03:30,29446.00,29462.50,29440.25,29461.00,748
2026-09-17 03:45,29461.00,29466.50,29441.75,29465.50,814
2026-09-17 04:00,29466.00,29466.00,29453.25,29459.50,263
2026-09-17 04:15,29458.50,29461.25,29440.75,29451.25,734
2026-09-17 04:30,29450.50,29467.50,29438.75,29461.25,863
2026-09-17 04:45,29462.75,29471.50,29442.75,29450.50,853
2026-09-17 05:00,29450.75,29453.75,29433.50,29435.00,688
2026-09-17 05:15,29433.25,29441.25,29420.75,29429.75,1116
2026-09-17 05:30,29430.50,29432.00,29390.75,29391.75,1853
2026-09-17 05:45,29392.75,29405.00,29371.00,29373.75,1588
2026-09-17 06:00,29372.50,29413.75,29368.75,29392.00,2037
2026-09-17 06:15,29393.00,29444.50,29376.50,29443.75,1919
2026-09-17 06:30,29443.75,29469.50,29440.75,29463.25,2254
2026-09-17 06:45,29461.75,29473.50,29456.50,29469.50,2152
2026-09-17 07:00,29469.50,29523.75,29462.25,29510.00,4135
2026-09-17 07:15,29510.00,29550.00,29506.25,29548.75,3154
2026-09-17 07:30,29549.50,29567.50,29537.00,29547.50,2145
2026-09-17 07:45,29546.25,29547.50,29509.75,29517.75,2182
2026-09-17 08:00,29517.75,29533.25,29490.25,29496.75,2924
2026-09-17 08:15,29496.00,29520.50,29485.00,29516.25,1802
2026-09-17 08:30,29516.25,29537.75,29505.75,29530.50,1407
2026-09-17 08:45,29530.00,29561.25,29527.50,29555.50,1812
2026-09-17 09:00,29556.00,29592.75,29555.25,29571.50,2290
2026-09-17 09:15,29571.00,29575.25,29553.50,29555.75,1325
2026-09-17 09:30,29556.50,29573.25,29553.50,29567.00,973
2026-09-17 09:45,29567.00,29580.00,29545.50,29558.50,1544
2026-09-17 10:00,29558.50,29581.50,29557.75,29571.25,960
2026-09-17 10:15,29571.25,29589.25,29562.00,29578.25,1294
2026-09-17 10:30,29579.25,29590.75,29561.75,29566.00,1583
2026-09-17 10:45,29564.50,29589.00,29562.00,29586.75,944
2026-09-17 11:00,29586.75,29614.00,29575.50,29589.00,2722
2026-09-17 11:15,29589.50,29592.00,29565.00,29577.75,1338
2026-09-17 11:30,29577.50,29582.00,29560.00,29561.25,1045
2026-09-17 11:45,29559.75,29624.00,29555.50,29620.00,3749
2026-09-17 12:00,29621.00,29680.75,29595.50,29666.25,7331
2026-09-17 12:15,29667.25,29727.75,29662.75,29725.25,5408
2026-09-17 12:30,29723.75,29753.25,29712.25,29721.75,8383
2026-09-17 12:45,29721.50,29732.50,29708.75,29724.00,4197
2026-09-17 13:00,29724.25,29750.00,29714.00,29730.75,6081
2026-09-17 13:15,29730.25,29743.00,29709.75,29718.25,6805
2026-09-17 13:30,29718.25,29737.25,29605.75,29641.00,41663
2026-09-17 13:45,29641.75,29694.75,29623.75,29689.00,27957
2026-09-17 14:00,29689.50,29718.00,29639.50,29710.75,25017
2026-09-17 14:15,29710.00,29742.00,29692.50,29712.50,19938
2026-09-17 14:30,29712.00,29748.00,29708.00,29716.00,16413
2026-09-17 14:45,29715.50,29718.50,29666.50,29680.00,17215
2026-09-17 15:00,29680.75,29691.00,29652.00,29682.50,13729
2026-09-17 15:15,29682.25,29714.00,29671.00,29706.50,10098
2026-09-17 15:30,29706.50,29741.00,29699.00,29735.25,10709
2026-09-17 15:45,29735.00,29745.75,29726.75,29743.50,11137
2026-09-17 16:00,29743.25,29746.25,29717.00,29740.25,8780
2026-09-17 16:15,29740.00,29753.25,29729.25,29747.50,6721
2026-09-17 16:30,29747.25,29750.50,29716.50,29746.75,8656
2026-09-17 16:45,29746.25,29749.50,29704.25,29741.50,12606
2026-09-17 17:00,29741.25,29762.50,29730.00,29732.25,10877
2026-09-17 17:15,29732.50,29743.50,29721.25,29726.00,7601
2026-09-17 17:30,29726.75,29738.75,29717.25,29737.50,6316
2026-09-17 17:45,29737.00,29747.25,29727.50,29742.50,5677
2026-09-17 18:00,29742.50,29747.50,29724.50,29729.75,6450
2026-09-17 18:15,29730.00,29740.00,29720.50,29726.25,6546
2026-09-17 18:30,29726.75,29734.25,29705.00,29717.00,8353
2026-09-17 18:45,29716.50,29728.50,29715.00,29722.00,6332
2026-09-17 19:00,29722.00,29751.00,29720.00,29740.00,9209
2026-09-17 19:15,29740.25,29746.50,29728.25,29732.00,6605
2026-09-17 19:30,29732.00,29770.00,29730.75,29763.25,10574
2026-09-17 19:45,29763.50,29793.25,29731.50,29744.50,34223
2026-09-17 20:00,29744.50,29748.25,29723.50,29724.75,10982
2026-09-17 20:15,29724.25,29728.25,29715.00,29715.00,3007
2026-09-17 20:30,29715.25,29722.25,29714.50,29715.50,1364
2026-09-17 20:45,29715.75,29725.75,29712.50,29720.50,1344
2026-09-17 22:00,29723.75,29728.50,29696.25,29704.25,1348
2026-09-17 22:15,29704.25,29705.25,29680.75,29683.25,1195
2026-09-17 22:30,29682.75,29683.75,29679.50,29681.75,0
2026-09-17 22:30,29683.50,29683.50,29683.50,29683.50,0
