zeit_utc,open,high,low,close,volume
2026-07-16 04:00,29727.25,29756.25,29710.00,29716.00,1197
2026-07-16 04:30,29715.00,29721.25,29691.25,29708.00,1087
2026-07-16 05:00,29709.00,29775.50,29697.00,29765.75,2339
2026-07-16 05:30,29765.75,29797.00,29666.50,29686.50,3848
2026-07-16 06:00,29687.75,29749.75,29646.50,29686.00,5822
2026-07-16 06:30,29682.00,29697.25,29641.25,29683.75,2062
2026-07-16 07:00,29684.75,29686.50,29611.75,29622.50,3080
2026-07-16 07:30,29623.50,29629.25,29548.50,29562.25,3187
2026-07-16 08:00,29563.50,29572.75,29478.75,29538.50,4522
2026-07-16 08:30,29539.50,29595.50,29528.25,29591.50,2426
2026-07-16 09:00,29593.25,29645.25,29592.00,29613.25,2634
2026-07-16 09:30,29614.75,29631.00,29528.00,29531.25,2869
2026-07-16 10:00,29530.25,29561.25,29512.25,29537.50,2224
2026-07-16 10:30,29537.25,29555.75,29502.50,29531.00,2315
2026-07-16 11:00,29528.75,29532.00,29446.25,29472.00,4060
2026-07-16 11:30,29472.75,29472.75,29361.00,29446.75,6257
2026-07-16 12:00,29445.75,29457.25,29378.00,29408.00,5867
2026-07-16 12:30,29407.75,29427.75,29363.50,29392.25,6046
2026-07-16 13:00,29393.25,29488.50,29387.75,29464.75,9600
2026-07-16 13:30,29464.75,29532.00,29255.50,29347.50,60247
2026-07-16 14:00,29346.50,29501.00,29315.25,29482.50,41143
2026-07-16 14:30,29483.25,29513.50,29362.00,29433.75,27643
2026-07-16 15:00,29435.50,29458.75,29336.00,29406.75,29729
2026-07-16 15:30,29406.50,29468.00,29354.50,29392.00,22700
2026-07-16 16:00,29392.50,29395.25,29260.75,29299.25,25195
2026-07-16 16:30,29300.50,29352.50,29270.75,29338.25,17893
2026-07-16 17:00,29339.00,29343.00,29275.00,29333.00,15442
2026-07-16 17:30,29334.00,29345.00,29219.00,29244.50,20257
2026-07-16 18:00,29244.25,29304.00,29217.25,29269.75,19502
2026-07-16 18:30,29269.00,29269.25,29198.50,29210.50,16126
2026-07-16 19:00,29210.00,29242.00,29119.00,29148.50,23424
2026-07-16 19:30,29147.50,29238.25,29078.50,29217.00,44843
2026-07-16 20:00,29217.75,29231.25,29162.75,29181.00,14811
2026-07-16 20:30,29180.25,29189.75,29164.00,29179.00,3457
2026-07-16 22:00,29191.00,29220.00,29136.50,29139.75,2222
2026-07-16 22:30,29139.00,29159.25,29115.25,29136.50,2610
2026-07-16 23:00,29134.75,29144.75,29075.75,29093.00,2873
2026-07-16 23:30,29092.50,29129.75,29060.00,29096.50,2866
2026-07-17 00:00,29095.50,29124.25,29011.00,29018.25,5768
2026-07-17 00:30,29018.50,29082.00,28993.50,29057.00,5850
2026-07-17 01:00,29059.75,29105.50,29010.50,29039.50,4472
2026-07-17 01:30,29040.75,29044.00,28945.75,28972.00,5763
2026-07-17 02:00,28970.75,28985.75,28917.25,28928.75,3329
2026-07-17 02:30,28927.25,28940.75,28902.25,28925.00,3884
2026-07-17 03:00,28926.25,29026.00,28915.00,29015.25,3885
2026-07-17 03:30,29013.50,29016.75,28913.75,28922.25,4008
2026-07-17 04:00,28873.50,28879.25,28803.00,28809.50,6630
2026-07-17 04:30,28808.00,28841.25,28774.50,28804.75,5422
2026-07-17 05:00,28806.00,28823.00,28783.50,28791.00,3615
2026-07-17 05:30,28792.50,28811.75,28725.00,28756.25,5166
2026-07-17 06:00,28755.00,28824.50,28722.50,28815.25,5886
2026-07-17 06:30,28814.25,28825.00,28730.50,28743.00,3815
2026-07-17 07:00,28744.25,28767.50,28713.50,28748.00,4958
2026-07-17 07:30,28750.00,28759.50,28682.50,28688.00,3762
2026-07-17 08:00,28687.50,28735.00,28577.25,28609.75,9646
2026-07-17 08:30,28609.50,28662.00,28550.00,28630.00,6162
2026-07-17 09:00,28628.75,28690.50,28618.75,28690.00,4405
2026-07-17 09:30,28691.00,28728.00,28661.75,28711.50,4011
2026-07-17 10:00,28711.75,28787.25,28691.50,28773.50,6782
2026-07-17 10:30,28772.25,28825.50,28763.00,28785.00,5584
2026-07-17 11:00,28786.75,28808.25,28728.25,28761.75,5928
2026-07-17 11:30,28763.00,28765.00,28713.50,28741.50,3459
2026-07-17 12:00,28740.00,28744.75,28662.00,28675.75,5657
2026-07-17 12:30,28674.75,28690.75,28645.50,28664.50,6180
2026-07-17 13:00,28664.75,28665.75,28581.00,28607.75,13739
2026-07-17 13:30,28607.00,28686.00,28408.25,28676.00,72811
2026-07-17 14:00,28676.00,28887.50,28665.25,28832.00,59569
2026-07-17 14:30,28832.00,28896.00,28721.00,28727.00,44180
2026-07-17 15:00,28727.00,28760.00,28672.25,28753.50,30930
2026-07-17 15:30,28753.25,28948.50,28718.00,28933.50,33736
2026-07-17 16:00,28934.00,28956.00,28846.00,28913.50,32401
2026-07-17 16:30,28914.25,29028.00,28885.75,28974.25,24228
2026-07-17 17:00,28974.75,29050.25,28966.25,29035.50,22704
2026-07-17 17:30,29035.75,29042.25,28883.75,28895.75,19123
2026-07-17 18:00,28896.25,28937.00,28822.50,28851.75,19967
2026-07-17 18:30,28852.00,28891.75,28797.00,28861.25,21995
2026-07-17 19:00,28861.00,28869.25,28718.50,28795.50,21510
2026-07-17 19:30,28795.75,28853.50,28753.75,28764.25,37791
2026-07-17 20:00,28764.50,28768.00,28712.50,28749.75,15075
2026-07-17 20:30,28749.50,28779.75,28749.25,28773.25,4502
2026-07-19 22:00,28733.75,28818.75,28709.75,28766.50,3804
2026-07-19 22:30,28763.75,28851.00,28757.75,28814.50,3665
2026-07-19 23:00,28818.00,28836.25,28781.00,28805.25,2571
2026-07-19 23:30,28805.50,28880.25,28793.75,28868.25,3631
2026-07-20 00:00,28870.00,28963.50,28806.00,28935.00,7054
2026-07-20 00:30,28935.75,28938.25,28850.00,28859.25,4684
2026-07-20 01:00,28861.75,28917.50,28811.50,28815.50,4980
2026-07-20 01:30,28815.00,28834.75,28762.75,28795.75,4525
2026-07-20 02:00,28798.50,28889.00,28793.00,28811.25,4247
2026-07-20 02:30,28811.00,28948.00,28809.50,28886.00,4043
2026-07-20 03:00,28888.00,28913.75,28856.00,28876.50,2429
2026-07-20 03:30,28876.50,28937.75,28851.00,28894.50,2827
2026-07-20 04:00,28900.00,28918.75,28844.50,28900.50,2443
2026-07-20 04:30,28900.25,28942.00,28888.25,28897.75,2689
2026-07-20 05:00,28898.00,28901.75,28812.75,28832.75,3106
2026-07-20 05:30,28831.25,28839.00,28789.00,28807.25,2514
2026-07-20 06:00,28808.00,28823.75,28768.75,28785.00,2537
2026-07-20 06:30,28786.50,28813.50,28766.00,28803.50,2222
2026-07-20 07:00,28805.75,28885.75,28797.75,28880.25,3365
2026-07-20 07:30,28880.00,28926.00,28878.25,28911.00,3679
2026-07-20 08:00,28908.25,28939.75,28889.50,28902.50,3047
2026-07-20 08:30,28902.25,28907.25,28860.00,28882.00,1873
2026-07-20 09:00,28879.25,28915.75,28854.00,28904.75,1689
2026-07-20 09:30,28904.25,28998.25,28898.00,28952.50,4139
2026-07-20 10:00,28952.75,28962.25,28920.50,28956.75,2639
2026-07-20 10:30,28955.00,28980.00,28947.25,28969.00,2200
2026-07-20 11:00,28970.75,29026.50,28963.75,28998.75,3998
2026-07-20 11:30,28997.75,29109.50,28995.50,29072.50,9762
2026-07-20 12:00,29072.50,29075.50,28981.75,29034.75,6107
2026-07-20 12:30,29036.00,29046.00,29001.00,29025.00,4702
2026-07-20 13:00,29025.00,29060.00,29016.75,29045.00,7832
2026-07-20 13:30,29045.00,29192.50,28979.75,28994.75,60552
2026-07-20 14:00,28996.00,29049.00,28908.00,29030.75,43183
2026-07-20 14:30,29030.75,29053.75,28874.00,28891.50,32272
2026-07-20 15:00,28891.75,29024.50,28873.25,29015.50,29854
2026-07-20 15:30,29015.75,29066.75,28974.00,29050.75,20806
2026-07-20 16:00,29050.75,29119.00,29028.75,29084.50,20433
2026-07-20 16:30,29085.00,29101.25,28956.00,28983.75,25703
2026-07-20 17:00,28983.00,28999.75,28910.25,28957.25,17894
2026-07-20 17:30,28958.25,28982.75,28900.75,28956.50,14794
2026-07-20 18:00,28957.00,29009.75,28932.00,28949.00,15125
2026-07-20 18:30,28949.00,28949.00,28855.75,28870.00,19987
2026-07-20 19:00,28871.00,28896.00,28796.50,28855.50,23421
2026-07-20 19:30,28855.75,28894.25,28767.75,28785.75,34821
2026-07-20 20:00,28785.25,28831.50,28750.50,28759.25,10915
2026-07-20 20:30,28759.00,28785.75,28757.75,28777.00,2560
2026-07-20 22:00,28778.25,28803.50,28705.00,28719.75,2086
2026-07-20 22:30,28721.50,28734.25,28701.00,28717.75,1746
2026-07-20 23:00,28717.75,28822.00,28711.25,28819.00,3392
2026-07-20 23:30,28818.75,28832.50,28757.75,28779.25,3440
2026-07-21 00:00,28777.50,28834.50,28707.25,28816.50,7019
2026-07-21 00:30,28818.25,28897.00,28813.75,28856.25,4885
2026-07-21 01:00,28859.75,28912.50,28837.50,28891.00,4227
2026-07-21 01:30,28891.75,28920.50,28866.50,28885.25,3172
2026-07-21 02:00,28885.25,28937.75,28859.00,28894.50,3212
2026-07-21 02:30,28894.50,28956.75,28894.25,28955.00,2559
2026-07-21 03:00,28954.00,28997.50,28951.25,28996.25,2279
2026-07-21 03:30,28996.25,29078.00,28992.00,29058.25,5092
2026-07-21 04:00,29075.75,29077.25,29055.75,29064.00,3382
2026-07-21 04:30,29065.25,29076.75,29048.00,29054.00,1985
2026-07-21 05:00,29055.75,29071.25,29016.50,29066.75,2569
2026-07-21 05:30,29066.00,29105.00,29039.75,29098.25,3088
2026-07-21 06:00,29096.25,29143.50,29096.25,29112.25,4351
2026-07-21 06:30,29113.25,29155.50,29113.25,29146.50,2563
2026-07-21 07:00,29147.75,29162.00,29092.50,29103.00,3464
2026-07-21 07:30,29102.00,29127.00,29088.00,29117.25,2539
2026-07-21 08:00,29118.00,29168.00,29104.00,29168.00,3507
2026-07-21 08:30,29167.50,29176.75,29149.75,29167.00,2799
2026-07-21 09:00,29168.00,29195.25,29162.50,29166.75,2780
2026-07-21 09:30,29165.50,29185.50,29151.25,29155.00,2313
2026-07-21 10:00,29155.25,29198.50,29154.75,29173.25,2552
2026-07-21 10:30,29174.25,29207.00,29155.50,29166.25,3134
2026-07-21 11:00,29167.75,29184.00,29119.50,29129.75,4466
2026-07-21 11:30,29129.00,29182.00,29126.00,29154.25,4214
2026-07-21 12:00,29153.50,29195.25,29133.25,29134.25,5135
2026-07-21 12:30,29133.00,29186.75,29111.50,29171.50,6401
2026-07-21 13:00,29173.50,29225.00,29155.75,29221.50,7693
2026-07-21 13:30,29222.50,29246.25,29092.50,29152.75,60558
2026-07-21 14:00,29153.50,29218.25,29064.25,29207.25,42153
2026-07-21 14:30,29207.25,29256.50,29162.00,29237.50,29764
2026-07-21 15:00,29237.25,29320.00,29181.00,29307.50,28492
2026-07-21 15:30,29307.00,29308.50,29256.25,29259.25,20137
2026-07-21 16:00,29259.25,29337.75,29254.25,29312.50,18192
2026-07-21 16:30,29313.00,29352.50,29302.00,29331.75,14726
2026-07-21 17:00,29331.50,29355.50,29323.00,29333.00,12069
2026-07-21 17:30,29333.25,29364.75,29327.25,29341.25,12344
2026-07-21 18:00,29341.50,29361.75,29318.50,29325.00,11249
2026-07-21 18:30,29325.25,29355.75,29310.50,29328.50,12896
2026-07-21 19:00,29328.25,29335.50,29290.75,29293.75,14854
2026-07-21 19:30,29293.25,29352.00,29290.75,29310.75,37115
2026-07-21 20:00,29312.00,29316.75,29283.75,29292.50,11865
2026-07-21 20:30,29292.50,29304.25,29279.00,29289.75,3613
2026-07-21 22:00,29310.75,29310.75,29265.00,29271.00,1534
2026-07-21 22:30,29270.00,29284.00,29253.00,29273.75,1531
2026-07-21 23:00,29273.50,29304.75,29261.00,29297.25,1743
2026-07-21 23:30,29296.25,29304.50,29268.00,29298.50,2137
2026-07-22 00:00,29298.50,29337.00,29286.00,29299.00,4389
2026-07-22 00:30,29300.25,29305.50,29258.25,29288.00,3301
2026-07-22 01:00,29289.75,29293.75,29234.50,29246.00,3387
2026-07-22 01:30,29243.00,29307.00,29232.00,29277.25,3160
2026-07-22 02:00,29277.25,29284.50,29238.25,29276.00,2665
2026-07-22 02:30,29275.50,29277.25,29228.00,29238.25,2259
2026-07-22 03:00,29239.25,29262.00,29210.00,29262.00,2982
2026-07-22 03:30,29260.25,29267.25,29190.25,29197.00,2822
2026-07-22 04:00,29223.00,29238.50,29209.00,29234.00,2176
2026-07-22 04:30,29231.75,29232.50,29193.75,29221.50,1859
2026-07-22 05:00,29222.25,29225.25,29166.00,29166.00,2359
2026-07-22 05:30,29165.50,29183.75,29140.25,29172.75,3067
2026-07-22 06:00,29171.25,29173.00,29060.00,29079.50,4990
2026-07-22 06:30,29077.75,29115.50,29062.25,29092.75,3758
2026-07-22 07:00,29091.75,29124.50,29051.00,29119.25,4145
2026-07-22 07:30,29117.50,29123.75,29025.75,29056.00,4596
2026-07-22 08:00,29059.75,29107.00,29038.75,29100.25,4067
2026-07-22 08:30,29101.25,29117.75,29079.00,29110.00,1816
2026-07-22 09:00,29110.25,29150.00,29106.25,29126.25,2663
2026-07-22 09:30,29125.00,29128.50,29089.25,29127.00,2363
2026-07-22 10:00,29128.25,29168.50,29113.00,29161.25,3495
2026-07-22 10:30,29162.25,29173.00,29133.00,29153.00,2475
2026-07-22 11:00,29154.00,29164.75,29099.25,29101.75,3748
2026-07-22 11:30,29102.00,29114.50,29017.50,29054.00,6165
2026-07-22 12:00,29056.50,29071.00,28995.00,29027.00,6810
2026-07-22 12:30,29028.00,29068.75,28952.00,29017.25,11182
2026-07-22 13:00,29017.50,29099.00,29017.50,29089.75,8057
2026-07-22 13:30,29090.50,29277.25,29090.00,29276.75,56286
2026-07-22 14:00,29277.00,29283.75,29196.00,29220.00,38631
2026-07-22 14:30,29219.25,29260.25,29172.75,29241.00,29478
2026-07-22 15:00,29241.25,29342.25,29240.25,29324.50,25179
2026-07-22 15:30,29324.25,29335.50,29274.25,29329.50,19203
2026-07-22 16:00,29330.25,29335.00,29300.25,29311.00,12270
2026-07-22 16:30,29311.00,29328.25,29276.75,29310.50,12859
2026-07-22 17:00,29310.50,29331.25,29295.00,29306.00,12569
2026-07-22 17:30,29304.00,29320.00,29234.25,29244.25,15120
2026-07-22 18:00,29244.00,29271.25,29222.25,29239.00,16953
2026-07-22 18:30,29239.00,29259.00,29207.75,29245.25,14383
2026-07-22 19:00,29245.75,29260.00,29215.50,29253.00,13941
2026-07-22 19:30,29253.50,29254.25,29158.25,29160.50,30352
2026-07-22 20:00,29161.00,29260.00,29119.00,29217.50,23415
2026-07-22 20:30,29216.25,29225.75,29165.00,29165.00,4288
2026-07-22 22:00,29100.00,29142.50,29060.50,29080.50,3484
2026-07-22 22:30,29081.25,29091.25,29039.25,29072.75,3200
2026-07-22 23:00,29073.50,29081.25,29021.75,29058.75,2899
2026-07-22 23:30,29059.00,29145.50,29058.75,29142.25,3728
2026-07-23 00:00,29143.75,29255.50,29132.50,29226.50,6484
2026-07-23 00:30,29226.75,29282.50,29218.25,29255.00,4485
2026-07-23 01:00,29256.25,29273.50,29232.50,29240.25,3423
2026-07-23 01:30,29242.00,29260.50,29175.50,29176.00,5108
2026-07-23 02:00,29176.00,29201.00,29092.00,29105.00,4129
2026-07-23 02:30,29104.50,29126.75,29057.00,29089.00,4443
2026-07-23 03:00,29093.50,29096.75,29029.50,29084.25,4366
2026-07-23 03:30,29083.25,29128.00,29072.25,29125.00,2949
2026-07-23 04:00,29097.75,29163.00,29084.50,29151.50,3919
2026-07-23 04:30,29153.50,29165.25,29112.50,29125.25,2427
2026-07-23 05:00,29126.00,29170.75,29098.50,29170.75,2744
2026-07-23 05:30,29170.25,29183.25,29079.25,29088.00,3033
2026-07-23 06:00,29088.00,29116.50,29077.25,29108.75,2626
2026-07-23 06:30,29108.00,29119.25,29074.00,29084.00,2560
2026-07-23 07:00,29083.75,29086.75,28954.00,29015.50,7467
2026-07-23 07:30,29015.75,29019.75,28922.25,28987.50,5083
2026-07-23 08:00,28988.75,29061.25,28958.25,29051.00,5224
2026-07-23 08:30,29049.25,29111.00,29030.75,29103.00,3052
2026-07-23 09:00,29103.50,29137.75,29078.00,29091.00,3463
2026-07-23 09:30,29092.00,29092.00,29045.00,29055.25,2369
2026-07-23 10:00,29054.25,29067.00,29036.00,29053.00,2465
2026-07-23 10:30,29051.75,29122.25,29045.25,29103.00,3506
2026-07-23 11:00,29103.00,29106.50,28992.50,28993.75,4825
2026-07-23 11:30,28994.75,29002.25,28913.00,28965.00,8663
2026-07-23 12:00,28964.00,28967.75,28854.50,28864.50,8281
2026-07-23 12:30,28864.50,28875.00,28754.75,28787.50,15266
2026-07-23 13:00,28786.50,28804.50,28697.00,28719.25,22019
2026-07-23 13:30,28718.25,28883.00,28657.00,28707.75,78716
2026-07-23 14:00,28709.25,28801.25,28678.25,28731.50,51363
2026-07-23 14:30,28731.00,28773.25,28577.25,28596.75,48158
2026-07-23 15:00,28597.25,28604.50,28447.75,28467.25,50524
2026-07-23 15:30,28467.75,28590.00,28432.50,28588.50,33769
2026-07-23 16:00,28588.50,28715.00,28573.25,28707.25,28242
2026-07-23 16:30,28707.50,28738.25,28609.50,28640.75,28553
2026-07-23 17:00,28641.25,28676.75,28588.00,28652.50,23918
2026-07-23 17:30,28653.00,28657.00,28565.50,28568.00,18732
2026-07-23 18:00,28568.25,28584.25,28542.50,28575.00,18214
2026-07-23 18:30,28574.75,28603.50,28525.25,28550.00,17606
2026-07-23 19:00,28550.00,28595.25,28501.00,28583.00,20802
2026-07-23 19:30,28583.50,28633.50,28486.25,28615.00,43141
2026-07-23 20:00,28615.25,28777.25,28610.50,28769.50,22563
2026-07-23 20:30,28768.50,28782.00,28725.25,28739.25,5483
2026-07-23 22:00,28700.25,28709.25,28624.00,28662.25,2816
2026-07-23 22:30,28662.50,28732.75,28662.50,28731.25,2995
2026-07-23 23:00,28729.50,28736.00,28687.50,28698.50,2767
2026-07-23 23:30,28698.00,28708.25,28658.25,28679.00,3471
2026-07-24 00:00,28680.25,28724.00,28615.75,28643.00,7000
2026-07-24 00:30,28646.00,28680.00,28618.00,28672.00,4163
2026-07-24 01:00,28672.25,28701.50,28641.25,28656.25,3742
2026-07-24 01:30,28655.50,28685.50,28607.00,28614.25,3266
2026-07-24 02:00,28612.75,28632.00,28587.00,28594.75,3079
2026-07-24 02:30,28595.25,28598.25,28515.00,28519.25,4366
2026-07-24 03:00,28520.00,28560.75,28517.75,28545.50,3560
2026-07-24 03:30,28544.25,28555.75,28482.00,28486.00,4216
2026-07-24 04:00,28513.75,28556.75,28481.25,28551.75,3814
2026-07-24 04:30,28550.50,28571.50,28512.25,28565.25,2662
2026-07-24 05:00,28564.50,28602.00,28548.25,28582.25,2808
2026-07-24 05:30,28583.00,28607.00,28544.00,28545.00,2824
2026-07-24 06:00,28546.75,28576.25,28503.00,28534.50,4008
2026-07-24 06:30,28536.50,28561.50,28481.00,28543.75,3370
2026-07-24 07:00,28544.00,28663.00,28539.25,28654.00,5837
2026-07-24 07:30,28653.75,28658.00,28609.00,28614.25,2496
2026-07-24 08:00,28615.75,28622.25,28556.50,28621.75,3988
2026-07-24 08:30,28621.75,28649.50,28609.00,28622.00,2445
2026-07-24 09:00,28623.50,28681.25,28612.00,28672.75,3526
2026-07-24 09:30,28674.75,28704.25,28663.25,28700.50,2919
2026-07-24 10:00,28700.25,28706.25,28654.25,28667.50,2896
2026-07-24 10:30,28668.25,28686.50,28633.25,28640.50,2640
2026-07-24 11:00,28640.00,28666.75,28632.00,28644.25,2913
2026-07-24 11:30,28641.00,28700.00,28601.50,28680.50,5815
2026-07-24 12:00,28678.50,28698.50,28624.25,28686.50,6665
2026-07-24 12:30,28686.00,28689.00,28587.25,28592.00,6196
2026-07-24 13:00,28591.25,28616.00,28538.00,28540.25,9816
2026-07-24 13:30,28540.00,28622.00,28313.50,28322.25,68317
2026-07-24 14:00,28323.00,28451.25,28299.00,28391.00,54166
2026-07-24 14:30,28391.75,28461.50,28254.50,28449.25,43772
2026-07-24 15:00,28449.00,28557.25,28355.00,28499.75,47554
2026-07-24 15:30,28500.75,28583.75,28484.50,28576.00,31404
2026-07-24 16:00,28576.75,28630.75,28549.50,28565.75,23816
2026-07-24 16:30,28566.00,28569.00,28460.25,28495.75,22167
2026-07-24 17:00,28494.75,28521.75,28427.00,28514.50,23036
2026-07-24 17:30,28515.25,28544.00,28452.00,28466.00,16383
2026-07-24 18:00,28467.00,28486.00,28333.00,28336.25,18301
2026-07-24 18:30,28337.75,28346.75,28259.00,28302.50,27004
2026-07-24 19:00,28301.75,28328.50,28212.50,28253.50,24012
2026-07-24 19:30,28253.00,28304.75,28224.50,28283.25,41981
2026-07-24 20:00,28283.50,28329.50,28259.25,28305.00,12000
2026-07-24 20:30,28303.50,28313.50,28282.25,28282.25,3319
2026-07-26 22:00,28594.50,28647.00,28585.50,28623.25,2760
2026-07-26 22:30,28623.50,28641.50,28604.00,28609.50,2155
2026-07-26 23:00,28612.25,28638.75,28597.75,28616.75,2140
2026-07-26 23:30,28617.00,28731.00,28610.50,28727.50,4742
2026-07-27 00:00,28728.25,28733.75,28581.75,28619.25,8428
2026-07-27 00:30,28618.25,28656.00,28595.25,28598.25,4032
2026-07-27 01:00,28599.75,28634.50,28525.00,28538.00,5462
2026-07-27 01:30,28542.75,28621.25,28536.00,28614.00,4503
2026-07-27 02:00,28614.75,28652.75,28587.00,28638.50,3227
2026-07-27 02:30,28639.00,28658.50,28606.25,28615.50,2235
2026-07-27 03:00,28615.50,28650.75,28606.00,28619.25,2219
2026-07-27 03:30,28620.50,28637.00,28592.75,28613.50,1799
2026-07-27 04:00,28614.00,28647.00,28597.75,28620.75,1696
2026-07-27 04:30,28620.75,28663.00,28609.25,28644.00,1882
2026-07-27 05:00,28646.25,28684.00,28638.00,28679.75,1879
2026-07-27 05:30,28680.00,28704.25,28673.75,28694.50,2446
2026-07-27 06:00,28694.50,28728.50,28693.75,28697.75,2973
2026-07-27 06:30,28697.25,28715.50,28680.00,28695.00,2638
2026-07-27 07:00,28692.75,28732.00,28689.00,28705.25,2776
2026-07-27 07:30,28703.25,28704.00,28661.25,28661.75,2884
2026-07-27 08:00,28661.00,28724.25,28658.50,28719.00,2684
2026-07-27 08:30,28720.75,28749.50,28703.25,28736.00,2602
2026-07-27 09:00,28737.00,28738.75,28719.75,28726.25,1898
2026-07-27 09:30,28727.00,28763.25,28718.25,28744.75,3004
2026-07-27 10:00,28744.00,28753.50,28726.25,28738.00,2227
2026-07-27 10:30,28740.00,28758.00,28733.75,28740.75,1582
2026-07-27 11:00,28742.00,28743.50,28648.50,28652.75,3814
2026-07-27 11:30,28653.25,28685.00,28645.50,28673.00,4466
2026-07-27 12:00,28673.25,28697.75,28629.25,28650.75,4851
2026-07-27 12:30,28650.50,28692.50,28631.75,28690.25,5008
2026-07-27 13:00,28692.00,28700.00,28588.00,28590.50,9661
2026-07-27 13:30,28590.50,28615.75,28341.25,28347.75,68592
2026-07-27 14:00,28347.75,28372.75,28075.25,28086.25,61033
2026-07-27 14:30,28086.50,28180.25,27939.00,28169.25,66059
2026-07-27 15:00,28171.00,28198.50,28046.00,28072.25,43690
2026-07-27 15:30,28074.25,28085.75,27980.25,28062.50,29499
2026-07-27 16:00,28062.75,28204.50,28043.50,28154.50,33599
2026-07-27 16:30,28154.00,28196.75,28027.75,28048.50,25428
2026-07-27 17:00,28047.00,28056.25,27986.00,27998.75,20431
2026-07-27 17:30,27998.50,28106.25,27997.50,28104.75,17369
2026-07-27 18:00,28104.75,28121.25,28049.75,28082.00,16566
2026-07-27 18:30,28082.25,28191.00,28019.25,28188.25,23100
2026-07-27 19:00,28188.75,28247.50,28165.25,28243.50,20608
2026-07-27 19:30,28243.00,28255.75,28155.25,28192.75,32136
2026-07-27 20:00,28193.25,28219.50,28169.25,28194.50,10296
2026-07-27 20:30,28194.50,28230.00,28186.75,28210.00,3392
2026-07-27 22:00,28210.50,28228.00,28125.50,28129.50,2521
2026-07-27 22:30,28128.25,28156.50,28123.50,28132.50,2233
2026-07-27 23:00,28131.75,28163.25,28105.25,28162.25,2722
2026-07-27 23:30,28160.75,28179.25,28121.25,28163.50,2935
2026-07-28 00:00,28164.75,28195.00,28068.25,28104.50,5974
2026-07-28 00:30,28103.75,28139.75,28052.75,28072.00,4357
2026-07-28 01:00,28072.00,28078.25,27969.00,28062.25,7518
2026-07-28 01:30,28059.75,28097.00,28008.75,28022.00,3823
2026-07-28 02:00,28021.75,28030.25,27972.25,27987.75,4133
2026-07-28 02:30,27987.00,28006.75,27951.50,27993.00,4215
2026-07-28 03:00,27993.00,28047.25,27932.50,27987.50,5353
2026-07-28 03:30,27984.50,28070.50,27951.50,28050.75,4439
2026-07-28 04:00,28013.50,28017.00,27970.00,27972.75,2968
2026-07-28 04:30,27972.75,28003.00,27951.00,27954.75,2367
2026-07-28 05:00,27957.00,28190.00,27914.00,27919.50,2926
2026-07-28 05:30,27921.00,27924.00,27870.75,27880.00,4966
2026-07-28 06:00,27882.25,27907.00,27839.50,27902.50,6846
2026-07-28 06:30,27902.75,27958.25,27892.00,27947.25,4173
2026-07-28 07:00,27945.50,27989.00,27934.00,27943.25,4383
2026-07-28 07:30,27944.00,27962.50,27908.00,27933.50,3856
2026-07-28 08:00,27934.25,28007.25,27880.00,27999.50,6189
2026-07-28 08:30,28003.00,28052.00,27975.00,27994.25,5424
2026-07-28 09:00,27992.25,28016.50,27982.50,28012.00,2666
2026-07-28 09:30,28009.75,28010.25,27941.50,27956.00,2885
2026-07-28 10:00,27956.00,27969.50,27933.50,27967.25,2404
2026-07-28 10:30,27968.50,27980.50,27904.25,27942.75,5323
2026-07-28 11:00,27945.75,27958.00,27864.75,27883.00,8052
2026-07-28 11:30,27882.00,27975.00,27848.25,27963.75,7216
2026-07-28 12:00,27962.50,28018.50,27949.25,28010.00,6203
2026-07-28 12:30,28010.75,28032.75,27956.25,27993.25,9924
2026-07-28 13:00,27993.75,28028.50,27938.00,27950.25,10703
2026-07-28 13:30,27950.25,27992.00,27641.75,27665.25,92034
2026-07-28 14:00,27665.50,27793.50,27603.50,27706.50,64771
2026-07-28 14:30,27706.50,27890.00,27669.00,27801.75,53184
2026-07-28 15:00,27803.00,28010.00,27768.00,27965.00,48405
2026-07-28 15:30,27965.75,28062.50,27948.75,28048.00,32610
2026-07-28 16:00,28047.75,28068.75,27984.75,27995.25,27509
2026-07-28 16:30,27995.50,28080.00,27953.50,28057.50,24663
2026-07-28 17:00,28057.50,28066.50,27969.00,27996.50,24840
2026-07-28 17:30,27996.00,28043.50,27925.00,27972.50,19674
2026-07-28 18:00,27974.00,27999.50,27912.50,27925.25,18811
2026-07-28 18:30,27926.75,27979.50,27920.50,27972.75,16210
2026-07-28 19:00,27972.25,28021.75,27965.25,28017.75,19911
2026-07-28 19:30,28018.00,28023.75,27911.00,27919.50,34932
2026-07-28 20:00,27919.25,27991.25,27884.25,27977.75,16239
2026-07-28 20:30,27977.00,27983.25,27935.75,27960.50,4608
2026-07-28 22:00,27962.00,28013.25,27906.50,27939.25,3798
2026-07-28 22:30,27939.00,27943.25,27756.25,27756.75,7714
2026-07-28 23:00,27758.25,27890.50,27728.50,27889.25,8736
2026-07-28 23:30,27888.50,28104.50,27884.50,28102.50,9861
2026-07-29 00:00,28102.75,28178.25,28052.00,28077.75,9480
2026-07-29 00:30,28073.75,28085.00,28000.25,28013.25,5114
2026-07-29 01:00,28011.75,28041.25,27896.25,27971.75,6844
2026-07-29 01:30,27972.00,27982.25,27784.00,27785.25,7044
2026-07-29 02:00,27785.00,27896.50,27770.25,27896.50,7340
2026-07-29 02:30,27894.50,27912.75,27823.00,27839.50,4063
2026-07-29 03:00,27839.00,27882.50,27775.50,27777.75,4620
2026-07-29 03:30,27776.75,27792.50,27702.00,27718.00,5066
2026-07-29 04:00,27700.00,27715.75,27648.00,27684.75,5521
2026-07-29 04:30,27682.25,27759.00,27640.00,27756.00,4812
2026-07-29 05:00,27758.75,27834.75,27735.75,27815.25,5527
2026-07-29 05:30,27815.25,27852.75,27787.00,27794.00,4396
2026-07-29 06:00,27794.00,27811.25,27736.25,27811.00,4431
2026-07-29 06:30,27811.50,27942.25,27811.50,27928.75,5365
2026-07-29 07:00,27928.75,27953.00,27895.75,27946.25,4604
2026-07-29 07:30,27945.75,27962.75,27891.25,27906.00,3344
2026-07-29 08:00,27906.25,27924.75,27820.00,27841.50,4513
2026-07-29 08:30,27842.00,27939.25,27830.75,27904.00,3470
2026-07-29 09:00,27904.50,27986.00,27901.00,27977.50,3911
2026-07-29 09:30,27976.50,28060.00,27957.75,28019.75,4625
2026-07-29 10:00,28018.25,28046.00,27986.25,28017.25,3795
2026-07-29 10:30,28017.50,28023.00,27931.50,27948.00,4030
2026-07-29 11:00,27950.25,28023.75,27934.50,28000.75,4545
2026-07-29 11:30,27999.25,28008.00,27956.75,28002.75,3842
2026-07-29 12:00,28002.00,28007.75,27852.75,27867.25,7859
2026-07-29 12:30,27867.00,27933.25,27844.25,27907.75,5672
2026-07-29 13:00,27909.00,27942.50,27856.00,27914.00,10092
2026-07-29 13:30,27914.50,27996.00,27667.75,27733.75,66564
2026-07-29 14:00,27735.25,27826.50,27538.75,27573.25,60619
2026-07-29 14:30,27571.00,27652.25,27510.00,27600.00,46837
2026-07-29 15:00,27600.50,27657.50,27547.00,27555.75,39626
2026-07-29 15:30,27556.25,27596.75,27464.50,27517.00,28135
2026-07-29 16:00,27518.25,27556.50,27409.25,27551.00,30235
2026-07-29 16:30,27551.25,27603.50,27485.25,27603.25,26631
2026-07-29 17:00,27603.75,27750.00,27595.25,27651.00,29281
2026-07-29 17:30,27650.75,27727.75,27629.50,27721.75,19121
2026-07-29 18:00,27723.00,27888.50,27714.75,27776.50,48879
2026-07-29 18:30,27777.00,28096.75,27709.00,28056.75,50697
2026-07-29 19:00,28057.50,28099.50,27640.75,27712.25,57608
2026-07-29 19:30,27711.25,27744.00,27317.50,27336.75,76069
2026-07-29 20:00,27338.25,27364.00,27201.50,27242.25,34720
2026-07-29 20:30,27244.00,27331.25,27207.00,27259.25,7689
2026-07-29 22:00,27202.00,27489.50,27202.00,27435.00,9942
2026-07-29 22:30,27435.75,27479.50,27412.00,27451.50,4752
2026-07-29 23:00,27449.50,27541.00,27446.25,27532.75,6416
2026-07-29 23:30,27534.25,27559.25,27495.25,27520.75,6180
2026-07-30 00:00,27521.75,27608.00,27472.25,27593.50,9185
2026-07-30 00:30,27594.75,27611.00,27489.75,27547.25,7143
2026-07-30 01:00,27547.25,27664.25,27535.25,27637.75,7604
2026-07-30 01:30,27637.75,27696.75,27635.25,27653.00,5749
2026-07-30 02:00,27652.00,27687.50,27603.25,27610.50,4692
2026-07-30 02:30,27613.25,27631.00,27539.00,27541.75,5054
2026-07-30 03:00,27542.00,27576.25,27471.25,27515.50,4972
2026-07-30 03:30,27516.50,27563.50,27480.25,27521.50,4034
2026-07-30 04:00,27507.50,27541.75,27459.50,27535.00,3584
2026-07-30 04:30,27534.00,27543.75,27434.75,27447.75,3316
2026-07-30 05:00,27446.25,27499.50,27421.00,27478.25,3391
2026-07-30 05:30,27476.50,27546.25,27463.50,27487.75,3685
2026-07-30 06:00,27487.00,27507.00,27447.50,27479.50,2857
2026-07-30 06:30,27481.50,27484.50,27415.00,27434.25,2919
2026-07-30 07:00,27433.75,27521.75,27392.75,27408.00,7192
2026-07-30 07:30,27413.00,27447.50,27351.25,27395.25,4841
2026-07-30 08:00,27394.50,27522.50,27337.50,27506.50,7062
2026-07-30 08:30,27510.50,27527.25,27460.50,27485.25,2542
2026-07-30 09:00,27486.00,27574.75,27469.75,27554.50,4366
2026-07-30 09:30,27553.50,27586.00,27508.00,27514.75,3081
2026-07-30 10:00,27515.50,27627.25,27488.25,27617.75,5192
2026-07-30 10:30,27616.50,27648.00,27606.50,27618.50,4498
2026-07-30 11:00,27619.00,27730.00,27613.00,27715.00,6536
2026-07-30 11:30,27715.50,27745.25,27673.00,27725.00,6149
2026-07-30 12:00,27723.50,27766.25,27695.75,27740.25,7563
2026-07-30 12:30,27740.25,27821.75,27715.25,27805.50,12289
2026-07-30 13:00,27807.00,27883.25,27793.00,27874.25,20489
2026-07-30 13:30,27875.75,28162.25,27813.25,28151.75,86566
2026-07-30 14:00,28150.50,28240.00,28066.75,28226.00,67125
2026-07-30 14:30,28226.50,28246.50,28022.50,28070.75,51318
2026-07-30 15:00,28071.50,28137.75,27996.25,28010.50,46565
2026-07-30 15:30,28010.50,28133.75,28001.00,28079.50,32837
2026-07-30 16:00,28078.75,28192.75,28059.00,28144.25,27168
2026-07-30 16:30,28144.25,28150.50,28054.50,28126.75,24154
2026-07-30 17:00,28127.00,28207.75,28126.00,28169.00,19941
2026-07-30 17:30,28169.50,28208.50,28139.50,28177.50,17848
2026-07-30 18:00,28177.50,28205.00,28162.25,28183.00,13496
2026-07-30 18:30,28183.00,28199.00,28148.50,28180.50,15353
2026-07-30 19:00,28180.75,28297.75,28179.75,28244.50,30738
2026-07-30 19:30,28243.75,28262.50,28202.50,28230.75,47827
2026-07-30 20:00,28230.75,28372.25,28205.50,28366.25,22495
2026-07-30 20:30,28366.50,28414.50,28311.00,28333.50,9661
2026-07-30 22:00,28317.00,28413.75,28300.00,28354.00,3737
2026-07-30 22:30,28352.00,28409.75,28331.00,28395.00,3385
2026-07-30 23:00,28394.25,28426.50,28364.00,28378.00,3068
2026-07-30 23:30,28378.25,28445.00,28362.25,28422.75,3622
2026-07-31 00:00,28424.00,28488.00,28397.25,28483.25,6673
2026-07-31 00:30,28481.00,28524.50,28468.75,28521.75,4351
2026-07-31 01:00,28523.00,28572.00,28522.75,28551.00,4883
2026-07-31 01:30,28549.00,28558.25,28455.50,28478.00,4931
2026-07-31 02:00,28478.00,28499.50,28401.00,28423.50,4906
2026-07-31 02:30,28422.50,28438.00,28389.50,28431.25,3317
2026-07-31 03:00,28431.50,28476.50,28398.00,28462.75,3415
2026-07-31 03:30,28464.50,28478.25,28428.25,28461.75,2415
2026-07-31 04:00,28459.50,28512.00,28451.50,28511.25,2585
2026-07-31 04:30,28512.00,28557.00,28507.75,28549.00,2596
2026-07-31 05:00,28548.75,28581.00,28538.50,28573.00,2733
2026-07-31 05:30,28573.50,28590.75,28541.00,28585.00,3402
2026-07-31 06:00,28585.50,28611.75,28577.00,28590.25,3464
2026-07-31 06:30,28589.50,28593.00,28450.00,28488.25,7105
2026-07-31 07:00,28484.25,28574.50,28455.00,28546.00,5976
2026-07-31 07:30,28547.25,28584.25,28534.50,28575.00,3632
2026-07-31 08:00,28572.75,28610.00,28524.75,28600.00,5096
2026-07-31 08:30,28595.25,28611.00,28561.50,28602.75,2833
2026-07-31 09:00,28603.25,28640.75,28584.75,28589.25,4180
2026-07-31 09:30,28588.75,28591.50,28528.50,28533.00,4021
2026-07-31 10:00,28531.75,28579.25,28519.50,28572.00,3230
2026-07-31 10:30,28572.25,28591.25,28552.00,28565.50,2569
2026-07-31 11:00,28565.50,28626.00,28548.50,28553.25,4298
2026-07-31 11:30,28555.75,28560.75,28523.00,28553.50,3671
2026-07-31 12:00,28554.75,28555.25,28448.00,28496.50,7326
2026-07-31 12:30,28496.75,28502.75,28432.25,28468.25,8171
2026-07-31 13:00,28468.50,28584.00,28457.75,28577.50,12271
2026-07-31 13:30,28576.50,28725.75,28295.50,28360.50,98951
2026-07-31 14:00,28356.75,28393.00,28079.75,28249.75,81967
2026-07-31 14:30,28249.50,28345.50,28211.75,28307.50,47617
2026-07-31 15:00,28308.75,28342.25,28122.25,28151.00,40953
2026-07-31 15:30,28151.25,28295.00,28115.50,28274.00,39250
2026-07-31 16:00,28274.00,28364.25,28243.75,28363.75,26870
2026-07-31 16:30,28363.75,28390.00,28308.50,28367.50,23149
2026-07-31 17:00,28366.75,28477.50,28360.00,28461.50,20750
2026-07-31 17:30,28462.50,28503.00,28415.75,28429.00,23005
2026-07-31 18:00,28429.00,28459.75,28395.25,28422.00,17779
2026-07-31 18:30,28422.00,28462.00,28415.50,28433.75,13042
2026-07-31 19:00,28433.50,28498.00,28405.50,28475.25,18658
2026-07-31 19:30,28474.50,28524.00,28380.00,28402.75,44828
2026-07-31 20:00,28402.75,28434.25,28340.50,28372.50,18310
2026-07-31 20:30,28369.75,28404.25,28258.25,28404.25,7514
2026-08-02 22:00,28601.00,28641.25,28582.00,28613.50,3613
2026-08-02 22:30,28615.25,28623.75,28560.25,28570.25,2603
2026-08-02 23:00,28568.75,28596.00,28545.00,28585.25,3523
2026-08-02 23:30,28585.50,28637.50,28571.25,28614.00,4995
2026-08-03 00:00,28611.00,28630.50,28537.50,28556.75,6676
2026-08-03 00:30,28554.25,28626.00,28542.50,28622.00,5758
2026-08-03 01:00,28622.25,28635.00,28564.25,28609.00,4942
2026-08-03 01:30,28607.50,28650.00,28578.00,28644.00,3833
2026-08-03 02:00,28644.75,28681.50,28631.00,28640.25,3730
2026-08-03 02:30,28640.50,28669.75,28633.75,28660.50,2259
2026-08-03 03:00,28662.50,28676.50,28641.25,28645.75,2032
2026-08-03 03:30,28647.00,28698.25,28640.00,28674.50,2072
2026-08-03 04:00,28669.00,28688.50,28652.50,28683.25,1524
2026-08-03 04:30,28682.75,28688.25,28648.50,28651.00,1455
2026-08-03 05:00,28650.75,28666.25,28622.50,28638.25,2364
2026-08-03 05:30,28636.75,28649.75,28617.00,28641.25,1644
2026-08-03 06:00,28642.00,28661.00,28618.50,28625.75,2930
2026-08-03 06:30,28627.00,28645.00,28575.75,28593.25,3037
2026-08-03 07:00,28594.25,28634.50,28563.75,28604.00,5033
2026-08-03 07:30,28604.50,28615.50,28558.50,28588.25,2442
2026-08-03 08:00,28588.00,28591.00,28473.25,28488.00,5073
2026-08-03 08:30,28487.25,28595.00,28471.75,28594.00,4473
2026-08-03 09:00,28594.75,28601.00,28543.00,28556.75,3093
2026-08-03 09:30,28556.75,28576.50,28521.00,28559.00,2684
2026-08-03 10:00,28559.25,28565.25,28488.50,28508.00,3255
2026-08-03 10:30,28508.00,28546.50,28490.00,28541.00,2392
2026-08-03 11:00,28541.25,28547.00,28465.25,28468.75,4284
2026-08-03 11:30,28468.75,28512.50,28403.50,28420.25,5883
2026-08-03 12:00,28420.25,28461.75,28383.50,28449.00,7705
2026-08-03 12:30,28450.00,28491.50,28437.75,28459.25,6069
2026-08-03 13:00,28459.25,28494.25,28396.50,28418.50,10838
2026-08-03 13:30,28418.50,28628.00,28313.50,28626.25,76968
2026-08-03 14:00,28623.75,28684.00,28529.50,28678.50,48825
2026-08-03 14:30,28677.50,28803.75,28661.50,28801.75,40845
2026-08-03 15:00,28801.00,28802.25,28722.00,28734.25,28675
2026-08-03 15:30,28734.25,28814.50,28731.75,28792.50,23092
2026-08-03 16:00,28792.50,28847.25,28790.00,28837.00,20753
2026-08-03 16:30,28837.00,28844.75,28811.75,28822.50,14366
2026-08-03 17:00,28822.75,28890.50,28813.00,28885.75,16812
2026-08-03 17:30,28885.50,28921.75,28874.50,28917.50,16983
2026-08-03 18:00,28917.50,28964.25,28890.25,28892.75,24477
2026-08-03 18:30,28892.00,28926.00,28882.75,28907.00,17023
2026-08-03 19:00,28907.50,28943.75,28895.00,28912.75,18731
2026-08-03 19:30,28912.75,28935.50,28865.25,28900.25,37814
2026-08-03 20:00,28900.75,28945.00,28878.25,28913.75,10944
2026-08-03 20:30,28913.25,28931.75,28909.75,28929.25,3041
2026-08-03 22:00,28930.00,28950.75,28919.00,28944.00,1757
2026-08-03 22:30,28941.50,28962.25,28932.25,28945.75,2320
2026-08-03 23:00,28944.00,28958.75,28930.25,28948.75,1842
2026-08-03 23:30,28947.75,28972.25,28934.00,28971.00,2423
2026-08-04 00:00,28971.25,28976.25,28900.50,28905.75,5533
2026-08-04 00:30,28905.50,28908.25,28864.25,28876.75,5929
2026-08-04 01:00,28876.00,28902.50,28831.75,28901.50,5853
2026-08-04 01:30,28901.00,29048.00,28899.25,29041.25,7421
2026-08-04 02:00,29041.75,29044.75,28942.50,28949.50,5743
2026-08-04 02:30,28948.50,28994.50,28948.50,28972.75,3649
2026-08-04 03:00,28972.50,28992.00,28931.75,28976.75,3674
2026-08-04 03:30,28977.25,29005.50,28957.75,29003.50,2725
2026-08-04 04:00,28990.75,29015.25,28968.50,29007.50,1989
2026-08-04 04:30,29009.25,29023.25,28994.75,29015.50,1155
2026-08-04 05:00,29016.25,29032.25,28978.25,29026.50,2535
2026-08-04 05:30,29025.25,29074.75,29025.00,29072.25,2905
2026-08-04 06:00,29073.50,29098.75,29067.25,29081.50,3260
2026-08-04 06:30,29081.25,29090.00,29042.50,29073.75,2320
2026-08-04 07:00,29072.00,29109.00,29036.50,29099.00,5816
2026-08-04 07:30,29099.75,29119.25,29065.25,29071.25,3279
2026-08-04 08:00,29072.00,29131.50,29068.00,29112.00,3848
2026-08-04 08:30,29111.50,29111.50,29039.00,29068.75,3959
2026-08-04 09:00,29069.00,29069.00,29007.50,29044.00,3477
2026-08-04 09:30,29046.00,29089.25,29042.00,29077.75,2873
2026-08-04 10:00,29078.50,29115.25,29067.25,29096.75,2956
2026-08-04 10:30,29096.25,29145.00,29074.00,29115.50,5548
2026-08-04 11:00,29116.75,29171.50,29114.25,29170.50,4585
2026-08-04 11:30,29170.75,29245.75,29150.25,29237.50,8587
2026-08-04 12:00,29238.00,29238.00,29202.50,29221.50,5193
2026-08-04 12:30,29223.00,29225.75,29188.00,29202.75,5133
2026-08-04 13:00,29203.25,29282.25,29191.25,29234.75,11788
2026-08-04 13:30,29234.25,29503.75,29208.25,29466.00,79779
2026-08-04 14:00,29465.25,29568.50,29432.00,29559.00,51250
2026-08-04 14:30,29558.50,29572.75,29517.25,29549.75,36009
2026-08-04 15:00,29549.75,29663.50,29544.00,29639.50,35421
2026-08-04 15:30,29639.00,29696.75,29622.00,29671.00,27204
2026-08-04 16:00,29671.00,29719.75,29661.25,29706.50,20280
2026-08-04 16:30,29706.50,29744.50,29695.00,29742.75,20607
2026-08-04 17:00,29742.75,29825.75,29739.25,29819.00,25603
2026-08-04 17:30,29819.25,29898.75,29803.50,29834.75,26768
2026-08-04 18:00,29835.25,29884.25,29808.00,29879.75,22347
2026-08-04 18:30,29880.00,29895.50,29839.75,29881.50,17722
2026-08-04 19:00,29881.75,29945.25,29878.25,29900.50,25309
2026-08-04 19:30,29901.00,29956.50,29847.50,29876.75,52511
2026-08-04 20:00,29875.25,29949.75,29761.25,29791.75,26024
2026-08-04 20:30,29790.50,29826.00,29764.50,29818.25,6884
2026-08-04 22:00,29777.25,29844.25,29776.50,29833.00,2884
2026-08-04 22:30,29835.00,29841.75,29792.25,29827.50,3107
2026-08-04 23:00,29825.75,29846.75,29809.75,29825.00,2314
2026-08-04 23:30,29824.00,29857.25,29802.00,29834.75,3740
2026-08-05 00:00,29835.50,29865.00,29818.75,29863.00,4561
2026-08-05 00:30,29862.75,29877.00,29810.00,29848.75,4859
2026-08-05 01:00,29849.25,29861.50,29797.00,29817.75,4069
2026-08-05 01:30,29819.00,29887.50,29813.00,29869.00,4653
2026-08-05 02:00,29870.00,29889.25,29850.25,29853.00,2766
2026-08-05 02:30,29854.50,29875.00,29842.25,29860.75,2218
2026-08-05 03:00,29859.00,29892.00,29855.75,29863.25,2190
2026-08-05 03:30,29864.75,29893.75,29858.25,29890.00,2136
2026-08-05 04:00,29896.75,29898.25,29859.75,29871.25,1854
2026-08-05 04:30,29872.00,29917.00,29869.25,29902.75,2641
2026-08-05 05:00,29902.50,29949.00,29895.00,29937.00,2530
2026-08-05 05:30,29936.75,29985.25,29919.75,29980.50,4407
2026-08-05 06:00,29980.00,29990.00,29925.50,29929.25,3649
2026-08-05 06:30,29929.50,29970.75,29925.75,29969.75,2446
2026-08-05 07:00,29969.00,29987.00,29900.25,29907.50,4382
2026-08-05 07:30,29908.25,29919.50,29885.00,29903.25,2814
2026-08-05 08:00,29905.00,29926.00,29819.50,29833.75,5571
2026-08-05 08:30,29836.50,29844.25,29797.75,29836.50,4675
2026-08-05 09:00,29837.75,29864.25,29814.25,29861.25,4132
2026-08-05 09:30,29862.25,29893.50,29853.25,29857.50,3681
2026-08-05 10:00,29857.25,29871.75,29833.75,29858.75,2656
2026-08-05 10:30,29857.50,29871.25,29834.50,29862.25,2503
2026-08-05 11:00,29865.50,29923.00,29865.50,29900.50,4901
2026-08-05 11:30,29900.50,29943.50,29890.50,29919.50,4792
2026-08-05 12:00,29919.50,29939.75,29891.25,29935.25,5816
2026-08-05 12:30,29935.50,29950.00,29892.75,29915.00,5806
2026-08-05 13:00,29917.25,29978.50,29894.75,29974.00,9491
2026-08-05 13:30,29975.25,30074.00,29910.25,30048.75,76305
2026-08-05 14:00,30048.50,30048.50,29901.25,29915.00,50164
2026-08-05 14:30,29915.00,29918.75,29788.00,29848.25,56750
2026-08-05 15:00,29849.00,29890.75,29763.50,29809.50,39899
2026-08-05 15:30,29808.50,29860.75,29713.25,29739.00,27967
2026-08-05 16:00,29738.25,29835.25,29702.00,29829.25,29925
2026-08-05 16:30,29829.75,29839.75,29770.00,29808.25,18690
2026-08-05 17:00,29809.75,29819.75,29740.50,29754.50,16449
2026-08-05 17:30,29754.25,29779.25,29734.25,29757.00,12776
2026-08-05 18:00,29756.75,29788.50,29752.25,29776.00,12861
2026-08-05 18:30,29776.25,29776.50,29722.75,29725.75,14021
2026-08-05 19:00,29726.75,29779.25,29718.50,29756.50,15073
2026-08-05 19:30,29757.00,29763.25,29592.75,29607.50,37300
2026-08-05 20:00,29607.00,29618.25,29530.75,29569.75,25551
2026-08-05 20:30,29571.25,29607.75,29566.25,29600.25,4317
2026-08-05 22:00,29569.50,29638.00,29563.50,29627.75,2664
2026-08-05 22:30,29628.00,29679.50,29615.75,29623.25,4563
2026-08-05 23:00,29622.75,29649.50,29612.25,29629.25,1965
2026-08-05 23:30,29629.25,29636.75,29566.00,29583.50,4169
2026-08-06 00:00,29584.25,29608.00,29546.75,29560.50,5545
2026-08-06 00:30,29561.50,29588.00,29535.25,29537.50,3929
2026-08-06 01:00,29539.25,29540.75,29454.25,29473.25,5989
2026-08-06 01:30,29472.75,29519.00,29469.50,29498.00,4520
2026-08-06 02:00,29497.75,29578.75,29490.75,29548.75,4434
2026-08-06 02:30,29546.50,29621.00,29529.25,29593.00,4274
2026-08-06 03:00,29593.75,29608.50,29535.00,29543.00,3060
2026-08-06 03:30,29543.50,29576.00,29525.00,29564.00,2897
2026-08-06 04:00,29571.50,29599.75,29554.25,29585.00,2579
2026-08-06 04:30,29585.75,29600.00,29541.75,29574.75,1979
2026-08-06 05:00,29575.25,29596.25,29558.00,29580.00,1840
2026-08-06 05:30,29579.75,29583.75,29544.25,29580.75,2334
2026-08-06 06:00,29580.00,29581.75,29485.00,29547.25,4676
2026-08-06 06:30,29546.50,29548.75,29486.25,29523.00,2810
2026-08-06 07:00,29520.25,29563.00,29506.75,29536.50,3298
2026-08-06 07:30,29520.50,29538.25,29500.75,29507.25,2367
2026-08-06 08:00,29479.50,29511.50,29443.75,29508.25,5031
2026-08-06 08:30,29509.50,29532.50,29490.25,29517.25,2974
2026-08-06 09:00,29517.25,29517.25,29437.50,29482.50,3023
2026-08-06 09:30,29482.00,29531.00,29475.75,29526.75,1979
2026-08-06 10:00,29526.75,29533.75,29494.25,29517.00,2020
2026-08-06 10:30,29517.50,29519.50,29468.00,29484.50,2712
2026-08-06 11:00,29484.50,29488.50,29364.75,29469.25,8406
2026-08-06 11:30,29469.50,29516.50,29438.00,29467.25,7276
2026-08-06 12:00,29466.00,29476.50,29387.50,29432.50,7494
2026-08-06 12:30,29430.00,29463.50,29389.50,29399.50,6267
2026-08-06 13:00,29400.25,29404.50,29326.25,29334.50,13114
2026-08-06 13:30,29335.00,29551.00,29241.25,29527.25,80037
2026-08-06 14:00,29528.25,29667.00,29488.00,29587.00,50404
2026-08-06 14:30,29589.00,29659.25,29533.75,29656.75,41028
2026-08-06 15:00,29656.50,29686.25,29564.25,29608.50,34762
2026-08-06 15:30,29608.25,29628.00,29506.00,29516.25,34904
2026-08-06 16:00,29516.25,29542.75,29448.50,29471.50,30255
2026-08-06 16:30,29472.25,29558.50,29462.25,29556.50,21139
2026-08-06 17:00,29557.25,29574.25,29512.25,29527.75,16909
2026-08-06 17:30,29526.75,29543.00,29493.75,29529.00,13739
2026-08-06 18:00,29529.00,29575.50,29498.50,29556.50,16870
2026-08-06 18:30,29556.50,29561.00,29500.50,29515.50,12923
2026-08-06 19:00,29515.75,29570.25,29496.50,29509.00,16708
2026-08-06 19:30,29508.00,29545.50,29475.00,29497.25,30914
2026-08-06 20:00,29497.25,29552.00,29482.75,29492.50,12491
2026-08-06 20:30,29492.50,29506.25,29480.25,29504.25,2902
2026-08-06 22:00,29514.25,29581.75,29494.50,29550.00,2577
2026-08-06 22:30,29549.00,29566.50,29537.25,29566.00,1526
2026-08-06 23:00,29564.75,29597.00,29554.25,29573.00,1977
2026-08-06 23:30,29572.50,29603.50,29563.25,29593.25,2037
2026-08-07 00:00,29595.25,29618.75,29497.25,29513.50,5748
2026-08-07 00:30,29513.00,29575.00,29500.75,29561.25,5947
2026-08-07 01:00,29561.75,29582.00,29482.50,29531.25,5012
2026-08-07 01:30,29529.50,29581.25,29493.75,29526.25,4778
2026-08-07 02:00,29527.00,29548.00,29489.50,29525.50,3554
2026-08-07 02:30,29526.50,29535.50,29475.50,29527.00,2930
2026-08-07 03:00,29526.00,29548.00,29491.25,29505.00,2369
2026-08-07 03:30,29503.00,29522.25,29486.25,29489.25,1327
2026-08-07 04:00,29496.25,29516.75,29453.50,29508.25,3823
2026-08-07 04:30,29508.25,29526.00,29489.25,29511.50,2063
2026-08-07 05:00,29510.75,29556.75,29507.50,29549.25,2921
2026-08-07 05:30,29547.75,29550.00,29519.75,29523.50,1280
2026-08-07 06:00,29523.50,29583.50,29520.00,29580.50,3870
2026-08-07 06:30,29580.25,29583.50,29537.75,29553.00,2298
2026-08-07 07:00,29552.00,29592.50,29533.00,29587.75,3233
2026-08-07 07:30,29588.75,29591.00,29561.25,29583.75,1856
2026-08-07 08:00,29584.25,29629.75,29584.00,29623.75,3712
2026-08-07 08:30,29623.50,29647.25,29609.25,29632.50,3812
2026-08-07 09:00,29633.50,29649.00,29624.75,29634.50,2051
2026-08-07 09:30,29634.50,29647.00,29616.00,29616.50,1435
2026-08-07 10:00,29618.25,29628.00,29591.25,29621.25,1956
2026-08-07 10:30,29621.50,29625.25,29602.25,29607.25,1412
2026-08-07 11:00,29606.50,29666.25,29606.25,29654.00,3055
2026-08-07 11:30,29652.25,29673.25,29604.25,29614.00,4271
2026-08-07 12:00,29614.50,29686.00,29604.75,29683.50,5887
2026-08-07 12:30,29676.25,29867.75,29643.75,29843.25,22157
2026-08-07 13:00,29843.75,29850.50,29685.00,29714.75,18721
2026-08-07 13:30,29714.25,29820.00,29643.75,29677.25,74274
2026-08-07 14:00,29679.50,29779.50,29564.50,29761.25,61198
2026-08-07 14:30,29761.00,29775.00,29660.00,29721.00,41798
2026-08-07 15:00,29720.25,29828.75,29709.00,29826.75,28498
2026-08-07 15:30,29826.00,29855.25,29794.25,29814.00,24619
2026-08-07 16:00,29814.75,29830.00,29688.75,29714.00,22925
2026-08-07 16:30,29714.00,29780.75,29668.75,29739.50,24713
2026-08-07 17:00,29739.75,29768.00,29726.25,29747.50,13712
2026-08-07 17:30,29747.50,29764.25,29727.00,29743.25,10075
2026-08-07 18:00,29743.50,29754.75,29702.75,29705.75,10922
2026-08-07 18:30,29705.50,29729.00,29676.50,29725.00,12514
2026-08-07 19:00,29725.25,29823.00,29723.00,29811.00,20551
2026-08-07 19:30,29811.25,29860.25,29772.25,29834.25,33523
2026-08-07 20:00,29833.75,29850.75,29803.75,29805.00,10432
2026-08-07 20:30,29805.50,29845.00,29802.50,29834.75,3475
2026-08-09 22:00,29851.75,29860.25,29805.25,29838.00,3108
2026-08-09 22:30,29838.50,29853.50,29814.50,29844.25,2018
2026-08-09 23:00,29845.25,29882.25,29833.50,29864.25,2268
2026-08-09 23:30,29865.25,29872.00,29828.25,29829.50,2412
2026-08-10 00:00,29830.25,29906.50,29796.25,29845.75,5616
2026-08-10 00:30,29847.00,29865.25,29788.50,29802.00,4003
2026-08-10 01:00,29803.25,29882.50,29791.00,29865.25,3764
2026-08-10 01:30,29864.00,29895.00,29840.75,29885.00,2387
2026-08-10 02:00,29886.00,29892.25,29852.75,29870.00,2011
2026-08-10 02:30,29870.00,29899.50,29848.25,29880.25,1602
2026-08-10 03:00,29881.25,29892.00,29869.25,29882.50,1225
2026-08-10 03:30,29880.00,29899.00,29871.25,29880.00,1378
2026-08-10 04:00,29878.25,29904.00,29873.00,29899.25,1232
2026-08-10 04:30,29898.25,29902.25,29863.00,29882.75,1631
2026-08-10 05:00,29882.25,29924.50,29881.00,29910.75,2026
2026-08-10 05:30,29912.00,29930.50,29899.50,29930.50,1689
2026-08-10 06:00,29930.00,29962.75,29907.50,29914.25,3790
2026-08-10 06:30,29914.25,29925.25,29906.00,29908.50,1753
2026-08-10 07:00,29909.25,29952.50,29886.25,29952.25,3119
2026-08-10 07:30,29950.75,29984.00,29935.75,29951.50,2473
2026-08-10 08:00,29952.50,29981.00,29939.50,29953.50,2346
2026-08-10 08:30,29952.00,29975.00,29944.00,29971.50,1453
2026-08-10 09:00,29971.50,29983.75,29963.50,29967.75,1457
2026-08-10 09:30,29968.50,29972.00,29936.00,29938.75,1489
2026-08-10 10:00,29939.25,29959.00,29916.00,29946.75,2061
2026-08-10 10:30,29943.50,29945.50,29909.25,29912.25,1958
2026-08-10 11:00,29912.75,29926.00,29851.50,29909.00,4159
2026-08-10 11:30,29909.25,29919.75,29846.00,29871.00,4273
2026-08-10 12:00,29870.25,29883.75,29810.25,29821.00,3398
2026-08-10 12:30,29823.25,29827.50,29771.75,29777.00,5780
2026-08-10 13:00,29778.50,29823.75,29772.25,29805.50,7989
2026-08-10 13:30,29805.50,29841.75,29718.75,29806.75,61348
2026-08-10 14:00,29807.00,29900.00,29788.25,29857.75,37243
2026-08-10 14:30,29858.25,29892.25,29777.75,29779.25,27656
2026-08-10 15:00,29779.75,29822.50,29753.50,29777.75,25373
2026-08-10 15:30,29777.00,29854.50,29740.75,29844.00,20225
2026-08-10 16:00,29844.50,29858.75,29804.75,29809.75,14630
2026-08-10 16:30,29809.50,29817.00,29729.50,29780.00,21368
2026-08-10 17:00,29780.25,29811.25,29760.75,29787.50,12864
2026-08-10 17:30,29786.75,29796.50,29744.25,29759.75,10742
2026-08-10 18:00,29759.00,29772.75,29742.50,29747.75,8426
2026-08-10 18:30,29747.50,29784.50,29741.50,29782.00,10192
2026-08-10 19:00,29782.75,29796.00,29775.50,29781.75,10039
2026-08-10 19:30,29782.25,29793.00,29722.50,29744.25,29189
2026-08-10 20:00,29744.50,29754.75,29737.00,29751.75,8080
2026-08-10 20:30,29751.75,29770.00,29743.25,29764.25,2481
2026-08-10 22:00,29764.50,29788.50,29733.00,29746.25,1849
2026-08-10 22:30,29746.00,29746.25,29722.25,29732.50,1422
2026-08-10 23:00,29732.50,29735.50,29701.25,29708.50,1825
2026-08-10 23:30,29708.50,29726.75,29677.50,29704.50,2582
2026-08-11 00:00,29703.75,29765.00,29666.00,29762.75,6498
2026-08-11 00:30,29764.00,29793.75,29756.00,29785.00,2973
2026-08-11 01:00,29784.75,29839.50,29764.50,29821.75,4854
2026-08-11 01:30,29819.25,29842.50,29810.00,29818.25,2322
2026-08-11 02:00,29818.00,29830.50,29812.00,29825.00,1468
2026-08-11 02:30,29824.00,29844.50,29815.00,29818.25,1800
2026-08-11 03:00,29817.75,29847.50,29815.00,29840.75,1634
2026-08-11 03:30,29842.25,29843.00,29826.00,29834.00,1069
2026-08-11 04:00,29838.25,29854.50,29836.00,29852.75,1472
2026-08-11 04:30,29852.50,29861.75,29834.50,29838.75,1193
2026-08-11 05:00,29838.75,29854.25,29813.25,29813.75,1426
2026-08-11 05:30,29813.25,29829.50,29786.75,29793.25,2604
2026-08-11 06:00,29792.50,29827.75,29766.25,29771.25,3003
2026-08-11 06:30,29770.50,29789.25,29732.50,29754.25,4282
2026-08-11 07:00,29755.75,29769.75,29728.00,29743.25,2771
2026-08-11 07:30,29744.25,29780.25,29743.25,29774.75,1922
2026-08-11 08:00,29776.00,29804.25,29718.00,29733.00,3627
2026-08-11 08:30,29733.50,29763.50,29717.75,29749.50,1996
2026-08-11 09:00,29748.00,29765.75,29718.75,29759.00,2514
2026-08-11 09:30,29759.25,29784.00,29754.50,29768.75,1610
2026-08-11 10:00,29770.25,29832.75,29750.25,29821.25,2710
2026-08-11 10:30,29821.75,29827.50,29801.75,29818.00,1590
2026-08-11 11:00,29818.75,29886.75,29818.25,29834.25,7012
2026-08-11 11:30,29833.75,29837.00,29811.00,29832.00,2490
2026-08-11 12:00,29832.75,29871.50,29819.50,29828.50,4965
2026-08-11 12:30,29829.75,29857.25,29819.00,29833.75,3202
2026-08-11 13:00,29832.50,29851.25,29813.00,29839.00,7598
2026-08-11 13:30,29839.25,29842.50,29631.75,29732.75,69191
2026-08-11 14:00,29732.50,29792.50,29718.25,29777.25,38762
2026-08-11 14:30,29777.75,29804.75,29728.25,29777.00,29109
2026-08-11 15:00,29776.50,29792.25,29697.50,29702.75,27299
2026-08-11 15:30,29702.50,29719.50,29658.75,29663.25,22812
2026-08-11 16:00,29663.75,29681.75,29622.00,29645.75,19587
2026-08-11 16:30,29645.75,29666.75,29614.75,29626.00,17445
2026-08-11 17:00,29626.75,29634.75,29573.00,29606.00,19285
2026-08-11 17:30,29606.50,29640.75,29598.75,29628.75,13129
2026-08-11 18:00,29629.25,29635.75,29533.50,29544.25,18050
2026-08-11 18:30,29545.00,29599.50,29540.00,29582.75,15764
2026-08-11 19:00,29582.25,29627.00,29571.50,29624.00,14280
2026-08-11 19:30,29624.50,29660.25,29607.00,29635.25,32371
2026-08-11 20:00,29635.75,29676.50,29614.75,29674.75,11330
2026-08-11 20:30,29674.50,29676.00,29643.50,29646.75,2766
2026-08-11 22:00,29657.75,29662.00,29626.75,29655.00,1066
2026-08-11 22:30,29653.25,29666.00,29634.00,29650.25,1399
2026-08-11 23:00,29649.50,29654.25,29639.50,29652.50,778
2026-08-11 23:30,29652.75,29663.00,29634.25,29662.25,1275
2026-08-12 00:00,29661.75,29676.00,29624.50,29665.50,3712
2026-08-12 00:30,29666.00,29680.00,29652.00,29665.75,1776
2026-08-12 01:00,29662.75,29681.00,29639.50,29661.75,2281
2026-08-12 01:30,29660.00,29683.50,29646.75,29658.25,2107
2026-08-12 02:00,29659.00,29678.00,29650.00,29678.00,1522
2026-08-12 02:30,29677.25,29703.00,29675.25,29702.50,1553
2026-08-12 03:00,29702.75,29710.00,29695.25,29702.50,1553
2026-08-12 03:30,29701.75,29704.75,29684.50,29695.00,942
2026-08-12 04:00,29694.00,29703.00,29691.50,29698.25,855
2026-08-12 04:30,29697.00,29715.50,29683.50,29713.00,1335
2026-08-12 05:00,29714.00,29714.50,29668.25,29688.00,1514
2026-08-12 05:30,29688.75,29718.00,29687.25,29715.50,1265
2026-08-12 06:00,29715.00,29724.25,29698.25,29711.75,1815
2026-08-12 06:30,29709.50,29737.25,29706.00,29736.75,1662
2026-08-12 07:00,29737.25,29753.75,29727.50,29739.25,3032
2026-08-12 07:30,29738.00,29751.50,29729.75,29751.50,977
2026-08-12 08:00,29752.25,29792.25,29748.25,29786.00,2879
2026-08-12 08:30,29785.75,29799.50,29762.75,29793.75,1716
2026-08-12 09:00,29794.50,29848.25,29793.50,29824.00,2948
2026-08-12 09:30,29823.50,29838.75,29802.75,29815.25,2478
2026-08-12 10:00,29815.50,29845.25,29814.75,29839.50,1998
2026-08-12 10:30,29839.75,29844.25,29785.00,29814.50,3361
2026-08-12 11:00,29816.00,29838.00,29805.50,29810.25,2459
2026-08-12 11:30,29810.00,29846.50,29806.00,29845.50,2219
2026-08-12 12:00,29846.00,29932.25,29820.75,29905.50,5940
2026-08-12 12:30,29905.25,29960.00,29750.25,29919.25,15407
2026-08-12 13:00,29920.00,29992.75,29916.00,29991.00,12235
2026-08-12 13:30,29991.25,30001.75,29853.25,29907.50,66949
2026-08-12 14:00,29907.25,29945.75,29847.75,29916.25,40393
2026-08-12 14:30,29916.00,29931.50,29828.25,29868.00,33170
2026-08-12 15:00,29868.00,29892.00,29839.00,29874.50,21085
2026-08-12 15:30,29874.25,29879.00,29818.50,29831.75,17394
2026-08-12 16:00,29832.75,29887.75,29829.00,29873.50,14971
2026-08-12 16:30,29874.00,29918.00,29851.00,29905.50,16365
2026-08-12 17:00,29906.25,29924.50,29889.25,29909.25,13633
2026-08-12 17:30,29910.00,29924.00,29901.25,29910.25,10304
2026-08-12 18:00,29910.00,29918.50,29890.25,29894.00,9996
2026-08-12 18:30,29893.75,29932.00,29885.00,29889.75,10987
2026-08-12 19:00,29890.25,29905.00,29856.00,29868.25,11589
2026-08-12 19:30,29867.00,29870.00,29825.75,29852.75,31136
2026-08-12 20:00,29853.00,29906.00,29814.75,29820.00,12354
2026-08-12 20:30,29820.00,29823.25,29804.50,29805.75,3202
2026-08-12 22:00,29825.00,29831.75,29784.00,29794.00,1896
2026-08-12 22:30,29792.25,29803.50,29780.50,29797.75,1640
2026-08-12 23:00,29797.25,29812.50,29797.00,29807.25,1306
2026-08-12 23:30,29805.25,29815.00,29792.00,29804.50,1698
2026-08-13 00:00,29805.25,29866.75,29796.75,29840.25,4586
2026-08-13 00:30,29839.75,29853.75,29828.50,29846.00,2502
2026-08-13 01:00,29845.75,29853.00,29808.25,29818.25,2946
2026-08-13 01:30,29816.75,29866.00,29814.50,29857.25,2725
2026-08-13 02:00,29858.00,29871.25,29853.75,29863.00,1825
2026-08-13 02:30,29861.75,29877.75,29833.50,29868.50,2548
2026-08-13 03:00,29868.50,29879.50,29865.50,29874.00,947
2026-08-13 03:30,29876.25,29880.00,29867.25,29878.00,1010
2026-08-13 04:00,29886.75,29891.75,29853.75,29877.00,2298
2026-08-13 04:30,29876.50,29896.00,29873.50,29879.25,1316
2026-08-13 05:00,29878.50,29922.75,29874.00,29920.50,2364
2026-08-13 05:30,29921.50,29924.00,29882.00,29884.50,2125
2026-08-13 06:00,29884.50,29905.50,29869.25,29898.00,2204
2026-08-13 06:30,29896.75,29905.25,29858.25,29888.50,2209
2026-08-13 07:00,29888.00,29893.25,29845.00,29872.50,2912
2026-08-13 07:30,29869.75,29882.25,29859.25,29860.00,1902
2026-08-13 08:00,29859.75,29872.50,29827.00,29858.75,3423
2026-08-13 08:30,29859.50,29875.75,29845.50,29860.75,1688
2026-08-13 09:00,29861.50,29868.75,29821.00,29838.75,1875
2026-08-13 09:30,29837.50,29879.25,29836.50,29876.50,1221
2026-08-13 10:00,29876.25,29884.50,29863.25,29873.00,1585
2026-08-13 10:30,29874.00,29886.50,29868.50,29881.25,1070
2026-08-13 11:00,29881.50,29892.25,29855.50,29863.00,1881
2026-08-13 11:30,29860.25,29895.00,29857.50,29869.00,2157
2026-08-13 12:00,29869.50,29872.00,29812.25,29844.50,3971
2026-08-13 12:30,29849.75,29890.50,29820.00,29880.25,8716
2026-08-13 13:00,29880.75,29921.00,29878.75,29910.75,9403
2026-08-13 13:30,29911.00,30182.25,29863.50,30176.00,70055
2026-08-13 14:00,30175.75,30239.50,30155.75,30234.25,41474
2026-08-13 14:30,30233.25,30267.50,30198.25,30199.50,36166
2026-08-13 15:00,30199.25,30238.75,30179.50,30188.25,30502
2026-08-13 15:30,30188.75,30198.50,30104.00,30115.50,31585
2026-08-13 16:00,30117.25,30189.00,30114.25,30186.50,18558
2026-08-13 16:30,30186.75,30203.25,30168.00,30193.75,14059
2026-08-13 17:00,30193.75,30250.00,30193.25,30237.50,16742
2026-08-13 17:30,30237.75,30244.75,30203.75,30204.50,12604
2026-08-13 18:00,30205.00,30215.50,30181.00,30192.00,14202
2026-08-13 18:30,30192.00,30246.00,30191.50,30244.25,14925
2026-08-13 19:00,30244.25,30272.75,30215.25,30223.25,20143
2026-08-13 19:30,30222.75,30227.75,30173.00,30194.00,32154
2026-08-13 20:00,30194.25,30220.00,30144.50,30197.75,13824
2026-08-13 20:30,30198.25,30219.75,30195.50,30214.25,2626
2026-08-13 22:00,30210.75,30216.75,30186.00,30197.00,1360
2026-08-13 22:30,30198.50,30210.25,30198.25,30203.25,949
2026-08-13 23:00,30204.00,30226.00,30192.25,30199.50,1659
2026-08-13 23:30,30198.50,30204.00,30189.50,30203.25,1573
2026-08-14 00:00,30203.75,30232.00,30176.75,30185.50,4297
2026-08-14 00:30,30184.50,30191.75,30166.25,30170.00,2864
2026-08-14 01:00,30169.25,30169.75,30124.25,30152.50,5095
2026-08-14 01:30,30153.25,30168.00,30140.25,30151.50,2193
2026-08-14 02:00,30151.50,30171.75,30149.75,30167.25,1932
2026-08-14 02:30,30168.00,30181.50,30150.00,30154.75,1639
2026-08-14 03:00,30153.75,30180.00,30150.00,30180.00,1410
2026-08-14 03:30,30180.75,30182.50,30152.75,30153.75,1417
2026-08-14 04:00,30158.25,30165.00,30148.00,30157.50,1879
2026-08-14 04:30,30158.75,30163.75,30137.50,30147.00,1694
2026-08-14 05:00,30148.25,30152.50,30127.75,30150.50,1773
2026-08-14 05:30,30149.25,30182.00,30140.75,30174.00,1550
2026-08-14 06:00,30174.75,30177.75,30147.50,30163.25,1470
2026-08-14 06:30,30162.25,30178.00,30149.50,30172.50,1202
2026-08-14 07:00,30173.50,30194.25,30171.50,30177.00,2004
2026-08-14 07:30,30177.75,30203.75,30173.00,30194.75,1495
2026-08-14 08:00,30194.50,30235.75,30187.75,30225.50,3124
2026-08-14 08:30,30224.50,30240.25,30220.50,30220.75,1580
2026-08-14 09:00,30220.00,30232.00,30210.25,30226.75,1384
2026-08-14 09:30,30225.50,30236.00,30207.00,30235.00,1724
2026-08-14 10:00,30234.25,30249.75,30223.00,30228.75,1864
2026-08-14 10:30,30230.00,30252.50,30223.50,30252.00,1953
2026-08-14 11:00,30251.75,30262.00,30242.00,30247.25,2200
2026-08-14 11:30,30247.00,30268.00,30237.25,30263.75,2593
2026-08-14 12:00,30265.25,30280.25,30208.50,30251.50,5479
2026-08-14 12:30,30252.75,30279.75,30247.00,30268.25,5541
2026-08-14 13:00,30268.50,30283.00,30236.25,30241.50,6510
2026-08-14 13:30,30241.50,30280.50,30169.75,30228.25,63887
2026-08-14 14:00,30226.00,30272.25,30134.25,30160.25,39646
2026-08-14 14:30,30159.75,30176.50,30123.00,30123.00,27133
2026-08-14 15:00,30124.00,30143.00,30033.50,30072.50,31369
2026-08-14 15:30,30073.25,30075.00,30028.50,30065.75,24580
2026-08-14 16:00,30066.50,30107.75,30050.50,30101.00,18560
2026-08-14 16:30,30100.50,30102.00,30052.75,30059.00,16516
2026-08-14 17:00,30059.25,30079.75,30046.50,30059.25,13223
2026-08-14 17:30,30059.50,30084.50,30049.75,30081.50,11585
2026-08-14 18:00,30081.25,30092.50,30064.75,30068.00,11012
2026-08-14 18:30,30067.50,30104.00,30062.50,30088.50,11025
2026-08-14 19:00,30088.50,30104.00,30076.00,30096.75,12181
2026-08-14 19:30,30096.25,30148.00,30091.25,30145.00,30475
2026-08-14 20:00,30144.25,30153.25,30127.25,30131.00,9801
2026-08-14 20:30,30131.00,30154.75,30128.25,30141.75,2867
2026-08-16 22:00,30192.25,30202.50,30188.75,30192.75,746
2026-08-16 22:30,30193.00,30211.75,30187.25,30205.00,1513
2026-08-16 23:00,30205.25,30207.25,30191.50,30197.00,1161
2026-08-16 23:30,30197.75,30228.00,30192.75,30214.25,1781
2026-08-17 00:00,30215.00,30227.25,30189.00,30195.50,3039
2026-08-17 00:30,30195.50,30202.00,30185.50,30201.75,1752
2026-08-17 01:00,30201.00,30239.00,30199.75,30229.75,3539
2026-08-17 01:30,30230.25,30232.50,30187.00,30192.00,2568
2026-08-17 02:00,30192.00,30222.25,30185.25,30217.25,2372
2026-08-17 02:30,30216.75,30231.25,30211.75,30222.25,1394
2026-08-17 03:00,30223.00,30235.50,30220.75,30234.25,1252
2026-08-17 03:30,30234.75,30247.25,30226.00,30245.75,1184
2026-08-17 04:00,30246.75,30255.00,30240.50,30241.00,1441
2026-08-17 04:30,30241.00,30248.50,30233.00,30234.75,1138
2026-08-17 05:00,30234.50,30247.00,30230.50,30243.75,994
2026-08-17 05:30,30244.50,30274.00,30237.25,30272.00,1788
2026-08-17 06:00,30273.25,30299.00,30266.75,30296.75,3272
2026-08-17 06:30,30297.25,30327.00,30294.00,30324.50,3396
2026-08-17 07:00,30324.75,30331.50,30261.00,30279.75,3703
2026-08-17 07:30,30279.75,30324.25,30276.75,30313.00,2729
2026-08-17 08:00,30312.00,30328.00,30297.00,30315.25,2444
2026-08-17 08:30,30314.00,30319.00,30283.75,30298.25,1684
2026-08-17 09:00,30298.25,30301.50,30267.75,30274.50,1470
2026-08-17 09:30,30274.25,30291.50,30267.75,30282.00,1295
2026-08-17 10:00,30282.00,30343.00,30276.00,30338.00,2719
2026-08-17 10:30,30334.25,30338.50,30292.75,30315.00,2248
2026-08-17 11:00,30313.75,30325.00,30286.75,30299.50,3244
2026-08-17 11:30,30300.25,30310.00,30286.00,30286.75,1917
2026-08-17 12:00,30286.75,30288.75,30220.75,30236.00,5951
2026-08-17 12:30,30238.25,30250.50,30180.00,30202.50,7380
2026-08-17 13:00,30202.50,30238.00,30199.25,30219.50,8990
2026-08-17 13:30,30218.50,30266.00,30165.50,30235.00,56015
2026-08-17 14:00,30234.75,30243.25,30155.25,30197.75,36910
2026-08-17 14:30,30198.00,30246.00,30186.00,30244.00,21680
2026-08-17 15:00,30244.00,30287.50,30233.25,30269.00,25244
2026-08-17 15:30,30269.75,30273.50,30207.75,30239.50,22781
2026-08-17 16:00,30239.75,30243.25,30196.50,30207.25,14851
2026-08-17 16:30,30207.50,30212.75,30175.25,30183.50,12378
2026-08-17 17:00,30183.50,30187.25,30092.50,30096.75,26830
2026-08-17 17:30,30097.00,30128.00,30086.50,30102.25,18374
2026-08-17 18:00,30102.00,30114.00,30079.25,30103.00,16387
2026-08-17 18:30,30103.75,30136.50,30092.50,30122.25,11473
2026-08-17 19:00,30122.50,30124.75,30082.25,30093.50,15076
2026-08-17 19:30,30093.75,30123.00,30066.50,30090.50,27278
2026-08-17 20:00,30091.00,30098.00,30068.50,30078.50,8710
2026-08-17 20:30,30077.75,30080.00,30054.50,30078.25,2857
2026-08-17 22:00,30077.00,30091.75,30062.25,30076.00,1898
2026-08-17 22:30,30075.00,30083.50,30067.00,30079.75,1075
2026-08-17 23:00,30079.25,30088.75,30070.00,30084.00,1292
2026-08-17 23:30,30083.00,30103.00,30080.50,30094.50,2348
2026-08-18 00:00,30094.25,30114.75,30083.75,30100.00,2939
2026-08-18 00:30,30101.00,30121.25,30095.00,30098.00,2299
2026-08-18 01:00,30099.25,30110.00,30075.00,30087.50,2763
2026-08-18 01:30,30086.25,30090.50,29968.25,30012.50,9451
2026-08-18 02:00,30012.00,30022.00,29923.25,29931.00,7250
2026-08-18 02:30,29932.50,29959.75,29880.25,29908.25,7920
2026-08-18 03:00,29909.00,29915.50,29859.25,29879.25,4445
2026-08-18 03:30,29879.00,29909.75,29853.00,29900.00,4822
2026-08-18 04:00,29888.75,29920.25,29879.25,29911.00,3906
2026-08-18 04:30,29912.25,29927.25,29891.00,29918.00,2825
2026-08-18 05:00,29917.75,29918.50,29873.25,29876.00,3049
2026-08-18 05:30,29876.50,29880.75,29835.25,29842.00,3298
2026-08-18 06:00,29841.50,29866.50,29786.00,29860.00,6814
2026-08-18 06:30,29859.50,29896.00,29852.75,29893.00,2364
2026-08-18 07:00,29892.00,29896.50,29845.50,29847.25,2933
2026-08-18 07:30,29848.00,29854.75,29808.00,29810.75,3263
2026-08-18 08:00,29811.00,29814.25,29735.75,29759.75,8055
2026-08-18 08:30,29759.50,29792.25,29742.50,29765.50,3483
2026-08-18 09:00,29765.00,29778.00,29723.50,29735.00,3815
2026-08-18 09:30,29736.50,29742.00,29687.25,29733.00,5381
2026-08-18 10:00,29732.25,29743.75,29703.75,29727.50,3108
2026-08-18 10:30,29726.75,29752.75,29720.50,29739.00,2452
2026-08-18 11:00,29739.00,29773.75,29730.25,29756.75,4055
2026-08-18 11:30,29758.00,29775.75,29727.00,29747.25,3612
2026-08-18 12:00,29748.50,29786.00,29711.50,29714.50,6674
2026-08-18 12:30,29714.25,29723.00,29680.50,29713.00,5878
2026-08-18 13:00,29713.00,29726.50,29678.00,29690.25,10053
2026-08-18 13:30,29690.75,29769.75,29604.75,29646.25,81300
2026-08-18 14:00,29647.50,29705.75,29568.50,29669.25,57198
2026-08-18 14:30,29668.75,29691.25,29536.25,29547.75,43930
2026-08-18 15:00,29547.50,29600.00,29514.00,29591.25,38928
2026-08-18 15:30,29591.00,29641.00,29566.50,29637.00,27337
2026-08-18 16:00,29636.75,29663.25,29609.50,29609.75,23651
2026-08-18 16:30,29609.75,29670.75,29603.25,29649.75,19941
2026-08-18 17:00,29649.75,29660.75,29593.00,29616.00,16730
2026-08-18 17:30,29615.25,29622.00,29565.00,29565.75,15023
2026-08-18 18:00,29566.00,29615.00,29547.25,29603.25,19719
2026-08-18 18:30,29603.50,29614.00,29565.25,29571.25,13420
2026-08-18 19:00,29571.00,29606.75,29564.50,29600.00,14883
2026-08-18 19:30,29600.00,29610.00,29559.25,29586.50,37981
2026-08-18 20:00,29586.75,29596.75,29561.50,29578.25,8604
2026-08-18 20:30,29578.50,29586.00,29550.25,29559.50,3075
2026-08-18 22:00,29566.50,29593.50,29544.75,29546.75,2759
2026-08-18 22:30,29547.50,29552.75,29516.75,29519.50,3317
2026-08-18 23:00,29520.00,29567.25,29514.25,29546.00,3370
2026-08-18 23:30,29545.75,29552.75,29523.00,29528.50,3009
2026-08-19 00:00,29527.50,29530.75,29442.00,29530.75,9745
2026-08-19 00:30,29530.75,29586.00,29529.75,29539.25,6068
2026-08-19 01:00,29538.25,29609.50,29530.25,29602.00,7491
2026-08-19 01:30,29600.75,29604.50,29563.00,29577.75,3727
2026-08-19 02:00,29579.00,29583.25,29521.00,29542.00,4409
2026-08-19 02:30,29541.75,29545.00,29514.00,29532.00,2759
2026-08-19 03:00,29532.00,29555.00,29519.75,29535.25,2712
2026-08-19 03:30,29533.50,29567.00,29516.25,29527.75,2774
2026-08-19 04:00,29517.00,29543.50,29505.00,29533.75,2771
2026-08-19 04:30,29533.75,29540.50,29463.75,29506.00,3444
2026-08-19 05:00,29506.75,29535.00,29466.25,29509.25,3438
2026-08-19 05:30,29507.50,29512.25,29446.00,29457.50,3014
2026-08-19 06:00,29456.50,29504.75,29430.50,29482.00,4357
2026-08-19 06:30,29481.50,29561.50,29460.00,29559.75,4541
2026-08-19 07:00,29558.75,29578.25,29520.25,29578.25,4418
2026-08-19 07:30,29578.50,29606.50,29547.25,29601.25,4471
2026-08-19 08:00,29600.25,29640.75,29593.00,29622.50,6869
2026-08-19 08:30,29620.50,29633.25,29600.25,29609.50,3007
2026-08-19 09:00,29606.25,29630.00,29566.25,29571.00,3461
2026-08-19 09:30,29571.00,29587.00,29536.50,29553.75,2595
2026-08-19 10:00,29553.25,29557.75,29510.75,29536.25,3508
2026-08-19 10:30,29536.00,29558.75,29517.75,29521.00,2575
2026-08-19 11:00,29522.50,29578.00,29509.50,29538.50,3971
2026-08-19 11:30,29536.25,29540.25,29506.75,29536.00,2836
2026-08-19 12:00,29535.00,29583.00,29511.50,29573.25,6462
2026-08-19 12:30,29574.00,29757.25,29549.25,29742.75,25419
2026-08-19 13:00,29743.00,29748.25,29679.75,29697.00,16181
2026-08-19 13:30,29696.00,29742.75,29406.50,29496.50,97457
2026-08-19 14:00,29496.25,29514.25,29375.75,29482.50,62399
2026-08-19 14:30,29482.50,29624.50,29468.25,29623.25,40704
2026-08-19 15:00,29623.00,29631.25,29581.00,29613.50,25873
2026-08-19 15:30,29613.25,29616.50,29550.25,29606.25,21589
2026-08-19 16:00,29607.25,29667.25,29587.50,29609.00,19382
2026-08-19 16:30,29609.00,29621.50,29553.00,29559.50,14275
2026-08-19 17:00,29560.00,29573.25,29510.50,29539.50,16887
2026-08-19 17:30,29540.00,29561.00,29513.75,29544.25,11282
2026-08-19 18:00,29544.00,29592.50,29492.00,29538.75,20889
2026-08-19 18:30,29538.50,29578.75,29527.50,29535.00,14180
2026-08-19 19:00,29535.25,29579.75,29529.50,29555.75,12412
2026-08-19 19:30,29556.75,29590.00,29485.25,29521.50,34222
2026-08-19 20:00,29522.00,29542.75,29514.25,29525.25,8588
2026-08-19 20:30,29524.75,29562.50,29520.00,29561.00,2709
2026-08-19 22:00,29561.50,29639.00,29556.50,29621.50,2969
2026-08-19 22:30,29622.00,29654.25,29613.00,29649.50,3046
2026-08-19 23:00,29650.75,29689.75,29632.75,29651.25,3160
2026-08-19 23:30,29652.00,29666.75,29626.00,29628.50,2299
2026-08-20 00:00,29629.00,29665.50,29581.50,29630.50,5683
2026-08-20 00:30,29630.75,29675.75,29617.00,29669.75,3054
2026-08-20 01:00,29670.50,29684.25,29624.75,29634.50,3829
2026-08-20 01:30,29633.75,29674.75,29623.75,29642.25,3132
2026-08-20 02:00,29641.75,29683.25,29612.75,29633.25,3453
2026-08-20 02:30,29631.25,29662.25,29610.00,29630.25,2486
2026-08-20 03:00,29632.00,29657.25,29606.00,29626.00,2214
2026-08-20 03:30,29625.00,29631.25,29593.50,29613.00,2621
2026-08-20 04:00,29646.25,29656.00,29636.00,29639.25,1544
2026-08-20 04:30,29640.25,29642.00,29608.50,29615.00,1643
2026-08-20 05:00,29617.00,29641.00,29587.75,29616.00,2272
2026-08-20 05:30,29617.25,29634.25,29599.75,29605.50,1647
2026-08-20 06:00,29607.00,29666.25,29602.25,29654.50,2857
2026-08-20 06:30,29653.50,29686.50,29647.00,29672.50,2502
2026-08-20 07:00,29672.75,29672.75,29604.75,29615.75,3722
2026-08-20 07:30,29615.50,29637.00,29592.75,29594.50,2818
2026-08-20 08:00,29595.75,29605.50,29496.00,29501.25,6629
2026-08-20 08:30,29502.00,29529.50,29452.75,29475.75,5907
2026-08-20 09:00,29477.25,29543.75,29468.00,29530.75,3159
2026-08-20 09:30,29527.00,29546.75,29507.50,29528.25,1607
2026-08-20 10:00,29527.25,29564.00,29511.75,29537.75,2705
2026-08-20 10:30,29535.75,29567.00,29516.25,29566.00,2335
2026-08-20 11:00,29566.00,29582.25,29422.00,29425.00,7323
2026-08-20 11:30,29424.50,29453.50,29348.75,29362.00,8779
2026-08-20 12:00,29361.25,29375.00,29262.50,29276.50,14556
2026-08-20 12:30,29278.00,29351.00,29240.00,29346.00,11778
2026-08-20 13:00,29346.75,29373.25,29324.00,29350.75,11442
2026-08-20 13:30,29350.50,29470.25,29308.75,29354.00,83306
2026-08-20 14:00,29354.00,29414.00,29305.00,29349.75,54775
2026-08-20 14:30,29350.75,29433.50,29329.00,29392.75,34119
2026-08-20 15:00,29392.50,29457.50,29301.00,29345.00,38581
2026-08-20 15:30,29344.00,29350.50,29269.25,29329.75,25385
2026-08-20 16:00,29329.75,29356.50,29302.75,29340.75,17766
2026-08-20 16:30,29340.25,29389.00,29310.00,29380.00,17853
2026-08-20 17:00,29380.00,29382.00,29292.50,29294.50,16504
2026-08-20 17:30,29294.25,29325.75,29282.75,29292.75,15412
2026-08-20 18:00,29292.50,29293.00,29202.75,29232.75,25851
2026-08-20 18:30,29233.00,29259.00,29212.00,29243.75,16806
2026-08-20 19:00,29243.75,29307.50,29242.25,29304.50,18811
2026-08-20 19:30,29304.25,29335.25,29286.50,29305.75,37810
2026-08-20 20:00,29306.00,29320.50,29262.50,29288.25,9703
2026-08-20 20:30,29287.75,29319.50,29285.25,29317.25,2775
2026-08-20 22:00,29327.00,29345.75,29274.25,29285.75,1618
2026-08-20 22:30,29286.50,29325.50,29281.75,29323.00,1970
2026-08-20 23:00,29321.50,29328.50,29312.50,29315.50,1137
2026-08-20 23:30,29316.50,29323.75,29286.75,29293.00,2745
2026-08-21 00:00,29292.50,29365.50,29289.75,29325.50,4829
2026-08-21 00:30,29326.75,29362.00,29311.75,29320.50,2964
2026-08-21 01:00,29320.50,29357.00,29291.75,29341.50,3948
2026-08-21 01:30,29340.50,29372.50,29320.25,29354.25,2883
2026-08-21 02:00,29353.75,29395.00,29343.25,29390.00,2374
2026-08-21 02:30,29390.00,29399.25,29376.00,29384.00,1999
2026-08-21 03:00,29384.00,29388.25,29349.00,29363.00,2127
2026-08-21 03:30,29364.75,29376.75,29342.75,29360.25,1727
2026-08-21 04:00,29362.00,29371.75,29330.50,29330.50,2101
2026-08-21 04:30,29330.00,29364.50,29321.25,29356.25,1720
2026-08-21 05:00,29358.25,29380.75,29351.50,29353.25,1437
2026-08-21 05:30,29352.25,29377.50,29340.25,29366.25,1626
2026-08-21 06:00,29365.50,29381.00,29354.50,29376.25,1719
2026-08-21 06:30,29375.50,29401.50,29365.50,29386.50,2416
2026-08-21 07:00,29386.00,29458.75,29380.50,29427.50,4460
2026-08-21 07:30,29426.00,29453.50,29420.50,29446.00,3170
2026-08-21 08:00,29447.25,29464.25,29390.50,29421.50,4594
2026-08-21 08:30,29421.25,29467.50,29418.00,29453.00,3675
2026-08-21 09:00,29454.00,29455.00,29411.50,29435.50,3284
2026-08-21 09:30,29435.50,29495.00,29429.75,29485.00,4624
2026-08-21 10:00,29485.75,29518.50,29470.25,29490.00,4195
2026-08-21 10:30,29489.50,29495.00,29471.25,29479.50,1860
2026-08-21 11:00,29480.00,29525.00,29452.75,29519.25,5174
2026-08-21 11:30,29518.50,29539.00,29498.50,29500.00,5309
2026-08-21 12:00,29499.50,29516.75,29477.75,29516.25,4535
2026-08-21 12:30,29515.50,29539.00,29503.50,29511.50,5699
2026-08-21 13:00,29511.75,29516.00,29418.00,29469.25,14297
2026-08-21 13:30,29469.25,29476.00,29255.75,29303.50,72468
2026-08-21 14:00,29303.25,29335.50,29220.00,29278.75,54282
2026-08-21 14:30,29280.25,29333.75,29258.00,29331.75,35218
2026-08-21 15:00,29332.00,29371.25,29326.75,29368.25,27761
2026-08-21 15:30,29367.75,29488.75,29364.00,29443.00,38743
2026-08-21 16:00,29443.50,29452.75,29388.75,29409.50,26363
2026-08-21 16:30,29410.00,29425.50,29380.75,29412.25,13119
2026-08-21 17:00,29412.00,29424.00,29376.25,29395.25,14970
2026-08-21 17:30,29396.00,29410.50,29381.50,29383.75,10563
2026-08-21 18:00,29383.25,29405.25,29362.75,29363.00,13124
2026-08-21 18:30,29363.00,29403.50,29353.75,29400.25,10739
2026-08-21 19:00,29400.00,29415.00,29380.25,29394.50,14841
2026-08-21 19:30,29393.50,29432.25,29375.25,29395.25,31809
2026-08-21 20:00,29395.75,29398.00,29367.75,29370.00,8978
2026-08-21 20:30,29370.50,29388.00,29370.00,29387.75,3327
2026-08-23 22:00,29321.00,29343.00,29313.00,29338.75,1454
2026-08-23 22:30,29337.75,29400.00,29335.00,29390.50,2537
2026-08-23 23:00,29390.50,29429.50,29384.00,29429.00,1541
2026-08-23 23:30,29427.00,29480.50,29418.00,29467.75,3737
2026-08-24 00:00,29466.50,29472.50,29335.00,29356.50,8343
2026-08-24 00:30,29357.25,29428.25,29337.25,29427.25,4721
2026-08-24 01:00,29425.75,29449.00,29393.25,29410.25,3848
2026-08-24 01:30,29409.50,29410.75,29321.00,29323.25,4388
2026-08-24 02:00,29321.50,29373.25,29301.25,29363.00,5741
2026-08-24 02:30,29363.00,29377.25,29341.75,29370.50,3066
2026-08-24 03:00,29371.25,29372.50,29289.75,29295.50,3666
2026-08-24 03:30,29295.00,29305.00,29261.25,29271.00,3304
2026-08-24 04:00,29272.25,29300.75,29268.25,29292.00,2448
2026-08-24 04:30,29292.25,29304.00,29263.00,29265.75,2005
2026-08-24 05:00,29265.50,29297.25,29247.00,29250.00,2551
2026-08-24 05:30,29248.00,29266.50,29188.00,29200.75,5996
2026-08-24 06:00,29200.25,29219.25,29120.50,29166.50,6981
2026-08-24 06:30,29164.75,29180.50,29142.00,29164.50,2702
2026-08-24 07:00,29164.50,29208.75,29146.50,29183.50,3420
2026-08-24 07:30,29182.25,29212.50,29130.75,29143.75,3429
2026-08-24 08:00,29146.25,29210.50,29116.75,29191.75,4931
2026-08-24 08:30,29191.50,29240.00,29179.75,29215.00,2544
2026-08-24 09:00,29215.75,29247.75,29201.00,29210.50,2416
2026-08-24 09:30,29209.50,29249.75,29209.00,29231.50,2087
2026-08-24 10:00,29231.75,29247.00,29204.25,29209.25,2408
2026-08-24 10:30,29208.50,29240.00,29179.50,29184.75,2410
2026-08-24 11:00,29185.25,29203.00,29145.75,29183.00,4064
2026-08-24 11:30,29183.50,29283.00,29183.00,29245.50,7012
2026-08-24 12:00,29245.50,29245.75,29203.50,29230.00,3737
2026-08-24 12:30,29229.50,29240.75,29171.50,29206.00,5918
2026-08-24 13:00,29205.75,29236.75,29195.75,29235.00,7147
2026-08-24 13:30,29235.50,29243.00,28946.75,29021.75,86002
2026-08-24 14:00,29022.25,29036.75,28953.50,29012.25,43296
2026-08-24 14:30,29011.75,29110.75,29001.50,29082.75,35527
2026-08-24 15:00,29083.25,29137.00,29038.75,29121.25,29408
2026-08-24 15:30,29122.00,29205.50,29111.50,29168.75,32740
2026-08-24 16:00,29169.00,29224.75,29156.75,29203.75,21204
2026-08-24 16:30,29204.25,29212.25,29170.50,29171.00,13785
2026-08-24 17:00,29171.25,29210.50,29132.00,29140.00,20748
2026-08-24 17:30,29139.50,29143.00,29116.50,29123.00,15148
2026-08-24 18:00,29123.75,29224.00,29123.00,29218.25,19403
2026-08-24 18:30,29218.00,29233.25,29153.00,29154.00,16680
2026-08-24 19:00,29153.75,29167.00,29142.75,29158.75,13337
2026-08-24 19:30,29158.00,29173.00,29095.50,29099.50,35255
2026-08-24 20:00,29099.25,29124.75,29080.75,29084.00,9178
2026-08-24 20:30,29083.75,29136.50,29083.50,29131.25,3343
2026-08-24 22:00,29140.50,29152.75,29120.00,29126.75,1426
2026-08-24 22:30,29123.75,29130.00,29111.50,29121.00,1185
2026-08-24 23:00,29121.00,29128.25,29105.75,29106.75,1246
2026-08-24 23:30,29107.25,29116.00,29072.00,29096.25,3628
2026-08-25 00:00,29095.75,29102.25,29017.00,29079.50,7286
2026-08-25 00:30,29079.25,29146.00,29070.75,29126.50,4483
2026-08-25 01:00,29128.00,29143.25,29095.50,29115.00,3487
2026-08-25 01:30,29114.25,29155.50,29108.50,29128.25,3868
2026-08-25 02:00,29127.00,29149.00,29104.00,29146.00,3643
2026-08-25 02:30,29145.25,29168.25,29093.50,29101.75,3418
2026-08-25 03:00,29102.50,29176.25,29100.25,29175.00,3873
2026-08-25 03:30,29174.50,29190.00,29151.75,29157.75,2603
2026-08-25 04:00,29190.00,29207.25,29183.25,29201.00,2449
2026-08-25 04:30,29201.75,29217.25,29185.00,29198.75,2086
2026-08-25 05:00,29200.25,29227.00,29190.00,29220.25,2749
2026-08-25 05:30,29219.25,29241.00,29201.00,29232.00,3707
2026-08-25 06:00,29231.75,29288.50,29105.75,29266.25,4231
2026-08-25 06:30,29265.25,29267.50,29236.25,29263.25,2403
2026-08-25 07:00,29263.50,29290.75,29226.50,29248.25,3758
2026-08-25 07:30,29246.25,29261.50,29226.25,29231.75,2302
2026-08-25 08:00,29233.50,29326.00,29212.25,29276.50,5724
2026-08-25 08:30,29278.25,29306.25,29257.00,29301.75,2878
2026-08-25 09:00,29302.00,29337.00,29286.00,29318.00,3455
2026-08-25 09:30,29317.00,29425.75,29315.00,29392.50,6942
2026-08-25 10:00,29389.25,29410.25,29367.25,29370.00,3430
2026-08-25 10:30,29370.75,29379.75,29346.25,29358.50,2798
2026-08-25 11:00,29358.00,29362.25,29304.00,29340.50,4572
2026-08-25 11:30,29340.75,29390.50,29339.50,29373.00,3717
2026-08-25 12:00,29372.75,29409.50,29355.25,29374.25,5461
2026-08-25 12:30,29373.25,29373.25,29312.50,29334.00,6162
2026-08-25 13:00,29334.00,29344.75,29294.50,29296.25,9861
2026-08-25 13:30,29297.00,29414.75,29279.25,29312.75,77030
2026-08-25 14:00,29313.25,29315.00,29209.25,29215.25,48324
2026-08-25 14:30,29214.75,29268.75,29138.00,29232.50,40912
2026-08-25 15:00,29233.00,29282.00,29197.00,29276.75,22994
2026-08-25 15:30,29277.25,29309.75,29222.75,29262.00,25042
2026-08-25 16:00,29263.25,29298.50,29260.75,29293.75,15413
2026-08-25 16:30,29294.75,29299.75,29252.75,29274.75,16249
2026-08-25 17:00,29275.50,29279.00,29214.50,29224.50,17447
2026-08-25 17:30,29224.75,29234.50,29216.00,29227.25,9983
2026-08-25 18:00,29226.75,29227.50,29202.00,29219.75,13125
2026-08-25 18:30,29219.75,29275.00,29219.00,29255.50,16208
2026-08-25 19:00,29256.00,29266.50,29212.75,29226.00,13652
2026-08-25 19:30,29225.75,29289.50,29211.50,29270.25,30176
2026-08-25 20:00,29270.50,29313.50,29262.00,29302.50,11257
2026-08-25 20:30,29302.00,29308.75,29268.75,29287.50,3414
2026-08-25 22:00,29288.00,29309.75,29280.00,29291.25,1365
2026-08-25 22:30,29291.50,29293.00,29280.75,29284.50,758
2026-08-25 23:00,29284.25,29288.50,29245.25,29246.00,1857
2026-08-25 23:30,29246.00,29248.50,29207.00,29211.50,3167
2026-08-26 00:00,29210.25,29238.50,29165.25,29184.25,6585
2026-08-26 00:30,29183.75,29188.00,29110.50,29112.25,6279
2026-08-26 01:00,29113.00,29147.00,29099.00,29109.75,5131
2026-08-26 01:30,29110.50,29135.00,29096.00,29133.50,3839
2026-08-26 02:00,29133.50,29174.75,29119.25,29172.25,3804
2026-08-26 02:30,29172.75,29229.75,29171.00,29220.25,4324
2026-08-26 03:00,29221.50,29235.75,29212.00,29214.75,2109
2026-08-26 03:30,29215.50,29275.25,29205.00,29267.00,4121
2026-08-26 04:00,29265.25,29283.25,29260.50,29272.25,2649
2026-08-26 04:30,29272.00,29275.25,29217.25,29226.75,2831
2026-08-26 05:00,29227.75,29259.75,29226.50,29245.00,2488
2026-08-26 05:30,29246.00,29262.75,29226.00,29243.00,1637
2026-08-26 06:00,29242.25,29248.75,29203.50,29218.75,2514
2026-08-26 06:30,29218.25,29277.25,29209.75,29252.75,2834
2026-08-26 07:00,29252.25,29257.75,29192.25,29199.00,3963
2026-08-26 07:30,29201.25,29219.25,29185.75,29212.25,2248
2026-08-26 08:00,29213.00,29245.25,29185.00,29235.50,3756
2026-08-26 08:30,29234.75,29251.00,29209.75,29228.00,1693
2026-08-26 09:00,29227.75,29234.75,29191.25,29198.00,1712
2026-08-26 09:30,29200.00,29236.50,29198.50,29234.50,1415
2026-08-26 10:00,29234.25,29235.00,29196.00,29200.25,1757
2026-08-26 10:30,29201.00,29242.25,29188.75,29237.50,2306
2026-08-26 11:00,29237.50,29278.75,29234.75,29253.00,3506
2026-08-26 11:30,29252.25,29261.75,29186.00,29219.50,4596
2026-08-26 12:00,29220.75,29259.50,29190.00,29257.25,4937
2026-08-26 12:30,29256.75,29263.25,29133.25,29150.75,15873
2026-08-26 13:00,29151.75,29175.00,29133.50,29173.75,9319
2026-08-26 13:30,29174.50,29332.75,29174.25,29331.25,67368
2026-08-26 14:00,29331.50,29332.50,29156.75,29178.25,36486
2026-08-26 14:30,29178.25,29268.00,29176.00,29252.25,26118
2026-08-26 15:00,29251.75,29283.00,29222.50,29256.50,20345
2026-08-26 15:30,29256.75,29291.50,29215.50,29217.75,22470
2026-08-26 16:00,29217.75,29224.25,29189.00,29207.00,15226
2026-08-26 16:30,29207.25,29224.75,29170.00,29216.75,15452
2026-08-26 17:00,29216.00,29270.75,29210.50,29267.25,14514
2026-08-26 17:30,29268.00,29293.75,29262.75,29284.25,14429
2026-08-26 18:00,29284.50,29296.00,29264.75,29280.00,11726
2026-08-26 18:30,29279.75,29329.75,29275.75,29321.75,14873
2026-08-26 19:00,29321.25,29368.25,29317.75,29338.00,18488
2026-08-26 19:30,29338.00,29345.50,29280.25,29297.25,31907
2026-08-26 20:00,29297.00,29383.75,29283.25,29342.25,19238
2026-08-26 20:30,29342.00,29437.75,29317.00,29432.50,7192
2026-08-26 22:00,29499.50,29602.00,29499.25,29583.75,5622
2026-08-26 22:30,29583.50,29628.50,29581.00,29606.50,4282
2026-08-26 23:00,29605.00,29615.50,29585.00,29602.50,3006
2026-08-26 23:30,29602.75,29653.00,29594.50,29646.50,2832
2026-08-27 00:00,29648.25,29654.75,29558.00,29581.00,6259
2026-08-27 00:30,29580.50,29581.25,29438.25,29445.75,9565
2026-08-27 01:00,29443.75,29509.25,29432.50,29503.25,6591
2026-08-27 01:30,29503.00,29554.25,29491.75,29529.75,5223
2026-08-27 02:00,29531.75,29544.25,29516.75,29539.00,2540
2026-08-27 02:30,29538.75,29560.50,29530.50,29548.75,2586
2026-08-27 03:00,29550.50,29575.75,29530.00,29564.25,2599
2026-08-27 03:30,29566.00,29572.25,29526.50,29534.25,2054
2026-08-27 04:00,29533.75,29551.75,29528.50,29528.50,1315
2026-08-27 04:30,29528.50,29530.25,29493.00,29497.25,2493
2026-08-27 05:00,29501.50,29504.25,29448.00,29468.00,3802
2026-08-27 05:30,29466.25,29472.75,29428.50,29438.75,3616
2026-08-27 06:00,29437.50,29451.00,29401.75,29450.75,4899
2026-08-27 06:30,29451.50,29500.00,29449.00,29499.50,3211
2026-08-27 07:00,29498.75,29548.75,29477.25,29548.25,5028
2026-08-27 07:30,29547.75,29549.75,29499.00,29539.50,3790
2026-08-27 08:00,29538.75,29659.75,29537.00,29656.50,7269
2026-08-27 08:30,29656.75,29662.00,29610.25,29623.75,5387
2026-08-27 09:00,29624.75,29634.25,29568.00,29598.00,5273
2026-08-27 09:30,29597.75,29634.50,29596.75,29602.00,4587
2026-08-27 10:00,29602.25,29606.25,29577.00,29579.75,2326
2026-08-27 10:30,29580.75,29602.75,29568.25,29597.50,2617
2026-08-27 11:00,29599.00,29630.00,29569.50,29569.50,4209
2026-08-27 11:30,29570.25,29588.00,29514.75,29558.50,5123
2026-08-27 12:00,29557.75,29590.50,29551.00,29579.25,4661
2026-08-27 12:30,29579.00,29581.25,29515.50,29522.50,6504
2026-08-27 13:00,29522.00,29570.25,29518.50,29524.75,10024
2026-08-27 13:30,29524.50,29605.00,29423.75,29483.00,96860
2026-08-27 14:00,29484.00,29623.50,29478.50,29606.75,45548
2026-08-27 14:30,29606.50,29610.25,29532.00,29601.50,34427
2026-08-27 15:00,29601.75,29635.00,29573.00,29578.50,22517
2026-08-27 15:30,29578.25,29610.00,29511.50,29598.00,30835
2026-08-27 16:00,29597.25,29623.75,29570.00,29603.00,17926
2026-08-27 16:30,29603.50,29659.50,29599.00,29651.75,17483
2026-08-27 17:00,29652.00,29678.50,29638.00,29641.50,17607
2026-08-27 17:30,29641.25,29658.50,29607.00,29611.50,16755
2026-08-27 18:00,29612.00,29622.00,29526.50,29538.25,23822
2026-08-27 18:30,29538.25,29582.25,29537.00,29571.25,19732
2026-08-27 19:00,29571.50,29613.00,29567.00,29602.25,17864
2026-08-27 19:30,29602.75,29704.50,29595.00,29691.75,39637
2026-08-27 20:00,29691.75,29708.00,29634.25,29638.50,13426
2026-08-27 20:30,29639.25,29644.75,29620.50,29635.25,3472
2026-08-27 22:00,29635.50,29644.75,29600.00,29637.25,1425
2026-08-27 22:30,29637.00,29640.75,29630.00,29634.75,986
2026-08-27 23:00,29633.50,29637.50,29604.00,29608.25,1671
2026-08-27 23:30,29610.00,29612.75,29592.00,29600.75,2176
2026-08-28 00:00,29601.75,29656.00,29594.25,29653.00,6127
2026-08-28 00:30,29651.25,29667.25,29633.50,29645.00,2570
2026-08-28 01:00,29645.75,29672.75,29642.75,29648.75,2651
2026-08-28 01:30,29648.50,29679.75,29641.75,29677.75,3393
2026-08-28 02:00,29678.75,29703.00,29678.75,29692.75,2516
2026-08-28 02:30,29691.00,29691.00,29644.75,29663.75,2721
2026-08-28 03:00,29664.75,29707.00,29660.50,29700.25,2269
2026-08-28 03:30,29700.50,29704.25,29640.25,29671.50,3239
2026-08-28 04:00,29646.00,29669.75,29644.25,29659.50,1825
2026-08-28 04:30,29658.50,29660.75,29636.25,29641.75,1409
2026-08-28 05:00,29642.00,29643.75,29611.50,29622.75,2347
2026-08-28 05:30,29623.00,29624.50,29597.25,29598.25,2153
2026-08-28 06:00,29599.00,29623.75,29594.50,29596.00,2580
2026-08-28 06:30,29597.50,29645.25,29596.00,29645.25,2781
2026-08-28 07:00,29645.25,29653.50,29599.75,29613.75,3758
2026-08-28 07:30,29613.50,29625.75,29593.00,29607.00,2295
2026-08-28 08:00,29607.00,29620.50,29578.25,29598.25,4157
2026-08-28 08:30,29598.50,29633.50,29596.25,29619.75,2528
2026-08-28 09:00,29619.00,29620.50,29595.75,29615.75,1822
2026-08-28 09:30,29615.50,29620.25,29599.00,29605.50,1215
2026-08-28 10:00,29606.00,29617.25,29593.25,29611.50,1666
2026-08-28 10:30,29611.25,29625.00,29598.00,29622.00,1762
2026-08-28 11:00,29622.25,29636.50,29598.25,29633.50,2865
2026-08-28 11:30,29635.00,29640.00,29597.50,29603.50,1821
2026-08-28 12:00,29601.50,29663.00,29597.50,29661.50,4456
2026-08-28 12:30,29661.25,29665.00,29615.00,29659.00,4750
2026-08-28 13:00,29659.00,29681.75,29622.00,29628.00,8848
2026-08-28 13:30,29628.00,29703.25,29562.75,29629.00,61438
2026-08-28 14:00,29632.00,29706.00,29505.00,29653.50,73704
2026-08-28 14:30,29653.75,29799.00,29632.00,29796.50,49978
2026-08-28 15:00,29796.50,29811.50,29735.25,29782.75,34126
2026-08-28 15:30,29783.25,29785.50,29544.25,29552.50,47076
2026-08-28 16:00,29553.00,29593.00,29464.50,29489.00,46671
2026-08-28 16:30,29488.50,29549.00,29475.00,29501.25,28854
2026-08-28 17:00,29502.00,29503.00,29436.25,29470.00,27342
2026-08-28 17:30,29470.00,29529.25,29461.25,29514.75,17819
2026-08-28 18:00,29515.75,29521.50,29471.25,29483.75,15230
2026-08-28 18:30,29483.25,29507.00,29441.00,29455.50,15489
2026-08-28 19:00,29456.00,29502.00,29443.50,29498.25,17179
2026-08-28 19:30,29498.50,29521.50,29473.50,29496.00,37136
2026-08-28 20:00,29496.50,29507.75,29478.25,29492.00,7711
2026-08-28 20:30,29492.00,29519.25,29485.00,29491.75,4209
2026-08-30 22:00,29457.25,29495.00,29446.75,29473.00,1907
2026-08-30 22:30,29474.75,29476.50,29428.00,29442.50,3461
2026-08-30 23:00,29442.50,29449.25,29369.00,29371.75,5218
2026-08-30 23:30,29372.00,29375.50,29289.00,29289.75,7207
2026-08-31 00:00,29291.00,29378.25,29273.50,29372.00,7266
2026-08-31 00:30,29370.25,29398.50,29350.50,29357.00,4716
2026-08-31 01:00,29358.25,29358.25,29292.50,29331.75,6744
2026-08-31 01:30,29330.25,29338.00,29302.25,29327.00,4145
2026-08-31 02:00,29325.75,29362.75,29304.50,29331.50,5062
2026-08-31 02:30,29327.00,29346.50,29287.00,29344.25,4310
2026-08-31 03:00,29346.00,29367.25,29336.75,29344.00,2576
2026-08-31 03:30,29345.75,29353.50,29337.75,29348.75,1325
2026-08-31 04:00,29352.50,29357.00,29341.50,29347.25,1098
2026-08-31 04:30,29348.00,29423.75,29333.75,29414.75,3507
2026-08-31 05:00,29415.00,29477.25,29407.75,29470.00,3685
2026-08-31 05:30,29470.00,29474.25,29426.25,29462.25,3182
2026-08-31 06:00,29462.00,29518.50,29448.75,29512.50,4476
2026-08-31 06:30,29512.50,29528.50,29495.75,29517.75,2518
2026-08-31 07:00,29516.25,29521.25,29500.00,29509.75,1845
2026-08-31 07:30,29508.25,29522.75,29493.50,29508.25,1488
2026-08-31 08:00,29508.50,29535.00,29485.00,29501.00,4207
2026-08-31 08:30,29500.75,29502.25,29475.00,29485.00,2077
2026-08-31 09:00,29485.25,29509.25,29470.75,29491.25,2113
2026-08-31 09:30,29491.75,29492.50,29445.50,29450.50,1908
2026-08-31 10:00,29451.50,29467.75,29440.50,29461.00,2797
2026-08-31 10:30,29460.75,29471.50,29450.00,29458.75,1241
2026-08-31 11:00,29458.25,29471.00,29435.50,29465.00,2835
2026-08-31 11:30,29465.50,29466.75,29425.25,29429.75,2788
2026-08-31 12:00,29429.75,29486.00,29397.00,29415.75,6520
2026-08-31 12:30,29415.75,29442.25,29380.00,29389.00,6252
2026-08-31 13:00,29389.50,29445.25,29377.50,29438.75,8636
2026-08-31 13:30,29438.50,29516.75,29387.75,29438.75,66531
2026-08-31 14:00,29439.25,29447.75,29355.00,29376.25,37275
2026-08-31 14:30,29374.25,29444.25,29364.50,29416.00,27817
2026-08-31 15:00,29415.25,29445.75,29395.50,29421.00,24751
2026-08-31 15:30,29420.50,29432.75,29383.00,29388.75,20929
2026-08-31 16:00,29389.25,29426.50,29362.50,29425.00,19742
2026-08-31 16:30,29425.00,29443.25,29394.25,29440.50,15321
2026-08-31 17:00,29440.00,29441.00,29393.25,29396.75,10915
2026-08-31 17:30,29396.75,29457.50,29388.00,29442.00,15144
2026-08-31 18:00,29442.00,29464.25,29422.25,29438.25,12423
2026-08-31 18:30,29438.00,29443.25,29382.50,29403.75,15990
2026-08-31 19:00,29404.50,29453.50,29403.50,29448.25,13443
2026-08-31 19:30,29447.75,29538.25,29430.50,29506.00,44196
2026-08-31 20:00,29506.50,29527.50,29503.75,29513.75,9229
2026-08-31 20:30,29513.00,29521.25,29507.00,29521.00,2104
2026-08-31 22:00,29518.25,29522.50,29498.50,29501.75,981
2026-08-31 22:30,29502.50,29508.25,29491.00,29493.50,1041
2026-08-31 23:00,29493.25,29505.00,29486.00,29497.00,1268
2026-08-31 23:30,29495.50,29519.50,29493.50,29501.25,2192
2026-09-01 00:00,29503.25,29521.75,29478.25,29501.00,4836
2026-09-01 00:30,29501.00,29520.50,29484.25,29506.00,2575
2026-09-01 01:00,29506.00,29516.25,29477.00,29484.00,3412
2026-09-01 01:30,29483.00,29515.50,29475.00,29499.75,3076
2026-09-01 02:00,29498.00,29502.75,29452.75,29459.75,2802
2026-09-01 02:30,29460.00,29493.25,29434.75,29492.00,3879
2026-09-01 03:00,29491.50,29493.75,29459.25,29464.25,2238
2026-09-01 03:30,29465.50,29488.50,29461.25,29482.75,1337
2026-09-01 04:00,29485.00,29501.50,29481.00,29492.75,1921
2026-09-01 04:30,29493.75,29503.00,29466.00,29473.75,2503
2026-09-01 05:00,29473.25,29487.75,29447.25,29486.00,2271
2026-09-01 05:30,29485.00,29571.25,29482.25,29561.50,6004
2026-09-01 06:00,29561.75,29568.00,29514.75,29517.50,3760
2026-09-01 06:30,29516.50,29545.00,29513.75,29515.75,2252
2026-09-01 07:00,29515.50,29556.75,29512.25,29545.00,3938
2026-09-01 07:30,29546.75,29547.00,29430.00,29436.25,5999
2026-09-01 08:00,29436.25,29449.00,29279.00,29285.50,12267
2026-09-01 08:30,29286.00,29312.00,29231.00,29235.25,6867
2026-09-01 09:00,29235.75,29243.25,29185.50,29197.00,6105
2026-09-01 09:30,29199.00,29228.00,29184.25,29212.50,3899
2026-09-01 10:00,29212.50,29248.75,29201.25,29237.50,3347
2026-09-01 10:30,29237.75,29257.75,29197.25,29210.00,4093
2026-09-01 11:00,29209.25,29216.75,29178.00,29208.75,4778
2026-09-01 11:30,29207.75,29238.00,29167.75,29172.50,5238
2026-09-01 12:00,29171.50,29179.50,29137.50,29170.50,8062
2026-09-01 12:30,29169.75,29170.50,29122.25,29125.75,8954
2026-09-01 13:00,29125.75,29126.25,29084.25,29112.25,15124
2026-09-01 13:30,29111.75,29158.00,29040.25,29105.00,70018
2026-09-01 14:00,29106.00,29179.50,29085.25,29165.25,39251
2026-09-01 14:30,29165.25,29268.00,29162.25,29228.00,35138
2026-09-01 15:00,29228.50,29241.50,29178.25,29232.50,24142
2026-09-01 15:30,29232.25,29317.75,29224.25,29296.25,28729
2026-09-01 16:00,29295.50,29300.75,29162.75,29176.75,32117
2026-09-01 16:30,29177.00,29197.25,29131.25,29191.75,25312
2026-09-01 17:00,29191.25,29191.75,29100.50,29141.75,20282
2026-09-01 17:30,29143.00,29161.75,29117.75,29140.75,14069
2026-09-01 18:00,29139.75,29151.50,29085.25,29094.25,16571
2026-09-01 18:30,29094.50,29097.25,29002.00,29076.00,28045
2026-09-01 19:00,29075.50,29129.25,29070.50,29127.25,19156
2026-09-01 19:30,29126.75,29141.00,29086.00,29126.00,38131
2026-09-01 20:00,29126.00,29159.00,29113.50,29136.75,13714
2026-09-01 20:30,29136.00,29155.25,29130.25,29139.00,2750
2026-09-01 22:00,29136.50,29149.00,29102.25,29113.75,1587
2026-09-01 22:30,29114.75,29139.00,29111.00,29132.00,1517
2026-09-01 23:00,29129.75,29139.00,29119.00,29136.50,1157
2026-09-01 23:30,29137.50,29148.25,29131.25,29134.50,1445
2026-09-02 00:00,29135.75,29170.00,29106.00,29126.00,5464
2026-09-02 00:30,29127.75,29148.75,29102.00,29104.00,3312
2026-09-02 01:00,29103.25,29129.50,29086.75,29115.00,4710
2026-09-02 01:30,29115.75,29122.75,29047.75,29075.50,5010
2026-09-02 02:00,29075.50,29100.00,29044.50,29085.50,3499
2026-09-02 02:30,29084.50,29092.25,29061.75,29084.25,2208
2026-09-02 03:00,29086.50,29089.50,29058.75,29069.00,1948
2026-09-02 03:30,29070.25,29073.00,29046.25,29054.00,1740
2026-09-02 04:00,29054.75,29062.75,29035.50,29051.00,2002
2026-09-02 04:30,29051.25,29065.00,29047.75,29058.25,1421
2026-09-02 05:00,29059.00,29092.00,29037.50,29091.25,2716
2026-09-02 05:30,29092.00,29104.25,29062.50,29073.00,2518
2026-09-02 06:00,29072.25,29080.50,29020.50,29023.50,3431
2026-09-02 06:30,29023.00,29098.25,29016.50,29077.25,3640
2026-09-02 07:00,29077.00,29120.75,29065.50,29094.50,3935
2026-09-02 07:30,29094.25,29101.00,29050.00,29061.75,2640
2026-09-02 08:00,29062.25,29097.25,29039.75,29053.50,3216
2026-09-02 08:30,29052.75,29068.75,28954.50,28977.75,4912
2026-09-02 09:00,28977.25,29027.50,28955.00,28978.25,4528
2026-09-02 09:30,28978.25,28981.50,28940.50,28973.25,3520
2026-09-02 10:00,28972.75,28996.00,28947.25,28985.75,3099
2026-09-02 10:30,28985.50,28989.25,28958.00,28988.00,2477
2026-09-02 11:00,28987.75,29035.75,28927.25,29023.00,8567
2026-09-02 11:30,29025.25,29084.50,29019.00,29084.50,5269
2026-09-02 12:00,29083.75,29149.50,29074.50,29108.00,9638
2026-09-02 12:30,29107.00,29110.25,29032.75,29040.00,6498
2026-09-02 13:00,29040.25,29115.25,29037.75,29098.50,9220
2026-09-02 13:30,29098.50,29119.00,29017.25,29062.25,58993
2026-09-02 14:00,29061.75,29193.00,29032.25,29187.25,44300
2026-09-02 14:30,29187.00,29213.00,29111.25,29120.25,31431
2026-09-02 15:00,29119.50,29208.50,29106.25,29205.25,26608
2026-09-02 15:30,29205.00,29208.50,29136.00,29185.25,22485
2026-09-02 16:00,29184.50,29198.50,29142.25,29151.75,13757
2026-09-02 16:30,29151.50,29175.25,29137.00,29155.00,13011
2026-09-02 17:00,29154.75,29182.50,29125.25,29150.75,14918
2026-09-02 17:30,29150.50,29173.75,29127.50,29158.75,14446
2026-09-02 18:00,29159.50,29199.75,29135.75,29159.25,16523
2026-09-02 18:30,29159.25,29175.00,29130.25,29145.50,12642
2026-09-02 19:00,29145.75,29172.00,29139.00,29167.25,11422
2026-09-02 19:30,29167.25,29197.25,29155.25,29190.25,24383
2026-09-02 20:00,29190.50,29212.00,29139.75,29156.25,10896
2026-09-02 20:30,29156.00,29164.00,29139.25,29141.00,2854
2026-09-02 22:00,29177.00,29208.75,29148.00,29196.00,2183
2026-09-02 22:30,29196.00,29203.00,29178.25,29180.50,1398
2026-09-02 23:00,29180.75,29188.75,29167.50,29179.00,1780
2026-09-02 23:30,29180.00,29213.00,29175.00,29201.25,2452
2026-09-03 00:00,29200.75,29201.75,29141.00,29156.25,4184
2026-09-03 00:30,29155.75,29162.00,29146.00,29151.00,1605
2026-09-03 01:00,29150.75,29200.75,29147.75,29174.75,4026
2026-09-03 01:30,29176.75,29199.25,29136.25,29137.50,3577
2026-09-03 02:00,29136.75,29195.00,29132.75,29188.50,3446
2026-09-03 02:30,29186.50,29199.00,29167.50,29180.75,1824
2026-09-03 03:00,29182.25,29234.00,29179.50,29219.75,3349
2026-09-03 03:30,29220.75,29243.00,29217.75,29232.00,1783
2026-09-03 04:00,29245.50,29255.00,29227.25,29227.75,2018
2026-09-03 04:30,29227.75,29236.25,29204.50,29207.50,1909
2026-09-03 05:00,29207.25,29208.50,29075.00,29104.00,8411
2026-09-03 05:30,29102.75,29188.75,29098.25,29188.75,6254
2026-09-03 06:00,29188.50,29203.25,29161.00,29177.25,3761
2026-09-03 06:30,29177.00,29187.50,29159.50,29174.25,2364
2026-09-03 07:00,29173.25,29233.00,29160.00,29203.25,4203
2026-09-03 07:30,29202.50,29245.50,29182.75,29220.25,3758
2026-09-03 08:00,29220.25,29292.75,29213.25,29256.00,8947
2026-09-03 08:30,29257.25,29257.25,29215.00,29216.25,2731
2026-09-03 09:00,29218.50,29225.75,29187.75,29187.75,2306
2026-09-03 09:30,29187.25,29198.00,29126.50,29137.75,3465
2026-09-03 10:00,29138.00,29158.50,29119.25,29127.50,3844
2026-09-03 10:30,29127.00,29140.00,29105.50,29128.00,2810
2026-09-03 11:00,29129.00,29186.75,29106.25,29166.75,4674
2026-09-03 11:30,29167.00,29173.50,29101.00,29105.50,5411
2026-09-03 12:00,29105.50,29151.00,29104.00,29145.75,5457
2026-09-03 12:30,29144.75,29258.75,29144.00,29244.50,14282
2026-09-03 13:00,29243.75,29253.75,29194.25,29249.00,12034
2026-09-03 13:30,29249.50,29375.50,29199.50,29333.00,78816
2026-09-03 14:00,29331.75,29364.50,29241.75,29343.00,49943
2026-09-03 14:30,29343.00,29368.00,29246.50,29363.50,39240
2026-09-03 15:00,29363.25,29539.50,29362.25,29536.50,50937
2026-09-03 15:30,29536.00,29542.50,29503.50,29538.00,25199
2026-09-03 16:00,29538.75,29539.75,29489.25,29497.00,18822
2026-09-03 16:30,29497.00,29544.00,29483.00,29528.00,16163
2026-09-03 17:00,29528.25,29534.00,29476.00,29502.50,13749
2026-09-03 17:30,29502.75,29552.50,29502.25,29543.75,15507
2026-09-03 18:00,29551.50,29584.25,29551.50,29570.50,18942
2026-09-03 18:30,29571.00,29581.00,29559.50,29568.25,11746
2026-09-03 19:00,29568.25,29570.50,29526.00,29533.25,15567
2026-09-03 19:30,29533.25,29540.00,29509.25,29530.75,33762
2026-09-03 20:00,29530.75,29536.25,29505.00,29510.25,8553
2026-09-03 20:30,29510.25,29516.75,29499.25,29502.25,2335
2026-09-03 22:00,29505.00,29509.00,29482.00,29490.00,1180
2026-09-03 22:30,29491.00,29512.75,29490.00,29508.75,1243
2026-09-03 23:00,29508.25,29511.50,29498.25,29507.25,1048
2026-09-03 23:30,29507.00,29516.75,29501.25,29504.00,1083
2026-09-04 00:00,29503.75,29529.00,29495.00,29527.50,3045
2026-09-04 00:30,29527.75,29542.25,29519.25,29530.75,2203
2026-09-04 01:00,29530.00,29542.75,29516.25,29540.75,2675
2026-09-04 01:30,29539.50,29548.75,29523.25,29548.00,2419
2026-09-04 02:00,29547.75,29556.25,29537.25,29555.00,1368
2026-09-04 02:30,29555.75,29568.00,29544.00,29564.50,2286
2026-09-04 03:00,29563.25,29578.25,29557.25,29569.00,1651
2026-09-04 03:30,29569.50,29578.75,29563.75,29571.50,1132
2026-09-04 04:00,29564.25,29595.00,29563.00,29593.00,2185
2026-09-04 04:30,29592.25,29601.25,29583.25,29598.25,1547
2026-09-04 05:00,29597.50,29643.00,29593.75,29622.75,3392
2026-09-04 05:30,29622.00,29625.25,29591.50,29620.75,2771
2026-09-04 06:00,29620.25,29643.75,29617.00,29631.25,3228
2026-09-04 06:30,29631.50,29633.00,29574.00,29576.75,2748
2026-09-04 07:00,29577.75,29637.25,29575.25,29636.25,2960
2026-09-04 07:30,29635.75,29658.25,29628.00,29652.25,2890
2026-09-04 08:00,29653.75,29672.00,29635.50,29668.50,3686
2026-09-04 08:30,29670.00,29673.00,29643.75,29658.50,1965
2026-09-04 09:00,29657.50,29658.25,29616.50,29624.50,2299
2026-09-04 09:30,29625.75,29661.75,29618.50,29657.25,1803
2026-09-04 10:00,29656.75,29686.00,29653.25,29678.50,2230
2026-09-04 10:30,29676.50,29704.50,29668.50,29680.00,2226
2026-09-04 11:00,29681.50,29686.00,29650.75,29662.50,2441
2026-09-04 11:30,29663.75,29690.00,29661.00,29683.25,2265
2026-09-04 12:00,29682.00,29694.00,29627.00,29674.25,6303
2026-09-04 12:30,29674.50,29693.75,29502.00,29546.50,23633
2026-09-04 13:00,29547.00,29591.00,29523.00,29588.00,12783
2026-09-04 13:30,29588.75,29691.75,29554.50,29691.00,63744
2026-09-04 14:00,29690.50,29691.00,29564.75,29595.50,46297
2026-09-04 14:30,29596.25,29598.25,29498.75,29521.00,38318
2026-09-04 15:00,29520.00,29543.00,29484.25,29506.75,30139
2026-09-04 15:30,29506.75,29524.50,29478.00,29515.00,21694
2026-09-04 16:00,29514.75,29565.25,29505.00,29554.00,18024
2026-09-04 16:30,29554.50,29595.75,29548.75,29576.00,17267
2026-09-04 17:00,29576.25,29580.50,29504.25,29508.00,16739
2026-09-04 17:30,29508.00,29508.50,29468.00,29491.75,18742
2026-09-04 18:00,29491.50,29514.50,29471.25,29511.00,15119
2026-09-04 18:30,29511.00,29542.50,29504.00,29538.75,13290
2026-09-04 19:00,29538.75,29544.00,29506.75,29526.50,12607
2026-09-04 19:30,29526.50,29586.50,29519.25,29569.25,32832
2026-09-04 20:00,29568.75,29569.00,29529.50,29531.50,8924
2026-09-04 20:30,29531.75,29565.25,29514.50,29565.25,4099
2026-09-08 04:00,29742.75,29752.00,29730.50,29745.50,2477
2026-09-08 04:30,29746.25,29764.75,29728.25,29737.25,3584
2026-09-08 05:00,29738.50,29739.75,29675.00,29678.75,5817
2026-09-08 05:30,29679.50,29685.25,29610.00,29612.25,6750
2026-09-08 06:00,29612.25,29622.25,29545.50,29576.25,7228
2026-09-08 06:30,29576.25,29620.25,29558.25,29600.25,5616
2026-09-08 07:00,29601.00,29638.75,29586.50,29623.75,5168
2026-09-08 07:30,29622.75,29624.50,29529.75,29535.50,4696
2026-09-08 08:00,29534.50,29541.25,29477.75,29499.75,8492
2026-09-08 08:30,29499.50,29533.00,29489.50,29507.00,4051
2026-09-08 09:00,29507.00,29549.25,29484.50,29547.75,2938
2026-09-08 09:30,29549.25,29600.50,29542.75,29599.75,3936
2026-09-08 10:00,29600.00,29649.00,29572.75,29607.75,4356
2026-09-08 10:30,29607.75,29608.25,29546.50,29568.00,3777
2026-09-08 11:00,29568.50,29583.75,29533.50,29562.25,4297
2026-09-08 11:30,29563.00,29601.75,29538.50,29601.00,3947
2026-09-08 12:00,29601.00,29601.00,29548.00,29595.50,4578
2026-09-08 12:30,29595.25,29654.75,29591.00,29654.00,6644
2026-09-08 13:00,29653.75,29668.25,29634.50,29644.50,10314
2026-09-08 13:30,29644.75,29686.50,29455.25,29502.75,76858
2026-09-08 14:00,29503.25,29524.75,29424.75,29516.75,47298
2026-09-08 14:30,29516.00,29563.50,29490.00,29563.00,27727
2026-09-08 15:00,29563.00,29639.50,29545.50,29609.00,30207
2026-09-08 15:30,29609.25,29645.25,29595.50,29604.25,21278
2026-09-08 16:00,29604.25,29622.00,29562.50,29567.75,18402
2026-09-08 16:30,29568.50,29609.25,29549.50,29573.50,19186
2026-09-08 17:00,29572.75,29641.50,29572.00,29615.75,15574
2026-09-08 17:30,29616.50,29632.50,29588.75,29590.00,11467
2026-09-08 18:00,29590.50,29615.50,29587.00,29597.00,12385
2026-09-08 18:30,29597.25,29611.00,29519.75,29576.25,24885
2026-09-08 19:00,29576.25,29586.25,29544.75,29564.00,13777
2026-09-08 19:30,29564.50,29566.25,29496.00,29543.50,37471
2026-09-08 20:00,29543.00,29550.75,29506.00,29507.75,11083
2026-09-08 20:30,29507.50,29527.25,29503.50,29525.75,2439
2026-09-08 22:00,29526.50,29539.25,29503.00,29521.50,1656
2026-09-08 22:30,29522.25,29547.00,29516.00,29544.75,1400
2026-09-08 23:00,29544.50,29546.50,29513.00,29516.75,1728
2026-09-08 23:30,29515.75,29519.25,29489.75,29498.50,2801
2026-09-09 00:00,29500.75,29561.75,29499.50,29525.25,5931
2026-09-09 00:30,29523.75,29564.00,29509.00,29559.75,3837
2026-09-09 01:00,29559.75,29599.50,29555.75,29590.00,5230
2026-09-09 01:30,29589.75,29608.50,29577.50,29593.25,3704
2026-09-09 02:00,29593.50,29612.50,29583.25,29601.00,2936
2026-09-09 02:30,29601.50,29625.50,29596.75,29611.00,2917
2026-09-09 03:00,29611.50,29613.75,29583.75,29596.50,2909
2026-09-09 03:30,29597.75,29604.25,29560.50,29566.75,2686
2026-09-09 04:00,29577.00,29593.00,29549.00,29581.25,4037
2026-09-09 04:30,29580.25,29620.25,29573.00,29614.00,2299
2026-09-09 05:00,29614.50,29616.25,29565.75,29580.25,2933
2026-09-09 05:30,29580.75,29621.50,29562.00,29621.25,2809
2026-09-09 06:00,29621.75,29633.75,29586.50,29593.75,3603
2026-09-09 06:30,29592.75,29614.00,29578.00,29579.50,2875
2026-09-09 07:00,29581.50,29613.00,29558.00,29612.25,5101
2026-09-09 07:30,29611.75,29614.00,29565.25,29588.00,2742
2026-09-09 08:00,29589.50,29609.00,29566.75,29587.75,3473
2026-09-09 08:30,29585.75,29592.75,29538.75,29564.75,3710
2026-09-09 09:00,29565.00,29575.00,29514.50,29528.50,3215
2026-09-09 09:30,29528.50,29539.25,29388.75,29400.50,7968
2026-09-09 10:00,29401.00,29432.25,29371.75,29419.00,7874
2026-09-09 10:30,29417.75,29432.00,29368.25,29391.50,5534
2026-09-09 11:00,29392.00,29430.50,29377.75,29418.50,5642
2026-09-09 11:30,29418.00,29452.00,29376.50,29396.75,7618
2026-09-09 12:00,29397.00,29400.50,29333.00,29351.75,8517
2026-09-09 12:30,29351.75,29404.00,29343.50,29390.50,6477
2026-09-09 13:00,29390.75,29458.50,29382.50,29454.50,9735
2026-09-09 13:30,29455.00,29567.25,29418.25,29558.50,63983
2026-09-09 14:00,29558.25,29593.75,29459.50,29535.50,48827
2026-09-09 14:30,29535.00,29543.50,29494.25,29528.25,26220
2026-09-09 15:00,29528.75,29562.25,29358.00,29390.50,51662
2026-09-09 15:30,29390.25,29482.50,29388.00,29448.00,30652
2026-09-09 16:00,29448.25,29462.00,29386.75,29399.50,17961
2026-09-09 16:30,29399.75,29478.00,29397.75,29458.00,18699
2026-09-09 17:00,29457.50,29483.75,29446.00,29450.25,15343
2026-09-09 17:30,29450.75,29483.50,29428.25,29468.75,12276
2026-09-09 18:00,29468.25,29471.75,29436.75,29453.50,11209
2026-09-09 18:30,29453.50,29474.00,29445.75,29447.50,11221
2026-09-09 19:00,29448.00,29471.25,29430.50,29451.50,10776
2026-09-09 19:30,29452.25,29458.50,29423.25,29454.50,26505
2026-09-09 20:00,29455.00,29459.25,29428.75,29450.00,9572
2026-09-09 20:30,29449.75,29460.00,29447.25,29460.00,2284
2026-09-09 22:00,29458.50,29472.75,29423.75,29429.00,1440
2026-09-09 22:30,29429.50,29438.00,29425.75,29431.50,663
2026-09-09 23:00,29430.50,29435.00,29416.25,29427.50,1320
2026-09-09 23:30,29428.75,29470.75,29425.00,29463.50,2053
2026-09-10 00:00,29464.50,29480.25,29440.75,29473.75,4362
2026-09-10 00:30,29474.00,29475.75,29408.00,29412.00,4224
2026-09-10 01:00,29413.50,29426.25,29372.50,29375.75,5598
2026-09-10 01:30,29374.25,29417.25,29364.00,29410.50,4608
2026-09-10 02:00,29411.00,29412.00,29373.00,29378.50,2980
2026-09-10 02:30,29379.00,29423.25,29376.00,29418.25,2579
2026-09-10 03:00,29418.75,29437.00,29388.25,29405.25,2831
2026-09-10 03:30,29404.75,29431.00,29392.25,29424.50,2020
2026-09-10 04:00,29427.25,29437.50,29423.00,29434.50,1775
2026-09-10 04:30,29433.75,29462.50,29431.00,29458.75,2122
2026-09-10 05:00,29459.50,29493.50,29448.50,29490.25,2883
2026-09-10 05:30,29491.00,29508.25,29465.00,29484.75,2653
2026-09-10 06:00,29484.00,29492.50,29435.25,29472.00,3897
2026-09-10 06:30,29473.50,29491.25,29466.75,29476.25,2347
2026-09-10 07:00,29476.75,29478.25,29433.00,29435.25,2565
2026-09-10 07:30,29434.75,29455.50,29417.25,29445.00,2812
2026-09-10 08:00,29443.75,29460.25,29424.50,29449.50,2917
2026-09-10 08:30,29449.00,29457.00,29405.25,29414.00,2922
2026-09-10 09:00,29412.50,29431.00,29392.50,29397.00,2009
2026-09-10 09:30,29395.50,29420.00,29359.25,29406.50,3706
2026-09-10 10:00,29405.75,29418.00,29385.25,29391.00,2284
2026-09-10 10:30,29391.00,29423.75,29363.50,29376.00,4397
2026-09-10 11:00,29375.00,29376.00,29326.75,29336.00,4779
2026-09-10 11:30,29337.50,29364.00,29262.75,29264.50,6596
2026-09-10 12:00,29264.25,29278.25,29211.00,29237.50,10195
2026-09-10 12:30,29229.00,29251.75,29043.25,29056.50,30268
2026-09-10 13:00,29058.00,29098.25,29043.75,29089.00,19681
2026-09-10 13:30,29089.50,29203.25,29057.50,29099.75,84547
2026-09-10 14:00,29099.50,29263.00,29097.25,29205.75,60063
2026-09-10 14:30,29206.25,29275.00,29204.75,29263.25,36767
2026-09-10 15:00,29263.25,29265.00,29197.50,29236.00,29275
2026-09-10 15:30,29236.75,29272.75,29186.00,29205.00,25233
2026-09-10 16:00,29205.00,29231.50,29161.75,29177.00,20056
2026-09-10 16:30,29176.75,29242.75,29133.75,29232.50,26935
2026-09-10 17:00,29232.75,29267.50,29199.50,29209.25,16923
2026-09-10 17:30,29209.00,29214.75,29175.50,29186.00,13835
2026-09-10 18:00,29186.25,29199.75,29148.25,29158.50,16826
2026-09-10 18:30,29157.75,29199.00,29146.25,29174.25,15233
2026-09-10 19:00,29174.25,29176.00,29136.00,29160.00,16766
2026-09-10 19:30,29158.75,29169.25,29123.25,29138.00,33153
2026-09-10 20:00,29138.25,29156.75,29123.00,29144.50,9037
2026-09-10 20:30,29145.50,29154.50,29128.00,29143.25,2462
2026-09-10 22:00,29141.00,29157.50,29117.25,29118.00,2073
2026-09-10 22:30,29117.25,29122.75,29098.75,29107.50,2414
2026-09-10 23:00,29106.25,29115.00,29096.75,29102.75,1385
2026-09-10 23:30,29103.00,29111.50,29062.50,29064.75,2842
2026-09-11 00:00,29065.00,29144.75,29063.25,29138.50,5857
2026-09-11 00:30,29138.25,29166.25,29118.00,29161.00,4410
2026-09-11 01:00,29159.75,29171.50,29124.75,29125.50,3670
2026-09-11 01:30,29126.50,29138.25,29103.50,29128.75,3147
2026-09-11 02:00,29129.50,29138.50,29098.50,29107.25,3231
2026-09-11 02:30,29107.25,29111.50,29082.25,29093.25,3191
2026-09-11 03:00,29092.00,29096.75,29061.75,29071.25,2871
2026-09-11 03:30,29071.50,29089.50,29048.50,29070.00,3723
2026-09-11 04:00,29082.25,29126.50,29055.25,29123.75,5408
2026-09-11 04:30,29124.25,29151.50,29116.75,29125.00,2887
2026-09-11 05:00,29124.50,29165.00,29119.50,29134.00,3101
2026-09-11 05:30,29134.00,29242.75,29133.75,29233.25,5009
2026-09-11 06:00,29233.00,29252.00,29216.00,29224.50,3963
2026-09-11 06:30,29225.25,29261.50,29215.50,29255.00,3356
2026-09-11 07:00,29254.25,29268.75,29235.75,29235.75,2994
2026-09-11 07:30,29235.75,29247.50,29225.00,29242.50,2209
2026-09-11 08:00,29242.50,29318.00,29224.50,29269.75,6226
2026-09-11 08:30,29271.00,29326.00,29270.75,29322.75,3366
2026-09-11 09:00,29324.25,29334.00,29289.50,29304.00,3261
2026-09-11 09:30,29304.75,29326.50,29301.75,29319.00,1387
2026-09-11 10:00,29319.25,29339.75,29285.25,29314.25,3277
2026-09-11 10:30,29314.25,29328.75,29305.50,29309.25,1799
2026-09-11 11:00,29310.50,29324.75,29289.50,29312.75,2950
2026-09-11 11:30,29313.00,29337.50,29296.75,29323.25,3052
2026-09-11 12:00,29324.25,29399.00,29304.00,29389.75,7195
2026-09-11 12:30,29385.00,29475.75,29204.00,29469.50,28987
2026-09-11 13:00,29468.75,29500.25,29414.75,29418.00,18123
2026-09-11 13:30,29417.50,29480.75,29347.25,29472.75,83201
2026-09-11 14:00,29473.00,29473.25,29365.00,29451.00,51133
2026-09-11 14:30,29451.25,29455.25,29334.00,29369.75,46666
2026-09-11 15:00,29370.75,29493.25,29361.00,29485.00,31705
2026-09-11 15:30,29485.25,29499.75,29441.25,29450.00,22389
2026-09-11 16:00,29450.25,29485.25,29397.75,29402.75,20654
2026-09-11 16:30,29402.00,29441.50,29392.00,29436.75,18607
2026-09-11 17:00,29437.00,29479.00,29435.75,29463.50,17649
2026-09-11 17:30,29463.25,29478.00,29447.75,29452.50,11464
2026-09-11 18:00,29452.25,29460.50,29417.00,29441.50,16568
2026-09-11 18:30,29442.00,29459.00,29425.75,29429.50,12217
2026-09-11 19:00,29429.50,29433.25,29405.25,29415.00,14339
2026-09-11 19:30,29414.25,29428.50,29378.75,29386.50,33202
2026-09-11 20:00,29386.75,29393.00,29376.25,29384.50,8585
2026-09-11 20:30,29384.75,29397.50,29383.25,29387.00,2651
2026-09-13 22:00,29002.50,29086.00,28993.00,29083.75,4396
2026-09-13 22:30,29081.00,29104.00,29065.50,29068.50,3853
2026-09-13 23:00,29069.00,29099.50,29055.50,29096.75,1878
2026-09-13 23:30,29096.00,29101.50,29010.00,29017.50,3372
2026-09-14 00:00,29016.25,29075.25,29005.00,29015.00,5704
2026-09-14 00:30,29013.50,29046.50,29008.75,29014.50,2862
2026-09-14 01:00,29015.00,29038.75,28999.25,29017.75,3052
2026-09-14 01:30,29018.00,29074.75,29003.25,29068.25,3169
2026-09-14 02:00,29068.00,29080.75,29054.00,29066.00,2263
2026-09-14 02:30,29062.75,29074.50,29040.75,29053.50,2115
2026-09-14 03:00,29052.75,29059.25,29008.25,29026.50,3053
2026-09-14 03:30,29026.50,29027.00,29009.75,29015.00,1416
2026-09-14 04:00,29016.75,29036.25,29002.25,29018.00,1854
2026-09-14 04:30,29018.00,29033.75,29001.50,29015.00,1667
2026-09-14 05:00,29015.00,29025.00,29000.00,29010.50,1022
2026-09-14 05:30,29011.50,29019.50,28986.50,29013.25,2107
2026-09-14 06:00,29014.50,29037.50,29009.00,29032.00,2458
2026-09-14 06:30,29031.00,29033.75,28973.50,28976.50,2673
2026-09-14 07:00,28977.50,28991.50,28937.50,28951.00,3954
2026-09-14 07:30,28950.00,28959.50,28905.00,28917.25,3485
2026-09-14 08:00,28920.00,28949.00,28874.75,28876.00,4342
2026-09-14 08:30,28876.25,28916.50,28850.00,28877.25,4499
2026-09-14 09:00,28877.50,28891.50,28816.25,28852.00,5173
2026-09-14 09:30,28851.50,28870.00,28839.00,28855.75,3383
2026-09-14 10:00,28856.00,28910.00,28855.00,28907.75,3582
2026-09-14 10:30,28908.50,28941.00,28902.50,28926.00,3661
2026-09-14 11:00,28926.75,28977.50,28913.50,28972.00,4575
2026-09-14 11:30,28972.75,28972.75,28921.00,28928.75,5475
2026-09-14 12:00,28928.50,28945.50,28891.25,28918.00,7989
2026-09-14 12:30,28917.75,28931.00,28845.00,28879.25,17199
2026-09-14 13:00,28880.00,28924.25,28829.00,28905.25,15940
2026-09-14 13:30,28906.50,29045.75,28878.75,29003.25,60494
2026-09-14 14:00,29003.50,29089.00,28976.00,29007.00,40472
2026-09-14 14:30,29006.25,29020.50,28955.75,29012.00,36299
2026-09-14 15:00,29011.25,29090.00,28986.25,29078.00,28398
2026-09-14 15:30,29077.00,29505.25,29076.00,29471.75,48528
2026-09-14 16:00,29472.00,29527.25,29428.50,29491.25,23688
2026-09-14 16:30,29490.50,29575.50,29481.00,29558.25,24105
2026-09-14 17:00,29558.75,29580.00,29537.25,29580.00,21100
2026-09-14 17:30,29579.50,29604.50,29568.25,29581.50,16983
2026-09-14 18:00,29582.00,29601.25,29556.50,29562.00,15070
2026-09-14 18:30,29562.25,29582.75,29554.00,29557.00,12457
2026-09-14 19:00,29556.75,29559.00,29516.25,29523.50,13347
2026-09-14 19:30,29523.25,29530.00,29444.50,29449.50,33858
2026-09-14 20:00,29448.75,29478.25,29445.25,29475.75,10996
2026-09-14 20:30,29475.75,29494.50,29469.50,29489.75,2932
2026-09-14 22:00,29488.50,29490.25,29449.25,29457.00,1432
2026-09-14 22:30,29457.75,29474.25,29454.50,29458.50,1360
2026-09-14 23:00,29459.50,29467.25,29449.75,29455.75,1396
2026-09-14 23:30,29454.75,29463.25,29442.75,29457.25,1441
2026-09-15 00:00,29457.25,29470.00,29426.75,29455.25,4287
2026-09-15 00:30,29453.50,29490.75,29452.75,29467.75,2781
2026-09-15 01:00,29467.50,29495.25,29459.50,29474.50,2412
2026-09-15 01:30,29473.75,29477.50,29428.00,29463.50,4088
2026-09-15 02:00,29463.75,29475.25,29452.00,29463.25,1782
2026-09-15 02:30,29464.00,29469.75,29452.00,29460.50,1643
2026-09-15 03:00,29460.00,29467.75,29440.25,29447.50,1518
2026-09-15 03:30,29444.00,29454.75,29415.00,29416.75,1586
2026-09-15 04:00,29418.00,29425.25,29376.75,29385.50,2846
2026-09-15 04:30,29386.50,29398.75,29352.00,29353.25,2922
2026-09-15 05:00,29352.25,29362.75,29308.50,29340.75,3959
2026-09-15 05:30,29340.00,29404.50,29329.25,29379.25,3617
2026-09-15 06:00,29378.25,29395.25,29366.75,29372.25,2793
2026-09-15 06:30,29372.00,29373.75,29339.00,29352.25,2415
2026-09-15 07:00,29354.50,29382.50,29323.25,29354.50,4512
2026-09-15 07:30,29354.50,29364.25,29298.75,29316.00,5265
2026-09-15 08:00,29317.75,29317.75,29231.00,29290.50,7044
2026-09-15 08:30,29289.25,29295.00,29264.25,29271.50,2917
2026-09-15 09:00,29272.25,29285.00,29236.50,29269.00,4081
2026-09-15 09:30,29270.50,29346.25,29258.50,29339.00,3856
2026-09-15 10:00,29340.50,29366.75,29331.00,29361.75,3935
2026-09-15 10:30,29362.00,29396.00,29354.50,29393.50,4007
2026-09-15 11:00,29393.25,29427.25,29392.00,29405.25,4576
2026-09-15 11:30,29405.25,29422.25,29388.75,29416.50,4667
2026-09-15 12:00,29416.25,29441.00,29398.00,29423.00,5918
2026-09-15 12:30,29421.00,29484.50,29401.50,29435.75,11712
2026-09-15 13:00,29433.75,29447.00,29409.50,29420.50,10617
2026-09-15 13:30,29420.50,29453.50,29372.50,29429.25,56435
2026-09-15 14:00,29429.50,29432.00,29302.00,29326.25,43097
2026-09-15 14:30,29326.75,29334.25,29215.75,29239.75,44103
2026-09-15 15:00,29240.00,29297.25,29239.25,29291.75,29194
2026-09-15 15:30,29291.75,29311.50,29260.50,29277.75,24854
2026-09-15 16:00,29277.75,29301.75,29240.00,29285.00,21349
2026-09-15 16:30,29284.50,29302.50,29265.25,29279.50,17981
2026-09-15 17:00,29280.25,29284.00,29241.25,29253.75,15269
2026-09-15 17:30,29254.00,29271.50,29242.00,29263.75,13639
2026-09-15 18:00,29263.50,29287.75,29255.00,29281.00,13918
2026-09-15 18:30,29280.75,29280.75,29229.75,29252.50,16130
2026-09-15 19:00,29252.75,29258.75,29231.50,29238.25,13215
2026-09-15 19:30,29238.75,29254.25,29207.50,29251.50,36117
2026-09-15 20:00,29251.75,29291.00,29250.25,29270.50,13086
2026-09-15 20:30,29270.50,29287.00,29267.25,29277.00,2168
2026-09-15 22:00,29263.75,29278.50,29251.25,29269.25,1344
2026-09-15 22:30,29268.25,29289.25,29266.75,29282.50,916
2026-09-15 23:00,29282.00,29284.50,29265.75,29267.00,1005
2026-09-15 23:30,29267.25,29287.75,29263.25,29278.50,1398
2026-09-16 00:00,29277.50,29286.00,29257.75,29274.50,2820
2026-09-16 00:30,29275.50,29285.25,29264.75,29272.50,1741
2026-09-16 01:00,29272.25,29288.75,29240.50,29277.00,4178
2026-09-16 01:30,29276.75,29278.75,29226.00,29230.00,3279
2026-09-16 02:00,29228.75,29278.50,29228.00,29274.50,2996
2026-09-16 02:30,29274.75,29284.00,29254.75,29282.75,2327
2026-09-16 03:00,29282.75,29358.50,29280.75,29320.50,4657
2026-09-16 03:30,29320.00,29338.75,29299.75,29331.25,3055
2026-09-16 04:00,29331.75,29340.50,29319.00,29323.25,1826
2026-09-16 04:30,29321.25,29322.75,29298.75,29303.75,1676
2026-09-16 05:00,29303.25,29325.75,29285.50,29322.50,2463
2026-09-16 05:30,29321.00,29348.25,29314.75,29334.25,3158
2026-09-16 06:00,29334.00,29372.50,29328.75,29341.25,4614
2026-09-16 06:30,29341.50,29369.00,29330.75,29365.75,2550
2026-09-16 07:00,29365.50,29395.50,29359.00,29386.75,4675
2026-09-16 07:30,29386.75,29398.00,29359.50,29369.25,2482
2026-09-16 08:00,29369.00,29376.50,29327.50,29348.25,5835
2026-09-16 08:30,29347.75,29375.00,29326.00,29372.50,3063
2026-09-16 09:00,29372.50,29382.50,29336.75,29356.50,3279
2026-09-16 09:30,29356.50,29392.00,29352.25,29380.50,2228
2026-09-16 10:00,29380.25,29386.75,29356.00,29374.75,2942
2026-09-16 10:30,29373.50,29400.50,29368.50,29397.50,2268
2026-09-16 11:00,29398.00,29419.25,29363.50,29380.25,6136
2026-09-16 11:30,29380.25,29417.75,29378.25,29417.00,4757
2026-09-16 12:00,29415.50,29439.00,29412.00,29433.50,7282
2026-09-16 12:30,29432.50,29432.75,29364.00,29403.00,9256
2026-09-16 13:00,29401.25,29415.50,29363.75,29386.25,12676
2026-09-16 13:30,29386.75,29481.50,29373.25,29478.75,53838
2026-09-16 14:00,29479.25,29484.25,29418.00,29452.25,34230
2026-09-16 14:30,29452.00,29501.00,29425.75,29499.00,25802
2026-09-16 15:00,29499.25,29535.75,29485.00,29506.25,29966
2026-09-16 15:30,29506.50,29549.75,29482.25,29499.25,26846
2026-09-16 16:00,29499.50,29502.50,29467.50,29485.00,15686
2026-09-16 16:30,29484.75,29492.25,29464.25,29468.50,10477
2026-09-16 17:00,29468.50,29469.50,29439.75,29456.00,10607
2026-09-16 17:30,29457.00,29478.50,29419.25,29475.00,12978
2026-09-16 18:00,29478.75,29539.00,29406.50,29454.75,41915
2026-09-16 18:30,29455.50,29494.75,29221.50,29231.00,72156
2026-09-16 19:00,29231.75,29303.75,29053.00,29132.00,70814
2026-09-16 19:30,29132.00,29268.75,29122.50,29254.25,59564
2026-09-16 20:00,29254.00,29283.25,29231.00,29244.50,14196
2026-09-16 20:30,29243.75,29272.75,29238.00,29263.75,2636
2026-09-16 22:00,29271.00,29329.50,29247.75,29322.50,2456
2026-09-16 22:30,29323.75,29369.25,29321.25,29350.00,3257
2026-09-16 23:00,29350.75,29416.75,29349.25,29395.50,3583
2026-09-16 23:30,29396.00,29457.00,29395.50,29450.50,5921
2026-09-17 00:00,29451.50,29464.75,29409.50,29433.75,6181
2026-09-17 00:30,29433.75,29478.00,29428.75,29450.25,4541
2026-09-17 01:00,29451.50,29474.25,29434.00,29446.50,3456
2026-09-17 01:30,29447.00,29469.25,29406.25,29418.50,4088
2026-09-17 02:00,29419.00,29439.00,29406.25,29418.25,3094
2026-09-17 02:30,29418.25,29454.25,29416.75,29421.75,2707
2026-09-17 03:00,29423.00,29449.00,29419.00,29446.50,1261
2026-09-17 03:30,29446.00,29466.50,29440.25,29465.50,1562
2026-09-17 04:00,29466.00,29466.00,29440.75,29451.25,1621
2026-09-17 04:30,29450.50,29471.50,29438.75,29450.50,1716
2026-09-17 05:00,29450.75,29453.75,29420.75,29429.75,1804
2026-09-17 05:30,29430.50,29432.00,29371.00,29373.75,3441
2026-09-17 06:00,29372.50,29444.50,29368.75,29443.75,3956
2026-09-17 06:30,29443.75,29473.50,29440.75,29469.50,4406
2026-09-17 07:00,29469.50,29550.00,29462.25,29548.75,7289
2026-09-17 07:30,29549.50,29567.50,29509.75,29517.75,4327
2026-09-17 08:00,29517.75,29533.25,29485.00,29516.25,4726
2026-09-17 08:30,29516.25,29561.25,29505.75,29555.50,3219
2026-09-17 09:00,29556.00,29592.75,29553.50,29555.75,3615
2026-09-17 09:30,29556.50,29580.00,29545.50,29558.50,2517
2026-09-17 10:00,29558.50,29589.25,29557.75,29578.25,2254
2026-09-17 10:30,29579.25,29590.75,29561.75,29586.75,2527
2026-09-17 11:00,29586.75,29614.00,29565.00,29577.75,4060
2026-09-17 11:30,29577.50,29624.00,29555.50,29620.00,4794
2026-09-17 12:00,29621.00,29727.75,29595.50,29725.25,12739
2026-09-17 12:30,29723.75,29753.25,29708.75,29724.00,12580
2026-09-17 13:00,29724.25,29750.00,29709.75,29718.25,12886
2026-09-17 13:30,29718.25,29737.25,29605.75,29689.00,69620
2026-09-17 14:00,29689.50,29742.00,29639.50,29712.50,44955
2026-09-17 14:30,29712.00,29748.00,29666.50,29680.00,33628
2026-09-17 15:00,29680.75,29714.00,29652.00,29706.50,23827
2026-09-17 15:30,29706.50,29745.75,29699.00,29743.50,21846
2026-09-17 16:00,29743.25,29753.25,29717.00,29747.50,15501
2026-09-17 16:30,29747.25,29750.50,29704.25,29741.50,21262
2026-09-17 17:00,29741.25,29762.50,29721.25,29726.00,18478
2026-09-17 17:30,29726.75,29747.25,29717.25,29742.50,11993
2026-09-17 18:00,29742.50,29747.50,29720.50,29726.25,12996
2026-09-17 18:30,29726.75,29734.25,29705.00,29722.00,14685
2026-09-17 19:00,29722.00,29751.00,29720.00,29732.00,15814
2026-09-17 19:30,29732.00,29793.25,29730.75,29744.50,44797
2026-09-17 20:00,29744.50,29748.25,29715.00,29715.00,13989
2026-09-17 20:30,29715.25,29725.75,29712.50,29720.50,2708
2026-09-17 22:00,29723.75,29728.50,29680.75,29683.25,2138
2026-09-17 22:30,29682.75,29689.00,29674.00,29687.50,2318
2026-09-17 23:00,29686.75,29712.00,29686.00,29690.00,2652
2026-09-17 23:30,29690.25,29705.00,29687.50,29696.50,1207
2026-09-18 00:00,29697.25,29708.00,29676.00,29686.75,3491
2026-09-18 00:30,29687.50,29697.25,29660.50,29666.50,2930
2026-09-18 01:00,29665.75,29682.25,29648.00,29657.50,3142
2026-09-18 01:30,29657.25,29683.00,29652.00,29678.00,2533
2026-09-18 02:00,29679.75,29692.25,29663.00,29687.75,2017
2026-09-18 02:30,29688.00,29704.00,29683.75,29692.75,2262
2026-09-18 03:00,29693.75,29738.50,29689.00,29733.50,4466
2026-09-18 03:30,29734.00,29764.75,29727.25,29752.25,3234
2026-09-18 04:00,29762.75,29773.50,29755.00,29772.25,2585
2026-09-18 04:30,29773.00,29812.75,29766.50,29810.50,4067
2026-09-18 05:00,29810.25,29827.25,29803.00,29814.50,3078
2026-09-18 05:30,29815.50,29859.25,29812.00,29846.00,5341
2026-09-18 06:00,29846.25,29897.25,29845.00,29885.00,5740
2026-09-18 06:30,29885.25,29921.50,29884.25,29916.00,4646
2026-09-18 07:00,29916.25,29964.25,29910.75,29960.25,5278
2026-09-18 07:30,29961.00,29966.75,29924.25,29929.50,4415
2026-09-18 08:00,29928.75,29944.00,29895.75,29897.50,5465
2026-09-18 08:30,29896.75,29919.75,29891.25,29892.75,3178
2026-09-18 09:00,29893.25,29899.00,29870.50,29873.00,2493
2026-09-18 09:30,29873.25,29874.00,29836.00,29839.00,3698
2026-09-18 10:00,29838.25,29878.25,29838.25,29877.75,3306
2026-09-18 10:30,29876.50,29903.25,29872.25,29877.25,3219
2026-09-18 11:00,29877.25,29898.75,29825.25,29829.75,5980
2026-09-18 11:30,29830.50,29858.75,29822.50,29838.75,3588
2026-09-18 12:00,29839.75,29853.50,29767.75,29775.00,9213
2026-09-18 12:30,29774.00,29796.25,29770.00,29776.50,6233
2026-09-18 13:00,29776.25,29819.50,29744.75,29814.25,17230
2026-09-18 13:30,29814.00,29844.75,29765.75,29776.75,55975
2026-09-18 14:00,29776.25,29783.75,29692.75,29728.75,48232
2026-09-18 14:30,29728.25,29767.25,29702.75,29758.25,31108
2026-09-18 15:00,29758.25,29772.50,29720.25,29749.25,22433
2026-09-18 15:30,29749.50,29755.50,29702.75,29708.25,20805
2026-09-18 16:00,29708.25,29724.25,29659.25,29699.75,22653
2026-09-18 16:30,29700.00,29735.00,29692.50,29727.50,17826
2026-09-18 17:00,29728.00,29751.50,29719.75,29741.75,13713
2026-09-18 17:30,29741.50,29768.00,29731.75,29763.25,11793
2026-09-18 18:00,29763.00,29788.00,29748.00,29780.75,13814
2026-09-18 18:30,29780.50,29849.50,29773.25,29832.00,19218
2026-09-18 19:00,29832.25,29852.25,29829.25,29831.25,14986
2026-09-18 19:30,29831.50,29937.75,29822.75,29915.75,47617
2026-09-18 20:00,29916.00,29993.25,29912.25,29967.25,19504
2026-09-18 20:30,29968.50,29986.50,29917.25,29917.25,4254
2026-09-20 22:00,29946.50,30007.75,29945.00,29990.25,4144
2026-09-20 22:30,29989.00,30034.00,29987.00,30025.25,4606
2026-09-20 23:00,30025.00,30031.00,30011.25,30027.00,1910
2026-09-20 23:30,30026.25,30040.25,30021.50,30029.50,2204
2026-09-21 00:00,30029.50,30079.25,30018.00,30067.00,5474
2026-09-21 00:30,30067.00,30097.25,30067.00,30095.50,3692
2026-09-21 01:00,30095.50,30130.50,30088.50,30111.00,5459
2026-09-21 01:30,30110.75,30120.75,30069.50,30071.00,3955
2026-09-21 02:00,30070.50,30089.50,30063.50,30088.75,3146
2026-09-21 02:30,30088.00,30105.00,30068.00,30080.00,3159
2026-09-21 03:00,30078.50,30104.75,30078.50,30093.75,1707
2026-09-21 03:30,30092.75,30107.00,30082.25,30090.00,2050
2026-09-21 04:00,30087.25,30100.75,30071.00,30094.00,1990
2026-09-21 04:30,30093.25,30098.00,30080.50,30090.00,1003
2026-09-21 05:00,30090.25,30090.75,30075.25,30081.75,1082
2026-09-21 05:30,30081.25,30111.75,30077.50,30090.75,2439
2026-09-21 06:00,30090.50,30125.00,30090.50,30108.00,3382
2026-09-21 06:30,30108.25,30144.50,30106.50,30141.50,2908
2026-09-21 07:00,30142.00,30162.00,30126.00,30148.00,5134
2026-09-21 07:30,30149.25,30188.25,30138.25,30178.75,3900
2026-09-21 08:00,30178.50,30215.00,30172.50,30198.75,5156
2026-09-21 08:30,30198.75,30237.75,30197.50,30234.50,3464
2026-09-21 09:00,30234.75,30262.50,30228.50,30247.75,3060
2026-09-21 09:30,30247.00,30264.00,30233.00,30234.25,2661
2026-09-21 10:00,30234.00,30253.75,30232.75,30245.75,2145
2026-09-21 10:30,30247.00,30266.75,30237.00,30241.50,2479
2026-09-21 11:00,30241.25,30251.75,30216.00,30225.75,2987
2026-09-21 11:30,30225.75,30260.50,30220.75,30247.00,3297
2026-09-21 12:00,30247.50,30275.00,30225.25,30225.50,5784
2026-09-21 12:30,30226.25,30258.50,30222.25,30225.50,5138
2026-09-21 13:00,30224.25,30238.25,30202.25,30221.50,8764
2026-09-21 13:30,30221.50,30423.00,30216.50,30417.00,68297
2026-09-21 14:00,30416.50,30519.75,30397.00,30518.00,47025
2026-09-21 14:30,30518.25,30559.50,30500.50,30550.50,39771
2026-09-21 15:00,30551.00,30587.50,30549.00,30584.50,26386
2026-09-21 15:30,30585.00,30639.25,30579.50,30609.75,26798
2026-09-21 16:00,30610.25,30687.50,30601.50,30678.25,26862
2026-09-21 16:30,30677.75,30704.25,30665.00,30680.50,19743
2026-09-21 17:00,30680.50,30694.25,30664.25,30687.75,16559
2026-09-21 17:30,30688.00,30724.50,30670.75,30712.50,16971
2026-09-21 18:00,30712.75,30759.00,30712.50,30753.50,17438
2026-09-21 18:30,30753.75,30797.25,30737.00,30786.50,21345
2026-09-21 19:00,30786.75,30813.50,30773.00,30803.75,20044
2026-09-21 19:30,30803.00,30862.75,30778.00,30783.50,49663
2026-09-21 20:00,30784.00,30794.00,30761.75,30777.50,12610
2026-09-21 20:30,30777.50,30788.00,30756.50,30781.00,4142
2026-09-21 22:00,30780.00,30821.25,30778.50,30814.00,2484
2026-09-21 22:30,30815.75,30833.50,30805.00,30829.50,2441
2026-09-21 23:00,30828.25,30852.25,30823.25,30842.75,2541
2026-09-21 23:30,30842.25,30856.75,30836.75,30852.25,2478
2026-09-22 00:00,30852.25,30893.75,30850.00,30892.25,6513
2026-09-22 00:30,30893.00,30916.50,30872.25,30899.50,5838
2026-09-22 01:00,30900.00,30901.25,30867.50,30882.75,4591
2026-09-22 01:30,30882.00,30904.75,30873.00,30874.75,3849
2026-09-22 02:00,30873.00,30893.50,30870.00,30878.75,2577
2026-09-22 02:30,30879.75,30897.75,30866.50,30894.50,3116
2026-09-22 03:00,30894.50,30899.25,30883.00,30888.75,1755
2026-09-22 03:30,30889.75,30898.75,30863.75,30875.00,2985
2026-09-22 04:00,30846.75,30866.50,30832.25,30836.50,4988
2026-09-22 04:30,30836.25,30847.75,30809.25,30812.50,3439
2026-09-22 05:00,30813.00,30820.75,30783.25,30792.50,4862
2026-09-22 05:30,30791.25,30844.75,30779.50,30814.75,4992
2026-09-22 06:00,30816.25,30818.75,30766.50,30786.25,4693
2026-09-22 06:30,30785.75,30794.25,30775.25,30779.00,2543
2026-09-22 07:00,30779.25,30794.00,30765.50,30768.75,3259
2026-09-22 07:30,30769.25,30785.75,30761.00,30770.50,3039
2026-09-22 08:00,30770.25,30771.50,30683.00,30686.50,7723
2026-09-22 08:30,30686.75,30789.75,30670.00,30784.50,8543
2026-09-22 09:00,30782.50,30800.25,30753.00,30769.25,4489
2026-09-22 09:30,30770.25,30850.75,30764.00,30837.25,8104
2026-09-22 10:00,30839.00,30847.00,30794.00,30810.25,4098
2026-09-22 10:30,30809.00,30834.25,30798.00,30814.25,3148
2026-09-22 11:00,30814.00,30829.00,30754.50,30778.75,6152
2026-09-22 11:30,30779.50,30813.75,30772.25,30776.75,2976
2026-09-22 12:00,30776.75,30791.75,30749.00,30783.50,3900
2026-09-22 12:30,30783.25,30788.50,30745.50,30752.25,4489
2026-09-22 13:00,30753.00,30780.75,30748.75,30764.00,8596
2026-09-22 13:30,30764.25,30945.00,30763.50,30930.00,63960
2026-09-22 14:00,30929.50,30983.75,30908.50,30961.50,37614
2026-09-22 14:30,30961.25,30997.50,30890.50,30924.75,43968
2026-09-22 15:00,30925.75,30949.00,30905.25,30928.25,23313
2026-09-22 15:30,30928.50,30934.00,30885.75,30910.50,22682
2026-09-22 16:00,30911.25,30935.75,30889.25,30891.75,17361
2026-09-22 16:30,30891.75,30947.00,30891.25,30940.75,17899
2026-09-22 17:00,30941.25,30956.75,30929.00,30953.50,11036
2026-09-22 17:30,30953.50,30988.25,30921.75,30977.25,19256
2026-09-22 18:00,30977.25,31009.50,30951.25,30994.00,17016
2026-09-22 18:30,30994.00,30998.50,30966.00,30976.00,13990
2026-09-22 19:00,30976.00,31027.00,30975.25,31020.75,16890
2026-09-22 19:30,31020.50,31065.50,31012.75,31030.25,41772
2026-09-22 20:00,31029.25,31035.75,31000.00,31004.50,10339
2026-09-22 20:30,31004.50,31011.50,30991.00,31002.00,3170
2026-09-22 22:00,31008.50,31058.50,30997.50,31049.00,2004
2026-09-22 22:30,31050.00,31060.50,31025.50,31044.25,2464
2026-09-22 23:00,31045.00,31061.75,31043.25,31053.00,1447
2026-09-22 23:30,31050.75,31070.50,31042.75,31065.00,2475
2026-09-23 00:00,31064.50,31065.75,31030.25,31037.75,4728
2026-09-23 00:30,31037.25,31050.50,31012.00,31022.75,3366
2026-09-23 01:00,31023.75,31057.00,31014.75,31053.25,3161
2026-09-23 01:30,31052.50,31058.00,31008.25,31016.25,3542
2026-09-23 02:00,31016.25,31021.25,30982.75,31012.25,4023
2026-09-23 02:30,31012.00,31016.00,30999.75,31007.75,1494
2026-09-23 03:00,31008.00,31014.75,30990.75,30999.75,2072
2026-09-23 03:30,30999.50,31027.00,30999.50,31013.25,1511
2026-09-24 04:00,30661.75,30677.00,30651.25,30676.00,2009
2026-09-24 04:30,30675.50,30692.75,30673.25,30692.25,295
2026-09-24 04:33,30691.25,30691.25,30691.25,30691.25,0
