zeit_utc,open,high,low,close,volume
2026-08-14 04:05,30158.25,30161.00,30152.50,30154.75,0
2026-08-14 04:10,30154.00,30161.50,30148.00,30156.75,227
2026-08-14 04:15,30155.00,30164.00,30154.50,30159.00,242
2026-08-14 04:20,30159.00,30160.50,30150.50,30156.75,228
2026-08-14 04:25,30156.25,30165.00,30155.50,30157.50,285
2026-08-14 04:30,30158.75,30159.25,30146.50,30148.25,290
2026-08-14 04:35,30148.00,30155.00,30137.50,30153.50,517
2026-08-14 04:40,30153.50,30163.75,30148.50,30154.75,379
2026-08-14 04:45,30154.00,30154.25,30147.00,30150.25,237
2026-08-14 04:50,30149.75,30149.75,30145.25,30147.00,148
2026-08-14 04:55,30147.75,30150.50,30145.50,30147.00,123
2026-08-14 05:00,30148.25,30152.50,30136.25,30136.50,385
2026-08-14 05:05,30136.00,30139.75,30129.00,30133.50,366
2026-08-14 05:10,30133.50,30145.25,30127.75,30143.00,341
2026-08-14 05:15,30144.00,30151.25,30138.25,30144.25,297
2026-08-14 05:20,30142.50,30151.50,30141.50,30150.25,191
2026-08-14 05:25,30150.25,30152.00,30142.75,30150.50,193
2026-08-14 05:30,30149.25,30154.50,30140.75,30153.00,163
2026-08-14 05:35,30152.25,30164.50,30152.25,30161.75,250
2026-08-14 05:40,30161.25,30167.00,30152.50,30166.50,272
2026-08-14 05:45,30167.00,30175.00,30164.50,30172.75,291
2026-08-14 05:50,30173.00,30178.00,30170.50,30178.00,224
2026-08-14 05:55,30177.50,30182.00,30173.00,30174.00,350
2026-08-14 06:00,30174.75,30177.75,30149.50,30152.75,485
2026-08-14 06:05,30151.75,30163.00,30151.75,30157.00,269
2026-08-14 06:10,30157.75,30159.75,30151.50,30152.50,163
2026-08-14 06:15,30153.00,30161.25,30147.50,30160.00,238
2026-08-14 06:20,30159.00,30160.25,30150.25,30157.00,198
2026-08-14 06:25,30159.25,30164.00,30153.75,30163.25,117
2026-08-14 06:30,30162.25,30165.50,30154.50,30154.75,221
2026-08-14 06:35,30154.50,30160.00,30149.50,30154.50,266
2026-08-14 06:40,30155.50,30159.75,30152.50,30159.75,121
2026-08-14 06:45,30160.25,30168.75,30160.00,30167.50,189
2026-08-14 06:50,30167.75,30176.00,30167.50,30171.75,254
2026-08-14 06:55,30171.25,30178.00,30169.00,30172.50,151
2026-08-14 07:00,30173.50,30193.50,30171.50,30190.25,724
2026-08-14 07:05,30190.75,30194.25,30179.25,30190.75,442
2026-08-14 07:10,30190.75,30191.50,30171.50,30175.25,355
2026-08-14 07:15,30175.50,30181.00,30175.25,30180.25,138
2026-08-14 07:20,30179.50,30181.25,30172.25,30177.75,183
2026-08-14 07:25,30177.00,30180.00,30172.50,30177.00,162
2026-08-14 07:30,30177.75,30187.75,30173.00,30185.50,177
2026-08-14 07:35,30185.00,30191.25,30183.75,30190.25,158
2026-08-14 07:40,30191.00,30203.75,30188.75,30202.75,350
2026-08-14 07:45,30202.75,30202.75,30192.50,30197.25,235
2026-08-14 07:50,30196.75,30201.50,30194.25,30197.50,177
2026-08-14 07:55,30197.50,30201.75,30190.75,30194.75,398
2026-08-14 08:00,30194.50,30214.50,30187.75,30206.25,806
2026-08-14 08:05,30205.75,30235.75,30204.25,30227.00,893
2026-08-14 08:10,30227.75,30232.00,30208.00,30213.25,537
2026-08-14 08:15,30215.00,30231.50,30207.00,30210.75,463
2026-08-14 08:20,30210.75,30215.50,30206.00,30211.50,184
2026-08-14 08:25,30211.25,30225.50,30206.75,30225.50,241
2026-08-14 08:30,30224.50,30236.00,30222.00,30231.75,372
2026-08-14 08:35,30231.25,30239.00,30231.00,30237.75,370
2026-08-14 08:40,30236.75,30240.25,30227.25,30227.75,298
2026-08-14 08:45,30228.25,30240.00,30228.25,30235.50,195
2026-08-14 08:50,30235.00,30236.75,30227.75,30228.00,201
2026-08-14 08:55,30227.75,30228.50,30220.50,30220.75,144
2026-08-14 09:00,30220.00,30222.25,30210.25,30216.50,337
2026-08-14 09:05,30217.00,30221.50,30212.00,30214.75,182
2026-08-14 09:10,30215.00,30220.00,30211.00,30218.50,258
2026-08-14 09:15,30218.50,30224.25,30214.75,30223.00,248
2026-08-14 09:20,30222.75,30232.00,30216.75,30231.25,212
2026-08-14 09:25,30231.75,30232.00,30224.00,30226.75,147
2026-08-14 09:30,30225.50,30226.25,30211.50,30214.50,289
2026-08-14 09:35,30214.50,30220.50,30207.50,30217.25,320
2026-08-14 09:40,30216.25,30216.25,30207.00,30209.75,254
2026-08-14 09:45,30210.50,30225.75,30207.25,30222.50,315
2026-08-14 09:50,30223.00,30231.00,30220.50,30226.50,280
2026-08-14 09:55,30226.75,30236.00,30224.00,30235.00,266
2026-08-14 10:00,30234.25,30245.25,30233.50,30244.50,451
2026-08-14 10:05,30245.50,30249.00,30240.50,30242.25,297
2026-08-14 10:10,30243.75,30249.75,30239.50,30241.50,313
2026-08-14 10:15,30239.75,30240.75,30233.50,30234.50,311
2026-08-14 10:20,30234.75,30238.75,30228.50,30238.25,288
2026-08-14 10:25,30238.00,30238.00,30223.00,30228.75,204
2026-08-14 10:30,30230.00,30237.50,30225.75,30234.50,206
2026-08-14 10:35,30234.75,30235.25,30225.75,30232.00,277
2026-08-14 10:40,30230.75,30237.75,30223.50,30237.00,243
2026-08-14 10:45,30236.25,30241.00,30232.75,30233.00,310
2026-08-14 10:50,30234.00,30248.50,30233.75,30246.75,383
2026-08-14 10:55,30246.50,30252.50,30238.75,30252.00,534
2026-08-14 11:00,30251.75,30260.75,30247.00,30248.00,682
2026-08-14 11:05,30248.50,30262.00,30248.50,30256.25,307
2026-08-14 11:10,30255.75,30259.00,30251.00,30253.75,287
2026-08-14 11:15,30254.00,30254.25,30245.00,30248.00,359
2026-08-14 11:20,30248.75,30254.50,30242.00,30249.75,283
2026-08-14 11:25,30249.00,30254.75,30245.25,30247.25,282
2026-08-14 11:30,30247.00,30255.00,30239.50,30252.00,437
2026-08-14 11:35,30251.25,30258.50,30247.75,30249.25,430
2026-08-14 11:40,30248.00,30252.75,30237.25,30251.50,451
2026-08-14 11:45,30252.00,30264.75,30250.00,30263.25,571
2026-08-14 11:50,30262.75,30268.00,30258.75,30259.25,363
2026-08-14 11:55,30259.25,30267.75,30256.25,30263.75,341
2026-08-14 12:00,30265.25,30280.25,30260.75,30262.75,1055
2026-08-14 12:05,30262.75,30267.75,30256.50,30265.00,596
2026-08-14 12:10,30265.25,30265.75,30208.50,30237.50,1732
2026-08-14 12:15,30237.00,30238.75,30226.50,30235.00,891
2026-08-14 12:20,30235.50,30243.75,30230.75,30232.75,541
2026-08-14 12:25,30232.75,30256.25,30230.00,30251.50,664
2026-08-14 12:30,30252.75,30279.75,30247.00,30272.25,1597
2026-08-14 12:35,30272.00,30278.25,30257.50,30264.00,1119
2026-08-14 12:40,30263.50,30266.75,30258.50,30266.00,560
2026-08-14 12:45,30265.75,30274.00,30254.00,30270.50,1060
2026-08-14 12:50,30271.00,30278.00,30265.00,30275.50,540
2026-08-14 12:55,30276.75,30279.75,30266.25,30268.25,665
2026-08-14 13:00,30268.50,30276.50,30262.25,30270.25,639
2026-08-14 13:05,30271.00,30283.00,30264.75,30265.25,1025
2026-08-14 13:10,30265.25,30266.50,30252.50,30253.00,691
2026-08-14 13:15,30253.25,30260.00,30245.25,30246.75,1064
2026-08-14 13:20,30248.00,30257.50,30245.25,30253.25,851
2026-08-14 13:25,30252.75,30261.50,30236.25,30241.50,2240
2026-08-14 13:30,30241.50,30269.50,30206.25,30206.25,14627
2026-08-14 13:35,30206.50,30222.00,30169.75,30220.50,11678
2026-08-14 13:40,30221.00,30262.25,30195.00,30261.00,11372
2026-08-14 13:45,30260.75,30280.50,30226.00,30238.00,11385
2026-08-14 13:50,30239.00,30265.50,30218.50,30238.75,8711
2026-08-14 13:55,30239.75,30250.75,30208.75,30228.25,6114
2026-08-14 14:00,30226.00,30257.50,30204.75,30254.25,6764
2026-08-14 14:05,30255.00,30272.25,30226.00,30233.75,6546
2026-08-14 14:10,30233.00,30245.25,30215.75,30221.25,5104
2026-08-14 14:15,30221.75,30228.50,30167.75,30172.50,7512
2026-08-14 14:20,30173.00,30193.50,30148.75,30160.00,6682
2026-08-14 14:25,30160.25,30169.50,30134.25,30160.25,7038
2026-08-14 14:30,30159.75,30163.25,30129.00,30138.75,7887
2026-08-14 14:35,30138.75,30176.50,30135.50,30169.00,5232
2026-08-14 14:40,30168.25,30168.25,30142.00,30155.50,4293
2026-08-14 14:45,30155.50,30165.75,30143.00,30150.25,3170
2026-08-14 14:50,30150.25,30166.00,30142.50,30144.25,3074
2026-08-14 14:55,30144.00,30150.25,30123.00,30123.00,3477
2026-08-14 15:00,30124.00,30143.00,30109.50,30123.25,5345
2026-08-14 15:05,30122.75,30131.00,30101.75,30106.50,4444
2026-08-14 15:10,30106.75,30116.50,30088.00,30090.50,4435
2026-08-14 15:15,30090.75,30110.75,30089.75,30104.25,3995
2026-08-14 15:20,30103.75,30110.00,30044.50,30047.25,6489
2026-08-14 15:25,30047.50,30074.50,30033.50,30072.50,6661
2026-08-14 15:30,30073.25,30075.00,30042.00,30048.25,5127
2026-08-14 15:35,30049.25,30065.50,30039.25,30042.25,4459
2026-08-14 15:40,30041.50,30049.75,30029.50,30049.00,3588
2026-08-14 15:45,30049.25,30066.25,30031.00,30037.75,4502
2026-08-14 15:50,30038.00,30063.50,30028.50,30056.75,3489
2026-08-14 15:55,30056.50,30072.75,30052.00,30065.75,3415
2026-08-14 16:00,30066.50,30084.25,30066.25,30074.50,4026
2026-08-14 16:05,30073.75,30077.25,30050.50,30059.75,3247
2026-08-14 16:10,30060.00,30082.50,30057.25,30080.25,3069
2026-08-14 16:15,30080.25,30088.00,30077.50,30081.75,2674
2026-08-14 16:20,30081.50,30094.75,30075.50,30093.25,2907
2026-08-14 16:25,30093.25,30107.75,30091.50,30101.00,2637
2026-08-14 16:30,30100.50,30102.00,30065.75,30071.50,4393
2026-08-14 16:35,30072.75,30097.50,30071.00,30081.75,3287
2026-08-14 16:40,30080.75,30082.50,30064.50,30067.25,2256
2026-08-14 16:45,30067.00,30076.75,30061.50,30074.50,2237
2026-08-14 16:50,30073.75,30073.75,30055.75,30061.75,2348
2026-08-14 16:55,30062.25,30069.75,30052.75,30059.00,1995
2026-08-14 17:00,30059.25,30066.50,30053.00,30060.50,2130
2026-08-14 17:05,30060.75,30074.00,30058.00,30067.00,1973
2026-08-14 17:10,30066.75,30079.75,30063.75,30069.25,2625
2026-08-14 17:15,30069.25,30073.50,30057.50,30068.75,1962
2026-08-14 17:20,30068.00,30076.50,30050.50,30054.00,2044
2026-08-14 17:25,30053.75,30066.25,30046.50,30059.25,2489
2026-08-14 17:30,30059.50,30072.00,30056.75,30068.50,1802
2026-08-14 17:35,30068.75,30072.25,30050.25,30057.25,2125
2026-08-14 17:40,30057.00,30065.75,30052.00,30058.00,1569
2026-08-14 17:45,30058.25,30064.50,30054.50,30058.00,1586
2026-08-14 17:50,30057.75,30077.25,30049.75,30073.75,2126
2026-08-14 17:55,30073.50,30084.50,30065.75,30081.50,2377
2026-08-14 18:00,30081.25,30091.25,30073.50,30089.25,2120
2026-08-14 18:05,30088.75,30091.00,30079.00,30088.50,1539
2026-08-14 18:10,30088.50,30090.75,30076.75,30078.75,1626
2026-08-14 18:15,30078.75,30090.50,30078.50,30084.75,1906
2026-08-14 18:20,30084.75,30092.50,30078.25,30081.00,1570
2026-08-14 18:25,30080.50,30087.25,30064.75,30068.00,2251
2026-08-14 18:30,30067.50,30075.75,30062.50,30072.00,2083
2026-08-14 18:35,30072.25,30078.25,30066.25,30076.25,1448
2026-08-14 18:40,30075.50,30090.25,30073.50,30087.25,2005
2026-08-14 18:45,30087.00,30088.75,30078.00,30087.00,1529
2026-08-14 18:50,30087.50,30104.00,30087.50,30096.75,2539
2026-08-14 18:55,30096.75,30097.50,30086.50,30088.50,1421
2026-08-14 19:00,30088.50,30091.25,30077.25,30082.75,2281
2026-08-14 19:05,30082.75,30094.50,30077.00,30092.25,1951
2026-08-14 19:10,30092.25,30093.00,30081.25,30083.00,1686
2026-08-14 19:15,30083.25,30092.25,30076.00,30088.25,2438
2026-08-14 19:20,30088.25,30089.75,30080.50,30087.00,1585
2026-08-14 19:25,30087.25,30104.00,30085.25,30096.75,2240
2026-08-14 19:30,30096.25,30103.75,30091.25,30101.25,2325
2026-08-14 19:35,30101.75,30109.00,30096.00,30105.75,3048
2026-08-14 19:40,30105.25,30115.25,30103.00,30108.50,2744
2026-08-14 19:45,30108.50,30120.50,30101.50,30119.50,3862
2026-08-14 19:50,30119.25,30130.00,30114.75,30126.25,6920
2026-08-14 19:55,30126.00,30148.00,30112.25,30145.00,11576
2026-08-14 20:00,30144.25,30153.25,30136.00,30145.75,5748
2026-08-14 20:05,30146.25,30146.25,30131.25,30133.25,1414
2026-08-14 20:10,30133.75,30141.75,30131.00,30132.75,1445
2026-08-14 20:15,30133.25,30135.50,30128.50,30131.50,504
2026-08-14 20:20,30131.50,30133.50,30127.25,30129.50,294
2026-08-14 20:25,30129.25,30132.00,30128.00,30131.00,396
2026-08-14 20:30,30131.00,30145.75,30128.25,30140.50,867
2026-08-14 20:35,30140.50,30143.00,30136.75,30137.00,402
2026-08-14 20:40,30138.00,30143.50,30138.00,30142.00,325
2026-08-14 20:45,30142.25,30143.00,30138.00,30141.50,440
2026-08-14 20:50,30142.75,30147.50,30142.75,30144.00,356
2026-08-14 20:55,30145.00,30154.75,30141.75,30141.75,477
2026-08-16 22:10,30192.25,30202.50,30188.75,30196.50,299
2026-08-16 22:15,30197.75,30200.75,30191.50,30193.50,174
2026-08-16 22:20,30193.50,30199.25,30190.50,30192.00,175
2026-08-16 22:25,30192.50,30196.00,30192.50,30192.75,98
2026-08-16 22:30,30193.00,30196.50,30188.50,30193.75,222
2026-08-16 22:35,30194.25,30195.25,30189.25,30193.50,90
2026-08-16 22:40,30194.00,30195.00,30191.00,30192.25,65
2026-08-16 22:45,30192.75,30205.75,30187.25,30203.75,502
2026-08-16 22:50,30204.00,30211.75,30202.50,30208.75,352
2026-08-16 22:55,30208.75,30209.00,30199.25,30205.00,282
2026-08-16 23:00,30205.25,30207.25,30199.25,30202.75,158
2026-08-16 23:05,30203.75,30206.75,30203.00,30205.00,98
2026-08-16 23:10,30204.25,30205.75,30195.25,30197.00,276
2026-08-16 23:15,30197.25,30198.50,30194.00,30194.50,177
2026-08-16 23:20,30194.75,30204.25,30191.50,30200.25,341
2026-08-16 23:25,30200.75,30201.00,30194.00,30197.00,111
2026-08-16 23:30,30197.75,30199.00,30192.75,30193.00,162
2026-08-16 23:35,30193.00,30202.00,30193.00,30199.50,135
2026-08-16 23:40,30199.75,30206.25,30198.75,30206.25,172
2026-08-16 23:45,30204.75,30221.75,30204.50,30218.50,552
2026-08-16 23:50,30219.25,30228.00,30217.50,30218.25,551
2026-08-16 23:55,30218.00,30219.25,30212.50,30214.25,209
2026-08-17 00:00,30215.00,30227.25,30209.00,30215.25,850
2026-08-17 00:05,30214.75,30225.00,30211.50,30211.75,454
2026-08-17 00:10,30212.25,30223.00,30211.50,30219.50,278
2026-08-17 00:15,30218.50,30218.75,30189.00,30192.50,694
2026-08-17 00:20,30192.00,30200.00,30192.00,30198.50,362
2026-08-17 00:25,30198.50,30204.25,30195.00,30195.50,401
2026-08-17 00:30,30195.50,30198.25,30186.50,30190.75,376
2026-08-17 00:35,30191.25,30193.75,30185.50,30187.25,272
2026-08-17 00:40,30187.25,30196.00,30186.50,30188.75,402
2026-08-17 00:45,30189.25,30198.00,30185.50,30193.75,284
2026-08-17 00:50,30195.25,30198.00,30190.00,30196.00,160
2026-08-17 00:55,30195.50,30202.00,30191.50,30201.75,258
2026-08-17 01:00,30201.00,30227.50,30199.75,30227.00,915
2026-08-17 01:05,30227.25,30233.25,30223.50,30226.50,634
2026-08-17 01:10,30225.25,30226.75,30213.75,30214.25,428
2026-08-17 01:15,30214.50,30221.75,30203.75,30220.00,793
2026-08-17 01:20,30220.50,30239.00,30219.25,30230.00,603
2026-08-17 01:25,30229.00,30234.75,30227.75,30229.75,166
2026-08-17 01:30,30230.25,30232.50,30199.00,30204.25,587
2026-08-17 01:35,30204.50,30211.50,30196.75,30211.25,489
2026-08-17 01:40,30211.75,30213.75,30191.00,30199.00,704
2026-08-17 01:45,30198.50,30203.25,30192.75,30199.50,262
2026-08-17 01:50,30198.75,30199.50,30187.00,30192.50,350
2026-08-17 01:55,30192.75,30195.25,30189.00,30192.00,176
2026-08-17 02:00,30192.00,30194.50,30187.25,30189.50,203
2026-08-17 02:05,30189.25,30198.50,30185.25,30196.00,482
2026-08-17 02:10,30196.75,30200.50,30192.25,30200.25,215
2026-08-17 02:15,30200.75,30204.50,30197.75,30201.75,182
2026-08-17 02:20,30201.25,30222.25,30200.75,30214.25,1114
2026-08-17 02:25,30215.25,30218.00,30211.75,30217.25,176
2026-08-17 02:30,30216.75,30223.50,30211.75,30218.00,308
2026-08-17 02:35,30218.25,30219.50,30212.25,30217.75,170
2026-08-17 02:40,30217.00,30225.00,30216.50,30222.25,148
2026-08-17 02:45,30220.50,30227.25,30220.25,30225.25,252
2026-08-17 02:50,30225.00,30231.25,30222.25,30224.50,317
2026-08-17 02:55,30224.00,30224.00,30220.00,30222.25,199
2026-08-17 03:00,30223.00,30229.00,30220.75,30229.00,298
2026-08-17 03:05,30228.50,30233.50,30223.25,30232.50,262
2026-08-17 03:10,30232.25,30235.00,30222.50,30226.00,302
2026-08-17 03:15,30227.50,30235.50,30226.75,30231.50,178
2026-08-17 03:20,30231.50,30234.75,30230.50,30233.00,103
2026-08-17 03:25,30232.75,30234.25,30229.25,30234.25,109
2026-08-17 03:30,30234.75,30236.25,30226.00,30235.50,164
2026-08-17 03:35,30235.00,30240.00,30233.75,30239.50,234
2026-08-17 03:40,30239.25,30247.25,30238.00,30241.50,385
2026-08-17 03:45,30241.25,30245.25,30238.75,30243.00,180
2026-08-17 03:50,30244.25,30245.00,30239.75,30244.50,114
2026-08-17 03:55,30243.50,30246.25,30243.50,30245.75,107
2026-08-17 04:00,30246.75,30249.25,30243.50,30246.75,320
2026-08-17 04:05,30247.50,30251.00,30245.75,30246.75,235
2026-08-17 04:10,30247.25,30255.00,30246.25,30251.25,329
2026-08-17 04:15,30250.50,30251.00,30246.00,30250.50,165
2026-08-17 04:20,30250.25,30252.25,30243.50,30243.75,222
2026-08-17 04:25,30244.25,30246.25,30240.50,30241.00,170
2026-08-17 04:30,30241.00,30241.00,30233.25,30236.50,292
2026-08-17 04:35,30236.75,30239.75,30235.00,30238.75,105
2026-08-17 04:40,30239.50,30244.75,30239.00,30243.50,189
2026-08-17 04:45,30244.00,30248.50,30239.75,30240.00,178
2026-08-17 04:50,30240.75,30242.25,30233.00,30235.25,264
2026-08-17 04:55,30235.50,30238.25,30234.00,30234.75,110
2026-08-17 05:00,30234.50,30245.50,30234.50,30241.50,257
2026-08-17 05:05,30241.50,30247.00,30237.25,30247.00,144
2026-08-17 05:10,30246.00,30246.50,30238.50,30241.25,146
2026-08-17 05:15,30243.00,30246.75,30241.50,30244.00,111
2026-08-17 05:20,30243.75,30245.50,30236.00,30236.25,145
2026-08-17 05:25,30235.25,30244.50,30230.50,30243.75,191
2026-08-17 05:30,30244.50,30258.50,30237.25,30257.25,656
2026-08-17 05:35,30256.00,30258.50,30249.75,30258.50,180
2026-08-17 05:40,30258.75,30263.00,30257.75,30263.00,240
2026-08-17 05:45,30263.00,30274.00,30261.25,30272.25,257
2026-08-17 05:50,30271.25,30273.50,30266.00,30270.25,286
2026-08-17 05:55,30269.50,30274.00,30268.00,30272.00,169
2026-08-17 06:00,30273.25,30292.00,30266.75,30290.50,1112
2026-08-17 06:05,30291.00,30295.00,30289.25,30290.25,542
2026-08-17 06:10,30290.50,30291.75,30285.50,30287.50,249
2026-08-17 06:15,30287.75,30287.75,30272.00,30276.75,414
2026-08-17 06:20,30277.00,30287.75,30272.75,30286.50,372
2026-08-17 06:25,30286.00,30299.00,30285.00,30296.75,583
2026-08-17 06:30,30297.25,30310.25,30294.00,30306.50,1399
2026-08-17 06:35,30307.25,30323.25,30307.25,30322.00,742
2026-08-17 06:40,30322.25,30327.00,30311.50,30314.50,666
2026-08-17 06:45,30315.00,30325.50,30311.00,30324.25,310
2026-08-17 06:50,30325.25,30326.00,30316.25,30316.25,104
2026-08-17 06:55,30317.00,30325.00,30314.50,30324.50,175
2026-08-17 07:00,30324.75,30331.50,30306.00,30311.25,895
2026-08-17 07:05,30311.25,30313.00,30298.50,30301.00,522
2026-08-17 07:10,30301.25,30301.50,30273.25,30275.00,664
2026-08-17 07:15,30276.00,30276.75,30261.00,30267.00,792
2026-08-17 07:20,30270.00,30274.50,30264.50,30271.00,366
2026-08-17 07:25,30269.25,30280.50,30263.00,30279.75,464
2026-08-17 07:30,30279.75,30300.00,30276.75,30297.00,593
2026-08-17 07:35,30297.00,30322.00,30296.50,30318.25,675
2026-08-17 07:40,30318.25,30324.25,30316.00,30318.25,351
2026-08-17 07:45,30317.75,30322.50,30312.75,30313.75,301
2026-08-17 07:50,30314.00,30318.75,30307.50,30310.00,388
2026-08-17 07:55,30309.25,30314.00,30306.75,30313.00,421
2026-08-17 08:00,30312.00,30318.00,30297.00,30313.75,670
2026-08-17 08:05,30314.25,30320.00,30300.50,30319.00,574
2026-08-17 08:10,30320.00,30328.00,30304.50,30307.25,512
2026-08-17 08:15,30307.25,30319.50,30303.00,30303.75,243
2026-08-17 08:20,30304.75,30317.50,30303.50,30314.75,226
2026-08-17 08:25,30315.00,30319.25,30310.50,30315.25,219
2026-08-17 08:30,30314.00,30319.00,30308.50,30308.50,258
2026-08-17 08:35,30309.00,30318.00,30305.00,30306.00,248
2026-08-17 08:40,30306.25,30306.25,30287.50,30288.25,399
2026-08-17 08:45,30288.25,30297.25,30287.50,30295.00,177
2026-08-17 08:50,30294.00,30296.50,30283.75,30293.75,283
2026-08-17 08:55,30293.00,30305.25,30290.25,30298.25,319
2026-08-17 09:00,30298.25,30301.50,30288.00,30292.00,318
2026-08-17 09:05,30291.00,30295.00,30288.50,30295.00,173
2026-08-17 09:10,30295.75,30298.75,30289.75,30297.00,130
2026-08-17 09:15,30297.25,30297.25,30278.00,30283.00,294
2026-08-17 09:20,30284.25,30285.25,30271.50,30273.75,296
2026-08-17 09:25,30273.50,30276.75,30267.75,30274.50,259
2026-08-17 09:30,30274.25,30280.00,30269.50,30273.75,183
2026-08-17 09:35,30274.75,30283.00,30267.75,30270.25,261
2026-08-17 09:40,30269.75,30283.25,30269.00,30282.75,214
2026-08-17 09:45,30281.75,30291.50,30279.25,30286.00,241
2026-08-17 09:50,30285.25,30288.25,30276.25,30286.25,255
2026-08-17 09:55,30286.00,30289.50,30280.75,30282.00,141
2026-08-17 10:00,30282.00,30285.25,30279.00,30285.25,176
2026-08-17 10:05,30282.75,30293.00,30276.00,30279.75,479
2026-08-17 10:10,30280.25,30296.50,30278.50,30295.50,251
2026-08-17 10:15,30295.50,30303.25,30285.00,30293.00,364
2026-08-17 10:20,30294.00,30294.50,30285.00,30287.00,169
2026-08-17 10:25,30286.75,30343.00,30279.00,30338.00,1280
2026-08-17 10:30,30334.25,30338.50,30294.00,30297.75,931
2026-08-17 10:35,30296.75,30305.00,30292.75,30302.75,429
2026-08-17 10:40,30303.25,30311.25,30298.75,30310.50,226
2026-08-17 10:45,30310.25,30311.50,30305.00,30306.50,183
2026-08-17 10:50,30306.75,30313.25,30306.25,30309.50,241
2026-08-17 10:55,30309.75,30316.50,30308.00,30315.00,238
2026-08-17 11:00,30313.75,30322.00,30296.25,30311.25,863
2026-08-17 11:05,30311.50,30325.00,30310.00,30320.50,690
2026-08-17 11:10,30320.25,30320.25,30298.00,30300.25,420
2026-08-17 11:15,30300.25,30301.00,30286.75,30288.25,530
2026-08-17 11:20,30289.00,30301.75,30287.75,30301.25,414
2026-08-17 11:25,30301.50,30306.75,30294.50,30299.50,327
2026-08-17 11:30,30300.25,30306.00,30295.00,30302.25,269
2026-08-17 11:35,30302.25,30302.25,30292.50,30299.25,313
2026-08-17 11:40,30297.75,30305.75,30295.50,30304.50,240
2026-08-17 11:45,30304.25,30310.00,30304.00,30309.00,267
2026-08-17 11:50,30308.25,30308.25,30291.25,30295.50,410
2026-08-17 11:55,30294.25,30298.75,30286.00,30286.75,418
2026-08-17 12:00,30286.75,30288.75,30249.50,30249.50,1118
2026-08-17 12:05,30249.75,30272.00,30246.75,30271.25,913
2026-08-17 12:10,30271.25,30283.00,30266.25,30278.25,687
2026-08-17 12:15,30278.50,30280.75,30269.25,30275.75,442
2026-08-17 12:20,30276.25,30281.00,30270.50,30272.00,388
2026-08-17 12:25,30272.25,30277.75,30220.75,30236.00,2403
2026-08-17 12:30,30238.25,30250.50,30221.25,30229.50,1149
2026-08-17 12:35,30230.00,30232.25,30194.00,30195.75,1375
2026-08-17 12:40,30196.25,30212.75,30182.75,30189.50,1592
2026-08-17 12:45,30189.25,30198.00,30180.00,30193.50,1184
2026-08-17 12:50,30194.25,30210.50,30185.25,30198.00,1125
2026-08-17 12:55,30198.50,30213.00,30192.25,30202.50,955
2026-08-17 13:00,30202.50,30214.50,30199.25,30205.75,975
2026-08-17 13:05,30206.50,30223.00,30206.25,30221.25,1119
2026-08-17 13:10,30220.25,30225.75,30215.25,30218.50,758
2026-08-17 13:15,30219.50,30219.75,30210.75,30211.00,909
2026-08-17 13:20,30211.25,30213.50,30205.25,30209.75,1723
2026-08-17 13:25,30210.00,30238.00,30208.00,30219.50,3506
2026-08-17 13:30,30218.50,30266.00,30191.00,30196.50,16723
2026-08-17 13:35,30197.25,30239.25,30165.50,30178.50,10959
2026-08-17 13:40,30179.00,30230.50,30167.50,30196.50,8438
2026-08-17 13:45,30196.50,30229.00,30174.25,30226.25,7238
2026-08-17 13:50,30226.75,30254.25,30210.75,30249.00,7074
2026-08-17 13:55,30249.50,30251.25,30215.00,30235.00,5583
2026-08-17 14:00,30234.75,30243.25,30186.25,30206.75,8269
2026-08-17 14:05,30207.50,30214.00,30161.00,30196.50,7166
2026-08-17 14:10,30196.75,30226.25,30192.00,30224.25,6049
2026-08-17 14:15,30224.75,30226.00,30174.75,30181.00,5520
2026-08-17 14:20,30181.25,30185.00,30155.25,30176.75,5144
2026-08-17 14:25,30176.25,30198.75,30165.75,30197.75,4762
2026-08-17 14:30,30198.00,30207.00,30186.00,30203.75,3580
2026-08-17 14:35,30204.00,30206.50,30186.50,30194.25,2986
2026-08-17 14:40,30194.50,30217.25,30192.50,30204.25,3447
2026-08-17 14:45,30205.00,30223.25,30199.25,30215.75,3452
2026-08-17 14:50,30216.00,30231.50,30203.00,30209.50,4177
2026-08-17 14:55,30209.75,30246.00,30208.50,30244.00,4038
2026-08-17 15:00,30244.00,30277.00,30233.25,30269.50,6153
2026-08-17 15:05,30269.00,30287.50,30257.25,30259.25,5884
2026-08-17 15:10,30259.00,30276.75,30255.75,30257.75,3546
2026-08-17 15:15,30258.00,30276.25,30255.00,30271.75,3517
2026-08-17 15:20,30271.75,30278.00,30265.00,30269.75,3112
2026-08-17 15:25,30269.75,30277.50,30255.50,30269.00,3032
2026-08-17 15:30,30269.75,30273.50,30241.75,30243.75,4047
2026-08-17 15:35,30244.25,30252.25,30222.75,30224.50,4820
2026-08-17 15:40,30223.50,30233.00,30207.75,30227.50,5619
2026-08-17 15:45,30227.00,30233.25,30214.00,30218.50,2653
2026-08-17 15:50,30218.50,30249.75,30214.75,30242.75,3678
2026-08-17 15:55,30242.75,30247.00,30238.25,30239.50,1964
2026-08-17 16:00,30239.75,30243.25,30216.00,30217.75,2892
2026-08-17 16:05,30216.75,30221.75,30200.50,30208.00,3285
2026-08-17 16:10,30207.25,30216.00,30200.00,30204.00,2443
2026-08-17 16:15,30204.00,30218.00,30200.25,30212.50,2032
2026-08-17 16:20,30212.75,30217.50,30197.00,30199.00,2071
2026-08-17 16:25,30198.75,30210.50,30196.50,30207.25,2128
2026-08-17 16:30,30207.50,30212.75,30193.25,30197.25,2275
2026-08-17 16:35,30197.50,30202.50,30192.75,30201.00,1685
2026-08-17 16:40,30201.75,30202.00,30182.00,30183.50,2333
2026-08-17 16:45,30183.50,30191.25,30178.50,30189.75,2419
2026-08-17 16:50,30189.25,30192.50,30175.25,30190.00,2012
2026-08-17 16:55,30190.00,30192.75,30177.50,30183.50,1654
2026-08-17 17:00,30183.50,30187.25,30171.75,30173.50,2031
2026-08-17 17:05,30173.50,30174.25,30154.00,30161.00,3852
2026-08-17 17:10,30161.25,30164.00,30128.25,30129.75,4400
2026-08-17 17:15,30129.50,30143.75,30114.00,30129.25,6145
2026-08-17 17:20,30129.00,30129.50,30095.25,30109.00,6081
2026-08-17 17:25,30109.00,30116.00,30092.50,30096.75,4321
2026-08-17 17:30,30097.00,30113.50,30090.50,30094.25,4690
2026-08-17 17:35,30094.50,30116.75,30091.00,30092.00,3334
2026-08-17 17:40,30092.25,30128.00,30086.50,30123.00,4200
2026-08-17 17:45,30123.00,30127.25,30108.50,30111.00,2161
2026-08-17 17:50,30111.25,30117.25,30105.75,30112.00,1795
2026-08-17 17:55,30112.00,30113.50,30097.00,30102.25,2194
2026-08-17 18:00,30102.00,30114.00,30089.75,30093.25,3470
2026-08-17 18:05,30093.00,30097.00,30079.25,30087.25,3351
2026-08-17 18:10,30087.25,30107.75,30084.00,30100.25,2407
2026-08-17 18:15,30100.25,30105.00,30092.50,30097.75,2117
2026-08-17 18:20,30097.50,30107.75,30089.50,30106.75,2462
2026-08-17 18:25,30106.25,30113.75,30095.00,30103.00,2580
2026-08-17 18:30,30103.75,30109.25,30092.50,30100.75,2226
2026-08-17 18:35,30101.00,30110.00,30101.00,30107.00,1389
2026-08-17 18:40,30107.00,30120.00,30103.75,30117.25,1863
2026-08-17 18:45,30117.75,30125.00,30115.50,30123.50,1722
2026-08-17 18:50,30123.00,30136.50,30120.00,30122.00,2505
2026-08-17 18:55,30122.75,30125.00,30116.50,30122.25,1768
2026-08-17 19:00,30122.50,30124.75,30106.25,30107.50,2229
2026-08-17 19:05,30106.50,30115.00,30098.25,30102.50,2130
2026-08-17 19:10,30101.75,30104.25,30083.25,30084.75,2209
2026-08-17 19:15,30084.75,30107.25,30082.25,30091.50,3278
2026-08-17 19:20,30092.25,30098.25,30082.75,30096.00,2320
2026-08-17 19:25,30096.75,30114.00,30092.50,30093.50,2910
2026-08-17 19:30,30093.75,30105.50,30088.75,30097.25,3082
2026-08-17 19:35,30097.50,30106.00,30094.25,30105.75,2065
2026-08-17 19:40,30105.25,30111.75,30096.50,30102.25,2722
2026-08-17 19:45,30102.75,30119.75,30102.75,30119.75,2534
2026-08-17 19:50,30119.75,30123.00,30089.00,30093.50,5150
2026-08-17 19:55,30094.00,30105.00,30066.50,30090.50,11725
2026-08-17 20:00,30091.00,30098.00,30078.00,30080.25,4553
2026-08-17 20:05,30079.75,30082.00,30070.25,30080.50,1948
2026-08-17 20:10,30081.25,30085.00,30076.75,30078.25,927
2026-08-17 20:15,30078.25,30081.25,30068.50,30080.75,762
2026-08-17 20:20,30081.25,30082.25,30077.50,30077.75,171
2026-08-17 20:25,30077.25,30079.75,30075.00,30078.50,349
2026-08-17 20:30,30077.75,30080.00,30071.00,30073.25,419
2026-08-17 20:35,30073.25,30073.75,30059.00,30065.00,531
2026-08-17 20:40,30065.50,30075.50,30063.50,30064.75,473
2026-08-17 20:45,30063.75,30066.00,30054.50,30058.75,559
2026-08-17 20:50,30059.25,30073.75,30056.50,30073.75,341
2026-08-17 20:55,30074.00,30079.75,30067.75,30078.25,534
2026-08-17 22:00,30077.00,30091.75,30072.00,30082.50,0
2026-08-17 22:05,30083.00,30088.00,30071.25,30085.00,431
2026-08-17 22:10,30085.75,30085.75,30070.25,30073.50,334
2026-08-17 22:15,30073.00,30080.25,30062.25,30078.75,635
2026-08-17 22:20,30079.75,30084.75,30071.50,30080.75,338
2026-08-17 22:25,30082.25,30083.50,30076.00,30076.00,160
2026-08-17 22:30,30075.00,30076.75,30068.00,30069.25,222
2026-08-17 22:35,30070.75,30073.75,30068.00,30069.00,113
2026-08-17 22:40,30068.50,30075.50,30067.00,30070.75,178
2026-08-17 22:45,30071.75,30076.75,30070.75,30075.50,147
2026-08-17 22:50,30074.50,30080.00,30072.25,30079.25,214
2026-08-17 22:55,30079.50,30083.50,30076.75,30079.75,201
2026-08-17 23:00,30079.25,30080.25,30070.00,30072.25,266
2026-08-17 23:05,30073.50,30087.25,30072.25,30083.75,246
2026-08-17 23:10,30084.00,30087.00,30080.25,30081.25,127
2026-08-17 23:15,30082.00,30088.75,30071.75,30081.00,310
2026-08-17 23:20,30082.75,30083.00,30077.00,30080.25,115
2026-08-17 23:25,30079.25,30087.50,30077.00,30084.00,228
2026-08-17 23:30,30083.00,30103.00,30082.75,30094.00,704
2026-08-17 23:35,30093.75,30100.50,30092.75,30099.25,159
2026-08-17 23:40,30099.25,30099.25,30093.50,30096.75,107
2026-08-17 23:45,30095.75,30100.00,30080.50,30086.50,790
2026-08-17 23:50,30086.00,30098.75,30083.50,30098.25,345
2026-08-17 23:55,30097.00,30100.75,30093.50,30094.50,243
2026-08-18 00:00,30094.25,30104.00,30083.75,30098.25,903
2026-08-18 00:05,30098.25,30102.50,30093.00,30095.25,289
2026-08-18 00:10,30095.75,30102.00,30090.00,30100.00,289
2026-08-18 00:15,30101.00,30113.00,30091.50,30109.50,559
2026-08-18 00:20,30108.25,30114.75,30106.75,30108.75,531
2026-08-18 00:25,30108.25,30110.50,30098.25,30100.00,368
2026-08-18 00:30,30101.00,30110.00,30097.75,30109.75,297
2026-08-18 00:35,30109.25,30113.25,30106.00,30109.50,296
2026-08-18 00:40,30108.75,30113.00,30100.50,30112.00,285
2026-08-18 00:45,30112.00,30113.50,30107.25,30111.75,313
2026-08-18 00:50,30112.25,30121.25,30100.75,30104.00,639
2026-08-18 00:55,30104.00,30107.25,30095.00,30098.00,469
2026-08-18 01:00,30099.25,30103.25,30093.00,30094.25,427
2026-08-18 01:05,30093.25,30104.00,30090.00,30095.75,406
2026-08-18 01:10,30095.00,30110.00,30094.75,30109.25,397
2026-08-18 01:15,30109.50,30109.75,30090.25,30094.75,463
2026-08-18 01:20,30095.50,30102.75,30086.75,30102.50,388
2026-08-18 01:25,30102.25,30102.25,30075.00,30087.50,682
2026-08-18 01:30,30086.25,30090.50,30068.75,30078.75,958
2026-08-18 01:35,30078.50,30089.75,30073.75,30074.00,565
2026-08-18 01:40,30073.50,30074.25,30037.00,30049.75,1417
2026-08-18 01:45,30049.00,30055.50,30016.75,30021.50,1871
2026-08-18 01:50,30021.25,30021.50,29968.25,29992.00,3409
2026-08-18 01:55,29993.25,30012.75,29986.00,30012.50,1231
2026-08-18 02:00,30012.00,30022.00,30007.00,30012.75,1132
2026-08-18 02:05,30012.00,30012.75,29991.50,30004.00,914
2026-08-18 02:10,30004.25,30007.50,29963.00,29966.25,997
2026-08-18 02:15,29965.25,29971.00,29930.50,29955.75,2318
2026-08-18 02:20,29955.75,29967.75,29932.50,29937.50,935
2026-08-18 02:25,29937.75,29940.50,29923.25,29931.00,954
2026-08-18 02:30,29932.50,29937.75,29918.75,29928.75,1116
2026-08-18 02:35,29929.00,29959.75,29926.50,29949.50,759
2026-08-18 02:40,29950.00,29957.00,29906.75,29909.50,1664
2026-08-18 02:45,29909.75,29917.50,29880.25,29916.00,2522
2026-08-18 02:50,29916.75,29920.75,29899.25,29899.50,780
2026-08-18 02:55,29899.25,29912.00,29887.25,29908.25,1079
2026-08-18 03:00,29909.00,29915.50,29906.25,29908.50,397
2026-08-18 03:05,29909.75,29915.25,29899.25,29902.00,525
2026-08-18 03:10,29901.75,29904.00,29888.75,29895.00,562
2026-08-18 03:15,29894.50,29897.25,29874.25,29881.25,1204
2026-08-18 03:20,29879.25,29886.75,29859.25,29868.25,1073
2026-08-18 03:25,29867.00,29885.75,29865.00,29879.25,684
2026-08-18 03:30,29879.00,29879.00,29853.00,29863.00,1129
2026-08-18 03:35,29862.50,29894.25,29858.25,29888.25,1012
2026-08-18 03:40,29887.50,29897.50,29885.25,29895.50,650
2026-08-18 03:45,29893.75,29905.75,29883.75,29884.75,861
2026-08-18 03:50,29884.50,29909.75,29881.25,29903.75,720
2026-08-18 03:55,29902.75,29905.00,29885.50,29900.00,450
2026-08-18 04:05,29888.75,29897.00,29888.75,29895.25,1590
2026-08-18 04:10,29895.50,29898.50,29890.00,29897.75,290
2026-08-18 04:15,29898.25,29905.75,29893.00,29900.75,439
2026-08-18 04:20,29900.00,29901.25,29882.50,29884.50,553
2026-08-18 04:25,29883.75,29920.25,29879.25,29911.00,1034
2026-08-18 04:30,29912.25,29918.75,29903.00,29910.25,664
2026-08-18 04:35,29911.00,29921.00,29891.00,29895.00,709
2026-08-18 04:40,29896.25,29903.50,29893.75,29900.50,234
2026-08-18 04:45,29899.00,29911.75,29895.75,29911.25,571
2026-08-18 04:50,29911.25,29925.50,29910.25,29922.00,378
2026-08-18 04:55,29921.50,29927.25,29915.50,29918.00,269
2026-08-18 05:00,29917.75,29918.50,29881.25,29887.75,1196
2026-08-18 05:05,29888.50,29905.75,29885.50,29897.25,341
2026-08-18 05:10,29897.00,29897.00,29876.00,29879.25,605
2026-08-18 05:15,29878.75,29884.25,29875.50,29881.00,290
2026-08-18 05:20,29881.75,29886.00,29874.25,29879.25,308
2026-08-18 05:25,29878.75,29888.00,29873.25,29876.00,309
2026-08-18 05:30,29876.50,29877.00,29863.50,29867.00,701
2026-08-18 05:35,29866.75,29875.50,29862.25,29868.50,435
2026-08-18 05:40,29867.25,29871.00,29862.25,29866.00,269
2026-08-18 05:45,29865.25,29877.75,29863.00,29876.00,239
2026-08-18 05:50,29877.75,29880.75,29860.25,29861.00,542
2026-08-18 05:55,29861.75,29869.25,29835.25,29842.00,1112
2026-08-18 06:00,29841.50,29841.75,29799.25,29806.00,2131
2026-08-18 06:05,29806.50,29812.00,29786.00,29806.00,1209
2026-08-18 06:10,29806.00,29846.50,29805.75,29836.25,1309
2026-08-18 06:15,29835.00,29841.00,29820.50,29836.25,755
2026-08-18 06:20,29837.25,29860.00,29836.75,29852.25,902
2026-08-18 06:25,29851.25,29866.50,29845.25,29860.00,508
2026-08-18 06:30,29859.50,29872.25,29852.75,29864.00,560
2026-08-18 06:35,29865.50,29876.50,29858.75,29873.25,411
2026-08-18 06:40,29874.25,29874.25,29862.00,29865.50,174
2026-08-18 06:45,29866.25,29877.50,29862.75,29872.75,362
2026-08-18 06:50,29872.75,29877.75,29867.00,29868.50,294
2026-08-18 06:55,29869.00,29896.00,29869.00,29893.00,563
2026-08-18 07:00,29892.00,29894.75,29874.75,29880.00,675
2026-08-18 07:05,29881.50,29896.50,29872.00,29878.50,520
2026-08-18 07:10,29876.75,29879.00,29861.25,29863.00,558
2026-08-18 07:15,29862.75,29871.75,29852.75,29862.50,535
2026-08-18 07:20,29862.25,29870.75,29857.00,29860.25,289
2026-08-18 07:25,29860.75,29864.25,29845.50,29847.25,356
2026-08-18 07:30,29848.00,29854.75,29824.00,29825.75,613
2026-08-18 07:35,29824.75,29846.00,29822.00,29843.50,712
2026-08-18 07:40,29844.25,29849.25,29824.50,29825.25,373
2026-08-18 07:45,29825.25,29834.25,29822.75,29832.00,497
2026-08-18 07:50,29833.25,29841.00,29815.75,29824.25,490
2026-08-18 07:55,29823.75,29827.00,29808.00,29810.75,578
2026-08-18 08:00,29811.00,29814.25,29762.00,29763.50,2272
2026-08-18 08:05,29761.50,29766.25,29736.50,29758.00,1911
2026-08-18 08:10,29758.50,29780.50,29740.00,29766.75,1574
2026-08-18 08:15,29767.75,29786.25,29767.25,29767.50,800
2026-08-18 08:20,29769.00,29772.75,29735.75,29740.50,752
2026-08-18 08:25,29741.00,29765.25,29735.75,29759.75,746
2026-08-18 08:30,29759.50,29781.00,29748.25,29778.00,579
2026-08-18 08:35,29778.25,29792.25,29774.50,29784.50,586
2026-08-18 08:40,29785.00,29789.25,29769.75,29780.50,527
2026-08-18 08:45,29782.00,29782.50,29745.50,29746.00,564
2026-08-18 08:50,29745.75,29764.25,29742.50,29755.50,620
2026-08-18 08:55,29756.25,29772.25,29747.25,29765.50,607
2026-08-18 09:00,29765.00,29778.00,29744.50,29763.75,910
2026-08-18 09:05,29762.75,29762.75,29743.75,29752.00,566
2026-08-18 09:10,29752.00,29775.00,29751.50,29764.50,459
2026-08-18 09:15,29764.25,29770.75,29735.00,29739.00,773
2026-08-18 09:20,29739.50,29746.75,29727.25,29727.25,555
2026-08-18 09:25,29728.50,29749.00,29723.50,29735.00,552
2026-08-18 09:30,29736.50,29742.00,29718.00,29732.50,1114
2026-08-18 09:35,29733.00,29741.00,29723.25,29727.25,536
2026-08-18 09:40,29726.50,29727.50,29698.25,29712.75,936
2026-08-18 09:45,29711.75,29723.00,29695.00,29699.00,1029
2026-08-18 09:50,29699.75,29714.00,29687.25,29714.00,885
2026-08-18 09:55,29713.50,29737.00,29713.50,29733.00,881
2026-08-18 10:00,29732.25,29743.75,29715.75,29733.25,779
2026-08-18 10:05,29732.00,29739.00,29724.00,29737.25,465
2026-08-18 10:10,29737.25,29739.00,29717.75,29722.00,338
2026-08-18 10:15,29722.25,29742.25,29712.00,29713.00,629
2026-08-18 10:20,29713.75,29718.00,29706.00,29708.00,508
2026-08-18 10:25,29708.00,29729.00,29703.75,29727.50,389
2026-08-18 10:30,29726.75,29744.75,29722.50,29737.50,625
2026-08-18 10:35,29737.00,29746.00,29732.50,29733.25,334
2026-08-18 10:40,29733.00,29735.75,29720.50,29728.50,424
2026-08-18 10:45,29727.75,29751.75,29721.00,29750.00,497
2026-08-18 10:50,29749.75,29752.75,29744.00,29748.50,300
2026-08-18 10:55,29748.75,29750.75,29737.00,29739.00,272
2026-08-18 11:00,29739.00,29765.00,29730.25,29761.25,1389
2026-08-18 11:05,29760.50,29767.25,29755.50,29757.00,605
2026-08-18 11:10,29757.25,29772.75,29757.00,29768.00,631
2026-08-18 11:15,29767.25,29773.50,29763.00,29771.25,430
2026-08-18 11:20,29770.25,29773.75,29753.25,29756.75,561
2026-08-18 11:25,29755.50,29769.50,29753.50,29756.75,439
2026-08-18 11:30,29758.00,29758.00,29739.00,29742.75,730
2026-08-18 11:35,29743.00,29750.75,29730.00,29730.50,541
2026-08-18 11:40,29731.25,29760.50,29727.00,29756.25,708
2026-08-18 11:45,29756.00,29775.75,29755.50,29768.75,727
2026-08-18 11:50,29768.75,29773.50,29745.50,29750.25,590
2026-08-18 11:55,29750.50,29763.25,29747.25,29747.25,316
2026-08-18 12:00,29748.50,29782.25,29742.50,29780.25,687
2026-08-18 12:05,29781.50,29786.00,29743.25,29746.00,1000
2026-08-18 12:10,29746.00,29748.25,29726.25,29733.50,1378
2026-08-18 12:15,29734.00,29740.25,29726.00,29733.00,670
2026-08-18 12:20,29733.25,29760.00,29723.75,29728.50,1664
2026-08-18 12:25,29729.25,29729.50,29711.50,29714.50,1275
2026-08-18 12:30,29714.25,29723.00,29696.50,29708.50,1184
2026-08-18 12:35,29707.75,29710.75,29685.25,29696.00,1184
2026-08-18 12:40,29696.00,29697.50,29687.00,29688.75,522
2026-08-18 12:45,29688.25,29709.75,29680.50,29709.50,1140
2026-08-18 12:50,29709.25,29721.25,29706.00,29707.75,1322
2026-08-18 12:55,29708.00,29717.00,29706.25,29713.00,526
2026-08-18 13:00,29713.00,29726.50,29701.50,29701.50,1621
2026-08-18 13:05,29702.00,29709.50,29692.75,29693.50,1084
2026-08-18 13:10,29693.75,29703.50,29691.00,29696.25,948
2026-08-18 13:15,29695.75,29703.50,29690.75,29699.50,830
2026-08-18 13:20,29699.50,29708.50,29684.50,29689.75,1334
2026-08-18 13:25,29690.00,29701.00,29678.00,29690.25,4236
2026-08-18 13:30,29690.75,29755.25,29631.25,29686.25,24756
2026-08-18 13:35,29685.25,29741.75,29673.25,29733.50,15096
2026-08-18 13:40,29734.25,29769.75,29685.50,29687.50,11228
2026-08-18 13:45,29687.25,29700.50,29645.00,29657.25,11079
2026-08-18 13:50,29657.00,29683.75,29633.00,29636.75,8680
2026-08-18 13:55,29637.50,29665.25,29604.75,29646.25,10461
2026-08-18 14:00,29647.50,29705.75,29621.25,29673.75,11055
2026-08-18 14:05,29674.25,29679.50,29617.00,29618.25,8737
2026-08-18 14:10,29618.00,29621.25,29568.50,29587.25,11464
2026-08-18 14:15,29587.00,29636.00,29578.00,29619.00,9213
2026-08-18 14:20,29619.75,29661.50,29593.25,29641.50,9073
2026-08-18 14:25,29641.50,29684.75,29637.00,29669.25,7656
2026-08-18 14:30,29668.75,29691.25,29649.00,29651.00,7427
2026-08-18 14:35,29651.25,29684.75,29649.25,29665.25,6622
2026-08-18 14:40,29666.00,29673.00,29612.50,29614.00,6176
2026-08-18 14:45,29614.00,29625.00,29595.75,29604.75,5599
2026-08-18 14:50,29604.75,29620.00,29557.00,29558.50,10330
2026-08-18 14:55,29557.75,29567.00,29536.25,29547.75,7776
2026-08-18 15:00,29547.50,29569.00,29526.00,29561.25,10356
2026-08-18 15:05,29561.25,29571.00,29527.00,29530.75,6317
2026-08-18 15:10,29530.25,29547.00,29514.00,29547.00,6064
2026-08-18 15:15,29546.25,29560.75,29534.00,29536.00,4669
2026-08-18 15:20,29535.75,29577.00,29532.00,29567.75,5620
2026-08-18 15:25,29568.25,29600.00,29564.75,29591.25,5902
2026-08-18 15:30,29591.00,29610.00,29582.00,29591.50,5789
2026-08-18 15:35,29592.25,29592.50,29567.00,29572.00,3782
2026-08-18 15:40,29571.75,29606.75,29566.50,29598.00,4149
2026-08-18 15:45,29598.75,29630.00,29598.25,29622.00,4756
2026-08-18 15:50,29622.00,29636.25,29598.75,29634.00,4770
2026-08-18 15:55,29634.25,29641.00,29617.25,29637.00,4091
2026-08-18 16:00,29636.75,29653.75,29632.00,29639.75,4937
2026-08-18 16:05,29638.75,29650.50,29625.00,29635.25,4044
2026-08-18 16:10,29635.50,29663.25,29634.00,29646.00,3638
2026-08-18 16:15,29647.00,29650.25,29621.00,29625.00,3425
2026-08-18 16:20,29626.00,29657.25,29624.25,29644.50,3916
2026-08-18 16:25,29644.75,29645.75,29609.50,29609.75,3691
2026-08-18 16:30,29609.75,29628.75,29603.25,29624.25,3815
2026-08-18 16:35,29624.50,29640.75,29613.25,29633.75,3404
2026-08-18 16:40,29634.00,29650.00,29617.00,29629.50,3544
2026-08-18 16:45,29629.75,29669.25,29618.50,29664.50,4162
2026-08-18 16:50,29665.00,29670.75,29655.25,29668.25,2551
2026-08-18 16:55,29668.50,29668.75,29647.25,29649.75,2465
2026-08-18 17:00,29649.75,29660.75,29633.00,29645.00,3648
2026-08-18 17:05,29645.25,29647.50,29626.25,29635.25,2683
2026-08-18 17:10,29635.25,29641.75,29618.50,29635.25,2338
2026-08-18 17:15,29635.50,29635.75,29605.50,29605.75,2394
2026-08-18 17:20,29605.75,29620.00,29597.25,29600.00,2304
2026-08-18 17:25,29600.25,29618.25,29593.00,29616.00,3363
2026-08-18 17:30,29615.25,29622.00,29605.75,29609.25,2483
2026-08-18 17:35,29608.75,29621.25,29591.50,29610.00,3185
2026-08-18 17:40,29610.00,29616.25,29602.50,29603.50,2427
2026-08-18 17:45,29604.00,29615.00,29594.50,29596.25,1661
2026-08-18 17:50,29595.50,29600.50,29590.75,29593.25,1726
2026-08-18 17:55,29593.50,29594.25,29565.00,29565.75,3541
2026-08-18 18:00,29566.00,29576.75,29561.50,29569.25,3134
2026-08-18 18:05,29569.50,29578.00,29550.50,29555.00,2943
2026-08-18 18:10,29555.50,29579.00,29547.25,29575.25,3322
2026-08-18 18:15,29574.75,29605.75,29571.25,29605.25,4050
2026-08-18 18:20,29605.25,29615.00,29592.50,29600.00,4010
2026-08-18 18:25,29600.25,29603.50,29588.00,29603.25,2260
2026-08-18 18:30,29603.50,29609.00,29587.50,29599.75,2077
2026-08-18 18:35,29599.75,29614.00,29599.75,29605.75,2113
2026-08-18 18:40,29605.25,29607.00,29584.25,29586.00,2585
2026-08-18 18:45,29586.50,29597.75,29583.50,29585.75,2039
2026-08-18 18:50,29585.75,29587.00,29568.50,29571.25,2036
2026-08-18 18:55,29571.00,29580.25,29565.25,29571.25,2570
2026-08-18 19:00,29571.00,29582.50,29564.50,29570.75,2392
2026-08-18 19:05,29571.25,29584.50,29566.00,29581.50,1832
2026-08-18 19:10,29580.75,29586.00,29567.50,29572.25,2202
2026-08-18 19:15,29572.25,29578.25,29564.75,29574.00,2345
2026-08-18 19:20,29574.25,29595.50,29566.25,29595.50,2592
2026-08-18 19:25,29595.25,29606.75,29588.75,29600.00,3520
2026-08-18 19:30,29600.00,29606.00,29589.25,29592.25,3793
2026-08-18 19:35,29591.75,29600.25,29584.25,29594.00,2267
2026-08-18 19:40,29593.75,29605.00,29582.75,29600.25,2946
2026-08-18 19:45,29600.25,29607.00,29588.00,29597.75,3489
2026-08-18 19:50,29597.75,29610.00,29559.25,29569.00,6732
2026-08-18 19:55,29569.50,29601.75,29568.00,29586.50,18754
2026-08-18 20:00,29586.75,29596.75,29576.25,29588.25,4172
2026-08-18 20:05,29588.75,29592.25,29572.25,29575.50,1358
2026-08-18 20:10,29575.50,29580.50,29566.00,29573.25,1297
2026-08-18 20:15,29573.50,29577.50,29566.50,29570.25,686
2026-08-18 20:20,29570.25,29573.50,29561.50,29565.25,491
2026-08-18 20:25,29564.75,29583.00,29564.00,29578.25,600
2026-08-18 20:30,29578.50,29585.00,29574.50,29584.25,368
2026-08-18 20:35,29584.00,29586.00,29581.50,29585.50,285
2026-08-18 20:40,29585.25,29585.25,29577.25,29577.25,302
2026-08-18 20:45,29577.25,29578.50,29551.50,29551.75,1010
2026-08-18 20:50,29552.25,29560.75,29550.25,29557.00,527
2026-08-18 20:55,29556.75,29568.50,29554.75,29559.50,583
2026-08-18 22:00,29566.50,29582.50,29549.00,29568.25,0
2026-08-18 22:05,29568.00,29578.00,29557.25,29576.50,549
2026-08-18 22:10,29575.00,29576.50,29568.75,29574.75,253
2026-08-18 22:15,29574.75,29583.75,29569.50,29583.00,341
2026-08-18 22:20,29582.50,29593.50,29574.50,29577.00,585
2026-08-18 22:25,29577.50,29577.75,29544.75,29546.75,1031
2026-08-18 22:30,29547.50,29552.75,29538.00,29544.75,967
2026-08-18 22:35,29544.00,29546.00,29523.50,29524.25,463
2026-08-18 22:40,29525.25,29534.00,29521.00,29531.75,630
2026-08-18 22:45,29532.50,29534.00,29520.00,29528.00,320
2026-08-18 22:50,29529.00,29536.75,29518.75,29521.00,521
2026-08-18 22:55,29523.25,29525.00,29516.75,29519.50,416
2026-08-18 23:00,29520.00,29532.25,29514.25,29529.50,560
2026-08-18 23:05,29527.00,29547.75,29519.25,29532.00,872
2026-08-18 23:10,29532.00,29534.25,29526.25,29533.25,140
2026-08-18 23:15,29532.50,29536.00,29521.00,29525.25,399
2026-08-18 23:20,29526.25,29567.25,29525.00,29553.00,973
2026-08-18 23:25,29552.75,29557.00,29543.50,29546.00,426
2026-08-18 23:30,29545.75,29549.75,29536.00,29542.50,298
2026-08-18 23:35,29541.50,29544.25,29523.00,29536.75,542
2026-08-18 23:40,29536.50,29540.75,29531.00,29536.75,457
2026-08-18 23:45,29534.00,29538.50,29524.50,29529.25,444
2026-08-18 23:50,29528.50,29552.75,29526.50,29542.25,801
2026-08-18 23:55,29542.25,29543.00,29527.50,29528.50,467
2026-08-19 00:00,29527.50,29529.25,29442.00,29472.75,4115
2026-08-19 00:05,29472.75,29499.00,29463.00,29476.00,1181
2026-08-19 00:10,29477.75,29480.25,29450.75,29460.25,1093
2026-08-19 00:15,29461.00,29493.25,29450.00,29490.50,1145
2026-08-19 00:20,29491.25,29524.50,29484.50,29504.00,1269
2026-08-19 00:25,29505.50,29530.75,29499.00,29530.75,942
2026-08-19 00:30,29530.75,29556.50,29529.75,29545.25,1463
2026-08-19 00:35,29543.75,29572.75,29543.75,29568.00,870
2026-08-19 00:40,29569.00,29575.75,29559.50,29569.50,586
2026-08-19 00:45,29569.25,29586.00,29565.75,29567.50,1002
2026-08-19 00:50,29568.00,29571.25,29552.75,29553.75,951
2026-08-19 00:55,29556.25,29565.25,29533.75,29539.25,1196
2026-08-19 01:00,29538.25,29574.75,29530.25,29573.00,1477
2026-08-19 01:05,29573.00,29598.25,29570.50,29595.00,1794
2026-08-19 01:10,29594.50,29596.50,29581.25,29586.50,1026
2026-08-19 01:15,29586.00,29602.75,29568.50,29602.75,1245
2026-08-19 01:20,29603.00,29609.50,29588.75,29588.75,1236
2026-08-19 01:25,29590.00,29608.00,29579.25,29602.00,713
2026-08-19 01:30,29600.75,29604.50,29563.25,29565.75,952
2026-08-19 01:35,29564.50,29590.50,29564.25,29589.00,777
2026-08-19 01:40,29589.00,29591.25,29564.50,29577.75,581
2026-08-19 01:45,29575.00,29578.00,29563.00,29573.50,466
2026-08-19 01:50,29573.25,29578.00,29567.50,29573.50,357
2026-08-19 01:55,29574.00,29584.25,29566.50,29577.75,594
2026-08-19 02:00,29579.00,29583.25,29561.25,29561.25,398
2026-08-19 02:05,29561.75,29563.75,29543.25,29546.25,731
2026-08-19 02:10,29546.50,29547.75,29526.25,29533.25,873
2026-08-19 02:15,29533.00,29551.50,29521.00,29526.75,999
2026-08-19 02:20,29525.25,29562.50,29525.25,29556.25,861
2026-08-19 02:25,29555.75,29563.25,29540.00,29542.00,547
2026-08-19 02:30,29541.75,29545.00,29518.25,29521.50,587
2026-08-19 02:35,29521.50,29527.00,29516.25,29524.50,468
2026-08-19 02:40,29523.50,29528.75,29514.00,29523.00,372
2026-08-19 02:45,29523.25,29544.00,29518.25,29539.00,700
2026-08-19 02:50,29538.00,29542.00,29518.75,29521.50,407
2026-08-19 02:55,29521.50,29535.00,29519.25,29532.00,225
2026-08-19 03:00,29532.00,29555.00,29531.50,29548.50,457
2026-08-19 03:05,29548.50,29553.75,29520.75,29525.75,580
2026-08-19 03:10,29525.25,29535.00,29520.75,29532.25,336
2026-08-19 03:15,29532.00,29551.50,29532.00,29538.25,578
2026-08-19 03:20,29538.25,29541.00,29519.75,29534.50,538
2026-08-19 03:25,29534.00,29535.50,29526.25,29535.25,223
2026-08-19 03:30,29533.50,29551.00,29528.50,29548.75,500
2026-08-19 03:35,29550.00,29567.00,29535.50,29542.00,904
2026-08-19 03:40,29543.25,29543.50,29529.75,29531.75,319
2026-08-19 03:45,29530.00,29530.00,29516.25,29528.50,455
2026-08-19 03:50,29528.25,29546.00,29527.75,29528.75,423
2026-08-19 03:55,29527.25,29533.75,29525.00,29527.75,173
2026-08-19 04:05,29517.00,29518.25,29514.00,29516.25,1007
2026-08-19 04:10,29515.00,29522.25,29505.00,29516.25,508
2026-08-19 04:15,29516.25,29518.75,29507.50,29514.25,309
2026-08-19 04:20,29514.50,29543.50,29513.00,29532.50,644
2026-08-19 04:25,29532.50,29542.25,29530.00,29533.75,303
2026-08-19 04:30,29533.75,29540.50,29500.50,29509.75,616
2026-08-19 04:35,29509.25,29521.50,29504.25,29504.50,297
2026-08-19 04:40,29503.75,29510.50,29498.00,29498.75,527
2026-08-19 04:45,29499.75,29504.00,29472.25,29476.50,623
2026-08-19 04:50,29477.00,29477.25,29463.75,29474.75,687
2026-08-19 04:55,29474.25,29507.25,29465.75,29506.00,694
2026-08-19 05:00,29506.75,29535.00,29499.00,29530.50,998
2026-08-19 05:05,29530.00,29534.50,29505.50,29518.25,443
2026-08-19 05:10,29518.25,29518.50,29482.75,29487.50,526
2026-08-19 05:15,29489.00,29491.75,29466.25,29471.50,528
2026-08-19 05:20,29470.75,29490.75,29467.00,29485.75,533
2026-08-19 05:25,29484.50,29510.00,29479.25,29509.25,410
2026-08-19 05:30,29507.50,29512.25,29483.25,29483.75,304
2026-08-19 05:35,29484.75,29493.00,29466.25,29473.00,446
2026-08-19 05:40,29473.00,29478.00,29459.00,29472.75,714
2026-08-19 05:45,29471.50,29477.00,29460.75,29469.00,339
2026-08-19 05:50,29468.75,29469.00,29453.00,29456.25,385
2026-08-19 05:55,29456.00,29463.25,29446.00,29457.50,826
2026-08-19 06:00,29456.50,29466.00,29444.25,29447.50,656
2026-08-19 06:05,29448.25,29452.50,29431.25,29433.75,931
2026-08-19 06:10,29433.00,29447.75,29430.50,29436.00,612
2026-08-19 06:15,29435.50,29487.00,29435.00,29477.00,897
2026-08-19 06:20,29477.75,29499.25,29477.25,29498.50,658
2026-08-19 06:25,29500.00,29504.75,29472.00,29482.00,603
2026-08-19 06:30,29481.50,29494.50,29472.50,29481.75,285
2026-08-19 06:35,29482.25,29489.75,29475.75,29477.25,252
2026-08-19 06:40,29475.75,29492.00,29460.00,29490.25,693
2026-08-19 06:45,29491.75,29532.25,29491.25,29521.00,1362
2026-08-19 06:50,29521.00,29544.75,29518.50,29541.50,962
2026-08-19 06:55,29542.75,29561.50,29538.75,29559.75,987
2026-08-19 07:00,29558.75,29559.25,29526.00,29531.50,1249
2026-08-19 07:05,29532.00,29551.25,29520.25,29547.75,739
2026-08-19 07:10,29547.75,29563.50,29541.50,29559.00,776
2026-08-19 07:15,29559.00,29561.25,29533.50,29546.00,474
2026-08-19 07:20,29547.25,29575.00,29546.00,29573.75,625
2026-08-19 07:25,29574.50,29578.25,29564.75,29578.25,555
2026-08-19 07:30,29578.50,29589.25,29567.25,29578.25,876
2026-08-19 07:35,29578.00,29587.25,29565.50,29567.50,463
2026-08-19 07:40,29567.75,29574.00,29547.25,29571.00,781
2026-08-19 07:45,29571.50,29589.00,29569.50,29581.75,733
2026-08-19 07:50,29581.50,29585.50,29570.00,29578.75,470
2026-08-19 07:55,29575.50,29606.50,29575.00,29601.25,1148
2026-08-19 08:00,29600.25,29634.50,29593.00,29632.75,1612
2026-08-19 08:05,29632.50,29637.00,29619.50,29629.00,1446
2026-08-19 08:10,29629.00,29640.75,29620.75,29624.75,886
2026-08-19 08:15,29625.00,29633.75,29607.50,29628.75,892
2026-08-19 08:20,29628.75,29639.00,29611.25,29626.00,1409
2026-08-19 08:25,29626.50,29629.50,29610.25,29622.50,624
2026-08-19 08:30,29620.50,29623.00,29600.25,29608.50,679
2026-08-19 08:35,29608.00,29619.75,29607.75,29617.25,349
2026-08-19 08:40,29617.75,29632.00,29613.50,29626.25,597
2026-08-19 08:45,29626.50,29633.25,29624.75,29625.75,384
2026-08-19 08:50,29625.25,29630.00,29610.75,29617.25,530
2026-08-19 08:55,29617.75,29618.50,29607.00,29609.50,468
2026-08-19 09:00,29606.25,29626.00,29605.00,29625.50,457
2026-08-19 09:05,29625.00,29630.00,29599.00,29599.00,693
2026-08-19 09:10,29600.00,29605.25,29592.75,29593.50,554
2026-08-19 09:15,29594.50,29598.25,29584.75,29592.50,685
2026-08-19 09:20,29593.00,29595.00,29584.00,29584.50,423
2026-08-19 09:25,29584.00,29586.75,29566.25,29571.00,649
2026-08-19 09:30,29571.00,29587.00,29565.00,29578.00,438
2026-08-19 09:35,29581.75,29583.75,29570.00,29573.25,309
2026-08-19 09:40,29572.25,29574.50,29549.50,29552.00,592
2026-08-19 09:45,29552.00,29563.00,29548.25,29559.50,346
2026-08-19 09:50,29559.75,29560.00,29544.75,29553.00,434
2026-08-19 09:55,29553.25,29556.75,29536.50,29553.75,476
2026-08-19 10:00,29553.25,29557.75,29522.25,29522.25,859
2026-08-19 10:05,29523.00,29530.50,29514.00,29521.25,686
2026-08-19 10:10,29520.25,29543.50,29510.75,29540.75,611
2026-08-19 10:15,29539.50,29540.00,29523.00,29531.00,422
2026-08-19 10:20,29529.50,29534.75,29517.25,29522.50,372
2026-08-19 10:25,29522.00,29541.25,29512.25,29536.25,558
2026-08-19 10:30,29536.00,29542.50,29528.50,29537.75,382
2026-08-19 10:35,29538.25,29557.75,29534.25,29554.25,836
2026-08-19 10:40,29554.25,29557.00,29546.50,29555.00,300
2026-08-19 10:45,29555.25,29558.75,29539.50,29540.50,248
2026-08-19 10:50,29539.25,29543.25,29530.00,29531.50,315
2026-08-19 10:55,29531.50,29532.50,29517.75,29521.00,494
2026-08-19 11:00,29522.50,29563.25,29509.50,29561.25,1171
2026-08-19 11:05,29560.25,29578.00,29545.00,29545.50,799
2026-08-19 11:10,29545.00,29555.00,29541.25,29545.75,566
2026-08-19 11:15,29549.00,29551.75,29535.00,29547.50,401
2026-08-19 11:20,29547.75,29559.50,29531.25,29553.50,567
2026-08-19 11:25,29553.25,29560.25,29533.50,29538.50,467
2026-08-19 11:30,29536.25,29540.25,29513.00,29519.75,534
2026-08-19 11:35,29518.00,29530.00,29516.25,29524.25,380
2026-08-19 11:40,29525.25,29527.50,29508.00,29515.00,527
2026-08-19 11:45,29513.75,29527.00,29506.75,29516.00,470
2026-08-19 11:50,29516.00,29525.25,29510.25,29518.75,455
2026-08-19 11:55,29521.75,29537.50,29517.50,29536.00,470
2026-08-19 12:00,29535.00,29551.00,29511.50,29525.25,917
2026-08-19 12:05,29524.50,29558.50,29522.00,29546.50,803
2026-08-19 12:10,29545.75,29555.75,29533.50,29553.00,1099
2026-08-19 12:15,29553.00,29573.75,29549.75,29570.25,951
2026-08-19 12:20,29570.00,29572.00,29557.75,29565.50,943
2026-08-19 12:25,29566.00,29583.00,29551.50,29573.25,1749
2026-08-19 12:30,29574.00,29623.00,29549.25,29617.25,2932
2026-08-19 12:35,29616.75,29668.25,29578.00,29661.25,5597
2026-08-19 12:40,29661.50,29685.00,29654.75,29683.25,4022
2026-08-19 12:45,29683.50,29721.75,29683.50,29721.00,4768
2026-08-19 12:50,29721.50,29757.25,29721.50,29743.50,4692
2026-08-19 12:55,29743.50,29747.25,29724.25,29742.75,3408
2026-08-19 13:00,29743.00,29743.00,29679.75,29683.75,3993
2026-08-19 13:05,29683.50,29717.50,29682.25,29707.75,2779
2026-08-19 13:10,29707.75,29735.50,29706.75,29723.75,1841
2026-08-19 13:15,29723.25,29726.75,29707.75,29719.50,1879
2026-08-19 13:20,29719.75,29747.75,29714.75,29742.50,1920
2026-08-19 13:25,29742.50,29748.25,29695.75,29697.00,3769
2026-08-19 13:30,29696.00,29742.75,29648.50,29673.00,20184
2026-08-19 13:35,29673.50,29688.25,29587.75,29589.75,14590
2026-08-19 13:40,29589.50,29628.75,29560.50,29610.75,15439
2026-08-19 13:45,29609.75,29635.50,29458.25,29470.50,17081
2026-08-19 13:50,29470.00,29493.00,29406.50,29471.25,18544
2026-08-19 13:55,29471.00,29525.50,29460.50,29496.50,11619
2026-08-19 14:00,29496.25,29514.25,29456.00,29472.25,10937
2026-08-19 14:05,29472.25,29504.25,29433.50,29452.25,9182
2026-08-19 14:10,29451.75,29462.00,29377.25,29382.50,11621
2026-08-19 14:15,29382.25,29469.00,29375.75,29418.50,12908
2026-08-19 14:20,29419.25,29456.75,29385.25,29415.50,9558
2026-08-19 14:25,29413.50,29485.00,29395.00,29482.50,8193
2026-08-19 14:30,29482.50,29517.00,29468.25,29494.25,7787
2026-08-19 14:35,29495.00,29567.00,29483.75,29565.75,7819
2026-08-19 14:40,29565.75,29575.00,29535.00,29564.00,7039
2026-08-19 14:45,29564.50,29566.75,29527.00,29531.25,5357
2026-08-19 14:50,29531.50,29596.75,29527.00,29595.75,6552
2026-08-19 14:55,29596.00,29624.50,29582.25,29623.25,6150
2026-08-19 15:00,29623.00,29629.75,29593.00,29596.25,6186
2026-08-19 15:05,29596.50,29609.50,29581.00,29586.50,4491
2026-08-19 15:10,29586.75,29624.00,29584.75,29617.25,3498
2026-08-19 15:15,29616.25,29629.00,29595.00,29624.00,4144
2026-08-19 15:20,29623.00,29631.25,29602.00,29602.50,3477
2026-08-19 15:25,29602.50,29620.00,29588.00,29613.50,4077
2026-08-19 15:30,29613.25,29616.50,29587.00,29592.25,2943
2026-08-19 15:35,29591.75,29598.00,29570.50,29572.75,3694
2026-08-19 15:40,29572.50,29597.75,29550.25,29596.75,4822
2026-08-19 15:45,29596.25,29616.25,29586.25,29586.75,3604
2026-08-19 15:50,29587.00,29596.00,29569.75,29574.50,3482
2026-08-19 15:55,29574.50,29608.25,29571.25,29606.25,3044
2026-08-19 16:00,29607.25,29639.50,29587.50,29638.25,4719
2026-08-19 16:05,29638.50,29653.75,29629.25,29650.75,3206
2026-08-19 16:10,29651.25,29653.25,29636.50,29637.00,2154
2026-08-19 16:15,29637.25,29667.25,29628.25,29659.50,3378
2026-08-19 16:20,29659.75,29665.25,29633.75,29638.25,2560
2026-08-19 16:25,29638.25,29639.25,29602.25,29609.00,3365
2026-08-19 16:30,29609.00,29617.25,29596.00,29611.25,2731
2026-08-19 16:35,29611.75,29621.50,29594.00,29609.75,2230
2026-08-19 16:40,29609.25,29620.75,29602.50,29610.25,1799
2026-08-19 16:45,29610.25,29611.25,29587.25,29589.25,2237
2026-08-19 16:50,29588.50,29588.50,29564.00,29571.50,2928
2026-08-19 16:55,29571.75,29572.00,29553.00,29559.50,2350
2026-08-19 17:00,29560.00,29569.25,29545.00,29556.00,3045
2026-08-19 17:05,29557.00,29573.25,29539.50,29541.25,2950
2026-08-19 17:10,29542.00,29562.75,29542.00,29548.00,2317
2026-08-19 17:15,29547.75,29556.50,29526.25,29526.25,2623
2026-08-19 17:20,29527.00,29528.50,29510.50,29518.50,3477
2026-08-19 17:25,29518.25,29543.50,29512.75,29539.50,2475
2026-08-19 17:30,29540.00,29543.25,29519.25,29519.25,2218
2026-08-19 17:35,29519.00,29538.00,29513.75,29523.00,1910
2026-08-19 17:40,29522.50,29544.25,29522.25,29537.00,1966
2026-08-19 17:45,29536.25,29550.25,29534.25,29541.00,1889
2026-08-19 17:50,29541.50,29561.00,29538.00,29551.50,1909
2026-08-19 17:55,29551.50,29553.75,29537.75,29544.25,1390
2026-08-19 18:00,29544.00,29592.50,29535.75,29562.75,4542
2026-08-19 18:05,29563.00,29571.75,29498.50,29501.75,5266
2026-08-19 18:10,29501.50,29541.25,29500.00,29520.00,3460
2026-08-19 18:15,29519.75,29523.50,29492.00,29511.25,3134
2026-08-19 18:20,29511.50,29524.00,29506.50,29512.75,1996
2026-08-19 18:25,29511.50,29540.50,29509.50,29538.75,2491
2026-08-19 18:30,29538.50,29578.75,29537.75,29567.00,4336
2026-08-19 18:35,29567.25,29567.75,29536.25,29542.50,2244
2026-08-19 18:40,29542.75,29563.75,29542.25,29560.00,1955
2026-08-19 18:45,29560.50,29561.25,29541.25,29555.00,1702
2026-08-19 18:50,29555.50,29557.75,29536.00,29548.00,1815
2026-08-19 18:55,29547.75,29549.00,29527.50,29535.00,2128
2026-08-19 19:00,29535.25,29553.00,29529.50,29540.00,2425
2026-08-19 19:05,29541.50,29558.50,29532.50,29556.75,1650
2026-08-19 19:10,29556.25,29559.50,29544.75,29547.25,1684
2026-08-19 19:15,29547.50,29566.75,29543.75,29566.00,2037
2026-08-19 19:20,29565.50,29574.00,29550.25,29564.00,2373
2026-08-19 19:25,29564.00,29579.75,29553.25,29555.75,2243
2026-08-19 19:30,29556.75,29590.00,29551.50,29582.00,3006
2026-08-19 19:35,29582.00,29582.00,29536.25,29537.75,3460
2026-08-19 19:40,29537.75,29547.00,29527.25,29530.75,2427
2026-08-19 19:45,29530.50,29532.75,29501.25,29511.00,4303
2026-08-19 19:50,29511.75,29521.75,29485.25,29511.25,7246
2026-08-19 19:55,29511.25,29525.75,29488.50,29521.50,13780
2026-08-19 20:00,29522.00,29542.75,29520.00,29533.75,4573
2026-08-19 20:05,29534.25,29536.50,29517.75,29533.50,1592
2026-08-19 20:10,29532.75,29534.25,29518.25,29518.25,1053
2026-08-19 20:15,29518.75,29522.25,29514.25,29519.00,600
2026-08-19 20:20,29520.00,29520.50,29516.75,29518.75,290
2026-08-19 20:25,29519.75,29529.00,29519.00,29525.25,480
2026-08-19 20:30,29524.75,29532.00,29522.50,29527.75,296
2026-08-19 20:35,29528.00,29530.50,29523.00,29523.25,304
2026-08-19 20:40,29523.00,29531.50,29520.00,29529.25,443
2026-08-19 20:45,29529.00,29541.25,29527.25,29541.00,499
2026-08-19 20:50,29541.25,29557.25,29539.50,29553.75,645
2026-08-19 20:55,29554.00,29562.50,29552.75,29561.00,522
2026-08-19 22:00,29561.50,29615.00,29556.50,29605.50,0
2026-08-19 22:05,29604.25,29612.00,29590.75,29610.50,690
2026-08-19 22:10,29608.75,29639.00,29590.75,29627.25,970
2026-08-19 22:15,29627.25,29628.50,29613.25,29613.25,278
2026-08-19 22:20,29614.50,29632.25,29606.50,29632.25,525
2026-08-19 22:25,29631.00,29632.25,29616.00,29621.50,506
2026-08-19 22:30,29622.00,29622.00,29613.00,29617.75,249
2026-08-19 22:35,29617.25,29638.00,29615.25,29635.00,324
2026-08-19 22:40,29635.00,29638.00,29629.50,29630.00,296
2026-08-19 22:45,29631.25,29636.25,29628.50,29632.25,208
2026-08-19 22:50,29632.25,29639.50,29632.00,29636.75,495
2026-08-19 22:55,29636.25,29654.25,29630.75,29649.50,1474
2026-08-19 23:00,29650.75,29689.75,29632.75,29647.25,1970
2026-08-19 23:05,29646.25,29666.00,29645.00,29662.50,286
2026-08-19 23:10,29663.00,29664.00,29649.50,29651.75,274
2026-08-19 23:15,29651.00,29660.00,29650.75,29655.00,166
2026-08-19 23:20,29654.75,29655.50,29641.75,29648.00,317
2026-08-19 23:25,29648.75,29652.00,29647.00,29651.25,147
2026-08-19 23:30,29652.00,29659.00,29644.25,29648.50,354
2026-08-19 23:35,29650.25,29656.25,29645.75,29650.00,119
2026-08-19 23:40,29650.50,29666.75,29649.75,29659.75,216
2026-08-19 23:45,29658.75,29660.25,29649.50,29651.25,305
2026-08-19 23:50,29652.50,29662.25,29639.75,29646.00,441
2026-08-19 23:55,29644.50,29646.75,29626.00,29628.50,864
2026-08-20 00:00,29629.00,29629.00,29595.00,29618.00,1410
2026-08-20 00:05,29618.00,29625.25,29581.50,29598.50,1056
2026-08-20 00:10,29597.25,29631.75,29590.50,29629.50,736
2026-08-20 00:15,29630.00,29660.25,29628.50,29653.75,1043
2026-08-20 00:20,29654.50,29665.50,29628.00,29648.25,932
2026-08-20 00:25,29647.25,29647.25,29625.00,29630.50,506
2026-08-20 00:30,29630.75,29642.00,29617.00,29641.25,595
2026-08-20 00:35,29642.00,29660.50,29627.25,29660.50,503
2026-08-20 00:40,29659.00,29666.00,29652.00,29654.25,562
2026-08-20 00:45,29655.00,29668.00,29642.25,29644.50,480
2026-08-20 00:50,29646.50,29670.00,29646.00,29668.75,418
2026-08-20 00:55,29670.00,29675.75,29664.50,29669.75,496
2026-08-20 01:00,29670.50,29684.25,29665.50,29672.25,720
2026-08-20 01:05,29675.00,29682.50,29655.00,29658.00,480
2026-08-20 01:10,29657.00,29660.00,29640.50,29644.25,677
2026-08-20 01:15,29645.25,29667.00,29633.25,29661.25,860
2026-08-20 01:20,29661.00,29664.50,29630.50,29633.25,569
2026-08-20 01:25,29634.00,29646.25,29624.75,29634.50,523
2026-08-20 01:30,29633.75,29647.00,29623.75,29643.00,500
2026-08-20 01:35,29643.25,29655.75,29638.50,29655.00,475
2026-08-20 01:40,29652.75,29671.50,29651.50,29668.75,516
2026-08-20 01:45,29668.75,29674.00,29656.00,29665.50,430
2026-08-20 01:50,29666.00,29674.75,29645.50,29662.75,590
2026-08-20 01:55,29662.50,29663.25,29630.00,29642.25,621
2026-08-20 02:00,29641.75,29683.00,29640.00,29673.50,767
2026-08-20 02:05,29673.75,29683.25,29670.50,29670.50,237
2026-08-20 02:10,29670.75,29674.75,29654.25,29669.25,407
2026-08-20 02:15,29668.25,29670.00,29644.00,29648.50,381
2026-08-20 02:20,29647.25,29647.25,29612.75,29626.75,1233
2026-08-20 02:25,29628.00,29636.50,29620.00,29633.25,428
2026-08-20 02:30,29631.25,29658.75,29610.00,29658.75,836
2026-08-20 02:35,29658.75,29662.25,29636.50,29648.25,345
2026-08-20 02:40,29649.00,29652.25,29639.50,29646.25,206
2026-08-20 02:45,29645.50,29648.00,29621.00,29621.50,284
2026-08-20 02:50,29623.50,29626.75,29611.25,29618.75,457
2026-08-20 02:55,29617.25,29632.50,29614.25,29630.25,358
2026-08-20 03:00,29632.00,29640.50,29620.75,29636.25,261
2026-08-20 03:05,29637.50,29655.75,29631.75,29634.00,474
2026-08-20 03:10,29634.50,29634.50,29606.00,29623.00,645
2026-08-20 03:15,29624.25,29643.75,29621.25,29640.50,247
2026-08-20 03:20,29640.50,29657.25,29640.25,29644.00,287
2026-08-20 03:25,29643.25,29644.75,29625.25,29626.00,300
2026-08-20 03:30,29625.00,29628.75,29601.25,29603.00,905
2026-08-20 03:35,29602.75,29611.25,29593.50,29611.25,462
2026-08-20 03:40,29610.25,29627.00,29605.75,29618.75,399
2026-08-20 03:45,29618.75,29628.00,29615.00,29626.25,222
2026-08-20 03:50,29626.25,29631.25,29617.25,29619.25,275
2026-08-20 03:55,29621.00,29631.25,29609.25,29613.00,358
2026-08-20 04:05,29646.25,29652.50,29645.00,29652.00,750
2026-08-20 04:10,29652.25,29656.00,29648.25,29655.25,205
2026-08-20 04:15,29655.25,29656.00,29648.25,29653.75,152
2026-08-20 04:20,29652.50,29652.50,29637.00,29638.75,288
2026-08-20 04:25,29639.25,29646.00,29636.00,29639.25,149
2026-08-20 04:30,29640.25,29640.25,29610.00,29612.75,459
2026-08-20 04:35,29612.25,29621.75,29608.50,29619.75,361
2026-08-20 04:40,29619.75,29629.50,29618.50,29628.50,219
2026-08-20 04:45,29627.75,29631.75,29624.75,29628.75,130
2026-08-20 04:50,29629.50,29642.00,29621.25,29621.50,217
2026-08-20 04:55,29622.00,29622.25,29612.25,29615.00,257
2026-08-20 05:00,29617.00,29623.75,29610.00,29619.00,265
2026-08-20 05:05,29619.00,29619.00,29606.25,29608.25,190
2026-08-20 05:10,29608.50,29608.50,29587.75,29597.00,452
2026-08-20 05:15,29597.75,29629.50,29594.50,29626.25,610
2026-08-20 05:20,29626.75,29633.50,29608.75,29632.75,425
2026-08-20 05:25,29631.50,29641.00,29615.25,29616.00,330
2026-08-20 05:30,29617.25,29634.25,29608.00,29613.25,287
2026-08-20 05:35,29612.00,29615.00,29604.75,29613.00,422
2026-08-20 05:40,29612.75,29627.25,29606.75,29615.50,227
2026-08-20 05:45,29613.75,29618.00,29602.25,29613.00,330
2026-08-20 05:50,29612.50,29615.50,29599.75,29601.75,210
2026-08-20 05:55,29601.00,29610.25,29600.25,29605.50,171
2026-08-20 06:00,29607.00,29632.75,29602.25,29631.00,528
2026-08-20 06:05,29632.00,29657.50,29630.50,29657.25,632
2026-08-20 06:10,29657.00,29666.25,29651.00,29660.00,543
2026-08-20 06:15,29659.25,29661.75,29639.00,29652.75,566
2026-08-20 06:20,29652.50,29656.00,29645.00,29655.50,285
2026-08-20 06:25,29655.00,29655.75,29640.50,29654.50,303
2026-08-20 06:30,29653.50,29677.00,29647.00,29676.25,469
2026-08-20 06:35,29675.50,29677.25,29657.00,29658.50,382
2026-08-20 06:40,29658.00,29677.25,29656.50,29671.25,369
2026-08-20 06:45,29673.00,29685.00,29670.00,29673.00,548
2026-08-20 06:50,29673.75,29686.50,29666.25,29675.50,486
2026-08-20 06:55,29674.00,29679.00,29666.50,29672.50,248
2026-08-20 07:00,29672.75,29672.75,29632.50,29652.25,1129
2026-08-20 07:05,29653.00,29668.25,29644.75,29666.25,541
2026-08-20 07:10,29666.75,29670.50,29637.25,29637.25,436
2026-08-20 07:15,29638.00,29643.25,29633.75,29638.50,319
2026-08-20 07:20,29639.00,29648.00,29613.75,29618.50,788
2026-08-20 07:25,29618.25,29626.50,29604.75,29615.75,509
2026-08-20 07:30,29615.50,29629.75,29595.00,29624.75,801
2026-08-20 07:35,29626.75,29635.00,29613.50,29620.25,470
2026-08-20 07:40,29622.00,29625.25,29604.00,29606.25,410
2026-08-20 07:45,29606.25,29637.00,29603.50,29633.25,453
2026-08-20 07:50,29632.50,29632.50,29605.00,29609.25,326
2026-08-20 07:55,29610.25,29613.75,29592.75,29594.50,358
2026-08-20 08:00,29595.75,29605.50,29556.50,29559.75,1617
2026-08-20 08:05,29559.50,29577.50,29549.75,29560.00,1051
2026-08-20 08:10,29558.75,29558.75,29520.00,29537.25,1407
2026-08-20 08:15,29538.00,29548.50,29515.50,29535.00,880
2026-08-20 08:20,29535.25,29542.00,29504.50,29507.75,710
2026-08-20 08:25,29509.75,29515.75,29496.00,29501.25,964
2026-08-20 08:30,29502.00,29502.25,29467.00,29467.00,1253
2026-08-20 08:35,29467.25,29517.00,29464.00,29517.00,1259
2026-08-20 08:40,29517.25,29529.50,29499.25,29500.50,796
2026-08-20 08:45,29499.00,29504.75,29452.75,29474.00,1503
2026-08-20 08:50,29473.50,29493.75,29472.75,29485.75,383
2026-08-20 08:55,29485.50,29485.50,29464.00,29475.75,713
2026-08-20 09:00,29477.25,29515.50,29468.00,29513.00,727
2026-08-20 09:05,29512.50,29542.50,29497.25,29539.25,1048
2026-08-20 09:10,29539.25,29543.75,29510.75,29518.75,521
2026-08-20 09:15,29523.00,29535.00,29512.50,29524.25,398
2026-08-20 09:20,29523.00,29536.00,29518.50,29532.75,193
2026-08-20 09:25,29533.00,29542.25,29528.00,29530.75,272
2026-08-20 09:30,29527.00,29530.75,29512.25,29514.00,331
2026-08-20 09:35,29514.00,29524.00,29507.50,29522.50,277
2026-08-20 09:40,29521.75,29536.50,29510.50,29536.00,328
2026-08-20 09:45,29535.25,29546.75,29530.75,29533.75,235
2026-08-20 09:50,29532.25,29537.75,29512.75,29530.50,272
2026-08-20 09:55,29531.75,29535.75,29527.75,29528.25,164
2026-08-20 10:00,29527.25,29540.00,29511.75,29532.75,410
2026-08-20 10:05,29535.00,29547.75,29527.50,29547.75,281
2026-08-20 10:10,29548.00,29564.00,29542.25,29556.50,548
2026-08-20 10:15,29557.50,29559.25,29539.50,29546.50,366
2026-08-20 10:20,29546.75,29552.75,29541.75,29551.50,324
2026-08-20 10:25,29551.50,29554.50,29526.50,29537.75,776
2026-08-20 10:30,29535.75,29547.75,29530.00,29530.25,286
2026-08-20 10:35,29530.00,29547.75,29516.25,29525.00,854
2026-08-20 10:40,29524.75,29532.25,29517.25,29524.25,226
2026-08-20 10:45,29526.00,29560.25,29525.25,29555.00,299
2026-08-20 10:50,29554.75,29559.75,29542.25,29543.50,328
2026-08-20 10:55,29544.50,29567.00,29538.50,29566.00,342
2026-08-20 11:00,29566.00,29582.25,29498.00,29498.75,2049
2026-08-20 11:05,29498.75,29500.25,29479.00,29491.25,834
2026-08-20 11:10,29490.25,29494.50,29464.00,29487.00,918
2026-08-20 11:15,29488.50,29498.25,29468.75,29473.50,565
2026-08-20 11:20,29472.00,29472.75,29441.50,29448.00,1922
2026-08-20 11:25,29449.25,29458.00,29422.00,29425.00,1035
2026-08-20 11:30,29424.50,29444.50,29419.00,29431.75,1237
2026-08-20 11:35,29431.50,29449.50,29419.00,29447.50,825
2026-08-20 11:40,29449.25,29453.50,29418.00,29423.75,907
2026-08-20 11:45,29423.25,29425.00,29372.25,29384.00,2657
2026-08-20 11:50,29384.00,29397.50,29373.25,29373.25,1369
2026-08-20 11:55,29373.75,29378.50,29348.75,29362.00,1784
2026-08-20 12:00,29361.25,29375.00,29286.75,29316.00,3565
2026-08-20 12:05,29318.25,29325.00,29291.00,29298.75,2685
2026-08-20 12:10,29297.75,29300.00,29262.50,29272.00,3150
2026-08-20 12:15,29272.00,29294.25,29264.00,29271.50,2008
2026-08-20 12:20,29272.25,29306.50,29270.00,29300.75,2041
2026-08-20 12:25,29300.00,29300.50,29275.00,29276.50,1107
2026-08-20 12:30,29278.00,29282.25,29252.25,29268.00,2465
2026-08-20 12:35,29267.75,29269.50,29240.00,29267.25,2299
2026-08-20 12:40,29267.00,29292.50,29260.25,29290.25,1790
2026-08-20 12:45,29289.25,29314.00,29283.75,29313.00,1716
2026-08-20 12:50,29312.00,29347.50,29312.00,29346.25,2334
2026-08-20 12:55,29346.50,29351.00,29335.50,29346.00,1174
2026-08-20 13:00,29346.75,29373.25,29343.75,29364.75,2187
2026-08-20 13:05,29365.00,29372.50,29344.25,29345.50,1818
2026-08-20 13:10,29345.25,29351.50,29332.75,29338.00,1421
2026-08-20 13:15,29338.25,29348.25,29329.50,29338.75,1352
2026-08-20 13:20,29338.25,29348.00,29324.00,29348.00,1480
2026-08-20 13:25,29347.25,29369.00,29336.25,29350.75,3184
2026-08-20 13:30,29350.50,29434.00,29338.75,29403.25,17756
2026-08-20 13:35,29404.25,29470.25,29372.00,29438.50,14820
2026-08-20 13:40,29439.25,29457.00,29390.00,29442.50,12200
2026-08-20 13:45,29442.50,29460.00,29350.00,29384.25,13058
2026-08-20 13:50,29383.75,29391.75,29308.75,29367.50,13509
2026-08-20 13:55,29368.75,29409.00,29324.00,29354.00,11963
2026-08-20 14:00,29354.00,29395.00,29319.25,29328.00,10202
2026-08-20 14:05,29328.00,29392.00,29316.50,29391.50,8921
2026-08-20 14:10,29390.75,29409.00,29362.75,29368.00,9011
2026-08-20 14:15,29369.00,29381.75,29313.75,29316.00,8216
2026-08-20 14:20,29315.25,29414.00,29305.00,29396.75,10899
2026-08-20 14:25,29396.75,29401.00,29334.25,29349.75,7526
2026-08-20 14:30,29350.75,29386.75,29336.00,29337.25,6555
2026-08-20 14:35,29337.00,29418.50,29329.00,29411.50,6804
2026-08-20 14:40,29412.25,29430.00,29393.50,29421.75,5400
2026-08-20 14:45,29421.50,29433.50,29372.50,29376.25,5530
2026-08-20 14:50,29376.00,29398.25,29352.50,29360.50,4840
2026-08-20 14:55,29360.25,29395.75,29349.00,29392.75,4990
2026-08-20 15:00,29392.50,29457.50,29388.50,29430.25,9297
2026-08-20 15:05,29430.75,29431.75,29343.50,29358.25,7670
2026-08-20 15:10,29357.50,29383.00,29324.50,29365.25,6516
2026-08-20 15:15,29364.50,29369.50,29342.00,29354.50,4289
2026-08-20 15:20,29353.75,29359.50,29308.50,29321.50,5061
2026-08-20 15:25,29320.50,29346.00,29301.00,29345.00,5748
2026-08-20 15:30,29344.00,29350.50,29292.00,29301.25,5221
2026-08-20 15:35,29301.00,29315.75,29277.25,29279.00,4914
2026-08-20 15:40,29279.00,29302.50,29276.50,29278.50,3683
2026-08-20 15:45,29278.75,29308.25,29269.25,29295.50,4452
2026-08-20 15:50,29295.50,29332.50,29291.00,29322.75,3893
2026-08-20 15:55,29322.75,29332.75,29314.25,29329.75,3222
2026-08-20 16:00,29329.75,29346.00,29312.50,29316.50,4065
2026-08-20 16:05,29315.75,29335.00,29302.75,29332.75,3086
2026-08-20 16:10,29333.75,29342.00,29306.50,29307.25,2799
2026-08-20 16:15,29307.00,29323.50,29305.00,29322.50,2017
2026-08-20 16:20,29323.00,29355.25,29311.50,29348.25,3471
2026-08-20 16:25,29348.50,29356.50,29334.50,29340.75,2328
2026-08-20 16:30,29340.25,29349.50,29310.00,29347.75,3409
2026-08-20 16:35,29348.00,29360.50,29341.25,29359.00,2522
2026-08-20 16:40,29358.25,29378.00,29355.00,29377.25,3119
2026-08-20 16:45,29377.00,29389.00,29364.75,29369.00,3542
2026-08-20 16:50,29368.75,29380.25,29356.25,29370.00,2456
2026-08-20 16:55,29369.75,29385.75,29361.25,29380.00,2805
2026-08-20 17:00,29380.00,29382.00,29352.25,29358.75,2278
2026-08-20 17:05,29359.00,29361.50,29334.75,29343.00,2574
2026-08-20 17:10,29343.25,29354.25,29335.00,29337.00,1781
2026-08-20 17:15,29337.00,29338.50,29304.00,29305.50,3633
2026-08-20 17:20,29305.75,29324.75,29298.00,29310.25,2892
2026-08-20 17:25,29310.00,29317.00,29292.50,29294.50,3346
2026-08-20 17:30,29294.25,29304.25,29285.75,29288.25,2685
2026-08-20 17:35,29288.25,29300.50,29282.75,29289.75,2461
2026-08-20 17:40,29289.25,29293.25,29282.75,29289.75,1937
2026-08-20 17:45,29290.00,29313.25,29287.25,29305.25,3094
2026-08-20 17:50,29305.00,29325.75,29299.75,29301.50,2849
2026-08-20 17:55,29301.75,29310.00,29290.50,29292.75,2386
2026-08-20 18:00,29292.50,29293.00,29251.75,29260.75,5083
2026-08-20 18:05,29260.50,29265.75,29228.00,29234.50,5733
2026-08-20 18:10,29234.50,29239.25,29215.00,29230.50,4214
2026-08-20 18:15,29230.25,29236.25,29202.75,29233.75,4310
2026-08-20 18:20,29234.25,29248.25,29228.75,29230.00,3375
2026-08-20 18:25,29230.00,29239.75,29220.50,29232.75,3136
2026-08-20 18:30,29233.00,29237.50,29212.00,29216.50,3087
2026-08-20 18:35,29216.75,29232.00,29213.00,29222.50,2779
2026-08-20 18:40,29222.75,29235.75,29212.50,29234.00,2751
2026-08-20 18:45,29234.50,29253.75,29227.00,29251.25,3221
2026-08-20 18:50,29250.75,29255.00,29240.25,29249.00,2665
2026-08-20 18:55,29249.75,29259.00,29243.25,29243.75,2303
2026-08-20 19:00,29243.75,29275.25,29242.25,29272.00,3726
2026-08-20 19:05,29272.25,29293.00,29264.50,29289.75,3829
2026-08-20 19:10,29290.00,29293.50,29273.50,29281.25,2677
2026-08-20 19:15,29281.00,29294.25,29267.75,29271.25,2444
2026-08-20 19:20,29271.50,29305.00,29268.25,29296.25,3490
2026-08-20 19:25,29296.75,29307.50,29295.50,29304.50,2645
2026-08-20 19:30,29304.25,29310.50,29290.25,29304.00,3513
2026-08-20 19:35,29304.00,29335.25,29299.00,29329.00,4385
2026-08-20 19:40,29328.25,29333.50,29302.00,29310.75,3817
2026-08-20 19:45,29310.75,29321.50,29293.00,29320.00,4261
2026-08-20 19:50,29319.75,29331.25,29299.25,29304.50,6430
2026-08-20 19:55,29304.25,29319.25,29286.50,29305.75,15404
2026-08-20 20:00,29306.00,29320.50,29304.00,29314.00,4176
2026-08-20 20:05,29313.50,29314.00,29277.25,29288.25,1704
2026-08-20 20:10,29288.75,29300.25,29277.00,29281.25,1635
2026-08-20 20:15,29281.50,29285.00,29262.50,29274.50,1094
2026-08-20 20:20,29274.25,29289.00,29274.00,29288.75,554
2026-08-20 20:25,29288.50,29293.50,29284.50,29288.25,540
2026-08-20 20:30,29287.75,29296.75,29285.25,29296.00,423
2026-08-20 20:35,29295.75,29311.50,29295.75,29303.25,612
2026-08-20 20:40,29302.50,29307.25,29297.75,29302.25,402
2026-08-20 20:45,29302.00,29305.25,29300.50,29305.00,380
2026-08-20 20:50,29305.25,29305.75,29296.25,29304.00,395
2026-08-20 20:55,29304.50,29319.50,29304.25,29317.25,563
2026-08-20 22:00,29327.00,29345.75,29280.00,29281.00,0
2026-08-20 22:05,29280.75,29292.50,29274.25,29287.75,800
2026-08-20 22:10,29287.50,29290.00,29276.50,29278.25,241
2026-08-20 22:15,29277.50,29291.25,29277.00,29285.50,226
2026-08-20 22:20,29284.00,29288.75,29281.50,29283.00,197
2026-08-20 22:25,29284.00,29288.25,29278.75,29285.75,154
2026-08-20 22:30,29286.50,29304.50,29281.75,29304.00,345
2026-08-20 22:35,29304.25,29309.00,29296.75,29298.25,353
2026-08-20 22:40,29299.50,29304.25,29286.00,29300.75,306
2026-08-20 22:45,29300.75,29312.00,29296.00,29310.00,266
2026-08-20 22:50,29309.50,29325.50,29308.00,29322.00,577
2026-08-20 22:55,29322.00,29324.25,29320.00,29323.00,123
2026-08-20 23:00,29321.50,29323.25,29317.50,29318.75,258
2026-08-20 23:05,29318.75,29324.25,29315.50,29318.75,210
2026-08-20 23:10,29319.50,29319.75,29313.25,29318.75,96
2026-08-20 23:15,29318.75,29328.50,29314.50,29321.00,280
2026-08-20 23:20,29320.75,29322.75,29317.75,29319.25,131
2026-08-20 23:25,29319.25,29322.00,29312.50,29315.50,162
2026-08-20 23:30,29316.50,29319.75,29311.75,29313.25,127
2026-08-20 23:35,29312.25,29312.75,29295.50,29302.25,517
2026-08-20 23:40,29302.00,29323.75,29302.00,29316.50,613
2026-08-20 23:45,29317.00,29318.00,29286.75,29308.00,696
2026-08-20 23:50,29308.25,29315.25,29294.50,29305.75,512
2026-08-20 23:55,29304.00,29304.75,29292.25,29293.00,280
2026-08-21 00:00,29292.50,29331.25,29289.75,29317.50,944
2026-08-21 00:05,29316.25,29345.25,29314.25,29325.75,782
2026-08-21 00:10,29326.00,29365.50,29317.25,29360.75,1260
2026-08-21 00:15,29360.50,29360.50,29321.50,29327.00,947
2026-08-21 00:20,29327.00,29345.25,29320.75,29325.75,491
2026-08-21 00:25,29326.50,29331.00,29315.00,29325.50,405
2026-08-21 00:30,29326.75,29338.25,29311.75,29335.75,597
2026-08-21 00:35,29335.00,29351.75,29325.50,29350.00,496
2026-08-21 00:40,29349.50,29357.25,29330.25,29354.50,555
2026-08-21 00:45,29353.00,29362.00,29348.75,29355.00,566
2026-08-21 00:50,29355.00,29360.00,29327.00,29327.25,423
2026-08-21 00:55,29328.25,29332.25,29319.50,29320.50,327
2026-08-21 01:00,29320.50,29335.25,29317.25,29321.00,486
2026-08-21 01:05,29320.25,29323.00,29291.75,29305.50,1069
2026-08-21 01:10,29305.50,29331.75,29300.25,29331.25,710
2026-08-21 01:15,29330.00,29353.50,29313.25,29352.00,629
2026-08-21 01:20,29352.75,29353.25,29317.75,29332.75,508
2026-08-21 01:25,29332.75,29357.00,29329.75,29341.50,546
2026-08-21 01:30,29340.50,29357.00,29333.00,29340.00,403
2026-08-21 01:35,29339.75,29341.00,29320.25,29325.75,450
2026-08-21 01:40,29326.00,29356.50,29324.00,29350.50,618
2026-08-21 01:45,29350.25,29370.00,29340.50,29366.75,521
2026-08-21 01:50,29368.00,29372.50,29342.25,29343.25,538
2026-08-21 01:55,29342.00,29355.75,29333.50,29354.25,353
2026-08-21 02:00,29353.75,29362.00,29346.00,29347.00,313
2026-08-21 02:05,29345.00,29365.75,29343.25,29365.25,285
2026-08-21 02:10,29364.25,29375.75,29354.00,29373.50,385
2026-08-21 02:15,29372.75,29375.50,29366.75,29370.00,359
2026-08-21 02:20,29369.75,29395.00,29368.50,29382.75,728
2026-08-21 02:25,29383.25,29390.00,29378.75,29390.00,304
2026-08-21 02:30,29390.00,29395.75,29387.00,29392.50,387
2026-08-21 02:35,29391.00,29396.25,29381.75,29383.75,255
2026-08-21 02:40,29383.25,29390.00,29376.00,29380.50,473
2026-08-21 02:45,29380.25,29396.00,29377.00,29390.50,335
2026-08-21 02:50,29391.00,29399.25,29386.00,29386.00,384
2026-08-21 02:55,29387.25,29392.00,29383.50,29384.00,165
2026-08-21 03:00,29384.00,29388.25,29380.50,29380.50,184
2026-08-21 03:05,29380.50,29381.25,29362.50,29367.50,573
2026-08-21 03:10,29368.00,29368.00,29355.00,29356.50,415
2026-08-21 03:15,29356.00,29368.25,29349.00,29353.25,486
2026-08-21 03:20,29352.75,29371.25,29352.25,29366.50,271
2026-08-21 03:25,29365.75,29366.75,29358.50,29363.00,198
2026-08-21 03:30,29364.75,29376.75,29363.00,29374.75,345
2026-08-21 03:35,29374.00,29375.00,29357.50,29364.25,246
2026-08-21 03:40,29363.00,29363.50,29354.25,29357.25,215
2026-08-21 03:45,29356.00,29356.50,29345.00,29353.00,267
2026-08-21 03:50,29353.00,29357.50,29345.50,29348.25,261
2026-08-21 03:55,29348.50,29360.75,29342.75,29360.25,393
2026-08-21 04:05,29362.00,29367.00,29358.50,29358.50,769
2026-08-21 04:10,29359.75,29370.00,29352.50,29367.75,259
2026-08-21 04:15,29366.50,29371.75,29349.00,29352.00,378
2026-08-21 04:20,29352.25,29352.25,29332.25,29337.75,482
2026-08-21 04:25,29336.50,29339.00,29330.50,29330.50,213
2026-08-21 04:30,29330.00,29338.75,29323.00,29332.25,389
2026-08-21 04:35,29332.50,29334.00,29321.25,29326.25,220
2026-08-21 04:40,29326.75,29338.50,29326.00,29334.75,245
2026-08-21 04:45,29334.50,29360.00,29333.25,29359.75,398
2026-08-21 04:50,29360.25,29364.50,29354.75,29361.50,268
2026-08-21 04:55,29362.00,29362.50,29351.00,29356.25,200
2026-08-21 05:00,29358.25,29369.75,29352.00,29369.00,342
2026-08-21 05:05,29369.25,29371.00,29354.75,29355.50,214
2026-08-21 05:10,29356.50,29370.00,29354.50,29367.00,130
2026-08-21 05:15,29366.25,29380.75,29364.25,29378.00,204
2026-08-21 05:20,29377.25,29377.25,29360.75,29360.75,242
2026-08-21 05:25,29361.25,29365.25,29351.50,29353.25,305
2026-08-21 05:30,29352.25,29371.00,29348.25,29371.00,241
2026-08-21 05:35,29370.00,29377.50,29365.00,29366.75,256
2026-08-21 05:40,29366.75,29368.00,29350.75,29360.75,282
2026-08-21 05:45,29360.50,29361.50,29344.50,29345.50,286
2026-08-21 05:50,29344.00,29353.75,29340.25,29350.50,269
2026-08-21 05:55,29350.25,29367.25,29348.50,29366.25,292
2026-08-21 06:00,29365.50,29367.75,29354.50,29359.75,430
2026-08-21 06:05,29359.25,29370.50,29355.75,29363.25,269
2026-08-21 06:10,29362.75,29375.75,29362.50,29374.00,300
2026-08-21 06:15,29374.25,29379.00,29366.75,29370.75,293
2026-08-21 06:20,29369.50,29377.75,29367.00,29368.00,173
2026-08-21 06:25,29369.00,29381.00,29368.50,29376.25,254
2026-08-21 06:30,29375.50,29393.75,29368.50,29393.75,500
2026-08-21 06:35,29393.75,29401.50,29386.00,29390.00,502
2026-08-21 06:40,29390.50,29391.00,29372.75,29372.75,294
2026-08-21 06:45,29372.75,29386.25,29365.50,29384.50,528
2026-08-21 06:50,29383.75,29384.50,29374.25,29381.00,292
2026-08-21 06:55,29380.25,29391.50,29377.50,29386.50,300
2026-08-21 07:00,29386.00,29404.75,29380.50,29403.75,715
2026-08-21 07:05,29404.00,29419.50,29402.50,29412.25,776
2026-08-21 07:10,29412.00,29429.00,29406.50,29429.00,506
2026-08-21 07:15,29427.25,29435.75,29414.25,29434.25,875
2026-08-21 07:20,29434.25,29458.75,29430.00,29454.50,826
2026-08-21 07:25,29453.50,29455.00,29425.25,29427.50,762
2026-08-21 07:30,29426.00,29453.50,29420.50,29443.00,894
2026-08-21 07:35,29443.00,29446.50,29433.00,29438.50,624
2026-08-21 07:40,29438.50,29445.25,29421.25,29424.00,578
2026-08-21 07:45,29424.25,29445.50,29422.50,29437.50,545
2026-08-21 07:50,29437.50,29437.75,29429.50,29431.00,213
2026-08-21 07:55,29431.00,29446.75,29425.25,29446.00,316
2026-08-21 08:00,29447.25,29464.25,29440.75,29457.00,1093
2026-08-21 08:05,29455.50,29455.50,29409.25,29421.50,1072
2026-08-21 08:10,29421.75,29429.25,29407.75,29417.50,679
2026-08-21 08:15,29419.25,29424.50,29405.00,29418.75,395
2026-08-21 08:20,29417.25,29421.00,29390.50,29403.00,885
2026-08-21 08:25,29403.75,29423.00,29402.75,29421.50,470
2026-08-21 08:30,29421.25,29433.50,29418.00,29428.00,792
2026-08-21 08:35,29427.75,29445.25,29427.75,29444.00,636
2026-08-21 08:40,29444.00,29456.75,29441.00,29454.75,743
2026-08-21 08:45,29455.00,29456.00,29448.25,29448.25,487
2026-08-21 08:50,29448.75,29467.50,29447.25,29457.25,770
2026-08-21 08:55,29457.75,29463.00,29451.00,29453.00,247
2026-08-21 09:00,29454.00,29455.00,29429.75,29433.25,685
2026-08-21 09:05,29433.75,29434.50,29414.25,29420.00,716
2026-08-21 09:10,29419.25,29439.75,29411.50,29438.00,827
2026-08-21 09:15,29438.50,29444.75,29430.00,29439.25,589
2026-08-21 09:20,29440.25,29444.00,29436.00,29437.25,271
2026-08-21 09:25,29437.75,29444.50,29434.00,29435.50,196
2026-08-21 09:30,29435.50,29445.50,29429.75,29442.00,249
2026-08-21 09:35,29441.75,29468.75,29441.25,29467.75,1176
2026-08-21 09:40,29467.75,29482.75,29461.75,29474.75,1552
2026-08-21 09:45,29474.75,29480.75,29464.50,29480.75,569
2026-08-21 09:50,29481.75,29495.00,29472.75,29487.50,591
2026-08-21 09:55,29487.25,29491.25,29484.25,29485.00,487
2026-08-21 10:00,29485.75,29512.50,29485.75,29508.00,1123
2026-08-21 10:05,29508.75,29518.50,29485.50,29492.00,1336
2026-08-21 10:10,29491.25,29496.25,29476.50,29485.00,550
2026-08-21 10:15,29485.50,29487.00,29476.00,29476.25,454
2026-08-21 10:20,29477.75,29478.75,29470.25,29475.75,365
2026-08-21 10:25,29476.50,29491.00,29476.25,29490.00,367
2026-08-21 10:30,29489.50,29495.00,29475.75,29478.75,385
2026-08-21 10:35,29478.75,29482.75,29473.00,29480.25,224
2026-08-21 10:40,29480.75,29484.25,29474.00,29477.00,116
2026-08-21 10:45,29478.50,29483.25,29478.25,29479.25,186
2026-08-21 10:50,29480.00,29486.75,29475.50,29479.25,343
2026-08-21 10:55,29479.50,29488.75,29471.25,29479.50,606
2026-08-21 11:00,29480.00,29486.00,29452.75,29467.00,1027
2026-08-21 11:05,29467.50,29486.00,29465.25,29478.00,776
2026-08-21 11:10,29477.25,29480.00,29460.50,29467.75,324
2026-08-21 11:15,29468.25,29482.50,29466.50,29476.75,335
2026-08-21 11:20,29476.50,29524.00,29476.50,29519.00,1611
2026-08-21 11:25,29516.75,29525.00,29504.25,29519.25,1101
2026-08-21 11:30,29518.50,29523.25,29500.00,29510.75,992
2026-08-21 11:35,29511.25,29539.00,29511.25,29518.25,1742
2026-08-21 11:40,29517.00,29533.00,29507.00,29530.75,1010
2026-08-21 11:45,29530.75,29531.00,29504.75,29512.25,663
2026-08-21 11:50,29511.50,29511.50,29501.25,29507.50,548
2026-08-21 11:55,29506.75,29511.50,29498.50,29500.00,354
2026-08-21 12:00,29499.50,29503.75,29479.75,29484.50,1229
2026-08-21 12:05,29483.75,29500.75,29480.00,29496.50,762
2026-08-21 12:10,29496.75,29497.75,29486.25,29487.25,405
2026-08-21 12:15,29487.50,29503.00,29484.75,29489.50,643
2026-08-21 12:20,29489.25,29504.00,29477.75,29502.50,871
2026-08-21 12:25,29501.50,29516.75,29499.75,29516.25,625
2026-08-21 12:30,29515.50,29523.25,29508.25,29514.00,835
2026-08-21 12:35,29514.25,29523.50,29509.00,29515.00,783
2026-08-21 12:40,29514.50,29529.75,29511.25,29528.25,1091
2026-08-21 12:45,29529.00,29539.00,29520.00,29531.50,1004
2026-08-21 12:50,29531.25,29531.50,29506.00,29510.25,1264
2026-08-21 12:55,29509.50,29513.50,29503.50,29511.50,722
2026-08-21 13:00,29511.75,29516.00,29502.50,29506.75,858
2026-08-21 13:05,29506.75,29507.75,29486.50,29487.75,1104
2026-08-21 13:10,29487.50,29489.00,29467.00,29469.00,1814
2026-08-21 13:15,29469.50,29472.75,29448.75,29449.75,2165
2026-08-21 13:20,29449.75,29452.75,29441.25,29447.00,1720
2026-08-21 13:25,29447.00,29485.25,29418.00,29469.25,6636
2026-08-21 13:30,29469.25,29476.00,29357.75,29362.25,17199
2026-08-21 13:35,29363.00,29373.50,29319.00,29350.00,12659
2026-08-21 13:40,29349.25,29360.25,29312.25,29322.50,9699
2026-08-21 13:45,29320.25,29359.25,29307.00,29340.25,10507
2026-08-21 13:50,29340.00,29345.50,29255.75,29292.00,11470
2026-08-21 13:55,29292.25,29320.25,29271.75,29303.50,10934
2026-08-21 14:00,29303.25,29320.25,29262.25,29291.00,10193
2026-08-21 14:05,29291.75,29335.50,29289.75,29311.25,9175
2026-08-21 14:10,29313.00,29328.50,29246.25,29253.25,9296
2026-08-21 14:15,29253.00,29283.00,29228.00,29229.75,8985
2026-08-21 14:20,29230.50,29288.50,29220.00,29255.25,8860
2026-08-21 14:25,29255.50,29311.75,29251.75,29278.75,7773
2026-08-21 14:30,29280.25,29306.75,29274.25,29275.25,6126
2026-08-21 14:35,29276.00,29298.00,29264.75,29279.00,5921
2026-08-21 14:40,29279.00,29310.00,29258.00,29296.50,5974
2026-08-21 14:45,29296.25,29320.75,29289.25,29310.25,6108
2026-08-21 14:50,29310.75,29323.25,29288.50,29295.75,5196
2026-08-21 14:55,29295.00,29333.75,29288.75,29331.75,5893
2026-08-21 15:00,29332.00,29366.25,29326.75,29359.75,7661
2026-08-21 15:05,29360.50,29368.75,29342.50,29350.25,5204
2026-08-21 15:10,29350.00,29362.50,29344.25,29353.00,3598
2026-08-21 15:15,29352.50,29367.00,29335.25,29341.75,3659
2026-08-21 15:20,29342.00,29359.50,29331.50,29337.50,3912
2026-08-21 15:25,29336.25,29371.25,29334.50,29368.25,3727
2026-08-21 15:30,29367.75,29405.25,29364.00,29403.50,5698
2026-08-21 15:35,29403.25,29444.50,29399.50,29442.75,6597
2026-08-21 15:40,29442.00,29471.75,29437.75,29451.50,8179
2026-08-21 15:45,29452.25,29457.75,29425.50,29431.25,5450
2026-08-21 15:50,29431.25,29488.75,29431.25,29472.50,7298
2026-08-21 15:55,29472.75,29473.50,29436.25,29443.00,5521
2026-08-21 16:00,29443.50,29447.25,29416.00,29419.75,4592
2026-08-21 16:05,29419.75,29428.25,29392.00,29394.50,4768
2026-08-21 16:10,29394.75,29408.25,29390.00,29394.50,3725
2026-08-21 16:15,29393.75,29419.75,29390.25,29399.00,3815
2026-08-21 16:20,29398.50,29452.75,29388.75,29405.00,7066
2026-08-21 16:25,29404.00,29414.00,29397.00,29409.50,2397
2026-08-21 16:30,29410.00,29413.25,29394.75,29394.75,1933
2026-08-21 16:35,29395.25,29418.25,29393.50,29416.50,1935
2026-08-21 16:40,29416.00,29425.50,29411.50,29417.50,2061
2026-08-21 16:45,29417.00,29417.50,29399.75,29400.25,1779
2026-08-21 16:50,29400.25,29401.00,29380.75,29390.25,2854
2026-08-21 16:55,29390.50,29414.25,29382.50,29412.25,2557
2026-08-21 17:00,29412.00,29424.00,29408.00,29410.75,2674
2026-08-21 17:05,29410.00,29423.00,29403.00,29411.50,2468
2026-08-21 17:10,29411.50,29411.50,29398.75,29408.00,2210
2026-08-21 17:15,29408.00,29410.25,29398.25,29401.75,2018
2026-08-21 17:20,29401.25,29402.00,29376.25,29388.75,3290
2026-08-21 17:25,29388.50,29406.25,29378.50,29395.25,2310
2026-08-21 17:30,29396.00,29401.25,29385.25,29386.25,1906
2026-08-21 17:35,29385.50,29404.75,29382.75,29394.50,1968
2026-08-21 17:40,29394.50,29404.75,29386.00,29404.75,1445
2026-08-21 17:45,29404.75,29410.50,29395.25,29399.50,1935
2026-08-21 17:50,29399.00,29402.50,29388.00,29394.50,1691
2026-08-21 17:55,29393.25,29393.50,29381.50,29383.75,1618
2026-08-21 18:00,29383.25,29405.25,29378.75,29400.75,2941
2026-08-21 18:05,29400.50,29400.75,29373.50,29376.25,2461
2026-08-21 18:10,29376.50,29387.25,29372.25,29374.75,2045
2026-08-21 18:15,29374.25,29383.50,29367.25,29380.00,1749
2026-08-21 18:20,29380.00,29392.00,29377.75,29384.75,1982
2026-08-21 18:25,29384.50,29387.50,29362.75,29363.00,1946
2026-08-21 18:30,29363.00,29367.50,29353.75,29357.50,2241
2026-08-21 18:35,29357.50,29367.75,29357.50,29361.25,1416
2026-08-21 18:40,29361.25,29372.25,29360.75,29366.50,1509
2026-08-21 18:45,29366.50,29384.00,29363.50,29382.25,1491
2026-08-21 18:50,29382.50,29396.00,29382.25,29391.25,2066
2026-08-21 18:55,29391.25,29403.50,29385.25,29400.25,2016
2026-08-21 19:00,29400.00,29415.00,29391.25,29392.00,3642
2026-08-21 19:05,29392.25,29406.25,29388.75,29398.00,2300
2026-08-21 19:10,29397.75,29398.25,29384.25,29388.50,2163
2026-08-21 19:15,29388.25,29397.50,29380.25,29388.25,2515
2026-08-21 19:20,29387.50,29400.00,29383.75,29398.50,1877
2026-08-21 19:25,29398.75,29404.50,29393.75,29394.50,2344
2026-08-21 19:30,29393.50,29409.50,29393.50,29404.00,2536
2026-08-21 19:35,29403.75,29412.50,29399.00,29410.00,1898
2026-08-21 19:40,29409.50,29411.25,29397.00,29410.75,2381
2026-08-21 19:45,29410.75,29432.25,29408.25,29427.75,4070
2026-08-21 19:50,29427.25,29432.00,29391.50,29395.50,6292
2026-08-21 19:55,29395.75,29413.25,29375.25,29395.25,14632
2026-08-21 20:00,29395.75,29398.00,29377.50,29387.75,3409
2026-08-21 20:05,29387.50,29388.00,29370.25,29383.00,2017
2026-08-21 20:10,29382.75,29386.75,29376.00,29381.75,1340
2026-08-21 20:15,29382.00,29388.50,29376.75,29376.75,846
2026-08-21 20:20,29377.50,29380.75,29368.00,29371.50,743
2026-08-21 20:25,29371.25,29374.75,29367.75,29370.00,623
2026-08-21 20:30,29370.50,29379.25,29370.00,29378.25,378
2026-08-21 20:35,29378.25,29382.50,29376.50,29380.50,419
2026-08-21 20:40,29381.25,29388.00,29379.75,29385.25,664
2026-08-21 20:45,29384.75,29385.00,29372.00,29374.25,923
2026-08-21 20:50,29374.25,29379.25,29372.00,29377.00,449
2026-08-21 20:55,29376.75,29387.75,29373.00,29387.75,494
2026-08-23 22:10,29321.00,29332.00,29317.00,29331.75,191
2026-08-23 22:15,29330.25,29335.50,29313.00,29324.50,544
2026-08-23 22:20,29323.25,29341.75,29322.50,29336.00,482
2026-08-23 22:25,29336.75,29343.00,29335.75,29338.75,237
2026-08-23 22:30,29337.75,29346.00,29335.00,29340.25,290
2026-08-23 22:35,29340.25,29361.75,29337.25,29355.50,542
2026-08-23 22:40,29354.50,29384.75,29351.00,29382.25,656
2026-08-23 22:45,29381.25,29400.00,29380.75,29391.50,592
2026-08-23 22:50,29392.00,29393.75,29383.50,29385.00,307
2026-08-23 22:55,29385.00,29391.75,29384.75,29390.50,150
2026-08-23 23:00,29390.50,29391.50,29384.00,29388.50,163
2026-08-23 23:05,29388.25,29394.00,29386.00,29390.25,135
2026-08-23 23:10,29390.50,29393.25,29385.25,29387.00,108
2026-08-23 23:15,29387.25,29408.50,29386.50,29400.25,367
2026-08-23 23:20,29401.25,29418.00,29400.50,29417.50,361
2026-08-23 23:25,29415.50,29429.50,29415.25,29429.00,407
2026-08-23 23:30,29427.00,29448.00,29423.50,29438.50,614
2026-08-23 23:35,29437.75,29443.75,29433.75,29435.00,332
2026-08-23 23:40,29435.00,29436.75,29418.00,29420.00,585
2026-08-23 23:45,29419.75,29472.75,29419.50,29470.75,1034
2026-08-23 23:50,29469.00,29480.50,29453.75,29457.25,717
2026-08-23 23:55,29456.75,29475.75,29456.00,29467.75,455
2026-08-24 00:00,29466.50,29472.50,29431.00,29433.00,1352
2026-08-24 00:05,29437.50,29454.50,29423.50,29448.25,1197
2026-08-24 00:10,29450.50,29458.75,29428.75,29437.25,731
2026-08-24 00:15,29435.75,29437.75,29362.50,29366.75,2089
2026-08-24 00:20,29367.75,29382.00,29352.50,29376.25,1411
2026-08-24 00:25,29376.50,29376.50,29335.00,29356.50,1563
2026-08-24 00:30,29357.25,29359.00,29337.25,29352.75,766
2026-08-24 00:35,29351.50,29376.00,29340.00,29363.25,892
2026-08-24 00:40,29363.75,29377.50,29354.50,29354.75,473
2026-08-24 00:45,29355.50,29388.00,29351.50,29386.75,648
2026-08-24 00:50,29387.50,29388.00,29372.00,29383.25,600
2026-08-24 00:55,29383.50,29428.25,29381.75,29427.25,1342
2026-08-24 01:00,29425.75,29436.00,29393.25,29411.75,1101
2026-08-24 01:05,29415.00,29433.50,29406.00,29418.00,594
2026-08-24 01:10,29418.75,29443.50,29418.75,29435.00,548
2026-08-24 01:15,29436.25,29449.00,29431.25,29441.25,474
2026-08-24 01:20,29441.50,29442.50,29414.00,29421.25,515
2026-08-24 01:25,29420.25,29433.00,29407.75,29410.25,616
2026-08-24 01:30,29409.50,29410.75,29387.75,29404.50,709
2026-08-24 01:35,29404.25,29407.00,29383.50,29400.25,574
2026-08-24 01:40,29396.25,29408.50,29389.75,29394.25,418
2026-08-24 01:45,29392.00,29395.00,29369.25,29381.00,891
2026-08-24 01:50,29381.50,29404.75,29366.00,29367.75,628
2026-08-24 01:55,29366.50,29368.00,29321.00,29323.25,1168
2026-08-24 02:00,29321.50,29337.00,29303.50,29332.75,1636
2026-08-24 02:05,29330.25,29334.50,29301.25,29323.50,1172
2026-08-24 02:10,29321.75,29357.50,29301.50,29353.25,1107
2026-08-24 02:15,29353.25,29371.50,29350.75,29363.25,810
2026-08-24 02:20,29363.50,29368.50,29347.50,29354.00,466
2026-08-24 02:25,29352.00,29373.25,29350.00,29363.00,550
2026-08-24 02:30,29363.00,29371.00,29356.25,29368.75,313
2026-08-24 02:35,29367.75,29373.25,29359.75,29367.50,258
2026-08-24 02:40,29367.50,29372.00,29359.25,29370.25,450
2026-08-24 02:45,29370.50,29375.75,29351.00,29358.50,435
2026-08-24 02:50,29360.00,29364.00,29341.75,29349.50,576
2026-08-24 02:55,29349.50,29377.25,29342.75,29370.50,1034
2026-08-24 03:00,29371.25,29372.50,29338.50,29342.75,518
2026-08-24 03:05,29342.50,29344.50,29320.25,29322.75,535
2026-08-24 03:10,29321.75,29325.50,29303.25,29304.50,554
2026-08-24 03:15,29304.00,29314.00,29291.00,29294.50,1031
2026-08-24 03:20,29295.75,29310.50,29289.75,29301.25,692
2026-08-24 03:25,29302.25,29303.50,29290.25,29295.50,336
2026-08-24 03:30,29295.00,29298.00,29283.00,29297.50,527
2026-08-24 03:35,29296.50,29304.50,29284.50,29290.75,575
2026-08-24 03:40,29292.25,29305.00,29281.75,29284.50,465
2026-08-24 03:45,29284.00,29302.00,29278.75,29298.75,652
2026-08-24 03:50,29299.75,29305.00,29265.25,29271.75,780
2026-08-24 03:55,29270.75,29274.75,29261.25,29271.00,305
2026-08-24 04:00,29272.25,29281.25,29268.25,29279.25,428
2026-08-24 04:05,29278.75,29281.50,29271.00,29272.75,155
2026-08-24 04:10,29276.00,29299.00,29274.50,29299.00,508
2026-08-24 04:15,29299.00,29300.75,29284.25,29290.00,333
2026-08-24 04:20,29291.50,29300.00,29274.50,29277.25,434
2026-08-24 04:25,29276.75,29293.25,29271.25,29292.00,590
2026-08-24 04:30,29292.25,29299.25,29279.25,29287.00,306
2026-08-24 04:35,29287.00,29293.00,29276.50,29286.75,383
2026-08-24 04:40,29286.25,29299.50,29282.00,29299.25,260
2026-08-24 04:45,29299.25,29304.00,29285.75,29287.00,412
2026-08-24 04:50,29291.75,29292.75,29272.25,29274.75,298
2026-08-24 04:55,29275.25,29276.75,29263.00,29265.75,346
2026-08-24 05:00,29265.50,29275.75,29261.25,29267.75,383
2026-08-24 05:05,29266.75,29297.25,29266.75,29288.50,624
2026-08-24 05:10,29288.50,29295.50,29282.50,29293.50,262
2026-08-24 05:15,29293.25,29293.25,29265.00,29267.50,304
2026-08-24 05:20,29266.00,29270.00,29258.00,29258.25,493
2026-08-24 05:25,29258.50,29260.75,29247.00,29250.00,485
2026-08-24 05:30,29248.00,29249.75,29207.50,29217.50,1177
2026-08-24 05:35,29218.25,29255.50,29210.75,29233.00,1118
2026-08-24 05:40,29234.00,29266.50,29234.00,29238.75,751
2026-08-24 05:45,29238.00,29246.00,29220.00,29225.75,524
2026-08-24 05:50,29225.00,29235.00,29214.50,29214.75,778
2026-08-24 05:55,29216.75,29218.25,29188.00,29200.75,1648
2026-08-24 06:00,29200.25,29219.25,29164.00,29164.50,1514
2026-08-24 06:05,29165.75,29171.25,29143.00,29158.75,1823
2026-08-24 06:10,29159.25,29160.50,29142.50,29152.50,871
2026-08-24 06:15,29152.50,29178.50,29137.50,29140.00,1324
2026-08-24 06:20,29139.00,29168.00,29120.50,29167.75,958
2026-08-24 06:25,29168.75,29179.00,29163.00,29166.50,491
2026-08-24 06:30,29164.75,29170.50,29151.00,29167.75,471
2026-08-24 06:35,29167.00,29180.50,29163.00,29174.25,472
2026-08-24 06:40,29176.25,29178.00,29144.00,29149.50,504
2026-08-24 06:45,29151.00,29156.75,29142.00,29154.00,404
2026-08-24 06:50,29153.25,29175.75,29152.25,29174.75,439
2026-08-24 06:55,29176.75,29177.25,29161.00,29164.50,412
2026-08-24 07:00,29164.50,29180.75,29146.50,29167.50,746
2026-08-24 07:05,29165.75,29197.50,29161.25,29193.25,812
2026-08-24 07:10,29193.00,29205.00,29182.00,29200.25,498
2026-08-24 07:15,29200.50,29208.75,29185.25,29197.50,589
2026-08-24 07:20,29196.00,29196.25,29180.25,29187.50,359
2026-08-24 07:25,29188.75,29204.50,29178.50,29183.50,416
2026-08-24 07:30,29182.25,29207.50,29173.50,29206.00,588
2026-08-24 07:35,29207.25,29212.50,29190.50,29192.00,388
2026-08-24 07:40,29191.25,29191.75,29161.25,29162.75,645
2026-08-24 07:45,29163.25,29175.25,29156.25,29158.50,464
2026-08-24 07:50,29157.50,29161.50,29130.75,29146.75,874
2026-08-24 07:55,29146.00,29152.25,29134.25,29143.75,470
2026-08-24 08:00,29146.25,29156.00,29116.75,29127.75,1235
2026-08-24 08:05,29129.50,29209.00,29126.75,29163.50,1657
2026-08-24 08:10,29164.50,29188.25,29164.50,29184.50,397
2026-08-24 08:15,29183.50,29210.50,29171.75,29205.50,666
2026-08-24 08:20,29205.75,29208.25,29184.50,29192.50,546
2026-08-24 08:25,29193.75,29201.50,29174.75,29191.75,430
2026-08-24 08:30,29191.50,29203.50,29179.75,29197.00,322
2026-08-24 08:35,29196.25,29225.75,29192.00,29223.25,655
2026-08-24 08:40,29222.75,29225.25,29209.50,29224.50,400
2026-08-24 08:45,29224.25,29224.50,29214.75,29216.00,296
2026-08-24 08:50,29216.25,29240.00,29216.25,29232.75,530
2026-08-24 08:55,29233.25,29233.25,29213.50,29215.00,341
2026-08-24 09:00,29215.75,29245.50,29201.00,29242.75,865
2026-08-24 09:05,29242.50,29246.50,29230.00,29244.25,405
2026-08-24 09:10,29242.00,29247.75,29233.00,29234.00,296
2026-08-24 09:15,29233.00,29235.50,29219.25,29220.75,285
2026-08-24 09:20,29221.00,29224.50,29212.50,29217.75,327
2026-08-24 09:25,29216.75,29217.00,29208.25,29210.50,238
2026-08-24 09:30,29209.50,29226.00,29209.00,29225.25,452
2026-08-24 09:35,29224.50,29242.25,29221.75,29238.75,438
2026-08-24 09:40,29237.50,29238.75,29223.75,29236.50,289
2026-08-24 09:45,29236.00,29249.75,29231.25,29244.25,474
2026-08-24 09:50,29244.50,29245.75,29229.50,29232.25,229
2026-08-24 09:55,29232.50,29238.00,29227.00,29231.50,205
2026-08-24 10:00,29231.75,29244.75,29227.50,29244.25,395
2026-08-24 10:05,29244.75,29247.00,29232.00,29232.00,352
2026-08-24 10:10,29233.00,29236.00,29214.75,29214.75,453
2026-08-24 10:15,29216.00,29220.00,29212.00,29212.00,203
2026-08-24 10:20,29212.75,29236.00,29204.25,29232.00,617
2026-08-24 10:25,29232.50,29232.50,29208.00,29209.25,388
2026-08-24 10:30,29208.50,29240.00,29205.00,29236.75,556
2026-08-24 10:35,29238.00,29238.00,29220.50,29221.50,300
2026-08-24 10:40,29222.00,29222.25,29197.25,29210.00,531
2026-08-24 10:45,29208.25,29210.00,29195.25,29198.00,329
2026-08-24 10:50,29198.50,29199.25,29179.50,29186.50,441
2026-08-24 10:55,29187.00,29193.00,29183.25,29184.75,253
2026-08-24 11:00,29185.25,29192.50,29152.75,29155.50,1032
2026-08-24 11:05,29155.50,29166.50,29145.75,29163.50,698
2026-08-24 11:10,29164.75,29172.50,29150.50,29167.75,780
2026-08-24 11:15,29167.75,29179.75,29164.50,29177.75,475
2026-08-24 11:20,29179.00,29190.00,29175.00,29187.75,459
2026-08-24 11:25,29188.00,29203.00,29179.75,29183.00,620
2026-08-24 11:30,29183.50,29230.00,29183.00,29221.50,1038
2026-08-24 11:35,29225.50,29283.00,29223.25,29260.75,2774
2026-08-24 11:40,29261.75,29277.75,29250.25,29260.00,804
2026-08-24 11:45,29260.25,29260.50,29231.00,29239.75,1275
2026-08-24 11:50,29239.00,29249.50,29232.75,29249.50,398
2026-08-24 11:55,29248.75,29256.00,29239.50,29245.50,723
2026-08-24 12:00,29245.50,29245.75,29221.25,29222.00,644
2026-08-24 12:05,29221.25,29235.75,29217.75,29222.75,620
2026-08-24 12:10,29222.50,29225.00,29207.50,29211.50,784
2026-08-24 12:15,29212.25,29223.00,29203.50,29213.00,544
2026-08-24 12:20,29212.75,29231.25,29211.25,29225.25,669
2026-08-24 12:25,29225.50,29231.25,29213.75,29230.00,476
2026-08-24 12:30,29229.50,29232.00,29171.50,29198.00,2149
2026-08-24 12:35,29197.50,29226.50,29196.00,29212.25,914
2026-08-24 12:40,29211.50,29240.75,29194.50,29203.50,1340
2026-08-24 12:45,29206.00,29225.50,29199.75,29224.25,514
2026-08-24 12:50,29224.25,29232.75,29214.25,29218.25,506
2026-08-24 12:55,29219.25,29225.50,29204.75,29206.00,495
2026-08-24 13:00,29205.75,29217.50,29203.75,29214.00,776
2026-08-24 13:05,29214.75,29218.75,29196.75,29204.00,697
2026-08-24 13:10,29204.00,29220.25,29202.50,29208.25,762
2026-08-24 13:15,29208.75,29224.25,29201.00,29201.75,1038
2026-08-24 13:20,29201.75,29214.25,29196.50,29197.00,853
2026-08-24 13:25,29197.75,29236.75,29195.75,29235.00,3021
2026-08-24 13:30,29235.50,29243.00,29083.25,29112.75,21770
2026-08-24 13:35,29111.75,29145.75,29066.00,29080.00,14718
2026-08-24 13:40,29079.50,29091.25,28975.50,28978.75,15243
2026-08-24 13:45,28978.50,29030.75,28953.50,28990.75,14158
2026-08-24 13:50,28991.25,29013.75,28946.75,29009.00,11900
2026-08-24 13:55,29010.00,29038.00,28999.25,29021.75,8213
2026-08-24 14:00,29022.25,29036.75,28962.75,28975.00,10886
2026-08-24 14:05,28975.75,28998.75,28960.50,28977.50,7193
2026-08-24 14:10,28977.00,28996.00,28953.50,28993.25,6298
2026-08-24 14:15,28993.00,29008.75,28967.50,28977.50,6450
2026-08-24 14:20,28977.00,29033.25,28975.25,29001.75,6991
2026-08-24 14:25,29001.50,29019.50,28979.25,29012.25,5478
2026-08-24 14:30,29011.75,29081.50,29001.50,29076.50,8219
2026-08-24 14:35,29077.00,29095.75,29064.75,29081.25,6670
2026-08-24 14:40,29081.75,29110.75,29071.00,29085.50,6357
2026-08-24 14:45,29086.00,29110.00,29078.50,29106.75,4898
2026-08-24 14:50,29107.25,29110.25,29081.25,29096.25,4527
2026-08-24 14:55,29096.75,29107.00,29077.50,29082.75,4856
2026-08-24 15:00,29083.25,29096.75,29055.50,29059.00,4883
2026-08-24 15:05,29058.75,29069.50,29042.25,29060.50,4859
2026-08-24 15:10,29059.75,29079.50,29045.75,29048.50,4032
2026-08-24 15:15,29049.25,29064.50,29046.75,29058.75,2710
2026-08-24 15:20,29057.75,29084.75,29038.75,29081.25,4537
2026-08-24 15:25,29081.75,29137.00,29079.00,29121.25,8387
2026-08-24 15:30,29122.00,29139.00,29111.50,29135.25,6831
2026-08-24 15:35,29134.50,29164.00,29127.75,29158.00,5258
2026-08-24 15:40,29158.50,29182.00,29154.50,29175.75,6362
2026-08-24 15:45,29176.25,29205.50,29176.00,29186.25,5730
2026-08-24 15:50,29186.50,29197.50,29177.50,29181.75,3809
2026-08-24 15:55,29182.00,29182.75,29150.00,29168.75,4750
2026-08-24 16:00,29169.00,29189.25,29156.75,29172.75,5888
2026-08-24 16:05,29172.75,29180.00,29158.75,29159.00,2897
2026-08-24 16:10,29160.75,29181.25,29157.00,29180.75,2302
2026-08-24 16:15,29181.00,29210.25,29178.75,29198.50,4419
2026-08-24 16:20,29198.25,29224.75,29194.50,29204.50,3767
2026-08-24 16:25,29205.75,29208.00,29197.25,29203.75,1931
2026-08-24 16:30,29204.25,29212.25,29182.25,29188.25,3142
2026-08-24 16:35,29188.75,29203.25,29184.00,29186.75,2279
2026-08-24 16:40,29186.25,29189.50,29174.00,29185.25,2201
2026-08-24 16:45,29185.00,29189.00,29173.00,29188.25,2165
2026-08-24 16:50,29188.75,29192.75,29172.00,29181.75,2036
2026-08-24 16:55,29181.50,29183.25,29170.50,29171.00,1962
2026-08-24 17:00,29171.25,29172.25,29154.75,29158.75,3032
2026-08-24 17:05,29159.00,29198.25,29157.25,29190.75,3656
2026-08-24 17:10,29191.25,29210.50,29182.50,29194.25,3864
2026-08-24 17:15,29194.00,29195.25,29166.25,29167.00,3064
2026-08-24 17:20,29167.25,29169.75,29137.50,29144.25,3943
2026-08-24 17:25,29145.25,29158.00,29132.00,29140.00,3189
2026-08-24 17:30,29139.50,29142.50,29127.25,29129.25,2699
2026-08-24 17:35,29129.00,29135.00,29120.25,29131.75,2680
2026-08-24 17:40,29132.75,29137.00,29118.75,29119.25,2492
2026-08-24 17:45,29119.00,29137.50,29117.75,29131.75,2281
2026-08-24 17:50,29131.50,29143.00,29118.50,29121.75,3298
2026-08-24 17:55,29121.75,29126.00,29116.50,29123.00,1698
2026-08-24 18:00,29123.75,29156.50,29123.00,29148.75,3204
2026-08-24 18:05,29148.25,29184.50,29146.00,29180.00,3160
2026-08-24 18:10,29179.25,29188.75,29167.75,29187.00,2768
2026-08-24 18:15,29187.25,29200.25,29172.75,29176.50,2957
2026-08-24 18:20,29176.25,29221.25,29174.50,29217.00,4643
2026-08-24 18:25,29217.25,29224.00,29212.75,29218.25,2671
2026-08-24 18:30,29218.00,29233.25,29212.00,29220.00,4683
2026-08-24 18:35,29220.25,29224.75,29180.25,29186.75,3463
2026-08-24 18:40,29187.00,29196.75,29183.00,29190.00,2011
2026-08-24 18:45,29190.25,29193.50,29174.25,29178.75,1768
2026-08-24 18:50,29179.00,29187.25,29164.75,29168.00,2394
2026-08-24 18:55,29168.00,29174.50,29153.00,29154.00,2361
2026-08-24 19:00,29153.75,29162.25,29148.75,29154.50,2367
2026-08-24 19:05,29154.75,29162.00,29143.50,29147.00,2047
2026-08-24 19:10,29146.75,29161.50,29143.00,29155.25,2288
2026-08-24 19:15,29154.75,29160.50,29142.75,29157.50,2265
2026-08-24 19:20,29157.50,29167.00,29149.50,29155.75,2648
2026-08-24 19:25,29155.50,29163.25,29153.25,29158.75,1722
2026-08-24 19:30,29158.00,29173.00,29140.50,29142.25,3393
2026-08-24 19:35,29142.50,29144.00,29127.50,29132.00,2975
2026-08-24 19:40,29131.75,29137.50,29130.75,29134.25,417
2026-08-24 19:45,29124.50,29134.25,29120.75,29132.25,5590
2026-08-24 19:50,29132.75,29142.00,29101.50,29125.00,7554
2026-08-24 19:55,29125.25,29125.25,29095.50,29099.50,15326
2026-08-24 20:00,29099.25,29117.00,29097.25,29108.75,4363
2026-08-24 20:05,29108.75,29124.75,29106.75,29112.25,1473
2026-08-24 20:10,29112.25,29113.50,29107.25,29109.25,761
2026-08-24 20:15,29109.50,29113.00,29106.25,29112.50,925
2026-08-24 20:20,29111.75,29112.25,29086.50,29087.50,1033
2026-08-24 20:25,29087.50,29087.75,29080.75,29084.00,623
2026-08-24 20:30,29083.75,29092.50,29083.50,29089.75,436
2026-08-24 20:35,29089.50,29101.25,29087.50,29099.50,410
2026-08-24 20:40,29099.00,29101.75,29096.00,29100.25,342
2026-08-24 20:45,29100.50,29104.75,29095.25,29096.50,606
2026-08-24 20:50,29097.25,29099.25,29089.25,29097.75,557
2026-08-24 20:55,29098.50,29136.50,29098.50,29131.25,992
2026-08-24 22:00,29140.50,29152.75,29121.75,29126.25,0
2026-08-24 22:05,29127.50,29151.00,29125.25,29126.25,520
2026-08-24 22:10,29126.25,29128.25,29120.00,29123.75,325
2026-08-24 22:15,29124.50,29129.50,29120.25,29124.75,216
2026-08-24 22:20,29123.50,29130.00,29120.00,29130.00,270
2026-08-24 22:25,29128.75,29129.25,29121.00,29126.75,95
2026-08-24 22:30,29123.75,29130.00,29113.50,29122.75,373
2026-08-24 22:35,29123.50,29128.75,29123.00,29125.75,61
2026-08-24 22:40,29125.50,29126.00,29115.00,29117.75,217
2026-08-24 22:45,29119.00,29120.25,29115.25,29116.75,128
2026-08-24 22:50,29117.00,29121.50,29111.50,29119.00,154
2026-08-24 22:55,29119.00,29121.25,29111.75,29121.00,252
2026-08-24 23:00,29121.00,29125.50,29116.50,29121.00,116
2026-08-24 23:05,29119.00,29124.75,29118.00,29124.25,111
2026-08-24 23:10,29124.00,29124.50,29120.50,29124.00,81
2026-08-24 23:15,29124.75,29128.25,29112.75,29118.00,362
2026-08-24 23:20,29118.50,29127.50,29116.25,29119.25,232
2026-08-24 23:25,29118.75,29121.00,29105.75,29106.75,344
2026-08-24 23:30,29107.25,29110.00,29097.00,29103.75,687
2026-08-24 23:35,29104.50,29104.75,29091.25,29093.50,399
2026-08-24 23:40,29092.25,29116.00,29072.00,29084.25,1435
2026-08-24 23:45,29086.25,29091.00,29081.75,29084.50,344
2026-08-24 23:50,29086.50,29100.00,29082.75,29083.75,493
2026-08-24 23:55,29083.00,29097.00,29081.50,29096.25,270
2026-08-25 00:00,29095.75,29102.25,29065.00,29065.25,1196
2026-08-25 00:05,29065.75,29084.00,29060.00,29062.25,836
2026-08-25 00:10,29062.75,29063.25,29038.25,29042.00,1094
2026-08-25 00:15,29041.50,29044.50,29017.00,29021.00,1367
2026-08-25 00:20,29021.00,29076.25,29021.00,29050.00,1530
2026-08-25 00:25,29050.50,29084.25,29040.00,29079.50,1263
2026-08-25 00:30,29079.25,29091.00,29070.75,29086.50,724
2026-08-25 00:35,29085.75,29102.00,29083.00,29086.25,698
2026-08-25 00:40,29086.75,29131.25,29082.25,29124.50,1139
2026-08-25 00:45,29123.75,29146.00,29106.00,29117.00,1101
2026-08-25 00:50,29117.75,29144.00,29116.50,29136.00,440
2026-08-25 00:55,29137.75,29141.00,29125.50,29126.50,381
2026-08-25 01:00,29128.00,29134.50,29115.75,29134.50,518
2026-08-25 01:05,29134.50,29141.50,29114.00,29137.25,669
2026-08-25 01:10,29138.00,29143.25,29121.25,29130.00,544
2026-08-25 01:15,29129.50,29136.75,29115.25,29129.50,512
2026-08-25 01:20,29128.75,29130.00,29097.75,29099.00,659
2026-08-25 01:25,29098.25,29123.50,29095.50,29115.00,585
2026-08-25 01:30,29114.25,29149.00,29108.50,29118.25,1479
2026-08-25 01:35,29116.75,29155.50,29115.00,29150.50,691
2026-08-25 01:40,29149.25,29152.50,29122.00,29134.00,557
2026-08-25 01:45,29135.50,29152.25,29132.75,29147.50,432
2026-08-25 01:50,29142.75,29148.25,29127.25,29145.50,417
2026-08-25 01:55,29145.25,29146.75,29125.50,29128.25,292
2026-08-25 02:00,29127.00,29145.50,29124.75,29139.75,648
2026-08-25 02:05,29137.50,29140.75,29106.00,29110.25,536
2026-08-25 02:10,29111.00,29117.25,29104.00,29117.00,641
2026-08-25 02:15,29117.00,29140.00,29104.00,29138.00,586
2026-08-25 02:20,29137.50,29144.50,29116.50,29144.50,447
2026-08-25 02:25,29143.75,29149.00,29119.25,29146.00,785
2026-08-25 02:30,29145.25,29168.25,29138.50,29155.25,875
2026-08-25 02:35,29157.25,29160.75,29134.25,29148.00,376
2026-08-25 02:40,29147.75,29166.50,29135.75,29138.75,607
2026-08-25 02:45,29137.00,29138.00,29118.25,29120.00,509
2026-08-25 02:50,29120.75,29121.25,29105.00,29113.00,563
2026-08-25 02:55,29111.50,29113.25,29093.50,29101.75,488
2026-08-25 03:00,29102.50,29128.25,29100.25,29120.50,616
2026-08-25 03:05,29121.75,29166.50,29121.50,29152.25,1059
2026-08-25 03:10,29151.50,29165.00,29146.75,29151.25,598
2026-08-25 03:15,29151.50,29176.25,29151.00,29169.50,827
2026-08-25 03:20,29170.25,29170.25,29153.75,29155.25,382
2026-08-25 03:25,29154.75,29175.25,29151.25,29175.00,391
2026-08-25 03:30,29174.50,29190.00,29168.25,29186.75,741
2026-08-25 03:35,29186.50,29188.75,29165.50,29171.50,575
2026-08-25 03:40,29171.50,29176.50,29163.50,29167.75,344
2026-08-25 03:45,29168.25,29168.25,29153.75,29155.00,282
2026-08-25 03:50,29155.25,29167.00,29151.75,29157.50,443
2026-08-25 03:55,29158.00,29165.00,29154.25,29157.75,218
2026-08-25 04:05,29190.00,29195.50,29183.75,29194.50,1197
2026-08-25 04:10,29193.50,29197.00,29183.25,29196.25,231
2026-08-25 04:15,29196.75,29200.00,29188.00,29191.25,377
2026-08-25 04:20,29192.50,29202.00,29191.00,29202.00,235
2026-08-25 04:25,29201.50,29207.25,29194.25,29201.00,409
2026-08-25 04:30,29201.75,29217.25,29198.00,29205.75,414
2026-08-25 04:35,29206.25,29207.75,29190.75,29202.00,286
2026-08-25 04:40,29200.75,29213.75,29197.00,29211.50,347
2026-08-25 04:45,29211.25,29216.50,29202.25,29211.00,354
2026-08-25 04:50,29209.75,29209.75,29185.00,29196.00,336
2026-08-25 04:55,29196.75,29201.50,29189.75,29198.75,349
2026-08-25 05:00,29200.25,29216.00,29190.00,29208.75,611
2026-08-25 05:05,29207.25,29211.00,29200.00,29202.50,329
2026-08-25 05:10,29203.50,29225.00,29199.75,29204.75,614
2026-08-25 05:15,29206.00,29223.50,29206.00,29212.50,484
2026-08-25 05:20,29212.75,29227.00,29206.75,29221.75,450
2026-08-25 05:25,29221.25,29225.75,29214.00,29220.25,261
2026-08-25 05:30,29219.25,29230.50,29215.00,29227.75,542
2026-08-25 05:35,29228.00,29234.75,29219.50,29224.00,437
2026-08-25 05:40,29224.00,29233.25,29201.25,29204.25,826
2026-08-25 05:45,29204.25,29221.25,29201.00,29214.50,436
2026-08-25 05:50,29213.75,29229.25,29210.00,29225.75,528
2026-08-25 05:55,29224.75,29241.00,29224.75,29232.00,938
2026-08-25 06:00,29231.75,29251.75,29230.00,29236.25,723
2026-08-25 06:10,29105.75,29259.00,29105.75,29248.00,1498
2026-08-25 06:15,29248.25,29266.00,29242.50,29262.25,623
2026-08-25 06:20,29263.00,29288.50,29254.75,29274.75,925
2026-08-25 06:25,29274.50,29282.25,29263.50,29266.25,462
2026-08-25 06:30,29265.25,29267.50,29254.00,29262.75,448
2026-08-25 06:35,29261.25,29263.75,29243.50,29248.00,347
2026-08-25 06:40,29247.75,29263.25,29247.25,29263.25,304
2026-08-25 06:45,29262.75,29262.75,29240.75,29242.25,349
2026-08-25 06:50,29242.50,29248.00,29236.25,29247.00,389
2026-08-25 06:55,29247.75,29263.25,29242.75,29263.25,566
2026-08-25 07:00,29263.50,29290.75,29262.50,29288.50,834
2026-08-25 07:05,29288.50,29289.00,29266.50,29270.50,435
2026-08-25 07:10,29269.50,29273.25,29250.00,29252.75,547
2026-08-25 07:15,29252.75,29263.50,29226.50,29230.50,688
2026-08-25 07:20,29230.25,29257.75,29226.75,29246.25,693
2026-08-25 07:25,29247.50,29252.75,29233.00,29248.25,561
2026-08-25 07:30,29246.25,29257.75,29242.50,29244.50,597
2026-08-25 07:35,29248.00,29248.50,29232.00,29238.00,492
2026-08-25 07:40,29237.75,29261.50,29232.75,29255.75,398
2026-08-25 07:45,29258.00,29259.00,29234.75,29240.25,329
2026-08-25 07:50,29239.75,29239.75,29226.25,29229.75,271
2026-08-25 07:55,29229.25,29240.75,29228.00,29231.75,215
2026-08-25 08:00,29233.50,29254.75,29214.50,29219.75,926
2026-08-25 08:05,29220.25,29239.75,29215.00,29233.50,505
2026-08-25 08:10,29233.50,29233.50,29212.25,29216.75,504
2026-08-25 08:15,29218.50,29254.00,29218.50,29238.75,583
2026-08-25 08:20,29237.00,29326.00,29233.50,29316.50,2323
2026-08-25 08:25,29312.25,29314.75,29271.25,29276.50,883
2026-08-25 08:30,29278.25,29298.25,29264.75,29285.00,613
2026-08-25 08:35,29286.00,29290.00,29257.00,29263.00,479
2026-08-25 08:40,29265.25,29282.00,29262.00,29282.00,356
2026-08-25 08:45,29282.25,29300.75,29282.00,29292.75,536
2026-08-25 08:50,29292.75,29305.50,29289.25,29291.25,396
2026-08-25 08:55,29290.00,29306.25,29283.50,29301.75,498
2026-08-25 09:00,29302.00,29310.25,29286.00,29309.50,538
2026-08-25 09:05,29308.50,29337.00,29299.00,29318.75,1147
2026-08-25 09:10,29320.00,29333.75,29313.75,29323.00,460
2026-08-25 09:15,29324.25,29334.75,29322.50,29330.00,334
2026-08-25 09:20,29330.50,29333.50,29321.25,29322.25,521
2026-08-25 09:25,29321.50,29321.75,29305.75,29318.00,455
2026-08-25 09:30,29317.00,29366.75,29315.00,29361.75,1329
2026-08-25 09:35,29361.50,29363.00,29341.50,29343.50,1020
2026-08-25 09:40,29344.25,29374.00,29341.75,29361.25,887
2026-08-25 09:45,29360.50,29389.50,29356.00,29389.00,1300
2026-08-25 09:50,29389.25,29403.75,29384.00,29400.00,1247
2026-08-25 09:55,29400.50,29425.75,29389.00,29392.50,1159
2026-08-25 10:00,29389.25,29392.50,29370.00,29379.00,638
2026-08-25 10:05,29379.00,29407.75,29377.75,29405.50,725
2026-08-25 10:10,29404.75,29410.25,29384.25,29389.75,696
2026-08-25 10:15,29391.25,29392.75,29379.50,29383.50,571
2026-08-25 10:20,29384.25,29385.00,29376.00,29379.50,399
2026-08-25 10:25,29378.75,29382.00,29367.25,29370.00,401
2026-08-25 10:30,29370.75,29379.75,29360.50,29368.50,519
2026-08-25 10:35,29369.00,29370.50,29362.25,29365.25,496
2026-08-25 10:40,29364.50,29369.25,29346.50,29347.50,510
2026-08-25 10:45,29347.00,29363.00,29346.25,29360.25,346
2026-08-25 10:50,29360.00,29369.50,29357.25,29362.75,436
2026-08-25 10:55,29362.50,29365.25,29350.00,29358.50,491
2026-08-25 11:00,29358.00,29362.25,29333.50,29335.25,929
2026-08-25 11:05,29335.25,29336.50,29304.00,29329.75,979
2026-08-25 11:10,29328.75,29344.50,29325.75,29340.25,604
2026-08-25 11:15,29340.25,29344.50,29320.00,29329.25,663
2026-08-25 11:20,29332.25,29355.00,29330.50,29350.25,734
2026-08-25 11:25,29349.50,29351.50,29326.00,29340.50,663
2026-08-25 11:30,29340.75,29357.00,29339.50,29345.75,548
2026-08-25 11:35,29345.75,29360.25,29344.25,29358.50,748
2026-08-25 11:40,29360.00,29362.25,29353.50,29358.25,431
2026-08-25 11:45,29357.25,29380.75,29355.25,29380.00,698
2026-08-25 11:50,29380.75,29390.50,29370.50,29372.75,722
2026-08-25 11:55,29372.00,29378.25,29365.00,29373.00,570
2026-08-25 12:00,29372.75,29382.75,29355.25,29378.00,753
2026-08-25 12:05,29378.25,29381.00,29368.00,29378.00,512
2026-08-25 12:10,29377.75,29382.00,29357.75,29380.75,709
2026-08-25 12:15,29380.50,29409.50,29378.00,29399.50,1729
2026-08-25 12:20,29399.50,29400.50,29363.75,29377.75,1244
2026-08-25 12:25,29378.25,29382.50,29371.25,29374.25,514
2026-08-25 12:30,29373.25,29373.25,29333.25,29339.00,1334
2026-08-25 12:35,29338.00,29339.00,29315.00,29320.00,1187
2026-08-25 12:40,29319.75,29337.25,29312.50,29328.00,1256
2026-08-25 12:45,29328.00,29331.25,29320.00,29327.75,658
2026-08-25 12:50,29327.75,29347.00,29326.25,29334.75,1265
2026-08-25 12:55,29334.75,29342.50,29332.75,29334.00,462
2026-08-25 13:00,29334.00,29341.75,29316.00,29324.50,1801
2026-08-25 13:05,29324.50,29332.25,29311.50,29324.75,1113
2026-08-25 13:10,29323.50,29344.75,29323.25,29329.25,1614
2026-08-25 13:15,29327.25,29342.00,29321.50,29333.75,1239
2026-08-25 13:20,29333.75,29338.00,29317.50,29319.25,1346
2026-08-25 13:25,29319.75,29340.75,29294.50,29296.25,2748
2026-08-25 13:30,29297.00,29376.25,29279.25,29375.25,17789
2026-08-25 13:35,29374.75,29376.00,29301.50,29316.00,13681
2026-08-25 13:40,29316.00,29374.25,29315.00,29349.75,11983
2026-08-25 13:45,29348.75,29414.75,29342.75,29393.00,13598
2026-08-25 13:50,29393.00,29396.25,29341.00,29343.25,10078
2026-08-25 13:55,29342.25,29345.50,29289.25,29312.75,9901
2026-08-25 14:00,29313.25,29315.00,29246.50,29261.25,12016
2026-08-25 14:05,29261.75,29279.75,29244.00,29259.00,7595
2026-08-25 14:10,29258.75,29285.25,29239.75,29246.00,6691
2026-08-25 14:15,29245.00,29269.50,29233.75,29242.75,7307
2026-08-25 14:20,29242.75,29255.25,29209.25,29229.25,8138
2026-08-25 14:25,29229.25,29252.25,29213.25,29215.25,6577
2026-08-25 14:30,29214.75,29249.50,29138.00,29206.75,13452
2026-08-25 14:35,29207.00,29268.75,29205.00,29258.75,6603
2026-08-25 14:40,29258.50,29261.25,29191.00,29219.25,6956
2026-08-25 14:45,29218.25,29230.50,29206.00,29218.50,4459
2026-08-25 14:50,29219.25,29260.25,29208.25,29244.75,4730
2026-08-25 14:55,29244.75,29250.00,29218.75,29232.50,4712
2026-08-25 15:00,29233.00,29235.75,29197.50,29204.75,4865
2026-08-25 15:05,29204.50,29226.50,29197.00,29214.50,3588
2026-08-25 15:10,29213.25,29231.25,29207.75,29223.00,2747
2026-08-25 15:15,29223.75,29245.00,29219.00,29236.50,3523
2026-08-25 15:20,29237.00,29261.25,29225.75,29236.75,4609
2026-08-25 15:25,29237.00,29282.00,29230.00,29276.75,3662
2026-08-25 15:30,29277.25,29309.75,29264.25,29268.00,6157
2026-08-25 15:35,29267.50,29301.75,29265.00,29271.50,4694
2026-08-25 15:40,29271.00,29276.00,29255.25,29267.25,3040
2026-08-25 15:45,29266.75,29266.75,29222.75,29228.50,3948
2026-08-25 15:50,29228.75,29264.00,29222.75,29257.25,3417
2026-08-25 15:55,29258.00,29274.25,29254.75,29262.00,3786
2026-08-25 16:00,29263.25,29289.50,29260.75,29274.00,3181
2026-08-25 16:05,29273.25,29287.25,29266.75,29268.00,2506
2026-08-25 16:10,29268.50,29280.25,29263.25,29277.75,2242
2026-08-25 16:15,29278.00,29290.00,29274.50,29286.25,2376
2026-08-25 16:20,29286.00,29294.00,29276.25,29286.50,2315
2026-08-25 16:25,29286.75,29298.50,29284.75,29293.75,2793
2026-08-25 16:30,29294.75,29299.75,29286.00,29287.75,1769
2026-08-25 16:35,29287.75,29294.00,29271.75,29291.75,2718
2026-08-25 16:40,29291.75,29292.25,29259.00,29265.25,3145
2026-08-25 16:45,29265.75,29283.25,29262.50,29270.50,2826
2026-08-25 16:50,29271.00,29272.25,29255.00,29259.00,2667
2026-08-25 16:55,29258.50,29282.00,29252.75,29274.75,3124
2026-08-25 17:00,29275.50,29279.00,29242.50,29243.00,3208
2026-08-25 17:05,29242.75,29248.00,29224.00,29234.25,3475
2026-08-25 17:10,29234.50,29245.25,29224.00,29243.00,2413
2026-08-25 17:15,29242.50,29258.50,29237.25,29256.75,3057
2026-08-25 17:20,29256.75,29257.50,29236.50,29236.50,2138
2026-08-25 17:25,29236.25,29236.50,29214.50,29224.50,3156
2026-08-25 17:30,29224.75,29232.25,29216.00,29228.25,2205
2026-08-25 17:35,29227.75,29234.50,29222.00,29229.00,1575
2026-08-25 17:40,29229.25,29230.25,29219.00,29222.25,1726
2026-08-25 17:45,29222.50,29231.50,29218.25,29225.75,1614
2026-08-25 17:50,29226.00,29231.00,29216.75,29227.75,1508
2026-08-25 17:55,29228.00,29232.25,29218.75,29227.25,1355
2026-08-25 18:00,29226.75,29227.50,29203.00,29204.00,3074
2026-08-25 18:05,29204.00,29217.50,29202.00,29210.50,2374
2026-08-25 18:10,29211.00,29221.00,29204.25,29206.00,2020
2026-08-25 18:15,29205.75,29214.25,29202.50,29213.75,1701
2026-08-25 18:20,29213.75,29227.50,29212.75,29221.50,2272
2026-08-25 18:25,29221.75,29222.75,29208.00,29219.75,1684
2026-08-25 18:30,29219.75,29244.50,29219.00,29242.50,3078
2026-08-25 18:35,29242.25,29252.25,29237.00,29246.25,2191
2026-08-25 18:40,29246.25,29259.25,29241.75,29257.75,2503
2026-08-25 18:45,29257.75,29275.00,29257.75,29269.75,3700
2026-08-25 18:50,29269.75,29270.75,29257.50,29259.75,2573
2026-08-25 18:55,29260.00,29264.75,29253.00,29255.50,2163
2026-08-25 19:00,29256.00,29266.50,29245.50,29246.50,2815
2026-08-25 19:05,29246.75,29252.25,29241.75,29247.75,1969
2026-08-25 19:10,29247.75,29249.00,29230.25,29234.75,2151
2026-08-25 19:15,29234.25,29238.75,29221.75,29225.50,2736
2026-08-25 19:20,29225.00,29226.75,29212.75,29223.75,2428
2026-08-25 19:25,29223.50,29227.75,29216.75,29226.00,1553
2026-08-25 19:30,29225.75,29227.50,29211.50,29227.00,2469
2026-08-25 19:35,29226.50,29241.25,29224.50,29234.50,2591
2026-08-25 19:40,29234.25,29257.75,29233.50,29239.00,3181
2026-08-25 19:45,29238.25,29247.25,29229.50,29243.00,2447
2026-08-25 19:50,29242.75,29286.75,29233.00,29283.25,7570
2026-08-25 19:55,29283.25,29289.50,29264.00,29270.25,11918
2026-08-25 20:00,29270.50,29284.75,29262.00,29274.50,5311
2026-08-25 20:05,29274.25,29294.75,29270.50,29288.75,1611
2026-08-25 20:10,29287.75,29293.50,29285.50,29288.75,1127
2026-08-25 20:15,29288.50,29295.00,29283.25,29294.00,795
2026-08-25 20:20,29294.50,29312.50,29291.75,29308.75,1446
2026-08-25 20:25,29308.50,29313.50,29300.00,29302.50,967
2026-08-25 20:30,29302.00,29308.75,29302.00,29305.00,527
2026-08-25 20:35,29304.50,29305.25,29292.50,29293.00,519
2026-08-25 20:40,29293.25,29293.25,29281.50,29282.25,476
2026-08-25 20:45,29282.25,29285.25,29268.75,29270.50,911
2026-08-25 20:50,29270.00,29287.75,29269.75,29284.75,602
2026-08-25 20:55,29284.75,29287.75,29280.50,29287.50,379
2026-08-25 22:00,29288.00,29309.75,29286.50,29302.50,0
2026-08-25 22:05,29302.00,29305.50,29290.75,29297.75,397
2026-08-25 22:10,29298.75,29299.75,29291.00,29293.25,195
2026-08-25 22:15,29293.50,29294.25,29289.50,29292.25,185
2026-08-25 22:20,29290.50,29293.25,29280.00,29290.75,383
2026-08-25 22:25,29290.25,29293.00,29285.50,29291.25,205
2026-08-25 22:30,29291.50,29293.00,29287.25,29290.25,121
2026-08-25 22:35,29290.25,29291.00,29282.00,29284.75,150
2026-08-25 22:40,29285.50,29289.25,29280.75,29288.25,194
2026-08-25 22:45,29287.25,29287.75,29280.75,29281.00,154
2026-08-25 22:50,29281.50,29283.25,29281.00,29283.00,58
2026-08-25 22:55,29283.25,29288.00,29281.75,29284.50,81
2026-08-25 23:00,29284.25,29288.50,29284.25,29286.75,106
2026-08-25 23:05,29286.25,29286.75,29273.75,29279.00,399
2026-08-25 23:10,29278.75,29278.75,29274.50,29275.75,96
2026-08-25 23:15,29276.25,29278.75,29273.25,29273.75,145
2026-08-25 23:20,29274.25,29274.25,29254.00,29262.00,701
2026-08-25 23:25,29261.00,29262.25,29245.25,29246.00,410
2026-08-25 23:30,29246.00,29248.50,29231.00,29239.75,710
2026-08-25 23:35,29238.25,29245.00,29237.00,29239.25,214
2026-08-25 23:40,29238.25,29242.75,29228.00,29234.75,323
2026-08-25 23:45,29233.00,29235.00,29218.50,29219.00,568
2026-08-25 23:50,29218.75,29224.75,29207.00,29219.50,915
2026-08-25 23:55,29220.50,29226.25,29209.00,29211.50,437
2026-08-26 00:00,29210.25,29223.00,29185.00,29212.25,1887
2026-08-26 00:05,29213.00,29221.75,29191.25,29220.00,976
2026-08-26 00:10,29220.75,29227.75,29208.00,29208.50,810
2026-08-26 00:15,29209.50,29238.50,29208.50,29223.25,928
2026-08-26 00:20,29221.25,29224.75,29199.25,29204.00,576
2026-08-26 00:25,29204.50,29205.75,29165.25,29184.25,1408
2026-08-26 00:30,29183.75,29188.00,29165.25,29166.25,947
2026-08-26 00:35,29167.25,29172.50,29146.75,29153.25,1651
2026-08-26 00:40,29154.25,29157.50,29138.00,29151.25,988
2026-08-26 00:45,29150.75,29160.00,29143.75,29150.00,694
2026-08-26 00:50,29150.75,29152.00,29126.50,29131.75,1114
2026-08-26 00:55,29131.25,29132.50,29110.50,29112.25,885
2026-08-26 01:00,29113.00,29142.25,29106.75,29141.25,1378
2026-08-26 01:05,29142.25,29147.00,29117.25,29126.00,964
2026-08-26 01:10,29126.25,29138.75,29120.50,29123.75,663
2026-08-26 01:15,29123.50,29134.00,29115.00,29117.00,697
2026-08-26 01:20,29118.25,29133.00,29100.00,29106.00,880
2026-08-26 01:25,29106.25,29111.25,29099.00,29109.75,549
2026-08-26 01:30,29110.50,29117.50,29096.75,29104.25,1105
2026-08-26 01:35,29104.75,29129.00,29096.00,29125.50,722
2026-08-26 01:40,29126.00,29128.00,29110.25,29116.25,565
2026-08-26 01:45,29117.50,29122.25,29104.75,29110.50,462
2026-08-26 01:50,29110.25,29126.75,29105.75,29123.50,391
2026-08-26 01:55,29123.75,29135.00,29122.00,29133.50,594
2026-08-26 02:00,29133.50,29143.75,29122.75,29133.00,610
2026-08-26 02:05,29134.25,29137.00,29119.25,29128.00,444
2026-08-26 02:10,29129.00,29144.50,29128.00,29143.25,637
2026-08-26 02:15,29143.00,29158.75,29140.50,29153.75,890
2026-08-26 02:20,29153.75,29170.00,29151.75,29161.75,646
2026-08-26 02:25,29162.00,29174.75,29161.25,29172.25,577
2026-08-26 02:30,29172.75,29187.00,29171.00,29181.25,801
2026-08-26 02:35,29182.50,29198.75,29177.75,29197.25,688
2026-08-26 02:40,29196.75,29217.75,29195.50,29217.00,1116
2026-08-26 02:45,29217.25,29228.25,29211.25,29220.50,841
2026-08-26 02:50,29221.00,29229.75,29215.75,29217.00,633
2026-08-26 02:55,29216.50,29227.25,29215.50,29220.25,245
2026-08-26 03:00,29221.50,29230.00,29212.00,29228.75,515
2026-08-26 03:05,29228.75,29230.50,29214.75,29217.50,305
2026-08-26 03:10,29217.25,29235.75,29216.00,29231.50,482
2026-08-26 03:15,29231.00,29232.00,29221.50,29225.50,319
2026-08-26 03:20,29226.25,29231.75,29221.25,29223.25,193
2026-08-26 03:25,29223.25,29223.50,29213.25,29214.75,295
2026-08-26 03:30,29215.50,29226.75,29205.00,29226.00,654
2026-08-26 03:35,29226.50,29244.00,29226.00,29239.50,800
2026-08-26 03:40,29238.50,29238.75,29231.25,29237.00,400
2026-08-26 03:45,29237.50,29263.50,29235.75,29263.25,974
2026-08-26 03:50,29263.75,29275.25,29262.00,29266.25,780
2026-08-26 03:55,29267.25,29272.50,29262.25,29267.00,513
2026-08-26 04:05,29265.25,29269.00,29263.50,29269.00,966
2026-08-26 04:10,29269.25,29279.75,29260.50,29273.00,483
2026-08-26 04:15,29273.25,29274.25,29262.00,29272.75,516
2026-08-26 04:20,29273.50,29277.50,29267.75,29269.50,322
2026-08-26 04:25,29269.75,29283.25,29266.75,29272.25,362
2026-08-26 04:30,29272.00,29275.25,29261.50,29265.00,376
2026-08-26 04:35,29265.50,29268.75,29253.50,29256.00,321
2026-08-26 04:40,29256.00,29260.50,29247.75,29250.75,534
2026-08-26 04:45,29251.00,29251.75,29217.25,29224.75,823
2026-08-26 04:50,29223.75,29236.75,29220.75,29232.50,549
2026-08-26 04:55,29232.00,29236.25,29223.00,29226.75,228
2026-08-26 05:00,29227.75,29258.75,29226.50,29250.25,712
2026-08-26 05:05,29251.25,29259.75,29235.00,29258.00,537
2026-08-26 05:10,29257.25,29257.25,29236.00,29239.25,351
2026-08-26 05:15,29238.50,29248.75,29229.00,29240.00,467
2026-08-26 05:20,29239.25,29245.50,29235.00,29243.00,166
2026-08-26 05:25,29243.50,29247.50,29233.75,29245.00,255
2026-08-26 05:30,29246.00,29262.75,29246.00,29254.50,406
2026-08-26 05:35,29252.00,29252.00,29241.25,29245.25,211
2026-08-26 05:40,29246.00,29251.50,29242.25,29248.25,102
2026-08-26 05:45,29247.25,29247.75,29231.75,29234.50,275
2026-08-26 05:50,29236.00,29239.50,29226.00,29227.00,216
2026-08-26 05:55,29227.75,29244.25,29226.00,29243.00,427
2026-08-26 06:00,29242.25,29248.75,29216.00,29219.50,574
2026-08-26 06:05,29217.25,29221.00,29212.00,29218.25,360
2026-08-26 06:10,29218.50,29231.50,29215.00,29217.00,421
2026-08-26 06:15,29215.00,29219.00,29203.50,29213.00,506
2026-08-26 06:20,29212.50,29213.75,29204.75,29211.75,231
2026-08-26 06:25,29212.50,29226.50,29203.75,29218.75,422
2026-08-26 06:30,29218.25,29234.50,29209.75,29232.00,285
2026-08-26 06:35,29232.25,29242.00,29229.00,29236.25,503
2026-08-26 06:40,29235.75,29256.75,29235.75,29255.25,374
2026-08-26 06:45,29255.75,29277.25,29254.75,29261.50,894
2026-08-26 06:50,29261.75,29262.25,29236.50,29239.25,384
2026-08-26 06:55,29238.25,29256.75,29232.25,29252.75,394
2026-08-26 07:00,29252.25,29256.25,29232.75,29251.50,763
2026-08-26 07:05,29252.00,29257.75,29213.25,29216.50,496
2026-08-26 07:10,29216.75,29237.00,29201.25,29236.75,917
2026-08-26 07:15,29237.00,29244.50,29225.25,29230.00,469
2026-08-26 07:20,29230.25,29230.25,29210.25,29214.75,433
2026-08-26 07:25,29215.00,29216.25,29192.25,29199.00,885
2026-08-26 07:30,29201.25,29205.50,29185.75,29196.50,516
2026-08-26 07:35,29194.25,29211.00,29194.25,29200.00,433
2026-08-26 07:40,29199.50,29204.75,29193.25,29199.25,276
2026-08-26 07:45,29199.50,29219.25,29194.25,29197.00,431
2026-08-26 07:50,29198.25,29205.50,29187.25,29204.00,351
2026-08-26 07:55,29201.25,29215.25,29200.00,29212.25,241
2026-08-26 08:00,29213.00,29235.75,29198.25,29231.00,893
2026-08-26 08:05,29228.25,29241.50,29213.75,29237.75,603
2026-08-26 08:10,29238.00,29245.25,29202.00,29205.75,578
2026-08-26 08:15,29205.50,29228.00,29194.25,29198.75,515
2026-08-26 08:20,29199.00,29201.00,29185.00,29196.25,657
2026-08-26 08:25,29197.50,29235.50,29195.50,29235.50,510
2026-08-26 08:30,29234.75,29242.75,29211.75,29230.50,522
2026-08-26 08:35,29230.25,29239.75,29228.00,29238.50,204
2026-08-26 08:40,29239.50,29251.00,29234.50,29242.50,294
2026-08-26 08:45,29241.00,29241.25,29230.00,29231.25,165
2026-08-26 08:50,29232.75,29235.75,29223.75,29225.75,172
2026-08-26 08:55,29225.00,29228.00,29209.75,29228.00,336
2026-08-26 09:00,29227.75,29234.75,29217.00,29221.25,341
2026-08-26 09:05,29220.75,29223.50,29213.50,29214.00,125
2026-08-26 09:10,29213.75,29223.75,29213.75,29218.75,127
2026-08-26 09:15,29218.25,29221.50,29204.50,29210.00,291
2026-08-26 09:20,29210.25,29219.75,29196.00,29196.00,392
2026-08-26 09:25,29197.00,29206.50,29191.25,29198.00,436
2026-08-26 09:30,29200.00,29219.25,29198.50,29205.75,352
2026-08-26 09:35,29207.50,29211.00,29204.00,29209.50,216
2026-08-26 09:40,29211.50,29218.50,29208.25,29214.75,89
2026-08-26 09:45,29214.00,29225.25,29213.75,29224.50,278
2026-08-26 09:50,29225.50,29235.50,29221.25,29231.25,311
2026-08-26 09:55,29232.00,29236.50,29229.00,29234.50,169
2026-08-26 10:00,29234.25,29235.00,29212.25,29216.75,310
2026-08-26 10:05,29216.00,29222.00,29210.50,29214.00,219
2026-08-26 10:10,29213.50,29213.50,29196.00,29198.00,327
2026-08-26 10:15,29197.25,29212.00,29196.50,29210.25,302
2026-08-26 10:20,29211.25,29217.00,29196.25,29216.25,387
2026-08-26 10:25,29215.75,29217.00,29200.00,29200.25,212
2026-08-26 10:30,29201.00,29229.75,29188.75,29227.50,714
2026-08-26 10:35,29228.00,29240.50,29225.00,29235.75,452
2026-08-26 10:40,29236.25,29242.25,29225.75,29228.50,243
2026-08-26 10:45,29228.50,29240.25,29224.00,29238.25,235
2026-08-26 10:50,29237.75,29239.50,29224.50,29229.50,448
2026-08-26 10:55,29230.00,29239.50,29227.25,29237.50,214
2026-08-26 11:00,29237.50,29264.50,29235.00,29259.75,836
2026-08-26 11:05,29259.25,29259.25,29235.75,29239.50,367
2026-08-26 11:10,29240.00,29257.00,29238.75,29254.00,331
2026-08-26 11:15,29253.00,29278.75,29252.25,29257.50,1116
2026-08-26 11:20,29257.75,29260.00,29247.75,29248.75,421
2026-08-26 11:25,29247.75,29253.50,29234.75,29253.00,435
2026-08-26 11:30,29252.25,29261.75,29240.50,29242.75,506
2026-08-26 11:35,29242.25,29243.50,29202.50,29205.00,955
2026-08-26 11:40,29205.00,29214.75,29193.00,29209.50,830
2026-08-26 11:45,29210.25,29212.75,29186.00,29192.00,896
2026-08-26 11:50,29194.50,29227.50,29194.00,29218.25,1013
2026-08-26 11:55,29217.00,29222.75,29214.00,29219.50,396
2026-08-26 12:00,29220.75,29223.50,29202.50,29219.75,715
2026-08-26 12:05,29219.25,29222.25,29203.50,29212.00,476
2026-08-26 12:10,29212.25,29221.25,29200.00,29215.75,724
2026-08-26 12:15,29215.50,29216.50,29190.00,29203.25,827
2026-08-26 12:20,29203.25,29235.75,29199.50,29230.25,1053
2026-08-26 12:25,29231.00,29259.50,29227.25,29257.25,1142
2026-08-26 12:30,29256.75,29263.25,29163.00,29177.00,4566
2026-08-26 12:35,29177.00,29181.00,29149.75,29172.75,2268
2026-08-26 12:40,29172.00,29188.50,29161.00,29164.75,1813
2026-08-26 12:45,29165.00,29181.00,29149.50,29175.25,1878
2026-08-26 12:50,29174.50,29181.50,29133.25,29145.25,2802
2026-08-26 12:55,29145.25,29162.75,29139.25,29150.75,2546
2026-08-26 13:00,29151.75,29164.75,29144.00,29153.25,1823
2026-08-26 13:05,29154.00,29166.50,29133.50,29138.25,1519
2026-08-26 13:10,29138.50,29173.00,29134.75,29171.75,1330
2026-08-26 13:15,29172.25,29174.00,29159.75,29164.75,1332
2026-08-26 13:20,29164.25,29164.75,29153.50,29162.00,1020
2026-08-26 13:25,29163.50,29175.00,29155.50,29173.75,2295
2026-08-26 13:30,29174.50,29283.00,29174.25,29256.00,17330
2026-08-26 13:35,29256.00,29275.50,29206.75,29236.75,13878
2026-08-26 13:40,29236.00,29313.25,29223.75,29291.00,12440
2026-08-26 13:45,29290.75,29316.00,29267.50,29268.50,9202
2026-08-26 13:50,29269.25,29309.00,29252.50,29307.50,7704
2026-08-26 13:55,29307.75,29332.75,29294.00,29331.25,6814
2026-08-26 14:00,29331.50,29332.50,29296.75,29305.25,5739
2026-08-26 14:05,29305.25,29311.00,29273.50,29281.25,4828
2026-08-26 14:10,29281.75,29283.75,29235.50,29246.00,6115
2026-08-26 14:15,29246.25,29262.75,29230.50,29238.25,5041
2026-08-26 14:20,29238.75,29244.25,29200.00,29202.75,6112
2026-08-26 14:25,29202.75,29208.75,29156.75,29178.25,8651
2026-08-26 14:30,29178.25,29204.00,29176.00,29197.25,5201
2026-08-26 14:35,29196.25,29231.75,29183.25,29214.00,5002
2026-08-26 14:40,29213.50,29238.50,29212.50,29221.00,4171
2026-08-26 14:45,29221.50,29244.50,29206.25,29238.50,4098
2026-08-26 14:50,29238.00,29268.00,29238.00,29241.25,4398
2026-08-26 14:55,29241.25,29259.00,29234.50,29252.25,3248
2026-08-26 15:00,29251.75,29272.75,29246.00,29261.50,3777
2026-08-26 15:05,29261.00,29283.00,29259.75,29269.75,3218
2026-08-26 15:10,29270.00,29276.00,29250.00,29257.50,3184
2026-08-26 15:15,29257.25,29257.75,29222.50,29244.00,3985
2026-08-26 15:20,29242.75,29261.25,29233.50,29241.00,2964
2026-08-26 15:25,29240.00,29267.00,29236.50,29256.50,3217
2026-08-26 15:30,29256.75,29260.00,29220.75,29230.25,3406
2026-08-26 15:35,29230.25,29257.25,29228.50,29251.00,2937
2026-08-26 15:40,29251.00,29289.75,29248.00,29283.00,4052
2026-08-26 15:45,29282.25,29291.00,29274.75,29288.75,2454
2026-08-26 15:50,29289.00,29291.50,29231.75,29235.75,6353
2026-08-26 15:55,29235.00,29245.75,29215.50,29217.75,3268
2026-08-26 16:00,29217.75,29219.25,29189.00,29214.00,5012
2026-08-26 16:05,29213.25,29224.25,29201.00,29207.00,2982
2026-08-26 16:10,29207.50,29213.75,29198.50,29200.00,1995
2026-08-26 16:15,29201.25,29205.75,29192.50,29202.75,2098
2026-08-26 16:20,29203.00,29215.75,29199.75,29211.25,1932
2026-08-26 16:25,29211.50,29212.75,29199.50,29207.00,1207
2026-08-26 16:30,29207.25,29220.00,29205.25,29213.75,1562
2026-08-26 16:35,29213.75,29219.00,29181.00,29182.75,2583
2026-08-26 16:40,29182.25,29194.00,29170.00,29174.50,2867
2026-08-26 16:45,29174.75,29198.50,29171.75,29183.25,2569
2026-08-26 16:50,29183.00,29193.00,29175.50,29185.50,1595
2026-08-26 16:55,29185.00,29224.75,29184.75,29216.75,4276
2026-08-26 17:00,29216.00,29232.50,29210.50,29228.50,2679
2026-08-26 17:05,29227.75,29238.00,29217.75,29234.25,1691
2026-08-26 17:10,29234.00,29242.25,29230.25,29238.00,2038
2026-08-26 17:15,29238.25,29262.00,29238.00,29253.00,3530
2026-08-26 17:20,29253.50,29270.00,29253.00,29268.75,2444
2026-08-26 17:25,29268.50,29270.75,29256.50,29267.25,2132
2026-08-26 17:30,29268.00,29281.50,29262.75,29278.25,3190
2026-08-26 17:35,29278.50,29287.75,29274.50,29280.50,2280
2026-08-26 17:40,29280.75,29291.75,29272.75,29281.50,2228
2026-08-26 17:45,29281.50,29286.25,29267.50,29270.00,2077
2026-08-26 17:50,29270.25,29288.50,29269.75,29287.00,2635
2026-08-26 17:55,29287.00,29293.75,29283.00,29284.25,2019
2026-08-26 18:00,29284.50,29285.00,29271.50,29277.50,1752
2026-08-26 18:05,29278.25,29296.00,29277.25,29290.75,1993
2026-08-26 18:10,29290.75,29292.00,29266.00,29270.00,2122
2026-08-26 18:15,29270.75,29286.75,29264.75,29281.50,2535
2026-08-26 18:20,29282.50,29292.25,29276.00,29277.50,1556
2026-08-26 18:25,29276.50,29285.00,29271.25,29280.00,1768
2026-08-26 18:30,29279.75,29303.50,29275.75,29297.25,2774
2026-08-26 18:35,29297.25,29299.75,29290.00,29292.00,1471
2026-08-26 18:40,29292.00,29298.00,29288.00,29295.00,1474
2026-08-26 18:45,29295.00,29328.75,29294.75,29319.75,4327
2026-08-26 18:50,29319.50,29327.00,29310.00,29318.75,2303
2026-08-26 18:55,29318.25,29329.75,29315.75,29321.75,2524
2026-08-26 19:00,29321.25,29368.25,29317.75,29367.00,5599
2026-08-26 19:05,29366.25,29368.25,29347.25,29347.50,2948
2026-08-26 19:10,29348.00,29352.25,29330.25,29340.50,2803
2026-08-26 19:15,29340.50,29357.25,29339.00,29354.50,2113
2026-08-26 19:20,29354.25,29354.75,29332.25,29346.00,2730
2026-08-26 19:25,29345.75,29355.25,29335.75,29338.00,2295
2026-08-26 19:30,29338.00,29345.50,29329.50,29343.25,2850
2026-08-26 19:35,29343.25,29344.50,29322.00,29322.75,3076
2026-08-26 19:40,29322.75,29329.00,29307.50,29309.50,3016
2026-08-26 19:45,29309.25,29337.00,29305.50,29335.25,4005
2026-08-26 19:50,29335.50,29341.50,29281.25,29291.25,5997
2026-08-26 19:55,29290.75,29310.75,29280.25,29297.25,12963
2026-08-26 20:00,29297.00,29348.25,29283.25,29336.25,5378
2026-08-26 20:05,29335.25,29375.00,29335.00,29353.25,2502
2026-08-26 20:10,29354.25,29367.00,29349.00,29362.25,818
2026-08-26 20:15,29360.75,29383.75,29354.50,29381.50,1425
2026-08-26 20:20,29379.75,29382.00,29291.00,29345.50,6657
2026-08-26 20:25,29344.75,29362.75,29319.00,29342.25,2458
2026-08-26 20:30,29342.00,29346.25,29317.00,29328.00,1476
2026-08-26 20:35,29327.50,29355.00,29325.00,29343.00,976
2026-08-26 20:40,29343.00,29356.00,29333.75,29340.00,828
2026-08-26 20:45,29339.00,29382.00,29336.75,29382.00,1155
2026-08-26 20:50,29382.00,29398.25,29377.00,29391.00,1502
2026-08-26 20:55,29390.75,29437.75,29386.25,29432.50,1255
2026-08-26 22:00,29499.50,29582.25,29499.25,29572.75,0
2026-08-26 22:05,29573.75,29576.25,29550.50,29562.00,1516
2026-08-26 22:10,29560.75,29575.00,29551.25,29566.00,1173
2026-08-26 22:15,29565.50,29596.75,29554.25,29584.00,1552
2026-08-26 22:20,29583.75,29602.00,29579.00,29590.00,908
2026-08-26 22:25,29589.75,29594.75,29578.50,29583.75,473
2026-08-26 22:30,29583.50,29600.00,29581.00,29598.75,522
2026-08-26 22:35,29600.00,29618.00,29600.00,29603.00,1153
2026-08-26 22:40,29602.50,29617.25,29597.25,29617.25,800
2026-08-26 22:45,29615.75,29616.75,29607.50,29612.25,437
2026-08-26 22:50,29612.00,29628.50,29605.25,29606.50,1052
2026-08-26 22:55,29606.25,29611.00,29599.25,29606.50,318
2026-08-26 23:00,29605.00,29615.50,29602.50,29605.00,708
2026-08-26 23:05,29605.25,29608.75,29591.75,29597.50,562
2026-08-26 23:10,29598.00,29602.50,29591.00,29592.25,372
2026-08-26 23:15,29593.25,29593.25,29585.00,29589.00,280
2026-08-26 23:20,29588.00,29606.75,29587.00,29606.25,537
2026-08-26 23:25,29605.25,29612.50,29589.50,29602.50,547
2026-08-26 23:30,29602.75,29606.00,29594.50,29604.25,201
2026-08-26 23:35,29604.75,29611.75,29599.50,29606.50,221
2026-08-26 23:40,29605.25,29608.75,29603.75,29606.50,97
2026-08-26 23:45,29606.25,29626.50,29605.00,29622.00,563
2026-08-26 23:50,29622.75,29626.50,29610.00,29616.75,461
2026-08-26 23:55,29617.50,29653.00,29614.75,29646.50,1289
2026-08-27 00:00,29648.25,29654.75,29614.00,29615.25,1366
2026-08-27 00:05,29615.50,29634.50,29605.00,29608.00,964
2026-08-27 00:10,29609.00,29611.25,29578.00,29590.00,1260
2026-08-27 00:15,29590.00,29590.50,29558.00,29565.00,1197
2026-08-27 00:20,29564.75,29585.00,29564.00,29580.75,831
2026-08-27 00:25,29581.00,29583.25,29562.25,29581.00,641
2026-08-27 00:30,29580.50,29581.25,29533.50,29535.75,1384
2026-08-27 00:35,29535.00,29539.50,29504.00,29514.50,1841
2026-08-27 00:40,29515.25,29521.50,29476.25,29478.00,1770
2026-08-27 00:45,29478.00,29479.50,29446.00,29461.00,2310
2026-08-27 00:50,29460.75,29466.00,29440.00,29444.25,1199
2026-08-27 00:55,29444.00,29456.00,29438.25,29445.75,1061
2026-08-27 01:00,29443.75,29469.75,29432.50,29463.25,1961
2026-08-27 01:05,29467.25,29486.50,29461.75,29484.25,1065
2026-08-27 01:10,29485.25,29490.00,29445.50,29452.75,1214
2026-08-27 01:15,29452.00,29484.00,29447.75,29481.25,888
2026-08-27 01:20,29481.75,29498.25,29478.75,29497.25,768
2026-08-27 01:25,29495.75,29509.25,29490.75,29503.25,695
2026-08-27 01:30,29503.00,29523.50,29497.00,29517.00,943
2026-08-27 01:35,29518.25,29535.00,29514.25,29529.50,746
2026-08-27 01:40,29530.00,29531.50,29491.75,29492.75,1125
2026-08-27 01:45,29493.75,29542.00,29493.75,29538.75,909
2026-08-27 01:50,29537.50,29554.00,29533.75,29553.75,680
2026-08-27 01:55,29553.00,29554.25,29525.75,29529.75,820
2026-08-27 02:00,29531.75,29541.00,29525.75,29540.75,734
2026-08-27 02:05,29538.00,29540.00,29516.75,29539.50,586
2026-08-27 02:10,29540.00,29544.25,29530.75,29539.75,492
2026-08-27 02:15,29540.75,29542.25,29528.75,29536.00,214
2026-08-27 02:20,29535.25,29541.75,29528.50,29533.50,228
2026-08-27 02:25,29533.00,29543.25,29525.75,29539.00,286
2026-08-27 02:30,29538.75,29555.00,29536.75,29552.50,468
2026-08-27 02:35,29552.75,29553.25,29543.00,29552.50,373
2026-08-27 02:40,29552.25,29553.00,29530.50,29541.25,476
2026-08-27 02:45,29541.75,29547.75,29536.75,29540.50,312
2026-08-27 02:50,29539.75,29560.50,29539.75,29551.00,513
2026-08-27 02:55,29551.75,29555.50,29544.50,29548.75,444
2026-08-27 03:00,29550.50,29563.00,29543.25,29554.25,537
2026-08-27 03:05,29554.50,29554.50,29536.00,29538.25,522
2026-08-27 03:10,29540.25,29541.25,29530.00,29540.25,343
2026-08-27 03:15,29541.00,29556.25,29540.75,29556.25,271
2026-08-27 03:20,29556.00,29573.50,29551.25,29572.50,614
2026-08-27 03:25,29572.50,29575.75,29561.25,29564.25,312
2026-08-27 03:30,29566.00,29572.25,29551.25,29561.00,494
2026-08-27 03:35,29561.25,29561.25,29547.75,29551.00,173
2026-08-27 03:40,29551.00,29555.25,29541.75,29541.75,282
2026-08-27 03:45,29543.50,29552.50,29535.50,29539.25,292
2026-08-27 03:50,29539.50,29547.00,29526.50,29537.50,434
2026-08-27 03:55,29538.75,29550.25,29533.50,29534.25,379
2026-08-27 04:05,29533.75,29537.50,29532.75,29536.25,396
2026-08-27 04:10,29534.75,29536.00,29529.25,29534.00,131
2026-08-27 04:15,29534.75,29550.25,29532.75,29544.50,327
2026-08-27 04:20,29544.00,29549.75,29537.50,29547.00,193
2026-08-27 04:25,29547.25,29551.75,29528.50,29528.50,268
2026-08-27 04:30,29528.50,29530.25,29518.00,29521.75,386
2026-08-27 04:35,29521.00,29522.50,29505.25,29505.25,373
2026-08-27 04:40,29505.25,29513.00,29498.25,29504.25,481
2026-08-27 04:45,29503.50,29520.75,29495.25,29502.50,651
2026-08-27 04:50,29504.75,29511.00,29494.50,29497.00,275
2026-08-27 04:55,29496.00,29502.75,29493.00,29497.25,327
2026-08-27 05:00,29501.50,29504.25,29474.75,29481.25,793
2026-08-27 05:05,29480.25,29493.25,29475.00,29476.50,554
2026-08-27 05:10,29475.75,29491.00,29472.75,29484.50,459
2026-08-27 05:15,29482.25,29482.25,29448.00,29452.00,737
2026-08-27 05:20,29452.25,29474.75,29449.75,29473.00,621
2026-08-27 05:25,29473.00,29478.75,29461.00,29468.00,638
2026-08-27 05:30,29466.25,29467.75,29451.00,29457.50,484
2026-08-27 05:35,29455.25,29461.25,29445.25,29460.00,513
2026-08-27 05:40,29458.75,29472.75,29438.50,29442.50,799
2026-08-27 05:45,29441.50,29462.25,29437.75,29460.50,458
2026-08-27 05:50,29461.75,29465.00,29438.00,29442.25,666
2026-08-27 05:55,29443.00,29443.00,29428.50,29438.75,696
2026-08-27 06:00,29437.50,29437.50,29419.25,29421.50,1211
2026-08-27 06:05,29420.25,29428.00,29403.50,29406.00,959
2026-08-27 06:10,29406.50,29434.75,29401.75,29432.50,1065
2026-08-27 06:15,29433.00,29449.25,29432.50,29442.00,713
2026-08-27 06:20,29443.75,29448.00,29436.00,29443.75,340
2026-08-27 06:25,29444.00,29451.00,29432.00,29450.75,611
2026-08-27 06:30,29451.50,29464.75,29449.00,29462.25,548
2026-08-27 06:35,29462.00,29472.00,29457.50,29471.50,508
2026-08-27 06:40,29471.50,29490.50,29471.25,29489.25,622
2026-08-27 06:45,29489.00,29497.00,29482.25,29483.25,570
2026-08-27 06:50,29484.50,29487.00,29478.00,29480.75,404
2026-08-27 06:55,29480.50,29500.00,29480.50,29499.50,559
2026-08-27 07:00,29498.75,29507.50,29477.25,29507.50,1122
2026-08-27 07:05,29507.50,29525.50,29504.25,29521.00,1134
2026-08-27 07:10,29522.25,29538.50,29518.50,29536.00,743
2026-08-27 07:15,29537.00,29542.25,29527.75,29537.75,667
2026-08-27 07:20,29537.00,29540.75,29524.25,29528.75,644
2026-08-27 07:25,29528.50,29548.75,29524.00,29548.25,718
2026-08-27 07:30,29547.75,29549.75,29533.00,29542.00,880
2026-08-27 07:35,29541.75,29544.75,29506.00,29507.00,838
2026-08-27 07:40,29506.50,29515.00,29499.00,29504.00,652
2026-08-27 07:45,29504.75,29519.00,29500.75,29512.75,350
2026-08-27 07:50,29513.50,29535.75,29507.25,29533.25,556
2026-08-27 07:55,29534.00,29548.25,29533.25,29539.50,514
2026-08-27 08:00,29538.75,29572.00,29537.00,29570.25,1227
2026-08-27 08:05,29570.50,29600.00,29570.50,29598.50,1171
2026-08-27 08:10,29598.50,29624.00,29595.25,29622.00,1242
2026-08-27 08:15,29622.50,29624.00,29596.75,29608.75,1006
2026-08-27 08:20,29609.00,29620.00,29599.75,29617.75,808
2026-08-27 08:25,29618.75,29659.75,29615.25,29656.50,1815
2026-08-27 08:30,29656.75,29658.00,29627.00,29627.50,919
2026-08-27 08:35,29629.25,29634.75,29617.75,29626.50,812
2026-08-27 08:40,29627.00,29640.50,29610.25,29629.50,1034
2026-08-27 08:45,29632.50,29659.75,29630.50,29652.25,983
2026-08-27 08:50,29652.25,29662.00,29628.75,29632.50,983
2026-08-27 08:55,29629.75,29635.25,29622.00,29623.75,656
2026-08-27 09:00,29624.75,29634.25,29590.25,29591.75,1603
2026-08-27 09:05,29590.50,29612.50,29581.25,29605.75,1112
2026-08-27 09:10,29606.25,29610.00,29582.75,29584.00,458
2026-08-27 09:15,29584.25,29590.00,29568.00,29587.25,838
2026-08-27 09:20,29588.25,29608.50,29579.00,29608.00,532
2026-08-27 09:25,29608.00,29615.00,29594.50,29598.00,730
2026-08-27 09:30,29597.75,29625.50,29596.75,29620.00,1121
2026-08-27 09:35,29619.50,29620.50,29609.25,29614.50,601
2026-08-27 09:40,29616.25,29619.75,29611.25,29615.00,776
2026-08-27 09:45,29614.50,29634.50,29613.50,29619.25,910
2026-08-27 09:50,29620.00,29630.75,29605.75,29619.25,615
2026-08-27 09:55,29618.50,29619.00,29599.50,29602.00,564
2026-08-27 10:00,29602.25,29602.75,29582.25,29596.25,562
2026-08-27 10:05,29596.00,29604.00,29594.50,29597.50,350
2026-08-27 10:10,29598.00,29606.25,29586.50,29598.75,350
2026-08-27 10:15,29598.75,29603.75,29583.75,29583.75,332
2026-08-27 10:20,29583.50,29592.00,29579.00,29586.50,374
2026-08-27 10:25,29583.75,29588.00,29577.00,29579.75,358
2026-08-27 10:30,29580.75,29585.75,29575.50,29582.75,341
2026-08-27 10:35,29583.00,29583.75,29570.00,29572.00,514
2026-08-27 10:40,29572.00,29602.75,29570.75,29600.00,519
2026-08-27 10:45,29599.75,29601.00,29584.50,29584.50,381
2026-08-27 10:50,29583.50,29595.75,29568.25,29595.50,535
2026-08-27 10:55,29596.50,29602.25,29591.00,29597.50,327
2026-08-27 11:00,29599.00,29607.00,29577.00,29605.25,835
2026-08-27 11:05,29606.75,29615.75,29588.25,29609.00,798
2026-08-27 11:10,29607.75,29630.00,29604.25,29616.25,698
2026-08-27 11:15,29616.25,29621.25,29592.75,29593.75,658
2026-08-27 11:20,29593.50,29599.50,29585.75,29592.00,588
2026-08-27 11:25,29591.50,29596.50,29569.50,29569.50,632
2026-08-27 11:30,29570.25,29588.00,29551.00,29571.25,1372
2026-08-27 11:35,29571.75,29574.25,29546.25,29553.00,785
2026-08-27 11:40,29551.00,29567.00,29549.00,29565.50,529
2026-08-27 11:45,29563.50,29563.50,29516.75,29518.25,1090
2026-08-27 11:50,29517.75,29535.75,29514.75,29534.00,746
2026-08-27 11:55,29533.75,29560.25,29533.75,29558.50,601
2026-08-27 12:00,29557.75,29568.25,29551.00,29562.25,908
2026-08-27 12:05,29563.25,29573.50,29556.00,29572.25,1033
2026-08-27 12:10,29573.25,29589.00,29570.00,29584.00,785
2026-08-27 12:15,29584.25,29586.00,29567.75,29579.25,532
2026-08-27 12:20,29579.00,29585.25,29565.75,29583.75,616
2026-08-27 12:25,29584.25,29590.50,29572.25,29579.25,787
2026-08-27 12:30,29579.00,29581.25,29562.00,29568.75,1161
2026-08-27 12:35,29568.50,29573.25,29549.00,29557.50,1203
2026-08-27 12:40,29555.50,29565.00,29534.50,29537.50,898
2026-08-27 12:45,29536.25,29541.00,29526.50,29532.50,1022
2026-08-27 12:50,29531.75,29539.75,29515.50,29531.00,1382
2026-08-27 12:55,29531.50,29538.00,29519.00,29522.50,838
2026-08-27 13:00,29522.00,29548.00,29518.50,29545.00,1551
2026-08-27 13:05,29545.00,29559.50,29540.25,29550.75,925
2026-08-27 13:10,29551.25,29561.75,29546.50,29555.75,969
2026-08-27 13:15,29554.50,29570.25,29544.00,29550.25,1507
2026-08-27 13:20,29550.25,29554.00,29536.25,29537.50,1651
2026-08-27 13:25,29538.00,29562.50,29523.25,29524.75,3421
2026-08-27 13:30,29524.50,29588.75,29452.75,29463.50,23552
2026-08-27 13:35,29464.50,29490.75,29443.00,29489.75,13957
2026-08-27 13:40,29490.00,29586.00,29486.50,29575.00,15030
2026-08-27 13:45,29576.00,29605.00,29451.75,29476.50,19055
2026-08-27 13:50,29477.00,29567.25,29477.00,29543.25,11469
2026-08-27 13:55,29542.25,29544.75,29423.75,29483.00,13797
2026-08-27 14:00,29484.00,29549.00,29478.50,29535.50,11148
2026-08-27 14:05,29536.25,29557.50,29502.00,29530.25,8176
2026-08-27 14:10,29529.75,29588.50,29527.25,29559.00,7190
2026-08-27 14:15,29558.00,29593.25,29558.00,29577.25,5971
2026-08-27 14:20,29577.50,29601.50,29571.00,29593.00,6598
2026-08-27 14:25,29593.25,29623.50,29576.50,29606.75,6465
2026-08-27 14:30,29606.50,29610.25,29563.50,29573.25,7466
2026-08-27 14:35,29574.00,29605.00,29543.50,29544.00,5211
2026-08-27 14:40,29544.75,29566.50,29538.00,29557.75,5021
2026-08-27 14:45,29557.25,29599.75,29532.00,29593.75,5808
2026-08-27 14:50,29593.25,29605.25,29560.25,29579.00,6101
2026-08-27 14:55,29578.50,29602.25,29552.25,29601.50,4820
2026-08-27 15:00,29601.75,29615.50,29588.25,29611.25,4422
2026-08-27 15:05,29610.75,29625.75,29604.75,29623.25,3754
2026-08-27 15:10,29623.00,29628.00,29608.00,29625.50,3592
2026-08-27 15:15,29625.75,29635.00,29618.50,29624.00,3234
2026-08-27 15:20,29625.00,29627.50,29595.75,29597.50,3703
2026-08-27 15:25,29597.25,29599.75,29573.00,29578.50,3812
2026-08-27 15:30,29578.25,29597.25,29564.50,29578.00,4643
2026-08-27 15:35,29578.25,29583.25,29547.75,29557.00,3976
2026-08-27 15:40,29557.25,29574.00,29528.50,29534.50,5424
2026-08-27 15:45,29534.75,29534.75,29511.50,29524.25,5007
2026-08-27 15:50,29523.75,29610.00,29523.50,29609.00,7732
2026-08-27 15:55,29609.00,29609.25,29592.75,29598.00,4053
2026-08-27 16:00,29597.25,29623.75,29594.75,29615.00,3646
2026-08-27 16:05,29615.25,29621.25,29590.25,29594.00,3412
2026-08-27 16:10,29594.00,29605.00,29581.75,29590.50,2694
2026-08-27 16:15,29589.75,29603.00,29577.00,29589.00,2764
2026-08-27 16:20,29588.25,29589.75,29570.00,29576.25,2394
2026-08-27 16:25,29577.00,29608.00,29572.25,29603.00,3016
2026-08-27 16:30,29603.50,29614.50,29599.00,29613.50,1872
2026-08-27 16:35,29613.75,29642.00,29609.50,29639.25,3293
2026-08-27 16:40,29639.00,29651.00,29636.75,29645.75,3061
2026-08-27 16:45,29645.75,29659.50,29643.00,29646.75,3664
2026-08-27 16:50,29647.25,29656.00,29637.00,29654.25,3086
2026-08-27 16:55,29654.25,29654.25,29642.25,29651.75,2507
2026-08-27 17:00,29652.00,29667.25,29650.25,29665.25,3330
2026-08-27 17:05,29665.00,29668.50,29648.00,29667.75,3361
2026-08-27 17:10,29667.75,29676.00,29664.50,29669.75,2815
2026-08-27 17:15,29670.50,29673.75,29659.50,29664.75,2049
2026-08-27 17:20,29664.75,29678.50,29660.75,29673.00,2411
2026-08-27 17:25,29673.00,29673.00,29638.00,29641.50,3641
2026-08-27 17:30,29641.25,29658.50,29634.25,29638.25,3895
2026-08-27 17:35,29638.75,29646.50,29631.25,29631.75,2121
2026-08-27 17:40,29632.00,29648.00,29627.00,29628.75,2340
2026-08-27 17:45,29628.50,29632.25,29612.75,29618.00,3055
2026-08-27 17:50,29618.25,29629.25,29610.00,29625.25,2846
2026-08-27 17:55,29625.50,29627.25,29607.00,29611.50,2498
2026-08-27 18:00,29612.00,29622.00,29574.00,29574.50,5230
2026-08-27 18:05,29574.50,29591.75,29573.25,29581.00,2877
2026-08-27 18:10,29581.00,29585.75,29561.75,29577.00,4049
2026-08-27 18:15,29576.50,29589.75,29564.75,29578.00,3286
2026-08-27 18:20,29577.75,29582.50,29563.75,29567.25,2961
2026-08-27 18:25,29567.75,29569.00,29526.50,29538.25,5419
2026-08-27 18:30,29538.25,29571.50,29537.00,29549.25,5033
2026-08-27 18:35,29550.50,29579.25,29543.00,29579.00,3434
2026-08-27 18:40,29579.25,29581.25,29567.00,29572.50,2583
2026-08-27 18:45,29572.50,29582.25,29552.00,29552.50,3200
2026-08-27 18:50,29553.25,29566.25,29546.75,29555.00,2470
2026-08-27 18:55,29554.75,29577.50,29544.75,29571.25,3012
2026-08-27 19:00,29571.50,29592.50,29567.00,29588.75,2934
2026-08-27 19:05,29588.50,29604.00,29572.25,29591.00,4306
2026-08-27 19:10,29591.75,29606.75,29590.00,29592.50,2748
2026-08-27 19:15,29592.75,29610.25,29592.75,29605.75,2799
2026-08-27 19:20,29605.75,29612.25,29602.25,29603.75,2311
2026-08-27 19:25,29603.75,29613.00,29595.00,29602.25,2766
2026-08-27 19:30,29602.75,29629.00,29595.00,29624.00,3329
2026-08-27 19:35,29624.50,29631.75,29619.75,29628.75,2626
2026-08-27 19:40,29628.50,29633.50,29622.25,29633.25,2577
2026-08-27 19:45,29632.75,29650.00,29629.50,29647.50,3766
2026-08-27 19:50,29647.75,29685.25,29629.00,29682.50,8110
2026-08-27 19:55,29682.00,29704.50,29672.50,29691.75,19229
2026-08-27 20:00,29691.75,29708.00,29672.25,29674.75,6772
2026-08-27 20:05,29675.25,29691.25,29655.25,29657.00,3458
2026-08-27 20:10,29657.75,29668.00,29647.25,29648.00,1254
2026-08-27 20:15,29648.25,29656.50,29646.75,29650.00,730
2026-08-27 20:20,29650.25,29651.00,29636.00,29640.00,663
2026-08-27 20:25,29639.75,29642.25,29634.25,29638.50,549
2026-08-27 20:30,29639.25,29644.75,29638.75,29641.25,376
2026-08-27 20:35,29642.00,29643.00,29634.75,29636.75,380
2026-08-27 20:40,29636.75,29643.75,29635.75,29639.75,634
2026-08-27 20:45,29640.25,29642.00,29627.75,29630.75,849
2026-08-27 20:50,29630.25,29633.50,29620.50,29624.75,724
2026-08-27 20:55,29625.50,29639.00,29623.75,29635.25,509
2026-08-27 22:00,29635.50,29644.75,29600.00,29617.00,0
2026-08-27 22:05,29617.25,29627.50,29612.50,29624.25,281
2026-08-27 22:10,29624.25,29627.00,29611.50,29620.50,196
2026-08-27 22:15,29622.25,29629.50,29619.75,29626.25,247
2026-08-27 22:20,29628.50,29637.50,29622.50,29636.50,354
2026-08-27 22:25,29635.25,29639.50,29622.00,29637.25,347
2026-08-27 22:30,29637.00,29640.75,29630.75,29636.25,260
2026-08-27 22:35,29636.00,29639.00,29632.25,29635.00,216
2026-08-27 22:40,29634.00,29638.00,29630.00,29635.50,168
2026-08-27 22:45,29635.25,29636.75,29632.75,29635.50,92
2026-08-27 22:50,29636.75,29637.00,29630.75,29631.50,93
2026-08-27 22:55,29631.75,29639.50,29631.25,29634.75,157
2026-08-27 23:00,29633.50,29637.25,29625.50,29627.50,212
2026-08-27 23:05,29627.25,29637.50,29623.75,29631.50,287
2026-08-27 23:10,29631.00,29631.00,29605.00,29616.50,659
2026-08-27 23:15,29616.00,29617.25,29604.00,29610.00,213
2026-08-27 23:20,29610.75,29613.00,29608.75,29611.75,95
2026-08-27 23:25,29609.75,29614.00,29604.50,29608.25,205
2026-08-27 23:30,29610.00,29612.75,29602.50,29605.50,219
2026-08-27 23:35,29606.00,29611.75,29604.75,29611.00,109
2026-08-27 23:40,29610.00,29611.50,29604.25,29604.50,105
2026-08-27 23:45,29604.50,29605.25,29592.25,29594.25,782
2026-08-27 23:50,29594.50,29597.75,29592.25,29593.75,320
2026-08-27 23:55,29594.25,29604.00,29592.00,29600.75,641
2026-08-28 00:00,29601.75,29625.25,29594.25,29608.00,1387
2026-08-28 00:05,29609.00,29632.00,29595.75,29623.50,1182
2026-08-28 00:10,29623.25,29656.00,29622.00,29653.00,1254
2026-08-28 00:15,29652.75,29655.75,29625.50,29648.75,1321
2026-08-28 00:20,29647.50,29652.50,29643.00,29645.50,465
2026-08-28 00:25,29647.00,29654.50,29637.50,29653.00,518
2026-08-28 00:30,29651.25,29654.00,29642.00,29648.50,357
2026-08-28 00:35,29647.25,29647.50,29635.50,29640.50,300
2026-08-28 00:40,29640.50,29658.00,29633.50,29654.50,608
2026-08-28 00:45,29653.25,29660.00,29644.25,29658.50,308
2026-08-28 00:50,29659.00,29667.25,29646.50,29647.00,721
2026-08-28 00:55,29647.50,29652.25,29642.00,29645.00,276
2026-08-28 01:00,29645.75,29662.75,29642.75,29659.75,567
2026-08-28 01:05,29659.50,29665.50,29651.25,29665.50,437
2026-08-28 01:10,29665.25,29670.25,29658.50,29661.00,484
2026-08-28 01:15,29661.00,29672.75,29659.50,29666.25,337
2026-08-28 01:20,29666.25,29668.50,29653.75,29656.75,408
2026-08-28 01:25,29659.50,29659.50,29643.50,29648.75,418
2026-08-28 01:30,29648.50,29665.00,29643.75,29664.75,650
2026-08-28 01:35,29664.75,29672.25,29641.75,29647.00,893
2026-08-28 01:40,29646.50,29657.50,29642.00,29654.75,442
2026-08-28 01:45,29654.50,29661.25,29644.00,29659.50,424
2026-08-28 01:50,29659.75,29674.75,29659.00,29673.00,561
2026-08-28 01:55,29673.75,29679.75,29669.75,29677.75,423
2026-08-28 02:00,29678.75,29691.50,29678.75,29689.75,725
2026-08-28 02:05,29689.75,29697.25,29688.00,29694.00,405
2026-08-28 02:10,29696.25,29699.50,29689.00,29692.75,273
2026-08-28 02:15,29694.75,29700.25,29692.00,29698.00,290
2026-08-28 02:20,29699.00,29703.00,29686.25,29697.75,601
2026-08-28 02:25,29697.50,29697.50,29689.00,29692.75,222
2026-08-28 02:30,29691.00,29691.00,29674.00,29675.75,576
2026-08-28 02:35,29674.50,29675.00,29666.00,29669.00,542
2026-08-28 02:40,29667.50,29668.75,29644.75,29647.25,528
2026-08-28 02:45,29647.00,29651.25,29645.00,29650.25,333
2026-08-28 02:50,29650.25,29668.50,29649.25,29662.50,558
2026-08-28 02:55,29663.25,29670.25,29663.00,29663.75,184
2026-08-28 03:00,29664.75,29683.00,29660.50,29682.00,444
2026-08-28 03:05,29682.75,29687.25,29676.75,29684.50,371
2026-08-28 03:10,29685.25,29702.00,29683.50,29694.50,514
2026-08-28 03:15,29693.75,29701.00,29689.50,29697.25,265
2026-08-28 03:20,29697.75,29701.75,29694.00,29699.50,236
2026-08-28 03:25,29700.00,29707.00,29697.50,29700.25,439
2026-08-28 03:30,29700.50,29704.25,29683.00,29685.00,529
2026-08-28 03:35,29684.50,29685.50,29672.75,29675.75,479
2026-08-28 03:40,29674.75,29675.00,29648.75,29651.75,780
2026-08-28 03:45,29651.50,29668.25,29640.25,29664.25,853
2026-08-28 03:50,29663.50,29674.00,29663.25,29671.75,355
2026-08-28 03:55,29671.50,29676.50,29666.50,29671.50,243
2026-08-28 04:05,29646.00,29648.75,29644.25,29647.25,844
2026-08-28 04:10,29648.00,29666.50,29647.25,29661.50,400
2026-08-28 04:15,29660.75,29669.75,29657.25,29662.00,297
2026-08-28 04:20,29662.50,29665.75,29658.75,29660.75,123
2026-08-28 04:25,29660.50,29664.25,29657.00,29659.50,161
2026-08-28 04:30,29658.50,29660.75,29645.25,29646.25,251
2026-08-28 04:35,29645.50,29652.00,29641.00,29646.75,346
2026-08-28 04:40,29647.50,29649.75,29639.00,29644.25,203
2026-08-28 04:45,29643.50,29650.00,29641.25,29644.00,241
2026-08-28 04:50,29643.50,29647.00,29640.75,29643.00,142
2026-08-28 04:55,29643.25,29646.00,29636.25,29641.75,226
2026-08-28 05:00,29642.00,29643.75,29629.50,29636.25,509
2026-08-28 05:05,29635.00,29637.00,29625.25,29627.25,326
2026-08-28 05:10,29628.75,29629.75,29620.75,29623.75,448
2026-08-28 05:15,29624.75,29627.50,29617.00,29617.75,198
2026-08-28 05:20,29618.00,29623.75,29611.50,29621.00,414
2026-08-28 05:25,29621.00,29628.25,29614.00,29622.75,452
2026-08-28 05:30,29623.00,29624.50,29616.00,29617.50,225
2026-08-28 05:35,29616.50,29619.25,29603.50,29607.50,694
2026-08-28 05:40,29606.75,29613.75,29605.50,29613.75,236
2026-08-28 05:45,29612.50,29613.00,29602.75,29606.00,209
2026-08-28 05:50,29605.75,29612.25,29598.25,29608.50,521
2026-08-28 05:55,29608.50,29609.50,29597.25,29598.25,268
2026-08-28 06:00,29599.00,29613.25,29594.50,29611.25,665
2026-08-28 06:05,29611.25,29613.25,29600.75,29607.50,340
2026-08-28 06:10,29607.75,29618.50,29602.25,29603.25,426
2026-08-28 06:15,29602.25,29617.75,29601.50,29612.25,261
2026-08-28 06:20,29612.50,29623.75,29610.25,29614.75,405
2026-08-28 06:25,29615.75,29617.00,29594.50,29596.00,483
2026-08-28 06:30,29597.50,29620.75,29596.00,29616.25,829
2026-08-28 06:35,29616.25,29620.75,29610.00,29610.75,288
2026-08-28 06:40,29610.00,29623.00,29597.00,29620.75,569
2026-08-28 06:45,29619.50,29627.75,29616.00,29625.00,406
2026-08-28 06:50,29625.50,29628.25,29620.00,29625.75,228
2026-08-28 06:55,29626.25,29645.25,29626.25,29645.25,461
2026-08-28 07:00,29645.25,29653.50,29625.50,29629.00,953
2026-08-28 07:05,29629.00,29632.00,29605.00,29612.00,951
2026-08-28 07:10,29610.50,29619.00,29606.00,29612.50,543
2026-08-28 07:15,29612.00,29617.00,29599.75,29612.25,527
2026-08-28 07:20,29611.50,29617.50,29602.75,29612.50,441
2026-08-28 07:25,29615.25,29624.00,29612.25,29613.75,343
2026-08-28 07:30,29613.50,29620.00,29607.25,29608.25,267
2026-08-28 07:35,29612.00,29620.25,29606.50,29609.00,289
2026-08-28 07:40,29609.25,29610.50,29593.00,29597.50,699
2026-08-28 07:45,29597.00,29624.75,29595.00,29624.50,412
2026-08-28 07:50,29624.75,29625.75,29599.50,29612.75,434
2026-08-28 07:55,29612.50,29614.25,29600.00,29607.00,194
2026-08-28 08:00,29607.00,29620.50,29586.75,29591.00,1500
2026-08-28 08:05,29592.50,29592.75,29578.25,29589.25,851
2026-08-28 08:10,29588.50,29606.00,29581.75,29584.75,673
2026-08-28 08:15,29586.00,29594.00,29581.75,29586.75,345
2026-08-28 08:20,29585.00,29600.00,29582.50,29596.25,434
2026-08-28 08:25,29596.00,29605.50,29591.00,29598.25,354
2026-08-28 08:30,29598.50,29631.75,29596.25,29631.50,618
2026-08-28 08:35,29632.00,29633.50,29623.00,29625.25,354
2026-08-28 08:40,29626.25,29629.00,29616.25,29623.50,344
2026-08-28 08:45,29623.50,29624.25,29607.00,29611.75,449
2026-08-28 08:50,29611.25,29621.75,29603.00,29608.75,395
2026-08-28 08:55,29609.50,29624.00,29607.00,29619.75,368
2026-08-28 09:00,29619.00,29620.00,29605.00,29607.50,395
2026-08-28 09:05,29606.50,29614.50,29604.00,29608.00,226
2026-08-28 09:10,29608.75,29617.50,29603.50,29606.00,291
2026-08-28 09:15,29605.75,29611.25,29601.25,29604.00,251
2026-08-28 09:20,29603.25,29614.50,29595.75,29611.75,350
2026-08-28 09:25,29611.75,29620.50,29607.00,29615.75,309
2026-08-28 09:30,29615.50,29618.50,29606.00,29617.50,167
2026-08-28 09:35,29617.00,29617.50,29603.00,29608.25,215
2026-08-28 09:40,29607.50,29610.00,29602.25,29607.50,179
2026-08-28 09:45,29605.00,29611.75,29599.00,29606.00,205
2026-08-28 09:50,29606.50,29620.25,29605.75,29614.00,272
2026-08-28 09:55,29613.75,29614.75,29604.50,29605.50,177
2026-08-28 10:00,29606.00,29606.50,29597.00,29599.50,275
2026-08-28 10:05,29600.50,29609.00,29593.25,29599.00,370
2026-08-28 10:10,29599.50,29610.00,29593.50,29603.75,425
2026-08-28 10:15,29604.00,29609.00,29598.50,29598.50,134
2026-08-28 10:20,29598.75,29617.25,29597.50,29616.25,263
2026-08-28 10:25,29613.75,29615.00,29606.25,29611.50,199
2026-08-28 10:30,29611.25,29623.00,29611.25,29613.00,256
2026-08-28 10:35,29613.75,29621.00,29606.00,29619.50,224
2026-08-28 10:40,29619.75,29620.25,29600.00,29602.50,314
2026-08-28 10:45,29601.50,29611.00,29599.50,29605.75,373
2026-08-28 10:50,29603.75,29604.75,29598.00,29603.00,227
2026-08-28 10:55,29604.00,29625.00,29603.50,29622.00,368
2026-08-28 11:00,29622.25,29634.75,29603.75,29627.25,853
2026-08-28 11:05,29626.50,29626.50,29599.50,29599.75,464
2026-08-28 11:10,29601.50,29616.25,29598.25,29614.50,406
2026-08-28 11:15,29614.50,29624.25,29614.00,29623.75,342
2026-08-28 11:20,29624.50,29636.50,29624.50,29636.50,549
2026-08-28 11:25,29636.00,29636.50,29629.25,29633.50,251
2026-08-28 11:30,29635.00,29640.00,29620.00,29620.50,324
2026-08-28 11:35,29619.75,29622.25,29613.50,29618.25,290
2026-08-28 11:40,29617.50,29623.75,29607.00,29610.25,307
2026-08-28 11:45,29609.50,29615.00,29607.50,29611.75,205
2026-08-28 11:50,29612.00,29614.25,29604.00,29611.25,304
2026-08-28 11:55,29611.75,29611.75,29597.50,29603.50,391
2026-08-28 12:00,29601.50,29615.50,29597.50,29613.50,536
2026-08-28 12:05,29613.50,29629.50,29611.75,29628.25,659
2026-08-28 12:10,29627.50,29632.50,29614.75,29630.25,759
2026-08-28 12:15,29631.00,29645.25,29627.75,29638.00,731
2026-08-28 12:20,29640.50,29660.75,29640.25,29657.75,1002
2026-08-28 12:25,29657.50,29663.00,29648.75,29661.50,769
2026-08-28 12:30,29661.25,29661.75,29628.50,29628.50,880
2026-08-28 12:35,29628.75,29637.75,29615.00,29632.75,871
2026-08-28 12:40,29633.50,29660.75,29630.50,29658.25,760
2026-08-28 12:45,29658.25,29662.75,29649.25,29659.75,1010
2026-08-28 12:50,29659.00,29664.00,29655.25,29659.25,619
2026-08-28 12:55,29659.75,29665.00,29652.75,29659.00,610
2026-08-28 13:00,29659.00,29681.75,29650.25,29664.00,2267
2026-08-28 13:05,29664.25,29667.75,29651.00,29654.25,1224
2026-08-28 13:10,29655.00,29661.75,29654.75,29661.00,603
2026-08-28 13:15,29661.00,29662.75,29651.00,29652.25,669
2026-08-28 13:20,29652.25,29658.25,29643.50,29647.00,998
2026-08-28 13:25,29647.00,29647.25,29622.00,29628.00,3087
2026-08-28 13:30,29628.00,29637.00,29562.75,29605.75,17602
2026-08-28 13:35,29605.00,29659.75,29585.75,29651.25,11849
2026-08-28 13:40,29651.75,29701.75,29648.75,29687.75,9041
2026-08-28 13:45,29687.25,29703.25,29654.00,29657.75,9808
2026-08-28 13:50,29658.50,29669.50,29625.00,29633.50,7547
2026-08-28 13:55,29634.75,29668.00,29625.75,29629.00,5591
2026-08-28 14:00,29632.00,29706.00,29597.75,29629.50,14084
2026-08-28 14:05,29629.00,29631.75,29559.00,29581.50,14022
2026-08-28 14:10,29582.25,29602.00,29505.00,29535.00,13207
2026-08-28 14:15,29534.75,29628.50,29532.25,29605.00,11283
2026-08-28 14:20,29604.50,29675.75,29603.50,29643.50,11308
2026-08-28 14:25,29643.50,29654.00,29604.00,29653.50,9800
2026-08-28 14:30,29653.75,29688.50,29632.00,29683.25,9607
2026-08-28 14:35,29684.50,29713.00,29671.00,29680.00,8524
2026-08-28 14:40,29681.00,29744.00,29674.50,29734.25,8775
2026-08-28 14:45,29734.75,29755.00,29725.25,29750.00,7772
2026-08-28 14:50,29750.00,29778.50,29744.00,29769.50,7280
2026-08-28 14:55,29769.50,29799.00,29767.25,29796.50,8020
2026-08-28 15:00,29796.50,29811.50,29778.50,29797.00,8675
2026-08-28 15:05,29797.00,29803.75,29755.25,29763.25,5886
2026-08-28 15:10,29762.50,29772.00,29735.25,29748.75,6212
2026-08-28 15:15,29748.75,29775.00,29746.00,29748.25,4679
2026-08-28 15:20,29748.00,29773.25,29738.00,29768.50,4490
2026-08-28 15:25,29768.50,29791.25,29764.25,29782.75,4184
2026-08-28 15:30,29783.25,29785.50,29762.25,29763.25,3452
2026-08-28 15:35,29763.25,29769.00,29716.50,29721.75,5042
2026-08-28 15:40,29721.50,29722.50,29663.00,29671.25,10048
2026-08-28 15:45,29671.25,29682.75,29627.50,29634.00,7966
2026-08-28 15:50,29633.75,29647.00,29585.50,29618.25,10113
2026-08-28 15:55,29618.50,29620.25,29544.25,29552.50,10455
2026-08-28 16:00,29553.00,29566.50,29509.75,29531.75,10828
2026-08-28 16:05,29531.75,29593.00,29528.75,29587.00,7152
2026-08-28 16:10,29585.50,29591.50,29554.00,29558.50,5843
2026-08-28 16:15,29558.25,29570.75,29492.75,29510.25,8385
2026-08-28 16:20,29511.25,29523.75,29464.50,29486.00,8962
2026-08-28 16:25,29485.50,29504.50,29476.75,29489.00,5501
2026-08-28 16:30,29488.50,29526.00,29476.00,29476.75,6277
2026-08-28 16:35,29476.75,29529.25,29475.75,29512.00,5068
2026-08-28 16:40,29511.50,29512.25,29475.00,29483.75,4341
2026-08-28 16:45,29483.75,29545.50,29483.00,29537.50,5219
2026-08-28 16:50,29536.50,29549.00,29507.50,29513.00,4482
2026-08-28 16:55,29513.00,29524.00,29499.75,29501.25,3467
2026-08-28 17:00,29502.00,29503.00,29446.00,29469.25,8563
2026-08-28 17:05,29469.00,29469.00,29436.25,29450.25,4894
2026-08-28 17:10,29449.25,29485.50,29438.75,29484.25,4274
2026-08-28 17:15,29483.50,29489.75,29464.25,29478.25,3081
2026-08-28 17:20,29478.50,29487.00,29452.25,29475.25,3389
2026-08-28 17:25,29475.75,29495.25,29461.75,29470.00,3141
2026-08-28 17:30,29470.00,29503.50,29464.75,29496.25,2944
2026-08-28 17:35,29496.50,29504.50,29461.25,29464.50,3236
2026-08-28 17:40,29464.25,29491.75,29461.50,29484.00,2307
2026-08-28 17:45,29482.75,29528.50,29475.75,29523.75,3616
2026-08-28 17:50,29524.50,29529.25,29512.50,29517.00,2337
2026-08-28 17:55,29517.75,29520.00,29494.25,29514.75,3379
2026-08-28 18:00,29515.75,29521.50,29496.00,29503.50,2758
2026-08-28 18:05,29502.50,29517.50,29495.00,29505.50,2309
2026-08-28 18:10,29505.50,29518.75,29488.25,29489.25,2705
2026-08-28 18:15,29489.25,29504.75,29482.75,29494.75,2554
2026-08-28 18:20,29494.50,29505.00,29471.25,29481.25,2402
2026-08-28 18:25,29481.50,29496.50,29473.00,29483.75,2502
2026-08-28 18:30,29483.25,29502.75,29479.00,29497.50,2397
2026-08-28 18:35,29497.50,29507.00,29479.25,29479.75,2294
2026-08-28 18:40,29479.75,29499.00,29476.00,29491.25,2366
2026-08-28 18:45,29491.00,29493.50,29463.75,29465.75,1996
2026-08-28 18:50,29465.75,29466.00,29441.00,29454.00,3946
2026-08-28 18:55,29453.75,29462.50,29443.25,29455.50,2490
2026-08-28 19:00,29456.00,29470.75,29443.50,29462.75,3153
2026-08-28 19:05,29462.50,29491.25,29454.50,29490.75,4381
2026-08-28 19:10,29489.75,29492.25,29465.00,29479.50,2630
2026-08-28 19:15,29479.00,29484.00,29464.50,29478.75,2063
2026-08-28 19:20,29479.25,29496.75,29476.50,29485.75,2805
2026-08-28 19:25,29485.25,29502.00,29483.25,29498.25,2147
2026-08-28 19:30,29498.50,29503.75,29484.75,29498.00,2991
2026-08-28 19:35,29497.25,29502.00,29482.25,29501.25,2504
2026-08-28 19:40,29501.75,29513.75,29500.00,29503.00,3408
2026-08-28 19:45,29502.25,29506.25,29473.50,29490.50,4830
2026-08-28 19:50,29491.00,29521.50,29482.50,29491.25,8238
2026-08-28 19:55,29491.25,29513.75,29482.50,29496.00,15165
2026-08-28 20:00,29496.50,29507.75,29487.75,29493.75,3930
2026-08-28 20:05,29493.25,29493.25,29478.25,29482.25,1456
2026-08-28 20:10,29483.00,29492.25,29480.75,29487.50,948
2026-08-28 20:15,29488.50,29492.00,29485.25,29489.50,480
2026-08-28 20:20,29490.00,29492.00,29486.50,29490.50,469
2026-08-28 20:25,29490.25,29493.25,29486.50,29492.00,428
2026-08-28 20:30,29492.00,29493.25,29485.00,29487.75,554
2026-08-28 20:35,29487.50,29498.75,29485.00,29491.50,962
2026-08-28 20:40,29492.00,29508.00,29491.00,29507.25,636
2026-08-28 20:45,29507.50,29519.25,29506.75,29515.00,685
2026-08-28 20:50,29514.75,29517.50,29506.75,29517.25,829
2026-08-28 20:55,29517.00,29517.00,29491.75,29491.75,543
2026-08-30 22:10,29457.25,29471.25,29446.75,29471.00,451
2026-08-30 22:15,29471.25,29489.50,29467.25,29484.00,680
2026-08-30 22:20,29485.75,29495.00,29480.00,29480.00,414
2026-08-30 22:25,29481.75,29483.50,29470.50,29473.00,362
2026-08-30 22:30,29474.75,29476.50,29451.50,29455.50,516
2026-08-30 22:35,29456.25,29463.25,29432.50,29446.75,1160
2026-08-30 22:40,29446.25,29454.00,29428.00,29436.75,859
2026-08-30 22:45,29436.00,29453.50,29435.00,29443.00,505
2026-08-30 22:50,29443.25,29447.50,29438.00,29446.00,223
2026-08-30 22:55,29445.75,29447.50,29437.00,29442.50,198
2026-08-30 23:00,29442.50,29443.75,29428.75,29433.00,458
2026-08-30 23:05,29432.50,29449.25,29431.50,29435.25,440
2026-08-30 23:10,29434.25,29436.00,29405.75,29409.75,1381
2026-08-30 23:15,29410.00,29416.00,29408.75,29412.25,397
2026-08-30 23:20,29413.75,29413.75,29371.25,29380.25,1859
2026-08-30 23:25,29382.50,29385.00,29369.00,29371.75,683
2026-08-30 23:30,29372.00,29372.75,29348.00,29360.00,1309
2026-08-30 23:35,29361.75,29375.50,29355.25,29358.75,783
2026-08-30 23:40,29355.75,29365.75,29321.25,29355.50,1217
2026-08-30 23:45,29354.00,29354.00,29301.25,29309.50,1587
2026-08-30 23:50,29311.50,29330.50,29308.50,29324.75,895
2026-08-30 23:55,29323.50,29324.50,29289.00,29289.75,1416
2026-08-31 00:00,29291.00,29302.00,29273.50,29292.00,1514
2026-08-31 00:05,29290.75,29307.50,29274.25,29302.25,1359
2026-08-31 00:10,29300.00,29346.75,29297.75,29339.75,1529
2026-08-31 00:15,29341.00,29367.00,29334.50,29345.00,1326
2026-08-31 00:20,29345.00,29376.00,29341.50,29375.75,852
2026-08-31 00:25,29375.00,29378.25,29354.00,29372.00,686
2026-08-31 00:30,29370.25,29398.00,29366.75,29390.50,1074
2026-08-31 00:35,29391.75,29398.50,29387.75,29393.75,629
2026-08-31 00:40,29393.00,29398.50,29378.75,29388.75,610
2026-08-31 00:45,29390.25,29391.75,29369.00,29372.25,811
2026-08-31 00:50,29371.50,29393.00,29368.00,29384.50,670
2026-08-31 00:55,29385.50,29386.50,29350.50,29357.00,922
2026-08-31 01:00,29358.25,29358.25,29304.75,29345.75,2051
2026-08-31 01:05,29343.75,29344.75,29309.25,29316.25,915
2026-08-31 01:10,29316.00,29330.00,29292.50,29324.75,1194
2026-08-31 01:15,29324.25,29335.50,29305.50,29329.00,1069
2026-08-31 01:20,29327.50,29340.25,29304.00,29325.00,966
2026-08-31 01:25,29326.00,29339.50,29308.00,29331.75,549
2026-08-31 01:30,29330.25,29336.75,29308.50,29311.25,865
2026-08-31 01:35,29312.50,29332.50,29306.50,29326.75,715
2026-08-31 01:40,29327.50,29338.00,29310.25,29313.50,618
2026-08-31 01:45,29313.25,29328.25,29302.75,29313.50,713
2026-08-31 01:50,29313.50,29321.25,29302.25,29310.00,707
2026-08-31 01:55,29309.50,29331.50,29306.00,29327.00,527
2026-08-31 02:00,29325.75,29336.25,29308.50,29335.50,822
2026-08-31 02:05,29337.00,29359.00,29331.50,29353.75,880
2026-08-31 02:10,29355.00,29362.75,29338.25,29355.75,618
2026-08-31 02:15,29357.00,29357.00,29315.00,29340.75,1261
2026-08-31 02:20,29339.25,29340.25,29321.00,29323.75,685
2026-08-31 02:25,29324.25,29336.75,29304.50,29331.50,796
2026-08-31 02:30,29327.00,29335.25,29297.50,29299.00,782
2026-08-31 02:35,29299.00,29308.00,29288.75,29295.25,797
2026-08-31 02:40,29295.25,29301.00,29287.00,29296.50,528
2026-08-31 02:45,29297.50,29326.00,29287.75,29296.00,992
2026-08-31 02:50,29300.25,29321.25,29291.00,29317.50,612
2026-08-31 02:55,29316.00,29346.50,29315.50,29344.25,599
2026-08-31 03:00,29346.00,29359.75,29336.75,29350.25,676
2026-08-31 03:05,29351.25,29362.25,29345.25,29361.50,402
2026-08-31 03:10,29361.75,29367.25,29353.00,29355.50,494
2026-08-31 03:15,29355.50,29356.25,29346.25,29348.25,334
2026-08-31 03:20,29348.25,29356.00,29346.00,29353.75,274
2026-08-31 03:25,29354.25,29358.00,29343.00,29344.00,396
2026-08-31 03:30,29345.75,29350.50,29339.25,29345.50,365
2026-08-31 03:35,29346.75,29351.00,29337.75,29343.50,274
2026-08-31 03:40,29342.00,29351.00,29339.00,29345.00,188
2026-08-31 03:45,29346.00,29349.00,29338.75,29344.00,177
2026-08-31 03:50,29345.00,29348.75,29339.25,29345.75,152
2026-08-31 03:55,29346.25,29353.50,29345.75,29348.75,169
2026-08-31 04:00,29352.50,29354.75,29343.50,29348.00,262
2026-08-31 04:05,29347.00,29351.00,29341.50,29349.00,115
2026-08-31 04:10,29349.75,29354.75,29342.25,29354.75,175
2026-08-31 04:15,29353.25,29357.00,29342.75,29350.75,301
2026-08-31 04:20,29352.50,29354.00,29343.50,29348.75,167
2026-08-31 04:25,29349.50,29353.75,29345.00,29347.25,78
2026-08-31 04:30,29348.00,29351.25,29333.75,29338.75,339
2026-08-31 04:35,29337.75,29383.75,29337.75,29382.00,912
2026-08-31 04:40,29380.50,29384.75,29369.75,29383.00,320
2026-08-31 04:45,29380.75,29381.00,29365.50,29368.75,290
2026-08-31 04:50,29368.50,29397.00,29368.50,29395.25,542
2026-08-31 04:55,29395.50,29423.75,29394.00,29414.75,1104
2026-08-31 05:00,29415.00,29430.00,29407.75,29427.75,629
2026-08-31 05:05,29426.00,29437.75,29418.00,29419.00,543
2026-08-31 05:10,29419.50,29445.00,29417.75,29443.75,426
2026-08-31 05:15,29442.75,29477.00,29442.25,29471.75,1133
2026-08-31 05:20,29471.50,29472.25,29455.50,29466.75,585
2026-08-31 05:25,29467.75,29477.25,29463.00,29470.00,369
2026-08-31 05:30,29470.00,29474.25,29443.75,29451.75,781
2026-08-31 05:35,29450.50,29452.00,29439.25,29442.50,407
2026-08-31 05:40,29442.00,29456.25,29426.25,29442.00,765
2026-08-31 05:45,29442.25,29452.00,29437.25,29439.00,407
2026-08-31 05:50,29439.50,29448.00,29432.00,29448.00,350
2026-08-31 05:55,29447.75,29462.50,29444.50,29462.25,472
2026-08-31 06:00,29462.00,29468.00,29448.75,29468.00,574
2026-08-31 06:05,29468.25,29489.50,29466.75,29486.25,813
2026-08-31 06:10,29485.50,29503.50,29485.25,29500.50,927
2026-08-31 06:15,29501.25,29515.00,29501.25,29511.75,846
2026-08-31 06:20,29511.50,29518.50,29505.25,29513.75,752
2026-08-31 06:25,29513.50,29513.50,29501.25,29512.50,564
2026-08-31 06:30,29512.50,29514.25,29495.75,29499.50,651
2026-08-31 06:35,29500.25,29518.75,29498.00,29518.75,361
2026-08-31 06:40,29517.75,29517.75,29505.00,29508.00,367
2026-08-31 06:45,29507.50,29528.50,29505.00,29512.00,653
2026-08-31 06:50,29511.75,29517.25,29503.50,29516.50,253
2026-08-31 06:55,29517.25,29520.00,29512.50,29517.75,233
2026-08-31 07:00,29516.25,29518.75,29503.75,29509.75,478
2026-08-31 07:05,29508.25,29521.00,29500.75,29507.50,351
2026-08-31 07:10,29508.50,29514.25,29502.00,29513.75,311
2026-08-31 07:15,29513.25,29514.50,29500.00,29503.75,219
2026-08-31 07:20,29505.50,29521.25,29503.50,29517.75,247
2026-08-31 07:25,29517.25,29519.00,29503.50,29509.75,239
2026-08-31 07:30,29508.25,29517.25,29503.75,29512.50,207
2026-08-31 07:35,29512.50,29522.75,29502.75,29506.50,342
2026-08-31 07:40,29508.25,29509.50,29501.00,29506.00,218
2026-08-31 07:45,29505.50,29508.25,29499.50,29505.25,253
2026-08-31 07:50,29504.75,29505.50,29493.50,29501.75,241
2026-08-31 07:55,29502.75,29510.75,29501.00,29508.25,227
2026-08-31 08:00,29508.50,29534.75,29487.25,29491.00,1546
2026-08-31 08:05,29492.25,29532.50,29485.00,29530.25,774
2026-08-31 08:10,29530.50,29535.00,29503.75,29505.00,751
2026-08-31 08:15,29504.75,29511.00,29498.50,29498.75,272
2026-08-31 08:20,29498.25,29505.75,29485.50,29496.00,632
2026-08-31 08:25,29494.50,29505.50,29492.50,29501.00,232
2026-08-31 08:30,29500.75,29502.25,29490.25,29495.75,256
2026-08-31 08:35,29495.50,29500.25,29487.00,29490.00,364
2026-08-31 08:40,29490.25,29491.50,29475.00,29484.50,614
2026-08-31 08:45,29484.75,29494.00,29482.75,29490.50,328
2026-08-31 08:50,29490.25,29498.50,29486.25,29487.50,301
2026-08-31 08:55,29488.75,29492.50,29480.25,29485.00,214
2026-08-31 09:00,29485.25,29489.00,29470.75,29472.25,301
2026-08-31 09:05,29472.75,29493.00,29471.25,29492.50,419
2026-08-31 09:10,29492.00,29500.75,29488.75,29492.50,458
2026-08-31 09:15,29492.25,29509.25,29492.25,29506.75,408
2026-08-31 09:20,29504.25,29509.00,29490.00,29497.50,449
2026-08-31 09:25,29497.50,29498.00,29490.75,29491.25,78
2026-08-31 09:30,29491.75,29492.50,29481.25,29483.50,298
2026-08-31 09:35,29483.00,29484.00,29473.50,29474.50,246
2026-08-31 09:40,29473.50,29473.50,29467.00,29468.00,254
2026-08-31 09:45,29468.00,29469.25,29447.50,29449.00,510
2026-08-31 09:50,29448.00,29456.00,29447.25,29452.25,359
2026-08-31 09:55,29452.00,29452.00,29445.50,29450.50,241
2026-08-31 10:00,29451.50,29453.00,29440.50,29449.25,599
2026-08-31 10:05,29448.50,29460.00,29448.00,29450.00,473
2026-08-31 10:10,29449.00,29460.00,29447.50,29458.00,490
2026-08-31 10:15,29457.25,29458.25,29445.75,29451.00,432
2026-08-31 10:20,29452.75,29467.75,29450.50,29464.50,462
2026-08-31 10:25,29463.50,29467.75,29450.00,29461.00,341
2026-08-31 10:30,29460.75,29461.00,29450.00,29452.25,208
2026-08-31 10:35,29453.75,29460.25,29452.00,29457.75,142
2026-08-31 10:40,29458.25,29459.00,29452.25,29455.25,129
2026-08-31 10:45,29454.00,29459.50,29450.00,29456.00,120
2026-08-31 10:50,29455.75,29471.50,29450.50,29462.25,351
2026-08-31 10:55,29463.00,29465.25,29456.75,29458.75,291
2026-08-31 11:00,29458.25,29463.50,29441.75,29446.25,740
2026-08-31 11:05,29447.50,29460.25,29436.75,29455.25,459
2026-08-31 11:10,29456.00,29459.25,29439.00,29439.50,282
2026-08-31 11:15,29439.25,29461.50,29435.50,29457.75,597
2026-08-31 11:20,29457.25,29461.75,29446.75,29459.50,361
2026-08-31 11:25,29460.00,29471.00,29455.75,29465.00,396
2026-08-31 11:30,29465.50,29466.75,29438.00,29438.00,638
2026-08-31 11:35,29438.00,29441.25,29434.00,29436.50,337
2026-08-31 11:40,29437.75,29459.75,29432.75,29433.50,648
2026-08-31 11:45,29434.00,29440.00,29425.75,29431.00,568
2026-08-31 11:50,29431.00,29439.75,29425.25,29429.00,392
2026-08-31 11:55,29431.75,29435.25,29427.25,29429.75,205
2026-08-31 12:00,29429.75,29449.00,29427.75,29440.75,695
2026-08-31 12:05,29440.75,29470.00,29398.50,29447.75,1997
2026-08-31 12:10,29447.00,29456.25,29433.50,29449.75,511
2026-08-31 12:15,29449.75,29473.25,29449.75,29470.75,539
2026-08-31 12:20,29472.25,29486.00,29438.75,29439.75,873
2026-08-31 12:25,29441.25,29441.75,29397.00,29415.75,1905
2026-08-31 12:30,29415.75,29426.00,29403.25,29424.75,927
2026-08-31 12:35,29424.25,29442.25,29403.75,29406.00,1469
2026-08-31 12:40,29405.75,29407.50,29389.75,29399.25,1236
2026-08-31 12:45,29398.50,29407.50,29390.75,29397.50,710
2026-08-31 12:50,29398.75,29404.00,29381.25,29382.75,800
2026-08-31 12:55,29383.25,29393.50,29380.00,29389.00,1110
2026-08-31 13:00,29389.50,29398.00,29377.50,29386.25,1677
2026-08-31 13:05,29386.50,29396.25,29384.50,29393.50,874
2026-08-31 13:10,29393.25,29411.25,29390.75,29408.50,1024
2026-08-31 13:15,29409.50,29423.00,29408.25,29418.25,1075
2026-08-31 13:20,29418.25,29425.00,29415.00,29416.00,821
2026-08-31 13:25,29415.25,29445.25,29411.00,29438.75,3165
2026-08-31 13:30,29438.50,29516.75,29417.50,29465.25,16534
2026-08-31 13:35,29465.25,29465.75,29390.25,29398.75,12263
2026-08-31 13:40,29400.00,29442.25,29391.75,29407.25,10067
2026-08-31 13:45,29407.75,29475.50,29387.75,29439.50,12296
2026-08-31 13:50,29439.25,29468.75,29412.75,29465.25,8822
2026-08-31 13:55,29465.00,29479.00,29431.25,29438.75,6549
2026-08-31 14:00,29439.25,29447.75,29396.50,29403.25,6518
2026-08-31 14:05,29403.00,29423.50,29376.75,29377.75,7360
2026-08-31 14:10,29377.75,29405.50,29371.00,29394.50,5648
2026-08-31 14:15,29393.25,29431.50,29381.25,29418.25,6709
2026-08-31 14:20,29419.00,29425.25,29365.75,29366.50,5514
2026-08-31 14:25,29367.00,29386.75,29355.00,29376.25,5526
2026-08-31 14:30,29374.25,29388.00,29364.50,29376.25,3777
2026-08-31 14:35,29377.00,29429.50,29371.00,29407.00,5587
2026-08-31 14:40,29406.75,29434.75,29403.50,29425.25,5069
2026-08-31 14:45,29425.25,29428.25,29384.25,29390.50,4280
2026-08-31 14:50,29389.50,29414.00,29385.25,29411.00,3275
2026-08-31 14:55,29410.75,29444.25,29407.00,29416.00,5829
2026-08-31 15:00,29415.25,29442.50,29395.50,29410.50,6082
2026-08-31 15:05,29410.25,29436.25,29403.00,29408.25,3852
2026-08-31 15:10,29408.50,29431.00,29404.75,29417.25,3373
2026-08-31 15:15,29416.75,29427.75,29396.50,29420.25,3429
2026-08-31 15:20,29420.25,29442.50,29407.75,29437.00,4421
2026-08-31 15:25,29437.00,29445.75,29415.75,29421.00,3594
2026-08-31 15:30,29420.50,29424.75,29386.25,29397.25,4723
2026-08-31 15:35,29397.25,29404.50,29384.00,29397.25,2905
2026-08-31 15:40,29397.25,29409.50,29383.00,29409.00,2905
2026-08-31 15:45,29408.50,29418.50,29395.25,29411.00,2901
2026-08-31 15:50,29410.50,29432.75,29410.50,29418.75,3511
2026-08-31 15:55,29418.50,29423.25,29384.50,29388.75,3984
2026-08-31 16:00,29389.25,29390.50,29365.00,29370.00,4060
2026-08-31 16:05,29369.00,29378.00,29362.50,29373.25,3075
2026-08-31 16:10,29373.75,29412.75,29370.50,29407.25,4153
2026-08-31 16:15,29407.75,29410.75,29381.50,29399.00,2910
2026-08-31 16:20,29400.00,29407.25,29389.75,29400.25,2455
2026-08-31 16:25,29400.50,29426.50,29399.75,29425.00,3089
2026-08-31 16:30,29425.00,29426.75,29408.00,29416.00,3479
2026-08-31 16:35,29416.25,29426.25,29395.25,29395.25,2332
2026-08-31 16:40,29396.25,29430.75,29394.25,29413.50,3053
2026-08-31 16:45,29413.25,29433.75,29409.50,29426.25,1858
2026-08-31 16:50,29426.25,29439.75,29421.75,29431.50,2599
2026-08-31 16:55,29431.50,29443.25,29431.00,29440.50,2000
2026-08-31 17:00,29440.00,29441.00,29423.00,29430.25,1903
2026-08-31 17:05,29429.25,29438.25,29417.75,29419.50,1684
2026-08-31 17:10,29419.25,29427.00,29415.25,29423.50,1696
2026-08-31 17:15,29423.75,29434.00,29411.25,29420.00,2066
2026-08-31 17:20,29419.00,29425.50,29413.75,29418.50,1336
2026-08-31 17:25,29418.50,29420.25,29393.25,29396.75,2230
2026-08-31 17:30,29396.75,29405.00,29388.25,29388.25,2751
2026-08-31 17:35,29388.50,29417.00,29388.00,29416.75,2343
2026-08-31 17:40,29416.25,29439.75,29414.75,29439.50,2867
2026-08-31 17:45,29439.75,29445.00,29430.75,29437.00,2223
2026-08-31 17:50,29437.00,29457.50,29436.00,29453.75,2708
2026-08-31 17:55,29453.00,29456.25,29432.50,29442.00,2252
2026-08-31 18:00,29442.00,29453.75,29422.25,29452.00,3591
2026-08-31 18:05,29451.00,29458.75,29442.50,29454.75,1868
2026-08-31 18:10,29455.50,29456.00,29442.25,29446.75,1504
2026-08-31 18:15,29446.75,29457.75,29444.75,29454.25,1337
2026-08-31 18:20,29454.25,29464.25,29444.50,29454.50,2076
2026-08-31 18:25,29453.50,29455.25,29437.25,29438.25,2047
2026-08-31 18:30,29438.00,29443.25,29422.25,29424.00,2043
2026-08-31 18:35,29423.75,29429.25,29391.50,29397.50,3973
2026-08-31 18:40,29397.25,29404.00,29382.50,29399.00,3384
2026-08-31 18:45,29399.75,29406.00,29390.50,29404.50,2303
2026-08-31 18:50,29404.50,29415.00,29396.00,29409.25,2075
2026-08-31 18:55,29408.75,29420.25,29400.25,29403.75,2212
2026-08-31 19:00,29404.50,29425.50,29404.50,29411.75,2267
2026-08-31 19:05,29412.00,29424.00,29403.50,29422.00,1789
2026-08-31 19:10,29421.50,29429.75,29414.75,29425.50,2306
2026-08-31 19:15,29425.50,29428.75,29417.25,29421.75,1616
2026-08-31 19:20,29421.75,29441.75,29419.00,29432.75,2629
2026-08-31 19:25,29432.75,29453.50,29427.75,29448.25,2836
2026-08-31 19:30,29447.75,29449.50,29430.50,29444.50,2540
2026-08-31 19:35,29444.50,29456.50,29439.75,29451.50,1997
2026-08-31 19:40,29451.50,29483.25,29447.25,29477.00,4930
2026-08-31 19:45,29476.75,29485.75,29458.50,29474.50,4324
2026-08-31 19:50,29474.50,29534.50,29474.50,29524.50,11071
2026-08-31 19:55,29524.00,29538.25,29498.00,29506.00,19334
2026-08-31 20:00,29506.50,29527.50,29503.75,29516.50,5359
2026-08-31 20:05,29516.75,29527.25,29514.00,29519.50,1376
2026-08-31 20:10,29520.75,29524.25,29508.00,29511.50,1098
2026-08-31 20:15,29511.50,29515.50,29509.00,29513.00,598
2026-08-31 20:20,29512.25,29512.25,29507.00,29510.50,418
2026-08-31 20:25,29510.75,29516.75,29509.50,29513.75,380
2026-08-31 20:30,29513.00,29516.00,29510.00,29514.75,334
2026-08-31 20:35,29515.00,29517.50,29513.25,29516.00,219
2026-08-31 20:40,29516.50,29520.50,29515.75,29516.75,420
2026-08-31 20:45,29516.75,29517.75,29507.50,29507.50,331
2026-08-31 20:50,29507.00,29517.50,29507.00,29517.00,344
2026-08-31 20:55,29516.75,29521.25,29513.75,29521.00,456
2026-08-31 22:00,29518.25,29522.50,29501.50,29506.25,0
2026-08-31 22:05,29507.75,29513.25,29501.25,29507.75,285
2026-08-31 22:10,29509.00,29510.75,29503.00,29507.75,283
2026-08-31 22:15,29507.00,29508.50,29498.50,29501.50,216
2026-08-31 22:20,29502.00,29503.75,29500.00,29503.75,77
2026-08-31 22:25,29504.50,29505.75,29500.75,29501.75,120
2026-08-31 22:30,29502.50,29506.50,29501.75,29505.50,188
2026-08-31 22:35,29503.50,29508.25,29502.50,29505.50,112
2026-08-31 22:40,29505.50,29506.25,29503.25,29505.00,50
2026-08-31 22:45,29505.00,29506.75,29492.00,29494.00,298
2026-08-31 22:50,29494.75,29496.25,29491.00,29491.75,223
2026-08-31 22:55,29492.00,29497.00,29492.00,29493.50,170
2026-08-31 23:00,29493.25,29505.00,29490.00,29492.25,339
2026-08-31 23:05,29493.00,29499.50,29492.00,29496.00,217
2026-08-31 23:10,29496.00,29498.75,29491.00,29496.00,184
2026-08-31 23:15,29495.75,29497.50,29490.00,29494.50,82
2026-08-31 23:20,29494.00,29495.75,29486.00,29489.50,237
2026-08-31 23:25,29489.75,29499.50,29488.25,29497.00,209
2026-08-31 23:30,29495.50,29513.50,29494.50,29507.75,492
2026-08-31 23:35,29507.50,29515.00,29493.50,29501.25,517
2026-08-31 23:40,29501.75,29512.25,29500.25,29510.25,287
2026-08-31 23:45,29509.75,29519.50,29501.50,29506.25,440
2026-08-31 23:50,29506.75,29511.00,29502.75,29503.75,153
2026-08-31 23:55,29503.75,29505.00,29496.50,29501.25,303
2026-09-01 00:00,29503.25,29516.25,29480.50,29501.00,1268
2026-09-01 00:05,29500.75,29521.75,29497.75,29517.75,855
2026-09-01 00:10,29516.50,29517.25,29486.75,29489.25,572
2026-09-01 00:15,29489.00,29513.00,29478.25,29513.00,1019
2026-09-01 00:20,29513.25,29518.75,29502.25,29504.00,557
2026-09-01 00:25,29504.00,29514.50,29495.75,29501.00,565
2026-09-01 00:30,29501.00,29520.50,29484.25,29491.75,883
2026-09-01 00:35,29491.50,29493.00,29486.00,29487.50,256
2026-09-01 00:40,29488.25,29507.75,29485.75,29501.75,566
2026-09-01 00:45,29503.50,29508.50,29492.50,29504.00,398
2026-09-01 00:50,29504.75,29506.50,29494.25,29498.25,234
2026-09-01 00:55,29498.25,29508.00,29491.75,29506.00,238
2026-09-01 01:00,29506.00,29514.25,29501.50,29510.75,629
2026-09-01 01:05,29510.25,29512.75,29491.50,29505.75,524
2026-09-01 01:10,29504.50,29514.00,29498.75,29512.25,397
2026-09-01 01:15,29512.00,29516.25,29508.00,29513.25,324
2026-09-01 01:20,29513.75,29516.25,29504.00,29508.25,351
2026-09-01 01:25,29507.00,29507.25,29477.00,29484.00,1187
2026-09-01 01:30,29483.00,29506.00,29475.00,29505.75,783
2026-09-01 01:35,29505.75,29515.50,29491.75,29499.75,1017
2026-09-01 01:40,29499.50,29508.50,29494.75,29508.25,329
2026-09-01 01:45,29508.75,29511.00,29502.00,29505.75,399
2026-09-01 01:50,29505.50,29506.50,29491.50,29491.50,256
2026-09-01 01:55,29492.50,29505.00,29490.50,29499.75,292
2026-09-01 02:00,29498.00,29502.75,29492.50,29496.75,223
2026-09-01 02:05,29496.00,29497.00,29482.25,29485.00,557
2026-09-01 02:10,29484.25,29484.25,29475.00,29481.00,497
2026-09-01 02:15,29480.50,29485.00,29476.50,29483.50,286
2026-09-01 02:20,29483.75,29486.50,29473.00,29476.50,349
2026-09-01 02:25,29475.50,29475.75,29452.75,29459.75,890
2026-09-01 02:30,29460.00,29472.50,29459.00,29462.75,647
2026-09-01 02:35,29461.75,29462.00,29440.00,29443.00,694
2026-09-01 02:40,29441.50,29444.75,29434.75,29439.00,557
2026-09-01 02:45,29438.75,29454.50,29436.25,29450.75,591
2026-09-01 02:50,29451.25,29458.25,29450.00,29456.25,304
2026-09-01 02:55,29456.50,29493.25,29455.25,29492.00,1086
2026-09-01 03:00,29491.50,29493.75,29471.25,29473.00,750
2026-09-01 03:05,29472.00,29480.00,29468.00,29472.50,312
2026-09-01 03:10,29471.50,29478.00,29467.50,29471.50,254
2026-09-01 03:15,29471.50,29476.50,29466.75,29471.25,156
2026-09-01 03:20,29470.50,29472.00,29464.50,29468.00,266
2026-09-01 03:25,29468.25,29474.00,29459.25,29464.25,500
2026-09-01 03:30,29465.50,29475.00,29461.25,29470.25,205
2026-09-01 03:35,29469.00,29481.50,29466.50,29477.00,206
2026-09-01 03:40,29476.50,29483.25,29473.75,29477.75,359
2026-09-01 03:45,29477.00,29486.75,29474.75,29485.00,212
2026-09-01 03:50,29485.50,29488.50,29479.75,29481.50,269
2026-09-01 03:55,29480.50,29483.50,29479.25,29482.75,86
2026-09-01 04:05,29485.00,29485.25,29481.00,29485.25,661
2026-09-01 04:10,29485.75,29492.75,29483.75,29489.00,174
2026-09-01 04:15,29488.25,29499.00,29487.50,29496.00,266
2026-09-01 04:20,29495.75,29500.50,29492.75,29496.25,264
2026-09-01 04:25,29496.50,29501.50,29485.50,29492.75,556
2026-09-01 04:30,29493.75,29503.00,29489.50,29494.50,324
2026-09-01 04:35,29494.50,29499.75,29487.75,29489.50,182
2026-09-01 04:40,29488.75,29491.50,29470.25,29471.25,412
2026-09-01 04:45,29471.25,29494.00,29467.00,29490.75,609
2026-09-01 04:50,29491.00,29493.00,29474.00,29476.25,396
2026-09-01 04:55,29476.00,29477.75,29466.00,29473.75,580
2026-09-01 05:00,29473.25,29474.50,29460.00,29470.75,461
2026-09-01 05:05,29472.75,29475.50,29470.25,29474.00,137
2026-09-01 05:10,29473.25,29475.75,29463.75,29464.25,194
2026-09-01 05:15,29464.50,29467.75,29452.00,29454.00,360
2026-09-01 05:20,29454.50,29464.50,29447.25,29463.25,414
2026-09-01 05:25,29463.25,29487.75,29462.00,29486.00,705
2026-09-01 05:30,29485.00,29503.25,29482.25,29496.50,882
2026-09-01 05:35,29496.00,29521.00,29492.00,29515.00,1445
2026-09-01 05:40,29515.75,29535.75,29515.75,29534.00,1132
2026-09-01 05:45,29534.25,29537.50,29525.25,29526.50,537
2026-09-01 05:50,29526.00,29543.50,29521.75,29542.25,734
2026-09-01 05:55,29542.00,29571.25,29542.00,29561.50,1274
2026-09-01 06:00,29561.75,29568.00,29540.50,29541.50,730
2026-09-01 06:05,29541.25,29558.00,29531.00,29545.75,977
2026-09-01 06:10,29545.25,29552.25,29541.00,29545.25,395
2026-09-01 06:15,29544.50,29547.00,29529.25,29538.00,533
2026-09-01 06:20,29539.00,29545.00,29525.75,29528.25,551
2026-09-01 06:25,29528.75,29536.75,29514.75,29517.50,574
2026-09-01 06:30,29516.50,29535.00,29513.75,29522.00,487
2026-09-01 06:35,29521.50,29537.50,29514.50,29537.25,395
2026-09-01 06:40,29537.00,29545.00,29532.50,29539.25,433
2026-09-01 06:45,29539.75,29540.25,29524.25,29528.50,288
2026-09-01 06:50,29529.00,29531.50,29523.75,29529.25,209
2026-09-01 06:55,29530.00,29531.75,29514.50,29515.75,440
2026-09-01 07:00,29515.50,29549.25,29512.25,29547.75,1004
2026-09-01 07:05,29547.75,29554.50,29534.00,29534.00,585
2026-09-01 07:10,29533.50,29555.50,29515.25,29553.50,1159
2026-09-01 07:15,29554.25,29556.75,29529.75,29541.00,550
2026-09-01 07:20,29541.25,29549.50,29528.25,29541.75,310
2026-09-01 07:25,29542.50,29554.75,29540.50,29545.00,330
2026-09-01 07:30,29546.75,29547.00,29515.75,29516.25,715
2026-09-01 07:35,29515.25,29515.25,29468.50,29468.50,1577
2026-09-01 07:40,29469.00,29476.00,29462.00,29464.00,803
2026-09-01 07:45,29463.00,29478.75,29439.00,29475.00,1288
2026-09-01 07:50,29473.50,29475.00,29454.00,29455.25,611
2026-09-01 07:55,29455.50,29458.75,29430.00,29436.25,1005
2026-09-01 08:00,29436.25,29445.25,29412.25,29430.50,1371
2026-09-01 08:05,29429.25,29449.00,29327.00,29337.00,4590
2026-09-01 08:10,29337.25,29361.25,29330.00,29348.75,1383
2026-09-01 08:15,29351.00,29358.50,29318.50,29330.75,1239
2026-09-01 08:20,29330.00,29335.00,29301.00,29306.00,1328
2026-09-01 08:25,29305.50,29319.25,29279.00,29285.50,2356
2026-09-01 08:30,29286.00,29312.00,29281.25,29308.50,1001
2026-09-01 08:35,29308.00,29309.75,29260.50,29267.25,1616
2026-09-01 08:40,29266.75,29279.00,29246.75,29257.50,1428
2026-09-01 08:45,29257.00,29273.00,29248.25,29257.50,869
2026-09-01 08:50,29257.00,29276.75,29248.25,29267.50,734
2026-09-01 08:55,29268.00,29279.75,29231.00,29235.25,1219
2026-09-01 09:00,29235.75,29243.25,29211.50,29222.25,1679
2026-09-01 09:05,29223.25,29229.50,29201.75,29211.75,1180
2026-09-01 09:10,29213.00,29221.75,29204.00,29207.75,652
2026-09-01 09:15,29206.75,29218.00,29195.75,29201.00,998
2026-09-01 09:20,29200.50,29206.50,29185.50,29196.00,1107
2026-09-01 09:25,29196.50,29201.75,29189.25,29197.00,489
2026-09-01 09:30,29199.00,29208.00,29193.75,29203.00,678
2026-09-01 09:35,29201.50,29206.50,29184.25,29187.00,679
2026-09-01 09:40,29186.75,29216.75,29184.25,29213.25,912
2026-09-01 09:45,29212.25,29228.00,29211.75,29219.75,676
2026-09-01 09:50,29219.00,29223.25,29213.75,29222.75,506
2026-09-01 09:55,29223.00,29224.75,29211.50,29212.50,448
2026-09-01 10:00,29212.50,29227.25,29201.25,29210.50,681
2026-09-01 10:05,29210.75,29221.75,29207.25,29208.25,346
2026-09-01 10:10,29208.75,29227.25,29205.00,29221.50,417
2026-09-01 10:15,29222.00,29229.25,29211.75,29219.00,439
2026-09-01 10:20,29220.00,29248.25,29217.50,29245.25,907
2026-09-01 10:25,29245.75,29248.75,29233.00,29237.50,557
2026-09-01 10:30,29237.75,29256.00,29235.75,29255.25,440
2026-09-01 10:35,29255.50,29257.75,29249.00,29250.00,408
2026-09-01 10:40,29250.00,29250.25,29227.00,29227.50,600
2026-09-01 10:45,29227.25,29243.00,29218.25,29223.50,1330
2026-09-01 10:50,29224.00,29224.75,29197.25,29213.50,930
2026-09-01 10:55,29212.50,29216.00,29208.50,29210.00,385
2026-09-01 11:00,29209.25,29213.25,29190.00,29204.50,1093
2026-09-01 11:05,29203.50,29203.50,29178.00,29198.00,1392
2026-09-01 11:10,29198.75,29204.75,29193.25,29200.75,527
2026-09-01 11:15,29200.50,29211.75,29199.00,29207.75,662
2026-09-01 11:20,29207.75,29216.75,29196.75,29200.50,555
2026-09-01 11:25,29200.50,29212.00,29196.25,29208.75,549
2026-09-01 11:30,29207.75,29225.75,29205.75,29212.50,971
2026-09-01 11:35,29212.50,29236.25,29210.75,29235.75,644
2026-09-01 11:40,29235.00,29238.00,29226.00,29226.25,561
2026-09-01 11:45,29228.25,29228.50,29205.25,29208.50,882
2026-09-01 11:50,29208.50,29217.50,29198.00,29199.00,701
2026-09-01 11:55,29199.25,29199.75,29167.75,29172.50,1479
2026-09-01 12:00,29171.50,29179.50,29157.50,29174.25,1566
2026-09-01 12:05,29173.75,29176.25,29154.50,29158.75,1274
2026-09-01 12:10,29159.00,29167.00,29153.75,29165.50,888
2026-09-01 12:15,29164.75,29173.00,29146.25,29148.25,1632
2026-09-01 12:20,29148.25,29161.75,29137.50,29156.00,1717
2026-09-01 12:25,29156.75,29171.50,29150.75,29170.50,985
2026-09-01 12:30,29169.75,29170.50,29140.75,29149.50,1559
2026-09-01 12:35,29149.00,29154.50,29126.25,29138.75,1946
2026-09-01 12:40,29138.00,29141.25,29123.25,29129.50,1640
2026-09-01 12:45,29129.50,29153.00,29123.75,29127.00,1689
2026-09-01 12:50,29127.25,29138.00,29124.50,29131.25,1102
2026-09-01 12:55,29131.75,29134.50,29122.25,29125.75,1018
2026-09-01 13:00,29125.75,29126.25,29095.00,29099.25,3361
2026-09-01 13:05,29099.00,29104.50,29087.00,29098.50,2738
2026-09-01 13:10,29098.25,29104.25,29089.25,29093.00,1746
2026-09-01 13:15,29093.00,29100.00,29084.25,29097.25,1708
2026-09-01 13:20,29097.00,29114.50,29095.00,29112.50,2053
2026-09-01 13:25,29113.00,29122.75,29100.00,29112.25,3518
2026-09-01 13:30,29111.75,29124.75,29062.75,29099.00,19223
2026-09-01 13:35,29099.25,29140.50,29060.25,29071.75,13922
2026-09-01 13:40,29071.00,29096.75,29040.25,29083.75,11642
2026-09-01 13:45,29084.00,29144.25,29074.75,29143.25,11108
2026-09-01 13:50,29143.00,29158.00,29106.00,29124.00,8037
2026-09-01 13:55,29124.50,29130.00,29092.00,29105.00,6086
2026-09-01 14:00,29106.00,29138.25,29085.25,29104.50,8950
2026-09-01 14:05,29104.50,29161.75,29104.25,29154.00,6775
2026-09-01 14:10,29153.25,29160.00,29116.00,29133.25,6312
2026-09-01 14:15,29133.50,29174.25,29132.00,29145.25,7481
2026-09-01 14:20,29145.25,29179.50,29145.25,29160.75,5509
2026-09-01 14:25,29161.25,29178.00,29154.50,29165.25,4224
2026-09-01 14:30,29165.25,29213.25,29162.25,29209.75,6772
2026-09-01 14:35,29210.00,29215.00,29196.50,29208.50,5144
2026-09-01 14:40,29209.25,29235.00,29204.75,29234.00,5235
2026-09-01 14:45,29234.00,29268.00,29224.25,29246.00,6624
2026-09-01 14:50,29246.25,29247.00,29218.50,29222.00,6291
2026-09-01 14:55,29222.25,29229.75,29207.00,29228.00,5072
2026-09-01 15:00,29228.50,29241.50,29200.50,29211.50,5052
2026-09-01 15:05,29211.75,29216.00,29180.50,29181.75,5114
2026-09-01 15:10,29181.50,29200.00,29180.25,29183.75,3781
2026-09-01 15:15,29183.00,29204.50,29178.25,29199.00,3370
2026-09-01 15:20,29199.00,29217.50,29186.25,29216.25,3613
2026-09-01 15:25,29215.50,29233.25,29207.75,29232.50,3212
2026-09-01 15:30,29232.25,29245.25,29224.25,29232.75,4611
2026-09-01 15:35,29232.50,29269.50,29229.00,29267.00,4910
2026-09-01 15:40,29266.75,29291.25,29266.25,29287.75,5355
2026-09-01 15:45,29287.75,29317.75,29286.00,29312.00,6191
2026-09-01 15:50,29312.75,29316.75,29295.25,29310.00,4227
2026-09-01 15:55,29309.25,29311.25,29289.00,29296.25,3435
2026-09-01 16:00,29295.50,29300.75,29276.50,29279.75,3866
2026-09-01 16:05,29279.25,29283.00,29256.25,29260.25,3967
2026-09-01 16:10,29260.25,29265.75,29232.00,29232.25,3983
2026-09-01 16:15,29232.75,29236.25,29202.25,29204.00,5195
2026-09-01 16:20,29204.75,29209.75,29170.50,29195.50,8738
2026-09-01 16:25,29195.25,29202.50,29162.75,29176.75,6368
2026-09-01 16:30,29177.00,29184.50,29131.25,29134.75,6623
2026-09-01 16:35,29135.00,29164.00,29133.75,29163.25,4753
2026-09-01 16:40,29164.00,29168.75,29136.00,29138.00,4390
2026-09-01 16:45,29137.75,29162.00,29133.00,29161.75,2949
2026-09-01 16:50,29161.75,29167.25,29151.75,29162.50,2457
2026-09-01 16:55,29164.00,29197.25,29163.50,29191.75,4140
2026-09-01 17:00,29191.25,29191.75,29149.50,29151.00,3713
2026-09-01 17:05,29150.00,29159.00,29138.75,29147.25,2811
2026-09-01 17:10,29147.75,29165.50,29140.25,29156.25,2889
2026-09-01 17:15,29156.25,29163.75,29133.75,29141.00,2986
2026-09-01 17:20,29141.50,29150.25,29131.75,29139.25,2489
2026-09-01 17:25,29140.00,29146.25,29100.50,29141.75,5394
2026-09-01 17:30,29143.00,29159.00,29137.75,29152.25,2907
2026-09-01 17:35,29152.00,29161.75,29140.50,29143.75,2140
2026-09-01 17:40,29143.25,29158.75,29141.50,29151.50,1534
2026-09-01 17:45,29151.50,29153.25,29122.50,29123.50,3102
2026-09-01 17:50,29122.50,29138.75,29117.75,29124.50,2427
2026-09-01 17:55,29124.50,29142.75,29119.00,29140.75,1959
2026-09-01 18:00,29139.75,29151.50,29120.50,29124.75,2798
2026-09-01 18:05,29124.25,29124.25,29111.50,29120.50,2183
2026-09-01 18:10,29120.75,29126.00,29101.25,29102.25,2507
2026-09-01 18:15,29102.50,29117.25,29090.25,29111.00,4015
2026-09-01 18:20,29111.75,29118.50,29104.75,29115.50,1921
2026-09-01 18:25,29115.25,29115.75,29085.25,29094.25,3147
2026-09-01 18:30,29094.50,29097.25,29067.75,29072.50,4047
2026-09-01 18:35,29072.25,29080.00,29058.00,29060.00,3174
2026-09-01 18:40,29060.75,29064.50,29014.25,29014.50,6024
2026-09-01 18:45,29015.00,29042.50,29002.00,29041.75,7067
2026-09-01 18:50,29042.25,29051.50,29033.25,29047.75,3207
2026-09-01 18:55,29048.00,29081.25,29044.50,29076.00,4526
2026-09-01 19:00,29075.50,29104.75,29070.50,29098.75,4136
2026-09-01 19:05,29099.75,29108.00,29088.50,29102.75,2841
2026-09-01 19:10,29103.00,29121.50,29098.75,29120.00,3604
2026-09-01 19:15,29120.00,29125.50,29108.50,29116.00,3153
2026-09-01 19:20,29115.75,29124.75,29103.75,29117.25,2692
2026-09-01 19:25,29117.00,29129.25,29110.50,29127.25,2730
2026-09-01 19:30,29126.75,29128.25,29093.00,29119.25,3981
2026-09-01 19:35,29119.00,29124.50,29103.25,29103.75,2328
2026-09-01 19:40,29103.75,29123.25,29098.25,29117.75,2789
2026-09-01 19:45,29118.00,29141.00,29112.75,29132.75,4923
2026-09-01 19:50,29132.00,29132.50,29086.00,29103.75,7277
2026-09-01 19:55,29104.00,29131.25,29096.25,29126.00,16833
2026-09-01 20:00,29126.00,29158.00,29118.00,29131.25,6788
2026-09-01 20:05,29130.75,29145.00,29113.50,29128.75,3039
2026-09-01 20:10,29129.00,29137.00,29120.25,29135.00,1336
2026-09-01 20:15,29135.00,29157.25,29134.25,29156.25,1318
2026-09-01 20:20,29156.00,29159.00,29149.25,29150.25,717
2026-09-01 20:25,29150.50,29154.00,29136.50,29136.75,516
2026-09-01 20:30,29136.00,29143.50,29133.50,29134.50,455
2026-09-01 20:35,29135.75,29140.50,29135.50,29137.50,246
2026-09-01 20:40,29137.25,29155.25,29130.25,29147.25,701
2026-09-01 20:45,29146.00,29147.50,29138.00,29141.75,387
2026-09-01 20:50,29140.75,29146.25,29134.75,29137.00,391
2026-09-01 20:55,29137.25,29142.25,29130.75,29139.00,570
2026-09-01 22:00,29136.50,29149.00,29117.00,29122.75,0
2026-09-01 22:05,29120.25,29121.50,29110.75,29113.25,385
2026-09-01 22:10,29113.50,29113.75,29107.75,29110.00,220
2026-09-01 22:15,29110.50,29114.50,29106.75,29109.50,296
2026-09-01 22:20,29109.00,29113.25,29102.25,29111.50,203
2026-09-01 22:25,29112.00,29126.00,29107.00,29113.75,483
2026-09-01 22:30,29114.75,29121.00,29112.50,29116.75,177
2026-09-01 22:35,29116.50,29121.00,29111.00,29116.75,209
2026-09-01 22:40,29116.75,29118.75,29111.75,29117.25,155
2026-09-01 22:45,29116.75,29138.50,29114.25,29133.50,434
2026-09-01 22:50,29134.50,29139.00,29130.00,29134.00,333
2026-09-01 22:55,29132.25,29138.00,29126.25,29132.00,209
2026-09-01 23:00,29129.75,29135.50,29128.50,29130.50,141
2026-09-01 23:05,29130.75,29133.50,29129.25,29129.50,115
2026-09-01 23:10,29129.00,29133.25,29128.50,29129.00,78
2026-09-01 23:15,29129.25,29132.25,29127.00,29130.50,112
2026-09-01 23:20,29128.75,29139.00,29119.00,29131.75,468
2026-09-01 23:25,29131.50,29137.25,29129.75,29136.50,243
2026-09-01 23:30,29137.50,29144.75,29133.25,29135.50,308
2026-09-01 23:35,29135.50,29141.00,29134.25,29134.25,148
2026-09-01 23:40,29134.00,29144.75,29133.00,29140.25,241
2026-09-01 23:45,29141.75,29148.25,29134.00,29140.50,359
2026-09-01 23:50,29141.25,29143.75,29136.00,29139.75,199
2026-09-01 23:55,29139.25,29140.00,29131.25,29134.50,190
2026-09-02 00:00,29135.75,29144.75,29126.00,29127.00,706
2026-09-02 00:05,29128.00,29135.00,29106.00,29126.00,1019
2026-09-02 00:10,29124.75,29140.25,29118.75,29130.75,721
2026-09-02 00:15,29128.00,29153.25,29127.75,29135.25,1003
2026-09-02 00:20,29136.50,29170.00,29132.50,29147.25,1359
2026-09-02 00:25,29148.25,29149.00,29123.25,29126.00,656
2026-09-02 00:30,29127.75,29148.75,29119.00,29122.50,777
2026-09-02 00:35,29123.00,29140.25,29122.75,29129.25,376
2026-09-02 00:40,29128.75,29142.50,29114.50,29140.25,657
2026-09-02 00:45,29139.00,29145.00,29132.00,29134.50,500
2026-09-02 00:50,29132.25,29133.50,29118.25,29119.00,369
2026-09-02 00:55,29119.50,29126.75,29102.00,29104.00,633
2026-09-02 01:00,29103.25,29127.25,29097.25,29121.50,1259
2026-09-02 01:05,29121.50,29122.25,29099.00,29103.50,789
2026-09-02 01:10,29103.75,29107.50,29086.75,29097.75,697
2026-09-02 01:15,29097.75,29118.50,29094.75,29107.50,845
2026-09-02 01:20,29107.00,29125.75,29099.50,29124.25,599
2026-09-02 01:25,29124.00,29129.50,29108.50,29115.00,521
2026-09-02 01:30,29115.75,29122.75,29105.00,29122.25,458
2026-09-02 01:35,29122.75,29122.75,29085.75,29086.75,805
2026-09-02 01:40,29086.50,29091.50,29070.50,29074.75,1241
2026-09-02 01:45,29074.25,29078.50,29058.50,29064.25,795
2026-09-02 01:50,29062.00,29065.50,29047.75,29058.00,1001
2026-09-02 01:55,29058.25,29078.00,29055.00,29075.50,710
2026-09-02 02:00,29075.50,29077.00,29051.00,29053.75,663
2026-09-02 02:05,29055.50,29059.50,29044.50,29048.75,551
2026-09-02 02:10,29048.75,29068.25,29047.50,29065.00,516
2026-09-02 02:15,29066.50,29091.00,29066.50,29088.00,713
2026-09-02 02:20,29089.00,29100.00,29077.75,29091.75,765
2026-09-02 02:25,29092.00,29098.00,29083.75,29085.50,291
2026-09-02 02:30,29084.50,29084.75,29069.75,29072.00,493
2026-09-02 02:35,29072.50,29077.00,29061.75,29068.00,344
2026-09-02 02:40,29069.00,29083.75,29069.00,29082.75,394
2026-09-02 02:45,29083.25,29091.25,29081.25,29090.25,409
2026-09-02 02:50,29089.75,29092.25,29077.25,29080.75,295
2026-09-02 02:55,29081.25,29085.25,29074.50,29084.25,273
2026-09-02 03:00,29086.50,29089.25,29071.25,29072.50,368
2026-09-02 03:05,29071.50,29078.50,29058.75,29078.25,618
2026-09-02 03:10,29079.00,29089.50,29076.75,29083.25,315
2026-09-02 03:15,29083.00,29084.00,29070.00,29074.25,267
2026-09-02 03:20,29074.50,29078.75,29068.00,29072.75,187
2026-09-02 03:25,29074.25,29079.50,29069.00,29069.00,193
2026-09-02 03:30,29070.25,29071.25,29053.75,29060.25,410
2026-09-02 03:35,29059.25,29073.00,29055.50,29070.50,287
2026-09-02 03:40,29070.25,29071.25,29055.00,29056.00,367
2026-09-02 03:45,29057.75,29065.00,29054.50,29054.50,176
2026-09-02 03:50,29054.25,29056.75,29046.25,29056.75,330
2026-09-02 03:55,29056.00,29056.25,29047.50,29054.00,170
2026-09-02 04:05,29054.75,29055.00,29041.00,29044.50,871
2026-09-02 04:10,29044.00,29048.50,29035.50,29047.25,345
2026-09-02 04:15,29045.75,29062.75,29044.25,29060.00,315
2026-09-02 04:20,29060.00,29061.50,29046.25,29052.00,254
2026-09-02 04:25,29051.75,29058.75,29048.00,29051.00,217
2026-09-02 04:30,29051.25,29062.50,29048.00,29057.00,303
2026-09-02 04:35,29057.25,29058.00,29048.50,29050.25,213
2026-09-02 04:40,29050.25,29058.25,29047.75,29054.00,173
2026-09-02 04:45,29054.75,29065.00,29051.00,29056.50,395
2026-09-02 04:50,29058.00,29061.50,29056.00,29059.75,171
2026-09-02 04:55,29059.00,29062.50,29054.50,29058.25,166
2026-09-02 05:00,29059.00,29061.00,29040.50,29044.00,382
2026-09-02 05:05,29043.00,29049.25,29037.50,29039.00,257
2026-09-02 05:10,29040.25,29071.75,29040.25,29066.25,432
2026-09-02 05:15,29067.25,29088.25,29063.75,29079.75,692
2026-09-02 05:20,29082.00,29086.00,29068.75,29083.75,593
2026-09-02 05:25,29083.50,29092.00,29081.75,29091.25,360
2026-09-02 05:30,29092.00,29104.25,29086.00,29087.25,632
2026-09-02 05:35,29085.00,29088.50,29071.00,29071.00,432
2026-09-02 05:40,29071.75,29101.00,29070.50,29099.25,389
2026-09-02 05:45,29099.75,29101.50,29093.00,29095.25,224
2026-09-02 05:50,29095.25,29096.50,29062.50,29064.50,534
2026-09-02 05:55,29064.50,29078.00,29063.00,29073.00,307
2026-09-02 06:00,29072.25,29080.50,29043.00,29045.25,869
2026-09-02 06:05,29047.25,29054.00,29040.25,29051.00,449
2026-09-02 06:10,29050.25,29057.00,29042.75,29049.25,371
2026-09-02 06:15,29050.00,29052.50,29025.25,29028.50,622
2026-09-02 06:20,29027.00,29035.75,29025.25,29035.75,400
2026-09-02 06:25,29035.25,29055.00,29020.50,29023.50,720
2026-09-02 06:30,29023.00,29032.75,29016.50,29031.50,625
2026-09-02 06:35,29031.50,29074.75,29029.00,29074.25,856
2026-09-02 06:40,29074.25,29098.25,29069.00,29073.75,889
2026-09-02 06:45,29073.50,29073.75,29061.25,29066.00,448
2026-09-02 06:50,29065.75,29068.50,29053.00,29054.50,362
2026-09-02 06:55,29053.25,29080.00,29051.00,29077.25,460
2026-09-02 07:00,29077.00,29105.75,29065.50,29101.00,933
2026-09-02 07:05,29100.75,29114.00,29096.00,29109.75,659
2026-09-02 07:10,29110.25,29120.75,29099.75,29103.25,693
2026-09-02 07:15,29103.50,29117.00,29099.75,29113.75,406
2026-09-02 07:20,29113.50,29113.75,29097.25,29100.00,372
2026-09-02 07:25,29100.25,29101.00,29075.75,29094.50,872
2026-09-02 07:30,29094.25,29101.00,29080.00,29087.50,565
2026-09-02 07:35,29086.50,29090.00,29071.75,29073.50,359
2026-09-02 07:40,29073.00,29085.25,29064.75,29070.75,437
2026-09-02 07:45,29070.75,29074.50,29060.75,29063.75,390
2026-09-02 07:50,29062.50,29075.25,29050.00,29069.00,479
2026-09-02 07:55,29067.50,29078.25,29061.75,29061.75,410
2026-09-02 08:00,29062.25,29096.50,29052.50,29095.25,1020
2026-09-02 08:05,29094.50,29097.25,29066.25,29075.00,486
2026-09-02 08:10,29074.75,29087.25,29068.75,29073.75,359
2026-09-02 08:15,29073.75,29088.00,29056.00,29056.75,440
2026-09-02 08:20,29057.50,29062.25,29039.75,29047.00,579
2026-09-02 08:25,29046.00,29060.75,29041.25,29053.50,332
2026-09-02 08:30,29052.75,29068.75,29046.25,29049.50,530
2026-09-02 08:35,29049.50,29057.25,29035.50,29048.25,472
2026-09-02 08:40,29047.25,29055.00,29031.50,29035.75,473
2026-09-02 08:45,29036.50,29037.25,29020.75,29023.00,403
2026-09-02 08:50,29022.50,29025.00,28955.75,28964.00,2060
2026-09-02 08:55,28964.25,28983.75,28954.50,28977.75,974
2026-09-02 09:00,28977.25,29017.00,28973.75,29010.00,1174
2026-09-02 09:05,29010.00,29027.50,28997.00,29001.50,707
2026-09-02 09:10,29000.75,29008.00,28969.00,28969.25,623
2026-09-02 09:15,28971.25,28995.00,28968.75,28990.75,619
2026-09-02 09:20,28989.75,28989.75,28955.00,28968.00,917
2026-09-02 09:25,28967.50,28981.75,28962.75,28978.25,488
2026-09-02 09:30,28978.25,28981.50,28946.25,28954.50,1212
2026-09-02 09:35,28953.50,28958.00,28940.50,28948.00,711
2026-09-02 09:40,28949.75,28958.75,28946.00,28948.75,374
2026-09-02 09:45,28948.75,28960.75,28947.50,28957.25,382
2026-09-02 09:50,28956.25,28966.00,28953.25,28957.50,301
2026-09-02 09:55,28959.50,28974.50,28959.00,28973.25,540
2026-09-02 10:00,28972.75,28979.50,28950.00,28950.00,639
2026-09-02 10:05,28950.25,28960.25,28947.25,28952.75,536
2026-09-02 10:10,28952.50,28978.75,28952.00,28978.00,519
2026-09-02 10:15,28978.00,28983.00,28972.00,28977.25,360
2026-09-02 10:20,28977.00,28985.75,28971.50,28976.00,313
2026-09-02 10:25,28976.25,28996.00,28976.25,28985.75,732
2026-09-02 10:30,28985.50,28989.25,28964.25,28975.00,593
2026-09-02 10:35,28975.50,28982.75,28963.25,28966.00,421
2026-09-02 10:40,28965.50,28969.75,28961.00,28966.50,334
2026-09-02 10:45,28966.00,28977.25,28962.50,28977.00,291
2026-09-02 10:50,28977.50,28978.25,28958.00,28972.75,389
2026-09-02 10:55,28973.25,28988.75,28969.75,28988.00,449
2026-09-02 11:00,28987.75,28989.50,28927.25,28936.25,2165
2026-09-02 11:05,28935.50,28992.75,28927.50,28980.50,1708
2026-09-02 11:10,28979.50,29021.75,28969.75,29016.50,1667
2026-09-02 11:15,29014.25,29025.00,28992.50,29008.00,1560
2026-09-02 11:20,29008.75,29017.25,28996.50,29016.25,554
2026-09-02 11:25,29015.25,29035.75,29011.50,29023.00,913
2026-09-02 11:30,29025.25,29055.00,29019.00,29051.00,900
2026-09-02 11:35,29052.50,29059.50,29045.50,29050.75,803
2026-09-02 11:40,29050.75,29051.75,29027.00,29029.75,933
2026-09-02 11:45,29029.75,29035.50,29022.75,29025.25,473
2026-09-02 11:50,29025.75,29047.50,29022.50,29039.25,724
2026-09-02 11:55,29039.75,29084.50,29037.25,29084.50,1436
2026-09-02 12:00,29083.75,29089.00,29074.50,29086.75,1075
2026-09-02 12:05,29086.00,29108.50,29085.25,29091.25,1762
2026-09-02 12:10,29091.50,29124.00,29081.25,29121.50,1635
2026-09-02 12:15,29121.50,29124.25,29094.75,29099.00,1229
2026-09-02 12:20,29098.50,29149.50,29095.00,29127.50,2724
2026-09-02 12:25,29127.25,29135.75,29102.25,29108.00,1213
2026-09-02 12:30,29107.00,29110.25,29079.75,29087.25,1544
2026-09-02 12:35,29087.50,29091.00,29067.25,29077.50,1097
2026-09-02 12:40,29077.25,29083.00,29067.75,29069.75,734
2026-09-02 12:45,29069.00,29071.25,29055.25,29056.25,897
2026-09-02 12:50,29056.25,29059.00,29039.25,29042.25,962
2026-09-02 12:55,29042.25,29044.00,29032.75,29040.00,1264
2026-09-02 13:00,29040.25,29059.00,29037.75,29054.50,1609
2026-09-02 13:05,29054.25,29070.00,29049.75,29063.50,1246
2026-09-02 13:10,29062.00,29070.50,29059.25,29067.50,719
2026-09-02 13:15,29068.50,29080.00,29064.25,29075.00,903
2026-09-02 13:20,29075.25,29092.50,29071.75,29089.75,1252
2026-09-02 13:25,29088.75,29115.25,29078.25,29098.50,3491
2026-09-02 13:30,29098.50,29102.75,29042.75,29083.75,15615
2026-09-02 13:35,29083.75,29090.50,29036.50,29086.75,9971
2026-09-02 13:40,29087.00,29119.00,29075.25,29091.00,8364
2026-09-02 13:45,29090.25,29112.50,29041.75,29047.50,8808
2026-09-02 13:50,29048.00,29072.50,29025.25,29029.75,8055
2026-09-02 13:55,29030.25,29067.75,29017.25,29062.25,8180
2026-09-02 14:00,29061.75,29084.00,29032.25,29082.25,8196
2026-09-02 14:05,29083.25,29114.25,29079.75,29096.00,7067
2026-09-02 14:10,29096.00,29128.25,29088.00,29127.25,7464
2026-09-02 14:15,29127.75,29163.50,29119.25,29160.50,8140
2026-09-02 14:20,29160.50,29188.50,29149.25,29173.25,7699
2026-09-02 14:25,29173.00,29193.00,29160.25,29187.25,5734
2026-09-02 14:30,29187.00,29206.25,29172.25,29204.50,6391
2026-09-02 14:35,29205.00,29213.00,29168.50,29185.75,5520
2026-09-02 14:40,29186.25,29203.00,29179.00,29201.50,4643
2026-09-02 14:45,29201.75,29202.50,29146.00,29160.75,4758
2026-09-02 14:50,29160.25,29160.50,29121.75,29130.25,5532
2026-09-02 14:55,29130.00,29140.75,29111.25,29120.25,4587
2026-09-02 15:00,29119.50,29147.75,29106.25,29139.25,6392
2026-09-02 15:05,29139.00,29154.50,29127.50,29153.75,4388
2026-09-02 15:10,29153.75,29168.50,29140.00,29158.25,4856
2026-09-02 15:15,29158.00,29189.25,29151.75,29183.75,4105
2026-09-02 15:20,29184.00,29188.00,29167.25,29178.50,3169
2026-09-02 15:25,29178.75,29208.50,29177.50,29205.25,3698
2026-09-02 15:30,29205.00,29208.50,29188.50,29192.25,3798
2026-09-02 15:35,29192.25,29202.50,29171.50,29179.75,4383
2026-09-02 15:40,29178.25,29188.25,29174.00,29182.25,2884
2026-09-02 15:45,29182.25,29183.75,29141.00,29142.50,3914
2026-09-02 15:50,29142.50,29166.00,29136.00,29151.25,3800
2026-09-02 15:55,29151.25,29190.75,29141.00,29185.25,3706
2026-09-02 16:00,29184.50,29197.00,29173.50,29195.50,2904
2026-09-02 16:05,29195.75,29198.50,29184.00,29188.75,2024
2026-09-02 16:10,29188.00,29195.00,29182.25,29186.75,1813
2026-09-02 16:15,29186.50,29186.75,29159.25,29169.50,2490
2026-09-02 16:20,29170.25,29176.25,29157.25,29161.00,2238
2026-09-02 16:25,29160.25,29167.75,29142.25,29151.75,2288
2026-09-02 16:30,29151.50,29175.25,29149.25,29161.50,3098
2026-09-02 16:35,29161.50,29173.25,29156.00,29157.25,1714
2026-09-02 16:40,29157.50,29159.50,29138.25,29139.00,2234
2026-09-02 16:45,29138.50,29151.25,29138.50,29147.50,1744
2026-09-02 16:50,29148.00,29167.50,29137.00,29164.50,2324
2026-09-02 16:55,29164.75,29168.25,29148.50,29155.00,1897
2026-09-02 17:00,29154.75,29182.50,29154.75,29174.00,2423
2026-09-02 17:05,29173.25,29178.00,29127.00,29131.00,3363
2026-09-02 17:10,29131.00,29153.00,29129.50,29145.25,2520
2026-09-02 17:15,29145.00,29146.75,29125.25,29131.00,2140
2026-09-02 17:20,29131.50,29152.25,29126.50,29146.00,2629
2026-09-02 17:25,29145.75,29154.50,29141.00,29150.75,1843
2026-09-02 17:30,29150.50,29155.25,29132.75,29132.75,2249
2026-09-02 17:35,29133.00,29140.50,29130.25,29135.00,1571
2026-09-02 17:40,29135.00,29158.75,29127.50,29158.75,3329
2026-09-02 17:45,29159.00,29173.75,29157.25,29158.75,2949
2026-09-02 17:50,29159.50,29164.75,29151.00,29157.00,1857
2026-09-02 17:55,29156.50,29168.75,29142.50,29158.75,2491
2026-09-02 18:00,29159.50,29161.50,29135.75,29158.50,2890
2026-09-02 18:05,29158.25,29166.00,29146.00,29150.50,2080
2026-09-02 18:10,29150.00,29153.75,29137.75,29147.00,2230
2026-09-02 18:15,29146.75,29199.75,29143.25,29173.25,4834
2026-09-02 18:20,29172.50,29176.50,29160.50,29170.50,2524
2026-09-02 18:25,29170.75,29174.00,29155.00,29159.25,1965
2026-09-02 18:30,29159.25,29175.00,29156.75,29158.25,2195
2026-09-02 18:35,29158.25,29165.00,29138.75,29141.25,2380
2026-09-02 18:40,29140.75,29143.50,29131.50,29136.75,2184
2026-09-02 18:45,29136.00,29152.75,29130.25,29149.50,2371
2026-09-02 18:50,29149.50,29154.25,29134.25,29139.75,1855
2026-09-02 18:55,29140.50,29153.00,29138.00,29145.50,1657
2026-09-02 19:00,29145.75,29156.00,29139.00,29150.00,2027
2026-09-02 19:05,29150.25,29166.50,29148.00,29166.00,1804
2026-09-02 19:10,29166.25,29172.00,29160.25,29165.50,1990
2026-09-02 19:15,29166.25,29170.50,29157.00,29170.25,1830
2026-09-02 19:20,29170.00,29170.25,29151.25,29156.75,1935
2026-09-02 19:25,29156.75,29170.75,29150.00,29167.25,1836
2026-09-02 19:30,29167.25,29175.00,29160.25,29171.25,2414
2026-09-02 19:35,29171.25,29172.25,29155.25,29160.25,2325
2026-09-02 19:40,29160.75,29177.50,29159.00,29175.00,1735
2026-09-02 19:45,29175.25,29187.50,29173.50,29184.25,2987
2026-09-02 19:50,29183.75,29197.25,29170.50,29192.00,4414
2026-09-02 19:55,29192.25,29194.75,29171.00,29190.25,10508
2026-09-02 20:00,29190.50,29202.25,29187.75,29198.50,3488
2026-09-02 20:05,29197.75,29212.00,29194.75,29199.00,1549
2026-09-02 20:10,29199.50,29205.50,29187.50,29194.25,1246
2026-09-02 20:15,29192.00,29193.75,29139.75,29150.25,3137
2026-09-02 20:20,29151.25,29163.75,29146.25,29157.75,908
2026-09-02 20:25,29158.00,29166.75,29154.00,29156.25,568
2026-09-02 20:30,29156.00,29160.50,29150.75,29160.50,365
2026-09-02 20:35,29160.00,29160.00,29152.50,29153.50,316
2026-09-02 20:40,29154.00,29163.25,29147.50,29148.00,738
2026-09-02 20:45,29147.75,29162.25,29146.50,29161.00,457
2026-09-02 20:50,29160.25,29164.00,29155.00,29163.00,298
2026-09-02 20:55,29163.25,29164.00,29139.25,29141.00,680
2026-09-02 22:00,29177.00,29183.75,29148.00,29162.75,0
2026-09-02 22:05,29163.00,29163.00,29150.50,29159.00,248
2026-09-02 22:10,29160.00,29188.75,29156.75,29185.75,583
2026-09-02 22:15,29184.75,29189.00,29178.00,29185.25,525
2026-09-02 22:20,29186.50,29208.75,29186.50,29203.75,527
2026-09-02 22:25,29203.75,29203.75,29192.50,29196.00,300
2026-09-02 22:30,29196.00,29199.25,29193.25,29194.75,193
2026-09-02 22:35,29195.00,29200.50,29192.00,29197.75,251
2026-09-02 22:40,29197.00,29203.00,29192.50,29196.00,242
2026-09-02 22:45,29195.25,29195.50,29181.50,29182.75,339
2026-09-02 22:50,29182.00,29185.00,29178.25,29180.25,231
2026-09-02 22:55,29181.00,29185.75,29180.00,29180.50,142
2026-09-02 23:00,29180.75,29188.75,29180.75,29184.00,253
2026-09-02 23:05,29185.50,29187.00,29178.75,29179.50,238
2026-09-02 23:10,29179.50,29186.75,29170.75,29171.75,450
2026-09-02 23:15,29172.75,29173.25,29167.50,29170.75,240
2026-09-02 23:20,29170.50,29173.75,29167.50,29173.75,344
2026-09-02 23:25,29173.75,29180.00,29173.00,29179.00,255
2026-09-02 23:30,29180.00,29186.00,29175.25,29179.50,266
2026-09-02 23:35,29179.25,29187.25,29175.00,29184.00,183
2026-09-02 23:40,29184.75,29188.25,29183.25,29188.25,146
2026-09-02 23:45,29188.00,29213.00,29187.50,29205.00,1221
2026-09-02 23:50,29205.00,29211.75,29203.25,29205.25,352
2026-09-02 23:55,29203.50,29208.25,29200.25,29201.25,284
2026-09-03 00:00,29200.75,29201.75,29182.25,29189.75,785
2026-09-03 00:05,29188.75,29194.75,29172.25,29177.00,673
2026-09-03 00:10,29178.75,29188.50,29165.75,29169.25,676
2026-09-03 00:15,29166.75,29168.25,29147.50,29150.25,1013
2026-09-03 00:20,29150.50,29156.50,29141.00,29153.75,519
2026-09-03 00:25,29154.50,29164.00,29151.00,29156.25,518
2026-09-03 00:30,29155.75,29161.75,29146.00,29150.00,402
2026-09-03 00:35,29151.25,29162.00,29148.75,29158.25,233
2026-09-03 00:40,29157.75,29161.00,29150.00,29156.50,272
2026-09-03 00:45,29155.75,29158.75,29149.50,29156.25,276
2026-09-03 00:50,29157.75,29161.75,29152.25,29157.00,146
2026-09-03 00:55,29157.50,29158.75,29146.75,29151.00,276
2026-09-03 01:00,29150.75,29173.00,29147.75,29172.00,459
2026-09-03 01:05,29173.00,29186.75,29170.00,29176.50,863
2026-09-03 01:10,29175.75,29185.25,29163.25,29183.25,557
2026-09-03 01:15,29182.50,29200.75,29181.25,29195.75,705
2026-09-03 01:20,29194.25,29199.25,29166.25,29167.75,663
2026-09-03 01:25,29167.00,29177.50,29156.50,29174.75,779
2026-09-03 01:30,29176.75,29198.50,29171.00,29198.50,834
2026-09-03 01:35,29198.25,29199.25,29175.50,29177.50,584
2026-09-03 01:40,29178.00,29181.00,29167.75,29169.00,319
2026-09-03 01:45,29169.00,29175.75,29156.50,29175.25,655
2026-09-03 01:50,29175.50,29175.50,29151.00,29158.00,517
2026-09-03 01:55,29157.00,29158.00,29136.25,29137.50,668
2026-09-03 02:00,29136.75,29153.50,29132.75,29147.25,586
2026-09-03 02:05,29148.00,29166.25,29146.25,29165.50,554
2026-09-03 02:10,29164.75,29188.00,29164.00,29182.50,867
2026-09-03 02:15,29182.75,29195.00,29177.50,29192.00,492
2026-09-03 02:20,29192.50,29193.75,29176.50,29180.75,527
2026-09-03 02:25,29180.75,29190.50,29173.00,29188.50,420
2026-09-03 02:30,29186.50,29199.00,29184.25,29191.75,354
2026-09-03 02:35,29191.50,29191.75,29180.00,29184.75,355
2026-09-03 02:40,29183.50,29184.50,29168.75,29173.00,290
2026-09-03 02:45,29173.25,29186.00,29167.50,29185.00,410
2026-09-03 02:50,29185.50,29188.50,29178.00,29181.25,287
2026-09-03 02:55,29181.25,29186.50,29179.25,29180.75,128
2026-09-03 03:00,29182.25,29197.00,29179.50,29194.75,302
2026-09-03 03:05,29194.00,29198.25,29188.00,29194.50,334
2026-09-03 03:10,29194.50,29204.50,29194.50,29203.25,378
2026-09-03 03:15,29204.25,29234.00,29202.25,29228.50,1405
2026-09-03 03:20,29228.25,29231.25,29212.25,29215.75,469
2026-09-03 03:25,29216.50,29229.25,29213.00,29219.75,461
2026-09-03 03:30,29220.75,29233.00,29217.75,29224.75,325
2026-09-03 03:35,29221.00,29228.50,29218.00,29227.50,212
2026-09-03 03:40,29228.00,29233.75,29225.50,29227.50,291
2026-09-03 03:45,29227.00,29236.00,29220.25,29230.25,408
2026-09-03 03:50,29230.75,29239.50,29230.75,29237.25,292
2026-09-03 03:55,29237.50,29243.00,29231.00,29232.00,255
2026-09-03 04:05,29245.50,29250.75,29245.25,29249.75,869
2026-09-03 04:10,29251.00,29255.00,29237.75,29247.00,362
2026-09-03 04:15,29247.00,29249.25,29243.25,29244.75,254
2026-09-03 04:20,29244.00,29246.00,29233.75,29242.00,284
2026-09-03 04:25,29242.25,29246.75,29227.25,29227.75,249
2026-09-03 04:30,29227.75,29236.25,29226.50,29233.25,333
2026-09-03 04:35,29231.75,29235.00,29219.50,29223.25,440
2026-09-03 04:40,29223.00,29226.00,29214.75,29219.25,347
2026-09-03 04:45,29218.75,29229.00,29217.25,29222.25,296
2026-09-03 04:50,29221.50,29223.75,29215.50,29216.75,146
2026-09-03 04:55,29216.50,29217.75,29204.50,29207.50,347
2026-09-03 05:00,29207.25,29208.50,29176.50,29176.50,883
2026-09-03 05:05,29177.50,29179.25,29157.00,29162.25,837
2026-09-03 05:10,29161.50,29167.50,29140.75,29149.00,943
2026-09-03 05:15,29147.75,29148.50,29105.75,29110.00,2139
2026-09-03 05:20,29109.50,29115.75,29075.00,29092.50,2268
2026-09-03 05:25,29093.75,29110.00,29076.25,29104.00,1341
2026-09-03 05:30,29102.75,29140.00,29098.25,29139.25,1725
2026-09-03 05:35,29139.25,29148.00,29118.50,29138.00,1139
2026-09-03 05:40,29138.50,29152.00,29122.00,29143.00,887
2026-09-03 05:45,29143.00,29169.50,29127.50,29169.25,941
2026-09-03 05:50,29169.00,29188.50,29163.50,29174.00,1074
2026-09-03 05:55,29174.50,29188.75,29171.25,29188.75,488
2026-09-03 06:00,29188.50,29197.00,29175.00,29192.00,1071
2026-09-03 06:05,29192.00,29203.25,29176.25,29177.25,753
2026-09-03 06:10,29177.25,29178.00,29162.75,29170.00,634
2026-09-03 06:15,29169.00,29180.25,29167.00,29172.00,383
2026-09-03 06:20,29170.25,29179.00,29164.50,29165.75,379
2026-09-03 06:25,29165.50,29179.75,29161.00,29177.25,541
2026-09-03 06:30,29177.00,29187.50,29165.50,29180.50,611
2026-09-03 06:35,29180.25,29186.50,29164.00,29178.00,522
2026-09-03 06:40,29175.00,29184.50,29175.00,29181.50,335
2026-09-03 06:45,29182.00,29182.75,29169.25,29175.50,277
2026-09-03 06:50,29174.25,29174.25,29166.00,29167.75,212
2026-09-03 06:55,29167.50,29176.50,29159.50,29174.25,407
2026-09-03 07:00,29173.25,29206.75,29160.00,29206.25,1071
2026-09-03 07:05,29207.00,29233.00,29193.75,29196.75,1245
2026-09-03 07:10,29195.75,29205.50,29189.50,29205.50,432
2026-09-03 07:15,29204.75,29207.00,29193.75,29203.50,306
2026-09-03 07:20,29201.25,29211.50,29200.00,29207.75,332
2026-09-03 07:25,29207.00,29211.00,29178.50,29203.25,817
2026-09-03 07:30,29202.50,29217.25,29192.00,29215.50,511
2026-09-03 07:35,29216.00,29229.00,29201.25,29227.00,601
2026-09-03 07:40,29227.00,29245.50,29221.75,29241.25,851
2026-09-03 07:45,29240.75,29240.75,29192.00,29193.25,819
2026-09-03 07:50,29193.75,29223.25,29182.75,29221.75,692
2026-09-03 07:55,29220.00,29223.75,29209.75,29220.25,284
2026-09-03 08:00,29220.25,29278.75,29213.25,29257.75,2932
2026-09-03 08:05,29258.25,29292.75,29240.50,29244.75,2275
2026-09-03 08:10,29246.00,29266.75,29240.75,29247.25,1326
2026-09-03 08:15,29247.00,29250.00,29233.75,29248.25,901
2026-09-03 08:20,29246.50,29253.25,29232.75,29242.00,637
2026-09-03 08:25,29241.00,29264.00,29238.75,29256.00,876
2026-09-03 08:30,29257.25,29257.25,29239.00,29243.50,679
2026-09-03 08:35,29243.50,29250.75,29227.00,29227.75,541
2026-09-03 08:40,29227.25,29238.25,29226.75,29228.25,378
2026-09-03 08:45,29229.50,29235.00,29223.25,29233.00,359
2026-09-03 08:50,29232.50,29232.50,29215.00,29226.25,461
2026-09-03 08:55,29226.00,29229.00,29215.00,29216.25,313
2026-09-03 09:00,29218.50,29224.75,29212.75,29219.25,421
2026-09-03 09:05,29219.25,29222.25,29211.00,29220.25,280
2026-09-03 09:10,29221.50,29225.75,29212.00,29223.50,372
2026-09-03 09:15,29223.50,29224.00,29204.00,29212.25,343
2026-09-03 09:20,29212.50,29215.50,29194.25,29197.25,525
2026-09-03 09:25,29196.75,29203.00,29187.75,29187.75,365
2026-09-03 09:30,29187.25,29198.00,29179.75,29187.50,541
2026-09-03 09:35,29188.25,29190.00,29173.25,29177.50,349
2026-09-03 09:40,29177.75,29179.25,29169.25,29176.75,441
2026-09-03 09:45,29176.25,29176.25,29149.25,29154.00,765
2026-09-03 09:50,29154.00,29166.50,29145.50,29145.50,585
2026-09-03 09:55,29148.50,29150.00,29126.50,29137.75,784
2026-09-03 10:00,29138.00,29154.25,29135.00,29150.25,744
2026-09-03 10:05,29149.50,29158.50,29141.00,29142.50,524
2026-09-03 10:10,29141.75,29143.75,29120.25,29124.75,767
2026-09-03 10:15,29125.50,29134.25,29121.00,29128.00,618
2026-09-03 10:20,29128.25,29131.75,29122.25,29122.25,324
2026-09-03 10:25,29122.50,29133.25,29119.25,29127.50,867
2026-09-03 10:30,29127.00,29140.00,29117.25,29121.00,565
2026-09-03 10:35,29120.75,29125.25,29105.50,29120.00,631
2026-09-03 10:40,29120.50,29134.25,29117.25,29128.25,432
2026-09-03 10:45,29128.00,29128.75,29108.00,29110.25,440
2026-09-03 10:50,29109.50,29129.50,29108.25,29124.00,368
2026-09-03 10:55,29124.50,29129.75,29114.00,29128.00,374
2026-09-03 11:00,29129.00,29140.25,29106.25,29138.50,1152
2026-09-03 11:05,29139.50,29170.75,29137.25,29164.25,1164
2026-09-03 11:10,29163.00,29167.00,29154.50,29164.50,503
2026-09-03 11:15,29164.00,29186.75,29162.75,29167.75,1017
2026-09-03 11:20,29167.50,29174.25,29156.50,29174.00,454
2026-09-03 11:25,29172.75,29178.25,29159.50,29166.75,384
2026-09-03 11:30,29167.00,29173.50,29111.25,29167.75,1586
2026-09-03 11:35,29167.75,29168.25,29143.75,29143.75,553
2026-09-03 11:40,29143.00,29151.50,29135.75,29142.50,415
2026-09-03 11:45,29142.25,29144.50,29103.75,29105.50,1136
2026-09-03 11:50,29104.75,29115.50,29103.25,29107.25,992
2026-09-03 11:55,29106.50,29114.25,29101.00,29105.50,729
2026-09-03 12:00,29105.50,29132.00,29104.00,29127.00,1199
2026-09-03 12:05,29127.00,29135.00,29124.50,29132.00,414
2026-09-03 12:10,29131.25,29147.25,29122.75,29125.00,996
2026-09-03 12:15,29125.50,29130.25,29111.50,29113.00,829
2026-09-03 12:20,29113.25,29139.50,29105.75,29134.75,1050
2026-09-03 12:25,29134.25,29151.00,29127.50,29145.75,969
2026-09-03 12:30,29144.75,29244.00,29144.00,29207.25,4953
2026-09-03 12:35,29208.50,29209.50,29179.00,29200.25,2428
2026-09-03 12:40,29198.25,29205.25,29182.00,29189.75,1341
2026-09-03 12:45,29189.00,29202.00,29185.00,29200.25,1069
2026-09-03 12:50,29202.00,29245.25,29200.25,29239.25,2103
2026-09-03 12:55,29238.25,29258.75,29238.00,29244.50,2388
2026-09-03 13:00,29243.75,29245.50,29202.50,29214.25,2843
2026-09-03 13:05,29214.25,29224.25,29194.25,29208.00,1541
2026-09-03 13:10,29209.00,29246.00,29206.25,29239.25,1503
2026-09-03 13:15,29239.50,29243.50,29202.75,29206.00,1650
2026-09-03 13:20,29206.25,29224.75,29200.50,29224.75,1751
2026-09-03 13:25,29224.25,29253.75,29213.00,29249.00,2746
2026-09-03 13:30,29249.50,29285.00,29222.25,29254.25,19651
2026-09-03 13:35,29254.00,29337.50,29199.50,29328.75,18104
2026-09-03 13:40,29329.50,29359.50,29314.00,29345.50,12290
2026-09-03 13:45,29345.25,29368.50,29318.75,29358.50,10960
2026-09-03 13:50,29359.50,29375.50,29324.75,29349.25,9038
2026-09-03 13:55,29349.75,29354.25,29296.75,29333.00,8773
2026-09-03 14:00,29331.75,29333.25,29250.25,29267.50,12165
2026-09-03 14:05,29267.75,29283.25,29241.75,29267.50,8254
2026-09-03 14:10,29267.75,29303.00,29249.50,29300.75,7800
2026-09-03 14:15,29301.00,29349.50,29295.75,29343.00,9017
2026-09-03 14:20,29343.75,29364.50,29328.25,29350.75,6820
2026-09-03 14:25,29351.00,29364.25,29327.00,29343.00,5887
2026-09-03 14:30,29343.00,29360.50,29284.00,29288.00,8289
2026-09-03 14:35,29288.25,29319.00,29280.00,29284.50,5302
2026-09-03 14:40,29284.00,29311.50,29273.25,29283.00,6032
2026-09-03 14:45,29283.00,29313.00,29275.50,29309.00,5203
2026-09-03 14:50,29309.50,29314.25,29285.25,29312.25,4665
2026-09-03 14:55,29313.00,29368.00,29246.50,29363.50,9749
2026-09-03 15:00,29363.25,29442.00,29362.25,29436.50,12502
2026-09-03 15:05,29437.00,29445.50,29422.25,29429.75,7774
2026-09-03 15:10,29430.00,29466.25,29426.25,29465.00,7763
2026-09-03 15:15,29464.75,29480.00,29461.00,29472.50,6963
2026-09-03 15:20,29472.75,29496.00,29453.75,29482.25,7384
2026-09-03 15:25,29481.75,29539.50,29479.00,29536.50,8551
2026-09-03 15:30,29536.00,29542.50,29517.75,29527.75,7037
2026-09-03 15:35,29528.00,29537.50,29510.00,29513.50,4277
2026-09-03 15:40,29515.25,29525.00,29503.50,29506.50,4628
2026-09-03 15:45,29506.75,29520.75,29504.00,29513.75,3067
2026-09-03 15:50,29513.50,29531.25,29507.50,29528.25,3446
2026-09-03 15:55,29528.25,29539.25,29521.25,29538.00,2744
2026-09-03 16:00,29538.75,29539.75,29512.50,29512.50,4536
2026-09-03 16:05,29513.00,29518.75,29503.00,29510.50,3444
2026-09-03 16:10,29509.50,29526.00,29505.00,29519.00,2936
2026-09-03 16:15,29519.50,29529.50,29511.00,29524.50,2399
2026-09-03 16:20,29524.50,29527.25,29500.75,29501.25,2352
2026-09-03 16:25,29501.75,29504.00,29489.25,29497.00,3155
2026-09-03 16:30,29497.00,29501.00,29484.75,29488.75,2494
2026-09-03 16:35,29490.00,29525.75,29483.00,29521.75,3626
2026-09-03 16:40,29521.75,29534.50,29519.00,29528.00,2707
2026-09-03 16:45,29528.00,29533.00,29521.00,29530.75,1895
2026-09-03 16:50,29530.25,29532.75,29516.50,29521.25,1937
2026-09-03 16:55,29521.25,29544.00,29519.25,29528.00,3504
2026-09-03 17:00,29528.25,29534.00,29509.00,29519.50,2383
2026-09-03 17:05,29519.50,29520.50,29492.75,29493.00,2143
2026-09-03 17:10,29492.75,29501.75,29486.75,29490.50,2214
2026-09-03 17:15,29491.25,29501.25,29484.75,29486.25,2054
2026-09-03 17:20,29486.25,29487.50,29476.00,29482.25,2624
2026-09-03 17:25,29483.00,29508.00,29481.75,29502.50,2331
2026-09-03 17:30,29502.75,29518.75,29502.25,29514.00,2292
2026-09-03 17:35,29514.50,29529.00,29511.75,29520.50,2618
2026-09-03 17:40,29520.75,29532.00,29519.00,29528.50,2384
2026-09-03 17:45,29529.00,29535.00,29521.75,29530.50,2791
2026-09-03 17:50,29531.00,29552.50,29525.00,29546.00,3337
2026-09-03 17:55,29548.25,29552.50,29542.00,29543.75,2085
2026-09-03 18:00,29551.50,29578.50,29551.50,29574.50,6189
2026-09-03 18:05,29574.75,29579.50,29565.25,29574.75,3135
2026-09-03 18:10,29574.25,29578.75,29569.50,29573.50,2333
2026-09-03 18:15,29573.75,29584.25,29567.75,29571.50,3210
2026-09-03 18:20,29571.50,29575.75,29564.75,29573.00,2220
2026-09-03 18:25,29572.75,29578.75,29566.50,29570.50,1855
2026-09-03 18:30,29571.00,29578.00,29564.00,29576.50,2117
2026-09-03 18:35,29576.75,29580.00,29570.25,29575.50,1394
2026-09-03 18:40,29575.25,29576.50,29559.50,29560.50,2114
2026-09-03 18:45,29560.75,29576.25,29559.50,29576.25,1849
2026-09-03 18:50,29576.00,29581.00,29564.50,29569.75,2205
2026-09-03 18:55,29569.50,29569.75,29560.50,29568.25,2067
2026-09-03 19:00,29568.25,29570.50,29552.00,29557.00,2344
2026-09-03 19:05,29557.25,29561.00,29546.75,29548.25,1892
2026-09-03 19:10,29548.50,29552.50,29532.75,29538.25,2654
2026-09-03 19:15,29538.25,29543.00,29530.50,29543.00,2881
2026-09-03 19:20,29543.00,29543.50,29526.50,29530.50,3471
2026-09-03 19:25,29530.75,29537.00,29526.00,29533.25,2325
2026-09-03 19:30,29533.25,29539.50,29523.75,29525.75,3207
2026-09-03 19:35,29526.25,29536.75,29525.50,29531.75,2255
2026-09-03 19:40,29532.00,29540.00,29521.75,29524.00,2929
2026-09-03 19:45,29524.25,29536.00,29515.50,29521.50,3240
2026-09-03 19:50,29520.75,29528.75,29509.75,29526.00,5927
2026-09-03 19:55,29526.00,29536.25,29509.25,29530.75,16204
2026-09-03 20:00,29530.75,29536.25,29507.00,29514.75,4888
2026-09-03 20:05,29514.50,29523.25,29510.50,29518.00,1272
2026-09-03 20:10,29518.75,29522.00,29513.75,29521.25,858
2026-09-03 20:15,29521.50,29522.00,29511.00,29512.00,686
2026-09-03 20:20,29512.25,29512.75,29505.00,29505.25,513
2026-09-03 20:25,29506.00,29512.00,29505.50,29510.25,336
2026-09-03 20:30,29510.25,29516.00,29508.00,29514.50,337
2026-09-03 20:35,29514.00,29516.75,29511.00,29512.00,287
2026-09-03 20:40,29511.50,29513.50,29510.25,29510.75,305
2026-09-03 20:45,29511.25,29512.75,29507.00,29510.25,461
2026-09-03 20:50,29509.75,29510.00,29499.25,29501.50,523
2026-09-03 20:55,29502.00,29507.75,29501.00,29502.25,422
2026-09-03 22:00,29505.00,29509.00,29484.00,29494.25,0
2026-09-03 22:05,29494.00,29496.75,29485.25,29487.00,249
2026-09-03 22:10,29485.75,29489.00,29482.00,29485.25,290
2026-09-03 22:15,29485.50,29496.00,29484.75,29491.25,290
2026-09-03 22:20,29492.25,29494.75,29488.25,29489.50,139
2026-09-03 22:25,29490.00,29491.75,29485.50,29490.00,212
2026-09-03 22:30,29491.00,29496.75,29490.00,29496.50,177
2026-09-03 22:35,29496.75,29498.50,29492.50,29494.00,112
2026-09-03 22:40,29493.50,29495.75,29490.75,29494.25,153
2026-09-03 22:45,29495.75,29499.50,29493.50,29496.25,207
2026-09-03 22:50,29497.00,29502.75,29496.50,29499.00,174
2026-09-03 22:55,29499.00,29512.75,29499.00,29508.75,420
2026-09-03 23:00,29508.25,29511.50,29502.25,29507.25,264
2026-09-03 23:05,29506.50,29511.00,29501.25,29510.75,214
2026-09-03 23:10,29510.00,29510.75,29500.50,29503.25,170
2026-09-03 23:15,29503.00,29506.50,29498.25,29506.00,204
2026-09-03 23:20,29505.75,29507.00,29501.75,29503.50,82
2026-09-03 23:25,29504.25,29509.50,29504.00,29507.25,114
2026-09-03 23:30,29507.00,29507.75,29501.25,29503.75,122
2026-09-03 23:35,29504.25,29505.75,29502.75,29504.75,49
2026-09-03 23:40,29505.00,29511.00,29505.00,29505.00,110
2026-09-03 23:45,29506.50,29516.75,29504.75,29510.75,419
2026-09-03 23:50,29511.25,29515.00,29502.75,29506.25,217
2026-09-03 23:55,29507.00,29513.00,29502.25,29504.00,166
2026-09-04 00:00,29503.75,29511.50,29495.00,29511.25,545
2026-09-04 00:05,29510.75,29520.50,29507.50,29513.50,515
2026-09-04 00:10,29512.50,29519.25,29507.00,29509.75,436
2026-09-04 00:15,29510.25,29520.50,29505.00,29519.00,491
2026-09-04 00:20,29519.50,29527.75,29518.75,29524.25,465
2026-09-04 00:25,29525.00,29529.00,29514.50,29527.50,593
2026-09-04 00:30,29527.75,29531.75,29519.25,29526.50,546
2026-09-04 00:35,29525.25,29530.50,29519.75,29529.75,289
2026-09-04 00:40,29528.75,29533.50,29527.50,29532.50,322
2026-09-04 00:45,29532.50,29542.25,29531.00,29539.75,485
2026-09-04 00:50,29539.25,29541.75,29537.25,29537.75,260
2026-09-04 00:55,29537.75,29538.00,29530.00,29530.75,301
2026-09-04 01:00,29530.00,29532.75,29517.75,29525.75,642
2026-09-04 01:05,29527.25,29532.00,29524.00,29526.75,252
2026-09-04 01:10,29526.00,29529.25,29520.75,29522.75,304
2026-09-04 01:15,29523.00,29528.25,29516.25,29526.25,366
2026-09-04 01:20,29526.75,29542.50,29526.75,29540.00,682
2026-09-04 01:25,29539.50,29542.75,29532.25,29540.75,429
2026-09-04 01:30,29539.50,29545.25,29537.00,29542.00,273
2026-09-04 01:35,29542.00,29547.75,29536.50,29537.50,378
2026-09-04 01:40,29538.25,29546.50,29534.50,29545.00,314
2026-09-04 01:45,29545.25,29546.00,29531.75,29532.00,320
2026-09-04 01:50,29532.25,29538.00,29526.25,29528.25,537
2026-09-04 01:55,29527.50,29548.75,29523.25,29548.00,597
2026-09-04 02:00,29547.75,29548.25,29537.25,29539.00,271
2026-09-04 02:05,29539.25,29547.50,29539.25,29545.75,150
2026-09-04 02:10,29546.00,29553.25,29544.50,29550.25,410
2026-09-04 02:15,29549.00,29551.25,29547.50,29551.00,102
2026-09-04 02:20,29549.75,29555.75,29547.00,29555.00,265
2026-09-04 02:25,29554.25,29556.25,29552.75,29555.00,170
2026-09-04 02:30,29555.75,29566.50,29549.75,29549.75,652
2026-09-04 02:35,29549.00,29552.50,29544.00,29552.25,497
2026-09-04 02:40,29551.25,29554.75,29545.75,29546.50,158
2026-09-04 02:45,29546.50,29560.50,29545.25,29559.00,404
2026-09-04 02:50,29558.00,29568.00,29556.00,29565.50,368
2026-09-04 02:55,29566.00,29566.00,29561.50,29564.50,207
2026-09-04 03:00,29563.25,29566.50,29560.00,29562.75,181
2026-09-04 03:05,29562.75,29565.00,29561.00,29563.00,78
2026-09-04 03:10,29562.75,29563.25,29557.25,29560.50,245
2026-09-04 03:15,29560.25,29577.50,29559.75,29576.25,515
2026-09-04 03:20,29576.25,29578.25,29563.00,29566.00,417
2026-09-04 03:25,29565.75,29571.00,29564.75,29569.00,215
2026-09-04 03:30,29569.50,29577.25,29568.50,29576.25,296
2026-09-04 03:35,29575.75,29578.75,29574.75,29577.00,184
2026-09-04 03:40,29577.00,29578.25,29566.75,29568.50,203
2026-09-04 03:45,29567.50,29571.75,29563.75,29570.75,284
2026-09-04 03:50,29570.75,29572.75,29568.50,29570.75,104
2026-09-04 03:55,29571.25,29573.25,29569.50,29571.50,61
2026-09-04 04:05,29564.25,29565.50,29563.25,29565.50,626
2026-09-04 04:10,29566.50,29577.75,29563.00,29575.50,289
2026-09-04 04:15,29576.00,29576.50,29567.50,29568.25,184
2026-09-04 04:20,29568.25,29588.00,29567.50,29583.25,396
2026-09-04 04:25,29582.50,29595.00,29578.75,29593.00,690
2026-09-04 04:30,29592.25,29601.25,29591.00,29600.25,447
2026-09-04 04:35,29599.50,29600.00,29587.50,29587.50,316
2026-09-04 04:40,29588.00,29589.00,29585.00,29588.00,155
2026-09-04 04:45,29588.50,29590.50,29583.50,29583.75,186
2026-09-04 04:50,29583.50,29588.75,29583.25,29586.25,130
2026-09-04 04:55,29587.75,29599.75,29586.25,29598.25,313
2026-09-04 05:00,29597.50,29603.00,29593.75,29599.50,442
2026-09-04 05:05,29600.00,29616.00,29599.00,29611.75,664
2026-09-04 05:10,29611.00,29623.50,29608.50,29621.50,436
2026-09-04 05:15,29621.00,29643.00,29620.50,29641.25,889
2026-09-04 05:20,29641.50,29643.00,29630.50,29635.75,573
2026-09-04 05:25,29635.75,29639.00,29620.25,29622.75,388
2026-09-04 05:30,29622.00,29625.25,29617.25,29622.75,331
2026-09-04 05:35,29622.75,29622.75,29613.50,29618.50,386
2026-09-04 05:40,29618.25,29620.00,29605.50,29608.50,446
2026-09-04 05:45,29609.25,29613.00,29600.00,29601.00,296
2026-09-04 05:50,29601.25,29601.25,29591.50,29600.00,555
2026-09-04 05:55,29599.75,29622.00,29597.25,29620.75,757
2026-09-04 06:00,29620.25,29634.50,29617.00,29625.50,865
2026-09-04 06:05,29624.50,29631.75,29621.75,29629.50,376
2026-09-04 06:10,29629.00,29643.75,29626.00,29642.25,653
2026-09-04 06:15,29641.75,29642.00,29622.50,29630.75,444
2026-09-04 06:20,29631.00,29642.25,29629.50,29633.25,543
2026-09-04 06:25,29633.25,29640.00,29629.00,29631.25,347
2026-09-04 06:30,29631.50,29633.00,29607.00,29607.75,476
2026-09-04 06:35,29608.50,29609.00,29598.00,29600.50,551
2026-09-04 06:40,29601.75,29612.75,29595.75,29604.00,525
2026-09-04 06:45,29603.50,29604.00,29587.50,29591.25,320
2026-09-04 06:50,29590.50,29591.00,29578.50,29584.00,482
2026-09-04 06:55,29584.25,29584.75,29574.00,29576.75,394
2026-09-04 07:00,29577.75,29598.50,29575.25,29594.00,642
2026-09-04 07:05,29594.75,29604.75,29584.75,29604.75,519
2026-09-04 07:10,29604.00,29623.75,29603.75,29620.00,721
2026-09-04 07:15,29619.50,29621.25,29607.25,29617.00,436
2026-09-04 07:20,29619.00,29623.00,29613.50,29618.00,226
2026-09-04 07:25,29615.50,29637.25,29609.25,29636.25,416
2026-09-04 07:30,29635.75,29646.75,29634.00,29643.50,769
2026-09-04 07:35,29643.25,29646.00,29628.00,29639.25,428
2026-09-04 07:40,29639.00,29653.00,29636.25,29646.75,573
2026-09-04 07:45,29646.50,29658.25,29643.00,29657.75,496
2026-09-04 07:50,29656.75,29657.75,29647.00,29647.00,303
2026-09-04 07:55,29648.00,29654.50,29641.25,29652.25,321
2026-09-04 08:00,29653.75,29663.00,29635.50,29649.75,1113
2026-09-04 08:05,29650.00,29669.25,29642.50,29658.00,795
2026-09-04 08:10,29659.00,29667.50,29648.00,29650.25,574
2026-09-04 08:15,29650.75,29656.50,29646.75,29653.25,302
2026-09-04 08:20,29654.00,29664.75,29645.00,29645.00,413
2026-09-04 08:25,29645.75,29672.00,29645.75,29668.50,489
2026-09-04 08:30,29670.00,29673.00,29654.75,29657.25,383
2026-09-04 08:35,29657.75,29659.00,29643.75,29649.25,309
2026-09-04 08:40,29649.50,29659.25,29647.00,29658.50,319
2026-09-04 08:45,29658.25,29661.25,29650.00,29651.00,320
2026-09-04 08:50,29650.00,29663.25,29647.00,29658.00,351
2026-09-04 08:55,29659.00,29664.75,29654.00,29658.50,283
2026-09-04 09:00,29657.50,29658.25,29645.25,29645.25,283
2026-09-04 09:05,29646.25,29653.25,29639.25,29642.00,431
2026-09-04 09:10,29643.50,29644.00,29625.25,29628.50,470
2026-09-04 09:15,29629.75,29642.50,29626.00,29641.50,411
2026-09-04 09:20,29641.50,29642.00,29616.50,29621.00,460
2026-09-04 09:25,29621.25,29628.00,29617.00,29624.50,244
2026-09-04 09:30,29625.75,29635.25,29618.50,29629.00,349
2026-09-04 09:35,29630.50,29638.50,29630.00,29637.25,208
2026-09-04 09:40,29638.00,29647.00,29637.00,29643.00,279
2026-09-04 09:45,29644.50,29653.25,29643.50,29651.00,247
2026-09-04 09:50,29651.00,29660.75,29643.75,29655.75,350
2026-09-04 09:55,29655.00,29661.75,29649.25,29657.25,370
2026-09-04 10:00,29656.75,29668.75,29655.00,29662.50,500
2026-09-04 10:05,29662.25,29663.75,29653.25,29660.25,255
2026-09-04 10:10,29659.75,29665.50,29654.75,29661.50,223
2026-09-04 10:15,29660.75,29666.50,29658.50,29666.50,181
2026-09-04 10:20,29666.75,29670.25,29661.00,29668.75,198
2026-09-04 10:25,29668.50,29686.00,29665.50,29678.50,873
2026-09-04 10:30,29676.50,29680.75,29670.25,29672.25,310
2026-09-04 10:35,29672.00,29682.75,29668.50,29680.75,334
2026-09-04 10:40,29681.75,29683.75,29674.00,29679.50,205
2026-09-04 10:45,29680.00,29704.50,29679.25,29684.50,892
2026-09-04 10:50,29685.00,29685.00,29675.75,29682.50,265
2026-09-04 10:55,29682.25,29684.25,29677.50,29680.00,220
2026-09-04 11:00,29681.50,29686.00,29650.75,29656.75,870
2026-09-04 11:05,29655.50,29663.25,29651.00,29653.00,316
2026-09-04 11:10,29652.25,29663.25,29651.25,29660.00,274
2026-09-04 11:15,29660.50,29666.00,29657.00,29657.75,303
2026-09-04 11:20,29658.25,29667.50,29655.50,29663.00,305
2026-09-04 11:25,29662.25,29676.75,29661.25,29662.50,373
2026-09-04 11:30,29663.75,29676.00,29661.00,29669.25,362
2026-09-04 11:35,29669.25,29676.25,29667.75,29670.75,329
2026-09-04 11:40,29669.50,29675.00,29666.00,29671.25,354
2026-09-04 11:45,29671.00,29678.75,29666.50,29677.25,346
2026-09-04 11:50,29677.25,29685.25,29676.25,29682.00,324
2026-09-04 11:55,29681.50,29690.00,29677.25,29683.25,550
2026-09-04 12:00,29682.00,29686.25,29653.75,29657.00,1019
2026-09-04 12:05,29655.75,29665.75,29627.00,29660.00,1651
2026-09-04 12:10,29660.25,29663.25,29636.25,29643.25,923
2026-09-04 12:15,29642.25,29657.00,29631.75,29656.50,857
2026-09-04 12:20,29656.25,29668.00,29654.75,29666.50,631
2026-09-04 12:25,29666.75,29694.00,29662.50,29674.25,1222
2026-09-04 12:30,29674.50,29693.75,29531.25,29552.50,7947
2026-09-04 12:35,29553.75,29574.00,29540.00,29556.50,3915
2026-09-04 12:40,29555.50,29587.00,29555.00,29557.75,2865
2026-09-04 12:45,29557.25,29557.75,29502.00,29518.25,3932
2026-09-04 12:50,29518.50,29548.25,29515.50,29530.00,3068
2026-09-04 12:55,29529.00,29550.25,29518.00,29546.50,1906
2026-09-04 13:00,29547.00,29551.75,29523.00,29536.75,2924
2026-09-04 13:05,29536.75,29556.75,29532.00,29534.50,1696
2026-09-04 13:10,29533.75,29550.50,29527.75,29548.25,1057
2026-09-04 13:15,29548.25,29564.50,29546.75,29564.00,1640
2026-09-04 13:20,29563.50,29587.50,29561.25,29583.75,2365
2026-09-04 13:25,29582.75,29591.00,29572.50,29588.00,3101
2026-09-04 13:30,29588.75,29635.00,29554.50,29634.00,16831
2026-09-04 13:35,29634.00,29644.50,29611.25,29628.75,10982
2026-09-04 13:40,29628.50,29647.00,29597.75,29616.50,11510
2026-09-04 13:45,29616.25,29649.00,29577.50,29634.00,9506
2026-09-04 13:50,29634.50,29664.75,29609.75,29660.00,7634
2026-09-04 13:55,29660.25,29691.75,29652.25,29691.00,7281
2026-09-04 14:00,29690.50,29691.00,29653.75,29668.00,7377
2026-09-04 14:05,29668.25,29675.50,29641.00,29644.50,6495
2026-09-04 14:10,29644.50,29654.75,29594.00,29648.50,9479
2026-09-04 14:15,29648.00,29649.75,29600.00,29601.75,6778
2026-09-04 14:20,29601.75,29611.25,29579.00,29595.75,8460
2026-09-04 14:25,29595.50,29602.50,29564.75,29595.50,7708
2026-09-04 14:30,29596.25,29598.25,29554.00,29559.00,7001
2026-09-04 14:35,29559.00,29589.25,29558.25,29587.75,5384
2026-09-04 14:40,29587.00,29587.00,29531.00,29533.50,6933
2026-09-04 14:45,29533.25,29544.25,29510.00,29510.25,6789
2026-09-04 14:50,29510.75,29535.50,29508.75,29516.25,6038
2026-09-04 14:55,29516.25,29530.00,29498.75,29521.00,6173
2026-09-04 15:00,29520.00,29529.00,29497.25,29516.25,5852
2026-09-04 15:05,29515.25,29531.50,29503.25,29525.50,4858
2026-09-04 15:10,29525.25,29541.25,29511.25,29540.50,4787
2026-09-04 15:15,29540.75,29543.00,29493.25,29501.25,6066
2026-09-04 15:20,29501.25,29512.00,29484.25,29502.50,5085
2026-09-04 15:25,29502.75,29512.75,29495.00,29506.75,3491
2026-09-04 15:30,29506.75,29510.75,29478.00,29491.25,5555
2026-09-04 15:35,29491.25,29506.75,29490.25,29501.25,2578
2026-09-04 15:40,29501.75,29524.50,29497.25,29520.50,3452
2026-09-04 15:45,29520.00,29522.25,29487.00,29501.75,3989
2026-09-04 15:50,29501.25,29516.25,29494.75,29503.75,3284
2026-09-04 15:55,29503.75,29519.00,29497.50,29515.00,2836
2026-09-04 16:00,29514.75,29520.00,29505.00,29514.25,2439
2026-09-04 16:05,29514.00,29536.75,29507.25,29532.00,3626
2026-09-04 16:10,29532.50,29554.25,29527.00,29547.75,3756
2026-09-04 16:15,29548.00,29548.25,29536.00,29543.75,2495
2026-09-04 16:20,29544.00,29565.25,29544.00,29554.00,3216
2026-09-04 16:25,29553.75,29560.75,29546.50,29554.00,2492
2026-09-04 16:30,29554.50,29571.50,29548.75,29570.75,2942
2026-09-04 16:35,29571.00,29574.00,29557.00,29561.50,2749
2026-09-04 16:40,29561.75,29569.25,29558.00,29568.00,2211
2026-09-04 16:45,29568.25,29589.50,29565.00,29587.75,3644
2026-09-04 16:50,29588.00,29595.75,29584.00,29585.50,2960
2026-09-04 16:55,29584.75,29588.00,29575.50,29576.00,2761
2026-09-04 17:00,29576.25,29580.50,29544.75,29551.00,3734
2026-09-04 17:05,29551.00,29560.75,29538.25,29539.75,2916
2026-09-04 17:10,29539.25,29546.50,29531.75,29535.25,2263
2026-09-04 17:15,29534.75,29543.50,29526.50,29531.25,2812
2026-09-04 17:20,29531.75,29535.50,29517.00,29517.75,2377
2026-09-04 17:25,29518.25,29527.50,29504.25,29508.00,2637
2026-09-04 17:30,29508.00,29508.50,29485.00,29493.50,3633
2026-09-04 17:35,29493.75,29501.25,29489.25,29495.25,2305
2026-09-04 17:40,29494.75,29496.25,29474.75,29478.25,3603
2026-09-04 17:45,29479.00,29492.50,29468.00,29484.25,3923
2026-09-04 17:50,29483.75,29496.00,29481.00,29485.75,3084
2026-09-04 17:55,29486.00,29498.25,29480.50,29491.75,2194
2026-09-04 18:00,29491.50,29497.75,29472.25,29476.00,2987
2026-09-04 18:05,29476.75,29490.00,29471.25,29489.00,2700
2026-09-04 18:10,29489.00,29497.25,29485.75,29489.00,2196
2026-09-04 18:15,29488.25,29506.00,29484.50,29504.75,2564
2026-09-04 18:20,29505.00,29514.50,29500.75,29506.50,2512
2026-09-04 18:25,29506.50,29512.00,29502.00,29511.00,2160
2026-09-04 18:30,29511.00,29518.25,29511.00,29517.25,2275
2026-09-04 18:35,29517.50,29519.50,29504.00,29511.25,2382
2026-09-04 18:40,29511.25,29524.50,29504.50,29520.75,2580
2026-09-04 18:45,29521.25,29528.50,29520.00,29527.25,2106
2026-09-04 18:50,29527.00,29531.00,29521.25,29528.75,1518
2026-09-04 18:55,29528.75,29542.50,29525.50,29538.75,2429
2026-09-04 19:00,29538.75,29544.00,29510.75,29512.25,3706
2026-09-04 19:05,29512.50,29518.25,29506.75,29509.50,2060
2026-09-04 19:10,29509.75,29519.00,29507.00,29511.25,1573
2026-09-04 19:15,29511.00,29522.00,29510.50,29514.75,1424
2026-09-04 19:20,29514.75,29524.50,29514.00,29522.75,1693
2026-09-04 19:25,29522.75,29531.25,29521.00,29526.50,2151
2026-09-04 19:30,29526.50,29540.00,29519.25,29538.00,2667
2026-09-04 19:35,29538.00,29547.50,29526.75,29534.00,2968
2026-09-04 19:40,29534.00,29542.25,29530.25,29541.00,1967
2026-09-04 19:45,29540.75,29553.00,29540.00,29551.00,3420
2026-09-04 19:50,29551.00,29578.50,29551.00,29576.50,7329
2026-09-04 19:55,29576.25,29586.50,29558.50,29569.25,14481
2026-09-04 20:00,29568.75,29569.00,29543.25,29544.00,4663
2026-09-04 20:05,29544.00,29545.50,29529.50,29534.75,1761
2026-09-04 20:10,29534.75,29546.75,29534.00,29541.25,1307
2026-09-04 20:15,29541.25,29543.25,29537.00,29538.25,502
2026-09-04 20:20,29539.00,29540.25,29529.75,29532.00,372
2026-09-04 20:25,29532.25,29534.25,29530.00,29531.50,319
2026-09-04 20:30,29531.75,29532.00,29514.50,29518.75,985
2026-09-04 20:35,29518.50,29529.75,29516.75,29524.25,722
2026-09-04 20:40,29524.75,29531.25,29523.75,29530.75,420
2026-09-04 20:45,29530.50,29532.50,29525.00,29526.00,612
2026-09-04 20:50,29526.25,29529.75,29524.00,29528.75,656
2026-09-04 20:55,29528.75,29565.25,29519.50,29565.25,704
2026-09-08 04:00,29742.75,29743.75,29730.50,29734.00,656
2026-09-08 04:05,29733.75,29749.75,29733.50,29747.25,503
2026-09-08 04:10,29747.25,29747.25,29739.75,29740.25,332
2026-09-08 04:15,29739.75,29745.25,29734.00,29743.50,352
2026-09-08 04:20,29742.75,29750.50,29741.25,29749.25,270
2026-09-08 04:25,29748.75,29752.00,29740.75,29745.50,364
2026-09-08 04:30,29746.25,29750.50,29736.25,29738.00,458
2026-09-08 04:35,29737.50,29758.50,29728.25,29758.00,876
2026-09-08 04:40,29758.50,29764.00,29750.75,29758.75,613
2026-09-08 04:45,29758.25,29764.75,29745.75,29751.00,562
2026-09-08 04:50,29751.50,29754.00,29741.00,29744.25,544
2026-09-08 04:55,29745.50,29749.25,29731.00,29737.25,531
2026-09-08 05:00,29738.50,29739.75,29726.00,29727.00,602
2026-09-08 05:05,29726.50,29729.25,29696.50,29700.75,1269
2026-09-08 05:10,29700.50,29700.50,29680.00,29683.50,1108
2026-09-08 05:15,29685.50,29715.50,29675.00,29715.50,1040
2026-09-08 05:20,29716.50,29733.25,29709.00,29712.75,960
2026-09-08 05:25,29712.00,29719.00,29678.50,29678.75,838
2026-09-08 05:30,29679.50,29680.00,29645.00,29647.50,1564
2026-09-08 05:35,29648.25,29685.25,29645.00,29684.75,1048
2026-09-08 05:40,29684.00,29685.00,29631.75,29636.75,1403
2026-09-08 05:45,29636.50,29647.50,29632.50,29643.00,853
2026-09-08 05:50,29642.00,29643.25,29614.25,29615.25,1094
2026-09-08 05:55,29615.50,29624.00,29610.00,29612.25,788
2026-09-08 06:00,29612.25,29622.25,29596.75,29611.50,1577
2026-09-08 06:05,29609.75,29610.75,29587.50,29605.00,1171
2026-09-08 06:10,29605.25,29605.25,29581.75,29591.00,996
2026-09-08 06:15,29588.75,29591.75,29548.75,29548.75,1488
2026-09-08 06:20,29550.00,29584.50,29545.50,29573.00,1164
2026-09-08 06:25,29573.00,29586.75,29566.75,29576.25,832
2026-09-08 06:30,29576.25,29588.00,29568.00,29574.75,995
2026-09-08 06:35,29575.00,29601.25,29558.25,29600.25,1301
2026-09-08 06:40,29599.75,29613.50,29598.50,29608.00,1058
2026-09-08 06:45,29608.75,29620.25,29606.00,29609.25,759
2026-09-08 06:50,29608.75,29613.75,29580.50,29586.75,859
2026-09-08 06:55,29587.75,29602.75,29586.75,29600.25,644
2026-09-08 07:00,29601.00,29614.50,29586.50,29613.50,1069
2026-09-08 07:05,29612.75,29638.75,29605.00,29605.50,1143
2026-09-08 07:10,29605.25,29619.75,29598.00,29609.50,814
2026-09-08 07:15,29609.50,29616.75,29595.50,29614.50,876
2026-09-08 07:20,29615.50,29625.75,29596.75,29625.25,779
2026-09-08 07:25,29625.75,29628.75,29616.00,29623.75,487
2026-09-08 07:30,29622.75,29624.50,29585.25,29588.50,809
2026-09-08 07:35,29588.75,29595.25,29563.00,29563.00,1030
2026-09-08 07:40,29564.75,29573.50,29550.00,29562.50,939
2026-09-08 07:45,29564.50,29566.75,29553.00,29563.50,529
2026-09-08 07:50,29562.50,29562.50,29534.75,29539.00,659
2026-09-08 07:55,29538.25,29553.25,29529.75,29535.50,730
2026-09-08 08:00,29534.50,29541.25,29481.75,29486.75,2901
2026-09-08 08:05,29486.75,29534.50,29484.25,29496.25,1760
2026-09-08 08:10,29496.25,29514.00,29477.75,29512.50,1177
2026-09-08 08:15,29512.75,29530.25,29511.25,29514.75,987
2026-09-08 08:20,29514.50,29519.25,29496.00,29510.25,836
2026-09-08 08:25,29511.75,29526.50,29498.50,29499.75,831
2026-09-08 08:30,29499.50,29525.75,29490.50,29523.25,926
2026-09-08 08:35,29521.75,29522.75,29493.25,29504.00,448
2026-09-08 08:40,29505.25,29511.50,29496.75,29502.00,421
2026-09-08 08:45,29502.25,29533.00,29489.50,29504.25,1246
2026-09-08 08:50,29507.25,29512.25,29490.00,29501.50,527
2026-09-08 08:55,29503.00,29509.25,29494.00,29507.00,483
2026-09-08 09:00,29507.00,29516.50,29484.50,29510.00,770
2026-09-08 09:05,29509.50,29528.75,29508.25,29528.50,450
2026-09-08 09:10,29529.25,29546.25,29525.00,29545.75,677
2026-09-08 09:15,29544.00,29546.50,29530.75,29535.00,317
2026-09-08 09:20,29533.50,29545.50,29528.75,29544.75,307
2026-09-08 09:25,29544.75,29549.25,29535.00,29547.75,417
2026-09-08 09:30,29549.25,29566.25,29542.75,29561.75,570
2026-09-08 09:35,29562.75,29576.00,29557.75,29575.25,839
2026-09-08 09:40,29573.00,29587.00,29561.00,29568.00,1154
2026-09-08 09:45,29568.00,29586.50,29566.75,29584.50,486
2026-09-08 09:50,29584.25,29591.50,29581.50,29588.75,425
2026-09-08 09:55,29588.75,29600.50,29586.00,29599.75,462
2026-09-08 10:00,29600.00,29600.00,29584.50,29586.75,525
2026-09-08 10:05,29587.00,29590.25,29580.25,29581.75,293
2026-09-08 10:10,29581.00,29586.50,29572.75,29584.50,453
2026-09-08 10:15,29584.25,29598.50,29583.25,29598.25,324
2026-09-08 10:20,29598.50,29649.00,29595.25,29606.00,2311
2026-09-08 10:25,29606.75,29612.00,29601.25,29607.75,450
2026-09-08 10:30,29607.75,29608.25,29581.75,29589.00,625
2026-09-08 10:35,29588.75,29597.50,29587.50,29594.25,243
2026-09-08 10:40,29594.50,29596.25,29586.75,29592.75,447
2026-09-08 10:45,29591.25,29592.50,29566.50,29569.00,841
2026-09-08 10:50,29569.00,29572.00,29546.50,29562.00,1107
2026-09-08 10:55,29561.50,29577.00,29561.50,29568.00,514
2026-09-08 11:00,29568.50,29580.00,29560.25,29570.50,658
2026-09-08 11:05,29571.00,29583.75,29538.50,29560.00,1356
2026-09-08 11:10,29559.50,29560.25,29533.50,29547.00,786
2026-09-08 11:15,29546.75,29574.25,29545.00,29574.25,712
2026-09-08 11:20,29574.25,29576.50,29555.75,29567.25,486
2026-09-08 11:25,29566.75,29571.25,29559.00,29562.25,299
2026-09-08 11:30,29563.00,29575.50,29557.00,29570.75,483
2026-09-08 11:35,29571.50,29572.50,29559.50,29559.50,433
2026-09-08 11:40,29559.00,29562.00,29546.00,29547.00,399
2026-09-08 11:45,29547.00,29553.50,29538.50,29546.75,628
2026-09-08 11:50,29546.00,29572.00,29545.75,29570.75,818
2026-09-08 11:55,29571.25,29601.75,29571.25,29601.00,1186
2026-09-08 12:00,29601.00,29601.00,29573.50,29580.75,901
2026-09-08 12:05,29580.75,29590.00,29572.25,29587.50,640
2026-09-08 12:10,29587.50,29587.50,29551.25,29555.00,824
2026-09-08 12:15,29555.75,29580.00,29548.00,29579.00,726
2026-09-08 12:20,29578.75,29586.25,29568.00,29580.25,857
2026-09-08 12:25,29579.25,29595.50,29579.25,29595.50,630
2026-09-08 12:30,29595.25,29626.00,29591.00,29620.75,1475
2026-09-08 12:35,29620.50,29627.00,29608.50,29616.50,907
2026-09-08 12:40,29616.50,29621.25,29604.75,29615.00,972
2026-09-08 12:45,29615.00,29629.25,29604.25,29626.00,934
2026-09-08 12:50,29626.50,29638.00,29621.50,29637.75,981
2026-09-08 12:55,29637.50,29654.75,29630.25,29654.00,1375
2026-09-08 13:00,29653.75,29654.75,29634.50,29647.75,1698
2026-09-08 13:05,29647.50,29656.00,29640.50,29645.25,1364
2026-09-08 13:10,29645.75,29660.00,29643.75,29658.50,855
2026-09-08 13:15,29659.00,29667.25,29651.25,29667.25,1149
2026-09-08 13:20,29666.25,29668.25,29653.25,29655.00,1663
2026-09-08 13:25,29655.25,29662.00,29635.75,29644.50,3585
2026-09-08 13:30,29644.75,29686.50,29572.00,29600.50,19308
2026-09-08 13:35,29600.25,29613.25,29560.50,29568.00,12146
2026-09-08 13:40,29567.50,29573.50,29467.00,29474.00,13689
2026-09-08 13:45,29474.25,29527.50,29469.75,29526.75,11886
2026-09-08 13:50,29526.75,29527.75,29455.25,29501.00,10582
2026-09-08 13:55,29501.50,29538.50,29489.50,29502.75,9247
2026-09-08 14:00,29503.25,29512.50,29436.25,29483.25,12587
2026-09-08 14:05,29484.50,29491.25,29451.75,29453.25,7440
2026-09-08 14:10,29452.75,29479.50,29424.75,29462.50,8549
2026-09-08 14:15,29462.25,29493.75,29458.50,29479.25,7423
2026-09-08 14:20,29480.50,29524.75,29476.00,29522.25,6289
2026-09-08 14:25,29520.50,29521.75,29484.00,29516.75,5010
2026-09-08 14:30,29516.00,29525.25,29490.00,29522.75,5293
2026-09-08 14:35,29522.25,29524.50,29496.50,29506.25,3795
2026-09-08 14:40,29505.75,29538.00,29503.75,29530.00,4109
2026-09-08 14:45,29530.75,29534.00,29511.75,29527.00,4835
2026-09-08 14:50,29526.50,29551.50,29523.00,29549.25,5365
2026-09-08 14:55,29549.25,29563.50,29540.00,29563.00,4330
2026-09-08 15:00,29563.00,29567.75,29549.50,29558.25,4014
2026-09-08 15:05,29558.25,29568.50,29545.50,29557.25,3066
2026-09-08 15:10,29557.00,29610.00,29555.50,29602.75,6303
2026-09-08 15:15,29603.00,29624.50,29593.75,29618.50,5212
2026-09-08 15:20,29618.50,29620.00,29581.00,29617.75,5562
2026-09-08 15:25,29617.25,29639.50,29605.75,29609.00,6050
2026-09-08 15:30,29609.25,29621.25,29600.75,29610.75,3373
2026-09-08 15:35,29610.75,29612.75,29595.50,29611.50,3013
2026-09-08 15:40,29612.00,29645.25,29606.75,29641.50,4453
2026-09-08 15:45,29641.50,29644.00,29606.50,29612.75,4126
2026-09-08 15:50,29612.75,29626.50,29607.50,29613.75,3237
2026-09-08 15:55,29613.75,29621.50,29599.00,29604.25,3076
2026-09-08 16:00,29604.25,29618.00,29596.75,29618.00,3248
2026-09-08 16:05,29617.00,29622.00,29589.00,29589.75,2947
2026-09-08 16:10,29589.75,29595.00,29577.50,29589.50,2891
2026-09-08 16:15,29588.75,29589.75,29569.25,29569.50,2793
2026-09-08 16:20,29569.00,29591.75,29562.50,29591.75,3073
2026-09-08 16:25,29592.00,29604.50,29565.75,29567.75,3450
2026-09-08 16:30,29568.50,29583.75,29561.75,29575.50,3079
2026-09-08 16:35,29575.50,29583.00,29569.25,29575.00,2178
2026-09-08 16:40,29575.50,29584.50,29568.00,29575.50,2173
2026-09-08 16:45,29575.00,29595.75,29570.25,29590.50,2360
2026-09-08 16:50,29590.25,29609.25,29582.75,29595.25,3905
2026-09-08 16:55,29596.25,29599.25,29549.50,29573.50,5491
2026-09-08 17:00,29572.75,29631.50,29572.00,29630.25,4379
2026-09-08 17:05,29630.50,29641.50,29616.50,29620.50,3217
2026-09-08 17:10,29620.75,29632.75,29619.00,29628.75,1904
2026-09-08 17:15,29628.00,29633.50,29620.75,29625.50,1906
2026-09-08 17:20,29626.25,29629.25,29612.00,29623.25,2196
2026-09-08 17:25,29622.50,29624.50,29606.25,29615.75,1972
2026-09-08 17:30,29616.50,29632.50,29614.75,29627.00,2061
2026-09-08 17:35,29627.75,29631.75,29619.75,29620.75,1593
2026-09-08 17:40,29620.50,29620.75,29598.00,29599.50,2326
2026-09-08 17:45,29600.00,29611.50,29600.00,29606.00,1586
2026-09-08 17:50,29605.75,29613.25,29595.75,29608.50,1911
2026-09-08 17:55,29608.50,29609.00,29588.75,29590.00,1990
2026-09-08 18:00,29590.50,29599.50,29587.00,29598.00,2362
2026-09-08 18:05,29597.75,29611.00,29596.00,29606.75,2048
2026-09-08 18:10,29606.00,29613.50,29600.00,29605.25,2048
2026-09-08 18:15,29605.00,29615.50,29603.50,29609.50,1956
2026-09-08 18:20,29609.75,29614.00,29590.00,29592.00,2147
2026-09-08 18:25,29592.00,29600.25,29588.50,29597.00,1824
2026-09-08 18:30,29597.25,29600.50,29590.50,29591.25,1358
2026-09-08 18:35,29591.25,29596.50,29579.75,29585.00,2754
2026-09-08 18:40,29585.00,29604.50,29578.00,29602.75,2563
2026-09-08 18:45,29603.25,29611.00,29519.75,29545.00,9156
2026-09-08 18:50,29545.50,29580.75,29535.75,29575.25,6024
2026-09-08 18:55,29575.25,29586.00,29570.00,29576.25,3030
2026-09-08 19:00,29576.25,29586.25,29560.25,29569.50,2713
2026-09-08 19:05,29568.75,29583.50,29565.00,29568.00,2830
2026-09-08 19:10,29568.50,29580.00,29566.25,29574.75,2097
2026-09-08 19:15,29575.00,29579.25,29559.00,29561.00,1694
2026-09-08 19:20,29560.25,29570.25,29546.25,29550.25,2192
2026-09-08 19:25,29549.75,29568.50,29544.75,29564.00,2251
2026-09-08 19:30,29564.50,29566.25,29547.75,29562.75,2443
2026-09-08 19:35,29562.75,29564.00,29549.00,29555.50,1912
2026-09-08 19:40,29555.25,29560.00,29543.50,29549.00,1908
2026-09-08 19:45,29549.00,29552.75,29524.75,29544.75,4669
2026-09-08 19:50,29545.00,29551.75,29496.00,29507.75,11050
2026-09-08 19:55,29508.00,29549.50,29500.00,29543.50,15489
2026-09-08 20:00,29543.00,29550.75,29507.50,29517.25,5301
2026-09-08 20:05,29517.00,29524.00,29506.00,29520.50,1886
2026-09-08 20:10,29520.00,29527.50,29519.50,29524.25,1151
2026-09-08 20:15,29524.25,29528.25,29514.50,29520.25,793
2026-09-08 20:20,29520.25,29526.75,29518.00,29523.00,355
2026-09-08 20:25,29522.75,29527.50,29506.50,29507.75,1597
2026-09-08 20:30,29507.50,29511.50,29503.50,29510.25,700
2026-09-08 20:35,29510.25,29517.50,29510.25,29515.25,321
2026-09-08 20:40,29514.25,29524.75,29513.25,29521.25,497
2026-09-08 20:45,29522.00,29523.50,29518.50,29520.75,293
2026-09-08 20:50,29520.00,29527.00,29520.00,29525.25,245
2026-09-08 20:55,29525.00,29527.25,29520.25,29525.75,383
2026-09-08 22:00,29526.50,29539.25,29503.00,29535.75,0
2026-09-08 22:05,29533.50,29535.75,29525.00,29527.00,389
2026-09-08 22:10,29526.50,29528.00,29521.75,29521.75,164
2026-09-08 22:15,29521.75,29527.75,29518.25,29523.75,264
2026-09-08 22:20,29523.75,29526.25,29508.00,29516.75,565
2026-09-08 22:25,29517.75,29529.00,29517.75,29521.50,274
2026-09-08 22:30,29522.25,29524.50,29516.00,29521.50,258
2026-09-08 22:35,29523.00,29525.75,29520.00,29524.50,128
2026-09-08 22:40,29525.00,29530.00,29524.75,29527.50,206
2026-09-08 22:45,29527.50,29535.00,29526.75,29534.00,151
2026-09-08 22:50,29533.50,29537.25,29529.75,29534.50,217
2026-09-08 22:55,29534.00,29547.00,29533.00,29544.75,440
2026-09-08 23:00,29544.50,29546.50,29532.25,29536.00,237
2026-09-08 23:05,29536.75,29538.50,29533.25,29533.50,226
2026-09-08 23:10,29534.25,29535.50,29529.50,29531.50,211
2026-09-08 23:15,29531.25,29531.25,29517.00,29524.50,432
2026-09-08 23:20,29524.25,29528.00,29519.50,29526.25,237
2026-09-08 23:25,29526.00,29526.75,29513.00,29516.75,385
2026-09-08 23:30,29515.75,29519.25,29513.50,29513.75,191
2026-09-08 23:35,29513.75,29513.75,29501.50,29507.50,469
2026-09-08 23:40,29507.00,29512.00,29503.75,29506.25,238
2026-09-08 23:45,29507.00,29512.00,29496.00,29502.00,567
2026-09-08 23:50,29503.50,29505.25,29489.75,29490.50,597
2026-09-08 23:55,29490.00,29504.00,29489.75,29498.50,739
2026-09-09 00:00,29500.75,29548.25,29499.50,29545.50,1577
2026-09-09 00:05,29545.25,29561.75,29536.00,29537.50,1370
2026-09-09 00:10,29536.50,29550.50,29533.00,29539.00,658
2026-09-09 00:15,29539.75,29539.75,29517.00,29532.00,1167
2026-09-09 00:20,29531.75,29537.50,29525.75,29528.75,570
2026-09-09 00:25,29528.75,29530.25,29516.00,29525.25,589
2026-09-09 00:30,29523.75,29529.00,29509.00,29522.25,684
2026-09-09 00:35,29521.75,29532.00,29511.50,29528.00,548
2026-09-09 00:40,29528.75,29540.00,29515.50,29537.75,637
2026-09-09 00:45,29538.25,29543.50,29532.25,29539.00,440
2026-09-09 00:50,29539.25,29562.25,29539.25,29559.25,938
2026-09-09 00:55,29559.00,29564.00,29551.75,29559.75,590
2026-09-09 01:00,29559.75,29573.50,29555.75,29563.25,1094
2026-09-09 01:05,29563.75,29578.75,29558.50,29577.25,957
2026-09-09 01:10,29578.50,29581.00,29573.00,29574.50,376
2026-09-09 01:15,29575.25,29581.25,29569.50,29578.25,774
2026-09-09 01:20,29578.00,29596.75,29575.00,29594.00,1203
2026-09-09 01:25,29594.00,29599.50,29588.25,29590.00,826
2026-09-09 01:30,29589.75,29596.25,29577.50,29594.75,721
2026-09-09 01:35,29596.00,29607.50,29594.50,29603.25,1056
2026-09-09 01:40,29603.00,29603.75,29589.50,29593.25,407
2026-09-09 01:45,29593.25,29608.50,29593.25,29601.25,571
2026-09-09 01:50,29599.75,29601.00,29581.50,29590.75,657
2026-09-09 01:55,29591.75,29597.25,29585.50,29593.25,292
2026-09-09 02:00,29593.50,29612.50,29591.00,29608.75,626
2026-09-09 02:05,29609.00,29610.00,29597.00,29607.25,462
2026-09-09 02:10,29606.50,29612.25,29589.00,29594.25,529
2026-09-09 02:15,29594.50,29595.50,29583.25,29590.25,571
2026-09-09 02:20,29591.00,29603.75,29587.00,29601.50,402
2026-09-09 02:25,29601.50,29604.25,29597.50,29601.00,346
2026-09-09 02:30,29601.50,29606.00,29596.75,29602.75,516
2026-09-09 02:35,29602.25,29606.75,29597.25,29605.50,251
2026-09-09 02:40,29605.25,29624.75,29604.75,29620.75,1116
2026-09-09 02:45,29620.25,29625.50,29614.50,29619.25,435
2026-09-09 02:50,29619.75,29621.75,29613.00,29616.00,274
2026-09-09 02:55,29615.00,29615.00,29606.25,29611.00,325
2026-09-09 03:00,29611.50,29613.75,29591.50,29591.50,641
2026-09-09 03:05,29592.00,29594.50,29583.75,29589.00,428
2026-09-09 03:10,29589.25,29600.50,29584.75,29591.00,710
2026-09-09 03:15,29590.50,29603.50,29590.50,29594.00,454
2026-09-09 03:20,29596.00,29598.75,29589.00,29594.50,366
2026-09-09 03:25,29594.25,29602.75,29590.00,29596.50,310
2026-09-09 03:30,29597.75,29604.25,29588.25,29591.25,381
2026-09-09 03:35,29591.00,29598.75,29589.75,29595.50,333
2026-09-09 03:40,29594.25,29596.25,29587.00,29591.00,218
2026-09-09 03:45,29589.25,29591.50,29575.00,29575.75,670
2026-09-09 03:50,29576.75,29581.50,29560.50,29565.50,776
2026-09-09 03:55,29564.25,29572.00,29564.25,29566.75,308
2026-09-09 04:05,29577.00,29578.25,29570.25,29571.00,1315
2026-09-09 04:10,29570.00,29572.00,29549.00,29557.00,1160
2026-09-09 04:15,29556.50,29563.25,29553.50,29558.50,380
2026-09-09 04:20,29557.50,29589.75,29557.50,29587.25,645
2026-09-09 04:25,29586.00,29593.00,29578.50,29581.25,537
2026-09-09 04:30,29580.25,29598.00,29573.00,29597.75,481
2026-09-09 04:35,29596.75,29606.50,29596.75,29600.75,425
2026-09-09 04:40,29600.00,29607.00,29595.50,29603.75,265
2026-09-09 04:45,29604.25,29608.00,29600.00,29607.00,283
2026-09-09 04:50,29607.00,29613.75,29602.00,29612.75,329
2026-09-09 04:55,29612.00,29620.25,29612.00,29614.00,516
2026-09-09 05:00,29614.50,29616.25,29599.75,29605.25,535
2026-09-09 05:05,29605.25,29608.00,29597.00,29605.50,309
2026-09-09 05:10,29607.75,29613.75,29602.25,29605.50,176
2026-09-09 05:15,29604.75,29604.75,29580.75,29582.50,490
2026-09-09 05:20,29583.75,29583.75,29565.75,29580.50,810
2026-09-09 05:25,29581.50,29589.25,29575.00,29580.25,613
2026-09-09 05:30,29580.75,29592.00,29562.00,29579.00,747
2026-09-09 05:35,29579.50,29588.50,29573.25,29580.25,397
2026-09-09 05:40,29581.00,29590.25,29574.50,29576.50,315
2026-09-09 05:45,29578.75,29587.50,29573.75,29587.00,213
2026-09-09 05:50,29586.25,29606.75,29585.50,29605.25,511
2026-09-09 05:55,29607.25,29621.50,29600.25,29621.25,626
2026-09-09 06:00,29621.75,29628.50,29616.00,29624.25,925
2026-09-09 06:05,29623.75,29628.25,29604.25,29607.50,445
2026-09-09 06:10,29607.25,29632.25,29605.25,29629.25,731
2026-09-09 06:15,29629.25,29633.75,29626.00,29628.50,432
2026-09-09 06:20,29628.25,29629.25,29612.00,29622.00,392
2026-09-09 06:25,29621.25,29624.00,29586.50,29593.75,678
2026-09-09 06:30,29592.75,29607.50,29588.00,29606.50,616
2026-09-09 06:35,29606.50,29614.00,29602.75,29609.25,362
2026-09-09 06:40,29609.00,29613.00,29605.75,29611.75,329
2026-09-09 06:45,29612.25,29612.50,29589.25,29593.75,679
2026-09-09 06:50,29595.00,29602.50,29582.50,29583.50,513
2026-09-09 06:55,29583.25,29586.50,29578.00,29579.50,376
2026-09-09 07:00,29581.50,29591.25,29561.25,29588.75,1192
2026-09-09 07:05,29591.50,29603.25,29589.75,29596.25,511
2026-09-09 07:10,29596.00,29611.50,29572.25,29572.25,835
2026-09-09 07:15,29572.25,29581.00,29558.00,29568.25,1111
2026-09-09 07:20,29568.00,29600.00,29568.00,29593.75,773
2026-09-09 07:25,29594.00,29613.00,29590.00,29612.25,679
2026-09-09 07:30,29611.75,29613.00,29598.25,29602.50,399
2026-09-09 07:35,29603.25,29614.00,29591.50,29596.25,526
2026-09-09 07:40,29596.00,29600.25,29590.00,29594.25,346
2026-09-09 07:45,29596.25,29597.00,29573.25,29574.50,501
2026-09-09 07:50,29574.50,29578.75,29565.25,29578.75,518
2026-09-09 07:55,29578.75,29591.00,29575.75,29588.00,452
2026-09-09 08:00,29589.50,29603.50,29576.00,29598.50,1033
2026-09-09 08:05,29598.50,29609.00,29585.50,29591.75,711
2026-09-09 08:10,29591.75,29600.25,29579.75,29582.25,369
2026-09-09 08:15,29583.00,29593.25,29580.50,29588.50,338
2026-09-09 08:20,29587.75,29591.50,29568.00,29569.25,484
2026-09-09 08:25,29569.25,29594.25,29566.75,29587.75,538
2026-09-09 08:30,29585.75,29592.75,29577.75,29577.75,418
2026-09-09 08:35,29578.75,29578.75,29550.25,29552.00,843
2026-09-09 08:40,29551.00,29570.75,29540.25,29541.75,1053
2026-09-09 08:45,29543.00,29553.00,29538.75,29548.75,651
2026-09-09 08:50,29548.00,29569.25,29545.75,29567.75,448
2026-09-09 08:55,29567.50,29571.75,29561.25,29564.75,297
2026-09-09 09:00,29565.00,29575.00,29552.50,29564.25,516
2026-09-09 09:05,29563.75,29567.25,29538.25,29540.50,563
2026-09-09 09:10,29539.75,29554.00,29532.50,29550.50,602
2026-09-09 09:15,29550.50,29557.00,29543.50,29545.75,240
2026-09-09 09:20,29543.50,29544.25,29514.50,29518.25,823
2026-09-09 09:25,29517.50,29532.25,29517.25,29528.50,471
2026-09-09 09:30,29528.50,29539.25,29499.75,29501.25,960
2026-09-09 09:35,29500.75,29501.75,29486.00,29494.00,940
2026-09-09 09:40,29493.25,29495.50,29471.25,29479.00,833
2026-09-09 09:45,29479.00,29485.50,29455.75,29460.25,1005
2026-09-09 09:50,29461.25,29467.00,29414.00,29417.25,2130
2026-09-09 09:55,29417.00,29422.25,29388.75,29400.50,2100
2026-09-09 10:00,29401.00,29416.25,29371.75,29412.25,2396
2026-09-09 10:05,29413.25,29424.75,29388.75,29390.25,1436
2026-09-09 10:10,29389.75,29413.75,29385.25,29395.75,1093
2026-09-09 10:15,29395.00,29422.25,29381.75,29420.75,1244
2026-09-09 10:20,29421.25,29432.25,29405.50,29414.25,1147
2026-09-09 10:25,29411.75,29423.50,29403.75,29419.00,558
2026-09-09 10:30,29417.75,29428.00,29410.25,29421.00,737
2026-09-09 10:35,29421.25,29432.00,29415.75,29417.50,789
2026-09-09 10:40,29418.00,29421.25,29396.25,29397.50,661
2026-09-09 10:45,29397.50,29402.50,29379.25,29389.00,1070
2026-09-09 10:50,29389.50,29399.25,29368.25,29391.00,1283
2026-09-09 10:55,29390.50,29405.00,29384.00,29391.50,994
2026-09-09 11:00,29392.00,29405.50,29378.00,29394.50,1333
2026-09-09 11:05,29394.25,29415.50,29386.50,29415.50,801
2026-09-09 11:10,29415.75,29430.25,29405.25,29407.25,891
2026-09-09 11:15,29409.50,29410.00,29377.75,29392.50,1154
2026-09-09 11:20,29392.50,29425.25,29380.00,29424.75,783
2026-09-09 11:25,29424.50,29430.50,29413.50,29418.50,680
2026-09-09 11:30,29418.00,29419.25,29392.50,29394.00,744
2026-09-09 11:35,29392.25,29401.00,29387.25,29400.00,617
2026-09-09 11:40,29399.75,29403.25,29376.50,29377.50,968
2026-09-09 11:45,29378.50,29440.00,29376.75,29434.75,2215
2026-09-09 11:50,29433.50,29452.00,29413.75,29416.50,2192
2026-09-09 11:55,29416.50,29416.50,29392.00,29396.75,882
2026-09-09 12:00,29397.00,29400.50,29367.00,29372.50,1480
2026-09-09 12:05,29372.50,29380.50,29358.75,29366.25,1505
2026-09-09 12:10,29365.75,29366.75,29334.75,29337.00,2060
2026-09-09 12:15,29337.25,29353.75,29333.00,29344.25,1672
2026-09-09 12:20,29345.25,29366.50,29343.75,29357.75,1039
2026-09-09 12:25,29358.50,29366.50,29351.50,29351.75,761
2026-09-09 12:30,29351.75,29382.00,29343.50,29377.00,1493
2026-09-09 12:35,29377.25,29384.25,29370.50,29380.25,947
2026-09-09 12:40,29379.25,29384.00,29371.50,29381.75,909
2026-09-09 12:45,29381.25,29402.00,29381.25,29401.00,1315
2026-09-09 12:50,29400.75,29404.00,29384.50,29386.25,960
2026-09-09 12:55,29385.50,29400.00,29384.25,29390.50,853
2026-09-09 13:00,29390.75,29408.00,29382.50,29403.25,1346
2026-09-09 13:05,29404.00,29405.50,29395.75,29398.25,1121
2026-09-09 13:10,29398.50,29408.50,29394.50,29403.75,987
2026-09-09 13:15,29403.00,29416.00,29398.75,29414.50,1029
2026-09-09 13:20,29414.75,29419.25,29408.25,29418.00,1164
2026-09-09 13:25,29419.00,29458.50,29419.00,29454.50,4088
2026-09-09 13:30,29455.00,29498.75,29418.25,29478.75,18717
2026-09-09 13:35,29478.25,29499.25,29467.25,29483.25,9735
2026-09-09 13:40,29482.75,29503.75,29461.75,29478.75,8503
2026-09-09 13:45,29479.00,29513.75,29456.50,29499.50,11002
2026-09-09 13:50,29500.25,29523.75,29483.25,29517.50,7013
2026-09-09 13:55,29518.25,29567.25,29513.00,29558.50,9013
2026-09-09 14:00,29558.25,29586.75,29531.25,29578.00,8982
2026-09-09 14:05,29578.25,29593.75,29561.25,29572.25,6898
2026-09-09 14:10,29572.50,29582.25,29543.75,29562.25,5761
2026-09-09 14:15,29561.25,29561.75,29488.50,29500.00,10005
2026-09-09 14:20,29500.50,29507.75,29460.00,29462.25,8486
2026-09-09 14:25,29462.00,29537.75,29459.50,29535.50,8695
2026-09-09 14:30,29535.00,29537.00,29500.00,29519.50,5357
2026-09-09 14:35,29519.25,29530.25,29494.25,29524.25,4774
2026-09-09 14:40,29524.00,29543.50,29511.25,29537.50,4275
2026-09-09 14:45,29537.25,29541.75,29518.00,29538.50,3235
2026-09-09 14:50,29538.50,29541.00,29500.00,29506.50,4951
2026-09-09 14:55,29506.75,29538.25,29503.75,29528.25,3628
2026-09-09 15:00,29528.75,29562.25,29481.75,29492.00,10095
2026-09-09 15:05,29493.00,29506.00,29434.00,29441.75,7956
2026-09-09 15:10,29441.25,29448.00,29386.25,29399.00,11057
2026-09-09 15:15,29398.50,29451.75,29391.00,29444.25,7869
2026-09-09 15:20,29443.75,29454.50,29358.00,29363.75,8594
2026-09-09 15:25,29364.00,29394.25,29359.50,29390.50,6091
2026-09-09 15:30,29390.25,29435.25,29388.00,29434.25,6361
2026-09-09 15:35,29433.50,29475.00,29405.75,29469.50,7721
2026-09-09 15:40,29469.00,29482.50,29424.75,29438.00,6576
2026-09-09 15:45,29438.75,29442.50,29424.25,29436.25,2532
2026-09-09 15:50,29436.25,29467.00,29436.25,29465.00,3525
2026-09-09 15:55,29465.75,29466.00,29427.25,29448.00,3937
2026-09-09 16:00,29448.25,29458.50,29441.00,29456.00,2518
2026-09-09 16:05,29456.00,29462.00,29413.25,29414.25,3645
2026-09-09 16:10,29414.00,29434.75,29410.75,29414.75,2779
2026-09-09 16:15,29414.25,29416.25,29397.75,29403.75,3009
2026-09-09 16:20,29403.25,29413.75,29394.50,29413.50,2468
2026-09-09 16:25,29413.50,29416.75,29386.75,29399.50,3542
2026-09-09 16:30,29399.75,29436.50,29397.75,29431.75,3356
2026-09-09 16:35,29431.75,29444.50,29422.75,29443.00,2681
2026-09-09 16:40,29443.50,29455.50,29436.00,29455.00,3180
2026-09-09 16:45,29454.75,29462.75,29441.00,29454.75,2795
2026-09-09 16:50,29454.75,29478.00,29454.50,29462.50,3982
2026-09-09 16:55,29462.50,29470.50,29455.25,29458.00,2705
2026-09-09 17:00,29457.50,29482.50,29446.00,29448.25,4776
2026-09-09 17:05,29448.75,29468.25,29448.75,29457.00,1957
2026-09-09 17:10,29456.50,29481.00,29453.25,29476.25,2419
2026-09-09 17:15,29476.50,29483.75,29460.50,29460.75,2605
2026-09-09 17:20,29461.00,29470.50,29454.50,29470.50,1919
2026-09-09 17:25,29470.00,29470.75,29449.50,29450.25,1667
2026-09-09 17:30,29450.75,29462.00,29441.50,29452.75,2675
2026-09-09 17:35,29452.75,29457.25,29428.25,29433.25,1882
2026-09-09 17:40,29433.25,29457.75,29432.50,29455.25,1937
2026-09-09 17:45,29455.75,29473.25,29455.75,29470.75,2136
2026-09-09 17:50,29470.75,29483.00,29462.50,29481.00,1822
2026-09-09 17:55,29480.75,29483.50,29467.75,29468.75,1824
2026-09-09 18:00,29468.25,29471.75,29463.25,29468.00,1367
2026-09-09 18:05,29467.50,29468.75,29451.25,29454.00,1673
2026-09-09 18:10,29453.75,29456.50,29441.25,29442.25,1667
2026-09-09 18:15,29441.25,29452.00,29436.75,29444.50,2693
2026-09-09 18:20,29445.00,29460.50,29443.50,29458.75,2153
2026-09-09 18:25,29458.50,29462.25,29446.25,29453.50,1656
2026-09-09 18:30,29453.50,29461.75,29445.75,29454.00,2000
2026-09-09 18:35,29454.25,29463.50,29453.00,29460.75,1379
2026-09-09 18:40,29460.00,29469.50,29460.00,29466.75,1821
2026-09-09 18:45,29466.25,29469.50,29457.00,29459.50,1367
2026-09-09 18:50,29460.00,29473.75,29458.25,29470.00,1889
2026-09-09 18:55,29470.50,29474.00,29446.25,29447.50,2765
2026-09-09 19:00,29448.00,29451.75,29430.50,29435.75,2776
2026-09-09 19:05,29435.00,29454.75,29433.50,29451.75,2117
2026-09-09 19:10,29452.25,29455.25,29447.50,29449.00,1317
2026-09-09 19:15,29449.50,29470.50,29449.50,29467.75,1673
2026-09-09 19:20,29467.50,29471.25,29458.50,29465.50,1461
2026-09-09 19:25,29465.00,29469.50,29451.50,29451.50,1432
2026-09-09 19:30,29452.25,29457.50,29445.50,29450.25,1554
2026-09-09 19:35,29450.25,29451.75,29439.75,29442.50,1858
2026-09-09 19:40,29442.25,29448.00,29436.75,29447.00,2257
2026-09-09 19:45,29447.25,29451.75,29439.00,29449.75,2711
2026-09-09 19:50,29450.00,29452.25,29432.75,29441.50,5329
2026-09-09 19:55,29442.00,29458.50,29423.25,29454.50,12796
2026-09-09 20:00,29455.00,29459.25,29428.75,29440.75,5373
2026-09-09 20:05,29440.75,29451.00,29438.75,29449.75,1259
2026-09-09 20:10,29450.00,29456.50,29446.00,29451.25,1635
2026-09-09 20:15,29451.50,29453.25,29448.25,29451.50,620
2026-09-09 20:20,29452.00,29454.50,29450.00,29454.25,357
2026-09-09 20:25,29454.50,29454.75,29449.25,29450.00,328
2026-09-09 20:30,29449.75,29453.50,29447.25,29453.50,364
2026-09-09 20:35,29453.50,29458.75,29453.25,29456.25,364
2026-09-09 20:40,29457.00,29459.00,29451.75,29454.50,393
2026-09-09 20:45,29455.00,29456.25,29453.50,29454.25,308
2026-09-09 20:50,29454.50,29454.50,29449.00,29452.25,452
2026-09-09 20:55,29452.75,29460.00,29450.25,29460.00,403
2026-09-09 22:00,29458.50,29472.75,29431.75,29436.00,0
2026-09-09 22:05,29434.75,29441.50,29426.00,29435.25,383
2026-09-09 22:10,29435.50,29441.00,29425.50,29428.75,412
2026-09-09 22:15,29428.75,29430.00,29423.75,29425.75,250
2026-09-09 22:20,29427.00,29433.00,29424.50,29429.00,221
2026-09-09 22:25,29430.50,29434.00,29426.50,29429.00,174
2026-09-09 22:30,29429.50,29437.00,29428.75,29432.00,143
2026-09-09 22:35,29434.25,29437.50,29432.00,29433.75,79
2026-09-09 22:40,29434.75,29435.50,29432.50,29433.75,87
2026-09-09 22:45,29434.00,29438.00,29432.25,29434.00,127
2026-09-09 22:50,29433.75,29433.75,29427.50,29428.25,148
2026-09-09 22:55,29428.75,29432.00,29425.75,29431.50,79
2026-09-09 23:00,29430.50,29432.75,29425.25,29429.25,133
2026-09-09 23:05,29430.25,29430.50,29420.00,29423.50,192
2026-09-09 23:10,29424.25,29425.00,29419.25,29422.00,233
2026-09-09 23:15,29421.25,29435.00,29416.25,29429.50,402
2026-09-09 23:20,29427.75,29430.25,29423.75,29427.50,169
2026-09-09 23:25,29426.00,29428.00,29420.50,29427.50,191
2026-09-09 23:30,29428.75,29431.00,29426.25,29426.75,121
2026-09-09 23:35,29426.25,29429.00,29425.00,29428.00,66
2026-09-09 23:40,29427.75,29431.50,29425.00,29429.75,103
2026-09-09 23:45,29432.00,29435.50,29428.25,29435.25,316
2026-09-09 23:50,29433.50,29470.75,29432.50,29468.25,998
2026-09-09 23:55,29467.25,29467.50,29453.25,29463.50,449
2026-09-10 00:00,29464.50,29472.25,29453.25,29471.75,735
2026-09-10 00:05,29470.25,29480.25,29469.25,29473.00,624
2026-09-10 00:10,29472.25,29478.75,29440.75,29449.50,1020
2026-09-10 00:15,29449.75,29475.00,29448.50,29464.50,949
2026-09-10 00:20,29466.75,29473.75,29459.25,29463.75,449
2026-09-10 00:25,29464.50,29477.75,29454.50,29473.75,585
2026-09-10 00:30,29474.00,29475.75,29455.00,29460.25,455
2026-09-10 00:35,29459.00,29464.00,29453.50,29456.50,386
2026-09-10 00:40,29456.00,29458.75,29441.75,29456.50,750
2026-09-10 00:45,29456.25,29456.25,29435.00,29438.50,860
2026-09-10 00:50,29438.00,29438.75,29422.50,29428.75,835
2026-09-10 00:55,29428.50,29428.50,29408.00,29412.00,938
2026-09-10 01:00,29413.50,29426.25,29404.75,29414.50,897
2026-09-10 01:05,29414.25,29424.75,29403.00,29410.75,841
2026-09-10 01:10,29410.50,29414.75,29389.00,29399.75,1024
2026-09-10 01:15,29400.25,29414.25,29390.50,29413.75,861
2026-09-10 01:20,29414.25,29415.25,29381.25,29388.50,1185
2026-09-10 01:25,29388.00,29393.00,29372.50,29375.75,790
2026-09-10 01:30,29374.25,29384.00,29366.00,29367.50,782
2026-09-10 01:35,29367.25,29382.50,29364.00,29382.00,579
2026-09-10 01:40,29381.75,29404.25,29381.00,29400.50,977
2026-09-10 01:45,29399.75,29417.25,29394.25,29411.75,986
2026-09-10 01:50,29412.25,29416.50,29385.00,29386.25,714
2026-09-10 01:55,29387.50,29413.25,29387.00,29410.50,570
2026-09-10 02:00,29411.00,29411.00,29396.25,29400.25,472
2026-09-10 02:05,29401.25,29412.00,29393.25,29395.00,513
2026-09-10 02:10,29395.00,29397.75,29376.25,29395.50,784
2026-09-10 02:15,29395.50,29396.25,29374.25,29378.75,506
2026-09-10 02:20,29378.25,29392.75,29377.75,29387.50,377
2026-09-10 02:25,29388.00,29388.25,29373.00,29378.50,328
2026-09-10 02:30,29379.00,29398.00,29376.00,29396.25,338
2026-09-10 02:35,29397.00,29414.25,29393.25,29412.00,602
2026-09-10 02:40,29412.00,29422.25,29408.75,29414.75,547
2026-09-10 02:45,29413.75,29421.50,29406.25,29412.25,582
2026-09-10 02:50,29411.50,29423.25,29411.50,29420.75,290
2026-09-10 02:55,29419.50,29419.50,29410.75,29418.25,220
2026-09-10 03:00,29418.75,29434.75,29416.75,29431.75,604
2026-09-10 03:05,29430.00,29431.25,29423.50,29429.50,234
2026-09-10 03:10,29430.25,29437.00,29418.75,29420.50,449
2026-09-10 03:15,29420.50,29425.25,29416.00,29421.50,247
2026-09-10 03:20,29422.00,29428.75,29399.25,29401.00,767
2026-09-10 03:25,29400.75,29407.50,29388.25,29405.25,530
2026-09-10 03:30,29404.75,29413.25,29401.25,29407.25,395
2026-09-10 03:35,29407.50,29408.00,29392.25,29405.75,343
2026-09-10 03:40,29404.25,29416.00,29404.25,29413.00,272
2026-09-10 03:45,29415.00,29431.00,29411.75,29428.25,449
2026-09-10 03:50,29426.50,29426.50,29415.25,29422.50,379
2026-09-10 03:55,29422.75,29427.75,29419.00,29424.50,182
2026-09-10 04:05,29427.25,29428.25,29423.00,29426.25,882
2026-09-10 04:10,29426.75,29431.25,29424.50,29428.00,205
2026-09-10 04:15,29428.25,29432.75,29424.75,29428.75,267
2026-09-10 04:20,29427.50,29433.75,29423.50,29430.50,213
2026-09-10 04:25,29431.50,29437.50,29427.50,29434.50,208
2026-09-10 04:30,29433.75,29437.25,29431.00,29436.75,218
2026-09-10 04:35,29436.50,29444.25,29432.75,29444.25,333
2026-09-10 04:40,29444.25,29447.25,29432.25,29434.75,341
2026-09-10 04:45,29434.25,29446.75,29432.50,29443.75,329
2026-09-10 04:50,29444.25,29462.50,29444.25,29454.00,650
2026-09-10 04:55,29453.50,29461.25,29448.50,29458.75,251
2026-09-10 05:00,29459.50,29469.75,29454.25,29455.00,539
2026-09-10 05:05,29455.00,29458.00,29448.50,29452.50,346
2026-09-10 05:10,29452.00,29462.50,29448.50,29461.75,287
2026-09-10 05:15,29460.50,29461.00,29454.75,29460.75,224
2026-09-10 05:20,29460.00,29465.50,29456.25,29463.25,270
2026-09-10 05:25,29464.25,29493.50,29463.50,29490.25,1217
2026-09-10 05:30,29491.00,29496.25,29481.25,29490.50,490
2026-09-10 05:35,29490.75,29498.50,29481.00,29482.75,412
2026-09-10 05:40,29482.25,29491.00,29482.00,29487.50,205
2026-09-10 05:45,29487.50,29508.25,29487.50,29491.00,487
2026-09-10 05:50,29491.50,29491.75,29473.00,29474.00,521
2026-09-10 05:55,29473.50,29487.50,29465.00,29484.75,538
2026-09-10 06:00,29484.00,29492.50,29473.00,29475.00,693
2026-09-10 06:05,29473.50,29474.25,29458.25,29459.25,629
2026-09-10 06:10,29461.00,29466.25,29453.25,29455.50,430
2026-09-10 06:15,29455.75,29460.50,29439.75,29442.25,631
2026-09-10 06:20,29442.00,29451.50,29435.25,29447.25,629
2026-09-10 06:25,29448.75,29473.00,29443.50,29472.00,885
2026-09-10 06:30,29473.50,29484.25,29468.50,29470.75,578
2026-09-10 06:35,29470.75,29488.50,29469.00,29488.50,301
2026-09-10 06:40,29488.75,29488.75,29476.75,29479.00,315
2026-09-10 06:45,29479.75,29490.50,29478.25,29489.00,271
2026-09-10 06:50,29488.75,29491.25,29471.50,29473.75,490
2026-09-10 06:55,29474.00,29476.75,29466.75,29476.25,392
2026-09-10 07:00,29476.75,29478.25,29454.00,29455.00,563
2026-09-10 07:05,29455.75,29469.75,29450.75,29465.00,488
2026-09-10 07:10,29465.25,29476.25,29462.25,29470.00,327
2026-09-10 07:15,29471.00,29473.00,29459.50,29468.00,233
2026-09-10 07:20,29467.75,29471.50,29459.25,29463.00,398
2026-09-10 07:25,29462.75,29464.50,29433.00,29435.25,556
2026-09-10 07:30,29434.75,29438.75,29417.25,29426.25,839
2026-09-10 07:35,29426.50,29438.75,29421.75,29423.50,420
2026-09-10 07:40,29423.00,29445.50,29421.00,29444.75,371
2026-09-10 07:45,29443.75,29450.00,29436.50,29444.50,427
2026-09-10 07:50,29444.50,29455.50,29442.50,29449.50,552
2026-09-10 07:55,29449.75,29455.25,29445.00,29445.00,203
2026-09-10 08:00,29443.75,29460.25,29437.00,29447.25,989
2026-09-10 08:05,29447.50,29458.00,29438.75,29443.75,382
2026-09-10 08:10,29444.75,29454.75,29431.00,29432.25,380
2026-09-10 08:15,29433.50,29437.00,29424.50,29435.00,425
2026-09-10 08:20,29434.50,29451.75,29433.00,29445.25,475
2026-09-10 08:25,29445.25,29453.25,29437.75,29449.50,266
2026-09-10 08:30,29449.00,29457.00,29427.50,29428.50,618
2026-09-10 08:35,29428.25,29448.00,29428.25,29439.00,441
2026-09-10 08:40,29437.75,29441.25,29413.00,29416.75,713
2026-09-10 08:45,29417.75,29428.00,29412.25,29413.50,424
2026-09-10 08:50,29414.25,29416.75,29406.00,29413.50,472
2026-09-10 08:55,29415.00,29415.25,29405.25,29414.00,254
2026-09-10 09:00,29412.50,29431.00,29406.75,29429.00,511
2026-09-10 09:05,29428.00,29429.50,29409.00,29413.00,260
2026-09-10 09:10,29412.25,29423.25,29411.00,29415.50,252
2026-09-10 09:15,29416.75,29419.25,29407.75,29416.00,145
2026-09-10 09:20,29416.75,29419.75,29407.00,29407.50,265
2026-09-10 09:25,29407.25,29409.75,29392.50,29397.00,576
2026-09-10 09:30,29395.50,29396.00,29373.00,29385.50,756
2026-09-10 09:35,29385.00,29386.50,29372.50,29373.50,470
2026-09-10 09:40,29372.75,29392.25,29359.25,29391.75,939
2026-09-10 09:45,29390.75,29406.75,29390.75,29401.75,582
2026-09-10 09:50,29402.25,29420.00,29397.00,29411.00,648
2026-09-10 09:55,29410.50,29414.50,29400.50,29406.50,311
2026-09-10 10:00,29405.75,29418.00,29394.50,29408.25,513
2026-09-10 10:05,29410.25,29412.50,29388.75,29395.00,385
2026-09-10 10:10,29395.50,29402.25,29389.50,29396.50,283
2026-09-10 10:15,29394.50,29400.25,29393.75,29396.00,345
2026-09-10 10:20,29394.50,29402.00,29389.00,29394.25,320
2026-09-10 10:25,29394.25,29409.75,29385.25,29391.00,438
2026-09-10 10:30,29391.00,29391.75,29363.50,29366.50,640
2026-09-10 10:35,29368.25,29396.25,29366.75,29393.75,646
2026-09-10 10:40,29394.50,29404.50,29391.50,29392.25,341
2026-09-10 10:45,29392.00,29393.00,29380.50,29389.25,324
2026-09-10 10:50,29390.50,29393.25,29368.00,29368.00,400
2026-09-10 10:55,29367.75,29423.75,29363.75,29376.00,2046
2026-09-10 11:00,29375.00,29376.00,29326.75,29347.25,1826
2026-09-10 11:05,29347.50,29354.00,29331.00,29338.25,887
2026-09-10 11:10,29338.25,29348.75,29327.75,29343.25,633
2026-09-10 11:15,29343.25,29349.25,29335.00,29338.50,576
2026-09-10 11:20,29338.25,29346.25,29331.50,29342.75,597
2026-09-10 11:25,29344.50,29344.75,29335.00,29336.00,260
2026-09-10 11:30,29337.50,29362.00,29335.75,29358.00,639
2026-09-10 11:35,29357.50,29364.00,29351.25,29358.25,531
2026-09-10 11:40,29356.75,29358.00,29339.50,29345.75,514
2026-09-10 11:45,29345.50,29352.50,29315.50,29316.50,879
2026-09-10 11:50,29317.00,29318.25,29290.00,29300.00,1889
2026-09-10 11:55,29298.50,29298.50,29262.75,29264.50,2144
2026-09-10 12:00,29264.25,29278.25,29242.25,29247.00,2458
2026-09-10 12:05,29248.00,29254.75,29236.00,29237.50,1446
2026-09-10 12:10,29237.75,29264.25,29232.75,29258.25,1364
2026-09-10 12:15,29260.00,29262.75,29227.50,29234.75,1649
2026-09-10 12:20,29234.75,29236.50,29216.75,29220.75,1771
2026-09-10 12:25,29219.00,29250.00,29211.00,29237.50,1507
2026-09-10 12:30,29229.00,29251.75,29106.75,29110.25,8247
2026-09-10 12:35,29110.50,29140.75,29100.00,29110.50,5395
2026-09-10 12:40,29111.25,29113.50,29082.00,29102.50,4926
2026-09-10 12:45,29103.75,29106.00,29075.50,29101.00,3851
2026-09-10 12:50,29100.00,29105.00,29067.00,29081.00,4073
2026-09-10 12:55,29080.25,29082.00,29043.25,29056.50,3776
2026-09-10 13:00,29058.00,29098.25,29054.75,29092.50,4103
2026-09-10 13:05,29093.50,29095.75,29058.50,29071.25,3322
2026-09-10 13:10,29070.50,29091.00,29067.75,29068.75,2424
2026-09-10 13:15,29069.00,29080.75,29052.25,29066.00,2821
2026-09-10 13:20,29067.00,29074.75,29054.00,29056.50,1933
2026-09-10 13:25,29056.75,29090.25,29043.75,29089.00,5078
2026-09-10 13:30,29089.50,29123.25,29057.50,29098.25,20960
2026-09-10 13:35,29098.25,29185.50,29088.75,29178.50,15962
2026-09-10 13:40,29179.00,29200.00,29133.00,29138.00,15883
2026-09-10 13:45,29138.25,29203.25,29131.75,29186.00,12429
2026-09-10 13:50,29186.00,29187.00,29102.50,29105.75,10622
2026-09-10 13:55,29106.25,29124.00,29088.50,29099.75,8691
2026-09-10 14:00,29099.50,29178.75,29097.25,29148.75,10123
2026-09-10 14:05,29148.50,29156.75,29106.75,29136.50,7565
2026-09-10 14:10,29137.00,29169.75,29118.75,29139.75,8529
2026-09-10 14:15,29139.50,29162.25,29111.00,29156.75,7867
2026-09-10 14:20,29157.25,29263.00,29152.50,29230.00,13655
2026-09-10 14:25,29229.50,29255.75,29195.50,29205.75,12324
2026-09-10 14:30,29206.25,29241.25,29204.75,29219.00,6370
2026-09-10 14:35,29219.25,29275.00,29219.25,29261.50,7650
2026-09-10 14:40,29261.00,29269.75,29222.50,29237.25,6390
2026-09-10 14:45,29236.00,29250.75,29212.50,29228.50,5496
2026-09-10 14:50,29227.75,29246.50,29210.00,29244.50,5715
2026-09-10 14:55,29244.25,29264.75,29229.75,29263.25,5146
2026-09-10 15:00,29263.25,29265.00,29214.00,29227.00,6746
2026-09-10 15:05,29227.00,29254.50,29221.75,29224.75,3874
2026-09-10 15:10,29224.75,29260.50,29224.25,29243.75,5285
2026-09-10 15:15,29243.25,29250.00,29208.25,29223.25,4185
2026-09-10 15:20,29223.25,29235.75,29197.50,29233.50,4788
2026-09-10 15:25,29232.75,29256.00,29223.75,29236.00,4397
2026-09-10 15:30,29236.75,29249.75,29217.25,29242.50,4598
2026-09-10 15:35,29242.75,29272.75,29227.50,29242.00,4457
2026-09-10 15:40,29241.00,29254.75,29229.00,29251.50,3058
2026-09-10 15:45,29251.25,29256.75,29214.50,29231.25,3910
2026-09-10 15:50,29230.25,29240.00,29204.25,29205.00,4259
2026-09-10 15:55,29205.50,29214.25,29186.00,29205.00,4951
2026-09-10 16:00,29205.00,29231.50,29197.50,29204.75,4191
2026-09-10 16:05,29204.00,29213.00,29180.50,29182.25,3135
2026-09-10 16:10,29182.25,29193.75,29165.75,29181.25,3902
2026-09-10 16:15,29180.50,29202.00,29169.50,29175.50,3672
2026-09-10 16:20,29176.00,29191.00,29174.25,29180.00,2420
2026-09-10 16:25,29179.75,29183.75,29161.75,29177.00,2736
2026-09-10 16:30,29176.75,29194.25,29146.50,29151.75,6132
2026-09-10 16:35,29152.00,29175.25,29133.75,29170.50,5017
2026-09-10 16:40,29170.50,29215.75,29168.00,29208.00,4097
2026-09-10 16:45,29208.25,29241.00,29205.50,29208.75,5464
2026-09-10 16:50,29209.00,29235.00,29204.50,29235.00,3030
2026-09-10 16:55,29234.75,29242.75,29224.25,29232.50,3195
2026-09-10 17:00,29232.75,29267.50,29212.75,29226.50,4699
2026-09-10 17:05,29226.75,29237.75,29219.75,29228.75,2878
2026-09-10 17:10,29228.00,29248.00,29224.50,29225.50,2727
2026-09-10 17:15,29225.75,29233.00,29215.50,29223.00,2397
2026-09-10 17:20,29223.25,29225.00,29207.50,29211.00,1954
2026-09-10 17:25,29211.50,29213.00,29199.50,29209.25,2268
2026-09-10 17:30,29209.00,29214.75,29197.50,29204.00,2346
2026-09-10 17:35,29204.00,29214.75,29177.25,29178.25,2949
2026-09-10 17:40,29177.75,29204.25,29175.50,29202.50,2671
2026-09-10 17:45,29202.50,29205.25,29187.75,29191.00,1644
2026-09-10 17:50,29190.50,29204.25,29183.25,29194.75,2351
2026-09-10 17:55,29194.50,29199.75,29183.25,29186.00,1874
2026-09-10 18:00,29186.25,29199.75,29163.00,29168.50,3680
2026-09-10 18:05,29169.00,29179.25,29154.00,29158.75,2990
2026-09-10 18:10,29157.75,29168.50,29148.25,29159.75,2823
2026-09-10 18:15,29159.75,29162.25,29148.75,29161.50,2298
2026-09-10 18:20,29161.50,29180.25,29161.25,29167.25,2913
2026-09-10 18:25,29167.50,29173.00,29153.50,29158.50,2122
2026-09-10 18:30,29157.75,29165.50,29146.25,29164.00,2502
2026-09-10 18:35,29164.00,29176.00,29156.75,29175.25,1930
2026-09-10 18:40,29174.75,29176.25,29166.25,29173.50,1490
2026-09-10 18:45,29173.00,29184.25,29151.00,29165.75,3049
2026-09-10 18:50,29165.75,29199.00,29155.25,29181.50,4308
2026-09-10 18:55,29181.25,29189.25,29167.25,29174.25,1954
2026-09-10 19:00,29174.25,29176.00,29151.25,29152.50,3174
2026-09-10 19:05,29152.25,29167.75,29141.00,29165.75,4272
2026-09-10 19:10,29166.25,29169.00,29142.25,29156.50,2616
2026-09-10 19:15,29157.25,29164.50,29136.00,29144.00,2724
2026-09-10 19:20,29144.00,29157.00,29139.75,29155.00,2052
2026-09-10 19:25,29155.25,29163.00,29152.00,29160.00,1928
2026-09-10 19:30,29158.75,29166.25,29144.25,29163.50,2588
2026-09-10 19:35,29162.75,29164.75,29145.25,29159.25,2464
2026-09-10 19:40,29159.25,29169.25,29156.00,29158.00,2562
2026-09-10 19:45,29158.00,29166.00,29146.50,29158.75,2764
2026-09-10 19:50,29159.75,29168.50,29123.25,29136.50,7818
2026-09-10 19:55,29136.25,29147.50,29126.00,29138.00,14957
2026-09-10 20:00,29138.25,29148.75,29130.00,29131.75,4122
2026-09-10 20:05,29134.00,29144.75,29123.00,29141.25,1292
2026-09-10 20:10,29141.25,29156.75,29134.75,29153.25,1687
2026-09-10 20:15,29153.75,29156.00,29145.25,29150.50,712
2026-09-10 20:20,29150.75,29154.00,29149.00,29152.00,580
2026-09-10 20:25,29152.00,29154.50,29142.25,29144.50,644
2026-09-10 20:30,29145.50,29151.50,29144.25,29149.25,503
2026-09-10 20:35,29148.75,29153.00,29146.50,29152.50,338
2026-09-10 20:40,29151.50,29153.00,29149.00,29151.50,274
2026-09-10 20:45,29152.00,29154.50,29144.50,29148.25,479
2026-09-10 20:50,29148.50,29152.75,29146.25,29151.75,257
2026-09-10 20:55,29151.75,29154.50,29128.00,29143.25,611
2026-09-10 22:00,29141.00,29156.75,29139.50,29149.75,0
2026-09-10 22:05,29148.25,29150.75,29134.50,29144.25,382
2026-09-10 22:10,29144.00,29151.75,29139.50,29143.25,296
2026-09-10 22:15,29144.50,29152.00,29141.00,29148.75,296
2026-09-10 22:20,29148.25,29157.50,29137.75,29140.75,470
2026-09-10 22:25,29141.25,29143.50,29117.25,29118.00,629
2026-09-10 22:30,29117.25,29122.75,29113.00,29115.25,556
2026-09-10 22:35,29115.50,29119.50,29107.75,29109.25,339
2026-09-10 22:40,29109.75,29112.25,29104.25,29105.50,422
2026-09-10 22:45,29105.75,29116.25,29098.75,29114.00,499
2026-09-10 22:50,29114.25,29115.50,29102.25,29104.00,366
2026-09-10 22:55,29105.25,29111.00,29104.00,29107.50,232
2026-09-10 23:00,29106.25,29115.00,29100.00,29105.50,344
2026-09-10 23:05,29105.00,29110.75,29103.00,29109.50,221
2026-09-10 23:10,29109.00,29111.25,29104.00,29109.50,210
2026-09-10 23:15,29110.25,29111.50,29106.50,29107.50,151
2026-09-10 23:20,29108.25,29110.50,29096.75,29098.75,232
2026-09-10 23:25,29099.25,29110.25,29099.00,29102.75,227
2026-09-10 23:30,29103.00,29111.50,29103.00,29106.50,167
2026-09-10 23:35,29106.50,29108.25,29101.00,29103.75,158
2026-09-10 23:40,29104.25,29107.25,29097.75,29106.75,430
2026-09-10 23:45,29105.75,29107.00,29097.00,29099.25,327
2026-09-10 23:50,29100.00,29100.75,29077.75,29080.25,848
2026-09-10 23:55,29080.50,29081.00,29062.50,29064.75,912
2026-09-11 00:00,29065.00,29102.00,29063.25,29093.50,1470
2026-09-11 00:05,29093.25,29127.75,29091.75,29111.00,1426
2026-09-11 00:10,29110.50,29121.75,29106.50,29108.50,620
2026-09-11 00:15,29109.75,29118.00,29103.25,29106.75,525
2026-09-11 00:20,29107.00,29129.00,29095.00,29121.25,975
2026-09-11 00:25,29120.75,29144.75,29115.25,29138.50,841
2026-09-11 00:30,29138.25,29143.00,29118.00,29128.25,655
2026-09-11 00:35,29127.50,29166.25,29126.00,29149.50,1356
2026-09-11 00:40,29149.50,29152.50,29118.75,29123.75,1091
2026-09-11 00:45,29124.50,29139.25,29123.50,29135.00,427
2026-09-11 00:50,29138.50,29154.00,29136.50,29150.00,410
2026-09-11 00:55,29150.75,29163.50,29147.50,29161.00,471
2026-09-11 01:00,29159.75,29171.50,29153.50,29164.25,854
2026-09-11 01:05,29163.00,29163.00,29148.25,29157.50,657
2026-09-11 01:10,29156.00,29165.25,29146.50,29148.25,472
2026-09-11 01:15,29149.50,29150.00,29139.00,29141.50,511
2026-09-11 01:20,29142.00,29143.00,29124.75,29130.25,593
2026-09-11 01:25,29130.75,29139.75,29125.00,29125.50,583
2026-09-11 01:30,29126.50,29137.50,29122.75,29127.25,552
2026-09-11 01:35,29127.75,29138.25,29115.75,29120.75,528
2026-09-11 01:40,29120.25,29120.50,29109.00,29118.50,594
2026-09-11 01:45,29119.75,29119.75,29105.00,29109.75,537
2026-09-11 01:50,29109.00,29115.25,29103.50,29111.00,331
2026-09-11 01:55,29112.00,29130.00,29110.00,29128.75,605
2026-09-11 02:00,29129.50,29138.50,29122.50,29126.75,705
2026-09-11 02:05,29128.00,29136.50,29120.75,29125.25,461
2026-09-11 02:10,29128.00,29135.50,29125.00,29131.75,224
2026-09-11 02:15,29131.25,29132.00,29113.25,29118.50,641
2026-09-11 02:20,29118.50,29126.50,29112.50,29114.25,334
2026-09-11 02:25,29114.25,29115.75,29098.50,29107.25,866
2026-09-11 02:30,29107.25,29109.25,29082.50,29089.00,884
2026-09-11 02:35,29088.25,29106.50,29087.75,29103.00,482
2026-09-11 02:40,29101.75,29106.50,29082.25,29086.50,429
2026-09-11 02:45,29086.25,29109.75,29083.50,29108.25,667
2026-09-11 02:50,29108.25,29111.50,29087.75,29088.50,422
2026-09-11 02:55,29088.75,29095.25,29083.25,29093.25,307
2026-09-11 03:00,29092.00,29096.75,29081.75,29086.25,447
2026-09-11 03:05,29086.00,29087.50,29075.50,29077.50,487
2026-09-11 03:10,29077.75,29081.00,29061.75,29076.00,770
2026-09-11 03:15,29076.75,29084.00,29073.00,29080.25,281
2026-09-11 03:20,29080.00,29082.50,29062.75,29066.75,503
2026-09-11 03:25,29067.00,29081.25,29066.50,29071.25,383
2026-09-11 03:30,29071.50,29072.00,29048.50,29059.00,980
2026-09-11 03:35,29059.75,29074.25,29057.00,29063.00,537
2026-09-11 03:40,29061.50,29089.50,29060.00,29085.50,697
2026-09-11 03:45,29086.50,29088.25,29054.00,29057.00,693
2026-09-11 03:50,29056.75,29068.25,29050.75,29063.00,525
2026-09-11 03:55,29063.00,29071.25,29061.00,29070.00,291
2026-09-11 04:05,29082.25,29083.50,29076.00,29076.00,2364
2026-09-11 04:10,29077.25,29094.75,29055.25,29093.25,1154
2026-09-11 04:15,29093.75,29093.75,29075.75,29082.25,558
2026-09-11 04:20,29080.50,29108.50,29080.00,29107.50,687
2026-09-11 04:25,29107.75,29126.50,29107.50,29123.75,645
2026-09-11 04:30,29124.25,29131.75,29119.50,29120.00,504
2026-09-11 04:35,29118.50,29130.25,29116.75,29127.00,381
2026-09-11 04:40,29125.75,29140.25,29125.25,29137.00,518
2026-09-11 04:45,29137.75,29143.00,29131.25,29140.50,524
2026-09-11 04:50,29139.75,29151.50,29133.00,29137.00,561
2026-09-11 04:55,29136.00,29141.00,29120.75,29125.00,399
2026-09-11 05:00,29124.50,29129.75,29120.75,29123.50,437
2026-09-11 05:05,29124.00,29145.75,29119.50,29142.50,642
2026-09-11 05:10,29142.00,29161.25,29139.25,29158.25,751
2026-09-11 05:15,29159.00,29165.00,29145.75,29148.25,492
2026-09-11 05:20,29149.50,29154.50,29136.75,29147.00,406
2026-09-11 05:25,29147.50,29147.50,29130.00,29134.00,373
2026-09-11 05:30,29134.00,29160.75,29133.75,29156.00,668
2026-09-11 05:35,29156.50,29174.00,29156.25,29173.25,550
2026-09-11 05:40,29172.00,29195.25,29168.50,29191.00,864
2026-09-11 05:45,29191.00,29200.75,29176.50,29200.75,693
2026-09-11 05:50,29199.50,29228.50,29192.00,29221.75,1052
2026-09-11 05:55,29222.00,29242.75,29221.25,29233.25,1182
2026-09-11 06:00,29233.00,29237.25,29221.00,29221.75,715
2026-09-11 06:05,29222.75,29245.75,29216.00,29234.25,852
2026-09-11 06:10,29234.25,29248.50,29225.25,29244.25,737
2026-09-11 06:15,29245.00,29252.00,29225.00,29235.00,885
2026-09-11 06:20,29236.00,29237.25,29224.00,29230.25,359
2026-09-11 06:25,29231.25,29231.25,29222.25,29224.50,415
2026-09-11 06:30,29225.25,29235.75,29215.50,29219.25,884
2026-09-11 06:35,29219.50,29239.00,29219.50,29234.50,422
2026-09-11 06:40,29234.50,29234.50,29218.25,29228.50,365
2026-09-11 06:45,29228.50,29261.50,29228.50,29252.50,869
2026-09-11 06:50,29252.75,29257.00,29244.00,29249.25,404
2026-09-11 06:55,29249.25,29259.50,29246.50,29255.00,412
2026-09-11 07:00,29254.25,29266.50,29249.25,29266.50,552
2026-09-11 07:05,29266.00,29268.75,29252.50,29257.50,522
2026-09-11 07:10,29259.00,29266.25,29250.00,29257.00,594
2026-09-11 07:15,29258.75,29264.00,29248.50,29256.75,410
2026-09-11 07:20,29255.00,29262.50,29245.00,29254.25,421
2026-09-11 07:25,29253.75,29254.00,29235.75,29235.75,495
2026-09-11 07:30,29235.75,29247.50,29229.00,29230.00,410
2026-09-11 07:35,29230.50,29241.75,29229.75,29236.50,507
2026-09-11 07:40,29235.50,29243.25,29229.50,29235.25,241
2026-09-11 07:45,29235.25,29239.25,29225.00,29231.50,533
2026-09-11 07:50,29231.00,29241.00,29229.00,29238.75,290
2026-09-11 07:55,29239.00,29245.75,29237.00,29242.50,228
2026-09-11 08:00,29242.50,29272.00,29240.00,29245.25,1089
2026-09-11 08:05,29246.00,29246.25,29227.00,29231.00,426
2026-09-11 08:10,29233.00,29256.00,29224.50,29244.75,1143
2026-09-11 08:15,29245.00,29267.25,29239.25,29255.00,570
2026-09-11 08:20,29254.75,29318.00,29251.00,29285.75,2071
2026-09-11 08:25,29286.50,29290.50,29264.25,29269.75,927
2026-09-11 08:30,29271.00,29313.75,29270.75,29304.00,816
2026-09-11 08:35,29307.00,29307.50,29291.00,29293.50,489
2026-09-11 08:40,29293.50,29300.25,29288.25,29289.75,353
2026-09-11 08:45,29291.50,29308.25,29287.00,29304.50,477
2026-09-11 08:50,29305.00,29322.75,29301.50,29311.00,737
2026-09-11 08:55,29309.75,29326.00,29307.00,29322.75,494
2026-09-11 09:00,29324.25,29334.00,29314.00,29316.75,1060
2026-09-11 09:05,29317.00,29322.00,29300.50,29300.50,529
2026-09-11 09:10,29301.50,29305.00,29292.50,29294.25,445
2026-09-11 09:15,29293.00,29309.00,29289.50,29306.25,466
2026-09-11 09:20,29305.50,29315.25,29301.00,29302.25,533
2026-09-11 09:25,29302.00,29306.75,29298.25,29304.00,228
2026-09-11 09:30,29304.75,29312.00,29301.75,29306.75,199
2026-09-11 09:35,29308.25,29312.50,29304.25,29309.00,258
2026-09-11 09:40,29309.50,29315.50,29306.00,29308.00,200
2026-09-11 09:45,29307.75,29314.00,29303.75,29309.75,172
2026-09-11 09:50,29310.75,29313.00,29306.50,29308.75,164
2026-09-11 09:55,29309.25,29326.50,29308.00,29319.00,394
2026-09-11 10:00,29319.25,29339.75,29285.25,29335.00,1369
2026-09-11 10:05,29334.00,29335.25,29323.00,29330.50,448
2026-09-11 10:10,29330.75,29335.00,29319.25,29326.25,373
2026-09-11 10:15,29326.50,29329.75,29320.00,29326.50,200
2026-09-11 10:20,29326.00,29327.75,29314.00,29320.25,467
2026-09-11 10:25,29321.50,29322.00,29307.75,29314.25,420
2026-09-11 10:30,29314.25,29323.50,29309.50,29323.50,358
2026-09-11 10:35,29324.25,29328.75,29312.75,29320.50,269
2026-09-11 10:40,29320.00,29321.00,29314.50,29315.75,274
2026-09-11 10:45,29316.00,29316.25,29305.50,29309.75,305
2026-09-11 10:50,29310.75,29318.25,29307.00,29310.00,262
2026-09-11 10:55,29310.50,29316.00,29307.75,29309.25,331
2026-09-11 11:00,29310.50,29315.00,29304.00,29304.25,511
2026-09-11 11:05,29303.75,29304.75,29290.00,29294.75,589
2026-09-11 11:10,29294.00,29300.75,29289.50,29293.50,406
2026-09-11 11:15,29294.25,29307.50,29290.25,29307.50,406
2026-09-11 11:20,29307.50,29309.25,29294.75,29308.00,393
2026-09-11 11:25,29308.00,29324.75,29308.00,29312.75,645
2026-09-11 11:30,29313.00,29321.75,29302.00,29303.25,680
2026-09-11 11:35,29303.50,29314.00,29296.75,29312.75,534
2026-09-11 11:40,29312.25,29332.25,29310.00,29330.25,606
2026-09-11 11:45,29330.25,29337.50,29319.50,29335.75,533
2026-09-11 11:50,29335.75,29336.75,29326.00,29326.25,343
2026-09-11 11:55,29327.25,29334.25,29321.25,29323.25,356
2026-09-11 12:00,29324.25,29326.75,29307.00,29310.25,598
2026-09-11 12:05,29311.50,29315.75,29304.00,29315.25,754
2026-09-11 12:10,29316.50,29336.75,29307.00,29323.75,1148
2026-09-11 12:15,29324.25,29348.75,29318.50,29337.75,940
2026-09-11 12:20,29338.25,29344.00,29326.00,29327.50,816
2026-09-11 12:25,29328.25,29399.00,29325.75,29389.75,2939
2026-09-11 12:30,29385.00,29399.50,29204.00,29338.75,10114
2026-09-11 12:35,29338.25,29376.25,29320.00,29363.75,5103
2026-09-11 12:40,29364.25,29379.50,29342.75,29356.50,3076
2026-09-11 12:45,29357.25,29403.25,29343.00,29394.50,3269
2026-09-11 12:50,29394.50,29446.50,29393.50,29437.25,3906
2026-09-11 12:55,29436.75,29475.75,29433.50,29469.50,3519
2026-09-11 13:00,29468.75,29500.25,29467.00,29469.25,4696
2026-09-11 13:05,29469.75,29483.75,29446.75,29452.00,3545
2026-09-11 13:10,29452.25,29457.50,29434.75,29443.50,2222
2026-09-11 13:15,29442.75,29448.25,29427.00,29430.25,2006
2026-09-11 13:20,29430.25,29440.00,29424.00,29430.00,1468
2026-09-11 13:25,29430.25,29452.25,29414.75,29418.00,4186
2026-09-11 13:30,29417.50,29426.25,29347.25,29419.25,20733
2026-09-11 13:35,29419.50,29431.75,29373.25,29400.75,14989
2026-09-11 13:40,29400.50,29440.00,29353.75,29433.75,15469
2026-09-11 13:45,29434.00,29472.00,29399.00,29434.50,13360
2026-09-11 13:50,29435.50,29445.50,29379.25,29426.50,10704
2026-09-11 13:55,29426.75,29480.75,29415.50,29472.75,7946
2026-09-11 14:00,29473.00,29473.25,29386.50,29392.50,12287
2026-09-11 14:05,29392.00,29408.50,29365.00,29393.75,9201
2026-09-11 14:10,29393.00,29424.25,29378.75,29397.75,11211
2026-09-11 14:15,29397.00,29441.00,29373.25,29438.75,6955
2026-09-11 14:20,29439.25,29461.75,29433.00,29444.25,6132
2026-09-11 14:25,29444.00,29467.50,29439.00,29451.00,5347
2026-09-11 14:30,29451.25,29455.25,29406.50,29413.50,7648
2026-09-11 14:35,29412.75,29412.75,29369.25,29384.75,7528
2026-09-11 14:40,29384.50,29410.00,29353.25,29372.00,7223
2026-09-11 14:45,29372.75,29400.75,29334.00,29398.75,12357
2026-09-11 14:50,29398.50,29401.00,29367.00,29369.75,6186
2026-09-11 14:55,29369.50,29377.50,29349.25,29369.75,5724
2026-09-11 15:00,29370.75,29404.00,29361.00,29403.75,5369
2026-09-11 15:05,29403.75,29432.50,29400.50,29421.25,5654
2026-09-11 15:10,29421.00,29425.75,29375.25,29393.50,4766
2026-09-11 15:15,29393.75,29445.50,29393.75,29438.75,4940
2026-09-11 15:20,29439.25,29463.00,29435.25,29460.75,4315
2026-09-11 15:25,29461.50,29493.25,29457.00,29485.00,6661
2026-09-11 15:30,29485.25,29499.75,29477.00,29485.25,5006
2026-09-11 15:35,29485.25,29487.75,29462.75,29475.50,4208
2026-09-11 15:40,29475.25,29484.25,29467.00,29478.00,2704
2026-09-11 15:45,29478.25,29478.75,29461.75,29469.25,3418
2026-09-11 15:50,29470.75,29476.25,29442.25,29448.25,3694
2026-09-11 15:55,29448.50,29461.50,29441.25,29450.00,3359
2026-09-11 16:00,29450.25,29482.25,29450.25,29481.75,3483
2026-09-11 16:05,29482.00,29485.25,29460.50,29469.50,2612
2026-09-11 16:10,29469.25,29473.00,29445.00,29448.00,2677
2026-09-11 16:15,29447.75,29452.25,29433.75,29438.50,3095
2026-09-11 16:20,29438.75,29442.75,29421.50,29426.00,2622
2026-09-11 16:25,29426.00,29436.00,29397.75,29402.75,6165
2026-09-11 16:30,29402.00,29441.50,29395.25,29427.25,5788
2026-09-11 16:35,29427.75,29429.00,29396.25,29398.50,3270
2026-09-11 16:40,29398.25,29434.00,29392.00,29432.00,3765
2026-09-11 16:45,29431.25,29435.50,29413.25,29415.75,2223
2026-09-11 16:50,29415.75,29429.00,29414.00,29429.00,1680
2026-09-11 16:55,29429.25,29437.75,29426.00,29436.75,1881
2026-09-11 17:00,29437.00,29449.00,29435.75,29440.25,2668
2026-09-11 17:05,29440.25,29464.75,29440.00,29453.00,4031
2026-09-11 17:10,29452.50,29459.00,29435.75,29437.50,3010
2026-09-11 17:15,29438.25,29462.75,29438.00,29457.00,2214
2026-09-11 17:20,29456.75,29475.25,29456.50,29474.25,2732
2026-09-11 17:25,29473.75,29479.00,29462.50,29463.50,2994
2026-09-11 17:30,29463.25,29478.00,29461.00,29463.00,2717
2026-09-11 17:35,29463.50,29469.25,29457.50,29459.25,1811
2026-09-11 17:40,29458.75,29470.50,29457.50,29462.25,2143
2026-09-11 17:45,29462.50,29468.50,29455.00,29465.00,1881
2026-09-11 17:50,29465.25,29467.75,29461.50,29463.25,1395
2026-09-11 17:55,29463.50,29464.75,29447.75,29452.50,1517
2026-09-11 18:00,29452.25,29460.50,29449.00,29453.75,1724
2026-09-11 18:05,29453.25,29454.25,29443.00,29446.75,1704
2026-09-11 18:10,29446.75,29447.00,29437.50,29441.00,1687
2026-09-11 18:15,29441.50,29446.50,29434.00,29441.25,3009
2026-09-11 18:20,29441.25,29442.50,29417.00,29431.75,5560
2026-09-11 18:25,29431.25,29446.75,29426.75,29441.50,2884
2026-09-11 18:30,29442.00,29456.75,29432.00,29455.25,2338
2026-09-11 18:35,29455.25,29459.00,29443.00,29446.50,1621
2026-09-11 18:40,29446.75,29450.75,29434.75,29437.75,1695
2026-09-11 18:45,29438.00,29444.75,29430.00,29431.25,2569
2026-09-11 18:50,29430.75,29435.00,29427.00,29428.50,1747
2026-09-11 18:55,29427.75,29438.25,29425.75,29429.50,2247
2026-09-11 19:00,29429.50,29433.25,29422.00,29426.50,1882
2026-09-11 19:05,29426.50,29431.50,29411.50,29414.00,2670
2026-09-11 19:10,29414.25,29418.75,29405.25,29416.00,2825
2026-09-11 19:15,29415.00,29425.75,29411.50,29419.25,2577
2026-09-11 19:20,29418.75,29424.50,29413.25,29423.50,2105
2026-09-11 19:25,29423.25,29427.50,29412.25,29415.00,2280
2026-09-11 19:30,29414.25,29419.50,29411.50,29419.25,2522
2026-09-11 19:35,29419.00,29421.00,29412.50,29417.25,1566
2026-09-11 19:40,29417.75,29427.00,29417.00,29424.00,2373
2026-09-11 19:45,29423.75,29428.50,29412.00,29413.75,3022
2026-09-11 19:50,29414.50,29417.75,29394.50,29409.00,7714
2026-09-11 19:55,29409.00,29409.00,29378.75,29386.50,16005
2026-09-11 20:00,29386.75,29391.00,29380.50,29385.25,4994
2026-09-11 20:05,29385.50,29392.75,29384.25,29390.75,1309
2026-09-11 20:10,29391.00,29393.00,29376.25,29381.25,1193
2026-09-11 20:15,29381.50,29382.50,29376.50,29378.00,388
2026-09-11 20:20,29378.00,29387.25,29378.00,29384.75,459
2026-09-11 20:25,29385.25,29386.50,29380.25,29384.50,242
2026-09-11 20:30,29384.75,29394.00,29384.25,29390.50,583
2026-09-11 20:35,29390.75,29396.50,29389.00,29395.50,439
2026-09-11 20:40,29395.00,29396.25,29386.25,29389.25,466
2026-09-11 20:45,29389.25,29390.50,29383.25,29387.25,446
2026-09-11 20:50,29387.75,29393.75,29387.00,29393.75,197
2026-09-11 20:55,29392.75,29397.50,29387.00,29387.00,520
2026-09-13 22:10,29002.50,29028.00,28993.00,29025.50,894
2026-09-13 22:15,29023.50,29042.25,29013.00,29041.75,898
2026-09-13 22:20,29040.50,29046.00,29032.50,29042.00,1229
2026-09-13 22:25,29043.00,29086.00,29043.00,29083.75,1375
2026-09-13 22:30,29081.00,29103.50,29077.75,29097.75,1306
2026-09-13 22:35,29098.00,29104.00,29089.25,29099.50,623
2026-09-13 22:40,29098.75,29100.75,29073.00,29075.50,693
2026-09-13 22:45,29075.75,29086.25,29065.75,29075.25,505
2026-09-13 22:50,29074.25,29084.25,29074.25,29080.50,237
2026-09-13 22:55,29079.00,29084.75,29065.50,29068.50,489
2026-09-13 23:00,29069.00,29076.00,29055.50,29061.75,547
2026-09-13 23:05,29061.75,29065.25,29055.75,29063.00,201
2026-09-13 23:10,29062.75,29067.75,29060.50,29063.00,167
2026-09-13 23:15,29062.75,29064.50,29061.00,29061.00,89
2026-09-13 23:20,29061.25,29093.75,29060.75,29093.25,457
2026-09-13 23:25,29092.25,29099.50,29080.75,29096.75,417
2026-09-13 23:30,29096.00,29101.50,29091.00,29092.00,311
2026-09-13 23:35,29091.25,29091.25,29040.50,29046.75,1061
2026-09-13 23:40,29046.50,29055.00,29031.00,29038.75,375
2026-09-13 23:45,29038.50,29038.50,29017.50,29022.75,577
2026-09-13 23:50,29022.00,29037.25,29010.00,29021.75,691
2026-09-13 23:55,29022.25,29025.25,29011.00,29017.50,357
2026-09-14 00:00,29016.25,29053.25,29016.25,29047.25,1196
2026-09-14 00:05,29046.25,29075.25,29045.25,29070.25,631
2026-09-14 00:10,29069.50,29069.50,29047.50,29056.25,822
2026-09-14 00:15,29056.75,29064.50,29041.25,29047.25,717
2026-09-14 00:20,29047.50,29047.50,29020.50,29034.00,1272
2026-09-14 00:25,29035.00,29035.50,29005.00,29015.00,1066
2026-09-14 00:30,29013.50,29030.75,29012.00,29023.75,430
2026-09-14 00:35,29023.75,29032.00,29011.75,29017.75,315
2026-09-14 00:40,29015.50,29037.00,29008.75,29036.25,514
2026-09-14 00:45,29036.50,29044.50,29025.50,29034.25,452
2026-09-14 00:50,29035.00,29040.00,29021.25,29038.75,513
2026-09-14 00:55,29038.75,29046.50,29013.75,29014.50,638
2026-09-14 01:00,29015.00,29032.25,29000.25,29019.50,949
2026-09-14 01:05,29018.50,29032.00,29014.50,29028.00,416
2026-09-14 01:10,29029.50,29038.75,29008.00,29012.00,476
2026-09-14 01:15,29011.00,29016.50,29005.25,29007.00,215
2026-09-14 01:20,29007.00,29012.75,28999.25,29007.25,549
2026-09-14 01:25,29006.50,29021.00,29000.75,29017.75,447
2026-09-14 01:30,29018.00,29020.50,29003.25,29004.75,385
2026-09-14 01:35,29004.75,29032.00,29004.75,29031.50,508
2026-09-14 01:40,29031.50,29037.75,29019.25,29025.75,441
2026-09-14 01:45,29027.00,29045.25,29027.00,29041.00,451
2026-09-14 01:50,29042.00,29049.50,29035.25,29046.75,428
2026-09-14 01:55,29046.25,29074.75,29045.75,29068.25,956
2026-09-14 02:00,29068.00,29077.50,29054.00,29058.25,742
2026-09-14 02:05,29058.00,29080.75,29057.00,29070.75,506
2026-09-14 02:10,29068.75,29079.25,29065.50,29071.50,280
2026-09-14 02:15,29070.75,29073.00,29059.50,29072.00,383
2026-09-14 02:20,29069.25,29075.00,29065.00,29066.50,142
2026-09-14 02:25,29069.50,29071.00,29062.50,29066.00,210
2026-09-14 02:30,29062.75,29074.50,29062.50,29067.00,224
2026-09-14 02:35,29066.25,29067.75,29054.50,29056.00,518
2026-09-14 02:40,29058.00,29062.50,29040.75,29050.00,573
2026-09-14 02:45,29047.25,29065.50,29047.00,29061.25,268
2026-09-14 02:50,29060.25,29070.00,29060.25,29065.75,246
2026-09-14 02:55,29065.00,29065.25,29050.75,29053.50,286
2026-09-14 03:00,29052.75,29057.25,29046.00,29051.75,315
2026-09-14 03:05,29050.00,29059.25,29050.00,29052.50,403
2026-09-14 03:10,29052.50,29052.50,29028.00,29031.00,720
2026-09-14 03:15,29029.75,29038.00,29008.25,29014.75,911
2026-09-14 03:20,29015.75,29026.00,29015.00,29020.50,394
2026-09-14 03:25,29022.00,29029.75,29016.00,29026.50,310
2026-09-14 03:30,29026.50,29027.00,29010.00,29020.25,368
2026-09-14 03:35,29022.00,29023.75,29013.00,29019.75,204
2026-09-14 03:40,29020.25,29021.50,29011.50,29015.50,227
2026-09-14 03:45,29016.00,29022.50,29009.75,29015.50,263
2026-09-14 03:50,29015.00,29025.50,29011.00,29020.00,228
2026-09-14 03:55,29019.75,29020.50,29014.25,29015.00,126
2026-09-14 04:00,29016.75,29030.00,29015.75,29029.25,369
2026-09-14 04:05,29030.00,29036.25,29023.00,29026.50,300
2026-09-14 04:10,29024.25,29024.25,29010.00,29011.50,411
2026-09-14 04:15,29010.75,29014.75,29002.25,29013.25,414
2026-09-14 04:20,29013.25,29019.00,29009.75,29019.00,204
2026-09-14 04:25,29019.25,29022.75,29016.75,29018.00,156
2026-09-14 04:30,29018.00,29018.75,29001.50,29008.25,361
2026-09-14 04:35,29010.50,29023.75,29003.50,29022.25,263
2026-09-14 04:40,29021.50,29023.75,29006.00,29008.50,250
2026-09-14 04:45,29009.75,29027.00,29009.75,29024.25,238
2026-09-14 04:50,29024.00,29033.75,29013.25,29014.25,357
2026-09-14 04:55,29016.25,29023.75,29011.50,29015.00,198
2026-09-14 05:00,29015.00,29022.50,29009.75,29020.00,172
2026-09-14 05:05,29021.00,29025.00,29018.00,29018.00,128
2026-09-14 05:10,29018.00,29020.75,29008.50,29016.50,171
2026-09-14 05:15,29018.25,29019.50,29005.25,29007.50,177
2026-09-14 05:20,29008.50,29010.00,29000.00,29002.00,204
2026-09-14 05:25,29002.00,29016.00,29000.75,29010.50,170
2026-09-14 05:30,29011.50,29015.00,29002.75,29009.00,195
2026-09-14 05:35,29009.25,29019.50,29002.75,29012.75,294
2026-09-14 05:40,29010.50,29013.50,28986.50,28996.50,765
2026-09-14 05:45,28997.75,29003.00,28991.50,28993.75,314
2026-09-14 05:50,28994.50,29007.75,28989.00,29007.50,267
2026-09-14 05:55,29008.00,29016.00,28998.50,29013.25,272
2026-09-14 06:00,29014.50,29030.00,29009.00,29026.75,711
2026-09-14 06:05,29028.00,29031.00,29019.50,29027.25,369
2026-09-14 06:10,29025.75,29037.50,29022.50,29028.75,371
2026-09-14 06:15,29027.50,29030.75,29022.00,29027.75,215
2026-09-14 06:20,29026.00,29032.50,29013.50,29027.50,466
2026-09-14 06:25,29027.50,29035.00,29026.75,29032.00,326
2026-09-14 06:30,29031.00,29033.75,29005.25,29009.75,468
2026-09-14 06:35,29008.00,29014.25,29002.50,29010.25,364
2026-09-14 06:40,29011.50,29016.75,28997.75,29009.25,425
2026-09-14 06:45,29011.50,29017.00,28997.75,28997.75,249
2026-09-14 06:50,28997.25,29006.00,28993.50,29000.50,344
2026-09-14 06:55,29002.25,29002.25,28973.50,28976.50,823
2026-09-14 07:00,28977.50,28982.50,28937.50,28957.50,1629
2026-09-14 07:05,28957.50,28966.50,28947.25,28952.25,516
2026-09-14 07:10,28952.25,28976.00,28943.50,28974.00,465
2026-09-14 07:15,28973.75,28979.50,28965.25,28970.75,369
2026-09-14 07:20,28970.00,28991.50,28958.75,28978.50,502
2026-09-14 07:25,28979.00,28982.25,28948.50,28951.00,473
2026-09-14 07:30,28950.00,28958.50,28946.50,28955.50,346
2026-09-14 07:35,28958.00,28959.50,28949.00,28952.00,416
2026-09-14 07:40,28951.25,28959.00,28925.00,28930.75,745
2026-09-14 07:45,28929.75,28940.50,28914.25,28937.50,762
2026-09-14 07:50,28936.75,28938.00,28905.00,28913.00,744
2026-09-14 07:55,28913.00,28922.75,28909.50,28917.25,472
2026-09-14 08:00,28920.00,28934.50,28906.25,28918.00,1033
2026-09-14 08:05,28918.00,28949.00,28911.00,28939.75,861
2026-09-14 08:10,28940.00,28940.25,28919.00,28933.25,546
2026-09-14 08:15,28934.75,28934.75,28902.25,28908.25,499
2026-09-14 08:20,28908.75,28922.75,28901.00,28904.25,503
2026-09-14 08:25,28902.75,28908.75,28874.75,28876.00,900
2026-09-14 08:30,28876.25,28895.00,28872.50,28888.75,666
2026-09-14 08:35,28889.50,28912.25,28888.50,28910.00,620
2026-09-14 08:40,28911.50,28916.50,28892.75,28895.50,675
2026-09-14 08:45,28895.25,28902.75,28856.00,28868.00,1228
2026-09-14 08:50,28867.50,28883.25,28858.00,28862.25,582
2026-09-14 08:55,28862.50,28877.75,28850.00,28877.25,728
2026-09-14 09:00,28877.50,28888.50,28872.00,28881.75,706
2026-09-14 09:05,28883.25,28891.50,28879.50,28882.75,388
2026-09-14 09:10,28882.50,28886.50,28836.00,28847.50,1146
2026-09-14 09:15,28848.25,28852.25,28833.50,28847.25,1157
2026-09-14 09:20,28847.25,28853.75,28816.75,28821.25,1074
2026-09-14 09:25,28822.25,28860.50,28816.25,28852.00,702
2026-09-14 09:30,28851.50,28869.25,28846.75,28860.75,1037
2026-09-14 09:35,28860.25,28864.75,28844.00,28849.25,568
2026-09-14 09:40,28849.25,28870.00,28846.50,28849.75,723
2026-09-14 09:45,28850.00,28858.25,28845.00,28846.50,408
2026-09-14 09:50,28845.25,28862.75,28839.00,28856.50,346
2026-09-14 09:55,28859.00,28860.50,28847.25,28855.75,301
2026-09-14 10:00,28856.00,28864.00,28855.00,28858.25,529
2026-09-14 10:05,28858.75,28867.50,28855.25,28860.75,354
2026-09-14 10:10,28860.75,28883.00,28860.50,28875.00,553
2026-09-14 10:15,28874.75,28876.00,28861.50,28868.75,526
2026-09-14 10:20,28869.50,28900.00,28867.75,28891.50,1022
2026-09-14 10:25,28891.75,28910.00,28891.25,28907.75,598
2026-09-14 10:30,28908.50,28918.25,28902.50,28915.25,637
2026-09-14 10:35,28915.50,28927.00,28915.50,28918.75,464
2026-09-14 10:40,28919.50,28940.50,28916.25,28934.00,790
2026-09-14 10:45,28934.00,28941.00,28925.75,28936.50,530
2026-09-14 10:50,28936.50,28937.50,28916.75,28919.25,574
2026-09-14 10:55,28918.00,28934.50,28918.00,28926.00,666
2026-09-14 11:00,28926.75,28942.75,28913.50,28941.75,817
2026-09-14 11:05,28940.25,28945.75,28934.50,28941.25,720
2026-09-14 11:10,28939.00,28947.75,28925.25,28937.25,486
2026-09-14 11:15,28936.25,28952.00,28935.75,28944.00,518
2026-09-14 11:20,28944.25,28957.00,28940.50,28955.50,1009
2026-09-14 11:25,28955.50,28977.50,28953.00,28972.00,1025
2026-09-14 11:30,28972.75,28972.75,28951.25,28955.75,1268
2026-09-14 11:35,28955.00,28955.25,28931.00,28949.25,895
2026-09-14 11:40,28948.25,28958.00,28939.00,28948.00,1019
2026-09-14 11:45,28948.75,28960.75,28943.00,28957.00,774
2026-09-14 11:50,28957.00,28957.00,28921.00,28929.50,989
2026-09-14 11:55,28931.00,28939.50,28925.00,28928.75,530
2026-09-14 12:00,28928.50,28928.50,28893.50,28900.00,1766
2026-09-14 12:05,28900.00,28912.25,28891.25,28907.25,1322
2026-09-14 12:10,28907.00,28923.25,28900.75,28912.00,1366
2026-09-14 12:15,28911.75,28945.50,28910.00,28922.75,1589
2026-09-14 12:20,28925.75,28931.00,28914.25,28920.75,595
2026-09-14 12:25,28920.75,28922.00,28906.75,28918.00,1351
2026-09-14 12:30,28917.75,28931.00,28902.75,28909.50,3658
2026-09-14 12:35,28907.75,28908.50,28851.00,28871.75,3455
2026-09-14 12:40,28871.25,28903.00,28845.00,28900.75,3165
2026-09-14 12:45,28900.25,28905.00,28874.25,28887.50,1859
2026-09-14 12:50,28886.25,28891.75,28861.00,28861.75,2743
2026-09-14 12:55,28862.75,28884.00,28857.25,28879.25,2319
2026-09-14 13:00,28880.00,28881.25,28836.00,28842.25,3636
2026-09-14 13:05,28842.25,28849.00,28829.00,28837.25,3048
2026-09-14 13:10,28839.00,28879.25,28835.00,28876.50,2533
2026-09-14 13:15,28878.00,28904.75,28877.50,28900.25,1761
2026-09-14 13:20,28900.25,28913.00,28896.50,28905.25,1383
2026-09-14 13:25,28905.00,28924.25,28895.75,28905.25,3579
2026-09-14 13:30,28906.50,28932.75,28880.50,28905.00,12518
2026-09-14 13:35,28904.75,28919.25,28878.75,28889.00,11906
2026-09-14 13:40,28888.25,28953.50,28883.75,28951.50,10171
2026-09-14 13:45,28952.00,29045.75,28951.00,29032.00,11667
2026-09-14 13:50,29032.75,29040.75,28997.75,29005.75,7588
2026-09-14 13:55,29005.75,29018.00,28990.25,29003.25,6644
2026-09-14 14:00,29003.50,29038.75,29001.00,29024.50,7531
2026-09-14 14:05,29023.75,29075.50,29018.50,29065.25,6118
2026-09-14 14:10,29065.25,29089.00,29064.75,29073.25,6997
2026-09-14 14:15,29073.75,29081.00,29030.50,29044.25,5292
2026-09-14 14:20,29043.50,29047.25,29005.75,29005.75,6068
2026-09-14 14:25,29005.50,29012.00,28976.00,29007.00,8466
2026-09-14 14:30,29006.25,29020.25,28988.75,29018.25,5169
2026-09-14 14:35,29017.00,29017.75,28959.50,28970.50,8575
2026-09-14 14:40,28969.75,28992.00,28955.75,28991.50,6634
2026-09-14 14:45,28991.25,29020.50,28987.75,29007.25,6218
2026-09-14 14:50,29007.00,29007.75,28973.25,28981.75,5080
2026-09-14 14:55,28981.75,29012.25,28970.00,29012.00,4623
2026-09-14 15:00,29011.25,29017.75,28986.75,28988.75,4774
2026-09-14 15:05,28987.75,29080.50,28986.25,29038.75,8333
2026-09-14 15:10,29039.75,29046.25,29022.00,29023.25,3218
2026-09-14 15:15,29022.25,29063.00,29018.00,29057.50,3687
2026-09-14 15:20,29057.50,29075.50,29045.75,29071.75,3597
2026-09-14 15:25,29071.25,29090.00,29062.50,29078.00,4789
2026-09-14 15:30,29077.00,29460.50,29076.00,29454.50,18996
2026-09-14 15:35,29455.75,29476.00,29438.00,29471.00,7669
2026-09-14 15:40,29471.75,29505.25,29463.00,29497.25,8345
2026-09-14 15:45,29498.00,29499.75,29469.00,29470.00,6217
2026-09-14 15:50,29470.25,29484.25,29461.00,29480.50,4239
2026-09-14 15:55,29479.75,29485.00,29467.50,29471.75,3062
2026-09-14 16:00,29472.00,29476.00,29439.25,29439.25,4208
2026-09-14 16:05,29439.00,29452.00,29428.50,29436.75,4247
2026-09-14 16:10,29437.25,29462.25,29435.00,29457.50,3025
2026-09-14 16:15,29457.25,29523.00,29457.25,29514.50,4900
2026-09-14 16:20,29514.25,29527.25,29498.00,29517.00,3578
2026-09-14 16:25,29517.00,29519.00,29485.75,29491.25,3730
2026-09-14 16:30,29490.50,29505.50,29484.50,29489.50,3536
2026-09-14 16:35,29489.75,29502.25,29481.00,29499.25,2397
2026-09-14 16:40,29499.25,29519.00,29493.50,29518.50,2631
2026-09-14 16:45,29518.00,29575.50,29504.00,29562.75,7831
2026-09-14 16:50,29562.50,29573.75,29552.25,29553.75,4269
2026-09-14 16:55,29554.75,29561.25,29538.00,29558.25,3441
2026-09-14 17:00,29558.75,29565.25,29542.00,29549.00,3714
2026-09-14 17:05,29549.00,29555.25,29538.75,29550.00,3744
2026-09-14 17:10,29550.25,29576.25,29548.25,29553.75,5189
2026-09-14 17:15,29554.00,29562.00,29537.25,29547.50,3137
2026-09-14 17:20,29547.25,29567.00,29545.25,29563.75,3040
2026-09-14 17:25,29563.00,29580.00,29556.25,29580.00,2276
2026-09-14 17:30,29579.50,29585.75,29568.50,29576.75,3047
2026-09-14 17:35,29576.50,29583.75,29568.25,29583.25,2553
2026-09-14 17:40,29584.00,29585.25,29573.50,29580.50,2574
2026-09-14 17:45,29580.50,29594.00,29579.50,29590.50,2576
2026-09-14 17:50,29590.50,29600.25,29587.00,29595.50,3346
2026-09-14 17:55,29595.25,29604.50,29580.75,29581.50,2887
2026-09-14 18:00,29582.00,29601.25,29571.50,29575.50,3822
2026-09-14 18:05,29575.75,29588.75,29567.25,29585.75,2374
2026-09-14 18:10,29585.75,29586.00,29573.75,29583.50,1950
2026-09-14 18:15,29584.00,29590.00,29572.25,29575.25,2025
2026-09-14 18:20,29575.75,29577.75,29561.00,29561.50,3060
2026-09-14 18:25,29561.50,29567.25,29556.50,29562.00,1839
2026-09-14 18:30,29562.25,29576.00,29558.25,29570.00,2103
2026-09-14 18:35,29570.00,29582.75,29565.75,29575.50,1758
2026-09-14 18:40,29574.50,29582.25,29569.50,29570.00,1802
2026-09-14 18:45,29570.25,29573.75,29557.00,29571.00,3165
2026-09-14 18:50,29571.25,29574.25,29562.75,29564.75,1460
2026-09-14 18:55,29564.50,29568.00,29554.00,29557.00,2169
2026-09-14 19:00,29556.75,29559.00,29542.00,29547.75,3155
2026-09-14 19:05,29547.50,29550.00,29527.00,29535.75,2438
2026-09-14 19:10,29535.25,29541.00,29526.75,29533.50,1527
2026-09-14 19:15,29532.75,29533.00,29520.75,29529.00,2295
2026-09-14 19:20,29529.00,29531.75,29516.25,29524.75,2260
2026-09-14 19:25,29524.00,29530.00,29521.50,29523.50,1672
2026-09-14 19:30,29523.25,29530.00,29521.25,29523.00,1895
2026-09-14 19:35,29523.25,29523.75,29508.75,29510.25,2640
2026-09-14 19:40,29510.50,29520.25,29508.75,29514.00,2385
2026-09-14 19:45,29514.00,29523.25,29512.00,29522.25,3461
2026-09-14 19:50,29521.25,29526.00,29484.00,29490.75,6191
2026-09-14 19:55,29490.75,29491.00,29444.50,29449.50,17286
2026-09-14 20:00,29448.75,29464.25,29448.00,29457.00,4830
2026-09-14 20:05,29456.75,29458.75,29449.50,29452.00,2440
2026-09-14 20:10,29453.00,29461.50,29450.50,29458.75,1357
2026-09-14 20:15,29459.25,29459.75,29445.25,29458.50,784
2026-09-14 20:20,29459.00,29476.00,29458.75,29474.75,1021
2026-09-14 20:25,29474.75,29478.25,29471.25,29475.75,564
2026-09-14 20:30,29475.75,29478.75,29469.50,29477.00,373
2026-09-14 20:35,29477.50,29479.25,29474.00,29478.50,372
2026-09-14 20:40,29477.75,29482.25,29475.25,29477.75,554
2026-09-14 20:45,29477.50,29487.75,29477.25,29486.75,403
2026-09-14 20:50,29487.00,29493.75,29484.50,29493.00,557
2026-09-14 20:55,29493.00,29494.50,29480.75,29489.75,673
2026-09-14 22:00,29488.50,29490.25,29465.00,29476.00,0
2026-09-14 22:05,29476.75,29476.75,29457.50,29461.25,368
2026-09-14 22:10,29461.25,29465.25,29458.50,29462.25,198
2026-09-14 22:15,29463.50,29467.75,29451.75,29457.75,424
2026-09-14 22:20,29458.00,29462.00,29457.00,29459.00,161
2026-09-14 22:25,29458.00,29459.00,29449.25,29457.00,281
2026-09-14 22:30,29457.75,29463.00,29457.00,29460.25,228
2026-09-14 22:35,29460.00,29465.00,29456.00,29459.50,193
2026-09-14 22:40,29459.50,29462.50,29454.50,29455.75,211
2026-09-14 22:45,29456.75,29466.50,29456.00,29466.00,235
2026-09-14 22:50,29466.75,29474.25,29464.75,29466.50,325
2026-09-14 22:55,29466.25,29468.25,29458.50,29458.50,168
2026-09-14 23:00,29459.50,29462.50,29449.75,29458.50,357
2026-09-14 23:05,29459.00,29461.25,29453.50,29460.50,85
2026-09-14 23:10,29460.00,29467.25,29457.00,29461.25,451
2026-09-14 23:15,29462.25,29463.25,29451.00,29453.25,174
2026-09-14 23:20,29453.25,29461.50,29450.50,29459.50,123
2026-09-14 23:25,29459.00,29462.75,29453.25,29455.75,206
2026-09-14 23:30,29454.75,29459.25,29453.00,29456.75,188
2026-09-14 23:35,29457.75,29462.25,29456.50,29460.50,72
2026-09-14 23:40,29461.50,29463.25,29455.25,29458.50,105
2026-09-14 23:45,29458.50,29461.25,29449.75,29454.00,436
2026-09-14 23:50,29454.50,29455.50,29442.75,29450.00,368
2026-09-14 23:55,29450.75,29459.50,29449.50,29457.25,272
2026-09-15 00:00,29457.25,29470.00,29445.75,29449.25,746
2026-09-15 00:05,29450.00,29465.50,29426.75,29459.75,1181
2026-09-15 00:10,29461.25,29461.25,29444.00,29457.75,545
2026-09-15 00:15,29457.00,29457.25,29433.75,29443.75,806
2026-09-15 00:20,29441.50,29461.75,29436.25,29459.25,461
2026-09-15 00:25,29460.00,29466.25,29449.00,29455.25,548
2026-09-15 00:30,29453.50,29461.25,29452.75,29458.50,395
2026-09-15 00:35,29458.25,29480.00,29458.00,29477.00,480
2026-09-15 00:40,29476.25,29490.75,29476.25,29485.75,593
2026-09-15 00:45,29484.75,29487.00,29470.00,29477.25,403
2026-09-15 00:50,29476.75,29489.50,29476.50,29480.00,422
2026-09-15 00:55,29480.25,29484.00,29463.00,29467.75,488
2026-09-15 01:00,29467.50,29489.25,29459.50,29484.50,648
2026-09-15 01:05,29484.75,29485.50,29471.50,29477.25,462
2026-09-15 01:10,29477.25,29492.75,29476.75,29487.50,343
2026-09-15 01:15,29487.50,29495.25,29485.50,29488.25,375
2026-09-15 01:20,29487.75,29490.25,29483.75,29488.75,196
2026-09-15 01:25,29487.50,29490.50,29470.50,29474.50,388
2026-09-15 01:30,29473.75,29477.50,29456.75,29458.00,554
2026-09-15 01:35,29456.75,29459.25,29444.50,29453.75,733
2026-09-15 01:40,29453.00,29453.00,29428.00,29438.50,922
2026-09-15 01:45,29439.75,29454.75,29430.25,29454.00,822
2026-09-15 01:50,29452.75,29469.00,29439.25,29460.25,676
2026-09-15 01:55,29461.50,29470.00,29457.75,29463.50,381
2026-09-15 02:00,29463.75,29475.25,29459.75,29471.00,527
2026-09-15 02:05,29469.75,29471.00,29453.75,29460.25,340
2026-09-15 02:10,29461.50,29466.50,29454.25,29460.75,222
2026-09-15 02:15,29461.50,29465.50,29452.00,29455.25,314
2026-09-15 02:20,29456.75,29463.75,29453.25,29463.75,148
2026-09-15 02:25,29462.50,29468.25,29457.75,29463.25,231
2026-09-15 02:30,29464.00,29469.75,29455.50,29464.50,325
2026-09-15 02:35,29463.00,29469.75,29456.75,29461.75,262
2026-09-15 02:40,29461.50,29466.25,29452.00,29461.25,223
2026-09-15 02:45,29459.00,29468.75,29455.00,29466.25,219
2026-09-15 02:50,29467.00,29467.75,29456.75,29461.75,220
2026-09-15 02:55,29462.75,29468.75,29458.75,29460.50,394
2026-09-15 03:00,29460.00,29467.75,29455.50,29458.00,338
2026-09-15 03:05,29457.50,29457.50,29449.00,29452.25,364
2026-09-15 03:10,29450.50,29455.25,29444.50,29451.25,263
2026-09-15 03:15,29450.75,29454.75,29444.00,29446.50,223
2026-09-15 03:20,29446.25,29449.75,29443.00,29445.50,127
2026-09-15 03:25,29446.25,29448.25,29440.25,29447.50,203
2026-09-15 03:30,29444.00,29451.25,29440.50,29447.00,233
2026-09-15 03:35,29448.50,29452.00,29441.25,29442.25,183
2026-09-15 03:40,29442.75,29449.00,29441.50,29449.00,108
2026-09-15 03:45,29449.50,29454.75,29436.75,29440.75,385
2026-09-15 03:50,29441.25,29442.00,29422.50,29424.25,374
2026-09-15 03:55,29423.00,29424.00,29415.00,29416.75,303
2026-09-15 04:05,29418.00,29421.00,29417.75,29421.00,799
2026-09-15 04:10,29419.50,29425.25,29411.50,29414.50,214
2026-09-15 04:15,29415.25,29418.00,29405.25,29410.50,427
2026-09-15 04:20,29410.25,29411.25,29389.00,29390.00,838
2026-09-15 04:25,29390.75,29391.75,29376.75,29385.50,568
2026-09-15 04:30,29386.50,29392.50,29379.25,29383.50,297
2026-09-15 04:35,29383.75,29383.75,29363.50,29372.75,439
2026-09-15 04:40,29373.00,29393.50,29371.25,29388.00,590
2026-09-15 04:45,29387.50,29398.75,29381.25,29389.25,441
2026-09-15 04:50,29388.25,29390.00,29365.75,29376.50,526
2026-09-15 04:55,29377.00,29377.00,29352.00,29353.25,629
2026-09-15 05:00,29352.25,29362.75,29348.25,29351.75,726
2026-09-15 05:05,29350.00,29356.00,29332.75,29335.00,780
2026-09-15 05:10,29332.75,29335.25,29318.00,29325.00,767
2026-09-15 05:15,29325.75,29325.75,29308.50,29312.25,656
2026-09-15 05:20,29313.50,29326.00,29311.75,29317.00,462
2026-09-15 05:25,29317.25,29344.25,29316.00,29340.75,568
2026-09-15 05:30,29340.00,29354.75,29331.75,29350.75,563
2026-09-15 05:35,29351.25,29353.50,29329.25,29344.25,473
2026-09-15 05:40,29344.25,29379.00,29344.25,29376.25,689
2026-09-15 05:45,29377.00,29388.00,29369.25,29374.25,561
2026-09-15 05:50,29374.25,29404.50,29369.75,29402.50,765
2026-09-15 05:55,29403.25,29403.50,29376.50,29379.25,566
2026-09-15 06:00,29378.25,29395.25,29377.00,29389.50,775
2026-09-15 06:05,29388.50,29392.50,29366.75,29378.25,593
2026-09-15 06:10,29378.00,29390.50,29370.00,29386.50,437
2026-09-15 06:15,29384.25,29393.50,29379.50,29390.75,426
2026-09-15 06:20,29390.25,29395.25,29379.75,29380.00,306
2026-09-15 06:25,29381.75,29384.75,29370.50,29372.25,256
2026-09-15 06:30,29372.00,29373.75,29357.00,29359.00,500
2026-09-15 06:35,29358.25,29371.25,29347.00,29357.00,451
2026-09-15 06:40,29356.75,29366.25,29345.50,29348.25,399
2026-09-15 06:45,29346.75,29361.00,29345.50,29353.75,320
2026-09-15 06:50,29355.25,29356.25,29346.00,29347.75,283
2026-09-15 06:55,29346.00,29358.75,29339.00,29352.25,462
2026-09-15 07:00,29354.50,29376.00,29339.50,29368.25,1118
2026-09-15 07:05,29367.25,29374.75,29344.25,29360.00,652
2026-09-15 07:10,29364.00,29367.50,29323.25,29327.50,929
2026-09-15 07:15,29325.75,29352.50,29325.75,29352.50,537
2026-09-15 07:20,29352.25,29378.25,29350.75,29376.50,642
2026-09-15 07:25,29377.25,29382.50,29343.00,29354.50,634
2026-09-15 07:30,29354.50,29364.25,29349.00,29354.75,507
2026-09-15 07:35,29352.00,29355.25,29334.50,29337.25,661
2026-09-15 07:40,29337.00,29340.50,29312.25,29316.25,959
2026-09-15 07:45,29316.25,29339.00,29313.00,29325.00,1153
2026-09-15 07:50,29326.00,29330.75,29301.75,29313.25,1037
2026-09-15 07:55,29312.50,29320.00,29298.75,29316.00,948
2026-09-15 08:00,29317.75,29317.75,29277.75,29282.75,1488
2026-09-15 08:05,29283.75,29284.75,29242.25,29242.50,1207
2026-09-15 08:10,29241.00,29279.00,29231.00,29276.50,1244
2026-09-15 08:15,29277.50,29301.00,29276.75,29300.25,963
2026-09-15 08:20,29300.50,29310.00,29294.50,29295.75,957
2026-09-15 08:25,29296.50,29303.75,29275.50,29290.50,1185
2026-09-15 08:30,29289.25,29295.00,29269.50,29272.25,771
2026-09-15 08:35,29273.25,29291.50,29269.75,29281.75,605
2026-09-15 08:40,29281.75,29285.25,29269.50,29271.75,450
2026-09-15 08:45,29271.00,29274.25,29265.00,29273.50,307
2026-09-15 08:50,29272.25,29281.00,29270.25,29274.75,285
2026-09-15 08:55,29275.25,29286.75,29264.25,29271.50,499
2026-09-15 09:00,29272.25,29276.50,29250.75,29267.75,686
2026-09-15 09:05,29267.00,29285.00,29261.75,29263.00,668
2026-09-15 09:10,29260.75,29271.50,29250.00,29260.25,620
2026-09-15 09:15,29260.50,29266.75,29236.50,29242.75,736
2026-09-15 09:20,29243.25,29274.75,29242.25,29251.00,892
2026-09-15 09:25,29250.75,29272.25,29247.50,29269.00,479
2026-09-15 09:30,29270.50,29275.75,29258.50,29274.00,522
2026-09-15 09:35,29273.00,29296.00,29271.50,29293.50,821
2026-09-15 09:40,29294.00,29300.00,29289.75,29295.75,428
2026-09-15 09:45,29295.50,29327.50,29295.50,29327.00,724
2026-09-15 09:50,29326.25,29346.25,29323.50,29344.00,776
2026-09-15 09:55,29345.25,29345.75,29330.75,29339.00,585
2026-09-15 10:00,29340.50,29350.00,29331.00,29337.00,816
2026-09-15 10:05,29336.25,29344.75,29333.25,29343.00,359
2026-09-15 10:10,29341.75,29366.75,29341.25,29348.50,944
2026-09-15 10:15,29347.50,29348.25,29334.50,29343.25,534
2026-09-15 10:20,29344.50,29357.75,29340.50,29357.75,589
2026-09-15 10:25,29356.50,29362.50,29351.00,29361.75,693
2026-09-15 10:30,29362.00,29370.50,29354.50,29368.00,694
2026-09-15 10:35,29367.00,29375.50,29365.00,29373.50,546
2026-09-15 10:40,29372.50,29375.75,29362.75,29367.75,654
2026-09-15 10:45,29367.00,29378.00,29361.50,29375.50,572
2026-09-15 10:50,29375.00,29387.00,29372.50,29384.50,490
2026-09-15 10:55,29385.00,29396.00,29384.00,29393.50,1051
2026-09-15 11:00,29393.25,29420.50,29392.00,29405.25,1292
2026-09-15 11:05,29405.75,29418.00,29393.25,29415.25,806
2026-09-15 11:10,29416.25,29425.00,29412.75,29415.75,868
2026-09-15 11:15,29416.25,29427.25,29408.75,29419.50,679
2026-09-15 11:20,29418.75,29425.00,29405.00,29409.50,496
2026-09-15 11:25,29409.50,29413.75,29400.50,29405.25,435
2026-09-15 11:30,29405.25,29405.75,29388.75,29399.25,906
2026-09-15 11:35,29399.75,29413.00,29392.50,29395.50,719
2026-09-15 11:40,29395.75,29410.00,29391.00,29406.00,1017
2026-09-15 11:45,29406.25,29419.75,29402.50,29406.75,853
2026-09-15 11:50,29407.50,29422.25,29402.75,29407.75,546
2026-09-15 11:55,29408.25,29420.00,29403.75,29416.50,626
2026-09-15 12:00,29416.25,29428.75,29404.50,29420.25,1068
2026-09-15 12:05,29421.00,29424.25,29412.00,29420.75,627
2026-09-15 12:10,29420.50,29439.75,29418.50,29434.50,1244
2026-09-15 12:15,29434.25,29441.00,29424.25,29432.50,914
2026-09-15 12:20,29432.50,29432.75,29398.00,29406.25,1273
2026-09-15 12:25,29407.00,29430.00,29406.50,29423.00,792
2026-09-15 12:30,29421.00,29429.00,29401.50,29429.00,1327
2026-09-15 12:35,29429.25,29431.25,29417.25,29425.75,914
2026-09-15 12:40,29424.50,29432.50,29406.75,29420.75,1433
2026-09-15 12:45,29419.75,29468.50,29416.00,29459.00,3350
2026-09-15 12:50,29459.25,29474.25,29447.75,29471.50,1957
2026-09-15 12:55,29472.00,29484.50,29429.50,29435.75,2731
2026-09-15 13:00,29433.75,29444.75,29424.75,29444.00,1517
2026-09-15 13:05,29444.00,29447.00,29432.25,29439.00,1832
2026-09-15 13:10,29439.50,29445.50,29426.50,29429.75,1131
2026-09-15 13:15,29429.00,29435.50,29413.25,29421.25,1817
2026-09-15 13:20,29421.00,29425.50,29409.50,29418.25,1628
2026-09-15 13:25,29418.25,29439.25,29415.25,29420.50,2692
2026-09-15 13:30,29420.50,29424.50,29372.50,29385.50,16539
2026-09-15 13:35,29386.75,29441.25,29386.25,29430.50,11461
2026-09-15 13:40,29430.00,29440.75,29405.50,29435.75,8891
2026-09-15 13:45,29435.75,29453.50,29422.25,29429.25,7576
2026-09-15 13:50,29429.75,29436.75,29406.25,29429.25,6978
2026-09-15 13:55,29429.75,29438.25,29415.50,29429.25,4990
2026-09-15 14:00,29429.50,29432.00,29396.25,29396.50,5573
2026-09-15 14:05,29397.00,29403.25,29370.75,29381.00,6761
2026-09-15 14:10,29379.50,29381.25,29338.75,29342.75,7505
2026-09-15 14:15,29342.75,29365.00,29339.75,29355.50,7641
2026-09-15 14:20,29356.25,29362.50,29302.00,29327.50,9244
2026-09-15 14:25,29327.75,29337.50,29315.50,29326.25,6373
2026-09-15 14:30,29326.75,29334.25,29301.00,29310.25,7880
2026-09-15 14:35,29309.50,29319.50,29285.25,29291.00,6818
2026-09-15 14:40,29290.75,29291.00,29273.25,29287.50,5848
2026-09-15 14:45,29287.75,29302.00,29267.50,29268.00,5135
2026-09-15 14:50,29267.50,29271.25,29215.75,29239.75,10852
2026-09-15 14:55,29239.00,29260.00,29228.00,29239.75,7570
2026-09-15 15:00,29240.00,29284.00,29239.25,29283.75,7411
2026-09-15 15:05,29284.00,29290.25,29268.75,29274.25,4655
2026-09-15 15:10,29272.75,29281.50,29260.00,29273.00,5237
2026-09-15 15:15,29273.00,29295.50,29266.50,29287.50,4436
2026-09-15 15:20,29287.75,29295.75,29267.25,29287.50,4450
2026-09-15 15:25,29288.00,29297.25,29278.50,29291.75,3005
2026-09-15 15:30,29291.75,29293.75,29260.50,29281.75,5073
2026-09-15 15:35,29282.50,29289.75,29271.00,29271.75,3458
2026-09-15 15:40,29272.50,29297.25,29271.50,29287.50,3912
2026-09-15 15:45,29288.00,29290.50,29262.00,29267.50,3089
2026-09-15 15:50,29266.75,29298.75,29264.75,29279.25,5003
2026-09-15 15:55,29278.50,29311.50,29273.75,29277.75,4319
2026-09-15 16:00,29277.75,29289.75,29272.25,29285.25,2700
2026-09-15 16:05,29284.50,29285.00,29244.75,29250.00,3841
2026-09-15 16:10,29249.25,29254.25,29241.50,29244.50,2974
2026-09-15 16:15,29243.75,29268.75,29240.00,29267.50,3127
2026-09-15 16:20,29266.75,29301.75,29266.50,29296.00,4520
2026-09-15 16:25,29296.50,29300.50,29281.50,29285.00,4187
2026-09-15 16:30,29284.50,29294.00,29266.75,29286.25,4327
2026-09-15 16:35,29286.75,29288.25,29275.00,29281.25,2252
2026-09-15 16:40,29280.75,29284.25,29270.75,29277.50,2259
2026-09-15 16:45,29277.00,29284.50,29265.25,29274.25,2524
2026-09-15 16:50,29273.50,29301.00,29272.75,29297.50,3183
2026-09-15 16:55,29298.00,29302.50,29271.25,29279.50,3436
2026-09-15 17:00,29280.25,29284.00,29250.25,29250.25,3611
2026-09-15 17:05,29250.25,29268.00,29244.25,29255.75,3442
2026-09-15 17:10,29256.25,29272.25,29253.00,29253.75,2546
2026-09-15 17:15,29253.75,29262.50,29251.00,29261.50,1652
2026-09-15 17:20,29261.00,29266.75,29241.25,29243.75,1916
2026-09-15 17:25,29244.25,29256.75,29242.25,29253.75,2102
2026-09-15 17:30,29254.00,29268.25,29249.75,29258.00,2812
2026-09-15 17:35,29258.50,29264.75,29249.00,29253.50,1862
2026-09-15 17:40,29253.25,29260.25,29242.00,29255.25,2604
2026-09-15 17:45,29255.25,29262.00,29245.75,29249.75,2016
2026-09-15 17:50,29249.00,29264.75,29247.50,29264.25,1890
2026-09-15 17:55,29263.75,29271.50,29258.50,29263.75,2455
2026-09-15 18:00,29263.50,29274.25,29255.00,29273.75,2746
2026-09-15 18:05,29273.50,29280.75,29268.00,29280.75,1787
2026-09-15 18:10,29280.75,29287.75,29274.25,29280.25,2817
2026-09-15 18:15,29280.75,29283.00,29262.50,29266.75,2865
2026-09-15 18:20,29267.00,29273.25,29266.00,29271.50,1476
2026-09-15 18:25,29271.50,29281.00,29266.25,29281.00,2227
2026-09-15 18:30,29280.75,29280.75,29256.25,29258.75,2393
2026-09-15 18:35,29259.00,29262.75,29251.00,29258.50,1672
2026-09-15 18:40,29258.50,29269.50,29247.00,29250.75,3461
2026-09-15 18:45,29251.50,29253.00,29229.75,29236.25,3177
2026-09-15 18:50,29236.50,29244.25,29233.00,29242.75,2151
2026-09-15 18:55,29243.00,29254.00,29240.25,29252.50,3276
2026-09-15 19:00,29252.75,29258.75,29242.75,29251.00,2708
2026-09-15 19:05,29250.75,29255.25,29244.50,29252.75,2096
2026-09-15 19:10,29252.50,29254.75,29238.75,29241.00,2067
2026-09-15 19:15,29241.00,29244.00,29232.75,29241.25,2343
2026-09-15 19:20,29240.75,29241.75,29234.25,29236.00,2015
2026-09-15 19:25,29236.25,29244.00,29231.50,29238.25,1986
2026-09-15 19:30,29238.75,29241.25,29232.50,29233.25,2552
2026-09-15 19:35,29233.25,29233.25,29214.00,29219.25,3294
2026-09-15 19:40,29219.50,29230.75,29215.25,29227.00,3033
2026-09-15 19:45,29227.00,29234.50,29222.50,29233.00,3247
2026-09-15 19:50,29232.75,29239.50,29207.50,29237.75,6514
2026-09-15 19:55,29238.00,29254.25,29228.00,29251.50,17477
2026-09-15 20:00,29251.75,29281.75,29250.25,29277.75,6712
2026-09-15 20:05,29278.25,29279.50,29272.25,29276.75,1998
2026-09-15 20:10,29277.00,29291.00,29275.25,29287.00,1860
2026-09-15 20:15,29286.75,29287.50,29279.50,29281.00,980
2026-09-15 20:20,29281.50,29282.00,29274.50,29276.00,907
2026-09-15 20:25,29276.50,29276.75,29269.00,29270.50,629
2026-09-15 20:30,29270.50,29277.00,29267.25,29271.75,489
2026-09-15 20:35,29272.50,29280.00,29271.50,29277.25,321
2026-09-15 20:40,29276.75,29283.00,29273.50,29278.75,434
2026-09-15 20:45,29278.75,29285.00,29276.75,29284.50,313
2026-09-15 20:50,29284.50,29285.00,29279.25,29282.50,176
2026-09-15 20:55,29282.00,29287.00,29277.00,29277.00,435
2026-09-15 22:00,29263.75,29278.50,29251.25,29273.75,0
2026-09-15 22:05,29271.75,29273.00,29258.25,29264.75,441
2026-09-15 22:10,29263.25,29265.25,29257.75,29261.50,213
2026-09-15 22:15,29261.25,29270.75,29260.00,29265.50,287
2026-09-15 22:20,29263.50,29275.00,29262.75,29270.75,190
2026-09-15 22:25,29270.75,29272.00,29262.00,29269.25,213
2026-09-15 22:30,29268.25,29279.50,29266.75,29277.50,240
2026-09-15 22:35,29279.25,29286.25,29277.50,29286.25,211
2026-09-15 22:40,29285.00,29286.00,29279.50,29282.75,135
2026-09-15 22:45,29282.25,29286.25,29280.00,29283.50,132
2026-09-15 22:50,29284.75,29289.25,29284.00,29284.75,115
2026-09-15 22:55,29285.75,29286.75,29282.25,29282.50,83
2026-09-15 23:00,29282.00,29284.50,29278.00,29280.00,234
2026-09-15 23:05,29280.50,29283.00,29278.50,29279.00,81
2026-09-15 23:10,29279.50,29283.25,29276.00,29278.75,216
2026-09-15 23:15,29278.00,29279.50,29273.00,29275.00,160
2026-09-15 23:20,29276.50,29277.00,29273.25,29275.00,63
2026-09-15 23:25,29274.75,29275.00,29265.75,29267.00,251
2026-09-15 23:30,29267.25,29271.75,29266.00,29268.25,149
2026-09-15 23:35,29267.00,29273.50,29263.25,29273.00,172
2026-09-15 23:40,29272.75,29286.75,29270.00,29282.25,437
2026-09-15 23:45,29283.00,29286.25,29276.25,29278.50,230
2026-09-15 23:50,29278.75,29286.50,29278.00,29286.25,194
2026-09-15 23:55,29286.50,29287.75,29274.00,29278.50,216
2026-09-16 00:00,29277.50,29286.00,29257.75,29267.50,939
2026-09-16 00:05,29271.00,29278.25,29262.75,29264.00,382
2026-09-16 00:10,29267.25,29284.00,29261.00,29278.25,525
2026-09-16 00:15,29279.00,29283.50,29271.00,29279.25,506
2026-09-16 00:20,29277.75,29279.50,29270.75,29271.25,178
2026-09-16 00:25,29270.75,29278.00,29267.00,29274.50,290
2026-09-16 00:30,29275.50,29285.25,29271.50,29271.75,323
2026-09-16 00:35,29271.25,29280.25,29264.75,29278.75,285
2026-09-16 00:40,29277.25,29278.00,29271.50,29272.25,180
2026-09-16 00:45,29272.50,29285.25,29267.50,29279.00,409
2026-09-16 00:50,29280.75,29282.50,29274.75,29278.50,217
2026-09-16 00:55,29277.50,29279.75,29268.50,29272.50,327
2026-09-16 01:00,29272.25,29277.00,29258.75,29260.50,507
2026-09-16 01:05,29259.25,29259.25,29243.00,29246.00,972
2026-09-16 01:10,29245.75,29283.50,29240.50,29282.00,1204
2026-09-16 01:15,29282.50,29288.00,29269.75,29274.75,758
2026-09-16 01:20,29274.25,29288.75,29272.50,29285.50,465
2026-09-16 01:25,29285.50,29288.75,29276.75,29277.00,272
2026-09-16 01:30,29276.75,29278.75,29261.50,29271.00,527
2026-09-16 01:35,29270.75,29274.00,29244.75,29251.00,648
2026-09-16 01:40,29250.25,29262.00,29248.75,29256.50,341
2026-09-16 01:45,29256.50,29267.00,29249.75,29251.75,529
2026-09-16 01:50,29251.00,29252.50,29232.00,29234.50,702
2026-09-16 01:55,29233.75,29240.00,29226.00,29230.00,532
2026-09-16 02:00,29228.75,29260.50,29228.00,29253.25,927
2026-09-16 02:05,29254.00,29255.00,29234.00,29243.75,393
2026-09-16 02:10,29244.00,29253.50,29228.00,29233.00,445
2026-09-16 02:15,29234.50,29249.00,29233.75,29247.75,303
2026-09-16 02:20,29247.25,29260.00,29241.50,29258.50,271
2026-09-16 02:25,29259.00,29278.50,29258.50,29274.50,657
2026-09-16 02:30,29274.75,29284.00,29268.25,29274.75,699
2026-09-16 02:35,29276.25,29283.00,29268.00,29269.75,438
2026-09-16 02:40,29271.25,29273.75,29254.75,29260.50,367
2026-09-16 02:45,29261.00,29270.50,29259.50,29268.00,229
2026-09-16 02:50,29267.25,29280.00,29264.50,29274.00,340
2026-09-16 02:55,29274.75,29283.50,29273.75,29282.75,254
2026-09-16 03:00,29282.75,29305.00,29280.75,29300.00,779
2026-09-16 03:05,29300.00,29305.75,29292.00,29295.00,424
2026-09-16 03:10,29295.75,29321.25,29293.50,29320.00,837
2026-09-16 03:15,29320.25,29335.75,29317.50,29332.50,778
2026-09-16 03:20,29332.75,29358.50,29327.75,29342.75,1244
2026-09-16 03:25,29344.00,29347.25,29320.00,29320.50,595
2026-09-16 03:30,29320.00,29324.50,29307.25,29308.00,522
2026-09-16 03:35,29309.00,29312.50,29299.75,29311.25,663
2026-09-16 03:40,29311.25,29324.00,29308.50,29321.75,627
2026-09-16 03:45,29321.75,29338.75,29321.75,29328.75,782
2026-09-16 03:50,29328.25,29335.25,29325.25,29326.75,308
2026-09-16 03:55,29326.50,29336.50,29324.75,29331.25,153
2026-09-16 04:05,29331.75,29334.75,29331.00,29333.75,772
2026-09-16 04:10,29332.75,29336.00,29328.50,29332.00,205
2026-09-16 04:15,29331.75,29333.75,29323.75,29324.75,291
2026-09-16 04:20,29326.00,29340.50,29326.00,29334.75,335
2026-09-16 04:25,29334.50,29335.50,29319.00,29323.25,223
2026-09-16 04:30,29321.25,29322.75,29302.00,29303.50,283
2026-09-16 04:35,29303.25,29312.25,29298.75,29308.00,334
2026-09-16 04:40,29308.50,29315.25,29302.50,29304.25,290
2026-09-16 04:45,29305.25,29319.25,29304.00,29317.25,215
2026-09-16 04:50,29317.00,29320.00,29309.00,29311.75,166
2026-09-16 04:55,29310.75,29316.25,29303.50,29303.75,388
2026-09-16 05:00,29303.25,29307.25,29285.50,29303.50,691
2026-09-16 05:05,29304.25,29313.75,29297.25,29313.75,401
2026-09-16 05:10,29313.50,29317.00,29306.25,29312.25,322
2026-09-16 05:15,29312.75,29325.75,29312.00,29321.25,389
2026-09-16 05:20,29320.50,29323.25,29310.75,29317.50,349
2026-09-16 05:25,29317.50,29323.75,29309.25,29322.50,311
2026-09-16 05:30,29321.00,29326.50,29314.75,29323.00,326
2026-09-16 05:35,29321.00,29333.50,29319.50,29329.00,716
2026-09-16 05:40,29329.25,29345.75,29329.25,29343.25,590
2026-09-16 05:45,29343.50,29348.25,29324.75,29325.50,482
2026-09-16 05:50,29325.75,29333.00,29320.50,29333.00,535
2026-09-16 05:55,29332.50,29341.25,29331.25,29334.25,509
2026-09-16 06:00,29334.00,29357.75,29328.75,29334.50,1168
2026-09-16 06:05,29334.50,29365.00,29334.50,29357.25,915
2026-09-16 06:10,29357.25,29372.50,29356.25,29361.00,881
2026-09-16 06:15,29360.75,29364.25,29348.25,29363.00,742
2026-09-16 06:20,29363.50,29365.25,29340.50,29343.25,449
2026-09-16 06:25,29343.75,29347.25,29328.75,29341.25,459
2026-09-16 06:30,29341.50,29345.00,29330.75,29340.75,597
2026-09-16 06:35,29340.25,29349.00,29334.25,29342.75,397
2026-09-16 06:40,29342.00,29346.50,29335.25,29344.50,305
2026-09-16 06:45,29344.50,29347.50,29332.75,29343.50,321
2026-09-16 06:50,29341.50,29361.50,29340.00,29353.00,475
2026-09-16 06:55,29354.75,29369.00,29349.25,29365.75,455
2026-09-16 07:00,29365.50,29393.50,29359.00,29391.25,1336
2026-09-16 07:05,29389.50,29395.50,29378.00,29393.00,907
2026-09-16 07:10,29393.25,29394.50,29378.25,29384.75,682
2026-09-16 07:15,29384.50,29388.75,29367.25,29367.50,844
2026-09-16 07:20,29367.25,29392.25,29367.25,29385.50,545
2026-09-16 07:25,29384.75,29390.25,29382.25,29386.75,361
2026-09-16 07:30,29386.75,29398.00,29383.25,29387.75,515
2026-09-16 07:35,29388.25,29389.25,29373.25,29373.50,349
2026-09-16 07:40,29373.00,29376.75,29366.75,29370.25,387
2026-09-16 07:45,29371.75,29376.50,29366.25,29370.50,321
2026-09-16 07:50,29371.75,29371.75,29360.00,29360.50,455
2026-09-16 07:55,29360.25,29376.75,29359.50,29369.25,455
2026-09-16 08:00,29369.00,29376.50,29345.00,29346.50,975
2026-09-16 08:05,29346.50,29356.00,29336.25,29345.75,757
2026-09-16 08:10,29343.75,29349.25,29327.50,29346.25,805
2026-09-16 08:15,29345.25,29374.50,29343.50,29355.00,1454
2026-09-16 08:20,29354.50,29368.25,29337.00,29339.00,1327
2026-09-16 08:25,29338.50,29350.25,29331.25,29348.25,517
2026-09-16 08:30,29347.75,29365.00,29342.00,29348.50,919
2026-09-16 08:35,29348.75,29352.25,29328.75,29329.25,379
2026-09-16 08:40,29329.50,29349.50,29326.00,29347.50,664
2026-09-16 08:45,29347.75,29353.75,29340.75,29342.75,307
2026-09-16 08:50,29341.75,29366.50,29341.75,29364.00,387
2026-09-16 08:55,29363.25,29375.00,29361.75,29372.50,407
2026-09-16 09:00,29372.50,29378.25,29363.25,29376.50,644
2026-09-16 09:05,29377.25,29382.50,29365.50,29372.00,654
2026-09-16 09:10,29369.50,29374.25,29355.50,29356.50,272
2026-09-16 09:15,29357.25,29359.00,29336.75,29338.75,468
2026-09-16 09:20,29336.75,29352.25,29336.75,29343.75,350
2026-09-16 09:25,29344.25,29372.00,29342.50,29356.50,891
2026-09-16 09:30,29356.50,29366.25,29352.25,29364.50,316
2026-09-16 09:35,29364.25,29372.75,29360.25,29372.00,315
2026-09-16 09:40,29373.00,29389.75,29370.00,29382.75,673
2026-09-16 09:45,29382.00,29383.25,29367.00,29375.00,377
2026-09-16 09:50,29375.50,29386.50,29374.75,29386.25,239
2026-09-16 09:55,29386.75,29392.00,29379.75,29380.50,308
2026-09-16 10:00,29380.25,29386.75,29363.00,29363.00,643
2026-09-16 10:05,29363.25,29376.50,29357.50,29376.50,787
2026-09-16 10:10,29377.00,29378.75,29356.00,29369.50,568
2026-09-16 10:15,29369.75,29374.75,29362.25,29371.00,376
2026-09-16 10:20,29370.50,29377.00,29365.25,29367.75,355
2026-09-16 10:25,29367.75,29376.00,29365.00,29374.75,213
2026-09-16 10:30,29373.50,29378.50,29369.50,29371.00,287
2026-09-16 10:35,29371.75,29381.50,29371.75,29380.50,510
2026-09-16 10:40,29381.25,29384.25,29378.50,29382.75,278
2026-09-16 10:45,29381.75,29381.75,29372.00,29375.75,192
2026-09-16 10:50,29375.75,29376.50,29368.50,29371.75,212
2026-09-16 10:55,29370.75,29400.50,29368.75,29397.50,789
2026-09-16 11:00,29398.00,29419.25,29383.75,29393.50,2567
2026-09-16 11:05,29392.00,29399.00,29377.50,29393.50,1034
2026-09-16 11:10,29392.25,29395.25,29372.50,29372.50,564
2026-09-16 11:15,29373.00,29378.25,29363.50,29377.75,630
2026-09-16 11:20,29377.50,29378.50,29366.00,29375.25,548
2026-09-16 11:25,29376.25,29388.50,29375.25,29380.25,793
2026-09-16 11:30,29380.25,29395.75,29378.25,29391.50,768
2026-09-16 11:35,29391.00,29399.25,29385.75,29398.50,710
2026-09-16 11:40,29397.50,29417.75,29380.75,29409.25,1459
2026-09-16 11:45,29410.00,29414.75,29405.00,29408.50,459
2026-09-16 11:50,29409.25,29414.50,29406.25,29412.50,657
2026-09-16 11:55,29412.00,29417.00,29403.00,29417.00,704
2026-09-16 12:00,29415.50,29430.00,29412.00,29423.50,1669
2026-09-16 12:05,29424.00,29439.00,29417.50,29434.50,1103
2026-09-16 12:10,29434.00,29434.75,29421.50,29423.25,817
2026-09-16 12:15,29422.75,29432.00,29420.50,29432.00,1107
2026-09-16 12:20,29432.25,29436.00,29422.50,29423.00,1517
2026-09-16 12:25,29424.25,29436.50,29422.00,29433.50,1069
2026-09-16 12:30,29432.50,29432.75,29403.50,29411.25,1572
2026-09-16 12:35,29410.00,29414.25,29374.75,29383.50,1980
2026-09-16 12:40,29384.25,29385.00,29368.00,29369.00,1409
2026-09-16 12:45,29368.00,29398.25,29364.00,29397.25,1446
2026-09-16 12:50,29397.00,29405.00,29376.75,29379.00,1516
2026-09-16 12:55,29378.50,29406.00,29376.00,29403.00,1333
2026-09-16 13:00,29401.25,29412.50,29363.75,29367.00,2163
2026-09-16 13:05,29367.50,29392.00,29366.50,29391.00,1265
2026-09-16 13:10,29391.50,29405.00,29385.25,29403.00,1700
2026-09-16 13:15,29403.00,29403.25,29384.75,29388.25,1778
2026-09-16 13:20,29388.25,29415.50,29384.75,29397.00,3028
2026-09-16 13:25,29397.25,29403.00,29385.75,29386.25,2742
2026-09-16 13:30,29386.75,29421.25,29380.00,29405.75,15756
2026-09-16 13:35,29406.25,29411.75,29373.25,29391.00,7803
2026-09-16 13:40,29391.75,29421.75,29387.50,29404.50,7321
2026-09-16 13:45,29404.50,29465.00,29401.50,29461.75,10309
2026-09-16 13:50,29462.25,29477.50,29453.50,29463.00,7637
2026-09-16 13:55,29462.50,29481.50,29456.75,29478.75,5012
2026-09-16 14:00,29479.25,29484.25,29430.25,29435.25,7770
2026-09-16 14:05,29435.25,29468.00,29424.50,29454.50,6786
2026-09-16 14:10,29454.25,29462.00,29418.00,29450.00,5720
2026-09-16 14:15,29449.75,29477.00,29445.00,29469.75,5396
2026-09-16 14:20,29469.50,29474.75,29455.00,29463.50,4548
2026-09-16 14:25,29463.50,29465.00,29444.50,29452.25,4010
2026-09-16 14:30,29452.00,29459.00,29437.25,29445.00,4827
2026-09-16 14:35,29445.00,29449.50,29425.75,29438.75,4134
2026-09-16 14:40,29438.25,29466.75,29437.00,29466.75,4517
2026-09-16 14:45,29466.50,29475.25,29451.00,29457.25,4298
2026-09-16 14:50,29457.25,29472.75,29450.25,29463.75,3014
2026-09-16 14:55,29464.25,29501.00,29460.50,29499.00,5012
2026-09-16 15:00,29499.25,29514.50,29485.00,29501.50,6562
2026-09-16 15:05,29501.00,29535.75,29491.75,29528.50,7243
2026-09-16 15:10,29529.00,29533.25,29508.75,29524.00,5833
2026-09-16 15:15,29523.75,29526.00,29494.75,29507.75,4116
2026-09-16 15:20,29508.50,29517.50,29499.75,29516.50,3011
2026-09-16 15:25,29516.00,29524.75,29501.25,29506.25,3201
2026-09-16 15:30,29506.50,29510.50,29482.25,29489.25,4561
2026-09-16 15:35,29490.25,29506.00,29483.50,29493.50,4198
2026-09-16 15:40,29493.25,29502.50,29485.00,29496.00,2730
2026-09-16 15:45,29496.00,29549.75,29489.00,29527.50,8663
2026-09-16 15:50,29528.25,29531.50,29510.25,29511.00,3865
2026-09-16 15:55,29511.50,29516.25,29497.50,29499.25,2829
2026-09-16 16:00,29499.50,29502.50,29475.50,29475.75,3410
2026-09-16 16:05,29475.50,29489.00,29475.25,29485.50,2265
2026-09-16 16:10,29485.75,29487.25,29470.50,29484.50,2574
2026-09-16 16:15,29484.50,29495.75,29481.50,29490.50,2406
2026-09-16 16:20,29490.00,29490.50,29467.50,29469.50,2673
2026-09-16 16:25,29470.00,29486.00,29468.25,29485.00,2358
2026-09-16 16:30,29484.75,29487.75,29464.25,29465.75,2207
2026-09-16 16:35,29465.25,29474.50,29464.75,29470.50,1187
2026-09-16 16:40,29470.75,29476.50,29466.75,29470.00,1171
2026-09-16 16:45,29470.25,29492.25,29470.25,29486.00,2160
2026-09-16 16:50,29485.00,29488.00,29466.25,29474.25,2240
2026-09-16 16:55,29474.25,29479.50,29467.75,29468.50,1512
2026-09-16 17:00,29468.50,29469.50,29439.75,29448.00,3073
2026-09-16 17:05,29448.00,29452.50,29445.00,29452.25,1551
2026-09-16 17:10,29452.00,29463.25,29444.50,29460.50,1673
2026-09-16 17:15,29460.00,29465.00,29452.25,29454.25,1382
2026-09-16 17:20,29454.25,29463.00,29443.75,29448.50,1473
2026-09-16 17:25,29448.00,29458.00,29447.50,29456.00,1455
2026-09-16 17:30,29457.00,29463.00,29447.00,29451.50,1576
2026-09-16 17:35,29451.75,29455.25,29440.50,29440.75,1401
2026-09-16 17:40,29441.00,29441.25,29419.25,29423.00,2674
2026-09-16 17:45,29422.75,29444.25,29422.75,29433.25,1900
2026-09-16 17:50,29433.25,29450.75,29426.00,29446.25,2150
2026-09-16 17:55,29445.00,29478.50,29443.50,29475.00,3277
2026-09-16 18:00,29478.75,29517.00,29412.25,29507.50,12733
2026-09-16 18:05,29509.00,29539.00,29493.75,29500.50,8818
2026-09-16 18:10,29501.00,29509.75,29457.00,29465.50,6408
2026-09-16 18:15,29464.75,29482.75,29450.00,29464.75,4254
2026-09-16 18:20,29463.75,29479.25,29447.50,29454.75,3680
2026-09-16 18:25,29455.25,29460.75,29406.50,29454.75,6022
2026-09-16 18:30,29455.50,29467.50,29365.00,29371.50,11584
2026-09-16 18:35,29370.00,29402.75,29301.00,29392.00,13054
2026-09-16 18:40,29391.00,29494.75,29384.75,29438.75,11152
2026-09-16 18:45,29438.75,29472.25,29376.25,29381.25,9042
2026-09-16 18:50,29382.25,29397.00,29291.50,29295.25,12090
2026-09-16 18:55,29296.00,29326.50,29221.50,29231.00,15234
2026-09-16 19:00,29231.75,29303.75,29221.25,29273.25,12514
2026-09-16 19:05,29273.00,29277.75,29187.00,29204.75,12255
2026-09-16 19:10,29203.75,29213.00,29108.00,29129.50,13667
2026-09-16 19:15,29130.00,29164.25,29084.00,29109.75,11043
2026-09-16 19:20,29109.75,29131.50,29083.25,29111.25,10448
2026-09-16 19:25,29113.25,29136.75,29053.00,29132.00,10887
2026-09-16 19:30,29132.00,29196.75,29122.50,29195.25,10899
2026-09-16 19:35,29195.25,29199.75,29142.25,29190.00,7880
2026-09-16 19:40,29190.25,29208.75,29151.00,29174.00,6950
2026-09-16 19:45,29174.25,29236.50,29173.25,29224.75,7932
2026-09-16 19:50,29224.50,29254.25,29217.00,29240.00,10023
2026-09-16 19:55,29241.00,29268.75,29217.75,29254.25,15880
2026-09-16 20:00,29254.00,29283.25,29248.00,29269.00,7151
2026-09-16 20:05,29269.00,29279.75,29257.75,29268.75,2635
2026-09-16 20:10,29267.25,29270.25,29259.00,29265.75,1160
2026-09-16 20:15,29265.50,29270.25,29257.00,29261.00,967
2026-09-16 20:20,29261.75,29266.00,29248.75,29249.75,957
2026-09-16 20:25,29250.00,29250.25,29231.00,29244.50,1326
2026-09-16 20:30,29243.75,29255.00,29238.00,29254.50,557
2026-09-16 20:35,29251.50,29261.75,29242.75,29260.25,281
2026-09-16 20:40,29260.75,29267.50,29252.00,29259.75,588
2026-09-16 20:45,29260.25,29268.50,29256.75,29268.00,258
2026-09-16 20:50,29268.00,29272.75,29261.75,29266.00,339
2026-09-16 20:55,29266.75,29269.75,29252.00,29263.75,613
2026-09-16 22:00,29271.00,29288.50,29247.75,29251.25,0
2026-09-16 22:05,29253.25,29288.00,29253.25,29282.75,717
2026-09-16 22:10,29282.00,29286.25,29276.25,29281.25,313
2026-09-16 22:15,29284.75,29288.00,29280.00,29287.00,195
2026-09-16 22:20,29286.50,29300.00,29286.50,29296.75,486
2026-09-16 22:25,29297.50,29329.50,29297.00,29322.50,745
2026-09-16 22:30,29323.75,29337.25,29321.25,29333.50,469
2026-09-16 22:35,29332.75,29352.75,29332.75,29349.75,515
2026-09-16 22:40,29350.00,29369.25,29349.75,29357.25,903
2026-09-16 22:45,29357.00,29362.50,29342.75,29346.75,670
2026-09-16 22:50,29346.50,29352.00,29343.50,29345.25,385
2026-09-16 22:55,29346.50,29353.25,29342.00,29350.00,315
2026-09-16 23:00,29350.75,29364.50,29349.25,29356.00,489
2026-09-16 23:05,29354.75,29374.25,29352.25,29372.50,423
2026-09-16 23:10,29373.00,29375.00,29364.25,29368.25,323
2026-09-16 23:15,29370.00,29392.00,29369.75,29382.75,720
2026-09-16 23:20,29382.00,29399.75,29382.00,29397.25,506
2026-09-16 23:25,29397.00,29416.75,29389.00,29395.50,1122
2026-09-16 23:30,29396.00,29412.50,29395.50,29410.50,614
2026-09-16 23:35,29411.00,29411.00,29395.50,29402.25,480
2026-09-16 23:40,29403.50,29444.25,29401.25,29436.50,1964
2026-09-16 23:45,29435.25,29457.00,29433.50,29449.75,1482
2026-09-16 23:50,29450.50,29451.75,29439.50,29442.75,698
2026-09-16 23:55,29443.75,29452.00,29435.00,29450.50,683
2026-09-17 00:00,29451.50,29464.75,29441.50,29451.00,1251
2026-09-17 00:05,29450.25,29462.00,29441.00,29452.50,838
2026-09-17 00:10,29453.75,29457.75,29412.75,29413.75,1512
2026-09-17 00:15,29414.00,29448.75,29409.50,29442.50,1426
2026-09-17 00:20,29442.00,29447.00,29426.50,29430.25,628
2026-09-17 00:25,29432.50,29443.50,29426.75,29433.75,526
2026-09-17 00:30,29433.75,29469.50,29432.00,29457.25,1254
2026-09-17 00:35,29458.25,29467.25,29454.00,29464.75,416
2026-09-17 00:40,29463.75,29478.00,29456.50,29458.50,656
2026-09-17 00:45,29458.75,29459.00,29438.25,29449.25,830
2026-09-17 00:50,29452.00,29453.00,29428.75,29436.00,560
2026-09-17 00:55,29436.50,29467.00,29434.00,29450.25,825
2026-09-17 01:00,29451.50,29453.25,29436.25,29451.75,614
2026-09-17 01:05,29451.25,29474.25,29448.25,29452.75,927
2026-09-17 01:10,29452.00,29453.25,29434.00,29450.50,717
2026-09-17 01:15,29451.00,29454.25,29439.25,29443.75,548
2026-09-17 01:20,29444.25,29454.25,29443.25,29449.25,408
2026-09-17 01:25,29450.25,29453.50,29443.25,29446.50,242
2026-09-17 01:30,29447.00,29466.50,29447.00,29456.50,632
2026-09-17 01:35,29457.75,29469.25,29440.75,29442.75,583
2026-09-17 01:40,29441.00,29447.00,29427.75,29442.25,802
2026-09-17 01:45,29441.50,29447.00,29435.50,29441.00,240
2026-09-17 01:50,29440.25,29440.50,29413.00,29423.75,883
2026-09-17 01:55,29423.00,29425.25,29406.25,29418.50,948
2026-09-17 02:00,29419.00,29439.00,29417.00,29439.00,600
2026-09-17 02:05,29438.50,29438.50,29410.75,29413.50,861
2026-09-17 02:10,29412.50,29420.00,29406.25,29412.00,487
2026-09-17 02:15,29413.25,29426.25,29409.50,29421.50,390
2026-09-17 02:20,29421.50,29427.25,29413.75,29422.75,334
2026-09-17 02:25,29420.75,29428.75,29411.75,29418.25,422
2026-09-17 02:30,29418.25,29435.50,29416.75,29428.00,373
2026-09-17 02:35,29428.00,29451.00,29426.75,29443.00,633
2026-09-17 02:40,29443.75,29454.25,29441.50,29447.75,337
2026-09-17 02:45,29448.50,29449.25,29437.75,29444.25,335
2026-09-17 02:50,29444.00,29449.25,29422.50,29424.75,504
2026-09-17 02:55,29423.50,29431.75,29418.00,29421.75,525
2026-09-17 03:00,29423.00,29434.00,29419.00,29433.25,246
2026-09-17 03:05,29434.00,29444.00,29433.00,29438.75,231
2026-09-17 03:10,29440.00,29443.75,29427.75,29443.25,240
2026-09-17 03:15,29442.00,29446.75,29431.50,29435.25,233
2026-09-17 03:20,29434.00,29446.50,29428.25,29446.50,170
2026-09-17 03:25,29446.00,29449.00,29442.25,29446.50,141
2026-09-17 03:30,29446.00,29450.75,29440.25,29446.50,231
2026-09-17 03:35,29446.75,29453.75,29443.00,29453.00,140
2026-09-17 03:40,29452.75,29462.50,29450.50,29461.00,377
2026-09-17 03:45,29461.00,29461.00,29441.75,29458.25,378
2026-09-17 03:50,29457.75,29458.50,29450.00,29455.75,164
2026-09-17 03:55,29455.25,29466.50,29455.25,29465.50,272
2026-09-17 04:05,29466.00,29466.00,29462.25,29462.75,624
2026-09-17 04:10,29462.00,29464.00,29453.25,29459.50,263
2026-09-17 04:15,29458.50,29461.25,29448.75,29449.25,240
2026-09-17 04:20,29449.25,29452.00,29444.00,29446.25,212
2026-09-17 04:25,29446.25,29454.75,29440.75,29451.25,282
2026-09-17 04:30,29450.50,29451.75,29438.75,29442.00,259
2026-09-17 04:35,29442.75,29463.75,29442.75,29461.50,318
2026-09-17 04:40,29461.75,29467.50,29457.25,29461.25,286
2026-09-17 04:45,29462.75,29471.50,29460.00,29460.00,300
2026-09-17 04:50,29459.75,29460.00,29442.75,29445.50,410
2026-09-17 04:55,29445.75,29454.00,29445.00,29450.50,143
2026-09-17 05:00,29450.75,29453.75,29446.25,29451.50,216
2026-09-17 05:05,29451.25,29451.50,29444.00,29444.00,150
2026-09-17 05:10,29444.25,29446.50,29433.50,29435.00,322
2026-09-17 05:15,29433.25,29435.00,29425.50,29429.25,389
2026-09-17 05:20,29428.75,29430.50,29420.75,29428.25,378
2026-09-17 05:25,29427.75,29441.25,29426.75,29429.75,349
2026-09-17 05:30,29430.50,29432.00,29415.25,29422.75,659
2026-09-17 05:35,29421.25,29422.75,29403.75,29410.00,526
2026-09-17 05:40,29411.25,29412.75,29390.75,29391.75,668
2026-09-17 05:45,29392.75,29404.00,29392.75,29397.75,300
2026-09-17 05:50,29397.75,29405.00,29382.25,29384.25,665
2026-09-17 05:55,29383.75,29385.00,29371.00,29373.75,623
2026-09-17 06:00,29372.50,29408.00,29368.75,29401.00,924
2026-09-17 06:05,29399.75,29413.75,29390.00,29393.00,629
2026-09-17 06:10,29392.75,29398.50,29381.50,29392.00,484
2026-09-17 06:15,29393.00,29395.75,29376.50,29391.50,531
2026-09-17 06:20,29392.00,29411.25,29388.50,29410.75,332
2026-09-17 06:25,29411.50,29444.50,29408.50,29443.75,1056
2026-09-17 06:30,29443.75,29459.00,29440.75,29449.00,1042
2026-09-17 06:35,29449.00,29462.00,29444.00,29444.75,536
2026-09-17 06:40,29446.50,29469.50,29446.50,29463.25,676
2026-09-17 06:45,29461.75,29470.25,29458.75,29460.75,566
2026-09-17 06:50,29462.00,29470.50,29456.50,29464.50,851
2026-09-17 06:55,29463.50,29473.50,29460.50,29469.50,735
2026-09-17 07:00,29469.50,29496.50,29462.25,29491.25,1710
2026-09-17 07:05,29491.25,29522.00,29490.25,29518.00,1618
2026-09-17 07:10,29519.00,29523.75,29505.25,29510.00,807
2026-09-17 07:15,29510.00,29535.50,29506.25,29522.50,914
2026-09-17 07:20,29523.50,29537.25,29508.75,29534.00,866
2026-09-17 07:25,29531.00,29550.00,29529.00,29548.75,1374
2026-09-17 07:30,29549.50,29567.50,29546.75,29550.50,1118
2026-09-17 07:35,29550.25,29550.25,29537.00,29545.25,550
2026-09-17 07:40,29546.50,29550.25,29538.75,29547.50,477
2026-09-17 07:45,29546.25,29547.50,29533.25,29534.00,570
2026-09-17 07:50,29533.50,29534.50,29518.25,29520.00,910
2026-09-17 07:55,29520.25,29520.25,29509.75,29517.75,702
2026-09-17 08:00,29517.75,29530.75,29512.25,29528.50,869
2026-09-17 08:05,29528.75,29533.25,29521.00,29526.00,1015
2026-09-17 08:10,29524.75,29531.00,29490.25,29496.75,1040
2026-09-17 08:15,29496.00,29505.00,29485.00,29491.25,644
2026-09-17 08:20,29490.00,29503.50,29488.25,29502.00,482
2026-09-17 08:25,29501.25,29520.50,29501.00,29516.25,676
2026-09-17 08:30,29516.25,29524.50,29505.75,29523.75,541
2026-09-17 08:35,29523.50,29537.25,29523.00,29535.25,607
2026-09-17 08:40,29536.25,29537.75,29524.25,29530.50,259
2026-09-17 08:45,29530.00,29543.25,29527.50,29541.25,354
2026-09-17 08:50,29541.75,29559.75,29535.00,29553.25,702
2026-09-17 08:55,29555.00,29561.25,29550.00,29555.50,756
2026-09-17 09:00,29556.00,29579.75,29555.25,29570.25,1020
2026-09-17 09:05,29571.00,29584.00,29568.00,29577.75,558
2026-09-17 09:10,29578.50,29592.75,29570.00,29571.50,712
2026-09-17 09:15,29571.00,29575.25,29557.00,29558.00,609
2026-09-17 09:20,29558.25,29565.75,29555.50,29560.50,356
2026-09-17 09:25,29559.00,29563.75,29553.50,29555.75,360
2026-09-17 09:30,29556.50,29571.75,29553.50,29570.00,431
2026-09-17 09:35,29569.25,29573.25,29563.25,29564.00,293
2026-09-17 09:40,29563.50,29572.50,29560.75,29567.00,249
2026-09-17 09:45,29567.00,29569.50,29545.50,29550.25,414
2026-09-17 09:50,29551.00,29570.00,29550.25,29568.00,580
2026-09-17 09:55,29567.00,29580.00,29557.25,29558.50,550
2026-09-17 10:00,29558.50,29569.50,29557.75,29565.50,223
2026-09-17 10:05,29567.75,29577.50,29564.75,29571.50,387
2026-09-17 10:10,29572.25,29581.50,29569.25,29571.25,350
2026-09-17 10:15,29571.25,29576.00,29562.00,29562.00,440
2026-09-17 10:20,29563.50,29584.75,29563.50,29584.00,438
2026-09-17 10:25,29584.25,29589.25,29576.25,29578.25,416
2026-09-17 10:30,29579.25,29590.75,29571.50,29572.75,586
2026-09-17 10:35,29572.50,29583.75,29572.50,29579.00,563
2026-09-17 10:40,29577.50,29580.00,29561.75,29566.00,434
2026-09-17 10:45,29564.50,29571.00,29562.00,29568.00,280
2026-09-17 10:50,29567.25,29579.25,29565.75,29571.50,379
2026-09-17 10:55,29573.00,29589.00,29571.50,29586.75,285
2026-09-17 11:00,29586.75,29614.00,29585.00,29592.25,1558
2026-09-17 11:05,29592.75,29596.50,29582.75,29583.75,519
2026-09-17 11:10,29583.75,29591.00,29575.50,29589.00,645
2026-09-17 11:15,29589.50,29592.00,29566.25,29575.75,550
2026-09-17 11:20,29575.00,29585.25,29569.50,29569.50,395
2026-09-17 11:25,29570.00,29580.00,29565.00,29577.75,393
2026-09-17 11:30,29577.50,29582.00,29572.25,29574.50,269
2026-09-17 11:35,29572.75,29579.00,29566.50,29576.00,344
2026-09-17 11:40,29575.75,29575.75,29560.00,29561.25,432
2026-09-17 11:45,29559.75,29569.25,29558.25,29564.75,417
2026-09-17 11:50,29565.75,29583.25,29555.50,29579.00,846
2026-09-17 11:55,29578.25,29624.00,29573.50,29620.00,2486
2026-09-17 12:00,29621.00,29627.00,29595.50,29619.25,2352
2026-09-17 12:05,29619.50,29667.75,29615.50,29666.50,3168
2026-09-17 12:10,29666.75,29680.75,29662.50,29666.25,1811
2026-09-17 12:15,29667.25,29688.50,29662.75,29687.25,1657
2026-09-17 12:20,29687.25,29697.00,29682.00,29695.25,1801
2026-09-17 12:25,29695.25,29727.75,29689.50,29725.25,1950
2026-09-17 12:30,29723.75,29753.25,29712.25,29749.25,3794
2026-09-17 12:35,29748.50,29749.75,29722.00,29743.75,2746
2026-09-17 12:40,29743.00,29744.50,29720.00,29721.75,1843
2026-09-17 12:45,29721.50,29724.00,29708.75,29714.50,1693
2026-09-17 12:50,29714.00,29727.25,29711.00,29724.00,1199
2026-09-17 12:55,29723.25,29732.50,29714.00,29724.00,1305
2026-09-17 13:00,29724.25,29750.00,29715.75,29730.00,2524
2026-09-17 13:05,29730.75,29739.25,29723.50,29725.50,1606
2026-09-17 13:10,29725.75,29736.50,29714.00,29730.75,1951
2026-09-17 13:15,29730.25,29743.00,29726.00,29727.75,1611
2026-09-17 13:20,29728.50,29733.25,29712.00,29715.50,1831
2026-09-17 13:25,29715.50,29730.00,29709.75,29718.25,3363
2026-09-17 13:30,29718.25,29737.25,29641.00,29641.75,18886
2026-09-17 13:35,29641.50,29667.25,29605.75,29620.50,11525
2026-09-17 13:40,29621.00,29649.50,29613.00,29641.00,11252
2026-09-17 13:45,29641.75,29669.25,29623.75,29664.25,10935
2026-09-17 13:50,29665.00,29694.75,29645.00,29674.75,10196
2026-09-17 13:55,29674.25,29691.00,29661.75,29689.00,6826
2026-09-17 14:00,29689.50,29690.25,29648.50,29675.50,9470
2026-09-17 14:05,29675.00,29683.25,29639.50,29659.25,6946
2026-09-17 14:10,29657.75,29718.00,29646.50,29710.75,8601
2026-09-17 14:15,29710.00,29719.75,29696.25,29709.25,7417
2026-09-17 14:20,29709.00,29725.25,29692.50,29721.00,5485
2026-09-17 14:25,29721.00,29742.00,29710.50,29712.50,7036
2026-09-17 14:30,29712.00,29738.00,29708.00,29734.50,5345
2026-09-17 14:35,29734.00,29743.75,29721.25,29725.25,5171
2026-09-17 14:40,29725.25,29748.00,29713.50,29716.00,5897
2026-09-17 14:45,29715.50,29718.50,29681.00,29693.00,6233
2026-09-17 14:50,29693.00,29698.25,29668.75,29674.50,5453
2026-09-17 14:55,29674.25,29695.50,29666.50,29680.00,5529
2026-09-17 15:00,29680.75,29687.75,29666.25,29673.25,4590
2026-09-17 15:05,29673.75,29691.00,29652.00,29681.75,5326
2026-09-17 15:10,29681.25,29686.00,29670.25,29682.50,3813
2026-09-17 15:15,29682.25,29698.00,29671.00,29693.50,3430
2026-09-17 15:20,29693.75,29694.75,29678.25,29691.00,2752
2026-09-17 15:25,29691.50,29714.00,29691.25,29706.50,3916
2026-09-17 15:30,29706.50,29711.50,29699.00,29706.25,2695
2026-09-17 15:35,29706.25,29720.75,29704.00,29720.25,3029
2026-09-17 15:40,29720.00,29741.00,29718.25,29735.25,4985
2026-09-17 15:45,29735.00,29744.75,29731.00,29740.50,3742
2026-09-17 15:50,29741.00,29745.75,29731.25,29737.75,4012
2026-09-17 15:55,29738.00,29743.75,29726.75,29743.50,3383
2026-09-17 16:00,29743.25,29746.25,29728.75,29728.75,2995
2026-09-17 16:05,29729.50,29742.00,29717.00,29741.00,3548
2026-09-17 16:10,29740.50,29744.25,29732.00,29740.25,2237
2026-09-17 16:15,29740.00,29742.00,29733.00,29738.25,1669
2026-09-17 16:20,29738.00,29753.25,29729.25,29747.25,2873
2026-09-17 16:25,29747.00,29751.50,29742.00,29747.50,2179
2026-09-17 16:30,29747.25,29750.50,29716.50,29725.00,3690
2026-09-17 16:35,29725.50,29734.75,29722.25,29729.75,2623
2026-09-17 16:40,29729.00,29746.75,29724.75,29746.75,2343
2026-09-17 16:45,29746.25,29749.50,29739.75,29743.25,2661
2026-09-17 16:50,29742.75,29747.25,29739.75,29742.00,1532
2026-09-17 16:55,29742.00,29743.75,29704.25,29741.50,8413
2026-09-17 17:00,29741.25,29759.00,29738.50,29753.75,4997
2026-09-17 17:05,29754.25,29762.50,29745.50,29747.75,3001
2026-09-17 17:10,29747.75,29748.50,29730.00,29732.25,2879
2026-09-17 17:15,29732.50,29743.50,29731.00,29738.75,2150
2026-09-17 17:20,29739.25,29743.25,29722.00,29725.50,3604
2026-09-17 17:25,29725.75,29734.25,29721.25,29726.00,1847
2026-09-17 17:30,29726.75,29733.25,29717.25,29732.25,2453
2026-09-17 17:35,29731.75,29736.25,29723.25,29723.75,1920
2026-09-17 17:40,29723.50,29738.75,29723.50,29737.50,1943
2026-09-17 17:45,29737.00,29747.25,29735.25,29738.25,1807
2026-09-17 17:50,29738.25,29738.75,29727.50,29730.75,1868
2026-09-17 17:55,29731.25,29743.00,29729.75,29742.50,2002
2026-09-17 18:00,29742.50,29744.00,29733.00,29741.00,1874
2026-09-17 18:05,29741.50,29747.50,29724.50,29728.25,2471
2026-09-17 18:10,29728.00,29734.00,29724.50,29729.75,2105
2026-09-17 18:15,29730.00,29740.00,29720.50,29735.75,2800
2026-09-17 18:20,29735.75,29738.50,29722.75,29724.25,2033
2026-09-17 18:25,29724.25,29731.25,29723.25,29726.25,1713
2026-09-17 18:30,29726.75,29734.25,29720.75,29721.75,2194
2026-09-17 18:35,29722.00,29723.00,29708.25,29709.75,3336
2026-09-17 18:40,29709.50,29718.00,29705.00,29717.00,2823
2026-09-17 18:45,29716.50,29728.50,29715.00,29721.50,2367
2026-09-17 18:50,29721.00,29726.00,29716.00,29720.50,1781
2026-09-17 18:55,29720.50,29725.00,29715.00,29722.00,2184
2026-09-17 19:00,29722.00,29736.75,29720.00,29735.00,2954
2026-09-17 19:05,29735.25,29751.00,29735.25,29739.25,3953
2026-09-17 19:10,29739.50,29746.00,29734.50,29740.00,2302
2026-09-17 19:15,29740.25,29746.50,29736.75,29743.75,2086
2026-09-17 19:20,29744.00,29746.25,29734.00,29735.25,2100
2026-09-17 19:25,29735.00,29739.00,29728.25,29732.00,2419
2026-09-17 19:30,29732.00,29754.00,29730.75,29752.50,3581
2026-09-17 19:35,29752.75,29760.75,29752.00,29758.00,3163
2026-09-17 19:40,29758.25,29770.00,29746.50,29763.25,3830
2026-09-17 19:45,29763.50,29765.50,29749.50,29753.50,3540
2026-09-17 19:50,29753.50,29793.25,29753.50,29769.25,9464
2026-09-17 19:55,29769.75,29775.25,29731.50,29744.50,21219
2026-09-17 20:00,29744.50,29748.25,29734.25,29737.25,6440
2026-09-17 20:05,29737.50,29744.75,29735.50,29743.50,2259
2026-09-17 20:10,29743.25,29744.50,29723.50,29724.75,2283
2026-09-17 20:15,29724.25,29728.25,29716.00,29716.50,1517
2026-09-17 20:20,29716.75,29719.50,29715.00,29718.00,1008
2026-09-17 20:25,29718.00,29719.00,29715.00,29715.00,482
2026-09-17 20:30,29715.25,29718.50,29714.50,29717.75,364
2026-09-17 20:35,29717.50,29722.25,29716.25,29720.25,621
2026-09-17 20:40,29720.00,29721.75,29714.50,29715.50,379
2026-09-17 20:45,29715.75,29720.25,29714.25,29716.50,496
2026-09-17 20:50,29716.25,29723.00,29712.50,29721.00,441
2026-09-17 20:55,29720.50,29725.75,29717.25,29720.50,407
2026-09-17 22:00,29723.75,29728.50,29706.75,29707.00,0
2026-09-17 22:05,29707.75,29711.50,29696.25,29699.25,584
2026-09-17 22:10,29700.25,29706.75,29699.00,29704.25,359
2026-09-17 22:15,29704.25,29705.25,29690.00,29699.00,369
2026-09-17 22:20,29699.75,29702.25,29689.50,29694.00,331
2026-09-17 22:25,29694.00,29696.75,29680.75,29683.25,495
2026-09-17 22:30,29682.75,29684.00,29674.50,29678.50,435
2026-09-17 22:35,29677.75,29687.25,29676.50,29681.75,685
2026-09-17 22:40,29681.50,29683.75,29676.00,29681.25,306
2026-09-17 22:45,29681.75,29683.75,29679.25,29683.50,217
2026-09-17 22:50,29683.25,29683.25,29674.00,29674.50,313
2026-09-17 22:55,29675.50,29689.00,29674.25,29687.50,362
2026-09-17 23:00,29686.75,29700.75,29686.75,29698.00,733
2026-09-17 23:05,29698.00,29708.00,29698.00,29706.75,450
2026-09-17 23:10,29706.50,29712.00,29692.00,29693.00,627
2026-09-17 23:15,29693.00,29697.00,29686.00,29694.50,379
2026-09-17 23:20,29694.00,29703.75,29694.00,29697.75,234
2026-09-17 23:25,29698.50,29699.50,29688.75,29690.00,229
2026-09-17 23:30,29690.25,29697.50,29687.50,29696.75,180
2026-09-17 23:35,29696.00,29701.25,29693.50,29698.00,137
2026-09-17 23:40,29698.50,29705.00,29693.75,29698.50,253
2026-09-17 23:45,29697.50,29702.25,29690.00,29698.25,321
2026-09-17 23:50,29697.50,29702.00,29695.25,29699.50,161
2026-09-17 23:55,29699.50,29701.75,29695.25,29696.50,155
2026-09-18 00:00,29697.25,29708.00,29688.00,29699.75,865
2026-09-18 00:05,29695.00,29700.00,29678.75,29691.00,821
2026-09-18 00:10,29690.75,29698.50,29676.00,29698.25,610
2026-09-18 00:15,29698.75,29701.50,29687.50,29694.75,506
2026-09-18 00:20,29695.25,29696.75,29686.00,29695.25,256
2026-09-18 00:25,29695.50,29700.25,29682.25,29686.75,433
2026-09-18 00:30,29687.50,29697.25,29687.50,29695.25,258
2026-09-18 00:35,29694.75,29695.50,29671.75,29672.25,569
2026-09-18 00:40,29672.00,29685.75,29662.25,29680.75,1037
2026-09-18 00:45,29680.00,29683.00,29664.50,29665.00,421
2026-09-18 00:50,29665.00,29670.50,29660.50,29668.25,406
2026-09-18 00:55,29669.50,29669.50,29664.75,29666.50,239
2026-09-18 01:00,29665.75,29682.25,29658.25,29659.50,708
2026-09-18 01:05,29660.75,29676.00,29660.00,29665.75,461
2026-09-18 01:10,29666.25,29670.25,29659.75,29662.00,415
2026-09-18 01:15,29661.50,29661.50,29648.00,29659.00,971
2026-09-18 01:20,29659.25,29664.50,29652.50,29657.25,330
2026-09-18 01:25,29657.75,29660.25,29649.25,29657.50,257
2026-09-18 01:30,29657.25,29663.50,29652.00,29660.25,369
2026-09-18 01:35,29658.75,29668.00,29655.00,29662.25,414
2026-09-18 01:40,29661.50,29677.50,29660.50,29664.50,551
2026-09-18 01:45,29665.00,29683.00,29664.50,29680.25,502
2026-09-18 01:50,29680.50,29680.75,29669.50,29677.50,393
2026-09-18 01:55,29678.75,29680.50,29671.75,29678.00,304
2026-09-18 02:00,29679.75,29684.00,29676.00,29676.50,336
2026-09-18 02:05,29676.50,29679.00,29670.25,29671.25,243
2026-09-18 02:10,29670.75,29676.25,29663.00,29673.75,347
2026-09-18 02:15,29674.50,29681.75,29671.50,29681.00,225
2026-09-18 02:20,29681.00,29692.25,29680.00,29690.00,567
2026-09-18 02:25,29690.50,29691.25,29681.25,29687.75,299
2026-09-18 02:30,29688.00,29692.25,29684.00,29691.25,347
2026-09-18 02:35,29691.25,29693.25,29683.75,29687.00,214
2026-09-18 02:40,29686.50,29698.25,29686.50,29693.50,336
2026-09-18 02:45,29693.00,29699.50,29692.00,29698.25,224
2026-09-18 02:50,29698.25,29704.00,29689.75,29695.25,677
2026-09-18 02:55,29694.25,29702.75,29687.25,29692.75,464
2026-09-18 03:00,29693.75,29709.00,29689.00,29709.00,553
2026-09-18 03:05,29709.00,29729.00,29708.00,29725.25,1017
2026-09-18 03:10,29725.50,29738.00,29725.00,29737.00,1491
2026-09-18 03:15,29737.50,29737.75,29719.50,29727.75,650
2026-09-18 03:20,29729.00,29738.50,29728.75,29731.25,523
2026-09-18 03:25,29732.50,29737.75,29730.00,29733.50,232
2026-09-18 03:30,29734.00,29739.25,29727.25,29737.25,443
2026-09-18 03:35,29737.75,29747.00,29737.50,29743.25,871
2026-09-18 03:40,29742.25,29748.25,29742.25,29747.75,322
2026-09-18 03:45,29748.00,29763.75,29747.75,29762.25,908
2026-09-18 03:50,29761.50,29764.75,29754.25,29756.75,412
2026-09-18 03:55,29756.75,29758.50,29749.75,29752.25,278
2026-09-18 04:05,29762.75,29764.50,29762.00,29762.75,0
2026-09-18 04:10,29763.25,29768.75,29763.25,29768.25,294
2026-09-18 04:15,29767.75,29773.50,29760.75,29766.50,593
2026-09-18 04:20,29767.00,29767.50,29759.00,29760.00,291
2026-09-18 04:25,29760.25,29772.75,29755.00,29772.25,450
2026-09-18 04:30,29773.00,29779.75,29770.75,29772.50,683
2026-09-18 04:35,29773.25,29774.75,29766.50,29768.75,215
2026-09-18 04:40,29770.25,29801.00,29766.50,29795.00,1261
2026-09-18 04:45,29795.50,29796.75,29786.00,29791.25,539
2026-09-18 04:50,29790.75,29809.50,29790.50,29804.75,823
2026-09-18 04:55,29804.00,29812.75,29802.50,29810.50,546
2026-09-18 05:00,29810.25,29812.00,29805.00,29811.50,375
2026-09-18 05:05,29811.50,29812.00,29803.00,29805.50,303
2026-09-18 05:10,29806.00,29814.75,29805.75,29810.75,459
2026-09-18 05:15,29811.00,29815.50,29810.25,29814.25,303
2026-09-18 05:20,29814.25,29823.50,29812.50,29821.25,663
2026-09-18 05:25,29821.50,29827.25,29806.75,29814.50,975
2026-09-18 05:30,29815.50,29828.50,29812.00,29824.75,651
2026-09-18 05:35,29824.25,29842.50,29821.25,29839.25,1108
2026-09-18 05:40,29840.50,29854.00,29835.00,29854.00,1065
2026-09-18 05:45,29853.50,29859.25,29837.25,29840.75,1204
2026-09-18 05:50,29840.50,29854.00,29839.00,29842.75,718
2026-09-18 05:55,29841.75,29849.25,29838.25,29846.00,595
2026-09-18 06:00,29846.25,29870.75,29845.00,29867.75,1290
2026-09-18 06:05,29869.00,29872.50,29862.50,29870.50,739
2026-09-18 06:10,29870.50,29885.50,29864.00,29882.75,910
2026-09-18 06:15,29882.75,29890.00,29871.50,29879.75,1307
2026-09-18 06:20,29879.75,29897.25,29874.00,29892.25,795
2026-09-18 06:25,29892.25,29897.00,29882.75,29885.00,699
2026-09-18 06:30,29885.25,29913.00,29884.25,29905.25,1808
2026-09-18 06:35,29905.50,29919.00,29901.25,29918.00,885
2026-09-18 06:40,29917.50,29918.25,29899.75,29905.50,615
2026-09-18 06:45,29906.00,29912.50,29901.75,29907.00,447
2026-09-18 06:50,29907.50,29913.00,29905.25,29907.00,389
2026-09-18 06:55,29909.00,29921.50,29908.00,29916.00,502
2026-09-18 07:00,29916.25,29926.00,29910.75,29923.50,1042
2026-09-18 07:05,29922.75,29926.50,29915.25,29925.00,550
2026-09-18 07:10,29925.00,29938.50,29920.75,29921.50,927
2026-09-18 07:15,29922.00,29936.75,29919.50,29932.50,446
2026-09-18 07:20,29933.25,29947.50,29929.00,29941.25,1028
2026-09-18 07:25,29942.00,29964.25,29940.50,29960.25,1285
2026-09-18 07:30,29961.00,29966.75,29952.50,29959.00,768
2026-09-18 07:35,29958.75,29962.00,29952.25,29959.00,615
2026-09-18 07:40,29959.75,29960.00,29936.25,29940.25,906
2026-09-18 07:45,29939.75,29945.75,29933.25,29945.50,680
2026-09-18 07:50,29945.00,29951.75,29938.00,29948.25,679
2026-09-18 07:55,29947.50,29947.75,29924.25,29929.50,767
2026-09-18 08:00,29928.75,29944.00,29922.75,29927.00,1320
2026-09-18 08:05,29927.00,29928.75,29905.50,29907.50,1102
2026-09-18 08:10,29907.50,29920.00,29903.75,29913.25,867
2026-09-18 08:15,29912.00,29921.00,29907.50,29919.50,480
2026-09-18 08:20,29919.25,29931.50,29912.25,29916.50,946
2026-09-18 08:25,29917.50,29921.50,29895.75,29897.50,750
2026-09-18 08:30,29896.75,29913.00,29892.00,29913.00,648
2026-09-18 08:35,29912.75,29917.50,29901.75,29906.00,572
2026-09-18 08:40,29904.75,29913.25,29899.50,29912.25,513
2026-09-18 08:45,29912.50,29919.75,29904.00,29908.50,467
2026-09-18 08:50,29908.50,29915.00,29896.00,29896.00,544
2026-09-18 08:55,29896.75,29901.75,29891.25,29892.75,434
2026-09-18 09:00,29893.25,29894.25,29880.00,29884.75,817
2026-09-18 09:05,29884.50,29895.00,29881.50,29888.00,379
2026-09-18 09:10,29888.00,29895.50,29881.25,29884.00,248
2026-09-18 09:15,29883.25,29894.50,29881.25,29893.75,229
2026-09-18 09:20,29894.00,29899.00,29886.75,29887.75,339
2026-09-18 09:25,29888.00,29891.00,29870.50,29873.00,481
2026-09-18 09:30,29873.25,29874.00,29862.75,29866.00,713
2026-09-18 09:35,29865.75,29872.25,29847.50,29848.00,703
2026-09-18 09:40,29847.75,29853.25,29837.25,29837.25,781
2026-09-18 09:45,29838.25,29852.00,29836.00,29845.00,641
2026-09-18 09:50,29844.00,29857.50,29841.75,29848.75,464
2026-09-18 09:55,29849.75,29853.25,29838.50,29839.00,396
2026-09-18 10:00,29838.25,29850.75,29838.25,29847.75,484
2026-09-18 10:05,29847.00,29855.00,29843.25,29851.75,576
2026-09-18 10:10,29852.00,29859.75,29846.50,29858.25,355
2026-09-18 10:15,29857.25,29871.75,29856.25,29867.25,921
2026-09-18 10:20,29867.00,29875.50,29865.25,29871.50,435
2026-09-18 10:25,29871.25,29878.25,29866.75,29877.75,535
2026-09-18 10:30,29876.50,29890.25,29875.50,29885.25,927
2026-09-18 10:35,29886.00,29903.25,29884.50,29896.75,766
2026-09-18 10:40,29896.50,29899.75,29887.50,29892.25,452
2026-09-18 10:45,29892.25,29892.50,29876.25,29879.75,405
2026-09-18 10:50,29880.00,29884.00,29872.25,29878.25,340
2026-09-18 10:55,29878.25,29882.50,29874.50,29877.25,329
2026-09-18 11:00,29877.25,29898.75,29860.75,29897.75,1267
2026-09-18 11:05,29896.75,29897.00,29842.00,29867.00,2084
2026-09-18 11:10,29866.50,29872.50,29844.25,29856.25,604
2026-09-18 11:15,29855.00,29856.25,29828.25,29836.00,858
2026-09-18 11:20,29836.25,29845.75,29825.25,29834.25,649
2026-09-18 11:25,29834.25,29839.00,29828.00,29829.75,518
2026-09-18 11:30,29830.50,29854.25,29829.75,29847.00,652
2026-09-18 11:35,29847.00,29858.75,29841.00,29844.50,499
2026-09-18 11:40,29845.50,29845.50,29827.25,29831.00,599
2026-09-18 11:45,29831.75,29838.00,29822.50,29834.75,505
2026-09-18 11:50,29833.50,29845.50,29831.75,29843.00,533
2026-09-18 11:55,29844.00,29847.00,29828.00,29838.75,800
2026-09-18 12:00,29839.75,29848.50,29815.00,29840.00,1676
2026-09-18 12:05,29839.75,29853.50,29797.50,29798.75,2115
2026-09-18 12:10,29799.00,29802.25,29785.00,29787.75,1059
2026-09-18 12:15,29788.00,29798.25,29779.00,29779.25,1490
2026-09-18 12:20,29779.00,29790.50,29767.75,29770.25,1766
2026-09-18 12:25,29770.00,29786.75,29768.50,29775.00,1107
2026-09-18 12:30,29774.00,29796.25,29771.50,29791.25,1620
2026-09-18 12:35,29790.75,29795.25,29774.25,29785.25,1451
2026-09-18 12:40,29785.25,29794.00,29779.75,29790.00,767
2026-09-18 12:45,29789.25,29795.50,29785.50,29786.25,839
2026-09-18 12:50,29786.00,29794.50,29783.50,29785.50,505
2026-09-18 12:55,29785.50,29787.75,29770.00,29776.50,1051
2026-09-18 13:00,29776.25,29783.50,29764.25,29771.75,1741
2026-09-18 13:05,29772.00,29788.50,29770.75,29786.00,1196
2026-09-18 13:10,29785.75,29790.75,29783.00,29786.25,947
2026-09-18 13:15,29786.75,29796.25,29785.25,29793.50,1417
2026-09-18 13:20,29793.25,29794.25,29768.50,29768.75,1794
2026-09-18 13:25,29768.75,29819.50,29744.75,29814.25,10135
2026-09-18 13:30,29814.00,29842.00,29801.50,29810.75,17134
2026-09-18 13:35,29811.25,29839.75,29798.00,29836.25,9550
2026-09-18 13:40,29835.75,29844.75,29802.25,29816.75,8166
2026-09-18 13:45,29817.50,29838.25,29791.25,29795.25,7826
2026-09-18 13:50,29795.25,29805.75,29778.75,29782.75,7291
2026-09-18 13:55,29782.75,29789.50,29765.75,29776.75,6008
2026-09-18 14:00,29776.25,29783.75,29723.25,29728.25,10219
2026-09-18 14:05,29728.25,29747.50,29711.75,29740.25,9250
2026-09-18 14:10,29739.75,29756.25,29717.00,29719.25,8499
2026-09-18 14:15,29719.25,29726.75,29692.75,29725.25,8772
2026-09-18 14:20,29724.75,29747.75,29717.25,29732.25,6929
2026-09-18 14:25,29732.50,29745.50,29724.25,29728.75,4563
2026-09-18 14:30,29728.25,29738.25,29712.25,29725.75,5208
2026-09-18 14:35,29726.75,29752.25,29710.50,29734.50,5969
2026-09-18 14:40,29734.25,29736.75,29702.75,29714.25,4603
2026-09-18 14:45,29715.00,29744.00,29707.00,29742.50,4518
2026-09-18 14:50,29742.25,29766.75,29735.00,29763.50,6408
2026-09-18 14:55,29764.00,29767.25,29747.50,29758.25,4402
2026-09-18 15:00,29758.25,29765.00,29736.25,29751.25,4532
2026-09-18 15:05,29751.25,29772.50,29746.25,29749.75,3732
2026-09-18 15:10,29750.25,29754.25,29725.00,29729.50,4051
2026-09-18 15:14,29730.50,29730.50,29730.50,29730.50,0
