zeit_utc,open,high,low,close,volume
2026-07-21 04:00,4051.70,4056.60,4050.30,4050.70,580
2026-07-21 04:15,4050.80,4051.40,4048.40,4049.50,362
2026-07-21 04:30,4049.50,4052.50,4049.00,4051.90,255
2026-07-21 04:45,4051.70,4054.60,4050.20,4054.30,353
2026-07-21 05:00,4054.10,4057.00,4051.10,4056.30,757
2026-07-21 05:15,4056.60,4061.50,4052.80,4058.90,979
2026-07-21 05:30,4059.70,4071.60,4059.50,4070.90,3051
2026-07-21 05:45,4071.00,4072.80,4065.60,4066.00,1565
2026-07-21 06:00,4066.00,4077.10,4066.00,4075.70,1709
2026-07-21 06:15,4076.00,4079.00,4072.60,4076.90,1160
2026-07-21 06:30,4077.10,4085.10,4076.20,4081.60,3787
2026-07-21 06:45,4082.00,4088.40,4082.00,4083.00,1191
2026-07-21 07:00,4083.30,4084.80,4076.00,4076.40,1652
2026-07-21 07:15,4076.60,4078.00,4072.60,4074.10,1226
2026-07-21 07:30,4073.90,4079.90,4072.10,4075.80,1015
2026-07-21 07:45,4076.10,4076.90,4074.20,4075.70,1531
2026-07-21 08:00,4075.60,4076.90,4070.10,4072.50,1144
2026-07-21 08:15,4072.40,4073.30,4067.30,4067.90,864
2026-07-21 08:30,4067.70,4069.70,4065.40,4066.70,863
2026-07-21 08:45,4066.80,4068.00,4063.60,4067.40,2191
2026-07-21 09:00,4067.70,4071.50,4067.70,4069.70,1768
2026-07-21 09:15,4069.70,4072.80,4066.70,4067.30,990
2026-07-21 09:30,4067.40,4070.00,4065.40,4067.00,1460
2026-07-21 09:45,4066.80,4074.40,4066.50,4070.20,1459
2026-07-21 10:00,4070.50,4073.00,4065.10,4070.90,1084
2026-07-21 10:15,4071.00,4074.00,4069.20,4071.70,729
2026-07-21 10:30,4071.60,4074.80,4070.80,4071.70,394
2026-07-21 10:45,4071.60,4073.20,4067.00,4067.30,2064
2026-07-21 11:00,4067.70,4068.30,4059.90,4063.20,1451
2026-07-21 11:15,4062.80,4064.70,4060.70,4062.60,558
2026-07-21 11:30,4062.80,4066.30,4060.20,4060.60,746
2026-07-21 11:45,4060.60,4063.50,4058.90,4060.60,652
2026-07-21 12:00,4060.50,4065.70,4060.30,4063.80,843
2026-07-21 12:15,4064.00,4070.40,4060.50,4066.00,1990
2026-07-21 12:30,4066.30,4068.20,4055.00,4058.00,2590
2026-07-21 12:45,4057.90,4066.20,4057.10,4058.00,1818
2026-07-21 13:00,4058.30,4064.80,4058.30,4063.60,1756
2026-07-21 13:15,4063.70,4066.10,4054.30,4055.20,1886
2026-07-21 13:30,4055.50,4061.70,4048.60,4050.40,3825
2026-07-21 13:45,4050.20,4057.70,4048.40,4057.20,1819
2026-07-21 14:00,4057.50,4070.80,4055.40,4070.30,3643
2026-07-21 14:15,4070.50,4074.10,4065.70,4074.10,3069
2026-07-21 14:30,4074.00,4079.10,4066.80,4072.00,3257
2026-07-21 14:45,4072.30,4075.30,4070.70,4072.90,2731
2026-07-21 15:00,4072.50,4078.30,4069.80,4077.80,1797
2026-07-21 15:15,4077.90,4083.80,4077.90,4081.40,3025
2026-07-21 15:30,4080.90,4088.00,4079.70,4080.20,2440
2026-07-21 15:45,4080.40,4082.50,4075.80,4078.60,2168
2026-07-21 16:00,4078.50,4083.50,4077.40,4082.50,931
2026-07-21 16:15,4082.60,4082.80,4078.10,4080.00,1388
2026-07-21 16:30,4079.80,4080.50,4075.30,4076.20,1285
2026-07-21 16:45,4076.30,4077.50,4074.10,4075.90,772
2026-07-21 17:00,4076.00,4076.90,4073.60,4074.80,764
2026-07-21 17:15,4074.70,4077.20,4073.30,4076.70,1386
2026-07-21 17:30,4076.70,4076.70,4071.20,4072.60,1081
2026-07-21 17:45,4072.40,4073.00,4071.00,4073.00,357
2026-07-21 18:00,4072.90,4076.50,4071.90,4075.80,459
2026-07-21 18:15,4075.50,4092.50,4075.40,4088.70,2892
2026-07-21 18:30,4088.60,4090.40,4085.80,4087.30,1036
2026-07-21 18:45,4086.90,4087.90,4083.90,4087.00,761
2026-07-21 19:00,4087.00,4090.30,4084.70,4085.30,566
2026-07-21 19:15,4086.00,4089.70,4085.80,4088.60,474
2026-07-21 19:30,4088.80,4089.60,4086.20,4087.50,591
2026-07-21 19:45,4087.20,4089.60,4086.90,4088.60,998
2026-07-21 20:00,4088.60,4090.90,4087.50,4088.80,620
2026-07-21 20:15,4088.70,4088.90,4085.90,4086.90,373
2026-07-21 20:30,4087.10,4089.80,4084.00,4085.40,492
2026-07-21 20:45,4085.10,4085.40,4080.90,4082.20,512
2026-07-21 22:00,4084.70,4085.90,4081.00,4083.20,143
2026-07-21 22:15,4083.00,4087.40,4082.40,4086.70,336
2026-07-21 22:30,4086.60,4089.00,4086.30,4087.90,589
2026-07-21 22:45,4088.10,4088.30,4082.00,4084.60,600
2026-07-21 23:00,4084.40,4086.20,4083.30,4085.40,266
2026-07-21 23:15,4085.70,4086.80,4085.00,4085.20,82
2026-07-21 23:30,4085.30,4086.70,4083.40,4084.90,222
2026-07-21 23:45,4084.70,4087.40,4083.40,4085.20,186
2026-07-22 00:00,4085.50,4097.30,4081.10,4096.30,1471
2026-07-22 00:15,4097.20,4103.60,4097.10,4103.00,1412
2026-07-22 00:30,4103.00,4107.50,4094.20,4097.30,1814
2026-07-22 00:45,4097.50,4104.30,4096.00,4101.60,748
2026-07-22 01:00,4102.30,4126.10,4100.80,4125.50,4014
2026-07-22 01:15,4125.70,4126.50,4116.00,4120.30,1322
2026-07-22 01:30,4119.40,4127.40,4117.30,4125.90,1226
2026-07-22 01:45,4126.30,4128.40,4121.80,4126.00,868
2026-07-22 02:00,4126.40,4128.10,4123.10,4126.30,570
2026-07-22 02:15,4126.30,4130.50,4124.00,4128.80,631
2026-07-22 02:30,4128.80,4134.80,4126.60,4133.00,1705
2026-07-22 02:45,4132.70,4135.30,4130.70,4134.70,885
2026-07-22 03:00,4134.80,4145.00,4133.60,4141.80,2552
2026-07-22 03:15,4141.60,4146.00,4141.20,4142.80,1501
2026-07-22 03:30,4142.40,4142.40,4136.80,4138.10,887
2026-07-22 03:45,4138.10,4138.70,4134.60,4135.50,480
2026-07-22 04:00,4135.10,4135.60,4131.00,4131.70,962
2026-07-22 04:15,4131.80,4134.30,4131.80,4133.60,423
2026-07-22 04:30,4133.70,4133.80,4129.40,4131.90,676
2026-07-22 04:45,4131.70,4132.00,4129.80,4131.80,292
2026-07-22 05:00,4131.60,4134.70,4130.60,4133.20,483
2026-07-22 05:15,4133.50,4133.50,4127.60,4128.30,975
2026-07-22 05:30,4127.80,4138.60,4127.50,4136.90,1219
2026-07-22 05:45,4136.70,4137.90,4132.40,4135.50,654
2026-07-22 06:00,4135.40,4140.00,4133.70,4134.00,950
2026-07-22 06:15,4134.20,4136.50,4118.20,4121.70,2048
2026-07-22 06:30,4122.20,4124.70,4118.90,4122.90,945
2026-07-22 06:45,4122.80,4124.90,4117.80,4121.00,2658
2026-07-22 07:00,4120.80,4121.60,4116.10,4120.50,1625
2026-07-22 07:15,4120.40,4126.90,4120.30,4124.00,1133
2026-07-22 07:30,4124.20,4127.40,4115.40,4116.50,1042
2026-07-22 07:45,4116.60,4118.40,4113.30,4114.60,1009
2026-07-22 08:00,4115.00,4120.80,4114.80,4118.90,795
2026-07-22 08:15,4119.20,4122.30,4117.80,4121.80,620
2026-07-22 08:30,4121.80,4123.80,4118.50,4118.80,730
2026-07-22 08:45,4119.10,4124.40,4117.70,4122.30,603
2026-07-22 09:00,4122.60,4126.50,4122.10,4125.80,786
2026-07-22 09:15,4126.10,4126.60,4121.70,4122.60,1125
2026-07-22 09:30,4122.90,4125.80,4118.40,4120.50,1171
2026-07-22 09:45,4120.40,4122.20,4117.50,4118.80,633
2026-07-22 10:00,4119.20,4124.80,4119.20,4121.80,677
2026-07-22 10:15,4122.00,4126.10,4120.60,4123.50,491
2026-07-22 10:30,4123.50,4124.10,4119.90,4121.20,644
2026-07-22 10:45,4120.40,4124.50,4120.40,4121.20,521
2026-07-22 11:00,4121.80,4125.80,4119.30,4123.40,859
2026-07-22 11:15,4123.40,4127.50,4122.20,4123.20,2437
2026-07-22 11:30,4123.30,4125.70,4117.20,4119.80,1404
2026-07-22 11:45,4119.50,4127.90,4119.50,4127.40,1143
2026-07-22 12:00,4127.50,4132.50,4126.30,4132.00,1683
2026-07-22 12:15,4132.50,4138.00,4129.80,4137.50,2163
2026-07-22 12:30,4137.80,4139.50,4129.60,4132.20,3341
2026-07-22 12:45,4132.00,4132.30,4110.40,4117.00,4086
2026-07-22 13:00,4117.10,4130.10,4117.00,4130.00,1676
2026-07-22 13:15,4129.80,4139.80,4129.00,4136.50,2478
2026-07-22 13:30,4136.80,4152.10,4136.80,4147.40,7158
2026-07-22 13:45,4148.00,4161.50,4147.90,4160.00,4521
2026-07-22 14:00,4159.80,4168.80,4158.60,4161.70,6016
2026-07-22 14:15,4161.80,4161.80,4149.10,4151.10,3613
2026-07-22 14:30,4151.20,4158.20,4150.90,4155.70,2019
2026-07-22 14:45,4156.00,4157.80,4148.60,4153.40,1418
2026-07-22 15:00,4153.50,4163.50,4153.40,4162.50,2106
2026-07-22 15:15,4162.40,4166.60,4158.10,4162.20,2641
2026-07-22 15:30,4162.30,4166.10,4160.70,4165.20,1569
2026-07-22 15:45,4165.10,4171.40,4163.20,4164.10,2383
2026-07-22 16:00,4164.40,4164.50,4158.20,4159.50,1521
2026-07-22 16:15,4159.60,4160.70,4153.10,4154.50,2556
2026-07-22 16:30,4154.60,4157.30,4150.10,4152.60,2530
2026-07-22 16:45,4153.10,4154.90,4150.10,4152.80,1103
2026-07-22 17:00,4152.80,4153.60,4148.80,4151.00,1559
2026-07-22 17:15,4151.00,4152.90,4148.50,4151.60,2042
2026-07-22 17:30,4151.60,4153.10,4143.80,4146.30,2090
2026-07-22 17:45,4146.40,4149.60,4145.90,4148.10,585
2026-07-22 18:00,4147.90,4148.40,4142.50,4143.60,1356
2026-07-22 18:15,4143.40,4145.20,4140.20,4140.40,865
2026-07-22 18:30,4140.90,4141.70,4137.50,4141.40,990
2026-07-22 18:45,4141.10,4144.30,4140.60,4141.80,618
2026-07-22 19:00,4141.40,4142.50,4138.20,4139.60,499
2026-07-22 19:15,4139.60,4141.00,4137.10,4140.00,515
2026-07-22 19:30,4139.60,4141.60,4138.00,4139.10,623
2026-07-22 19:45,4139.20,4140.60,4133.90,4136.40,1746
2026-07-22 20:00,4136.40,4140.20,4135.10,4139.60,1099
2026-07-22 20:15,4139.40,4142.80,4138.90,4141.70,302
2026-07-22 20:30,4141.00,4142.40,4135.70,4135.80,440
2026-07-22 20:45,4135.70,4136.10,4133.20,4135.00,323
2026-07-22 22:00,4126.00,4129.70,4074.60,4126.90,365
2026-07-22 22:15,4127.00,4132.20,4123.20,4131.30,1095
2026-07-22 22:30,4131.80,4133.00,4122.70,4124.40,1219
2026-07-22 22:45,4124.20,4129.90,4123.20,4124.70,1555
2026-07-22 23:00,4125.10,4127.40,4118.90,4126.60,2024
2026-07-22 23:15,4126.30,4126.60,4121.70,4122.70,558
2026-07-22 23:30,4122.30,4127.00,4121.60,4126.20,319
2026-07-22 23:45,4126.10,4137.10,4125.40,4135.80,1116
2026-07-23 00:00,4136.80,4137.20,4129.00,4129.90,743
2026-07-23 00:15,4131.00,4138.00,4129.90,4132.00,428
2026-07-23 00:30,4132.00,4135.20,4130.00,4130.80,411
2026-07-23 00:45,4130.70,4136.90,4128.40,4135.30,467
2026-07-23 01:00,4135.20,4142.70,4133.20,4137.40,1519
2026-07-23 01:15,4137.20,4144.00,4136.80,4140.20,1093
2026-07-23 01:30,4140.50,4141.90,4124.20,4124.20,2064
2026-07-23 01:45,4124.20,4126.00,4116.70,4120.50,1428
2026-07-23 02:00,4120.10,4121.40,4114.70,4119.80,961
2026-07-23 02:15,4120.10,4120.60,4115.60,4118.40,827
2026-07-23 02:30,4118.30,4124.90,4116.10,4124.60,740
2026-07-23 02:45,4124.80,4131.30,4124.00,4130.80,679
2026-07-23 03:00,4130.90,4131.70,4126.60,4129.70,674
2026-07-23 03:15,4129.90,4135.60,4129.20,4132.20,606
2026-07-23 03:30,4132.80,4133.80,4128.70,4131.40,538
2026-07-23 03:45,4131.10,4131.10,4127.20,4127.60,211
2026-07-23 04:00,4127.70,4130.00,4124.80,4129.90,330
2026-07-23 04:15,4130.60,4132.50,4127.60,4132.50,315
2026-07-23 04:30,4132.30,4132.90,4125.50,4125.80,379
2026-07-23 04:45,4125.50,4126.60,4122.50,4123.80,198
2026-07-23 05:00,4124.00,4127.50,4121.60,4127.10,425
2026-07-23 05:15,4126.90,4128.00,4122.40,4128.00,355
2026-07-23 05:30,4128.30,4131.30,4126.00,4130.30,829
2026-07-23 05:45,4130.40,4133.40,4123.30,4126.90,1051
2026-07-23 06:00,4127.10,4131.00,4124.00,4126.30,587
2026-07-23 06:15,4126.10,4130.50,4124.00,4124.90,386
2026-07-23 06:30,4124.80,4126.70,4119.50,4122.50,610
2026-07-23 06:45,4122.40,4125.10,4120.50,4121.60,566
2026-07-23 07:00,4121.30,4122.20,4104.90,4109.60,2063
2026-07-23 07:15,4109.40,4114.90,4108.10,4111.20,1660
2026-07-23 07:30,4111.40,4111.50,4094.30,4098.50,2126
2026-07-23 07:45,4098.60,4100.00,4093.00,4098.30,1627
2026-07-23 08:00,4098.50,4100.70,4092.90,4094.10,1479
2026-07-23 08:15,4094.50,4095.40,4091.10,4094.40,738
2026-07-23 08:30,4094.10,4096.70,4091.00,4095.30,1102
2026-07-23 08:45,4095.10,4097.40,4089.70,4096.00,936
2026-07-23 09:00,4095.90,4102.40,4095.30,4097.70,977
2026-07-23 09:15,4097.50,4099.70,4092.20,4093.90,1351
2026-07-23 09:30,4094.20,4096.50,4091.30,4095.00,1252
2026-07-23 09:45,4095.30,4097.50,4091.50,4093.20,1027
2026-07-23 10:00,4093.20,4094.70,4091.00,4093.80,854
2026-07-23 10:15,4094.10,4096.00,4088.70,4093.30,748
2026-07-23 10:30,4092.90,4096.00,4089.80,4092.50,951
2026-07-23 10:45,4092.40,4098.60,4090.40,4096.70,795
2026-07-23 11:00,4096.60,4097.40,4090.10,4090.70,947
2026-07-23 11:15,4091.10,4092.20,4083.80,4087.10,1690
2026-07-23 11:30,4087.10,4087.10,4075.70,4081.40,2341
2026-07-23 11:45,4081.40,4092.50,4080.60,4088.90,1824
2026-07-23 12:00,4088.40,4089.00,4083.70,4084.40,1048
2026-07-23 12:15,4084.40,4085.90,4072.80,4077.60,4067
2026-07-23 12:30,4076.80,4077.90,4066.50,4071.50,3804
2026-07-23 12:45,4071.60,4072.00,4063.60,4064.60,2442
2026-07-23 13:00,4064.20,4066.40,4042.60,4043.00,8937
2026-07-23 13:15,4042.90,4061.40,4042.60,4061.10,4255
2026-07-23 13:30,4060.90,4070.10,4058.50,4059.30,6148
2026-07-23 13:45,4059.50,4061.80,4045.30,4045.80,4730
2026-07-23 14:00,4046.10,4054.30,4042.50,4051.00,6013
2026-07-23 14:15,4050.60,4060.20,4045.50,4059.60,6116
2026-07-23 14:30,4059.60,4064.10,4054.40,4060.10,2974
2026-07-23 14:45,4060.00,4064.70,4059.00,4061.10,1339
2026-07-23 15:00,4061.50,4062.60,4052.30,4054.70,2781
2026-07-23 15:15,4054.00,4059.40,4048.00,4049.70,3863
2026-07-23 15:30,4049.50,4056.00,4045.00,4050.90,5767
2026-07-23 15:45,4050.60,4053.80,4049.30,4051.20,2077
2026-07-23 16:00,4051.50,4053.80,4050.00,4053.10,4378
2026-07-23 16:15,4052.80,4054.60,4048.60,4053.20,2518
2026-07-23 16:30,4053.00,4054.10,4049.80,4052.60,2297
2026-07-23 16:45,4052.70,4054.60,4051.00,4054.30,2217
2026-07-23 17:00,4054.50,4057.50,4049.60,4050.00,3198
2026-07-23 17:15,4050.20,4053.40,4048.80,4049.70,5375
2026-07-23 17:30,4049.90,4051.80,4044.30,4045.40,2100
2026-07-23 17:45,4045.30,4046.80,4043.90,4043.90,1121
2026-07-23 18:00,4044.40,4046.80,4042.50,4044.10,1583
2026-07-23 18:15,4044.00,4047.60,4042.60,4047.20,1305
2026-07-23 18:30,4046.80,4050.60,4046.80,4048.90,743
2026-07-23 18:45,4049.00,4050.80,4047.10,4048.80,501
2026-07-23 19:00,4049.20,4051.40,4045.30,4045.60,576
2026-07-23 19:15,4045.50,4051.50,4045.50,4050.10,605
2026-07-23 19:30,4050.40,4053.10,4047.80,4048.10,644
2026-07-23 19:45,4048.10,4053.30,4047.00,4052.10,1109
2026-07-23 20:00,4051.90,4053.60,4050.60,4051.80,949
2026-07-23 20:15,4051.80,4053.40,4049.80,4052.60,369
2026-07-23 20:30,4052.90,4053.20,4051.30,4052.20,208
2026-07-23 20:45,4052.10,4052.50,4049.90,4052.30,250
2026-07-23 22:00,4053.40,4053.50,4050.20,4051.00,199
2026-07-23 22:15,4051.40,4052.80,4051.20,4052.30,187
2026-07-23 22:30,4051.90,4052.90,4051.10,4051.60,208
2026-07-23 22:45,4051.70,4052.80,4050.80,4052.00,252
2026-07-23 23:00,4052.20,4052.40,4049.60,4051.10,171
2026-07-23 23:15,4051.00,4052.30,4049.50,4051.70,395
2026-07-23 23:30,4051.70,4053.80,4049.60,4051.00,541
2026-07-23 23:45,4050.60,4052.20,4048.80,4049.40,325
2026-07-24 00:00,4049.80,4052.30,4043.20,4043.50,713
2026-07-24 00:15,4044.00,4050.30,4043.50,4048.30,675
2026-07-24 00:30,4049.40,4052.70,4047.20,4052.20,514
2026-07-24 00:45,4051.90,4054.10,4050.80,4052.40,599
2026-07-24 01:00,4052.90,4053.10,4041.90,4044.70,1656
2026-07-24 01:15,4044.80,4048.30,4043.70,4045.00,621
2026-07-24 01:30,4044.90,4053.30,4043.70,4052.60,806
2026-07-24 01:45,4052.50,4052.90,4043.60,4046.00,647
2026-07-24 02:00,4045.90,4048.10,4043.30,4047.70,459
2026-07-24 02:15,4047.70,4051.00,4044.80,4048.80,387
2026-07-24 02:30,4049.20,4050.50,4043.00,4043.60,590
2026-07-24 02:45,4043.40,4043.60,4025.30,4026.70,4171
2026-07-24 03:00,4027.10,4034.80,4025.40,4034.60,813
2026-07-24 03:15,4034.10,4036.10,4030.80,4032.50,515
2026-07-24 03:30,4033.30,4035.40,4033.00,4034.10,263
2026-07-24 03:45,4033.60,4034.50,4030.40,4031.10,215
2026-07-24 04:00,4031.30,4032.50,4029.50,4030.50,641
2026-07-24 04:15,4030.50,4032.70,4029.80,4032.10,328
2026-07-24 04:30,4032.30,4032.90,4028.20,4029.00,271
2026-07-24 04:45,4029.30,4031.10,4027.80,4029.80,386
2026-07-24 05:00,4029.80,4034.60,4027.50,4030.00,1146
2026-07-24 05:15,4029.70,4031.80,4024.50,4028.30,798
2026-07-24 05:30,4028.30,4033.60,4025.90,4026.70,1097
2026-07-24 05:45,4026.70,4031.00,4024.00,4025.00,811
2026-07-24 06:00,4025.20,4033.50,4025.00,4033.10,860
2026-07-24 06:15,4033.40,4041.40,4031.20,4038.80,892
2026-07-24 06:30,4038.70,4039.40,4035.10,4035.90,549
2026-07-24 06:45,4035.90,4041.40,4034.00,4038.40,944
2026-07-24 07:00,4038.20,4050.00,4037.50,4047.70,2070
2026-07-24 07:15,4048.20,4053.40,4046.50,4051.10,948
2026-07-24 07:30,4051.70,4056.30,4048.20,4050.80,1243
2026-07-24 07:45,4050.80,4052.20,4048.50,4051.10,490
2026-07-24 08:00,4051.20,4051.50,4047.60,4049.50,459
2026-07-24 08:15,4049.10,4055.30,4047.50,4054.90,717
2026-07-24 08:30,4054.80,4058.00,4051.40,4057.20,917
2026-07-24 08:45,4057.30,4061.50,4054.90,4060.00,877
2026-07-24 09:00,4060.40,4064.00,4055.90,4056.90,1913
2026-07-24 09:15,4056.70,4059.90,4055.00,4055.60,927
2026-07-24 09:30,4055.40,4059.20,4054.20,4058.50,1100
2026-07-24 09:45,4058.50,4062.60,4057.40,4062.60,580
2026-07-24 10:00,4062.60,4064.50,4060.50,4061.10,660
2026-07-24 10:15,4061.20,4066.60,4060.40,4064.50,746
2026-07-24 10:30,4064.40,4067.00,4060.70,4061.10,890
2026-07-24 10:45,4061.20,4062.50,4059.40,4062.20,564
2026-07-24 11:00,4062.50,4065.90,4060.80,4063.50,432
2026-07-24 11:15,4063.80,4064.10,4061.50,4061.60,1268
2026-07-24 11:30,4061.20,4062.60,4057.50,4057.50,1436
2026-07-24 11:45,4058.00,4063.90,4053.50,4060.20,1353
2026-07-24 12:00,4060.60,4061.10,4054.50,4059.30,1484
2026-07-24 12:15,4059.10,4062.90,4057.40,4062.10,1062
2026-07-24 12:30,4061.90,4062.10,4054.30,4057.60,1126
2026-07-24 12:45,4057.50,4058.90,4054.20,4058.50,915
2026-07-24 13:00,4058.80,4061.00,4047.10,4050.60,2516
2026-07-24 13:15,4050.40,4052.10,4046.90,4048.80,1532
2026-07-24 13:30,4048.50,4059.50,4047.00,4054.40,2884
2026-07-24 13:45,4054.20,4071.50,4050.30,4070.00,3509
2026-07-24 14:00,4069.90,4073.00,4060.30,4061.70,5146
2026-07-24 14:15,4061.40,4072.30,4061.00,4068.90,2788
2026-07-24 14:30,4069.00,4071.10,4062.00,4063.10,1786
2026-07-24 14:45,4063.50,4069.40,4061.40,4066.20,1835
2026-07-24 15:00,4066.10,4080.00,4064.70,4077.90,3377
2026-07-24 15:15,4077.70,4085.20,4075.00,4077.90,8242
2026-07-24 15:30,4078.20,4082.50,4073.80,4075.10,2828
2026-07-24 15:45,4075.10,4080.80,4073.50,4079.90,3073
2026-07-24 16:00,4080.30,4080.30,4077.00,4077.50,950
2026-07-24 16:15,4077.60,4080.90,4076.10,4076.60,1257
2026-07-24 16:30,4076.60,4076.60,4069.20,4070.10,1792
2026-07-24 16:45,4070.10,4070.30,4066.50,4069.50,1255
2026-07-24 17:00,4069.70,4070.90,4065.30,4066.50,1425
2026-07-24 17:15,4066.90,4072.80,4066.10,4071.30,4850
2026-07-24 17:30,4071.20,4072.70,4068.90,4069.30,1559
2026-07-24 17:45,4068.70,4070.00,4065.30,4065.80,756
2026-07-24 18:00,4066.00,4067.30,4063.60,4064.00,794
2026-07-24 18:15,4064.20,4065.40,4057.20,4057.70,2420
2026-07-24 18:30,4057.80,4059.40,4053.50,4054.50,1491
2026-07-24 18:45,4054.60,4058.30,4054.00,4056.70,500
2026-07-24 19:00,4056.90,4058.70,4054.10,4054.50,579
2026-07-24 19:15,4054.50,4054.50,4051.30,4053.80,772
2026-07-24 19:30,4053.70,4060.20,4053.20,4059.20,893
2026-07-24 19:45,4059.50,4059.70,4055.00,4056.10,708
2026-07-24 20:00,4055.90,4057.80,4054.40,4054.90,576
2026-07-24 20:15,4054.80,4057.10,4054.10,4055.90,385
2026-07-24 20:30,4056.10,4058.40,4053.90,4057.90,338
2026-07-24 20:45,4057.70,4070.80,4054.50,4070.80,668
2026-07-26 22:00,4091.50,4092.80,4089.30,4091.00,179
2026-07-26 22:15,4091.20,4093.20,4086.90,4089.90,708
2026-07-26 22:30,4089.40,4095.90,4088.80,4094.00,768
2026-07-26 22:45,4094.00,4096.50,4091.40,4092.20,693
2026-07-26 23:00,4092.90,4094.10,4086.80,4087.50,421
2026-07-26 23:15,4087.70,4089.00,4085.80,4086.70,245
2026-07-26 23:30,4087.30,4091.80,4087.30,4091.80,165
2026-07-26 23:45,4090.70,4099.00,4090.70,4096.90,720
2026-07-27 00:00,4097.20,4119.30,4096.60,4118.50,2761
2026-07-27 00:15,4118.30,4118.40,4093.20,4097.50,2135
2026-07-27 00:30,4097.30,4104.90,4096.40,4102.80,1000
2026-07-27 00:45,4102.30,4111.60,4101.30,4102.60,974
2026-07-27 01:00,4103.10,4114.80,4103.10,4109.30,1483
2026-07-27 01:15,4109.70,4111.30,4098.90,4101.80,1156
2026-07-27 01:30,4102.50,4106.30,4099.80,4104.70,637
2026-07-27 01:45,4104.90,4112.00,4104.60,4112.00,582
2026-07-27 02:00,4112.20,4112.90,4105.50,4107.60,675
2026-07-27 02:15,4107.80,4107.80,4103.70,4105.20,376
2026-07-27 02:30,4104.60,4105.00,4097.50,4098.50,527
2026-07-27 02:45,4098.80,4099.50,4095.60,4095.70,518
2026-07-27 03:00,4095.50,4097.80,4091.00,4093.90,804
2026-07-27 03:15,4093.90,4095.40,4087.30,4087.30,609
2026-07-27 03:30,4087.40,4093.00,4087.00,4091.60,660
2026-07-27 03:45,4091.40,4093.20,4090.50,4092.50,205
2026-07-27 04:00,4093.00,4095.00,4090.70,4092.00,407
2026-07-27 04:15,4092.10,4092.40,4088.90,4091.20,283
2026-07-27 04:30,4091.00,4094.30,4091.00,4091.90,228
2026-07-27 04:45,4092.20,4093.00,4091.20,4091.70,144
2026-07-27 05:00,4092.50,4097.00,4090.60,4096.70,299
2026-07-27 05:15,4096.40,4096.40,4088.20,4089.00,400
2026-07-27 05:30,4088.80,4092.30,4087.60,4089.50,596
2026-07-27 05:45,4090.30,4095.70,4086.50,4095.30,506
2026-07-27 06:00,4094.90,4098.40,4093.60,4096.60,720
2026-07-27 06:15,4096.30,4098.60,4093.30,4097.70,782
2026-07-27 06:30,4098.10,4101.40,4096.50,4100.50,483
2026-07-27 06:45,4101.00,4101.40,4096.90,4098.40,793
2026-07-27 07:00,4098.20,4104.00,4098.00,4104.00,1330
2026-07-27 07:15,4103.60,4108.30,4101.70,4105.40,1111
2026-07-27 07:30,4105.40,4105.80,4097.80,4099.10,699
2026-07-27 07:45,4099.40,4100.80,4090.50,4090.70,1277
2026-07-27 08:00,4090.90,4094.80,4088.80,4093.30,879
2026-07-27 08:15,4092.90,4094.50,4090.70,4093.00,1778
2026-07-27 08:30,4092.50,4094.70,4089.00,4092.80,628
2026-07-27 08:45,4093.30,4098.70,4092.60,4097.70,437
2026-07-27 09:00,4096.80,4100.30,4095.10,4095.90,1120
2026-07-27 09:15,4096.20,4097.70,4092.80,4093.50,941
2026-07-27 09:30,4093.30,4097.00,4091.80,4096.60,1817
2026-07-27 09:45,4096.10,4102.70,4096.00,4098.90,1758
2026-07-27 10:00,4098.80,4098.80,4088.40,4092.50,1148
2026-07-27 10:15,4092.60,4096.20,4091.00,4095.10,380
2026-07-27 10:30,4095.60,4104.00,4095.00,4102.80,1900
2026-07-27 10:45,4102.90,4104.60,4100.90,4102.10,1600
2026-07-27 11:00,4102.20,4107.00,4099.20,4104.10,1159
2026-07-27 11:15,4104.20,4105.30,4098.80,4098.80,662
2026-07-27 11:30,4098.90,4102.20,4096.60,4098.20,820
2026-07-27 11:45,4098.20,4099.30,4095.60,4095.90,1271
2026-07-27 12:00,4096.10,4099.80,4088.10,4089.30,1940
2026-07-27 12:15,4089.30,4091.00,4083.10,4088.10,2997
2026-07-27 12:30,4088.90,4090.50,4085.00,4088.50,1525
2026-07-27 12:45,4088.20,4091.10,4082.40,4085.20,4651
2026-07-27 13:00,4085.80,4090.80,4082.70,4086.60,4823
2026-07-27 13:15,4086.60,4089.20,4077.70,4077.80,3179
2026-07-27 13:30,4078.00,4091.40,4077.40,4088.90,5338
2026-07-27 13:45,4088.90,4091.80,4071.60,4075.80,4211
2026-07-27 14:00,4075.90,4081.00,4072.70,4078.80,6325
2026-07-27 14:15,4078.80,4080.60,4068.60,4069.80,4050
2026-07-27 14:30,4070.40,4072.80,4067.10,4070.50,3809
2026-07-27 14:45,4070.50,4079.60,4070.50,4078.40,2202
2026-07-27 15:00,4078.30,4078.60,4073.90,4078.30,5807
2026-07-27 15:15,4077.90,4081.80,4076.70,4078.90,1777
2026-07-27 15:30,4078.60,4080.50,4074.80,4078.10,1768
2026-07-27 15:45,4078.50,4082.20,4076.90,4080.60,1742
2026-07-27 16:00,4080.80,4087.00,4079.90,4083.10,1301
2026-07-27 16:15,4083.30,4090.90,4081.60,4087.10,2460
2026-07-27 16:30,4087.00,4095.70,4087.00,4090.10,2041
2026-07-27 16:45,4090.30,4090.40,4082.50,4084.10,1511
2026-07-27 17:00,4084.00,4084.10,4072.20,4075.30,4385
2026-07-27 17:15,4075.40,4078.70,4074.10,4076.40,3761
2026-07-27 17:30,4076.50,4077.80,4073.90,4076.30,607
2026-07-27 17:45,4076.00,4079.00,4075.00,4078.20,733
2026-07-27 18:00,4078.20,4081.00,4077.80,4078.40,644
2026-07-27 18:15,4078.50,4078.80,4075.90,4078.60,803
2026-07-27 18:30,4078.40,4081.20,4074.50,4078.00,1801
2026-07-27 18:45,4077.60,4081.20,4076.10,4079.80,640
2026-07-27 19:00,4079.90,4083.70,4078.00,4082.40,892
2026-07-27 19:15,4082.40,4090.90,4081.20,4087.80,1481
2026-07-27 19:30,4088.00,4089.50,4085.90,4089.20,670
2026-07-27 19:45,4089.30,4091.80,4084.50,4085.50,1082
2026-07-27 20:00,4085.40,4086.40,4083.60,4084.40,908
2026-07-27 20:15,4084.20,4084.40,4079.80,4081.00,338
2026-07-27 20:30,4081.10,4081.60,4077.60,4079.00,418
2026-07-27 20:45,4079.10,4079.80,4077.60,4078.60,434
2026-07-27 22:00,4083.00,4085.70,4076.40,4079.10,220
2026-07-27 22:15,4078.90,4079.10,4072.30,4073.90,491
2026-07-27 22:30,4073.70,4076.40,4073.70,4076.30,141
2026-07-27 22:45,4076.30,4076.40,4074.90,4075.10,197
2026-07-27 23:00,4075.40,4076.10,4073.20,4075.50,213
2026-07-27 23:15,4075.30,4075.80,4073.10,4074.50,150
2026-07-27 23:30,4074.20,4074.90,4073.00,4073.20,103
2026-07-27 23:45,4073.50,4074.40,4071.00,4074.40,169
2026-07-28 00:00,4074.40,4075.50,4063.00,4067.60,1162
2026-07-28 00:15,4068.10,4068.20,4059.60,4062.90,1276
2026-07-28 00:30,4063.30,4066.90,4061.30,4066.00,597
2026-07-28 00:45,4065.80,4065.80,4058.10,4058.50,749
2026-07-28 01:00,4058.30,4061.20,4054.20,4058.30,1824
2026-07-28 01:15,4058.70,4059.60,4046.20,4048.20,1813
2026-07-28 01:30,4047.10,4051.20,4046.70,4049.70,860
2026-07-28 01:45,4049.40,4049.40,4042.90,4045.70,538
2026-07-28 02:00,4045.90,4048.10,4042.80,4046.90,757
2026-07-28 02:15,4046.80,4049.70,4045.70,4046.60,521
2026-07-28 02:30,4046.10,4048.20,4041.80,4044.80,724
2026-07-28 02:45,4044.60,4045.90,4041.10,4042.30,592
2026-07-28 03:00,4042.30,4047.90,4040.70,4046.50,582
2026-07-28 03:15,4046.40,4049.80,4045.70,4048.10,610
2026-07-28 03:30,4047.70,4051.50,4047.70,4048.30,501
2026-07-28 03:45,4049.10,4051.10,4048.20,4049.60,247
2026-07-28 04:00,4049.00,4049.70,4043.20,4044.30,564
2026-07-28 04:15,4043.80,4048.00,4043.50,4045.60,363
2026-07-28 04:30,4045.80,4047.80,4044.00,4047.60,271
2026-07-28 04:45,4047.90,4048.00,4041.20,4042.10,491
2026-07-28 05:00,4041.90,4043.80,4039.60,4042.70,723
2026-07-28 05:15,4042.50,4043.80,4040.70,4043.30,368
2026-07-28 05:30,4042.70,4045.50,4034.60,4041.90,1275
2026-07-28 05:45,4041.90,4046.90,4039.40,4045.20,465
2026-07-28 06:00,4045.50,4048.00,4042.90,4044.70,500
2026-07-28 06:15,4044.50,4050.00,4044.30,4048.10,545
2026-07-28 06:30,4047.80,4052.80,4047.10,4050.20,1734
2026-07-28 06:45,4050.00,4052.00,4048.30,4048.70,1259
2026-07-28 07:00,4048.30,4051.40,4047.70,4049.40,1060
2026-07-28 07:15,4049.10,4052.90,4048.80,4050.40,6045
2026-07-28 07:30,4050.60,4051.30,4048.50,4049.70,3555
2026-07-28 07:45,4050.00,4050.00,4045.80,4047.30,1057
2026-07-28 08:00,4047.30,4055.60,4043.10,4044.50,1236
2026-07-28 08:15,4044.60,4051.50,4044.60,4049.90,755
2026-07-28 08:30,4050.10,4050.10,4042.20,4043.60,1051
2026-07-28 08:45,4043.60,4046.30,4041.90,4045.70,947
2026-07-28 09:00,4045.50,4046.10,4040.90,4040.90,868
2026-07-28 09:15,4041.30,4044.30,4039.20,4040.10,811
2026-07-28 09:30,4040.00,4040.40,4029.30,4033.10,3560
2026-07-28 09:45,4033.00,4034.20,4018.10,4023.30,4375
2026-07-28 10:00,4023.10,4027.20,4020.20,4024.20,4829
2026-07-28 10:15,4023.70,4025.70,4016.50,4016.80,1619
2026-07-28 10:30,4016.80,4023.20,4016.60,4022.00,3225
2026-07-28 10:45,4022.00,4028.20,4021.50,4025.60,1746
2026-07-28 11:00,4026.00,4028.50,4022.50,4023.50,955
2026-07-28 11:15,4023.60,4031.90,4023.60,4027.20,1536
2026-07-28 11:30,4026.80,4031.10,4025.80,4026.60,1485
2026-07-28 11:45,4026.80,4028.00,4023.20,4027.80,1205
2026-07-28 12:00,4027.30,4028.20,4022.20,4027.20,2832
2026-07-28 12:15,4027.50,4034.60,4025.60,4034.10,2380
2026-07-28 12:30,4034.10,4034.60,4024.80,4033.30,4071
2026-07-28 12:45,4033.30,4037.90,4027.80,4029.40,2490
2026-07-28 13:00,4029.40,4035.60,4029.00,4032.70,2819
2026-07-28 13:15,4032.60,4036.10,4028.50,4028.70,1412
2026-07-28 13:30,4028.70,4032.80,4019.30,4024.90,7588
2026-07-28 13:45,4024.70,4028.50,4021.30,4021.40,4046
2026-07-28 14:00,4021.90,4034.10,4021.40,4025.60,5955
2026-07-28 14:15,4026.20,4027.00,4011.10,4022.00,5154
2026-07-28 14:30,4021.90,4025.30,4018.50,4022.60,2715
2026-07-28 14:45,4022.60,4029.40,4021.00,4023.80,2450
2026-07-28 15:00,4024.60,4036.20,4021.90,4033.70,4617
2026-07-28 15:15,4033.90,4041.30,4031.70,4035.60,3655
2026-07-28 15:30,4035.70,4042.60,4032.30,4041.70,4122
2026-07-28 15:45,4041.90,4047.40,4041.50,4046.50,3123
2026-07-28 16:00,4046.70,4046.80,4042.50,4044.80,1507
2026-07-28 16:15,4045.20,4046.10,4042.10,4042.30,4102
2026-07-28 16:30,4042.50,4044.10,4040.40,4041.00,3138
2026-07-28 16:45,4040.70,4041.70,4036.60,4037.60,3636
2026-07-28 17:00,4037.90,4041.50,4035.60,4037.40,2501
2026-07-28 17:15,4037.30,4041.90,4035.30,4037.90,9957
2026-07-28 17:30,4038.10,4038.10,4027.50,4028.40,3827
2026-07-28 17:45,4028.70,4029.80,4025.30,4028.00,1773
2026-07-28 18:00,4028.10,4030.50,4027.40,4028.40,853
2026-07-28 18:15,4028.30,4030.10,4026.00,4027.20,874
2026-07-28 18:30,4027.40,4027.70,4023.00,4023.60,764
2026-07-28 18:45,4023.10,4025.90,4021.40,4023.10,543
2026-07-28 19:00,4022.80,4025.60,4022.30,4023.70,998
2026-07-28 19:15,4023.60,4024.70,4021.50,4022.60,1408
2026-07-28 19:30,4023.10,4027.60,4022.30,4025.60,725
2026-07-28 19:45,4038.70,4038.70,4025.50,4025.90,1543
2026-07-28 20:00,4025.80,4025.80,4022.20,4023.40,713
2026-07-28 20:15,4023.40,4027.50,4023.40,4027.10,565
2026-07-28 20:30,4027.10,4030.10,4027.00,4030.00,372
2026-07-28 20:45,4029.90,4030.60,4026.50,4028.80,442
2026-07-28 22:00,4020.90,4034.00,4020.90,4024.20,122
2026-07-28 22:15,4024.20,4024.40,4016.10,4020.40,377
2026-07-28 22:30,4020.10,4020.50,4013.20,4017.70,422
2026-07-28 22:45,4017.30,4019.20,4014.30,4017.90,141
2026-07-28 23:00,4017.40,4022.40,4015.50,4022.10,170
2026-07-28 23:15,4021.50,4021.50,4015.00,4017.40,178
2026-07-28 23:30,4018.70,4022.60,4017.10,4022.40,251
2026-07-28 23:45,4021.80,4026.00,4019.10,4024.30,176
2026-07-29 00:00,4025.00,4025.50,4017.10,4019.80,274
2026-07-29 00:15,4022.70,4030.70,4021.50,4022.40,332
2026-07-29 00:30,4022.90,4027.70,4021.00,4026.10,144
2026-07-29 00:45,4025.30,4025.70,4020.00,4021.30,135
2026-07-29 01:00,4021.00,4021.00,4009.30,4012.20,592
2026-07-29 01:15,4011.70,4019.00,4011.20,4017.70,209
2026-07-29 01:30,4016.00,4030.00,4014.40,4025.70,310
2026-07-29 01:45,4026.90,4027.10,4021.00,4025.00,154
2026-07-29 02:00,4025.00,4028.20,4022.30,4026.90,131
2026-07-29 02:15,4027.10,4034.30,4025.00,4032.00,327
2026-07-29 02:30,4032.30,4036.80,4030.00,4034.30,167
2026-07-29 02:45,4033.50,4034.20,4028.30,4028.30,166
2026-07-29 03:00,4028.20,4031.40,4026.20,4026.90,101
2026-07-29 03:15,4026.70,4027.50,4024.70,4025.10,101
2026-07-29 03:30,4024.90,4027.80,4022.90,4024.30,180
2026-07-29 03:45,4024.40,4025.40,4021.50,4021.50,157
2026-07-29 04:00,4022.00,4023.10,4019.80,4020.00,184
2026-07-29 04:15,4019.50,4023.70,4019.30,4021.30,126
2026-07-29 04:30,4021.70,4025.50,4021.70,4025.20,147
2026-07-29 04:45,4026.00,4026.00,4021.90,4025.40,233
2026-07-29 05:00,4025.90,4029.90,4025.30,4028.30,232
2026-07-29 05:15,4027.90,4029.20,4025.90,4028.60,204
2026-07-29 05:30,4028.80,4037.90,4028.30,4037.70,339
2026-07-29 05:45,4037.80,4038.20,4030.00,4031.30,458
2026-07-29 06:00,4032.20,4036.50,4032.20,4036.50,299
2026-07-29 06:15,4036.50,4040.80,4034.10,4039.00,255
2026-07-29 06:30,4039.20,4043.20,4039.20,4041.40,1008
2026-07-29 06:45,4040.70,4040.80,4038.40,4039.80,945
2026-07-29 07:00,4039.90,4045.30,4039.90,4044.40,740
2026-07-29 07:15,4043.40,4046.70,4043.10,4045.10,378
2026-07-29 07:30,4045.10,4106.70,4044.60,4105.20,10652
2026-07-29 07:45,4105.10,4106.10,4101.50,4102.60,837
2026-07-29 08:00,4103.00,4103.50,4098.10,4098.10,1481
2026-07-29 08:15,4099.50,4099.50,4094.60,4096.30,951
2026-07-29 08:30,4096.30,4097.80,4094.70,4097.10,822
2026-07-29 08:45,4097.10,4099.40,4096.00,4096.50,977
2026-07-29 09:00,4096.80,4097.60,4094.60,4095.20,995
2026-07-29 09:15,4095.30,4096.80,4092.50,4092.60,708
2026-07-29 09:30,4093.00,4094.30,4090.40,4093.50,1358
2026-07-29 09:45,4093.30,4095.50,4091.20,4091.90,551
2026-07-29 10:00,4091.50,4093.10,4089.90,4090.80,911
2026-07-29 10:15,4090.80,4092.50,4089.20,4092.30,822
2026-07-29 10:30,4092.00,4093.70,4085.40,4087.00,1619
2026-07-29 10:45,4086.60,4087.70,4085.10,4086.10,976
2026-07-29 11:00,4086.80,4088.80,4084.00,4088.60,809
2026-07-29 11:15,4089.00,4092.70,4087.60,4091.70,583
2026-07-29 11:30,4092.00,4092.00,4089.60,4090.40,1960
2026-07-29 11:45,4090.10,4095.40,4089.80,4091.50,1748
2026-07-29 12:00,4091.70,4092.50,4084.80,4085.90,1294
2026-07-29 12:15,4086.20,4086.40,4070.80,4072.00,5722
2026-07-29 12:30,4071.20,4080.70,4067.40,4079.20,2556
2026-07-29 12:45,4079.20,4082.30,4077.40,4080.90,2960
2026-07-29 13:00,4081.30,4084.80,4073.50,4074.20,2276
2026-07-29 13:15,4073.80,4081.70,4071.90,4072.50,5546
2026-07-29 13:30,4072.80,4075.70,4068.00,4071.70,3570
2026-07-29 13:45,4071.10,4073.90,4060.30,4064.80,5848
2026-07-29 14:00,4065.10,4066.40,4053.90,4057.30,8220
2026-07-29 14:15,4057.10,4068.40,4056.80,4063.90,5700
2026-07-29 14:30,4063.60,4067.80,4057.50,4059.50,4130
2026-07-29 14:45,4059.30,4064.00,4056.40,4063.20,1626
2026-07-29 15:00,4063.60,4068.50,4061.70,4065.80,2118
2026-07-29 15:15,4065.80,4069.90,4062.40,4069.10,1928
2026-07-29 15:30,4069.20,4072.10,4065.40,4068.90,1575
2026-07-29 15:45,4069.00,4072.20,4066.50,4068.50,2297
2026-07-29 16:00,4068.50,4074.60,4066.30,4068.50,3045
2026-07-29 16:15,4068.30,4076.40,4066.30,4075.10,1660
2026-07-29 16:30,4075.00,4077.60,4073.40,4075.20,1851
2026-07-29 16:45,4075.50,4091.70,4073.50,4086.10,2614
2026-07-29 17:00,4086.20,4109.30,4086.10,4100.70,4794
2026-07-29 17:15,4100.40,4109.00,4095.20,4097.20,6485
2026-07-29 17:30,4097.10,4105.00,4094.10,4104.00,3541
2026-07-29 17:45,4104.00,4106.40,4099.40,4102.90,2938
2026-07-29 18:00,4103.10,4149.40,4101.30,4140.50,12797
2026-07-29 18:15,4140.60,4143.70,4123.00,4127.00,3047
2026-07-29 18:30,4126.60,4146.90,4111.10,4143.20,5729
2026-07-29 18:45,4143.20,4170.30,4141.20,4166.80,8805
2026-07-29 19:00,4167.10,4176.80,4149.80,4159.20,5676
2026-07-29 19:15,4159.60,4164.40,4140.10,4143.60,3406
2026-07-29 19:30,4143.70,4147.80,4124.50,4128.30,4428
2026-07-29 19:45,4128.40,4131.40,4103.80,4104.70,4530
2026-07-29 20:00,4104.20,4115.00,4101.70,4110.80,2342
2026-07-29 20:15,4110.40,4116.20,4102.60,4114.20,1088
2026-07-29 20:30,4114.20,4127.70,4112.70,4125.70,1456
2026-07-29 20:45,4125.40,4128.90,4122.10,4126.00,1012
2026-07-29 22:00,4126.70,4135.40,4121.10,4134.30,668
2026-07-29 22:15,4133.90,4135.50,4130.30,4132.70,469
2026-07-29 22:30,4132.50,4139.10,4130.50,4138.50,614
2026-07-29 22:45,4139.30,4148.20,4137.50,4146.30,1018
2026-07-29 23:00,4146.50,4158.00,4146.20,4148.60,861
2026-07-29 23:15,4149.40,4152.50,4148.20,4151.10,599
2026-07-29 23:30,4151.60,4152.50,4147.30,4147.60,440
2026-07-29 23:45,4148.00,4150.70,4142.00,4142.00,502
2026-07-30 00:00,4142.50,4144.30,4136.70,4139.20,875
2026-07-30 00:15,4138.60,4141.00,4130.10,4132.60,867
2026-07-30 00:30,4133.80,4134.30,4122.30,4123.60,891
2026-07-30 00:45,4124.10,4130.50,4122.50,4129.70,1214
2026-07-30 01:00,4130.00,4151.50,4127.80,4133.40,2899
2026-07-30 01:15,4133.20,4142.60,4131.10,4139.00,1174
2026-07-30 01:30,4138.80,4147.50,4138.20,4144.30,860
2026-07-30 01:45,4144.00,4149.00,4141.40,4142.40,758
2026-07-30 02:00,4142.10,4148.00,4139.90,4140.50,558
2026-07-30 02:15,4140.00,4141.00,4137.50,4140.50,383
2026-07-30 02:30,4140.20,4140.20,4131.00,4134.30,816
2026-07-30 02:45,4134.20,4134.80,4120.70,4121.40,956
2026-07-30 03:00,4121.10,4127.50,4117.80,4120.00,725
2026-07-30 03:15,4120.40,4121.40,4109.90,4111.10,1268
2026-07-30 03:30,4111.30,4113.20,4107.60,4109.20,829
2026-07-30 03:45,4109.10,4116.90,4109.10,4114.10,799
2026-07-30 04:00,4115.90,4117.10,4108.90,4110.10,640
2026-07-30 04:15,4110.40,4111.90,4107.60,4110.70,378
2026-07-30 04:30,4110.90,4110.90,4104.10,4105.60,812
2026-07-30 04:45,4105.30,4108.70,4100.30,4102.50,936
2026-07-30 05:00,4102.20,4102.20,4098.20,4101.90,786
2026-07-30 05:15,4102.30,4104.00,4093.90,4103.50,881
2026-07-30 05:30,4103.20,4108.00,4085.00,4090.40,2242
2026-07-30 05:45,4089.90,4095.20,4087.00,4090.40,948
2026-07-30 06:00,4090.80,4096.40,4088.20,4089.30,1082
2026-07-30 06:15,4089.00,4096.30,4086.30,4090.50,907
2026-07-30 06:30,4090.10,4095.70,4088.30,4093.00,727
2026-07-30 06:45,4092.90,4098.10,4091.60,4093.80,1606
2026-07-30 07:00,4093.80,4105.00,4092.70,4103.80,1712
2026-07-30 07:15,4104.00,4108.50,4100.60,4103.20,1776
2026-07-30 07:30,4103.00,4104.70,4093.00,4103.20,2516
2026-07-30 07:45,4103.10,4103.80,4095.10,4096.10,827
2026-07-30 08:00,4096.10,4113.80,4093.90,4110.90,1758
2026-07-30 08:15,4110.50,4126.40,4109.80,4122.00,1662
2026-07-30 08:30,4122.10,4130.90,4121.10,4123.80,2616
2026-07-30 08:45,4123.80,4128.70,4117.20,4119.20,1044
2026-07-30 09:00,4119.40,4127.00,4118.30,4123.90,1183
2026-07-30 09:15,4124.10,4130.30,4122.60,4125.60,1529
2026-07-30 09:30,4125.50,4127.60,4118.40,4123.80,1976
2026-07-30 09:45,4124.00,4131.50,4120.50,4121.50,1318
2026-07-30 10:00,4121.80,4133.30,4121.20,4127.00,2041
2026-07-30 10:15,4126.80,4136.30,4126.00,4134.80,1639
2026-07-30 10:30,4134.80,4141.20,4133.50,4139.60,1527
2026-07-30 10:45,4139.70,4142.20,4136.30,4136.40,1022
2026-07-30 11:00,4136.50,4141.50,4136.00,4138.00,905
2026-07-30 11:15,4137.70,4140.40,4134.90,4136.60,523
2026-07-30 11:30,4136.70,4137.70,4134.70,4135.50,634
2026-07-30 11:45,4135.70,4138.90,4133.60,4136.00,1043
2026-07-30 12:00,4136.00,4141.00,4132.70,4137.10,1584
2026-07-30 12:15,4137.00,4139.80,4129.80,4135.40,1489
2026-07-30 12:30,4139.00,4145.40,4129.80,4135.80,2805
2026-07-30 12:45,4136.20,4137.60,4125.40,4127.40,1656
2026-07-30 13:00,4127.30,4135.20,4123.20,4135.10,2128
2026-07-30 13:15,4134.80,4142.20,4130.70,4138.60,2196
2026-07-30 13:30,4138.60,4157.70,4133.20,4148.10,6707
2026-07-30 13:45,4148.10,4172.50,4144.50,4172.00,6813
2026-07-30 14:00,4172.10,4180.20,4153.40,4157.30,12188
2026-07-30 14:15,4157.60,4159.60,4145.60,4155.20,5048
2026-07-30 14:30,4155.30,4170.70,4154.00,4170.20,3099
2026-07-30 14:45,4170.40,4172.70,4155.70,4159.10,2592
2026-07-30 15:00,4159.40,4159.40,4141.90,4144.60,4276
2026-07-30 15:15,4144.40,4156.20,4143.70,4155.10,1626
2026-07-30 15:30,4155.00,4165.80,4151.80,4164.40,1897
2026-07-30 15:45,4164.40,4169.20,4162.40,4167.00,1571
2026-07-30 16:00,4166.80,4175.00,4166.80,4173.20,2363
2026-07-30 16:15,4173.10,4178.30,4172.40,4175.40,1425
2026-07-30 16:30,4175.40,4175.50,4167.30,4167.60,1360
2026-07-30 16:45,4167.90,4169.80,4165.60,4169.80,984
2026-07-30 17:00,4169.80,4170.20,4163.80,4163.80,1275
2026-07-30 17:15,4163.80,4167.30,4157.10,4160.80,2875
2026-07-30 17:30,4160.50,4167.40,4158.90,4165.00,1647
2026-07-30 17:45,4164.80,4167.40,4159.90,4161.50,954
2026-07-30 18:00,4161.50,4165.80,4161.50,4165.50,633
2026-07-30 18:15,4165.60,4165.60,4159.90,4162.30,1026
2026-07-30 18:30,4162.90,4166.80,4162.00,4163.50,734
2026-07-30 18:45,4163.70,4164.10,4157.70,4158.80,733
2026-07-30 19:00,4158.70,4164.80,4158.00,4163.90,882
2026-07-30 19:15,4163.60,4174.10,4162.00,4172.00,1417
2026-07-30 19:30,4171.50,4174.50,4170.30,4171.30,643
2026-07-30 19:45,4171.40,4172.30,4168.20,4171.20,834
2026-07-30 20:00,4171.30,4176.70,4169.30,4173.20,1201
2026-07-30 20:15,4173.20,4174.20,4170.70,4171.30,617
2026-07-30 20:30,4171.40,4171.80,4161.30,4162.40,612
2026-07-30 20:45,4161.90,4163.10,4158.00,4162.80,820
2026-07-30 22:00,4163.90,4166.30,4158.00,4165.20,282
2026-07-30 22:15,4165.50,4166.80,4164.80,4165.80,238
2026-07-30 22:30,4165.80,4169.00,4165.40,4168.80,268
2026-07-30 22:45,4168.90,4169.80,4167.40,4167.40,380
2026-07-30 23:00,4168.10,4170.70,4164.80,4166.10,321
2026-07-30 23:15,4165.60,4166.10,4161.80,4162.80,363
2026-07-30 23:30,4162.80,4166.90,4160.80,4164.30,445
2026-07-30 23:45,4165.10,4168.80,4164.30,4164.40,271
2026-07-31 00:00,4164.80,4165.40,4159.20,4159.90,419
2026-07-31 00:15,4159.80,4162.40,4154.50,4154.90,535
2026-07-31 00:30,4155.10,4156.30,4149.00,4151.50,416
2026-07-31 00:45,4151.00,4155.00,4149.00,4153.50,456
2026-07-31 01:00,4153.50,4160.00,4146.80,4147.30,1281
2026-07-31 01:15,4147.50,4153.20,4144.50,4150.30,925
2026-07-31 01:30,4150.30,4150.30,4142.00,4144.10,915
2026-07-31 01:45,4143.70,4147.40,4140.00,4142.50,780
2026-07-31 02:00,4142.70,4148.80,4139.80,4143.90,736
2026-07-31 02:15,4143.70,4143.70,4139.90,4140.30,554
2026-07-31 02:30,4140.00,4142.50,4133.40,4133.40,693
2026-07-31 02:45,4133.90,4136.60,4132.50,4134.10,888
2026-07-31 03:00,4134.00,4134.30,4129.70,4131.40,588
2026-07-31 03:15,4131.10,4133.80,4130.00,4133.20,403
2026-07-31 03:30,4133.30,4137.40,4132.90,4134.50,624
2026-07-31 03:45,4134.90,4135.50,4132.00,4133.10,195
2026-07-31 04:00,4132.60,4135.00,4131.00,4134.90,431
2026-07-31 04:15,4134.80,4138.10,4132.30,4138.00,792
2026-07-31 04:30,4137.90,4139.50,4137.10,4137.10,458
2026-07-31 04:45,4137.00,4138.00,4132.50,4137.60,548
2026-07-31 05:00,4138.00,4141.30,4137.50,4137.80,353
2026-07-31 05:15,4137.70,4140.90,4137.50,4138.90,371
2026-07-31 05:30,4139.00,4139.70,4133.70,4134.30,691
2026-07-31 05:45,4134.20,4134.20,4131.00,4132.10,592
2026-07-31 06:00,4132.40,4140.60,4130.50,4140.30,651
2026-07-31 06:15,4139.90,4145.30,4138.80,4143.20,803
2026-07-31 06:30,4142.70,4142.70,4134.90,4135.80,493
2026-07-31 06:45,4135.50,4139.40,4134.20,4135.40,626
2026-07-31 07:00,4135.00,4136.80,4133.00,4135.20,702
2026-07-31 07:15,4135.10,4136.80,4129.50,4130.50,779
2026-07-31 07:30,4130.20,4131.40,4125.50,4129.50,1202
2026-07-31 07:45,4129.80,4132.00,4124.70,4125.10,1218
2026-07-31 08:00,4125.40,4125.40,4118.40,4119.40,1221
2026-07-31 08:15,4119.40,4124.60,4114.90,4115.70,1579
2026-07-31 08:30,4115.70,4118.40,4110.80,4116.10,1629
2026-07-31 08:45,4115.90,4121.30,4114.60,4117.60,1184
2026-07-31 09:00,4117.30,4120.80,4111.60,4113.40,1421
2026-07-31 09:15,4113.40,4114.20,4107.80,4108.70,1097
2026-07-31 09:30,4108.40,4111.00,4106.50,4109.40,952
2026-07-31 09:45,4109.30,4113.60,4108.40,4111.30,730
2026-07-31 10:00,4111.20,4114.70,4109.50,4112.20,690
2026-07-31 10:15,4112.30,4112.40,4108.40,4109.60,438
2026-07-31 10:30,4109.20,4112.80,4109.20,4111.10,444
2026-07-31 10:45,4111.00,4113.50,4110.20,4110.80,439
2026-07-31 11:00,4110.70,4116.00,4108.20,4113.80,801
2026-07-31 11:15,4113.60,4117.40,4110.40,4115.00,627
2026-07-31 11:30,4114.90,4115.00,4106.70,4108.40,1035
2026-07-31 11:45,4108.30,4111.60,4107.30,4110.00,622
2026-07-31 12:00,4110.30,4115.70,4108.80,4115.40,965
2026-07-31 12:15,4115.60,4115.70,4103.10,4103.50,1836
2026-07-31 12:30,4103.40,4107.80,4098.50,4100.90,3869
2026-07-31 12:45,4100.50,4102.40,4096.40,4096.80,2610
2026-07-31 13:00,4096.60,4098.90,4090.50,4092.30,3373
2026-07-31 13:15,4092.30,4103.40,4091.50,4098.90,3324
2026-07-31 13:30,4098.50,4100.20,4078.30,4081.00,7051
2026-07-31 13:45,4081.10,4088.30,4077.60,4081.50,3443
2026-07-31 14:00,4080.80,4088.70,4076.40,4088.20,3930
2026-07-31 14:15,4088.30,4096.50,4086.00,4095.10,3117
2026-07-31 14:30,4094.90,4099.30,4092.80,4097.60,1650
2026-07-31 14:45,4097.70,4106.90,4097.10,4105.60,2533
2026-07-31 15:00,4105.80,4107.20,4099.20,4103.60,3816
2026-07-31 15:15,4103.30,4109.10,4096.60,4097.30,2661
2026-07-31 15:30,4097.30,4099.70,4093.00,4098.40,1595
2026-07-31 15:45,4098.30,4103.00,4096.10,4101.80,1501
2026-07-31 16:00,4101.80,4103.00,4097.60,4101.90,742
2026-07-31 16:15,4102.80,4104.60,4099.10,4103.60,1187
2026-07-31 16:30,4103.70,4106.00,4097.20,4098.80,1286
2026-07-31 16:45,4098.70,4101.20,4098.10,4099.30,687
2026-07-31 17:00,4099.20,4102.40,4097.30,4101.60,1074
2026-07-31 17:15,4101.60,4109.80,4100.90,4106.60,3245
2026-07-31 17:30,4106.80,4109.80,4103.80,4108.00,1964
2026-07-31 17:45,4108.00,4111.00,4106.30,4109.80,1164
2026-07-31 18:00,4110.00,4111.30,4102.90,4104.10,1097
2026-07-31 18:15,4103.90,4107.90,4103.60,4107.10,679
2026-07-31 18:30,4107.00,4107.80,4103.90,4105.60,646
2026-07-31 18:45,4105.40,4107.50,4104.10,4106.60,470
2026-07-31 19:00,4106.80,4109.00,4102.60,4104.20,738
2026-07-31 19:15,4104.20,4106.60,4103.20,4106.40,590
2026-07-31 19:30,4106.40,4110.70,4104.90,4109.90,763
2026-07-31 19:45,4109.90,4111.90,4106.40,4107.70,1324
2026-07-31 20:00,4107.60,4108.40,4101.90,4104.40,690
2026-07-31 20:15,4104.40,4105.30,4103.00,4104.40,258
2026-07-31 20:30,4104.30,4109.20,4103.60,4107.30,381
2026-07-31 20:45,4107.70,4108.60,4097.40,4107.00,1184
2026-08-02 22:00,4131.10,4135.80,4130.70,4133.30,411
2026-08-02 22:15,4133.00,4134.20,4120.40,4122.70,1004
2026-08-02 22:30,4122.70,4124.90,4120.50,4123.10,623
2026-08-02 22:45,4123.40,4123.60,4119.50,4119.90,494
2026-08-02 23:00,4120.00,4123.40,4119.00,4122.40,435
2026-08-02 23:15,4122.30,4128.40,4122.10,4127.90,397
2026-08-02 23:30,4127.80,4128.20,4123.70,4125.40,146
2026-08-02 23:45,4125.40,4130.50,4123.80,4130.40,659
2026-08-03 00:00,4130.50,4134.70,4125.60,4127.90,719
2026-08-03 00:15,4127.90,4128.50,4117.00,4119.60,814
2026-08-03 00:30,4119.80,4125.40,4112.40,4113.70,1094
2026-08-03 00:45,4113.80,4116.40,4111.10,4112.80,691
2026-08-03 01:00,4112.90,4119.00,4106.30,4107.80,1433
2026-08-03 01:15,4108.40,4110.40,4102.70,4108.20,895
2026-08-03 01:30,4108.40,4112.80,4103.00,4106.80,880
2026-08-03 01:45,4106.90,4113.40,4105.70,4112.70,794
2026-08-03 02:00,4112.70,4116.70,4109.00,4111.60,572
2026-08-03 02:15,4111.20,4116.50,4107.80,4113.60,637
2026-08-03 02:30,4113.90,4116.20,4108.00,4115.50,749
2026-08-03 02:45,4115.20,4122.30,4114.10,4117.80,776
2026-08-03 03:00,4117.60,4120.90,4116.20,4119.50,360
2026-08-03 03:15,4119.50,4123.20,4116.90,4119.00,859
2026-08-03 03:30,4119.30,4120.30,4115.50,4115.70,293
2026-08-03 03:45,4115.90,4122.10,4114.20,4120.00,324
2026-08-03 04:00,4120.40,4123.40,4119.40,4121.60,421
2026-08-03 04:15,4121.70,4126.20,4121.20,4123.60,665
2026-08-03 04:30,4123.50,4126.50,4123.50,4125.80,243
2026-08-03 04:45,4126.00,4127.20,4119.20,4119.20,374
2026-08-03 05:00,4119.00,4120.40,4111.80,4112.70,623
2026-08-03 05:15,4112.30,4117.90,4109.10,4115.50,528
2026-08-03 05:30,4115.30,4119.70,4110.30,4118.50,855
2026-08-03 05:45,4118.50,4125.20,4113.90,4124.20,824
2026-08-03 06:00,4124.30,4126.40,4121.20,4121.20,984
2026-08-03 06:15,4121.50,4127.30,4120.90,4123.60,813
2026-08-03 06:30,4123.50,4124.10,4115.70,4120.90,1037
2026-08-03 06:45,4120.50,4122.20,4117.80,4118.90,608
2026-08-03 07:00,4119.00,4120.50,4114.80,4116.90,667
2026-08-03 07:15,4116.50,4117.30,4107.30,4114.20,1594
2026-08-03 07:30,4113.90,4116.80,4112.00,4115.10,494
2026-08-03 07:45,4115.10,4119.00,4113.60,4117.10,652
2026-08-03 08:00,4117.00,4117.70,4114.20,4117.50,418
2026-08-03 08:15,4117.40,4118.00,4110.00,4111.30,539
2026-08-03 08:30,4111.30,4116.10,4110.40,4114.00,733
2026-08-03 08:45,4113.80,4116.70,4113.40,4115.00,402
2026-08-03 09:00,4115.30,4117.70,4112.80,4117.30,425
2026-08-03 09:15,4116.90,4116.90,4108.00,4108.40,751
2026-08-03 09:30,4108.50,4111.00,4102.30,4109.70,2582
2026-08-03 09:45,4109.60,4114.40,4109.60,4111.60,848
2026-08-03 10:00,4111.60,4113.50,4109.40,4112.40,412
2026-08-03 10:15,4112.50,4113.60,4108.30,4110.00,386
2026-08-03 10:30,4110.00,4110.10,4105.10,4105.50,621
2026-08-03 10:45,4105.30,4107.40,4101.90,4105.40,574
2026-08-03 11:00,4105.70,4109.20,4103.20,4106.10,611
2026-08-03 11:15,4106.00,4106.40,4101.70,4104.70,388
2026-08-03 11:30,4104.50,4111.30,4104.00,4110.00,684
2026-08-03 11:45,4110.10,4119.40,4108.90,4118.90,1296
2026-08-03 12:00,4119.00,4121.10,4110.80,4112.20,1106
2026-08-03 12:15,4112.10,4112.50,4104.60,4107.00,1566
2026-08-03 12:30,4107.20,4109.00,4098.10,4100.80,1654
2026-08-03 12:45,4100.80,4104.70,4099.00,4103.40,873
2026-08-03 13:00,4103.60,4109.80,4093.60,4094.00,2690
2026-08-03 13:15,4094.00,4095.90,4086.50,4089.50,3549
2026-08-03 13:30,4089.60,4091.00,4074.00,4086.90,5756
2026-08-03 13:45,4087.20,4090.40,4083.30,4087.20,2511
2026-08-03 14:00,4086.60,4091.40,4081.60,4088.40,3425
2026-08-03 14:15,4088.10,4091.40,4085.00,4087.60,1798
2026-08-03 14:30,4087.60,4093.40,4087.10,4091.70,1586
2026-08-03 14:45,4091.80,4094.90,4089.00,4091.60,1624
2026-08-03 15:00,4091.70,4092.40,4085.50,4088.30,1401
2026-08-03 15:15,4088.50,4093.60,4085.80,4087.90,1625
2026-08-03 15:30,4088.00,4094.60,4086.10,4092.10,1359
2026-08-03 15:45,4092.30,4096.40,4091.00,4091.60,1269
2026-08-03 16:00,4091.60,4092.90,4089.90,4091.80,709
2026-08-03 16:15,4091.40,4094.10,4090.30,4092.50,774
2026-08-03 16:30,4092.50,4094.80,4091.20,4094.30,694
2026-08-03 16:45,4094.50,4094.50,4091.30,4092.40,572
2026-08-03 17:00,4092.70,4093.20,4088.70,4089.80,585
2026-08-03 17:15,4089.70,4093.50,4089.40,4090.00,1731
2026-08-03 17:30,4090.10,4092.70,4089.70,4091.90,714
2026-08-03 17:45,4091.80,4092.30,4085.90,4086.40,734
2026-08-03 18:00,4086.40,4094.30,4085.40,4090.70,1082
2026-08-03 18:15,4090.80,4094.90,4090.60,4093.90,1022
2026-08-03 18:30,4093.70,4097.40,4092.40,4097.40,548
2026-08-03 18:45,4097.20,4101.00,4096.30,4099.60,913
2026-08-03 19:00,4099.50,4105.50,4099.50,4101.90,1298
2026-08-03 19:15,4102.20,4110.20,4102.10,4108.80,1079
2026-08-03 19:30,4108.90,4111.50,4107.70,4110.00,849
2026-08-03 19:45,4109.90,4112.00,4107.70,4108.20,1127
2026-08-03 20:00,4108.30,4108.90,4106.20,4108.80,395
2026-08-03 20:15,4108.40,4111.90,4107.30,4110.20,303
2026-08-03 20:30,4110.60,4115.00,4110.00,4112.40,379
2026-08-03 20:45,4112.50,4113.50,4110.60,4110.90,670
2026-08-03 22:00,4109.60,4110.30,4104.60,4107.00,248
2026-08-03 22:15,4106.80,4108.20,4106.30,4107.50,115
2026-08-03 22:30,4107.80,4109.20,4107.00,4108.40,125
2026-08-03 22:45,4108.60,4109.60,4106.80,4108.60,211
2026-08-03 23:00,4108.60,4110.80,4105.50,4107.10,680
2026-08-03 23:15,4107.00,4110.60,4106.20,4107.30,663
2026-08-03 23:30,4107.40,4108.50,4106.60,4108.10,70
2026-08-03 23:45,4108.20,4109.60,4107.00,4109.30,459
2026-08-04 00:00,4109.20,4125.10,4108.70,4119.20,1584
2026-08-04 00:15,4119.10,4120.30,4113.70,4114.60,381
2026-08-04 00:30,4114.90,4116.30,4110.90,4111.60,408
2026-08-04 00:45,4112.40,4113.80,4104.10,4104.90,1100
2026-08-04 01:00,4104.80,4106.20,4098.20,4102.70,1422
2026-08-04 01:15,4103.60,4108.00,4103.30,4104.70,614
2026-08-04 01:30,4105.00,4116.00,4104.00,4114.60,951
2026-08-04 01:45,4114.70,4117.60,4112.60,4114.80,603
2026-08-04 02:00,4114.80,4116.80,4111.10,4113.90,443
2026-08-04 02:15,4113.60,4115.40,4111.30,4112.20,431
2026-08-04 02:30,4112.20,4120.60,4111.10,4117.90,784
2026-08-04 02:45,4117.90,4118.20,4113.70,4114.60,360
2026-08-04 03:00,4114.30,4116.30,4112.00,4113.70,294
2026-08-04 03:15,4113.70,4117.50,4113.40,4113.70,430
2026-08-04 03:30,4113.50,4114.20,4107.70,4107.90,653
2026-08-04 03:45,4108.30,4110.80,4107.60,4108.20,374
2026-08-04 04:00,4107.40,4112.30,4106.40,4111.90,592
2026-08-04 04:15,4112.10,4117.00,4111.30,4116.70,1005
2026-08-04 04:30,4116.80,4119.70,4116.00,4118.10,685
2026-08-04 04:45,4118.00,4121.90,4117.90,4119.30,690
2026-08-04 05:00,4119.20,4120.40,4112.70,4113.50,566
2026-08-04 05:15,4113.50,4119.70,4113.00,4119.30,480
2026-08-04 05:30,4119.50,4123.70,4115.00,4118.60,1185
2026-08-04 05:45,4118.40,4120.10,4114.10,4117.30,896
2026-08-04 06:00,4117.90,4122.10,4117.80,4120.40,659
2026-08-04 06:15,4120.10,4120.80,4115.20,4115.60,474
2026-08-04 06:30,4115.60,4115.70,4111.40,4115.60,702
2026-08-04 06:45,4115.70,4119.70,4114.70,4119.30,641
2026-08-04 07:00,4119.50,4121.80,4116.60,4116.60,902
2026-08-04 07:15,4116.90,4121.80,4116.70,4119.00,722
2026-08-04 07:30,4119.00,4122.90,4117.50,4119.20,866
2026-08-04 07:45,4118.90,4122.40,4118.20,4121.80,436
2026-08-04 08:00,4121.90,4129.60,4120.70,4124.20,2141
2026-08-04 08:15,4124.30,4124.90,4116.30,4119.50,697
2026-08-04 08:30,4119.20,4120.50,4114.40,4115.20,788
2026-08-04 08:45,4115.10,4115.30,4110.10,4110.80,567
2026-08-04 09:00,4110.50,4111.20,4104.10,4106.50,880
2026-08-04 09:15,4106.20,4107.80,4104.70,4105.90,837
2026-08-04 09:30,4106.20,4107.20,4102.00,4106.10,1049
2026-08-04 09:45,4106.00,4106.90,4103.00,4105.10,539
2026-08-04 10:00,4105.70,4106.00,4102.70,4105.00,323
2026-08-04 10:15,4104.60,4105.60,4101.40,4104.60,491
2026-08-04 10:30,4105.00,4109.90,4102.00,4108.40,848
2026-08-04 10:45,4108.20,4116.40,4108.10,4109.80,1518
2026-08-04 11:00,4109.40,4114.90,4108.10,4112.60,639
2026-08-04 11:15,4112.70,4117.20,4111.40,4117.10,544
2026-08-04 11:30,4117.20,4127.40,4116.10,4126.50,2361
2026-08-04 11:45,4126.80,4141.80,4123.90,4132.10,5538
2026-08-04 12:00,4132.30,4133.20,4117.60,4118.70,2569
2026-08-04 12:15,4118.80,4126.90,4117.60,4124.80,1812
2026-08-04 12:30,4125.00,4141.50,4125.00,4135.10,3567
2026-08-04 12:45,4135.20,4136.10,4126.40,4127.80,1850
2026-08-04 13:00,4128.10,4128.70,4117.20,4120.80,2761
2026-08-04 13:15,4120.40,4147.90,4119.40,4135.40,5980
2026-08-04 13:30,4135.60,4148.90,4132.80,4140.40,5451
2026-08-04 13:45,4140.50,4151.50,4138.60,4140.70,3859
2026-08-04 14:00,4140.70,4148.80,4140.20,4147.20,2451
2026-08-04 14:15,4147.40,4149.30,4137.30,4140.40,2376
2026-08-04 14:30,4140.60,4143.70,4131.30,4137.00,3906
2026-08-04 14:45,4136.50,4141.90,4134.80,4140.40,1771
2026-08-04 15:00,4140.50,4142.40,4136.50,4140.60,1028
2026-08-04 15:15,4141.10,4141.20,4131.00,4135.00,1727
2026-08-04 15:30,4134.40,4144.30,4133.00,4141.20,2095
2026-08-04 15:45,4140.60,4145.80,4139.70,4144.20,1588
2026-08-04 16:00,4144.40,4145.70,4141.20,4141.90,1667
2026-08-04 16:15,4142.00,4147.00,4139.70,4144.70,1219
2026-08-04 16:30,4144.60,4146.30,4141.60,4146.00,1070
2026-08-04 16:45,4145.90,4150.70,4145.60,4150.40,1693
2026-08-04 17:00,4150.20,4163.80,4149.40,4157.10,3886
2026-08-04 17:15,4157.30,4158.50,4151.10,4151.90,2919
2026-08-04 17:30,4151.80,4153.30,4148.80,4152.60,982
2026-08-04 17:45,4152.70,4153.50,4143.00,4143.10,1610
2026-08-04 18:00,4142.80,4145.80,4141.70,4145.20,973
2026-08-04 18:15,4145.10,4146.00,4141.20,4141.40,773
2026-08-04 18:30,4141.60,4142.70,4133.20,4133.50,1571
2026-08-04 18:45,4133.50,4138.10,4132.10,4136.80,859
2026-08-04 19:00,4136.60,4141.30,4135.70,4138.70,1251
2026-08-04 19:15,4138.90,4141.90,4136.00,4137.30,892
2026-08-04 19:30,4137.20,4139.60,4136.00,4138.20,307
2026-08-04 19:45,4138.20,4139.10,4133.30,4135.30,648
2026-08-04 20:00,4135.60,4137.30,4135.10,4136.10,362
2026-08-04 20:15,4135.80,4135.80,4131.40,4132.20,306
2026-08-04 20:30,4132.10,4135.70,4132.00,4134.60,166
2026-08-04 20:45,4134.30,4135.20,4132.70,4134.20,215
2026-08-04 22:00,4133.80,4135.50,4132.70,4133.40,149
2026-08-04 22:15,4133.20,4136.10,4132.10,4135.60,848
2026-08-04 22:30,4136.00,4142.10,4135.30,4140.60,933
2026-08-04 22:45,4140.80,4140.80,4132.40,4132.50,928
2026-08-04 23:00,4132.80,4134.00,4125.50,4130.00,1523
2026-08-04 23:15,4129.90,4131.40,4121.60,4123.70,976
2026-08-04 23:30,4123.20,4126.20,4122.10,4125.30,333
2026-08-04 23:45,4125.20,4129.50,4125.20,4128.70,366
2026-08-05 00:00,4128.60,4130.10,4126.30,4127.90,312
2026-08-05 00:15,4127.80,4134.90,4127.40,4134.60,415
2026-08-05 00:30,4134.90,4139.10,4133.90,4133.90,582
2026-08-05 00:45,4134.20,4139.30,4133.50,4138.20,285
2026-08-05 01:00,4138.50,4142.70,4133.40,4141.90,1020
2026-08-05 01:15,4141.90,4144.70,4138.20,4139.80,669
2026-08-05 01:30,4140.50,4148.90,4135.70,4148.70,704
2026-08-05 01:45,4148.40,4158.50,4148.40,4157.20,948
2026-08-05 02:00,4157.20,4158.90,4152.20,4156.20,1068
2026-08-05 02:15,4156.10,4165.00,4151.80,4160.10,1845
2026-08-05 02:30,4160.50,4186.10,4158.20,4185.50,4335
2026-08-05 02:45,4185.70,4192.60,4181.20,4186.20,3348
2026-08-05 03:00,4186.50,4193.50,4184.30,4192.80,1484
2026-08-05 03:15,4193.30,4193.80,4187.10,4187.70,988
2026-08-05 03:30,4187.80,4188.30,4185.00,4185.90,765
2026-08-05 03:45,4186.10,4187.80,4185.00,4186.60,460
2026-08-05 04:00,4186.10,4199.50,4186.00,4196.40,2280
2026-08-05 04:15,4196.30,4198.70,4195.50,4196.50,996
2026-08-05 04:30,4196.50,4196.50,4191.00,4192.40,848
2026-08-05 04:45,4192.30,4194.00,4189.90,4193.40,1046
2026-08-05 05:00,4193.30,4196.20,4192.70,4195.40,794
2026-08-05 05:15,4195.30,4200.40,4193.50,4197.90,1249
2026-08-05 05:30,4198.00,4219.80,4197.90,4218.20,6211
2026-08-05 05:45,4217.70,4233.00,4217.40,4222.20,6573
2026-08-05 06:00,4222.40,4234.30,4220.20,4233.00,2943
2026-08-05 06:15,4232.80,4233.40,4221.20,4228.40,2546
2026-08-05 06:30,4228.30,4237.80,4226.70,4234.90,2417
2026-08-05 06:45,4235.00,4237.40,4231.50,4237.10,1929
2026-08-05 07:00,4236.70,4238.50,4225.00,4225.30,2335
2026-08-05 07:15,4225.40,4228.40,4221.80,4223.30,1602
2026-08-05 07:30,4223.50,4225.90,4220.90,4225.50,1194
2026-08-05 07:45,4225.70,4231.00,4223.30,4229.90,1277
2026-08-05 08:00,4229.90,4231.50,4223.30,4224.20,1218
2026-08-05 08:15,4224.70,4226.90,4221.00,4223.80,1248
2026-08-05 08:30,4223.90,4227.10,4220.90,4225.70,1827
2026-08-05 08:45,4225.70,4226.10,4218.40,4219.70,1671
2026-08-05 09:00,4220.00,4226.90,4219.80,4222.70,1283
2026-08-05 09:15,4222.40,4222.40,4214.60,4216.60,1688
2026-08-05 09:30,4216.60,4218.70,4213.00,4217.30,1849
2026-08-05 09:45,4217.20,4218.40,4211.80,4216.90,1439
2026-08-05 10:00,4216.80,4217.00,4209.30,4210.00,885
2026-08-05 10:15,4209.90,4217.30,4209.10,4215.80,1352
2026-08-05 10:30,4216.10,4216.80,4212.70,4213.90,813
2026-08-05 10:45,4214.20,4220.70,4213.00,4220.40,1254
2026-08-05 11:00,4220.60,4230.40,4219.80,4229.60,1766
2026-08-05 11:15,4230.40,4240.40,4228.70,4235.50,3306
2026-08-05 11:30,4235.60,4248.80,4233.40,4244.60,6212
2026-08-05 11:45,4244.90,4252.20,4242.80,4248.50,2505
2026-08-05 12:00,4248.50,4259.70,4248.50,4258.30,4815
2026-08-05 12:15,4258.40,4273.60,4258.40,4265.10,6200
2026-08-05 12:30,4265.30,4268.90,4253.00,4254.60,4070
2026-08-05 12:45,4255.00,4255.70,4243.10,4244.10,2945
2026-08-05 13:00,4243.90,4257.20,4243.80,4247.60,5025
2026-08-05 13:15,4247.80,4258.30,4245.30,4257.40,3148
2026-08-05 13:30,4257.40,4264.80,4252.80,4257.60,5143
2026-08-05 13:45,4257.90,4266.70,4248.70,4265.80,3628
2026-08-05 14:00,4265.10,4295.00,4263.10,4289.60,9029
2026-08-05 14:15,4289.80,4300.60,4286.60,4297.10,4929
2026-08-05 14:30,4296.70,4303.50,4288.70,4303.40,5426
2026-08-05 14:45,4303.40,4307.80,4293.20,4304.30,4702
2026-08-05 15:00,4303.90,4321.50,4302.40,4318.20,6296
2026-08-05 15:15,4318.00,4325.50,4310.30,4317.70,4393
2026-08-05 15:30,4317.50,4319.90,4312.40,4316.00,2217
2026-08-05 15:45,4315.70,4315.70,4292.70,4293.00,5899
2026-08-05 16:00,4293.60,4296.50,4285.00,4294.60,4238
2026-08-05 16:15,4294.60,4302.60,4292.90,4301.60,2418
2026-08-05 16:30,4301.90,4307.40,4299.30,4304.90,1981
2026-08-05 16:45,4305.20,4308.10,4298.60,4302.80,2209
2026-08-05 17:00,4302.90,4304.90,4299.70,4302.40,2322
2026-08-05 17:15,4302.30,4307.00,4296.20,4305.00,4084
2026-08-05 17:30,4304.90,4311.50,4301.10,4308.50,1620
2026-08-05 17:45,4308.70,4313.00,4307.90,4311.00,1567
2026-08-05 18:00,4310.70,4318.40,4309.60,4314.00,1780
2026-08-05 18:15,4313.80,4328.20,4313.70,4323.80,2472
2026-08-05 18:30,4323.20,4324.50,4314.60,4319.50,1582
2026-08-05 18:45,4319.70,4324.00,4318.30,4321.20,837
2026-08-05 19:00,4321.00,4322.70,4316.60,4318.90,753
2026-08-05 19:15,4318.80,4318.80,4311.20,4314.00,1320
2026-08-05 19:30,4313.70,4314.90,4308.80,4313.70,1129
2026-08-05 19:45,4313.30,4313.90,4307.00,4307.60,1463
2026-08-05 20:00,4307.90,4310.40,4307.40,4310.10,464
2026-08-05 20:15,4310.10,4310.40,4306.20,4306.60,317
2026-08-05 20:30,4306.80,4310.30,4305.80,4306.30,328
2026-08-05 20:45,4306.20,4308.20,4303.50,4308.00,649
2026-08-05 22:00,4307.00,4315.20,4304.90,4307.00,287
2026-08-05 22:15,4307.90,4308.70,4306.80,4308.20,297
2026-08-05 22:30,4307.60,4310.20,4307.20,4307.20,338
2026-08-05 22:45,4307.50,4309.50,4307.00,4309.50,252
2026-08-05 23:00,4309.40,4317.50,4308.30,4315.00,722
2026-08-05 23:15,4315.40,4323.20,4315.40,4322.20,808
2026-08-05 23:30,4322.50,4341.10,4319.80,4339.60,2460
2026-08-05 23:45,4339.80,4339.80,4331.00,4337.30,1190
2026-08-06 00:00,4337.20,4337.20,4323.50,4329.50,2150
2026-08-06 00:15,4330.40,4344.20,4330.30,4334.00,2147
2026-08-06 00:30,4333.60,4350.30,4333.60,4345.40,2263
2026-08-06 00:45,4345.90,4360.00,4345.70,4354.70,2864
2026-08-06 01:00,4354.60,4362.70,4339.30,4343.60,4279
2026-08-06 01:15,4344.00,4347.50,4332.50,4335.80,3310
2026-08-06 01:30,4335.50,4357.10,4335.30,4347.90,2887
2026-08-06 01:45,4348.20,4357.80,4343.30,4346.90,2408
2026-08-06 02:00,4346.70,4363.70,4344.00,4354.50,2755
2026-08-06 02:15,4354.80,4359.20,4350.80,4351.10,826
2026-08-06 02:30,4350.90,4351.50,4339.80,4344.70,1515
2026-08-06 02:45,4344.40,4346.10,4334.00,4337.80,1180
2026-08-06 03:00,4337.20,4340.00,4332.90,4332.90,1030
2026-08-06 03:15,4332.80,4333.20,4320.20,4325.50,2157
2026-08-06 03:30,4325.20,4326.50,4321.00,4321.90,689
2026-08-06 03:45,4322.40,4324.90,4319.60,4324.90,516
2026-08-06 04:00,4324.50,4326.10,4321.10,4322.20,968
2026-08-06 04:15,4322.50,4322.90,4312.20,4315.00,983
2026-08-06 04:30,4315.10,4320.80,4315.10,4318.30,571
2026-08-06 04:45,4318.00,4322.10,4318.00,4321.40,495
2026-08-06 05:00,4321.30,4324.50,4315.80,4319.10,810
2026-08-06 05:15,4318.70,4318.80,4312.10,4312.90,607
2026-08-06 05:30,4312.70,4325.10,4306.20,4322.80,1938
2026-08-06 05:45,4322.10,4327.50,4321.20,4326.00,994
2026-08-06 06:00,4325.80,4327.50,4315.70,4319.30,1467
2026-08-06 06:15,4319.60,4320.10,4313.40,4316.30,1242
2026-08-06 06:30,4316.40,4316.70,4308.20,4315.40,936
2026-08-06 06:45,4315.10,4317.00,4309.60,4314.70,961
2026-08-06 07:00,4314.70,4322.50,4311.90,4322.00,1053
2026-08-06 07:15,4321.90,4324.00,4317.00,4321.00,1167
2026-08-06 07:30,4320.70,4321.00,4313.80,4314.00,661
2026-08-06 07:45,4314.10,4322.10,4311.70,4321.70,1233
2026-08-06 08:00,4322.00,4328.70,4319.40,4328.10,1185
2026-08-06 08:15,4327.80,4329.80,4322.90,4327.30,1351
2026-08-06 08:30,4327.20,4334.00,4325.80,4332.00,1358
2026-08-06 08:45,4332.10,4337.70,4329.40,4337.10,941
2026-08-06 09:00,4337.20,4342.40,4334.70,4338.40,1657
2026-08-06 09:15,4339.00,4344.20,4337.60,4341.90,1017
2026-08-06 09:30,4342.30,4343.40,4331.40,4331.40,1606
2026-08-06 09:45,4331.40,4335.40,4330.40,4332.60,657
2026-08-06 10:00,4332.60,4333.10,4328.10,4329.00,707
2026-08-06 10:15,4328.70,4330.40,4326.60,4328.40,744
2026-08-06 10:30,4328.90,4329.20,4322.80,4324.50,1011
2026-08-06 10:45,4324.50,4330.90,4324.00,4330.00,564
2026-08-06 11:00,4330.00,4332.50,4325.40,4328.50,814
2026-08-06 11:15,4328.30,4330.70,4318.50,4323.40,1488
2026-08-06 11:30,4323.40,4326.10,4318.40,4319.10,1192
2026-08-06 11:45,4319.20,4323.00,4312.70,4322.60,2552
2026-08-06 12:00,4322.20,4324.70,4314.40,4314.90,1493
2026-08-06 12:15,4315.00,4321.70,4311.70,4320.50,1793
2026-08-06 12:30,4320.80,4330.10,4316.70,4326.00,2968
2026-08-06 12:45,4326.20,4326.60,4307.00,4308.60,4296
2026-08-06 13:00,4308.50,4314.20,4288.40,4296.70,7365
2026-08-06 13:15,4296.50,4306.40,4294.00,4305.90,3182
2026-08-06 13:30,4305.80,4332.90,4304.30,4328.90,7161
2026-08-06 13:45,4329.10,4329.10,4320.80,4325.90,3612
2026-08-06 14:00,4326.10,4334.70,4323.20,4327.30,4498
2026-08-06 14:15,4327.60,4328.10,4318.90,4324.80,3630
2026-08-06 14:30,4324.70,4334.10,4324.70,4333.10,2116
2026-08-06 14:45,4332.60,4334.60,4321.80,4332.20,1900
2026-08-06 15:00,4332.20,4333.60,4320.50,4322.70,3848
2026-08-06 15:15,4322.50,4322.80,4309.30,4313.40,4069
2026-08-06 15:30,4313.70,4314.20,4303.90,4309.90,2761
2026-08-06 15:45,4309.80,4310.10,4285.20,4291.50,5086
2026-08-06 16:00,4291.80,4300.80,4288.30,4290.60,3490
2026-08-06 16:15,4290.40,4290.70,4281.20,4288.20,4117
2026-08-06 16:30,4288.30,4294.00,4288.10,4291.50,2008
2026-08-06 16:45,4291.30,4300.60,4289.90,4299.40,1958
2026-08-06 17:00,4299.60,4303.00,4297.60,4299.20,1343
2026-08-06 17:15,4299.20,4301.30,4297.10,4300.50,2199
2026-08-06 17:30,4300.20,4302.30,4297.10,4300.50,978
2026-08-06 17:45,4300.30,4307.00,4299.10,4305.80,1333
2026-08-06 18:00,4305.90,4307.60,4302.60,4304.80,640
2026-08-06 18:15,4305.40,4308.00,4304.40,4305.10,481
2026-08-06 18:30,4305.00,4306.00,4299.20,4300.20,707
2026-08-06 18:45,4300.30,4304.30,4299.50,4302.20,378
2026-08-06 19:00,4302.10,4309.80,4301.80,4305.90,853
2026-08-06 19:15,4306.10,4307.10,4294.20,4296.50,1480
2026-08-06 19:30,4296.60,4298.60,4292.00,4293.50,829
2026-08-06 19:45,4293.90,4309.30,4293.90,4307.80,1968
2026-08-06 20:00,4307.70,4309.10,4301.70,4303.50,609
2026-08-06 20:15,4303.80,4304.40,4298.60,4300.80,512
2026-08-06 20:30,4300.50,4301.20,4294.10,4294.20,475
2026-08-06 20:45,4294.00,4300.70,4293.60,4298.70,362
2026-08-06 22:00,4298.30,4298.90,4293.90,4295.30,342
2026-08-06 22:15,4298.60,4301.80,4297.70,4301.20,395
2026-08-06 22:30,4300.90,4301.70,4297.10,4297.10,326
2026-08-06 22:45,4297.50,4301.20,4296.90,4298.30,175
2026-08-06 23:00,4298.60,4304.30,4298.40,4303.60,315
2026-08-06 23:15,4304.00,4304.90,4301.40,4303.70,321
2026-08-06 23:30,4303.50,4307.10,4303.30,4305.50,514
2026-08-06 23:45,4305.70,4311.80,4304.50,4311.00,862
2026-08-07 00:00,4310.70,4311.40,4301.70,4303.20,425
2026-08-07 00:15,4303.30,4304.70,4297.50,4302.10,769
2026-08-07 00:30,4302.00,4302.00,4288.20,4292.80,1260
2026-08-07 00:45,4293.20,4295.20,4288.00,4291.20,668
2026-08-07 01:00,4290.90,4305.10,4289.80,4302.40,1161
2026-08-07 01:15,4302.30,4308.40,4298.70,4302.10,797
2026-08-07 01:30,4302.10,4316.80,4297.70,4315.00,1636
2026-08-07 01:45,4314.80,4317.50,4310.00,4314.70,1048
2026-08-07 02:00,4314.60,4320.80,4314.00,4317.20,1408
2026-08-07 02:15,4317.10,4319.70,4315.70,4319.40,540
2026-08-07 02:30,4319.90,4320.40,4308.40,4308.40,958
2026-08-07 02:45,4308.20,4314.80,4305.40,4309.10,1163
2026-08-07 03:00,4309.10,4318.10,4308.30,4313.50,595
2026-08-07 03:15,4313.60,4317.30,4310.60,4317.30,986
2026-08-07 03:30,4317.40,4320.40,4316.60,4319.60,459
2026-08-07 03:45,4319.90,4325.00,4318.30,4322.80,903
2026-08-07 04:00,4325.30,4328.30,4321.30,4325.40,1486
2026-08-07 04:15,4325.40,4328.40,4321.10,4324.40,867
2026-08-07 04:30,4324.30,4327.80,4320.20,4323.20,688
2026-08-07 04:45,4322.90,4326.20,4321.40,4324.10,286
2026-08-07 05:00,4324.10,4330.40,4320.40,4329.00,1160
2026-08-07 05:15,4328.60,4329.90,4323.80,4325.70,626
2026-08-07 05:30,4325.90,4336.60,4325.30,4330.60,1800
2026-08-07 05:45,4330.70,4340.00,4330.70,4337.70,1799
2026-08-07 06:00,4337.70,4350.00,4337.10,4345.40,1993
2026-08-07 06:15,4345.10,4350.20,4341.70,4341.70,2503
2026-08-07 06:30,4341.90,4354.20,4338.60,4351.40,2576
2026-08-07 06:45,4351.30,4358.00,4347.80,4356.30,2461
2026-08-07 07:00,4356.20,4356.90,4349.10,4350.30,1699
2026-08-07 07:15,4350.50,4351.60,4343.80,4344.30,1341
2026-08-07 07:30,4344.50,4348.00,4343.10,4344.20,1022
2026-08-07 07:45,4344.30,4350.20,4342.00,4348.90,936
2026-08-07 08:00,4349.20,4359.90,4347.90,4358.80,1891
2026-08-07 08:15,4359.20,4360.00,4352.30,4353.80,1365
2026-08-07 08:30,4354.00,4375.90,4353.40,4367.70,3828
2026-08-07 08:45,4368.30,4370.50,4362.70,4365.40,1292
2026-08-07 09:00,4365.60,4367.00,4363.60,4365.30,900
2026-08-07 09:15,4365.40,4370.70,4364.40,4365.90,1185
2026-08-07 09:30,4366.40,4377.80,4361.60,4376.60,2602
2026-08-07 09:45,4376.80,4380.10,4373.90,4375.60,2952
2026-08-07 10:00,4375.80,4379.00,4367.20,4367.20,1488
2026-08-07 10:15,4367.50,4373.70,4367.30,4373.10,914
2026-08-07 10:30,4373.10,4377.70,4372.40,4376.20,1058
2026-08-07 10:45,4376.40,4380.20,4375.60,4376.40,1556
2026-08-07 11:00,4376.30,4385.70,4376.30,4379.50,2085
2026-08-07 11:15,4379.80,4386.70,4376.00,4384.40,2151
2026-08-07 11:30,4384.50,4387.10,4380.20,4382.20,1638
2026-08-07 11:45,4382.00,4386.50,4380.10,4380.80,1963
2026-08-07 12:00,4380.60,4384.80,4374.10,4374.70,2795
2026-08-07 12:15,4374.30,4376.60,4361.00,4370.80,4205
2026-08-07 12:30,4373.00,4431.40,4370.80,4427.40,16596
2026-08-07 12:45,4427.70,4432.30,4416.10,4421.90,5816
2026-08-07 13:00,4421.60,4424.60,4405.50,4407.90,5723
2026-08-07 13:15,4407.90,4418.20,4398.90,4416.80,4130
2026-08-07 13:30,4416.80,4428.80,4409.70,4418.60,6432
2026-08-07 13:45,4418.80,4420.60,4402.50,4408.30,5564
2026-08-07 14:00,4408.40,4409.50,4386.90,4394.00,7331
2026-08-07 14:15,4393.80,4413.00,4390.00,4408.70,4929
2026-08-07 14:30,4409.10,4411.00,4402.30,4404.30,3744
2026-08-07 14:45,4404.80,4409.00,4400.10,4401.30,2675
2026-08-07 15:00,4401.40,4416.00,4400.00,4415.00,4174
2026-08-07 15:15,4415.50,4418.10,4410.50,4410.80,2579
2026-08-07 15:30,4410.90,4413.30,4406.60,4408.70,2240
2026-08-07 15:45,4408.80,4410.80,4398.90,4400.40,2773
2026-08-07 16:00,4400.40,4409.20,4397.90,4407.00,2011
2026-08-07 16:15,4407.20,4409.40,4393.80,4396.90,2272
2026-08-07 16:30,4396.80,4401.60,4391.90,4398.30,2158
2026-08-07 16:45,4398.10,4402.00,4388.80,4389.50,2322
2026-08-07 17:00,4388.70,4398.10,4387.40,4395.20,1488
2026-08-07 17:15,4395.00,4401.70,4393.20,4398.90,4699
2026-08-07 17:30,4399.10,4399.50,4389.00,4395.70,2365
2026-08-07 17:45,4395.30,4402.50,4394.20,4400.00,1843
2026-08-07 18:00,4399.80,4403.00,4394.60,4394.80,1016
2026-08-07 18:15,4395.00,4398.00,4391.90,4394.10,1211
2026-08-07 18:30,4394.30,4399.00,4393.30,4394.10,934
2026-08-07 18:45,4394.40,4397.50,4393.40,4395.60,776
2026-08-07 19:00,4395.70,4406.30,4395.70,4403.70,1339
2026-08-07 19:15,4404.00,4410.60,4403.30,4408.40,1018
2026-08-07 19:30,4408.60,4408.90,4404.40,4407.80,950
2026-08-07 19:45,4407.50,4409.00,4399.60,4403.10,1546
2026-08-07 20:00,4403.00,4404.60,4397.50,4401.80,801
2026-08-07 20:15,4401.70,4402.20,4396.50,4397.30,837
2026-08-07 20:30,4396.90,4401.60,4395.30,4400.80,382
2026-08-07 20:45,4400.50,4402.60,4398.40,4399.70,569
2026-08-09 22:00,4398.00,4405.50,4398.00,4402.30,243
2026-08-09 22:15,4402.30,4404.10,4397.00,4402.90,447
2026-08-09 22:30,4402.90,4404.40,4398.60,4398.90,223
2026-08-09 22:45,4398.80,4403.00,4398.70,4400.20,184
2026-08-09 23:00,4400.40,4406.80,4399.50,4405.30,388
2026-08-09 23:15,4405.70,4408.00,4403.10,4405.50,310
2026-08-09 23:30,4405.50,4406.50,4398.90,4401.10,481
2026-08-09 23:45,4400.70,4402.20,4390.80,4392.00,485
2026-08-10 00:00,4391.90,4406.00,4391.40,4403.40,610
2026-08-10 00:15,4403.70,4404.70,4396.10,4396.70,502
2026-08-10 00:30,4396.60,4398.10,4392.40,4393.30,393
2026-08-10 00:45,4393.00,4396.20,4389.80,4391.30,490
2026-08-10 01:00,4391.50,4400.00,4382.00,4382.90,3179
2026-08-10 01:15,4383.50,4388.80,4376.70,4376.90,2521
2026-08-10 01:30,4376.70,4381.20,4373.90,4377.90,1127
2026-08-10 01:45,4378.00,4384.30,4376.40,4383.00,929
2026-08-10 02:00,4382.80,4386.60,4379.70,4385.10,720
2026-08-10 02:15,4385.00,4392.10,4384.00,4390.90,745
2026-08-10 02:30,4391.00,4392.50,4383.40,4386.60,972
2026-08-10 02:45,4386.80,4387.40,4379.00,4380.00,899
2026-08-10 03:00,4379.60,4381.10,4377.40,4379.90,389
2026-08-10 03:15,4380.00,4388.30,4379.80,4387.90,973
2026-08-10 03:30,4387.70,4390.30,4385.40,4386.00,506
2026-08-10 03:45,4385.80,4388.60,4384.60,4387.80,295
2026-08-10 04:00,4387.70,4393.20,4383.60,4392.60,1023
2026-08-10 04:15,4392.80,4397.80,4391.30,4394.50,774
2026-08-10 04:30,4394.90,4396.60,4389.80,4392.10,583
2026-08-10 04:45,4392.10,4399.80,4391.20,4399.50,1001
2026-08-10 05:00,4399.10,4399.70,4393.20,4394.70,838
2026-08-10 05:15,4395.10,4396.00,4392.60,4393.70,396
2026-08-10 05:30,4393.50,4404.40,4391.50,4403.90,1662
2026-08-10 05:45,4403.50,4412.50,4400.80,4407.00,1485
2026-08-10 06:00,4407.30,4409.90,4401.50,4407.00,918
2026-08-10 06:15,4407.20,4409.60,4402.30,4407.70,854
2026-08-10 06:30,4407.60,4415.20,4405.30,4414.60,1747
2026-08-10 06:45,4415.00,4419.50,4414.60,4417.80,933
2026-08-10 07:00,4417.80,4418.40,4409.40,4410.30,1265
2026-08-10 07:15,4410.50,4418.50,4409.70,4414.50,1363
2026-08-10 07:30,4414.30,4419.50,4412.00,4418.70,1006
2026-08-10 07:45,4418.60,4421.50,4414.00,4414.70,813
2026-08-10 08:00,4415.00,4415.50,4411.10,4414.00,762
2026-08-10 08:15,4413.50,4415.70,4411.40,4415.10,596
2026-08-10 08:30,4414.80,4416.00,4404.70,4405.30,1109
2026-08-10 08:45,4405.20,4408.30,4402.90,4405.60,1886
2026-08-10 09:00,4405.60,4409.20,4404.60,4408.90,1377
2026-08-10 09:15,4409.00,4409.00,4404.10,4406.10,702
2026-08-10 09:30,4405.70,4406.10,4398.40,4403.30,2018
2026-08-10 09:45,4403.20,4404.80,4399.80,4400.10,580
2026-08-10 10:00,4400.40,4400.80,4398.20,4399.90,915
2026-08-10 10:15,4399.70,4403.20,4398.50,4402.60,617
2026-08-10 10:30,4402.70,4403.30,4396.70,4396.90,644
2026-08-10 10:45,4396.80,4400.00,4394.60,4395.20,1094
2026-08-10 11:00,4395.30,4396.00,4386.30,4390.50,1485
2026-08-10 11:15,4390.10,4395.70,4388.00,4394.00,860
2026-08-10 11:30,4393.70,4398.50,4393.70,4396.50,851
2026-08-10 11:45,4396.60,4397.00,4391.20,4393.90,693
2026-08-10 12:00,4393.80,4396.40,4389.60,4390.40,910
2026-08-10 12:15,4390.70,4391.20,4382.80,4386.50,1382
2026-08-10 12:30,4386.40,4391.50,4385.20,4387.90,1304
2026-08-10 12:45,4387.60,4394.60,4387.30,4391.60,910
2026-08-10 13:00,4391.10,4396.60,4384.80,4396.10,2005
2026-08-10 13:15,4396.40,4396.50,4387.90,4394.00,1391
2026-08-10 13:30,4394.00,4398.40,4388.00,4389.20,2526
2026-08-10 13:45,4388.80,4390.20,4375.00,4376.30,4317
2026-08-10 14:00,4376.20,4390.00,4376.20,4388.80,2724
2026-08-10 14:15,4388.70,4407.20,4387.30,4404.40,4648
2026-08-10 14:30,4404.30,4411.30,4404.00,4409.10,3295
2026-08-10 14:45,4409.20,4410.60,4402.40,4405.20,2024
2026-08-10 15:00,4405.20,4411.80,4402.70,4406.40,2567
2026-08-10 15:15,4406.40,4412.20,4405.50,4408.80,1700
2026-08-10 15:30,4409.00,4411.60,4407.40,4409.50,1220
2026-08-10 15:45,4410.00,4419.20,4408.00,4417.90,2084
2026-08-10 16:00,4418.10,4424.50,4416.40,4420.90,2773
2026-08-10 16:15,4420.90,4424.00,4420.50,4422.10,768
2026-08-10 16:30,4422.20,4422.50,4408.60,4411.00,3369
2026-08-10 16:45,4411.00,4416.50,4411.00,4416.30,944
2026-08-10 17:00,4416.40,4417.30,4410.50,4416.50,1293
2026-08-10 17:15,4416.10,4420.50,4415.10,4420.50,2320
2026-08-10 17:30,4420.30,4425.20,4418.90,4419.60,1312
2026-08-10 17:45,4419.50,4420.60,4416.60,4419.20,754
2026-08-10 18:00,4419.40,4424.80,4418.80,4422.30,842
2026-08-10 18:15,4422.00,4426.50,4420.70,4425.00,996
2026-08-10 18:30,4425.20,4442.50,4424.50,4438.70,3532
2026-08-10 18:45,4438.90,4438.90,4432.80,4437.70,1168
2026-08-10 19:00,4437.80,4441.90,4437.80,4441.30,884
2026-08-10 19:15,4441.20,4450.70,4440.50,4449.70,2226
2026-08-10 19:30,4449.80,4453.10,4443.30,4446.50,1882
2026-08-10 19:45,4447.20,4453.80,4445.90,4446.80,1836
2026-08-10 20:00,4447.00,4449.60,4444.70,4448.20,566
2026-08-10 20:15,4448.60,4451.10,4445.50,4450.20,441
2026-08-10 20:30,4450.30,4451.30,4448.90,4449.10,285
2026-08-10 20:45,4448.90,4450.00,4447.60,4448.60,458
2026-08-10 22:00,4446.90,4452.30,4443.20,4450.10,216
2026-08-10 22:15,4450.50,4452.60,4450.50,4451.00,157
2026-08-10 22:30,4451.30,4455.60,4451.30,4454.60,540
2026-08-10 22:45,4454.50,4460.40,4454.50,4459.00,650
2026-08-10 23:00,4459.10,4461.60,4455.20,4457.00,945
2026-08-10 23:15,4456.70,4457.00,4453.90,4455.10,269
2026-08-10 23:30,4454.90,4458.50,4454.40,4458.00,407
2026-08-10 23:45,4458.40,4462.40,4455.70,4462.10,476
2026-08-11 00:00,4462.30,4468.60,4456.00,4464.80,1621
2026-08-11 00:15,4464.60,4475.50,4463.80,4473.50,1471
2026-08-11 00:30,4473.10,4473.30,4466.50,4473.20,1043
2026-08-11 00:45,4473.50,4478.60,4467.30,4468.50,1230
2026-08-11 01:00,4469.00,4475.00,4453.00,4473.90,3085
2026-08-11 01:15,4473.80,4480.00,4472.50,4479.20,1549
2026-08-11 01:30,4479.40,4483.10,4475.40,4475.50,1654
2026-08-11 01:45,4475.40,4493.70,4474.60,4489.20,2309
2026-08-11 02:00,4489.20,4494.50,4481.00,4494.00,1976
2026-08-11 02:15,4494.00,4495.00,4486.00,4488.50,1529
2026-08-11 02:30,4488.20,4489.10,4473.90,4478.60,1622
2026-08-11 02:45,4478.40,4479.30,4468.00,4470.80,1177
2026-08-11 03:00,4470.70,4475.20,4469.60,4473.50,621
2026-08-11 03:15,4473.40,4480.80,4473.10,4480.00,650
2026-08-11 03:30,4480.30,4481.40,4475.20,4475.70,448
2026-08-11 03:45,4475.80,4478.60,4473.70,4477.00,515
2026-08-11 04:00,4476.50,4479.20,4472.00,4473.70,689
2026-08-11 04:15,4474.30,4475.90,4469.70,4474.90,683
2026-08-11 04:30,4474.60,4480.30,4468.20,4469.90,1403
2026-08-11 04:45,4470.00,4471.20,4463.30,4468.70,1091
2026-08-11 05:00,4468.80,4468.90,4459.00,4462.10,786
2026-08-11 05:15,4461.60,4461.90,4450.00,4451.80,1646
2026-08-11 05:30,4451.60,4451.60,4432.20,4437.10,4250
2026-08-11 05:45,4436.90,4438.30,4427.10,4435.20,2077
2026-08-11 06:00,4434.70,4442.00,4431.30,4432.20,2116
2026-08-11 06:15,4432.10,4435.20,4421.00,4422.90,2335
2026-08-11 06:30,4422.80,4428.60,4418.80,4422.90,1715
2026-08-11 06:45,4422.90,4426.60,4418.70,4425.30,1165
2026-08-11 07:00,4425.20,4426.50,4420.40,4422.40,1047
2026-08-11 07:15,4422.50,4425.20,4416.60,4422.20,1215
2026-08-11 07:30,4422.50,4424.10,4415.70,4417.50,899
2026-08-11 07:45,4417.80,4420.70,4415.80,4416.60,871
2026-08-11 08:00,4417.10,4426.50,4416.10,4424.30,1313
2026-08-11 08:15,4424.20,4428.40,4418.00,4427.70,1304
2026-08-11 08:30,4427.50,4434.60,4427.40,4433.30,1394
2026-08-11 08:45,4433.60,4435.50,4427.70,4428.10,1291
2026-08-11 09:00,4428.00,4431.80,4426.10,4431.20,741
2026-08-11 09:15,4431.20,4434.40,4429.50,4430.30,1231
2026-08-11 09:30,4430.50,4433.90,4428.80,4429.50,1186
2026-08-11 09:45,4429.20,4433.80,4429.10,4431.40,463
2026-08-11 10:00,4431.30,4435.00,4430.00,4431.70,539
2026-08-11 10:15,4431.70,4441.00,4431.20,4437.30,1166
2026-08-11 10:30,4437.30,4440.10,4435.50,4436.20,875
2026-08-11 10:45,4436.60,4441.20,4436.20,4441.20,796
2026-08-11 11:00,4441.10,4451.80,4439.10,4449.50,2919
2026-08-11 11:15,4449.80,4450.50,4443.60,4445.70,1225
2026-08-11 11:30,4445.90,4446.40,4441.40,4444.60,867
2026-08-11 11:45,4444.40,4448.10,4443.40,4446.10,1279
2026-08-11 12:00,4446.20,4456.00,4442.20,4455.10,2330
2026-08-11 12:15,4455.60,4458.40,4446.20,4449.20,3780
2026-08-11 12:30,4449.70,4457.30,4446.80,4456.90,3035
2026-08-11 12:45,4457.00,4458.80,4450.20,4450.60,1716
2026-08-11 13:00,4450.70,4459.70,4449.70,4452.80,2354
2026-08-11 13:15,4452.70,4459.90,4448.40,4456.80,2050
2026-08-11 13:30,4457.20,4460.90,4447.70,4458.70,3357
2026-08-11 13:45,4459.10,4463.30,4442.90,4448.20,4038
2026-08-11 14:00,4448.20,4449.30,4439.90,4445.60,3808
2026-08-11 14:15,4445.90,4449.30,4440.60,4443.10,2141
2026-08-11 14:30,4443.00,4454.80,4443.00,4453.00,2393
2026-08-11 14:45,4453.00,4457.40,4451.10,4453.60,1838
2026-08-11 15:00,4453.60,4458.20,4448.60,4451.40,1947
2026-08-11 15:15,4451.30,4451.60,4440.90,4445.80,2978
2026-08-11 15:30,4445.50,4445.80,4428.20,4435.10,3586
2026-08-11 15:45,4435.20,4443.40,4434.30,4443.20,1769
2026-08-11 16:00,4443.50,4444.40,4438.20,4439.60,1107
2026-08-11 16:15,4439.40,4443.20,4438.20,4442.40,564
2026-08-11 16:30,4442.60,4445.30,4438.90,4444.40,858
2026-08-11 16:45,4444.50,4445.00,4440.60,4443.10,783
2026-08-11 17:00,4443.30,4445.70,4440.80,4440.90,1021
2026-08-11 17:15,4440.60,4443.80,4438.30,4440.80,2834
2026-08-11 17:30,4440.60,4441.50,4433.90,4435.70,1421
2026-08-11 17:45,4435.30,4437.10,4428.20,4428.30,1284
2026-08-11 18:00,4428.50,4428.70,4419.70,4423.10,2595
2026-08-11 18:15,4423.00,4426.50,4419.70,4420.50,1438
2026-08-11 18:30,4420.40,4431.00,4420.30,4430.20,1059
2026-08-11 18:45,4430.40,4431.90,4428.90,4430.40,689
2026-08-11 19:00,4430.40,4431.20,4422.30,4422.40,2000
2026-08-11 19:15,4423.00,4430.20,4420.00,4429.70,1830
2026-08-11 19:30,4429.80,4433.60,4425.70,4427.10,1197
2026-08-11 19:45,4427.40,4432.10,4425.60,4429.70,1049
2026-08-11 20:00,4429.30,4430.00,4427.10,4429.50,386
2026-08-11 20:15,4428.90,4430.00,4426.50,4429.30,217
2026-08-11 20:30,4429.50,4429.50,4426.60,4426.70,130
2026-08-11 20:45,4426.40,4428.30,4426.10,4427.80,172
2026-08-11 22:00,4430.00,4433.60,4427.80,4432.20,195
2026-08-11 22:15,4432.40,4435.20,4431.50,4434.90,673
2026-08-11 22:30,4434.90,4436.30,4433.50,4434.50,698
2026-08-11 22:45,4435.00,4437.80,4426.10,4427.90,1526
2026-08-11 23:00,4428.70,4428.70,4421.40,4425.40,1678
2026-08-11 23:15,4424.70,4433.00,4424.00,4431.60,1068
2026-08-11 23:30,4431.50,4431.60,4425.60,4426.70,496
2026-08-11 23:45,4427.00,4431.00,4427.00,4430.40,220
2026-08-12 00:00,4430.60,4438.40,4426.00,4437.50,713
2026-08-12 00:15,4437.30,4440.50,4433.20,4440.00,549
2026-08-12 00:30,4440.50,4442.90,4438.80,4442.40,678
2026-08-12 00:45,4442.30,4442.50,4437.20,4440.20,419
2026-08-12 01:00,4440.30,4450.20,4438.00,4449.60,1549
2026-08-12 01:15,4450.20,4454.00,4446.20,4450.00,1038
2026-08-12 01:30,4450.10,4452.90,4444.70,4452.40,1063
2026-08-12 01:45,4452.50,4456.90,4450.80,4456.20,1087
2026-08-12 02:00,4456.10,4464.00,4453.90,4460.90,1644
2026-08-12 02:15,4460.70,4462.70,4458.50,4461.50,958
2026-08-12 02:30,4461.30,4467.60,4456.70,4464.90,1551
2026-08-12 02:45,4465.00,4474.20,4464.70,4470.80,1708
2026-08-12 03:00,4471.10,4475.70,4468.10,4470.70,1377
2026-08-12 03:15,4470.50,4470.60,4464.50,4467.10,891
2026-08-12 03:30,4468.30,4468.80,4461.40,4461.60,827
2026-08-12 03:45,4461.50,4463.80,4460.60,4461.80,517
2026-08-12 04:00,4462.40,4463.10,4456.40,4457.50,719
2026-08-12 04:15,4457.20,4459.50,4455.40,4459.10,458
2026-08-12 04:30,4459.30,4460.20,4455.30,4460.20,566
2026-08-12 04:45,4459.80,4462.40,4459.10,4461.00,596
2026-08-12 05:00,4460.90,4465.10,4460.00,4461.00,781
2026-08-12 05:15,4460.70,4460.70,4451.90,4452.40,1222
2026-08-12 05:30,4452.20,4456.70,4447.90,4448.00,1229
2026-08-12 05:45,4447.80,4454.10,4444.00,4451.00,1307
2026-08-12 06:00,4450.90,4452.90,4445.30,4447.30,896
2026-08-12 06:15,4446.90,4450.60,4445.80,4449.60,674
2026-08-12 06:30,4449.90,4457.40,4448.50,4453.90,1300
2026-08-12 06:45,4454.40,4466.10,4454.40,4463.20,1684
2026-08-12 07:00,4463.00,4465.70,4460.40,4460.80,1252
2026-08-12 07:15,4460.80,4462.10,4457.40,4461.70,813
2026-08-12 07:30,4461.70,4467.80,4460.80,4467.50,1083
2026-08-12 07:45,4467.30,4469.50,4464.10,4465.90,1289
2026-08-12 08:00,4465.90,4470.10,4465.30,4467.90,834
2026-08-12 08:15,4467.90,4469.00,4465.00,4466.60,756
2026-08-12 08:30,4466.40,4466.90,4463.60,4464.90,809
2026-08-12 08:45,4464.60,4464.60,4460.60,4460.60,434
2026-08-12 09:00,4460.90,4472.70,4460.90,4472.20,1357
2026-08-12 09:15,4472.60,4484.20,4471.80,4472.70,2590
2026-08-12 09:30,4472.70,4476.80,4471.60,4473.40,1425
2026-08-12 09:45,4473.30,4476.20,4470.00,4475.40,1292
2026-08-12 10:00,4475.50,4479.80,4474.10,4477.70,1010
2026-08-12 10:15,4477.80,4480.40,4476.90,4479.20,823
2026-08-12 10:30,4479.20,4479.20,4472.20,4474.20,1043
2026-08-12 10:45,4474.10,4475.00,4465.90,4472.00,1234
2026-08-12 11:00,4472.30,4474.50,4467.20,4467.60,1094
2026-08-12 11:15,4467.70,4476.60,4467.50,4474.60,1309
2026-08-12 11:30,4474.90,4475.70,4469.90,4473.00,680
2026-08-12 11:45,4473.20,4475.30,4472.10,4472.40,1034
2026-08-12 12:00,4472.40,4472.60,4465.50,4468.10,1720
2026-08-12 12:15,4468.00,4487.70,4463.50,4487.70,3536
2026-08-12 12:30,4488.00,4498.00,4440.00,4488.30,15873
2026-08-12 12:45,4488.50,4499.30,4475.90,4498.20,4466
2026-08-12 13:00,4497.80,4502.70,4480.00,4481.90,5534
2026-08-12 13:15,4481.70,4488.90,4474.40,4478.20,2963
2026-08-12 13:30,4478.40,4480.90,4468.00,4475.80,5552
2026-08-12 13:45,4476.40,4494.00,4475.70,4487.40,4334
2026-08-12 14:00,4487.50,4495.20,4480.40,4491.90,3948
2026-08-12 14:15,4492.10,4499.80,4490.00,4491.50,2800
2026-08-12 14:30,4491.30,4496.00,4476.10,4484.80,4976
2026-08-12 14:45,4484.70,4492.00,4475.80,4481.40,3239
2026-08-12 15:00,4481.20,4489.50,4474.00,4486.40,2534
2026-08-12 15:15,4486.50,4487.90,4479.40,4481.20,1437
2026-08-12 15:30,4481.10,4485.00,4476.20,4477.70,1401
2026-08-12 15:45,4477.80,4481.70,4470.20,4480.40,2154
2026-08-12 16:00,4480.20,4485.20,4476.40,4482.90,1808
2026-08-12 16:15,4483.30,4486.20,4482.10,4483.00,1212
2026-08-12 16:30,4483.10,4483.70,4469.20,4470.90,2551
2026-08-12 16:45,4470.70,4471.20,4455.90,4461.70,3530
2026-08-12 17:00,4461.70,4468.00,4460.10,4464.00,1752
2026-08-12 17:15,4464.10,4470.00,4461.90,4466.70,3008
2026-08-12 17:30,4466.80,4471.70,4461.50,4462.20,1786
2026-08-12 17:45,4462.20,4465.80,4459.00,4459.60,1060
2026-08-12 18:00,4459.30,4466.50,4456.00,4465.80,954
2026-08-12 18:15,4466.00,4471.40,4464.40,4468.40,699
2026-08-12 18:30,4468.40,4473.70,4467.90,4473.50,896
2026-08-12 18:45,4473.80,4478.10,4472.90,4473.20,1301
2026-08-12 19:00,4473.20,4478.30,4473.00,4476.40,615
2026-08-12 19:15,4476.00,4477.90,4475.60,4476.60,279
2026-08-12 19:30,4476.50,4476.50,4471.20,4473.20,757
2026-08-12 19:45,4473.20,4473.90,4468.50,4473.90,1046
2026-08-12 20:00,4473.70,4474.30,4469.00,4469.30,506
2026-08-12 20:15,4469.10,4470.10,4466.70,4467.80,170
2026-08-12 20:30,4467.90,4468.80,4466.80,4468.10,252
2026-08-12 20:45,4468.00,4469.10,4466.70,4469.00,412
2026-08-12 22:00,4468.80,4470.30,4460.90,4461.60,274
2026-08-12 22:15,4461.70,4461.90,4456.50,4457.50,407
2026-08-12 22:30,4457.50,4460.70,4456.90,4458.40,226
2026-08-12 22:45,4458.00,4461.20,4457.90,4459.90,197
2026-08-12 23:00,4460.10,4464.50,4459.90,4463.90,274
2026-08-12 23:15,4464.20,4468.40,4464.20,4466.80,441
2026-08-12 23:30,4467.40,4468.90,4465.70,4467.00,284
2026-08-12 23:45,4467.40,4473.20,4466.60,4473.10,353
2026-08-13 00:00,4473.20,4481.50,4471.90,4478.20,1164
2026-08-13 00:15,4478.30,4496.60,4478.30,4487.40,2225
2026-08-13 00:30,4487.60,4509.10,4483.30,4499.20,3759
2026-08-13 00:45,4499.60,4499.60,4482.70,4486.90,1909
2026-08-13 01:00,4486.70,4494.00,4481.40,4489.00,1850
2026-08-13 01:15,4488.80,4494.10,4477.70,4478.00,1162
2026-08-13 01:30,4477.70,4489.00,4476.30,4477.60,1197
2026-08-13 01:45,4477.70,4478.00,4464.70,4467.00,1970
2026-08-13 02:00,4466.80,4472.60,4463.80,4469.00,1187
2026-08-13 02:15,4469.00,4471.00,4464.40,4464.70,582
2026-08-13 02:30,4464.30,4468.80,4457.00,4468.80,1438
2026-08-13 02:45,4469.00,4469.30,4464.30,4465.70,438
2026-08-13 03:00,4465.80,4470.70,4462.60,4465.90,590
2026-08-13 03:15,4465.70,4468.70,4464.00,4467.80,360
2026-08-13 03:30,4467.50,4468.80,4464.00,4464.50,400
2026-08-13 03:45,4464.50,4466.30,4458.00,4458.30,1380
2026-08-13 04:00,4458.70,4458.70,4449.40,4452.50,2328
2026-08-13 04:15,4452.40,4457.20,4450.40,4456.20,670
2026-08-13 04:30,4456.20,4457.50,4453.00,4453.60,346
2026-08-13 04:45,4453.30,4456.30,4452.80,4455.50,358
2026-08-13 05:00,4455.20,4462.40,4450.70,4462.10,1361
2026-08-13 05:15,4462.20,4465.20,4458.50,4464.40,978
2026-08-13 05:30,4464.40,4465.20,4443.80,4445.60,1880
2026-08-13 05:45,4445.20,4447.10,4437.20,4440.40,2167
2026-08-13 06:00,4440.30,4443.00,4432.50,4433.30,2423
2026-08-13 06:15,4433.20,4436.10,4431.60,4432.70,1011
2026-08-13 06:30,4433.10,4435.70,4425.60,4430.90,1618
2026-08-13 06:45,4431.30,4438.40,4431.10,4437.70,1293
2026-08-13 07:00,4437.80,4438.60,4431.50,4433.30,1215
2026-08-13 07:15,4433.60,4434.10,4430.40,4433.10,598
2026-08-13 07:30,4432.80,4435.70,4428.80,4435.40,1407
2026-08-13 07:45,4435.50,4435.60,4425.80,4426.40,1457
2026-08-13 08:00,4426.40,4427.30,4420.30,4422.60,1799
2026-08-13 08:15,4422.50,4430.00,4421.70,4429.20,1304
2026-08-13 08:30,4429.00,4432.30,4428.10,4429.90,777
2026-08-13 08:45,4430.00,4435.70,4429.70,4432.40,635
2026-08-13 09:00,4432.30,4434.70,4428.60,4433.40,664
2026-08-13 09:15,4433.10,4438.90,4432.80,4436.40,1123
2026-08-13 09:30,4436.50,4438.50,4435.10,4436.80,802
2026-08-13 09:45,4436.90,4441.90,4435.40,4441.80,813
2026-08-13 10:00,4441.90,4442.70,4438.80,4439.00,656
2026-08-13 10:15,4439.20,4445.20,4439.20,4444.60,817
2026-08-13 10:30,4444.80,4448.30,4442.30,4448.30,581
2026-08-13 10:45,4448.10,4451.50,4446.00,4449.90,1107
2026-08-13 11:00,4449.60,4452.00,4446.10,4452.00,709
2026-08-13 11:15,4451.80,4454.20,4445.30,4445.40,1364
2026-08-13 11:30,4445.70,4447.30,4440.60,4441.20,1681
2026-08-13 11:45,4440.90,4444.80,4439.60,4444.40,1192
2026-08-13 12:00,4444.50,4448.90,4442.50,4446.00,1162
2026-08-13 12:15,4445.70,4450.40,4441.00,4447.80,1146
2026-08-13 12:30,4447.40,4460.00,4437.10,4448.60,4727
2026-08-13 12:45,4448.80,4458.90,4448.20,4458.90,2091
2026-08-13 13:00,4458.50,4459.00,4447.80,4450.40,2427
2026-08-13 13:15,4450.50,4452.00,4440.60,4441.70,2404
2026-08-13 13:30,4441.70,4446.40,4431.50,4435.90,4347
2026-08-13 13:45,4435.80,4439.50,4427.10,4429.10,3192
2026-08-13 14:00,4429.30,4435.90,4424.00,4428.00,3980
2026-08-13 14:15,4428.20,4435.70,4425.00,4425.30,2624
2026-08-13 14:30,4425.00,4439.20,4408.80,4438.10,5823
2026-08-13 14:45,4438.60,4444.70,4438.30,4440.90,2411
2026-08-13 15:00,4441.20,4443.10,4425.20,4426.20,2350
2026-08-13 15:15,4426.10,4430.60,4419.90,4421.80,3037
2026-08-13 15:30,4421.90,4428.40,4413.60,4425.10,3185
2026-08-13 15:45,4425.50,4427.80,4420.30,4422.40,1128
2026-08-13 16:00,4422.30,4424.70,4411.10,4412.50,2614
2026-08-13 16:15,4412.50,4419.50,4407.50,4419.40,2928
2026-08-13 16:30,4419.20,4424.00,4419.00,4422.60,1844
2026-08-13 16:45,4422.60,4425.60,4421.00,4424.20,1096
2026-08-13 17:00,4424.30,4430.60,4422.40,4428.40,1625
2026-08-13 17:15,4428.80,4429.20,4419.10,4420.00,2879
2026-08-13 17:30,4420.20,4421.30,4412.20,4413.60,2192
2026-08-13 17:45,4413.90,4416.50,4412.00,4412.40,673
2026-08-13 18:00,4412.60,4419.40,4412.40,4418.70,990
2026-08-13 18:15,4419.00,4420.50,4411.60,4414.30,1304
2026-08-13 18:30,4414.30,4417.30,4413.30,4414.70,567
2026-08-13 18:45,4414.80,4415.10,4411.40,4413.60,658
2026-08-13 19:00,4414.00,4415.50,4402.60,4403.40,1696
2026-08-13 19:15,4403.10,4408.20,4400.00,4407.90,1305
2026-08-13 19:30,4407.70,4410.90,4406.00,4407.70,716
2026-08-13 19:45,4407.60,4407.60,4403.90,4406.20,938
2026-08-13 20:00,4406.20,4406.70,4402.90,4406.30,637
2026-08-13 20:15,4406.50,4408.40,4405.50,4407.60,348
2026-08-13 20:30,4407.60,4408.00,4404.20,4405.60,643
2026-08-13 20:45,4405.50,4407.70,4404.70,4407.10,285
2026-08-13 22:00,4408.20,4412.60,4406.60,4409.80,359
2026-08-13 22:15,4409.90,4413.30,4408.50,4412.70,575
2026-08-13 22:30,4412.40,4418.40,4411.00,4416.00,1242
2026-08-13 22:45,4415.90,4417.00,4409.20,4410.30,1216
2026-08-13 23:00,4411.50,4416.20,4405.10,4416.20,1324
2026-08-13 23:15,4416.30,4418.20,4412.10,4418.20,1076
2026-08-13 23:30,4418.40,4418.80,4413.90,4415.80,674
2026-08-13 23:45,4416.00,4419.40,4411.60,4411.80,438
2026-08-14 00:00,4411.60,4417.40,4406.00,4407.50,654
2026-08-14 00:15,4407.60,4407.80,4395.10,4395.80,1501
2026-08-14 00:30,4395.50,4402.60,4390.60,4395.40,1465
2026-08-14 00:45,4396.00,4398.80,4385.10,4396.40,2108
2026-08-14 01:00,4396.20,4397.10,4378.00,4380.30,3521
2026-08-14 01:15,4380.40,4381.90,4370.90,4375.60,2885
2026-08-14 01:30,4375.30,4377.50,4368.60,4375.40,1243
2026-08-14 01:45,4375.60,4379.40,4367.50,4373.70,1857
2026-08-14 02:00,4373.70,4378.00,4365.50,4366.90,1356
2026-08-14 02:15,4367.50,4373.30,4367.50,4367.60,1306
2026-08-14 02:30,4367.40,4378.00,4366.90,4376.30,1572
2026-08-14 02:45,4376.50,4377.40,4367.70,4370.70,748
2026-08-14 03:00,4370.70,4378.70,4368.90,4375.30,899
2026-08-14 03:15,4375.40,4381.20,4375.00,4380.80,569
2026-08-14 03:30,4380.90,4383.80,4379.90,4381.30,718
2026-08-14 03:45,4381.40,4382.30,4379.00,4379.60,365
2026-08-14 04:00,4379.20,4382.70,4378.30,4381.70,563
2026-08-14 04:15,4381.20,4384.60,4380.20,4380.20,472
2026-08-14 04:30,4380.70,4381.20,4378.40,4380.40,471
2026-08-14 04:45,4380.10,4382.00,4378.30,4382.00,294
2026-08-14 05:00,4382.20,4382.20,4374.30,4374.80,523
2026-08-14 05:15,4374.90,4375.10,4371.90,4373.30,481
2026-08-14 05:30,4372.90,4379.80,4365.60,4372.70,1720
2026-08-14 05:45,4372.50,4389.50,4372.50,4389.50,1607
2026-08-14 06:00,4389.60,4392.60,4385.50,4388.30,1195
2026-08-14 06:15,4388.20,4389.10,4384.20,4385.30,663
2026-08-14 06:30,4385.10,4388.80,4383.60,4388.60,568
2026-08-14 06:45,4389.00,4392.20,4388.40,4391.60,640
2026-08-14 07:00,4391.40,4393.30,4387.00,4387.10,890
2026-08-14 07:15,4387.10,4392.40,4385.70,4387.80,736
2026-08-14 07:30,4388.00,4396.30,4387.30,4396.00,732
2026-08-14 07:45,4396.30,4401.60,4395.50,4399.80,1375
2026-08-14 08:00,4399.80,4404.50,4398.10,4403.90,1256
2026-08-14 08:15,4404.00,4405.30,4399.40,4401.80,845
2026-08-14 08:30,4401.80,4405.40,4399.50,4399.80,762
2026-08-14 08:45,4399.80,4405.70,4398.80,4404.70,745
2026-08-14 09:00,4404.50,4406.90,4402.00,4406.70,535
2026-08-14 09:15,4406.80,4410.00,4404.40,4407.40,1278
2026-08-14 09:30,4407.70,4410.80,4406.10,4409.90,1196
2026-08-14 09:45,4410.00,4413.80,4408.70,4413.60,913
2026-08-14 10:00,4413.60,4415.10,4410.00,4410.60,1156
2026-08-14 10:15,4410.60,4411.40,4406.00,4407.30,1392
2026-08-14 10:30,4407.50,4408.00,4404.50,4408.00,842
2026-08-14 10:45,4407.90,4409.70,4403.70,4405.50,803
2026-08-14 11:00,4405.50,4408.00,4404.70,4406.90,403
2026-08-14 11:15,4407.10,4413.40,4407.10,4413.10,887
2026-08-14 11:30,4413.10,4420.00,4412.80,4418.70,1555
2026-08-14 11:45,4418.90,4426.00,4417.20,4425.80,1689
2026-08-14 12:00,4425.50,4433.20,4421.80,4428.00,2690
2026-08-14 12:15,4428.20,4437.50,4425.80,4436.50,2893
2026-08-14 12:30,4436.90,4444.00,4429.10,4429.50,5050
2026-08-14 12:45,4430.00,4434.90,4427.80,4430.90,2330
2026-08-14 13:00,4430.70,4438.30,4427.30,4432.40,3061
2026-08-14 13:15,4432.40,4443.90,4432.30,4441.40,1954
2026-08-14 13:30,4441.70,4454.60,4440.80,4450.80,5298
2026-08-14 13:45,4451.40,4452.30,4439.80,4442.00,2972
2026-08-14 14:00,4441.60,4450.50,4441.20,4447.80,3568
2026-08-14 14:15,4448.00,4452.20,4442.50,4447.90,1493
2026-08-14 14:30,4448.30,4448.70,4438.80,4441.60,2440
2026-08-14 14:45,4441.50,4441.60,4436.20,4438.60,2080
2026-08-14 15:00,4438.70,4451.70,4438.30,4449.90,3157
2026-08-14 15:15,4450.00,4451.60,4436.40,4442.20,3220
2026-08-14 15:30,4442.40,4447.50,4441.10,4446.70,1788
2026-08-14 15:45,4447.00,4452.30,4446.90,4449.00,1659
2026-08-14 16:00,4449.00,4454.30,4446.00,4446.80,1463
2026-08-14 16:15,4446.90,4450.20,4443.90,4444.50,825
2026-08-14 16:30,4444.70,4446.30,4437.20,4442.80,1832
2026-08-14 16:45,4443.00,4444.60,4442.00,4442.70,566
2026-08-14 17:00,4443.00,4443.40,4437.40,4439.40,825
2026-08-14 17:15,4439.50,4442.00,4436.60,4436.90,1938
2026-08-14 17:30,4436.70,4440.40,4434.10,4435.00,1193
2026-08-14 17:45,4434.80,4436.30,4433.60,4435.50,601
2026-08-14 18:00,4435.90,4438.80,4433.60,4434.20,1045
2026-08-14 18:15,4434.60,4437.50,4434.00,4436.40,442
2026-08-14 18:30,4436.20,4439.60,4433.20,4433.20,1952
2026-08-14 18:45,4433.50,4433.90,4427.50,4430.30,2391
2026-08-14 19:00,4430.30,4433.60,4428.60,4432.40,774
2026-08-14 19:15,4432.20,4434.30,4430.40,4433.50,418
2026-08-14 19:30,4433.50,4434.40,4431.40,4431.70,511
2026-08-14 19:45,4431.70,4435.60,4428.80,4431.50,1352
2026-08-14 20:00,4431.40,4431.50,4426.90,4428.30,925
2026-08-14 20:15,4428.30,4430.20,4427.80,4430.00,373
2026-08-14 20:30,4429.90,4432.40,4428.90,4430.90,316
2026-08-14 20:45,4430.90,4432.10,4430.40,4432.10,256
2026-08-14 21:00,4432.00,4437.30,4432.00,4437.30,1
2026-08-16 22:00,4433.70,4436.00,4431.30,4432.60,180
2026-08-16 22:15,4432.60,4433.00,4429.30,4430.60,412
2026-08-16 22:30,4430.80,4434.70,4430.80,4433.40,332
2026-08-16 22:45,4433.80,4442.50,4433.60,4441.60,691
2026-08-16 23:00,4441.80,4441.90,4435.40,4435.40,537
2026-08-16 23:15,4435.50,4436.70,4428.10,4430.10,663
2026-08-16 23:30,4430.20,4431.00,4422.30,4424.00,1038
2026-08-16 23:45,4424.10,4429.20,4424.10,4425.50,378
2026-08-17 00:00,4426.00,4435.20,4423.50,4434.40,875
2026-08-17 00:15,4434.50,4446.90,4434.00,4445.70,1310
2026-08-17 00:30,4445.80,4453.60,4443.50,4451.60,1252
2026-08-17 00:45,4451.30,4459.40,4450.00,4457.30,1651
2026-08-17 01:00,4457.10,4468.10,4456.10,4465.80,2423
2026-08-17 01:15,4465.60,4473.20,4462.70,4463.80,1586
2026-08-17 01:30,4463.80,4464.80,4454.10,4459.90,1773
2026-08-17 01:45,4460.20,4460.60,4448.60,4452.00,1430
2026-08-17 02:00,4451.90,4454.50,4449.20,4451.00,789
2026-08-17 02:15,4450.80,4454.10,4446.50,4451.40,848
2026-08-17 02:30,4452.30,4454.70,4446.40,4449.40,824
2026-08-17 02:45,4449.40,4450.10,4444.90,4449.80,573
2026-08-17 03:00,4450.20,4451.80,4445.40,4446.50,434
2026-08-17 03:15,4446.20,4449.90,4444.50,4449.30,451
2026-08-17 03:30,4449.40,4453.80,4447.20,4451.80,625
2026-08-17 03:45,4451.70,4453.80,4449.30,4453.70,391
2026-08-17 04:00,4453.50,4456.30,4452.90,4455.10,619
2026-08-17 04:15,4455.10,4455.40,4446.60,4447.90,637
2026-08-17 04:30,4447.50,4453.30,4445.50,4452.10,558
2026-08-17 04:45,4453.00,4454.60,4446.30,4447.10,449
2026-08-17 05:00,4447.30,4449.80,4443.40,4444.40,694
2026-08-17 05:15,4444.30,4456.00,4443.60,4456.00,883
2026-08-17 05:30,4456.30,4457.70,4449.00,4452.30,1059
2026-08-17 05:45,4452.20,4454.00,4449.20,4451.30,630
2026-08-17 06:00,4451.60,4454.90,4449.30,4453.50,887
2026-08-17 06:15,4453.00,4456.30,4449.10,4455.00,912
2026-08-17 06:30,4454.50,4454.90,4449.70,4452.30,667
2026-08-17 06:45,4452.50,4460.70,4452.50,4459.30,1324
2026-08-17 07:00,4459.00,4460.20,4452.20,4452.70,1348
2026-08-17 07:15,4452.70,4461.60,4452.40,4461.20,941
2026-08-17 07:30,4461.30,4467.90,4460.90,4465.50,1469
2026-08-17 07:45,4465.90,4466.30,4460.00,4461.50,1022
2026-08-17 08:00,4461.80,4461.80,4454.10,4459.30,1001
2026-08-17 08:15,4459.30,4460.20,4456.80,4458.00,676
2026-08-17 08:30,4458.00,4458.40,4452.00,4452.50,461
2026-08-17 08:45,4452.40,4453.00,4448.80,4451.10,671
2026-08-17 09:00,4451.30,4457.00,4449.50,4455.30,692
2026-08-17 09:15,4455.40,4456.40,4451.60,4453.10,769
2026-08-17 09:30,4453.20,4453.70,4450.00,4451.00,1110
2026-08-17 09:45,4450.80,4452.80,4449.20,4452.40,608
2026-08-17 10:00,4452.40,4453.20,4450.00,4452.70,666
2026-08-17 10:15,4452.50,4462.30,4445.70,4461.60,2009
2026-08-17 10:30,4461.60,4462.60,4452.10,4455.00,1336
2026-08-17 10:45,4455.10,4456.40,4452.90,4455.80,770
2026-08-17 11:00,4455.90,4460.40,4454.90,4456.50,668
2026-08-17 11:15,4456.40,4461.50,4453.70,4460.30,1177
2026-08-17 11:30,4460.40,4461.80,4455.90,4456.40,1013
2026-08-17 11:45,4456.60,4457.60,4451.80,4453.40,911
2026-08-17 12:00,4453.10,4454.00,4447.80,4450.60,991
2026-08-17 12:15,4450.40,4455.40,4437.50,4441.70,3408
2026-08-17 12:30,4442.30,4446.80,4434.70,4434.70,2571
2026-08-17 12:45,4434.50,4443.10,4433.40,4441.40,2205
2026-08-17 13:00,4441.70,4446.20,4438.10,4442.60,1995
2026-08-17 13:15,4443.00,4445.10,4438.60,4442.60,1174
2026-08-17 13:30,4442.80,4448.30,4441.00,4441.90,1809
2026-08-17 13:45,4442.10,4473.00,4440.90,4465.30,5640
2026-08-17 14:00,4465.30,4469.50,4460.40,4469.20,3139
2026-08-17 14:15,4469.20,4484.90,4468.40,4475.40,8737
2026-08-17 14:30,4475.60,4481.80,4473.80,4474.80,2393
2026-08-17 14:45,4475.00,4478.40,4471.40,4474.50,1404
2026-08-17 15:00,4474.60,4479.80,4471.80,4478.50,1275
2026-08-17 15:15,4478.50,4483.40,4476.70,4482.70,1604
2026-08-17 15:30,4482.80,4483.70,4475.80,4476.10,1597
2026-08-17 15:45,4476.30,4485.30,4474.80,4484.80,1845
2026-08-17 16:00,4485.00,4486.50,4481.40,4483.40,1498
2026-08-17 16:15,4483.70,4484.90,4480.30,4482.30,1251
2026-08-17 16:30,4482.40,4484.50,4479.70,4482.00,1063
2026-08-17 16:45,4482.10,4483.00,4480.00,4481.50,884
2026-08-17 17:00,4481.70,4483.70,4478.30,4480.30,1144
2026-08-17 17:15,4480.30,4480.50,4470.80,4474.00,2944
2026-08-17 17:30,4474.00,4476.30,4468.20,4474.70,2244
2026-08-17 17:45,4474.70,4478.20,4470.80,4471.00,959
2026-08-17 18:00,4471.30,4471.90,4467.40,4471.20,1177
2026-08-17 18:15,4471.30,4474.00,4461.50,4463.20,3329
2026-08-17 18:30,4463.30,4463.70,4454.50,4458.00,2733
2026-08-17 18:45,4458.00,4463.80,4456.80,4463.10,708
2026-08-17 19:00,4462.90,4464.80,4456.60,4464.50,1294
2026-08-17 19:15,4464.80,4473.60,4464.80,4470.60,1525
2026-08-17 19:30,4470.90,4476.80,4470.40,4475.50,630
2026-08-17 19:45,4475.50,4477.00,4472.10,4475.70,1181
2026-08-17 20:00,4475.90,4477.50,4472.50,4474.10,451
2026-08-17 20:15,4474.10,4474.50,4471.40,4471.40,160
2026-08-17 20:30,4471.60,4472.50,4471.10,4472.20,202
2026-08-17 20:45,4471.70,4474.00,4471.50,4473.10,254
2026-08-17 22:00,4473.40,4475.90,4471.50,4472.90,159
2026-08-17 22:15,4472.90,4473.50,4468.30,4468.90,449
2026-08-17 22:30,4468.40,4471.90,4467.60,4470.90,523
2026-08-17 22:45,4470.70,4472.40,4466.50,4467.90,382
2026-08-17 23:00,4468.00,4471.00,4466.00,4470.70,531
2026-08-17 23:15,4471.10,4478.10,4471.00,4476.60,696
2026-08-17 23:30,4476.30,4479.20,4476.30,4479.10,418
2026-08-17 23:45,4478.90,4482.10,4477.90,4482.00,527
2026-08-18 00:00,4482.30,4486.50,4475.00,4478.40,1193
2026-08-18 00:15,4477.70,4488.20,4477.20,4487.70,1589
2026-08-18 00:30,4487.80,4490.30,4484.50,4486.10,1001
2026-08-18 00:45,4486.20,4491.70,4484.90,4491.20,599
2026-08-18 01:00,4491.60,4493.10,4485.00,4485.50,1505
2026-08-18 01:15,4485.90,4487.40,4476.60,4481.50,1448
2026-08-18 01:30,4481.50,4482.60,4468.30,4468.40,1010
2026-08-18 01:45,4468.40,4468.90,4460.90,4464.60,1750
2026-08-18 02:00,4464.60,4464.90,4454.80,4457.40,1478
2026-08-18 02:15,4457.30,4461.90,4456.80,4458.70,717
2026-08-18 02:30,4458.80,4458.90,4450.30,4451.40,1369
2026-08-18 02:45,4451.20,4456.90,4450.00,4456.10,1217
2026-08-18 03:00,4456.10,4460.50,4455.40,4457.90,1058
2026-08-18 03:15,4458.10,4458.70,4450.00,4453.30,816
2026-08-18 03:30,4452.80,4453.30,4450.40,4450.60,346
2026-08-18 03:45,4451.10,4451.10,4446.30,4448.10,793
2026-08-18 04:00,4447.40,4448.60,4445.40,4447.90,682
2026-08-18 04:15,4447.90,4449.20,4446.40,4448.10,472
2026-08-18 04:30,4448.20,4450.30,4444.00,4448.70,1045
2026-08-18 04:45,4448.80,4450.90,4447.70,4448.90,470
2026-08-18 05:00,4448.70,4449.80,4446.40,4446.60,429
2026-08-18 05:15,4446.80,4451.60,4446.50,4446.60,477
2026-08-18 05:30,4446.40,4450.20,4441.40,4449.30,1427
2026-08-18 05:45,4449.50,4453.20,4448.80,4450.20,762
2026-08-18 06:00,4449.40,4451.10,4443.20,4450.90,1531
2026-08-18 06:15,4450.80,4455.10,4449.40,4454.90,906
2026-08-18 06:30,4454.70,4455.60,4450.50,4452.50,725
2026-08-18 06:45,4452.60,4454.70,4452.60,4454.10,619
2026-08-18 07:00,4454.30,4456.40,4452.40,4453.20,995
2026-08-18 07:15,4453.20,4459.40,4453.20,4459.00,895
2026-08-18 07:30,4459.10,4459.50,4452.30,4457.40,1053
2026-08-18 07:45,4457.60,4458.50,4451.20,4451.20,470
2026-08-18 08:00,4451.60,4451.90,4443.50,4448.20,1688
2026-08-18 08:15,4448.40,4449.20,4442.40,4444.90,848
2026-08-18 08:30,4444.90,4454.20,4444.90,4452.50,855
2026-08-18 08:45,4452.20,4452.30,4447.10,4448.90,659
2026-08-18 09:00,4448.80,4449.40,4446.60,4448.40,453
2026-08-18 09:15,4448.10,4448.10,4444.20,4444.90,600
2026-08-18 09:30,4444.80,4451.10,4443.20,4444.50,1147
2026-08-18 09:45,4444.50,4451.30,4443.00,4449.70,718
2026-08-18 10:00,4449.70,4452.00,4448.60,4450.70,416
2026-08-18 10:15,4450.90,4452.50,4446.10,4448.30,554
2026-08-18 10:30,4448.70,4455.20,4448.10,4455.00,652
2026-08-18 10:45,4455.30,4456.20,4452.90,4454.40,516
2026-08-18 11:00,4454.20,4455.80,4448.30,4450.20,605
2026-08-18 11:15,4449.70,4451.10,4445.80,4446.30,600
2026-08-18 11:30,4446.30,4448.80,4444.80,4447.20,703
2026-08-18 11:45,4447.00,4453.30,4446.40,4452.30,733
2026-08-18 12:00,4452.60,4453.40,4445.80,4449.70,1174
2026-08-18 12:15,4449.20,4457.30,4447.80,4451.90,2225
2026-08-18 12:30,4452.00,4454.80,4447.40,4448.80,1183
2026-08-18 12:45,4448.70,4453.60,4447.10,4450.70,1451
2026-08-18 13:00,4450.50,4453.70,4444.40,4452.00,2808
2026-08-18 13:15,4451.80,4452.40,4444.20,4445.40,2678
2026-08-18 13:30,4445.50,4463.00,4430.90,4457.00,7940
2026-08-18 13:45,4457.20,4458.30,4445.50,4451.00,3218
2026-08-18 14:00,4450.50,4462.80,4447.40,4449.60,4619
2026-08-18 14:15,4449.50,4461.40,4448.70,4450.60,2342
2026-08-18 14:30,4450.70,4452.50,4434.00,4436.00,5689
2026-08-18 14:45,4435.70,4445.40,4419.10,4422.30,6370
2026-08-18 15:00,4422.60,4434.10,4412.00,4415.60,5777
2026-08-18 15:15,4415.40,4420.70,4406.80,4410.60,5432
2026-08-18 15:30,4410.20,4418.00,4409.80,4414.50,3321
2026-08-18 15:45,4413.80,4421.90,4413.80,4420.20,2117
2026-08-18 16:00,4420.30,4427.00,4420.30,4423.10,1648
2026-08-18 16:15,4423.20,4425.10,4418.70,4419.40,1051
2026-08-18 16:30,4419.70,4423.80,4418.30,4422.70,1039
2026-08-18 16:45,4422.70,4424.10,4417.80,4419.00,1122
2026-08-18 17:00,4419.10,4422.60,4418.40,4422.40,1027
2026-08-18 17:15,4422.60,4423.80,4418.70,4420.80,1442
2026-08-18 17:30,4421.00,4421.80,4414.40,4414.40,1181
2026-08-18 17:45,4414.30,4416.10,4412.40,4413.20,1077
2026-08-18 18:00,4413.60,4413.60,4408.00,4412.90,1731
2026-08-18 18:15,4413.30,4416.50,4410.80,4415.40,680
2026-08-18 18:30,4415.60,4415.80,4408.80,4409.40,1028
2026-08-18 18:45,4409.50,4411.20,4407.90,4409.40,473
2026-08-18 19:00,4409.50,4413.50,4409.20,4412.40,604
2026-08-18 19:15,4412.30,4413.70,4407.50,4409.50,1149
2026-08-18 19:30,4409.80,4412.40,4404.20,4404.40,1036
2026-08-18 19:45,4404.30,4408.20,4392.30,4400.00,4295
2026-08-18 20:00,4400.10,4401.20,4395.40,4396.50,761
2026-08-18 20:15,4397.10,4397.10,4388.00,4392.80,785
2026-08-18 20:30,4392.80,4394.60,4386.60,4387.60,592
2026-08-18 20:45,4387.00,4390.30,4383.30,4389.50,981
2026-08-18 22:00,4391.40,4395.30,4390.40,4393.80,389
2026-08-18 22:15,4393.20,4394.30,4386.50,4389.40,1415
2026-08-18 22:30,4389.30,4389.80,4385.80,4386.60,676
2026-08-18 22:45,4386.60,4388.70,4386.20,4386.80,341
2026-08-18 23:00,4387.20,4391.50,4385.40,4387.10,564
2026-08-18 23:15,4386.80,4390.30,4382.50,4383.10,1074
2026-08-18 23:30,4382.90,4385.40,4379.60,4382.50,1133
2026-08-18 23:45,4383.00,4387.00,4382.30,4386.00,583
2026-08-19 00:00,4386.10,4397.70,4384.60,4395.80,1367
2026-08-19 00:15,4395.90,4399.40,4392.50,4396.30,1303
2026-08-19 00:30,4396.40,4401.00,4392.90,4397.40,1187
2026-08-19 00:45,4397.60,4398.60,4390.70,4391.80,917
2026-08-19 01:00,4391.50,4397.60,4378.00,4397.40,3597
2026-08-19 01:15,4397.60,4400.00,4386.40,4396.10,2125
2026-08-19 01:30,4396.30,4411.10,4396.20,4409.40,1946
2026-08-19 01:45,4409.00,4410.20,4404.10,4410.20,1218
2026-08-19 02:00,4410.00,4410.90,4405.00,4407.00,1283
2026-08-19 02:15,4407.20,4415.80,4406.00,4413.40,1652
2026-08-19 02:30,4413.40,4413.90,4407.70,4408.60,1312
2026-08-19 02:45,4408.80,4410.40,4405.00,4408.50,749
2026-08-19 03:00,4408.40,4409.90,4405.40,4407.70,627
2026-08-19 03:15,4408.10,4411.80,4405.30,4410.80,613
2026-08-19 03:30,4411.10,4414.10,4409.80,4412.60,483
2026-08-19 03:45,4412.60,4413.00,4409.00,4409.00,219
2026-08-19 04:00,4408.90,4409.60,4406.90,4407.90,308
2026-08-19 04:15,4407.90,4408.00,4403.20,4404.20,807
2026-08-19 04:30,4404.80,4405.30,4398.20,4399.80,890
2026-08-19 04:45,4399.40,4401.80,4396.50,4401.80,717
2026-08-19 05:00,4401.70,4404.20,4391.90,4392.20,834
2026-08-19 05:15,4392.40,4399.10,4390.10,4398.90,1079
2026-08-19 05:30,4399.10,4399.30,4390.30,4395.80,1603
2026-08-19 05:45,4395.30,4395.40,4388.20,4389.00,1418
2026-08-19 06:00,4389.00,4395.30,4388.70,4390.80,1224
2026-08-19 06:15,4390.60,4401.90,4390.20,4396.30,1806
2026-08-19 06:30,4396.60,4399.30,4390.80,4395.40,1416
2026-08-19 06:45,4395.30,4403.10,4394.30,4402.80,1150
2026-08-19 07:00,4402.80,4407.60,4401.10,4404.30,1278
2026-08-19 07:15,4403.80,4410.80,4401.10,4410.50,1562
2026-08-19 07:30,4410.40,4417.20,4406.50,4408.20,1483
2026-08-19 07:45,4408.10,4411.40,4408.10,4408.30,610
2026-08-19 08:00,4408.40,4416.40,4404.80,4415.20,1917
2026-08-19 08:15,4415.30,4416.10,4411.10,4414.60,650
2026-08-19 08:30,4414.30,4417.20,4410.30,4416.40,687
2026-08-19 08:45,4416.40,4417.20,4408.70,4409.70,959
2026-08-19 09:00,4409.70,4413.90,4409.00,4410.30,739
2026-08-19 09:15,4410.20,4411.60,4407.40,4410.60,809
2026-08-19 09:30,4410.70,4415.40,4409.50,4413.30,774
2026-08-19 09:45,4413.30,4416.40,4412.50,4416.40,707
2026-08-19 10:00,4416.50,4418.80,4413.80,4418.40,909
2026-08-19 10:15,4418.40,4423.80,4418.10,4423.20,1208
2026-08-19 10:30,4423.40,4424.10,4420.40,4422.50,791
2026-08-19 10:45,4422.80,4424.10,4421.00,4422.20,375
2026-08-19 11:00,4422.40,4428.90,4422.20,4428.10,1242
2026-08-19 11:15,4428.40,4429.10,4423.60,4425.80,773
2026-08-19 11:30,4425.90,4426.50,4417.70,4418.40,1158
2026-08-19 11:45,4418.00,4422.30,4418.00,4419.10,882
2026-08-19 12:00,4419.70,4425.50,4417.00,4423.10,1286
2026-08-19 12:15,4423.20,4428.40,4420.70,4424.10,1980
2026-08-19 12:30,4424.30,4476.90,4423.40,4474.80,15898
2026-08-19 12:45,4475.10,4499.80,4468.00,4496.30,16893
2026-08-19 13:00,4496.30,4518.80,4480.80,4513.40,14438
2026-08-19 13:15,4513.60,4521.80,4512.40,4516.00,9462
2026-08-19 13:30,4516.20,4524.00,4500.80,4519.10,11694
2026-08-19 13:45,4518.80,4521.60,4502.40,4517.80,6655
2026-08-19 14:00,4518.00,4533.80,4513.50,4532.00,7695
2026-08-19 14:15,4532.20,4546.30,4528.40,4544.30,9782
2026-08-19 14:30,4544.40,4557.60,4542.30,4548.50,12239
2026-08-19 14:45,4548.60,4548.60,4536.90,4546.80,5982
2026-08-19 15:00,4547.00,4547.00,4538.40,4544.10,5251
2026-08-19 15:15,4544.10,4546.20,4536.50,4542.00,3547
2026-08-19 15:30,4541.90,4551.50,4538.50,4548.70,2616
2026-08-19 15:45,4548.40,4552.80,4546.90,4552.20,3482
2026-08-19 16:00,4552.20,4557.20,4549.50,4555.90,3749
2026-08-19 16:15,4556.00,4557.50,4548.50,4548.70,2562
2026-08-19 16:30,4549.10,4554.30,4548.40,4553.30,1702
2026-08-19 16:45,4552.70,4555.70,4550.90,4551.00,1379
2026-08-19 17:00,4551.00,4557.00,4546.40,4550.10,3692
2026-08-19 17:15,4550.30,4550.30,4544.00,4545.80,3591
2026-08-19 17:30,4545.90,4549.20,4541.90,4546.60,1361
2026-08-19 17:45,4546.20,4547.40,4542.00,4545.00,1055
2026-08-19 18:00,4544.90,4554.60,4543.40,4546.30,2944
2026-08-19 18:15,4546.10,4546.20,4531.10,4533.80,4949
2026-08-19 18:30,4533.90,4550.00,4530.40,4548.60,6779
2026-08-19 18:45,4548.60,4556.00,4547.50,4553.30,1772
2026-08-19 19:00,4553.30,4564.10,4552.30,4561.60,3290
2026-08-19 19:15,4561.50,4566.00,4560.80,4565.10,2158
2026-08-19 19:30,4565.20,4568.90,4559.10,4564.50,3069
2026-08-19 19:45,4564.50,4569.60,4562.60,4568.00,2032
2026-08-19 20:00,4568.40,4569.50,4562.80,4564.50,1222
2026-08-19 20:15,4564.70,4580.30,4564.20,4576.70,3150
2026-08-19 20:30,4576.70,4582.20,4576.20,4577.30,1003
2026-08-19 20:45,4578.30,4582.80,4577.90,4580.70,916
2026-08-19 22:00,4580.00,4583.80,4576.40,4577.60,360
2026-08-19 22:15,4577.50,4578.70,4576.20,4578.00,467
2026-08-19 22:30,4577.70,4579.00,4574.80,4575.70,679
2026-08-19 22:45,4575.90,4579.20,4573.50,4575.90,579
2026-08-19 23:00,4576.40,4581.20,4574.80,4577.00,750
2026-08-19 23:15,4576.60,4577.60,4572.30,4574.80,556
2026-08-19 23:30,4575.10,4575.50,4570.70,4571.60,604
2026-08-19 23:45,4571.70,4574.90,4568.40,4569.20,644
2026-08-20 00:00,4568.70,4576.30,4567.70,4573.80,806
2026-08-20 00:15,4574.00,4578.60,4565.80,4567.80,1104
2026-08-20 00:30,4566.80,4570.40,4560.20,4563.60,1198
2026-08-20 00:45,4563.40,4567.90,4561.40,4562.00,1155
2026-08-20 01:00,4562.30,4567.90,4549.40,4550.80,3716
2026-08-20 01:15,4551.30,4561.10,4550.90,4558.30,1515
2026-08-20 01:30,4558.00,4559.00,4551.00,4551.30,1115
2026-08-20 01:45,4551.50,4553.00,4542.10,4547.40,2392
2026-08-20 02:00,4547.30,4557.60,4546.10,4555.50,1789
2026-08-20 02:15,4555.30,4555.60,4547.10,4550.60,975
2026-08-20 02:30,4550.10,4552.10,4547.60,4548.20,836
2026-08-20 02:45,4547.90,4552.00,4546.50,4548.10,795
2026-08-20 03:00,4548.20,4554.50,4545.70,4550.10,799
2026-08-20 03:15,4549.90,4554.20,4547.90,4551.10,788
2026-08-20 03:30,4550.80,4556.70,4550.00,4555.70,831
2026-08-20 03:45,4555.60,4558.80,4554.80,4555.70,614
2026-08-20 04:00,4556.40,4556.60,4552.40,4553.60,966
2026-08-20 04:15,4553.60,4554.30,4547.10,4547.40,702
2026-08-20 04:30,4547.20,4548.30,4543.40,4544.40,808
2026-08-20 04:45,4544.30,4549.10,4544.10,4546.10,479
2026-08-20 05:00,4546.00,4551.40,4541.50,4542.90,759
2026-08-20 05:15,4542.90,4544.50,4540.00,4540.50,959
2026-08-20 05:30,4540.00,4543.10,4535.20,4537.80,1289
2026-08-20 05:45,4537.90,4540.50,4534.80,4538.50,799
2026-08-20 06:00,4538.60,4550.70,4537.20,4550.10,1981
2026-08-20 06:15,4550.40,4553.50,4549.10,4551.30,1749
2026-08-20 06:30,4551.30,4553.00,4549.50,4550.10,994
2026-08-20 06:45,4550.40,4553.00,4548.50,4550.80,1300
2026-08-20 07:00,4550.60,4551.00,4543.90,4544.50,1258
2026-08-20 07:15,4544.40,4547.10,4540.10,4540.50,1078
2026-08-20 07:30,4540.80,4550.20,4540.10,4547.90,1520
2026-08-20 07:45,4547.50,4552.70,4545.30,4547.60,1017
2026-08-20 08:00,4547.90,4552.30,4547.60,4551.40,1451
2026-08-20 08:15,4551.10,4555.90,4547.00,4548.60,1782
2026-08-20 08:30,4548.10,4552.40,4543.90,4547.40,1655
2026-08-20 08:45,4547.30,4549.00,4544.40,4546.10,642
2026-08-20 09:00,4546.20,4551.00,4545.20,4549.10,857
2026-08-20 09:15,4549.00,4550.50,4544.70,4546.80,959
2026-08-20 09:30,4546.60,4547.20,4541.00,4545.70,1517
2026-08-20 09:45,4545.60,4545.60,4538.20,4538.90,1227
2026-08-20 10:00,4539.10,4547.80,4537.00,4547.10,1306
2026-08-20 10:15,4547.40,4550.50,4542.60,4550.20,1323
2026-08-20 10:30,4550.30,4552.50,4546.50,4547.50,1061
2026-08-20 10:45,4547.70,4547.70,4543.80,4546.40,481
2026-08-20 11:00,4546.70,4547.90,4539.40,4541.80,2436
2026-08-20 11:15,4541.70,4546.30,4537.60,4540.80,1185
2026-08-20 11:30,4541.10,4543.20,4530.10,4530.90,2783
2026-08-20 11:45,4530.80,4531.90,4521.20,4523.10,4265
2026-08-20 12:00,4523.30,4523.40,4506.20,4518.00,6730
2026-08-20 12:15,4517.80,4523.40,4512.20,4514.30,3412
2026-08-20 12:30,4514.90,4522.30,4506.00,4522.00,4153
2026-08-20 12:45,4521.60,4532.30,4519.00,4529.70,3228
2026-08-20 13:00,4529.80,4539.60,4526.70,4527.90,3782
2026-08-20 13:15,4528.20,4531.90,4525.00,4526.70,1933
2026-08-20 13:30,4526.80,4543.00,4524.10,4541.90,6310
2026-08-20 13:45,4541.70,4544.40,4534.30,4537.00,3926
2026-08-20 14:00,4536.80,4545.90,4535.80,4541.00,5075
2026-08-20 14:15,4541.00,4549.90,4537.40,4547.40,4242
2026-08-20 14:30,4547.60,4556.90,4547.50,4555.10,3868
2026-08-20 14:45,4555.00,4572.00,4554.50,4571.70,5774
2026-08-20 15:00,4571.80,4593.70,4570.70,4591.50,15754
2026-08-20 15:15,4591.20,4597.10,4579.20,4588.60,7642
2026-08-20 15:30,4588.40,4590.00,4563.50,4567.60,6361
2026-08-20 15:45,4567.50,4579.80,4566.80,4577.30,3045
2026-08-20 16:00,4577.50,4580.70,4566.20,4567.10,2287
2026-08-20 16:15,4566.90,4569.20,4561.40,4565.60,1907
2026-08-20 16:30,4565.90,4569.30,4559.20,4565.70,2215
2026-08-20 16:45,4565.60,4570.60,4563.90,4566.70,2065
2026-08-20 17:00,4566.70,4570.90,4564.10,4565.80,1622
2026-08-20 17:15,4565.60,4573.40,4564.30,4569.60,3056
2026-08-20 17:30,4569.60,4575.20,4567.30,4574.90,1313
2026-08-20 17:45,4574.70,4576.90,4573.60,4576.00,705
2026-08-20 18:00,4576.00,4578.80,4565.30,4567.30,2054
2026-08-20 18:15,4567.40,4576.60,4564.70,4575.90,1220
2026-08-20 18:30,4575.30,4579.70,4575.00,4576.50,761
2026-08-20 18:45,4576.60,4581.70,4574.10,4578.50,1505
2026-08-20 19:00,4578.30,4584.60,4574.70,4584.20,838
2026-08-20 19:15,4584.20,4585.90,4579.10,4579.20,995
2026-08-20 19:30,4579.00,4585.70,4578.20,4582.20,839
2026-08-20 19:45,4582.40,4588.00,4581.00,4584.90,1519
2026-08-20 20:00,4584.50,4585.20,4578.80,4578.90,672
2026-08-20 20:15,4578.70,4579.00,4576.70,4577.10,415
2026-08-20 20:30,4577.10,4577.20,4573.00,4574.40,434
2026-08-20 20:45,4574.60,4577.30,4574.00,4575.10,505
2026-08-20 22:00,4577.00,4577.70,4571.00,4574.60,216
2026-08-20 22:15,4574.60,4576.80,4574.00,4575.40,390
2026-08-20 22:30,4575.60,4579.80,4574.40,4578.70,610
2026-08-20 22:45,4578.90,4580.20,4575.50,4580.20,686
2026-08-20 23:00,4579.90,4589.00,4579.40,4587.60,1363
2026-08-20 23:15,4587.50,4588.40,4578.50,4583.20,982
2026-08-20 23:30,4582.90,4584.50,4577.10,4580.80,777
2026-08-20 23:45,4581.00,4584.30,4579.20,4582.20,318
2026-08-21 00:00,4582.30,4583.70,4573.80,4575.10,801
2026-08-21 00:15,4574.90,4577.40,4570.40,4571.40,859
2026-08-21 00:30,4571.90,4573.90,4567.40,4570.40,926
2026-08-21 00:45,4570.70,4570.90,4566.30,4567.20,540
2026-08-21 01:00,4567.20,4577.70,4565.50,4577.40,1669
2026-08-21 01:15,4577.50,4587.30,4577.00,4586.40,1337
2026-08-21 01:30,4585.90,4600.30,4579.80,4582.40,3205
2026-08-21 01:45,4582.60,4589.60,4581.80,4587.00,930
2026-08-21 02:00,4586.80,4587.50,4574.00,4576.30,2296
2026-08-21 02:15,4577.20,4585.30,4576.10,4583.30,704
2026-08-21 02:30,4583.90,4594.00,4581.30,4593.70,1128
2026-08-21 02:45,4594.10,4599.20,4588.70,4590.00,1432
2026-08-21 03:00,4590.00,4594.70,4588.20,4588.90,624
2026-08-21 03:15,4588.90,4591.20,4585.70,4585.90,584
2026-08-21 03:30,4585.90,4591.80,4582.60,4585.00,770
2026-08-21 03:45,4585.20,4590.90,4584.20,4590.90,487
2026-08-21 04:00,4591.50,4598.50,4591.20,4596.60,983
2026-08-21 04:15,4596.40,4603.90,4594.00,4603.20,1684
2026-08-21 04:30,4603.40,4604.40,4597.00,4598.10,1121
2026-08-21 04:45,4598.00,4598.70,4596.30,4596.80,245
2026-08-21 05:00,4596.40,4596.90,4590.90,4593.60,1068
2026-08-21 05:15,4593.70,4595.00,4586.70,4586.70,1090
2026-08-21 05:30,4586.50,4599.70,4585.40,4599.50,1170
2026-08-21 05:45,4599.50,4612.40,4597.80,4610.10,2580
2026-08-21 06:00,4609.90,4611.50,4601.80,4605.20,1418
2026-08-21 06:15,4605.40,4615.10,4605.40,4612.20,2696
2026-08-21 06:30,4612.00,4622.80,4611.30,4619.50,3167
2026-08-21 06:45,4619.70,4624.70,4617.80,4617.90,1851
2026-08-21 07:00,4617.80,4623.00,4615.40,4618.40,2019
2026-08-21 07:15,4618.60,4624.80,4616.70,4618.60,1504
2026-08-21 07:30,4618.50,4623.50,4617.00,4621.10,1184
2026-08-21 07:45,4621.40,4625.00,4617.90,4621.00,1183
2026-08-21 08:00,4621.40,4625.00,4615.80,4622.30,2090
2026-08-21 08:15,4622.60,4638.90,4620.80,4636.70,4198
2026-08-21 08:30,4636.70,4641.20,4633.50,4639.70,2824
2026-08-21 08:45,4639.60,4642.00,4637.00,4641.00,1226
2026-08-21 09:00,4641.10,4659.00,4638.90,4656.80,5545
2026-08-21 09:15,4656.90,4659.40,4638.30,4639.60,4033
2026-08-21 09:30,4639.30,4644.30,4638.10,4640.40,2329
2026-08-21 09:45,4640.30,4642.80,4637.60,4639.70,1929
2026-08-21 10:00,4639.40,4646.00,4634.50,4635.70,2848
2026-08-21 10:15,4636.00,4646.40,4635.30,4645.60,1747
2026-08-21 10:30,4645.80,4651.60,4642.70,4650.40,1288
2026-08-21 10:45,4650.40,4650.70,4645.00,4645.80,1398
2026-08-21 11:00,4645.50,4652.80,4644.30,4647.50,1410
2026-08-21 11:15,4648.20,4659.30,4648.20,4655.70,2469
2026-08-21 11:30,4655.90,4661.70,4650.30,4654.30,2368
2026-08-21 11:45,4654.30,4657.70,4653.00,4654.40,1703
2026-08-21 12:00,4654.70,4659.10,4646.50,4650.00,3766
2026-08-21 12:15,4650.10,4653.20,4638.00,4642.20,4314
2026-08-21 12:30,4642.00,4642.00,4620.50,4630.50,6862
2026-08-21 12:45,4630.30,4637.90,4630.20,4634.70,3248
2026-08-21 13:00,4634.60,4643.90,4632.50,4642.00,3080
2026-08-21 13:15,4642.40,4644.70,4635.90,4641.10,1704
2026-08-21 13:30,4640.90,4647.90,4630.00,4645.00,5086
2026-08-21 13:45,4644.60,4650.20,4633.80,4638.30,5190
2026-08-21 14:00,4638.10,4647.80,4637.00,4646.30,3544
2026-08-21 14:15,4646.40,4659.80,4642.90,4659.50,4530
2026-08-21 14:30,4659.70,4660.20,4636.50,4639.00,6394
2026-08-21 14:45,4639.10,4652.00,4637.00,4648.10,3408
2026-08-21 15:00,4648.50,4655.10,4644.10,4652.20,2968
2026-08-21 15:15,4652.30,4665.50,4652.00,4660.30,4289
2026-08-21 15:30,4660.30,4668.20,4657.00,4666.90,3169
2026-08-21 15:45,4667.20,4673.00,4664.20,4672.00,2954
2026-08-21 16:00,4672.10,4675.00,4666.30,4672.10,2676
2026-08-21 16:15,4672.10,4678.40,4667.80,4671.60,2561
2026-08-21 16:30,4671.70,4679.60,4669.80,4678.90,2533
2026-08-21 16:45,4678.90,4687.20,4678.40,4686.60,3015
2026-08-21 17:00,4686.70,4690.40,4679.70,4681.40,4827
2026-08-21 17:15,4681.30,4684.20,4673.40,4680.10,5746
2026-08-21 17:30,4680.40,4683.10,4676.90,4677.70,2164
2026-08-21 17:45,4678.00,4680.70,4675.10,4678.70,1960
2026-08-21 18:00,4679.00,4685.90,4678.60,4682.50,1268
2026-08-21 18:15,4682.50,4686.10,4682.50,4683.50,638
2026-08-21 18:30,4683.30,4683.30,4677.50,4678.50,1707
2026-08-21 18:45,4678.80,4684.00,4678.80,4681.80,1342
2026-08-21 19:00,4682.10,4683.10,4675.90,4680.00,1159
2026-08-21 19:15,4680.20,4680.40,4675.30,4675.60,951
2026-08-21 19:30,4675.50,4676.90,4673.00,4675.40,990
2026-08-21 19:45,4675.40,4680.60,4673.00,4674.70,1568
2026-08-21 20:00,4674.60,4675.40,4672.60,4674.60,599
2026-08-21 20:15,4674.40,4675.00,4667.60,4668.00,586
2026-08-21 20:30,4668.00,4669.60,4665.40,4665.80,410
2026-08-21 20:45,4665.60,4680.60,4661.00,4680.60,985
2026-08-23 22:00,4675.40,4679.10,4673.80,4675.40,241
2026-08-23 22:15,4675.10,4678.70,4670.20,4671.60,713
2026-08-23 22:30,4671.10,4674.20,4664.00,4667.50,721
2026-08-23 22:45,4667.60,4668.00,4663.00,4663.10,387
2026-08-23 23:00,4663.50,4666.50,4661.90,4665.00,473
2026-08-23 23:15,4664.80,4673.90,4664.00,4672.60,895
2026-08-23 23:30,4672.40,4676.30,4664.80,4665.50,1014
2026-08-23 23:45,4665.70,4682.00,4665.40,4681.60,1166
2026-08-24 00:00,4681.60,4698.60,4677.80,4694.90,3064
2026-08-24 00:15,4694.80,4698.10,4651.80,4661.60,3453
2026-08-24 00:30,4661.60,4666.00,4658.20,4664.10,1601
2026-08-24 00:45,4663.10,4680.30,4660.90,4678.80,1475
2026-08-24 01:00,4679.00,4692.00,4675.70,4679.10,3027
2026-08-24 01:15,4679.00,4682.60,4667.90,4671.40,1731
2026-08-24 01:30,4671.50,4677.70,4664.60,4674.60,1680
2026-08-24 01:45,4674.80,4694.30,4671.50,4688.60,2464
2026-08-24 02:00,4688.70,4709.00,4684.40,4707.50,3423
2026-08-24 02:15,4707.10,4712.40,4706.20,4712.30,1770
2026-08-24 02:30,4712.40,4713.80,4694.60,4694.90,2150
2026-08-24 02:45,4694.60,4701.50,4684.30,4700.40,2640
2026-08-24 03:00,4700.40,4700.70,4690.00,4694.10,1044
2026-08-24 03:15,4694.20,4705.10,4691.80,4700.50,962
2026-08-24 03:30,4700.60,4707.00,4699.60,4700.00,826
2026-08-24 03:45,4699.80,4701.90,4696.80,4698.20,673
2026-08-24 04:00,4698.20,4699.00,4688.90,4694.70,1066
2026-08-24 04:15,4694.70,4698.10,4690.80,4696.60,596
2026-08-24 04:30,4696.60,4697.00,4689.10,4694.40,398
2026-08-24 04:45,4694.10,4696.40,4692.00,4695.20,340
2026-08-24 05:00,4695.80,4699.40,4694.90,4699.10,568
2026-08-24 05:15,4699.50,4702.50,4692.20,4692.20,817
2026-08-24 05:30,4692.00,4695.60,4685.50,4689.40,1743
2026-08-24 05:45,4689.20,4699.30,4686.30,4697.30,940
2026-08-24 06:00,4697.50,4708.80,4695.80,4708.20,1743
2026-08-24 06:15,4708.50,4716.70,4697.40,4698.70,3564
2026-08-24 06:30,4699.30,4710.10,4698.40,4699.50,1576
2026-08-24 06:45,4699.50,4710.10,4699.00,4706.70,1446
2026-08-24 07:00,4706.40,4711.00,4700.60,4704.40,1395
2026-08-24 07:15,4704.00,4706.20,4698.00,4699.00,1003
2026-08-24 07:30,4698.40,4704.00,4690.50,4690.60,1941
2026-08-24 07:45,4691.10,4699.70,4686.00,4697.40,2955
2026-08-24 08:00,4697.80,4702.00,4691.40,4692.70,1916
2026-08-24 08:15,4693.00,4696.20,4684.80,4684.80,2201
2026-08-24 08:30,4685.00,4701.80,4684.20,4700.90,2142
2026-08-24 08:45,4701.30,4702.00,4691.20,4693.50,1208
2026-08-24 09:00,4693.70,4700.30,4692.90,4697.30,2075
2026-08-24 09:15,4697.20,4697.20,4690.30,4691.40,1779
2026-08-24 09:30,4691.60,4696.60,4688.80,4695.30,2360
2026-08-24 09:45,4695.30,4702.70,4695.20,4702.40,1421
2026-08-24 10:00,4702.40,4707.00,4702.40,4704.90,1922
2026-08-24 10:15,4705.30,4705.60,4699.20,4700.70,1066
2026-08-24 10:30,4700.40,4706.40,4699.90,4701.30,1081
2026-08-24 10:45,4701.40,4704.30,4698.60,4700.30,1383
2026-08-24 11:00,4700.10,4703.90,4696.20,4699.20,1650
2026-08-24 11:15,4699.60,4705.40,4697.90,4704.00,1118
2026-08-24 11:30,4704.10,4728.30,4700.90,4716.70,8101
2026-08-24 11:45,4716.90,4719.20,4705.60,4715.00,3055
2026-08-24 12:00,4715.20,4717.80,4707.40,4715.50,2023
2026-08-24 12:15,4714.70,4720.50,4709.00,4719.40,2220
2026-08-24 12:30,4719.40,4726.90,4702.00,4715.00,4448
2026-08-24 12:45,4715.30,4725.20,4711.90,4720.70,1992
2026-08-24 13:00,4720.90,4735.70,4719.30,4735.00,3760
2026-08-24 13:15,4734.90,4735.90,4725.10,4730.10,2696
2026-08-24 13:30,4730.10,4738.50,4715.60,4716.00,6081
2026-08-24 13:45,4715.80,4735.60,4713.30,4721.80,6220
2026-08-24 14:00,4721.50,4729.20,4717.00,4722.50,4205
2026-08-24 14:15,4722.30,4732.20,4712.00,4729.00,3781
2026-08-24 14:30,4729.10,4736.10,4726.40,4729.20,3156
2026-08-24 14:45,4729.50,4733.30,4714.00,4727.60,4827
2026-08-24 15:00,4727.80,4734.00,4722.60,4730.30,2397
2026-08-24 15:15,4730.30,4737.00,4725.30,4733.00,3140
2026-08-24 15:30,4733.10,4735.20,4716.80,4718.00,3743
2026-08-24 15:45,4717.60,4720.30,4696.50,4706.00,8833
2026-08-24 16:00,4706.00,4719.00,4703.10,4714.80,4530
2026-08-24 16:15,4714.50,4717.70,4713.30,4716.20,1316
2026-08-24 16:30,4716.20,4719.60,4715.90,4717.10,1132
2026-08-24 16:45,4717.30,4717.70,4697.90,4701.90,3545
2026-08-24 17:00,4702.10,4712.70,4698.80,4709.00,3602
2026-08-24 17:15,4708.80,4711.20,4686.60,4695.00,7588
2026-08-24 17:30,4695.10,4699.60,4692.10,4695.50,1908
2026-08-24 17:45,4695.20,4695.80,4689.30,4693.30,2328
2026-08-24 18:00,4693.00,4697.50,4681.20,4688.50,3946
2026-08-24 18:15,4688.90,4699.00,4683.70,4697.30,2749
2026-08-24 18:30,4697.20,4698.70,4681.40,4691.10,2234
2026-08-24 18:45,4691.40,4694.00,4687.80,4693.00,710
2026-08-24 19:00,4692.70,4697.00,4692.20,4692.50,833
2026-08-24 19:15,4692.70,4701.20,4692.20,4697.70,862
2026-08-24 19:30,4697.60,4702.20,4696.20,4701.40,407
2026-08-24 19:45,4706.40,4712.10,4705.70,4707.50,2444
2026-08-24 20:00,4707.90,4711.50,4706.40,4707.20,1585
2026-08-24 20:15,4706.90,4710.00,4705.00,4705.30,759
2026-08-24 20:30,4705.60,4706.20,4703.50,4703.90,184
2026-08-24 20:45,4704.40,4710.00,4703.40,4710.00,794
2026-08-24 22:00,4710.10,4718.00,4708.40,4715.60,335
2026-08-24 22:15,4715.90,4716.40,4713.50,4714.20,144
2026-08-24 22:30,4714.90,4718.10,4714.00,4718.00,293
2026-08-24 22:45,4718.20,4725.60,4717.80,4724.50,679
2026-08-24 23:00,4724.60,4729.40,4723.00,4729.20,719
2026-08-24 23:15,4729.20,4733.70,4726.00,4726.00,875
2026-08-24 23:30,4726.10,4734.10,4724.50,4734.00,946
2026-08-24 23:45,4733.80,4740.60,4732.00,4737.20,1685
2026-08-25 00:00,4737.30,4749.00,4732.70,4747.80,2731
2026-08-25 00:15,4747.80,4748.90,4733.80,4739.80,1449
2026-08-25 00:30,4740.00,4755.00,4739.10,4751.30,2444
2026-08-25 00:45,4751.50,4752.40,4740.70,4741.00,1373
2026-08-25 01:00,4740.80,4743.30,4727.60,4735.00,2896
2026-08-25 01:15,4734.10,4737.10,4720.60,4726.00,2413
2026-08-25 01:30,4726.60,4731.30,4723.30,4726.70,1781
2026-08-25 01:45,4726.90,4732.50,4713.20,4714.70,2816
2026-08-25 02:00,4714.50,4718.30,4694.20,4698.10,3860
2026-08-25 02:15,4697.70,4713.00,4697.10,4712.80,1638
2026-08-25 02:30,4712.50,4712.90,4686.80,4686.80,3483
2026-08-25 02:45,4687.30,4693.70,4670.50,4685.50,5121
2026-08-25 03:00,4685.70,4693.80,4678.10,4689.50,2375
2026-08-25 03:15,4689.60,4694.10,4687.90,4693.90,835
2026-08-25 03:30,4693.00,4697.70,4690.00,4690.10,1065
2026-08-25 03:45,4690.10,4691.60,4687.20,4688.30,623
2026-08-25 04:00,4689.40,4693.50,4686.40,4693.20,576
2026-08-25 04:15,4692.60,4693.00,4684.60,4686.70,596
2026-08-25 04:30,4686.60,4688.30,4679.50,4681.60,1215
2026-08-25 04:45,4681.40,4684.10,4679.90,4681.10,458
2026-08-25 05:00,4681.30,4694.90,4679.30,4693.60,1835
2026-08-25 05:15,4693.50,4704.00,4693.50,4702.40,1771
2026-08-25 05:30,4702.50,4703.30,4693.70,4694.70,1517
2026-08-25 05:45,4694.50,4701.50,4691.70,4698.50,1337
2026-08-25 06:00,4698.40,4706.60,4697.00,4705.70,1610
2026-08-25 06:15,4705.60,4709.60,4701.60,4706.30,1084
2026-08-25 06:30,4706.20,4709.60,4704.00,4704.00,879
2026-08-25 06:45,4704.20,4705.70,4693.00,4694.60,1332
2026-08-25 07:00,4695.00,4698.30,4692.80,4696.20,1140
2026-08-25 07:15,4695.80,4700.30,4690.50,4691.10,1406
2026-08-25 07:30,4691.10,4696.70,4690.20,4695.90,1166
2026-08-25 07:45,4696.10,4697.20,4685.80,4686.10,2022
2026-08-25 08:00,4686.10,4687.60,4676.30,4683.10,2114
2026-08-25 08:15,4682.80,4702.00,4682.20,4689.10,2676
2026-08-25 08:30,4689.10,4691.50,4681.60,4687.90,1908
2026-08-25 08:45,4687.70,4689.60,4680.90,4685.70,918
2026-08-25 09:00,4685.70,4689.00,4680.30,4686.00,1065
2026-08-25 09:15,4686.30,4689.10,4681.30,4681.70,754
2026-08-25 09:30,4681.80,4695.10,4679.50,4692.80,3079
2026-08-25 09:45,4692.90,4698.10,4691.20,4691.70,1382
2026-08-25 10:00,4691.60,4694.00,4688.50,4690.40,956
2026-08-25 10:15,4690.90,4694.30,4688.50,4689.40,730
2026-08-25 10:30,4689.40,4696.70,4688.10,4693.60,815
2026-08-25 10:45,4693.70,4698.20,4692.90,4695.00,729
2026-08-25 11:00,4694.80,4698.80,4691.90,4696.30,835
2026-08-25 11:15,4697.80,4700.20,4694.50,4697.20,1723
2026-08-25 11:30,4697.10,4701.20,4696.20,4696.60,1209
2026-08-25 11:45,4696.70,4703.50,4696.60,4698.40,1157
2026-08-25 12:00,4698.70,4698.90,4691.00,4694.80,3050
2026-08-25 12:15,4694.60,4695.10,4687.30,4692.80,2521
2026-08-25 12:30,4692.70,4696.00,4685.30,4693.70,1926
2026-08-25 12:45,4693.40,4699.60,4692.80,4695.70,1394
2026-08-25 13:00,4696.30,4696.60,4678.10,4678.50,3981
2026-08-25 13:15,4678.10,4683.20,4663.40,4664.70,5417
2026-08-25 13:30,4665.10,4678.70,4664.20,4667.70,4044
2026-08-25 13:45,4667.60,4673.00,4659.50,4671.40,5251
2026-08-25 14:00,4671.30,4682.40,4668.80,4678.20,5782
2026-08-25 14:15,4678.70,4684.50,4674.10,4679.80,2941
2026-08-25 14:30,4679.70,4694.20,4667.30,4693.10,5882
2026-08-25 14:45,4693.00,4696.00,4688.80,4691.60,2308
2026-08-25 15:00,4691.80,4693.30,4686.30,4689.20,1834
2026-08-25 15:15,4689.30,4701.00,4685.10,4695.80,2935
2026-08-25 15:30,4696.00,4716.40,4696.00,4713.30,6396
2026-08-25 15:45,4713.30,4714.10,4705.90,4709.50,2639
2026-08-25 16:00,4709.60,4710.20,4699.50,4701.40,2624
2026-08-25 16:15,4701.20,4703.80,4694.60,4698.00,2991
2026-08-25 16:30,4697.80,4702.60,4694.30,4701.20,2045
2026-08-25 16:45,4701.50,4703.80,4697.70,4700.80,1624
2026-08-25 17:00,4700.60,4700.60,4691.30,4694.80,2103
2026-08-25 17:15,4695.30,4702.40,4691.80,4694.20,2952
2026-08-25 17:30,4694.20,4701.70,4693.50,4700.20,1326
2026-08-25 17:45,4700.20,4705.80,4699.90,4705.80,1085
2026-08-25 18:00,4705.80,4707.40,4701.70,4704.50,1002
2026-08-25 18:15,4704.10,4707.60,4703.30,4706.80,952
2026-08-25 18:30,4707.00,4707.30,4702.70,4706.00,729
2026-08-25 18:45,4706.00,4711.80,4706.00,4711.40,1020
2026-08-25 19:00,4711.40,4720.00,4710.40,4719.20,2198
2026-08-25 19:15,4719.30,4725.60,4717.00,4717.90,1644
2026-08-25 19:30,4718.00,4721.90,4714.70,4719.00,1422
2026-08-25 19:45,4718.80,4724.30,4717.10,4723.40,2024
2026-08-25 20:00,4723.30,4726.00,4719.70,4722.70,1301
2026-08-25 20:15,4722.90,4724.90,4719.00,4719.50,578
2026-08-25 20:30,4719.70,4721.20,4717.30,4718.40,474
2026-08-25 20:45,4718.80,4719.40,4714.10,4715.90,611
2026-08-25 22:00,4715.70,4722.30,4712.10,4721.70,218
2026-08-25 22:15,4721.60,4724.30,4721.60,4723.90,493
2026-08-25 22:30,4723.80,4727.80,4723.80,4727.20,497
2026-08-25 22:45,4727.20,4730.90,4727.20,4729.70,526
2026-08-25 23:00,4729.70,4730.60,4724.00,4725.10,502
2026-08-25 23:15,4725.00,4725.10,4717.50,4718.30,691
2026-08-25 23:30,4718.50,4718.80,4712.80,4713.50,687
2026-08-25 23:45,4713.10,4716.00,4710.30,4712.10,707
2026-08-26 00:00,4711.90,4715.20,4707.40,4708.40,1005
2026-08-26 00:15,4708.30,4712.30,4700.10,4703.70,1040
2026-08-26 00:30,4704.20,4707.20,4693.10,4694.10,1696
2026-08-26 00:45,4694.00,4695.70,4691.10,4694.20,1177
2026-08-26 01:00,4694.60,4704.70,4686.20,4700.80,2700
2026-08-26 01:15,4701.50,4707.10,4700.00,4700.30,1554
2026-08-26 01:30,4700.30,4703.90,4695.60,4701.10,1618
2026-08-26 01:45,4702.10,4717.70,4700.10,4713.80,1616
2026-08-26 02:00,4713.60,4718.50,4711.60,4717.00,1028
2026-08-26 02:15,4717.00,4718.70,4712.60,4715.50,787
2026-08-26 02:30,4715.40,4728.00,4714.50,4724.30,1948
2026-08-26 02:45,4724.20,4726.00,4714.90,4715.20,766
2026-08-26 03:00,4715.40,4715.90,4704.20,4705.30,1428
2026-08-26 03:15,4705.10,4708.10,4702.40,4707.30,1106
2026-08-26 03:30,4707.20,4708.40,4702.30,4702.50,730
2026-08-26 03:45,4702.30,4702.40,4699.60,4701.10,589
2026-08-26 04:00,4699.80,4701.20,4698.90,4699.60,382
2026-08-26 04:15,4699.70,4700.50,4698.20,4699.20,407
2026-08-26 04:30,4699.40,4700.40,4696.40,4697.60,548
2026-08-26 04:45,4697.90,4698.80,4695.70,4697.60,561
2026-08-26 05:00,4697.50,4702.80,4697.30,4700.20,859
2026-08-26 05:15,4700.20,4702.20,4698.40,4700.20,457
2026-08-26 05:30,4700.40,4706.30,4694.70,4695.00,1390
2026-08-26 05:45,4694.60,4697.30,4692.20,4696.30,749
2026-08-26 06:00,4696.20,4698.00,4692.60,4694.20,775
2026-08-26 06:15,4694.20,4694.20,4681.10,4683.40,1677
2026-08-26 06:30,4683.40,4691.20,4682.60,4690.20,1167
2026-08-26 06:45,4690.10,4693.30,4687.10,4690.60,1025
2026-08-26 07:00,4690.60,4695.70,4689.30,4693.00,1150
2026-08-26 07:15,4692.70,4694.30,4686.90,4687.50,808
2026-08-26 07:30,4687.60,4693.00,4685.10,4688.30,910
2026-08-26 07:45,4688.40,4691.20,4682.60,4685.10,1183
2026-08-26 08:00,4684.90,4686.70,4681.40,4681.50,993
2026-08-26 08:15,4681.30,4685.10,4677.30,4684.90,1334
2026-08-26 08:30,4685.20,4686.40,4680.60,4685.00,688
2026-08-26 08:45,4684.80,4685.40,4681.30,4683.70,640
2026-08-26 09:00,4684.00,4687.00,4679.20,4680.40,1761
2026-08-26 09:15,4680.30,4680.70,4671.30,4672.40,2196
2026-08-26 09:30,4672.10,4678.10,4672.00,4678.00,945
2026-08-26 09:45,4677.70,4681.60,4677.70,4679.50,766
2026-08-26 10:00,4679.60,4680.00,4673.90,4675.10,618
2026-08-26 10:15,4674.90,4676.80,4668.80,4670.80,1556
2026-08-26 10:30,4671.20,4680.10,4670.70,4678.30,931
2026-08-26 10:45,4678.40,4679.90,4674.60,4675.90,617
2026-08-26 11:00,4676.30,4677.90,4672.60,4674.10,1039
2026-08-26 11:15,4674.40,4678.80,4672.10,4676.00,1312
2026-08-26 11:30,4676.40,4678.90,4673.00,4674.50,816
2026-08-26 11:45,4674.50,4681.00,4672.40,4680.30,888
2026-08-26 12:00,4680.60,4685.60,4679.40,4681.20,1949
2026-08-26 12:15,4681.30,4686.60,4680.00,4686.60,2008
2026-08-26 12:30,4686.60,4690.00,4666.90,4677.70,5999
2026-08-26 12:45,4677.60,4681.70,4666.00,4669.50,3191
2026-08-26 13:00,4670.00,4676.90,4662.60,4666.30,5672
2026-08-26 13:15,4666.20,4669.80,4653.30,4666.50,5753
2026-08-26 13:30,4666.70,4678.30,4665.50,4675.00,4311
2026-08-26 13:45,4675.00,4687.00,4673.40,4686.60,4433
2026-08-26 14:00,4686.70,4688.60,4675.00,4676.10,3417
2026-08-26 14:15,4676.20,4682.80,4672.00,4672.50,2312
2026-08-26 14:30,4672.40,4678.90,4668.60,4677.90,2283
2026-08-26 14:45,4677.90,4678.80,4658.00,4658.20,4447
2026-08-26 15:00,4658.50,4660.80,4642.60,4644.00,8071
2026-08-26 15:15,4644.00,4653.70,4638.20,4650.40,5343
2026-08-26 15:30,4650.00,4660.30,4649.90,4660.20,2223
2026-08-26 15:45,4660.40,4664.60,4651.40,4651.40,3383
2026-08-26 16:00,4651.60,4656.80,4645.90,4655.20,3270
2026-08-26 16:15,4655.40,4655.80,4648.80,4649.90,3864
2026-08-26 16:30,4650.20,4651.50,4640.80,4643.70,2720
2026-08-26 16:45,4643.30,4652.50,4643.30,4647.10,1882
2026-08-26 17:00,4647.10,4651.60,4645.90,4650.20,1108
2026-08-26 17:15,4650.30,4654.30,4648.80,4653.40,2493
2026-08-26 17:30,4653.20,4657.60,4651.00,4652.60,1718
2026-08-26 17:45,4652.50,4654.60,4649.40,4653.20,819
2026-08-26 18:00,4653.10,4660.30,4652.30,4655.90,1566
2026-08-26 18:15,4656.00,4656.20,4648.00,4650.20,1383
2026-08-26 18:30,4649.90,4652.60,4647.50,4652.00,1052
2026-08-26 18:45,4651.60,4653.00,4648.30,4648.50,791
2026-08-26 19:00,4648.80,4650.40,4645.70,4649.10,685
2026-08-26 19:15,4649.10,4653.70,4645.80,4653.10,931
2026-08-26 19:30,4653.20,4656.30,4649.00,4650.20,802
2026-08-26 19:45,4650.50,4651.10,4647.00,4648.90,1090
2026-08-26 20:00,4649.00,4651.40,4646.00,4646.00,499
2026-08-26 20:15,4646.40,4646.70,4638.60,4645.90,739
2026-08-26 20:30,4645.80,4648.40,4645.00,4646.40,245
2026-08-26 20:45,4646.60,4649.70,4646.50,4647.80,255
2026-08-26 22:00,4650.00,4660.00,4648.10,4656.60,254
2026-08-26 22:15,4657.00,4667.70,4656.20,4665.10,926
2026-08-26 22:30,4665.20,4666.00,4663.10,4665.00,376
2026-08-26 22:45,4665.30,4666.20,4660.70,4663.30,663
2026-08-26 23:00,4663.20,4669.50,4660.90,4669.50,863
2026-08-26 23:15,4669.10,4676.10,4668.20,4673.70,1135
2026-08-26 23:30,4674.10,4678.70,4672.00,4676.80,591
2026-08-26 23:45,4676.30,4678.90,4674.70,4677.50,1043
2026-08-27 00:00,4677.90,4681.00,4670.30,4672.00,1019
2026-08-27 00:15,4671.70,4675.30,4667.40,4673.10,853
2026-08-27 00:30,4673.00,4673.00,4659.40,4660.40,1772
2026-08-27 00:45,4660.50,4665.30,4654.50,4659.20,1182
2026-08-27 01:00,4658.90,4679.10,4656.20,4678.90,1911
2026-08-27 01:15,4679.10,4679.50,4671.20,4672.80,1349
2026-08-27 01:30,4672.70,4686.00,4672.40,4678.40,2076
2026-08-27 01:45,4678.40,4695.40,4678.30,4694.60,2143
2026-08-27 02:00,4694.60,4697.70,4692.60,4695.40,1449
2026-08-27 02:15,4695.00,4695.20,4687.40,4687.90,1234
2026-08-27 02:30,4687.80,4688.40,4678.10,4681.60,1891
2026-08-27 02:45,4681.80,4685.90,4678.90,4683.70,840
2026-08-27 03:00,4683.80,4689.70,4682.90,4689.00,737
2026-08-27 03:15,4688.70,4693.10,4687.40,4690.00,520
2026-08-27 03:30,4690.00,4690.30,4683.40,4684.00,586
2026-08-27 03:45,4683.70,4684.40,4678.80,4679.00,459
2026-08-27 04:00,4679.70,4681.80,4678.80,4679.80,412
2026-08-27 04:15,4679.60,4681.60,4675.00,4675.00,599
2026-08-27 04:30,4674.90,4675.30,4671.40,4673.40,631
2026-08-27 04:45,4673.30,4675.00,4671.90,4673.00,692
2026-08-27 05:00,4673.30,4675.70,4670.60,4673.90,611
2026-08-27 05:15,4674.00,4675.80,4670.80,4671.20,672
2026-08-27 05:30,4671.10,4673.90,4658.70,4659.70,2479
2026-08-27 05:45,4659.50,4663.90,4655.00,4661.20,2255
2026-08-27 06:00,4661.00,4661.50,4653.30,4660.00,2802
2026-08-27 06:15,4659.40,4664.20,4657.60,4664.20,1266
2026-08-27 06:30,4664.40,4665.70,4658.60,4661.50,1009
2026-08-27 06:45,4661.60,4663.50,4651.70,4654.30,1809
2026-08-27 07:00,4654.30,4659.70,4652.60,4657.70,1325
2026-08-27 07:15,4657.50,4657.50,4647.20,4653.30,1934
2026-08-27 07:30,4653.40,4655.10,4648.70,4651.50,896
2026-08-27 07:45,4651.80,4656.30,4649.40,4653.40,790
2026-08-27 08:00,4654.00,4660.50,4653.20,4656.80,1056
2026-08-27 08:15,4657.20,4659.80,4653.60,4654.70,814
2026-08-27 08:30,4654.50,4655.30,4647.90,4649.20,985
2026-08-27 08:45,4649.20,4655.50,4648.90,4652.30,700
2026-08-27 09:00,4652.30,4653.80,4646.60,4648.70,894
2026-08-27 09:15,4649.00,4652.50,4646.80,4650.70,1712
2026-08-27 09:30,4650.90,4652.10,4631.00,4635.60,4570
2026-08-27 09:45,4635.40,4639.00,4631.70,4633.20,1770
2026-08-27 10:00,4632.90,4634.70,4618.90,4634.40,3974
2026-08-27 10:15,4634.00,4636.20,4629.90,4633.20,1295
2026-08-27 10:30,4632.90,4639.10,4628.90,4638.60,1130
2026-08-27 10:45,4638.60,4643.60,4638.40,4643.00,1217
2026-08-27 11:00,4643.10,4645.70,4640.20,4645.50,658
2026-08-27 11:15,4645.40,4650.20,4644.20,4647.40,1622
2026-08-27 11:30,4647.90,4653.00,4647.10,4651.00,2050
2026-08-27 11:45,4651.00,4653.70,4647.90,4652.30,2539
2026-08-27 12:00,4652.00,4654.70,4646.00,4646.10,1780
2026-08-27 12:15,4646.00,4654.10,4645.00,4650.00,2208
2026-08-27 12:30,4650.60,4651.00,4640.70,4641.00,2340
2026-08-27 12:45,4641.00,4641.60,4633.70,4639.30,1777
2026-08-27 13:00,4639.20,4644.00,4633.00,4638.50,1989
2026-08-27 13:15,4638.20,4646.40,4636.00,4643.10,2352
2026-08-27 13:30,4643.00,4646.00,4624.50,4631.30,4740
2026-08-27 13:45,4630.70,4635.90,4616.00,4625.90,5042
2026-08-27 14:00,4625.60,4632.80,4621.70,4627.60,3969
2026-08-27 14:15,4627.00,4637.90,4627.00,4634.60,2967
2026-08-27 14:30,4634.40,4651.50,4634.40,4648.80,4581
2026-08-27 14:45,4648.90,4652.00,4641.90,4645.10,2252
2026-08-27 15:00,4645.00,4649.50,4644.90,4646.50,1295
2026-08-27 15:15,4646.60,4651.90,4642.70,4646.90,1386
2026-08-27 15:30,4646.90,4660.00,4646.10,4655.50,2962
2026-08-27 15:45,4655.70,4665.50,4654.30,4664.50,2254
2026-08-27 16:00,4664.70,4666.90,4658.70,4658.90,1705
2026-08-27 16:15,4658.90,4662.60,4656.50,4662.00,1136
2026-08-27 16:30,4661.80,4667.10,4660.00,4665.70,1768
2026-08-27 16:45,4665.60,4670.90,4664.30,4669.30,1962
2026-08-27 17:00,4669.20,4670.70,4662.70,4664.50,1258
2026-08-27 17:15,4664.40,4666.20,4662.50,4664.30,1392
2026-08-27 17:30,4664.50,4668.40,4662.40,4665.40,954
2026-08-27 17:45,4665.50,4665.90,4659.10,4660.40,1229
2026-08-27 18:00,4660.60,4662.10,4655.90,4659.20,1143
2026-08-27 18:15,4659.60,4662.00,4655.20,4655.30,749
2026-08-27 18:30,4655.30,4659.00,4654.70,4658.30,498
2026-08-27 18:45,4658.40,4665.20,4658.20,4664.30,971
2026-08-27 19:00,4664.70,4672.40,4664.60,4669.90,1258
2026-08-27 19:15,4670.40,4670.40,4658.30,4660.00,1130
2026-08-27 19:30,4659.80,4664.20,4658.60,4663.60,535
2026-08-27 19:45,4663.70,4666.40,4658.80,4662.70,1004
2026-08-27 20:00,4662.80,4663.60,4657.50,4658.70,440
2026-08-27 20:15,4658.50,4659.30,4656.60,4657.30,145
2026-08-27 20:30,4657.50,4658.30,4655.50,4657.70,153
2026-08-27 20:45,4657.90,4658.60,4653.80,4654.80,526
2026-08-27 22:00,4656.00,4660.90,4653.90,4657.90,116
2026-08-27 22:15,4658.40,4662.00,4657.60,4661.00,395
2026-08-27 22:30,4661.40,4663.40,4660.00,4661.10,467
2026-08-27 22:45,4660.90,4664.10,4659.80,4664.10,354
2026-08-27 23:00,4664.00,4664.80,4656.10,4656.10,851
2026-08-27 23:15,4655.80,4656.80,4652.90,4654.40,341
2026-08-27 23:30,4654.40,4655.20,4651.50,4652.80,673
2026-08-27 23:45,4652.50,4652.90,4647.30,4647.60,561
2026-08-28 00:00,4647.80,4655.70,4646.50,4653.50,807
2026-08-28 00:15,4653.80,4654.10,4643.80,4647.10,754
2026-08-28 00:30,4647.30,4647.30,4640.70,4643.80,594
2026-08-28 00:45,4643.50,4644.10,4638.50,4641.20,688
2026-08-28 01:00,4642.40,4655.40,4639.40,4647.30,1567
2026-08-28 01:15,4647.50,4651.00,4637.00,4638.80,1204
2026-08-28 01:30,4638.90,4642.10,4631.20,4635.10,1345
2026-08-28 01:45,4634.70,4636.00,4628.10,4628.90,1183
2026-08-28 02:00,4628.60,4635.40,4628.00,4634.10,709
2026-08-28 02:15,4633.70,4637.60,4631.40,4636.30,533
2026-08-28 02:30,4636.40,4642.40,4635.90,4637.80,699
2026-08-28 02:45,4637.90,4639.80,4634.90,4638.90,571
2026-08-28 03:00,4638.70,4640.90,4635.00,4637.10,432
2026-08-28 03:15,4636.80,4642.30,4636.80,4640.60,610
2026-08-28 03:30,4640.50,4640.50,4633.40,4634.10,459
2026-08-28 03:45,4634.00,4634.00,4630.90,4631.40,285
2026-08-28 04:00,4632.30,4632.90,4630.20,4631.60,383
2026-08-28 04:15,4631.20,4637.50,4630.80,4636.80,570
2026-08-28 04:30,4636.50,4636.50,4630.00,4632.00,360
2026-08-28 04:45,4632.00,4637.50,4630.20,4636.40,301
2026-08-28 05:00,4636.70,4637.30,4630.30,4632.30,424
2026-08-28 05:15,4631.90,4638.60,4631.40,4636.40,520
2026-08-28 05:30,4636.20,4636.20,4623.00,4625.00,1469
2026-08-28 05:45,4624.90,4629.50,4623.80,4625.50,539
2026-08-28 06:00,4625.70,4636.00,4624.50,4634.30,986
2026-08-28 06:15,4634.10,4638.10,4633.00,4637.30,758
2026-08-28 06:30,4637.10,4640.90,4635.60,4640.60,1031
2026-08-28 06:45,4640.80,4666.20,4640.70,4665.50,3333
2026-08-28 07:00,4665.40,4666.40,4648.70,4653.50,2531
2026-08-28 07:15,4653.30,4662.90,4652.10,4659.90,1225
2026-08-28 07:30,4660.40,4667.40,4660.10,4662.30,1266
2026-08-28 07:45,4662.10,4666.60,4660.40,4665.00,1217
2026-08-28 08:00,4664.90,4667.70,4663.20,4665.10,841
2026-08-28 08:15,4665.30,4665.50,4661.30,4662.30,923
2026-08-28 08:30,4662.70,4665.10,4657.00,4657.10,791
2026-08-28 08:45,4657.10,4659.90,4654.30,4656.30,1217
2026-08-28 09:00,4656.40,4657.90,4654.30,4655.30,493
2026-08-28 09:15,4655.00,4657.70,4653.50,4655.50,802
2026-08-28 09:30,4655.20,4658.70,4654.60,4657.70,1017
2026-08-28 09:45,4657.60,4661.40,4656.70,4658.70,592
2026-08-28 10:00,4658.80,4662.80,4657.00,4662.20,652
2026-08-28 10:15,4662.40,4663.50,4655.00,4658.50,1133
2026-08-28 10:30,4658.70,4661.20,4655.00,4656.00,532
2026-08-28 10:45,4655.80,4656.50,4650.30,4653.10,1033
2026-08-28 11:00,4653.10,4654.20,4647.70,4651.30,1299
2026-08-28 11:15,4651.30,4653.90,4650.20,4651.40,565
2026-08-28 11:30,4651.40,4653.40,4643.60,4647.20,1884
2026-08-28 11:45,4647.00,4648.60,4644.00,4645.60,697
2026-08-28 12:00,4645.60,4649.30,4643.20,4646.90,1246
2026-08-28 12:15,4647.00,4656.40,4644.50,4654.50,1675
2026-08-28 12:30,4654.30,4655.00,4641.20,4644.10,2225
2026-08-28 12:45,4644.10,4655.20,4642.60,4654.10,1685
2026-08-28 13:00,4654.20,4657.70,4648.60,4651.30,2277
2026-08-28 13:15,4651.50,4656.70,4645.90,4656.30,2164
2026-08-28 13:30,4656.10,4660.30,4651.10,4657.00,2627
2026-08-28 13:45,4657.30,4680.80,4655.20,4657.50,5900
2026-08-28 14:00,4657.40,4688.00,4594.60,4597.50,31938
2026-08-28 14:15,4597.70,4620.50,4580.20,4603.20,21800
2026-08-28 14:30,4603.50,4629.20,4603.00,4613.20,12727
2026-08-28 14:45,4613.10,4633.00,4601.70,4629.00,8631
2026-08-28 15:00,4629.30,4636.10,4609.50,4611.60,9570
2026-08-28 15:15,4611.70,4620.70,4603.50,4618.80,7109
2026-08-28 15:30,4619.00,4619.70,4586.50,4590.80,7501
2026-08-28 15:45,4591.60,4598.10,4574.80,4575.70,10219
2026-08-28 16:00,4575.90,4580.90,4548.00,4549.30,12985
2026-08-28 16:15,4549.10,4555.00,4515.30,4531.60,17713
2026-08-28 16:30,4531.60,4538.30,4516.70,4519.60,8956
2026-08-28 16:45,4519.80,4535.90,4519.50,4529.90,4465
2026-08-28 17:00,4530.10,4533.60,4521.90,4531.30,4298
2026-08-28 17:15,4531.30,4537.20,4525.40,4528.40,6505
2026-08-28 17:30,4528.50,4532.10,4510.50,4517.50,5203
2026-08-28 17:45,4517.30,4526.10,4516.70,4519.70,4376
2026-08-28 18:00,4519.70,4521.90,4509.50,4511.10,5140
2026-08-28 18:15,4511.10,4513.50,4502.40,4506.20,4791
2026-08-28 18:30,4505.90,4508.50,4495.00,4501.00,4011
2026-08-28 18:45,4500.50,4507.90,4498.00,4506.50,1656
2026-08-28 19:00,4506.50,4512.60,4502.40,4506.70,2486
2026-08-28 19:15,4506.50,4513.20,4504.70,4512.00,1198
2026-08-28 19:30,4511.60,4517.20,4510.80,4514.60,1876
2026-08-28 19:45,4514.40,4514.40,4502.30,4507.90,2743
2026-08-28 20:00,4507.90,4512.30,4504.90,4507.50,1399
2026-08-28 20:15,4507.70,4510.20,4503.20,4507.40,412
2026-08-28 20:30,4507.50,4507.50,4503.40,4506.60,458
2026-08-28 20:45,4507.00,4529.90,4502.70,4529.90,882
2026-08-30 22:00,4506.30,4510.00,4505.00,4509.20,561
2026-08-30 22:15,4508.80,4515.90,4506.20,4509.20,1991
2026-08-30 22:30,4509.00,4512.00,4502.20,4507.30,1116
2026-08-30 22:45,4507.20,4512.00,4506.40,4510.90,643
2026-08-30 23:00,4510.80,4516.60,4508.80,4509.80,841
2026-08-30 23:15,4509.90,4514.40,4503.90,4506.80,1126
2026-08-30 23:30,4506.40,4507.00,4495.70,4496.50,1286
2026-08-30 23:45,4496.20,4509.60,4485.20,4507.80,2396
2026-08-31 00:00,4507.80,4512.90,4502.40,4511.30,1603
2026-08-31 00:15,4511.00,4514.60,4501.40,4505.70,885
2026-08-31 00:30,4506.20,4521.50,4506.20,4514.50,1499
2026-08-31 00:45,4514.50,4518.30,4505.50,4505.70,1114
2026-08-31 01:00,4505.80,4512.40,4485.30,4493.30,4457
2026-08-31 01:15,4492.80,4503.50,4491.80,4493.50,1723
2026-08-31 01:30,4493.00,4503.10,4485.60,4500.20,1970
2026-08-31 01:45,4500.20,4501.90,4485.00,4489.60,2086
2026-08-31 02:00,4489.10,4490.70,4466.00,4474.00,4993
2026-08-31 02:15,4473.90,4477.20,4467.50,4472.40,1418
2026-08-31 02:30,4472.10,4475.70,4451.20,4452.10,4314
2026-08-31 02:45,4452.10,4472.40,4445.60,4472.30,2818
2026-08-31 03:00,4472.30,4477.80,4471.10,4477.80,1449
2026-08-31 03:15,4478.00,4483.60,4476.00,4477.30,1604
2026-08-31 03:30,4477.20,4477.30,4469.50,4472.30,952
2026-08-31 03:45,4472.50,4476.80,4471.10,4472.00,558
2026-08-31 04:00,4472.30,4472.50,4466.40,4471.10,1349
2026-08-31 04:15,4471.20,4471.30,4465.50,4465.50,544
2026-08-31 04:30,4465.50,4471.90,4462.50,4469.90,920
2026-08-31 04:45,4470.10,4475.00,4468.60,4474.60,657
2026-08-31 05:00,4474.60,4477.00,4469.20,4473.00,1046
2026-08-31 05:15,4472.60,4490.50,4472.00,4489.90,1174
2026-08-31 05:30,4490.30,4491.90,4480.40,4486.60,1429
2026-08-31 05:45,4487.10,4493.50,4483.90,4492.70,1356
2026-08-31 06:00,4492.70,4493.00,4478.90,4482.00,1192
2026-08-31 06:15,4482.30,4489.00,4481.20,4486.00,1504
2026-08-31 06:30,4485.70,4491.10,4481.30,4489.50,869
2026-08-31 06:45,4489.50,4493.00,4486.70,4489.40,706
2026-08-31 07:00,4489.20,4491.60,4485.50,4485.90,783
2026-08-31 07:15,4486.00,4498.50,4485.00,4494.10,1950
2026-08-31 07:30,4494.10,4497.30,4491.30,4496.70,951
2026-08-31 07:45,4496.90,4498.20,4490.90,4493.30,773
2026-08-31 08:00,4493.30,4499.70,4487.10,4489.10,1247
2026-08-31 08:15,4489.00,4491.40,4486.20,4490.50,819
2026-08-31 08:30,4490.20,4490.20,4484.40,4485.50,589
2026-08-31 08:45,4485.40,4487.00,4483.90,4485.60,732
2026-08-31 09:00,4485.80,4493.10,4485.70,4493.10,1099
2026-08-31 09:15,4493.30,4494.50,4488.00,4489.50,546
2026-08-31 09:30,4489.60,4495.20,4489.30,4493.70,787
2026-08-31 09:45,4493.70,4496.00,4491.80,4496.00,493
2026-08-31 10:00,4495.90,4504.20,4495.20,4502.00,1325
2026-08-31 10:15,4502.40,4502.80,4496.80,4499.10,826
2026-08-31 10:30,4499.20,4502.90,4498.50,4501.70,745
2026-08-31 10:45,4501.90,4506.70,4500.20,4504.50,963
2026-08-31 11:00,4504.60,4508.40,4503.80,4504.40,790
2026-08-31 11:15,4504.50,4514.90,4503.10,4514.10,1346
2026-08-31 11:30,4514.10,4514.90,4504.50,4505.30,1455
2026-08-31 11:45,4505.70,4507.10,4503.20,4506.20,906
2026-08-31 12:00,4506.10,4511.90,4500.80,4508.20,2772
2026-08-31 12:15,4508.30,4509.70,4497.80,4498.70,2108
2026-08-31 12:30,4498.40,4500.90,4489.80,4491.60,2801
2026-08-31 12:45,4491.40,4492.90,4486.50,4486.90,2443
2026-08-31 13:00,4486.70,4497.80,4484.80,4497.00,3032
2026-08-31 13:15,4497.10,4499.50,4490.50,4497.30,1496
2026-08-31 13:30,4497.40,4498.50,4483.10,4484.60,3434
2026-08-31 13:45,4484.70,4484.80,4466.40,4469.10,7235
2026-08-31 14:00,4469.30,4478.50,4466.70,4477.60,3378
2026-08-31 14:15,4477.70,4481.60,4466.90,4470.60,3092
2026-08-31 14:30,4470.50,4487.20,4470.00,4483.10,3639
2026-08-31 14:45,4483.50,4486.30,4476.20,4481.70,2447
2026-08-31 15:00,4481.70,4487.70,4477.90,4485.20,2107
2026-08-31 15:15,4485.40,4487.90,4478.90,4482.90,1859
2026-08-31 15:30,4482.40,4484.00,4476.00,4477.20,2108
2026-08-31 15:45,4477.30,4483.60,4474.30,4475.50,1727
2026-08-31 16:00,4475.90,4487.10,4473.00,4484.40,2265
2026-08-31 16:15,4484.70,4488.70,4482.90,4488.30,991
2026-08-31 16:30,4488.60,4490.30,4481.00,4485.40,1671
2026-08-31 16:45,4485.20,4487.10,4481.80,4482.60,1149
2026-08-31 17:00,4482.80,4484.60,4480.00,4482.90,905
2026-08-31 17:15,4483.00,4486.60,4477.80,4479.80,3300
2026-08-31 17:30,4479.80,4486.30,4479.10,4486.00,1359
2026-08-31 17:45,4485.90,4489.70,4485.10,4485.60,949
2026-08-31 18:00,4486.00,4486.10,4479.50,4483.20,1038
2026-08-31 18:15,4483.10,4484.00,4478.90,4478.90,716
2026-08-31 18:30,4478.90,4479.50,4475.50,4478.60,913
2026-08-31 18:45,4478.60,4484.00,4478.40,4480.30,644
2026-08-31 19:00,4480.70,4484.70,4478.40,4482.80,741
2026-08-31 19:15,4483.10,4491.70,4482.10,4489.80,1608
2026-08-31 19:30,4489.80,4494.80,4488.40,4492.50,1402
2026-08-31 19:45,4492.20,4502.70,4490.80,4502.00,2850
2026-08-31 20:00,4502.30,4504.90,4499.10,4499.20,888
2026-08-31 20:15,4499.30,4499.60,4496.10,4496.50,338
2026-08-31 20:30,4496.50,4498.80,4495.90,4497.30,209
2026-08-31 20:45,4497.40,4498.90,4496.20,4497.30,324
2026-08-31 22:00,4498.70,4504.80,4496.50,4500.40,305
2026-08-31 22:15,4500.40,4500.70,4496.40,4498.60,472
2026-08-31 22:30,4498.50,4500.00,4495.90,4496.90,284
2026-08-31 22:45,4496.60,4496.90,4494.30,4495.50,191
2026-08-31 23:00,4495.80,4495.80,4492.30,4492.60,429
2026-08-31 23:15,4492.40,4492.80,4490.30,4491.90,361
2026-08-31 23:30,4492.00,4496.50,4491.60,4494.50,389
2026-08-31 23:45,4494.50,4501.00,4494.20,4501.00,522
2026-09-01 00:00,4501.30,4507.10,4495.00,4503.90,1158
2026-09-01 00:15,4504.10,4510.50,4501.40,4509.20,834
2026-09-01 00:30,4509.50,4510.30,4500.70,4502.10,650
2026-09-01 00:45,4502.40,4510.40,4499.90,4502.70,783
2026-09-01 01:00,4502.60,4505.90,4494.20,4495.30,1224
2026-09-01 01:15,4495.60,4496.70,4486.70,4488.60,1097
2026-09-01 01:30,4488.80,4494.80,4485.20,4494.80,1022
2026-09-01 01:45,4494.90,4495.60,4488.30,4493.10,555
2026-09-01 02:00,4492.90,4498.20,4490.70,4493.80,926
2026-09-01 02:15,4494.10,4497.30,4489.20,4489.20,534
2026-09-01 02:30,4489.20,4489.80,4480.70,4481.20,1838
2026-09-01 02:45,4481.00,4492.60,4477.10,4492.40,1402
2026-09-01 03:00,4492.70,4493.50,4487.80,4489.40,1064
2026-09-01 03:15,4488.90,4489.60,4480.90,4483.50,844
2026-09-01 03:30,4483.40,4488.00,4482.60,4487.60,484
2026-09-01 03:45,4487.80,4492.40,4486.10,4487.00,1296
2026-09-01 04:00,4485.70,4486.70,4478.90,4479.60,949
2026-09-01 04:15,4479.60,4482.50,4478.30,4478.50,496
2026-09-01 04:30,4478.20,4479.40,4475.20,4476.50,932
2026-09-01 04:45,4475.90,4478.20,4473.90,4475.20,1582
2026-09-01 05:00,4475.40,4481.30,4474.70,4477.70,595
2026-09-01 05:15,4478.10,4479.00,4473.50,4475.20,521
2026-09-01 05:30,4474.90,4492.20,4471.90,4492.20,1661
2026-09-01 05:45,4491.20,4494.70,4488.30,4489.00,1013
2026-09-01 06:00,4488.50,4489.10,4480.20,4481.30,951
2026-09-01 06:15,4481.40,4483.80,4476.30,4477.60,921
2026-09-01 06:30,4477.70,4483.90,4477.00,4483.60,746
2026-09-01 06:45,4483.70,4484.10,4476.70,4478.00,552
2026-09-01 07:00,4478.10,4483.60,4477.90,4481.60,865
2026-09-01 07:15,4481.60,4482.30,4474.30,4474.50,2016
2026-09-01 07:30,4474.30,4476.90,4460.50,4466.80,2947
2026-09-01 07:45,4466.60,4471.90,4465.40,4468.70,1457
2026-09-01 08:00,4468.60,4468.60,4438.40,4454.30,6617
2026-09-01 08:15,4454.30,4454.90,4430.70,4432.00,3518
2026-09-01 08:30,4432.10,4432.60,4418.50,4424.10,5036
2026-09-01 08:45,4423.90,4427.00,4417.90,4419.40,2683
2026-09-01 09:00,4419.40,4424.60,4414.50,4424.20,3233
2026-09-01 09:15,4424.20,4426.60,4419.00,4421.40,2132
2026-09-01 09:30,4421.10,4421.70,4414.20,4420.40,3198
2026-09-01 09:45,4420.20,4422.50,4413.00,4413.70,1919
2026-09-01 10:00,4413.70,4430.80,4413.00,4426.80,2476
2026-09-01 10:15,4427.00,4434.20,4426.60,4433.30,1445
2026-09-01 10:30,4433.60,4434.60,4430.20,4430.20,1065
2026-09-01 10:45,4430.30,4430.30,4423.50,4426.90,2256
2026-09-01 11:00,4427.00,4431.80,4424.50,4425.80,1234
2026-09-01 11:15,4425.80,4430.40,4423.20,4429.20,1495
2026-09-01 11:30,4429.00,4433.40,4426.90,4432.70,1418
2026-09-01 11:45,4432.80,4435.70,4420.50,4422.90,2235
2026-09-01 12:00,4423.00,4423.20,4415.40,4419.50,3032
2026-09-01 12:15,4419.20,4424.90,4414.30,4417.10,2846
2026-09-01 12:30,4416.90,4417.50,4400.40,4413.20,5998
2026-09-01 12:45,4413.20,4418.50,4404.50,4404.70,3359
2026-09-01 13:00,4404.60,4406.30,4374.10,4377.50,15192
2026-09-01 13:15,4377.60,4392.60,4374.50,4391.10,5559
2026-09-01 13:30,4391.00,4410.60,4389.20,4409.70,7154
2026-09-01 13:45,4409.90,4415.90,4401.80,4413.90,3961
2026-09-01 14:00,4414.20,4419.50,4401.50,4419.00,6453
2026-09-01 14:15,4419.00,4424.30,4414.10,4414.40,3972
2026-09-01 14:30,4414.50,4421.80,4412.60,4414.70,2529
2026-09-01 14:45,4415.20,4418.70,4405.20,4408.80,3975
2026-09-01 15:00,4409.10,4411.50,4403.40,4405.30,2030
2026-09-01 15:15,4405.40,4414.20,4404.40,4414.20,2518
2026-09-01 15:30,4414.00,4419.10,4409.80,4419.10,1746
2026-09-01 15:45,4419.20,4422.70,4417.00,4421.70,1661
2026-09-01 16:00,4421.60,4423.30,4410.70,4410.70,2207
2026-09-01 16:15,4411.00,4414.00,4401.00,4401.30,3831
2026-09-01 16:30,4401.00,4406.10,4395.40,4403.20,3593
2026-09-01 16:45,4403.10,4407.50,4399.40,4399.60,1670
2026-09-01 17:00,4399.80,4400.30,4392.40,4394.60,2687
2026-09-01 17:15,4394.70,4398.60,4390.70,4398.50,4003
2026-09-01 17:30,4398.30,4400.30,4390.90,4392.30,1902
2026-09-01 17:45,4392.30,4392.70,4389.00,4391.10,1318
2026-09-01 18:00,4391.30,4392.70,4382.40,4384.40,1868
2026-09-01 18:15,4384.60,4389.60,4383.70,4385.40,1270
2026-09-01 18:30,4385.40,4385.50,4375.90,4377.10,2437
2026-09-01 18:45,4377.30,4382.20,4375.60,4379.40,2169
2026-09-01 19:00,4379.10,4384.80,4376.60,4384.70,1375
2026-09-01 19:15,4384.90,4385.20,4380.90,4382.00,771
2026-09-01 19:30,4382.00,4382.20,4369.70,4373.50,2603
2026-09-01 19:45,4373.20,4377.40,4370.50,4374.00,2434
2026-09-01 20:00,4374.10,4377.90,4370.70,4372.70,2029
2026-09-01 20:15,4372.80,4376.00,4371.80,4372.90,985
2026-09-01 20:30,4373.00,4377.50,4372.10,4375.00,593
2026-09-01 20:45,4374.50,4376.70,4373.80,4375.70,941
2026-09-01 22:00,4377.20,4381.00,4374.90,4375.50,233
2026-09-01 22:15,4375.60,4375.70,4373.50,4374.10,271
2026-09-01 22:30,4374.00,4375.90,4372.70,4374.40,376
2026-09-01 22:45,4374.40,4377.40,4373.50,4375.70,379
2026-09-01 23:00,4375.70,4378.60,4373.30,4376.70,582
2026-09-01 23:15,4376.30,4377.70,4370.50,4376.70,744
2026-09-01 23:30,4377.00,4382.00,4376.60,4380.00,722
2026-09-01 23:45,4379.70,4379.90,4367.70,4370.60,1314
2026-09-02 00:00,4370.70,4376.90,4361.40,4374.20,3320
2026-09-02 00:15,4374.30,4380.90,4369.00,4372.00,1946
2026-09-02 00:30,4371.80,4378.00,4366.40,4376.70,1090
2026-09-02 00:45,4376.50,4377.80,4360.70,4362.50,1687
2026-09-02 01:00,4362.10,4369.40,4350.10,4363.20,5567
2026-09-02 01:15,4363.60,4373.50,4362.10,4364.00,1716
2026-09-02 01:30,4364.20,4365.10,4351.60,4355.40,1855
2026-09-02 01:45,4355.20,4356.40,4333.90,4338.10,4341
2026-09-02 02:00,4337.80,4349.00,4334.60,4343.30,3107
2026-09-02 02:15,4343.40,4353.60,4343.30,4351.70,1818
2026-09-02 02:30,4352.10,4362.10,4346.70,4356.40,2821
2026-09-02 02:45,4357.00,4358.30,4347.20,4350.00,1564
2026-09-02 03:00,4350.00,4351.40,4343.90,4348.00,1166
2026-09-02 03:15,4348.10,4349.70,4336.40,4340.70,2682
2026-09-02 03:30,4340.60,4340.70,4329.20,4335.40,2804
2026-09-02 03:45,4335.50,4350.70,4335.30,4348.80,2093
2026-09-02 04:00,4349.90,4353.50,4348.80,4350.90,1095
2026-09-02 04:15,4351.10,4352.30,4347.80,4349.40,770
2026-09-02 04:30,4349.60,4354.40,4349.10,4351.00,681
2026-09-02 04:45,4351.40,4354.20,4350.40,4353.70,414
2026-09-02 05:00,4353.90,4356.50,4350.00,4356.50,809
2026-09-02 05:15,4356.60,4360.50,4353.20,4359.70,1376
2026-09-02 05:30,4359.80,4371.70,4359.70,4369.60,2927
2026-09-02 05:45,4369.90,4373.10,4365.90,4366.70,1027
2026-09-02 06:00,4366.80,4375.90,4364.20,4373.10,1548
2026-09-02 06:15,4372.90,4375.10,4367.50,4368.90,1907
2026-09-02 06:30,4369.40,4372.90,4363.00,4371.30,1390
2026-09-02 06:45,4371.20,4371.40,4361.20,4368.30,1314
2026-09-02 07:00,4368.40,4377.80,4365.80,4373.30,1613
2026-09-02 07:15,4373.00,4375.80,4371.40,4373.70,1029
2026-09-02 07:30,4373.20,4377.80,4368.50,4369.10,1059
2026-09-02 07:45,4369.40,4371.70,4366.90,4369.80,722
2026-09-02 08:00,4370.10,4378.40,4368.80,4372.20,1352
2026-09-02 08:15,4371.90,4374.20,4369.20,4369.60,871
2026-09-02 08:30,4369.60,4373.20,4366.00,4368.60,982
2026-09-02 08:45,4368.60,4369.30,4359.10,4359.60,1922
2026-09-02 09:00,4359.60,4369.20,4359.10,4360.70,1191
2026-09-02 09:15,4360.80,4362.20,4352.30,4356.10,1663
2026-09-02 09:30,4356.30,4359.10,4354.60,4357.10,1200
2026-09-02 09:45,4357.20,4358.70,4355.20,4355.90,768
2026-09-02 10:00,4355.90,4357.10,4349.10,4354.10,1260
2026-09-02 10:15,4354.00,4359.80,4353.40,4357.10,851
2026-09-02 10:30,4357.40,4358.10,4354.30,4356.60,619
2026-09-02 10:45,4356.70,4357.70,4352.50,4356.60,881
2026-09-02 11:00,4356.30,4371.60,4354.90,4370.10,2046
2026-09-02 11:15,4369.90,4370.30,4362.70,4368.80,1504
2026-09-02 11:30,4369.20,4380.20,4368.70,4372.00,2600
2026-09-02 11:45,4371.80,4380.10,4370.50,4379.60,1417
2026-09-02 12:00,4379.50,4383.30,4375.90,4380.30,2778
2026-09-02 12:15,4380.20,4391.40,4376.60,4383.30,6303
2026-09-02 12:30,4383.30,4384.50,4374.40,4381.10,2675
2026-09-02 12:45,4381.40,4386.00,4377.30,4378.30,1837
2026-09-02 13:00,4378.30,4391.50,4377.50,4386.50,4034
2026-09-02 13:15,4386.50,4405.80,4383.50,4405.50,7222
2026-09-02 13:30,4405.30,4427.00,4403.80,4425.50,9427
2026-09-02 13:45,4425.70,4433.50,4415.40,4433.00,7251
2026-09-02 14:00,4432.90,4444.40,4426.40,4434.80,9958
2026-09-02 14:15,4434.80,4444.00,4431.70,4434.30,4597
2026-09-02 14:30,4434.20,4435.00,4428.40,4432.60,3268
2026-09-02 14:45,4432.50,4433.90,4421.40,4424.20,3069
2026-09-02 15:00,4424.10,4427.80,4419.20,4419.40,2798
2026-09-02 15:15,4419.20,4420.00,4412.50,4419.50,4502
2026-09-02 15:30,4419.80,4422.20,4412.80,4413.20,1807
2026-09-02 15:45,4412.90,4420.60,4411.40,4419.90,1752
2026-09-02 16:00,4419.70,4421.70,4415.70,4419.10,1420
2026-09-02 16:15,4418.60,4419.00,4414.30,4415.20,1018
2026-09-02 16:30,4415.50,4417.40,4411.10,4411.50,1423
2026-09-02 16:45,4411.50,4417.50,4411.30,4415.10,1168
2026-09-02 17:00,4415.20,4417.90,4414.20,4415.30,1055
2026-09-02 17:15,4415.40,4416.60,4411.20,4416.60,1972
2026-09-02 17:30,4416.60,4424.20,4413.20,4423.20,2433
2026-09-02 17:45,4422.90,4427.40,4422.00,4423.40,1720
2026-09-02 18:00,4423.70,4423.80,4416.30,4416.80,1126
2026-09-02 18:15,4416.80,4426.30,4415.90,4420.00,2161
2026-09-02 18:30,4419.70,4425.00,4419.00,4419.60,668
2026-09-02 18:45,4419.60,4422.50,4419.10,4420.30,658
2026-09-02 19:00,4420.80,4427.00,4418.30,4425.60,879
2026-09-02 19:15,4425.70,4429.70,4424.80,4427.60,804
2026-09-02 19:30,4427.70,4435.20,4427.60,4434.50,1200
2026-09-02 19:45,4434.60,4437.90,4431.40,4437.70,1955
2026-09-02 20:00,4437.40,4438.20,4432.50,4432.60,839
2026-09-02 20:15,4432.50,4434.60,4430.60,4433.20,532
2026-09-02 20:30,4433.00,4436.60,4432.50,4434.80,331
2026-09-02 20:45,4434.90,4437.70,4433.80,4434.30,543
2026-09-02 22:00,4436.40,4438.10,4434.80,4434.80,165
2026-09-02 22:15,4434.80,4435.90,4432.60,4434.80,413
2026-09-02 22:30,4434.30,4434.70,4430.30,4430.40,554
2026-09-02 22:45,4430.40,4430.50,4428.40,4429.80,266
2026-09-02 23:00,4430.20,4432.20,4429.40,4429.60,367
2026-09-02 23:15,4429.40,4429.60,4427.30,4427.70,282
2026-09-02 23:30,4427.50,4430.80,4426.70,4430.80,469
2026-09-02 23:45,4430.20,4434.40,4429.90,4431.00,577
2026-09-03 00:00,4431.20,4438.00,4429.90,4435.40,1191
2026-09-03 00:15,4435.40,4435.70,4430.30,4432.50,561
2026-09-03 00:30,4432.30,4435.00,4427.80,4433.00,611
2026-09-03 00:45,4433.10,4442.90,4431.30,4440.50,1096
2026-09-03 01:00,4440.80,4454.70,4432.20,4446.80,4605
2026-09-03 01:15,4446.30,4448.90,4439.10,4447.10,1734
2026-09-03 01:30,4446.80,4454.80,4445.40,4445.80,1719
2026-09-03 01:45,4445.50,4457.60,4445.20,4455.00,1160
2026-09-03 02:00,4455.20,4461.20,4454.50,4456.20,1836
2026-09-03 02:15,4456.90,4458.60,4452.20,4457.10,1106
2026-09-03 02:30,4457.10,4463.70,4454.80,4459.00,1997
2026-09-03 02:45,4459.40,4466.20,4457.10,4466.00,1038
2026-09-03 03:00,4466.00,4475.80,4464.90,4474.60,1899
2026-09-03 03:15,4474.40,4477.10,4470.30,4475.10,1243
2026-09-03 03:30,4475.20,4477.90,4472.40,4472.40,1325
2026-09-03 03:45,4472.20,4478.20,4471.00,4477.10,1704
2026-09-03 04:00,4477.30,4481.10,4470.80,4476.20,2475
2026-09-03 04:15,4476.20,4482.00,4475.10,4481.80,739
2026-09-03 04:30,4481.70,4483.70,4480.50,4483.30,699
2026-09-03 04:45,4483.50,4483.90,4479.40,4483.00,1211
2026-09-03 05:00,4483.10,4486.00,4474.40,4475.30,1937
2026-09-03 05:15,4475.40,4476.70,4468.20,4471.00,2302
2026-09-03 05:30,4470.90,4479.50,4468.30,4478.20,2577
2026-09-03 05:45,4478.50,4485.30,4474.40,4477.00,2087
2026-09-03 06:00,4477.00,4482.20,4471.70,4472.90,1969
2026-09-03 06:15,4473.10,4476.80,4462.80,4467.50,3175
2026-09-03 06:30,4467.50,4472.00,4466.30,4471.60,1403
2026-09-03 06:45,4471.60,4474.70,4466.10,4466.40,1076
2026-09-03 07:00,4466.00,4477.50,4464.60,4467.70,2380
2026-09-03 07:15,4467.50,4475.80,4467.40,4471.90,1521
2026-09-03 07:30,4471.70,4476.40,4469.30,4472.10,1315
2026-09-03 07:45,4472.10,4476.80,4469.70,4474.70,1135
2026-09-03 08:00,4474.50,4490.00,4473.60,4477.60,4182
2026-09-03 08:15,4477.30,4485.80,4476.80,4484.60,2472
2026-09-03 08:30,4484.30,4486.00,4477.50,4480.50,1747
2026-09-03 08:45,4480.70,4486.30,4480.00,4481.10,1318
2026-09-03 09:00,4481.30,4488.20,4480.40,4484.20,1832
2026-09-03 09:15,4484.30,4484.50,4478.20,4481.50,1653
2026-09-03 09:30,4481.30,4484.70,4475.90,4476.30,2735
2026-09-03 09:45,4476.20,4476.90,4472.00,4473.90,1390
2026-09-03 10:00,4474.10,4476.10,4469.20,4470.90,972
2026-09-03 10:15,4470.60,4472.10,4464.90,4468.70,1968
2026-09-03 10:30,4468.60,4472.70,4466.20,4472.00,1123
2026-09-03 10:45,4471.70,4474.80,4470.20,4473.20,674
2026-09-03 11:00,4473.10,4479.00,4471.10,4478.60,1255
2026-09-03 11:15,4478.70,4484.20,4476.20,4480.40,1955
2026-09-03 11:30,4480.50,4485.30,4471.90,4484.50,1727
2026-09-03 11:45,4484.80,4493.40,4482.50,4490.20,1995
2026-09-03 12:00,4490.00,4496.70,4487.00,4490.40,2487
2026-09-03 12:15,4490.40,4495.60,4484.10,4493.30,3194
2026-09-03 12:30,4493.10,4526.40,4492.90,4514.70,13364
2026-09-03 12:45,4514.90,4542.60,4512.50,4540.90,8459
2026-09-03 13:00,4540.90,4543.70,4532.00,4532.90,7708
2026-09-03 13:15,4533.30,4535.30,4524.30,4527.60,5842
2026-09-03 13:30,4527.40,4529.70,4515.00,4517.20,5292
2026-09-03 13:45,4517.20,4517.70,4502.80,4517.10,7111
2026-09-03 14:00,4517.10,4519.80,4502.90,4515.70,5412
2026-09-03 14:15,4515.50,4527.30,4515.50,4523.60,4202
2026-09-03 14:30,4523.50,4526.10,4512.40,4519.30,3004
2026-09-03 14:45,4519.50,4531.90,4516.60,4531.90,3692
2026-09-03 15:00,4532.00,4552.00,4530.90,4551.00,10214
2026-09-03 15:15,4551.30,4558.50,4549.20,4554.10,5369
2026-09-03 15:30,4554.20,4557.40,4542.40,4542.80,3195
2026-09-03 15:45,4542.50,4543.10,4533.70,4540.80,3129
2026-09-03 16:00,4540.70,4543.40,4535.20,4541.70,1550
2026-09-03 16:15,4541.70,4542.40,4538.10,4540.70,1456
2026-09-03 16:30,4541.20,4543.30,4534.30,4535.60,1410
2026-09-03 16:45,4535.40,4538.70,4533.00,4533.70,1529
2026-09-03 17:00,4533.90,4536.30,4530.60,4535.30,2713
2026-09-03 17:15,4535.50,4541.20,4532.60,4540.40,2359
2026-09-03 17:30,4540.50,4541.40,4538.40,4539.20,1158
2026-09-03 17:45,4539.30,4542.00,4534.80,4535.70,1212
2026-09-03 18:00,4534.60,4537.10,4531.20,4531.20,1498
2026-09-03 18:15,4531.10,4535.40,4526.80,4527.10,1630
2026-09-03 18:30,4527.40,4530.00,4523.10,4528.90,1765
2026-09-03 18:45,4528.50,4530.00,4521.20,4522.90,1557
2026-09-03 19:00,4522.80,4524.70,4520.70,4522.40,1240
2026-09-03 19:15,4522.20,4524.60,4520.30,4523.50,865
2026-09-03 19:30,4523.80,4526.50,4521.70,4525.20,965
2026-09-03 19:45,4525.30,4528.70,4520.90,4522.90,1868
2026-09-03 20:00,4522.70,4523.30,4518.80,4519.30,865
2026-09-03 20:15,4519.20,4520.10,4517.70,4519.00,291
2026-09-03 20:30,4519.00,4520.20,4518.40,4519.60,245
2026-09-03 20:45,4519.70,4521.50,4519.00,4520.00,327
2026-09-03 21:00,4520.30,4520.30,4520.30,4520.30,1
2026-09-03 22:00,4522.00,4525.70,4520.10,4525.50,277
2026-09-03 22:15,4525.60,4526.30,4521.20,4522.30,582
2026-09-03 22:30,4522.20,4524.10,4519.60,4520.70,1022
2026-09-03 22:45,4521.40,4523.40,4518.50,4521.60,1374
2026-09-03 23:00,4521.50,4524.80,4519.30,4521.30,800
2026-09-03 23:15,4521.10,4522.20,4519.00,4520.70,564
2026-09-03 23:30,4520.60,4525.30,4520.50,4524.10,409
2026-09-03 23:45,4524.00,4527.20,4521.90,4526.90,588
2026-09-04 00:00,4527.00,4529.90,4524.90,4527.10,791
2026-09-04 00:15,4527.30,4527.60,4520.50,4521.20,555
2026-09-04 00:30,4521.20,4528.60,4519.30,4528.60,571
2026-09-04 00:45,4528.70,4533.50,4527.00,4532.90,1024
2026-09-04 01:00,4532.60,4533.60,4520.00,4520.90,1733
2026-09-04 01:15,4520.90,4525.00,4514.10,4517.20,1463
2026-09-04 01:30,4517.30,4523.20,4514.30,4520.30,1280
2026-09-04 01:45,4520.00,4526.60,4513.00,4525.20,1180
2026-09-04 02:00,4525.30,4528.90,4523.10,4525.40,777
2026-09-04 02:15,4525.50,4526.60,4517.40,4520.00,1055
2026-09-04 02:30,4519.90,4523.40,4516.50,4516.90,968
2026-09-04 02:45,4516.80,4527.00,4516.30,4523.80,737
2026-09-04 03:00,4523.50,4525.00,4516.40,4519.60,694
2026-09-04 03:15,4519.60,4521.00,4517.60,4518.60,424
2026-09-04 03:30,4518.80,4521.60,4515.20,4515.60,293
2026-09-04 03:45,4515.40,4516.40,4513.60,4513.80,370
2026-09-04 04:00,4513.10,4516.70,4511.60,4515.40,981
2026-09-04 04:15,4515.40,4518.80,4514.60,4518.10,412
2026-09-04 04:30,4518.10,4521.10,4518.00,4520.20,462
2026-09-04 04:45,4520.30,4521.50,4519.10,4520.40,322
2026-09-04 05:00,4520.30,4521.10,4513.80,4515.70,730
2026-09-04 05:15,4515.60,4521.60,4513.70,4513.80,729
2026-09-04 05:30,4513.60,4523.90,4512.80,4517.20,1794
2026-09-04 05:45,4517.10,4519.00,4513.40,4518.20,1008
2026-09-04 06:00,4518.10,4519.50,4512.80,4515.00,1518
2026-09-04 06:15,4514.90,4518.10,4512.90,4515.20,729
2026-09-04 06:30,4515.20,4516.10,4509.30,4510.60,1243
2026-09-04 06:45,4510.60,4510.80,4506.60,4509.50,1157
2026-09-04 07:00,4509.30,4518.30,4508.00,4514.70,1428
2026-09-04 07:15,4514.40,4520.00,4513.50,4519.60,1018
2026-09-04 07:30,4519.60,4534.40,4519.60,4532.50,2197
2026-09-04 07:45,4532.70,4537.80,4528.20,4530.30,2402
2026-09-04 08:00,4530.40,4533.60,4525.70,4528.90,1744
2026-09-04 08:15,4528.60,4531.00,4526.40,4527.80,672
2026-09-04 08:30,4528.10,4529.30,4524.10,4524.50,743
2026-09-04 08:45,4524.10,4526.40,4521.00,4524.30,628
2026-09-04 09:00,4524.50,4525.70,4515.50,4516.60,875
2026-09-04 09:15,4516.40,4517.40,4510.00,4512.80,1518
2026-09-04 09:30,4512.80,4516.50,4510.80,4513.40,1870
2026-09-04 09:45,4513.50,4516.10,4511.60,4511.80,573
2026-09-04 10:00,4511.70,4519.40,4511.60,4519.00,482
2026-09-04 10:15,4518.90,4520.00,4514.40,4517.50,917
2026-09-04 10:30,4517.60,4521.50,4516.30,4519.70,551
2026-09-04 10:45,4519.90,4523.10,4518.90,4518.90,474
2026-09-04 11:00,4519.20,4519.30,4515.70,4516.50,599
2026-09-04 11:15,4516.80,4516.90,4511.50,4511.80,988
2026-09-04 11:30,4511.90,4516.50,4511.30,4514.40,728
2026-09-04 11:45,4514.20,4516.80,4510.90,4513.10,1155
2026-09-04 12:00,4513.30,4516.70,4510.50,4510.90,1501
2026-09-04 12:15,4510.90,4523.30,4510.70,4517.70,2799
2026-09-04 12:30,4520.90,4523.50,4419.00,4440.90,30686
2026-09-04 12:45,4440.60,4456.90,4426.80,4440.60,10032
2026-09-04 13:00,4440.90,4441.80,4412.00,4440.70,10549
2026-09-04 13:15,4440.60,4461.50,4438.10,4459.50,6517
2026-09-04 13:30,4459.70,4471.10,4452.30,4470.80,8609
2026-09-04 13:45,4470.60,4481.80,4459.80,4459.90,6637
2026-09-04 14:00,4460.00,4482.70,4458.80,4481.90,4742
2026-09-04 14:15,4481.40,4484.80,4474.10,4476.50,4068
2026-09-04 14:30,4476.60,4489.40,4472.30,4476.00,4515
2026-09-04 14:45,4476.10,4479.20,4464.00,4474.30,4222
2026-09-04 15:00,4474.40,4490.80,4469.50,4490.30,3503
2026-09-04 15:15,4490.30,4496.20,4486.80,4487.00,3872
2026-09-04 15:30,4487.10,4493.70,4483.50,4490.10,2864
2026-09-04 15:45,4490.10,4493.30,4482.80,4483.30,1747
2026-09-04 16:00,4483.80,4487.90,4479.50,4486.20,2055
2026-09-04 16:15,4486.20,4491.00,4480.70,4481.60,1692
2026-09-04 16:30,4481.70,4487.20,4481.10,4485.40,1064
2026-09-04 16:45,4485.60,4487.80,4482.00,4483.60,1278
2026-09-04 17:00,4483.50,4483.90,4477.10,4481.20,1811
2026-09-04 17:15,4481.50,4488.00,4475.00,4476.00,3274
2026-09-04 17:30,4475.90,4477.30,4461.10,4464.50,2706
2026-09-04 17:45,4464.50,4468.90,4462.80,4464.00,1463
2026-09-04 18:00,4464.70,4467.40,4459.00,4467.10,2187
2026-09-04 18:15,4467.30,4474.50,4466.90,4472.60,1317
2026-09-04 18:30,4472.60,4473.90,4468.90,4470.50,928
2026-09-04 18:45,4470.30,4473.30,4469.50,4471.30,822
2026-09-04 19:00,4471.60,4477.30,4470.00,4476.50,860
2026-09-04 19:15,4476.50,4483.00,4474.10,4482.80,1106
2026-09-04 19:30,4482.80,4485.60,4481.30,4483.90,1083
2026-09-04 19:45,4484.20,4484.80,4479.80,4482.00,1702
2026-09-04 20:00,4481.80,4482.30,4477.90,4478.80,798
2026-09-04 20:15,4478.80,4479.00,4476.60,4477.30,325
2026-09-04 20:30,4476.60,4478.00,4476.00,4477.40,276
2026-09-04 20:45,4477.60,4478.50,4475.60,4476.60,400
2026-09-08 04:00,4483.50,4488.80,4483.30,4484.70,1379
2026-09-08 04:15,4484.90,4486.40,4477.00,4477.90,639
2026-09-08 04:30,4478.30,4482.10,4477.90,4481.90,468
2026-09-08 04:45,4481.70,4485.50,4479.60,4481.60,416
2026-09-08 05:00,4481.70,4483.40,4472.40,4472.90,770
2026-09-08 05:15,4472.60,4477.20,4465.30,4465.50,1101
2026-09-08 05:30,4465.60,4472.10,4462.90,4471.00,1222
2026-09-08 05:45,4470.70,4473.90,4462.10,4464.40,1067
2026-09-08 06:00,4464.40,4465.10,4453.10,4456.40,1838
2026-09-08 06:15,4456.10,4456.20,4443.70,4444.80,2101
2026-09-08 06:30,4444.80,4453.50,4442.60,4451.90,1820
2026-09-08 06:45,4452.10,4454.00,4448.00,4448.30,971
2026-09-08 07:00,4448.60,4454.00,4447.10,4447.90,1036
2026-09-08 07:15,4447.90,4449.20,4445.00,4446.50,1009
2026-09-08 07:30,4446.60,4450.20,4435.50,4440.20,1851
2026-09-08 07:45,4440.10,4441.80,4434.30,4436.70,1585
2026-09-08 08:00,4436.60,4440.20,4432.00,4434.70,1401
2026-09-08 08:15,4434.90,4440.90,4434.00,4438.90,972
2026-09-08 08:30,4439.00,4443.00,4436.50,4437.30,1148
2026-09-08 08:45,4436.80,4442.60,4435.50,4438.50,1075
2026-09-08 09:00,4438.00,4442.40,4435.50,4441.90,602
2026-09-08 09:15,4441.50,4443.60,4436.70,4437.30,1082
2026-09-08 09:30,4437.20,4448.00,4435.00,4445.60,1879
2026-09-08 09:45,4446.00,4450.10,4445.60,4447.20,950
2026-09-08 10:00,4447.30,4447.30,4438.00,4440.80,1071
2026-09-08 10:15,4440.60,4451.60,4440.40,4443.80,1667
2026-09-08 10:30,4443.70,4443.90,4438.30,4441.30,838
2026-09-08 10:45,4441.30,4444.90,4439.60,4439.90,860
2026-09-08 11:00,4440.20,4444.30,4435.50,4439.50,1231
2026-09-08 11:15,4439.40,4447.20,4439.30,4446.00,829
2026-09-08 11:30,4446.50,4452.40,4445.00,4447.80,1114
2026-09-08 11:45,4448.20,4451.60,4442.30,4450.90,1046
2026-09-08 12:00,4450.90,4451.40,4434.80,4436.00,2630
2026-09-08 12:15,4435.90,4446.20,4429.50,4446.20,5474
2026-09-08 12:30,4446.30,4452.70,4439.70,4441.00,2284
2026-09-08 12:45,4440.80,4456.30,4440.00,4456.10,2235
2026-09-08 13:00,4456.30,4457.90,4446.60,4453.00,2858
2026-09-08 13:15,4453.10,4455.50,4443.50,4444.80,1390
2026-09-08 13:30,4444.90,4450.30,4434.70,4441.10,3485
2026-09-08 13:45,4440.90,4452.00,4438.90,4440.30,3267
2026-09-08 14:00,4440.30,4447.70,4436.20,4439.30,2631
2026-09-08 14:15,4439.20,4449.00,4438.80,4441.50,2175
2026-09-08 14:30,4442.00,4446.00,4437.70,4442.10,2179
2026-09-08 14:45,4442.60,4444.10,4433.70,4443.40,3345
2026-09-08 15:00,4443.80,4453.70,4442.50,4450.00,2730
2026-09-08 15:15,4450.00,4454.50,4441.60,4444.40,3118
2026-09-08 15:30,4444.40,4449.30,4442.40,4445.20,1292
2026-09-08 15:45,4445.50,4445.80,4439.80,4439.80,1587
2026-09-08 16:00,4440.00,4440.40,4425.10,4431.50,4982
2026-09-08 16:15,4431.40,4440.50,4428.80,4438.90,2318
2026-09-08 16:30,4438.90,4441.40,4437.60,4438.80,1160
2026-09-08 16:45,4438.90,4443.40,4434.90,4438.30,2352
2026-09-08 17:00,4438.40,4448.60,4438.40,4440.30,2043
2026-09-08 17:15,4440.40,4442.30,4436.80,4438.90,2587
2026-09-08 17:30,4438.90,4439.80,4429.70,4429.70,1732
2026-09-08 17:45,4429.90,4434.70,4429.50,4434.30,1051
2026-09-08 18:00,4434.50,4434.70,4428.40,4432.10,1490
2026-09-08 18:15,4432.00,4432.10,4428.60,4430.10,1367
2026-09-08 18:30,4430.10,4430.40,4425.80,4430.20,902
2026-09-08 18:45,4430.10,4431.30,4402.40,4420.10,8135
2026-09-08 19:00,4420.20,4421.80,4413.90,4415.00,1735
2026-09-08 19:15,4415.30,4417.90,4411.00,4413.60,1239
2026-09-08 19:30,4413.40,4414.80,4406.30,4413.70,1524
2026-09-08 19:45,4413.70,4413.90,4401.10,4404.50,3292
2026-09-08 20:00,4404.10,4409.50,4400.70,4405.00,2136
2026-09-08 20:15,4405.30,4406.00,4400.10,4401.00,920
2026-09-08 20:30,4401.60,4403.40,4400.90,4402.50,370
2026-09-08 20:45,4402.70,4402.70,4381.00,4400.00,1978
2026-09-08 22:00,4399.00,4403.00,4396.60,4399.80,435
2026-09-08 22:15,4399.70,4401.40,4396.80,4398.30,335
2026-09-08 22:30,4398.30,4399.70,4393.70,4395.30,470
2026-09-08 22:45,4395.50,4397.80,4394.20,4397.40,296
2026-09-08 23:00,4397.40,4398.40,4395.00,4395.60,402
2026-09-08 23:15,4395.90,4401.30,4395.10,4401.00,593
2026-09-08 23:30,4401.10,4403.40,4400.20,4402.50,426
2026-09-08 23:45,4401.70,4402.00,4392.40,4393.10,878
2026-09-09 00:00,4393.30,4396.60,4388.00,4393.50,1465
2026-09-09 00:15,4393.60,4393.80,4384.10,4390.60,1009
2026-09-09 00:30,4390.30,4398.50,4387.50,4398.50,849
2026-09-09 00:45,4398.30,4409.50,4396.60,4408.80,1598
2026-09-09 01:00,4408.60,4412.70,4397.80,4412.30,2104
2026-09-09 01:15,4411.70,4417.00,4406.60,4415.80,1916
2026-09-09 01:30,4415.80,4422.00,4414.60,4420.20,1696
2026-09-09 01:45,4420.30,4422.00,4414.60,4417.70,964
2026-09-09 02:00,4417.30,4419.90,4414.40,4417.40,473
2026-09-09 02:15,4417.60,4420.90,4415.30,4416.60,350
2026-09-09 02:30,4416.60,4418.30,4411.00,4418.10,780
2026-09-09 02:45,4417.70,4428.40,4416.80,4426.00,1259
2026-09-09 03:00,4426.20,4426.60,4421.80,4423.00,517
2026-09-09 03:15,4422.50,4423.00,4419.20,4422.10,475
2026-09-09 03:30,4421.90,4423.90,4419.20,4422.80,234
2026-09-09 03:45,4422.30,4422.80,4419.80,4420.40,320
2026-09-09 04:00,4418.70,4419.70,4414.20,4417.00,492
2026-09-09 04:15,4416.90,4424.30,4416.00,4423.70,653
2026-09-09 04:30,4423.50,4423.70,4419.90,4421.80,507
2026-09-09 04:45,4421.90,4426.20,4421.30,4425.30,506
2026-09-09 05:00,4425.40,4431.30,4423.90,4431.10,1902
2026-09-09 05:15,4431.20,4432.30,4426.70,4428.80,1347
2026-09-09 05:30,4428.70,4439.00,4428.00,4439.00,1694
2026-09-09 05:45,4438.90,4444.60,4435.80,4442.30,2327
2026-09-09 06:00,4442.40,4448.80,4441.70,4445.00,1975
2026-09-09 06:15,4444.60,4446.70,4438.60,4441.60,1683
2026-09-09 06:30,4441.70,4449.90,4440.50,4444.10,2251
2026-09-09 06:45,4444.10,4445.40,4442.40,4444.70,710
2026-09-09 07:00,4444.40,4451.70,4443.00,4450.10,1327
2026-09-09 07:15,4450.10,4452.60,4446.50,4451.40,1179
2026-09-09 07:30,4451.50,4454.20,4449.90,4454.00,982
2026-09-09 07:45,4454.00,4456.30,4451.90,4452.90,2501
2026-09-09 08:00,4452.80,4455.40,4447.40,4447.50,2044
2026-09-09 08:15,4447.50,4448.50,4442.60,4443.70,1295
2026-09-09 08:30,4443.60,4447.60,4442.90,4443.90,756
2026-09-09 08:45,4443.80,4447.40,4442.80,4444.60,775
2026-09-09 09:00,4444.80,4446.30,4442.10,4442.50,683
2026-09-09 09:15,4442.50,4444.30,4440.60,4442.50,1016
2026-09-09 09:30,4442.50,4443.00,4439.50,4440.60,1147
2026-09-09 09:45,4440.40,4440.40,4432.50,4434.60,1655
2026-09-09 10:00,4434.50,4437.20,4430.00,4434.80,1518
2026-09-09 10:15,4434.70,4439.70,4432.70,4438.20,968
2026-09-09 10:30,4438.10,4442.50,4437.00,4438.20,876
2026-09-09 10:45,4438.40,4447.00,4438.10,4442.90,1716
2026-09-09 11:00,4443.30,4448.10,4443.20,4447.00,816
2026-09-09 11:15,4447.30,4453.20,4445.00,4452.00,1409
2026-09-09 11:30,4452.30,4452.40,4447.40,4449.60,1436
2026-09-09 11:45,4450.00,4459.90,4447.70,4451.60,2951
2026-09-09 12:00,4451.50,4453.60,4443.30,4443.60,1482
2026-09-09 12:15,4443.70,4444.70,4438.10,4438.50,2256
2026-09-09 12:30,4438.00,4442.00,4435.20,4439.10,2396
2026-09-09 12:45,4439.50,4447.00,4439.50,4444.40,1676
2026-09-09 13:00,4444.20,4458.00,4442.80,4457.80,3034
2026-09-09 13:15,4457.80,4475.10,4455.10,4474.30,5836
2026-09-09 13:30,4474.10,4479.00,4456.70,4461.40,6459
2026-09-09 13:45,4461.60,4468.20,4454.70,4459.30,3781
2026-09-09 14:00,4459.20,4473.00,4458.60,4467.50,3889
2026-09-09 14:15,4467.70,4470.20,4453.60,4470.00,3822
2026-09-09 14:30,4470.20,4471.40,4463.00,4463.20,2764
2026-09-09 14:45,4463.40,4468.10,4459.20,4463.20,2287
2026-09-09 15:00,4463.40,4477.00,4424.60,4434.80,17898
2026-09-09 15:15,4434.50,4439.90,4419.30,4438.70,6943
2026-09-09 15:30,4439.10,4451.90,4436.80,4447.50,4938
2026-09-09 15:45,4447.50,4451.50,4442.30,4442.70,1690
2026-09-09 16:00,4442.90,4447.30,4439.20,4442.40,1942
2026-09-09 16:15,4442.60,4447.00,4435.80,4446.20,2045
2026-09-09 16:30,4446.00,4453.10,4443.30,4452.30,1795
2026-09-09 16:45,4452.30,4455.40,4450.40,4454.40,1393
2026-09-09 17:00,4454.50,4465.30,4453.80,4461.60,3240
2026-09-09 17:15,4461.80,4465.60,4459.50,4459.80,2349
2026-09-09 17:30,4460.00,4462.20,4456.80,4458.50,1634
2026-09-09 17:45,4458.70,4462.10,4458.40,4461.20,806
2026-09-09 18:00,4461.40,4466.70,4461.10,4465.60,1402
2026-09-09 18:15,4465.70,4465.90,4461.90,4463.10,1189
2026-09-09 18:30,4463.30,4463.50,4454.70,4455.10,1878
2026-09-09 18:45,4455.10,4455.30,4446.50,4448.20,1336
2026-09-09 19:00,4448.20,4449.30,4442.00,4445.80,1389
2026-09-09 19:15,4446.00,4450.40,4444.10,4445.10,1023
2026-09-09 19:30,4445.10,4446.50,4441.10,4445.20,816
2026-09-09 19:45,4445.40,4446.90,4441.60,4444.40,955
2026-09-09 20:00,4444.20,4444.60,4441.60,4442.60,415
2026-09-09 20:15,4442.50,4442.70,4438.90,4440.40,576
2026-09-09 20:30,4440.30,4446.40,4440.20,4445.60,474
2026-09-09 20:45,4445.70,4448.10,4445.00,4447.20,391
2026-09-09 22:00,4448.00,4450.40,4446.60,4446.80,390
2026-09-09 22:15,4447.10,4448.50,4444.40,4446.70,471
2026-09-09 22:30,4446.70,4448.30,4444.10,4445.90,889
2026-09-09 22:45,4446.20,4446.20,4442.00,4443.90,948
2026-09-09 23:00,4444.00,4447.50,4442.20,4444.80,1386
2026-09-09 23:15,4444.30,4446.30,4439.60,4441.20,1327
2026-09-09 23:30,4441.20,4443.00,4437.00,4437.90,618
2026-09-09 23:45,4438.20,4438.90,4436.70,4437.50,393
2026-09-10 00:00,4437.70,4440.90,4433.20,4438.60,839
2026-09-10 00:15,4438.50,4442.30,4436.00,4436.60,511
2026-09-10 00:30,4436.30,4445.00,4434.90,4444.60,787
2026-09-10 00:45,4444.00,4448.40,4441.30,4444.50,854
2026-09-10 01:00,4444.30,4462.50,4443.50,4456.20,1965
2026-09-10 01:15,4456.00,4459.80,4453.50,4453.50,1176
2026-09-10 01:30,4453.70,4454.10,4448.50,4453.10,783
2026-09-10 01:45,4453.00,4457.70,4451.10,4455.20,839
2026-09-10 02:00,4455.20,4462.20,4454.90,4457.70,1539
2026-09-10 02:15,4457.40,4460.90,4451.30,4460.30,1252
2026-09-10 02:30,4460.50,4464.40,4454.30,4461.40,1418
2026-09-10 02:45,4461.30,4464.20,4459.60,4462.70,431
2026-09-10 03:00,4462.70,4464.50,4454.80,4455.80,984
2026-09-10 03:15,4456.10,4458.10,4452.50,4453.30,444
2026-09-10 03:30,4453.10,4455.70,4450.10,4450.80,308
2026-09-10 03:45,4451.00,4453.20,4449.90,4451.90,352
2026-09-10 04:00,4452.40,4458.40,4452.10,4456.90,474
2026-09-10 04:15,4456.90,4458.40,4453.90,4454.60,384
2026-09-10 04:30,4455.30,4456.70,4448.40,4449.20,486
2026-09-10 04:45,4449.60,4454.60,4449.00,4451.40,337
2026-09-10 05:00,4451.20,4461.60,4451.10,4461.60,736
2026-09-10 05:15,4461.80,4463.80,4459.70,4463.60,586
2026-09-10 05:30,4463.90,4472.90,4460.50,4471.40,2096
2026-09-10 05:45,4471.70,4475.10,4467.40,4475.00,2188
2026-09-10 06:00,4475.10,4479.90,4459.80,4459.90,2719
2026-09-10 06:15,4460.10,4460.90,4454.40,4460.80,2279
2026-09-10 06:30,4460.70,4470.60,4456.20,4470.00,2183
2026-09-10 06:45,4470.50,4472.50,4467.30,4469.30,2472
2026-09-10 07:00,4469.00,4469.50,4456.90,4457.20,2648
2026-09-10 07:15,4456.90,4458.80,4451.70,4451.80,1084
2026-09-10 07:30,4452.10,4454.40,4447.50,4453.00,1794
2026-09-10 07:45,4453.00,4458.70,4452.40,4454.90,2076
2026-09-10 08:00,4454.70,4455.70,4447.60,4448.70,1032
2026-09-10 08:15,4448.90,4450.80,4447.00,4449.10,954
2026-09-10 08:30,4448.70,4449.20,4437.60,4438.70,1739
2026-09-10 08:45,4438.70,4441.20,4435.00,4437.80,2472
2026-09-10 09:00,4437.80,4439.50,4432.30,4437.50,1339
2026-09-10 09:15,4437.90,4439.50,4434.30,4435.50,925
2026-09-10 09:30,4435.20,4435.80,4431.00,4435.60,1214
2026-09-10 09:45,4435.60,4438.60,4435.30,4437.00,596
2026-09-10 10:00,4436.90,4442.80,4432.20,4437.90,1937
2026-09-10 10:15,4437.50,4442.80,4436.20,4436.70,714
2026-09-10 10:30,4437.00,4437.50,4420.20,4426.40,3111
2026-09-10 10:45,4426.10,4430.30,4417.00,4421.40,3125
2026-09-10 11:00,4421.10,4426.90,4417.40,4425.60,1868
2026-09-10 11:15,4425.70,4431.20,4421.90,4428.00,1275
2026-09-10 11:30,4427.90,4433.10,4426.60,4426.90,1149
2026-09-10 11:45,4427.00,4427.60,4415.10,4416.70,1614
2026-09-10 12:00,4416.80,4419.90,4411.70,4417.40,3565
2026-09-10 12:15,4417.10,4419.20,4403.60,4406.30,4031
2026-09-10 12:30,4406.90,4415.40,4365.40,4382.50,16408
2026-09-10 12:45,4382.30,4396.80,4378.00,4381.80,7851
2026-09-10 13:00,4382.10,4397.40,4380.40,4385.70,5747
2026-09-10 13:15,4385.50,4399.80,4383.00,4399.60,3673
2026-09-10 13:30,4399.70,4416.00,4394.10,4407.00,7139
2026-09-10 13:45,4407.10,4418.10,4404.40,4408.50,7422
2026-09-10 14:00,4408.30,4417.80,4401.70,4401.80,4292
2026-09-10 14:15,4401.70,4419.10,4396.50,4405.90,6764
2026-09-10 14:30,4406.00,4412.80,4398.60,4398.80,3840
2026-09-10 14:45,4398.60,4404.10,4396.40,4400.10,2618
2026-09-10 15:00,4400.40,4403.60,4394.60,4402.30,2486
2026-09-10 15:15,4401.50,4409.70,4400.50,4407.30,2166
2026-09-10 15:30,4407.40,4414.10,4404.30,4407.80,2193
2026-09-10 15:45,4408.10,4412.30,4402.70,4407.80,1526
2026-09-10 16:00,4408.10,4412.00,4395.50,4400.80,2634
2026-09-10 16:15,4400.60,4405.70,4397.10,4405.10,1348
2026-09-10 16:30,4404.50,4407.50,4397.90,4398.40,2864
2026-09-10 16:45,4398.60,4406.40,4398.50,4406.40,1739
2026-09-10 17:00,4406.20,4410.50,4401.60,4404.60,2351
2026-09-10 17:15,4404.50,4409.00,4403.20,4408.00,2354
2026-09-10 17:30,4407.90,4408.40,4397.10,4401.20,1926
2026-09-10 17:45,4401.10,4401.90,4392.70,4394.20,1475
2026-09-10 18:00,4394.40,4397.80,4382.00,4382.40,3574
2026-09-10 18:15,4382.30,4387.90,4378.80,4380.70,2593
2026-09-10 18:30,4380.60,4380.60,4373.30,4375.40,2381
2026-09-10 18:45,4375.20,4380.10,4371.30,4374.40,3388
2026-09-10 19:00,4374.00,4374.00,4354.70,4363.70,5886
2026-09-10 19:15,4363.90,4372.10,4360.50,4368.80,2062
2026-09-10 19:30,4368.70,4371.00,4364.50,4365.30,1472
2026-09-10 19:45,4365.60,4367.10,4361.30,4365.70,1409
2026-09-10 20:00,4365.50,4365.70,4361.10,4364.30,733
2026-09-10 20:15,4364.10,4364.20,4357.60,4359.80,798
2026-09-10 20:30,4359.70,4359.80,4357.10,4359.20,584
2026-09-10 20:45,4359.50,4360.60,4355.90,4358.50,536
2026-09-10 22:00,4359.40,4365.80,4357.90,4361.70,247
2026-09-10 22:15,4362.00,4362.50,4359.30,4360.20,308
2026-09-10 22:30,4360.40,4360.80,4354.00,4356.60,767
2026-09-10 22:45,4356.50,4359.70,4355.70,4358.80,377
2026-09-10 23:00,4358.70,4360.60,4356.90,4360.10,459
2026-09-10 23:15,4359.80,4361.00,4358.00,4358.70,232
2026-09-10 23:30,4358.50,4360.90,4354.90,4356.40,457
2026-09-10 23:45,4356.60,4358.40,4351.30,4354.50,602
2026-09-11 00:00,4355.50,4364.40,4353.20,4359.60,850
2026-09-11 00:15,4360.00,4364.80,4357.30,4364.20,562
2026-09-11 00:30,4364.20,4367.90,4359.70,4367.60,1035
2026-09-11 00:45,4367.50,4374.10,4367.00,4372.20,987
2026-09-11 01:00,4372.30,4380.70,4368.20,4373.40,2097
2026-09-11 01:15,4373.10,4377.30,4361.00,4368.80,2020
2026-09-11 01:30,4368.30,4375.10,4362.60,4366.90,1608
2026-09-11 01:45,4367.10,4370.10,4363.90,4369.10,991
2026-09-11 02:00,4369.50,4373.60,4367.80,4370.70,1118
2026-09-11 02:15,4371.00,4374.50,4363.70,4365.30,701
2026-09-11 02:30,4365.00,4366.40,4356.80,4359.20,1665
2026-09-11 02:45,4359.00,4367.20,4356.20,4363.20,1365
2026-09-11 03:00,4362.70,4366.80,4354.50,4360.10,1276
2026-09-11 03:15,4359.70,4362.00,4344.40,4350.10,1941
2026-09-11 03:30,4350.10,4353.20,4346.70,4348.80,1074
2026-09-11 03:45,4348.80,4349.00,4341.40,4345.00,1534
2026-09-11 04:00,4344.20,4365.60,4342.40,4362.00,2226
2026-09-11 04:15,4362.10,4369.80,4360.00,4369.10,929
2026-09-11 04:30,4369.20,4373.10,4366.00,4370.60,1399
2026-09-11 04:45,4370.80,4375.60,4369.40,4372.10,966
2026-09-11 05:00,4372.40,4378.70,4368.90,4378.70,1113
2026-09-11 05:15,4378.60,4379.90,4373.90,4375.50,639
2026-09-11 05:30,4375.70,4383.50,4374.10,4383.20,1759
2026-09-11 05:45,4383.00,4392.50,4380.10,4386.60,1586
2026-09-11 06:00,4386.80,4402.00,4386.30,4399.90,2315
2026-09-11 06:15,4399.70,4401.20,4392.00,4392.90,1321
2026-09-11 06:30,4392.30,4394.90,4387.90,4391.70,1522
2026-09-11 06:45,4391.80,4396.10,4390.50,4394.80,776
2026-09-11 07:00,4394.20,4397.30,4390.90,4392.80,899
2026-09-11 07:15,4393.30,4393.50,4387.30,4387.30,810
2026-09-11 07:30,4387.50,4388.70,4384.40,4386.40,838
2026-09-11 07:45,4386.10,4386.30,4381.70,4386.10,673
2026-09-11 08:00,4386.30,4390.70,4383.00,4388.40,1503
2026-09-11 08:15,4388.50,4399.30,4384.70,4393.20,1961
2026-09-11 08:30,4393.00,4398.20,4392.30,4394.40,962
2026-09-11 08:45,4394.30,4397.70,4387.40,4388.70,1309
2026-09-11 09:00,4388.90,4395.40,4384.10,4384.60,689
2026-09-11 09:15,4384.30,4388.00,4383.20,4385.60,899
2026-09-11 09:30,4386.00,4386.70,4382.50,4385.30,969
2026-09-11 09:45,4385.20,4389.80,4384.40,4388.20,765
2026-09-11 10:00,4388.30,4391.90,4382.70,4388.10,1971
2026-09-11 10:15,4388.30,4392.00,4387.80,4391.50,832
2026-09-11 10:30,4391.50,4391.90,4385.80,4386.90,759
2026-09-11 10:45,4387.40,4387.40,4378.50,4379.40,1069
2026-09-11 11:00,4379.30,4384.60,4376.50,4380.00,1321
2026-09-11 11:15,4379.80,4383.90,4378.00,4378.20,1015
2026-09-11 11:30,4378.60,4379.30,4372.10,4376.50,1270
2026-09-11 11:45,4376.60,4378.30,4372.70,4375.00,1206
2026-09-11 12:00,4375.30,4376.60,4366.10,4369.70,2443
2026-09-11 12:15,4369.60,4385.50,4368.90,4382.10,2454
2026-09-11 12:30,4383.40,4404.30,4333.00,4395.40,20822
2026-09-11 12:45,4395.60,4432.60,4394.10,4430.30,11394
2026-09-11 13:00,4430.50,4436.40,4422.60,4431.20,9271
2026-09-11 13:15,4431.30,4440.40,4421.90,4431.60,6076
2026-09-11 13:30,4432.30,4442.40,4423.30,4436.50,6618
2026-09-11 13:45,4436.90,4444.90,4429.10,4443.90,3981
2026-09-11 14:00,4443.70,4444.90,4423.80,4425.20,5225
2026-09-11 14:15,4425.00,4427.70,4416.20,4417.00,4342
2026-09-11 14:30,4417.20,4417.50,4406.30,4413.10,4140
2026-09-11 14:45,4412.90,4426.10,4412.30,4412.50,4476
2026-09-11 15:00,4412.50,4414.80,4401.00,4404.30,3567
2026-09-11 15:15,4404.10,4414.00,4403.40,4412.00,3317
2026-09-11 15:30,4411.80,4418.70,4410.60,4414.50,2176
2026-09-11 15:45,4414.30,4415.30,4406.80,4408.60,1692
2026-09-11 16:00,4408.60,4414.40,4402.70,4403.00,1637
2026-09-11 16:15,4402.80,4405.80,4393.30,4396.20,4954
2026-09-11 16:30,4396.50,4407.40,4394.70,4405.40,2719
2026-09-11 16:45,4405.50,4406.90,4402.10,4403.80,833
2026-09-11 17:00,4403.70,4411.40,4402.90,4407.60,2033
2026-09-11 17:15,4407.70,4412.30,4405.50,4409.10,2631
2026-09-11 17:30,4409.10,4412.70,4402.10,4404.40,1962
2026-09-11 17:45,4404.10,4406.30,4400.00,4400.60,1130
2026-09-11 18:00,4400.50,4402.40,4387.10,4389.00,2544
2026-09-11 18:15,4389.00,4395.30,4385.80,4392.90,2633
2026-09-11 18:30,4392.90,4393.90,4388.00,4389.20,721
2026-09-11 18:45,4389.10,4389.40,4386.30,4389.10,830
2026-09-11 19:00,4389.30,4394.10,4386.30,4394.10,1362
2026-09-11 19:15,4393.80,4395.80,4389.60,4389.60,992
2026-09-11 19:30,4389.90,4390.60,4387.50,4388.90,847
2026-09-11 19:45,4388.50,4391.80,4384.90,4391.00,1503
2026-09-11 20:00,4391.00,4393.80,4390.30,4391.10,423
2026-09-11 20:15,4390.80,4392.70,4388.60,4390.80,294
2026-09-11 20:30,4390.80,4391.20,4388.00,4388.70,253
2026-09-11 20:45,4388.80,4408.90,4387.30,4408.90,529
2026-09-13 22:00,4371.90,4374.70,4370.70,4372.00,491
2026-09-13 22:15,4371.50,4377.00,4368.60,4376.90,948
2026-09-13 22:30,4376.90,4378.70,4374.50,4377.70,510
2026-09-13 22:45,4378.00,4380.90,4375.80,4378.40,980
2026-09-13 23:00,4378.60,4383.00,4378.60,4380.10,545
2026-09-13 23:15,4380.30,4381.30,4376.30,4379.90,355
2026-09-13 23:30,4379.80,4382.90,4378.40,4379.40,294
2026-09-13 23:45,4378.40,4379.00,4372.60,4373.30,409
2026-09-14 00:00,4373.30,4388.80,4370.90,4384.00,1315
2026-09-14 00:15,4385.40,4386.30,4374.30,4378.90,663
2026-09-14 00:30,4379.30,4381.80,4373.40,4379.10,704
2026-09-14 00:45,4379.30,4384.40,4378.50,4379.60,768
2026-09-14 01:00,4379.70,4385.90,4370.60,4373.00,2214
2026-09-14 01:15,4372.40,4379.10,4367.10,4376.70,1309
2026-09-14 01:30,4376.30,4387.60,4369.30,4383.20,1472
2026-09-14 01:45,4384.70,4396.50,4383.80,4394.50,1366
2026-09-14 02:00,4394.40,4396.20,4389.70,4390.50,1163
2026-09-14 02:15,4390.50,4395.30,4389.30,4393.20,349
2026-09-14 02:30,4393.70,4396.80,4384.50,4386.60,1125
2026-09-14 02:45,4386.90,4389.40,4371.10,4371.80,1306
2026-09-14 03:00,4371.50,4376.90,4368.30,4374.20,1298
2026-09-14 03:15,4374.20,4377.10,4372.50,4375.10,393
2026-09-14 03:30,4375.50,4375.70,4367.20,4369.40,855
2026-09-14 03:45,4369.40,4373.80,4368.80,4370.60,634
2026-09-14 04:00,4370.60,4371.90,4369.30,4369.40,288
2026-09-14 04:15,4369.40,4371.90,4369.00,4371.80,269
2026-09-14 04:30,4371.80,4371.80,4363.40,4363.50,1112
2026-09-14 04:45,4363.80,4371.80,4362.10,4369.60,1018
2026-09-14 05:00,4369.80,4372.70,4366.70,4371.00,800
2026-09-14 05:15,4370.70,4372.40,4366.50,4366.50,392
2026-09-14 05:30,4366.90,4377.40,4365.40,4371.40,1731
2026-09-14 05:45,4371.30,4378.10,4363.50,4378.10,1480
2026-09-14 06:00,4377.90,4379.30,4367.40,4370.50,1124
2026-09-14 06:15,4370.20,4373.00,4367.40,4370.90,576
2026-09-14 06:30,4370.40,4372.90,4365.70,4367.80,786
2026-09-14 06:45,4368.00,4370.50,4360.90,4362.50,1020
2026-09-14 07:00,4362.40,4364.50,4357.90,4364.50,1175
2026-09-14 07:15,4364.40,4364.40,4356.70,4357.30,986
2026-09-14 07:30,4357.20,4359.80,4355.70,4359.30,1065
2026-09-14 07:45,4359.30,4362.20,4348.00,4350.70,1929
2026-09-14 08:00,4350.90,4358.40,4350.80,4353.30,1089
2026-09-14 08:15,4353.00,4354.60,4350.20,4350.70,822
2026-09-14 08:30,4350.00,4356.10,4349.50,4351.90,978
2026-09-14 08:45,4352.00,4353.50,4343.20,4346.60,1343
2026-09-14 09:00,4346.30,4351.80,4344.80,4345.60,1408
2026-09-14 09:15,4345.50,4345.90,4320.10,4327.90,6499
2026-09-14 09:30,4327.40,4329.20,4318.60,4321.00,3758
2026-09-14 09:45,4321.30,4328.00,4317.30,4325.20,2340
2026-09-14 10:00,4325.10,4329.40,4317.80,4328.20,1829
2026-09-14 10:15,4327.80,4332.40,4325.70,4330.90,1371
2026-09-14 10:30,4331.00,4334.80,4328.90,4333.50,1002
2026-09-14 10:45,4333.90,4336.50,4329.70,4334.40,1341
2026-09-14 11:00,4334.40,4336.80,4331.20,4332.30,1325
2026-09-14 11:15,4332.10,4337.10,4331.10,4336.30,704
2026-09-14 11:30,4336.10,4337.10,4332.00,4332.50,867
2026-09-14 11:45,4332.70,4333.60,4324.10,4326.90,1619
2026-09-14 12:00,4327.10,4336.80,4325.10,4334.60,1584
2026-09-14 12:15,4334.90,4337.70,4322.90,4326.30,3546
2026-09-14 12:30,4326.30,4329.90,4313.00,4323.80,4877
2026-09-14 12:45,4323.60,4323.60,4305.70,4310.80,3236
2026-09-14 13:00,4311.20,4312.90,4293.00,4306.10,7264
2026-09-14 13:15,4306.00,4317.50,4303.80,4313.70,3217
2026-09-14 13:30,4313.70,4318.40,4306.50,4314.80,3387
2026-09-14 13:45,4314.70,4321.90,4309.50,4312.20,3572
2026-09-14 14:00,4312.10,4322.50,4304.70,4322.10,4170
2026-09-14 14:15,4322.20,4323.40,4303.70,4310.40,3379
2026-09-14 14:30,4310.40,4317.40,4306.00,4317.00,2134
2026-09-14 14:45,4317.50,4320.10,4314.40,4320.10,2420
2026-09-14 15:00,4320.20,4327.80,4313.10,4317.60,5118
2026-09-14 15:15,4317.50,4325.60,4313.20,4324.30,2477
2026-09-14 15:30,4324.30,4339.40,4323.60,4334.90,6136
2026-09-14 15:45,4335.40,4336.20,4327.20,4329.10,2758
2026-09-14 16:00,4329.30,4338.90,4327.30,4334.90,2000
2026-09-14 16:15,4335.10,4346.40,4334.90,4340.90,2833
2026-09-14 16:30,4340.80,4348.90,4340.20,4346.90,1689
2026-09-14 16:45,4347.00,4358.90,4345.60,4356.50,4965
2026-09-14 17:00,4356.50,4357.40,4351.60,4351.90,1986
2026-09-14 17:15,4351.50,4354.70,4349.70,4352.30,3301
2026-09-14 17:30,4352.30,4354.10,4348.20,4350.40,1411
2026-09-14 17:45,4350.20,4354.30,4348.90,4351.60,1297
2026-09-14 18:00,4351.70,4356.70,4348.70,4353.20,1980
2026-09-14 18:15,4352.70,4353.00,4346.60,4350.20,1021
2026-09-14 18:30,4349.90,4353.60,4348.70,4349.90,843
2026-09-14 18:45,4349.50,4350.10,4345.00,4347.80,1133
2026-09-14 19:00,4347.90,4348.30,4343.10,4346.40,1123
2026-09-14 19:15,4346.30,4346.30,4336.50,4337.10,1564
2026-09-14 19:30,4337.10,4338.00,4331.20,4332.40,1443
2026-09-14 19:45,4332.40,4332.40,4323.20,4324.10,2171
2026-09-14 20:00,4324.10,4329.20,4322.80,4328.40,1131
2026-09-14 20:15,4328.50,4339.20,4328.40,4337.50,1157
2026-09-14 20:30,4337.60,4340.40,4335.30,4335.70,410
2026-09-14 20:45,4335.60,4340.40,4335.60,4340.00,386
2026-09-14 22:00,4340.30,4343.60,4336.90,4337.20,256
2026-09-14 22:15,4337.60,4338.40,4332.60,4336.20,980
2026-09-14 22:30,4336.10,4339.20,4334.00,4336.20,1462
2026-09-14 22:45,4336.30,4338.90,4333.80,4335.90,1317
2026-09-14 23:00,4335.80,4338.10,4330.80,4332.50,1511
2026-09-14 23:15,4332.90,4332.90,4327.50,4330.50,1242
2026-09-14 23:30,4330.30,4332.40,4328.20,4329.90,895
2026-09-14 23:45,4330.00,4330.00,4327.70,4329.00,361
2026-09-15 00:00,4328.90,4329.70,4324.20,4327.50,585
2026-09-15 00:15,4327.30,4330.80,4324.20,4328.90,1025
2026-09-15 00:30,4328.60,4333.80,4323.80,4333.30,974
2026-09-15 00:45,4333.60,4337.30,4332.50,4333.60,685
2026-09-15 01:00,4333.80,4340.10,4328.40,4339.80,1767
2026-09-15 01:15,4339.70,4346.00,4339.30,4341.80,1391
2026-09-15 01:30,4342.10,4347.00,4335.20,4339.10,1440
2026-09-15 01:45,4338.60,4344.90,4333.90,4344.10,1170
2026-09-15 02:00,4344.50,4352.10,4344.40,4347.50,2186
2026-09-15 02:15,4347.50,4350.50,4345.60,4350.40,688
2026-09-15 02:30,4350.90,4358.20,4347.60,4352.10,1559
2026-09-15 02:45,4351.90,4357.90,4351.80,4354.90,1019
2026-09-15 03:00,4354.80,4355.20,4350.50,4351.10,834
2026-09-15 03:15,4351.30,4354.90,4350.40,4351.50,1242
2026-09-15 03:30,4351.50,4354.10,4348.70,4349.30,1339
2026-09-15 03:45,4348.90,4350.70,4343.90,4345.10,974
2026-09-15 04:00,4344.00,4350.40,4343.10,4348.00,1382
2026-09-15 04:15,4348.20,4349.40,4343.20,4344.00,561
2026-09-15 04:30,4344.20,4346.50,4341.30,4345.40,1327
2026-09-15 04:45,4345.20,4348.10,4344.30,4344.80,639
2026-09-15 05:00,4344.90,4347.90,4340.40,4341.60,589
2026-09-15 05:15,4341.70,4341.90,4336.50,4337.20,785
2026-09-15 05:30,4337.00,4340.00,4329.10,4336.40,1840
2026-09-15 05:45,4336.40,4340.10,4331.00,4331.20,885
2026-09-15 06:00,4331.10,4334.70,4326.00,4330.10,1810
2026-09-15 06:15,4330.20,4332.60,4327.30,4329.50,809
2026-09-15 06:30,4329.50,4331.40,4325.90,4330.70,891
2026-09-15 06:45,4330.80,4335.30,4330.70,4333.60,1756
2026-09-15 07:00,4333.50,4335.70,4326.90,4328.30,1630
2026-09-15 07:15,4328.50,4332.60,4327.90,4332.10,975
2026-09-15 07:30,4332.40,4333.30,4320.60,4324.10,1522
2026-09-15 07:45,4324.20,4330.80,4316.60,4320.70,2188
2026-09-15 08:00,4320.80,4320.90,4304.00,4308.30,3533
2026-09-15 08:15,4308.00,4316.00,4307.30,4313.80,1631
2026-09-15 08:30,4313.80,4315.30,4307.80,4307.90,1050
2026-09-15 08:45,4308.40,4310.50,4301.70,4302.80,1458
2026-09-15 09:00,4303.10,4307.80,4302.30,4306.00,1639
2026-09-15 09:15,4305.90,4309.50,4301.60,4307.10,2169
2026-09-15 09:30,4306.80,4312.40,4304.90,4309.50,1997
2026-09-15 09:45,4309.70,4312.10,4307.90,4308.70,1036
2026-09-15 10:00,4308.80,4318.40,4308.80,4313.40,1704
2026-09-15 10:15,4313.60,4315.10,4310.30,4314.40,839
2026-09-15 10:30,4314.60,4317.30,4313.50,4314.80,899
2026-09-15 10:45,4315.00,4324.00,4314.40,4321.80,1775
2026-09-15 11:00,4321.20,4324.00,4318.80,4323.80,1067
2026-09-15 11:15,4323.90,4325.70,4322.40,4323.30,1185
2026-09-15 11:30,4323.20,4325.30,4320.10,4322.50,840
2026-09-15 11:45,4322.50,4326.70,4322.10,4324.40,1225
2026-09-15 12:00,4324.40,4324.80,4315.60,4318.50,1496
2026-09-15 12:15,4318.30,4319.00,4311.00,4317.60,2035
2026-09-15 12:30,4317.40,4325.70,4314.30,4321.20,2502
2026-09-15 12:45,4321.00,4336.30,4320.80,4330.60,4514
2026-09-15 13:00,4330.20,4334.60,4323.60,4326.80,2706
2026-09-15 13:15,4326.90,4333.40,4323.30,4327.40,2484
2026-09-15 13:30,4327.60,4334.00,4324.00,4329.60,3097
2026-09-15 13:45,4329.00,4338.50,4328.00,4334.60,3161
2026-09-15 14:00,4334.60,4340.70,4333.40,4334.50,3211
2026-09-15 14:15,4334.70,4335.80,4322.30,4324.40,2810
2026-09-15 14:30,4324.30,4326.20,4315.70,4318.10,3535
2026-09-15 14:45,4317.90,4322.80,4313.00,4316.80,3349
2026-09-15 15:00,4316.90,4326.30,4316.60,4325.40,2106
2026-09-15 15:15,4325.20,4327.90,4322.50,4324.10,1657
2026-09-15 15:30,4324.20,4330.80,4321.70,4328.10,1784
2026-09-15 15:45,4328.10,4335.20,4325.30,4329.90,3251
2026-09-15 16:00,4329.60,4331.80,4326.20,4326.20,1418
2026-09-15 16:15,4326.30,4337.30,4325.40,4335.90,2213
2026-09-15 16:30,4335.70,4338.20,4331.60,4336.80,2251
2026-09-15 16:45,4336.90,4338.40,4335.20,4335.60,1511
2026-09-15 17:00,4335.80,4339.70,4330.50,4335.40,2742
2026-09-15 17:15,4335.60,4337.10,4331.90,4333.70,3227
2026-09-15 17:30,4333.60,4339.80,4332.70,4333.80,2189
2026-09-15 17:45,4334.00,4336.90,4333.70,4335.30,967
2026-09-15 18:00,4335.50,4344.70,4332.90,4342.40,2486
2026-09-15 18:15,4342.80,4347.20,4342.40,4345.00,2025
2026-09-15 18:30,4344.90,4348.80,4341.80,4344.90,1407
2026-09-15 18:45,4345.10,4350.60,4344.30,4348.70,954
2026-09-15 19:00,4348.70,4350.80,4339.90,4339.90,1365
2026-09-15 19:15,4339.90,4342.00,4337.80,4340.90,778
2026-09-15 19:30,4340.60,4342.10,4336.30,4336.40,718
2026-09-15 19:45,4336.10,4339.60,4333.70,4337.30,1637
2026-09-15 20:00,4337.30,4338.80,4335.20,4336.10,865
2026-09-15 20:15,4336.10,4336.70,4333.70,4334.10,570
2026-09-15 20:30,4334.30,4335.90,4331.60,4332.80,462
2026-09-15 20:45,4332.90,4334.30,4331.80,4333.40,363
2026-09-15 22:00,4333.50,4335.90,4331.90,4332.60,433
2026-09-15 22:15,4332.70,4339.10,4330.90,4339.00,2034
2026-09-15 22:30,4339.10,4339.50,4334.90,4335.40,713
2026-09-15 22:45,4335.30,4335.90,4329.20,4329.20,1332
2026-09-15 23:00,4329.10,4329.70,4324.80,4326.40,1167
2026-09-15 23:15,4326.10,4327.30,4322.00,4324.40,918
2026-09-15 23:30,4324.00,4328.10,4322.90,4325.60,1851
2026-09-15 23:45,4325.10,4327.00,4321.20,4323.30,1396
2026-09-16 00:00,4323.90,4325.10,4320.70,4322.80,663
2026-09-16 00:15,4323.10,4326.50,4322.10,4324.40,441
2026-09-16 00:30,4324.80,4325.90,4319.70,4323.70,892
2026-09-16 00:45,4323.60,4325.20,4315.20,4317.10,1713
2026-09-16 01:00,4317.10,4327.60,4316.30,4327.00,2223
2026-09-16 01:15,4327.10,4333.30,4324.10,4330.10,1973
2026-09-16 01:30,4330.10,4331.20,4325.20,4328.10,848
2026-09-16 01:45,4327.90,4328.60,4319.40,4321.80,1276
2026-09-16 02:00,4322.00,4334.60,4321.40,4332.00,1516
2026-09-16 02:15,4331.80,4340.50,4329.70,4338.80,2046
2026-09-16 02:30,4338.90,4356.70,4338.30,4351.30,4392
2026-09-16 02:45,4351.60,4363.90,4351.20,4362.10,3204
2026-09-16 03:00,4362.30,4379.70,4361.90,4378.00,4479
2026-09-16 03:15,4378.10,4381.90,4372.60,4372.60,2528
2026-09-16 03:30,4372.50,4373.40,4366.70,4367.90,1359
2026-09-16 03:45,4368.00,4368.90,4363.30,4367.20,962
2026-09-16 04:00,4368.00,4369.20,4366.30,4367.60,553
2026-09-16 04:15,4367.90,4369.20,4364.00,4366.60,511
2026-09-16 04:30,4366.40,4369.10,4363.50,4363.80,345
2026-09-16 04:45,4363.70,4364.40,4361.50,4362.60,466
2026-09-16 05:00,4362.80,4365.40,4361.70,4362.50,835
2026-09-16 05:15,4362.50,4367.70,4362.40,4365.70,635
2026-09-16 05:30,4365.90,4373.40,4365.00,4373.40,1229
2026-09-16 05:45,4373.40,4374.30,4366.90,4366.90,845
2026-09-16 06:00,4366.90,4372.40,4361.70,4366.10,1424
2026-09-16 06:15,4366.10,4370.40,4365.00,4367.00,876
2026-09-16 06:30,4366.80,4368.40,4364.00,4368.20,758
2026-09-16 06:45,4368.00,4373.40,4365.20,4373.20,1031
2026-09-16 07:00,4372.70,4376.20,4370.00,4375.50,1408
2026-09-16 07:15,4376.00,4378.00,4372.30,4375.80,809
2026-09-16 07:30,4375.90,4379.10,4374.00,4375.80,1051
2026-09-16 07:45,4376.10,4377.70,4368.20,4369.00,1509
2026-09-16 08:00,4369.00,4369.30,4362.60,4367.40,1887
2026-09-16 08:15,4367.10,4377.70,4366.40,4374.30,3108
2026-09-16 08:30,4374.40,4374.60,4363.90,4368.80,1405
2026-09-16 08:45,4368.90,4372.20,4365.20,4371.10,1172
2026-09-16 09:00,4371.20,4373.50,4370.50,4372.80,1032
2026-09-16 09:15,4373.00,4375.00,4368.30,4370.60,2101
2026-09-16 09:30,4370.30,4378.40,4370.30,4376.10,1887
2026-09-16 09:45,4376.10,4380.30,4372.20,4379.10,1303
2026-09-16 10:00,4379.10,4390.20,4378.60,4383.80,4567
2026-09-16 10:15,4384.00,4390.00,4382.00,4389.30,2136
2026-09-16 10:30,4389.40,4390.60,4386.90,4390.20,1236
2026-09-16 10:45,4390.10,4393.00,4386.60,4391.90,1359
2026-09-16 11:00,4392.00,4394.50,4387.90,4388.10,2877
2026-09-16 11:15,4388.00,4394.80,4387.40,4391.80,1747
2026-09-16 11:30,4391.70,4394.20,4388.20,4390.90,1594
2026-09-16 11:45,4391.30,4391.80,4382.70,4382.80,1440
2026-09-16 12:00,4382.80,4389.30,4381.60,4384.50,2474
2026-09-16 12:15,4384.30,4386.60,4378.60,4381.00,2498
2026-09-16 12:30,4380.70,4386.20,4375.00,4384.60,2434
2026-09-16 12:45,4384.60,4390.10,4383.60,4388.40,2419
2026-09-16 13:00,4388.50,4398.60,4385.00,4397.70,4072
2026-09-16 13:15,4398.00,4402.90,4390.60,4393.20,3312
2026-09-16 13:30,4393.10,4395.50,4381.60,4381.60,3480
2026-09-16 13:45,4381.70,4387.10,4376.30,4379.90,2897
2026-09-16 14:00,4379.90,4381.90,4364.50,4381.70,7778
2026-09-16 14:15,4381.70,4382.90,4372.40,4379.70,3069
2026-09-16 14:30,4379.60,4387.90,4376.00,4387.40,2259
2026-09-16 14:45,4387.50,4398.10,4386.90,4397.30,4021
2026-09-16 15:00,4397.20,4400.20,4391.90,4395.20,3827
2026-09-16 15:15,4395.40,4397.30,4385.90,4386.10,2568
2026-09-16 15:30,4386.20,4394.60,4384.50,4392.50,2102
2026-09-16 15:45,4392.60,4405.20,4392.00,4394.70,4365
2026-09-16 16:00,4394.90,4395.00,4388.50,4392.00,1380
2026-09-16 16:15,4392.00,4394.10,4386.10,4387.80,1448
2026-09-16 16:30,4387.70,4390.30,4386.80,4389.40,1393
2026-09-16 16:45,4389.30,4390.60,4385.30,4388.50,1499
2026-09-16 17:00,4388.30,4388.50,4383.40,4385.10,1672
2026-09-16 17:15,4385.10,4389.00,4383.90,4388.20,2299
2026-09-16 17:30,4388.40,4391.60,4385.00,4385.30,1835
2026-09-16 17:45,4385.80,4413.10,4384.10,4399.00,3429
2026-09-16 18:00,4404.20,4412.00,4349.10,4352.00,19307
2026-09-16 18:15,4351.80,4365.80,4347.90,4363.90,6850
2026-09-16 18:30,4363.50,4365.00,4298.90,4341.60,20150
2026-09-16 18:45,4341.60,4347.80,4296.20,4301.30,11621
2026-09-16 19:00,4301.00,4326.90,4273.30,4291.70,16794
2026-09-16 19:15,4291.80,4296.80,4278.70,4292.60,5585
2026-09-16 19:30,4292.90,4310.20,4292.50,4304.10,4341
2026-09-16 19:45,4303.50,4315.50,4303.50,4311.40,3704
2026-09-16 20:00,4311.20,4312.90,4302.90,4304.30,1671
2026-09-16 20:15,4304.50,4307.60,4296.90,4299.80,894
2026-09-16 20:30,4299.70,4304.70,4297.60,4301.60,668
2026-09-16 20:45,4301.80,4305.50,4299.90,4302.50,488
2026-09-16 22:00,4301.40,4302.70,4296.00,4296.10,526
2026-09-16 22:15,4296.30,4300.60,4294.50,4299.10,703
2026-09-16 22:30,4299.30,4314.00,4299.00,4310.70,1868
2026-09-16 22:45,4311.20,4311.70,4303.20,4304.70,1101
2026-09-16 23:00,4304.00,4306.10,4296.80,4300.40,2105
2026-09-16 23:15,4300.80,4311.10,4300.00,4309.80,924
2026-09-16 23:30,4309.90,4313.00,4306.40,4311.50,1055
2026-09-16 23:45,4311.70,4313.70,4309.30,4309.70,938
2026-09-17 00:00,4309.80,4324.80,4304.40,4322.80,2096
2026-09-17 00:15,4322.60,4327.70,4319.50,4322.80,1767
2026-09-17 00:30,4322.50,4330.40,4320.40,4327.00,1207
2026-09-17 00:45,4327.00,4327.40,4315.20,4318.50,1605
2026-09-17 01:00,4318.40,4348.70,4318.40,4337.10,5262
2026-09-17 01:15,4336.70,4350.90,4336.30,4348.10,1948
2026-09-17 01:30,4347.40,4356.20,4346.60,4347.10,2350
2026-09-17 01:45,4347.00,4349.80,4335.80,4337.90,1666
2026-09-17 02:00,4338.20,4338.90,4319.00,4325.50,2720
2026-09-17 02:15,4325.70,4331.30,4325.30,4330.10,1110
2026-09-17 02:30,4330.10,4331.10,4319.70,4326.60,1580
2026-09-17 02:45,4326.70,4327.70,4312.00,4315.20,1648
2026-09-17 03:00,4315.20,4324.50,4315.20,4322.90,1010
2026-09-17 03:15,4323.10,4325.00,4321.00,4323.80,422
2026-09-17 03:30,4323.80,4334.60,4323.80,4334.10,1222
2026-09-17 03:45,4334.50,4336.00,4332.20,4335.40,820
2026-09-17 04:00,4334.20,4335.10,4331.20,4332.20,607
2026-09-17 04:15,4332.40,4334.10,4329.40,4330.00,513
2026-09-17 04:30,4329.60,4335.00,4328.70,4334.00,646
2026-09-17 04:45,4333.90,4337.50,4333.90,4336.10,890
2026-09-17 05:00,4335.60,4337.60,4332.60,4332.80,399
2026-09-17 05:15,4332.40,4332.40,4323.70,4324.80,867
2026-09-17 05:30,4324.90,4336.50,4324.60,4335.50,1003
2026-09-17 05:45,4335.60,4343.70,4334.30,4342.60,990
2026-09-17 06:00,4342.50,4351.00,4342.30,4350.50,1818
2026-09-17 06:15,4350.90,4351.60,4343.20,4350.70,1030
2026-09-17 06:30,4350.40,4353.80,4344.30,4347.80,1184
2026-09-17 06:45,4348.00,4350.30,4345.30,4349.50,1080
2026-09-17 07:00,4349.40,4362.10,4347.80,4361.60,2231
2026-09-17 07:15,4361.80,4368.80,4358.00,4368.20,2648
2026-09-17 07:30,4368.30,4373.90,4368.00,4370.40,2007
2026-09-17 07:45,4370.50,4374.40,4362.70,4366.10,2262
2026-09-17 08:00,4366.40,4367.20,4356.90,4359.10,1725
2026-09-17 08:15,4359.10,4361.10,4353.70,4355.10,1755
2026-09-17 08:30,4355.20,4359.00,4351.30,4353.00,1386
2026-09-17 08:45,4352.80,4353.20,4349.20,4350.70,1015
2026-09-17 09:00,4351.30,4358.50,4351.20,4355.10,1278
2026-09-17 09:15,4354.90,4355.60,4344.80,4345.40,1408
2026-09-17 09:30,4345.30,4350.20,4343.90,4348.50,1424
2026-09-17 09:45,4348.10,4350.40,4344.60,4345.10,796
2026-09-17 10:00,4345.30,4352.80,4343.80,4349.20,805
2026-09-17 10:15,4349.20,4355.10,4345.90,4352.80,758
2026-09-17 10:30,4353.00,4358.10,4351.60,4356.00,977
2026-09-17 10:45,4355.70,4364.70,4355.60,4363.70,1227
2026-09-17 11:00,4363.90,4379.70,4363.20,4371.90,3834
2026-09-17 11:15,4371.90,4374.50,4366.00,4368.00,1804
2026-09-17 11:30,4368.10,4368.50,4362.90,4364.60,1397
2026-09-17 11:45,4364.50,4393.50,4364.20,4390.00,4734
2026-09-17 12:00,4390.00,4395.60,4383.80,4394.90,5621
2026-09-17 12:15,4395.10,4423.30,4393.60,4421.30,8017
2026-09-17 12:30,4421.00,4421.00,4400.70,4400.90,5140
2026-09-17 12:45,4401.10,4415.30,4399.40,4413.80,3613
2026-09-17 13:00,4413.80,4415.00,4400.60,4406.50,3739
2026-09-17 13:15,4406.80,4415.80,4405.50,4407.40,2279
2026-09-17 13:30,4407.60,4415.00,4396.80,4398.90,5159
2026-09-17 13:45,4398.80,4412.50,4395.90,4407.40,3961
2026-09-17 14:00,4407.30,4420.90,4405.20,4412.40,4338
2026-09-17 14:15,4412.70,4413.60,4406.10,4407.50,2196
2026-09-17 14:30,4407.90,4408.50,4400.20,4401.70,2929
2026-09-17 14:45,4401.90,4405.40,4392.20,4394.50,3248
2026-09-17 15:00,4394.60,4402.70,4391.80,4402.40,2207
2026-09-17 15:15,4402.30,4405.20,4397.00,4398.30,1971
2026-09-17 15:30,4399.10,4407.40,4396.00,4405.90,1903
2026-09-17 15:45,4405.90,4410.20,4403.60,4409.80,1929
2026-09-17 16:00,4410.10,4412.70,4406.80,4407.60,2337
2026-09-17 16:15,4407.80,4408.60,4403.30,4407.30,1469
2026-09-17 16:30,4407.20,4407.40,4397.10,4399.70,2046
2026-09-17 16:45,4399.60,4402.10,4395.30,4401.90,2303
2026-09-17 17:00,4402.10,4405.70,4398.20,4401.70,1619
2026-09-17 17:15,4401.90,4403.00,4397.60,4400.20,2350
2026-09-17 17:30,4400.30,4403.70,4397.30,4400.20,949
2026-09-17 17:45,4400.20,4401.40,4398.60,4400.30,527
2026-09-17 18:00,4401.20,4405.50,4400.10,4404.70,705
2026-09-17 18:15,4404.80,4405.60,4395.80,4396.00,909
2026-09-17 18:30,4396.30,4396.50,4388.10,4391.50,1815
2026-09-17 18:45,4391.60,4392.20,4388.70,4390.90,985
2026-09-17 19:00,4391.20,4395.40,4390.70,4394.10,779
2026-09-17 19:15,4394.00,4394.20,4382.40,4382.40,1540
2026-09-17 19:30,4382.50,4386.00,4381.60,4384.60,792
2026-09-17 19:45,4384.50,4388.80,4383.20,4385.20,1388
2026-09-17 20:00,4385.60,4386.20,4381.70,4382.30,559
2026-09-17 20:15,4382.60,4384.70,4381.40,4381.70,376
2026-09-17 20:30,4381.80,4383.40,4380.30,4380.90,529
2026-09-17 20:45,4380.70,4382.10,4380.30,4380.60,348
2026-09-17 22:00,4381.60,4384.10,4380.70,4383.40,221
2026-09-17 22:15,4383.50,4384.00,4380.50,4383.70,924
2026-09-17 22:30,4383.80,4388.50,4383.20,4383.20,1276
2026-09-17 22:45,4383.30,4385.00,4380.10,4383.00,1702
2026-09-17 23:00,4383.20,4385.20,4378.30,4383.90,881
2026-09-17 23:15,4383.80,4386.70,4380.40,4383.20,1185
2026-09-17 23:30,4383.00,4383.80,4382.00,4383.10,200
2026-09-17 23:45,4383.00,4387.10,4382.10,4385.00,296
2026-09-18 00:00,4384.40,4393.60,4380.70,4393.30,899
2026-09-18 00:15,4393.00,4396.30,4389.60,4392.50,968
2026-09-18 00:30,4392.00,4399.50,4391.90,4397.70,723
2026-09-18 00:45,4397.80,4398.40,4391.30,4394.90,754
2026-09-18 01:00,4395.50,4404.60,4395.50,4397.00,1825
2026-09-18 01:15,4396.80,4403.30,4393.60,4398.50,1242
2026-09-18 01:30,4398.60,4398.70,4385.90,4386.00,1210
2026-09-18 01:45,4386.00,4389.30,4382.60,4387.00,992
2026-09-18 02:00,4387.00,4390.70,4384.90,4389.20,849
2026-09-18 02:15,4389.10,4392.50,4386.70,4391.50,671
2026-09-18 02:30,4392.10,4395.10,4388.80,4390.30,894
2026-09-18 02:45,4390.30,4394.40,4381.80,4385.40,1092
2026-09-18 03:00,4384.80,4390.40,4382.70,4383.20,1186
2026-09-18 03:15,4383.30,4383.30,4372.20,4379.30,2804
2026-09-18 03:30,4379.00,4397.10,4378.80,4395.70,1872
2026-09-18 03:45,4395.60,4399.50,4395.30,4396.60,1245
2026-09-18 04:00,4397.60,4400.60,4395.50,4395.50,694
2026-09-18 04:15,4396.00,4397.50,4391.80,4397.50,618
2026-09-18 04:30,4397.20,4405.00,4396.10,4403.80,847
2026-09-18 04:45,4404.10,4406.90,4400.50,4406.40,1276
2026-09-18 05:00,4406.70,4409.20,4403.60,4405.40,1072
2026-09-18 05:15,4405.30,4409.30,4403.60,4404.20,627
2026-09-18 05:30,4404.40,4418.10,4399.80,4416.70,2745
2026-09-18 05:45,4416.60,4417.70,4410.10,4416.90,1690
2026-09-18 06:00,4417.00,4430.20,4416.70,4428.40,3354
2026-09-18 06:15,4428.50,4433.70,4421.50,4432.10,1541
2026-09-18 06:30,4432.00,4436.60,4430.30,4436.00,1184
2026-09-18 06:45,4435.50,4437.10,4429.40,4433.50,1526
2026-09-18 07:00,4433.20,4435.60,4429.00,4430.20,1223
2026-09-18 07:15,4430.60,4435.90,4429.50,4435.50,1143
2026-09-18 07:30,4435.50,4437.40,4431.10,4433.70,1473
2026-09-18 07:45,4433.60,4439.80,4432.50,4433.30,1936
2026-09-18 08:00,4433.20,4438.30,4430.20,4430.50,1114
2026-09-18 08:15,4430.50,4434.00,4427.40,4427.70,1310
2026-09-18 08:30,4428.20,4429.50,4424.90,4426.50,1056
2026-09-18 08:45,4426.50,4434.20,4425.90,4432.10,1056
2026-09-18 09:00,4432.30,4438.30,4431.50,4434.60,984
2026-09-18 09:15,4434.70,4435.30,4425.90,4428.00,1148
2026-09-18 09:30,4427.70,4429.00,4416.60,4416.60,1929
2026-09-18 09:45,4416.50,4418.30,4413.10,4416.10,1619
2026-09-18 10:00,4416.40,4419.90,4415.50,4418.80,869
2026-09-18 10:15,4419.00,4421.40,4417.20,4421.40,499
2026-09-18 10:30,4421.30,4422.20,4418.10,4421.10,807
2026-09-18 10:45,4420.90,4421.60,4415.80,4421.30,662
2026-09-18 11:00,4421.20,4428.10,4416.80,4427.80,1885
2026-09-18 11:15,4427.40,4427.90,4416.90,4416.90,843
2026-09-18 11:30,4417.30,4422.00,4413.80,4414.80,1027
2026-09-18 11:45,4415.00,4421.10,4411.40,4420.80,1768
2026-09-18 12:00,4420.90,4421.90,4409.40,4412.00,2638
2026-09-18 12:15,4412.50,4415.90,4392.40,4397.00,4463
2026-09-18 12:30,4397.00,4412.20,4396.70,4407.90,2753
2026-09-18 12:45,4408.20,4409.70,4405.10,4407.60,1206
2026-09-18 13:00,4408.00,4414.50,4402.50,4410.60,2715
2026-09-18 13:15,4410.70,4413.40,4401.70,4406.10,2261
2026-09-18 13:30,4406.00,4406.60,4390.70,4392.10,3845
2026-09-18 13:45,4392.00,4397.10,4385.60,4387.60,3157
2026-09-18 14:00,4387.50,4394.90,4386.10,4389.90,2818
2026-09-18 14:15,4390.20,4393.60,4381.30,4381.50,2869
2026-09-18 14:30,4381.20,4393.30,4381.00,4391.80,2693
2026-09-18 14:45,4391.20,4400.10,4390.00,4391.50,3231
2026-09-18 15:00,4391.20,4394.70,4386.10,4390.50,2177
2026-09-18 15:15,4390.50,4395.40,4389.90,4394.50,1418
2026-09-18 15:30,4394.60,4395.80,4387.10,4393.00,2209
2026-09-18 15:45,4393.40,4396.60,4390.70,4395.00,1309
2026-09-18 16:00,4395.20,4403.40,4393.40,4400.00,1843
2026-09-18 16:15,4400.00,4416.90,4398.30,4416.20,3097
2026-09-18 16:30,4416.30,4422.60,4413.00,4416.70,2821
2026-09-18 16:45,4416.70,4422.20,4415.40,4421.10,1769
2026-09-18 17:00,4421.20,4425.80,4419.90,4424.00,2305
2026-09-18 17:15,4424.00,4427.60,4421.00,4425.30,2586
2026-09-18 17:30,4425.30,4435.00,4423.70,4431.20,2877
2026-09-18 17:45,4430.80,4435.20,4430.10,4431.30,1070
2026-09-18 18:00,4431.40,4432.90,4427.40,4430.80,1619
2026-09-18 18:15,4431.10,4431.30,4427.60,4429.20,591
2026-09-18 18:30,4429.20,4429.20,4419.20,4419.30,1209
2026-09-18 18:45,4419.30,4422.60,4418.20,4420.80,1396
2026-09-18 19:00,4420.70,4424.30,4418.00,4422.70,964
2026-09-18 19:15,4422.80,4423.40,4417.10,4418.70,1197
2026-09-18 19:30,4418.70,4420.60,4417.80,4419.40,521
2026-09-18 19:45,4419.30,4421.50,4413.50,4415.60,1502
2026-09-18 20:00,4415.60,4421.50,4414.40,4419.90,886
2026-09-18 20:15,4419.40,4421.40,4417.20,4419.30,336
2026-09-18 20:30,4419.30,4421.00,4417.50,4419.00,268
2026-09-18 20:45,4419.00,4424.90,4414.50,4424.90,682
2026-09-20 22:00,4415.00,4417.50,4415.00,4417.00,151
2026-09-20 22:15,4417.50,4417.80,4412.80,4414.10,459
2026-09-20 22:30,4414.00,4416.20,4412.70,4412.70,374
2026-09-20 22:45,4413.00,4415.20,4412.00,4412.10,347
2026-09-20 23:00,4412.20,4412.90,4409.30,4411.50,480
2026-09-20 23:15,4411.60,4413.20,4410.00,4412.80,312
2026-09-20 23:30,4412.50,4414.80,4409.40,4409.60,314
2026-09-20 23:45,4409.60,4412.00,4406.90,4411.60,431
2026-09-21 00:00,4411.50,4411.50,4402.10,4403.00,1120
2026-09-21 00:15,4403.10,4407.90,4396.40,4406.10,1572
2026-09-21 00:30,4406.00,4414.30,4404.00,4407.10,955
2026-09-21 00:45,4407.60,4409.00,4400.50,4404.80,1124
2026-09-21 01:00,4404.80,4419.40,4404.80,4419.10,2170
2026-09-21 01:15,4419.40,4422.10,4412.90,4413.30,1791
2026-09-21 01:30,4413.10,4419.20,4412.10,4417.90,905
2026-09-21 01:45,4417.80,4421.60,4414.00,4415.70,1134
2026-09-21 02:00,4416.00,4416.20,4406.40,4406.80,1133
2026-09-21 02:15,4406.90,4407.60,4399.00,4407.50,1257
2026-09-21 02:30,4407.60,4410.40,4402.00,4404.20,1169
2026-09-21 02:45,4404.40,4408.00,4400.50,4401.50,886
2026-09-21 03:00,4401.70,4404.60,4396.80,4400.80,1525
2026-09-21 03:15,4400.90,4403.40,4396.70,4397.80,799
2026-09-21 03:30,4397.50,4405.80,4397.20,4405.10,894
2026-09-21 03:45,4405.20,4406.00,4395.40,4395.80,657
2026-09-21 04:00,4396.80,4398.70,4393.40,4397.30,658
2026-09-21 04:15,4397.30,4402.90,4396.70,4399.20,465
2026-09-21 04:30,4399.20,4400.70,4395.60,4399.10,758
2026-09-21 04:45,4398.90,4399.70,4392.20,4393.10,559
2026-09-21 05:00,4392.90,4394.60,4389.70,4393.00,839
2026-09-21 05:15,4393.40,4398.30,4391.00,4394.60,950
2026-09-21 05:30,4394.50,4399.30,4389.20,4392.20,1424
2026-09-21 05:45,4391.60,4393.20,4386.30,4388.00,1209
2026-09-21 06:00,4387.90,4393.10,4386.50,4390.40,1135
2026-09-21 06:15,4390.40,4392.00,4383.50,4384.40,1175
2026-09-21 06:30,4384.60,4391.50,4384.60,4389.60,795
2026-09-21 06:45,4389.50,4392.30,4387.70,4390.70,999
2026-09-21 07:00,4390.80,4393.70,4383.10,4390.40,2045
2026-09-21 07:15,4390.30,4393.00,4384.30,4387.90,959
2026-09-21 07:30,4388.40,4392.70,4379.00,4384.40,2354
2026-09-21 07:45,4384.30,4387.30,4381.50,4381.60,1020
2026-09-21 08:00,4381.50,4390.70,4380.80,4388.20,1331
2026-09-21 08:15,4387.60,4393.00,4387.30,4390.80,911
2026-09-21 08:30,4390.50,4395.20,4388.40,4395.10,1258
2026-09-21 08:45,4395.10,4395.10,4387.30,4390.70,769
2026-09-21 09:00,4390.70,4391.50,4386.80,4391.40,601
2026-09-21 09:15,4391.10,4392.40,4383.70,4383.70,1157
2026-09-21 09:30,4383.70,4385.70,4377.50,4385.40,2707
2026-09-21 09:45,4385.30,4386.30,4381.30,4383.60,804
2026-09-21 10:00,4383.40,4391.00,4383.20,4391.00,969
2026-09-21 10:15,4391.50,4394.60,4387.80,4388.70,962
2026-09-21 10:30,4388.60,4390.20,4385.50,4386.10,576
2026-09-21 10:45,4385.70,4388.50,4380.10,4380.40,492
2026-09-21 11:00,4380.20,4386.00,4379.50,4385.60,783
2026-09-21 11:15,4386.10,4393.00,4386.10,4391.50,750
2026-09-21 11:30,4391.10,4405.40,4389.70,4404.40,2037
2026-09-21 11:45,4404.60,4409.40,4402.60,4407.30,1832
2026-09-21 12:00,4407.10,4413.00,4400.10,4407.40,2237
2026-09-21 12:15,4407.70,4409.20,4388.80,4393.00,2868
2026-09-21 12:30,4393.00,4401.40,4388.70,4401.00,2973
2026-09-21 12:45,4400.80,4401.70,4391.60,4397.40,1615
2026-09-21 13:00,4397.20,4402.30,4393.70,4400.80,1710
2026-09-21 13:15,4401.10,4407.80,4398.40,4402.30,1856
2026-09-21 13:30,4402.30,4402.50,4386.80,4390.60,3939
2026-09-21 13:45,4390.50,4393.90,4383.60,4383.80,2448
2026-09-21 14:00,4383.70,4384.80,4360.30,4378.40,11060
2026-09-21 14:15,4378.20,4381.20,4372.00,4379.60,3333
2026-09-21 14:30,4379.60,4382.00,4370.00,4370.30,2868
2026-09-21 14:45,4370.20,4380.90,4370.20,4376.90,2372
2026-09-21 15:00,4377.10,4388.60,4377.00,4387.40,2699
2026-09-21 15:15,4387.70,4392.40,4386.80,4389.20,2054
2026-09-21 15:30,4389.50,4394.60,4386.50,4388.10,1961
2026-09-21 15:45,4388.30,4392.90,4384.60,4386.30,2331
2026-09-21 16:00,4386.50,4394.20,4383.00,4390.00,3174
2026-09-21 16:15,4390.20,4395.70,4387.20,4389.20,2241
2026-09-21 16:30,4389.20,4391.00,4381.60,4382.20,1160
2026-09-21 16:45,4381.90,4384.90,4381.00,4381.40,1321
2026-09-21 17:00,4381.50,4385.30,4379.90,4384.20,1126
2026-09-21 17:15,4384.30,4384.90,4379.50,4384.40,2424
2026-09-21 17:30,4384.40,4385.10,4375.70,4379.00,2425
2026-09-21 17:45,4378.70,4384.50,4377.60,4383.00,1227
2026-09-21 18:00,4383.00,4389.30,4382.20,4388.30,1567
2026-09-21 18:15,4388.50,4390.90,4387.20,4388.80,1216
2026-09-21 18:30,4388.90,4390.00,4384.70,4385.40,1063
2026-09-21 18:45,4385.80,4387.30,4384.30,4384.40,696
2026-09-21 19:00,4384.30,4384.90,4380.40,4383.80,902
2026-09-21 19:15,4383.50,4388.50,4382.90,4387.10,671
2026-09-21 19:30,4387.00,4391.90,4385.30,4386.10,1283
2026-09-21 19:45,4385.80,4386.30,4382.40,4383.00,1026
2026-09-21 20:00,4383.00,4383.30,4379.50,4379.60,511
2026-09-21 20:15,4379.80,4379.90,4378.00,4378.70,294
2026-09-21 20:30,4378.50,4381.10,4377.30,4380.10,210
2026-09-21 20:45,4380.40,4382.30,4378.70,4381.00,422
2026-09-21 22:00,4382.50,4388.20,4382.00,4387.00,249
2026-09-21 22:15,4387.30,4390.40,4386.80,4390.10,1046
2026-09-21 22:30,4390.30,4390.70,4388.70,4389.90,339
2026-09-21 22:45,4390.20,4402.80,4390.20,4398.70,1341
2026-09-21 23:00,4398.70,4403.70,4397.20,4397.20,1157
2026-09-21 23:15,4397.40,4402.10,4395.50,4396.80,1506
2026-09-21 23:30,4397.30,4408.60,4395.70,4406.40,2100
2026-09-21 23:45,4406.60,4408.60,4401.80,4406.80,1320
2026-09-22 00:00,4407.00,4414.10,4405.00,4408.20,1887
2026-09-22 00:15,4407.80,4407.80,4395.60,4395.90,1404
2026-09-22 00:30,4395.80,4397.00,4385.90,4393.00,1408
2026-09-22 00:45,4393.20,4397.70,4391.00,4397.70,994
2026-09-22 01:00,4397.60,4402.50,4390.50,4391.10,1954
2026-09-22 01:15,4390.70,4396.00,4387.00,4393.60,1091
2026-09-22 01:30,4393.10,4394.60,4386.50,4386.70,740
2026-09-22 01:45,4386.50,4388.60,4380.60,4385.90,1319
2026-09-22 02:00,4386.20,4390.50,4379.00,4379.40,1597
2026-09-22 02:15,4379.70,4389.20,4376.30,4388.60,1197
2026-09-22 02:30,4389.00,4392.80,4383.50,4384.00,1371
2026-09-22 02:45,4384.10,4384.10,4377.30,4381.80,1720
2026-09-22 03:00,4381.60,4383.00,4376.50,4382.60,839
2026-09-22 03:15,4382.60,4383.40,4378.30,4383.20,479
2026-09-22 03:30,4382.90,4386.60,4377.80,4379.90,1170
2026-09-22 03:45,4379.90,4381.20,4377.50,4379.10,342
2026-09-22 04:00,4378.50,4378.90,4371.40,4375.10,1710
2026-09-22 04:15,4375.20,4376.50,4372.80,4374.50,795
2026-09-22 04:30,4374.20,4377.80,4373.20,4377.20,397
2026-09-22 04:45,4377.10,4379.80,4375.60,4379.50,755
2026-09-22 05:00,4379.60,4384.20,4377.10,4383.10,1337
2026-09-22 05:15,4383.00,4383.50,4359.20,4368.70,3357
2026-09-22 05:30,4368.50,4370.00,4352.70,4357.30,3823
2026-09-22 05:45,4357.60,4369.80,4356.60,4360.30,1390
2026-09-22 06:00,4360.40,4361.00,4351.80,4356.30,2077
2026-09-22 06:15,4356.10,4357.40,4352.20,4354.70,962
2026-09-22 06:30,4354.80,4357.40,4352.10,4357.00,1322
2026-09-22 06:45,4357.00,4358.40,4351.90,4355.00,942
2026-09-22 07:00,4354.30,4360.00,4351.30,4356.90,1271
2026-09-22 07:15,4357.00,4361.00,4351.70,4351.80,826
2026-09-22 07:30,4351.80,4352.30,4345.10,4347.00,2173
2026-09-22 07:45,4347.00,4352.30,4335.50,4337.50,4332
2026-09-22 08:00,4337.20,4348.30,4335.10,4340.00,3410
2026-09-22 08:15,4340.10,4344.20,4333.40,4337.00,2188
2026-09-22 08:30,4337.30,4358.10,4327.60,4356.50,4257
2026-09-22 08:45,4356.70,4372.70,4352.10,4367.30,4156
2026-09-22 09:00,4366.30,4367.70,4353.30,4354.90,2520
2026-09-22 09:15,4354.80,4360.20,4350.80,4351.20,1523
2026-09-22 09:30,4351.50,4357.60,4349.00,4357.20,2568
2026-09-22 09:45,4357.40,4375.30,4356.00,4374.10,4269
2026-09-22 10:00,4373.80,4375.30,4366.00,4367.90,1633
2026-09-22 10:15,4368.10,4369.30,4365.20,4367.30,625
2026-09-22 10:30,4367.10,4371.40,4365.00,4368.30,688
2026-09-22 10:45,4368.70,4368.70,4359.00,4359.00,1335
2026-09-22 11:00,4358.80,4360.60,4346.30,4352.70,3182
2026-09-22 11:15,4352.30,4355.70,4349.10,4355.10,1353
2026-09-22 11:30,4354.90,4357.30,4351.00,4354.90,938
2026-09-22 11:45,4355.00,4360.80,4353.70,4359.90,1462
2026-09-22 12:00,4360.20,4364.10,4357.10,4360.90,1256
2026-09-22 12:15,4361.10,4380.00,4359.80,4374.50,3885
2026-09-22 12:30,4374.20,4381.40,4369.30,4369.30,2892
2026-09-22 12:45,4369.80,4375.20,4368.30,4371.50,2133
2026-09-22 13:00,4371.60,4380.00,4368.00,4378.30,3149
2026-09-22 13:15,4378.30,4380.60,4367.40,4368.00,2180
2026-09-22 13:30,4368.10,4380.60,4365.20,4379.00,3892
2026-09-22 13:45,4379.00,4381.90,4367.50,4371.00,2944
2026-09-22 14:00,4370.80,4376.40,4365.20,4371.50,3943
2026-09-22 14:15,4371.20,4372.10,4362.30,4365.60,2735
2026-09-22 14:30,4365.60,4371.80,4351.80,4357.40,5745
2026-09-22 14:45,4357.50,4365.90,4354.90,4365.30,2569
2026-09-22 15:00,4365.50,4378.00,4362.70,4374.00,3840
2026-09-22 15:15,4373.90,4378.30,4369.80,4369.80,2282
2026-09-22 15:30,4369.70,4370.90,4364.80,4365.50,1654
2026-09-22 15:45,4365.20,4369.40,4362.60,4368.70,1404
2026-09-22 16:00,4368.60,4369.80,4359.80,4361.10,1787
2026-09-22 16:15,4361.00,4364.90,4360.70,4364.30,1279
2026-09-22 16:30,4364.40,4370.00,4363.60,4369.70,952
2026-09-22 16:45,4369.80,4379.80,4368.80,4374.10,3214
2026-09-22 17:00,4374.00,4378.90,4372.50,4375.70,1325
2026-09-22 17:15,4375.80,4378.10,4373.20,4377.20,2098
2026-09-22 17:30,4377.30,4378.00,4372.70,4376.20,700
2026-09-22 17:45,4376.40,4391.30,4375.90,4388.90,4584
2026-09-22 18:00,4388.80,4398.30,4385.50,4396.20,3907
2026-09-22 18:15,4396.00,4398.80,4391.70,4394.10,1843
2026-09-22 18:30,4394.40,4394.90,4386.30,4388.00,1530
2026-09-22 18:45,4388.40,4391.80,4388.30,4390.90,1004
2026-09-22 19:00,4391.10,4396.80,4390.70,4395.50,1014
2026-09-22 19:15,4396.00,4399.00,4393.90,4397.10,1649
2026-09-22 19:30,4397.20,4409.60,4397.20,4407.30,4162
2026-09-22 19:45,4407.60,4408.70,4401.10,4401.80,1581
2026-09-22 20:00,4402.10,4402.50,4396.10,4397.10,1622
2026-09-22 20:15,4397.20,4398.70,4396.40,4397.50,325
2026-09-22 20:30,4397.60,4398.30,4395.40,4396.60,526
2026-09-22 20:45,4396.60,4398.10,4393.50,4396.20,696
2026-09-22 22:00,4394.70,4402.80,4394.70,4402.20,304
2026-09-22 22:15,4401.90,4403.50,4400.40,4403.00,622
2026-09-22 22:30,4402.90,4403.80,4401.30,4401.40,368
2026-09-22 22:45,4401.40,4401.60,4398.90,4400.60,358
2026-09-22 23:00,4400.80,4402.70,4399.30,4400.10,406
2026-09-22 23:15,4400.00,4404.10,4398.90,4402.30,321
2026-09-22 23:30,4402.10,4403.30,4399.10,4402.20,514
2026-09-22 23:45,4402.70,4403.50,4396.40,4402.00,955
2026-09-23 00:00,4401.40,4407.50,4399.40,4403.40,696
2026-09-23 00:15,4403.10,4403.90,4396.20,4396.60,742
2026-09-23 00:30,4396.30,4399.20,4392.30,4396.60,2098
2026-09-23 00:45,4396.50,4398.20,4393.60,4394.80,829
2026-09-23 01:00,4395.00,4396.60,4383.40,4387.00,2168
2026-09-23 01:15,4386.90,4386.90,4379.40,4380.70,1149
2026-09-23 01:30,4380.60,4383.40,4378.60,4381.80,1147
2026-09-23 01:45,4381.90,4383.70,4375.90,4378.30,1021
2026-09-23 02:00,4378.20,4378.30,4374.00,4374.10,718
2026-09-23 02:15,4374.30,4376.70,4371.30,4375.30,1174
2026-09-23 02:30,4375.50,4376.20,4370.20,4374.00,892
2026-09-23 02:45,4374.00,4374.90,4370.10,4370.70,703
2026-09-23 03:00,4370.70,4376.60,4370.00,4375.50,766
2026-09-23 03:15,4375.90,4377.20,4372.60,4375.00,536
2026-09-23 03:30,4374.70,4378.70,4374.10,4378.50,461
2026-09-23 03:45,4378.50,4382.40,4378.50,4380.00,864
2026-09-23 04:00,4379.40,4384.20,4379.20,4383.10,632
2026-09-23 04:15,4382.90,4384.40,4381.60,4382.30,285
2026-09-23 04:30,4382.40,4383.80,4380.50,4381.50,281
2026-09-23 04:45,4381.50,4383.80,4380.70,4381.00,338
2026-09-23 05:00,4381.20,4382.90,4379.20,4379.40,593
2026-09-23 05:15,4379.80,4380.70,4377.30,4378.20,636
2026-09-23 05:30,4378.20,4379.40,4366.20,4366.80,1707
2026-09-23 05:45,4366.90,4372.50,4365.10,4372.30,957
2026-09-23 06:00,4371.80,4374.10,4366.50,4368.00,1251
2026-09-23 06:15,4367.70,4368.30,4363.30,4365.90,1179
2026-09-23 06:30,4366.20,4371.80,4365.70,4371.10,762
2026-09-23 06:45,4371.10,4374.10,4367.10,4368.50,937
2026-09-23 07:00,4367.80,4369.60,4360.50,4361.50,1928
2026-09-23 07:15,4361.70,4365.40,4358.90,4360.80,1798
2026-09-23 07:30,4360.70,4362.20,4356.10,4359.20,1956
2026-09-23 07:45,4359.20,4362.30,4355.10,4356.20,1430
2026-09-23 08:00,4356.20,4358.40,4353.80,4356.60,1379
2026-09-23 08:15,4356.70,4359.80,4354.10,4356.20,1221
2026-09-23 08:30,4356.00,4357.30,4352.70,4353.60,1030
2026-09-23 08:45,4353.30,4356.30,4352.20,4355.00,800
2026-09-23 09:00,4354.90,4357.30,4354.10,4356.80,646
2026-09-23 09:15,4356.70,4357.00,4352.30,4354.00,798
2026-09-23 09:30,4353.90,4356.00,4350.20,4353.40,937
2026-09-23 09:45,4353.30,4353.30,4345.30,4350.60,1895
2026-09-23 10:00,4351.10,4355.90,4350.50,4353.80,1319
2026-09-23 10:15,4353.60,4354.90,4351.20,4354.50,562
2026-09-23 10:30,4354.50,4356.00,4351.20,4352.50,625
2026-09-23 10:45,4352.30,4352.90,4349.00,4352.50,726
2026-09-23 11:00,4352.10,4354.00,4349.70,4351.90,561
2026-09-23 11:15,4351.90,4352.60,4340.50,4342.90,2140
2026-09-23 11:30,4343.10,4343.50,4330.90,4341.50,2881
2026-09-23 11:45,4341.30,4346.70,4340.70,4346.30,1465
2026-09-23 12:00,4346.40,4355.60,4345.80,4355.60,1891
2026-09-23 12:15,4355.50,4355.50,4346.50,4347.70,2270
2026-09-23 12:30,4347.60,4347.80,4338.50,4340.30,2896
2026-09-23 12:45,4340.20,4347.40,4337.20,4346.30,2079
2026-09-23 13:00,4346.30,4347.20,4334.80,4339.30,2684
2026-09-23 13:15,4339.00,4349.30,4338.40,4349.30,1759
2026-09-23 13:30,4349.10,4350.60,4323.00,4329.60,5900
2026-09-23 13:45,4329.20,4329.20,4317.30,4320.40,7280
2026-09-23 14:00,4320.10,4330.20,4318.50,4320.30,5009
2026-09-23 14:15,4320.10,4324.30,4313.90,4317.10,4683
2026-09-23 14:30,4316.80,4328.50,4316.50,4323.00,3848
2026-09-23 14:45,4323.10,4335.00,4320.20,4330.60,5590
2026-09-23 15:00,4330.60,4333.60,4325.60,4330.40,2652
2026-09-23 15:15,4330.30,4331.50,4319.10,4319.60,2337
2026-09-23 15:30,4319.70,4322.00,4314.70,4320.10,2904
2026-09-23 15:45,4319.80,4321.30,4313.30,4318.30,2374
2026-09-23 16:00,4318.30,4320.60,4314.50,4319.20,1377
2026-09-23 16:15,4319.40,4322.00,4318.30,4322.00,1049
2026-09-23 16:30,4322.20,4326.10,4321.00,4322.20,1294
2026-09-23 16:45,4322.40,4323.00,4314.70,4321.10,2430
2026-09-23 17:00,4321.20,4322.00,4311.50,4315.20,3327
2026-09-23 17:15,4315.00,4320.30,4312.70,4318.60,3077
2026-09-23 17:30,4318.40,4326.00,4310.70,4324.70,3335
2026-09-23 17:45,4324.20,4330.00,4323.60,4329.50,1639
2026-09-23 18:00,4329.60,4331.50,4324.50,4325.80,956
2026-09-23 18:15,4325.70,4327.70,4319.90,4322.20,945
2026-09-23 18:30,4322.30,4323.80,4320.30,4320.40,574
2026-09-23 18:45,4320.20,4327.00,4319.00,4326.80,1065
2026-09-23 19:00,4326.70,4329.90,4320.90,4320.90,1091
2026-09-23 19:15,4321.10,4323.90,4319.70,4323.20,840
2026-09-23 19:30,4323.20,4323.80,4317.30,4318.90,1064
2026-09-23 19:45,4318.90,4323.50,4318.30,4320.60,1583
2026-09-23 20:00,4320.30,4324.00,4319.50,4320.90,741
2026-09-23 20:15,4321.10,4321.90,4318.40,4321.20,1090
2026-09-23 20:30,4321.80,4322.30,4318.60,4321.50,385
2026-09-23 20:45,4321.20,4326.50,4321.20,4322.70,834
2026-09-23 21:00,4322.70,4322.70,4322.70,4322.70,1
2026-09-23 22:00,4324.40,4328.80,4320.90,4322.80,1098
2026-09-23 22:15,4323.00,4327.40,4321.50,4323.80,1693
2026-09-23 22:30,4323.50,4326.10,4322.50,4324.00,1541
2026-09-23 22:45,4323.80,4326.20,4322.40,4324.20,812
2026-09-23 23:00,4324.00,4326.60,4323.80,4326.00,323
2026-09-23 23:15,4326.40,4328.80,4323.00,4323.20,566
2026-09-23 23:30,4323.60,4324.20,4320.20,4320.40,414
2026-09-23 23:45,4320.40,4327.10,4320.30,4323.80,744
2026-09-24 00:00,4324.10,4327.30,4322.50,4324.20,673
2026-09-24 00:15,4324.20,4327.80,4319.00,4327.40,1198
2026-09-24 00:30,4327.10,4330.40,4325.60,4329.80,643
2026-09-24 00:45,4329.20,4334.60,4326.60,4333.70,931
2026-09-24 01:00,4333.80,4337.90,4324.50,4337.90,2300
2026-09-24 01:15,4337.90,4338.00,4330.20,4334.10,1248
2026-09-24 01:30,4334.70,4335.90,4324.40,4324.90,1386
2026-09-24 01:45,4324.80,4325.50,4312.60,4314.80,2217
2026-09-24 02:00,4314.00,4317.40,4308.00,4317.30,3687
2026-09-24 02:15,4317.20,4322.50,4317.10,4320.80,1298
2026-09-24 02:30,4321.10,4332.00,4319.20,4330.20,1708
2026-09-24 02:45,4330.10,4330.50,4321.90,4325.70,1999
2026-09-24 03:00,4325.40,4328.70,4319.90,4322.10,925
2026-09-24 03:15,4322.30,4325.70,4320.20,4320.80,568
2026-09-24 03:30,4320.60,4322.00,4316.40,4316.70,624
2026-09-24 03:45,4316.80,4320.00,4315.60,4318.90,904
2026-09-24 04:00,4320.10,4321.80,4316.40,4319.60,708
2026-09-24 04:15,4319.70,4322.80,4318.80,4321.00,311
2026-09-24 04:30,4321.20,4323.90,4320.40,4321.30,243
2026-09-24 04:45,4321.50,4325.10,4320.80,4324.30,334
2026-09-24 05:00,4324.40,4331.20,4324.40,4325.10,798
2026-09-24 05:15,4324.70,4326.10,4320.90,4325.10,342
2026-09-24 05:30,4325.50,4325.70,4315.00,4315.90,1050
2026-09-24 05:45,4315.40,4320.30,4312.00,4313.60,891
2026-09-24 06:00,4313.80,4321.30,4313.40,4317.00,1080
2026-09-24 06:15,4317.00,4321.00,4315.40,4317.30,860
2026-09-24 06:30,4316.80,4318.50,4310.20,4312.80,1531
2026-09-24 06:45,4313.00,4313.00,4309.00,4311.30,1326
2026-09-24 07:00,4311.20,4320.00,4309.00,4319.20,1839
2026-09-24 07:15,4319.00,4323.00,4316.00,4320.00,916
2026-09-24 07:30,4320.00,4323.00,4315.10,4318.00,696
2026-09-24 07:45,4317.90,4320.50,4310.90,4313.30,923
2026-09-24 08:00,4313.40,4320.30,4311.00,4311.90,1475
2026-09-24 08:15,4312.10,4313.50,4296.60,4298.70,4199
2026-09-24 08:30,4298.60,4308.20,4297.70,4302.30,2299
2026-09-24 08:45,4302.30,4304.90,4295.00,4295.50,1366
2026-09-24 09:00,4295.50,4301.70,4293.10,4297.00,1422
2026-09-24 09:15,4297.20,4299.70,4289.30,4289.60,1452
2026-09-24 09:30,4289.90,4294.90,4285.00,4286.50,2004
2026-09-24 09:45,4286.20,4290.70,4286.20,4289.70,1315
2026-09-24 10:00,4289.60,4293.80,4284.70,4287.00,2430
2026-09-24 10:15,4286.60,4289.60,4279.00,4280.10,2997
2026-09-24 10:30,4280.20,4296.90,4278.30,4292.90,2594
2026-09-24 10:45,4292.90,4299.40,4290.10,4292.50,1523
2026-09-24 11:00,4292.40,4295.00,4286.40,4293.20,1166
2026-09-24 11:15,4293.00,4302.40,4291.00,4298.20,2185
2026-09-24 11:30,4298.20,4300.40,4292.80,4295.10,665
2026-09-24 11:45,4295.00,4300.80,4293.30,4300.40,1163
2026-09-24 12:00,4300.20,4304.40,4295.00,4303.80,1223
2026-09-24 12:15,4303.30,4306.60,4301.30,4306.50,2463
2026-09-24 12:30,4305.60,4309.00,4299.40,4306.40,2107
2026-09-24 12:45,4306.60,4318.20,4306.00,4316.00,2534
2026-09-24 13:00,4316.20,4320.00,4311.70,4313.10,2433
2026-09-24 13:15,4313.30,4314.10,4310.30,4311.30,1567
2026-09-24 13:30,4311.60,4312.80,4302.40,4308.20,3554
2026-09-24 13:45,4308.00,4311.50,4299.70,4302.50,3196
2026-09-24 14:00,4302.50,4308.40,4300.40,4304.60,2846
2026-09-24 14:15,4304.90,4306.70,4295.80,4302.40,3246
2026-09-24 14:30,4302.30,4302.30,4288.70,4291.40,3198
2026-09-24 14:45,4291.30,4297.30,4287.40,4288.00,2831
2026-09-24 15:00,4288.30,4289.30,4279.50,4282.10,3112
2026-09-24 15:15,4281.90,4290.70,4281.30,4285.40,3257
2026-09-24 15:30,4285.40,4290.50,4281.50,4289.90,2053
2026-09-24 15:45,4290.10,4295.10,4288.20,4291.30,1987
2026-09-24 16:00,4291.50,4294.40,4287.20,4294.00,1540
2026-09-24 16:15,4294.00,4324.30,4292.80,4310.90,10620
2026-09-24 16:30,4311.20,4320.70,4305.40,4309.60,3845
2026-09-24 16:45,4309.70,4313.60,4306.00,4308.70,2127
2026-09-24 17:00,4308.00,4313.00,4301.50,4305.90,3270
2026-09-24 17:15,4306.50,4306.50,4294.40,4298.50,4322
2026-09-24 17:30,4298.50,4302.70,4293.40,4294.20,2129
2026-09-24 17:45,4294.20,4301.40,4293.20,4300.10,1547
2026-09-24 18:00,4300.20,4305.00,4291.30,4304.80,2857
2026-09-24 18:15,4304.90,4310.50,4302.10,4309.50,1560
2026-09-24 18:30,4309.60,4317.20,4302.80,4306.70,2793
2026-09-24 18:45,4306.80,4312.40,4305.90,4307.10,1200
2026-09-24 19:00,4307.20,4308.00,4302.20,4302.50,1043
2026-09-24 19:15,4302.50,4310.90,4302.40,4307.30,1046
2026-09-24 19:30,4307.40,4310.70,4306.30,4309.40,903
2026-09-24 19:45,4309.20,4310.70,4307.50,4309.40,970
2026-09-24 20:00,4309.10,4309.90,4305.10,4305.20,1856
2026-09-24 20:15,4305.20,4305.80,4299.70,4300.80,875
2026-09-24 20:30,4300.90,4306.90,4300.40,4306.50,532
2026-09-24 20:45,4306.50,4311.40,4305.80,4310.10,588
2026-09-24 22:00,4309.50,4312.80,4305.80,4305.90,234
2026-09-24 22:15,4305.90,4307.00,4303.10,4306.50,487
2026-09-24 22:30,4306.40,4308.50,4304.00,4305.90,1104
2026-09-24 22:45,4306.00,4309.70,4305.80,4307.50,546
2026-09-24 23:00,4307.80,4310.30,4306.90,4308.60,1598
2026-09-24 23:15,4308.50,4310.10,4306.70,4307.20,884
2026-09-24 23:30,4307.20,4311.40,4306.00,4309.60,1066
2026-09-24 23:45,4309.60,4309.70,4299.90,4300.10,533
2026-09-25 00:00,4299.90,4305.50,4299.30,4301.20,905
2026-09-25 00:15,4301.10,4305.50,4299.90,4305.10,454
2026-09-25 00:30,4305.10,4307.40,4302.20,4305.90,279
2026-09-25 00:45,4306.10,4315.50,4305.00,4313.00,796
2026-09-25 01:00,4313.20,4325.40,4311.70,4324.70,1578
2026-09-25 01:15,4324.90,4329.50,4323.50,4328.90,1174
2026-09-25 01:30,4328.90,4331.00,4326.60,4327.90,904
2026-09-25 01:45,4327.90,4327.90,4321.60,4323.20,876
2026-09-25 02:00,4323.20,4330.50,4323.20,4325.30,658
2026-09-25 02:15,4325.30,4327.70,4323.00,4323.30,417
2026-09-25 02:30,4323.00,4323.60,4317.20,4321.30,707
2026-09-25 02:45,4321.20,4321.60,4313.00,4318.90,938
2026-09-25 03:00,4319.00,4321.60,4317.50,4318.00,492
2026-09-25 03:15,4318.00,4319.90,4313.10,4313.10,342
2026-09-25 03:30,4313.30,4313.30,4308.30,4308.30,807
2026-09-25 03:45,4308.60,4309.10,4305.40,4305.70,433
2026-09-25 04:00,4304.80,4306.70,4302.70,4303.10,687
2026-09-25 04:15,4303.00,4306.50,4302.30,4306.00,462
2026-09-25 04:30,4306.00,4308.40,4305.00,4306.70,377
2026-09-25 04:45,4306.90,4308.20,4297.00,4297.40,1263
2026-09-25 05:00,4297.00,4298.60,4290.30,4291.30,1309
2026-09-25 05:15,4291.20,4299.30,4291.10,4298.70,704
2026-09-25 05:30,4298.50,4311.90,4297.50,4309.00,1878
2026-09-25 05:45,4309.00,4310.50,4300.40,4301.30,539
2026-09-25 06:00,4301.10,4310.40,4300.80,4308.90,941
2026-09-25 06:15,4309.20,4316.40,4309.10,4310.00,1738
2026-09-25 06:30,4310.20,4313.30,4309.80,4312.30,923
2026-09-25 06:45,4312.00,4313.20,4309.60,4311.00,883
2026-09-25 07:00,4310.90,4315.60,4308.60,4311.00,767
2026-09-25 07:15,4310.70,4312.80,4306.80,4309.30,733
2026-09-25 07:30,4309.30,4315.20,4306.20,4311.90,915
2026-09-25 07:45,4312.10,4317.00,4312.10,4314.80,1442
2026-09-25 08:00,4314.50,4317.40,4310.00,4317.10,937
2026-09-25 08:15,4316.90,4319.60,4313.90,4318.90,721
2026-09-25 08:30,4319.00,4327.80,4318.70,4327.50,1168
2026-09-25 08:45,4327.60,4332.70,4325.40,4328.90,1894
2026-09-25 09:00,4329.00,4333.50,4328.40,4329.70,1260
2026-09-25 09:15,4329.60,4332.40,4325.40,4326.20,1643
2026-09-25 09:30,4326.40,4333.30,4325.80,4330.40,1487
2026-09-25 09:45,4330.60,4331.00,4326.80,4330.80,930
2026-09-25 10:00,4330.70,4344.00,4329.60,4342.90,2268
2026-09-25 10:15,4342.90,4345.30,4339.20,4344.20,1318
2026-09-25 10:30,4344.20,4344.60,4338.00,4341.20,852
2026-09-25 10:45,4341.30,4347.50,4339.60,4346.80,826
2026-09-25 11:00,4346.90,4351.60,4345.40,4348.30,1460
2026-09-25 11:15,4348.40,4350.30,4340.70,4341.00,1666
2026-09-25 11:30,4341.10,4345.20,4335.90,4337.80,2572
2026-09-25 11:45,4337.70,4341.30,4336.30,4338.60,1333
2026-09-25 12:00,4339.10,4340.70,4333.90,4336.00,1519
2026-09-25 12:15,4335.90,4345.30,4333.30,4342.70,2360
2026-09-25 12:30,4342.80,4343.30,4332.80,4337.30,2511
2026-09-25 12:45,4337.60,4344.70,4332.30,4333.90,2780
2026-09-25 13:00,4333.90,4335.30,4326.50,4328.10,2319
2026-09-25 13:15,4327.80,4329.20,4312.80,4313.50,2943
2026-09-25 13:30,4313.70,4319.80,4308.60,4314.30,4615
2026-09-25 13:45,4314.10,4318.80,4309.40,4310.90,2516
2026-09-25 14:00,4310.70,4313.00,4289.20,4302.60,7903
2026-09-25 14:15,4302.30,4306.20,4294.90,4300.90,2583
2026-09-25 14:30,4300.80,4308.10,4297.50,4307.90,2474
2026-09-25 14:45,4308.20,4315.90,4304.70,4314.10,3307
2026-09-25 15:00,4314.10,4317.70,4309.10,4315.10,2124
2026-09-25 15:15,4315.30,4316.50,4307.00,4314.50,2089
2026-09-25 15:30,4315.00,4321.00,4309.80,4310.10,3842
2026-09-25 15:45,4310.30,4326.60,4304.90,4326.40,3848
2026-09-25 16:00,4326.50,4336.00,4322.40,4325.40,6140
2026-09-25 16:15,4325.70,4328.20,4319.80,4327.40,2777
2026-09-25 16:30,4327.90,4328.40,4314.50,4322.50,3175
2026-09-25 16:45,4322.50,4323.20,4317.30,4321.50,1673
2026-09-25 17:00,4321.60,4328.30,4320.40,4326.70,1780
2026-09-25 17:15,4326.60,4328.40,4320.10,4321.30,1886
2026-09-25 17:30,4321.50,4323.20,4314.50,4320.70,1608
2026-09-25 17:45,4320.60,4321.70,4317.00,4318.10,907
2026-09-25 18:00,4318.30,4321.00,4317.70,4319.80,485
2026-09-25 18:15,4319.60,4325.20,4319.20,4322.20,1397
2026-09-25 18:30,4322.30,4329.30,4322.10,4326.80,1202
2026-09-25 18:45,4326.70,4331.10,4325.90,4329.80,816
2026-09-25 19:00,4329.80,4332.40,4323.40,4331.70,2052
2026-09-25 19:15,4331.80,4331.80,4323.30,4324.10,895
2026-09-25 19:30,4324.00,4329.60,4322.70,4327.70,1389
2026-09-25 19:45,4328.00,4329.60,4325.10,4326.60,921
2026-09-25 20:00,4326.50,4327.60,4325.50,4326.50,368
2026-09-25 20:15,4326.10,4326.30,4322.40,4323.10,322
2026-09-25 20:30,4323.10,4323.20,4320.60,4320.60,630
2026-09-25 20:45,4320.50,4323.00,4320.00,4321.20,581
2026-09-27 22:00,4308.80,4310.00,4301.10,4301.10,332
2026-09-27 22:15,4301.60,4305.50,4300.60,4303.50,604
2026-09-27 22:30,4303.50,4303.60,4296.00,4296.00,619
2026-09-27 22:45,4296.00,4297.50,4292.40,4294.20,689
2026-09-27 23:00,4293.80,4300.60,4291.90,4299.00,566
2026-09-27 23:15,4299.50,4300.10,4296.90,4297.70,272
2026-09-27 23:30,4297.70,4298.10,4293.40,4294.70,531
2026-09-27 23:45,4294.50,4299.30,4293.70,4294.60,910
2026-09-28 00:00,4294.20,4295.10,4287.70,4290.60,1319
2026-09-28 00:15,4290.80,4291.70,4283.50,4283.60,711
2026-09-28 00:30,4283.70,4284.50,4260.90,4270.90,4836
2026-09-28 00:45,4271.00,4273.30,4260.50,4264.60,1782
2026-09-28 01:00,4264.40,4265.10,4246.20,4254.40,6303
2026-09-28 01:15,4254.00,4259.10,4249.40,4254.20,2226
2026-09-28 01:30,4254.00,4257.30,4241.70,4242.90,2139
2026-09-28 01:45,4242.90,4251.20,4239.30,4249.40,1853
2026-09-28 02:00,4249.20,4250.70,4243.80,4249.30,1179
2026-09-28 02:15,4249.40,4250.50,4247.50,4248.20,662
2026-09-28 02:30,4247.70,4248.50,4238.30,4240.20,2098
2026-09-28 02:45,4240.20,4241.80,4227.10,4229.90,2767
2026-09-28 03:00,4230.10,4236.00,4228.00,4233.30,1474
2026-09-28 03:15,4233.50,4234.70,4226.80,4228.90,1281
2026-09-28 03:30,4229.00,4231.10,4224.40,4226.20,1332
2026-09-28 03:45,4226.40,4232.50,4224.10,4230.50,979
2026-09-28 04:00,4229.50,4232.40,4227.80,4232.20,964
2026-09-28 04:15,4232.00,4232.70,4228.40,4232.50,776
2026-09-28 04:30,4232.30,4233.10,4229.00,4230.90,718
2026-09-28 04:45,4230.70,4231.50,4226.80,4227.40,527
2026-09-28 05:00,4227.20,4231.00,4222.50,4224.70,1262
2026-09-28 05:15,4225.00,4227.00,4217.70,4222.90,2088
2026-09-28 05:30,4222.50,4222.80,4212.60,4215.90,2117
2026-09-28 05:45,4216.20,4217.40,4211.40,4212.10,2026
2026-09-28 06:00,4212.00,4213.80,4207.30,4211.40,2807
2026-09-28 06:15,4211.30,4212.20,4201.60,4202.20,3008
2026-09-28 06:30,4202.20,4210.00,4200.60,4204.00,2381
2026-09-28 06:45,4204.10,4209.00,4194.30,4196.70,3420
2026-09-28 07:00,4196.50,4198.50,4192.40,4193.70,3708
2026-09-28 07:15,4193.50,4196.60,4188.80,4190.50,2923
2026-09-28 07:30,4190.60,4192.20,4184.40,4186.10,2560
2026-09-28 07:45,4186.10,4192.60,4182.70,4187.50,3042
2026-09-28 08:00,4187.40,4191.20,4183.30,4188.90,2781
2026-09-28 08:15,4188.80,4189.00,4175.40,4177.00,4202
2026-09-28 08:30,4177.00,4183.30,4174.70,4181.30,3017
2026-09-28 08:45,4181.20,4185.10,4176.50,4176.80,1725
2026-09-28 09:00,4176.40,4179.70,4172.70,4176.50,2490
2026-09-28 09:15,4176.30,4180.80,4173.90,4178.20,1751
2026-09-28 09:30,4178.20,4183.90,4174.40,4182.40,2091
2026-09-28 09:45,4182.60,4190.00,4182.40,4188.10,2609
2026-09-28 10:00,4188.20,4191.40,4185.80,4187.40,1839
2026-09-28 10:15,4187.90,4191.10,4184.00,4190.60,1168
2026-09-28 10:30,4191.10,4191.80,4186.80,4188.30,862
2026-09-28 10:45,4188.50,4191.80,4186.70,4187.50,1015
2026-09-28 11:00,4187.80,4193.00,4180.80,4182.30,1904
2026-09-28 11:15,4182.00,4188.20,4180.40,4187.50,2076
2026-09-28 11:30,4187.70,4187.90,4180.70,4184.10,2015
2026-09-28 11:45,4183.70,4186.70,4179.60,4181.00,1932
2026-09-28 12:00,4180.90,4199.70,4178.80,4197.90,4949
2026-09-28 12:15,4198.10,4203.80,4186.10,4186.30,4514
2026-09-28 12:30,4186.50,4186.80,4175.00,4177.20,3613
2026-09-28 12:45,4177.00,4187.90,4175.50,4186.40,3077
2026-09-28 13:00,4186.10,4186.70,4177.40,4179.60,2320
2026-09-28 13:15,4179.50,4182.10,4173.50,4174.30,2616
2026-09-28 13:30,4174.20,4183.60,4168.00,4183.10,6277
2026-09-28 13:45,4183.30,4193.20,4181.20,4189.10,5655
2026-09-28 14:00,4189.10,4189.30,4170.40,4171.50,4644
2026-09-28 14:15,4171.40,4177.00,4169.20,4175.50,2512
2026-09-28 14:30,4175.40,4175.40,4155.10,4155.70,6155
2026-09-28 14:45,4155.70,4156.30,4143.10,4150.70,6883
2026-09-28 15:00,4150.70,4156.60,4148.60,4152.40,4833
2026-09-28 15:15,4152.40,4160.90,4152.10,4157.40,3196
2026-09-28 15:30,4157.70,4158.40,4151.00,4152.40,2573
2026-09-28 15:45,4152.40,4156.80,4147.70,4156.40,2628
2026-09-28 16:00,4156.60,4157.30,4149.40,4149.50,2191
2026-09-28 16:15,4149.30,4181.00,4148.60,4176.00,10640
2026-09-28 16:30,4175.90,4178.10,4163.60,4164.80,4402
2026-09-28 16:45,4164.80,4168.30,4160.70,4162.40,2558
2026-09-28 17:00,4162.10,4179.60,4158.70,4174.80,6088
2026-09-28 17:15,4174.70,4174.70,4166.40,4168.40,4605
2026-09-28 17:30,4168.50,4172.20,4166.40,4169.90,2190
2026-09-28 17:45,4170.20,4172.70,4166.70,4167.30,1281
2026-09-28 18:00,4167.30,4171.40,4166.10,4168.70,824
2026-09-28 18:15,4168.50,4170.10,4166.40,4167.70,665
2026-09-28 18:30,4167.60,4172.00,4164.10,4171.20,1363
2026-09-28 18:45,4171.40,4175.30,4169.30,4172.00,1453
2026-09-28 19:00,4172.20,4172.40,4164.00,4165.90,1236
2026-09-28 19:15,4165.70,4169.60,4163.90,4167.00,1143
2026-09-28 19:30,4167.00,4168.70,4161.10,4162.50,1321
2026-09-28 19:45,4162.30,4162.50,4155.20,4156.30,2338
2026-09-28 20:00,4156.10,4156.90,4150.10,4154.60,1425
2026-09-28 20:15,4154.70,4156.70,4150.00,4150.70,626
2026-09-28 20:30,4150.90,4151.50,4146.60,4146.90,722
2026-09-28 20:45,4146.80,4148.80,4144.20,4148.50,806
2026-09-28 22:00,4150.10,4155.80,4147.80,4155.10,303
2026-09-28 22:15,4155.30,4159.20,4154.60,4157.80,440
2026-09-28 22:30,4158.00,4158.10,4153.80,4156.40,320
2026-09-28 22:45,4156.30,4157.70,4152.60,4154.10,252
2026-09-28 23:00,4154.00,4157.70,4153.50,4157.60,264
2026-09-28 23:15,4157.70,4161.30,4156.00,4160.50,430
2026-09-28 23:30,4160.60,4161.40,4157.90,4158.50,431
2026-09-28 23:45,4158.70,4159.80,4154.40,4159.60,306
2026-09-29 00:00,4160.00,4160.30,4152.40,4154.60,594
2026-09-29 00:15,4155.00,4155.00,4146.50,4153.60,1224
2026-09-29 00:30,4153.10,4158.60,4151.30,4152.80,724
2026-09-29 00:45,4152.20,4154.30,4146.20,4150.00,1145
2026-09-29 01:00,4149.30,4157.40,4145.20,4156.40,2233
2026-09-29 01:15,4156.40,4163.80,4148.50,4162.10,2402
2026-09-29 01:30,4161.80,4165.80,4155.90,4165.60,1573
2026-09-29 01:45,4165.50,4168.60,4161.80,4166.90,1259
2026-09-29 02:00,4167.10,4167.60,4157.80,4163.60,1365
2026-09-29 02:15,4163.70,4167.40,4162.10,4166.10,1887
2026-09-29 02:30,4166.20,4169.40,4164.10,4167.70,1043
2026-09-29 02:45,4167.50,4170.70,4166.90,4168.70,901
2026-09-29 03:00,4169.10,4170.70,4165.40,4166.30,1696
2026-09-29 03:15,4166.40,4171.20,4165.20,4170.70,1570
2026-09-29 03:30,4170.60,4171.80,4167.60,4168.10,803
2026-09-29 03:45,4168.20,4168.70,4162.80,4164.10,1137
2026-09-29 04:00,4165.10,4165.60,4161.30,4162.60,751
2026-09-29 04:15,4162.50,4163.50,4159.80,4161.00,892
2026-09-29 04:30,4160.70,4163.20,4155.90,4158.40,1239
2026-09-29 04:45,4158.50,4160.00,4157.20,4158.20,429
2026-09-29 05:00,4157.90,4161.60,4157.00,4159.80,586
2026-09-29 05:15,4159.90,4164.30,4158.10,4161.30,871
2026-09-29 05:30,4161.20,4171.60,4153.10,4169.20,1939
2026-09-29 05:45,4169.40,4176.20,4165.50,4169.90,1550
2026-09-29 06:00,4170.10,4179.50,4169.80,4178.20,1986
2026-09-29 06:15,4178.00,4179.20,4171.70,4174.70,1318
2026-09-29 06:30,4175.10,4177.00,4173.50,4175.20,761
2026-09-29 06:45,4175.10,4175.10,4170.60,4171.70,582
2026-09-29 07:00,4171.90,4176.60,4167.40,4175.20,1479
2026-09-29 07:15,4175.80,4180.30,4174.10,4178.10,1315
2026-09-29 07:30,4178.20,4180.90,4172.50,4174.10,1668
2026-09-29 07:45,4174.40,4174.90,4171.20,4172.40,799
2026-09-29 08:00,4172.90,4175.50,4169.40,4172.10,1056
2026-09-29 08:15,4172.30,4178.30,4171.80,4173.70,1039
2026-09-29 08:30,4173.60,4174.00,4169.50,4171.80,653
2026-09-29 08:45,4171.80,4173.80,4169.20,4171.60,619
2026-09-29 09:00,4171.00,4176.60,4170.70,4171.90,732
2026-09-29 09:15,4172.30,4175.50,4171.70,4172.10,629
2026-09-29 09:30,4172.30,4178.40,4171.20,4177.60,1905
2026-09-29 09:45,4177.80,4181.20,4174.20,4178.00,1749
2026-09-29 10:00,4178.00,4182.80,4175.40,4181.10,1246
2026-09-29 10:15,4181.20,4182.20,4179.20,4181.90,869
2026-09-29 10:30,4182.10,4183.50,4179.40,4182.90,784
2026-09-29 10:45,4183.00,4186.80,4181.80,4185.60,1421
2026-09-29 11:00,4185.80,4188.80,4184.80,4188.80,1403
2026-09-29 11:15,4189.00,4193.30,4188.40,4191.50,2135
2026-09-29 11:30,4191.60,4191.70,4183.10,4183.70,1167
2026-09-29 11:45,4184.00,4192.80,4181.50,4185.70,2311
2026-09-29 12:00,4185.50,4190.90,4182.80,4184.60,1084
2026-09-29 12:15,4184.90,4188.90,4180.60,4187.00,2133
2026-09-29 12:30,4186.90,4190.70,4183.10,4188.60,1795
2026-09-29 12:45,4188.80,4188.80,4181.30,4183.00,1224
2026-09-29 13:00,4183.00,4191.40,4182.50,4191.20,2426
2026-09-29 13:15,4191.40,4191.90,4186.60,4186.90,1360
2026-09-29 13:30,4187.10,4195.50,4184.40,4187.30,4666
2026-09-29 13:45,4187.20,4196.80,4185.60,4189.80,3095
2026-09-29 14:00,4189.50,4201.30,4188.50,4198.20,3851
2026-09-29 14:15,4198.20,4207.20,4197.30,4204.10,4307
2026-09-29 14:30,4204.50,4206.50,4194.50,4199.50,3083
2026-09-29 14:45,4199.70,4203.90,4194.50,4202.00,2435
2026-09-29 15:00,4202.20,4202.20,4192.80,4193.80,3257
2026-09-29 15:15,4193.80,4194.80,4180.00,4184.30,4276
2026-09-29 15:30,4184.40,4191.00,4182.50,4188.20,2717
2026-09-29 15:45,4188.30,4194.00,4185.50,4190.40,2641
2026-09-29 16:00,4190.50,4190.90,4182.50,4182.60,1603
2026-09-29 16:15,4182.50,4187.00,4181.60,4185.70,1121
2026-09-29 16:30,4185.70,4187.40,4179.60,4179.90,1257
2026-09-29 16:45,4179.70,4183.10,4176.70,4177.80,1922
2026-09-29 17:00,4177.80,4180.30,4176.30,4179.50,1272
2026-09-29 17:15,4179.60,4181.00,4178.10,4180.70,2439
2026-09-29 17:30,4180.40,4181.20,4175.70,4177.00,1588
2026-09-29 17:45,4177.10,4179.80,4174.40,4176.40,1567
2026-09-29 18:00,4176.50,4200.70,4176.50,4198.90,9259
2026-09-29 18:15,4199.00,4203.10,4195.10,4198.90,3245
2026-09-29 18:30,4198.60,4209.00,4193.00,4203.60,4252
2026-09-29 18:45,4203.20,4205.20,4197.30,4203.70,2416
2026-09-29 19:00,4203.70,4206.50,4200.50,4201.30,1338
2026-09-29 19:15,4201.50,4204.30,4200.40,4203.70,903
2026-09-29 19:30,4203.80,4206.30,4201.90,4204.80,731
2026-09-29 19:45,4204.70,4210.10,4202.40,4209.90,1569
2026-09-29 20:00,4209.90,4210.20,4204.80,4204.80,948
2026-09-29 20:15,4204.90,4209.30,4204.20,4208.70,428
2026-09-29 20:30,4208.80,4217.70,4207.80,4217.40,857
2026-09-29 20:45,4217.50,4218.10,4211.70,4215.00,583
2026-09-29 22:00,4216.20,4217.30,4212.80,4213.90,298
2026-09-29 22:15,4214.10,4215.20,4212.30,4212.30,212
2026-09-29 22:30,4212.40,4212.70,4209.20,4210.20,416
2026-09-29 22:45,4210.00,4212.60,4210.00,4211.30,221
2026-09-29 23:00,4211.50,4214.70,4211.50,4214.70,287
2026-09-29 23:15,4214.80,4216.00,4212.20,4213.50,361
2026-09-29 23:30,4212.80,4212.90,4211.00,4212.90,191
2026-09-29 23:45,4212.10,4219.70,4212.00,4216.80,651
2026-09-30 00:00,4216.70,4219.50,4214.70,4216.00,560
2026-09-30 00:15,4215.80,4216.80,4212.80,4214.60,524
2026-09-30 00:30,4214.00,4215.90,4209.70,4210.40,710
2026-09-30 00:45,4210.70,4211.70,4208.10,4208.10,592
2026-09-30 01:00,4208.30,4213.30,4203.50,4204.10,1339
2026-09-30 01:15,4204.00,4206.40,4199.30,4199.40,1313
2026-09-30 01:30,4199.40,4205.00,4198.60,4200.90,1185
2026-09-30 01:45,4200.60,4204.80,4199.40,4203.60,639
2026-09-30 02:00,4203.50,4209.60,4203.20,4207.90,904
2026-09-30 02:15,4208.10,4211.80,4206.90,4207.20,665
2026-09-30 02:30,4206.90,4210.20,4202.70,4210.10,866
2026-09-30 02:45,4210.20,4216.00,4209.60,4210.90,1420
2026-09-30 03:00,4211.00,4214.20,4209.80,4210.40,653
2026-09-30 03:15,4210.50,4212.90,4209.20,4212.80,517
2026-09-30 03:30,4213.00,4213.00,4206.00,4207.60,585
2026-09-30 03:45,4207.30,4207.70,4203.20,4205.50,613
2026-09-30 04:00,4204.70,4208.10,4204.30,4205.80,594
2026-09-30 04:15,4206.20,4211.20,4206.20,4210.00,435
2026-09-30 04:30,4209.60,4217.40,4209.40,4213.40,662
2026-09-30 04:45,4213.40,4213.90,4209.80,4211.40,506
2026-09-30 05:00,4211.00,4214.80,4204.80,4204.80,524
2026-09-30 05:15,4204.60,4207.30,4197.60,4207.00,1449
2026-09-30 05:30,4207.10,4212.40,4205.10,4207.70,932
2026-09-30 05:45,4208.40,4213.40,4205.80,4210.20,830
2026-09-30 06:00,4209.80,4217.00,4208.30,4215.40,1187
2026-09-30 06:15,4215.60,4217.30,4211.20,4212.60,1045
2026-09-30 06:30,4212.30,4215.70,4210.90,4214.50,874
2026-09-30 06:45,4214.20,4227.00,4211.70,4222.60,2144
2026-09-30 07:00,4222.60,4229.80,4221.60,4225.90,1797
2026-09-30 07:15,4226.40,4233.20,4225.90,4226.80,2035
2026-09-30 07:30,4227.00,4230.80,4223.40,4223.90,1127
2026-09-30 07:45,4224.00,4229.20,4222.90,4225.50,1318
2026-09-30 08:00,4225.60,4228.80,4224.60,4226.50,1098
2026-09-30 08:15,4227.00,4233.70,4225.60,4231.10,1130
2026-09-30 08:30,4230.90,4234.00,4229.00,4229.50,725
2026-09-30 08:45,4229.70,4231.10,4222.80,4223.40,1583
2026-09-30 09:00,4223.40,4227.00,4219.10,4222.20,2421
2026-09-30 09:15,4222.00,4222.60,4214.30,4217.30,1364
2026-09-30 09:30,4217.20,4222.30,4217.20,4219.50,1382
2026-09-30 09:45,4219.60,4220.80,4217.10,4219.30,467
2026-09-30 10:00,4219.40,4222.20,4217.80,4218.00,662
2026-09-30 10:15,4217.80,4221.90,4216.10,4219.90,1043
2026-09-30 10:30,4219.70,4220.70,4215.30,4215.30,524
2026-09-30 10:45,4215.10,4218.00,4212.50,4216.00,1008
2026-09-30 11:00,4215.90,4216.50,4210.20,4211.30,891
2026-09-30 11:15,4211.30,4216.20,4207.80,4215.10,1135
2026-09-30 11:30,4214.80,4223.80,4213.80,4218.00,1707
2026-09-30 11:45,4218.10,4218.50,4214.90,4218.30,1156
2026-09-30 12:00,4217.90,4226.50,4216.60,4225.80,1761
2026-09-30 12:15,4226.10,4226.20,4213.90,4226.00,2893
2026-09-30 12:30,4226.00,4251.10,4224.70,4246.40,10922
2026-09-30 12:45,4246.70,4250.70,4237.70,4240.20,5135
2026-09-30 13:00,4240.30,4246.50,4233.30,4234.20,3243
2026-09-30 13:15,4234.00,4235.40,4222.60,4224.90,3598
2026-09-30 13:30,4224.70,4227.00,4213.10,4214.80,4034
2026-09-30 13:45,4214.50,4216.50,4207.50,4208.60,4270
2026-09-30 14:00,4208.80,4215.00,4205.40,4211.50,4557
2026-09-30 14:15,4211.40,4214.10,4200.80,4202.30,4016
2026-09-30 14:30,4202.60,4206.30,4195.10,4200.80,4981
2026-09-30 14:45,4200.50,4208.20,4195.90,4196.40,3149
2026-09-30 15:00,4196.60,4199.50,4188.90,4195.10,5713
2026-09-30 15:15,4195.00,4197.10,4182.10,4187.90,4524
2026-09-30 15:30,4188.00,4195.00,4186.60,4188.40,4074
2026-09-30 15:45,4188.40,4193.50,4184.80,4188.20,1891
2026-09-30 16:00,4188.60,4192.70,4186.40,4191.70,2678
2026-09-30 16:15,4192.00,4194.20,4188.40,4192.70,2223
2026-09-30 16:30,4192.50,4193.10,4185.80,4191.50,1874
2026-09-30 16:45,4191.30,4191.80,4187.70,4189.10,2258
2026-09-30 17:00,4189.20,4190.10,4181.70,4185.00,2375
2026-09-30 17:15,4185.10,4188.20,4181.30,4186.90,3909
2026-09-30 17:30,4186.90,4187.10,4181.60,4181.90,1038
2026-09-30 17:45,4181.70,4183.00,4178.20,4182.70,2071
2026-09-30 18:00,4182.40,4182.50,4178.50,4181.40,1275
2026-09-30 18:15,4181.40,4186.20,4180.30,4185.90,706
2026-09-30 18:30,4185.80,4186.70,4182.60,4183.80,1860
2026-09-30 18:45,4183.80,4184.20,4181.20,4182.70,1774
2026-09-30 19:00,4182.80,4185.00,4180.50,4184.10,1277
2026-09-30 19:15,4184.10,4187.40,4181.30,4185.90,1423
2026-09-30 19:30,4185.70,4187.90,4182.30,4184.10,739
2026-09-30 19:45,4184.00,4189.20,4181.90,4187.90,2303
2026-09-30 20:00,4188.00,4188.80,4183.40,4188.00,594
2026-09-30 20:15,4188.30,4189.80,4186.80,4189.20,186
2026-09-30 20:30,4189.00,4192.30,4188.70,4190.60,416
2026-09-30 20:45,4190.70,4191.40,4188.30,4189.10,759
2026-09-30 22:00,4190.10,4192.00,4185.00,4186.70,608
2026-09-30 22:15,4186.80,4187.00,4185.10,4186.30,187
2026-09-30 22:30,4186.50,4187.10,4184.50,4184.80,227
2026-09-30 22:45,4184.30,4185.60,4183.40,4184.50,154
2026-09-30 23:00,4184.40,4184.60,4181.80,4182.30,234
2026-09-30 23:15,4182.40,4185.30,4182.10,4184.50,178
2026-09-30 23:30,4184.60,4186.00,4183.80,4185.20,238
2026-09-30 23:45,4185.30,4187.00,4185.10,4186.20,258
2026-10-01 00:00,4186.10,4186.20,4180.50,4182.80,510
2026-10-01 00:15,4182.60,4182.70,4171.30,4174.20,1706
2026-10-01 00:30,4173.80,4175.70,4170.00,4175.30,1054
2026-10-01 00:45,4174.70,4176.30,4169.40,4175.30,639
2026-10-01 01:00,4175.50,4191.40,4175.20,4189.80,1380
2026-10-01 01:15,4189.70,4194.60,4189.20,4189.20,1096
2026-10-01 01:30,4189.50,4194.20,4188.90,4191.00,622
2026-10-01 01:45,4191.30,4193.20,4186.20,4186.20,575
2026-10-01 02:00,4186.10,4187.70,4181.20,4183.60,720
2026-10-01 02:15,4183.50,4186.60,4180.90,4184.40,568
2026-10-01 02:30,4184.60,4185.50,4182.30,4184.30,371
2026-10-01 02:45,4184.00,4191.40,4184.00,4190.30,691
2026-10-01 03:00,4190.30,4198.20,4188.80,4197.00,1122
2026-10-01 03:15,4197.00,4198.00,4192.90,4193.70,270
2026-10-01 03:30,4194.20,4199.60,4192.50,4199.10,424
2026-10-01 03:45,4199.00,4206.40,4198.40,4205.40,1160
2026-10-01 04:00,4205.00,4207.80,4204.40,4207.00,691
2026-10-01 04:15,4206.60,4206.60,4200.80,4201.70,761
2026-10-01 04:30,4201.30,4206.40,4201.30,4205.00,393
2026-10-01 04:45,4205.00,4210.30,4204.70,4209.50,524
2026-10-01 05:00,4209.90,4213.00,4209.00,4212.00,722
2026-10-01 05:15,4212.20,4217.30,4211.40,4216.90,1189
2026-10-01 05:30,4217.10,4222.80,4214.80,4216.80,1315
2026-10-01 05:45,4216.50,4219.40,4215.00,4217.80,804
2026-10-01 06:00,4217.60,4222.10,4217.30,4221.30,1352
2026-10-01 06:15,4221.10,4221.10,4217.20,4219.50,846
2026-10-01 06:30,4219.60,4221.40,4210.70,4214.20,1542
2026-10-01 06:45,4214.20,4215.30,4210.40,4211.60,980
2026-10-01 07:00,4211.50,4213.50,4202.00,4202.30,1408
2026-10-01 07:15,4202.40,4204.50,4185.00,4186.40,3040
2026-10-01 07:30,4186.40,4195.40,4184.20,4193.40,2104
2026-10-01 07:45,4193.40,4196.70,4191.90,4193.70,1132
2026-10-01 08:00,4193.80,4197.90,4188.30,4189.50,1069
2026-10-01 08:15,4189.40,4192.40,4184.40,4186.60,1372
2026-10-01 08:30,4186.60,4188.30,4179.10,4181.50,1761
2026-10-01 08:45,4181.20,4184.90,4178.40,4182.80,1172
2026-10-01 09:00,4182.30,4191.60,4182.10,4190.60,1005
2026-10-01 09:15,4190.60,4192.30,4187.90,4188.90,1082
2026-10-01 09:30,4189.10,4193.00,4188.80,4191.10,853
2026-10-01 09:45,4191.20,4193.50,4183.50,4184.10,872
2026-10-01 10:00,4184.10,4188.90,4179.90,4188.90,857
2026-10-01 10:15,4188.60,4197.40,4187.80,4197.40,1187
2026-10-01 10:30,4197.40,4202.20,4196.60,4201.50,1222
2026-10-01 10:45,4201.10,4208.50,4200.80,4205.90,2036
2026-10-01 11:00,4206.10,4206.10,4198.70,4199.20,1326
2026-10-01 11:15,4199.20,4203.00,4196.40,4201.70,866
2026-10-01 11:30,4201.50,4210.60,4201.00,4208.80,992
2026-10-01 11:45,4208.90,4215.30,4208.90,4212.20,1541
2026-10-01 12:00,4212.50,4215.10,4205.80,4206.30,1608
2026-10-01 12:15,4206.10,4209.90,4204.50,4209.50,2229
2026-10-01 12:30,4209.20,4216.80,4207.80,4212.20,2083
2026-10-01 12:45,4212.60,4217.80,4208.60,4208.80,1919
2026-10-01 13:00,4208.90,4211.80,4203.10,4203.20,1732
2026-10-01 13:15,4203.00,4204.70,4197.10,4197.10,1598
2026-10-01 13:30,4197.30,4202.40,4188.80,4192.60,2884
2026-10-01 13:45,4192.70,4195.60,4190.00,4195.10,1765
2026-10-01 14:00,4195.40,4196.30,4180.80,4183.60,5488
2026-10-01 14:15,4183.40,4195.30,4183.30,4192.10,2018
2026-10-01 14:30,4191.70,4204.80,4189.80,4196.10,3338
2026-10-01 14:45,4196.30,4200.30,4189.30,4192.50,2576
2026-10-01 15:00,4192.30,4192.60,4179.50,4185.90,2830
2026-10-01 15:15,4185.70,4198.50,4184.30,4196.50,3126
2026-10-01 15:30,4196.10,4203.40,4184.50,4199.00,4791
2026-10-01 15:45,4199.00,4201.80,4189.80,4199.20,3120
2026-10-01 16:00,4199.10,4206.60,4198.00,4199.50,1959
2026-10-01 16:15,4199.30,4201.80,4193.90,4197.00,1698
2026-10-01 16:30,4197.60,4200.50,4192.30,4195.60,1230
2026-10-01 16:45,4195.40,4197.40,4189.50,4192.20,1122
2026-10-01 17:00,4192.20,4203.50,4191.60,4201.40,1607
2026-10-01 17:15,4201.50,4207.60,4200.10,4203.10,3440
2026-10-01 17:30,4202.90,4217.60,4202.80,4207.50,6283
2026-10-01 17:45,4207.70,4210.40,4197.30,4201.00,3476
2026-10-01 18:00,4200.90,4205.60,4193.90,4201.60,2265
2026-10-01 18:15,4201.60,4211.70,4200.90,4204.50,2142
2026-10-01 18:30,4204.80,4213.30,4202.50,4209.50,1276
2026-10-01 18:45,4209.00,4209.80,4205.90,4207.80,463
2026-10-01 19:00,4207.20,4208.60,4204.30,4207.50,674
2026-10-01 19:15,4207.40,4210.80,4206.00,4207.20,738
2026-10-01 19:30,4207.40,4209.60,4204.60,4206.90,763
2026-10-01 19:45,4207.00,4210.80,4204.70,4207.00,896
2026-10-01 20:00,4207.10,4210.50,4206.30,4208.00,449
2026-10-01 20:15,4208.10,4209.70,4205.20,4205.90,260
2026-10-01 20:30,4205.70,4206.20,4203.40,4204.30,266
2026-10-01 20:45,4204.40,4209.10,4204.20,4207.80,512
2026-10-01 22:00,4204.50,4207.20,4202.10,4202.70,225
2026-10-01 22:15,4202.70,4202.90,4201.10,4201.50,266
2026-10-01 22:30,4201.60,4205.90,4201.30,4205.60,256
2026-10-01 22:45,4205.50,4208.60,4205.30,4208.30,200
2026-10-01 23:00,4208.50,4210.30,4207.10,4209.50,302
2026-10-01 23:15,4209.70,4212.40,4209.10,4210.80,392
2026-10-01 23:30,4210.80,4212.60,4206.70,4208.70,360
2026-10-01 23:45,4208.90,4213.30,4207.70,4211.50,374
2026-10-02 00:00,4211.40,4212.00,4198.60,4199.70,869
2026-10-02 00:15,4199.40,4201.00,4193.30,4194.30,1057
2026-10-02 00:30,4193.50,4196.30,4188.30,4188.80,1232
2026-10-02 00:45,4188.60,4191.10,4182.30,4182.70,1200
2026-10-02 01:00,4182.30,4184.20,4162.90,4170.40,3527
2026-10-02 01:15,4170.00,4179.50,4168.70,4179.10,1585
2026-10-02 01:30,4178.80,4181.00,4174.60,4178.30,1156
2026-10-02 01:45,4178.50,4181.40,4173.80,4180.60,858
2026-10-02 02:00,4180.40,4186.40,4176.30,4183.10,1040
2026-10-02 02:15,4182.30,4191.40,4182.30,4189.20,810
2026-10-02 02:30,4189.40,4190.80,4184.50,4185.50,654
2026-10-02 02:45,4185.70,4195.70,4184.90,4195.00,877
2026-10-02 03:00,4195.30,4202.70,4194.20,4201.30,1516
2026-10-02 03:15,4200.80,4205.10,4199.40,4202.60,656
2026-10-02 03:30,4202.50,4207.00,4201.50,4203.60,700
2026-10-02 03:45,4203.60,4207.90,4201.20,4205.50,608
2026-10-02 04:00,4207.60,4218.40,4207.20,4213.90,2053
2026-10-02 04:15,4214.00,4218.80,4213.70,4218.00,687
2026-10-02 04:30,4218.30,4221.00,4211.70,4212.30,1009
2026-10-02 04:45,4212.40,4215.00,4211.20,4214.80,376
2026-10-02 05:00,4214.50,4222.30,4213.90,4217.70,856
2026-10-02 05:15,4217.70,4219.70,4216.20,4217.30,399
2026-10-02 05:30,4217.40,4220.50,4215.50,4217.20,813
2026-10-02 05:45,4217.60,4217.80,4212.80,4216.00,538
2026-10-02 06:00,4216.50,4226.80,4215.80,4222.20,2145
2026-10-02 06:15,4222.00,4222.20,4216.90,4219.20,1005
2026-10-02 06:30,4219.60,4220.30,4209.50,4210.30,1459
2026-10-02 06:45,4210.50,4213.20,4207.40,4211.00,950
2026-10-02 07:00,4210.80,4217.80,4207.60,4217.70,1173
2026-10-02 07:15,4217.80,4219.30,4213.40,4215.20,1017
2026-10-02 07:30,4215.50,4217.40,4211.40,4212.70,906
2026-10-02 07:45,4212.70,4222.00,4210.40,4217.30,1248
2026-10-02 08:00,4217.00,4226.60,4214.30,4218.90,1836
2026-10-02 08:15,4219.00,4220.20,4212.30,4215.50,1569
2026-10-02 08:30,4215.30,4216.60,4210.30,4210.70,1513
2026-10-02 08:45,4210.30,4216.40,4209.00,4214.10,1160
2026-10-02 09:00,4214.40,4218.20,4210.70,4216.10,558
2026-10-02 09:15,4215.90,4217.90,4213.50,4216.50,698
2026-10-02 09:30,4216.40,4218.40,4211.50,4214.20,870
2026-10-02 09:45,4214.00,4217.50,4209.30,4214.00,1410
2026-10-02 10:00,4213.90,4216.00,4199.50,4201.30,2093
2026-10-02 10:15,4201.50,4204.00,4195.40,4203.60,1809
2026-10-02 10:30,4204.00,4212.50,4203.00,4211.40,977
2026-10-02 10:45,4211.50,4212.80,4209.30,4212.70,713
2026-10-02 11:00,4212.60,4218.70,4211.70,4217.80,1332
2026-10-02 11:15,4217.70,4218.60,4210.60,4211.00,1992
2026-10-02 11:30,4210.90,4214.30,4208.40,4209.90,669
2026-10-02 11:45,4209.50,4215.40,4206.90,4211.60,859
2026-10-02 12:00,4211.30,4212.00,4204.40,4207.50,1209
2026-10-02 12:15,4207.40,4216.30,4205.50,4216.10,1925
2026-10-02 12:30,4216.90,4259.00,4216.50,4241.30,15126
2026-10-02 12:45,4241.50,4250.70,4234.10,4248.20,5239
2026-10-02 13:00,4248.40,4255.90,4225.00,4225.40,6461
2026-10-02 13:15,4225.30,4226.20,4213.20,4223.10,5042
2026-10-02 13:30,4223.00,4231.60,4212.50,4216.10,4988
2026-10-02 13:45,4215.60,4222.90,4207.70,4221.20,5230
2026-10-02 14:00,4220.70,4226.60,4209.10,4218.60,5055
2026-10-02 14:15,4218.60,4222.90,4203.20,4203.40,3603
2026-10-02 14:30,4203.70,4210.80,4198.20,4205.60,4269
2026-10-02 14:45,4205.20,4206.10,4184.50,4188.30,4885
2026-10-02 15:00,4188.40,4189.40,4171.10,4174.30,6057
2026-10-02 15:15,4174.20,4175.70,4161.70,4171.30,5742
2026-10-02 15:30,4171.00,4176.40,4163.00,4163.60,3911
2026-10-02 15:45,4163.40,4167.30,4153.80,4156.10,3988
2026-10-02 16:00,4156.20,4165.60,4154.60,4163.80,3267
2026-10-02 16:15,4163.40,4170.00,4162.30,4165.30,2434
2026-10-02 16:30,4165.20,4170.50,4163.30,4164.80,1328
2026-10-02 16:45,4164.30,4169.40,4164.30,4168.20,752
2026-10-02 17:00,4168.00,4172.50,4162.40,4165.30,1924
2026-10-02 17:15,4165.30,4168.20,4158.90,4162.60,2522
2026-10-02 17:30,4162.40,4169.00,4161.30,4166.60,1080
2026-10-02 17:45,4166.30,4169.50,4162.00,4166.50,1271
2026-10-02 18:00,4166.70,4170.10,4164.30,4169.20,728
2026-10-02 18:15,4168.90,4169.70,4165.10,4168.90,890
2026-10-02 18:30,4169.10,4172.00,4166.80,4171.40,761
2026-10-02 18:45,4171.50,4175.70,4170.40,4175.40,591
2026-10-02 19:00,4175.80,4178.40,4172.80,4178.00,1225
2026-10-02 19:15,4177.90,4178.20,4173.60,4177.40,851
2026-10-02 19:30,4177.50,4178.90,4171.90,4172.00,987
2026-10-02 19:45,4171.50,4176.90,4169.40,4176.40,1347
2026-10-02 20:00,4176.90,4177.70,4169.00,4172.10,940
2026-10-02 20:15,4171.90,4173.40,4170.80,4172.00,308
2026-10-02 20:30,4172.00,4172.00,4167.00,4167.10,515
2026-10-02 20:45,4167.00,4172.10,4162.30,4162.30,798
2026-10-04 22:00,4171.10,4171.70,4169.00,4169.00,260
2026-10-04 22:15,4169.10,4170.40,4166.80,4169.20,537
2026-10-04 22:30,4169.20,4171.70,4168.90,4171.40,551
2026-10-04 22:45,4171.40,4176.60,4171.40,4176.00,515
2026-10-04 23:00,4175.70,4175.90,4170.50,4173.30,310
2026-10-04 23:15,4173.30,4174.60,4171.70,4174.10,228
2026-10-04 23:30,4174.10,4174.10,4172.00,4172.60,137
2026-10-04 23:45,4172.00,4172.00,4168.60,4171.60,240
2026-10-05 00:00,4170.80,4181.40,4170.80,4177.00,736
2026-10-05 00:15,4177.30,4186.40,4176.00,4183.70,1102
2026-10-05 00:30,4183.80,4184.10,4179.60,4181.30,503
2026-10-05 00:45,4181.20,4185.30,4180.60,4185.00,426
2026-10-05 01:00,4184.90,4190.00,4181.80,4186.20,768
2026-10-05 01:15,4186.00,4187.70,4180.60,4184.40,682
2026-10-05 01:30,4184.30,4185.40,4180.20,4180.50,490
2026-10-05 01:45,4180.70,4189.80,4180.00,4188.10,618
2026-10-05 02:00,4188.30,4191.00,4185.90,4188.00,818
2026-10-05 02:15,4187.90,4190.40,4183.70,4186.70,839
2026-10-05 02:30,4186.90,4187.10,4180.20,4181.20,593
2026-10-05 02:45,4181.40,4183.10,4167.30,4170.30,2105
2026-10-05 03:00,4170.40,4172.70,4164.00,4165.40,2085
2026-10-05 03:15,4165.70,4171.80,4164.20,4170.90,977
2026-10-05 03:30,4171.00,4174.00,4169.50,4171.30,695
2026-10-05 03:45,4171.40,4174.40,4171.10,4172.00,445
2026-10-05 04:00,4171.20,4171.30,4162.60,4162.70,654
2026-10-05 04:15,4162.60,4163.40,4152.30,4153.90,1562
2026-10-05 04:30,4154.00,4161.60,4153.30,4161.10,976
2026-10-05 04:45,4161.00,4162.50,4157.60,4158.80,600
2026-10-05 05:00,4159.00,4167.90,4158.30,4166.40,810
2026-10-05 05:15,4166.30,4168.10,4163.40,4165.00,856
2026-10-05 05:30,4164.60,4168.60,4160.80,4168.20,633
2026-10-05 05:45,4168.10,4168.30,4157.60,4162.40,867
2026-10-05 06:00,4162.10,4181.50,4161.70,4179.40,1981
2026-10-05 06:15,4179.50,4184.10,4174.60,4183.10,2103
2026-10-05 06:30,4182.60,4183.50,4176.90,4180.80,1010
2026-10-05 06:45,4180.70,4183.90,4176.10,4183.70,813
2026-10-05 07:00,4183.70,4187.30,4177.90,4184.10,1221
2026-10-05 07:15,4184.40,4185.20,4179.00,4181.10,830
2026-10-05 07:30,4181.70,4187.70,4179.70,4187.60,768
2026-10-05 07:45,4187.60,4194.90,4186.00,4188.70,2408
2026-10-05 08:00,4189.00,4197.90,4187.50,4196.90,1981
2026-10-05 08:15,4196.80,4198.90,4194.10,4194.40,1481
2026-10-05 08:30,4194.60,4196.20,4190.00,4191.00,1917
2026-10-05 08:45,4190.80,4198.60,4188.40,4195.70,1955
2026-10-05 09:00,4195.50,4198.10,4194.20,4195.40,626
2026-10-05 09:15,4195.50,4198.70,4194.00,4194.50,1258
2026-10-05 09:30,4194.40,4195.20,4187.90,4187.90,1697
2026-10-05 09:45,4188.20,4188.40,4184.90,4187.20,1055
2026-10-05 10:00,4187.20,4188.00,4185.00,4187.50,702
2026-10-05 10:15,4187.40,4188.10,4184.40,4186.50,672
2026-10-05 10:30,4186.40,4187.90,4185.60,4185.60,249
2026-10-05 10:45,4185.70,4194.00,4185.30,4190.50,1296
2026-10-05 11:00,4190.80,4190.90,4187.40,4189.60,769
2026-10-05 11:15,4189.40,4195.60,4187.90,4195.60,1649
2026-10-05 11:30,4195.80,4197.10,4182.70,4182.80,1294
2026-10-05 11:45,4182.70,4184.90,4179.10,4184.10,1191
2026-10-05 12:00,4184.40,4187.30,4181.90,4185.20,1172
2026-10-05 12:15,4185.20,4191.50,4181.60,4191.50,1775
2026-10-05 12:30,4191.20,4194.00,4188.20,4189.00,1823
2026-10-05 12:45,4189.00,4190.90,4182.60,4184.60,1502
2026-10-05 13:00,4184.30,4186.10,4174.80,4180.10,1886
2026-10-05 13:15,4180.00,4182.30,4178.10,4180.90,1649
2026-10-05 13:30,4180.80,4182.00,4165.00,4165.90,2785
2026-10-05 13:45,4165.90,4172.80,4159.10,4163.40,3754
2026-10-05 14:00,4163.00,4175.10,4162.90,4170.30,4408
2026-10-05 14:15,4170.10,4170.80,4164.80,4165.20,1802
2026-10-05 14:30,4165.20,4170.40,4160.00,4168.70,2488
2026-10-05 14:45,4168.60,4176.60,4165.00,4175.00,2164
2026-10-05 15:00,4175.20,4176.50,4165.90,4166.30,1663
2026-10-05 15:15,4166.10,4168.90,4150.40,4167.20,4692
2026-10-05 15:30,4167.40,4167.80,4163.80,4164.60,1029
2026-10-05 15:45,4164.30,4167.60,4161.80,4164.70,1284
2026-10-05 16:00,4164.70,4164.80,4156.60,4157.50,942
2026-10-05 16:15,4157.40,4158.10,4153.60,4155.20,1399
2026-10-05 16:30,4155.30,4159.30,4155.00,4158.90,1043
2026-10-05 16:45,4158.80,4161.10,4156.30,4158.30,976
2026-10-05 17:00,4158.30,4160.00,4152.90,4156.10,1067
2026-10-05 17:15,4155.90,4158.70,4153.50,4157.40,1992
2026-10-05 17:30,4157.40,4160.60,4154.70,4159.90,1059
2026-10-05 17:45,4159.80,4164.60,4158.90,4164.20,787
2026-10-05 18:00,4164.40,4169.40,4163.00,4163.80,1152
2026-10-05 18:15,4163.70,4166.10,4160.90,4164.50,902
2026-10-05 18:30,4164.60,4167.50,4163.10,4165.00,631
2026-10-05 18:45,4165.20,4170.50,4164.90,4170.40,731
2026-10-05 19:00,4170.60,4171.50,4167.20,4168.60,891
2026-10-05 19:15,4168.40,4170.70,4166.80,4169.90,865
2026-10-05 19:30,4169.60,4171.60,4169.10,4169.70,567
2026-10-05 19:45,4169.70,4170.00,4166.10,4168.30,847
2026-10-05 20:00,4168.40,4168.80,4165.00,4166.30,583
2026-10-05 20:15,4166.30,4169.60,4165.90,4168.60,455
2026-10-05 20:30,4168.40,4168.50,4166.30,4167.40,238
2026-10-05 20:45,4167.60,4170.70,4167.30,4167.30,432
2026-10-05 21:00,4167.60,4167.60,4167.60,4167.60,1
2026-10-05 22:00,4169.20,4172.00,4168.50,4169.60,173
2026-10-05 22:15,4169.90,4170.60,4168.90,4169.30,231
2026-10-05 22:30,4170.00,4172.50,4170.00,4171.20,136
2026-10-05 22:45,4171.10,4171.10,4167.60,4167.90,300
2026-10-05 23:00,4168.00,4169.00,4165.10,4165.50,250
2026-10-05 23:15,4165.40,4167.90,4164.70,4167.30,296
2026-10-05 23:30,4167.00,4167.70,4163.60,4164.20,225
2026-10-05 23:45,4163.80,4164.20,4160.60,4161.40,390
2026-10-06 00:00,4161.20,4164.80,4160.10,4163.30,605
2026-10-06 00:15,4163.40,4168.70,4162.60,4167.90,483
2026-10-06 00:30,4167.90,4172.30,4162.90,4165.30,1301
2026-10-06 00:45,4165.50,4178.80,4165.50,4178.40,873
2026-10-06 01:00,4178.10,4179.60,4173.60,4176.80,750
2026-10-06 01:15,4176.70,4176.80,4162.70,4163.50,1149
2026-10-06 01:30,4163.40,4165.40,4158.00,4160.30,1142
2026-10-06 01:45,4160.20,4160.80,4156.00,4157.20,762
2026-10-06 02:00,4157.00,4158.00,4154.70,4157.50,581
2026-10-06 02:15,4157.40,4158.60,4153.40,4153.70,659
2026-10-06 02:30,4153.90,4155.30,4130.70,4148.60,5419
2026-10-06 02:45,4148.70,4166.20,4148.00,4157.40,2336
2026-10-06 03:00,4157.60,4160.10,4155.60,4155.70,734
2026-10-06 03:15,4155.50,4158.10,4153.20,4155.10,753
2026-10-06 03:30,4154.80,4160.80,4151.00,4158.90,934
2026-10-06 03:45,4158.60,4159.50,4151.40,4154.50,1009
2026-10-06 04:00,4155.80,4158.00,4152.50,4153.00,409
2026-10-06 04:15,4152.80,4155.40,4152.60,4154.20,395
2026-10-06 04:30,4154.20,4155.00,4147.40,4148.30,1180
2026-10-06 04:45,4148.10,4151.20,4146.80,4148.20,686
2026-10-06 05:00,4147.90,4151.40,4146.80,4148.90,466
2026-10-06 05:15,4148.40,4152.80,4146.60,4148.20,402
2026-10-06 05:30,4148.20,4151.80,4146.60,4148.60,543
2026-10-06 05:45,4148.60,4149.70,4143.30,4146.70,1273
2026-10-06 06:00,4146.60,4150.30,4140.10,4149.60,2308
2026-10-06 06:15,4149.80,4161.90,4149.80,4161.10,1770
2026-10-06 06:30,4161.30,4162.60,4156.60,4158.00,1206
2026-10-06 06:45,4157.70,4162.10,4157.10,4158.90,1003
2026-10-06 07:00,4159.00,4165.40,4155.50,4165.40,1293
2026-10-06 07:15,4165.80,4170.60,4161.50,4162.00,1464
2026-10-06 07:30,4162.00,4167.20,4160.00,4165.80,1270
2026-10-06 07:45,4165.50,4169.20,4164.50,4167.50,675
2026-10-06 08:00,4167.50,4171.60,4165.20,4167.20,1467
2026-10-06 08:15,4167.10,4175.00,4167.10,4173.50,1459
2026-10-06 08:30,4173.40,4181.20,4172.60,4180.00,1588
2026-10-06 08:45,4180.10,4182.90,4177.60,4182.80,1331
2026-10-06 09:00,4182.60,4184.30,4177.20,4177.30,1564
2026-10-06 09:15,4177.60,4185.10,4177.60,4184.10,783
2026-10-06 09:30,4183.90,4185.90,4181.20,4181.40,1212
2026-10-06 09:45,4181.50,4182.20,4178.50,4180.20,917
2026-10-06 10:00,4179.90,4181.20,4178.10,4179.30,644
2026-10-06 10:15,4179.20,4182.50,4176.20,4181.80,865
2026-10-06 10:30,4182.00,4188.70,4181.80,4187.90,1441
2026-10-06 10:45,4188.20,4188.70,4185.50,4186.10,662
2026-10-06 11:00,4186.50,4188.90,4183.80,4188.20,1059
2026-10-06 11:15,4188.40,4194.00,4188.30,4192.80,2765
2026-10-06 11:30,4192.70,4200.50,4192.60,4199.90,2936
2026-10-06 11:45,4200.10,4202.80,4198.00,4201.50,2258
2026-10-06 12:00,4201.70,4208.00,4201.20,4206.80,2358
2026-10-06 12:15,4206.90,4207.50,4201.60,4203.80,2486
2026-10-06 12:30,4203.80,4204.80,4197.60,4200.40,2582
2026-10-06 12:45,4200.00,4202.30,4193.50,4197.90,2170
2026-10-06 13:00,4198.20,4202.50,4195.50,4200.10,1732
2026-10-06 13:15,4200.00,4200.20,4188.70,4189.20,2166
2026-10-06 13:30,4189.30,4192.90,4183.20,4185.70,2540
2026-10-06 13:45,4186.00,4186.00,4179.30,4180.00,1973
2026-10-06 14:00,4180.10,4185.80,4179.10,4182.30,2487
2026-10-06 14:15,4181.90,4182.70,4171.30,4173.60,3592
2026-10-06 14:30,4173.60,4181.00,4170.60,4180.90,1766
2026-10-06 14:45,4180.50,4185.90,4177.10,4184.50,1759
2026-10-06 15:00,4184.40,4192.10,4183.90,4190.50,2611
2026-10-06 15:15,4190.60,4192.70,4188.90,4191.20,1298
2026-10-06 15:30,4191.30,4197.00,4189.10,4196.90,2301
2026-10-06 15:45,4196.90,4198.70,4191.60,4192.40,2312
2026-10-06 16:00,4192.70,4193.60,4188.40,4190.70,1650
2026-10-06 16:15,4190.60,4192.70,4187.90,4188.10,982
2026-10-06 16:30,4188.20,4189.50,4186.40,4188.20,1072
2026-10-06 16:45,4187.90,4189.20,4181.60,4184.30,1491
2026-10-06 17:00,4184.20,4192.20,4183.80,4189.90,1487
2026-10-06 17:15,4189.90,4191.60,4185.20,4188.30,2641
2026-10-06 17:30,4188.40,4193.20,4187.60,4192.40,1042
2026-10-06 17:45,4192.60,4193.70,4191.20,4192.00,670
2026-10-06 18:00,4192.20,4197.30,4191.40,4197.10,1145
2026-10-06 18:15,4197.00,4200.60,4195.40,4196.90,977
2026-10-06 18:30,4196.90,4198.20,4194.40,4197.90,831
2026-10-06 18:45,4197.90,4204.70,4196.80,4203.80,1528
2026-10-06 19:00,4203.40,4212.40,4203.10,4204.40,2344
2026-10-06 19:15,4204.30,4205.40,4199.70,4199.90,681
2026-10-06 19:30,4200.00,4200.00,4195.90,4197.00,588
2026-10-06 19:45,4197.00,4198.10,4194.60,4197.10,1129
2026-10-06 20:00,4197.10,4198.30,4195.80,4196.00,407
2026-10-06 20:15,4195.90,4195.90,4190.30,4192.50,932
2026-10-06 20:30,4192.10,4192.60,4190.70,4191.20,227
2026-10-06 20:45,4191.40,4193.10,4190.10,4192.70,325
2026-10-06 22:00,4195.00,4195.90,4193.10,4194.60,229
2026-10-06 22:15,4194.10,4195.10,4193.90,4193.90,281
2026-10-06 22:30,4193.30,4193.60,4190.00,4191.10,436
2026-10-06 22:45,4190.80,4192.10,4189.30,4190.70,582
2026-10-06 23:00,4190.80,4193.70,4190.00,4192.80,531
2026-10-06 23:15,4192.80,4197.70,4192.80,4196.90,388
2026-10-06 23:30,4196.90,4197.80,4193.20,4194.70,453
2026-10-06 23:45,4194.70,4196.00,4193.30,4193.60,145
2026-10-07 00:00,4193.20,4197.30,4189.60,4197.10,744
2026-10-07 00:15,4197.00,4197.30,4187.80,4187.80,628
2026-10-07 00:30,4187.60,4190.50,4182.90,4189.90,1181
2026-10-07 00:45,4190.10,4190.10,4183.00,4183.60,451
2026-10-07 01:00,4183.80,4183.80,4179.00,4179.50,964
2026-10-07 01:15,4179.20,4180.50,4176.80,4179.50,671
2026-10-07 01:30,4179.40,4182.30,4176.30,4178.30,1037
2026-10-07 01:45,4178.30,4178.90,4173.10,4174.30,813
2026-10-07 02:00,4174.30,4174.80,4166.80,4169.00,1913
2026-10-07 02:15,4169.20,4173.80,4168.80,4173.50,704
2026-10-07 02:30,4173.40,4175.10,4171.30,4174.00,774
2026-10-07 02:45,4174.10,4175.70,4168.40,4168.90,631
2026-10-07 03:00,4168.90,4169.50,4164.70,4165.90,1161
2026-10-07 03:15,4165.70,4170.30,4164.20,4168.80,704
2026-10-07 03:30,4168.70,4173.20,4168.70,4172.00,569
2026-10-07 03:45,4172.20,4174.50,4169.80,4170.30,662
2026-10-07 04:00,4169.90,4171.10,4167.80,4169.00,445
2026-10-07 04:15,4168.90,4169.50,4167.00,4168.50,361
2026-10-07 04:30,4168.50,4168.80,4163.30,4163.70,454
2026-10-07 04:45,4163.70,4165.60,4161.00,4161.60,638
2026-10-07 05:00,4161.70,4163.30,4159.30,4160.40,960
2026-10-07 05:15,4160.20,4160.70,4157.70,4160.10,752
2026-10-07 05:30,4160.10,4163.50,4158.40,4163.00,1038
2026-10-07 05:45,4163.00,4163.90,4154.70,4154.70,1405
2026-10-07 06:00,4154.80,4161.90,4153.20,4160.50,1534
2026-10-07 06:15,4160.40,4161.70,4156.00,4157.40,657
2026-10-07 06:30,4157.50,4161.20,4156.00,4159.70,1096
2026-10-07 06:45,4159.50,4161.20,4156.70,4156.70,604
2026-10-07 07:00,4156.70,4161.40,4156.50,4158.00,1452
2026-10-07 07:15,4157.90,4162.40,4154.50,4159.10,1373
2026-10-07 07:30,4159.50,4165.80,4158.80,4163.60,1164
2026-10-07 07:45,4163.60,4163.70,4155.00,4159.00,1418
2026-10-07 08:00,4159.10,4163.30,4155.00,4158.10,1245
2026-10-07 08:15,4158.70,4158.70,4150.60,4152.30,2146
2026-10-07 08:30,4152.40,4155.00,4151.00,4153.10,1046
2026-10-07 08:45,4153.00,4153.80,4148.40,4149.80,1239
2026-10-07 09:00,4149.70,4151.90,4145.40,4149.80,1682
2026-10-07 09:15,4149.60,4150.00,4146.30,4146.40,1601
2026-10-07 09:30,4146.50,4147.40,4143.40,4145.70,1911
2026-10-07 09:45,4145.90,4146.60,4142.60,4145.90,1580
2026-10-07 10:00,4145.70,4146.90,4141.00,4142.20,1793
2026-10-07 10:15,4142.00,4143.40,4139.80,4140.30,1433
2026-10-07 10:30,4140.20,4142.30,4135.00,4139.00,2154
2026-10-07 10:45,4139.10,4144.80,4136.90,4142.90,1312
2026-10-07 11:00,4143.10,4147.90,4142.20,4147.10,1420
2026-10-07 11:15,4147.40,4148.30,4143.30,4145.80,1181
2026-10-07 11:30,4145.60,4147.40,4142.00,4143.30,1592
2026-10-07 11:45,4143.00,4148.90,4140.90,4147.60,1180
2026-10-07 12:00,4147.40,4150.40,4145.40,4145.50,1353
2026-10-07 12:15,4145.70,4149.30,4105.40,4106.00,10357
2026-10-07 12:30,4106.00,4114.20,4096.80,4096.90,12172
2026-10-07 12:45,4096.70,4114.40,4091.20,4112.80,9914
2026-10-07 13:00,4112.60,4121.10,4112.00,4119.70,5076
2026-10-07 13:15,4119.90,4124.00,4113.40,4115.90,2922
2026-10-07 13:30,4116.00,4120.10,4108.00,4114.70,3839
2026-10-07 13:45,4114.90,4125.00,4114.90,4124.00,3099
2026-10-07 14:00,4124.00,4127.40,4119.00,4123.80,3306
2026-10-07 14:15,4123.80,4129.60,4121.00,4125.30,2266
2026-10-07 14:30,4125.80,4134.90,4124.90,4128.80,3726
2026-10-07 14:45,4128.30,4134.60,4128.10,4130.10,2019
2026-10-07 15:00,4130.40,4133.70,4124.80,4129.60,2585
2026-10-07 15:15,4129.40,4132.70,4124.50,4128.60,1894
2026-10-07 15:30,4128.70,4139.10,4128.00,4134.50,2883
2026-10-07 15:45,4134.70,4135.60,4127.90,4131.30,1565
2026-10-07 16:00,4131.10,4140.90,4127.50,4136.20,3660
2026-10-07 16:15,4136.40,4140.40,4135.80,4140.00,1390
2026-10-07 16:30,4139.90,4140.90,4132.90,4134.10,1846
2026-10-07 16:45,4134.10,4137.70,4132.90,4135.10,1594
2026-10-07 17:00,4135.00,4153.20,4133.90,4146.10,5235
2026-10-07 17:15,4146.20,4149.40,4139.90,4140.20,4764
2026-10-07 17:30,4140.30,4143.10,4136.70,4137.30,2025
2026-10-07 17:45,4137.40,4141.70,4134.20,4136.40,978
2026-10-07 18:00,4136.50,4146.00,4135.20,4139.10,1414
2026-10-07 18:15,4139.50,4139.80,4136.10,4138.00,645
2026-10-07 18:30,4138.10,4138.90,4132.80,4136.30,1008
2026-10-07 18:45,4136.10,4139.60,4135.00,4135.50,804
2026-10-07 19:00,4135.60,4137.00,4129.10,4133.40,1394
2026-10-07 19:15,4133.50,4136.20,4132.10,4132.80,461
2026-10-07 19:30,4132.60,4133.70,4130.30,4130.60,678
2026-10-07 19:45,4130.70,4130.70,4126.90,4127.60,1510
2026-10-07 20:00,4127.70,4133.40,4127.30,4132.80,879
2026-10-07 20:15,4132.90,4139.80,4132.50,4138.90,720
2026-10-07 20:30,4139.00,4140.00,4134.00,4135.20,396
2026-10-07 20:45,4135.40,4137.40,4132.20,4136.70,380
2026-10-07 22:00,4139.90,4140.80,4132.50,4132.70,832
2026-10-07 22:15,4132.90,4133.70,4128.10,4130.40,564
2026-10-07 22:30,4130.70,4131.60,4128.20,4129.80,323
2026-10-07 22:45,4130.00,4131.70,4129.70,4131.40,262
2026-10-07 23:00,4131.20,4134.80,4131.00,4134.60,432
2026-10-07 23:15,4134.40,4136.90,4132.90,4133.60,729
2026-10-07 23:30,4133.60,4139.90,4132.90,4136.80,1321
2026-10-07 23:45,4137.20,4137.60,4132.80,4133.00,550
2026-10-08 00:00,4133.00,4137.00,4130.30,4135.40,885
2026-10-08 00:15,4135.40,4135.80,4130.70,4131.60,947
2026-10-08 00:30,4131.70,4135.30,4130.00,4130.80,1147
2026-10-08 00:45,4130.70,4145.20,4130.20,4141.60,1620
2026-10-08 01:00,4141.50,4159.70,4140.60,4145.50,3901
2026-10-08 01:15,4145.20,4153.50,4142.90,4153.00,1699
2026-10-08 01:30,4152.30,4159.00,4151.20,4156.30,1326
2026-10-08 01:45,4156.30,4161.50,4153.20,4156.50,1581
2026-10-08 02:00,4156.60,4163.10,4156.30,4162.00,1066
2026-10-08 02:15,4161.80,4163.90,4159.50,4160.80,777
2026-10-08 02:30,4160.40,4166.80,4159.60,4166.70,1185
2026-10-08 02:45,4166.70,4166.80,4155.50,4157.10,1007
2026-10-08 03:00,4157.00,4159.30,4151.80,4152.50,916
2026-10-08 03:15,4152.70,4160.70,4152.50,4158.20,1105
2026-10-08 03:30,4158.40,4161.90,4156.80,4160.90,488
2026-10-08 03:45,4160.70,4163.70,4159.00,4160.40,383
2026-10-08 04:00,4159.80,4165.70,4159.80,4161.00,647
2026-10-08 04:15,4160.80,4162.00,4157.20,4159.50,450
2026-10-08 04:30,4159.40,4159.50,4154.70,4156.40,379
2026-10-08 04:45,4156.30,4159.30,4156.30,4158.30,172
2026-10-08 04:53,4157.90,4157.90,4157.90,4157.90,0
