zeit_utc,open,high,low,close,volume
2026-08-25 04:00,4689.40,4691.30,4686.40,4690.40,0
2026-08-25 04:05,4690.50,4692.50,4690.10,4691.70,96
2026-08-25 04:10,4692.00,4693.50,4690.90,4693.20,117
2026-08-25 04:15,4692.60,4693.00,4688.90,4690.00,212
2026-08-25 04:20,4691.50,4691.50,4686.80,4688.60,121
2026-08-25 04:25,4688.40,4688.70,4684.60,4686.70,263
2026-08-25 04:30,4686.60,4688.30,4681.30,4685.80,671
2026-08-25 04:35,4685.80,4686.80,4682.10,4682.90,268
2026-08-25 04:40,4682.90,4683.30,4679.50,4681.60,276
2026-08-25 04:45,4681.40,4682.50,4680.40,4682.20,131
2026-08-25 04:50,4681.50,4684.10,4679.90,4682.80,188
2026-08-25 04:55,4682.30,4683.20,4681.00,4681.10,139
2026-08-25 05:00,4681.30,4684.40,4679.30,4683.90,315
2026-08-25 05:05,4685.00,4694.50,4684.90,4691.30,1111
2026-08-25 05:10,4691.70,4694.90,4691.20,4693.60,409
2026-08-25 05:15,4693.50,4699.90,4693.50,4699.80,887
2026-08-25 05:20,4700.00,4701.90,4698.80,4700.00,467
2026-08-25 05:25,4699.80,4704.00,4698.60,4702.40,417
2026-08-25 05:30,4702.50,4703.30,4695.20,4698.10,711
2026-08-25 05:35,4698.70,4702.20,4697.80,4699.30,251
2026-08-25 05:40,4698.60,4698.90,4693.70,4694.70,555
2026-08-25 05:45,4694.50,4698.00,4691.70,4695.10,521
2026-08-25 05:50,4695.20,4699.40,4692.40,4698.90,360
2026-08-25 05:55,4700.30,4701.50,4696.90,4698.50,456
2026-08-25 06:00,4698.40,4702.00,4697.00,4700.20,712
2026-08-25 06:05,4700.20,4704.30,4699.70,4703.90,370
2026-08-25 06:10,4704.00,4706.60,4704.00,4705.70,528
2026-08-25 06:15,4705.60,4705.60,4702.70,4703.60,153
2026-08-25 06:20,4703.80,4708.40,4701.60,4707.90,635
2026-08-25 06:25,4707.90,4709.60,4706.00,4706.30,296
2026-08-25 06:30,4706.20,4709.60,4705.20,4707.90,209
2026-08-25 06:35,4707.40,4708.50,4704.50,4706.20,377
2026-08-25 06:40,4706.10,4708.80,4704.00,4704.00,293
2026-08-25 06:45,4704.20,4705.70,4702.80,4704.10,210
2026-08-25 06:50,4704.20,4704.30,4696.60,4698.00,376
2026-08-25 06:55,4697.70,4698.30,4693.00,4694.60,746
2026-08-25 07:00,4695.00,4697.10,4693.40,4696.20,558
2026-08-25 07:05,4696.60,4698.30,4692.80,4697.50,340
2026-08-25 07:10,4697.40,4697.90,4694.30,4696.20,242
2026-08-25 07:15,4695.80,4699.50,4694.20,4697.60,471
2026-08-25 07:20,4697.40,4700.30,4696.10,4697.00,195
2026-08-25 07:25,4697.40,4697.40,4690.50,4691.10,740
2026-08-25 07:30,4691.10,4695.30,4690.50,4691.40,344
2026-08-25 07:35,4691.60,4693.30,4690.20,4692.60,479
2026-08-25 07:40,4693.00,4696.70,4691.60,4695.90,343
2026-08-25 07:45,4696.10,4697.20,4690.60,4691.90,468
2026-08-25 07:50,4691.90,4693.40,4687.40,4687.60,712
2026-08-25 07:55,4687.70,4688.00,4685.80,4686.10,842
2026-08-25 08:00,4686.10,4687.60,4681.70,4682.30,827
2026-08-25 08:05,4681.90,4685.30,4676.30,4679.20,845
2026-08-25 08:10,4679.60,4683.10,4679.20,4683.10,442
2026-08-25 08:15,4682.80,4686.50,4682.20,4684.90,413
2026-08-25 08:20,4684.30,4702.00,4683.10,4700.10,1573
2026-08-25 08:25,4699.70,4700.00,4688.10,4689.10,690
2026-08-25 08:30,4689.10,4691.50,4687.80,4691.00,970
2026-08-25 08:35,4690.40,4690.60,4685.20,4686.20,484
2026-08-25 08:40,4686.00,4687.90,4681.60,4687.90,454
2026-08-25 08:45,4687.70,4689.60,4683.40,4683.80,412
2026-08-25 08:50,4684.10,4684.10,4680.90,4682.40,337
2026-08-25 08:55,4682.20,4686.30,4682.20,4685.70,169
2026-08-25 09:00,4685.70,4685.70,4680.30,4682.30,340
2026-08-25 09:05,4682.00,4689.00,4680.50,4688.60,424
2026-08-25 09:10,4688.50,4688.50,4685.00,4686.00,301
2026-08-25 09:15,4686.30,4689.10,4685.50,4687.10,292
2026-08-25 09:20,4687.00,4688.00,4685.10,4685.40,193
2026-08-25 09:25,4685.20,4685.40,4681.30,4681.70,269
2026-08-25 09:30,4681.80,4695.10,4679.50,4692.80,1365
2026-08-25 09:35,4692.20,4692.30,4685.00,4685.70,518
2026-08-25 09:40,4685.90,4694.40,4684.90,4692.80,1196
2026-08-25 09:45,4692.90,4696.30,4692.00,4696.30,372
2026-08-25 09:50,4696.30,4698.10,4693.30,4693.50,412
2026-08-25 09:55,4693.80,4697.20,4691.20,4691.70,598
2026-08-25 10:00,4691.60,4692.70,4688.50,4689.70,418
2026-08-25 10:05,4690.40,4692.20,4688.80,4690.90,254
2026-08-25 10:10,4690.70,4694.00,4689.20,4690.40,284
2026-08-25 10:15,4690.90,4694.30,4690.10,4692.60,278
2026-08-25 10:20,4692.50,4694.10,4690.80,4691.00,164
2026-08-25 10:25,4691.10,4693.10,4688.50,4689.40,288
2026-08-25 10:30,4689.40,4692.50,4688.10,4691.30,289
2026-08-25 10:35,4691.10,4693.80,4689.10,4693.10,171
2026-08-25 10:40,4693.70,4696.70,4692.90,4693.60,355
2026-08-25 10:45,4693.70,4696.70,4693.10,4693.90,295
2026-08-25 10:50,4693.70,4697.80,4692.90,4697.00,242
2026-08-25 10:55,4696.60,4698.20,4695.00,4695.00,192
2026-08-25 11:00,4694.80,4696.30,4694.00,4695.80,204
2026-08-25 11:05,4695.90,4698.80,4691.90,4695.90,629
2026-08-25 11:10,4696.30,4696.30,4696.30,4696.30,2
2026-08-25 11:20,4697.80,4700.20,4696.30,4697.90,1413
2026-08-25 11:25,4697.90,4698.30,4694.50,4697.20,310
2026-08-25 11:30,4697.10,4700.30,4696.20,4698.80,331
2026-08-25 11:35,4699.00,4700.70,4697.80,4700.60,330
2026-08-25 11:40,4700.50,4701.20,4696.40,4696.60,548
2026-08-25 11:45,4696.70,4701.90,4696.60,4700.90,302
2026-08-25 11:50,4700.70,4703.50,4697.70,4699.80,567
2026-08-25 11:55,4700.10,4700.80,4697.80,4698.40,288
2026-08-25 12:00,4698.70,4698.90,4691.00,4692.60,2116
2026-08-25 12:05,4692.90,4694.60,4691.40,4693.10,358
2026-08-25 12:10,4692.70,4697.80,4691.80,4694.80,576
2026-08-25 12:15,4694.60,4694.80,4688.60,4691.20,1017
2026-08-25 12:20,4691.00,4695.10,4687.30,4689.20,970
2026-08-25 12:25,4689.30,4693.10,4688.60,4692.80,534
2026-08-25 12:30,4692.70,4693.00,4688.10,4688.40,602
2026-08-25 12:35,4688.30,4690.20,4685.70,4686.00,648
2026-08-25 12:40,4685.70,4696.00,4685.30,4693.70,676
2026-08-25 12:45,4693.40,4698.00,4692.80,4695.70,550
2026-08-25 12:50,4695.90,4699.60,4695.00,4696.80,455
2026-08-25 12:55,4695.90,4696.60,4693.80,4695.70,389
2026-08-25 13:00,4696.30,4696.60,4685.10,4689.60,1694
2026-08-25 13:05,4689.40,4691.80,4683.20,4686.50,1013
2026-08-25 13:10,4686.40,4689.20,4678.10,4678.50,1274
2026-08-25 13:15,4678.10,4683.20,4675.60,4681.10,1108
2026-08-25 13:20,4681.10,4681.50,4667.40,4669.10,2110
2026-08-25 13:25,4669.80,4673.80,4663.40,4664.70,2199
2026-08-25 13:30,4665.10,4678.70,4664.20,4676.90,1653
2026-08-25 13:35,4676.60,4676.80,4664.50,4670.60,1428
2026-08-25 13:40,4671.00,4676.20,4665.90,4667.70,963
2026-08-25 13:45,4667.60,4670.20,4659.50,4661.70,2394
2026-08-25 13:50,4661.50,4667.20,4660.40,4662.70,1508
2026-08-25 13:55,4662.20,4673.00,4660.50,4671.40,1349
2026-08-25 14:00,4671.30,4676.50,4668.80,4674.30,2092
2026-08-25 14:05,4674.40,4680.60,4673.40,4678.60,2517
2026-08-25 14:10,4679.30,4682.40,4677.50,4678.20,1173
2026-08-25 14:15,4678.70,4680.80,4674.90,4674.90,888
2026-08-25 14:20,4674.70,4681.90,4674.10,4681.60,1220
2026-08-25 14:25,4681.60,4684.50,4679.50,4679.80,833
2026-08-25 14:30,4679.70,4687.60,4667.30,4685.60,2973
2026-08-25 14:35,4685.70,4693.50,4685.60,4692.90,1805
2026-08-25 14:40,4692.70,4694.20,4687.20,4693.10,1104
2026-08-25 14:45,4693.00,4696.00,4691.60,4692.60,685
2026-08-25 14:50,4693.20,4694.20,4688.80,4690.90,770
2026-08-25 14:55,4691.40,4693.50,4689.00,4691.60,853
2026-08-25 15:00,4691.80,4693.30,4686.40,4688.00,633
2026-08-25 15:05,4688.20,4689.70,4686.30,4688.40,630
2026-08-25 15:10,4688.30,4691.30,4687.00,4689.20,571
2026-08-25 15:15,4689.30,4695.70,4685.10,4694.90,996
2026-08-25 15:20,4694.60,4701.00,4694.60,4696.70,978
2026-08-25 15:25,4696.40,4699.30,4693.00,4695.80,961
2026-08-25 15:30,4696.00,4707.60,4696.00,4705.20,2162
2026-08-25 15:35,4705.20,4715.30,4704.60,4713.00,3271
2026-08-25 15:40,4712.70,4716.40,4711.50,4713.30,963
2026-08-25 15:45,4713.30,4714.10,4707.80,4708.90,962
2026-08-25 15:50,4708.80,4709.40,4705.90,4707.40,851
2026-08-25 15:55,4707.70,4710.90,4706.00,4709.50,826
2026-08-25 16:00,4709.60,4710.20,4704.40,4704.80,856
2026-08-25 16:05,4705.00,4706.00,4701.60,4701.60,763
2026-08-25 16:10,4701.50,4702.80,4699.50,4701.40,1005
2026-08-25 16:15,4701.20,4703.80,4698.40,4699.80,773
2026-08-25 16:20,4699.80,4700.20,4694.60,4696.90,1259
2026-08-25 16:25,4697.10,4699.80,4695.90,4698.00,959
2026-08-25 16:30,4697.80,4699.40,4695.20,4695.50,802
2026-08-25 16:35,4695.50,4702.60,4694.30,4701.60,557
2026-08-25 16:40,4701.50,4702.40,4700.00,4701.20,686
2026-08-25 16:45,4701.50,4703.50,4699.20,4702.30,593
2026-08-25 16:50,4702.50,4703.80,4700.70,4701.10,472
2026-08-25 16:55,4701.20,4702.60,4697.70,4700.80,559
2026-08-25 17:00,4700.60,4700.60,4695.80,4697.70,448
2026-08-25 17:05,4697.80,4697.80,4692.00,4693.10,931
2026-08-25 17:10,4693.40,4697.20,4691.30,4694.80,724
2026-08-25 17:15,4695.30,4700.40,4691.80,4700.10,686
2026-08-25 17:20,4699.90,4702.40,4695.30,4696.50,620
2026-08-25 17:25,4696.40,4698.40,4693.20,4694.20,1646
2026-08-25 17:30,4694.20,4696.90,4693.50,4695.70,614
2026-08-25 17:35,4695.50,4700.40,4695.30,4700.00,353
2026-08-25 17:40,4700.10,4701.70,4698.30,4700.20,359
2026-08-25 17:45,4700.20,4704.00,4699.90,4702.90,267
2026-08-25 17:50,4703.30,4703.30,4699.90,4702.20,257
2026-08-25 17:55,4702.00,4705.80,4702.00,4705.80,561
2026-08-25 18:00,4705.80,4705.80,4702.00,4702.00,479
2026-08-25 18:05,4702.00,4705.00,4701.70,4703.40,214
2026-08-25 18:10,4703.30,4707.40,4703.00,4704.50,309
2026-08-25 18:15,4704.10,4706.10,4703.30,4705.90,536
2026-08-25 18:20,4705.90,4706.50,4705.10,4705.70,234
2026-08-25 18:25,4705.80,4707.60,4705.70,4706.80,182
2026-08-25 18:30,4707.00,4707.00,4703.40,4704.40,212
2026-08-25 18:35,4704.60,4705.70,4702.70,4705.10,234
2026-08-25 18:40,4705.20,4707.30,4704.80,4706.00,283
2026-08-25 18:45,4706.00,4709.00,4706.00,4707.90,341
2026-08-25 18:50,4708.10,4708.10,4706.50,4707.70,96
2026-08-25 18:55,4707.70,4711.80,4707.70,4711.40,583
2026-08-25 19:00,4711.40,4714.80,4710.40,4711.10,710
2026-08-25 19:05,4710.80,4717.20,4710.70,4716.20,609
2026-08-25 19:10,4716.10,4720.00,4715.90,4719.20,879
2026-08-25 19:15,4719.30,4725.60,4718.80,4723.90,836
2026-08-25 19:20,4723.90,4724.20,4720.20,4721.50,385
2026-08-25 19:25,4721.30,4721.50,4717.00,4717.90,423
2026-08-25 19:30,4718.00,4718.70,4715.50,4715.80,355
2026-08-25 19:35,4716.20,4717.10,4714.70,4716.10,369
2026-08-25 19:40,4716.50,4721.90,4716.20,4719.00,698
2026-08-25 19:45,4718.80,4721.40,4717.10,4721.10,377
2026-08-25 19:50,4721.00,4724.20,4718.90,4722.10,591
2026-08-25 19:55,4722.00,4724.30,4717.80,4723.40,1056
2026-08-25 20:00,4723.30,4724.40,4721.20,4721.80,523
2026-08-25 20:05,4722.30,4725.50,4719.70,4725.50,330
2026-08-25 20:10,4725.40,4726.00,4722.70,4722.70,448
2026-08-25 20:15,4722.90,4723.70,4722.30,4723.10,137
2026-08-25 20:20,4723.10,4724.90,4722.90,4723.30,229
2026-08-25 20:25,4723.30,4723.30,4719.00,4719.50,212
2026-08-25 20:30,4719.70,4721.20,4718.40,4718.80,251
2026-08-25 20:35,4718.90,4719.90,4718.30,4718.60,106
2026-08-25 20:40,4718.60,4719.10,4717.30,4718.40,117
2026-08-25 20:45,4718.80,4719.40,4717.80,4718.30,164
2026-08-25 20:50,4718.00,4718.70,4716.50,4716.70,193
2026-08-25 20:55,4716.60,4717.30,4714.10,4715.90,254
2026-08-25 22:00,4715.70,4718.60,4712.10,4718.60,0
2026-08-25 22:05,4718.10,4719.00,4717.20,4718.30,103
2026-08-25 22:10,4718.10,4722.30,4718.10,4721.70,115
2026-08-25 22:15,4721.60,4724.00,4721.60,4723.20,219
2026-08-25 22:20,4723.50,4724.00,4722.10,4723.90,170
2026-08-25 22:25,4723.90,4724.30,4722.70,4723.90,104
2026-08-25 22:30,4723.80,4726.30,4723.80,4726.10,164
2026-08-25 22:35,4726.40,4727.80,4724.00,4727.40,270
2026-08-25 22:40,4727.30,4727.40,4725.70,4727.20,63
2026-08-25 22:45,4727.20,4729.90,4727.20,4729.10,178
2026-08-25 22:50,4729.10,4730.90,4729.10,4729.70,218
2026-08-25 22:55,4730.00,4730.60,4729.50,4729.70,130
2026-08-25 23:00,4729.70,4730.60,4727.40,4729.50,200
2026-08-25 23:05,4729.20,4729.50,4726.20,4726.20,145
2026-08-25 23:10,4726.40,4726.90,4724.00,4725.10,157
2026-08-25 23:15,4725.00,4725.10,4723.40,4724.40,109
2026-08-25 23:20,4724.10,4724.50,4718.90,4719.10,314
2026-08-25 23:25,4718.90,4719.20,4717.50,4718.30,268
2026-08-25 23:30,4718.50,4718.80,4715.90,4717.50,157
2026-08-25 23:35,4717.40,4718.10,4716.50,4716.50,105
2026-08-25 23:40,4716.50,4717.20,4712.80,4713.50,425
2026-08-25 23:45,4713.10,4716.00,4712.50,4712.90,242
2026-08-25 23:50,4713.10,4714.40,4711.20,4711.70,252
2026-08-25 23:55,4712.00,4712.60,4710.30,4712.10,213
2026-08-26 00:00,4711.90,4715.20,4708.90,4709.30,491
2026-08-26 00:05,4709.40,4711.50,4708.70,4710.90,250
2026-08-26 00:10,4710.80,4711.80,4707.40,4708.40,264
2026-08-26 00:15,4708.30,4712.30,4707.60,4708.40,220
2026-08-26 00:20,4708.40,4708.60,4702.10,4702.90,424
2026-08-26 00:25,4702.70,4704.80,4700.10,4703.70,396
2026-08-26 00:30,4704.20,4707.20,4701.20,4702.20,478
2026-08-26 00:35,4702.10,4702.50,4695.70,4696.90,770
2026-08-26 00:40,4696.70,4697.20,4693.10,4694.10,448
2026-08-26 00:45,4694.00,4695.50,4693.00,4693.20,399
2026-08-26 00:50,4693.40,4695.60,4691.10,4692.70,481
2026-08-26 00:55,4693.20,4695.70,4692.50,4694.20,297
2026-08-26 01:00,4694.60,4703.10,4686.20,4702.70,1377
2026-08-26 01:05,4702.30,4704.70,4697.60,4701.70,789
2026-08-26 01:10,4701.40,4703.20,4697.70,4700.80,534
2026-08-26 01:15,4701.50,4707.10,4700.90,4702.50,894
2026-08-26 01:20,4702.10,4705.90,4700.90,4700.90,431
2026-08-26 01:25,4700.90,4704.20,4700.00,4700.30,229
2026-08-26 01:30,4700.30,4702.10,4695.60,4696.00,626
2026-08-26 01:35,4696.20,4703.50,4696.00,4701.90,639
2026-08-26 01:40,4702.40,4703.90,4696.30,4701.10,353
2026-08-26 01:45,4702.10,4707.90,4700.10,4707.60,373
2026-08-26 01:50,4707.70,4710.70,4707.20,4708.40,433
2026-08-26 01:55,4708.60,4717.70,4708.50,4713.80,810
2026-08-26 02:00,4713.60,4717.50,4711.60,4716.70,398
2026-08-26 02:05,4716.00,4718.40,4715.20,4717.40,374
2026-08-26 02:10,4717.60,4718.50,4714.70,4717.00,256
2026-08-26 02:15,4717.00,4718.20,4715.90,4718.10,256
2026-08-26 02:20,4718.10,4718.70,4715.70,4716.00,187
2026-08-26 02:25,4715.90,4716.90,4712.60,4715.50,344
2026-08-26 02:30,4715.40,4720.60,4714.50,4720.10,610
2026-08-26 02:35,4720.50,4722.90,4716.40,4720.40,696
2026-08-26 02:40,4720.30,4728.00,4719.10,4724.30,642
2026-08-26 02:45,4724.20,4726.00,4722.30,4722.60,248
2026-08-26 02:50,4722.70,4723.70,4717.60,4718.30,310
2026-08-26 02:55,4718.00,4718.20,4714.90,4715.20,208
2026-08-26 03:00,4715.40,4715.90,4710.60,4714.00,507
2026-08-26 03:05,4714.00,4714.20,4706.60,4707.20,489
2026-08-26 03:10,4707.10,4707.10,4704.20,4705.30,432
2026-08-26 03:15,4705.10,4705.70,4702.40,4704.40,308
2026-08-26 03:20,4704.50,4708.10,4704.40,4706.00,462
2026-08-26 03:25,4706.20,4707.70,4704.90,4707.30,336
2026-08-26 03:30,4707.20,4708.30,4706.50,4706.80,243
2026-08-26 03:35,4707.10,4708.40,4703.70,4705.50,260
2026-08-26 03:40,4705.10,4706.00,4702.30,4702.50,227
2026-08-26 03:45,4702.30,4702.30,4699.60,4702.00,399
2026-08-26 03:50,4702.00,4702.40,4700.20,4701.40,119
2026-08-26 03:55,4701.20,4701.40,4700.30,4701.10,71
2026-08-26 04:00,4699.80,4701.20,4699.20,4699.90,205
2026-08-26 04:05,4699.60,4701.00,4698.90,4700.60,79
2026-08-26 04:10,4700.70,4701.00,4699.60,4699.60,98
2026-08-26 04:15,4699.70,4700.50,4698.40,4698.90,149
2026-08-26 04:20,4698.90,4700.00,4698.30,4699.60,148
2026-08-26 04:25,4699.20,4699.80,4698.20,4699.20,110
2026-08-26 04:30,4699.40,4700.40,4698.00,4698.50,130
2026-08-26 04:35,4698.70,4699.10,4697.20,4697.30,254
2026-08-26 04:40,4697.20,4699.10,4696.40,4697.60,164
2026-08-26 04:45,4697.90,4698.20,4695.70,4696.70,321
2026-08-26 04:50,4697.30,4698.80,4696.70,4698.00,139
2026-08-26 04:55,4698.10,4698.70,4696.50,4697.60,101
2026-08-26 05:00,4697.50,4700.80,4697.30,4699.00,295
2026-08-26 05:05,4699.10,4702.80,4698.60,4702.70,358
2026-08-26 05:10,4702.40,4702.60,4698.30,4700.20,206
2026-08-26 05:15,4700.20,4701.70,4698.40,4700.10,180
2026-08-26 05:20,4700.20,4701.40,4698.50,4700.60,132
2026-08-26 05:25,4700.90,4702.20,4699.40,4700.20,145
2026-08-26 05:30,4700.40,4706.30,4697.80,4702.80,658
2026-08-26 05:35,4702.20,4702.50,4695.20,4698.30,416
2026-08-26 05:40,4698.70,4701.40,4694.70,4695.00,316
2026-08-26 05:45,4694.60,4697.30,4692.20,4694.30,406
2026-08-26 05:50,4694.20,4696.90,4693.60,4695.50,141
2026-08-26 05:55,4695.60,4696.30,4693.80,4696.30,202
2026-08-26 06:00,4696.20,4698.00,4692.60,4697.50,402
2026-08-26 06:05,4697.20,4697.20,4694.20,4695.70,203
2026-08-26 06:10,4695.20,4695.80,4692.60,4694.20,170
2026-08-26 06:15,4694.20,4694.20,4687.80,4690.80,494
2026-08-26 06:20,4690.60,4691.20,4682.50,4684.00,716
2026-08-26 06:25,4683.80,4685.70,4681.10,4683.40,467
2026-08-26 06:30,4683.40,4687.80,4682.60,4687.50,344
2026-08-26 06:35,4687.70,4688.00,4683.80,4687.30,415
2026-08-26 06:40,4686.90,4691.20,4686.60,4690.20,408
2026-08-26 06:45,4690.10,4693.30,4690.10,4691.50,382
2026-08-26 06:50,4691.40,4692.00,4689.00,4689.80,360
2026-08-26 06:55,4689.90,4690.90,4687.10,4690.60,283
2026-08-26 07:00,4690.60,4695.70,4690.60,4695.30,501
2026-08-26 07:05,4695.50,4695.70,4689.30,4691.60,442
2026-08-26 07:10,4691.80,4693.50,4689.60,4693.00,207
2026-08-26 07:15,4692.70,4694.30,4690.10,4690.20,203
2026-08-26 07:20,4689.90,4691.70,4688.40,4690.50,277
2026-08-26 07:25,4690.60,4692.40,4686.90,4687.50,328
2026-08-26 07:30,4687.60,4693.00,4687.40,4689.80,422
2026-08-26 07:35,4689.50,4690.70,4686.40,4686.70,285
2026-08-26 07:40,4686.80,4688.30,4685.10,4688.30,203
2026-08-26 07:45,4688.40,4691.20,4686.90,4688.20,250
2026-08-26 07:50,4688.00,4688.00,4683.70,4684.50,353
2026-08-26 07:55,4684.90,4686.00,4682.60,4685.10,580
2026-08-26 08:00,4684.90,4686.70,4682.70,4684.40,322
2026-08-26 08:05,4684.70,4685.30,4681.50,4683.70,328
2026-08-26 08:10,4683.70,4684.30,4681.40,4681.50,343
2026-08-26 08:15,4681.30,4684.50,4678.70,4680.40,685
2026-08-26 08:20,4680.80,4682.20,4677.30,4682.00,359
2026-08-26 08:25,4682.00,4685.10,4681.40,4684.90,290
2026-08-26 08:30,4685.20,4686.40,4680.60,4683.50,337
2026-08-26 08:35,4683.90,4686.40,4683.70,4684.70,203
2026-08-26 08:40,4684.60,4685.00,4683.70,4685.00,148
2026-08-26 08:45,4684.80,4685.40,4682.50,4684.30,283
2026-08-26 08:50,4684.20,4684.40,4682.80,4683.20,159
2026-08-26 08:55,4683.10,4684.10,4681.30,4683.70,198
2026-08-26 09:00,4684.00,4687.00,4681.50,4681.50,852
2026-08-26 09:05,4681.50,4683.00,4679.70,4679.80,412
2026-08-26 09:10,4679.40,4683.30,4679.20,4680.40,497
2026-08-26 09:15,4680.30,4680.70,4676.60,4676.60,559
2026-08-26 09:20,4676.90,4677.30,4674.00,4674.30,727
2026-08-26 09:25,4674.20,4675.50,4671.30,4672.40,910
2026-08-26 09:30,4672.10,4678.00,4672.00,4676.10,527
2026-08-26 09:35,4676.70,4676.90,4675.50,4675.90,188
2026-08-26 09:40,4675.90,4678.10,4675.30,4678.00,230
2026-08-26 09:45,4677.70,4681.60,4677.70,4680.40,370
2026-08-26 09:50,4679.80,4681.40,4679.00,4680.20,255
2026-08-26 09:55,4680.70,4681.10,4679.50,4679.50,141
2026-08-26 10:00,4679.60,4680.00,4676.30,4679.60,250
2026-08-26 10:05,4679.10,4679.10,4676.50,4677.70,118
2026-08-26 10:10,4677.90,4677.90,4673.90,4675.10,250
2026-08-26 10:15,4674.90,4676.80,4673.30,4673.40,217
2026-08-26 10:20,4673.00,4676.00,4672.20,4674.60,340
2026-08-26 10:25,4674.30,4674.30,4668.80,4670.80,999
2026-08-26 10:30,4671.20,4675.40,4670.70,4675.40,334
2026-08-26 10:35,4675.40,4680.10,4674.40,4679.90,393
2026-08-26 10:40,4679.70,4680.10,4676.90,4678.30,204
2026-08-26 10:45,4678.40,4679.90,4678.20,4679.50,167
2026-08-26 10:50,4679.70,4679.80,4677.40,4678.50,267
2026-08-26 10:55,4678.20,4678.30,4674.60,4675.90,183
2026-08-26 11:00,4676.30,4677.90,4675.30,4676.50,222
2026-08-26 11:05,4676.20,4676.30,4672.60,4673.50,197
2026-08-26 11:10,4673.40,4674.90,4672.60,4674.10,620
2026-08-26 11:15,4674.40,4678.80,4674.00,4678.00,764
2026-08-26 11:20,4677.80,4678.50,4672.10,4672.50,246
2026-08-26 11:25,4672.30,4677.40,4672.30,4676.00,302
2026-08-26 11:30,4676.40,4678.90,4674.20,4674.80,416
2026-08-26 11:35,4674.60,4675.50,4673.00,4674.00,216
2026-08-26 11:40,4673.80,4675.20,4673.00,4674.50,184
2026-08-26 11:45,4674.50,4674.80,4672.40,4674.00,248
2026-08-26 11:50,4674.10,4675.50,4673.00,4675.00,195
2026-08-26 11:55,4675.30,4681.00,4674.80,4680.30,445
2026-08-26 12:00,4680.60,4685.00,4679.40,4683.30,812
2026-08-26 12:05,4683.30,4685.60,4682.80,4683.00,806
2026-08-26 12:10,4683.20,4683.70,4681.00,4681.20,331
2026-08-26 12:15,4681.30,4685.90,4680.00,4684.50,671
2026-08-26 12:20,4685.00,4685.50,4680.70,4681.60,701
2026-08-26 12:25,4682.10,4686.60,4681.40,4686.60,636
2026-08-26 12:30,4686.60,4690.00,4666.90,4678.80,3710
2026-08-26 12:35,4678.50,4681.30,4673.20,4677.10,1042
2026-08-26 12:40,4677.00,4680.50,4669.70,4677.70,1247
2026-08-26 12:45,4677.60,4680.40,4673.60,4679.20,671
2026-08-26 12:50,4679.10,4681.70,4666.00,4671.60,1673
2026-08-26 12:55,4671.30,4674.00,4668.10,4669.50,847
2026-08-26 13:00,4670.00,4676.90,4663.90,4667.50,2451
2026-08-26 13:05,4667.50,4672.80,4663.60,4664.20,1477
2026-08-26 13:10,4664.10,4668.20,4662.60,4666.30,1744
2026-08-26 13:15,4666.20,4669.30,4653.30,4667.00,3668
2026-08-26 13:20,4666.60,4669.80,4659.60,4664.60,1376
2026-08-26 13:25,4664.50,4667.80,4660.50,4666.50,709
2026-08-26 13:30,4666.70,4674.00,4665.50,4671.10,1623
2026-08-26 13:35,4671.30,4672.20,4667.50,4668.80,862
2026-08-26 13:40,4668.80,4678.30,4667.00,4675.00,1826
2026-08-26 13:45,4675.00,4680.80,4673.40,4680.80,936
2026-08-26 13:50,4680.70,4683.90,4677.60,4679.00,1440
2026-08-26 13:55,4679.30,4687.00,4679.00,4686.60,2057
2026-08-26 14:00,4686.70,4688.60,4677.50,4679.80,1840
2026-08-26 14:05,4680.00,4681.90,4676.30,4678.50,727
2026-08-26 14:10,4678.50,4682.80,4675.00,4676.10,850
2026-08-26 14:15,4676.20,4680.30,4675.20,4678.80,696
2026-08-26 14:20,4679.10,4682.80,4675.10,4676.60,700
2026-08-26 14:25,4677.00,4677.10,4672.00,4672.50,916
2026-08-26 14:30,4672.40,4675.40,4670.40,4674.20,592
2026-08-26 14:35,4674.30,4674.50,4668.60,4672.70,981
2026-08-26 14:40,4673.00,4678.90,4672.90,4677.90,710
2026-08-26 14:45,4677.90,4678.80,4667.50,4668.60,1388
2026-08-26 14:50,4668.40,4670.10,4661.70,4663.20,1193
2026-08-26 14:55,4663.50,4668.10,4658.00,4658.20,1866
2026-08-26 15:00,4658.50,4660.80,4648.20,4653.30,3928
2026-08-26 15:05,4653.30,4653.90,4642.60,4653.00,2638
2026-08-26 15:10,4652.90,4655.10,4643.10,4644.00,1505
2026-08-26 15:15,4644.00,4649.40,4638.20,4646.20,2594
2026-08-26 15:20,4646.20,4649.80,4644.50,4647.10,1171
2026-08-26 15:25,4647.10,4653.70,4646.00,4650.40,1578
2026-08-26 15:30,4650.00,4653.60,4649.90,4653.30,721
2026-08-26 15:35,4653.90,4656.70,4652.70,4656.70,650
2026-08-26 15:40,4656.80,4660.30,4655.50,4660.20,852
2026-08-26 15:45,4660.40,4664.60,4659.80,4663.60,1191
2026-08-26 15:50,4663.70,4663.80,4653.80,4656.00,1281
2026-08-26 15:55,4655.80,4659.60,4651.40,4651.40,911
2026-08-26 16:00,4651.60,4654.70,4645.90,4652.80,2092
2026-08-26 16:05,4652.50,4656.80,4652.40,4654.60,661
2026-08-26 16:10,4654.50,4655.30,4652.00,4655.20,517
2026-08-26 16:15,4655.40,4655.80,4651.70,4654.20,1815
2026-08-26 16:20,4654.20,4654.60,4649.10,4651.00,931
2026-08-26 16:25,4651.20,4652.30,4648.80,4649.90,1118
2026-08-26 16:30,4650.20,4651.50,4648.10,4649.40,564
2026-08-26 16:35,4649.40,4650.70,4642.00,4642.40,801
2026-08-26 16:40,4642.40,4646.60,4640.80,4643.70,1355
2026-08-26 16:45,4643.30,4650.00,4643.30,4650.00,689
2026-08-26 16:50,4649.90,4652.50,4644.40,4644.90,737
2026-08-26 16:55,4644.60,4647.40,4643.80,4647.10,456
2026-08-26 17:00,4647.10,4649.10,4646.70,4648.50,425
2026-08-26 17:05,4648.70,4651.60,4645.90,4649.40,367
2026-08-26 17:10,4649.60,4650.80,4648.60,4650.20,316
2026-08-26 17:15,4650.30,4651.40,4648.80,4651.20,325
2026-08-26 17:20,4651.50,4654.30,4650.70,4652.10,932
2026-08-26 17:25,4651.90,4653.90,4649.80,4653.40,1236
2026-08-26 17:30,4653.20,4657.60,4652.30,4656.30,983
2026-08-26 17:35,4656.50,4656.70,4651.40,4652.00,359
2026-08-26 17:40,4652.00,4654.70,4651.00,4652.60,376
2026-08-26 17:45,4652.50,4654.20,4651.70,4653.70,227
2026-08-26 17:50,4653.80,4654.60,4652.50,4652.70,166
2026-08-26 17:55,4652.80,4653.20,4649.40,4653.20,426
2026-08-26 18:00,4653.10,4659.00,4652.30,4658.60,430
2026-08-26 18:05,4658.30,4660.30,4656.20,4658.10,776
2026-08-26 18:10,4658.00,4659.30,4655.40,4655.90,360
2026-08-26 18:15,4656.00,4656.20,4650.30,4651.00,457
2026-08-26 18:20,4651.20,4651.30,4648.00,4649.20,479
2026-08-26 18:25,4649.60,4650.60,4648.30,4650.20,447
2026-08-26 18:30,4649.90,4650.80,4648.60,4648.70,315
2026-08-26 18:35,4648.80,4651.40,4647.50,4649.60,398
2026-08-26 18:40,4649.50,4652.60,4649.00,4652.00,339
2026-08-26 18:45,4651.60,4653.00,4651.00,4651.90,157
2026-08-26 18:50,4651.80,4653.00,4651.00,4651.10,172
2026-08-26 18:55,4651.00,4651.20,4648.30,4648.50,462
2026-08-26 19:00,4648.80,4649.90,4646.00,4647.20,274
2026-08-26 19:05,4647.40,4648.20,4645.70,4647.60,210
2026-08-26 19:10,4647.60,4650.40,4647.60,4649.10,201
2026-08-26 19:15,4649.10,4650.40,4646.20,4646.50,229
2026-08-26 19:20,4646.40,4648.90,4645.80,4648.80,179
2026-08-26 19:25,4649.10,4653.70,4649.10,4653.10,523
2026-08-26 19:30,4653.20,4656.30,4651.50,4652.30,415
2026-08-26 19:35,4652.20,4653.10,4651.00,4651.80,186
2026-08-26 19:40,4651.20,4651.80,4649.00,4650.20,201
2026-08-26 19:45,4650.50,4651.10,4649.50,4650.00,203
2026-08-26 19:50,4649.60,4650.00,4647.00,4648.40,280
2026-08-26 19:55,4648.10,4649.40,4647.00,4648.90,607
2026-08-26 20:00,4649.00,4649.50,4647.30,4648.60,217
2026-08-26 20:05,4648.90,4651.40,4648.90,4649.50,139
2026-08-26 20:10,4649.30,4649.80,4646.00,4646.00,143
2026-08-26 20:15,4646.40,4646.40,4643.60,4643.90,162
2026-08-26 20:20,4643.80,4644.20,4638.60,4644.20,492
2026-08-26 20:25,4644.40,4646.70,4643.90,4645.90,85
2026-08-26 20:30,4645.80,4646.90,4645.00,4646.60,65
2026-08-26 20:35,4646.70,4648.40,4646.60,4648.30,103
2026-08-26 20:40,4648.00,4648.00,4646.20,4646.40,77
2026-08-26 20:45,4646.60,4648.40,4646.50,4648.30,62
2026-08-26 20:50,4648.20,4648.80,4647.20,4647.60,80
2026-08-26 20:55,4648.10,4649.70,4647.80,4647.80,113
2026-08-26 22:00,4650.00,4659.40,4648.10,4656.70,0
2026-08-26 22:05,4656.60,4659.20,4656.50,4658.40,123
2026-08-26 22:10,4658.50,4660.00,4656.00,4656.60,131
2026-08-26 22:15,4657.00,4666.70,4656.20,4665.00,443
2026-08-26 22:20,4664.80,4667.70,4660.50,4660.80,264
2026-08-26 22:25,4660.50,4665.60,4659.70,4665.10,219
2026-08-26 22:30,4665.20,4666.00,4663.90,4664.40,109
2026-08-26 22:35,4663.90,4665.60,4663.10,4664.70,136
2026-08-26 22:40,4664.60,4666.00,4663.10,4665.00,131
2026-08-26 22:45,4665.30,4666.20,4662.30,4663.60,197
2026-08-26 22:50,4663.20,4663.60,4661.30,4661.70,204
2026-08-26 22:55,4661.40,4664.00,4660.70,4663.30,262
2026-08-26 23:00,4663.20,4665.70,4660.90,4662.20,420
2026-08-26 23:05,4662.30,4666.20,4662.30,4665.30,179
2026-08-26 23:10,4665.40,4669.50,4665.00,4669.50,264
2026-08-26 23:15,4669.10,4674.50,4668.20,4674.40,432
2026-08-26 23:20,4674.50,4676.00,4674.20,4674.60,422
2026-08-26 23:25,4674.80,4676.10,4673.20,4673.70,281
2026-08-26 23:30,4674.10,4674.90,4672.00,4674.90,130
2026-08-26 23:35,4675.00,4678.70,4672.80,4678.50,288
2026-08-26 23:40,4678.30,4678.30,4676.00,4676.80,173
2026-08-26 23:45,4676.30,4678.90,4674.80,4677.40,393
2026-08-26 23:50,4677.30,4678.40,4674.90,4675.10,242
2026-08-26 23:55,4675.00,4678.40,4674.70,4677.50,408
2026-08-27 00:00,4677.90,4681.00,4676.50,4678.50,471
2026-08-27 00:05,4678.30,4678.30,4672.20,4673.20,297
2026-08-27 00:10,4672.90,4673.50,4670.30,4672.00,251
2026-08-27 00:15,4671.70,4673.50,4667.40,4673.20,518
2026-08-27 00:20,4673.10,4675.20,4672.40,4673.30,159
2026-08-27 00:25,4674.10,4675.30,4671.30,4673.10,176
2026-08-27 00:30,4673.00,4673.00,4666.90,4667.60,246
2026-08-27 00:35,4667.20,4669.20,4664.00,4666.20,569
2026-08-27 00:40,4666.70,4667.40,4659.40,4660.40,957
2026-08-27 00:45,4660.50,4665.30,4660.40,4663.80,477
2026-08-27 00:50,4663.60,4663.60,4654.50,4657.00,479
2026-08-27 00:55,4656.50,4659.20,4656.00,4659.20,226
2026-08-27 01:00,4658.90,4669.00,4656.20,4668.40,1014
2026-08-27 01:05,4668.70,4673.90,4666.10,4670.70,409
2026-08-27 01:10,4671.00,4679.10,4670.70,4678.90,488
2026-08-27 01:15,4679.10,4679.10,4671.20,4676.30,581
2026-08-27 01:20,4676.50,4679.50,4673.00,4679.50,503
2026-08-27 01:25,4679.40,4679.40,4672.80,4672.80,265
2026-08-27 01:30,4672.70,4677.00,4672.40,4676.00,320
2026-08-27 01:35,4676.40,4685.00,4674.30,4682.70,722
2026-08-27 01:40,4683.00,4686.00,4676.50,4678.40,1034
2026-08-27 01:45,4678.40,4686.00,4678.30,4684.30,513
2026-08-27 01:50,4684.50,4689.90,4683.40,4689.00,745
2026-08-27 01:55,4689.50,4695.40,4689.10,4694.60,885
2026-08-27 02:00,4694.60,4697.70,4692.60,4693.20,844
2026-08-27 02:05,4693.50,4697.10,4692.70,4696.70,348
2026-08-27 02:10,4696.80,4696.80,4693.50,4695.40,257
2026-08-27 02:15,4695.00,4695.20,4691.90,4693.60,432
2026-08-27 02:20,4693.20,4695.00,4691.50,4691.50,384
2026-08-27 02:25,4691.80,4692.20,4687.40,4687.90,418
2026-08-27 02:30,4687.80,4688.40,4683.10,4683.90,749
2026-08-27 02:35,4684.20,4685.20,4679.20,4682.70,658
2026-08-27 02:40,4682.80,4683.30,4678.10,4681.60,484
2026-08-27 02:45,4681.80,4685.00,4678.90,4683.80,355
2026-08-27 02:50,4683.70,4685.90,4682.30,4683.80,309
2026-08-27 02:55,4683.70,4685.30,4682.80,4683.70,176
2026-08-27 03:00,4683.80,4689.10,4682.90,4689.00,351
2026-08-27 03:05,4689.00,4689.70,4684.30,4684.40,226
2026-08-27 03:10,4684.90,4689.20,4684.00,4689.00,160
2026-08-27 03:15,4688.70,4689.80,4687.40,4687.90,150
2026-08-27 03:20,4688.10,4693.10,4688.00,4693.10,217
2026-08-27 03:25,4692.10,4692.10,4689.20,4690.00,153
2026-08-27 03:30,4690.00,4690.30,4688.20,4688.40,167
2026-08-27 03:35,4688.70,4688.80,4686.50,4686.90,146
2026-08-27 03:40,4686.80,4687.00,4683.40,4684.00,273
2026-08-27 03:45,4683.70,4684.40,4681.20,4682.00,195
2026-08-27 03:50,4682.10,4682.30,4680.10,4681.40,154
2026-08-27 03:55,4681.40,4681.50,4678.80,4679.00,110
2026-08-27 04:00,4679.70,4681.80,4679.00,4681.00,188
2026-08-27 04:05,4680.90,4681.30,4679.00,4679.80,108
2026-08-27 04:10,4679.90,4680.70,4678.80,4679.80,116
2026-08-27 04:15,4679.60,4681.60,4678.30,4678.50,156
2026-08-27 04:20,4678.70,4679.20,4677.10,4677.60,190
2026-08-27 04:25,4677.40,4678.40,4675.00,4675.00,253
2026-08-27 04:30,4674.90,4675.30,4672.80,4673.00,257
2026-08-27 04:35,4672.80,4674.60,4671.70,4672.50,198
2026-08-27 04:40,4672.10,4674.40,4671.40,4673.40,176
2026-08-27 04:45,4673.30,4674.90,4671.90,4674.50,250
2026-08-27 04:50,4674.40,4675.00,4673.40,4674.50,217
2026-08-27 04:55,4674.40,4674.40,4672.00,4673.00,225
2026-08-27 05:00,4673.30,4674.30,4670.60,4674.30,277
2026-08-27 05:05,4674.20,4675.70,4673.20,4674.40,205
2026-08-27 05:10,4674.10,4675.70,4673.50,4673.90,129
2026-08-27 05:15,4674.00,4675.80,4672.40,4673.70,247
2026-08-27 05:20,4674.40,4675.40,4672.40,4674.70,189
2026-08-27 05:25,4674.90,4675.60,4670.80,4671.20,236
2026-08-27 05:30,4671.10,4673.90,4663.30,4665.30,1259
2026-08-27 05:35,4665.10,4666.90,4662.30,4665.40,406
2026-08-27 05:40,4664.90,4664.90,4658.70,4659.70,814
2026-08-27 05:45,4659.50,4663.90,4658.70,4660.40,646
2026-08-27 05:50,4660.40,4662.90,4655.00,4657.00,921
2026-08-27 05:55,4657.10,4661.70,4655.60,4661.20,688
2026-08-27 06:00,4661.00,4661.50,4653.30,4657.40,1534
2026-08-27 06:05,4657.80,4659.50,4655.00,4658.70,614
2026-08-27 06:10,4658.80,4660.70,4653.90,4660.00,654
2026-08-27 06:15,4659.40,4661.30,4657.60,4660.30,419
2026-08-27 06:20,4660.20,4663.90,4660.00,4663.40,506
2026-08-27 06:25,4663.20,4664.20,4660.90,4664.20,341
2026-08-27 06:30,4664.40,4665.70,4659.30,4661.40,470
2026-08-27 06:35,4661.30,4662.20,4658.60,4661.40,349
2026-08-27 06:40,4661.40,4663.00,4660.80,4661.50,190
2026-08-27 06:45,4661.60,4663.50,4657.60,4658.40,390
2026-08-27 06:50,4658.70,4659.90,4655.20,4655.90,600
2026-08-27 06:55,4655.90,4656.40,4651.70,4654.30,819
2026-08-27 07:00,4654.30,4657.70,4652.60,4657.40,473
2026-08-27 07:05,4657.60,4659.70,4656.10,4656.60,542
2026-08-27 07:10,4656.70,4657.70,4655.00,4657.70,310
2026-08-27 07:15,4657.50,4657.50,4649.60,4651.20,525
2026-08-27 07:20,4651.20,4652.70,4649.70,4650.60,330
2026-08-27 07:25,4650.40,4653.40,4647.20,4653.30,1079
2026-08-27 07:30,4653.40,4655.10,4648.70,4650.20,427
2026-08-27 07:35,4650.30,4652.30,4648.70,4650.30,305
2026-08-27 07:40,4650.20,4652.10,4649.50,4651.50,164
2026-08-27 07:45,4651.80,4653.00,4649.70,4651.30,223
2026-08-27 07:50,4651.30,4653.40,4649.40,4651.60,187
2026-08-27 07:55,4651.70,4656.30,4651.70,4653.40,380
2026-08-27 08:00,4654.00,4659.90,4653.20,4659.00,506
2026-08-27 08:05,4659.10,4660.50,4656.10,4657.00,394
2026-08-27 08:10,4656.70,4658.30,4656.40,4656.80,156
2026-08-27 08:15,4657.20,4659.80,4656.30,4657.50,293
2026-08-27 08:20,4657.30,4657.30,4653.60,4657.00,289
2026-08-27 08:25,4657.10,4657.60,4654.30,4654.70,232
2026-08-27 08:30,4654.50,4655.30,4652.20,4652.30,287
2026-08-27 08:35,4652.30,4653.20,4650.50,4651.80,247
2026-08-27 08:40,4651.80,4652.40,4647.90,4649.20,451
2026-08-27 08:45,4649.20,4652.00,4648.90,4651.60,185
2026-08-27 08:50,4651.40,4653.20,4651.00,4652.70,147
2026-08-27 08:55,4652.80,4655.50,4651.90,4652.30,368
2026-08-27 09:00,4652.30,4653.80,4646.60,4647.50,432
2026-08-27 09:05,4647.70,4650.40,4647.10,4649.50,237
2026-08-27 09:10,4649.70,4651.90,4648.50,4648.70,225
2026-08-27 09:15,4649.00,4650.10,4647.90,4648.40,168
2026-08-27 09:20,4648.30,4650.20,4648.00,4650.00,326
2026-08-27 09:25,4650.00,4652.50,4646.80,4650.70,1218
2026-08-27 09:30,4650.90,4652.10,4645.90,4647.00,1306
2026-08-27 09:35,4647.10,4647.30,4631.00,4637.70,2462
2026-08-27 09:40,4637.80,4637.80,4634.40,4635.60,802
2026-08-27 09:45,4635.40,4637.40,4633.60,4635.50,532
2026-08-27 09:50,4635.80,4639.00,4634.40,4635.20,426
2026-08-27 09:55,4635.40,4635.50,4631.70,4633.20,812
2026-08-27 10:00,4632.90,4633.80,4618.90,4625.10,2152
2026-08-27 10:05,4625.00,4629.40,4622.40,4629.40,912
2026-08-27 10:10,4629.40,4634.70,4629.30,4634.40,910
2026-08-27 10:15,4634.00,4636.20,4629.90,4633.50,632
2026-08-27 10:20,4633.50,4635.30,4632.80,4635.00,295
2026-08-27 10:25,4634.70,4635.20,4632.80,4633.20,368
2026-08-27 10:30,4632.90,4633.50,4631.10,4631.80,332
2026-08-27 10:35,4631.80,4632.20,4629.20,4629.60,355
2026-08-27 10:40,4629.60,4639.10,4628.90,4638.60,443
2026-08-27 10:45,4638.60,4640.80,4638.40,4639.80,530
2026-08-27 10:50,4639.60,4642.20,4638.90,4642.00,359
2026-08-27 10:55,4641.90,4643.60,4641.20,4643.00,328
2026-08-27 11:00,4643.10,4644.30,4640.20,4641.90,240
2026-08-27 11:05,4642.00,4644.40,4641.80,4644.00,182
2026-08-27 11:10,4643.50,4645.70,4642.60,4645.50,236
2026-08-27 11:15,4645.40,4645.80,4644.20,4645.40,305
2026-08-27 11:20,4645.70,4649.70,4645.40,4649.50,767
2026-08-27 11:25,4649.80,4650.20,4646.00,4647.40,550
2026-08-27 11:30,4647.90,4652.30,4647.10,4648.90,1154
2026-08-27 11:35,4649.20,4650.30,4647.30,4650.30,433
2026-08-27 11:40,4650.20,4653.00,4650.00,4651.00,463
2026-08-27 11:45,4651.00,4651.00,4648.10,4648.60,1913
2026-08-27 11:50,4648.70,4653.10,4647.90,4653.10,312
2026-08-27 11:55,4653.20,4653.70,4650.50,4652.30,314
2026-08-27 12:00,4652.00,4654.70,4651.40,4652.10,959
2026-08-27 12:05,4651.90,4652.30,4647.20,4648.60,459
2026-08-27 12:10,4648.50,4649.00,4646.00,4646.10,362
2026-08-27 12:15,4646.00,4649.60,4645.00,4648.10,739
2026-08-27 12:20,4648.20,4654.10,4648.20,4649.90,1064
2026-08-27 12:25,4650.00,4650.20,4646.10,4650.00,405
2026-08-27 12:30,4650.60,4651.00,4646.40,4647.00,603
2026-08-27 12:35,4647.40,4649.50,4641.50,4643.20,1258
2026-08-27 12:40,4642.90,4643.90,4640.70,4641.00,479
2026-08-27 12:45,4641.00,4641.50,4636.50,4637.00,643
2026-08-27 12:50,4636.80,4638.30,4633.70,4638.20,586
2026-08-27 12:55,4638.10,4641.60,4636.70,4639.30,548
2026-08-27 13:00,4639.20,4643.60,4633.00,4641.80,964
2026-08-27 13:05,4641.50,4644.00,4639.10,4639.60,619
2026-08-27 13:10,4639.90,4643.40,4637.40,4638.50,406
2026-08-27 13:15,4638.20,4642.10,4636.00,4638.90,465
2026-08-27 13:20,4639.50,4641.60,4638.40,4640.40,405
2026-08-27 13:25,4640.80,4646.40,4640.00,4643.10,1482
2026-08-27 13:30,4643.00,4646.00,4628.20,4628.60,2180
2026-08-27 13:35,4628.40,4634.20,4626.80,4628.50,1212
2026-08-27 13:40,4627.70,4636.40,4624.50,4631.30,1348
2026-08-27 13:45,4630.70,4632.50,4616.00,4629.40,2299
2026-08-27 13:50,4630.00,4635.90,4623.60,4625.10,1786
2026-08-27 13:55,4625.40,4629.20,4624.60,4625.90,957
2026-08-27 14:00,4625.60,4629.70,4621.70,4629.10,2091
2026-08-27 14:05,4629.20,4632.80,4625.00,4628.30,1136
2026-08-27 14:10,4628.10,4631.40,4625.70,4627.60,742
2026-08-27 14:15,4627.00,4636.00,4627.00,4632.80,780
2026-08-27 14:20,4633.00,4637.90,4628.60,4631.60,1414
2026-08-27 14:25,4631.60,4635.00,4627.30,4634.60,773
2026-08-27 14:30,4634.40,4639.40,4634.40,4639.10,1086
2026-08-27 14:35,4639.40,4644.60,4639.40,4642.60,1338
2026-08-27 14:40,4642.90,4651.50,4640.10,4648.80,2157
2026-08-27 14:45,4648.90,4652.00,4646.10,4647.00,1131
2026-08-27 14:50,4647.10,4647.80,4644.80,4645.10,606
2026-08-27 14:55,4645.20,4647.00,4641.90,4645.10,515
2026-08-27 15:00,4645.00,4649.50,4645.00,4648.00,606
2026-08-27 15:05,4647.80,4649.00,4644.90,4645.80,399
2026-08-27 15:10,4645.90,4649.00,4645.80,4646.50,290
2026-08-27 15:15,4646.60,4651.90,4646.50,4651.00,482
2026-08-27 15:20,4650.90,4650.90,4643.10,4644.20,567
2026-08-27 15:25,4644.10,4649.40,4642.70,4646.90,337
2026-08-27 15:30,4646.90,4652.90,4646.10,4651.10,512
2026-08-27 15:35,4651.30,4653.60,4649.80,4653.60,1017
2026-08-27 15:40,4653.70,4660.00,4653.30,4655.50,1433
2026-08-27 15:45,4655.70,4658.80,4654.30,4658.50,450
2026-08-27 15:50,4658.60,4664.20,4657.50,4663.80,863
2026-08-27 15:55,4663.50,4665.50,4662.20,4664.50,941
2026-08-27 16:00,4664.70,4666.90,4663.10,4665.70,781
2026-08-27 16:05,4665.50,4665.50,4660.00,4661.50,551
2026-08-27 16:10,4661.20,4661.70,4658.70,4658.90,373
2026-08-27 16:15,4658.90,4659.80,4656.50,4657.20,416
2026-08-27 16:20,4657.40,4662.40,4657.40,4660.70,480
2026-08-27 16:25,4660.30,4662.60,4659.80,4662.00,240
2026-08-27 16:30,4661.80,4663.00,4660.00,4662.80,666
2026-08-27 16:35,4662.80,4667.10,4661.70,4666.00,704
2026-08-27 16:40,4665.90,4665.90,4664.30,4665.70,398
2026-08-27 16:45,4665.60,4669.10,4664.60,4664.90,644
2026-08-27 16:50,4665.20,4670.90,4664.30,4670.30,923
2026-08-27 16:55,4670.50,4670.50,4666.70,4669.30,395
2026-08-27 17:00,4669.20,4670.70,4666.40,4668.20,529
2026-08-27 17:05,4668.10,4668.10,4664.20,4664.70,439
2026-08-27 17:10,4664.60,4665.60,4662.70,4664.50,290
2026-08-27 17:15,4664.40,4664.60,4662.50,4663.20,231
2026-08-27 17:20,4663.30,4666.00,4663.20,4665.90,285
2026-08-27 17:25,4665.90,4666.20,4662.80,4664.30,876
2026-08-27 17:30,4664.50,4665.40,4663.30,4663.90,315
2026-08-27 17:35,4663.50,4665.40,4662.40,4665.40,189
2026-08-27 17:40,4665.50,4668.40,4663.90,4665.40,450
2026-08-27 17:45,4665.50,4665.90,4660.60,4664.20,443
2026-08-27 17:50,4663.80,4664.60,4660.70,4662.00,242
2026-08-27 17:55,4662.50,4663.00,4659.10,4660.40,544
2026-08-27 18:00,4660.60,4661.40,4655.90,4657.00,568
2026-08-27 18:05,4656.80,4662.10,4656.80,4658.50,341
2026-08-27 18:10,4658.70,4660.40,4657.90,4659.20,234
2026-08-27 18:15,4659.60,4661.70,4658.90,4661.40,168
2026-08-27 18:20,4661.60,4662.00,4656.90,4657.20,206
2026-08-27 18:25,4657.20,4657.50,4655.20,4655.30,375
2026-08-27 18:30,4655.30,4657.60,4654.70,4655.80,271
2026-08-27 18:35,4655.80,4659.00,4655.80,4658.30,164
2026-08-27 18:40,4658.00,4658.60,4657.50,4658.30,63
2026-08-27 18:45,4658.40,4660.70,4658.20,4659.70,209
2026-08-27 18:50,4659.50,4665.20,4658.80,4663.40,615
2026-08-27 18:55,4662.90,4664.80,4662.70,4664.30,147
2026-08-27 19:00,4664.70,4670.80,4664.60,4667.80,353
2026-08-27 19:05,4667.70,4672.40,4666.80,4671.10,605
2026-08-27 19:10,4671.20,4671.40,4669.10,4669.90,300
2026-08-27 19:15,4670.40,4670.40,4663.80,4665.70,347
2026-08-27 19:20,4665.70,4665.70,4660.60,4661.60,467
2026-08-27 19:25,4661.50,4662.40,4658.30,4660.00,316
2026-08-27 19:30,4659.80,4662.00,4658.60,4661.10,244
2026-08-27 19:35,4661.20,4662.10,4660.40,4661.70,111
2026-08-27 19:40,4661.70,4664.20,4661.50,4663.60,180
2026-08-27 19:45,4663.70,4666.40,4662.30,4664.10,246
2026-08-27 19:50,4663.80,4663.90,4660.30,4661.60,254
2026-08-27 19:55,4661.80,4663.40,4658.80,4662.70,504
2026-08-27 20:00,4662.80,4663.60,4658.30,4659.00,154
2026-08-27 20:05,4658.70,4658.80,4657.50,4657.80,142
2026-08-27 20:10,4658.00,4659.90,4657.50,4658.70,144
2026-08-27 20:15,4658.50,4658.90,4658.20,4658.80,31
2026-08-27 20:20,4658.80,4659.30,4658.20,4658.70,46
2026-08-27 20:25,4658.40,4658.40,4656.60,4657.30,68
2026-08-27 20:30,4657.50,4657.70,4656.90,4657.30,49
2026-08-27 20:35,4657.10,4657.30,4655.50,4657.20,74
2026-08-27 20:40,4657.00,4658.30,4657.00,4657.70,30
2026-08-27 20:45,4657.90,4658.50,4655.70,4658.50,133
2026-08-27 20:50,4658.60,4658.60,4654.30,4654.70,274
2026-08-27 20:55,4654.60,4655.80,4653.80,4654.80,119
2026-08-27 22:00,4656.00,4660.90,4653.90,4655.00,0
2026-08-27 22:05,4654.90,4658.90,4654.10,4658.50,50
2026-08-27 22:10,4657.80,4658.50,4657.20,4657.90,66
2026-08-27 22:15,4658.40,4659.50,4657.60,4659.30,104
2026-08-27 22:20,4659.40,4661.70,4659.40,4661.50,122
2026-08-27 22:25,4661.50,4662.00,4659.90,4661.00,169
2026-08-27 22:30,4661.40,4662.30,4660.00,4661.70,165
2026-08-27 22:35,4661.80,4662.60,4661.20,4662.20,95
2026-08-27 22:40,4662.50,4663.40,4660.60,4661.10,207
2026-08-27 22:45,4660.90,4661.20,4660.00,4660.70,96
2026-08-27 22:50,4660.60,4663.30,4659.80,4662.40,178
2026-08-27 22:55,4662.10,4664.10,4662.10,4664.10,80
2026-08-27 23:00,4664.00,4664.80,4662.10,4662.50,209
2026-08-27 23:05,4662.20,4662.80,4658.40,4658.60,405
2026-08-27 23:10,4658.70,4658.80,4656.10,4656.10,237
2026-08-27 23:15,4655.80,4656.80,4655.20,4655.80,114
2026-08-27 23:20,4655.10,4656.10,4652.90,4655.40,135
2026-08-27 23:25,4655.80,4655.90,4653.00,4654.40,92
2026-08-27 23:30,4654.40,4654.60,4652.20,4652.50,143
2026-08-27 23:35,4652.30,4655.20,4651.50,4654.10,437
2026-08-27 23:40,4654.40,4654.70,4652.30,4652.80,93
2026-08-27 23:45,4652.50,4652.90,4648.50,4650.00,316
2026-08-27 23:50,4649.30,4649.60,4647.50,4648.10,153
2026-08-27 23:55,4647.90,4648.50,4647.30,4647.60,92
2026-08-28 00:00,4647.80,4653.40,4646.50,4650.00,503
2026-08-28 00:05,4650.10,4653.20,4649.70,4653.10,132
2026-08-28 00:10,4652.90,4655.70,4652.80,4653.50,172
2026-08-28 00:15,4653.80,4654.10,4646.50,4646.50,213
2026-08-28 00:20,4646.70,4648.80,4644.60,4647.20,352
2026-08-28 00:25,4646.60,4647.10,4643.80,4647.10,189
2026-08-28 00:30,4647.30,4647.30,4640.70,4642.60,313
2026-08-28 00:35,4642.40,4643.10,4641.40,4642.60,156
2026-08-28 00:40,4642.80,4644.20,4642.20,4643.80,125
2026-08-28 00:45,4643.50,4644.10,4638.90,4640.20,249
2026-08-28 00:50,4640.60,4642.30,4639.90,4640.50,314
2026-08-28 00:55,4640.30,4641.70,4638.50,4641.20,125
2026-08-28 01:00,4642.40,4649.00,4639.40,4647.90,672
2026-08-28 01:05,4647.50,4653.30,4644.70,4653.20,424
2026-08-28 01:10,4653.30,4655.40,4645.40,4647.30,471
2026-08-28 01:15,4647.50,4651.00,4644.50,4649.00,353
2026-08-28 01:20,4648.90,4650.20,4643.90,4645.30,282
2026-08-28 01:25,4645.10,4646.40,4637.00,4638.80,569
2026-08-28 01:30,4638.90,4642.10,4636.90,4640.40,380
2026-08-28 01:35,4640.30,4642.00,4633.10,4633.60,478
2026-08-28 01:40,4633.50,4635.70,4631.20,4635.10,487
2026-08-28 01:45,4634.70,4635.30,4630.50,4635.30,286
2026-08-28 01:50,4635.20,4636.00,4628.50,4629.80,713
2026-08-28 01:55,4629.60,4631.80,4628.10,4628.90,184
2026-08-28 02:00,4628.60,4630.90,4628.00,4629.70,186
2026-08-28 02:05,4630.20,4634.30,4630.20,4633.40,238
2026-08-28 02:10,4633.40,4635.40,4631.40,4634.10,285
2026-08-28 02:15,4633.70,4634.10,4631.40,4634.00,116
2026-08-28 02:20,4634.10,4637.40,4633.10,4636.90,247
2026-08-28 02:25,4636.70,4637.60,4635.50,4636.30,170
2026-08-28 02:30,4636.40,4639.90,4635.90,4637.80,275
2026-08-28 02:35,4638.10,4642.40,4638.10,4641.20,219
2026-08-28 02:40,4640.80,4641.10,4636.60,4637.80,205
2026-08-28 02:45,4637.90,4639.00,4634.90,4639.00,280
2026-08-28 02:50,4638.80,4639.80,4637.40,4638.70,84
2026-08-28 02:55,4638.40,4639.00,4635.50,4638.90,207
2026-08-28 03:00,4638.70,4640.40,4637.10,4639.80,128
2026-08-28 03:05,4640.40,4640.90,4637.80,4638.80,134
2026-08-28 03:10,4638.10,4640.20,4635.00,4637.10,170
2026-08-28 03:15,4636.80,4641.20,4636.80,4639.80,235
2026-08-28 03:20,4639.30,4642.00,4638.20,4642.00,211
2026-08-28 03:25,4641.90,4642.30,4639.00,4640.60,164
2026-08-28 03:30,4640.50,4640.50,4635.40,4636.50,219
2026-08-28 03:35,4636.40,4636.40,4634.50,4635.10,130
2026-08-28 03:40,4635.00,4635.50,4633.40,4634.10,110
2026-08-28 03:45,4634.00,4634.00,4631.60,4632.80,138
2026-08-28 03:50,4633.00,4633.20,4630.90,4631.00,92
2026-08-28 03:55,4631.50,4632.00,4631.00,4631.40,55
2026-08-28 04:00,4632.30,4632.90,4631.10,4631.30,190
2026-08-28 04:05,4631.50,4631.70,4630.20,4631.50,100
2026-08-28 04:10,4631.50,4632.70,4631.10,4631.60,93
2026-08-28 04:15,4631.20,4635.60,4630.80,4635.40,289
2026-08-28 04:20,4635.10,4636.80,4634.80,4636.70,178
2026-08-28 04:25,4636.80,4637.50,4635.40,4636.80,103
2026-08-28 04:30,4636.50,4636.50,4633.70,4633.70,114
2026-08-28 04:35,4633.60,4633.80,4630.00,4630.30,156
2026-08-28 04:40,4630.20,4632.40,4630.00,4632.00,90
2026-08-28 04:45,4632.00,4634.40,4630.20,4632.90,127
2026-08-28 04:50,4633.10,4634.80,4633.10,4634.10,38
2026-08-28 04:55,4633.70,4637.50,4633.60,4636.40,136
2026-08-28 05:00,4636.70,4637.30,4634.10,4634.50,127
2026-08-28 05:05,4633.70,4634.60,4631.30,4631.30,141
2026-08-28 05:10,4631.50,4632.90,4630.30,4632.30,156
2026-08-28 05:15,4631.90,4634.10,4631.40,4634.10,122
2026-08-28 05:20,4634.20,4636.80,4632.60,4636.70,177
2026-08-28 05:25,4636.50,4638.60,4634.60,4636.40,221
2026-08-28 05:30,4636.20,4636.20,4630.10,4630.40,474
2026-08-28 05:35,4631.20,4631.80,4626.90,4627.00,423
2026-08-28 05:40,4626.90,4628.40,4623.00,4625.00,572
2026-08-28 05:45,4624.90,4628.00,4623.80,4626.20,184
2026-08-28 05:50,4627.00,4629.20,4625.90,4629.20,145
2026-08-28 05:55,4629.30,4629.50,4624.60,4625.50,210
2026-08-28 06:00,4625.70,4629.80,4624.50,4629.40,342
2026-08-28 06:05,4629.30,4633.00,4626.70,4632.90,243
2026-08-28 06:10,4633.00,4636.00,4633.00,4634.30,401
2026-08-28 06:15,4634.10,4637.50,4633.00,4635.30,299
2026-08-28 06:20,4635.00,4637.80,4634.70,4636.00,294
2026-08-28 06:25,4636.10,4638.10,4635.70,4637.30,165
2026-08-28 06:30,4637.10,4639.30,4635.60,4636.20,462
2026-08-28 06:35,4636.20,4640.40,4636.20,4638.60,233
2026-08-28 06:40,4638.30,4640.90,4636.60,4640.60,336
2026-08-28 06:45,4640.80,4652.40,4640.70,4652.20,965
2026-08-28 06:50,4652.00,4659.60,4649.20,4657.20,1208
2026-08-28 06:55,4657.00,4666.20,4656.70,4665.50,1160
2026-08-28 07:00,4665.40,4666.40,4658.30,4659.70,946
2026-08-28 07:05,4660.10,4660.20,4651.80,4653.70,671
2026-08-28 07:10,4653.50,4656.20,4648.70,4653.50,914
2026-08-28 07:15,4653.30,4659.30,4652.10,4658.60,472
2026-08-28 07:20,4658.90,4662.90,4658.60,4660.10,564
2026-08-28 07:25,4660.60,4662.60,4659.60,4659.90,189
2026-08-28 07:30,4660.40,4664.70,4660.10,4664.50,375
2026-08-28 07:35,4664.40,4667.40,4662.70,4663.50,613
2026-08-28 07:40,4663.30,4663.70,4661.00,4662.30,278
2026-08-28 07:45,4662.10,4664.50,4660.40,4663.20,386
2026-08-28 07:50,4663.70,4666.10,4663.00,4664.60,631
2026-08-28 07:55,4664.80,4666.60,4662.90,4665.00,200
2026-08-28 08:00,4664.90,4667.70,4663.70,4665.60,442
2026-08-28 08:05,4665.90,4666.30,4663.20,4665.10,202
2026-08-28 08:10,4664.90,4666.30,4664.30,4665.10,197
2026-08-28 08:15,4665.30,4665.50,4662.00,4662.60,313
2026-08-28 08:20,4662.60,4664.90,4661.30,4664.50,359
2026-08-28 08:25,4664.40,4664.80,4662.30,4662.30,251
2026-08-28 08:30,4662.70,4665.10,4661.50,4663.30,186
2026-08-28 08:35,4663.40,4665.10,4660.10,4660.90,249
2026-08-28 08:40,4660.80,4661.20,4657.00,4657.10,356
2026-08-28 08:45,4657.10,4657.30,4654.30,4655.50,434
2026-08-28 08:50,4655.60,4659.90,4655.30,4658.20,396
2026-08-28 08:55,4658.30,4658.80,4654.30,4656.30,387
2026-08-28 09:00,4656.40,4657.90,4655.70,4657.90,200
2026-08-28 09:05,4657.80,4657.80,4654.70,4655.40,171
2026-08-28 09:10,4655.00,4656.50,4654.30,4655.30,122
2026-08-28 09:15,4655.00,4656.10,4653.50,4655.60,232
2026-08-28 09:20,4656.10,4657.70,4654.10,4656.60,319
2026-08-28 09:25,4656.70,4656.80,4654.00,4655.50,251
2026-08-28 09:30,4655.20,4657.90,4655.10,4656.00,423
2026-08-28 09:35,4656.10,4658.70,4654.60,4657.40,295
2026-08-28 09:40,4657.00,4658.60,4655.60,4657.70,299
2026-08-28 09:45,4657.60,4659.00,4656.70,4658.00,128
2026-08-28 09:50,4658.40,4660.80,4658.20,4660.80,244
2026-08-28 09:55,4660.80,4661.40,4658.70,4658.70,220
2026-08-28 10:00,4658.80,4660.10,4657.00,4659.30,185
2026-08-28 10:05,4659.30,4661.10,4659.20,4661.00,140
2026-08-28 10:10,4661.10,4662.80,4660.50,4662.20,327
2026-08-28 10:15,4662.40,4663.50,4657.90,4658.00,541
2026-08-28 10:20,4657.80,4658.00,4656.00,4657.20,266
2026-08-28 10:25,4657.50,4658.60,4655.00,4658.50,326
2026-08-28 10:30,4658.70,4661.20,4658.50,4660.60,312
2026-08-28 10:35,4660.50,4660.50,4656.20,4657.00,116
2026-08-28 10:40,4657.20,4657.50,4655.00,4656.00,104
2026-08-28 10:45,4655.80,4656.50,4652.80,4654.40,238
2026-08-28 10:50,4654.20,4654.40,4650.30,4651.20,618
2026-08-28 10:55,4651.20,4653.30,4650.90,4653.10,177
2026-08-28 11:00,4653.10,4654.20,4650.20,4651.70,429
2026-08-28 11:05,4651.60,4651.80,4647.70,4648.50,597
2026-08-28 11:10,4648.50,4651.30,4647.80,4651.30,273
2026-08-28 11:15,4651.30,4653.90,4651.00,4652.60,270
2026-08-28 11:20,4652.50,4652.90,4650.60,4652.70,137
2026-08-28 11:25,4653.30,4653.60,4650.20,4651.40,158
2026-08-28 11:30,4651.40,4653.40,4650.50,4651.00,215
2026-08-28 11:35,4651.00,4651.40,4646.00,4646.10,803
2026-08-28 11:40,4646.10,4647.40,4643.60,4647.20,866
2026-08-28 11:45,4647.00,4648.60,4645.80,4647.10,218
2026-08-28 11:50,4647.10,4648.50,4646.10,4647.10,141
2026-08-28 11:55,4646.80,4646.90,4644.00,4645.60,338
2026-08-28 12:00,4645.60,4648.10,4643.20,4646.90,477
2026-08-28 12:05,4647.00,4648.10,4644.30,4646.60,342
2026-08-28 12:10,4646.50,4649.30,4644.70,4646.90,427
2026-08-28 12:15,4647.00,4648.30,4644.50,4647.00,353
2026-08-28 12:20,4647.00,4654.30,4646.60,4654.10,825
2026-08-28 12:25,4654.10,4656.40,4653.00,4654.50,497
2026-08-28 12:30,4654.30,4655.00,4644.40,4645.80,953
2026-08-28 12:35,4646.20,4646.20,4641.20,4641.50,835
2026-08-28 12:40,4641.70,4645.00,4641.70,4644.10,437
2026-08-28 12:45,4644.10,4647.80,4642.60,4646.40,531
2026-08-28 12:50,4646.50,4649.70,4644.30,4648.80,478
2026-08-28 12:55,4648.80,4655.20,4648.80,4654.10,676
2026-08-28 13:00,4654.20,4656.00,4648.60,4651.90,852
2026-08-28 13:05,4651.80,4657.70,4651.30,4652.70,827
2026-08-28 13:10,4652.80,4653.30,4650.00,4651.30,598
2026-08-28 13:15,4651.50,4652.30,4645.90,4651.00,723
2026-08-28 13:20,4650.60,4653.20,4648.40,4653.20,536
2026-08-28 13:25,4653.00,4656.70,4651.90,4656.30,905
2026-08-28 13:30,4656.10,4658.00,4651.10,4657.30,991
2026-08-28 13:35,4657.10,4659.70,4653.20,4658.20,975
2026-08-28 13:40,4658.50,4660.30,4654.10,4657.00,661
2026-08-28 13:45,4657.30,4664.90,4657.10,4662.40,1541
2026-08-28 13:50,4662.20,4664.70,4659.70,4662.70,915
2026-08-28 13:55,4662.80,4680.80,4655.20,4657.50,3444
2026-08-28 14:00,4657.40,4688.00,4626.30,4630.10,11458
2026-08-28 14:05,4630.70,4633.80,4600.40,4626.10,11324
2026-08-28 14:10,4625.50,4626.30,4594.60,4597.50,9156
2026-08-28 14:15,4597.70,4618.50,4596.30,4605.90,6338
2026-08-28 14:20,4605.50,4620.50,4600.00,4609.60,4264
2026-08-28 14:25,4609.50,4611.30,4580.20,4603.20,11198
2026-08-28 14:30,4603.50,4622.00,4603.00,4621.90,5533
2026-08-28 14:35,4621.60,4629.20,4617.20,4617.30,4350
2026-08-28 14:40,4617.60,4621.20,4609.70,4613.20,2844
2026-08-28 14:45,4613.10,4614.80,4603.00,4604.20,2686
2026-08-28 14:50,4604.10,4622.90,4601.70,4622.60,2909
2026-08-28 14:55,4622.90,4633.00,4621.70,4629.00,3036
2026-08-28 15:00,4629.30,4636.10,4624.80,4633.10,4710
2026-08-28 15:05,4633.20,4634.80,4625.00,4626.10,1915
2026-08-28 15:10,4625.70,4626.90,4609.50,4611.60,2945
2026-08-28 15:15,4611.70,4617.00,4606.10,4607.20,2072
2026-08-28 15:20,4607.30,4617.60,4603.50,4617.20,2675
2026-08-28 15:25,4617.00,4620.70,4610.50,4618.80,2362
2026-08-28 15:30,4619.00,4619.70,4607.20,4609.90,1817
2026-08-28 15:35,4610.00,4615.30,4599.60,4600.30,2217
2026-08-28 15:40,4600.30,4601.00,4586.50,4590.80,3467
2026-08-28 15:45,4591.60,4598.10,4583.60,4588.10,2499
2026-08-28 15:50,4588.00,4597.90,4586.50,4591.70,2408
2026-08-28 15:55,4591.80,4593.00,4574.80,4575.70,5312
2026-08-28 16:00,4575.90,4580.90,4570.80,4572.00,3115
2026-08-28 16:05,4571.60,4571.70,4559.40,4559.70,5562
2026-08-28 16:10,4559.70,4566.70,4548.00,4549.30,4308
2026-08-28 16:15,4549.10,4555.00,4532.80,4533.10,5941
2026-08-28 16:20,4533.20,4535.20,4515.30,4519.80,7444
2026-08-28 16:25,4519.70,4532.80,4516.00,4531.60,4328
2026-08-28 16:30,4531.60,4538.30,4521.50,4524.40,4181
2026-08-28 16:35,4524.40,4536.60,4523.80,4535.40,2607
2026-08-28 16:40,4535.40,4537.10,4516.70,4519.60,2168
2026-08-28 16:45,4519.80,4532.50,4519.50,4532.40,1802
2026-08-28 16:50,4532.40,4535.90,4530.60,4531.30,1339
2026-08-28 16:55,4531.60,4533.30,4525.80,4529.90,1324
2026-08-28 17:00,4530.10,4531.20,4523.40,4526.10,2000
2026-08-28 17:05,4526.40,4533.60,4525.40,4530.90,908
2026-08-28 17:10,4530.70,4531.30,4521.90,4531.30,1390
2026-08-28 17:15,4531.30,4532.50,4525.40,4531.20,979
2026-08-28 17:20,4531.30,4537.20,4530.30,4535.60,1920
2026-08-28 17:25,4535.70,4536.80,4526.20,4528.40,3606
2026-08-28 17:30,4528.50,4531.60,4523.90,4528.90,1489
2026-08-28 17:35,4529.30,4532.10,4521.10,4522.00,1258
2026-08-28 17:40,4522.00,4525.20,4510.50,4517.50,2456
2026-08-28 17:45,4517.30,4526.10,4516.80,4524.90,2067
2026-08-28 17:50,4524.30,4525.90,4521.90,4523.00,540
2026-08-28 17:55,4522.70,4522.90,4516.70,4519.70,1769
2026-08-28 18:00,4519.70,4521.90,4510.20,4510.90,1858
2026-08-28 18:05,4511.10,4516.80,4509.50,4511.90,2392
2026-08-28 18:10,4511.90,4515.00,4509.70,4511.10,890
2026-08-28 18:15,4511.10,4512.90,4503.60,4508.80,2557
2026-08-28 18:20,4508.60,4513.50,4502.70,4503.80,1345
2026-08-28 18:25,4503.60,4513.00,4502.40,4506.20,889
2026-08-28 18:30,4505.90,4508.50,4501.60,4506.70,903
2026-08-28 18:35,4506.60,4506.90,4501.20,4502.50,922
2026-08-28 18:40,4502.40,4505.00,4495.00,4501.00,2186
2026-08-28 18:45,4500.50,4504.70,4498.00,4503.00,563
2026-08-28 18:50,4503.10,4506.30,4501.20,4503.70,544
2026-08-28 18:55,4503.90,4507.90,4502.00,4506.50,549
2026-08-28 19:00,4506.50,4511.80,4502.40,4507.70,1396
2026-08-28 19:05,4507.50,4512.60,4506.60,4511.50,523
2026-08-28 19:10,4511.70,4511.90,4504.10,4506.70,567
2026-08-28 19:15,4506.50,4510.20,4504.70,4509.70,415
2026-08-28 19:20,4509.60,4511.60,4507.20,4508.60,357
2026-08-28 19:25,4509.30,4513.20,4509.30,4512.00,426
2026-08-28 19:30,4511.60,4514.60,4510.80,4512.90,515
2026-08-28 19:35,4512.10,4517.20,4511.60,4516.10,815
2026-08-28 19:40,4516.10,4516.40,4514.00,4514.60,546
2026-08-28 19:45,4514.40,4514.40,4504.50,4506.90,979
2026-08-28 19:50,4506.80,4509.10,4502.30,4506.10,852
2026-08-28 19:55,4506.10,4510.70,4505.20,4507.90,912
2026-08-28 20:00,4507.90,4512.30,4504.90,4510.00,875
2026-08-28 20:05,4510.00,4511.20,4509.40,4510.10,234
2026-08-28 20:10,4510.00,4511.20,4507.00,4507.50,290
2026-08-28 20:15,4507.70,4510.20,4507.50,4507.90,131
2026-08-28 20:20,4507.80,4507.80,4503.20,4504.00,167
2026-08-28 20:25,4504.00,4507.60,4503.40,4507.40,114
2026-08-28 20:30,4507.50,4507.50,4505.10,4505.80,211
2026-08-28 20:35,4505.60,4506.80,4504.80,4505.20,84
2026-08-28 20:40,4505.20,4506.60,4503.40,4506.60,163
2026-08-28 20:45,4507.00,4509.50,4505.60,4509.00,235
2026-08-28 20:50,4508.90,4509.50,4503.00,4503.70,323
2026-08-28 20:55,4504.00,4529.90,4502.70,4529.90,324
2026-08-30 22:10,4506.30,4510.00,4505.00,4509.20,561
2026-08-30 22:15,4508.80,4513.50,4506.20,4511.60,408
2026-08-30 22:20,4511.80,4515.90,4510.40,4512.00,568
2026-08-30 22:25,4512.00,4515.60,4507.40,4509.20,1015
2026-08-30 22:30,4509.00,4509.10,4502.20,4502.70,426
2026-08-30 22:35,4502.70,4511.00,4502.50,4509.60,355
2026-08-30 22:40,4509.90,4512.00,4505.90,4507.30,335
2026-08-30 22:45,4507.20,4510.00,4506.40,4509.10,234
2026-08-30 22:50,4509.00,4509.50,4507.90,4508.20,64
2026-08-30 22:55,4508.10,4512.00,4508.10,4510.90,345
2026-08-30 23:00,4510.80,4512.30,4508.80,4511.90,211
2026-08-30 23:05,4511.40,4516.60,4511.40,4514.60,306
2026-08-30 23:10,4514.20,4514.70,4509.00,4509.80,324
2026-08-30 23:15,4509.90,4513.00,4509.20,4512.50,191
2026-08-30 23:20,4512.40,4514.40,4508.00,4508.90,348
2026-08-30 23:25,4508.60,4508.90,4503.90,4506.80,587
2026-08-30 23:30,4506.40,4507.00,4500.20,4504.20,588
2026-08-30 23:35,4503.50,4503.60,4499.30,4499.60,209
2026-08-30 23:40,4499.50,4500.30,4495.70,4496.50,489
2026-08-30 23:45,4496.20,4496.20,4485.20,4488.80,1139
2026-08-30 23:50,4489.20,4497.30,4489.10,4496.90,525
2026-08-30 23:55,4497.10,4509.60,4497.00,4507.80,732
2026-08-31 00:00,4507.80,4511.20,4502.40,4507.30,751
2026-08-31 00:05,4507.30,4509.20,4503.60,4506.00,301
2026-08-31 00:10,4506.00,4512.90,4504.20,4511.30,551
2026-08-31 00:15,4511.00,4514.60,4508.80,4509.30,372
2026-08-31 00:20,4509.00,4510.20,4505.60,4506.70,207
2026-08-31 00:25,4507.30,4507.50,4501.40,4505.70,306
2026-08-31 00:30,4506.20,4515.40,4506.20,4511.70,479
2026-08-31 00:35,4511.60,4520.10,4511.60,4519.50,511
2026-08-31 00:40,4519.50,4521.50,4513.20,4514.50,509
2026-08-31 00:45,4514.50,4518.30,4513.70,4514.90,357
2026-08-31 00:50,4515.10,4515.80,4511.90,4515.60,229
2026-08-31 00:55,4515.30,4516.00,4505.50,4505.70,528
2026-08-31 01:00,4505.80,4512.40,4487.60,4511.40,2332
2026-08-31 01:05,4511.60,4512.20,4488.30,4489.10,1173
2026-08-31 01:10,4488.70,4494.10,4485.30,4493.30,952
2026-08-31 01:15,4492.80,4501.70,4491.80,4501.70,732
2026-08-31 01:20,4501.20,4503.50,4493.70,4499.10,605
2026-08-31 01:25,4498.20,4498.80,4492.20,4493.50,386
2026-08-31 01:30,4493.00,4499.30,4485.60,4490.60,615
2026-08-31 01:35,4490.30,4499.80,4488.50,4498.40,848
2026-08-31 01:40,4498.10,4503.10,4492.40,4500.20,507
2026-08-31 01:45,4500.20,4501.90,4486.40,4486.40,1076
2026-08-31 01:50,4486.30,4493.30,4485.00,4493.30,489
2026-08-31 01:55,4493.70,4495.80,4488.50,4489.60,521
2026-08-31 02:00,4489.10,4490.70,4466.00,4476.00,3370
2026-08-31 02:05,4476.40,4483.60,4474.60,4477.90,862
2026-08-31 02:10,4478.30,4482.00,4472.40,4474.00,761
2026-08-31 02:15,4473.90,4474.30,4467.50,4471.00,729
2026-08-31 02:20,4471.40,4476.70,4470.60,4476.70,315
2026-08-31 02:25,4476.50,4477.20,4472.20,4472.40,374
2026-08-31 02:30,4472.10,4475.70,4460.40,4461.20,1447
2026-08-31 02:35,4461.00,4461.80,4453.10,4457.60,1778
2026-08-31 02:40,4456.10,4457.30,4451.20,4452.10,1089
2026-08-31 02:45,4452.10,4456.40,4445.60,4450.80,1181
2026-08-31 02:50,4451.10,4466.60,4448.80,4466.10,1124
2026-08-31 02:55,4465.90,4472.40,4465.80,4472.30,513
2026-08-31 03:00,4472.30,4476.70,4471.10,4471.60,703
2026-08-31 03:05,4471.90,4476.10,4471.20,4475.00,424
2026-08-31 03:10,4474.90,4477.80,4473.80,4477.80,322
2026-08-31 03:15,4478.00,4482.00,4477.40,4477.70,607
2026-08-31 03:20,4477.70,4483.60,4477.00,4480.90,485
2026-08-31 03:25,4480.70,4481.30,4476.00,4477.30,512
2026-08-31 03:30,4477.20,4477.30,4473.10,4473.10,338
2026-08-31 03:35,4473.20,4474.80,4469.50,4470.50,417
2026-08-31 03:40,4470.20,4473.60,4470.10,4472.30,197
2026-08-31 03:45,4472.50,4474.80,4472.50,4473.70,203
2026-08-31 03:50,4473.90,4476.80,4473.60,4474.20,199
2026-08-31 03:55,4474.00,4474.10,4471.10,4472.00,156
2026-08-31 04:00,4472.30,4472.30,4468.00,4468.00,234
2026-08-31 04:05,4468.30,4468.60,4466.40,4468.00,271
2026-08-31 04:10,4467.60,4472.50,4466.60,4471.10,844
2026-08-31 04:15,4471.20,4471.30,4467.80,4468.00,223
2026-08-31 04:20,4468.80,4469.20,4465.50,4467.80,188
2026-08-31 04:25,4468.40,4470.50,4465.50,4465.50,133
2026-08-31 04:30,4465.50,4466.20,4462.50,4466.20,436
2026-08-31 04:35,4466.30,4471.90,4465.50,4470.20,318
2026-08-31 04:40,4470.20,4470.20,4467.00,4469.90,166
2026-08-31 04:45,4470.10,4471.50,4469.10,4469.10,154
2026-08-31 04:50,4469.10,4471.10,4468.60,4470.50,123
2026-08-31 04:55,4470.70,4475.00,4469.30,4474.60,380
2026-08-31 05:00,4474.60,4477.00,4472.20,4473.70,491
2026-08-31 05:05,4473.30,4473.90,4469.20,4470.10,332
2026-08-31 05:10,4470.20,4475.20,4469.60,4473.00,223
2026-08-31 05:15,4472.60,4477.40,4472.00,4477.10,261
2026-08-31 05:20,4478.10,4484.20,4478.10,4483.60,410
2026-08-31 05:25,4483.50,4490.50,4482.30,4489.90,503
2026-08-31 05:30,4490.30,4491.90,4480.40,4482.70,870
2026-08-31 05:35,4482.30,4486.20,4481.60,4483.10,261
2026-08-31 05:40,4484.10,4488.60,4482.60,4486.60,298
2026-08-31 05:45,4487.10,4491.00,4485.00,4485.00,732
2026-08-31 05:50,4485.00,4488.90,4483.90,4487.20,300
2026-08-31 05:55,4487.10,4493.50,4484.90,4492.70,324
2026-08-31 06:00,4492.70,4493.00,4482.30,4482.80,538
2026-08-31 06:05,4482.90,4482.90,4478.90,4481.90,391
2026-08-31 06:10,4481.70,4485.00,4481.70,4482.00,263
2026-08-31 06:15,4482.30,4488.20,4481.20,4487.80,552
2026-08-31 06:20,4487.60,4489.00,4484.70,4487.70,730
2026-08-31 06:25,4487.90,4488.00,4484.60,4486.00,222
2026-08-31 06:30,4485.70,4486.90,4481.30,4484.10,245
2026-08-31 06:35,4484.10,4491.00,4483.90,4490.00,402
2026-08-31 06:40,4490.30,4491.10,4488.70,4489.50,222
2026-08-31 06:45,4489.50,4493.00,4488.70,4491.80,279
2026-08-31 06:50,4491.60,4491.60,4487.40,4490.50,251
2026-08-31 06:55,4489.50,4489.90,4486.70,4489.40,176
2026-08-31 07:00,4489.20,4490.50,4487.10,4489.50,264
2026-08-31 07:05,4489.40,4491.60,4486.50,4487.60,317
2026-08-31 07:10,4487.50,4489.70,4485.50,4485.90,202
2026-08-31 07:15,4486.00,4491.20,4485.00,4489.20,794
2026-08-31 07:20,4489.20,4495.70,4488.60,4495.00,381
2026-08-31 07:25,4495.40,4498.50,4493.80,4494.10,775
2026-08-31 07:30,4494.10,4496.80,4491.30,4494.30,459
2026-08-31 07:35,4494.20,4495.00,4492.10,4493.30,230
2026-08-31 07:40,4493.40,4497.30,4491.90,4496.70,262
2026-08-31 07:45,4496.90,4498.20,4493.50,4494.90,258
2026-08-31 07:50,4494.80,4495.00,4492.30,4493.90,272
2026-08-31 07:55,4494.20,4495.20,4490.90,4493.30,243
2026-08-31 08:00,4493.30,4499.70,4493.00,4498.60,505
2026-08-31 08:05,4498.60,4498.80,4492.00,4493.10,395
2026-08-31 08:10,4492.50,4492.90,4487.10,4489.10,347
2026-08-31 08:15,4489.00,4490.60,4486.20,4490.00,342
2026-08-31 08:20,4490.00,4490.40,4487.80,4487.80,184
2026-08-31 08:25,4487.80,4491.40,4487.80,4490.50,293
2026-08-31 08:30,4490.20,4490.20,4485.80,4485.90,245
2026-08-31 08:35,4486.30,4488.20,4485.40,4486.90,156
2026-08-31 08:40,4486.60,4487.50,4484.40,4485.50,188
2026-08-31 08:45,4485.40,4487.00,4484.50,4486.50,367
2026-08-31 08:50,4486.60,4487.00,4483.90,4484.30,249
2026-08-31 08:55,4484.40,4486.20,4484.40,4485.60,116
2026-08-31 09:00,4485.80,4489.20,4485.70,4488.90,282
2026-08-31 09:05,4489.20,4491.60,4486.60,4486.80,373
2026-08-31 09:10,4486.80,4493.10,4485.90,4493.10,444
2026-08-31 09:15,4493.30,4494.50,4491.00,4491.10,213
2026-08-31 09:20,4491.20,4491.70,4488.70,4489.70,176
2026-08-31 09:25,4489.70,4490.20,4488.00,4489.50,157
2026-08-31 09:30,4489.60,4494.80,4489.30,4494.60,474
2026-08-31 09:35,4494.80,4495.20,4491.70,4492.00,181
2026-08-31 09:40,4492.50,4493.90,4491.30,4493.70,132
2026-08-31 09:45,4493.70,4495.40,4493.00,4493.80,146
2026-08-31 09:50,4493.60,4494.70,4491.80,4494.60,254
2026-08-31 09:55,4494.00,4496.00,4493.00,4496.00,93
2026-08-31 10:00,4495.90,4498.10,4495.20,4498.10,207
2026-08-31 10:05,4498.10,4504.20,4497.60,4499.00,801
2026-08-31 10:10,4498.90,4502.30,4496.70,4502.00,317
2026-08-31 10:15,4502.40,4502.80,4496.80,4498.50,432
2026-08-31 10:20,4499.10,4500.30,4497.90,4497.90,181
2026-08-31 10:25,4498.00,4499.80,4497.30,4499.10,213
2026-08-31 10:30,4499.20,4501.30,4498.50,4499.50,253
2026-08-31 10:35,4499.20,4502.00,4498.80,4500.60,293
2026-08-31 10:40,4500.60,4502.90,4499.30,4501.70,199
2026-08-31 10:45,4501.90,4502.20,4500.20,4501.70,244
2026-08-31 10:50,4501.60,4506.70,4501.60,4504.80,456
2026-08-31 10:55,4504.70,4506.60,4504.20,4504.50,263
2026-08-31 11:00,4504.60,4507.60,4504.20,4507.00,220
2026-08-31 11:05,4506.60,4507.70,4503.80,4507.50,327
2026-08-31 11:10,4507.50,4508.40,4504.30,4504.40,243
2026-08-31 11:15,4504.50,4508.00,4503.10,4507.00,376
2026-08-31 11:20,4507.00,4509.10,4506.70,4508.80,263
2026-08-31 11:25,4508.90,4514.90,4508.80,4514.10,707
2026-08-31 11:30,4514.10,4514.90,4509.40,4509.40,556
2026-08-31 11:35,4509.30,4510.50,4505.60,4506.50,408
2026-08-31 11:40,4506.40,4510.30,4504.50,4505.30,491
2026-08-31 11:45,4505.70,4506.60,4503.40,4504.00,265
2026-08-31 11:50,4504.20,4505.50,4503.20,4503.70,357
2026-08-31 11:55,4504.10,4507.10,4504.10,4506.20,284
2026-08-31 12:00,4506.10,4510.10,4505.90,4509.00,664
2026-08-31 12:05,4509.30,4511.90,4500.80,4507.90,1325
2026-08-31 12:10,4508.20,4510.70,4505.80,4508.20,783
2026-08-31 12:15,4508.30,4509.70,4505.80,4507.50,327
2026-08-31 12:20,4507.60,4508.10,4501.00,4503.30,700
2026-08-31 12:25,4503.40,4505.30,4497.80,4498.70,1081
2026-08-31 12:30,4498.40,4500.90,4496.20,4497.70,834
2026-08-31 12:35,4497.50,4498.30,4492.90,4493.10,1254
2026-08-31 12:40,4493.00,4493.60,4489.80,4491.60,713
2026-08-31 12:45,4491.40,4491.40,4486.60,4489.10,938
2026-08-31 12:50,4489.30,4492.90,4488.00,4488.10,675
2026-08-31 12:55,4488.10,4490.60,4486.50,4486.90,830
2026-08-31 13:00,4486.70,4491.20,4484.80,4488.50,1087
2026-08-31 13:05,4488.80,4497.00,4487.50,4496.10,1399
2026-08-31 13:10,4496.10,4497.80,4493.90,4497.00,546
2026-08-31 13:15,4497.10,4499.50,4492.50,4494.50,481
2026-08-31 13:20,4494.30,4495.00,4490.50,4492.20,293
2026-08-31 13:25,4492.00,4498.60,4491.90,4497.30,722
2026-08-31 13:30,4497.40,4498.50,4488.80,4489.70,1264
2026-08-31 13:35,4489.50,4494.50,4486.80,4488.00,961
2026-08-31 13:40,4488.10,4489.30,4483.10,4484.60,1209
2026-08-31 13:45,4484.70,4484.80,4475.60,4476.60,2680
2026-08-31 13:50,4476.40,4480.10,4469.90,4475.00,2156
2026-08-31 13:55,4475.00,4475.50,4466.40,4469.10,2399
2026-08-31 14:00,4469.30,4474.40,4466.70,4471.30,1529
2026-08-31 14:05,4471.50,4478.40,4470.50,4477.90,1162
2026-08-31 14:10,4477.60,4478.50,4471.70,4477.60,687
2026-08-31 14:15,4477.70,4481.60,4475.20,4477.60,959
2026-08-31 14:20,4477.30,4477.50,4466.90,4469.70,1475
2026-08-31 14:25,4469.40,4473.60,4467.90,4470.60,658
2026-08-31 14:30,4470.50,4479.00,4470.00,4475.50,1463
2026-08-31 14:35,4475.50,4487.20,4475.20,4484.00,1558
2026-08-31 14:40,4483.90,4486.20,4481.70,4483.10,618
2026-08-31 14:45,4483.50,4486.30,4478.30,4479.00,831
2026-08-31 14:50,4478.80,4483.60,4476.20,4482.90,773
2026-08-31 14:55,4482.70,4486.30,4480.80,4481.70,843
2026-08-31 15:00,4481.70,4486.50,4478.30,4478.60,853
2026-08-31 15:05,4478.50,4484.00,4477.90,4483.80,525
2026-08-31 15:10,4483.80,4487.70,4481.60,4485.20,729
2026-08-31 15:15,4485.40,4487.90,4478.90,4481.80,782
2026-08-31 15:20,4482.20,4485.40,4479.40,4482.80,661
2026-08-31 15:25,4483.30,4484.40,4480.50,4482.90,416
2026-08-31 15:30,4482.40,4484.00,4478.60,4480.00,930
2026-08-31 15:35,4480.30,4482.50,4477.00,4479.40,555
2026-08-31 15:40,4479.60,4481.30,4476.00,4477.20,623
2026-08-31 15:45,4477.30,4483.60,4477.00,4481.50,705
2026-08-31 15:50,4481.20,4482.50,4476.90,4477.60,506
2026-08-31 15:55,4477.70,4478.50,4474.30,4475.50,516
2026-08-31 16:00,4475.90,4482.20,4473.00,4479.80,979
2026-08-31 16:05,4479.70,4486.00,4479.60,4484.00,666
2026-08-31 16:10,4483.80,4487.10,4482.40,4484.40,620
2026-08-31 16:15,4484.70,4486.80,4484.00,4484.50,263
2026-08-31 16:20,4484.60,4486.20,4482.90,4485.80,400
2026-08-31 16:25,4486.00,4488.70,4484.90,4488.30,328
2026-08-31 16:30,4488.60,4490.30,4485.10,4486.00,617
2026-08-31 16:35,4486.20,4486.20,4481.00,4481.80,552
2026-08-31 16:40,4481.80,4487.30,4481.10,4485.40,502
2026-08-31 16:45,4485.20,4486.60,4481.80,4483.40,480
2026-08-31 16:50,4483.40,4487.10,4483.30,4483.70,409
2026-08-31 16:55,4483.80,4483.80,4481.80,4482.60,260
2026-08-31 17:00,4482.80,4484.00,4480.60,4482.10,314
2026-08-31 17:05,4482.10,4482.40,4480.00,4481.10,280
2026-08-31 17:10,4481.00,4484.60,4481.00,4482.90,311
2026-08-31 17:15,4483.00,4485.60,4482.00,4485.50,369
2026-08-31 17:20,4485.60,4486.60,4482.10,4482.10,505
2026-08-31 17:25,4482.30,4484.40,4477.80,4479.80,2426
2026-08-31 17:30,4479.80,4484.10,4479.10,4482.10,635
2026-08-31 17:35,4482.30,4485.10,4482.20,4482.80,314
2026-08-31 17:40,4482.60,4486.30,4482.30,4486.00,410
2026-08-31 17:45,4485.90,4489.70,4485.20,4488.30,434
2026-08-31 17:50,4488.40,4489.50,4486.70,4487.10,322
2026-08-31 17:55,4487.20,4487.60,4485.10,4485.60,193
2026-08-31 18:00,4486.00,4486.10,4479.50,4481.40,684
2026-08-31 18:05,4481.50,4482.20,4480.50,4480.80,152
2026-08-31 18:10,4480.80,4483.20,4479.90,4483.20,202
2026-08-31 18:15,4483.10,4484.00,4481.00,4481.30,187
2026-08-31 18:20,4481.20,4482.70,4481.10,4482.30,138
2026-08-31 18:25,4482.30,4482.40,4478.90,4478.90,391
2026-08-31 18:30,4478.90,4478.90,4475.50,4476.90,433
2026-08-31 18:35,4477.00,4478.20,4476.00,4477.00,313
2026-08-31 18:40,4477.70,4479.50,4476.90,4478.60,167
2026-08-31 18:45,4478.60,4482.50,4478.40,4482.20,194
2026-08-31 18:50,4482.20,4484.00,4481.80,4482.70,281
2026-08-31 18:55,4482.60,4483.10,4479.70,4480.30,169
2026-08-31 19:00,4480.70,4482.30,4478.40,4479.90,305
2026-08-31 19:05,4480.00,4484.00,4480.00,4484.00,137
2026-08-31 19:10,4484.20,4484.70,4481.90,4482.80,299
2026-08-31 19:15,4483.10,4483.40,4482.40,4482.90,144
2026-08-31 19:20,4482.80,4488.80,4482.10,4488.50,622
2026-08-31 19:25,4488.60,4491.70,4487.40,4489.80,842
2026-08-31 19:30,4489.80,4490.80,4488.90,4490.00,351
2026-08-31 19:35,4489.90,4494.80,4489.60,4492.10,633
2026-08-31 19:40,4492.30,4492.70,4488.40,4492.50,418
2026-08-31 19:45,4492.20,4498.40,4490.80,4498.10,565
2026-08-31 19:50,4498.10,4501.80,4496.80,4499.50,1206
2026-08-31 19:55,4499.40,4502.70,4496.90,4502.00,1079
2026-08-31 20:00,4502.30,4504.90,4501.50,4501.90,654
2026-08-31 20:05,4501.60,4502.00,4500.70,4501.10,156
2026-08-31 20:10,4502.00,4502.30,4499.10,4499.20,78
2026-08-31 20:15,4499.30,4499.60,4498.00,4498.00,157
2026-08-31 20:20,4498.30,4498.30,4496.10,4497.20,100
2026-08-31 20:25,4496.90,4497.50,4496.20,4496.50,81
2026-08-31 20:30,4496.50,4498.00,4495.90,4497.60,99
2026-08-31 20:35,4497.50,4498.80,4497.20,4497.70,65
2026-08-31 20:40,4497.60,4498.40,4497.00,4497.30,45
2026-08-31 20:45,4497.40,4497.90,4496.30,4496.90,70
2026-08-31 20:50,4496.60,4497.60,4496.20,4497.60,114
2026-08-31 20:55,4497.90,4498.90,4497.00,4497.30,140
2026-08-31 22:00,4498.70,4503.50,4496.50,4503.30,0
2026-08-31 22:05,4503.00,4504.80,4501.20,4504.40,124
2026-08-31 22:10,4504.20,4504.70,4500.10,4500.40,181
2026-08-31 22:15,4500.40,4500.70,4498.80,4498.80,86
2026-08-31 22:20,4498.70,4498.70,4496.60,4496.60,217
2026-08-31 22:25,4496.60,4499.30,4496.40,4498.60,169
2026-08-31 22:30,4498.50,4500.00,4497.80,4498.80,182
2026-08-31 22:35,4498.80,4498.80,4497.00,4497.20,59
2026-08-31 22:40,4497.60,4497.60,4495.90,4496.90,43
2026-08-31 22:45,4496.60,4496.90,4494.60,4495.40,63
2026-08-31 22:50,4495.60,4496.10,4494.30,4494.40,71
2026-08-31 22:55,4494.90,4496.60,4494.70,4495.50,57
2026-08-31 23:00,4495.80,4495.80,4494.60,4494.80,79
2026-08-31 23:05,4494.80,4495.40,4494.10,4494.60,129
2026-08-31 23:10,4494.50,4495.30,4492.30,4492.60,221
2026-08-31 23:15,4492.40,4492.50,4491.60,4491.70,131
2026-08-31 23:20,4491.70,4491.90,4490.30,4491.70,130
2026-08-31 23:25,4491.70,4492.80,4491.30,4491.90,100
2026-08-31 23:30,4492.00,4496.50,4491.80,4494.40,207
2026-08-31 23:35,4494.10,4494.70,4493.00,4493.50,79
2026-08-31 23:40,4493.50,4495.00,4491.60,4494.50,103
2026-08-31 23:45,4494.50,4498.30,4494.20,4494.90,158
2026-08-31 23:50,4495.30,4500.30,4495.00,4499.50,172
2026-08-31 23:55,4499.20,4501.00,4497.00,4501.00,192
2026-09-01 00:00,4501.30,4503.00,4495.00,4502.80,511
2026-09-01 00:05,4502.50,4505.00,4500.10,4504.40,242
2026-09-01 00:10,4504.00,4507.10,4501.60,4503.90,405
2026-09-01 00:15,4504.10,4507.20,4501.40,4506.50,242
2026-09-01 00:20,4506.40,4510.50,4506.30,4506.80,306
2026-09-01 00:25,4506.50,4510.20,4505.70,4509.20,286
2026-09-01 00:30,4509.50,4510.30,4505.30,4506.40,236
2026-09-01 00:35,4506.20,4506.20,4502.20,4503.70,222
2026-09-01 00:40,4504.20,4505.50,4500.70,4502.10,192
2026-09-01 00:45,4502.40,4505.80,4501.00,4505.00,181
2026-09-01 00:50,4504.80,4510.40,4504.60,4505.80,320
2026-09-01 00:55,4506.30,4506.30,4499.90,4502.70,282
2026-09-01 01:00,4502.60,4505.90,4497.00,4498.20,650
2026-09-01 01:05,4499.30,4499.60,4495.50,4496.10,252
2026-09-01 01:10,4496.00,4498.00,4494.20,4495.30,322
2026-09-01 01:15,4495.60,4496.70,4492.20,4492.20,359
2026-09-01 01:20,4492.30,4493.80,4487.60,4489.30,524
2026-09-01 01:25,4489.20,4489.50,4486.70,4488.60,214
2026-09-01 01:30,4488.80,4492.00,4485.20,4491.70,401
2026-09-01 01:35,4491.60,4494.60,4490.20,4492.90,391
2026-09-01 01:40,4493.20,4494.80,4490.20,4494.80,230
2026-09-01 01:45,4494.90,4495.60,4489.50,4489.80,208
2026-09-01 01:50,4490.10,4491.90,4488.30,4490.30,204
2026-09-01 01:55,4490.40,4493.30,4489.60,4493.10,143
2026-09-01 02:00,4492.90,4495.90,4491.60,4495.90,157
2026-09-01 02:05,4496.00,4497.70,4490.70,4490.90,303
2026-09-01 02:10,4490.90,4498.20,4490.90,4493.80,466
2026-09-01 02:15,4494.10,4495.60,4493.80,4495.60,132
2026-09-01 02:20,4496.00,4497.30,4491.40,4491.70,193
2026-09-01 02:25,4492.00,4492.30,4489.20,4489.20,209
2026-09-01 02:30,4489.20,4489.80,4483.90,4486.30,580
2026-09-01 02:35,4486.20,4486.40,4481.00,4481.90,696
2026-09-01 02:40,4482.20,4485.90,4480.70,4481.20,562
2026-09-01 02:45,4481.00,4485.50,4477.10,4484.30,935
2026-09-01 02:50,4485.00,4489.50,4484.00,4488.70,266
2026-09-01 02:55,4487.90,4492.60,4487.90,4492.40,201
2026-09-01 03:00,4492.70,4493.50,4488.90,4490.00,447
2026-09-01 03:05,4490.40,4491.60,4488.80,4490.20,263
2026-09-01 03:10,4489.50,4491.00,4487.80,4489.40,354
2026-09-01 03:15,4488.90,4489.60,4485.60,4486.00,112
2026-09-01 03:20,4485.90,4485.90,4481.60,4481.60,380
2026-09-01 03:25,4482.20,4485.50,4480.90,4483.50,352
2026-09-01 03:30,4483.40,4485.90,4482.60,4485.70,130
2026-09-01 03:35,4485.10,4486.90,4482.60,4486.90,250
2026-09-01 03:40,4486.90,4488.00,4486.30,4487.60,104
2026-09-01 03:45,4487.80,4492.10,4487.80,4490.40,649
2026-09-01 03:50,4490.30,4492.40,4490.20,4491.00,222
2026-09-01 03:55,4490.90,4490.90,4486.10,4487.00,425
2026-09-01 04:00,4485.70,4486.70,4484.60,4486.00,158
2026-09-01 04:05,4486.20,4486.40,4480.40,4480.70,355
2026-09-01 04:10,4480.60,4481.10,4478.90,4479.60,436
2026-09-01 04:15,4479.60,4482.50,4478.30,4478.50,298
2026-09-01 04:20,4479.00,4481.10,4478.30,4481.00,77
2026-09-01 04:25,4480.60,4481.70,4478.30,4478.50,121
2026-09-01 04:30,4478.20,4479.10,4477.10,4478.70,292
2026-09-01 04:35,4478.70,4479.40,4477.60,4478.10,138
2026-09-01 04:40,4478.20,4478.60,4475.20,4476.50,502
2026-09-01 04:45,4475.90,4478.10,4474.10,4475.60,739
2026-09-01 04:50,4475.40,4478.20,4473.90,4477.60,561
2026-09-01 04:55,4477.60,4478.00,4474.10,4475.20,282
2026-09-01 05:00,4475.40,4480.30,4474.70,4479.80,272
2026-09-01 05:05,4479.60,4481.30,4478.80,4479.40,131
2026-09-01 05:10,4479.60,4480.00,4477.50,4477.70,192
2026-09-01 05:15,4478.10,4479.00,4473.50,4474.10,195
2026-09-01 05:20,4474.40,4476.30,4474.40,4475.90,150
2026-09-01 05:25,4475.30,4476.70,4474.30,4475.20,176
2026-09-01 05:30,4474.90,4483.80,4471.90,4483.50,833
2026-09-01 05:35,4483.50,4491.50,4481.90,4488.40,469
2026-09-01 05:40,4488.20,4492.20,4486.90,4492.20,359
2026-09-01 05:45,4491.20,4494.60,4489.80,4493.80,415
2026-09-01 05:50,4493.90,4493.90,4490.00,4491.70,302
2026-09-01 05:55,4491.70,4494.70,4488.30,4489.00,296
2026-09-01 06:00,4488.50,4489.10,4484.10,4485.10,335
2026-09-01 06:05,4485.10,4487.20,4483.90,4483.90,207
2026-09-01 06:10,4484.30,4484.90,4480.20,4481.30,409
2026-09-01 06:15,4481.40,4483.80,4481.10,4482.80,322
2026-09-01 06:20,4482.80,4483.30,4479.60,4481.50,239
2026-09-01 06:25,4481.70,4482.10,4476.30,4477.60,360
2026-09-01 06:30,4477.70,4479.00,4477.00,4478.50,286
2026-09-01 06:35,4478.30,4482.60,4478.30,4481.90,192
2026-09-01 06:40,4481.80,4483.90,4481.20,4483.60,268
2026-09-01 06:45,4483.70,4484.10,4478.00,4478.50,168
2026-09-01 06:50,4478.50,4478.90,4476.70,4478.50,262
2026-09-01 06:55,4478.60,4479.50,4477.90,4478.00,122
2026-09-01 07:00,4478.10,4483.60,4477.90,4482.90,413
2026-09-01 07:05,4482.80,4482.80,4478.40,4478.90,270
2026-09-01 07:10,4479.00,4481.60,4478.10,4481.60,182
2026-09-01 07:15,4481.60,4482.30,4477.30,4478.10,355
2026-09-01 07:20,4477.80,4481.20,4475.10,4475.50,778
2026-09-01 07:25,4475.50,4478.30,4474.30,4474.50,883
2026-09-01 07:30,4474.30,4476.90,4467.50,4474.30,1384
2026-09-01 07:35,4473.90,4474.30,4461.30,4461.30,832
2026-09-01 07:40,4461.50,4470.50,4460.50,4466.80,731
2026-09-01 07:45,4466.60,4471.00,4465.40,4470.80,431
2026-09-01 07:50,4471.00,4471.90,4467.20,4467.70,318
2026-09-01 07:55,4468.10,4470.90,4465.70,4468.70,708
2026-09-01 08:00,4468.60,4468.60,4458.80,4459.90,1009
2026-09-01 08:05,4459.80,4467.30,4442.30,4444.90,2651
2026-09-01 08:10,4445.00,4455.70,4438.40,4454.30,2957
2026-09-01 08:15,4454.30,4454.90,4443.90,4444.30,800
2026-09-01 08:20,4444.20,4447.40,4433.10,4434.10,1640
2026-09-01 08:25,4434.40,4436.60,4430.70,4432.00,1078
2026-09-01 08:30,4432.10,4432.60,4421.50,4423.30,2230
2026-09-01 08:35,4423.70,4425.70,4418.50,4423.20,1391
2026-09-01 08:40,4423.30,4430.00,4419.10,4424.10,1415
2026-09-01 08:45,4423.90,4427.00,4417.90,4425.00,1003
2026-09-01 08:50,4425.40,4426.50,4421.00,4425.40,828
2026-09-01 08:55,4425.20,4426.60,4418.50,4419.40,852
2026-09-01 09:00,4419.40,4424.00,4414.50,4421.80,1447
2026-09-01 09:05,4422.80,4423.40,4416.10,4418.40,1144
2026-09-01 09:10,4418.40,4424.60,4417.60,4424.20,642
2026-09-01 09:15,4424.20,4426.60,4423.00,4424.90,792
2026-09-01 09:20,4424.60,4426.30,4422.70,4423.50,375
2026-09-01 09:25,4423.60,4423.90,4419.00,4421.40,965
2026-09-01 09:30,4421.10,4421.70,4415.10,4419.30,1744
2026-09-01 09:35,4419.20,4419.80,4414.20,4416.80,877
2026-09-01 09:40,4416.10,4420.50,4414.60,4420.40,577
2026-09-01 09:45,4420.20,4422.50,4418.10,4418.40,880
2026-09-01 09:50,4418.00,4420.50,4417.30,4419.30,373
2026-09-01 09:55,4419.30,4421.70,4413.00,4413.70,666
2026-09-01 10:00,4413.70,4419.60,4413.00,4417.40,439
2026-09-01 10:05,4417.50,4424.00,4416.30,4421.90,802
2026-09-01 10:10,4422.00,4430.80,4421.80,4426.80,1235
2026-09-01 10:15,4427.00,4432.00,4426.60,4429.40,508
2026-09-01 10:20,4429.60,4434.10,4428.90,4433.00,567
2026-09-01 10:25,4432.80,4434.20,4431.50,4433.30,370
2026-09-01 10:30,4433.60,4434.00,4430.20,4431.60,351
2026-09-01 10:35,4432.20,4434.20,4431.70,4433.00,339
2026-09-01 10:40,4433.00,4434.60,4430.20,4430.20,375
2026-09-01 10:45,4430.30,4430.30,4425.40,4426.80,983
2026-09-01 10:50,4426.90,4426.90,4423.50,4424.70,406
2026-09-01 10:55,4424.60,4429.20,4424.30,4426.90,867
2026-09-01 11:00,4427.00,4429.70,4424.50,4428.40,417
2026-09-01 11:05,4428.60,4431.30,4425.40,4430.60,372
2026-09-01 11:10,4430.60,4431.80,4424.90,4425.80,445
2026-09-01 11:15,4425.80,4426.00,4423.20,4424.70,406
2026-09-01 11:20,4424.80,4430.30,4424.30,4426.50,601
2026-09-01 11:25,4426.10,4430.40,4425.20,4429.20,488
2026-09-01 11:30,4429.00,4430.90,4426.90,4429.20,304
2026-09-01 11:35,4429.10,4432.80,4427.50,4432.50,727
2026-09-01 11:40,4432.30,4433.40,4431.20,4432.70,387
2026-09-01 11:45,4432.80,4435.70,4432.10,4434.00,577
2026-09-01 11:50,4433.90,4435.40,4427.30,4427.80,616
2026-09-01 11:55,4427.50,4427.60,4420.50,4422.90,1042
2026-09-01 12:00,4423.00,4423.20,4418.00,4420.30,944
2026-09-01 12:05,4420.20,4421.50,4418.50,4419.20,617
2026-09-01 12:10,4419.30,4420.90,4415.40,4419.50,1471
2026-09-01 12:15,4419.20,4424.00,4418.40,4419.50,672
2026-09-01 12:20,4419.70,4420.30,4414.30,4416.70,1052
2026-09-01 12:25,4416.40,4424.90,4416.30,4417.10,1122
2026-09-01 12:30,4416.90,4417.50,4407.10,4407.50,2046
2026-09-01 12:35,4407.30,4409.70,4400.40,4406.30,2671
2026-09-01 12:40,4406.10,4413.60,4403.60,4413.20,1281
2026-09-01 12:45,4413.20,4418.50,4411.40,4413.10,1507
2026-09-01 12:50,4412.20,4413.70,4410.20,4411.80,779
2026-09-01 12:55,4411.40,4411.60,4404.50,4404.70,1073
2026-09-01 13:00,4404.60,4406.30,4385.00,4388.00,7122
2026-09-01 13:05,4387.80,4391.40,4376.80,4380.10,4128
2026-09-01 13:10,4380.20,4383.90,4374.10,4377.50,3942
2026-09-01 13:15,4377.60,4382.30,4374.50,4381.80,2218
2026-09-01 13:20,4382.20,4385.50,4379.40,4384.10,1445
2026-09-01 13:25,4384.20,4392.60,4383.20,4391.10,1896
2026-09-01 13:30,4391.00,4402.80,4389.20,4400.70,3631
2026-09-01 13:35,4400.80,4404.70,4394.50,4400.90,2023
2026-09-01 13:40,4401.00,4410.60,4399.10,4409.70,1500
2026-09-01 13:45,4409.90,4410.10,4401.80,4409.40,1656
2026-09-01 13:50,4408.80,4413.00,4404.80,4405.90,1277
2026-09-01 13:55,4406.20,4415.90,4405.80,4413.90,1028
2026-09-01 14:00,4414.20,4419.50,4401.50,4402.10,3488
2026-09-01 14:05,4402.00,4418.20,4401.70,4414.60,1635
2026-09-01 14:10,4414.60,4419.00,4410.80,4419.00,1330
2026-09-01 14:15,4419.00,4423.30,4417.40,4420.00,1640
2026-09-01 14:20,4420.20,4424.30,4419.90,4422.10,949
2026-09-01 14:25,4422.20,4422.90,4414.10,4414.40,1383
2026-09-01 14:30,4414.50,4420.60,4414.40,4420.60,995
2026-09-01 14:35,4420.60,4421.80,4413.50,4414.40,826
2026-09-01 14:40,4414.30,4416.10,4412.60,4414.70,708
2026-09-01 14:45,4415.20,4418.70,4408.80,4410.10,1462
2026-09-01 14:50,4410.20,4416.40,4407.30,4408.50,1677
2026-09-01 14:55,4408.70,4409.40,4405.20,4408.80,836
2026-09-01 15:00,4409.10,4411.50,4403.40,4406.10,699
2026-09-01 15:05,4405.80,4408.70,4404.80,4408.30,477
2026-09-01 15:10,4408.20,4411.20,4404.90,4405.30,854
2026-09-01 15:15,4405.40,4412.10,4404.40,4411.50,954
2026-09-01 15:20,4411.30,4413.60,4409.70,4410.40,645
2026-09-01 15:25,4410.30,4414.20,4406.90,4414.20,919
2026-09-01 15:30,4414.00,4415.40,4411.10,4411.50,537
2026-09-01 15:35,4411.00,4415.10,4409.80,4412.10,450
2026-09-01 15:40,4412.50,4419.10,4412.40,4419.10,759
2026-09-01 15:45,4419.20,4420.00,4417.00,4419.70,718
2026-09-01 15:50,4419.60,4421.80,4418.00,4421.50,482
2026-09-01 15:55,4421.20,4422.70,4419.00,4421.70,461
2026-09-01 16:00,4421.60,4423.30,4420.00,4420.60,511
2026-09-01 16:05,4420.50,4421.90,4416.60,4416.60,629
2026-09-01 16:10,4416.60,4417.20,4410.70,4410.70,1067
2026-09-01 16:15,4411.00,4414.00,4407.00,4407.60,1166
2026-09-01 16:20,4407.10,4407.10,4403.90,4406.20,1021
2026-09-01 16:25,4406.50,4407.30,4401.00,4401.30,1644
2026-09-01 16:30,4401.00,4401.70,4395.70,4397.20,1876
2026-09-01 16:35,4397.20,4403.90,4395.40,4403.80,956
2026-09-01 16:40,4403.40,4406.10,4400.50,4403.20,761
2026-09-01 16:45,4403.10,4407.50,4403.10,4405.30,584
2026-09-01 16:50,4405.70,4406.70,4402.00,4403.50,584
2026-09-01 16:55,4403.70,4404.40,4399.40,4399.60,502
2026-09-01 17:00,4399.80,4400.30,4395.20,4395.20,707
2026-09-01 17:05,4395.10,4396.30,4392.70,4394.10,1035
2026-09-01 17:10,4394.60,4396.00,4392.40,4394.60,945
2026-09-01 17:15,4394.70,4397.10,4392.40,4395.00,948
2026-09-01 17:20,4394.60,4396.30,4393.10,4395.70,535
2026-09-01 17:25,4395.50,4398.60,4390.70,4398.50,2520
2026-09-01 17:30,4398.30,4400.30,4395.60,4395.80,980
2026-09-01 17:35,4395.90,4399.10,4394.00,4394.00,412
2026-09-01 17:40,4394.20,4395.10,4390.90,4392.30,510
2026-09-01 17:45,4392.30,4392.40,4389.00,4391.10,597
2026-09-01 17:50,4390.80,4392.70,4389.30,4391.50,351
2026-09-01 17:55,4391.80,4392.40,4390.00,4391.10,370
2026-09-01 18:00,4391.30,4392.70,4386.40,4387.00,826
2026-09-01 18:05,4387.40,4388.50,4384.50,4384.70,546
2026-09-01 18:10,4384.60,4385.60,4382.40,4384.40,496
2026-09-01 18:15,4384.60,4388.70,4383.70,4388.50,468
2026-09-01 18:20,4388.50,4389.60,4387.60,4389.20,380
2026-09-01 18:25,4389.00,4389.00,4384.90,4385.40,422
2026-09-01 18:30,4385.40,4385.50,4380.70,4381.60,827
2026-09-01 18:35,4381.60,4382.00,4376.60,4377.40,927
2026-09-01 18:40,4377.60,4378.40,4375.90,4377.10,683
2026-09-01 18:45,4377.30,4379.30,4375.60,4379.30,569
2026-09-01 18:50,4379.30,4382.20,4376.70,4376.90,971
2026-09-01 18:55,4376.80,4381.00,4375.70,4379.40,629
2026-09-01 19:00,4379.10,4380.00,4376.60,4379.10,471
2026-09-01 19:05,4379.20,4381.60,4377.30,4379.10,332
2026-09-01 19:10,4379.10,4384.80,4378.50,4384.70,572
2026-09-01 19:15,4384.90,4385.20,4381.90,4382.70,379
2026-09-01 19:20,4382.60,4382.90,4380.90,4381.30,175
2026-09-01 19:25,4381.60,4382.90,4381.60,4382.00,217
2026-09-01 19:30,4382.00,4382.20,4375.50,4377.60,664
2026-09-01 19:35,4377.30,4378.10,4370.20,4370.60,1202
2026-09-01 19:40,4370.50,4375.20,4369.70,4373.50,737
2026-09-01 19:45,4373.20,4376.50,4370.50,4374.50,796
2026-09-01 19:50,4374.10,4377.40,4373.30,4375.00,544
2026-09-01 19:55,4375.00,4376.60,4371.30,4374.00,1094
2026-09-01 20:00,4374.10,4376.60,4370.70,4375.10,989
2026-09-01 20:05,4375.20,4377.90,4374.80,4376.20,879
2026-09-01 20:10,4375.90,4376.30,4372.50,4372.70,161
2026-09-01 20:15,4372.80,4375.40,4371.80,4374.80,421
2026-09-01 20:20,4374.90,4375.50,4374.00,4374.70,190
2026-09-01 20:25,4375.00,4376.00,4372.10,4372.90,374
2026-09-01 20:30,4373.00,4374.10,4372.80,4373.00,106
2026-09-01 20:35,4372.90,4374.90,4372.10,4374.40,205
2026-09-01 20:40,4374.40,4377.50,4374.20,4375.00,282
2026-09-01 20:45,4374.50,4376.70,4373.80,4375.20,488
2026-09-01 20:50,4375.20,4376.30,4374.40,4375.70,347
2026-09-01 20:55,4375.70,4376.30,4375.10,4375.70,106
2026-09-01 22:00,4377.20,4381.00,4376.60,4377.40,0
2026-09-01 22:05,4377.40,4377.40,4375.20,4376.60,168
2026-09-01 22:10,4376.40,4376.50,4374.90,4375.50,65
2026-09-01 22:15,4375.60,4375.70,4373.70,4373.80,118
2026-09-01 22:20,4374.20,4374.90,4373.80,4374.20,83
2026-09-01 22:25,4374.10,4374.60,4373.50,4374.10,70
2026-09-01 22:30,4374.00,4375.00,4372.80,4373.70,111
2026-09-01 22:35,4373.70,4375.90,4373.70,4373.70,116
2026-09-01 22:40,4373.70,4375.20,4372.70,4374.40,149
2026-09-01 22:45,4374.40,4375.40,4373.50,4374.70,77
2026-09-01 22:50,4374.50,4377.40,4374.10,4375.40,226
2026-09-01 22:55,4375.70,4376.30,4375.20,4375.70,76
2026-09-01 23:00,4375.70,4375.90,4373.30,4375.70,193
2026-09-01 23:05,4375.80,4376.90,4374.60,4376.40,201
2026-09-01 23:10,4376.80,4378.60,4376.20,4376.70,188
2026-09-01 23:15,4376.30,4377.70,4375.50,4376.20,106
2026-09-01 23:20,4376.20,4376.80,4372.50,4373.50,237
2026-09-01 23:25,4373.40,4376.90,4370.50,4376.70,401
2026-09-01 23:30,4377.00,4379.10,4376.60,4379.00,168
2026-09-01 23:35,4379.10,4382.00,4377.50,4381.30,331
2026-09-01 23:40,4381.00,4381.90,4379.50,4380.00,223
2026-09-01 23:45,4379.70,4379.90,4377.30,4377.60,161
2026-09-01 23:50,4377.80,4378.60,4374.90,4374.90,161
2026-09-01 23:55,4374.70,4375.30,4367.70,4370.60,992
2026-09-02 00:00,4370.70,4376.60,4361.40,4375.60,1798
2026-09-02 00:05,4375.60,4376.90,4364.00,4369.80,930
2026-09-02 00:10,4369.40,4374.40,4364.90,4374.20,592
2026-09-02 00:15,4374.30,4380.90,4373.60,4374.20,991
2026-09-02 00:20,4373.80,4380.60,4370.70,4376.10,662
2026-09-02 00:25,4376.60,4377.20,4369.00,4372.00,293
2026-09-02 00:30,4371.80,4371.80,4366.40,4369.20,420
2026-09-02 00:35,4369.00,4376.20,4369.00,4373.40,413
2026-09-02 00:40,4373.10,4378.00,4370.00,4376.70,257
2026-09-02 00:45,4376.50,4377.80,4369.60,4369.90,283
2026-09-02 00:50,4369.60,4369.60,4360.70,4361.20,705
2026-09-02 00:55,4361.10,4366.90,4361.10,4362.50,699
2026-09-02 01:00,4362.10,4369.40,4353.30,4359.00,3214
2026-09-02 01:05,4358.30,4359.20,4350.10,4355.10,1330
2026-09-02 01:10,4355.40,4367.60,4355.00,4363.20,1023
2026-09-02 01:15,4363.60,4373.50,4362.60,4367.40,918
2026-09-02 01:20,4367.50,4370.10,4364.00,4368.80,364
2026-09-02 01:25,4368.80,4371.50,4362.10,4364.00,434
2026-09-02 01:30,4364.20,4365.10,4351.70,4356.10,782
2026-09-02 01:35,4356.40,4356.70,4351.60,4354.40,581
2026-09-02 01:40,4354.00,4357.70,4353.10,4355.40,492
2026-09-02 01:45,4355.20,4356.40,4350.10,4352.50,584
2026-09-02 01:50,4352.40,4352.40,4337.00,4344.10,2350
2026-09-02 01:55,4344.00,4346.60,4333.90,4338.10,1407
2026-09-02 02:00,4337.80,4344.00,4334.60,4342.90,1164
2026-09-02 02:05,4343.20,4349.00,4338.70,4339.80,1074
2026-09-02 02:10,4339.90,4343.80,4336.40,4343.30,869
2026-09-02 02:15,4343.40,4348.10,4343.30,4347.30,353
2026-09-02 02:20,4347.50,4353.60,4347.30,4350.40,1042
2026-09-02 02:25,4350.40,4353.00,4348.90,4351.70,423
2026-09-02 02:30,4352.10,4356.10,4346.70,4355.20,1032
2026-09-02 02:35,4355.00,4362.10,4353.70,4359.90,1153
2026-09-02 02:40,4359.10,4361.00,4356.20,4356.40,636
2026-09-02 02:45,4357.00,4358.30,4356.10,4357.90,132
2026-09-02 02:50,4357.90,4357.90,4352.80,4353.00,326
2026-09-02 02:55,4353.20,4353.40,4347.20,4350.00,1106
2026-09-02 03:00,4350.00,4351.40,4346.30,4348.20,404
2026-09-02 03:05,4348.00,4348.20,4343.90,4346.50,415
2026-09-02 03:10,4346.40,4348.60,4345.10,4348.00,347
2026-09-02 03:15,4348.10,4349.70,4343.60,4344.60,619
2026-09-02 03:20,4344.70,4344.70,4336.40,4340.90,1435
2026-09-02 03:25,4340.80,4345.80,4340.10,4340.70,628
2026-09-02 03:30,4340.60,4340.70,4331.20,4332.20,1282
2026-09-02 03:35,4331.60,4338.80,4329.20,4338.10,959
2026-09-02 03:40,4338.40,4338.70,4332.10,4335.40,563
2026-09-02 03:45,4335.50,4346.50,4335.30,4346.00,973
2026-09-02 03:50,4346.00,4347.80,4343.30,4347.80,741
2026-09-02 03:55,4347.90,4350.70,4347.10,4348.80,379
2026-09-02 04:00,4349.90,4352.40,4348.80,4350.50,538
2026-09-02 04:05,4350.70,4353.40,4350.30,4351.40,347
2026-09-02 04:10,4351.60,4353.50,4350.30,4350.90,210
2026-09-02 04:15,4351.10,4352.30,4349.30,4349.80,268
2026-09-02 04:20,4349.10,4351.40,4347.80,4350.80,277
2026-09-02 04:25,4351.00,4351.30,4348.30,4349.40,225
2026-09-02 04:30,4349.60,4354.40,4349.10,4352.00,260
2026-09-02 04:35,4351.70,4353.00,4350.30,4350.90,219
2026-09-02 04:40,4350.90,4352.80,4349.40,4351.00,202
2026-09-02 04:45,4351.40,4353.20,4350.40,4352.30,146
2026-09-02 04:50,4352.60,4353.50,4351.40,4353.10,117
2026-09-02 04:55,4352.70,4354.20,4352.50,4353.70,151
2026-09-02 05:00,4353.90,4354.70,4352.00,4352.90,146
2026-09-02 05:05,4352.70,4352.70,4350.00,4351.30,262
2026-09-02 05:10,4351.40,4356.50,4351.20,4356.50,401
2026-09-02 05:15,4356.60,4360.50,4356.60,4357.20,565
2026-09-02 05:20,4357.20,4357.40,4353.20,4355.30,357
2026-09-02 05:25,4355.60,4360.50,4355.20,4359.70,454
2026-09-02 05:30,4359.80,4371.70,4359.70,4371.30,2000
2026-09-02 05:35,4370.80,4371.00,4364.40,4365.00,565
2026-09-02 05:40,4365.00,4369.70,4363.90,4369.60,362
2026-09-02 05:45,4369.90,4372.90,4369.20,4372.40,393
2026-09-02 05:50,4372.60,4373.10,4366.00,4366.90,381
2026-09-02 05:55,4366.80,4369.30,4365.90,4366.70,253
2026-09-02 06:00,4366.80,4369.00,4364.30,4365.00,415
2026-09-02 06:05,4364.70,4370.90,4364.20,4370.90,344
2026-09-02 06:10,4370.90,4375.90,4367.40,4373.10,789
2026-09-02 06:15,4372.90,4375.10,4368.20,4372.60,1071
2026-09-02 06:20,4372.20,4373.10,4367.50,4373.10,528
2026-09-02 06:25,4373.10,4374.10,4368.80,4368.90,308
2026-09-02 06:30,4369.40,4370.40,4364.90,4366.50,458
2026-09-02 06:35,4366.30,4371.00,4363.00,4371.00,441
2026-09-02 06:40,4371.20,4372.90,4369.20,4371.30,491
2026-09-02 06:45,4371.20,4371.40,4363.10,4363.10,364
2026-09-02 06:50,4363.10,4364.00,4361.20,4362.40,360
2026-09-02 06:55,4362.70,4368.40,4362.50,4368.30,590
2026-09-02 07:00,4368.40,4370.70,4365.80,4368.10,370
2026-09-02 07:05,4367.70,4373.60,4365.90,4372.80,465
2026-09-02 07:10,4372.90,4377.80,4372.90,4373.30,778
2026-09-02 07:15,4373.00,4375.20,4372.10,4374.70,436
2026-09-02 07:20,4374.50,4375.80,4371.60,4375.10,296
2026-09-02 07:25,4375.00,4375.50,4371.40,4373.70,297
2026-09-02 07:30,4373.20,4376.70,4371.90,4374.10,283
2026-09-02 07:35,4374.20,4377.80,4372.80,4373.10,458
2026-09-02 07:40,4373.20,4373.60,4368.50,4369.10,318
2026-09-02 07:45,4369.40,4371.70,4368.40,4368.50,278
2026-09-02 07:50,4368.60,4370.10,4366.90,4369.00,294
2026-09-02 07:55,4369.10,4370.80,4367.40,4369.80,150
2026-09-02 08:00,4370.10,4374.30,4368.80,4374.20,434
2026-09-02 08:05,4374.10,4376.90,4369.40,4376.50,370
2026-09-02 08:10,4376.80,4378.40,4371.40,4372.20,548
2026-09-02 08:15,4371.90,4374.20,4371.60,4371.90,278
2026-09-02 08:20,4372.30,4373.70,4370.80,4372.50,361
2026-09-02 08:25,4372.30,4372.50,4369.20,4369.60,232
2026-09-02 08:30,4369.60,4372.30,4367.30,4368.10,270
2026-09-02 08:35,4368.10,4373.20,4366.00,4371.50,356
2026-09-02 08:40,4371.90,4372.70,4366.80,4368.60,356
2026-09-02 08:45,4368.60,4369.30,4366.10,4368.00,428
2026-09-02 08:50,4368.40,4368.40,4359.50,4361.00,1006
2026-09-02 08:55,4361.10,4364.20,4359.10,4359.60,488
2026-09-02 09:00,4359.60,4363.60,4359.10,4362.70,405
2026-09-02 09:05,4363.00,4369.20,4363.00,4365.50,549
2026-09-02 09:10,4365.50,4365.50,4360.60,4360.70,237
2026-09-02 09:15,4360.80,4362.20,4360.20,4361.20,197
2026-09-02 09:20,4361.20,4361.50,4355.90,4355.90,568
2026-09-02 09:25,4355.90,4356.30,4352.30,4356.10,898
2026-09-02 09:30,4356.30,4358.00,4354.60,4357.10,677
2026-09-02 09:35,4357.50,4358.40,4355.00,4356.00,270
2026-09-02 09:40,4356.50,4359.10,4356.30,4357.10,253
2026-09-02 09:45,4357.20,4358.70,4357.00,4357.50,188
2026-09-02 09:50,4357.50,4358.30,4355.20,4355.80,303
2026-09-02 09:55,4356.10,4357.70,4355.30,4355.90,277
2026-09-02 10:00,4355.90,4357.10,4351.70,4351.70,218
2026-09-02 10:05,4351.80,4353.20,4349.10,4350.50,682
2026-09-02 10:10,4350.60,4355.60,4349.70,4354.10,360
2026-09-02 10:15,4354.00,4357.10,4353.40,4356.10,265
2026-09-02 10:20,4356.20,4359.80,4356.20,4357.90,305
2026-09-02 10:25,4357.80,4359.50,4356.90,4357.10,281
2026-09-02 10:30,4357.40,4358.10,4354.90,4356.60,184
2026-09-02 10:35,4356.30,4357.00,4354.30,4356.00,207
2026-09-02 10:40,4356.00,4357.40,4355.10,4356.60,228
2026-09-02 10:45,4356.70,4357.60,4355.40,4357.60,206
2026-09-02 10:50,4357.70,4357.70,4352.50,4355.70,477
2026-09-02 10:55,4355.50,4357.00,4353.80,4356.60,198
2026-09-02 11:00,4356.30,4360.20,4354.90,4360.00,353
2026-09-02 11:05,4359.80,4362.20,4355.40,4360.00,571
2026-09-02 11:10,4359.70,4371.60,4358.60,4370.10,1122
2026-09-02 11:15,4369.90,4370.20,4362.70,4366.30,784
2026-09-02 11:20,4366.30,4367.30,4363.30,4366.30,297
2026-09-02 11:25,4366.40,4370.30,4364.10,4368.80,423
2026-09-02 11:30,4369.20,4377.50,4368.70,4377.00,584
2026-09-02 11:35,4377.10,4380.20,4376.20,4379.60,1129
2026-09-02 11:40,4379.20,4380.10,4371.10,4372.00,887
2026-09-02 11:45,4371.80,4374.40,4370.50,4372.90,477
2026-09-02 11:50,4372.70,4378.20,4370.50,4377.70,402
2026-09-02 11:55,4377.60,4380.10,4376.50,4379.60,538
2026-09-02 12:00,4379.50,4382.80,4375.90,4381.70,1313
2026-09-02 12:05,4381.80,4383.30,4377.30,4380.50,757
2026-09-02 12:10,4380.60,4381.50,4376.30,4380.30,708
2026-09-02 12:15,4380.20,4381.70,4377.00,4378.40,743
2026-09-02 12:20,4378.20,4391.40,4376.60,4386.20,4578
2026-09-02 12:25,4385.80,4389.50,4381.00,4383.30,982
2026-09-02 12:30,4383.30,4384.50,4376.20,4376.80,1273
2026-09-02 12:35,4377.00,4380.60,4374.40,4380.20,906
2026-09-02 12:40,4380.50,4382.00,4379.10,4381.10,496
2026-09-02 12:45,4381.40,4386.00,4378.50,4386.00,679
2026-09-02 12:50,4386.00,4386.00,4379.40,4381.20,475
2026-09-02 12:55,4381.60,4381.70,4377.30,4378.30,683
2026-09-02 13:00,4378.30,4388.60,4377.50,4385.50,1647
2026-09-02 13:05,4385.40,4391.20,4385.40,4388.90,1229
2026-09-02 13:10,4388.70,4391.50,4384.50,4386.50,1158
2026-09-02 13:15,4386.50,4391.30,4383.50,4389.00,984
2026-09-02 13:20,4389.30,4395.20,4388.70,4394.80,1265
2026-09-02 13:25,4394.80,4405.80,4394.20,4405.50,4973
2026-09-02 13:30,4405.30,4415.00,4403.80,4412.00,4075
2026-09-02 13:35,4412.10,4415.50,4409.50,4413.90,1773
2026-09-02 13:40,4414.40,4427.00,4411.50,4425.50,3579
2026-09-02 13:45,4425.70,4427.00,4415.90,4416.20,2974
2026-09-02 13:50,4416.30,4426.00,4415.40,4424.50,2000
2026-09-02 13:55,4424.20,4433.50,4419.40,4433.00,2277
2026-09-02 14:00,4432.90,4433.80,4426.40,4431.70,3154
2026-09-02 14:05,4431.90,4443.70,4431.40,4438.00,4154
2026-09-02 14:10,4437.80,4444.40,4433.60,4434.80,2650
2026-09-02 14:15,4434.80,4439.50,4431.70,4439.10,1687
2026-09-02 14:20,4439.20,4444.00,4433.50,4433.80,2059
2026-09-02 14:25,4433.90,4437.20,4432.10,4434.30,851
2026-09-02 14:30,4434.20,4435.00,4429.60,4433.30,1219
2026-09-02 14:35,4433.20,4434.60,4429.20,4429.80,983
2026-09-02 14:40,4429.70,4433.20,4428.40,4432.60,1066
2026-09-02 14:45,4432.50,4433.90,4425.90,4428.20,1085
2026-09-02 14:50,4428.20,4429.10,4423.10,4424.20,972
2026-09-02 14:55,4424.00,4425.90,4421.40,4424.20,1012
2026-09-02 15:00,4424.10,4427.80,4421.40,4424.40,997
2026-09-02 15:05,4424.30,4427.40,4420.40,4423.50,834
2026-09-02 15:10,4423.30,4425.00,4419.20,4419.40,967
2026-09-02 15:15,4419.20,4419.40,4415.70,4416.50,1465
2026-09-02 15:20,4416.70,4418.60,4412.50,4417.10,1641
2026-09-02 15:25,4417.20,4420.00,4414.40,4419.50,1396
2026-09-02 15:30,4419.80,4422.20,4418.00,4418.60,923
2026-09-02 15:35,4418.40,4419.40,4414.40,4416.80,506
2026-09-02 15:40,4417.70,4419.10,4412.80,4413.20,378
2026-09-02 15:45,4412.90,4416.70,4411.40,4414.50,693
2026-09-02 15:50,4414.80,4416.60,4414.00,4415.40,322
2026-09-02 15:55,4415.30,4420.60,4414.70,4419.90,737
2026-09-02 16:00,4419.70,4421.70,4418.00,4419.50,683
2026-09-02 16:05,4419.80,4420.20,4415.70,4417.00,441
2026-09-02 16:10,4417.40,4420.00,4417.00,4419.10,296
2026-09-02 16:15,4418.60,4419.00,4414.60,4416.80,526
2026-09-02 16:20,4416.50,4417.70,4415.40,4416.50,257
2026-09-02 16:25,4416.10,4417.00,4414.30,4415.20,235
2026-09-02 16:30,4415.50,4417.40,4413.80,4414.00,405
2026-09-02 16:35,4414.30,4415.70,4413.00,4415.30,429
2026-09-02 16:40,4415.20,4415.30,4411.10,4411.50,589
2026-09-02 16:45,4411.50,4413.40,4411.30,4412.90,335
2026-09-02 16:50,4412.50,4417.50,4411.50,4416.60,489
2026-09-02 16:55,4416.50,4417.20,4414.50,4415.10,344
2026-09-02 17:00,4415.20,4417.60,4414.70,4417.40,425
2026-09-02 17:05,4417.40,4417.90,4415.40,4416.80,328
2026-09-02 17:10,4416.60,4417.20,4414.20,4415.30,302
2026-09-02 17:15,4415.40,4415.70,4411.20,4411.90,644
2026-09-02 17:20,4411.90,4414.10,4411.20,4413.80,358
2026-09-02 17:25,4413.70,4416.60,4413.40,4416.60,970
2026-09-02 17:30,4416.60,4418.30,4414.70,4414.70,331
2026-09-02 17:35,4414.60,4416.10,4413.20,4413.20,529
2026-09-02 17:40,4413.40,4424.20,4413.40,4423.20,1573
2026-09-02 17:45,4422.90,4427.40,4422.00,4422.70,1012
2026-09-02 17:50,4422.80,4424.10,4422.00,4422.90,291
2026-09-02 17:55,4422.90,4425.30,4422.40,4423.40,417
2026-09-02 18:00,4423.70,4423.80,4418.90,4421.50,475
2026-09-02 18:05,4421.40,4422.40,4419.90,4420.30,246
2026-09-02 18:10,4420.00,4420.60,4416.30,4416.80,405
2026-09-02 18:15,4416.80,4426.20,4415.90,4424.10,1173
2026-09-02 18:20,4424.10,4426.30,4419.00,4420.00,782
2026-09-02 18:25,4419.80,4420.70,4418.80,4420.00,206
2026-09-02 18:30,4419.70,4425.00,4419.60,4423.30,336
2026-09-02 18:35,4423.40,4424.80,4421.90,4423.00,146
2026-09-02 18:40,4422.80,4423.50,4419.00,4419.60,186
2026-09-02 18:45,4419.60,4421.50,4419.10,4420.50,159
2026-09-02 18:50,4420.60,4422.50,4420.10,4421.10,325
2026-09-02 18:55,4421.30,4422.10,4419.20,4420.30,174
2026-09-02 19:00,4420.80,4421.70,4418.30,4421.70,245
2026-09-02 19:05,4421.30,4424.00,4421.20,4423.60,206
2026-09-02 19:10,4423.80,4427.00,4423.00,4425.60,428
2026-09-02 19:15,4425.70,4427.00,4424.80,4426.10,205
2026-09-02 19:20,4426.00,4427.40,4424.90,4426.80,194
2026-09-02 19:25,4426.40,4429.70,4426.40,4427.60,405
2026-09-02 19:30,4427.70,4430.70,4427.60,4430.30,368
2026-09-02 19:35,4430.10,4430.60,4427.70,4430.50,268
2026-09-02 19:40,4430.30,4435.20,4430.00,4434.50,564
2026-09-02 19:45,4434.60,4435.30,4431.40,4433.00,588
2026-09-02 19:50,4433.10,4436.40,4432.40,4434.10,560
2026-09-02 19:55,4433.60,4437.90,4432.70,4437.70,807
2026-09-02 20:00,4437.40,4438.20,4435.20,4436.90,334
2026-09-02 20:05,4436.70,4437.40,4434.10,4434.50,274
2026-09-02 20:10,4434.80,4435.70,4432.50,4432.60,231
2026-09-02 20:15,4432.50,4433.00,4430.60,4431.30,240
2026-09-02 20:20,4431.90,4432.50,4431.40,4432.50,67
2026-09-02 20:25,4432.30,4434.60,4432.00,4433.20,225
2026-09-02 20:30,4433.00,4434.80,4432.50,4434.30,94
2026-09-02 20:35,4434.40,4434.70,4433.50,4434.30,89
2026-09-02 20:40,4434.40,4436.60,4434.20,4434.80,148
2026-09-02 20:45,4434.90,4436.50,4433.80,4435.80,219
2026-09-02 20:50,4435.80,4437.70,4435.70,4436.00,119
2026-09-02 20:55,4435.70,4436.10,4434.10,4434.30,205
2026-09-02 22:00,4436.40,4438.10,4434.80,4436.30,0
2026-09-02 22:05,4435.70,4437.00,4435.00,4435.60,125
2026-09-02 22:10,4435.20,4436.20,4434.80,4434.80,40
2026-09-02 22:15,4434.80,4434.80,4432.60,4433.10,152
2026-09-02 22:20,4433.60,4434.70,4432.80,4433.90,146
2026-09-02 22:25,4434.40,4435.90,4433.80,4434.80,115
2026-09-02 22:30,4434.30,4434.70,4432.60,4433.20,271
2026-09-02 22:35,4433.40,4433.50,4432.30,4432.80,117
2026-09-02 22:40,4432.60,4433.10,4430.30,4430.40,166
2026-09-02 22:45,4430.40,4430.50,4428.40,4429.30,203
2026-09-02 22:50,4429.30,4430.40,4429.10,4429.80,34
2026-09-02 22:55,4429.90,4430.50,4429.70,4429.80,29
2026-09-02 23:00,4430.20,4431.90,4429.40,4431.90,113
2026-09-02 23:05,4432.00,4432.20,4430.60,4432.10,166
2026-09-02 23:10,4431.90,4432.10,4429.40,4429.60,88
2026-09-02 23:15,4429.40,4429.60,4427.60,4427.80,147
2026-09-02 23:20,4427.80,4428.40,4427.60,4428.30,73
2026-09-02 23:25,4428.20,4428.40,4427.30,4427.70,62
2026-09-02 23:30,4427.50,4429.40,4427.00,4428.50,176
2026-09-02 23:35,4428.30,4428.90,4426.70,4428.70,130
2026-09-02 23:40,4428.50,4430.80,4428.50,4430.80,163
2026-09-02 23:45,4430.20,4434.40,4429.90,4432.10,320
2026-09-02 23:50,4432.30,4433.10,4430.10,4430.20,162
2026-09-02 23:55,4430.10,4432.30,4429.90,4431.00,95
2026-09-03 00:00,4431.20,4435.10,4429.90,4434.60,256
2026-09-03 00:05,4434.80,4436.20,4430.10,4432.40,471
2026-09-03 00:10,4432.70,4438.00,4432.50,4435.40,464
2026-09-03 00:15,4435.40,4435.70,4430.60,4431.90,274
2026-09-03 00:20,4432.30,4433.30,4430.30,4432.80,157
2026-09-03 00:25,4433.20,4435.30,4432.20,4432.50,130
2026-09-03 00:30,4432.30,4432.30,4427.90,4428.00,233
2026-09-03 00:35,4428.00,4435.00,4427.80,4433.90,200
2026-09-03 00:40,4434.50,4435.00,4432.20,4433.00,178
2026-09-03 00:45,4433.10,4435.20,4431.30,4435.20,106
2026-09-03 00:50,4435.30,4439.50,4434.30,4437.00,501
2026-09-03 00:55,4437.00,4442.90,4436.00,4440.50,489
2026-09-03 01:00,4440.80,4442.20,4432.20,4440.50,1170
2026-09-03 01:05,4440.40,4448.30,4437.70,4447.60,1452
2026-09-03 01:10,4447.90,4454.70,4446.10,4446.80,1983
2026-09-03 01:15,4446.30,4448.90,4441.80,4443.60,614
2026-09-03 01:20,4443.80,4448.10,4440.10,4441.20,554
2026-09-03 01:25,4441.00,4447.10,4439.10,4447.10,566
2026-09-03 01:30,4446.80,4454.80,4446.50,4454.10,867
2026-09-03 01:35,4454.60,4454.60,4450.00,4452.90,418
2026-09-03 01:40,4452.90,4453.10,4445.40,4445.80,434
2026-09-03 01:45,4445.50,4453.50,4445.20,4452.90,373
2026-09-03 01:50,4452.40,4452.80,4449.80,4452.60,236
2026-09-03 01:55,4452.80,4457.60,4452.10,4455.00,551
2026-09-03 02:00,4455.20,4461.20,4454.50,4456.20,1117
2026-09-03 02:05,4456.10,4458.40,4454.50,4455.80,393
2026-09-03 02:10,4455.60,4458.80,4454.90,4456.20,326
2026-09-03 02:15,4456.90,4458.60,4454.40,4455.50,251
2026-09-03 02:20,4455.30,4457.90,4452.20,4454.90,493
2026-09-03 02:25,4455.20,4457.10,4453.00,4457.10,362
2026-09-03 02:30,4457.10,4463.00,4454.80,4460.90,1107
2026-09-03 02:35,4460.90,4463.70,4459.50,4461.90,572
2026-09-03 02:40,4462.00,4462.30,4458.00,4459.00,318
2026-09-03 02:45,4459.40,4463.00,4457.10,4463.00,346
2026-09-03 02:50,4462.50,4466.00,4461.40,4465.40,414
2026-09-03 02:55,4465.40,4466.20,4464.50,4466.00,278
2026-09-03 03:00,4466.00,4471.00,4464.90,4470.10,617
2026-09-03 03:05,4470.00,4472.00,4469.60,4470.80,581
2026-09-03 03:10,4470.70,4475.80,4469.60,4474.60,701
2026-09-03 03:15,4474.40,4476.00,4471.20,4472.20,653
2026-09-03 03:20,4472.30,4472.80,4470.30,4472.10,195
2026-09-03 03:25,4471.70,4477.10,4471.00,4475.10,395
2026-09-03 03:30,4475.20,4477.90,4475.20,4477.60,649
2026-09-03 03:35,4477.10,4477.50,4475.00,4476.30,405
2026-09-03 03:40,4476.20,4476.30,4472.40,4472.40,271
2026-09-03 03:45,4472.20,4474.30,4471.00,4473.00,579
2026-09-03 03:50,4473.00,4476.40,4471.90,4476.20,841
2026-09-03 03:55,4476.20,4478.20,4475.40,4477.10,284
2026-09-03 04:00,4477.30,4477.60,4472.30,4472.40,785
2026-09-03 04:05,4472.50,4479.40,4470.80,4478.70,970
2026-09-03 04:10,4478.70,4481.10,4475.80,4476.20,720
2026-09-03 04:15,4476.20,4476.70,4475.10,4476.00,193
2026-09-03 04:20,4476.00,4479.00,4475.80,4479.00,159
2026-09-03 04:25,4478.90,4482.00,4478.90,4481.80,387
2026-09-03 04:30,4481.70,4482.40,4480.50,4482.20,249
2026-09-03 04:35,4482.10,4483.70,4481.30,4483.50,271
2026-09-03 04:40,4483.50,4483.70,4481.70,4483.30,179
2026-09-03 04:45,4483.50,4483.90,4481.70,4481.80,248
2026-09-03 04:50,4481.60,4482.00,4480.50,4481.00,159
2026-09-03 04:55,4481.00,4483.30,4479.40,4483.00,804
2026-09-03 05:00,4483.10,4486.00,4481.70,4481.80,594
2026-09-03 05:05,4482.10,4482.10,4476.10,4476.40,634
2026-09-03 05:10,4476.20,4478.20,4474.40,4475.30,709
2026-09-03 05:15,4475.40,4476.70,4472.60,4474.30,665
2026-09-03 05:20,4474.30,4474.40,4468.20,4471.50,1129
2026-09-03 05:25,4471.90,4473.30,4468.70,4471.00,508
2026-09-03 05:30,4470.90,4479.50,4468.30,4476.80,1135
2026-09-03 05:35,4476.80,4478.40,4471.60,4474.40,939
2026-09-03 05:40,4474.10,4478.60,4471.90,4478.20,503
2026-09-03 05:45,4478.50,4482.30,4474.40,4480.90,532
2026-09-03 05:50,4481.50,4485.30,4478.60,4479.30,870
2026-09-03 05:55,4479.50,4482.20,4476.30,4477.00,685
2026-09-03 06:00,4477.00,4480.00,4474.40,4476.20,703
2026-09-03 06:05,4476.50,4482.20,4475.90,4477.30,677
2026-09-03 06:10,4477.30,4477.40,4471.70,4472.90,589
2026-09-03 06:15,4473.10,4476.80,4470.50,4471.90,885
2026-09-03 06:20,4471.70,4472.90,4462.80,4464.90,1599
2026-09-03 06:25,4465.20,4470.00,4464.50,4467.50,691
2026-09-03 06:30,4467.50,4469.40,4466.30,4469.20,577
2026-09-03 06:35,4468.90,4471.90,4468.50,4468.80,600
2026-09-03 06:40,4469.40,4472.00,4469.10,4471.60,226
2026-09-03 06:45,4471.60,4474.70,4471.20,4472.20,456
2026-09-03 06:50,4472.00,4472.00,4468.40,4468.60,309
2026-09-03 06:55,4468.30,4469.90,4466.10,4466.40,311
2026-09-03 07:00,4466.00,4477.00,4464.60,4477.00,1135
2026-09-03 07:05,4477.10,4477.50,4469.30,4470.90,828
2026-09-03 07:10,4470.50,4470.90,4467.20,4467.70,417
2026-09-03 07:15,4467.50,4472.60,4467.40,4470.90,638
2026-09-03 07:20,4470.80,4475.80,4470.00,4475.10,351
2026-09-03 07:25,4475.20,4475.70,4470.80,4471.90,532
2026-09-03 07:30,4471.70,4473.90,4471.70,4473.50,292
2026-09-03 07:35,4473.30,4476.10,4469.30,4473.30,674
2026-09-03 07:40,4472.90,4476.40,4472.00,4472.10,349
2026-09-03 07:45,4472.10,4474.20,4469.70,4472.20,389
2026-09-03 07:50,4471.70,4476.80,4470.20,4476.30,511
2026-09-03 07:55,4476.20,4476.20,4473.60,4474.70,235
2026-09-03 08:00,4474.50,4487.40,4473.60,4482.70,1625
2026-09-03 08:05,4483.20,4490.00,4481.00,4481.40,1948
2026-09-03 08:10,4481.00,4481.70,4477.00,4477.60,609
2026-09-03 08:15,4477.30,4484.90,4476.80,4484.10,765
2026-09-03 08:20,4484.10,4485.80,4481.00,4483.30,1067
2026-09-03 08:25,4483.60,4485.10,4481.00,4484.60,640
2026-09-03 08:30,4484.30,4485.80,4482.00,4485.20,552
2026-09-03 08:35,4485.30,4486.00,4480.40,4480.40,397
2026-09-03 08:40,4480.40,4481.50,4477.50,4480.50,798
2026-09-03 08:45,4480.70,4486.30,4480.50,4484.50,687
2026-09-03 08:50,4484.20,4484.40,4480.50,4481.50,295
2026-09-03 08:55,4481.30,4483.80,4480.00,4481.10,336
2026-09-03 09:00,4481.30,4483.80,4480.40,4483.50,491
2026-09-03 09:05,4483.60,4488.20,4481.50,4486.10,1015
2026-09-03 09:10,4485.80,4486.30,4484.00,4484.20,326
2026-09-03 09:15,4484.30,4484.50,4480.70,4480.80,436
2026-09-03 09:20,4481.00,4481.60,4478.40,4478.70,450
2026-09-03 09:25,4478.90,4482.10,4478.20,4481.50,767
2026-09-03 09:30,4481.30,4484.40,4479.90,4483.50,1199
2026-09-03 09:35,4483.60,4484.70,4476.70,4478.60,1162
2026-09-03 09:40,4479.30,4480.70,4475.90,4476.30,374
2026-09-03 09:45,4476.20,4476.60,4472.10,4475.40,601
2026-09-03 09:50,4475.30,4476.90,4472.90,4473.60,205
2026-09-03 09:55,4473.50,4475.60,4472.00,4473.90,584
2026-09-03 10:00,4474.10,4474.90,4472.00,4474.00,240
2026-09-03 10:05,4473.70,4476.10,4471.50,4471.60,347
2026-09-03 10:10,4471.30,4472.10,4469.20,4470.90,385
2026-09-03 10:15,4470.60,4472.10,4468.20,4468.60,323
2026-09-03 10:20,4468.50,4469.40,4464.90,4466.20,770
2026-09-03 10:25,4466.30,4470.30,4466.30,4468.70,875
2026-09-03 10:30,4468.60,4470.70,4466.20,4468.90,599
2026-09-03 10:35,4469.00,4471.10,4468.40,4470.50,320
2026-09-03 10:40,4471.00,4472.70,4470.60,4472.00,204
2026-09-03 10:45,4471.70,4472.70,4470.40,4470.60,146
2026-09-03 10:50,4470.50,4474.20,4470.20,4474.00,274
2026-09-03 10:55,4474.10,4474.80,4473.00,4473.20,254
2026-09-03 11:00,4473.10,4475.50,4471.10,4472.80,262
2026-09-03 11:05,4472.50,4477.20,4471.90,4477.10,535
2026-09-03 11:10,4476.70,4479.00,4476.20,4478.60,458
2026-09-03 11:15,4478.70,4484.20,4478.40,4480.50,1030
2026-09-03 11:20,4480.40,4480.70,4476.60,4477.20,234
2026-09-03 11:25,4477.10,4481.10,4476.20,4480.40,691
2026-09-03 11:30,4480.50,4481.40,4471.90,4480.40,1198
2026-09-03 11:35,4480.40,4482.90,4480.20,4481.70,230
2026-09-03 11:40,4481.80,4485.30,4481.60,4484.50,299
2026-09-03 11:45,4484.80,4486.80,4482.50,4485.10,468
2026-09-03 11:50,4485.00,4487.80,4484.00,4485.70,481
2026-09-03 11:55,4486.00,4493.40,4485.60,4490.20,1046
2026-09-03 12:00,4490.00,4494.60,4487.00,4494.20,865
2026-09-03 12:05,4494.20,4495.10,4491.00,4494.80,774
2026-09-03 12:10,4494.90,4496.70,4489.60,4490.40,848
2026-09-03 12:15,4490.40,4490.70,4487.10,4487.70,675
2026-09-03 12:20,4488.00,4495.60,4484.10,4492.90,1450
2026-09-03 12:25,4492.90,4495.50,4492.30,4493.30,1069
2026-09-03 12:30,4493.10,4520.00,4492.90,4513.60,6535
2026-09-03 12:35,4513.80,4526.40,4506.70,4523.10,4533
2026-09-03 12:40,4522.80,4524.80,4511.60,4514.70,2296
2026-09-03 12:45,4514.90,4527.40,4512.50,4527.20,1920
2026-09-03 12:50,4527.30,4539.50,4526.70,4538.30,3563
2026-09-03 12:55,4538.20,4542.60,4537.00,4540.90,2976
2026-09-03 13:00,4540.90,4543.70,4535.50,4537.30,3648
2026-09-03 13:05,4537.40,4541.40,4533.00,4535.40,1930
2026-09-03 13:10,4535.90,4537.70,4532.00,4532.90,2130
2026-09-03 13:15,4533.30,4535.30,4526.60,4527.10,2892
2026-09-03 13:20,4527.20,4532.00,4525.80,4531.10,1837
2026-09-03 13:25,4530.80,4531.30,4524.30,4527.60,1113
2026-09-03 13:30,4527.40,4529.70,4521.40,4524.80,1694
2026-09-03 13:35,4524.90,4527.30,4519.70,4522.70,1279
2026-09-03 13:40,4522.90,4522.90,4515.00,4517.20,2319
2026-09-03 13:45,4517.20,4517.70,4502.80,4504.80,2681
2026-09-03 13:50,4505.10,4511.80,4504.60,4510.50,2266
2026-09-03 13:55,4510.40,4517.70,4509.20,4517.10,2164
2026-09-03 14:00,4517.10,4517.70,4502.90,4512.00,2621
2026-09-03 14:05,4512.20,4519.80,4508.80,4510.90,1663
2026-09-03 14:10,4511.00,4516.40,4507.90,4515.70,1128
2026-09-03 14:15,4515.50,4523.80,4515.50,4522.80,1559
2026-09-03 14:20,4523.00,4527.30,4518.30,4522.20,1734
2026-09-03 14:25,4522.20,4524.60,4516.90,4523.60,909
2026-09-03 14:30,4523.50,4526.10,4516.80,4516.80,1475
2026-09-03 14:35,4517.20,4520.40,4514.70,4515.80,867
2026-09-03 14:40,4515.30,4521.20,4512.40,4519.30,662
2026-09-03 14:45,4519.50,4526.50,4519.20,4520.70,940
2026-09-03 14:50,4520.70,4525.90,4520.70,4523.20,531
2026-09-03 14:55,4523.50,4531.90,4516.60,4531.90,2221
2026-09-03 15:00,4532.00,4547.90,4530.90,4545.30,4843
2026-09-03 15:05,4545.50,4551.60,4544.30,4545.20,3356
2026-09-03 15:10,4545.70,4552.00,4542.80,4551.00,2015
2026-09-03 15:15,4551.30,4558.50,4549.20,4557.90,2374
2026-09-03 15:20,4558.00,4558.50,4551.30,4552.30,1482
2026-09-03 15:25,4552.10,4555.70,4551.70,4554.10,1513
2026-09-03 15:30,4554.20,4557.40,4547.40,4550.90,1495
2026-09-03 15:35,4550.70,4552.70,4542.80,4544.40,1178
2026-09-03 15:40,4544.60,4546.00,4542.40,4542.80,522
2026-09-03 15:45,4542.50,4543.10,4535.10,4536.20,1221
2026-09-03 15:50,4536.20,4539.60,4534.90,4538.10,1066
2026-09-03 15:55,4538.20,4541.10,4533.70,4540.80,842
2026-09-03 16:00,4540.70,4541.20,4537.90,4538.40,490
2026-09-03 16:05,4538.40,4540.90,4535.20,4539.80,489
2026-09-03 16:10,4540.30,4543.40,4540.00,4541.70,571
2026-09-03 16:15,4541.70,4542.40,4538.90,4541.30,588
2026-09-03 16:20,4541.50,4541.70,4538.60,4540.60,372
2026-09-03 16:25,4540.70,4542.10,4538.10,4540.70,496
2026-09-03 16:30,4541.20,4543.30,4537.00,4538.50,524
2026-09-03 16:35,4538.50,4539.40,4537.60,4538.60,407
2026-09-03 16:40,4538.70,4538.90,4534.30,4535.60,479
2026-09-03 16:45,4535.40,4538.70,4534.80,4536.50,391
2026-09-03 16:50,4536.70,4537.80,4533.00,4534.70,627
2026-09-03 16:55,4534.80,4536.30,4533.30,4533.70,511
2026-09-03 17:00,4533.90,4535.50,4530.60,4534.50,806
2026-09-03 17:05,4534.50,4536.30,4533.20,4533.40,1492
2026-09-03 17:10,4533.50,4535.70,4533.10,4535.30,415
2026-09-03 17:15,4535.50,4535.70,4532.60,4534.90,355
2026-09-03 17:20,4535.10,4538.90,4534.50,4538.40,640
2026-09-03 17:25,4538.20,4541.20,4537.20,4540.40,1364
2026-09-03 17:30,4540.50,4541.40,4538.40,4539.20,648
2026-09-03 17:35,4539.30,4541.40,4538.90,4540.40,284
2026-09-03 17:40,4540.30,4540.90,4539.20,4539.20,226
2026-09-03 17:45,4539.30,4542.00,4538.40,4538.70,507
2026-09-03 17:50,4538.70,4538.80,4535.60,4537.20,416
2026-09-03 17:55,4537.00,4537.00,4534.80,4535.70,289
2026-09-03 18:00,4534.60,4537.10,4534.20,4536.70,538
2026-09-03 18:05,4536.30,4536.40,4531.90,4535.60,570
2026-09-03 18:10,4535.70,4536.50,4531.20,4531.20,390
2026-09-03 18:15,4531.10,4533.90,4531.10,4533.20,269
2026-09-03 18:20,4533.90,4535.40,4529.40,4530.80,478
2026-09-03 18:25,4530.80,4531.70,4526.80,4527.10,883
2026-09-03 18:30,4527.40,4527.70,4523.10,4526.60,1121
2026-09-03 18:35,4526.50,4530.00,4526.00,4529.30,454
2026-09-03 18:40,4529.50,4530.00,4527.90,4528.90,190
2026-09-03 18:45,4528.50,4530.00,4525.10,4526.20,477
2026-09-03 18:50,4526.30,4527.00,4523.00,4523.00,456
2026-09-03 18:55,4523.10,4524.00,4521.20,4522.90,624
2026-09-03 19:00,4522.80,4524.20,4521.70,4522.20,357
2026-09-03 19:05,4522.40,4524.00,4521.70,4524.00,339
2026-09-03 19:10,4524.10,4524.70,4520.70,4522.40,544
2026-09-03 19:15,4522.20,4524.60,4521.90,4524.30,372
2026-09-03 19:20,4524.10,4524.10,4522.00,4522.00,267
2026-09-03 19:25,4521.90,4523.60,4520.30,4523.50,226
2026-09-03 19:30,4523.80,4525.50,4521.70,4521.80,345
2026-09-03 19:35,4522.10,4523.90,4521.90,4523.00,250
2026-09-03 19:40,4523.10,4526.50,4523.10,4525.20,370
2026-09-03 19:45,4525.30,4528.70,4525.20,4526.80,572
2026-09-03 19:50,4527.10,4527.20,4524.20,4525.10,366
2026-09-03 19:55,4525.20,4526.20,4520.90,4522.90,930
2026-09-03 20:00,4522.70,4523.30,4518.80,4519.50,541
2026-09-03 20:05,4519.60,4521.10,4518.90,4520.70,229
2026-09-03 20:10,4520.40,4520.70,4519.10,4519.30,95
2026-09-03 20:15,4519.20,4519.30,4517.70,4518.50,123
2026-09-03 20:20,4518.40,4518.80,4518.10,4518.30,65
2026-09-03 20:25,4518.20,4520.10,4518.20,4519.00,103
2026-09-03 20:30,4519.00,4519.80,4518.70,4519.50,51
2026-09-03 20:35,4519.40,4520.10,4518.40,4519.00,122
2026-09-03 20:40,4518.80,4520.20,4518.50,4519.60,72
2026-09-03 20:45,4519.70,4520.60,4519.00,4520.30,89
2026-09-03 20:50,4520.40,4521.50,4520.10,4521.00,100
2026-09-03 20:55,4520.60,4521.30,4519.70,4520.00,138
2026-09-03 21:00,4520.30,4520.30,4520.30,4520.30,1
2026-09-03 22:00,4522.00,4524.40,4520.10,4523.40,0
2026-09-03 22:05,4523.40,4524.60,4522.60,4523.20,68
2026-09-03 22:10,4523.00,4525.70,4521.70,4525.50,209
2026-09-03 22:15,4525.60,4526.30,4523.70,4523.90,254
2026-09-03 22:20,4523.90,4524.20,4522.20,4522.20,141
2026-09-03 22:25,4522.30,4523.00,4521.20,4522.30,187
2026-09-03 22:30,4522.20,4524.10,4521.30,4522.30,295
2026-09-03 22:35,4522.00,4522.30,4519.80,4519.90,330
2026-09-03 22:40,4519.80,4523.70,4519.60,4520.70,397
2026-09-03 22:45,4521.40,4522.30,4518.50,4521.40,422
2026-09-03 22:50,4521.70,4523.40,4518.90,4521.80,831
2026-09-03 22:55,4521.50,4522.40,4520.80,4521.60,121
2026-09-03 23:00,4521.50,4524.00,4521.50,4523.60,134
2026-09-03 23:05,4523.60,4524.80,4519.30,4523.00,559
2026-09-03 23:10,4523.10,4523.10,4520.80,4521.30,107
2026-09-03 23:15,4521.10,4522.20,4519.00,4520.30,320
2026-09-03 23:20,4520.30,4520.30,4519.20,4519.20,115
2026-09-03 23:25,4519.50,4521.80,4519.20,4520.70,129
2026-09-03 23:30,4520.60,4523.20,4520.50,4521.90,166
2026-09-03 23:35,4522.00,4525.30,4521.80,4524.70,155
2026-09-03 23:40,4525.00,4525.20,4523.40,4524.10,88
2026-09-03 23:45,4524.00,4524.20,4521.90,4521.90,194
2026-09-03 23:50,4522.10,4526.50,4522.10,4523.80,209
2026-09-03 23:55,4524.50,4527.20,4524.50,4526.90,185
2026-09-04 00:00,4527.00,4527.90,4524.90,4527.90,229
2026-09-04 00:05,4528.20,4529.90,4526.50,4526.70,302
2026-09-04 00:10,4526.40,4529.90,4526.10,4527.10,260
2026-09-04 00:15,4527.30,4527.60,4523.00,4523.40,191
2026-09-04 00:20,4523.50,4526.20,4523.00,4524.20,122
2026-09-04 00:25,4524.10,4524.10,4520.50,4521.20,242
2026-09-04 00:30,4521.20,4526.10,4519.30,4525.60,298
2026-09-04 00:35,4525.80,4526.10,4522.60,4522.60,112
2026-09-04 00:40,4522.50,4528.60,4522.50,4528.60,161
2026-09-04 00:45,4528.70,4531.50,4527.70,4527.70,331
2026-09-04 00:50,4527.50,4530.80,4527.00,4528.40,246
2026-09-04 00:55,4528.50,4533.50,4527.50,4532.90,447
2026-09-04 01:00,4532.60,4533.60,4523.50,4524.60,811
2026-09-04 01:05,4524.20,4526.10,4521.00,4524.20,475
2026-09-04 01:10,4524.00,4529.50,4520.00,4520.90,447
2026-09-04 01:15,4520.90,4524.90,4520.30,4521.90,345
2026-09-04 01:20,4522.20,4525.00,4520.50,4521.20,177
2026-09-04 01:25,4520.80,4521.90,4514.10,4517.20,941
2026-09-04 01:30,4517.30,4519.30,4515.10,4515.80,384
2026-09-04 01:35,4515.60,4523.20,4514.30,4519.60,444
2026-09-04 01:40,4519.80,4523.00,4517.20,4520.30,452
2026-09-04 01:45,4520.00,4520.00,4513.00,4514.90,505
2026-09-04 01:50,4514.70,4520.30,4514.20,4519.40,289
2026-09-04 01:55,4519.90,4526.60,4519.90,4525.20,386
2026-09-04 02:00,4525.30,4528.90,4524.60,4526.90,344
2026-09-04 02:05,4527.00,4527.00,4523.70,4524.90,169
2026-09-04 02:10,4524.50,4526.40,4523.10,4525.40,264
2026-09-04 02:15,4525.50,4526.60,4523.40,4524.60,128
2026-09-04 02:20,4524.00,4524.00,4519.90,4523.10,218
2026-09-04 02:25,4523.30,4523.60,4517.40,4520.00,709
2026-09-04 02:30,4519.90,4522.20,4516.80,4517.00,513
2026-09-04 02:35,4516.90,4523.40,4516.50,4522.70,262
2026-09-04 02:40,4522.70,4523.40,4516.90,4516.90,193
2026-09-04 02:45,4516.80,4522.00,4516.30,4522.00,245
2026-09-04 02:50,4522.20,4525.60,4521.50,4525.60,276
2026-09-04 02:55,4525.50,4527.00,4522.10,4523.80,216
2026-09-04 03:00,4523.50,4525.00,4521.90,4522.00,114
2026-09-04 03:05,4522.00,4522.10,4517.70,4518.10,297
2026-09-04 03:10,4517.90,4519.80,4516.40,4519.60,283
2026-09-04 03:15,4519.60,4520.40,4517.60,4518.90,195
2026-09-04 03:20,4518.80,4521.00,4518.30,4519.80,154
2026-09-04 03:25,4519.60,4520.60,4518.00,4518.60,75
2026-09-04 03:30,4518.80,4521.60,4518.50,4520.50,97
2026-09-04 03:35,4520.90,4521.10,4518.80,4518.90,60
2026-09-04 03:40,4519.30,4519.40,4515.20,4515.60,136
2026-09-04 03:45,4515.40,4516.30,4515.10,4515.70,89
2026-09-04 03:50,4515.80,4516.40,4513.80,4515.70,185
2026-09-04 03:55,4515.70,4516.10,4513.60,4513.80,96
2026-09-04 04:00,4513.10,4515.60,4511.60,4515.30,627
2026-09-04 04:05,4515.20,4516.70,4513.60,4514.20,194
2026-09-04 04:10,4514.50,4516.40,4513.90,4515.40,160
2026-09-04 04:15,4515.40,4516.00,4514.60,4515.70,48
2026-09-04 04:20,4515.70,4516.70,4515.20,4516.70,169
2026-09-04 04:25,4516.40,4518.80,4515.40,4518.10,195
2026-09-04 04:30,4518.10,4521.00,4518.00,4518.50,239
2026-09-04 04:35,4518.60,4521.10,4518.10,4520.50,132
2026-09-04 04:40,4520.30,4521.00,4519.70,4520.20,91
2026-09-04 04:45,4520.30,4520.80,4519.10,4519.90,98
2026-09-04 04:50,4520.10,4521.50,4519.90,4520.60,108
2026-09-04 04:55,4520.80,4521.20,4520.20,4520.40,116
2026-09-04 05:00,4520.30,4521.10,4517.20,4517.30,295
2026-09-04 05:05,4517.20,4518.40,4514.80,4515.50,275
2026-09-04 05:10,4515.40,4515.80,4513.80,4515.70,160
2026-09-04 05:15,4515.60,4521.60,4514.90,4520.30,420
2026-09-04 05:20,4520.00,4520.60,4516.60,4517.20,141
2026-09-04 05:25,4517.40,4517.60,4513.70,4513.80,168
2026-09-04 05:30,4513.60,4521.40,4512.80,4519.50,558
2026-09-04 05:35,4519.40,4523.10,4515.30,4522.70,618
2026-09-04 05:40,4522.70,4523.90,4516.40,4517.20,618
2026-09-04 05:45,4517.10,4519.00,4517.00,4517.00,221
2026-09-04 05:50,4516.50,4516.70,4513.40,4513.40,353
2026-09-04 05:55,4513.40,4518.70,4513.40,4518.20,434
2026-09-04 06:00,4518.10,4519.50,4515.30,4517.00,1031
2026-09-04 06:05,4516.80,4518.10,4514.00,4515.80,230
2026-09-04 06:10,4515.40,4517.40,4512.80,4515.00,257
2026-09-04 06:15,4514.90,4515.30,4513.40,4514.90,218
2026-09-04 06:20,4514.90,4517.80,4512.90,4514.10,308
2026-09-04 06:25,4514.60,4518.10,4514.60,4515.20,203
2026-09-04 06:30,4515.20,4516.10,4510.60,4511.00,320
2026-09-04 06:35,4511.20,4512.90,4509.30,4512.40,519
2026-09-04 06:40,4512.30,4514.90,4510.50,4510.60,404
2026-09-04 06:45,4510.60,4510.80,4507.80,4508.10,529
2026-09-04 06:50,4508.20,4510.80,4507.60,4509.00,278
2026-09-04 06:55,4509.10,4510.00,4506.60,4509.50,350
2026-09-04 07:00,4509.30,4514.20,4508.00,4512.90,475
2026-09-04 07:05,4512.90,4515.90,4511.60,4515.40,445
2026-09-04 07:10,4515.40,4518.30,4514.70,4514.70,508
2026-09-04 07:15,4514.40,4515.80,4513.50,4515.70,265
2026-09-04 07:20,4515.90,4516.80,4513.60,4516.40,213
2026-09-04 07:25,4516.20,4520.00,4514.90,4519.60,540
2026-09-04 07:30,4519.60,4522.10,4519.60,4521.80,502
2026-09-04 07:35,4521.60,4523.30,4521.20,4521.80,243
2026-09-04 07:40,4521.90,4534.40,4521.80,4532.50,1452
2026-09-04 07:45,4532.70,4537.80,4531.50,4534.80,1054
2026-09-04 07:50,4534.90,4534.90,4529.40,4531.50,581
2026-09-04 07:55,4531.40,4533.60,4528.20,4530.30,767
2026-09-04 08:00,4530.40,4533.60,4530.10,4530.60,701
2026-09-04 08:05,4530.70,4531.10,4526.80,4527.90,350
2026-09-04 08:10,4528.00,4530.90,4525.70,4528.90,693
2026-09-04 08:15,4528.60,4530.90,4528.10,4529.30,226
2026-09-04 08:20,4529.50,4531.00,4526.80,4527.10,237
2026-09-04 08:25,4527.10,4528.90,4526.40,4527.80,209
2026-09-04 08:30,4528.10,4529.30,4524.90,4527.40,330
2026-09-04 08:35,4527.60,4528.10,4524.30,4525.20,223
2026-09-04 08:40,4525.00,4525.80,4524.10,4524.50,190
2026-09-04 08:45,4524.10,4525.10,4521.50,4521.50,176
2026-09-04 08:50,4521.80,4524.00,4521.00,4523.40,184
2026-09-04 08:55,4523.50,4526.40,4523.40,4524.30,268
2026-09-04 09:00,4524.50,4525.70,4523.10,4524.80,164
2026-09-04 09:05,4524.40,4524.50,4520.30,4521.60,339
2026-09-04 09:10,4521.40,4521.40,4515.50,4516.60,372
2026-09-04 09:15,4516.40,4517.40,4513.10,4513.30,493
2026-09-04 09:20,4513.20,4513.80,4510.00,4511.10,570
2026-09-04 09:25,4510.70,4512.80,4510.00,4512.80,455
2026-09-04 09:30,4512.80,4516.50,4510.80,4513.40,1014
2026-09-04 09:35,4512.90,4515.90,4512.50,4514.00,267
2026-09-04 09:40,4514.00,4514.80,4511.80,4513.40,589
2026-09-04 09:45,4513.50,4516.10,4513.50,4515.20,168
2026-09-04 09:50,4515.60,4515.80,4513.50,4513.50,182
2026-09-04 09:55,4513.10,4515.90,4511.60,4511.80,223
2026-09-04 10:00,4511.70,4516.40,4511.60,4515.60,155
2026-09-04 10:05,4515.70,4517.20,4515.10,4516.90,116
2026-09-04 10:10,4516.80,4519.40,4515.20,4519.00,211
2026-09-04 10:15,4518.90,4519.60,4517.40,4518.20,248
2026-09-04 10:20,4518.30,4518.30,4514.40,4514.80,212
2026-09-04 10:25,4514.80,4520.00,4514.70,4517.50,457
2026-09-04 10:30,4517.60,4521.50,4517.20,4519.30,261
2026-09-04 10:35,4519.70,4519.70,4516.30,4519.50,166
2026-09-04 10:40,4519.70,4520.20,4518.90,4519.70,124
2026-09-04 10:45,4519.90,4523.10,4519.80,4521.10,212
2026-09-04 10:50,4521.20,4522.00,4519.70,4521.10,105
2026-09-04 10:55,4520.90,4521.30,4518.90,4518.90,157
2026-09-04 11:00,4519.20,4519.30,4516.70,4517.90,289
2026-09-04 11:05,4517.80,4518.20,4515.70,4517.20,141
2026-09-04 11:10,4516.90,4517.50,4515.80,4516.50,169
2026-09-04 11:15,4516.80,4516.90,4512.70,4513.00,332
2026-09-04 11:20,4513.10,4516.90,4512.90,4514.90,325
2026-09-04 11:25,4514.70,4514.70,4511.50,4511.80,331
2026-09-04 11:30,4511.90,4514.30,4511.30,4512.10,286
2026-09-04 11:35,4512.20,4515.60,4512.20,4514.40,210
2026-09-04 11:40,4514.60,4516.50,4512.20,4514.40,232
2026-09-04 11:45,4514.20,4516.60,4513.40,4513.50,235
2026-09-04 11:50,4513.70,4516.80,4513.60,4515.10,346
2026-09-04 11:55,4515.20,4516.10,4510.90,4513.10,574
2026-09-04 12:00,4513.30,4515.40,4510.90,4514.90,545
2026-09-04 12:05,4514.90,4516.70,4513.20,4513.60,399
2026-09-04 12:10,4513.60,4515.60,4510.50,4510.90,557
2026-09-04 12:15,4510.90,4514.60,4510.90,4514.40,691
2026-09-04 12:20,4514.30,4516.40,4510.70,4514.10,978
2026-09-04 12:25,4514.30,4523.30,4513.70,4517.70,1130
2026-09-04 12:30,4520.90,4523.50,4419.00,4441.90,21449
2026-09-04 12:35,4441.80,4446.40,4430.00,4438.00,5860
2026-09-04 12:40,4438.30,4453.50,4433.90,4440.90,3377
2026-09-04 12:45,4440.60,4444.60,4426.80,4444.00,3758
2026-09-04 12:50,4443.20,4456.90,4442.30,4453.00,3302
2026-09-04 12:55,4452.80,4456.00,4439.40,4440.60,2972
2026-09-04 13:00,4440.90,4441.80,4412.00,4425.80,6934
2026-09-04 13:05,4426.00,4436.70,4422.50,4434.50,1993
2026-09-04 13:10,4434.60,4440.70,4428.80,4440.70,1622
2026-09-04 13:15,4440.60,4446.60,4438.10,4445.20,1733
2026-09-04 13:20,4445.40,4453.80,4443.50,4451.60,2070
2026-09-04 13:25,4451.50,4461.50,4450.70,4459.50,2714
2026-09-04 13:30,4459.70,4467.80,4458.90,4461.00,3992
2026-09-04 13:35,4460.90,4465.10,4452.30,4454.70,2133
2026-09-04 13:40,4454.50,4471.10,4454.00,4470.80,2484
2026-09-04 13:45,4470.60,4481.80,4465.10,4476.90,2908
2026-09-04 13:50,4477.30,4478.50,4468.00,4469.60,1650
2026-09-04 13:55,4469.70,4473.80,4459.80,4459.90,2079
2026-09-04 14:00,4460.00,4467.80,4458.80,4467.80,1585
2026-09-04 14:05,4467.90,4474.50,4462.50,4471.00,1511
2026-09-04 14:10,4470.90,4482.70,4466.30,4481.90,1646
2026-09-04 14:15,4481.40,4484.60,4476.50,4480.30,1309
2026-09-04 14:20,4479.80,4483.20,4474.10,4478.10,1432
2026-09-04 14:25,4478.30,4484.80,4476.30,4476.50,1327
2026-09-04 14:30,4476.60,4487.20,4476.40,4486.80,1995
2026-09-04 14:35,4486.40,4489.40,4475.40,4476.50,1418
2026-09-04 14:40,4476.50,4479.50,4472.30,4476.00,1102
2026-09-04 14:45,4476.10,4479.20,4469.40,4475.20,1459
2026-09-04 14:50,4474.80,4475.60,4464.10,4464.40,1500
2026-09-04 14:55,4464.70,4476.80,4464.00,4474.30,1263
2026-09-04 15:00,4474.40,4477.70,4469.50,4476.90,756
2026-09-04 15:05,4477.00,4486.60,4476.70,4483.40,1610
2026-09-04 15:10,4483.60,4490.80,4481.60,4490.30,1137
2026-09-04 15:15,4490.30,4495.90,4488.10,4495.30,1199
2026-09-04 15:20,4495.10,4496.20,4487.30,4490.50,1524
2026-09-04 15:25,4490.30,4493.50,4486.80,4487.00,1149
2026-09-04 15:30,4487.10,4491.50,4485.60,4486.80,936
2026-09-04 15:35,4486.80,4488.20,4484.50,4485.30,941
2026-09-04 15:40,4485.30,4493.70,4483.50,4490.10,987
2026-09-04 15:45,4490.10,4492.10,4489.00,4490.70,520
2026-09-04 15:50,4490.90,4493.30,4486.50,4486.60,686
2026-09-04 15:55,4487.10,4488.00,4482.80,4483.30,541
2026-09-04 16:00,4483.80,4487.80,4483.60,4486.90,468
2026-09-04 16:05,4487.10,4487.90,4480.80,4480.90,810
2026-09-04 16:10,4481.10,4486.70,4479.50,4486.20,777
2026-09-04 16:15,4486.20,4491.00,4484.90,4489.00,693
2026-09-04 16:20,4489.00,4490.00,4483.30,4485.50,531
2026-09-04 16:25,4485.60,4486.10,4480.70,4481.60,468
2026-09-04 16:30,4481.70,4486.30,4481.10,4484.70,421
2026-09-04 16:35,4484.70,4485.70,4483.50,4484.60,352
2026-09-04 16:40,4485.10,4487.20,4482.90,4485.40,291
2026-09-04 16:45,4485.60,4487.80,4484.90,4487.20,300
2026-09-04 16:50,4487.50,4487.70,4483.20,4483.20,247
2026-09-04 16:55,4483.10,4485.70,4482.00,4483.60,731
2026-09-04 17:00,4483.50,4483.90,4477.10,4478.60,941
2026-09-04 17:05,4478.60,4481.00,4477.60,4479.60,494
2026-09-04 17:10,4479.90,4482.20,4479.20,4481.20,376
2026-09-04 17:15,4481.50,4486.30,4480.10,4485.80,505
2026-09-04 17:20,4486.00,4488.00,4478.70,4480.60,645
2026-09-04 17:25,4480.80,4480.80,4475.00,4476.00,2124
2026-09-04 17:30,4475.90,4477.30,4470.40,4471.50,974
2026-09-04 17:35,4471.60,4473.00,4469.30,4469.70,681
2026-09-04 17:40,4469.70,4469.90,4461.10,4464.50,1051
2026-09-04 17:45,4464.50,4468.00,4462.80,4467.00,629
2026-09-04 17:50,4466.80,4468.90,4465.90,4466.40,424
2026-09-04 17:55,4466.60,4466.80,4463.70,4464.00,410
2026-09-04 18:00,4464.70,4465.00,4459.00,4460.40,791
2026-09-04 18:05,4460.40,4465.90,4460.10,4465.70,484
2026-09-04 18:10,4465.40,4467.40,4464.10,4467.10,912
2026-09-04 18:15,4467.30,4470.10,4467.00,4467.20,516
2026-09-04 18:20,4467.50,4472.50,4466.90,4472.10,338
2026-09-04 18:25,4472.50,4474.50,4471.20,4472.60,463
2026-09-04 18:30,4472.60,4472.80,4470.60,4472.70,240
2026-09-04 18:35,4472.50,4472.70,4468.90,4470.20,277
2026-09-04 18:40,4470.00,4473.90,4469.40,4470.50,411
2026-09-04 18:45,4470.30,4472.00,4469.50,4471.50,225
2026-09-04 18:50,4471.30,4473.00,4471.10,4472.30,219
2026-09-04 18:55,4472.40,4473.30,4470.40,4471.30,378
2026-09-04 19:00,4471.60,4473.00,4470.00,4471.10,152
2026-09-04 19:05,4470.80,4473.00,4470.30,4472.50,141
2026-09-04 19:10,4472.30,4477.30,4472.20,4476.50,567
2026-09-04 19:15,4476.50,4479.30,4476.00,4476.00,424
2026-09-04 19:20,4476.20,4478.50,4474.10,4478.20,314
2026-09-04 19:25,4478.20,4483.00,4477.50,4482.80,368
2026-09-04 19:30,4482.80,4485.60,4481.30,4484.90,415
2026-09-04 19:35,4484.80,4485.00,4482.20,4483.70,244
2026-09-04 19:40,4483.80,4484.80,4482.30,4483.90,424
2026-09-04 19:45,4484.20,4484.80,4480.60,4482.50,401
2026-09-04 19:50,4482.70,4483.60,4481.30,4483.30,578
2026-09-04 19:55,4483.40,4483.40,4479.80,4482.00,723
2026-09-04 20:00,4481.80,4482.30,4479.10,4479.90,469
2026-09-04 20:05,4479.90,4480.00,4478.30,4479.00,138
2026-09-04 20:10,4479.00,4479.90,4477.90,4478.80,191
2026-09-04 20:15,4478.80,4479.00,4476.90,4477.90,92
2026-09-04 20:20,4478.20,4478.40,4477.20,4477.30,120
2026-09-04 20:25,4477.30,4478.10,4476.60,4477.30,113
2026-09-04 20:30,4476.60,4476.80,4476.00,4476.60,80
2026-09-04 20:35,4476.60,4478.00,4476.60,4477.60,93
2026-09-04 20:40,4477.60,4477.90,4476.20,4477.40,103
2026-09-04 20:45,4477.60,4477.80,4475.60,4475.90,144
2026-09-04 20:50,4476.00,4478.50,4475.90,4478.30,117
2026-09-04 20:55,4478.10,4478.50,4476.50,4476.60,139
2026-09-08 04:00,4483.50,4487.80,4483.30,4487.20,794
2026-09-08 04:05,4487.10,4488.80,4484.60,4486.10,363
2026-09-08 04:10,4486.10,4488.30,4484.50,4484.70,222
2026-09-08 04:15,4484.90,4486.40,4483.60,4484.20,131
2026-09-08 04:20,4484.20,4484.60,4478.40,4479.00,357
2026-09-08 04:25,4478.90,4479.60,4477.00,4477.90,151
2026-09-08 04:30,4478.30,4480.10,4477.90,4479.40,116
2026-09-08 04:35,4479.30,4480.40,4478.60,4479.90,178
2026-09-08 04:40,4480.00,4482.10,4479.80,4481.90,174
2026-09-08 04:45,4481.70,4481.70,4480.00,4480.20,85
2026-09-08 04:50,4480.30,4481.40,4479.70,4480.40,59
2026-09-08 04:55,4480.70,4485.50,4479.60,4481.60,272
2026-09-08 05:00,4481.70,4483.40,4479.80,4480.00,113
2026-09-08 05:05,4479.80,4480.00,4475.60,4476.40,353
2026-09-08 05:10,4476.70,4476.90,4472.40,4472.90,304
2026-09-08 05:15,4472.60,4474.90,4471.60,4474.50,284
2026-09-08 05:20,4474.70,4477.20,4470.20,4470.20,392
2026-09-08 05:25,4470.30,4470.80,4465.30,4465.50,425
2026-09-08 05:30,4465.60,4470.80,4462.90,4467.70,770
2026-09-08 05:35,4467.70,4472.10,4466.60,4472.10,332
2026-09-08 05:40,4472.00,4472.10,4470.00,4471.00,120
2026-09-08 05:45,4470.70,4473.90,4468.20,4470.10,342
2026-09-08 05:50,4469.90,4469.90,4464.20,4464.30,326
2026-09-08 05:55,4464.90,4465.70,4462.10,4464.40,399
2026-09-08 06:00,4464.40,4465.10,4457.80,4460.30,605
2026-09-08 06:05,4459.40,4460.60,4455.90,4458.40,499
2026-09-08 06:10,4457.90,4458.00,4453.10,4456.40,734
2026-09-08 06:15,4456.10,4456.20,4446.20,4446.30,964
2026-09-08 06:20,4446.20,4450.80,4445.20,4448.50,726
2026-09-08 06:25,4447.60,4448.50,4443.70,4444.80,411
2026-09-08 06:30,4444.80,4447.80,4443.10,4446.80,409
2026-09-08 06:35,4447.00,4448.80,4442.60,4448.60,756
2026-09-08 06:40,4448.60,4453.50,4448.60,4451.90,655
2026-09-08 06:45,4452.10,4453.30,4450.60,4452.70,290
2026-09-08 06:50,4452.90,4454.00,4448.40,4449.50,395
2026-09-08 06:55,4449.60,4450.00,4448.00,4448.30,286
2026-09-08 07:00,4448.60,4453.00,4447.10,4452.60,407
2026-09-08 07:05,4452.70,4454.00,4451.20,4451.60,288
2026-09-08 07:10,4451.80,4452.40,4447.10,4447.90,341
2026-09-08 07:15,4447.90,4448.40,4445.70,4448.40,369
2026-09-08 07:20,4448.30,4448.80,4445.00,4447.00,365
2026-09-08 07:25,4447.20,4449.20,4445.60,4446.50,275
2026-09-08 07:30,4446.60,4450.20,4442.50,4442.50,501
2026-09-08 07:35,4443.00,4443.70,4436.40,4438.10,860
2026-09-08 07:40,4438.50,4441.80,4435.50,4440.20,490
2026-09-08 07:45,4440.10,4441.80,4437.90,4438.50,487
2026-09-08 07:50,4437.70,4438.00,4434.60,4435.50,648
2026-09-08 07:55,4435.80,4438.50,4434.30,4436.70,450
2026-09-08 08:00,4436.60,4437.20,4433.20,4435.90,586
2026-09-08 08:05,4435.50,4440.20,4432.00,4432.30,498
2026-09-08 08:10,4432.60,4437.30,4432.50,4434.70,317
2026-09-08 08:15,4434.90,4438.30,4434.30,4438.20,346
2026-09-08 08:20,4437.90,4438.90,4434.00,4438.90,272
2026-09-08 08:25,4438.80,4440.90,4438.50,4438.90,354
2026-09-08 08:30,4439.00,4442.50,4437.30,4442.30,517
2026-09-08 08:35,4442.60,4443.00,4438.10,4440.00,282
2026-09-08 08:40,4439.60,4439.60,4436.50,4437.30,349
2026-09-08 08:45,4436.80,4442.60,4435.50,4438.20,719
2026-09-08 08:50,4438.30,4439.30,4435.80,4437.20,198
2026-09-08 08:55,4437.30,4438.80,4436.00,4438.50,158
2026-09-08 09:00,4438.00,4440.50,4435.50,4440.50,277
2026-09-08 09:05,4440.20,4442.40,4438.70,4438.90,168
2026-09-08 09:10,4439.60,4442.20,4439.60,4441.90,157
2026-09-08 09:15,4441.50,4443.60,4441.00,4441.00,293
2026-09-08 09:20,4440.80,4441.20,4437.90,4439.00,289
2026-09-08 09:25,4438.80,4440.70,4436.70,4437.30,500
2026-09-08 09:30,4437.20,4442.00,4435.00,4440.00,675
2026-09-08 09:35,4440.10,4441.90,4439.90,4441.60,203
2026-09-08 09:40,4441.70,4448.00,4441.60,4445.60,1001
2026-09-08 09:45,4446.00,4447.80,4445.60,4447.60,171
2026-09-08 09:50,4448.00,4450.10,4447.40,4448.90,436
2026-09-08 09:55,4449.00,4449.60,4447.00,4447.20,343
2026-09-08 10:00,4447.30,4447.30,4442.50,4442.70,364
2026-09-08 10:05,4443.00,4443.20,4440.40,4440.90,256
2026-09-08 10:10,4440.90,4441.20,4438.00,4440.80,451
2026-09-08 10:15,4440.60,4443.10,4440.40,4442.50,142
2026-09-08 10:20,4442.50,4451.60,4441.70,4444.90,1283
2026-09-08 10:25,4445.30,4445.70,4442.90,4443.80,242
2026-09-08 10:30,4443.70,4443.90,4441.10,4441.30,265
2026-09-08 10:35,4441.30,4441.70,4438.30,4439.10,177
2026-09-08 10:40,4439.10,4442.50,4438.30,4441.30,396
2026-09-08 10:45,4441.30,4444.90,4441.10,4443.10,269
2026-09-08 10:50,4443.20,4444.60,4441.10,4443.20,290
2026-09-08 10:55,4443.30,4444.20,4439.60,4439.90,301
2026-09-08 11:00,4440.20,4441.90,4439.50,4440.30,180
2026-09-08 11:05,4440.50,4444.30,4437.50,4440.90,663
2026-09-08 11:10,4440.80,4441.40,4435.50,4439.50,388
2026-09-08 11:15,4439.40,4446.10,4439.30,4446.00,438
2026-09-08 11:20,4445.80,4445.90,4442.80,4445.70,181
2026-09-08 11:25,4445.40,4447.20,4444.90,4446.00,210
2026-09-08 11:30,4446.50,4449.60,4445.00,4449.40,307
2026-09-08 11:35,4449.30,4452.40,4448.60,4449.30,583
2026-09-08 11:40,4449.70,4451.30,4447.80,4447.80,224
2026-09-08 11:45,4448.20,4448.90,4443.40,4444.50,377
2026-09-08 11:50,4444.30,4447.30,4442.30,4445.10,348
2026-09-08 11:55,4445.30,4451.60,4445.00,4450.90,321
2026-09-08 12:00,4450.90,4451.40,4447.10,4447.50,316
2026-09-08 12:05,4447.50,4448.80,4446.10,4448.70,543
2026-09-08 12:10,4447.90,4448.40,4434.80,4436.00,1771
2026-09-08 12:15,4435.90,4436.20,4429.50,4435.80,2358
2026-09-08 12:20,4435.70,4440.90,4431.50,4439.50,1362
2026-09-08 12:25,4439.30,4446.20,4438.40,4446.20,1754
2026-09-08 12:30,4446.30,4452.70,4445.10,4449.60,1224
2026-09-08 12:35,4449.80,4449.90,4442.60,4445.40,512
2026-09-08 12:40,4445.80,4446.40,4439.70,4441.00,548
2026-09-08 12:45,4440.80,4446.90,4440.00,4446.70,531
2026-09-08 12:50,4446.60,4448.20,4444.90,4448.00,380
2026-09-08 12:55,4447.80,4456.30,4447.30,4456.10,1324
2026-09-08 13:00,4456.30,4457.90,4446.60,4450.70,1748
2026-09-08 13:05,4450.60,4451.30,4447.00,4449.20,745
2026-09-08 13:10,4448.40,4453.30,4448.30,4453.00,365
2026-09-08 13:15,4453.10,4455.50,4450.00,4452.40,408
2026-09-08 13:20,4452.30,4453.30,4447.60,4447.60,456
2026-09-08 13:25,4447.80,4448.90,4443.50,4444.80,526
2026-09-08 13:30,4444.90,4450.30,4442.40,4442.90,891
2026-09-08 13:35,4442.50,4447.30,4440.40,4444.90,884
2026-09-08 13:40,4444.30,4444.30,4434.70,4441.10,1710
2026-09-08 13:45,4440.90,4447.50,4438.90,4447.30,832
2026-09-08 13:50,4447.30,4449.30,4441.90,4449.30,736
2026-09-08 13:55,4448.70,4452.00,4440.10,4440.30,1699
2026-09-08 14:00,4440.30,4447.00,4439.30,4446.70,1166
2026-09-08 14:05,4446.80,4447.70,4443.10,4444.00,768
2026-09-08 14:10,4443.60,4443.70,4436.20,4439.30,697
2026-09-08 14:15,4439.20,4445.30,4438.80,4444.60,770
2026-09-08 14:20,4444.80,4447.20,4440.60,4447.00,648
2026-09-08 14:25,4447.00,4449.00,4441.30,4441.50,757
2026-09-08 14:30,4442.00,4444.60,4440.20,4443.70,596
2026-09-08 14:35,4443.40,4446.00,4440.50,4440.80,705
2026-09-08 14:40,4440.50,4442.90,4437.70,4442.10,878
2026-09-08 14:45,4442.60,4444.10,4436.90,4438.40,1117
2026-09-08 14:50,4438.30,4440.70,4433.70,4438.60,1550
2026-09-08 14:55,4438.40,4443.50,4437.20,4443.40,678
2026-09-08 15:00,4443.80,4452.10,4442.50,4448.30,1442
2026-09-08 15:05,4448.40,4449.20,4445.80,4448.70,521
2026-09-08 15:10,4448.80,4453.70,4448.80,4450.00,767
2026-09-08 15:15,4450.00,4454.50,4449.80,4450.90,557
2026-09-08 15:20,4450.70,4451.10,4441.60,4443.40,1023
2026-09-08 15:25,4443.50,4450.50,4443.20,4444.40,1538
2026-09-08 15:30,4444.40,4449.30,4444.30,4449.20,546
2026-09-08 15:35,4449.20,4449.30,4443.60,4445.00,412
2026-09-08 15:40,4444.30,4446.20,4442.40,4445.20,334
2026-09-08 15:45,4445.50,4445.50,4440.90,4442.00,558
2026-09-08 15:50,4441.50,4445.80,4441.50,4442.80,617
2026-09-08 15:55,4442.70,4444.10,4439.80,4439.80,412
2026-09-08 16:00,4440.00,4440.40,4436.40,4439.90,815
2026-09-08 16:05,4439.70,4440.00,4425.10,4426.10,1909
2026-09-08 16:10,4426.20,4431.50,4425.60,4431.50,2258
2026-09-08 16:15,4431.40,4432.60,4428.80,4430.30,701
2026-09-08 16:20,4430.50,4437.90,4430.20,4437.70,734
2026-09-08 16:25,4437.50,4440.50,4435.80,4438.90,883
2026-09-08 16:30,4438.90,4441.40,4437.60,4439.80,529
2026-09-08 16:35,4439.60,4441.10,4438.50,4439.30,298
2026-09-08 16:40,4439.50,4440.40,4438.30,4438.80,333
2026-09-08 16:45,4438.90,4439.40,4436.70,4438.60,389
2026-09-08 16:50,4438.70,4443.40,4437.60,4439.10,915
2026-09-08 16:55,4438.80,4440.20,4434.90,4438.30,1048
2026-09-08 17:00,4438.40,4446.60,4438.40,4446.10,984
2026-09-08 17:05,4446.60,4448.60,4442.30,4442.70,706
2026-09-08 17:10,4443.00,4444.10,4439.40,4440.30,353
2026-09-08 17:15,4440.40,4442.30,4440.40,4441.30,294
2026-09-08 17:20,4441.40,4441.40,4437.90,4439.40,706
2026-09-08 17:25,4439.10,4439.90,4436.80,4438.90,1587
2026-09-08 17:30,4438.90,4439.80,4436.10,4436.10,440
2026-09-08 17:35,4436.00,4437.50,4433.90,4433.90,585
2026-09-08 17:40,4433.90,4434.00,4429.70,4429.70,707
2026-09-08 17:45,4429.90,4432.50,4429.50,4431.40,515
2026-09-08 17:50,4431.90,4433.90,4431.40,4433.40,209
2026-09-08 17:55,4433.30,4434.70,4432.30,4434.30,327
2026-09-08 18:00,4434.50,4434.70,4431.60,4431.60,478
2026-09-08 18:05,4431.40,4432.80,4429.20,4429.30,622
2026-09-08 18:10,4429.30,4432.10,4428.40,4432.10,390
2026-09-08 18:15,4432.00,4432.10,4429.10,4430.10,538
2026-09-08 18:20,4430.40,4431.40,4429.10,4429.80,344
2026-09-08 18:25,4429.90,4430.70,4428.60,4430.10,485
2026-09-08 18:30,4430.10,4430.10,4425.80,4428.60,475
2026-09-08 18:35,4428.50,4429.40,4427.10,4428.70,239
2026-09-08 18:40,4428.80,4430.40,4428.00,4430.20,188
2026-09-08 18:45,4430.10,4431.30,4406.50,4408.10,4413
2026-09-08 18:50,4407.90,4420.20,4402.40,4420.20,2377
2026-09-08 18:55,4420.00,4422.60,4417.00,4420.10,1345
2026-09-08 19:00,4420.20,4421.80,4415.80,4419.20,647
2026-09-08 19:05,4419.40,4420.00,4413.90,4416.20,784
2026-09-08 19:10,4416.00,4419.10,4415.00,4415.00,304
2026-09-08 19:15,4415.30,4417.90,4412.40,4412.50,500
2026-09-08 19:20,4412.30,4415.30,4411.10,4411.50,513
2026-09-08 19:25,4411.90,4415.00,4411.00,4413.60,226
2026-09-08 19:30,4413.40,4413.90,4406.30,4409.30,579
2026-09-08 19:35,4409.30,4414.80,4409.20,4412.30,591
2026-09-08 19:40,4412.40,4414.20,4411.30,4413.70,354
2026-09-08 19:45,4413.70,4413.90,4409.90,4410.70,322
2026-09-08 19:50,4411.30,4411.30,4406.10,4408.50,1409
2026-09-08 19:55,4408.80,4409.50,4401.10,4404.50,1561
2026-09-08 20:00,4404.10,4409.50,4402.30,4402.30,1076
2026-09-08 20:05,4402.30,4403.80,4400.70,4403.00,683
2026-09-08 20:10,4402.80,4406.70,4401.80,4405.00,377
2026-09-08 20:15,4405.30,4405.80,4404.10,4405.80,130
2026-09-08 20:20,4405.90,4406.00,4403.60,4403.80,181
2026-09-08 20:25,4404.20,4404.40,4400.10,4401.00,609
2026-09-08 20:30,4401.60,4402.90,4400.90,4402.70,142
2026-09-08 20:35,4402.80,4403.40,4401.70,4402.60,135
2026-09-08 20:40,4402.40,4403.10,4401.60,4402.50,93
2026-09-08 20:45,4402.70,4402.70,4381.00,4392.30,904
2026-09-08 20:50,4392.50,4400.20,4392.50,4398.00,833
2026-09-08 20:55,4398.30,4401.00,4397.70,4400.00,241
2026-09-08 22:00,4399.00,4403.00,4396.60,4401.30,0
2026-09-08 22:05,4401.20,4401.90,4396.90,4398.00,206
2026-09-08 22:10,4398.10,4401.10,4397.60,4399.80,229
2026-09-08 22:15,4399.70,4401.40,4398.40,4399.50,158
2026-09-08 22:20,4399.40,4399.40,4397.00,4397.80,69
2026-09-08 22:25,4397.50,4399.20,4396.80,4398.30,108
2026-09-08 22:30,4398.30,4399.70,4397.80,4398.60,111
2026-09-08 22:35,4398.10,4399.40,4396.00,4396.10,114
2026-09-08 22:40,4396.30,4397.60,4393.70,4395.30,245
2026-09-08 22:45,4395.50,4396.00,4394.20,4395.90,152
2026-09-08 22:50,4395.90,4397.00,4395.90,4396.80,80
2026-09-08 22:55,4396.70,4397.80,4395.90,4397.40,64
2026-09-08 23:00,4397.40,4398.40,4396.20,4396.50,134
2026-09-08 23:05,4396.20,4398.00,4396.00,4397.50,152
2026-09-08 23:10,4397.40,4397.40,4395.00,4395.60,116
2026-09-08 23:15,4395.90,4397.10,4395.10,4396.70,152
2026-09-08 23:20,4396.30,4397.90,4396.10,4397.80,120
2026-09-08 23:25,4397.20,4401.30,4397.20,4401.00,321
2026-09-08 23:30,4401.10,4403.40,4400.40,4402.60,229
2026-09-08 23:35,4401.90,4402.40,4400.20,4400.50,97
2026-09-08 23:40,4400.60,4402.70,4400.40,4402.50,100
2026-09-08 23:45,4401.70,4402.00,4396.50,4397.30,295
2026-09-08 23:50,4397.40,4397.40,4393.50,4393.90,361
2026-09-08 23:55,4393.90,4396.40,4392.40,4393.10,222
2026-09-09 00:00,4393.30,4396.60,4390.00,4393.70,525
2026-09-09 00:05,4393.50,4394.00,4388.00,4392.60,646
2026-09-09 00:10,4392.60,4396.30,4390.80,4393.50,294
2026-09-09 00:15,4393.60,4393.80,4388.10,4391.60,284
2026-09-09 00:20,4391.40,4392.20,4386.30,4386.80,239
2026-09-09 00:25,4386.50,4391.40,4384.10,4390.60,486
2026-09-09 00:30,4390.30,4391.40,4389.40,4390.50,230
2026-09-09 00:35,4390.40,4393.10,4387.50,4393.00,210
2026-09-09 00:40,4393.00,4398.50,4391.20,4398.50,409
2026-09-09 00:45,4398.30,4400.50,4396.60,4399.50,520
2026-09-09 00:50,4399.80,4404.90,4398.70,4403.70,512
2026-09-09 00:55,4403.40,4409.50,4402.80,4408.80,566
2026-09-09 01:00,4408.60,4408.80,4397.80,4401.40,983
2026-09-09 01:05,4401.40,4411.20,4401.40,4411.20,676
2026-09-09 01:10,4411.00,4412.70,4409.20,4412.30,445
2026-09-09 01:15,4411.70,4413.10,4406.60,4410.20,832
2026-09-09 01:20,4410.10,4413.60,4408.90,4413.40,389
2026-09-09 01:25,4413.70,4417.00,4412.10,4415.80,695
2026-09-09 01:30,4415.80,4420.80,4414.60,4420.80,762
2026-09-09 01:35,4420.80,4421.80,4417.90,4418.80,560
2026-09-09 01:40,4418.90,4422.00,4418.40,4420.20,374
2026-09-09 01:45,4420.30,4422.00,4417.10,4418.90,361
2026-09-09 01:50,4419.20,4419.90,4415.70,4417.60,320
2026-09-09 01:55,4417.90,4419.90,4414.60,4417.70,283
2026-09-09 02:00,4417.30,4417.70,4414.90,4417.20,145
2026-09-09 02:05,4416.80,4419.90,4414.40,4418.70,227
2026-09-09 02:10,4418.80,4419.40,4416.20,4417.40,101
2026-09-09 02:15,4417.60,4420.90,4417.10,4418.40,166
2026-09-09 02:20,4418.70,4418.80,4415.60,4415.60,116
2026-09-09 02:25,4415.30,4417.00,4415.30,4416.60,68
2026-09-09 02:30,4416.60,4417.60,4413.00,4413.10,269
2026-09-09 02:35,4413.00,4414.70,4411.00,4411.70,332
2026-09-09 02:40,4412.20,4418.30,4412.20,4418.10,179
2026-09-09 02:45,4417.70,4422.40,4416.80,4420.70,469
2026-09-09 02:50,4421.00,4428.40,4420.10,4424.20,557
2026-09-09 02:55,4424.30,4426.60,4423.60,4426.00,233
2026-09-09 03:00,4426.20,4426.60,4422.50,4423.20,201
2026-09-09 03:05,4423.30,4426.00,4421.80,4422.40,160
2026-09-09 03:10,4422.50,4424.30,4422.30,4423.00,156
2026-09-09 03:15,4422.50,4422.50,4419.20,4420.90,221
2026-09-09 03:20,4421.30,4422.90,4421.10,4422.80,99
2026-09-09 03:25,4422.60,4423.00,4419.30,4422.10,155
2026-09-09 03:30,4421.90,4422.20,4419.20,4420.50,91
2026-09-09 03:35,4420.20,4421.90,4420.00,4421.80,50
2026-09-09 03:40,4422.00,4423.90,4421.30,4422.80,93
2026-09-09 03:45,4422.30,4422.70,4420.90,4421.70,54
2026-09-09 03:50,4421.90,4422.80,4419.80,4421.10,219
2026-09-09 03:55,4420.70,4421.20,4420.20,4420.40,47
2026-09-09 04:00,4418.70,4419.70,4418.20,4418.30,110
2026-09-09 04:05,4418.30,4418.30,4415.40,4416.10,250
2026-09-09 04:10,4415.70,4417.20,4414.20,4417.00,132
2026-09-09 04:15,4416.90,4418.00,4416.00,4417.30,114
2026-09-09 04:20,4417.30,4421.00,4416.40,4420.80,186
2026-09-09 04:25,4420.80,4424.30,4420.50,4423.70,353
2026-09-09 04:30,4423.50,4423.70,4421.70,4422.50,271
2026-09-09 04:35,4422.30,4423.70,4421.60,4422.10,138
2026-09-09 04:40,4421.90,4422.30,4419.90,4421.80,98
2026-09-09 04:45,4421.90,4423.80,4421.90,4422.70,127
2026-09-09 04:50,4422.80,4425.30,4421.30,4424.80,121
2026-09-09 04:55,4424.80,4426.20,4423.90,4425.30,258
2026-09-09 05:00,4425.40,4427.80,4423.90,4425.20,583
2026-09-09 05:05,4425.40,4428.80,4425.20,4428.20,614
2026-09-09 05:10,4428.40,4431.30,4427.90,4431.10,705
2026-09-09 05:15,4431.20,4432.30,4430.30,4431.80,488
2026-09-09 05:20,4431.50,4431.90,4426.70,4430.10,472
2026-09-09 05:25,4430.20,4431.90,4428.70,4428.80,387
2026-09-09 05:30,4428.70,4432.70,4428.00,4431.50,619
2026-09-09 05:35,4430.80,4436.20,4429.70,4435.90,495
2026-09-09 05:40,4435.70,4439.00,4435.10,4439.00,580
2026-09-09 05:45,4438.90,4440.70,4435.80,4439.20,436
2026-09-09 05:50,4439.30,4444.00,4439.30,4443.30,774
2026-09-09 05:55,4443.40,4444.60,4442.00,4442.30,1117
2026-09-09 06:00,4442.40,4447.80,4441.70,4446.40,1108
2026-09-09 06:05,4446.60,4448.80,4443.20,4443.90,538
2026-09-09 06:10,4443.70,4445.60,4442.00,4445.00,329
2026-09-09 06:15,4444.60,4446.70,4443.10,4443.30,498
2026-09-09 06:20,4443.10,4444.00,4440.50,4442.30,497
2026-09-09 06:25,4442.30,4442.90,4438.60,4441.60,688
2026-09-09 06:30,4441.70,4447.00,4440.50,4446.60,1183
2026-09-09 06:35,4446.70,4449.90,4445.50,4448.70,711
2026-09-09 06:40,4448.80,4448.80,4443.20,4444.10,357
2026-09-09 06:45,4444.10,4445.00,4442.40,4444.90,236
2026-09-09 06:50,4445.00,4445.40,4443.50,4444.40,293
2026-09-09 06:55,4444.30,4445.20,4443.30,4444.70,181
2026-09-09 07:00,4444.40,4446.30,4443.00,4445.40,251
2026-09-09 07:05,4445.20,4448.10,4445.20,4447.30,223
2026-09-09 07:10,4447.60,4451.70,4447.00,4450.10,853
2026-09-09 07:15,4450.10,4450.50,4446.50,4447.50,447
2026-09-09 07:20,4447.40,4451.50,4447.40,4448.90,326
2026-09-09 07:25,4448.70,4452.60,4448.50,4451.40,406
2026-09-09 07:30,4451.50,4452.40,4449.90,4450.90,279
2026-09-09 07:35,4451.10,4453.80,4450.40,4453.70,308
2026-09-09 07:40,4453.60,4454.20,4451.80,4454.00,395
2026-09-09 07:45,4454.00,4456.30,4453.10,4455.20,785
2026-09-09 07:50,4455.10,4455.10,4451.90,4452.10,1435
2026-09-09 07:55,4452.70,4453.70,4452.30,4452.90,281
2026-09-09 08:00,4452.80,4453.20,4450.40,4452.00,540
2026-09-09 08:05,4451.90,4455.40,4450.30,4450.30,737
2026-09-09 08:10,4450.70,4450.90,4447.40,4447.50,767
2026-09-09 08:15,4447.50,4448.50,4445.80,4447.60,376
2026-09-09 08:20,4447.30,4447.30,4444.60,4444.90,381
2026-09-09 08:25,4445.00,4446.10,4442.60,4443.70,538
2026-09-09 08:30,4443.60,4447.60,4443.60,4446.00,312
2026-09-09 08:35,4445.80,4446.40,4443.60,4443.60,122
2026-09-09 08:40,4443.60,4446.30,4442.90,4443.90,322
2026-09-09 08:45,4443.80,4446.10,4442.80,4444.30,186
2026-09-09 08:50,4444.20,4446.20,4443.70,4446.20,451
2026-09-09 08:55,4446.10,4447.40,4444.40,4444.60,138
2026-09-09 09:00,4444.80,4446.30,4444.20,4445.00,206
2026-09-09 09:05,4445.10,4446.20,4443.50,4445.80,281
2026-09-09 09:10,4445.80,4445.80,4442.10,4442.50,196
2026-09-09 09:15,4442.50,4444.30,4441.50,4443.90,351
2026-09-09 09:20,4444.00,4444.30,4441.40,4441.90,341
2026-09-09 09:25,4442.10,4443.10,4440.60,4442.50,324
2026-09-09 09:30,4442.50,4443.00,4439.60,4442.10,796
2026-09-09 09:35,4442.30,4442.90,4441.50,4442.00,180
2026-09-09 09:40,4442.30,4442.70,4439.50,4440.60,171
2026-09-09 09:45,4440.40,4440.40,4438.30,4439.30,480
2026-09-09 09:50,4439.20,4439.20,4435.00,4435.30,620
2026-09-09 09:55,4435.20,4435.30,4432.50,4434.60,555
2026-09-09 10:00,4434.50,4435.70,4430.00,4433.80,739
2026-09-09 10:05,4434.20,4437.10,4434.20,4436.10,250
2026-09-09 10:10,4436.30,4437.20,4433.50,4434.80,529
2026-09-09 10:15,4434.70,4438.30,4432.70,4438.00,466
2026-09-09 10:20,4437.90,4439.70,4437.40,4438.30,263
2026-09-09 10:25,4438.10,4439.10,4436.80,4438.20,239
2026-09-09 10:30,4438.10,4440.50,4437.00,4439.70,325
2026-09-09 10:35,4439.60,4442.50,4439.50,4441.80,316
2026-09-09 10:40,4441.80,4442.40,4437.70,4438.20,235
2026-09-09 10:45,4438.40,4443.60,4438.10,4442.30,435
2026-09-09 10:50,4442.20,4446.00,4441.70,4445.50,699
2026-09-09 10:55,4445.60,4447.00,4442.90,4442.90,582
2026-09-09 11:00,4443.30,4447.00,4443.20,4447.00,315
2026-09-09 11:05,4447.20,4447.80,4445.60,4447.60,263
2026-09-09 11:10,4447.60,4448.10,4446.20,4447.00,238
2026-09-09 11:15,4447.30,4448.40,4445.00,4447.70,425
2026-09-09 11:20,4447.70,4450.20,4446.00,4450.00,352
2026-09-09 11:25,4450.10,4453.20,4449.70,4452.00,632
2026-09-09 11:30,4452.30,4452.40,4448.30,4448.50,462
2026-09-09 11:35,4448.50,4449.50,4447.40,4448.90,568
2026-09-09 11:40,4449.00,4451.20,4448.90,4449.60,406
2026-09-09 11:45,4450.00,4459.40,4447.70,4458.40,1409
2026-09-09 11:50,4458.40,4459.90,4451.30,4451.50,1184
2026-09-09 11:55,4451.50,4452.90,4450.20,4451.60,358
2026-09-09 12:00,4451.50,4453.60,4447.60,4448.60,495
2026-09-09 12:05,4449.00,4450.00,4445.00,4447.60,548
2026-09-09 12:10,4447.70,4449.00,4443.30,4443.60,439
2026-09-09 12:15,4443.70,4444.60,4440.30,4440.80,641
2026-09-09 12:20,4440.80,4444.70,4439.10,4441.00,924
2026-09-09 12:25,4441.20,4441.40,4438.10,4438.50,691
2026-09-09 12:30,4438.00,4441.90,4436.20,4440.60,926
2026-09-09 12:35,4440.50,4442.00,4435.20,4435.40,685
2026-09-09 12:40,4435.60,4439.90,4435.20,4439.10,785
2026-09-09 12:45,4439.50,4444.00,4439.50,4441.50,663
2026-09-09 12:50,4441.50,4443.70,4440.40,4443.10,276
2026-09-09 12:55,4443.10,4447.00,4442.60,4444.40,737
2026-09-09 13:00,4444.20,4452.70,4442.80,4451.40,1320
2026-09-09 13:05,4451.40,4454.90,4451.30,4454.20,746
2026-09-09 13:10,4454.30,4458.00,4454.00,4457.80,968
2026-09-09 13:15,4457.80,4462.60,4455.10,4461.50,1318
2026-09-09 13:20,4461.60,4472.70,4458.90,4472.00,2192
2026-09-09 13:25,4472.20,4475.10,4469.80,4474.30,2326
2026-09-09 13:30,4474.10,4479.00,4472.60,4475.50,2527
2026-09-09 13:35,4475.10,4475.30,4464.30,4465.80,1997
2026-09-09 13:40,4466.00,4466.50,4456.70,4461.40,1935
2026-09-09 13:45,4461.60,4465.80,4460.30,4465.70,1139
2026-09-09 13:50,4465.60,4468.20,4459.40,4460.70,1010
2026-09-09 13:55,4460.90,4461.30,4454.70,4459.30,1632
2026-09-09 14:00,4459.20,4468.90,4458.60,4468.10,2077
2026-09-09 14:05,4467.80,4473.00,4465.20,4466.40,1040
2026-09-09 14:10,4466.40,4467.90,4462.00,4467.50,772
2026-09-09 14:15,4467.70,4467.70,4457.90,4461.00,1213
2026-09-09 14:20,4461.10,4461.30,4453.60,4454.20,1021
2026-09-09 14:25,4454.40,4470.20,4453.90,4470.00,1588
2026-09-09 14:30,4470.20,4470.20,4464.70,4467.20,1103
2026-09-09 14:35,4467.20,4471.40,4466.90,4470.70,945
2026-09-09 14:40,4470.10,4471.10,4463.00,4463.20,716
2026-09-09 14:45,4463.40,4466.70,4462.40,4465.60,463
2026-09-09 14:50,4464.90,4468.10,4463.50,4463.60,871
2026-09-09 14:55,4464.00,4464.70,4459.20,4463.20,953
2026-09-09 15:00,4463.40,4477.00,4439.20,4439.50,9644
2026-09-09 15:05,4439.60,4443.20,4424.60,4436.00,4930
2026-09-09 15:10,4435.40,4436.90,4426.10,4434.80,3324
2026-09-09 15:15,4434.50,4438.00,4423.90,4429.10,2203
2026-09-09 15:20,4429.20,4432.90,4419.30,4427.80,2743
2026-09-09 15:25,4427.60,4439.90,4427.20,4438.70,1997
2026-09-09 15:30,4439.10,4445.80,4436.80,4445.40,1513
2026-09-09 15:35,4445.10,4451.90,4442.10,4450.50,2735
2026-09-09 15:40,4450.80,4451.60,4443.50,4447.50,690
2026-09-09 15:45,4447.50,4449.00,4443.20,4446.60,457
2026-09-09 15:50,4446.50,4451.50,4443.70,4445.70,716
2026-09-09 15:55,4445.40,4445.40,4442.30,4442.70,517
2026-09-09 16:00,4442.90,4447.30,4441.10,4447.20,589
2026-09-09 16:05,4446.80,4446.80,4439.20,4440.30,950
2026-09-09 16:10,4440.20,4443.20,4439.50,4442.40,403
2026-09-09 16:15,4442.60,4443.00,4435.80,4437.70,1018
2026-09-09 16:20,4438.00,4443.00,4437.80,4443.00,330
2026-09-09 16:25,4443.10,4447.00,4443.10,4446.20,697
2026-09-09 16:30,4446.00,4448.30,4443.30,4447.10,485
2026-09-09 16:35,4447.20,4449.00,4443.80,4448.80,416
2026-09-09 16:40,4448.80,4453.10,4448.10,4452.30,894
2026-09-09 16:45,4452.30,4454.10,4450.80,4452.10,568
2026-09-09 16:50,4452.10,4452.60,4450.40,4452.00,219
2026-09-09 16:55,4452.10,4455.40,4451.20,4454.40,606
2026-09-09 17:00,4454.50,4459.10,4453.80,4458.00,1110
2026-09-09 17:05,4457.90,4465.30,4457.50,4463.80,1390
2026-09-09 17:10,4463.20,4464.30,4460.40,4461.60,740
2026-09-09 17:15,4461.80,4463.50,4460.10,4461.30,588
2026-09-09 17:20,4461.40,4463.50,4460.80,4463.10,411
2026-09-09 17:25,4463.30,4465.60,4459.50,4459.80,1350
2026-09-09 17:30,4460.00,4460.20,4456.80,4457.70,849
2026-09-09 17:35,4457.80,4459.50,4457.10,4458.10,242
2026-09-09 17:40,4458.50,4462.20,4458.50,4458.50,543
2026-09-09 17:45,4458.70,4460.20,4458.40,4458.80,186
2026-09-09 17:50,4459.00,4461.50,4458.70,4460.30,352
2026-09-09 17:55,4460.50,4462.10,4460.30,4461.20,268
2026-09-09 18:00,4461.40,4464.10,4461.10,4463.70,498
2026-09-09 18:05,4463.60,4464.30,4461.10,4463.40,390
2026-09-09 18:10,4463.50,4466.70,4462.90,4465.60,514
2026-09-09 18:15,4465.70,4465.90,4463.20,4464.40,524
2026-09-09 18:20,4464.20,4464.80,4462.30,4462.40,271
2026-09-09 18:25,4462.90,4463.10,4461.90,4463.10,394
2026-09-09 18:30,4463.30,4463.50,4458.70,4460.30,823
2026-09-09 18:35,4460.10,4460.90,4458.70,4460.10,628
2026-09-09 18:40,4460.30,4461.80,4454.70,4455.10,427
2026-09-09 18:45,4455.10,4455.30,4451.50,4451.80,299
2026-09-09 18:50,4451.80,4453.00,4450.40,4450.50,333
2026-09-09 18:55,4451.20,4452.20,4446.50,4448.20,704
2026-09-09 19:00,4448.20,4449.30,4442.00,4443.90,652
2026-09-09 19:05,4443.50,4445.60,4442.50,4444.80,359
2026-09-09 19:10,4444.80,4446.20,4442.70,4445.80,378
2026-09-09 19:15,4446.00,4447.70,4444.10,4447.50,473
2026-09-09 19:20,4447.30,4450.40,4447.20,4450.20,314
2026-09-09 19:25,4449.90,4450.20,4445.10,4445.10,236
2026-09-09 19:30,4445.10,4446.50,4444.00,4444.40,184
2026-09-09 19:35,4444.50,4444.70,4441.10,4442.90,262
2026-09-09 19:40,4442.80,4445.50,4441.90,4445.20,370
2026-09-09 19:45,4445.40,4446.90,4445.00,4445.60,335
2026-09-09 19:50,4445.50,4446.20,4441.60,4444.10,300
2026-09-09 19:55,4444.00,4445.40,4443.20,4444.40,320
2026-09-09 20:00,4444.20,4444.60,4441.60,4442.30,265
2026-09-09 20:05,4442.00,4442.50,4441.80,4442.40,54
2026-09-09 20:10,4442.40,4443.70,4442.30,4442.60,96
2026-09-09 20:15,4442.50,4442.70,4439.60,4439.70,384
2026-09-09 20:20,4439.60,4440.40,4438.90,4440.20,124
2026-09-09 20:25,4440.60,4441.60,4439.20,4440.40,68
2026-09-09 20:30,4440.30,4443.10,4440.20,4442.90,71
2026-09-09 20:35,4442.60,4446.40,4442.60,4445.00,252
2026-09-09 20:40,4444.90,4445.80,4444.40,4445.60,151
2026-09-09 20:45,4445.70,4446.60,4445.00,4445.60,154
2026-09-09 20:50,4445.70,4446.10,4445.10,4445.90,77
2026-09-09 20:55,4446.00,4448.10,4445.30,4447.20,160
2026-09-09 22:00,4448.00,4450.30,4447.10,4449.20,0
2026-09-09 22:05,4448.90,4449.30,4447.10,4449.10,71
2026-09-09 22:10,4448.50,4450.40,4446.60,4446.80,319
2026-09-09 22:15,4447.10,4448.50,4446.20,4447.20,82
2026-09-09 22:20,4447.10,4447.30,4445.20,4446.00,80
2026-09-09 22:25,4445.80,4447.30,4444.40,4446.70,309
2026-09-09 22:30,4446.70,4448.30,4445.60,4446.80,406
2026-09-09 22:35,4447.00,4447.60,4444.10,4444.80,255
2026-09-09 22:40,4444.80,4447.40,4444.40,4445.90,228
2026-09-09 22:45,4446.20,4446.20,4442.20,4444.20,587
2026-09-09 22:50,4444.20,4444.70,4442.80,4443.00,87
2026-09-09 22:55,4443.10,4445.50,4442.00,4443.90,274
2026-09-09 23:00,4444.00,4447.50,4443.70,4447.30,494
2026-09-09 23:05,4447.10,4447.10,4442.20,4444.00,512
2026-09-09 23:10,4444.30,4446.50,4443.70,4444.80,380
2026-09-09 23:15,4444.30,4446.30,4442.00,4444.10,394
2026-09-09 23:20,4443.80,4445.70,4440.70,4441.30,231
2026-09-09 23:25,4441.20,4444.10,4439.60,4441.20,702
2026-09-09 23:30,4441.20,4443.00,4437.60,4437.80,475
2026-09-09 23:35,4438.20,4438.70,4437.00,4437.90,116
2026-09-09 23:40,4437.70,4438.10,4437.00,4437.90,27
2026-09-09 23:45,4438.20,4438.90,4437.00,4437.80,231
2026-09-09 23:50,4437.10,4438.60,4437.10,4437.80,92
2026-09-09 23:55,4437.80,4438.30,4436.70,4437.50,70
2026-09-10 00:00,4437.70,4437.90,4433.20,4435.70,391
2026-09-10 00:05,4435.70,4438.20,4433.80,4437.40,226
2026-09-10 00:10,4437.40,4440.90,4436.80,4438.60,222
2026-09-10 00:15,4438.50,4442.30,4438.40,4439.90,171
2026-09-10 00:20,4440.80,4441.60,4439.10,4440.00,81
2026-09-10 00:25,4439.50,4440.90,4436.00,4436.60,259
2026-09-10 00:30,4436.30,4438.50,4434.90,4438.20,195
2026-09-10 00:35,4438.60,4442.20,4438.40,4442.00,253
2026-09-10 00:40,4442.10,4445.00,4439.90,4444.60,339
2026-09-10 00:45,4444.00,4444.60,4441.30,4443.40,270
2026-09-10 00:50,4443.60,4448.40,4441.50,4446.20,311
2026-09-10 00:55,4446.20,4447.00,4443.90,4444.50,273
2026-09-10 01:00,4444.30,4456.60,4443.50,4453.20,953
2026-09-10 01:05,4453.10,4462.20,4450.70,4461.10,533
2026-09-10 01:10,4461.50,4462.50,4455.00,4456.20,479
2026-09-10 01:15,4456.00,4459.80,4455.00,4458.60,555
2026-09-10 01:20,4458.40,4458.60,4453.50,4455.70,315
2026-09-10 01:25,4455.70,4459.80,4453.50,4453.50,306
2026-09-10 01:30,4453.70,4454.10,4448.50,4451.00,386
2026-09-10 01:35,4451.10,4453.80,4449.70,4450.20,280
2026-09-10 01:40,4451.30,4453.80,4450.90,4453.10,117
2026-09-10 01:45,4453.00,4457.70,4452.80,4456.40,288
2026-09-10 01:50,4456.20,4457.30,4451.60,4452.20,380
2026-09-10 01:55,4452.20,4456.40,4451.10,4455.20,171
2026-09-10 02:00,4455.20,4461.30,4454.90,4458.20,629
2026-09-10 02:05,4458.30,4462.20,4457.50,4459.90,471
2026-09-10 02:10,4460.30,4460.80,4455.40,4457.70,439
2026-09-10 02:15,4457.40,4457.90,4451.30,4452.70,462
2026-09-10 02:20,4452.80,4456.80,4452.00,4455.80,417
2026-09-10 02:25,4456.20,4460.90,4455.50,4460.30,373
2026-09-10 02:30,4460.50,4461.10,4454.30,4459.50,524
2026-09-10 02:35,4459.00,4463.80,4457.60,4461.70,553
2026-09-10 02:40,4461.90,4464.40,4460.50,4461.40,341
2026-09-10 02:45,4461.30,4462.70,4460.00,4461.00,138
2026-09-10 02:50,4461.30,4464.20,4459.60,4464.20,178
2026-09-10 02:55,4463.90,4463.90,4460.60,4462.70,115
2026-09-10 03:00,4462.70,4464.50,4458.90,4460.60,377
2026-09-10 03:05,4460.60,4460.60,4454.80,4456.60,417
2026-09-10 03:10,4456.70,4459.90,4455.80,4455.80,190
2026-09-10 03:15,4456.10,4458.10,4455.40,4457.90,163
2026-09-10 03:20,4458.00,4458.10,4454.70,4455.50,120
2026-09-10 03:25,4455.60,4455.60,4452.50,4453.30,161
2026-09-10 03:30,4453.10,4455.70,4452.70,4454.50,95
2026-09-10 03:35,4454.10,4454.10,4451.10,4451.80,100
2026-09-10 03:40,4451.50,4451.60,4450.10,4450.80,113
2026-09-10 03:45,4451.00,4453.20,4451.00,4452.30,200
2026-09-10 03:50,4451.90,4451.90,4449.90,4451.20,70
2026-09-10 03:55,4451.30,4452.50,4450.90,4451.90,82
2026-09-10 04:00,4452.40,4455.90,4452.10,4455.80,172
2026-09-10 04:05,4455.80,4457.20,4454.90,4455.90,150
2026-09-10 04:10,4456.10,4458.40,4455.80,4456.90,152
2026-09-10 04:15,4456.90,4458.20,4456.90,4457.20,95
2026-09-10 04:20,4457.80,4458.40,4456.30,4456.60,104
2026-09-10 04:25,4456.50,4457.90,4453.90,4454.60,185
2026-09-10 04:30,4455.30,4456.70,4453.70,4454.10,154
2026-09-10 04:35,4454.00,4454.60,4450.70,4451.20,140
2026-09-10 04:40,4451.00,4451.80,4448.40,4449.20,192
2026-09-10 04:45,4449.60,4452.30,4449.00,4452.30,115
2026-09-10 04:50,4452.50,4454.60,4450.00,4450.10,149
2026-09-10 04:55,4449.90,4451.60,4449.60,4451.40,73
2026-09-10 05:00,4451.20,4454.70,4451.10,4452.10,151
2026-09-10 05:05,4451.80,4457.70,4451.50,4457.40,290
2026-09-10 05:10,4457.80,4461.60,4457.60,4461.60,295
2026-09-10 05:15,4461.80,4463.10,4459.70,4461.60,306
2026-09-10 05:20,4461.50,4463.10,4460.80,4461.90,117
2026-09-10 05:25,4462.00,4463.80,4460.10,4463.60,163
2026-09-10 05:30,4463.90,4470.70,4460.50,4469.00,1246
2026-09-10 05:35,4469.10,4470.90,4465.00,4466.30,362
2026-09-10 05:40,4466.40,4472.90,4466.20,4471.40,488
2026-09-10 05:45,4471.70,4473.90,4469.60,4469.60,687
2026-09-10 05:50,4469.60,4472.00,4467.40,4471.20,1112
2026-09-10 05:55,4470.60,4475.10,4469.10,4475.00,389
2026-09-10 06:00,4475.10,4479.90,4470.70,4470.90,1439
2026-09-10 06:05,4470.90,4471.60,4466.20,4466.30,590
2026-09-10 06:10,4466.10,4467.00,4459.80,4459.90,690
2026-09-10 06:15,4460.10,4460.10,4456.50,4458.20,701
2026-09-10 06:20,4458.30,4459.90,4454.40,4459.70,845
2026-09-10 06:25,4459.60,4460.90,4456.80,4460.80,733
2026-09-10 06:30,4460.70,4462.20,4457.70,4458.20,628
2026-09-10 06:35,4457.90,4461.70,4456.20,4461.70,323
2026-09-10 06:40,4461.90,4470.60,4461.90,4470.00,1232
2026-09-10 06:45,4470.50,4472.30,4467.60,4468.10,677
2026-09-10 06:50,4468.00,4472.50,4467.40,4468.50,1603
2026-09-10 06:55,4468.70,4469.30,4467.30,4469.30,192
2026-09-10 07:00,4469.00,4469.50,4458.70,4458.90,1604
2026-09-10 07:05,4458.90,4460.30,4457.80,4459.00,413
2026-09-10 07:10,4458.70,4461.30,4456.90,4457.20,631
2026-09-10 07:15,4456.90,4458.80,4455.40,4456.10,254
2026-09-10 07:20,4456.20,4456.90,4454.00,4455.40,367
2026-09-10 07:25,4455.40,4455.60,4451.70,4451.80,463
2026-09-10 07:30,4452.10,4454.40,4447.60,4447.80,1145
2026-09-10 07:35,4448.30,4451.10,4447.50,4449.60,353
2026-09-10 07:40,4449.20,4453.20,4448.40,4453.00,296
2026-09-10 07:45,4453.00,4456.30,4452.40,4454.80,1092
2026-09-10 07:50,4454.60,4458.70,4454.60,4457.60,538
2026-09-10 07:55,4457.80,4458.10,4454.20,4454.90,446
2026-09-10 08:00,4454.70,4455.70,4450.50,4450.60,542
2026-09-10 08:05,4450.90,4452.20,4450.00,4452.10,220
2026-09-10 08:10,4452.00,4453.00,4447.60,4448.70,270
2026-09-10 08:15,4448.90,4450.20,4447.90,4449.50,158
2026-09-10 08:20,4449.00,4450.80,4448.70,4449.50,166
2026-09-10 08:25,4449.40,4449.50,4447.00,4449.10,630
2026-09-10 08:30,4448.70,4449.20,4442.60,4443.00,572
2026-09-10 08:35,4443.00,4444.40,4441.60,4443.10,379
2026-09-10 08:40,4442.60,4443.40,4437.60,4438.70,788
2026-09-10 08:45,4438.70,4439.40,4435.00,4435.70,1419
2026-09-10 08:50,4436.00,4441.20,4435.60,4439.50,791
2026-09-10 08:55,4439.00,4439.00,4436.20,4437.80,262
2026-09-10 09:00,4437.80,4439.40,4436.00,4438.40,442
2026-09-10 09:05,4438.60,4439.50,4432.30,4434.30,590
2026-09-10 09:10,4434.50,4437.90,4434.40,4437.50,307
2026-09-10 09:15,4437.90,4439.50,4436.20,4438.30,431
2026-09-10 09:20,4438.20,4438.70,4434.70,4435.20,259
2026-09-10 09:25,4435.30,4438.10,4434.30,4435.50,235
2026-09-10 09:30,4435.20,4435.80,4432.00,4434.70,505
2026-09-10 09:35,4434.50,4435.70,4433.40,4433.50,288
2026-09-10 09:40,4433.40,4435.60,4431.00,4435.60,421
2026-09-10 09:45,4435.60,4438.60,4435.30,4437.70,316
2026-09-10 09:50,4436.80,4438.50,4436.70,4437.60,129
2026-09-10 09:55,4437.50,4437.60,4436.00,4437.00,151
2026-09-10 10:00,4436.90,4442.40,4434.50,4440.90,634
2026-09-10 10:05,4440.90,4442.80,4434.20,4435.70,771
2026-09-10 10:10,4435.30,4440.00,4432.20,4437.90,532
2026-09-10 10:15,4437.50,4442.80,4436.80,4441.10,359
2026-09-10 10:20,4441.20,4441.80,4438.70,4438.80,167
2026-09-10 10:25,4438.40,4440.00,4436.20,4436.70,188
2026-09-10 10:30,4437.00,4437.50,4426.10,4427.60,1251
2026-09-10 10:35,4427.20,4428.30,4420.20,4428.00,1429
2026-09-10 10:40,4427.90,4429.10,4425.70,4426.40,431
2026-09-10 10:45,4426.10,4428.30,4422.60,4425.20,432
2026-09-10 10:50,4425.30,4426.00,4417.00,4419.50,1146
2026-09-10 10:55,4419.50,4430.30,4419.10,4421.40,1547
2026-09-10 11:00,4421.10,4426.90,4421.00,4426.20,610
2026-09-10 11:05,4426.00,4426.70,4421.20,4421.90,324
2026-09-10 11:10,4421.60,4426.00,4417.40,4425.60,934
2026-09-10 11:15,4425.70,4428.10,4423.10,4425.10,516
2026-09-10 11:20,4425.40,4425.90,4421.90,4424.90,288
2026-09-10 11:25,4425.20,4431.20,4425.20,4428.00,471
2026-09-10 11:30,4427.90,4430.90,4426.80,4429.00,418
2026-09-10 11:35,4428.80,4431.90,4428.70,4431.80,348
2026-09-10 11:40,4431.70,4433.10,4426.60,4426.90,383
2026-09-10 11:45,4427.00,4427.60,4422.50,4423.80,355
2026-09-10 11:50,4424.20,4425.00,4418.00,4422.90,475
2026-09-10 11:55,4422.70,4422.70,4415.10,4416.70,784
2026-09-10 12:00,4416.80,4419.20,4412.60,4415.00,1117
2026-09-10 12:05,4414.50,4418.70,4411.70,4414.30,1537
2026-09-10 12:10,4414.10,4419.90,4413.70,4417.40,911
2026-09-10 12:15,4417.10,4419.20,4408.60,4414.10,1476
2026-09-10 12:20,4414.00,4415.60,4407.00,4409.50,1269
2026-09-10 12:25,4409.00,4410.00,4403.60,4406.30,1286
2026-09-10 12:30,4406.90,4415.40,4380.40,4384.00,5802
2026-09-10 12:35,4384.00,4385.00,4365.40,4368.40,5753
2026-09-10 12:40,4368.60,4385.00,4365.50,4382.50,4853
2026-09-10 12:45,4382.30,4391.40,4379.80,4391.30,3367
2026-09-10 12:50,4391.00,4396.80,4384.20,4385.10,2442
2026-09-10 12:55,4384.70,4385.90,4378.00,4381.80,2042
2026-09-10 13:00,4382.10,4397.40,4380.40,4392.90,2495
2026-09-10 13:05,4393.10,4395.30,4388.40,4389.20,1932
2026-09-10 13:10,4389.40,4393.20,4385.50,4385.70,1320
2026-09-10 13:15,4385.50,4391.10,4383.00,4391.00,1220
2026-09-10 13:20,4391.70,4398.00,4391.10,4392.00,1394
2026-09-10 13:25,4391.60,4399.80,4386.70,4399.60,1059
2026-09-10 13:30,4399.70,4410.10,4394.10,4405.30,2124
2026-09-10 13:35,4405.00,4413.80,4401.40,4411.70,3267
2026-09-10 13:40,4411.40,4416.00,4405.60,4407.00,1748
2026-09-10 13:45,4407.10,4418.10,4405.80,4413.70,3150
2026-09-10 13:50,4413.90,4416.80,4404.40,4409.20,3219
2026-09-10 13:55,4409.30,4412.90,4406.80,4408.50,1053
2026-09-10 14:00,4408.30,4417.80,4408.30,4412.60,1627
2026-09-10 14:05,4412.60,4414.50,4403.70,4407.00,1644
2026-09-10 14:10,4406.40,4409.90,4401.70,4401.80,1021
2026-09-10 14:15,4401.70,4405.80,4396.50,4405.00,2033
2026-09-10 14:20,4404.80,4416.80,4401.80,4413.90,2640
2026-09-10 14:25,4413.70,4419.10,4405.20,4405.90,2091
2026-09-10 14:30,4406.00,4408.20,4402.90,4407.10,968
2026-09-10 14:35,4407.00,4412.80,4405.20,4405.40,1283
2026-09-10 14:40,4405.80,4412.50,4398.60,4398.80,1589
2026-09-10 14:45,4398.60,4401.60,4396.40,4400.10,1324
2026-09-10 14:50,4400.10,4404.10,4397.30,4397.60,674
2026-09-10 14:55,4397.50,4402.10,4396.40,4400.10,620
2026-09-10 15:00,4400.40,4400.70,4394.60,4395.70,1073
2026-09-10 15:05,4395.50,4400.90,4395.30,4397.70,575
2026-09-10 15:10,4397.60,4403.60,4397.60,4402.30,838
2026-09-10 15:15,4401.50,4407.00,4400.50,4405.10,933
2026-09-10 15:20,4405.60,4409.20,4403.20,4408.10,650
2026-09-10 15:25,4408.10,4409.70,4405.00,4407.30,583
2026-09-10 15:30,4407.40,4411.60,4404.30,4411.30,726
2026-09-10 15:35,4411.60,4414.10,4408.70,4410.40,875
2026-09-10 15:40,4410.30,4410.70,4405.90,4407.80,592
2026-09-10 15:45,4408.10,4409.00,4402.70,4409.00,633
2026-09-10 15:50,4409.10,4412.30,4407.50,4407.80,584
2026-09-10 15:55,4407.80,4409.60,4405.90,4407.80,309
2026-09-10 16:00,4408.10,4412.00,4407.00,4409.60,704
2026-09-10 16:05,4409.00,4410.80,4401.50,4401.90,801
2026-09-10 16:10,4401.90,4403.00,4395.50,4400.80,1129
2026-09-10 16:15,4400.60,4403.10,4397.10,4401.10,491
2026-09-10 16:20,4401.70,4404.80,4400.80,4403.40,531
2026-09-10 16:25,4403.30,4405.70,4401.80,4405.10,326
2026-09-10 16:30,4404.50,4407.50,4399.30,4399.60,1641
2026-09-10 16:35,4399.50,4403.40,4397.90,4402.30,662
2026-09-10 16:40,4402.40,4403.80,4398.30,4398.40,561
2026-09-10 16:45,4398.60,4405.30,4398.50,4402.20,774
2026-09-10 16:50,4402.40,4406.00,4402.40,4403.90,537
2026-09-10 16:55,4403.60,4406.40,4401.60,4406.40,428
2026-09-10 17:00,4406.20,4410.50,4401.60,4405.60,1237
2026-09-10 17:05,4405.80,4406.80,4402.50,4403.60,565
2026-09-10 17:10,4404.30,4408.40,4403.40,4404.60,549
2026-09-10 17:15,4404.50,4406.80,4403.20,4406.10,413
2026-09-10 17:20,4406.20,4407.60,4404.60,4404.70,461
2026-09-10 17:25,4404.80,4409.00,4404.70,4408.00,1480
2026-09-10 17:30,4407.90,4408.40,4404.20,4404.40,522
2026-09-10 17:35,4404.40,4405.90,4399.90,4400.50,710
2026-09-10 17:40,4400.20,4401.30,4397.10,4401.20,694
2026-09-10 17:45,4401.10,4401.90,4398.40,4399.40,264
2026-09-10 17:50,4399.50,4401.90,4398.90,4401.20,399
2026-09-10 17:55,4401.40,4401.40,4392.70,4394.20,812
2026-09-10 18:00,4394.40,4397.80,4390.30,4392.50,1288
2026-09-10 18:05,4392.40,4392.60,4383.40,4384.80,1473
2026-09-10 18:10,4384.60,4385.50,4382.00,4382.40,813
2026-09-10 18:15,4382.30,4386.50,4379.50,4383.90,1026
2026-09-10 18:20,4383.90,4387.90,4383.50,4385.30,692
2026-09-10 18:25,4385.40,4386.70,4378.80,4380.70,875
2026-09-10 18:30,4380.60,4380.60,4373.60,4376.90,1014
2026-09-10 18:35,4376.90,4377.60,4374.20,4375.80,674
2026-09-10 18:40,4375.40,4377.10,4373.30,4375.40,693
2026-09-10 18:45,4375.20,4375.90,4371.60,4373.50,958
2026-09-10 18:50,4373.00,4380.10,4371.30,4372.90,1520
2026-09-10 18:55,4372.90,4378.40,4372.00,4374.40,910
2026-09-10 19:00,4374.00,4374.00,4354.70,4357.90,3862
2026-09-10 19:05,4357.70,4366.00,4357.60,4365.50,1352
2026-09-10 19:10,4365.40,4365.90,4360.80,4363.70,672
2026-09-10 19:15,4363.90,4364.90,4360.50,4362.10,331
2026-09-10 19:20,4362.20,4371.00,4362.10,4370.50,961
2026-09-10 19:25,4370.40,4372.10,4367.80,4368.80,770
2026-09-10 19:30,4368.70,4371.00,4366.20,4368.50,664
2026-09-10 19:35,4368.30,4369.30,4365.40,4368.00,410
2026-09-10 19:40,4368.10,4369.00,4364.50,4365.30,398
2026-09-10 19:45,4365.60,4367.10,4362.10,4364.20,441
2026-09-10 19:50,4364.10,4366.00,4361.30,4365.10,468
2026-09-10 19:55,4364.90,4365.90,4363.60,4365.70,500
2026-09-10 20:00,4365.50,4365.70,4361.10,4362.50,418
2026-09-10 20:05,4362.50,4365.10,4361.80,4364.40,168
2026-09-10 20:10,4364.50,4365.50,4363.40,4364.30,147
2026-09-10 20:15,4364.10,4364.20,4363.00,4363.00,98
2026-09-10 20:20,4362.80,4362.80,4357.60,4358.00,502
2026-09-10 20:25,4358.30,4360.60,4358.10,4359.80,198
2026-09-10 20:30,4359.70,4359.80,4357.80,4358.00,269
2026-09-10 20:35,4358.10,4359.40,4357.10,4358.20,190
2026-09-10 20:40,4358.20,4359.40,4357.30,4359.20,125
2026-09-10 20:45,4359.50,4360.20,4356.60,4356.70,177
2026-09-10 20:50,4356.90,4359.30,4355.90,4358.40,176
2026-09-10 20:55,4358.80,4360.60,4357.80,4358.50,183
2026-09-10 22:00,4359.40,4365.80,4357.90,4363.20,0
2026-09-10 22:05,4363.00,4363.90,4361.30,4363.20,160
2026-09-10 22:10,4363.20,4363.60,4361.40,4361.70,87
2026-09-10 22:15,4362.00,4362.50,4360.10,4360.20,62
2026-09-10 22:20,4360.20,4361.90,4359.40,4360.30,119
2026-09-10 22:25,4359.80,4360.80,4359.30,4360.20,127
2026-09-10 22:30,4360.40,4360.80,4355.90,4359.00,343
2026-09-10 22:35,4358.50,4358.90,4356.60,4356.60,103
2026-09-10 22:40,4356.20,4358.30,4354.00,4356.60,321
2026-09-10 22:45,4356.50,4358.90,4355.70,4358.40,141
2026-09-10 22:50,4358.70,4359.70,4357.80,4358.50,136
2026-09-10 22:55,4358.20,4359.20,4357.90,4358.80,100
2026-09-10 23:00,4358.70,4360.40,4357.50,4359.60,187
2026-09-10 23:05,4359.30,4360.10,4358.60,4358.70,123
2026-09-10 23:10,4359.00,4360.60,4356.90,4360.10,149
2026-09-10 23:15,4359.80,4360.50,4359.70,4360.00,91
2026-09-10 23:20,4360.30,4361.00,4358.10,4358.70,114
2026-09-10 23:25,4358.70,4359.30,4358.00,4358.70,27
2026-09-10 23:30,4358.50,4360.90,4357.90,4359.10,107
2026-09-10 23:35,4358.70,4358.80,4354.90,4356.20,153
2026-09-10 23:40,4356.10,4358.60,4355.10,4356.40,197
2026-09-10 23:45,4356.60,4358.40,4354.40,4355.50,160
2026-09-10 23:50,4355.70,4356.70,4352.20,4352.80,245
2026-09-10 23:55,4353.00,4356.80,4351.30,4354.50,197
2026-09-11 00:00,4355.50,4361.80,4353.20,4360.00,386
2026-09-11 00:05,4360.20,4364.40,4358.10,4359.10,326
2026-09-11 00:10,4358.90,4359.90,4355.30,4359.60,138
2026-09-11 00:15,4360.00,4361.80,4357.30,4360.30,191
2026-09-11 00:20,4360.80,4362.50,4358.90,4359.60,113
2026-09-11 00:25,4359.30,4364.80,4357.80,4364.20,258
2026-09-11 00:30,4364.20,4365.60,4359.70,4361.80,378
2026-09-11 00:35,4361.70,4366.30,4361.00,4365.90,210
2026-09-11 00:40,4365.40,4367.90,4361.30,4367.60,447
2026-09-11 00:45,4367.50,4374.10,4367.00,4373.20,470
2026-09-11 00:50,4372.80,4373.90,4371.50,4372.30,262
2026-09-11 00:55,4372.20,4373.90,4370.10,4372.20,255
2026-09-11 01:00,4372.30,4380.70,4368.20,4379.90,1074
2026-09-11 01:05,4380.20,4380.30,4373.40,4377.80,543
2026-09-11 01:10,4378.50,4379.40,4373.00,4373.40,480
2026-09-11 01:15,4373.10,4377.30,4371.30,4372.10,583
2026-09-11 01:20,4372.10,4372.40,4361.00,4361.70,763
2026-09-11 01:25,4361.80,4370.80,4361.40,4368.80,674
2026-09-11 01:30,4368.30,4373.40,4368.30,4372.60,472
2026-09-11 01:35,4373.00,4375.10,4369.50,4369.50,507
2026-09-11 01:40,4369.80,4369.90,4362.60,4366.90,629
2026-09-11 01:45,4367.10,4369.20,4364.00,4369.10,410
2026-09-11 01:50,4368.80,4370.10,4364.20,4365.20,342
2026-09-11 01:55,4365.20,4369.50,4363.90,4369.10,239
2026-09-11 02:00,4369.50,4372.80,4369.40,4372.30,499
2026-09-11 02:05,4372.60,4373.60,4367.80,4369.80,444
2026-09-11 02:10,4369.30,4372.00,4368.90,4370.70,175
2026-09-11 02:15,4371.00,4374.50,4369.80,4373.60,328
2026-09-11 02:20,4373.60,4373.90,4367.40,4367.90,130
2026-09-11 02:25,4367.80,4367.80,4363.70,4365.30,243
2026-09-11 02:30,4365.00,4366.40,4357.20,4359.70,763
2026-09-11 02:35,4359.00,4362.90,4356.80,4361.80,376
2026-09-11 02:40,4362.20,4365.40,4358.80,4359.20,526
2026-09-11 02:45,4359.00,4365.30,4356.20,4364.00,728
2026-09-11 02:50,4363.90,4367.20,4362.70,4363.30,375
2026-09-11 02:55,4362.70,4364.20,4361.30,4363.20,262
2026-09-11 03:00,4362.70,4366.80,4362.40,4362.50,140
2026-09-11 03:05,4362.10,4363.60,4355.20,4358.30,574
2026-09-11 03:10,4358.20,4360.30,4354.50,4360.10,562
2026-09-11 03:15,4359.70,4362.00,4354.70,4355.00,330
2026-09-11 03:20,4355.10,4356.30,4344.40,4347.60,1179
2026-09-11 03:25,4347.40,4351.20,4345.20,4350.10,432
2026-09-11 03:30,4350.10,4351.80,4346.70,4349.10,292
2026-09-11 03:35,4349.30,4351.30,4347.10,4349.50,357
2026-09-11 03:40,4349.30,4353.20,4347.50,4348.80,425
2026-09-11 03:45,4348.80,4349.00,4342.70,4343.50,392
2026-09-11 03:50,4343.80,4344.90,4341.40,4344.50,584
2026-09-11 03:55,4344.70,4347.70,4344.00,4345.00,558
2026-09-11 04:00,4344.20,4349.70,4342.40,4349.30,571
2026-09-11 04:05,4349.50,4359.00,4349.20,4358.70,569
2026-09-11 04:10,4358.70,4365.60,4358.60,4362.00,1086
2026-09-11 04:15,4362.10,4362.50,4360.00,4361.40,336
2026-09-11 04:20,4361.40,4367.70,4361.30,4367.60,370
2026-09-11 04:25,4367.80,4369.80,4366.30,4369.10,223
2026-09-11 04:30,4369.20,4370.90,4367.00,4367.20,337
2026-09-11 04:35,4366.90,4369.00,4366.00,4368.50,281
2026-09-11 04:40,4368.30,4373.10,4367.70,4370.60,781
2026-09-11 04:45,4370.80,4373.00,4369.40,4370.90,273
2026-09-11 04:50,4371.00,4375.60,4370.90,4375.20,462
2026-09-11 04:55,4375.20,4375.60,4371.90,4372.10,231
2026-09-11 05:00,4372.40,4372.50,4368.90,4370.10,356
2026-09-11 05:05,4369.80,4375.90,4369.50,4375.40,430
2026-09-11 05:10,4375.40,4378.70,4373.00,4378.70,327
2026-09-11 05:15,4378.60,4379.90,4375.50,4378.80,313
2026-09-11 05:20,4378.80,4379.90,4375.90,4377.40,137
2026-09-11 05:25,4376.90,4377.00,4373.90,4375.50,189
2026-09-11 05:30,4375.70,4381.50,4374.10,4378.80,853
2026-09-11 05:35,4378.60,4380.60,4376.70,4379.30,367
2026-09-11 05:40,4378.90,4383.50,4374.70,4383.20,539
2026-09-11 05:45,4383.00,4387.40,4380.10,4385.50,576
2026-09-11 05:50,4385.00,4388.30,4383.40,4388.10,353
2026-09-11 05:55,4388.30,4392.50,4386.10,4386.60,657
2026-09-11 06:00,4386.80,4397.00,4386.30,4394.40,1061
2026-09-11 06:05,4394.50,4400.00,4392.50,4396.40,687
2026-09-11 06:10,4396.70,4402.00,4395.10,4399.90,567
2026-09-11 06:15,4399.70,4401.20,4397.20,4399.60,377
2026-09-11 06:20,4399.80,4399.80,4393.50,4393.50,528
2026-09-11 06:25,4393.70,4394.70,4392.00,4392.90,416
2026-09-11 06:30,4392.30,4393.50,4387.90,4388.00,697
2026-09-11 06:35,4388.00,4393.80,4388.00,4393.00,315
2026-09-11 06:40,4393.30,4394.90,4390.20,4391.70,510
2026-09-11 06:45,4391.80,4396.10,4390.60,4393.00,376
2026-09-11 06:50,4392.00,4393.90,4390.50,4393.90,207
2026-09-11 06:55,4394.40,4394.90,4391.90,4394.80,193
2026-09-11 07:00,4394.20,4397.30,4393.10,4396.00,409
2026-09-11 07:05,4396.10,4397.20,4390.90,4391.70,301
2026-09-11 07:10,4392.00,4396.50,4391.60,4392.80,189
2026-09-11 07:15,4393.30,4393.50,4391.30,4391.90,304
2026-09-11 07:20,4392.00,4393.30,4388.80,4390.90,269
2026-09-11 07:25,4391.10,4391.10,4387.30,4387.30,237
2026-09-11 07:30,4387.50,4388.70,4385.50,4386.30,252
2026-09-11 07:35,4386.70,4387.50,4384.40,4385.00,265
2026-09-11 07:40,4385.10,4387.70,4384.50,4386.40,321
2026-09-11 07:45,4386.10,4386.30,4383.30,4383.70,272
2026-09-11 07:50,4383.40,4384.60,4381.70,4383.70,254
2026-09-11 07:55,4384.20,4386.30,4384.10,4386.10,147
2026-09-11 08:00,4386.30,4388.40,4383.90,4385.90,398
2026-09-11 08:05,4385.90,4390.30,4385.00,4386.40,523
2026-09-11 08:10,4386.70,4390.70,4383.00,4388.40,582
2026-09-11 08:15,4388.50,4391.80,4387.40,4388.30,292
2026-09-11 08:20,4388.30,4399.30,4384.70,4393.50,1303
2026-09-11 08:25,4393.30,4396.00,4390.50,4393.20,366
2026-09-11 08:30,4393.00,4397.30,4392.30,4393.80,325
2026-09-11 08:35,4394.20,4397.50,4392.60,4395.40,343
2026-09-11 08:40,4395.80,4398.20,4393.60,4394.40,294
2026-09-11 08:45,4394.30,4397.70,4393.60,4394.60,425
2026-09-11 08:50,4394.30,4394.70,4391.00,4393.10,471
2026-09-11 08:55,4392.00,4392.00,4387.40,4388.70,413
2026-09-11 09:00,4388.90,4395.40,4388.90,4390.40,243
2026-09-11 09:05,4390.00,4390.50,4386.20,4386.60,196
2026-09-11 09:10,4386.70,4387.60,4384.10,4384.60,250
2026-09-11 09:15,4384.30,4387.00,4383.20,4387.00,326
2026-09-11 09:20,4386.80,4388.00,4385.30,4386.10,238
2026-09-11 09:25,4386.20,4387.60,4385.10,4385.60,335
2026-09-11 09:30,4386.00,4386.70,4383.10,4384.10,671
2026-09-11 09:35,4384.20,4386.20,4383.80,4383.90,161
2026-09-11 09:40,4384.20,4385.50,4382.50,4385.30,137
2026-09-11 09:45,4385.20,4385.80,4384.40,4385.40,151
2026-09-11 09:50,4385.30,4386.60,4384.70,4385.90,227
2026-09-11 09:55,4385.90,4389.80,4385.20,4388.20,387
2026-09-11 10:00,4388.30,4391.20,4382.70,4391.20,1069
2026-09-11 10:05,4391.10,4391.90,4386.90,4387.40,387
2026-09-11 10:10,4387.80,4389.90,4385.30,4388.10,515
2026-09-11 10:15,4388.30,4392.00,4387.90,4391.50,253
2026-09-11 10:20,4391.30,4391.80,4387.80,4390.40,325
2026-09-11 10:25,4390.40,4391.90,4389.20,4391.50,254
2026-09-11 10:30,4391.50,4391.90,4389.30,4391.10,119
2026-09-11 10:35,4390.90,4391.30,4386.30,4388.70,231
2026-09-11 10:40,4388.60,4388.80,4385.80,4386.90,409
2026-09-11 10:45,4387.40,4387.40,4383.50,4383.50,240
2026-09-11 10:50,4383.80,4384.40,4381.70,4382.70,253
2026-09-11 10:55,4382.50,4383.00,4378.50,4379.40,576
2026-09-11 11:00,4379.30,4384.60,4379.20,4381.40,557
2026-09-11 11:05,4382.10,4382.10,4378.80,4379.20,288
2026-09-11 11:10,4379.00,4380.40,4376.50,4380.00,476
2026-09-11 11:15,4379.80,4381.10,4378.00,4380.30,286
2026-09-11 11:20,4380.50,4381.80,4379.00,4380.30,188
2026-09-11 11:25,4380.90,4383.90,4378.10,4378.20,541
2026-09-11 11:30,4378.60,4379.30,4373.60,4373.60,510
2026-09-11 11:35,4373.90,4376.10,4372.20,4374.60,366
2026-09-11 11:40,4374.70,4376.60,4372.10,4376.50,394
2026-09-11 11:45,4376.60,4378.30,4374.90,4377.60,544
2026-09-11 11:50,4376.70,4377.50,4373.50,4373.50,300
2026-09-11 11:55,4372.90,4375.60,4372.70,4375.00,362
2026-09-11 12:00,4375.30,4376.60,4370.50,4371.30,680
2026-09-11 12:05,4371.10,4372.00,4368.10,4369.10,447
2026-09-11 12:10,4369.60,4374.30,4366.10,4369.70,1316
2026-09-11 12:15,4369.60,4375.90,4368.90,4373.10,537
2026-09-11 12:20,4373.00,4375.70,4371.10,4371.10,704
2026-09-11 12:25,4371.70,4385.50,4370.20,4382.10,1213
2026-09-11 12:30,4383.40,4399.60,4333.00,4370.50,9789
2026-09-11 12:35,4370.60,4393.20,4367.20,4391.50,4648
2026-09-11 12:40,4391.20,4404.30,4390.50,4395.40,6385
2026-09-11 12:45,4395.60,4409.50,4394.10,4403.50,3933
2026-09-11 12:50,4403.00,4424.70,4401.60,4419.80,4457
2026-09-11 12:55,4419.90,4432.60,4418.70,4430.30,3004
2026-09-11 13:00,4430.50,4436.00,4426.70,4432.10,4379
2026-09-11 13:05,4432.30,4436.40,4423.50,4424.80,2707
2026-09-11 13:10,4424.50,4433.50,4422.60,4431.20,2185
2026-09-11 13:15,4431.30,4432.20,4422.80,4428.00,1808
2026-09-11 13:20,4428.70,4431.30,4421.90,4424.70,1359
2026-09-11 13:25,4424.50,4440.40,4424.00,4431.60,2909
2026-09-11 13:30,4432.30,4437.50,4423.30,4437.10,2658
2026-09-11 13:35,4437.60,4442.40,4425.80,4432.30,2195
2026-09-11 13:40,4432.20,4442.00,4429.10,4436.50,1765
2026-09-11 13:45,4436.90,4442.80,4431.90,4434.60,1595
2026-09-11 13:50,4434.80,4436.10,4429.10,4431.30,963
2026-09-11 13:55,4431.70,4444.90,4429.20,4443.90,1423
2026-09-11 14:00,4443.70,4444.90,4423.80,4432.40,2542
2026-09-11 14:05,4432.40,4434.30,4427.80,4429.60,1747
2026-09-11 14:10,4429.70,4430.40,4424.20,4425.20,936
2026-09-11 14:15,4425.00,4427.30,4418.00,4424.80,1588
2026-09-11 14:20,4425.00,4427.70,4419.90,4421.10,1221
2026-09-11 14:25,4421.40,4421.40,4416.20,4417.00,1533
2026-09-11 14:30,4417.20,4417.50,4412.70,4413.40,1150
2026-09-11 14:35,4413.30,4414.90,4406.30,4409.60,1723
2026-09-11 14:40,4410.00,4413.80,4409.60,4413.10,1267
2026-09-11 14:45,4412.90,4426.10,4412.90,4421.30,2645
2026-09-11 14:50,4421.10,4426.00,4419.00,4419.40,1027
2026-09-11 14:55,4419.80,4420.30,4412.30,4412.50,804
2026-09-11 15:00,4412.50,4414.80,4408.30,4412.60,1156
2026-09-11 15:05,4412.30,4412.70,4403.40,4405.00,1189
2026-09-11 15:10,4404.60,4405.80,4401.00,4404.30,1222
2026-09-11 15:15,4404.10,4408.10,4403.40,4404.20,1330
2026-09-11 15:20,4404.50,4409.80,4404.10,4407.10,860
2026-09-11 15:25,4407.40,4414.00,4406.90,4412.00,1127
2026-09-11 15:30,4411.80,4417.20,4410.60,4414.40,777
2026-09-11 15:35,4414.60,4418.70,4411.90,4415.20,920
2026-09-11 15:40,4415.30,4416.60,4411.70,4414.50,479
2026-09-11 15:45,4414.30,4415.00,4409.90,4414.70,444
2026-09-11 15:50,4414.70,4415.30,4408.10,4410.50,662
2026-09-11 15:55,4410.60,4411.10,4406.80,4408.60,586
2026-09-11 16:00,4408.60,4414.30,4408.40,4413.60,505
2026-09-11 16:05,4413.40,4414.40,4408.10,4408.60,475
2026-09-11 16:10,4409.10,4410.70,4402.70,4403.00,657
2026-09-11 16:15,4402.80,4405.80,4400.20,4401.00,768
2026-09-11 16:20,4400.80,4402.50,4393.30,4394.40,1875
2026-09-11 16:25,4394.40,4404.30,4393.90,4396.20,2311
2026-09-11 16:30,4396.50,4407.40,4394.70,4405.80,1413
2026-09-11 16:35,4405.70,4406.00,4400.80,4401.20,670
2026-09-11 16:40,4401.20,4406.40,4400.70,4405.40,636
2026-09-11 16:45,4405.50,4406.90,4402.30,4402.30,408
2026-09-11 16:50,4402.50,4403.50,4402.10,4403.00,147
2026-09-11 16:55,4403.00,4405.20,4403.00,4403.80,278
2026-09-11 17:00,4403.70,4406.00,4402.90,4405.20,467
2026-09-11 17:05,4405.20,4411.40,4403.10,4405.90,989
2026-09-11 17:10,4406.00,4409.00,4404.30,4407.60,577
2026-09-11 17:15,4407.70,4411.00,4405.50,4409.80,532
2026-09-11 17:20,4409.90,4411.60,4408.00,4411.10,703
2026-09-11 17:25,4411.40,4412.30,4408.10,4409.10,1396
2026-09-11 17:30,4409.10,4412.70,4407.40,4411.50,654
2026-09-11 17:35,4411.40,4411.80,4404.40,4404.70,721
2026-09-11 17:40,4404.70,4405.80,4402.10,4404.40,587
2026-09-11 17:45,4404.10,4404.60,4401.40,4404.00,326
2026-09-11 17:50,4403.90,4406.30,4403.20,4405.10,444
2026-09-11 17:55,4405.20,4405.50,4400.00,4400.60,360
2026-09-11 18:00,4400.50,4402.40,4399.50,4402.40,511
2026-09-11 18:05,4402.20,4402.40,4396.00,4396.20,528
2026-09-11 18:10,4396.10,4398.50,4387.10,4389.00,1505
2026-09-11 18:15,4389.00,4394.20,4386.80,4391.80,1230
2026-09-11 18:20,4391.80,4392.50,4385.80,4391.40,1081
2026-09-11 18:25,4391.10,4395.30,4391.00,4392.90,322
2026-09-11 18:30,4392.90,4393.90,4388.00,4390.30,299
2026-09-11 18:35,4390.50,4392.30,4389.00,4389.30,276
2026-09-11 18:40,4389.10,4391.40,4389.00,4389.20,146
2026-09-11 18:45,4389.10,4389.40,4386.30,4387.20,248
2026-09-11 18:50,4387.00,4388.60,4386.60,4387.30,306
2026-09-11 18:55,4387.10,4389.40,4386.70,4389.10,276
2026-09-11 19:00,4389.30,4390.40,4387.40,4389.60,341
2026-09-11 19:05,4389.90,4391.40,4386.30,4389.20,405
2026-09-11 19:10,4389.50,4394.10,4388.90,4394.10,616
2026-09-11 19:15,4393.80,4395.80,4391.20,4391.40,368
2026-09-11 19:20,4391.60,4393.80,4391.00,4393.80,289
2026-09-11 19:25,4393.80,4395.30,4389.60,4389.60,335
2026-09-11 19:30,4389.90,4390.60,4387.50,4389.50,283
2026-09-11 19:35,4389.50,4390.40,4388.20,4389.10,205
2026-09-11 19:40,4389.10,4390.50,4388.20,4388.90,359
2026-09-11 19:45,4388.50,4388.90,4385.40,4385.50,280
2026-09-11 19:50,4385.30,4388.30,4384.90,4387.60,516
2026-09-11 19:55,4387.40,4391.80,4387.40,4391.00,707
2026-09-11 20:00,4391.00,4393.80,4390.30,4391.40,264
2026-09-11 20:05,4390.90,4392.90,4390.90,4392.70,85
2026-09-11 20:10,4392.60,4392.90,4390.70,4391.10,74
2026-09-11 20:15,4390.80,4391.60,4388.60,4391.50,166
2026-09-11 20:20,4391.60,4392.70,4391.30,4391.70,61
2026-09-11 20:25,4391.60,4392.30,4390.60,4390.80,67
2026-09-11 20:30,4390.80,4391.20,4389.10,4390.00,95
2026-09-11 20:35,4389.80,4390.90,4389.40,4390.60,58
2026-09-11 20:40,4390.70,4390.70,4388.00,4388.70,100
2026-09-11 20:45,4388.80,4391.30,4388.40,4389.70,116
2026-09-11 20:50,4389.80,4390.60,4387.30,4390.60,278
2026-09-11 20:55,4390.10,4408.90,4389.70,4408.90,135
2026-09-13 22:10,4371.90,4374.70,4370.70,4372.00,491
2026-09-13 22:15,4371.50,4374.30,4369.90,4374.10,311
2026-09-13 22:20,4374.30,4375.30,4368.60,4369.40,346
2026-09-13 22:25,4369.50,4377.00,4369.50,4376.90,291
2026-09-13 22:30,4376.90,4378.70,4375.20,4377.20,175
2026-09-13 22:35,4376.90,4377.70,4375.50,4376.40,190
2026-09-13 22:40,4376.60,4378.00,4374.50,4377.70,145
2026-09-13 22:45,4378.00,4378.40,4376.50,4377.20,189
2026-09-13 22:50,4377.10,4380.90,4375.80,4380.10,628
2026-09-13 22:55,4380.00,4380.00,4378.30,4378.40,163
2026-09-13 23:00,4378.60,4383.00,4378.60,4381.90,266
2026-09-13 23:05,4381.70,4382.50,4381.20,4382.10,58
2026-09-13 23:10,4382.00,4382.90,4380.10,4380.10,221
2026-09-13 23:15,4380.30,4381.30,4378.20,4378.70,116
2026-09-13 23:20,4378.40,4379.00,4376.30,4378.90,112
2026-09-13 23:25,4378.60,4380.80,4377.80,4379.90,127
2026-09-13 23:30,4379.80,4382.90,4379.80,4381.90,83
2026-09-13 23:35,4382.40,4382.40,4379.40,4381.30,151
2026-09-13 23:40,4381.20,4382.30,4378.40,4379.40,60
2026-09-13 23:45,4378.40,4379.00,4372.90,4373.30,242
2026-09-13 23:50,4372.60,4375.70,4372.60,4375.00,78
2026-09-13 23:55,4374.40,4376.10,4372.70,4373.30,89
2026-09-14 00:00,4373.30,4376.60,4370.90,4374.80,350
2026-09-14 00:05,4375.50,4387.60,4375.50,4386.80,562
2026-09-14 00:10,4386.90,4388.80,4382.80,4384.00,403
2026-09-14 00:15,4385.40,4386.30,4381.10,4382.70,253
2026-09-14 00:20,4382.30,4382.30,4378.20,4379.50,147
2026-09-14 00:25,4380.40,4381.60,4374.30,4378.90,263
2026-09-14 00:30,4379.30,4381.80,4377.60,4380.40,197
2026-09-14 00:35,4380.40,4381.80,4374.10,4374.10,207
2026-09-14 00:40,4374.00,4379.70,4373.40,4379.10,300
2026-09-14 00:45,4379.30,4383.70,4378.50,4380.80,277
2026-09-14 00:50,4381.00,4383.80,4380.80,4383.80,272
2026-09-14 00:55,4384.00,4384.40,4379.30,4379.60,219
2026-09-14 01:00,4379.70,4385.90,4371.90,4372.40,1286
2026-09-14 01:05,4371.90,4378.20,4370.70,4377.50,628
2026-09-14 01:10,4378.00,4378.00,4370.60,4373.00,300
2026-09-14 01:15,4372.40,4374.90,4367.50,4368.10,400
2026-09-14 01:20,4368.40,4378.80,4367.10,4375.80,566
2026-09-14 01:25,4376.20,4379.10,4371.90,4376.70,343
2026-09-14 01:30,4376.30,4377.00,4369.30,4372.80,262
2026-09-14 01:35,4372.70,4386.30,4372.70,4385.40,767
2026-09-14 01:40,4385.30,4387.60,4378.30,4383.20,443
2026-09-14 01:45,4384.70,4390.10,4383.80,4387.00,473
2026-09-14 01:50,4387.30,4391.50,4383.90,4389.30,343
2026-09-14 01:55,4389.60,4396.50,4387.70,4394.50,550
2026-09-14 02:00,4394.40,4395.70,4389.80,4390.10,518
2026-09-14 02:05,4390.70,4396.20,4390.30,4393.80,405
2026-09-14 02:10,4394.20,4395.10,4389.70,4390.50,240
2026-09-14 02:15,4390.50,4391.10,4389.30,4391.00,96
2026-09-14 02:20,4390.20,4394.80,4390.10,4394.60,122
2026-09-14 02:25,4394.60,4395.30,4393.10,4393.20,131
2026-09-14 02:30,4393.70,4396.80,4391.80,4396.50,357
2026-09-14 02:35,4395.80,4395.90,4388.90,4389.10,293
2026-09-14 02:40,4389.00,4389.40,4384.50,4386.60,475
2026-09-14 02:45,4386.90,4389.40,4385.90,4385.90,237
2026-09-14 02:50,4386.10,4386.30,4378.80,4379.40,443
2026-09-14 02:55,4379.40,4379.50,4371.10,4371.80,626
2026-09-14 03:00,4371.50,4374.00,4368.30,4373.20,676
2026-09-14 03:05,4373.20,4376.90,4372.70,4376.60,339
2026-09-14 03:10,4376.60,4376.70,4373.30,4374.20,283
2026-09-14 03:15,4374.20,4376.70,4372.50,4376.10,201
2026-09-14 03:20,4376.70,4377.10,4374.70,4375.40,94
2026-09-14 03:25,4375.60,4376.20,4374.00,4375.10,98
2026-09-14 03:30,4375.50,4375.70,4370.50,4370.80,183
2026-09-14 03:35,4370.20,4373.40,4368.90,4372.40,315
2026-09-14 03:40,4372.10,4372.10,4367.20,4369.40,357
2026-09-14 03:45,4369.40,4373.60,4368.80,4373.10,230
2026-09-14 03:50,4372.90,4373.80,4370.50,4372.30,283
2026-09-14 03:55,4372.60,4373.40,4369.90,4370.60,121
2026-09-14 04:00,4370.60,4371.90,4370.00,4371.20,132
2026-09-14 04:05,4371.40,4371.60,4369.40,4370.80,84
2026-09-14 04:10,4370.60,4371.10,4369.30,4369.40,72
2026-09-14 04:15,4369.40,4370.30,4369.00,4369.50,73
2026-09-14 04:20,4369.50,4370.60,4369.30,4370.10,53
2026-09-14 04:25,4370.50,4371.90,4369.60,4371.80,143
2026-09-14 04:30,4371.80,4371.80,4367.90,4368.00,224
2026-09-14 04:35,4367.80,4370.00,4364.80,4366.80,675
2026-09-14 04:40,4366.50,4366.50,4363.40,4363.50,213
2026-09-14 04:45,4363.80,4366.00,4362.10,4365.30,285
2026-09-14 04:50,4365.30,4368.40,4363.30,4368.10,392
2026-09-14 04:55,4368.40,4371.80,4368.40,4369.60,341
2026-09-14 05:00,4369.80,4372.70,4367.00,4372.30,334
2026-09-14 05:05,4372.00,4372.50,4369.10,4369.10,258
2026-09-14 05:10,4369.00,4371.00,4366.70,4371.00,208
2026-09-14 05:15,4370.70,4372.40,4369.80,4370.20,114
2026-09-14 05:20,4370.00,4370.40,4366.50,4367.60,131
2026-09-14 05:25,4367.40,4369.20,4366.50,4366.50,147
2026-09-14 05:30,4366.90,4377.20,4365.40,4373.00,829
2026-09-14 05:35,4373.00,4377.40,4372.60,4375.60,322
2026-09-14 05:40,4375.80,4375.80,4366.50,4371.40,580
2026-09-14 05:45,4371.30,4374.20,4365.50,4366.40,486
2026-09-14 05:50,4366.60,4375.10,4363.50,4374.80,510
2026-09-14 05:55,4374.80,4378.10,4373.20,4378.10,484
2026-09-14 06:00,4377.90,4379.30,4374.90,4375.00,542
2026-09-14 06:05,4374.80,4376.70,4371.50,4371.50,331
2026-09-14 06:10,4371.30,4374.10,4367.40,4370.50,251
2026-09-14 06:15,4370.20,4371.20,4368.30,4370.70,189
2026-09-14 06:20,4370.60,4372.00,4367.40,4369.90,235
2026-09-14 06:25,4369.80,4373.00,4369.50,4370.90,152
2026-09-14 06:30,4370.40,4372.50,4369.60,4370.10,137
2026-09-14 06:35,4370.80,4372.90,4368.20,4368.20,281
2026-09-14 06:40,4368.20,4368.60,4365.70,4367.80,368
2026-09-14 06:45,4368.00,4370.50,4364.40,4364.50,433
2026-09-14 06:50,4364.50,4365.70,4362.60,4363.60,288
2026-09-14 06:55,4363.50,4363.70,4360.90,4362.50,299
2026-09-14 07:00,4362.40,4362.70,4357.90,4361.80,491
2026-09-14 07:05,4361.70,4363.70,4359.00,4359.00,418
2026-09-14 07:10,4358.90,4364.50,4358.90,4364.50,266
2026-09-14 07:15,4364.40,4364.40,4361.60,4364.30,193
2026-09-14 07:20,4363.40,4363.80,4359.50,4359.70,299
2026-09-14 07:25,4360.60,4362.00,4356.70,4357.30,494
2026-09-14 07:30,4357.20,4359.60,4356.30,4356.80,447
2026-09-14 07:35,4357.50,4358.10,4355.70,4357.10,320
2026-09-14 07:40,4357.20,4359.80,4356.80,4359.30,298
2026-09-14 07:45,4359.30,4362.20,4355.70,4358.10,505
2026-09-14 07:50,4358.10,4359.40,4350.50,4351.50,828
2026-09-14 07:55,4351.40,4352.50,4348.00,4350.70,596
2026-09-14 08:00,4350.90,4357.00,4350.80,4354.90,531
2026-09-14 08:05,4354.80,4358.40,4353.50,4356.00,385
2026-09-14 08:10,4356.40,4356.40,4352.50,4353.30,173
2026-09-14 08:15,4353.00,4353.20,4350.20,4351.00,209
2026-09-14 08:20,4351.10,4354.60,4351.00,4353.50,384
2026-09-14 08:25,4353.30,4353.80,4350.50,4350.70,229
2026-09-14 08:30,4350.00,4354.20,4349.50,4352.50,310
2026-09-14 08:35,4352.70,4356.10,4351.90,4353.40,328
2026-09-14 08:40,4353.30,4354.00,4349.50,4351.90,340
2026-09-14 08:45,4352.00,4353.50,4346.80,4349.30,262
2026-09-14 08:50,4349.20,4349.20,4345.60,4346.30,323
2026-09-14 08:55,4346.50,4347.20,4343.20,4346.60,758
2026-09-14 09:00,4346.30,4351.70,4344.80,4349.30,827
2026-09-14 09:05,4349.00,4351.80,4348.20,4350.20,321
2026-09-14 09:10,4349.60,4350.50,4344.90,4345.60,260
2026-09-14 09:15,4345.50,4345.90,4326.40,4332.60,2967
2026-09-14 09:20,4332.40,4333.20,4325.50,4327.50,1682
2026-09-14 09:25,4327.40,4328.30,4320.10,4327.90,1850
2026-09-14 09:30,4327.40,4329.20,4323.20,4327.30,1330
2026-09-14 09:35,4327.50,4328.40,4318.60,4322.00,1117
2026-09-14 09:40,4322.00,4328.00,4320.30,4321.00,1311
2026-09-14 09:45,4321.30,4324.00,4318.60,4321.30,767
2026-09-14 09:50,4321.60,4327.60,4317.30,4327.40,890
2026-09-14 09:55,4327.40,4328.00,4324.00,4325.20,683
2026-09-14 10:00,4325.10,4325.70,4317.80,4321.10,846
2026-09-14 10:05,4321.40,4325.80,4321.40,4325.60,460
2026-09-14 10:10,4325.60,4329.40,4325.20,4328.20,523
2026-09-14 10:15,4327.80,4330.90,4325.70,4329.70,621
2026-09-14 10:20,4329.70,4329.90,4325.80,4328.80,317
2026-09-14 10:25,4328.80,4332.40,4328.80,4330.90,433
2026-09-14 10:30,4331.00,4332.70,4328.90,4331.00,406
2026-09-14 10:35,4331.00,4333.70,4330.70,4333.30,354
2026-09-14 10:40,4333.20,4334.80,4332.90,4333.50,242
2026-09-14 10:45,4333.90,4334.70,4331.70,4332.70,343
2026-09-14 10:50,4332.70,4333.20,4330.90,4331.80,328
2026-09-14 10:55,4331.40,4336.50,4329.70,4334.40,670
2026-09-14 11:00,4334.40,4336.80,4333.20,4336.80,362
2026-09-14 11:05,4336.60,4336.80,4333.00,4335.00,453
2026-09-14 11:10,4334.70,4334.90,4331.20,4332.30,510
2026-09-14 11:15,4332.10,4335.60,4331.10,4335.40,342
2026-09-14 11:20,4335.80,4337.10,4334.20,4336.90,182
2026-09-14 11:25,4336.70,4336.80,4335.60,4336.30,180
2026-09-14 11:30,4336.10,4337.10,4334.20,4334.90,321
2026-09-14 11:35,4334.90,4335.10,4332.20,4333.00,357
2026-09-14 11:40,4333.30,4334.90,4332.00,4332.50,189
2026-09-14 11:45,4332.70,4333.60,4331.40,4333.40,221
2026-09-14 11:50,4333.20,4333.30,4326.40,4327.50,777
2026-09-14 11:55,4327.60,4328.30,4324.10,4326.90,621
2026-09-14 12:00,4327.10,4330.50,4325.10,4327.10,562
2026-09-14 12:05,4327.00,4334.20,4326.00,4333.70,483
2026-09-14 12:10,4333.40,4336.80,4332.00,4334.60,539
2026-09-14 12:15,4334.90,4337.70,4329.50,4330.10,1939
2026-09-14 12:20,4330.10,4330.60,4324.50,4325.90,967
2026-09-14 12:25,4325.90,4328.10,4322.90,4326.30,640
2026-09-14 12:30,4326.30,4329.30,4323.50,4328.20,639
2026-09-14 12:35,4328.40,4329.90,4313.00,4318.10,2721
2026-09-14 12:40,4317.80,4326.80,4315.90,4323.80,1517
2026-09-14 12:45,4323.60,4323.60,4316.30,4318.40,630
2026-09-14 12:50,4318.40,4319.10,4307.80,4309.80,1359
2026-09-14 12:55,4309.90,4312.10,4305.70,4310.80,1247
2026-09-14 13:00,4311.20,4312.90,4305.50,4307.50,1953
2026-09-14 13:05,4307.40,4310.40,4293.00,4300.00,3515
2026-09-14 13:10,4300.20,4308.50,4299.50,4306.10,1796
2026-09-14 13:15,4306.00,4313.00,4303.80,4312.40,1252
2026-09-14 13:20,4312.90,4317.50,4311.90,4316.00,981
2026-09-14 13:25,4315.90,4317.50,4311.00,4313.70,984
2026-09-14 13:30,4313.70,4318.40,4311.70,4312.00,1737
2026-09-14 13:35,4312.20,4315.00,4308.40,4308.50,843
2026-09-14 13:40,4308.50,4315.00,4306.50,4314.80,807
2026-09-14 13:45,4314.70,4321.20,4311.60,4316.50,1326
2026-09-14 13:50,4316.40,4321.90,4310.50,4312.90,1409
2026-09-14 13:55,4313.00,4315.70,4309.50,4312.20,837
2026-09-14 14:00,4312.10,4315.60,4306.00,4307.70,1631
2026-09-14 14:05,4307.50,4311.50,4304.70,4311.30,932
2026-09-14 14:10,4311.30,4322.50,4311.30,4322.10,1607
2026-09-14 14:15,4322.20,4323.40,4313.20,4316.40,1041
2026-09-14 14:20,4316.00,4316.30,4303.70,4305.10,1314
2026-09-14 14:25,4305.00,4310.40,4304.30,4310.40,1024
2026-09-14 14:30,4310.40,4311.60,4306.00,4311.30,922
2026-09-14 14:35,4311.60,4312.50,4308.20,4311.90,526
2026-09-14 14:40,4311.50,4317.40,4309.10,4317.00,686
2026-09-14 14:45,4317.50,4319.60,4316.50,4318.60,832
2026-09-14 14:50,4318.80,4319.60,4314.40,4317.00,1003
2026-09-14 14:55,4316.80,4320.10,4315.10,4320.10,585
2026-09-14 15:00,4320.20,4320.60,4313.10,4313.20,875
2026-09-14 15:05,4313.50,4327.80,4313.40,4320.90,3662
2026-09-14 15:10,4321.30,4323.70,4317.60,4317.60,581
2026-09-14 15:15,4317.50,4319.50,4313.20,4316.90,1077
2026-09-14 15:20,4316.50,4320.50,4315.00,4320.10,624
2026-09-14 15:25,4319.90,4325.60,4318.90,4324.30,776
2026-09-14 15:30,4324.30,4335.20,4323.60,4334.60,2680
2026-09-14 15:35,4334.50,4338.60,4330.50,4338.40,1793
2026-09-14 15:40,4338.50,4339.40,4333.50,4334.90,1663
2026-09-14 15:45,4335.40,4336.20,4328.80,4328.90,1192
2026-09-14 15:50,4329.40,4331.40,4327.20,4330.10,923
2026-09-14 15:55,4330.50,4332.30,4328.90,4329.10,643
2026-09-14 16:00,4329.30,4331.20,4327.30,4327.50,444
2026-09-14 16:05,4327.40,4335.60,4327.40,4335.60,874
2026-09-14 16:10,4335.80,4338.90,4334.90,4334.90,682
2026-09-14 16:15,4335.10,4340.00,4334.90,4339.50,809
2026-09-14 16:20,4339.60,4346.30,4338.00,4345.30,1143
2026-09-14 16:25,4345.40,4346.40,4340.70,4340.90,881
2026-09-14 16:30,4340.80,4346.70,4340.20,4341.70,759
2026-09-14 16:35,4341.70,4344.00,4340.70,4343.60,262
2026-09-14 16:40,4343.60,4348.90,4343.20,4346.90,668
2026-09-14 16:45,4347.00,4356.80,4345.60,4354.50,2717
2026-09-14 16:50,4354.80,4358.50,4353.10,4357.70,1401
2026-09-14 16:55,4357.90,4358.90,4355.40,4356.50,847
2026-09-14 17:00,4356.50,4357.40,4353.00,4355.60,699
2026-09-14 17:05,4355.30,4355.30,4352.60,4354.70,605
2026-09-14 17:10,4354.10,4356.30,4351.60,4351.90,682
2026-09-14 17:15,4351.50,4353.60,4349.70,4350.40,603
2026-09-14 17:20,4350.50,4352.60,4350.30,4351.60,403
2026-09-14 17:25,4351.80,4354.70,4350.30,4352.30,2295
2026-09-14 17:30,4352.30,4354.10,4349.50,4349.70,730
2026-09-14 17:35,4349.50,4352.20,4348.20,4351.60,378
2026-09-14 17:40,4351.80,4352.70,4349.80,4350.40,303
2026-09-14 17:45,4350.20,4351.90,4349.10,4349.50,382
2026-09-14 17:50,4349.50,4354.00,4348.90,4352.60,394
2026-09-14 17:55,4352.60,4354.30,4351.10,4351.60,521
2026-09-14 18:00,4351.70,4356.70,4350.20,4350.50,1114
2026-09-14 18:05,4350.60,4351.80,4348.70,4350.80,686
2026-09-14 18:10,4350.80,4353.20,4350.60,4353.20,180
2026-09-14 18:15,4352.70,4353.00,4351.50,4352.00,213
2026-09-14 18:20,4351.80,4352.40,4348.30,4348.50,243
2026-09-14 18:25,4348.40,4350.20,4346.60,4350.20,565
2026-09-14 18:30,4349.90,4353.60,4348.70,4351.70,439
2026-09-14 18:35,4352.30,4353.40,4351.20,4351.20,187
2026-09-14 18:40,4351.20,4351.50,4349.50,4349.90,217
2026-09-14 18:45,4349.50,4350.10,4347.30,4347.70,355
2026-09-14 18:50,4347.60,4347.80,4345.00,4347.00,572
2026-09-14 18:55,4346.70,4348.20,4345.70,4347.80,206
2026-09-14 19:00,4347.90,4348.30,4344.50,4346.70,594
2026-09-14 19:05,4346.80,4346.80,4343.10,4344.10,291
2026-09-14 19:10,4344.30,4347.20,4343.90,4346.40,238
2026-09-14 19:15,4346.30,4346.30,4340.70,4342.30,450
2026-09-14 19:20,4342.30,4342.80,4336.50,4338.00,447
2026-09-14 19:25,4337.90,4339.40,4337.00,4337.10,667
2026-09-14 19:30,4337.10,4338.00,4333.40,4333.80,564
2026-09-14 19:35,4333.90,4335.70,4332.60,4332.70,508
2026-09-14 19:40,4332.70,4333.00,4331.20,4332.40,371
2026-09-14 19:45,4332.40,4332.40,4328.50,4328.50,447
2026-09-14 19:50,4328.30,4328.80,4324.90,4327.00,754
2026-09-14 19:55,4326.70,4326.90,4323.20,4324.10,970
2026-09-14 20:00,4324.10,4325.40,4322.80,4325.30,416
2026-09-14 20:05,4325.30,4327.40,4325.30,4326.50,414
2026-09-14 20:10,4326.30,4329.20,4326.30,4328.40,301
2026-09-14 20:15,4328.50,4334.30,4328.40,4334.00,422
2026-09-14 20:20,4334.10,4336.90,4334.10,4336.50,398
2026-09-14 20:25,4336.70,4339.20,4336.70,4337.50,337
2026-09-14 20:30,4337.60,4340.40,4337.60,4340.00,178
2026-09-14 20:35,4339.90,4339.90,4335.50,4336.90,176
2026-09-14 20:40,4336.90,4337.50,4335.30,4335.70,56
2026-09-14 20:45,4335.60,4338.00,4335.60,4337.60,132
2026-09-14 20:50,4337.40,4338.50,4337.30,4338.50,77
2026-09-14 20:55,4338.30,4340.40,4338.30,4340.00,177
2026-09-14 22:00,4340.30,4343.60,4339.00,4340.00,0
2026-09-14 22:05,4340.20,4340.20,4337.20,4337.80,159
2026-09-14 22:10,4337.40,4338.20,4336.90,4337.20,97
2026-09-14 22:15,4337.60,4338.00,4336.40,4336.60,190
2026-09-14 22:20,4336.90,4338.40,4336.00,4336.50,440
2026-09-14 22:25,4336.70,4336.80,4332.60,4336.20,350
2026-09-14 22:30,4336.10,4338.30,4335.80,4337.40,119
2026-09-14 22:35,4337.50,4339.20,4334.10,4336.40,439
2026-09-14 22:40,4336.40,4338.70,4334.00,4336.20,904
2026-09-14 22:45,4336.30,4336.80,4335.10,4335.80,98
2026-09-14 22:50,4335.90,4338.90,4334.50,4336.80,480
2026-09-14 22:55,4336.80,4337.90,4333.80,4335.90,739
2026-09-14 23:00,4335.80,4338.10,4333.60,4334.80,446
2026-09-14 23:05,4334.20,4335.70,4332.80,4333.80,427
2026-09-14 23:10,4333.90,4334.80,4330.80,4332.50,638
2026-09-14 23:15,4332.90,4332.90,4329.30,4330.00,353
2026-09-14 23:20,4330.10,4331.20,4327.50,4330.70,372
2026-09-14 23:25,4330.90,4331.20,4327.50,4330.50,517
2026-09-14 23:30,4330.30,4332.30,4328.20,4331.30,340
2026-09-14 23:35,4331.10,4331.80,4328.60,4330.00,235
2026-09-14 23:40,4329.80,4332.40,4329.00,4329.90,320
2026-09-14 23:45,4330.00,4330.00,4327.80,4328.80,167
2026-09-14 23:50,4329.50,4329.70,4327.70,4328.40,147
2026-09-14 23:55,4328.40,4329.60,4328.10,4329.00,47
2026-09-15 00:00,4328.90,4329.70,4327.00,4327.00,234
2026-09-15 00:05,4326.80,4329.00,4324.20,4327.20,218
2026-09-15 00:10,4327.10,4327.50,4324.50,4327.50,133
2026-09-15 00:15,4327.30,4330.80,4325.10,4325.30,359
2026-09-15 00:20,4325.50,4328.20,4324.20,4328.00,288
2026-09-15 00:25,4328.00,4330.30,4326.40,4328.90,378
2026-09-15 00:30,4328.60,4329.80,4323.80,4325.20,266
2026-09-15 00:35,4324.90,4331.40,4324.60,4330.90,373
2026-09-15 00:40,4330.80,4333.80,4330.20,4333.30,335
2026-09-15 00:45,4333.60,4335.30,4332.50,4334.70,178
2026-09-15 00:50,4334.80,4337.30,4334.30,4334.90,270
2026-09-15 00:55,4334.80,4334.90,4333.30,4333.60,237
2026-09-15 01:00,4333.80,4338.80,4328.40,4336.40,1032
2026-09-15 01:05,4336.30,4338.90,4333.20,4334.00,412
2026-09-15 01:10,4334.20,4340.10,4333.90,4339.80,323
2026-09-15 01:15,4339.70,4346.00,4339.30,4344.20,762
2026-09-15 01:20,4344.20,4344.70,4341.70,4342.20,348
2026-09-15 01:25,4342.10,4343.10,4340.10,4341.80,281
2026-09-15 01:30,4342.10,4347.00,4341.60,4342.40,515
2026-09-15 01:35,4342.30,4342.60,4335.50,4337.50,549
2026-09-15 01:40,4337.70,4339.70,4335.20,4339.10,376
2026-09-15 01:45,4338.60,4341.80,4336.40,4340.20,503
2026-09-15 01:50,4339.40,4339.80,4333.90,4339.20,389
2026-09-15 01:55,4339.40,4344.90,4339.00,4344.10,278
2026-09-15 02:00,4344.50,4352.10,4344.40,4347.20,1003
2026-09-15 02:05,4346.80,4349.10,4346.30,4347.20,904
2026-09-15 02:10,4347.90,4348.30,4345.20,4347.50,279
2026-09-15 02:15,4347.50,4347.90,4345.60,4347.00,255
2026-09-15 02:20,4347.20,4349.00,4346.20,4348.50,179
2026-09-15 02:25,4348.40,4350.50,4348.00,4350.40,254
2026-09-15 02:30,4350.90,4352.90,4347.60,4352.20,499
2026-09-15 02:35,4352.20,4355.80,4349.60,4355.50,477
2026-09-15 02:40,4355.60,4358.20,4351.60,4352.10,583
2026-09-15 02:45,4351.90,4357.90,4351.80,4357.40,455
2026-09-15 02:50,4357.30,4357.70,4352.00,4352.80,357
2026-09-15 02:55,4352.70,4355.10,4352.40,4354.90,207
2026-09-15 03:00,4354.80,4355.20,4350.50,4352.80,518
2026-09-15 03:05,4352.80,4354.70,4352.00,4354.20,190
2026-09-15 03:10,4354.30,4354.60,4351.00,4351.10,126
2026-09-15 03:15,4351.30,4353.90,4350.40,4352.40,277
2026-09-15 03:20,4352.40,4354.90,4351.00,4351.30,696
2026-09-15 03:25,4351.30,4352.60,4350.50,4351.50,269
2026-09-15 03:30,4351.50,4353.60,4351.40,4353.40,315
2026-09-15 03:35,4353.60,4354.10,4349.80,4350.00,448
2026-09-15 03:40,4349.70,4351.00,4348.70,4349.30,576
2026-09-15 03:45,4348.90,4350.70,4346.20,4346.30,301
2026-09-15 03:50,4346.20,4346.70,4344.30,4344.90,344
2026-09-15 03:55,4345.00,4345.70,4343.90,4345.10,329
2026-09-15 04:00,4344.00,4344.90,4343.10,4343.60,167
2026-09-15 04:05,4343.80,4347.00,4343.30,4346.30,455
2026-09-15 04:10,4346.30,4350.40,4345.00,4348.00,760
2026-09-15 04:15,4348.20,4349.40,4344.00,4344.80,285
2026-09-15 04:20,4344.80,4345.60,4343.40,4343.70,141
2026-09-15 04:25,4343.50,4344.70,4343.20,4344.00,135
2026-09-15 04:30,4344.20,4345.00,4343.10,4343.40,192
2026-09-15 04:35,4343.30,4345.40,4341.30,4345.10,912
2026-09-15 04:40,4345.10,4346.50,4343.80,4345.40,223
2026-09-15 04:45,4345.20,4347.30,4344.30,4345.80,205
2026-09-15 04:50,4345.50,4346.40,4344.60,4345.90,234
2026-09-15 04:55,4346.00,4348.10,4344.70,4344.80,200
2026-09-15 05:00,4344.90,4347.90,4342.70,4342.90,221
2026-09-15 05:05,4343.00,4343.90,4341.50,4342.20,181
2026-09-15 05:10,4342.00,4342.50,4340.40,4341.60,187
2026-09-15 05:15,4341.70,4341.90,4338.70,4340.30,293
2026-09-15 05:20,4340.30,4341.40,4337.00,4337.70,274
2026-09-15 05:25,4337.80,4338.40,4336.50,4337.20,218
2026-09-15 05:30,4337.00,4340.00,4329.10,4333.40,1099
2026-09-15 05:35,4333.50,4334.90,4331.80,4334.40,418
2026-09-15 05:40,4334.00,4337.40,4333.90,4336.40,323
2026-09-15 05:45,4336.40,4340.10,4334.60,4334.90,297
2026-09-15 05:50,4335.10,4338.90,4334.30,4335.40,278
2026-09-15 05:55,4335.00,4335.00,4331.00,4331.20,310
2026-09-15 06:00,4331.10,4334.70,4330.80,4331.90,483
2026-09-15 06:05,4331.70,4331.70,4326.00,4328.80,878
2026-09-15 06:10,4329.10,4330.80,4326.20,4330.10,449
2026-09-15 06:15,4330.20,4332.60,4329.30,4330.00,278
2026-09-15 06:20,4330.40,4331.80,4328.50,4329.90,265
2026-09-15 06:25,4329.70,4330.30,4327.30,4329.50,266
2026-09-15 06:30,4329.50,4329.70,4325.90,4327.00,271
2026-09-15 06:35,4327.20,4331.40,4327.20,4330.90,222
2026-09-15 06:40,4331.00,4331.00,4328.50,4330.70,398
2026-09-15 06:45,4330.80,4335.30,4330.70,4332.60,987
2026-09-15 06:50,4332.60,4334.20,4332.20,4333.00,347
2026-09-15 06:55,4332.60,4335.10,4332.10,4333.60,422
2026-09-15 07:00,4333.50,4335.70,4329.50,4331.70,997
2026-09-15 07:05,4331.50,4332.40,4328.90,4331.00,301
2026-09-15 07:10,4331.50,4332.00,4326.90,4328.30,332
2026-09-15 07:15,4328.50,4332.30,4328.30,4331.70,211
2026-09-15 07:20,4331.80,4331.80,4327.90,4329.00,316
2026-09-15 07:25,4329.40,4332.60,4328.00,4332.10,448
2026-09-15 07:30,4332.40,4333.30,4330.40,4330.70,180
2026-09-15 07:35,4330.40,4330.50,4325.10,4326.00,334
2026-09-15 07:40,4326.20,4327.10,4320.60,4324.10,1008
2026-09-15 07:45,4324.20,4330.80,4323.80,4325.50,1034
2026-09-15 07:50,4325.30,4325.40,4316.80,4318.30,659
2026-09-15 07:55,4318.10,4320.90,4316.60,4320.70,495
2026-09-15 08:00,4320.80,4320.90,4305.70,4307.10,1551
2026-09-15 08:05,4307.40,4309.10,4304.50,4305.50,1048
2026-09-15 08:10,4305.50,4308.70,4304.00,4308.30,934
2026-09-15 08:15,4308.00,4314.70,4307.30,4314.70,679
2026-09-15 08:20,4314.20,4315.50,4312.10,4312.10,434
2026-09-15 08:25,4312.30,4316.00,4311.50,4313.80,518
2026-09-15 08:30,4313.80,4315.20,4312.10,4313.60,378
2026-09-15 08:35,4314.30,4315.30,4310.40,4311.10,360
2026-09-15 08:40,4311.30,4311.30,4307.80,4307.90,312
2026-09-15 08:45,4308.40,4310.50,4306.50,4307.00,245
2026-09-15 08:50,4307.20,4309.00,4306.80,4307.90,375
2026-09-15 08:55,4308.00,4309.10,4301.70,4302.80,838
2026-09-15 09:00,4303.10,4307.10,4302.30,4306.70,510
2026-09-15 09:05,4306.40,4307.80,4305.00,4306.10,494
2026-09-15 09:10,4306.10,4307.60,4304.00,4306.00,635
2026-09-15 09:15,4305.90,4308.10,4301.60,4302.50,644
2026-09-15 09:20,4302.70,4307.00,4302.10,4304.90,794
2026-09-15 09:25,4304.70,4309.50,4302.80,4307.10,731
2026-09-15 09:30,4306.80,4307.90,4304.90,4306.90,623
2026-09-15 09:35,4306.40,4309.40,4305.20,4309.00,658
2026-09-15 09:40,4308.80,4312.40,4308.20,4309.50,716
2026-09-15 09:45,4309.70,4312.10,4308.40,4310.50,517
2026-09-15 09:50,4310.70,4311.50,4308.80,4311.00,312
2026-09-15 09:55,4310.80,4310.90,4307.90,4308.70,207
2026-09-15 10:00,4308.80,4313.70,4308.80,4312.30,401
2026-09-15 10:05,4311.90,4316.30,4311.90,4314.70,498
2026-09-15 10:10,4314.40,4318.40,4312.20,4313.40,805
2026-09-15 10:15,4313.60,4313.60,4310.30,4312.00,311
2026-09-15 10:20,4311.70,4315.10,4310.50,4314.70,358
2026-09-15 10:25,4314.60,4314.60,4313.10,4314.40,170
2026-09-15 10:30,4314.60,4315.60,4313.80,4315.10,241
2026-09-15 10:35,4314.90,4316.30,4313.60,4314.10,304
2026-09-15 10:40,4314.20,4317.30,4313.50,4314.80,354
2026-09-15 10:45,4315.00,4317.40,4314.40,4317.10,364
2026-09-15 10:50,4317.10,4322.70,4317.10,4322.20,862
2026-09-15 10:55,4322.00,4324.00,4321.10,4321.80,549
2026-09-15 11:00,4321.20,4322.20,4319.90,4320.20,258
2026-09-15 11:05,4320.50,4322.40,4318.80,4322.30,395
2026-09-15 11:10,4322.40,4324.00,4321.70,4323.80,414
2026-09-15 11:15,4323.90,4325.70,4323.20,4323.60,589
2026-09-15 11:20,4323.40,4325.40,4322.80,4323.80,427
2026-09-15 11:25,4324.00,4324.50,4322.40,4323.30,169
2026-09-15 11:30,4323.20,4324.30,4321.40,4324.30,206
2026-09-15 11:35,4324.70,4325.30,4320.50,4320.90,336
2026-09-15 11:40,4321.00,4323.80,4320.10,4322.50,298
2026-09-15 11:45,4322.50,4325.30,4322.50,4323.50,401
2026-09-15 11:50,4323.40,4325.10,4322.30,4322.80,300
2026-09-15 11:55,4322.70,4326.70,4322.10,4324.40,524
2026-09-15 12:00,4324.40,4324.80,4321.20,4324.30,468
2026-09-15 12:05,4324.20,4324.50,4317.00,4317.60,580
2026-09-15 12:10,4317.40,4318.90,4315.60,4318.50,448
2026-09-15 12:15,4318.30,4319.00,4313.30,4314.00,534
2026-09-15 12:20,4313.80,4314.50,4311.00,4313.10,878
2026-09-15 12:25,4312.80,4318.30,4312.30,4317.60,623
2026-09-15 12:30,4317.40,4322.70,4314.30,4322.50,625
2026-09-15 12:35,4322.80,4325.70,4318.60,4318.90,1415
2026-09-15 12:40,4318.90,4321.20,4317.80,4321.20,462
2026-09-15 12:45,4321.00,4331.10,4320.80,4330.40,1572
2026-09-15 12:50,4330.30,4334.30,4327.10,4333.30,1012
2026-09-15 12:55,4333.70,4336.30,4325.50,4330.60,1930
2026-09-15 13:00,4330.20,4334.60,4329.30,4332.80,1187
2026-09-15 13:05,4333.00,4333.00,4323.60,4325.30,921
2026-09-15 13:10,4325.30,4329.50,4325.10,4326.80,598
2026-09-15 13:15,4326.90,4329.90,4325.50,4327.30,528
2026-09-15 13:20,4327.40,4332.40,4323.30,4332.20,1086
2026-09-15 13:25,4332.40,4333.40,4326.90,4327.40,870
2026-09-15 13:30,4327.60,4331.60,4324.00,4326.50,1234
2026-09-15 13:35,4326.80,4334.00,4326.10,4326.40,1340
2026-09-15 13:40,4326.20,4330.30,4325.00,4329.60,523
2026-09-15 13:45,4329.00,4335.60,4328.00,4334.80,1012
2026-09-15 13:50,4334.80,4337.90,4331.90,4335.30,1386
2026-09-15 13:55,4335.30,4338.50,4334.10,4334.60,763
2026-09-15 14:00,4334.60,4339.00,4333.90,4334.70,1259
2026-09-15 14:05,4334.80,4340.70,4333.60,4337.80,1189
2026-09-15 14:10,4337.70,4338.30,4333.40,4334.50,763
2026-09-15 14:15,4334.70,4335.80,4329.80,4334.00,805
2026-09-15 14:20,4334.10,4335.10,4325.60,4328.80,1082
2026-09-15 14:25,4328.80,4329.70,4322.30,4324.40,923
2026-09-15 14:30,4324.30,4325.20,4319.40,4323.90,1128
2026-09-15 14:35,4323.80,4326.20,4315.70,4317.60,1378
2026-09-15 14:40,4317.80,4319.10,4316.10,4318.10,1029
2026-09-15 14:45,4317.90,4322.80,4316.70,4318.10,799
2026-09-15 14:50,4318.10,4320.90,4313.00,4320.10,1725
2026-09-15 14:55,4320.10,4320.10,4314.50,4316.80,825
2026-09-15 15:00,4316.90,4322.90,4316.60,4322.80,772
2026-09-15 15:05,4323.00,4324.40,4320.80,4322.50,777
2026-09-15 15:10,4322.20,4326.30,4321.50,4325.40,557
2026-09-15 15:15,4325.20,4327.90,4323.50,4326.60,738
2026-09-15 15:20,4326.50,4327.40,4322.50,4325.50,562
2026-09-15 15:25,4325.40,4326.50,4323.60,4324.10,357
2026-09-15 15:30,4324.20,4325.90,4321.70,4325.20,690
2026-09-15 15:35,4325.40,4328.40,4324.40,4327.90,637
2026-09-15 15:40,4327.80,4330.80,4327.20,4328.10,457
2026-09-15 15:45,4328.10,4329.10,4325.30,4326.60,552
2026-09-15 15:50,4326.70,4332.10,4326.70,4330.30,1359
2026-09-15 15:55,4330.20,4335.20,4328.30,4329.90,1340
2026-09-15 16:00,4329.60,4331.50,4328.30,4331.40,554
2026-09-15 16:05,4331.30,4331.80,4329.10,4330.70,294
2026-09-15 16:10,4330.90,4331.10,4326.20,4326.20,570
2026-09-15 16:15,4326.30,4328.70,4325.40,4328.70,316
2026-09-15 16:20,4328.50,4337.00,4327.90,4336.20,1069
2026-09-15 16:25,4336.60,4337.30,4334.60,4335.90,828
2026-09-15 16:30,4335.70,4338.20,4333.00,4333.20,753
2026-09-15 16:35,4333.20,4336.20,4331.60,4335.60,1147
2026-09-15 16:40,4335.00,4337.10,4333.20,4336.80,351
2026-09-15 16:45,4336.90,4337.80,4335.30,4335.60,374
2026-09-15 16:50,4335.50,4338.40,4335.30,4337.70,528
2026-09-15 16:55,4337.90,4337.90,4335.20,4335.60,609
2026-09-15 17:00,4335.80,4336.90,4331.30,4331.70,1174
2026-09-15 17:05,4331.60,4334.20,4330.50,4332.90,519
2026-09-15 17:10,4333.20,4339.70,4332.90,4335.40,1049
2026-09-15 17:15,4335.60,4337.10,4334.10,4336.40,717
2026-09-15 17:20,4336.40,4336.90,4332.60,4333.40,698
2026-09-15 17:25,4333.50,4335.80,4331.90,4333.70,1812
2026-09-15 17:30,4333.60,4338.60,4333.40,4337.80,726
2026-09-15 17:35,4337.90,4339.80,4336.00,4336.30,1099
2026-09-15 17:40,4336.30,4336.50,4332.70,4333.80,364
2026-09-15 17:45,4334.00,4336.50,4333.70,4335.60,274
2026-09-15 17:50,4335.50,4336.90,4334.50,4335.70,380
2026-09-15 17:55,4335.80,4336.30,4334.70,4335.30,313
2026-09-15 18:00,4335.50,4336.30,4332.90,4335.30,572
2026-09-15 18:05,4335.10,4339.00,4334.90,4336.80,521
2026-09-15 18:10,4336.90,4344.70,4336.40,4342.40,1393
2026-09-15 18:15,4342.80,4347.20,4342.40,4345.40,1201
2026-09-15 18:20,4345.70,4345.70,4343.60,4345.00,484
2026-09-15 18:25,4344.80,4346.60,4343.80,4345.00,340
2026-09-15 18:30,4344.90,4345.10,4342.00,4343.20,383
2026-09-15 18:35,4343.40,4343.90,4341.80,4343.80,167
2026-09-15 18:40,4343.50,4348.80,4343.30,4344.90,857
2026-09-15 18:45,4345.10,4348.40,4344.30,4347.00,215
2026-09-15 18:50,4347.30,4350.60,4347.20,4348.80,485
2026-09-15 18:55,4348.70,4348.80,4346.50,4348.70,254
2026-09-15 19:00,4348.70,4350.80,4344.70,4344.70,670
2026-09-15 19:05,4344.80,4345.20,4342.00,4343.80,338
2026-09-15 19:10,4344.00,4344.40,4339.90,4339.90,357
2026-09-15 19:15,4339.90,4342.00,4339.10,4339.70,318
2026-09-15 19:20,4339.90,4341.40,4337.80,4341.00,321
2026-09-15 19:25,4340.70,4341.60,4339.80,4340.90,139
2026-09-15 19:30,4340.60,4342.10,4338.30,4339.40,198
2026-09-15 19:35,4339.20,4339.50,4337.90,4338.50,165
2026-09-15 19:40,4338.10,4338.50,4336.30,4336.40,355
2026-09-15 19:45,4336.10,4339.60,4335.90,4338.50,347
2026-09-15 19:50,4338.40,4339.30,4335.30,4336.20,343
2026-09-15 19:55,4336.10,4337.70,4333.70,4337.30,947
2026-09-15 20:00,4337.30,4338.80,4335.90,4336.00,228
2026-09-15 20:05,4336.10,4337.90,4335.50,4337.40,442
2026-09-15 20:10,4337.70,4338.40,4335.20,4336.10,195
2026-09-15 20:15,4336.10,4336.40,4335.10,4335.90,109
2026-09-15 20:20,4335.60,4336.70,4334.30,4334.90,212
2026-09-15 20:25,4334.70,4335.00,4333.70,4334.10,249
2026-09-15 20:30,4334.30,4335.90,4332.00,4332.10,262
2026-09-15 20:35,4332.70,4332.90,4331.60,4332.60,116
2026-09-15 20:40,4332.40,4333.30,4331.90,4332.80,84
2026-09-15 20:45,4332.90,4333.10,4332.20,4332.50,54
2026-09-15 20:50,4332.40,4334.20,4331.80,4332.70,204
2026-09-15 20:55,4332.50,4334.30,4332.50,4333.40,105
2026-09-15 22:00,4333.50,4335.90,4333.30,4335.00,0
2026-09-15 22:05,4334.80,4335.30,4334.20,4335.20,160
2026-09-15 22:10,4334.80,4335.40,4331.90,4332.60,273
2026-09-15 22:15,4332.70,4333.70,4331.40,4331.40,275
2026-09-15 22:20,4331.30,4334.60,4330.90,4334.00,661
2026-09-15 22:25,4334.00,4339.10,4333.80,4339.00,1098
2026-09-15 22:30,4339.10,4339.50,4335.60,4337.70,454
2026-09-15 22:35,4337.70,4338.60,4337.50,4338.00,129
2026-09-15 22:40,4338.00,4338.00,4334.90,4335.40,130
2026-09-15 22:45,4335.30,4335.90,4334.30,4334.40,163
2026-09-15 22:50,4334.60,4335.10,4333.40,4333.40,161
2026-09-15 22:55,4333.50,4333.70,4329.20,4329.20,1008
2026-09-15 23:00,4329.10,4329.70,4324.80,4325.10,587
2026-09-15 23:05,4325.40,4327.50,4325.40,4325.90,186
2026-09-15 23:10,4326.10,4328.80,4325.40,4326.40,394
2026-09-15 23:15,4326.10,4327.30,4325.50,4326.90,174
2026-09-15 23:20,4327.10,4327.30,4324.30,4324.90,187
2026-09-15 23:25,4325.10,4326.00,4322.00,4324.40,557
2026-09-15 23:30,4324.00,4328.10,4322.90,4327.00,797
2026-09-15 23:35,4327.10,4328.00,4323.20,4325.60,805
2026-09-15 23:40,4325.50,4326.50,4324.30,4325.60,249
2026-09-15 23:45,4325.10,4327.00,4324.00,4324.00,162
2026-09-15 23:50,4324.10,4325.30,4323.80,4324.30,442
2026-09-15 23:55,4324.00,4324.00,4321.20,4323.30,792
2026-09-16 00:00,4323.90,4324.10,4320.70,4320.70,223
2026-09-16 00:05,4321.10,4325.10,4321.10,4322.00,298
2026-09-16 00:10,4321.80,4323.30,4320.90,4322.80,142
2026-09-16 00:15,4323.10,4326.00,4322.10,4325.70,187
2026-09-16 00:20,4325.80,4326.50,4323.60,4325.70,177
2026-09-16 00:25,4325.40,4325.60,4323.60,4324.40,77
2026-09-16 00:30,4324.80,4324.90,4319.70,4321.50,215
2026-09-16 00:35,4321.80,4321.90,4319.70,4321.40,100
2026-09-16 00:40,4321.60,4325.90,4320.80,4323.70,577
2026-09-16 00:45,4323.60,4325.20,4322.40,4323.00,348
2026-09-16 00:50,4322.90,4322.90,4317.60,4317.90,617
2026-09-16 00:55,4318.10,4318.50,4315.20,4317.10,748
2026-09-16 01:00,4317.10,4324.70,4316.30,4319.90,1197
2026-09-16 01:05,4319.50,4322.30,4318.00,4321.40,603
2026-09-16 01:10,4320.70,4327.60,4318.90,4327.00,423
2026-09-16 01:15,4327.10,4329.80,4324.10,4327.00,941
2026-09-16 01:20,4327.10,4330.70,4327.00,4330.40,542
2026-09-16 01:25,4330.50,4333.30,4328.60,4330.10,490
2026-09-16 01:30,4330.10,4331.20,4327.50,4328.80,198
2026-09-16 01:35,4329.10,4329.60,4325.70,4325.70,295
2026-09-16 01:40,4325.60,4330.30,4325.20,4328.10,355
2026-09-16 01:45,4327.90,4328.60,4324.60,4327.40,353
2026-09-16 01:50,4327.30,4328.50,4323.30,4324.80,484
2026-09-16 01:55,4324.60,4326.40,4319.40,4321.80,439
2026-09-16 02:00,4322.00,4327.00,4321.40,4327.00,208
2026-09-16 02:05,4327.20,4328.90,4323.90,4328.60,319
2026-09-16 02:10,4328.80,4334.60,4328.80,4332.00,989
2026-09-16 02:15,4331.80,4334.70,4329.70,4331.20,1095
2026-09-16 02:20,4331.20,4335.30,4330.40,4335.30,365
2026-09-16 02:25,4335.50,4340.50,4334.90,4338.80,586
2026-09-16 02:30,4338.90,4351.90,4338.30,4350.50,2033
2026-09-16 02:35,4350.60,4356.70,4349.70,4351.80,1538
2026-09-16 02:40,4351.90,4354.40,4351.10,4351.30,821
2026-09-16 02:45,4351.60,4356.20,4351.20,4355.60,558
2026-09-16 02:50,4355.90,4357.40,4354.00,4356.90,1023
2026-09-16 02:55,4357.10,4363.90,4356.20,4362.10,1623
2026-09-16 03:00,4362.30,4369.80,4361.90,4369.00,1432
2026-09-16 03:05,4368.90,4371.40,4366.10,4367.40,1273
2026-09-16 03:10,4367.90,4379.70,4367.00,4378.00,1774
2026-09-16 03:15,4378.10,4380.70,4376.50,4376.50,855
2026-09-16 03:20,4376.80,4381.90,4375.80,4377.20,814
2026-09-16 03:25,4377.50,4379.00,4372.60,4372.60,859
2026-09-16 03:30,4372.50,4373.40,4369.40,4370.10,647
2026-09-16 03:35,4370.30,4370.30,4366.90,4368.00,411
2026-09-16 03:40,4368.30,4370.20,4366.70,4367.90,301
2026-09-16 03:45,4368.00,4368.90,4363.90,4364.20,558
2026-09-16 03:50,4364.20,4367.50,4363.30,4367.50,268
2026-09-16 03:55,4366.80,4368.20,4366.00,4367.20,136
2026-09-16 04:00,4368.00,4369.20,4367.20,4368.40,200
2026-09-16 04:05,4368.20,4368.20,4366.40,4367.10,176
2026-09-16 04:10,4367.20,4368.70,4366.30,4367.60,177
2026-09-16 04:15,4367.90,4368.20,4364.00,4364.60,186
2026-09-16 04:20,4364.70,4369.20,4364.50,4367.40,211
2026-09-16 04:25,4367.30,4367.90,4365.80,4366.60,114
2026-09-16 04:30,4366.40,4369.10,4365.60,4365.90,157
2026-09-16 04:35,4366.10,4366.60,4365.50,4366.60,71
2026-09-16 04:40,4366.80,4367.00,4363.50,4363.80,117
2026-09-16 04:45,4363.70,4364.40,4361.70,4361.90,245
2026-09-16 04:50,4361.90,4362.90,4361.50,4362.20,100
2026-09-16 04:55,4362.10,4363.20,4361.70,4362.60,121
2026-09-16 05:00,4362.80,4363.60,4361.70,4363.50,145
2026-09-16 05:05,4363.80,4365.30,4363.10,4364.10,349
2026-09-16 05:10,4364.50,4365.40,4361.90,4362.50,341
2026-09-16 05:15,4362.50,4366.80,4362.40,4366.50,202
2026-09-16 05:20,4366.40,4367.10,4364.10,4364.30,201
2026-09-16 05:25,4364.40,4367.70,4364.00,4365.70,232
2026-09-16 05:30,4365.90,4369.90,4365.00,4369.00,548
2026-09-16 05:35,4369.20,4371.40,4367.50,4369.20,354
2026-09-16 05:40,4369.60,4373.40,4368.60,4373.40,327
2026-09-16 05:45,4373.40,4374.30,4368.30,4369.50,381
2026-09-16 05:50,4369.50,4372.40,4369.40,4370.20,245
2026-09-16 05:55,4369.80,4371.30,4366.90,4366.90,219
2026-09-16 06:00,4366.90,4372.40,4362.30,4362.70,898
2026-09-16 06:05,4362.70,4365.40,4361.70,4364.40,253
2026-09-16 06:10,4364.40,4367.60,4364.30,4366.10,273
2026-09-16 06:15,4366.10,4367.10,4365.00,4367.00,229
2026-09-16 06:20,4367.20,4370.40,4366.70,4367.90,454
2026-09-16 06:25,4368.00,4368.10,4365.70,4367.00,193
2026-09-16 06:30,4366.80,4367.50,4364.80,4365.30,283
2026-09-16 06:35,4364.90,4366.90,4364.00,4365.70,282
2026-09-16 06:40,4365.20,4368.40,4364.50,4368.20,193
2026-09-16 06:45,4368.00,4368.50,4365.20,4367.90,282
2026-09-16 06:50,4368.00,4370.70,4366.80,4368.50,377
2026-09-16 06:55,4368.40,4373.40,4368.40,4373.20,372
2026-09-16 07:00,4372.70,4376.20,4372.00,4374.80,564
2026-09-16 07:05,4374.80,4374.80,4370.00,4373.50,451
2026-09-16 07:10,4373.50,4375.70,4371.60,4375.50,393
2026-09-16 07:15,4376.00,4378.00,4373.10,4373.20,441
2026-09-16 07:20,4373.30,4376.30,4372.30,4374.80,194
2026-09-16 07:25,4374.30,4376.20,4372.60,4375.80,174
2026-09-16 07:30,4375.90,4377.40,4374.00,4375.90,261
2026-09-16 07:35,4376.00,4378.80,4375.90,4377.90,322
2026-09-16 07:40,4378.30,4379.10,4374.50,4375.80,468
2026-09-16 07:45,4376.10,4377.70,4373.50,4373.60,462
2026-09-16 07:50,4373.70,4373.90,4368.80,4369.10,565
2026-09-16 07:55,4368.80,4370.30,4368.20,4369.00,482
2026-09-16 08:00,4369.00,4369.30,4364.40,4365.60,937
2026-09-16 08:05,4365.80,4366.10,4363.60,4365.00,337
2026-09-16 08:10,4364.60,4367.70,4362.60,4367.40,613
2026-09-16 08:15,4367.10,4375.50,4366.40,4372.20,1649
2026-09-16 08:20,4372.10,4377.70,4371.00,4374.80,1098
2026-09-16 08:25,4374.70,4375.10,4373.10,4374.30,361
2026-09-16 08:30,4374.40,4374.60,4366.30,4368.80,675
2026-09-16 08:35,4368.90,4369.80,4364.70,4365.10,476
2026-09-16 08:40,4365.30,4369.20,4363.90,4368.80,254
2026-09-16 08:45,4368.90,4369.60,4367.60,4367.70,316
2026-09-16 08:50,4367.30,4370.80,4365.20,4369.80,480
2026-09-16 08:55,4369.80,4372.20,4369.50,4371.10,376
2026-09-16 09:00,4371.20,4373.10,4370.50,4371.50,369
2026-09-16 09:05,4372.10,4373.30,4370.60,4372.10,178
2026-09-16 09:10,4372.30,4373.50,4371.50,4372.80,485
2026-09-16 09:15,4373.00,4375.00,4369.90,4370.90,623
2026-09-16 09:20,4370.70,4371.70,4368.30,4368.40,377
2026-09-16 09:25,4368.30,4374.50,4368.30,4370.60,1101
2026-09-16 09:30,4370.30,4376.30,4370.30,4374.80,826
2026-09-16 09:35,4374.90,4377.00,4373.80,4376.00,475
2026-09-16 09:40,4375.60,4378.40,4374.90,4376.10,586
2026-09-16 09:45,4376.10,4376.50,4372.20,4375.40,368
2026-09-16 09:50,4376.10,4376.90,4375.10,4376.40,354
2026-09-16 09:55,4376.40,4380.30,4375.80,4379.10,581
2026-09-16 10:00,4379.10,4383.00,4379.00,4380.00,979
2026-09-16 10:05,4380.20,4386.90,4378.60,4386.40,1223
2026-09-16 10:10,4386.50,4390.20,4382.90,4383.80,2365
2026-09-16 10:15,4384.00,4385.50,4382.70,4384.20,547
2026-09-16 10:20,4383.90,4387.30,4382.80,4383.40,454
2026-09-16 10:25,4383.20,4390.00,4382.00,4389.30,1135
2026-09-16 10:30,4389.40,4389.80,4386.90,4389.20,441
2026-09-16 10:35,4388.90,4390.60,4387.80,4388.90,350
2026-09-16 10:40,4389.00,4390.50,4388.60,4390.20,445
2026-09-16 10:45,4390.10,4390.60,4389.00,4389.90,315
2026-09-16 10:50,4389.80,4389.80,4386.60,4387.10,446
2026-09-16 10:55,4387.30,4393.00,4387.00,4391.90,598
2026-09-16 11:00,4392.00,4394.50,4389.60,4391.20,1555
2026-09-16 11:05,4391.20,4392.40,4389.60,4390.90,664
2026-09-16 11:10,4390.50,4392.10,4387.90,4388.10,658
2026-09-16 11:15,4388.00,4389.30,4387.40,4388.80,291
2026-09-16 11:20,4388.60,4390.10,4387.40,4389.60,491
2026-09-16 11:25,4389.60,4394.80,4388.90,4391.80,965
2026-09-16 11:30,4391.70,4392.60,4389.80,4392.00,364
2026-09-16 11:35,4391.80,4394.20,4389.70,4391.70,510
2026-09-16 11:40,4391.80,4392.10,4388.20,4390.90,720
2026-09-16 11:45,4391.30,4391.80,4388.00,4388.20,359
2026-09-16 11:50,4388.20,4389.10,4386.50,4388.40,451
2026-09-16 11:55,4388.50,4389.30,4382.70,4382.80,630
2026-09-16 12:00,4382.80,4384.90,4381.60,4384.10,669
2026-09-16 12:05,4384.00,4389.30,4383.30,4389.00,1071
2026-09-16 12:10,4388.80,4388.90,4384.10,4384.50,734
2026-09-16 12:15,4384.30,4386.60,4381.50,4383.30,900
2026-09-16 12:20,4383.20,4383.20,4378.60,4379.50,1077
2026-09-16 12:25,4379.70,4382.20,4379.30,4381.00,521
2026-09-16 12:30,4380.70,4383.30,4375.00,4382.10,1157
2026-09-16 12:35,4382.50,4385.40,4379.60,4384.70,658
2026-09-16 12:40,4384.50,4386.20,4382.60,4384.60,619
2026-09-16 12:45,4384.60,4388.10,4383.70,4387.20,657
2026-09-16 12:50,4387.20,4389.00,4383.60,4386.20,860
2026-09-16 12:55,4386.10,4390.10,4385.40,4388.40,902
2026-09-16 13:00,4388.50,4391.30,4386.90,4387.80,1110
2026-09-16 13:05,4387.70,4391.50,4385.00,4389.50,1402
2026-09-16 13:10,4389.70,4398.60,4389.10,4397.70,1560
2026-09-16 13:15,4398.00,4402.90,4394.40,4394.60,1701
2026-09-16 13:20,4394.60,4397.20,4390.60,4395.00,1147
2026-09-16 13:25,4395.20,4396.60,4392.80,4393.20,464
2026-09-16 13:30,4393.10,4395.50,4389.30,4389.80,1278
2026-09-16 13:35,4389.90,4391.50,4386.40,4387.00,1110
2026-09-16 13:40,4386.90,4388.40,4381.60,4381.60,1092
2026-09-16 13:45,4381.70,4387.10,4381.60,4384.10,976
2026-09-16 13:50,4384.10,4386.40,4378.90,4379.70,737
2026-09-16 13:55,4379.70,4380.60,4376.30,4379.90,1184
2026-09-16 14:00,4379.90,4380.70,4370.00,4370.20,2310
2026-09-16 14:05,4370.20,4372.20,4364.50,4371.20,2825
2026-09-16 14:10,4371.20,4381.90,4371.00,4381.70,2643
2026-09-16 14:15,4381.70,4382.90,4373.70,4374.20,1480
2026-09-16 14:20,4374.10,4377.50,4372.40,4374.40,835
2026-09-16 14:25,4374.60,4379.90,4373.60,4379.70,754
2026-09-16 14:30,4379.60,4380.20,4376.00,4378.50,695
2026-09-16 14:35,4378.40,4384.30,4378.40,4382.70,718
2026-09-16 14:40,4382.70,4387.90,4381.80,4387.40,846
2026-09-16 14:45,4387.50,4392.70,4386.90,4392.30,1431
2026-09-16 14:50,4392.40,4396.50,4390.00,4390.20,1514
2026-09-16 14:55,4390.40,4398.10,4389.40,4397.30,1076
2026-09-16 15:00,4397.20,4399.90,4392.60,4392.80,1249
2026-09-16 15:05,4392.90,4400.20,4391.90,4399.20,1570
2026-09-16 15:10,4399.30,4400.10,4395.00,4395.20,1008
2026-09-16 15:15,4395.40,4397.30,4393.30,4395.80,841
2026-09-16 15:20,4395.30,4395.90,4391.60,4391.90,641
2026-09-16 15:25,4392.10,4392.10,4385.90,4386.10,1086
2026-09-16 15:30,4386.20,4390.60,4384.50,4389.80,1043
2026-09-16 15:35,4390.00,4394.60,4389.10,4392.10,635
2026-09-16 15:40,4392.30,4393.10,4391.40,4392.50,424
2026-09-16 15:45,4392.60,4405.20,4392.00,4395.00,3159
2026-09-16 15:50,4395.50,4397.40,4392.20,4393.70,759
2026-09-16 15:55,4393.70,4395.70,4392.00,4394.70,447
2026-09-16 16:00,4394.90,4395.00,4389.90,4389.90,598
2026-09-16 16:05,4390.10,4391.60,4388.50,4391.50,337
2026-09-16 16:10,4391.80,4393.20,4390.20,4392.00,445
2026-09-16 16:15,4392.00,4394.10,4390.90,4391.50,364
2026-09-16 16:20,4391.40,4392.00,4388.60,4389.50,343
2026-09-16 16:25,4389.50,4390.20,4386.10,4387.80,741
2026-09-16 16:30,4387.70,4390.30,4386.80,4389.90,592
2026-09-16 16:35,4389.60,4390.30,4387.20,4388.90,535
2026-09-16 16:40,4388.90,4390.20,4388.70,4389.40,266
2026-09-16 16:45,4389.30,4390.60,4388.10,4388.10,229
2026-09-16 16:50,4387.70,4387.80,4385.30,4387.60,964
2026-09-16 16:55,4387.50,4389.30,4387.30,4388.50,306
2026-09-16 17:00,4388.30,4388.50,4384.80,4386.70,916
2026-09-16 17:05,4386.60,4387.50,4384.70,4385.10,379
2026-09-16 17:10,4385.10,4385.50,4383.40,4385.10,377
2026-09-16 17:15,4385.10,4386.70,4384.60,4386.20,775
2026-09-16 17:20,4386.30,4386.60,4383.90,4385.90,468
2026-09-16 17:25,4386.00,4389.00,4385.70,4388.20,1056
2026-09-16 17:30,4388.40,4391.60,4387.60,4390.50,680
2026-09-16 17:35,4390.50,4390.90,4385.00,4385.40,767
2026-09-16 17:40,4385.30,4386.80,4385.00,4385.30,388
2026-09-16 17:45,4385.80,4386.90,4384.10,4386.10,554
2026-09-16 17:50,4386.10,4391.90,4385.80,4389.90,1472
2026-09-16 17:55,4389.80,4413.10,4389.40,4399.00,1403
2026-09-16 18:00,4404.20,4412.00,4355.20,4366.50,10866
2026-09-16 18:05,4366.40,4387.50,4366.40,4372.90,3819
2026-09-16 18:10,4373.40,4376.10,4349.10,4352.00,4622
2026-09-16 18:15,4351.80,4363.70,4347.90,4360.30,3591
2026-09-16 18:20,4359.80,4365.80,4355.10,4356.40,1883
2026-09-16 18:25,4356.60,4364.50,4353.50,4363.90,1376
2026-09-16 18:30,4363.50,4365.00,4321.10,4325.40,7157
2026-09-16 18:35,4325.10,4332.70,4298.90,4331.90,8268
2026-09-16 18:40,4331.40,4351.80,4325.80,4341.60,4725
2026-09-16 18:45,4341.60,4347.80,4331.50,4334.20,3013
2026-09-16 18:50,4334.20,4337.40,4304.00,4306.40,4417
2026-09-16 18:55,4306.40,4313.30,4296.20,4301.30,4191
2026-09-16 19:00,4301.00,4326.90,4300.00,4313.30,4344
2026-09-16 19:05,4313.00,4313.30,4288.00,4289.80,6211
2026-09-16 19:10,4289.70,4291.90,4273.30,4291.70,6239
2026-09-16 19:15,4291.80,4296.10,4279.30,4286.90,2504
2026-09-16 19:20,4287.10,4291.80,4283.20,4291.60,1394
2026-09-16 19:25,4291.60,4296.80,4278.70,4292.60,1687
2026-09-16 19:30,4292.90,4302.80,4292.50,4302.60,1876
2026-09-16 19:35,4302.70,4305.10,4295.70,4302.80,1194
2026-09-16 19:40,4302.50,4310.20,4300.40,4304.10,1271
2026-09-16 19:45,4303.50,4310.90,4303.50,4308.50,1104
2026-09-16 19:50,4308.90,4315.50,4306.70,4312.30,1631
2026-09-16 19:55,4312.40,4313.20,4307.70,4311.40,969
2026-09-16 20:00,4311.20,4312.90,4306.70,4309.80,781
2026-09-16 20:05,4309.50,4311.30,4305.10,4306.70,421
2026-09-16 20:10,4306.90,4307.10,4302.90,4304.30,469
2026-09-16 20:15,4304.50,4307.60,4303.00,4305.80,170
2026-09-16 20:20,4305.80,4305.80,4300.10,4300.30,261
2026-09-16 20:25,4300.30,4300.80,4296.90,4299.80,463
2026-09-16 20:30,4299.70,4301.60,4297.60,4301.00,181
2026-09-16 20:35,4300.80,4304.10,4298.80,4304.10,317
2026-09-16 20:40,4303.80,4304.70,4300.90,4301.60,170
2026-09-16 20:45,4301.80,4305.50,4301.70,4304.70,201
2026-09-16 20:50,4304.70,4304.90,4299.90,4301.60,161
2026-09-16 20:55,4301.50,4303.40,4301.30,4302.50,126
2026-09-16 22:00,4301.40,4302.70,4296.60,4297.50,0
2026-09-16 22:05,4297.70,4299.80,4296.30,4298.30,271
2026-09-16 22:10,4298.10,4299.00,4296.00,4296.10,255
2026-09-16 22:15,4296.30,4296.80,4294.50,4296.70,272
2026-09-16 22:20,4296.40,4299.20,4296.40,4298.30,171
2026-09-16 22:25,4298.10,4300.60,4298.10,4299.10,260
2026-09-16 22:30,4299.30,4307.40,4299.00,4306.90,615
2026-09-16 22:35,4306.90,4314.00,4306.20,4312.60,1152
2026-09-16 22:40,4312.70,4312.80,4310.40,4310.70,101
2026-09-16 22:45,4311.20,4311.70,4307.80,4308.00,149
2026-09-16 22:50,4307.80,4307.80,4303.20,4305.30,454
2026-09-16 22:55,4305.40,4309.70,4304.00,4304.70,498
2026-09-16 23:00,4304.00,4306.10,4300.20,4303.30,832
2026-09-16 23:05,4303.50,4303.70,4296.80,4302.50,766
2026-09-16 23:10,4302.50,4305.00,4299.00,4300.40,507
2026-09-16 23:15,4300.80,4308.60,4300.00,4306.30,402
2026-09-16 23:20,4307.10,4311.10,4307.10,4308.50,316
2026-09-16 23:25,4309.30,4310.10,4307.50,4309.80,206
2026-09-16 23:30,4309.90,4311.30,4309.10,4309.30,183
2026-09-16 23:35,4308.70,4309.50,4306.40,4309.10,168
2026-09-16 23:40,4308.70,4313.00,4307.00,4311.50,704
2026-09-16 23:45,4311.70,4313.60,4309.40,4311.60,419
2026-09-16 23:50,4311.70,4313.70,4309.30,4310.10,343
2026-09-16 23:55,4310.10,4311.60,4309.50,4309.70,176
2026-09-17 00:00,4309.80,4310.40,4304.40,4307.40,499
2026-09-17 00:05,4307.90,4315.80,4307.60,4315.80,557
2026-09-17 00:10,4316.00,4324.80,4316.00,4322.80,1040
2026-09-17 00:15,4322.60,4324.50,4319.50,4322.80,488
2026-09-17 00:20,4322.50,4327.70,4322.40,4324.30,799
2026-09-17 00:25,4324.50,4325.00,4321.50,4322.80,480
2026-09-17 00:30,4322.50,4327.10,4320.40,4322.90,341
2026-09-17 00:35,4323.30,4327.20,4321.90,4325.90,294
2026-09-17 00:40,4326.10,4330.40,4325.60,4327.00,572
2026-09-17 00:45,4327.00,4327.40,4322.50,4322.80,207
2026-09-17 00:50,4323.00,4323.90,4317.00,4318.00,466
2026-09-17 00:55,4318.50,4320.50,4315.20,4318.50,932
2026-09-17 01:00,4318.40,4336.80,4318.40,4335.40,2666
2026-09-17 01:05,4335.20,4348.70,4334.90,4341.60,1600
2026-09-17 01:10,4341.30,4341.40,4332.90,4337.10,996
2026-09-17 01:15,4336.70,4345.00,4336.30,4340.80,598
2026-09-17 01:20,4340.50,4348.70,4339.60,4348.00,524
2026-09-17 01:25,4348.30,4350.90,4346.10,4348.10,826
2026-09-17 01:30,4347.40,4353.50,4346.60,4352.00,613
2026-09-17 01:35,4352.00,4356.20,4348.80,4349.90,995
2026-09-17 01:40,4350.00,4350.90,4346.90,4347.10,742
2026-09-17 01:45,4347.00,4349.80,4344.50,4349.00,709
2026-09-17 01:50,4348.50,4349.20,4342.90,4343.30,322
2026-09-17 01:55,4343.20,4343.80,4335.80,4337.90,635
2026-09-17 02:00,4338.20,4338.90,4335.50,4336.60,483
2026-09-17 02:05,4336.20,4337.10,4323.00,4325.00,1397
2026-09-17 02:10,4325.00,4327.40,4319.00,4325.50,840
2026-09-17 02:15,4325.70,4330.70,4325.30,4330.40,547
2026-09-17 02:20,4330.50,4331.30,4328.20,4328.70,326
2026-09-17 02:25,4328.80,4330.60,4327.80,4330.10,237
2026-09-17 02:30,4330.10,4331.10,4323.20,4323.80,584
2026-09-17 02:35,4324.30,4325.00,4321.40,4321.90,476
2026-09-17 02:40,4321.50,4329.00,4319.70,4326.60,520
2026-09-17 02:45,4326.70,4327.70,4320.70,4321.90,396
2026-09-17 02:50,4321.60,4322.00,4312.60,4314.40,717
2026-09-17 02:55,4314.10,4318.90,4312.00,4315.20,535
2026-09-17 03:00,4315.20,4321.00,4315.20,4320.60,480
2026-09-17 03:05,4320.50,4324.50,4319.10,4322.90,267
2026-09-17 03:10,4322.90,4324.00,4320.10,4322.90,263
2026-09-17 03:15,4323.10,4325.00,4321.40,4324.50,178
2026-09-17 03:20,4324.60,4324.60,4321.00,4323.60,115
2026-09-17 03:25,4324.00,4325.00,4323.00,4323.80,129
2026-09-17 03:30,4323.80,4330.30,4323.80,4328.20,475
2026-09-17 03:35,4328.60,4331.80,4327.90,4330.30,300
2026-09-17 03:40,4330.70,4334.60,4329.90,4334.10,447
2026-09-17 03:45,4334.50,4335.10,4332.20,4334.10,405
2026-09-17 03:50,4334.00,4335.20,4332.70,4335.00,203
2026-09-17 03:55,4334.80,4336.00,4334.00,4335.40,212
2026-09-17 04:00,4334.20,4334.60,4332.40,4332.80,183
2026-09-17 04:05,4332.60,4335.10,4331.70,4334.80,261
2026-09-17 04:10,4334.70,4334.70,4331.20,4332.20,163
2026-09-17 04:15,4332.40,4332.60,4330.90,4331.60,125
2026-09-17 04:20,4331.50,4334.10,4330.20,4332.10,182
2026-09-17 04:25,4332.10,4332.60,4329.40,4330.00,206
2026-09-17 04:30,4329.60,4331.50,4328.70,4330.00,161
2026-09-17 04:35,4330.20,4335.00,4330.20,4333.50,233
2026-09-17 04:40,4333.60,4335.00,4331.60,4334.00,252
2026-09-17 04:45,4333.90,4337.50,4333.90,4335.70,324
2026-09-17 04:50,4336.00,4337.30,4334.00,4335.90,413
2026-09-17 04:55,4335.90,4337.10,4334.40,4336.10,153
2026-09-17 05:00,4335.60,4337.60,4335.30,4336.40,162
2026-09-17 05:05,4336.10,4336.70,4335.40,4335.90,94
2026-09-17 05:10,4335.90,4335.90,4332.60,4332.80,143
2026-09-17 05:15,4332.40,4332.40,4327.00,4327.10,376
2026-09-17 05:20,4326.60,4326.60,4323.70,4325.50,323
2026-09-17 05:25,4325.60,4326.50,4324.60,4324.80,168
2026-09-17 05:30,4324.90,4335.30,4324.60,4333.10,537
2026-09-17 05:35,4333.50,4335.60,4330.90,4335.20,284
2026-09-17 05:40,4335.50,4336.50,4332.80,4335.50,182
2026-09-17 05:45,4335.60,4337.60,4334.30,4336.00,246
2026-09-17 05:50,4336.60,4341.90,4336.60,4341.40,373
2026-09-17 05:55,4341.30,4343.70,4340.40,4342.60,371
2026-09-17 06:00,4342.50,4347.10,4342.30,4344.50,810
2026-09-17 06:05,4344.90,4349.20,4344.20,4348.70,548
2026-09-17 06:10,4348.40,4351.00,4347.30,4350.50,460
2026-09-17 06:15,4350.90,4351.00,4343.20,4346.10,479
2026-09-17 06:20,4345.60,4347.00,4344.10,4345.70,263
2026-09-17 06:25,4346.00,4351.60,4345.50,4350.70,288
2026-09-17 06:30,4350.40,4353.80,4349.80,4351.40,482
2026-09-17 06:35,4351.20,4351.50,4344.30,4344.90,396
2026-09-17 06:40,4344.60,4348.30,4344.60,4347.80,306
2026-09-17 06:45,4348.00,4350.30,4345.70,4349.10,458
2026-09-17 06:50,4348.80,4349.80,4345.30,4348.60,385
2026-09-17 06:55,4349.00,4350.10,4347.40,4349.50,237
2026-09-17 07:00,4349.40,4352.40,4347.80,4350.50,465
2026-09-17 07:05,4350.50,4354.90,4350.50,4353.60,440
2026-09-17 07:10,4354.00,4362.10,4354.00,4361.60,1326
2026-09-17 07:15,4361.80,4368.30,4361.60,4362.70,1165
2026-09-17 07:20,4363.00,4364.30,4358.00,4363.80,726
2026-09-17 07:25,4363.90,4368.80,4363.10,4368.20,757
2026-09-17 07:30,4368.30,4373.60,4368.30,4371.60,792
2026-09-17 07:35,4371.30,4373.30,4368.50,4373.30,613
2026-09-17 07:40,4373.20,4373.90,4368.00,4370.40,602
2026-09-17 07:45,4370.50,4374.40,4368.80,4371.50,976
2026-09-17 07:50,4371.10,4371.20,4366.40,4366.60,759
2026-09-17 07:55,4366.50,4367.20,4362.70,4366.10,527
2026-09-17 08:00,4366.40,4367.20,4364.70,4366.30,284
2026-09-17 08:05,4366.00,4366.90,4365.20,4365.90,271
2026-09-17 08:10,4365.60,4366.40,4356.90,4359.10,1170
2026-09-17 08:15,4359.10,4361.10,4355.10,4355.90,473
2026-09-17 08:20,4356.10,4357.00,4353.70,4355.40,806
2026-09-17 08:25,4355.50,4356.60,4354.10,4355.10,476
2026-09-17 08:30,4355.20,4356.70,4351.30,4356.70,593
2026-09-17 08:35,4356.90,4359.00,4355.50,4358.10,444
2026-09-17 08:40,4358.00,4358.50,4352.50,4353.00,349
2026-09-17 08:45,4352.80,4352.80,4349.20,4351.00,387
2026-09-17 08:50,4350.90,4353.20,4349.50,4352.20,278
2026-09-17 08:55,4352.00,4352.60,4349.70,4350.70,350
2026-09-17 09:00,4351.30,4354.80,4351.20,4353.60,397
2026-09-17 09:05,4353.90,4356.30,4353.40,4355.90,280
2026-09-17 09:10,4355.90,4358.50,4354.40,4355.10,601
2026-09-17 09:15,4354.90,4355.60,4350.60,4350.90,493
2026-09-17 09:20,4350.50,4352.50,4349.60,4350.70,297
2026-09-17 09:25,4350.30,4351.40,4344.80,4345.40,618
2026-09-17 09:30,4345.30,4347.90,4343.90,4346.70,672
2026-09-17 09:35,4346.00,4349.00,4345.70,4348.10,366
2026-09-17 09:40,4348.00,4350.20,4347.70,4348.50,386
2026-09-17 09:45,4348.10,4348.70,4345.70,4348.70,200
2026-09-17 09:50,4348.70,4350.40,4348.00,4350.00,310
2026-09-17 09:55,4350.00,4350.10,4344.60,4345.10,286
2026-09-17 10:00,4345.30,4347.60,4343.80,4346.80,240
2026-09-17 10:05,4346.80,4350.70,4346.50,4348.00,333
2026-09-17 10:10,4348.40,4352.80,4348.40,4349.20,232
2026-09-17 10:15,4349.20,4349.80,4345.90,4345.90,207
2026-09-17 10:20,4346.30,4352.40,4346.30,4352.30,261
2026-09-17 10:25,4352.50,4355.10,4352.20,4352.80,290
2026-09-17 10:30,4353.00,4354.70,4351.60,4354.10,332
2026-09-17 10:35,4354.20,4358.10,4354.20,4356.00,492
2026-09-17 10:40,4356.10,4357.00,4354.20,4356.00,153
2026-09-17 10:45,4355.70,4358.30,4355.60,4357.70,133
2026-09-17 10:50,4358.30,4363.10,4358.10,4361.40,625
2026-09-17 10:55,4361.60,4364.70,4360.80,4363.70,469
2026-09-17 11:00,4363.90,4370.30,4363.20,4370.00,1083
2026-09-17 11:05,4369.80,4376.50,4368.60,4375.70,1499
2026-09-17 11:10,4375.70,4379.70,4370.20,4371.90,1252
2026-09-17 11:15,4371.90,4374.50,4366.40,4366.40,785
2026-09-17 11:20,4366.50,4372.90,4366.40,4368.80,664
2026-09-17 11:25,4368.40,4369.00,4366.00,4368.00,355
2026-09-17 11:30,4368.10,4368.50,4364.70,4365.90,503
2026-09-17 11:35,4365.80,4367.20,4363.60,4365.50,434
2026-09-17 11:40,4365.30,4366.80,4362.90,4364.60,460
2026-09-17 11:45,4364.50,4372.50,4364.20,4372.40,671
2026-09-17 11:50,4372.20,4381.70,4371.10,4380.20,984
2026-09-17 11:55,4380.50,4393.50,4379.50,4390.00,3079
2026-09-17 12:00,4390.00,4393.90,4383.80,4385.90,2929
2026-09-17 12:05,4386.30,4394.70,4385.30,4393.20,1511
2026-09-17 12:10,4393.40,4395.60,4391.50,4394.90,1181
2026-09-17 12:15,4395.10,4406.70,4393.60,4405.90,2223
2026-09-17 12:20,4406.10,4415.20,4403.50,4409.10,3265
2026-09-17 12:25,4409.50,4423.30,4407.60,4421.30,2529
2026-09-17 12:30,4421.00,4421.00,4408.40,4410.80,2437
2026-09-17 12:35,4410.90,4412.10,4404.20,4410.30,1394
2026-09-17 12:40,4410.20,4410.90,4400.70,4400.90,1309
2026-09-17 12:45,4401.10,4407.70,4399.40,4406.90,1330
2026-09-17 12:50,4407.00,4415.30,4407.00,4414.50,1248
2026-09-17 12:55,4414.50,4414.70,4410.80,4413.80,1035
2026-09-17 13:00,4413.80,4415.00,4405.60,4406.50,1981
2026-09-17 13:05,4406.40,4412.00,4404.50,4406.60,911
2026-09-17 13:10,4406.70,4406.90,4400.60,4406.50,847
2026-09-17 13:15,4406.80,4415.60,4406.20,4413.00,1104
2026-09-17 13:20,4413.20,4415.80,4406.50,4407.50,790
2026-09-17 13:25,4407.50,4409.00,4405.50,4407.40,385
2026-09-17 13:30,4407.60,4412.60,4403.60,4412.50,1749
2026-09-17 13:35,4412.60,4415.00,4401.80,4401.90,1627
2026-09-17 13:40,4401.90,4403.90,4396.80,4398.90,1783
2026-09-17 13:45,4398.80,4409.80,4395.90,4408.10,1648
2026-09-17 13:50,4408.00,4412.50,4406.70,4407.10,1423
2026-09-17 13:55,4407.10,4410.60,4405.00,4407.40,890
2026-09-17 14:00,4407.30,4411.00,4405.20,4409.90,1033
2026-09-17 14:05,4409.90,4420.90,4407.20,4417.90,2039
2026-09-17 14:10,4417.90,4420.90,4409.50,4412.40,1266
2026-09-17 14:15,4412.70,4413.00,4406.60,4409.80,794
2026-09-17 14:20,4410.00,4411.20,4406.10,4410.50,650
2026-09-17 14:25,4410.50,4413.60,4407.10,4407.50,752
2026-09-17 14:30,4407.90,4408.50,4402.40,4406.90,1159
2026-09-17 14:35,4407.80,4408.50,4401.60,4401.90,822
2026-09-17 14:40,4401.70,4405.30,4400.20,4401.70,948
2026-09-17 14:45,4401.90,4405.40,4398.80,4401.80,1304
2026-09-17 14:50,4402.20,4402.80,4396.30,4397.70,953
2026-09-17 14:55,4397.70,4398.00,4392.20,4394.50,991
2026-09-17 15:00,4394.60,4397.80,4391.80,4396.10,954
2026-09-17 15:05,4396.30,4399.60,4395.90,4396.90,481
2026-09-17 15:10,4396.60,4402.70,4393.90,4402.40,772
2026-09-17 15:15,4402.30,4405.20,4400.60,4403.70,726
2026-09-17 15:20,4403.80,4403.90,4399.40,4400.30,646
2026-09-17 15:25,4400.10,4403.40,4397.00,4398.30,599
2026-09-17 15:30,4399.10,4400.10,4396.00,4399.50,617
2026-09-17 15:35,4399.30,4404.10,4398.30,4402.80,631
2026-09-17 15:40,4402.90,4407.40,4402.60,4405.90,655
2026-09-17 15:45,4405.90,4407.90,4403.60,4405.70,917
2026-09-17 15:50,4405.50,4407.70,4404.10,4406.90,499
2026-09-17 15:55,4406.30,4410.20,4405.30,4409.80,513
2026-09-17 16:00,4410.10,4412.70,4408.70,4409.70,910
2026-09-17 16:05,4409.80,4411.40,4407.30,4409.50,702
2026-09-17 16:10,4410.00,4410.20,4406.80,4407.60,725
2026-09-17 16:15,4407.80,4408.60,4405.50,4406.90,443
2026-09-17 16:20,4406.90,4408.10,4405.60,4407.50,403
2026-09-17 16:25,4407.40,4408.00,4403.30,4407.30,623
2026-09-17 16:30,4407.20,4407.40,4397.10,4398.30,967
2026-09-17 16:35,4398.50,4400.70,4397.50,4399.70,650
2026-09-17 16:40,4399.80,4400.20,4397.20,4399.70,429
2026-09-17 16:45,4399.60,4401.30,4397.50,4398.00,410
2026-09-17 16:50,4397.50,4400.70,4395.70,4399.80,480
2026-09-17 16:55,4399.90,4402.10,4395.30,4401.90,1413
2026-09-17 17:00,4402.10,4404.40,4398.20,4402.30,852
2026-09-17 17:05,4402.40,4405.70,4401.80,4403.70,466
2026-09-17 17:10,4403.50,4404.00,4400.50,4401.70,301
2026-09-17 17:15,4401.90,4403.00,4399.10,4400.20,449
2026-09-17 17:20,4400.20,4401.80,4397.60,4399.90,523
2026-09-17 17:25,4399.90,4402.40,4398.80,4400.20,1378
2026-09-17 17:30,4400.30,4402.20,4400.10,4402.00,311
2026-09-17 17:35,4401.90,4403.70,4397.30,4397.70,431
2026-09-17 17:40,4397.70,4400.70,4397.70,4400.20,207
2026-09-17 17:45,4400.20,4400.70,4398.60,4399.10,163
2026-09-17 17:50,4399.20,4401.30,4399.20,4399.90,176
2026-09-17 17:55,4400.00,4401.40,4399.90,4400.30,188
2026-09-17 18:00,4401.20,4403.00,4400.10,4403.00,164
2026-09-17 18:05,4402.90,4404.40,4400.60,4402.10,317
2026-09-17 18:10,4401.90,4405.50,4401.20,4404.70,224
2026-09-17 18:15,4404.80,4405.60,4400.40,4400.80,267
2026-09-17 18:20,4400.80,4401.30,4396.90,4397.70,351
2026-09-17 18:25,4397.70,4399.00,4395.80,4396.00,291
2026-09-17 18:30,4396.30,4396.50,4389.30,4389.30,822
2026-09-17 18:35,4389.40,4391.70,4388.10,4391.20,660
2026-09-17 18:40,4390.90,4392.70,4390.30,4391.50,333
2026-09-17 18:45,4391.60,4392.20,4389.70,4391.50,472
2026-09-17 18:50,4391.40,4391.60,4388.70,4390.00,270
2026-09-17 18:55,4390.30,4391.40,4389.50,4390.90,243
2026-09-17 19:00,4391.20,4395.10,4390.70,4393.70,348
2026-09-17 19:05,4393.80,4395.40,4393.00,4394.10,253
2026-09-17 19:10,4394.10,4395.20,4392.80,4394.10,178
2026-09-17 19:15,4394.00,4394.20,4388.30,4391.20,398
2026-09-17 19:20,4391.40,4391.40,4386.60,4386.80,434
2026-09-17 19:25,4386.90,4389.10,4382.40,4382.40,708
2026-09-17 19:30,4382.50,4386.00,4381.60,4383.10,362
2026-09-17 19:35,4382.90,4384.00,4382.10,4383.60,205
2026-09-17 19:40,4383.50,4385.00,4383.50,4384.60,225
2026-09-17 19:45,4384.50,4386.80,4383.20,4384.20,478
2026-09-17 19:50,4384.70,4388.80,4384.20,4387.40,463
2026-09-17 19:55,4387.20,4388.30,4385.10,4385.20,447
2026-09-17 20:00,4385.60,4386.20,4383.40,4383.60,313
2026-09-17 20:05,4383.60,4385.20,4382.50,4384.30,157
2026-09-17 20:10,4384.20,4384.20,4381.70,4382.30,89
2026-09-17 20:15,4382.60,4384.30,4381.40,4382.20,160
2026-09-17 20:20,4382.70,4384.10,4382.00,4383.40,75
2026-09-17 20:25,4383.20,4384.70,4381.50,4381.70,141
2026-09-17 20:30,4381.80,4382.30,4380.50,4381.00,181
2026-09-17 20:35,4381.00,4382.10,4380.30,4381.80,181
2026-09-17 20:40,4381.70,4383.40,4380.70,4380.90,167
2026-09-17 20:45,4380.70,4382.10,4380.40,4381.80,151
2026-09-17 20:50,4381.60,4382.00,4380.30,4381.10,78
2026-09-17 20:55,4381.20,4381.90,4380.30,4380.60,119
2026-09-17 22:00,4381.60,4384.10,4380.90,4382.20,0
2026-09-17 22:05,4382.10,4382.30,4380.70,4381.70,48
2026-09-17 22:10,4381.80,4383.90,4380.80,4383.40,173
2026-09-17 22:15,4383.50,4384.00,4381.00,4381.00,244
2026-09-17 22:20,4380.80,4382.60,4380.50,4381.60,196
2026-09-17 22:25,4381.40,4383.80,4380.60,4383.70,484
2026-09-17 22:30,4383.80,4387.10,4383.40,4385.80,620
2026-09-17 22:35,4385.80,4388.50,4385.70,4387.90,428
2026-09-17 22:40,4387.50,4387.90,4383.20,4383.20,228
2026-09-17 22:45,4383.30,4384.20,4380.50,4381.30,408
2026-09-17 22:50,4381.10,4383.60,4380.10,4383.50,727
2026-09-17 22:55,4383.30,4385.00,4380.60,4383.00,567
2026-09-17 23:00,4383.20,4383.50,4380.60,4382.30,191
2026-09-17 23:05,4382.70,4383.70,4378.30,4383.30,546
2026-09-17 23:10,4382.60,4385.20,4382.60,4383.90,144
2026-09-17 23:15,4383.80,4384.50,4380.40,4383.40,312
2026-09-17 23:20,4383.70,4386.70,4383.40,4385.40,482
2026-09-17 23:25,4385.30,4386.50,4381.00,4383.20,391
2026-09-17 23:30,4383.00,4383.80,4382.80,4383.40,82
2026-09-17 23:35,4383.30,4383.80,4382.50,4382.90,49
2026-09-17 23:40,4382.80,4383.50,4382.00,4383.10,69
2026-09-17 23:45,4383.00,4384.70,4382.10,4383.60,147
2026-09-17 23:50,4383.60,4386.70,4383.40,4386.30,62
2026-09-17 23:55,4386.10,4387.10,4384.30,4385.00,87
2026-09-18 00:00,4384.40,4385.30,4380.70,4383.50,265
2026-09-18 00:05,4383.80,4385.80,4382.50,4385.80,112
2026-09-18 00:10,4385.90,4393.60,4385.30,4393.30,522
2026-09-18 00:15,4393.00,4394.00,4391.40,4391.60,275
2026-09-18 00:20,4391.70,4396.30,4389.60,4395.00,399
2026-09-18 00:25,4394.40,4394.50,4389.90,4392.50,294
2026-09-18 00:30,4392.00,4399.50,4391.90,4397.10,422
2026-09-18 00:35,4396.90,4398.90,4396.40,4397.40,177
2026-09-18 00:40,4396.70,4398.40,4396.40,4397.70,124
2026-09-18 00:45,4397.80,4398.40,4391.40,4392.70,285
2026-09-18 00:50,4392.30,4394.30,4391.30,4392.40,211
2026-09-18 00:55,4392.30,4396.60,4391.50,4394.90,258
2026-09-18 01:00,4395.50,4402.80,4395.50,4401.20,1045
2026-09-18 01:05,4401.40,4404.60,4400.00,4400.20,457
2026-09-18 01:10,4400.20,4401.00,4396.00,4397.00,323
2026-09-18 01:15,4396.80,4401.00,4393.60,4399.30,538
2026-09-18 01:20,4399.10,4403.30,4399.00,4400.90,524
2026-09-18 01:25,4400.80,4402.00,4397.10,4398.50,180
2026-09-18 01:30,4398.60,4398.70,4390.50,4390.70,387
2026-09-18 01:35,4390.30,4393.80,4389.10,4389.90,460
2026-09-18 01:40,4389.30,4389.70,4385.90,4386.00,363
2026-09-18 01:45,4386.00,4389.30,4384.10,4387.00,416
2026-09-18 01:50,4387.10,4389.20,4382.60,4388.20,378
2026-09-18 01:55,4388.10,4389.00,4386.90,4387.00,198
2026-09-18 02:00,4387.00,4388.00,4384.90,4387.30,267
2026-09-18 02:05,4387.10,4390.70,4387.00,4388.10,279
2026-09-18 02:10,4387.80,4390.00,4385.70,4389.20,303
2026-09-18 02:15,4389.10,4391.60,4387.30,4387.50,316
2026-09-18 02:20,4387.80,4391.10,4386.70,4390.50,170
2026-09-18 02:25,4390.80,4392.50,4390.60,4391.50,185
2026-09-18 02:30,4392.10,4395.10,4389.80,4394.30,404
2026-09-18 02:35,4394.60,4395.10,4389.00,4390.60,247
2026-09-18 02:40,4390.70,4391.90,4388.80,4390.30,243
2026-09-18 02:45,4390.30,4394.40,4388.60,4393.10,186
2026-09-18 02:50,4392.90,4394.10,4387.10,4387.10,393
2026-09-18 02:55,4387.20,4387.30,4381.80,4385.40,513
2026-09-18 03:00,4384.80,4388.00,4383.40,4387.60,470
2026-09-18 03:05,4387.90,4390.40,4383.80,4384.30,475
2026-09-18 03:10,4384.30,4386.60,4382.70,4383.20,241
2026-09-18 03:15,4383.30,4383.30,4375.10,4375.90,1237
2026-09-18 03:20,4375.60,4379.30,4372.60,4374.20,793
2026-09-18 03:25,4374.00,4379.40,4372.20,4379.30,774
2026-09-18 03:30,4379.00,4389.20,4378.80,4388.50,656
2026-09-18 03:35,4388.70,4391.90,4387.90,4391.10,588
2026-09-18 03:40,4391.30,4397.10,4390.30,4395.70,628
2026-09-18 03:45,4395.60,4399.10,4395.60,4397.10,538
2026-09-18 03:50,4397.30,4398.00,4395.30,4397.50,485
2026-09-18 03:55,4397.30,4399.50,4396.20,4396.60,222
2026-09-18 04:00,4397.60,4400.60,4396.50,4399.80,246
2026-09-18 04:05,4399.90,4400.20,4398.30,4398.30,180
2026-09-18 04:10,4398.40,4399.40,4395.50,4395.50,268
2026-09-18 04:15,4396.00,4396.20,4392.40,4392.90,321
2026-09-18 04:20,4392.30,4395.50,4391.80,4394.70,177
2026-09-18 04:25,4394.60,4397.50,4394.10,4397.50,120
2026-09-18 04:30,4397.20,4400.30,4396.10,4397.60,319
2026-09-18 04:35,4397.40,4399.50,4397.40,4398.70,105
2026-09-18 04:40,4399.10,4405.00,4398.50,4403.80,423
2026-09-18 04:45,4404.10,4405.90,4403.30,4404.90,506
2026-09-18 04:50,4404.80,4406.70,4400.50,4401.00,378
2026-09-18 04:55,4401.40,4406.90,4400.50,4406.40,392
2026-09-18 05:00,4406.70,4407.40,4403.80,4406.00,387
2026-09-18 05:05,4405.60,4409.20,4403.60,4407.70,449
2026-09-18 05:10,4407.80,4408.00,4405.10,4405.40,236
2026-09-18 05:15,4405.30,4409.30,4404.90,4408.40,224
2026-09-18 05:20,4408.40,4408.90,4405.80,4406.50,121
2026-09-18 05:25,4406.50,4406.70,4403.60,4404.20,282
2026-09-18 05:30,4404.40,4406.00,4399.80,4402.40,964
2026-09-18 05:35,4402.60,4413.00,4402.60,4412.30,905
2026-09-18 05:40,4412.00,4418.10,4410.00,4416.70,876
2026-09-18 05:45,4416.60,4417.70,4410.60,4410.60,742
2026-09-18 05:50,4410.30,4414.60,4410.10,4413.20,515
2026-09-18 05:55,4413.20,4417.60,4410.50,4416.90,433
2026-09-18 06:00,4417.00,4427.00,4416.70,4421.80,1971
2026-09-18 06:05,4421.60,4427.90,4418.90,4426.80,829
2026-09-18 06:10,4427.00,4430.20,4426.00,4428.40,554
2026-09-18 06:15,4428.50,4428.60,4421.50,4424.30,530
2026-09-18 06:20,4424.60,4431.60,4424.10,4431.00,437
2026-09-18 06:25,4431.20,4433.70,4430.70,4432.10,574
2026-09-18 06:30,4432.00,4433.60,4430.30,4432.30,382
2026-09-18 06:35,4432.60,4434.30,4431.60,4434.30,319
2026-09-18 06:40,4433.80,4436.60,4433.20,4436.00,483
2026-09-18 06:45,4435.50,4437.10,4434.20,4435.00,459
2026-09-18 06:50,4435.20,4435.20,4430.20,4431.00,701
2026-09-18 06:55,4430.80,4434.00,4429.40,4433.50,366
2026-09-18 07:00,4433.20,4435.60,4430.60,4431.30,466
2026-09-18 07:05,4431.40,4435.50,4430.90,4433.60,417
2026-09-18 07:10,4433.50,4433.60,4429.00,4430.20,340
2026-09-18 07:15,4430.60,4433.90,4429.50,4432.70,445
2026-09-18 07:20,4433.30,4434.60,4431.50,4433.10,407
2026-09-18 07:25,4433.20,4435.90,4432.10,4435.50,291
2026-09-18 07:30,4435.50,4437.40,4431.90,4433.20,495
2026-09-18 07:35,4433.00,4436.90,4431.90,4433.90,459
2026-09-18 07:40,4433.90,4435.20,4431.10,4433.70,519
2026-09-18 07:45,4433.60,4437.40,4433.60,4436.80,448
2026-09-18 07:50,4437.20,4439.80,4435.10,4437.20,1056
2026-09-18 07:55,4437.00,4437.70,4432.50,4433.30,432
2026-09-18 08:00,4433.20,4438.20,4432.80,4437.60,420
2026-09-18 08:05,4437.90,4438.30,4434.00,4434.70,337
2026-09-18 08:10,4434.60,4435.00,4430.20,4430.50,357
2026-09-18 08:15,4430.50,4432.50,4429.50,4431.40,191
2026-09-18 08:20,4431.40,4434.00,4429.40,4430.00,707
2026-09-18 08:25,4430.10,4430.40,4427.40,4427.70,412
2026-09-18 08:30,4428.20,4429.00,4426.10,4427.70,416
2026-09-18 08:35,4427.90,4429.50,4425.90,4426.50,297
2026-09-18 08:40,4426.80,4427.10,4424.90,4426.50,343
2026-09-18 08:45,4426.50,4428.90,4425.90,4426.80,232
2026-09-18 08:50,4426.70,4433.00,4426.70,4432.10,532
2026-09-18 08:55,4432.00,4434.20,4431.70,4432.10,292
2026-09-18 09:00,4432.30,4435.40,4431.50,4435.00,257
2026-09-18 09:05,4435.00,4437.20,4434.30,4436.10,307
2026-09-18 09:10,4436.30,4438.30,4434.20,4434.60,420
2026-09-18 09:15,4434.70,4435.30,4432.60,4433.00,243
2026-09-18 09:20,4433.10,4435.00,4431.00,4431.20,247
2026-09-18 09:25,4431.00,4431.20,4425.90,4428.00,658
2026-09-18 09:30,4427.70,4429.00,4425.70,4426.00,582
2026-09-18 09:35,4425.90,4426.60,4421.10,4421.60,502
2026-09-18 09:40,4421.60,4422.10,4416.60,4416.60,845
2026-09-18 09:45,4416.50,4417.00,4413.10,4414.60,905
2026-09-18 09:50,4414.70,4418.20,4414.30,4418.10,431
2026-09-18 09:55,4418.30,4418.30,4415.80,4416.10,283
2026-09-18 10:00,4416.40,4419.20,4415.50,4416.70,434
2026-09-18 10:05,4416.60,4419.70,4415.90,4418.90,264
2026-09-18 10:10,4418.90,4419.90,4417.90,4418.80,171
2026-09-18 10:15,4419.00,4419.90,4417.20,4419.60,132
2026-09-18 10:20,4419.30,4420.80,4417.90,4420.00,190
2026-09-18 10:25,4419.60,4421.40,4418.80,4421.40,177
2026-09-18 10:30,4421.30,4422.10,4418.10,4420.80,404
2026-09-18 10:35,4420.80,4422.20,4419.90,4420.50,188
2026-09-18 10:40,4420.20,4421.20,4418.80,4421.10,215
2026-09-18 10:45,4420.90,4421.10,4417.00,4418.40,182
2026-09-18 10:50,4418.60,4418.90,4415.80,4417.20,271
2026-09-18 10:55,4416.80,4421.60,4416.70,4421.30,209
2026-09-18 11:00,4421.20,4426.40,4420.60,4424.80,548
2026-09-18 11:05,4424.70,4425.60,4416.80,4425.20,998
2026-09-18 11:10,4425.20,4428.10,4424.60,4427.80,339
2026-09-18 11:15,4427.40,4427.90,4420.40,4421.10,343
2026-09-18 11:20,4421.10,4423.00,4420.50,4421.00,192
2026-09-18 11:25,4421.00,4422.50,4416.90,4416.90,308
2026-09-18 11:30,4417.30,4420.70,4416.60,4419.60,316
2026-09-18 11:35,4420.00,4422.00,4417.70,4418.50,277
2026-09-18 11:40,4418.10,4418.90,4413.80,4414.80,434
2026-09-18 11:45,4415.00,4416.80,4413.70,4415.40,313
2026-09-18 11:50,4415.30,4415.60,4411.40,4412.40,826
2026-09-18 11:55,4412.50,4421.10,4411.90,4420.80,629
2026-09-18 12:00,4420.90,4421.90,4412.70,4419.00,1197
2026-09-18 12:05,4419.10,4420.80,4410.50,4413.70,988
2026-09-18 12:10,4413.70,4414.00,4409.40,4412.00,453
2026-09-18 12:15,4412.50,4415.90,4409.60,4410.10,598
2026-09-18 12:20,4410.00,4410.00,4395.40,4395.80,2246
2026-09-18 12:25,4395.70,4399.20,4392.40,4397.00,1619
2026-09-18 12:30,4397.00,4409.90,4396.70,4409.60,1377
2026-09-18 12:35,4409.50,4412.20,4407.10,4407.30,980
2026-09-18 12:40,4407.70,4409.60,4405.50,4407.90,396
2026-09-18 12:45,4408.20,4409.70,4405.30,4407.60,462
2026-09-18 12:50,4407.20,4409.10,4405.20,4407.20,388
2026-09-18 12:55,4407.40,4408.70,4405.10,4407.60,356
2026-09-18 13:00,4408.00,4412.80,4402.50,4410.00,1697
2026-09-18 13:05,4410.20,4414.50,4409.40,4411.40,579
2026-09-18 13:10,4411.30,4412.10,4409.00,4410.60,439
2026-09-18 13:15,4410.70,4413.40,4410.20,4410.80,546
2026-09-18 13:20,4411.20,4411.50,4403.40,4404.00,818
2026-09-18 13:25,4403.90,4406.40,4401.70,4406.10,897
2026-09-18 13:30,4406.00,4406.60,4396.70,4397.10,1066
2026-09-18 13:35,4396.80,4399.00,4390.80,4397.60,1830
2026-09-18 13:40,4397.60,4397.60,4390.70,4392.10,949
2026-09-18 13:45,4392.00,4397.10,4390.50,4393.40,770
2026-09-18 13:50,4392.70,4395.80,4386.20,4388.10,1495
2026-09-18 13:55,4388.20,4391.10,4385.60,4387.60,892
2026-09-18 14:00,4387.50,4394.80,4386.10,4394.60,1335
2026-09-18 14:05,4394.70,4394.90,4388.20,4390.40,922
2026-09-18 14:10,4390.60,4394.60,4389.90,4389.90,561
2026-09-18 14:15,4390.20,4393.60,4385.70,4386.50,776
2026-09-18 14:20,4386.60,4391.50,4381.80,4390.70,1253
2026-09-18 14:25,4390.70,4392.40,4381.30,4381.50,840
2026-09-18 14:30,4381.20,4385.90,4381.00,4385.50,671
2026-09-18 14:35,4385.20,4392.80,4382.40,4392.00,1243
2026-09-18 14:40,4391.30,4393.30,4388.90,4391.80,779
2026-09-18 14:45,4391.20,4394.10,4390.00,4393.00,458
2026-09-18 14:50,4393.00,4400.10,4392.50,4396.60,1820
2026-09-18 14:55,4396.60,4398.50,4390.60,4391.50,953
2026-09-18 15:00,4391.20,4394.10,4390.40,4392.00,527
2026-09-18 15:05,4392.00,4394.70,4388.40,4388.40,985
2026-09-18 15:10,4388.70,4391.10,4386.10,4390.50,665
2026-09-18 15:15,4390.50,4393.80,4389.90,4393.80,573
2026-09-18 15:20,4393.50,4393.70,4389.90,4392.30,389
2026-09-18 15:25,4392.70,4395.40,4392.00,4394.50,456
2026-09-18 15:30,4394.60,4395.40,4391.50,4394.10,553
2026-09-18 15:35,4394.20,4395.80,4389.60,4389.70,586
2026-09-18 15:40,4389.40,4394.70,4387.10,4393.00,1070
2026-09-18 15:45,4393.40,4396.60,4392.70,4395.50,577
2026-09-18 15:50,4395.20,4396.40,4390.70,4391.90,426
2026-09-18 15:55,4392.00,4395.50,4391.80,4395.00,306
2026-09-18 16:00,4395.20,4395.60,4393.40,4395.10,337
2026-09-18 16:05,4395.40,4398.60,4395.40,4398.30,537
2026-09-18 16:10,4398.60,4403.40,4397.80,4400.00,969
2026-09-18 16:15,4400.00,4404.70,4398.30,4404.60,545
2026-09-18 16:20,4404.70,4409.80,4404.30,4407.70,1010
2026-09-18 16:25,4407.70,4416.90,4405.60,4416.20,1542
2026-09-18 16:30,4416.30,4422.60,4413.00,4418.50,1618
2026-09-18 16:35,4418.50,4419.40,4415.90,4419.10,723
2026-09-18 16:40,4419.10,4419.60,4415.90,4416.70,480
2026-09-18 16:45,4416.70,4419.30,4415.40,4417.70,778
2026-09-18 16:50,4417.40,4419.90,4416.70,4419.50,385
2026-09-18 16:55,4419.60,4422.20,4419.00,4421.10,606
2026-09-18 17:00,4421.20,4425.20,4419.90,4422.70,858
2026-09-18 17:05,4422.90,4425.60,4422.90,4424.80,797
2026-09-18 17:10,4425.00,4425.80,4421.50,4424.00,650
2026-09-18 17:15,4424.00,4427.60,4424.00,4424.20,621
2026-09-18 17:20,4424.30,4424.50,4421.20,4422.10,571
2026-09-18 17:25,4422.30,4425.90,4421.00,4425.30,1394
2026-09-18 17:30,4425.30,4431.40,4423.70,4431.40,1058
2026-09-18 17:35,4431.50,4434.70,4430.40,4432.10,956
2026-09-18 17:40,4432.10,4435.00,4430.30,4431.20,863
2026-09-18 17:45,4430.80,4434.40,4430.10,4433.20,385
2026-09-18 17:50,4433.20,4435.20,4431.20,4431.30,401
2026-09-18 17:55,4431.60,4433.30,4431.20,4431.30,284
2026-09-18 18:00,4431.40,4432.40,4430.00,4430.80,267
2026-09-18 18:05,4431.00,4432.90,4427.40,4428.80,795
2026-09-18 18:10,4429.00,4431.80,4427.80,4430.80,557
2026-09-18 18:15,4431.10,4431.30,4427.60,4428.90,213
2026-09-18 18:20,4428.90,4429.90,4427.80,4428.60,173
2026-09-18 18:25,4428.40,4429.60,4428.20,4429.20,205
2026-09-18 18:30,4429.20,4429.20,4425.60,4426.20,265
2026-09-18 18:35,4426.40,4426.80,4423.50,4423.50,330
2026-09-18 18:40,4423.60,4423.70,4419.20,4419.30,614
2026-09-18 18:45,4419.30,4422.50,4418.90,4421.90,492
2026-09-18 18:50,4422.00,4422.60,4419.00,4419.20,599
2026-09-18 18:55,4419.00,4420.90,4418.20,4420.80,305
2026-09-18 19:00,4420.70,4421.50,4418.00,4420.80,338
2026-09-18 19:05,4420.70,4423.40,4420.00,4422.80,282
2026-09-18 19:10,4422.80,4424.30,4421.50,4422.70,344
2026-09-18 19:15,4422.80,4423.40,4420.00,4420.20,548
2026-09-18 19:20,4420.30,4421.70,4420.00,4420.80,332
2026-09-18 19:25,4420.70,4420.80,4417.10,4418.70,317
2026-09-18 19:30,4418.70,4420.40,4418.20,4418.30,220
2026-09-18 19:35,4418.20,4420.40,4417.80,4419.70,159
2026-09-18 19:40,4419.30,4420.60,4419.20,4419.40,142
2026-09-18 19:45,4419.30,4421.50,4418.90,4420.70,230
2026-09-18 19:50,4420.50,4421.20,4415.40,4416.00,391
2026-09-18 19:55,4416.10,4417.80,4413.50,4415.60,881
2026-09-18 20:00,4415.60,4417.70,4414.40,4416.80,401
2026-09-18 20:05,4415.40,4417.40,4415.20,4416.70,186
2026-09-18 20:10,4416.70,4421.50,4416.70,4419.90,299
2026-09-18 20:15,4419.40,4420.20,4417.20,4417.90,157
2026-09-18 20:20,4417.90,4421.40,4417.90,4420.90,119
2026-09-18 20:25,4420.80,4421.30,4419.30,4419.30,60
2026-09-18 20:30,4419.30,4421.00,4419.20,4420.20,69
2026-09-18 20:35,4420.40,4420.40,4418.20,4418.30,90
2026-09-18 20:40,4418.30,4419.50,4417.50,4419.00,109
2026-09-18 20:45,4419.00,4419.00,4415.00,4416.30,182
2026-09-18 20:50,4416.00,4416.60,4414.50,4416.40,223
2026-09-18 20:55,4416.60,4424.90,4415.60,4424.90,277
2026-09-20 22:10,4415.00,4417.50,4415.00,4417.00,151
2026-09-20 22:15,4417.50,4417.80,4416.20,4416.40,128
2026-09-20 22:20,4416.30,4416.30,4412.80,4413.00,181
2026-09-20 22:25,4412.90,4415.40,4412.90,4414.10,150
2026-09-20 22:30,4414.00,4415.50,4413.60,4414.50,92
2026-09-20 22:35,4414.50,4416.20,4414.10,4414.90,123
2026-09-20 22:40,4415.30,4416.10,4412.70,4412.70,159
2026-09-20 22:45,4413.00,4414.10,4412.00,4412.70,127
2026-09-20 22:50,4412.70,4414.00,4412.20,4413.80,75
2026-09-20 22:55,4413.90,4415.20,4412.00,4412.10,145
2026-09-20 23:00,4412.20,4412.90,4411.50,4412.50,84
2026-09-20 23:05,4412.20,4412.30,4409.70,4411.60,290
2026-09-20 23:10,4411.50,4411.80,4409.30,4411.50,106
2026-09-20 23:15,4411.60,4412.30,4410.00,4412.10,94
2026-09-20 23:20,4411.90,4413.20,4410.90,4411.40,133
2026-09-20 23:25,4411.20,4413.00,4410.20,4412.80,85
2026-09-20 23:30,4412.50,4414.60,4411.70,4414.00,99
2026-09-20 23:35,4413.60,4414.80,4411.80,4413.60,146
2026-09-20 23:40,4413.00,4413.00,4409.40,4409.60,69
2026-09-20 23:45,4409.60,4410.70,4406.90,4410.30,221
2026-09-20 23:50,4410.30,4412.00,4408.40,4409.10,139
2026-09-20 23:55,4409.10,4411.60,4409.00,4411.60,71
2026-09-21 00:00,4411.50,4411.50,4405.40,4407.20,384
2026-09-21 00:05,4407.40,4410.90,4405.20,4405.50,341
2026-09-21 00:10,4405.90,4406.00,4402.10,4403.00,395
2026-09-21 00:15,4403.10,4403.20,4398.00,4399.10,595
2026-09-21 00:20,4399.40,4404.50,4396.40,4404.10,659
2026-09-21 00:25,4404.20,4407.90,4403.80,4406.10,318
2026-09-21 00:30,4406.00,4408.40,4404.00,4407.90,323
2026-09-21 00:35,4408.10,4412.60,4407.60,4412.00,290
2026-09-21 00:40,4411.80,4414.30,4406.30,4407.10,342
2026-09-21 00:45,4407.60,4409.00,4403.00,4403.10,186
2026-09-21 00:50,4403.00,4405.70,4400.50,4403.60,542
2026-09-21 00:55,4404.20,4407.60,4402.40,4404.80,396
2026-09-21 01:00,4404.80,4414.20,4404.80,4409.80,1104
2026-09-21 01:05,4409.80,4418.90,4409.20,4418.70,577
2026-09-21 01:10,4418.50,4419.40,4414.90,4419.10,489
2026-09-21 01:15,4419.40,4422.10,4415.00,4416.20,985
2026-09-21 01:20,4416.30,4417.70,4413.50,4416.40,388
2026-09-21 01:25,4416.10,4418.80,4412.90,4413.30,418
2026-09-21 01:30,4413.10,4418.30,4412.10,4416.80,430
2026-09-21 01:35,4417.10,4417.80,4413.90,4416.10,201
2026-09-21 01:40,4415.90,4419.20,4414.90,4417.90,274
2026-09-21 01:45,4417.80,4421.60,4417.70,4418.00,433
2026-09-21 01:50,4418.20,4419.60,4414.70,4417.00,396
2026-09-21 01:55,4417.00,4417.40,4414.00,4415.70,305
2026-09-21 02:00,4416.00,4416.20,4411.40,4414.60,342
2026-09-21 02:05,4414.50,4414.50,4410.60,4413.40,280
2026-09-21 02:10,4413.90,4414.00,4406.40,4406.80,511
2026-09-21 02:15,4406.90,4407.60,4403.60,4404.20,383
2026-09-21 02:20,4404.10,4404.50,4399.00,4401.60,437
2026-09-21 02:25,4401.60,4407.60,4401.20,4407.50,437
2026-09-21 02:30,4407.60,4410.40,4404.70,4405.50,498
2026-09-21 02:35,4405.10,4408.40,4404.50,4406.00,233
2026-09-21 02:40,4406.10,4407.70,4402.00,4404.20,438
2026-09-21 02:45,4404.40,4408.00,4404.30,4406.20,183
2026-09-21 02:50,4406.10,4407.00,4403.30,4403.40,220
2026-09-21 02:55,4402.90,4404.90,4400.50,4401.50,483
2026-09-21 03:00,4401.70,4404.60,4396.80,4404.50,706
2026-09-21 03:05,4404.20,4404.50,4396.90,4398.70,579
2026-09-21 03:10,4398.70,4401.10,4398.40,4400.80,240
2026-09-21 03:15,4400.90,4403.40,4399.00,4401.70,418
2026-09-21 03:20,4401.50,4401.60,4398.50,4400.10,194
2026-09-21 03:25,4399.80,4400.30,4396.70,4397.80,187
2026-09-21 03:30,4397.50,4403.20,4397.20,4402.90,331
2026-09-21 03:35,4403.00,4405.60,4401.80,4403.70,363
2026-09-21 03:40,4403.50,4405.80,4402.90,4405.10,200
2026-09-21 03:45,4405.20,4406.00,4401.00,4401.00,213
2026-09-21 03:50,4400.70,4401.30,4395.80,4396.90,328
2026-09-21 03:55,4397.00,4397.30,4395.40,4395.80,116
2026-09-21 04:00,4396.80,4398.50,4395.20,4395.70,194
2026-09-21 04:05,4395.90,4396.40,4393.40,4395.70,288
2026-09-21 04:10,4395.90,4398.70,4395.80,4397.30,176
2026-09-21 04:15,4397.30,4401.70,4396.70,4401.70,188
2026-09-21 04:20,4401.80,4402.90,4401.00,4401.30,123
2026-09-21 04:25,4401.10,4402.70,4399.00,4399.20,154
2026-09-21 04:30,4399.20,4399.40,4395.60,4399.00,512
2026-09-21 04:35,4399.00,4400.30,4398.10,4398.70,79
2026-09-21 04:40,4398.70,4400.70,4398.50,4399.10,167
2026-09-21 04:45,4398.90,4399.70,4396.90,4398.00,152
2026-09-21 04:50,4397.60,4397.60,4394.50,4394.60,135
2026-09-21 04:55,4394.60,4397.10,4392.20,4393.10,272
2026-09-21 05:00,4392.90,4394.60,4391.00,4392.80,296
2026-09-21 05:05,4392.70,4393.50,4391.50,4392.20,244
2026-09-21 05:10,4391.80,4393.30,4389.70,4393.00,299
2026-09-21 05:15,4393.40,4393.60,4391.00,4392.20,186
2026-09-21 05:20,4392.40,4398.30,4392.20,4397.10,357
2026-09-21 05:25,4396.90,4398.30,4394.50,4394.60,407
2026-09-21 05:30,4394.50,4399.30,4391.20,4392.30,705
2026-09-21 05:35,4392.30,4394.70,4389.20,4393.80,463
2026-09-21 05:40,4394.30,4395.30,4391.40,4392.20,256
2026-09-21 05:45,4391.60,4391.60,4387.50,4387.70,513
2026-09-21 05:50,4387.80,4393.20,4386.30,4391.50,475
2026-09-21 05:55,4391.20,4392.50,4388.00,4388.00,221
2026-09-21 06:00,4387.90,4391.00,4386.50,4389.30,460
2026-09-21 06:05,4389.00,4392.80,4388.70,4391.60,421
2026-09-21 06:10,4392.30,4393.10,4388.70,4390.40,254
2026-09-21 06:15,4390.40,4392.00,4385.70,4386.10,402
2026-09-21 06:20,4386.00,4388.40,4384.10,4384.40,538
2026-09-21 06:25,4384.50,4386.30,4383.50,4384.40,235
2026-09-21 06:30,4384.60,4387.60,4384.60,4387.20,257
2026-09-21 06:35,4387.10,4389.20,4386.60,4388.90,244
2026-09-21 06:40,4388.90,4391.50,4388.50,4389.60,294
2026-09-21 06:45,4389.50,4392.30,4389.50,4391.70,265
2026-09-21 06:50,4391.80,4391.80,4387.70,4389.60,421
2026-09-21 06:55,4389.70,4392.00,4388.80,4390.70,313
2026-09-21 07:00,4390.80,4393.60,4383.10,4392.50,1091
2026-09-21 07:05,4392.70,4393.70,4388.50,4389.90,415
2026-09-21 07:10,4389.60,4391.10,4383.50,4390.40,539
2026-09-21 07:15,4390.30,4393.00,4388.30,4391.50,430
2026-09-21 07:20,4391.20,4391.60,4388.00,4388.40,189
2026-09-21 07:25,4388.80,4389.40,4384.30,4387.90,340
2026-09-21 07:30,4388.40,4390.20,4386.40,4390.00,116
2026-09-21 07:35,4389.50,4392.70,4387.20,4387.60,590
2026-09-21 07:40,4387.70,4388.00,4379.00,4384.40,1648
2026-09-21 07:45,4384.30,4387.30,4382.80,4384.40,433
2026-09-21 07:50,4383.80,4386.80,4383.80,4385.80,314
2026-09-21 07:55,4385.90,4386.30,4381.50,4381.60,273
2026-09-21 08:00,4381.50,4386.20,4380.80,4385.90,484
2026-09-21 08:05,4386.00,4388.80,4383.20,4384.40,460
2026-09-21 08:10,4384.30,4390.70,4383.70,4388.20,387
2026-09-21 08:15,4387.60,4392.60,4387.30,4391.50,358
2026-09-21 08:20,4391.50,4392.90,4390.00,4392.60,287
2026-09-21 08:25,4392.40,4393.00,4390.60,4390.80,266
2026-09-21 08:30,4390.50,4393.50,4388.40,4392.50,451
2026-09-21 08:35,4392.40,4394.50,4391.10,4392.70,468
2026-09-21 08:40,4392.70,4395.20,4390.70,4395.10,339
2026-09-21 08:45,4395.10,4395.10,4391.20,4393.50,272
2026-09-21 08:50,4393.30,4393.30,4388.20,4388.20,224
2026-09-21 08:55,4388.70,4391.00,4387.30,4390.70,273
2026-09-21 09:00,4390.70,4391.40,4386.80,4387.90,341
2026-09-21 09:05,4387.70,4391.30,4387.70,4390.60,160
2026-09-21 09:10,4390.70,4391.50,4389.50,4391.40,100
2026-09-21 09:15,4391.10,4392.40,4388.70,4388.90,254
2026-09-21 09:20,4389.10,4391.40,4387.60,4388.00,387
2026-09-21 09:25,4388.20,4388.30,4383.70,4383.70,516
2026-09-21 09:30,4383.70,4383.80,4377.50,4379.80,1646
2026-09-21 09:35,4379.70,4382.60,4377.70,4382.00,681
2026-09-21 09:40,4381.70,4385.70,4380.30,4385.40,380
2026-09-21 09:45,4385.30,4386.30,4381.40,4381.90,283
2026-09-21 09:50,4381.70,4385.00,4381.70,4384.80,280
2026-09-21 09:55,4384.90,4384.90,4381.30,4383.60,241
2026-09-21 10:00,4383.40,4387.60,4383.20,4387.40,205
2026-09-21 10:05,4387.50,4390.10,4386.50,4388.80,500
2026-09-21 10:10,4388.70,4391.00,4387.90,4391.00,264
2026-09-21 10:15,4391.50,4394.60,4390.50,4390.90,511
2026-09-21 10:20,4390.80,4390.80,4388.40,4389.00,220
2026-09-21 10:25,4388.90,4390.30,4387.80,4388.70,231
2026-09-21 10:30,4388.60,4389.50,4387.60,4388.60,127
2026-09-21 10:35,4388.60,4390.20,4385.70,4386.20,224
2026-09-21 10:40,4386.20,4387.20,4385.50,4386.10,225
2026-09-21 10:45,4385.70,4388.50,4385.50,4385.80,123
2026-09-21 10:50,4386.00,4387.40,4384.80,4385.20,116
2026-09-21 10:55,4385.10,4385.90,4380.10,4380.40,253
2026-09-21 11:00,4380.20,4382.60,4379.50,4382.60,375
2026-09-21 11:05,4382.60,4383.90,4381.30,4383.00,223
2026-09-21 11:10,4383.30,4386.00,4382.30,4385.60,185
2026-09-21 11:15,4386.10,4392.70,4386.10,4392.70,412
2026-09-21 11:20,4392.90,4393.00,4389.90,4390.20,206
2026-09-21 11:25,4390.40,4391.50,4389.70,4391.50,132
2026-09-21 11:30,4391.10,4396.30,4389.70,4395.60,440
2026-09-21 11:35,4395.70,4401.00,4395.30,4399.00,679
2026-09-21 11:40,4399.00,4405.40,4397.90,4404.40,918
2026-09-21 11:45,4404.60,4406.00,4402.60,4405.00,460
2026-09-21 11:50,4405.00,4409.00,4403.30,4408.90,792
2026-09-21 11:55,4408.70,4409.40,4404.40,4407.30,580
2026-09-21 12:00,4407.10,4408.60,4400.10,4408.50,949
2026-09-21 12:05,4408.70,4413.00,4405.20,4405.20,939
2026-09-21 12:10,4405.20,4408.10,4404.70,4407.40,349
2026-09-21 12:15,4407.70,4409.20,4405.30,4405.30,396
2026-09-21 12:20,4405.60,4405.70,4392.50,4392.60,1552
2026-09-21 12:25,4392.30,4394.70,4388.80,4393.00,920
2026-09-21 12:30,4393.00,4397.30,4391.70,4395.50,1132
2026-09-21 12:35,4395.40,4395.80,4388.70,4394.80,723
2026-09-21 12:40,4394.50,4401.40,4393.20,4401.00,1118
2026-09-21 12:45,4400.80,4401.70,4393.00,4395.40,711
2026-09-21 12:50,4395.70,4397.10,4393.90,4394.60,361
2026-09-21 12:55,4394.40,4399.30,4391.60,4397.40,543
2026-09-21 13:00,4397.20,4398.80,4393.70,4395.00,690
2026-09-21 13:05,4395.30,4401.90,4394.50,4399.80,705
2026-09-21 13:10,4399.90,4402.30,4398.80,4400.80,315
2026-09-21 13:15,4401.10,4402.20,4398.40,4400.50,367
2026-09-21 13:20,4400.30,4404.20,4398.70,4403.20,517
2026-09-21 13:25,4403.20,4407.80,4401.10,4402.30,972
2026-09-21 13:30,4402.30,4402.50,4390.00,4391.10,1692
2026-09-21 13:35,4391.10,4394.30,4389.40,4391.70,1068
2026-09-21 13:40,4391.40,4394.00,4386.80,4390.60,1179
2026-09-21 13:45,4390.50,4393.70,4387.10,4393.50,720
2026-09-21 13:50,4393.90,4393.90,4386.10,4386.20,759
2026-09-21 13:55,4386.10,4388.10,4383.60,4383.80,969
2026-09-21 14:00,4383.70,4384.80,4363.30,4365.00,6428
2026-09-21 14:05,4365.20,4375.20,4360.30,4375.20,3076
2026-09-21 14:10,4375.20,4379.10,4372.80,4378.40,1556
2026-09-21 14:15,4378.20,4379.50,4374.20,4375.70,1059
2026-09-21 14:20,4375.90,4376.80,4372.00,4375.70,1070
2026-09-21 14:25,4375.80,4381.20,4374.50,4379.60,1204
2026-09-21 14:30,4379.60,4382.00,4373.90,4374.00,1322
2026-09-21 14:35,4374.00,4378.00,4373.00,4373.20,628
2026-09-21 14:40,4373.00,4379.30,4370.00,4370.30,918
2026-09-21 14:45,4370.20,4379.50,4370.20,4374.50,1040
2026-09-21 14:50,4374.90,4380.90,4374.30,4380.20,640
2026-09-21 14:55,4380.10,4380.20,4373.70,4376.90,692
2026-09-21 15:00,4377.10,4384.70,4377.00,4384.40,891
2026-09-21 15:05,4384.60,4388.00,4383.50,4388.00,1007
2026-09-21 15:10,4388.50,4388.60,4385.20,4387.40,801
2026-09-21 15:15,4387.70,4389.80,4386.80,4388.30,549
2026-09-21 15:20,4388.40,4390.80,4387.00,4389.80,657
2026-09-21 15:25,4389.90,4392.40,4388.10,4389.20,848
2026-09-21 15:30,4389.50,4392.80,4388.20,4392.70,588
2026-09-21 15:35,4392.50,4394.60,4388.20,4388.20,886
2026-09-21 15:40,4388.40,4389.20,4386.50,4388.10,487
2026-09-21 15:45,4388.30,4389.10,4385.70,4386.40,648
2026-09-21 15:50,4386.70,4392.90,4384.60,4386.10,1305
2026-09-21 15:55,4386.00,4388.20,4385.00,4386.30,378
2026-09-21 16:00,4386.50,4389.50,4383.00,4388.90,681
2026-09-21 16:05,4388.40,4394.10,4387.30,4392.50,1671
2026-09-21 16:10,4392.70,4394.20,4388.40,4390.00,822
2026-09-21 16:15,4390.20,4395.70,4390.00,4394.90,941
2026-09-21 16:20,4395.00,4395.30,4388.60,4389.10,877
2026-09-21 16:25,4389.30,4390.00,4387.20,4389.20,423
2026-09-21 16:30,4389.20,4391.00,4387.80,4389.50,296
2026-09-21 16:35,4389.50,4389.50,4387.20,4387.70,269
2026-09-21 16:40,4387.60,4388.20,4381.60,4382.20,595
2026-09-21 16:45,4381.90,4384.40,4381.40,4384.00,440
2026-09-21 16:50,4384.30,4384.90,4381.10,4382.10,624
2026-09-21 16:55,4382.00,4383.30,4381.00,4381.40,257
2026-09-21 17:00,4381.50,4382.70,4379.90,4382.10,467
2026-09-21 17:05,4382.20,4384.10,4381.90,4383.90,343
2026-09-21 17:10,4384.00,4385.30,4383.20,4384.20,316
2026-09-21 17:15,4384.30,4384.70,4380.20,4380.40,577
2026-09-21 17:20,4380.60,4382.00,4379.50,4381.00,667
2026-09-21 17:25,4381.20,4384.90,4380.50,4384.40,1180
2026-09-21 17:30,4384.40,4385.10,4376.20,4376.90,1326
2026-09-21 17:35,4377.20,4378.70,4375.70,4376.90,546
2026-09-21 17:40,4376.80,4381.00,4376.80,4379.00,553
2026-09-21 17:45,4378.70,4381.60,4377.60,4381.40,347
2026-09-21 17:50,4381.30,4383.50,4380.90,4382.30,319
2026-09-21 17:55,4382.10,4384.50,4381.70,4383.00,561
2026-09-21 18:00,4383.00,4384.40,4382.20,4384.00,400
2026-09-21 18:05,4384.20,4389.00,4383.70,4389.00,850
2026-09-21 18:10,4388.70,4389.30,4386.80,4388.30,317
2026-09-21 18:15,4388.50,4390.90,4388.00,4389.20,305
2026-09-21 18:20,4389.20,4390.20,4388.70,4388.80,649
2026-09-21 18:25,4388.80,4389.80,4387.20,4388.80,262
2026-09-21 18:30,4388.90,4390.00,4387.80,4388.10,373
2026-09-21 18:35,4387.90,4388.30,4385.40,4385.70,394
2026-09-21 18:40,4385.90,4386.20,4384.70,4385.40,296
2026-09-21 18:45,4385.80,4386.70,4384.90,4386.10,233
2026-09-21 18:50,4386.00,4387.30,4385.40,4385.90,216
2026-09-21 18:55,4385.60,4386.70,4384.30,4384.40,247
2026-09-21 19:00,4384.30,4384.30,4380.40,4381.70,397
2026-09-21 19:05,4381.50,4384.10,4380.70,4383.80,256
2026-09-21 19:10,4384.10,4384.90,4382.90,4383.80,249
2026-09-21 19:15,4383.50,4384.50,4382.90,4383.20,188
2026-09-21 19:20,4383.00,4384.70,4383.00,4384.00,191
2026-09-21 19:25,4383.90,4388.50,4383.30,4387.10,292
2026-09-21 19:30,4387.00,4391.20,4387.00,4390.40,348
2026-09-21 19:35,4390.20,4391.90,4389.20,4391.00,380
2026-09-21 19:40,4391.10,4391.60,4385.30,4386.10,555
2026-09-21 19:45,4385.80,4386.30,4384.00,4384.20,312
2026-09-21 19:50,4383.90,4384.50,4382.60,4384.20,389
2026-09-21 19:55,4384.30,4384.30,4382.40,4383.00,325
2026-09-21 20:00,4383.00,4383.30,4379.50,4380.70,360
2026-09-21 20:05,4381.20,4382.00,4381.20,4381.40,65
2026-09-21 20:10,4381.70,4382.00,4379.50,4379.60,86
2026-09-21 20:15,4379.80,4379.80,4378.30,4378.80,138
2026-09-21 20:20,4378.80,4379.90,4378.50,4378.80,70
2026-09-21 20:25,4378.80,4379.50,4378.00,4378.70,86
2026-09-21 20:30,4378.50,4378.70,4377.30,4378.70,65
2026-09-21 20:35,4378.70,4380.30,4378.60,4380.00,86
2026-09-21 20:40,4380.20,4381.10,4379.60,4380.10,59
2026-09-21 20:45,4380.40,4380.40,4378.70,4379.70,131
2026-09-21 20:50,4379.80,4382.30,4379.70,4381.90,133
2026-09-21 20:55,4382.00,4382.20,4381.00,4381.00,158
2026-09-21 22:00,4382.50,4386.50,4382.00,4385.90,0
2026-09-21 22:05,4385.60,4387.60,4384.00,4386.60,172
2026-09-21 22:10,4387.00,4388.20,4386.40,4387.00,77
2026-09-21 22:15,4387.30,4390.20,4386.80,4389.70,319
2026-09-21 22:20,4390.10,4390.40,4388.50,4389.90,232
2026-09-21 22:25,4389.90,4390.40,4387.60,4390.10,495
2026-09-21 22:30,4390.30,4390.70,4388.70,4389.00,132
2026-09-21 22:35,4389.10,4389.90,4388.80,4389.50,123
2026-09-21 22:40,4389.50,4390.50,4389.00,4389.90,84
2026-09-21 22:45,4390.20,4397.20,4390.20,4397.00,436
2026-09-21 22:50,4397.00,4400.30,4397.00,4399.90,253
2026-09-21 22:55,4400.10,4402.80,4398.40,4398.70,652
2026-09-21 23:00,4398.70,4403.70,4397.60,4403.00,506
2026-09-21 23:05,4402.70,4402.70,4400.80,4402.20,155
2026-09-21 23:10,4401.70,4403.70,4397.20,4397.20,496
2026-09-21 23:15,4397.40,4402.10,4397.30,4399.20,504
2026-09-21 23:20,4398.90,4399.90,4396.20,4397.60,589
2026-09-21 23:25,4397.50,4398.30,4395.50,4396.80,413
2026-09-21 23:30,4397.30,4399.00,4395.70,4397.90,483
2026-09-21 23:35,4397.70,4402.90,4396.40,4402.70,1144
2026-09-21 23:40,4402.70,4408.60,4402.70,4406.40,473
2026-09-21 23:45,4406.60,4408.60,4404.40,4405.70,480
2026-09-21 23:50,4405.60,4405.70,4401.80,4403.80,441
2026-09-21 23:55,4403.70,4408.40,4403.40,4406.80,399
2026-09-22 00:00,4407.00,4414.10,4405.00,4410.40,1053
2026-09-22 00:05,4410.50,4412.10,4407.50,4412.00,529
2026-09-22 00:10,4412.40,4412.70,4407.90,4408.20,305
2026-09-22 00:15,4407.80,4407.80,4396.50,4398.30,975
2026-09-22 00:20,4398.90,4400.40,4396.30,4398.60,249
2026-09-22 00:25,4398.80,4398.80,4395.60,4395.90,180
2026-09-22 00:30,4395.80,4397.00,4394.20,4395.10,233
2026-09-22 00:35,4394.60,4394.70,4387.00,4387.00,516
2026-09-22 00:40,4387.30,4393.30,4385.90,4393.00,659
2026-09-22 00:45,4393.20,4394.80,4391.00,4393.70,456
2026-09-22 00:50,4393.40,4397.40,4392.60,4395.70,271
2026-09-22 00:55,4396.10,4397.70,4394.50,4397.70,267
2026-09-22 01:00,4397.60,4400.90,4392.90,4398.60,977
2026-09-22 01:05,4399.30,4402.50,4395.60,4397.30,478
2026-09-22 01:10,4397.50,4398.80,4390.50,4391.10,499
2026-09-22 01:15,4390.70,4392.90,4387.20,4391.00,416
2026-09-22 01:20,4390.80,4394.40,4387.00,4392.30,387
2026-09-22 01:25,4392.60,4396.00,4391.60,4393.60,288
2026-09-22 01:30,4393.10,4393.30,4389.20,4392.80,145
2026-09-22 01:35,4392.90,4393.50,4390.50,4392.20,277
2026-09-22 01:40,4392.50,4394.60,4386.50,4386.70,318
2026-09-22 01:45,4386.50,4388.60,4380.90,4383.10,653
2026-09-22 01:50,4383.50,4385.70,4380.60,4385.60,413
2026-09-22 01:55,4385.70,4386.90,4383.90,4385.90,253
2026-09-22 02:00,4386.20,4390.50,4384.70,4390.20,565
2026-09-22 02:05,4390.10,4390.10,4380.10,4380.40,448
2026-09-22 02:10,4380.80,4382.00,4379.00,4379.40,584
2026-09-22 02:15,4379.70,4381.20,4376.30,4380.20,454
2026-09-22 02:20,4380.50,4385.30,4380.30,4384.70,383
2026-09-22 02:25,4384.60,4389.20,4384.60,4388.60,360
2026-09-22 02:30,4389.00,4392.80,4386.00,4392.00,650
2026-09-22 02:35,4391.80,4392.50,4389.90,4390.70,212
2026-09-22 02:40,4390.20,4391.10,4383.50,4384.00,509
2026-09-22 02:45,4384.10,4384.10,4379.50,4383.30,1179
2026-09-22 02:50,4383.20,4383.90,4378.50,4379.20,261
2026-09-22 02:55,4379.00,4382.20,4377.30,4381.80,280
2026-09-22 03:00,4381.60,4383.00,4379.00,4379.40,204
2026-09-22 03:05,4379.20,4380.50,4376.60,4377.20,366
2026-09-22 03:10,4377.20,4382.60,4376.50,4382.60,269
2026-09-22 03:15,4382.60,4383.40,4380.80,4381.10,74
2026-09-22 03:20,4381.70,4382.60,4378.30,4379.90,281
2026-09-22 03:25,4380.00,4383.20,4379.80,4383.20,124
2026-09-22 03:30,4382.90,4385.00,4381.50,4384.00,241
2026-09-22 03:35,4383.90,4386.60,4382.20,4384.30,483
2026-09-22 03:40,4384.10,4384.70,4377.80,4379.90,446
2026-09-22 03:45,4379.90,4380.70,4378.10,4380.30,133
2026-09-22 03:50,4380.50,4381.20,4377.50,4378.00,120
2026-09-22 03:55,4378.40,4380.20,4378.10,4379.10,89
2026-09-22 04:00,4378.50,4378.90,4371.40,4374.00,721
2026-09-22 04:05,4373.80,4375.60,4372.90,4373.70,316
2026-09-22 04:10,4373.40,4376.60,4372.50,4375.10,673
2026-09-22 04:15,4375.20,4375.90,4372.80,4373.60,204
2026-09-22 04:20,4373.50,4376.50,4373.10,4376.00,339
2026-09-22 04:25,4375.70,4375.70,4373.10,4374.50,252
2026-09-22 04:30,4374.20,4374.70,4373.20,4373.60,92
2026-09-22 04:35,4373.40,4377.80,4373.30,4377.50,164
2026-09-22 04:40,4377.50,4377.50,4375.30,4377.20,141
2026-09-22 04:45,4377.10,4377.60,4375.60,4377.10,102
2026-09-22 04:50,4376.70,4379.70,4376.20,4379.50,132
2026-09-22 04:55,4379.40,4379.80,4376.80,4379.50,521
2026-09-22 05:00,4379.60,4380.70,4377.10,4380.00,569
2026-09-22 05:05,4379.90,4383.40,4377.80,4382.90,562
2026-09-22 05:10,4383.00,4384.20,4382.10,4383.10,206
2026-09-22 05:15,4383.00,4383.50,4375.70,4375.70,291
2026-09-22 05:20,4375.50,4376.10,4366.20,4366.80,1098
2026-09-22 05:25,4366.60,4370.20,4359.20,4368.70,1968
2026-09-22 05:30,4368.50,4370.00,4360.00,4362.50,1428
2026-09-22 05:35,4362.40,4362.50,4352.70,4359.70,1857
2026-09-22 05:40,4359.40,4363.50,4357.00,4357.30,538
2026-09-22 05:45,4357.60,4368.30,4356.60,4366.80,616
2026-09-22 05:50,4366.70,4369.80,4364.50,4364.60,357
2026-09-22 05:55,4364.50,4365.60,4359.50,4360.30,417
2026-09-22 06:00,4360.40,4361.00,4354.50,4355.30,618
2026-09-22 06:05,4354.90,4356.50,4351.80,4355.50,648
2026-09-22 06:10,4355.90,4357.20,4351.80,4356.30,811
2026-09-22 06:15,4356.10,4357.40,4354.00,4354.00,241
2026-09-22 06:20,4353.80,4356.40,4352.20,4354.50,389
2026-09-22 06:25,4354.00,4357.10,4353.80,4354.70,332
2026-09-22 06:30,4354.80,4357.30,4354.10,4354.90,479
2026-09-22 06:35,4355.20,4356.40,4352.10,4353.40,390
2026-09-22 06:40,4353.90,4357.40,4353.90,4357.00,453
2026-09-22 06:45,4357.00,4358.40,4354.20,4357.60,309
2026-09-22 06:50,4357.80,4358.20,4353.60,4353.80,279
2026-09-22 06:55,4353.70,4356.20,4351.90,4355.00,354
2026-09-22 07:00,4354.30,4358.00,4354.20,4355.00,444
2026-09-22 07:05,4355.20,4357.20,4351.30,4356.70,523
2026-09-22 07:10,4355.90,4360.00,4354.70,4356.90,304
2026-09-22 07:15,4357.00,4361.00,4357.00,4359.70,213
2026-09-22 07:20,4359.30,4360.70,4358.00,4358.50,195
2026-09-22 07:25,4358.20,4359.50,4351.70,4351.80,418
2026-09-22 07:30,4351.80,4352.30,4345.20,4347.70,1272
2026-09-22 07:35,4347.70,4350.50,4346.70,4349.40,498
2026-09-22 07:40,4349.30,4349.80,4345.10,4347.00,403
2026-09-22 07:45,4347.00,4352.30,4345.40,4345.40,677
2026-09-22 07:50,4345.60,4345.90,4337.40,4338.20,2089
2026-09-22 07:55,4338.30,4340.20,4335.50,4337.50,1566
2026-09-22 08:00,4337.20,4341.70,4335.10,4341.40,1617
2026-09-22 08:05,4341.20,4348.30,4340.50,4347.10,994
2026-09-22 08:10,4347.20,4347.70,4340.00,4340.00,799
2026-09-22 08:15,4340.10,4340.60,4336.90,4340.30,416
2026-09-22 08:20,4340.50,4342.30,4337.00,4339.30,798
2026-09-22 08:25,4338.80,4344.20,4333.40,4337.00,974
2026-09-22 08:30,4337.30,4337.30,4327.60,4333.70,1612
2026-09-22 08:35,4333.40,4347.60,4333.40,4346.70,1115
2026-09-22 08:40,4346.50,4358.10,4344.80,4356.50,1530
2026-09-22 08:45,4356.70,4361.90,4352.10,4361.90,974
2026-09-22 08:50,4362.00,4370.60,4360.40,4368.60,1920
2026-09-22 08:55,4368.20,4372.70,4363.50,4367.30,1262
2026-09-22 09:00,4366.30,4367.70,4354.60,4354.80,1208
2026-09-22 09:05,4354.70,4359.30,4354.30,4356.00,775
2026-09-22 09:10,4355.30,4359.40,4353.30,4354.90,537
2026-09-22 09:15,4354.80,4360.20,4353.60,4353.70,608
2026-09-22 09:20,4353.50,4356.20,4353.00,4354.80,444
2026-09-22 09:25,4354.60,4354.60,4350.80,4351.20,471
2026-09-22 09:30,4351.50,4354.70,4349.20,4351.90,1755
2026-09-22 09:35,4351.40,4353.40,4349.00,4353.30,273
2026-09-22 09:40,4353.20,4357.60,4352.40,4357.20,540
2026-09-22 09:45,4357.40,4360.10,4356.00,4359.60,306
2026-09-22 09:50,4359.70,4371.00,4359.60,4369.20,1898
2026-09-22 09:55,4369.00,4375.30,4361.90,4374.10,2065
2026-09-22 10:00,4373.80,4375.30,4369.00,4373.60,851
2026-09-22 10:05,4373.90,4374.30,4370.00,4370.30,383
2026-09-22 10:10,4370.20,4372.40,4366.00,4367.90,399
2026-09-22 10:15,4368.10,4369.30,4365.70,4366.90,221
2026-09-22 10:20,4367.30,4368.40,4365.20,4367.10,203
2026-09-22 10:25,4366.50,4368.30,4365.70,4367.30,201
2026-09-22 10:30,4367.10,4369.00,4365.00,4365.70,281
2026-09-22 10:35,4366.00,4370.00,4365.10,4368.50,153
2026-09-22 10:40,4368.60,4371.40,4367.40,4368.30,254
2026-09-22 10:45,4368.70,4368.70,4363.20,4364.70,474
2026-09-22 10:50,4364.80,4367.10,4363.60,4365.10,458
2026-09-22 10:55,4365.30,4365.70,4359.00,4359.00,403
2026-09-22 11:00,4358.80,4360.60,4355.00,4356.20,552
2026-09-22 11:05,4356.40,4356.80,4346.40,4347.50,1588
2026-09-22 11:10,4347.90,4353.50,4346.30,4352.70,1042
2026-09-22 11:15,4352.30,4355.60,4349.10,4350.00,608
2026-09-22 11:20,4349.90,4354.30,4349.20,4353.80,384
2026-09-22 11:25,4353.40,4355.70,4351.80,4355.10,361
2026-09-22 11:30,4354.90,4356.80,4351.00,4351.10,336
2026-09-22 11:35,4351.50,4355.30,4351.00,4353.80,184
2026-09-22 11:40,4353.80,4357.30,4352.80,4354.90,418
2026-09-22 11:45,4355.00,4358.90,4353.70,4357.60,434
2026-09-22 11:50,4357.70,4358.20,4355.00,4355.40,329
2026-09-22 11:55,4355.30,4360.80,4355.30,4359.90,699
2026-09-22 12:00,4360.20,4363.00,4359.30,4362.60,614
2026-09-22 12:05,4362.60,4364.10,4357.10,4358.10,426
2026-09-22 12:10,4358.00,4360.90,4357.50,4360.90,216
2026-09-22 12:15,4361.10,4364.30,4359.80,4364.20,400
2026-09-22 12:20,4363.90,4379.20,4362.10,4376.60,2545
2026-09-22 12:25,4376.80,4380.00,4368.80,4374.50,940
2026-09-22 12:30,4374.20,4381.40,4372.50,4376.90,1448
2026-09-22 12:35,4377.20,4380.50,4374.80,4376.30,751
2026-09-22 12:40,4376.40,4378.40,4369.30,4369.30,693
2026-09-22 12:45,4369.80,4372.80,4368.40,4370.40,712
2026-09-22 12:50,4370.70,4373.60,4368.30,4372.50,756
2026-09-22 12:55,4372.30,4375.20,4370.70,4371.50,665
2026-09-22 13:00,4371.60,4375.40,4368.00,4373.60,1283
2026-09-22 13:05,4374.00,4379.20,4368.60,4377.20,1214
2026-09-22 13:10,4377.40,4380.00,4375.90,4378.30,652
2026-09-22 13:15,4378.30,4380.60,4374.70,4375.40,775
2026-09-22 13:20,4375.40,4377.50,4368.60,4370.50,728
2026-09-22 13:25,4370.60,4372.10,4367.40,4368.00,677
2026-09-22 13:30,4368.10,4373.90,4367.50,4372.00,1060
2026-09-22 13:35,4372.20,4374.60,4368.20,4369.00,714
2026-09-22 13:40,4369.10,4380.60,4365.20,4379.00,2118
2026-09-22 13:45,4379.00,4381.90,4373.10,4377.50,1436
2026-09-22 13:50,4377.60,4378.70,4369.60,4369.80,695
2026-09-22 13:55,4369.60,4375.70,4367.50,4371.00,813
2026-09-22 14:00,4370.80,4372.50,4366.00,4366.20,1596
2026-09-22 14:05,4366.60,4369.50,4365.20,4367.40,719
2026-09-22 14:10,4367.10,4376.40,4366.20,4371.50,1628
2026-09-22 14:15,4371.20,4372.10,4363.10,4366.30,1109
2026-09-22 14:20,4366.60,4370.50,4365.00,4369.50,537
2026-09-22 14:25,4369.30,4370.10,4362.30,4365.60,1089
2026-09-22 14:30,4365.60,4367.30,4361.80,4362.50,696
2026-09-22 14:35,4362.40,4371.80,4358.60,4361.80,2752
2026-09-22 14:40,4362.20,4362.20,4351.80,4357.40,2297
2026-09-22 14:45,4357.50,4361.60,4354.90,4359.30,1399
2026-09-22 14:50,4359.70,4362.70,4357.50,4362.30,611
2026-09-22 14:55,4362.20,4365.90,4361.90,4365.30,559
2026-09-22 15:00,4365.50,4369.90,4362.70,4368.10,856
2026-09-22 15:05,4367.60,4375.80,4366.20,4375.60,1321
2026-09-22 15:10,4375.50,4378.00,4372.60,4374.00,1663
2026-09-22 15:15,4373.90,4378.30,4373.90,4374.90,1251
2026-09-22 15:20,4375.00,4376.80,4372.40,4374.70,539
2026-09-22 15:25,4374.50,4374.50,4369.80,4369.80,492
2026-09-22 15:30,4369.70,4370.90,4365.20,4367.50,967
2026-09-22 15:35,4367.40,4368.20,4364.80,4366.30,422
2026-09-22 15:40,4366.20,4367.40,4364.80,4365.50,265
2026-09-22 15:45,4365.20,4365.30,4362.60,4363.80,588
2026-09-22 15:50,4363.90,4366.90,4362.80,4366.10,398
2026-09-22 15:55,4366.10,4369.40,4365.10,4368.70,418
2026-09-22 16:00,4368.60,4369.80,4363.20,4364.30,863
2026-09-22 16:05,4364.20,4364.50,4361.70,4362.20,463
2026-09-22 16:10,4362.30,4362.90,4359.80,4361.10,461
2026-09-22 16:15,4361.00,4364.30,4360.70,4363.70,450
2026-09-22 16:20,4363.80,4364.50,4361.70,4363.20,541
2026-09-22 16:25,4362.90,4364.90,4362.90,4364.30,288
2026-09-22 16:30,4364.40,4366.20,4363.60,4366.00,322
2026-09-22 16:35,4366.20,4366.50,4364.80,4366.30,210
2026-09-22 16:40,4366.40,4370.00,4365.30,4369.70,420
2026-09-22 16:45,4369.80,4379.20,4368.80,4377.60,1698
2026-09-22 16:50,4377.70,4379.80,4374.70,4375.20,1037
2026-09-22 16:55,4375.30,4377.10,4372.40,4374.10,479
2026-09-22 17:00,4374.00,4375.70,4372.50,4374.90,411
2026-09-22 17:05,4375.00,4378.90,4374.60,4375.60,556
2026-09-22 17:10,4375.70,4377.80,4375.00,4375.70,358
2026-09-22 17:15,4375.80,4378.10,4374.60,4375.20,408
2026-09-22 17:20,4375.20,4377.70,4374.00,4374.30,523
2026-09-22 17:25,4374.40,4377.50,4373.20,4377.20,1167
2026-09-22 17:30,4377.30,4378.00,4372.70,4374.30,347
2026-09-22 17:35,4374.50,4375.40,4373.80,4374.40,190
2026-09-22 17:40,4374.40,4376.60,4373.60,4376.20,163
2026-09-22 17:45,4376.40,4378.30,4375.90,4377.30,215
2026-09-22 17:50,4377.70,4391.30,4377.00,4387.50,3136
2026-09-22 17:55,4387.60,4390.70,4386.40,4388.90,1233
2026-09-22 18:00,4388.80,4391.80,4385.50,4389.70,1084
2026-09-22 18:05,4389.90,4397.90,4389.70,4395.60,1713
2026-09-22 18:10,4395.60,4398.30,4393.20,4396.20,1110
2026-09-22 18:15,4396.00,4398.80,4395.50,4396.30,612
2026-09-22 18:20,4395.70,4397.90,4392.60,4393.30,687
2026-09-22 18:25,4393.40,4395.20,4391.70,4394.10,544
2026-09-22 18:30,4394.40,4394.90,4389.80,4390.60,456
2026-09-22 18:35,4390.60,4391.40,4387.80,4389.90,605
2026-09-22 18:40,4389.80,4389.90,4386.30,4388.00,469
2026-09-22 18:45,4388.40,4391.60,4388.30,4390.50,364
2026-09-22 18:50,4390.80,4391.80,4389.60,4389.80,326
2026-09-22 18:55,4389.90,4391.10,4388.40,4390.90,314
2026-09-22 19:00,4391.10,4393.60,4390.70,4392.10,295
2026-09-22 19:05,4392.00,4395.60,4391.10,4394.90,324
2026-09-22 19:10,4394.70,4396.80,4394.50,4395.50,395
2026-09-22 19:15,4396.00,4396.50,4394.00,4395.50,208
2026-09-22 19:20,4395.60,4396.90,4393.90,4396.20,493
2026-09-22 19:25,4396.40,4399.00,4394.70,4397.10,948
2026-09-22 19:30,4397.20,4408.70,4397.20,4408.30,1952
2026-09-22 19:35,4408.10,4409.60,4404.60,4407.80,1495
2026-09-22 19:40,4408.20,4409.40,4404.80,4407.30,715
2026-09-22 19:45,4407.60,4408.70,4406.40,4407.60,468
2026-09-22 19:50,4407.20,4407.40,4404.70,4405.00,455
2026-09-22 19:55,4404.80,4405.00,4401.10,4401.80,658
2026-09-22 20:00,4402.10,4402.50,4400.10,4400.50,661
2026-09-22 20:05,4400.60,4400.90,4398.40,4399.80,631
2026-09-22 20:10,4400.00,4400.20,4396.10,4397.10,330
2026-09-22 20:15,4397.20,4398.30,4396.80,4397.30,116
2026-09-22 20:20,4397.20,4398.70,4396.40,4398.40,118
2026-09-22 20:25,4398.30,4398.40,4397.20,4397.50,91
2026-09-22 20:30,4397.60,4398.30,4396.50,4397.00,146
2026-09-22 20:35,4397.00,4397.10,4395.40,4395.70,317
2026-09-22 20:40,4395.90,4397.20,4395.90,4396.60,63
2026-09-22 20:45,4396.60,4396.70,4395.70,4395.70,129
2026-09-22 20:50,4395.90,4398.10,4395.80,4396.50,139
2026-09-22 20:55,4396.30,4397.20,4393.50,4396.20,428
2026-09-22 22:00,4394.70,4401.20,4394.70,4401.10,0
2026-09-22 22:05,4401.20,4402.80,4399.40,4399.80,189
2026-09-22 22:10,4399.90,4402.40,4399.20,4402.20,115
2026-09-22 22:15,4401.90,4402.20,4400.90,4402.00,86
2026-09-22 22:20,4401.60,4402.10,4400.40,4402.10,175
2026-09-22 22:25,4402.10,4403.50,4401.10,4403.00,361
2026-09-22 22:30,4402.90,4403.80,4401.50,4402.60,123
2026-09-22 22:35,4402.80,4403.20,4401.80,4402.30,82
2026-09-22 22:40,4402.50,4403.40,4401.30,4401.40,163
2026-09-22 22:45,4401.40,4401.60,4400.30,4400.30,75
2026-09-22 22:50,4400.60,4401.40,4398.90,4400.80,181
2026-09-22 22:55,4400.90,4401.50,4399.90,4400.60,102
2026-09-22 23:00,4400.80,4402.70,4400.30,4402.20,162
2026-09-22 23:05,4402.00,4402.20,4400.70,4401.70,64
2026-09-22 23:10,4401.70,4402.20,4399.30,4400.10,180
2026-09-22 23:15,4400.00,4404.10,4398.90,4403.40,139
2026-09-22 23:20,4403.40,4403.50,4401.60,4402.30,136
2026-09-22 23:25,4402.40,4402.40,4401.00,4402.30,46
2026-09-22 23:30,4402.10,4403.00,4401.50,4402.00,45
2026-09-22 23:35,4401.50,4403.00,4399.10,4402.00,391
2026-09-22 23:40,4401.50,4403.30,4401.50,4402.20,78
2026-09-22 23:45,4402.70,4402.70,4397.70,4398.20,239
2026-09-22 23:50,4398.40,4401.70,4396.40,4401.30,367
2026-09-22 23:55,4401.60,4403.50,4399.90,4402.00,349
2026-09-23 00:00,4401.40,4407.50,4400.50,4405.10,383
2026-09-23 00:05,4404.60,4404.80,4399.40,4401.00,178
2026-09-23 00:10,4400.50,4404.00,4399.90,4403.40,135
2026-09-23 00:15,4403.10,4403.90,4400.60,4401.30,373
2026-09-23 00:20,4401.30,4401.40,4397.60,4398.10,217
2026-09-23 00:25,4398.40,4399.40,4396.20,4396.60,152
2026-09-23 00:30,4396.30,4399.20,4395.70,4396.50,374
2026-09-23 00:35,4396.60,4397.20,4392.30,4394.90,888
2026-09-23 00:40,4394.80,4396.80,4393.20,4396.60,836
2026-09-23 00:45,4396.50,4398.20,4394.20,4394.50,411
2026-09-23 00:50,4394.70,4396.10,4394.10,4394.20,151
2026-09-23 00:55,4394.40,4396.00,4393.60,4394.80,267
2026-09-23 01:00,4395.00,4396.60,4387.60,4388.40,1156
2026-09-23 01:05,4388.70,4390.50,4387.40,4388.00,405
2026-09-23 01:10,4387.80,4387.90,4383.40,4387.00,607
2026-09-23 01:15,4386.90,4386.90,4382.90,4385.40,355
2026-09-23 01:20,4384.90,4386.30,4383.80,4385.10,167
2026-09-23 01:25,4384.40,4384.40,4379.40,4380.70,627
2026-09-23 01:30,4380.60,4381.50,4378.60,4380.60,506
2026-09-23 01:35,4380.60,4383.40,4380.30,4382.70,370
2026-09-23 01:40,4382.70,4383.20,4379.10,4381.80,271
2026-09-23 01:45,4381.90,4383.70,4380.80,4382.70,351
2026-09-23 01:50,4382.40,4383.50,4377.60,4377.80,335
2026-09-23 01:55,4377.60,4378.60,4375.90,4378.30,335
2026-09-23 02:00,4378.20,4378.30,4375.00,4375.40,277
2026-09-23 02:05,4376.00,4376.60,4374.70,4375.40,244
2026-09-23 02:10,4375.00,4376.50,4374.00,4374.10,197
2026-09-23 02:15,4374.30,4374.30,4371.30,4372.70,570
2026-09-23 02:20,4372.50,4375.20,4371.60,4374.90,355
2026-09-23 02:25,4374.70,4376.70,4374.50,4375.30,249
2026-09-23 02:30,4375.50,4376.20,4373.50,4375.20,226
2026-09-23 02:35,4374.50,4375.70,4370.20,4370.90,497
2026-09-23 02:40,4370.90,4374.20,4370.80,4374.00,169
2026-09-23 02:45,4374.00,4374.90,4371.80,4372.00,210
2026-09-23 02:50,4372.20,4373.70,4371.30,4373.00,230
2026-09-23 02:55,4372.80,4372.80,4370.10,4370.70,263
2026-09-23 03:00,4370.70,4372.40,4370.00,4371.90,266
2026-09-23 03:05,4371.80,4373.90,4371.10,4372.70,233
2026-09-23 03:10,4372.50,4376.60,4372.40,4375.50,267
2026-09-23 03:15,4375.90,4376.10,4372.60,4373.50,196
2026-09-23 03:20,4373.20,4377.20,4373.00,4376.60,132
2026-09-23 03:25,4376.20,4377.20,4374.90,4375.00,208
2026-09-23 03:30,4374.70,4377.60,4374.10,4376.10,162
2026-09-23 03:35,4376.40,4377.00,4375.70,4376.70,91
2026-09-23 03:40,4376.80,4378.70,4376.70,4378.50,208
2026-09-23 03:45,4378.50,4379.80,4378.50,4379.00,162
2026-09-23 03:50,4379.00,4381.50,4378.70,4381.30,228
2026-09-23 03:55,4381.30,4382.40,4379.80,4380.00,474
2026-09-23 04:00,4379.40,4381.80,4379.20,4381.50,292
2026-09-23 04:05,4381.30,4382.70,4381.10,4381.70,187
2026-09-23 04:10,4381.60,4384.20,4381.10,4383.10,153
2026-09-23 04:15,4382.90,4384.30,4381.80,4383.90,153
2026-09-23 04:20,4383.40,4384.40,4381.60,4381.80,104
2026-09-23 04:25,4382.40,4382.40,4381.80,4382.30,28
2026-09-23 04:30,4382.40,4383.40,4381.20,4382.40,102
2026-09-23 04:35,4382.90,4383.80,4381.20,4381.60,72
2026-09-23 04:40,4381.60,4382.80,4380.50,4381.50,107
2026-09-23 04:45,4381.50,4383.80,4381.30,4383.80,111
2026-09-23 04:50,4383.80,4383.80,4380.70,4382.10,128
2026-09-23 04:55,4382.10,4382.10,4380.80,4381.00,99
2026-09-23 05:00,4381.20,4382.50,4379.50,4381.60,323
2026-09-23 05:05,4381.10,4382.90,4380.70,4381.00,187
2026-09-23 05:10,4380.70,4380.70,4379.20,4379.40,83
2026-09-23 05:15,4379.80,4380.50,4378.70,4379.50,390
2026-09-23 05:20,4379.40,4380.00,4378.70,4379.30,127
2026-09-23 05:25,4378.90,4380.70,4377.30,4378.20,119
2026-09-23 05:30,4378.20,4379.40,4374.70,4374.80,467
2026-09-23 05:35,4375.10,4375.10,4371.60,4371.90,297
2026-09-23 05:40,4372.00,4373.80,4366.20,4366.80,943
2026-09-23 05:45,4366.90,4369.00,4366.30,4366.70,301
2026-09-23 05:50,4366.70,4370.60,4365.10,4370.00,370
2026-09-23 05:55,4370.20,4372.50,4369.80,4372.30,286
2026-09-23 06:00,4371.80,4374.10,4370.90,4372.20,527
2026-09-23 06:05,4372.30,4372.80,4368.70,4368.90,318
2026-09-23 06:10,4368.50,4368.80,4366.50,4368.00,406
2026-09-23 06:15,4367.70,4367.80,4364.40,4366.70,458
2026-09-23 06:20,4366.50,4367.20,4363.30,4367.10,371
2026-09-23 06:25,4367.30,4368.30,4365.90,4365.90,350
2026-09-23 06:30,4366.20,4369.10,4365.70,4368.60,323
2026-09-23 06:35,4369.00,4370.60,4368.40,4370.50,256
2026-09-23 06:40,4370.70,4371.80,4370.00,4371.10,183
2026-09-23 06:45,4371.10,4374.10,4368.10,4372.90,430
2026-09-23 06:50,4372.90,4373.20,4370.00,4370.30,166
2026-09-23 06:55,4370.20,4370.20,4367.10,4368.50,341
2026-09-23 07:00,4367.80,4369.60,4366.50,4368.00,323
2026-09-23 07:05,4368.00,4368.30,4364.20,4365.20,529
2026-09-23 07:10,4365.20,4365.50,4360.50,4361.50,1076
2026-09-23 07:15,4361.70,4365.40,4361.50,4362.90,784
2026-09-23 07:20,4362.70,4364.00,4361.90,4363.00,295
2026-09-23 07:25,4362.80,4362.80,4358.90,4360.80,719
2026-09-23 07:30,4360.70,4362.20,4356.70,4357.40,1050
2026-09-23 07:35,4357.20,4360.20,4356.10,4358.70,398
2026-09-23 07:40,4358.60,4360.10,4357.40,4359.20,508
2026-09-23 07:45,4359.20,4359.80,4357.70,4359.70,251
2026-09-23 07:50,4359.80,4362.10,4358.40,4359.10,328
2026-09-23 07:55,4358.80,4362.30,4355.10,4356.20,851
2026-09-23 08:00,4356.20,4358.40,4355.00,4356.70,755
2026-09-23 08:05,4356.30,4358.00,4354.40,4355.20,353
2026-09-23 08:10,4355.50,4356.70,4353.80,4356.60,271
2026-09-23 08:15,4356.70,4357.40,4354.10,4355.60,420
2026-09-23 08:20,4355.50,4358.90,4355.20,4358.80,388
2026-09-23 08:25,4358.60,4359.80,4355.80,4356.20,413
2026-09-23 08:30,4356.00,4357.30,4353.40,4355.40,462
2026-09-23 08:35,4355.80,4357.30,4352.90,4354.10,357
2026-09-23 08:40,4354.10,4355.60,4352.70,4353.60,211
2026-09-23 08:45,4353.30,4356.30,4352.20,4356.00,327
2026-09-23 08:50,4355.70,4355.70,4353.50,4353.90,228
2026-09-23 08:55,4354.10,4356.30,4353.60,4355.00,245
2026-09-23 09:00,4354.90,4357.30,4354.80,4355.00,335
2026-09-23 09:05,4354.40,4356.30,4354.10,4355.90,127
2026-09-23 09:10,4356.00,4357.30,4355.50,4356.80,184
2026-09-23 09:15,4356.70,4356.90,4352.30,4354.10,245
2026-09-23 09:20,4354.00,4356.40,4352.90,4356.20,301
2026-09-23 09:25,4356.00,4357.00,4352.80,4354.00,252
2026-09-23 09:30,4353.90,4356.00,4350.20,4351.00,570
2026-09-23 09:35,4350.70,4352.80,4350.60,4351.60,188
2026-09-23 09:40,4351.50,4353.60,4350.90,4353.40,179
2026-09-23 09:45,4353.30,4353.30,4345.30,4345.70,1136
2026-09-23 09:50,4345.90,4349.80,4345.70,4349.50,543
2026-09-23 09:55,4349.40,4351.30,4349.10,4350.60,216
2026-09-23 10:00,4351.10,4355.90,4350.50,4355.10,506
2026-09-23 10:05,4354.80,4354.80,4353.00,4353.40,693
2026-09-23 10:10,4353.30,4353.80,4352.10,4353.80,120
2026-09-23 10:15,4353.60,4353.80,4352.40,4353.70,139
2026-09-23 10:20,4353.50,4353.90,4351.50,4352.30,111
2026-09-23 10:25,4352.00,4354.90,4351.20,4354.50,312
2026-09-23 10:30,4354.50,4356.00,4352.50,4353.10,388
2026-09-23 10:35,4352.50,4353.70,4351.60,4353.20,137
2026-09-23 10:40,4353.00,4353.10,4351.20,4352.50,100
2026-09-23 10:45,4352.30,4352.30,4349.00,4349.90,279
2026-09-23 10:50,4350.00,4352.90,4350.00,4351.90,329
2026-09-23 10:55,4352.40,4352.60,4351.00,4352.50,118
2026-09-23 11:00,4352.10,4353.70,4349.70,4352.00,274
2026-09-23 11:05,4351.30,4352.70,4350.70,4352.20,115
2026-09-23 11:10,4352.40,4354.00,4350.90,4351.90,172
2026-09-23 11:15,4351.90,4352.60,4347.40,4347.90,178
2026-09-23 11:20,4348.00,4348.40,4340.80,4342.40,1263
2026-09-23 11:25,4342.60,4345.60,4340.50,4342.90,699
2026-09-23 11:30,4343.10,4343.50,4337.50,4338.70,936
2026-09-23 11:35,4339.00,4340.60,4330.90,4336.10,1253
2026-09-23 11:40,4336.30,4341.60,4334.70,4341.50,692
2026-09-23 11:45,4341.30,4345.20,4340.70,4344.00,822
2026-09-23 11:50,4344.10,4346.70,4342.50,4345.90,368
2026-09-23 11:55,4346.10,4346.70,4344.80,4346.30,275
2026-09-23 12:00,4346.40,4350.60,4345.80,4349.10,554
2026-09-23 12:05,4349.00,4352.00,4348.70,4349.80,482
2026-09-23 12:10,4350.50,4355.60,4349.60,4355.60,855
2026-09-23 12:15,4355.50,4355.50,4350.50,4351.60,524
2026-09-23 12:20,4351.40,4351.40,4346.50,4351.00,962
2026-09-23 12:25,4350.80,4351.50,4347.10,4347.70,784
2026-09-23 12:30,4347.60,4347.80,4344.40,4345.50,839
2026-09-23 12:35,4345.30,4346.30,4339.80,4340.00,933
2026-09-23 12:40,4340.30,4343.20,4338.50,4340.30,1124
2026-09-23 12:45,4340.20,4343.30,4338.60,4340.60,534
2026-09-23 12:50,4340.20,4340.90,4337.20,4339.80,791
2026-09-23 12:55,4339.90,4347.40,4338.10,4346.30,754
2026-09-23 13:00,4346.30,4347.20,4341.20,4342.30,1288
2026-09-23 13:05,4342.20,4342.90,4337.80,4338.50,502
2026-09-23 13:10,4338.50,4339.90,4334.80,4339.30,894
2026-09-23 13:15,4339.00,4342.90,4338.40,4339.20,549
2026-09-23 13:20,4339.40,4343.80,4339.20,4341.20,513
2026-09-23 13:25,4340.90,4349.30,4340.90,4349.30,697
2026-09-23 13:30,4349.10,4350.60,4337.50,4337.80,1302
2026-09-23 13:35,4337.60,4341.90,4335.20,4340.20,1039
2026-09-23 13:40,4339.80,4341.20,4323.00,4329.60,3559
2026-09-23 13:45,4329.20,4329.20,4317.30,4321.20,3378
2026-09-23 13:50,4321.30,4326.10,4318.70,4319.70,2226
2026-09-23 13:55,4319.70,4323.50,4317.90,4320.40,1676
2026-09-23 14:00,4320.10,4328.70,4320.00,4326.80,2599
2026-09-23 14:05,4326.80,4330.20,4322.70,4328.60,981
2026-09-23 14:10,4328.50,4329.00,4318.50,4320.30,1429
2026-09-23 14:15,4320.10,4324.30,4314.40,4314.50,1971
2026-09-23 14:20,4314.70,4320.80,4314.50,4320.80,1115
2026-09-23 14:25,4320.90,4321.50,4313.90,4317.10,1597
2026-09-23 14:30,4316.80,4327.00,4316.50,4325.70,1747
2026-09-23 14:35,4325.90,4328.50,4318.50,4318.50,1197
2026-09-23 14:40,4318.60,4324.30,4318.60,4323.00,904
2026-09-23 14:45,4323.10,4324.40,4320.50,4322.10,943
2026-09-23 14:50,4322.20,4335.00,4320.20,4333.40,3248
2026-09-23 14:55,4333.40,4333.60,4327.00,4330.60,1399
2026-09-23 15:00,4330.60,4331.90,4325.60,4326.50,1212
2026-09-23 15:05,4326.50,4331.20,4325.70,4330.40,666
2026-09-23 15:10,4330.50,4333.60,4329.90,4330.40,774
2026-09-23 15:15,4330.30,4331.50,4326.20,4329.30,662
2026-09-23 15:20,4329.20,4329.80,4326.70,4328.30,378
2026-09-23 15:25,4328.20,4330.20,4319.10,4319.60,1297
2026-09-23 15:30,4319.70,4320.50,4316.60,4320.30,1092
2026-09-23 15:35,4319.90,4322.00,4314.70,4315.90,1047
2026-09-23 15:40,4315.70,4320.70,4314.90,4320.10,765
2026-09-23 15:45,4319.80,4321.30,4313.30,4314.40,1080
2026-09-23 15:50,4314.20,4317.40,4313.60,4317.00,752
2026-09-23 15:55,4317.00,4318.60,4316.60,4318.30,542
2026-09-23 16:00,4318.30,4319.40,4314.90,4315.60,516
2026-09-23 16:05,4315.20,4320.60,4314.50,4318.70,500
2026-09-23 16:10,4318.80,4320.10,4318.00,4319.20,361
2026-09-23 16:15,4319.40,4321.20,4318.60,4320.30,329
2026-09-23 16:20,4320.30,4320.80,4318.30,4318.30,229
2026-09-23 16:25,4318.70,4322.00,4318.70,4322.00,491
2026-09-23 16:30,4322.20,4324.40,4321.00,4323.10,542
2026-09-23 16:35,4323.20,4326.10,4322.30,4324.60,386
2026-09-23 16:40,4323.80,4324.10,4322.10,4322.20,366
2026-09-23 16:45,4322.40,4323.00,4317.00,4319.00,810
2026-09-23 16:50,4319.30,4320.60,4314.70,4319.20,972
2026-09-23 16:55,4319.00,4322.10,4318.10,4321.10,648
2026-09-23 17:00,4321.20,4322.00,4311.50,4314.40,1720
2026-09-23 17:05,4314.40,4320.30,4314.10,4319.80,875
2026-09-23 17:10,4319.90,4321.40,4313.90,4315.20,732
2026-09-23 17:15,4315.00,4317.30,4312.70,4316.10,702
2026-09-23 17:20,4315.80,4320.30,4315.50,4318.60,593
2026-09-23 17:25,4318.50,4320.20,4317.30,4318.60,1782
2026-09-23 17:30,4318.40,4318.70,4313.40,4317.00,748
2026-09-23 17:35,4316.80,4317.10,4311.70,4312.70,519
2026-09-23 17:40,4312.50,4326.00,4310.70,4324.70,2068
2026-09-23 17:45,4324.20,4327.40,4323.60,4327.30,688
2026-09-23 17:50,4327.30,4328.10,4325.40,4327.60,435
2026-09-23 17:55,4327.90,4330.00,4325.30,4329.50,516
2026-09-23 18:00,4329.60,4331.50,4326.90,4327.10,525
2026-09-23 18:05,4327.20,4327.70,4326.10,4327.20,187
2026-09-23 18:10,4326.70,4327.10,4324.50,4325.80,244
2026-09-23 18:15,4325.70,4327.70,4324.80,4326.90,297
2026-09-23 18:20,4326.20,4327.10,4324.00,4324.10,197
2026-09-23 18:25,4324.20,4324.50,4319.90,4322.20,451
2026-09-23 18:30,4322.30,4323.40,4320.80,4322.60,188
2026-09-23 18:35,4323.20,4323.80,4320.80,4321.20,189
2026-09-23 18:40,4321.40,4322.70,4320.30,4320.40,197
2026-09-23 18:45,4320.20,4323.30,4319.00,4323.10,228
2026-09-23 18:50,4322.90,4324.60,4322.90,4324.60,353
2026-09-23 18:55,4324.50,4327.00,4323.60,4326.80,484
2026-09-23 19:00,4326.70,4327.20,4324.30,4325.10,202
2026-09-23 19:05,4325.30,4329.90,4324.60,4325.90,337
2026-09-23 19:10,4326.00,4326.50,4320.90,4320.90,552
2026-09-23 19:15,4321.10,4322.60,4319.70,4320.70,297
2026-09-23 19:20,4320.70,4322.30,4319.90,4322.30,360
2026-09-23 19:25,4322.10,4323.90,4321.00,4323.20,183
2026-09-23 19:30,4323.20,4323.80,4320.10,4322.20,277
2026-09-23 19:35,4322.10,4322.30,4317.30,4318.40,488
2026-09-23 19:40,4318.60,4321.20,4318.00,4318.90,299
2026-09-23 19:45,4318.90,4323.20,4318.50,4322.90,283
2026-09-23 19:50,4323.10,4323.50,4319.40,4319.50,758
2026-09-23 19:55,4319.60,4321.30,4318.30,4320.60,542
2026-09-23 20:00,4320.30,4322.00,4319.50,4320.90,474
2026-09-23 20:05,4321.20,4324.00,4321.10,4323.30,168
2026-09-23 20:10,4323.20,4323.40,4320.90,4320.90,99
2026-09-23 20:15,4321.10,4321.90,4319.30,4319.30,812
2026-09-23 20:20,4319.60,4320.70,4318.40,4320.20,184
2026-09-23 20:25,4320.40,4321.20,4320.10,4321.20,94
2026-09-23 20:30,4321.80,4322.30,4318.60,4318.90,197
2026-09-23 20:35,4319.10,4320.80,4319.00,4320.30,107
2026-09-23 20:40,4320.80,4321.70,4320.70,4321.50,81
2026-09-23 20:45,4321.20,4322.20,4321.20,4322.10,130
2026-09-23 20:50,4322.30,4325.80,4322.20,4325.80,156
2026-09-23 20:55,4325.80,4326.50,4322.00,4322.70,548
2026-09-23 21:00,4322.70,4322.70,4322.70,4322.70,1
2026-09-23 22:00,4324.40,4328.10,4324.00,4327.30,0
2026-09-23 22:05,4327.60,4328.80,4326.30,4326.90,177
2026-09-23 22:10,4326.90,4326.90,4320.90,4322.80,921
2026-09-23 22:15,4323.00,4323.40,4321.50,4322.10,248
2026-09-23 22:20,4322.10,4327.40,4322.00,4326.70,942
2026-09-23 22:25,4326.10,4326.90,4323.00,4323.80,503
2026-09-23 22:30,4323.50,4324.30,4322.60,4323.50,717
2026-09-23 22:35,4323.60,4326.10,4322.50,4324.40,701
2026-09-23 22:40,4323.80,4325.40,4323.00,4324.00,123
2026-09-23 22:45,4323.80,4326.00,4322.60,4324.50,211
2026-09-23 22:50,4324.60,4325.00,4322.40,4323.10,410
2026-09-23 22:55,4323.10,4326.20,4322.50,4324.20,191
2026-09-23 23:00,4324.00,4325.60,4323.80,4325.30,124
2026-09-23 23:05,4325.40,4326.60,4324.80,4325.60,147
2026-09-23 23:10,4325.60,4326.40,4325.50,4326.00,52
2026-09-23 23:15,4326.40,4328.80,4324.10,4325.20,356
2026-09-23 23:20,4325.10,4326.20,4324.00,4325.00,116
2026-09-23 23:25,4324.80,4324.80,4323.00,4323.20,94
2026-09-23 23:30,4323.60,4324.20,4320.70,4321.10,208
2026-09-23 23:35,4320.90,4322.70,4320.80,4321.80,124
2026-09-23 23:40,4321.50,4322.40,4320.20,4320.40,82
2026-09-23 23:45,4320.40,4325.10,4320.30,4325.10,372
2026-09-23 23:50,4324.80,4326.90,4324.20,4326.00,186
2026-09-23 23:55,4326.00,4327.10,4323.80,4323.80,186
2026-09-24 00:00,4324.10,4327.20,4323.50,4325.90,187
2026-09-24 00:05,4325.10,4326.90,4323.90,4326.60,221
2026-09-24 00:10,4326.90,4327.30,4322.50,4324.20,265
2026-09-24 00:15,4324.20,4326.60,4322.20,4324.10,239
2026-09-24 00:20,4324.10,4324.40,4319.00,4323.00,373
2026-09-24 00:25,4323.10,4327.80,4321.50,4327.40,586
2026-09-24 00:30,4327.10,4329.70,4325.60,4327.00,318
2026-09-24 00:35,4327.30,4328.50,4326.80,4327.40,70
2026-09-24 00:40,4326.70,4330.40,4326.50,4329.80,255
2026-09-24 00:45,4329.20,4330.40,4326.60,4327.80,149
2026-09-24 00:50,4327.60,4330.70,4327.10,4330.40,220
2026-09-24 00:55,4330.50,4334.60,4330.10,4333.70,562
2026-09-24 01:00,4333.80,4334.30,4325.10,4327.00,1027
2026-09-24 01:05,4326.80,4332.30,4324.50,4331.00,646
2026-09-24 01:10,4330.70,4337.90,4330.70,4337.90,627
2026-09-24 01:15,4337.90,4338.00,4332.30,4335.00,524
2026-09-24 01:20,4334.80,4335.70,4330.60,4332.80,469
2026-09-24 01:25,4332.70,4335.00,4330.20,4334.10,255
2026-09-24 01:30,4334.70,4335.90,4331.70,4332.80,442
2026-09-24 01:35,4332.70,4334.30,4327.80,4328.70,585
2026-09-24 01:40,4328.30,4329.00,4324.40,4324.90,359
2026-09-24 01:45,4324.80,4325.50,4317.90,4318.90,665
2026-09-24 01:50,4318.90,4323.60,4315.90,4317.40,683
2026-09-24 01:55,4317.70,4319.90,4312.60,4314.80,869
2026-09-24 02:00,4314.00,4314.40,4308.40,4310.40,2289
2026-09-24 02:05,4310.40,4311.00,4308.00,4311.00,781
2026-09-24 02:10,4311.00,4317.40,4310.20,4317.30,617
2026-09-24 02:15,4317.20,4321.40,4317.10,4319.40,573
2026-09-24 02:20,4319.60,4320.40,4317.20,4320.10,413
2026-09-24 02:25,4320.30,4322.50,4319.00,4320.80,312
2026-09-24 02:30,4321.10,4328.70,4319.20,4327.50,697
2026-09-24 02:35,4327.60,4330.70,4325.40,4330.10,494
2026-09-24 02:40,4329.70,4332.00,4328.20,4330.20,517
2026-09-24 02:45,4330.10,4330.50,4325.90,4327.20,770
2026-09-24 02:50,4327.50,4327.60,4321.90,4324.60,477
2026-09-24 02:55,4324.60,4327.80,4324.60,4325.70,752
2026-09-24 03:00,4325.40,4328.70,4324.90,4325.30,327
2026-09-24 03:05,4325.50,4325.50,4320.30,4321.90,380
2026-09-24 03:10,4321.80,4323.40,4319.90,4322.10,218
2026-09-24 03:15,4322.30,4325.70,4322.10,4322.90,214
2026-09-24 03:20,4322.90,4323.90,4321.70,4322.30,167
2026-09-24 03:25,4322.80,4323.50,4320.20,4320.80,187
2026-09-24 03:30,4320.60,4322.00,4319.20,4319.40,201
2026-09-24 03:35,4319.60,4321.00,4317.70,4320.10,258
2026-09-24 03:40,4320.00,4320.50,4316.40,4316.70,165
2026-09-24 03:45,4316.80,4319.50,4315.60,4318.40,298
2026-09-24 03:50,4318.50,4319.10,4316.40,4318.60,176
2026-09-24 03:55,4318.30,4320.00,4317.40,4318.90,430
2026-09-24 04:00,4320.10,4321.80,4316.40,4318.90,368
2026-09-24 04:05,4318.80,4319.30,4317.80,4318.70,60
2026-09-24 04:10,4318.80,4320.90,4318.20,4319.60,280
2026-09-24 04:15,4319.70,4322.80,4319.40,4320.80,192
2026-09-24 04:20,4321.00,4322.10,4319.10,4319.30,78
2026-09-24 04:25,4319.00,4321.10,4318.80,4321.00,41
2026-09-24 04:30,4321.20,4323.60,4320.80,4323.30,78
2026-09-24 04:35,4323.40,4323.90,4321.90,4322.00,73
2026-09-24 04:40,4321.70,4322.00,4320.40,4321.30,92
2026-09-24 04:45,4321.50,4323.70,4320.80,4323.50,148
2026-09-24 04:50,4323.20,4324.60,4322.50,4324.50,130
2026-09-24 04:55,4324.50,4325.10,4323.70,4324.30,56
2026-09-24 05:00,4324.40,4330.70,4324.40,4329.80,380
2026-09-24 05:05,4329.70,4331.20,4327.40,4328.70,297
2026-09-24 05:10,4328.50,4328.60,4324.50,4325.10,121
2026-09-24 05:15,4324.70,4324.80,4320.90,4324.40,130
2026-09-24 05:20,4324.50,4326.10,4322.80,4324.10,93
2026-09-24 05:25,4324.40,4325.70,4323.50,4325.10,119
2026-09-24 05:30,4325.50,4325.70,4319.60,4319.90,473
2026-09-24 05:35,4319.60,4322.00,4318.20,4318.80,203
2026-09-24 05:40,4318.70,4321.20,4315.00,4315.90,374
2026-09-24 05:45,4315.40,4320.30,4314.60,4317.50,417
2026-09-24 05:50,4318.30,4318.50,4315.00,4315.00,103
2026-09-24 05:55,4314.70,4315.90,4312.00,4313.60,371
2026-09-24 06:00,4313.80,4318.10,4313.40,4314.60,515
2026-09-24 06:05,4314.50,4320.90,4314.30,4320.80,272
2026-09-24 06:10,4320.90,4321.30,4316.00,4317.00,293
2026-09-24 06:15,4317.00,4319.20,4315.40,4317.70,371
2026-09-24 06:20,4317.80,4321.00,4317.70,4318.80,261
2026-09-24 06:25,4319.00,4320.00,4316.10,4317.30,228
2026-09-24 06:30,4316.80,4318.50,4314.80,4316.00,413
2026-09-24 06:35,4316.00,4316.50,4310.20,4314.80,723
2026-09-24 06:40,4315.20,4315.40,4311.90,4312.80,395
2026-09-24 06:45,4313.00,4313.00,4309.00,4310.40,874
2026-09-24 06:50,4310.30,4312.90,4309.90,4311.60,264
2026-09-24 06:55,4312.00,4313.00,4310.70,4311.30,188
2026-09-24 07:00,4311.20,4315.50,4309.00,4314.80,817
2026-09-24 07:05,4314.80,4320.00,4314.40,4318.50,687
2026-09-24 07:10,4318.30,4320.00,4316.70,4319.20,335
2026-09-24 07:15,4319.00,4323.00,4318.30,4321.90,394
2026-09-24 07:20,4321.70,4321.70,4316.00,4316.70,369
2026-09-24 07:25,4316.80,4320.10,4316.80,4320.00,153
2026-09-24 07:30,4320.00,4323.00,4317.10,4317.80,354
2026-09-24 07:35,4318.00,4321.60,4317.70,4319.60,164
2026-09-24 07:40,4319.20,4319.60,4315.10,4318.00,178
2026-09-24 07:45,4317.90,4320.50,4314.60,4314.90,211
2026-09-24 07:50,4314.90,4318.80,4313.90,4318.10,170
2026-09-24 07:55,4318.10,4318.10,4310.90,4313.30,542
2026-09-24 08:00,4313.40,4319.40,4312.40,4319.10,627
2026-09-24 08:05,4319.20,4320.30,4316.20,4317.30,286
2026-09-24 08:10,4316.90,4317.70,4311.00,4311.90,562
2026-09-24 08:15,4312.10,4313.50,4301.80,4305.70,1664
2026-09-24 08:20,4305.70,4308.20,4298.40,4299.90,991
2026-09-24 08:25,4300.20,4301.20,4296.60,4298.70,1544
2026-09-24 08:30,4298.60,4308.20,4297.70,4301.60,1316
2026-09-24 08:35,4302.10,4303.30,4298.80,4302.40,623
2026-09-24 08:40,4302.40,4304.30,4300.60,4302.30,360
2026-09-24 08:45,4302.30,4304.90,4301.30,4302.30,224
2026-09-24 08:50,4301.40,4302.50,4295.70,4296.40,678
2026-09-24 08:55,4296.10,4297.80,4295.00,4295.50,464
2026-09-24 09:00,4295.50,4301.70,4293.30,4293.90,667
2026-09-24 09:05,4293.80,4299.00,4293.10,4297.50,424
2026-09-24 09:10,4298.00,4299.80,4295.30,4297.00,331
2026-09-24 09:15,4297.20,4299.70,4295.60,4297.20,500
2026-09-24 09:20,4297.40,4299.40,4295.40,4297.40,346
2026-09-24 09:25,4297.70,4298.30,4289.30,4289.60,606
2026-09-24 09:30,4289.90,4294.90,4288.80,4292.20,845
2026-09-24 09:35,4292.00,4293.80,4290.00,4291.80,231
2026-09-24 09:40,4291.60,4292.40,4285.00,4286.50,928
2026-09-24 09:45,4286.20,4290.10,4286.20,4287.00,459
2026-09-24 09:50,4287.10,4290.70,4286.90,4288.30,410
2026-09-24 09:55,4288.40,4290.50,4287.80,4289.70,446
2026-09-24 10:00,4289.60,4293.80,4288.00,4288.00,692
2026-09-24 10:05,4287.70,4288.10,4284.70,4287.00,655
2026-09-24 10:10,4287.10,4291.80,4285.90,4287.00,1083
2026-09-24 10:15,4286.60,4289.60,4283.90,4286.20,725
2026-09-24 10:20,4286.80,4287.70,4281.40,4282.00,900
2026-09-24 10:25,4282.00,4286.70,4279.00,4280.10,1372
2026-09-24 10:30,4280.20,4288.90,4278.30,4288.40,968
2026-09-24 10:35,4288.20,4296.90,4288.00,4295.00,1233
2026-09-24 10:40,4295.00,4296.90,4292.30,4292.90,393
2026-09-24 10:45,4292.90,4299.40,4292.30,4297.10,816
2026-09-24 10:50,4297.20,4298.30,4291.40,4291.60,451
2026-09-24 10:55,4291.40,4293.90,4290.10,4292.50,256
2026-09-24 11:00,4292.40,4295.00,4290.30,4290.50,490
2026-09-24 11:05,4290.00,4291.30,4286.40,4289.30,264
2026-09-24 11:10,4289.40,4293.50,4288.70,4293.20,412
2026-09-24 11:15,4293.00,4298.10,4291.00,4295.80,1042
2026-09-24 11:20,4296.00,4302.20,4296.00,4300.60,724
2026-09-24 11:25,4300.50,4302.40,4298.00,4298.20,419
2026-09-24 11:30,4298.20,4300.40,4296.00,4296.30,225
2026-09-24 11:35,4295.90,4296.90,4292.80,4294.40,339
2026-09-24 11:40,4294.60,4295.50,4292.90,4295.10,101
2026-09-24 11:45,4295.00,4296.00,4294.20,4295.00,576
2026-09-24 11:50,4295.10,4295.80,4293.30,4294.80,225
2026-09-24 11:55,4295.30,4300.80,4294.20,4300.40,362
2026-09-24 12:00,4300.20,4301.60,4295.00,4296.50,544
2026-09-24 12:05,4296.10,4300.90,4295.50,4300.10,183
2026-09-24 12:10,4299.90,4304.40,4299.20,4303.80,496
2026-09-24 12:15,4303.30,4305.40,4302.30,4303.60,392
2026-09-24 12:20,4303.40,4306.60,4301.30,4304.50,1459
2026-09-24 12:25,4304.40,4306.50,4301.50,4306.50,612
2026-09-24 12:30,4305.60,4307.60,4300.50,4301.40,881
2026-09-24 12:35,4301.30,4304.00,4299.40,4303.00,510
2026-09-24 12:40,4303.10,4309.00,4303.10,4306.40,716
2026-09-24 12:45,4306.60,4309.60,4306.00,4309.00,500
2026-09-24 12:50,4309.20,4315.30,4307.30,4315.10,1158
2026-09-24 12:55,4314.80,4318.20,4313.90,4316.00,876
2026-09-24 13:00,4316.20,4320.00,4314.10,4315.10,1230
2026-09-24 13:05,4315.30,4317.60,4311.70,4314.20,740
2026-09-24 13:10,4314.40,4317.70,4312.30,4313.10,463
2026-09-24 13:15,4313.30,4313.90,4311.10,4312.80,467
2026-09-24 13:20,4312.70,4314.10,4310.90,4312.40,219
2026-09-24 13:25,4312.00,4313.30,4310.30,4311.30,881
2026-09-24 13:30,4311.60,4312.80,4307.00,4307.70,1125
2026-09-24 13:35,4307.70,4310.80,4305.00,4306.60,1412
2026-09-24 13:40,4306.20,4309.00,4302.40,4308.20,1017
2026-09-24 13:45,4308.00,4311.50,4305.40,4306.10,1103
2026-09-24 13:50,4306.10,4307.00,4301.00,4301.20,1034
2026-09-24 13:55,4301.20,4304.20,4299.70,4302.50,1059
2026-09-24 14:00,4302.50,4306.20,4300.40,4306.10,1146
2026-09-24 14:05,4306.10,4308.40,4302.80,4305.20,1141
2026-09-24 14:10,4305.50,4306.80,4302.20,4304.60,559
2026-09-24 14:15,4304.90,4306.70,4299.00,4299.90,1520
2026-09-24 14:20,4300.00,4300.00,4295.80,4298.70,733
2026-09-24 14:25,4298.30,4304.00,4297.00,4302.40,993
2026-09-24 14:30,4302.30,4302.30,4291.50,4296.90,1328
2026-09-24 14:35,4296.60,4297.40,4290.30,4291.50,854
2026-09-24 14:40,4291.90,4292.20,4288.70,4291.40,1016
2026-09-24 14:45,4291.30,4293.50,4289.40,4292.50,600
2026-09-24 14:50,4292.50,4297.30,4292.50,4294.90,912
2026-09-24 14:55,4294.80,4295.00,4287.40,4288.00,1319
2026-09-24 15:00,4288.30,4289.30,4284.60,4285.40,1096
2026-09-24 15:05,4285.50,4286.50,4283.70,4284.70,912
2026-09-24 15:10,4284.80,4286.20,4279.50,4282.10,1104
2026-09-24 15:15,4281.90,4288.50,4281.30,4285.40,1373
2026-09-24 15:20,4285.20,4290.70,4284.70,4290.40,1074
2026-09-24 15:25,4290.40,4290.60,4283.90,4285.40,810
2026-09-24 15:30,4285.40,4285.90,4281.50,4282.80,701
2026-09-24 15:35,4282.60,4288.80,4281.70,4288.80,810
2026-09-24 15:40,4288.60,4290.50,4287.20,4289.90,542
2026-09-24 15:45,4290.10,4291.60,4288.20,4289.80,919
2026-09-24 15:50,4289.40,4295.10,4288.90,4292.40,620
2026-09-24 15:55,4292.40,4292.50,4289.70,4291.30,448
2026-09-24 16:00,4291.50,4293.10,4289.20,4293.00,352
2026-09-24 16:05,4293.00,4293.00,4287.20,4287.90,535
2026-09-24 16:10,4287.70,4294.40,4287.70,4294.00,653
2026-09-24 16:15,4294.00,4324.30,4292.80,4308.90,7684
2026-09-24 16:20,4310.00,4316.80,4306.40,4311.60,1891
2026-09-24 16:25,4311.50,4313.20,4307.00,4310.90,1045
2026-09-24 16:30,4311.20,4313.20,4305.40,4308.80,1304
2026-09-24 16:35,4308.90,4314.00,4307.80,4312.50,998
2026-09-24 16:40,4312.40,4320.70,4309.40,4309.60,1543
2026-09-24 16:45,4309.70,4312.60,4307.90,4310.30,833
2026-09-24 16:50,4310.90,4313.60,4306.00,4308.00,742
2026-09-24 16:55,4307.90,4311.30,4307.90,4308.70,552
2026-09-24 17:00,4308.00,4313.00,4303.80,4307.10,1704
2026-09-24 17:05,4307.10,4309.20,4305.00,4306.40,450
2026-09-24 17:10,4305.80,4307.00,4301.50,4305.90,1116
2026-09-24 17:15,4306.50,4306.50,4297.50,4297.60,1216
2026-09-24 17:20,4297.90,4301.00,4296.10,4296.60,1096
2026-09-24 17:25,4296.50,4298.70,4294.40,4298.50,2010
2026-09-24 17:30,4298.50,4302.70,4298.10,4298.30,838
2026-09-24 17:35,4298.20,4299.10,4296.70,4297.70,551
2026-09-24 17:40,4297.70,4298.20,4293.40,4294.20,740
2026-09-24 17:45,4294.20,4296.10,4293.20,4294.10,525
2026-09-24 17:50,4294.10,4296.80,4293.60,4295.80,490
2026-09-24 17:55,4296.10,4301.40,4295.80,4300.10,532
2026-09-24 18:00,4300.20,4300.90,4291.30,4292.80,1213
2026-09-24 18:05,4292.60,4298.30,4292.40,4297.10,805
2026-09-24 18:10,4297.50,4305.00,4297.50,4304.80,839
2026-09-24 18:15,4304.90,4307.20,4303.20,4304.00,361
2026-09-24 18:20,4304.40,4304.90,4302.10,4304.20,286
2026-09-24 18:25,4304.10,4310.50,4303.70,4309.50,913
2026-09-24 18:30,4309.60,4312.10,4305.50,4305.50,498
2026-09-24 18:35,4305.80,4317.20,4302.80,4312.70,1856
2026-09-24 18:40,4312.60,4312.80,4305.10,4306.70,439
2026-09-24 18:45,4306.80,4308.10,4305.90,4307.80,329
2026-09-24 18:50,4307.80,4312.40,4307.70,4308.60,523
2026-09-24 18:55,4308.90,4310.00,4306.60,4307.10,348
2026-09-24 19:00,4307.20,4308.00,4302.20,4303.60,693
2026-09-24 19:05,4303.50,4305.50,4303.20,4304.80,136
2026-09-24 19:10,4304.60,4304.80,4302.50,4302.50,214
2026-09-24 19:15,4302.50,4306.10,4302.40,4305.90,505
2026-09-24 19:20,4306.30,4309.20,4304.40,4309.20,282
2026-09-24 19:25,4309.30,4310.90,4306.70,4307.30,259
2026-09-24 19:30,4307.40,4308.30,4306.30,4308.00,189
2026-09-24 19:35,4308.00,4310.70,4306.80,4310.70,267
2026-09-24 19:40,4310.70,4310.70,4308.70,4309.40,447
2026-09-24 19:45,4309.20,4310.70,4308.30,4308.40,305
2026-09-24 19:50,4308.60,4309.90,4307.50,4309.80,249
2026-09-24 19:55,4309.70,4310.00,4307.70,4309.40,416
2026-09-24 20:00,4309.10,4309.90,4306.70,4307.30,1175
2026-09-24 20:05,4307.30,4307.80,4305.40,4305.60,171
2026-09-24 20:10,4305.90,4308.20,4305.10,4305.20,510
2026-09-24 20:15,4305.20,4305.80,4300.20,4300.40,461
2026-09-24 20:20,4300.40,4302.20,4299.80,4301.10,248
2026-09-24 20:25,4300.80,4301.90,4299.70,4300.80,166
2026-09-24 20:30,4300.90,4302.40,4300.40,4302.00,128
2026-09-24 20:35,4302.00,4304.00,4301.30,4304.00,255
2026-09-24 20:40,4304.40,4306.90,4304.00,4306.50,149
2026-09-24 20:45,4306.50,4308.00,4305.80,4307.60,125
2026-09-24 20:50,4307.40,4308.50,4306.80,4308.50,176
2026-09-24 20:55,4308.40,4311.40,4308.30,4310.10,287
2026-09-24 22:00,4309.50,4312.80,4307.10,4310.10,0
2026-09-24 22:05,4310.00,4310.00,4307.10,4307.30,76
2026-09-24 22:10,4307.40,4307.40,4305.80,4305.90,158
2026-09-24 22:15,4305.90,4306.60,4303.50,4303.90,135
2026-09-24 22:20,4304.00,4305.70,4303.10,4305.70,210
2026-09-24 22:25,4305.40,4307.00,4305.00,4306.50,142
2026-09-24 22:30,4306.40,4308.50,4306.20,4307.20,211
2026-09-24 22:35,4307.20,4307.20,4304.60,4305.30,247
2026-09-24 22:40,4305.20,4307.60,4304.00,4305.90,646
2026-09-24 22:45,4306.00,4307.20,4305.80,4306.60,76
2026-09-24 22:50,4306.60,4307.40,4305.80,4307.10,125
2026-09-24 22:55,4306.80,4309.70,4306.60,4307.50,345
2026-09-24 23:00,4307.80,4310.30,4307.40,4308.90,274
2026-09-24 23:05,4309.00,4310.20,4306.90,4308.40,832
2026-09-24 23:10,4308.20,4310.00,4307.10,4308.60,492
2026-09-24 23:15,4308.50,4310.10,4306.70,4308.70,492
2026-09-24 23:20,4308.40,4309.40,4307.70,4308.30,226
2026-09-24 23:25,4308.20,4308.30,4306.80,4307.20,166
2026-09-24 23:30,4307.20,4309.50,4306.00,4308.10,429
2026-09-24 23:35,4308.00,4311.40,4307.60,4309.50,437
2026-09-24 23:40,4309.80,4310.00,4308.70,4309.60,200
2026-09-24 23:45,4309.60,4309.70,4306.70,4306.70,102
2026-09-24 23:50,4306.80,4306.80,4302.50,4302.70,181
2026-09-24 23:55,4302.50,4302.90,4299.90,4300.10,250
2026-09-25 00:00,4299.90,4305.50,4299.30,4304.90,425
2026-09-25 00:05,4305.00,4305.00,4302.20,4304.30,91
2026-09-25 00:10,4303.50,4304.40,4300.50,4301.20,389
2026-09-25 00:15,4301.10,4303.50,4299.90,4302.60,233
2026-09-25 00:20,4302.40,4305.40,4301.30,4304.20,121
2026-09-25 00:25,4304.10,4305.50,4303.20,4305.10,100
2026-09-25 00:30,4305.10,4305.10,4302.20,4304.10,133
2026-09-25 00:35,4304.80,4305.40,4303.70,4304.40,53
2026-09-25 00:40,4304.80,4307.40,4304.80,4305.90,93
2026-09-25 00:45,4306.10,4308.40,4305.00,4307.90,169
2026-09-25 00:50,4307.90,4309.00,4306.90,4308.00,130
2026-09-25 00:55,4307.80,4315.50,4307.60,4313.00,497
2026-09-25 01:00,4313.20,4318.50,4311.70,4316.20,483
2026-09-25 01:05,4316.00,4320.00,4315.20,4318.90,389
2026-09-25 01:10,4319.30,4325.40,4318.90,4324.70,706
2026-09-25 01:15,4324.90,4326.50,4323.50,4324.70,461
2026-09-25 01:20,4324.90,4328.70,4324.90,4328.00,447
2026-09-25 01:25,4328.00,4329.50,4327.20,4328.90,266
2026-09-25 01:30,4328.90,4330.30,4326.60,4327.80,408
2026-09-25 01:35,4327.50,4330.90,4326.70,4329.80,277
2026-09-25 01:40,4329.90,4331.00,4327.90,4327.90,219
2026-09-25 01:45,4327.90,4327.90,4322.80,4323.70,442
2026-09-25 01:50,4323.50,4323.50,4321.60,4322.80,186
2026-09-25 01:55,4322.90,4324.50,4322.30,4323.20,248
2026-09-25 02:00,4323.20,4327.60,4323.20,4326.50,231
2026-09-25 02:05,4326.30,4330.50,4326.10,4330.00,265
2026-09-25 02:10,4329.70,4330.00,4325.30,4325.30,162
2026-09-25 02:15,4325.30,4326.10,4323.60,4326.10,217
2026-09-25 02:20,4325.70,4327.70,4325.60,4325.80,88
2026-09-25 02:25,4325.50,4325.60,4323.00,4323.30,112
2026-09-25 02:30,4323.00,4323.60,4322.10,4322.70,97
2026-09-25 02:35,4322.90,4323.30,4319.40,4320.40,312
2026-09-25 02:40,4320.40,4322.70,4317.20,4321.30,298
2026-09-25 02:45,4321.20,4321.60,4316.30,4316.30,353
2026-09-25 02:50,4316.20,4317.60,4313.00,4317.60,469
2026-09-25 02:55,4317.50,4319.10,4316.60,4318.90,116
2026-09-25 03:00,4319.00,4319.80,4317.50,4318.50,157
2026-09-25 03:05,4318.80,4321.60,4318.60,4319.60,216
2026-09-25 03:10,4319.40,4319.70,4317.60,4318.00,119
2026-09-25 03:15,4318.00,4319.90,4317.80,4318.90,76
2026-09-25 03:20,4319.40,4319.80,4317.50,4317.80,55
2026-09-25 03:25,4317.80,4318.10,4313.10,4313.10,211
2026-09-25 03:30,4313.30,4313.30,4310.80,4311.20,326
2026-09-25 03:35,4311.60,4311.90,4308.60,4309.80,364
2026-09-25 03:40,4309.50,4311.00,4308.30,4308.30,117
2026-09-25 03:45,4308.60,4309.10,4306.00,4306.60,225
2026-09-25 03:50,4306.20,4308.00,4306.10,4306.80,106
2026-09-25 03:55,4306.70,4306.80,4305.40,4305.70,102
2026-09-25 04:00,4304.80,4305.90,4303.20,4305.60,332
2026-09-25 04:05,4305.90,4306.70,4303.90,4305.50,250
2026-09-25 04:10,4305.20,4305.40,4302.70,4303.10,105
2026-09-25 04:15,4303.00,4304.50,4302.30,4303.20,167
2026-09-25 04:20,4303.10,4305.40,4303.10,4305.30,92
2026-09-25 04:25,4305.30,4306.50,4304.50,4306.00,203
2026-09-25 04:30,4306.00,4306.70,4305.00,4306.30,94
2026-09-25 04:35,4306.30,4307.10,4305.00,4305.40,84
2026-09-25 04:40,4305.80,4308.40,4305.70,4306.70,199
2026-09-25 04:45,4306.90,4308.20,4304.60,4304.60,140
2026-09-25 04:50,4304.50,4304.50,4301.40,4302.80,322
2026-09-25 04:55,4302.60,4302.60,4297.00,4297.40,801
2026-09-25 05:00,4297.00,4298.60,4293.30,4294.40,535
2026-09-25 05:05,4294.80,4297.20,4293.30,4294.20,259
2026-09-25 05:10,4294.20,4294.80,4290.30,4291.30,515
2026-09-25 05:15,4291.20,4295.40,4291.10,4294.90,263
2026-09-25 05:20,4295.00,4296.10,4293.90,4294.00,259
2026-09-25 05:25,4294.00,4299.30,4294.00,4298.70,182
2026-09-25 05:30,4298.50,4307.70,4297.50,4303.40,507
2026-09-25 05:35,4303.70,4311.90,4300.00,4307.80,1118
2026-09-25 05:40,4308.40,4310.00,4306.60,4309.00,253
2026-09-25 05:45,4309.00,4310.50,4305.50,4305.50,186
2026-09-25 05:50,4305.20,4306.90,4303.00,4303.20,158
2026-09-25 05:55,4302.90,4303.30,4300.40,4301.30,195
2026-09-25 06:00,4301.10,4306.50,4300.80,4306.50,482
2026-09-25 06:05,4306.80,4306.90,4302.10,4302.70,154
2026-09-25 06:10,4303.20,4310.40,4303.00,4308.90,305
2026-09-25 06:15,4309.20,4316.40,4309.10,4312.90,838
2026-09-25 06:20,4312.90,4316.30,4310.70,4313.40,541
2026-09-25 06:25,4313.60,4314.10,4309.60,4310.00,359
2026-09-25 06:30,4310.20,4311.80,4309.80,4311.70,115
2026-09-25 06:35,4312.00,4312.60,4309.80,4311.70,218
2026-09-25 06:40,4312.30,4313.30,4311.30,4312.30,590
2026-09-25 06:45,4312.00,4313.10,4310.50,4311.50,265
2026-09-25 06:50,4311.90,4312.00,4309.60,4311.60,380
2026-09-25 06:55,4311.30,4313.20,4309.80,4311.00,238
2026-09-25 07:00,4310.90,4315.60,4308.60,4309.40,387
2026-09-25 07:05,4309.50,4314.30,4309.20,4312.10,205
2026-09-25 07:10,4312.60,4312.90,4309.60,4311.00,175
2026-09-25 07:15,4310.70,4312.80,4307.80,4308.00,280
2026-09-25 07:20,4308.20,4311.00,4307.30,4309.50,223
2026-09-25 07:25,4309.70,4310.90,4306.80,4309.30,230
2026-09-25 07:30,4309.30,4313.60,4306.20,4310.40,331
2026-09-25 07:35,4311.10,4315.20,4310.80,4311.50,386
2026-09-25 07:40,4311.40,4312.80,4309.70,4311.90,198
2026-09-25 07:45,4312.10,4315.80,4312.10,4314.20,439
2026-09-25 07:50,4314.00,4315.40,4312.80,4313.20,793
2026-09-25 07:55,4313.70,4317.00,4313.70,4314.80,210
2026-09-25 08:00,4314.50,4316.70,4310.00,4310.30,354
2026-09-25 08:05,4310.70,4314.20,4310.40,4313.20,307
2026-09-25 08:10,4313.20,4317.40,4313.20,4317.10,276
2026-09-25 08:15,4316.90,4319.40,4315.80,4316.30,288
2026-09-25 08:20,4316.30,4316.80,4314.30,4316.40,190
2026-09-25 08:25,4316.50,4319.60,4313.90,4318.90,243
2026-09-25 08:30,4319.00,4324.30,4318.70,4323.00,416
2026-09-25 08:35,4322.70,4324.30,4320.50,4322.20,306
2026-09-25 08:40,4322.00,4327.80,4321.50,4327.50,446
2026-09-25 08:45,4327.60,4332.70,4325.40,4326.80,1072
2026-09-25 08:50,4326.50,4328.90,4325.70,4327.90,417
2026-09-25 08:55,4327.70,4330.10,4327.50,4328.90,405
2026-09-25 09:00,4329.00,4333.30,4328.40,4331.10,554
2026-09-25 09:05,4331.00,4333.50,4329.40,4332.70,348
2026-09-25 09:10,4332.90,4333.00,4329.30,4329.70,358
2026-09-25 09:15,4329.60,4331.00,4326.50,4328.70,590
2026-09-25 09:20,4328.90,4332.40,4327.70,4331.40,533
2026-09-25 09:25,4331.90,4331.90,4325.40,4326.20,520
2026-09-25 09:30,4326.40,4333.30,4325.80,4332.30,748
2026-09-25 09:35,4332.50,4332.80,4328.10,4329.60,272
2026-09-25 09:40,4329.80,4331.20,4328.00,4330.40,467
2026-09-25 09:45,4330.60,4330.80,4327.30,4328.10,248
2026-09-25 09:50,4328.40,4329.50,4327.00,4328.40,310
2026-09-25 09:55,4328.80,4331.00,4326.80,4330.80,372
2026-09-25 10:00,4330.70,4332.10,4329.60,4330.80,236
2026-09-25 10:05,4330.70,4339.40,4330.70,4337.00,960
2026-09-25 10:10,4337.10,4344.00,4335.00,4342.90,1072
2026-09-25 10:15,4342.90,4343.30,4339.20,4340.70,429
2026-09-25 10:20,4340.70,4344.50,4340.30,4341.90,483
2026-09-25 10:25,4341.70,4345.30,4341.50,4344.20,406
2026-09-25 10:30,4344.20,4344.60,4340.90,4341.20,327
2026-09-25 10:35,4341.20,4342.80,4338.70,4339.50,251
2026-09-25 10:40,4339.30,4341.80,4338.00,4341.20,274
2026-09-25 10:45,4341.30,4342.00,4339.60,4341.30,203
2026-09-25 10:50,4341.20,4345.00,4339.90,4345.00,206
2026-09-25 10:55,4345.00,4347.50,4344.60,4346.80,417
2026-09-25 11:00,4346.90,4348.20,4345.40,4346.10,310
2026-09-25 11:05,4346.10,4350.70,4345.80,4350.40,664
2026-09-25 11:10,4350.10,4351.60,4347.00,4348.30,486
2026-09-25 11:15,4348.40,4350.30,4346.40,4347.00,423
2026-09-25 11:20,4347.00,4347.40,4344.70,4346.00,437
2026-09-25 11:25,4346.10,4346.40,4340.70,4341.00,806
2026-09-25 11:30,4341.10,4342.80,4339.30,4340.40,647
2026-09-25 11:35,4340.40,4345.20,4335.90,4336.10,1363
2026-09-25 11:40,4336.40,4338.00,4336.00,4337.80,562
2026-09-25 11:45,4337.70,4340.40,4336.30,4339.00,647
2026-09-25 11:50,4338.90,4340.70,4338.70,4339.50,240
2026-09-25 11:55,4340.00,4341.30,4338.50,4338.60,446
2026-09-25 12:00,4339.10,4340.50,4337.80,4340.20,617
2026-09-25 12:05,4340.00,4340.70,4337.40,4339.50,264
2026-09-25 12:10,4339.50,4340.00,4333.90,4336.00,638
2026-09-25 12:15,4335.90,4337.60,4333.50,4335.80,380
2026-09-25 12:20,4335.60,4343.00,4333.30,4339.50,1117
2026-09-25 12:25,4339.10,4345.30,4338.40,4342.70,863
2026-09-25 12:30,4342.80,4343.30,4335.10,4338.20,1195
2026-09-25 12:35,4337.70,4338.80,4334.50,4338.40,400
2026-09-25 12:40,4338.50,4339.10,4332.80,4337.30,916
2026-09-25 12:45,4337.60,4344.70,4335.10,4337.50,1243
2026-09-25 12:50,4337.80,4338.40,4332.30,4334.70,1168
2026-09-25 12:55,4334.90,4335.70,4332.90,4333.90,369
2026-09-25 13:00,4333.90,4335.30,4326.50,4327.10,1183
2026-09-25 13:05,4327.40,4333.80,4327.30,4333.20,690
2026-09-25 13:10,4332.90,4333.30,4327.60,4328.10,446
2026-09-25 13:15,4327.80,4329.20,4324.00,4325.60,746
2026-09-25 13:20,4325.50,4326.00,4320.80,4321.20,754
2026-09-25 13:25,4321.20,4321.60,4312.80,4313.50,1443
2026-09-25 13:30,4313.70,4317.30,4308.60,4315.20,2252
2026-09-25 13:35,4315.00,4319.80,4313.50,4316.50,1283
2026-09-25 13:40,4316.50,4318.20,4312.00,4314.30,1080
2026-09-25 13:45,4314.10,4315.90,4309.40,4313.10,924
2026-09-25 13:50,4313.00,4318.80,4312.60,4315.80,967
2026-09-25 13:55,4315.50,4316.10,4310.20,4310.90,625
2026-09-25 14:00,4310.70,4313.00,4292.50,4293.30,3592
2026-09-25 14:05,4293.10,4302.40,4289.20,4301.00,3362
2026-09-25 14:10,4301.50,4302.70,4298.60,4302.60,949
2026-09-25 14:15,4302.30,4302.70,4294.90,4301.90,1073
2026-09-25 14:20,4301.60,4305.60,4300.50,4303.50,949
2026-09-25 14:25,4303.60,4306.20,4300.90,4300.90,561
2026-09-25 14:30,4300.80,4301.80,4297.50,4300.00,925
2026-09-25 14:35,4300.10,4307.60,4298.50,4306.70,938
2026-09-25 14:40,4306.50,4308.10,4303.40,4307.90,611
2026-09-25 14:45,4308.20,4314.60,4304.70,4312.50,1819
2026-09-25 14:50,4312.20,4313.90,4308.10,4311.80,650
2026-09-25 14:55,4311.70,4315.90,4311.10,4314.10,838
2026-09-25 15:00,4314.10,4317.50,4313.20,4317.00,885
2026-09-25 15:05,4317.10,4317.70,4310.30,4310.50,648
2026-09-25 15:10,4310.60,4315.30,4309.10,4315.10,591
2026-09-25 15:15,4315.30,4316.20,4309.50,4309.60,574
2026-09-25 15:20,4309.70,4315.00,4307.00,4310.60,1054
2026-09-25 15:25,4310.70,4316.50,4310.30,4314.50,461
2026-09-25 15:30,4315.00,4321.00,4314.00,4317.80,2564
2026-09-25 15:35,4317.80,4318.30,4311.50,4311.60,893
2026-09-25 15:40,4311.70,4314.00,4309.80,4310.10,385
2026-09-25 15:45,4310.30,4310.70,4306.10,4306.40,933
2026-09-25 15:50,4306.80,4314.90,4304.90,4312.60,1355
2026-09-25 15:55,4312.30,4326.60,4311.10,4326.40,1560
2026-09-25 16:00,4326.50,4334.70,4324.40,4330.20,2586
2026-09-25 16:05,4330.20,4336.00,4326.50,4329.20,2263
2026-09-25 16:10,4329.40,4331.80,4322.40,4325.40,1291
2026-09-25 16:15,4325.70,4327.70,4322.90,4324.00,1094
2026-09-25 16:20,4324.00,4325.60,4319.80,4323.50,1152
2026-09-25 16:25,4324.00,4328.20,4323.20,4327.40,531
2026-09-25 16:30,4327.90,4328.40,4314.50,4319.10,1799
2026-09-25 16:35,4319.50,4324.10,4318.40,4322.80,875
2026-09-25 16:40,4323.00,4324.60,4319.90,4322.50,501
2026-09-25 16:45,4322.50,4322.70,4317.30,4318.40,311
2026-09-25 16:50,4318.60,4321.40,4318.00,4320.20,431
2026-09-25 16:55,4320.00,4323.20,4319.00,4321.50,931
2026-09-25 17:00,4321.60,4327.60,4320.40,4326.00,773
2026-09-25 17:05,4326.10,4328.10,4324.90,4328.10,632
2026-09-25 17:10,4327.80,4328.30,4326.10,4326.70,375
2026-09-25 17:15,4326.60,4327.20,4324.10,4325.90,396
2026-09-25 17:20,4326.10,4327.20,4324.60,4327.20,344
2026-09-25 17:25,4327.50,4328.40,4320.10,4321.30,1146
2026-09-25 17:30,4321.50,4322.80,4319.10,4320.10,398
2026-09-25 17:35,4319.80,4320.60,4314.50,4319.20,740
2026-09-25 17:40,4319.00,4323.20,4318.90,4320.70,470
2026-09-25 17:45,4320.60,4321.70,4317.00,4319.30,499
2026-09-25 17:50,4319.00,4319.50,4318.20,4318.90,206
2026-09-25 17:55,4319.20,4320.20,4317.30,4318.10,202
2026-09-25 18:00,4318.30,4319.20,4317.70,4318.10,166
2026-09-25 18:05,4318.40,4321.00,4317.80,4320.60,137
2026-09-25 18:10,4320.60,4320.90,4318.20,4319.80,182
2026-09-25 18:15,4319.60,4323.80,4319.20,4323.20,502
2026-09-25 18:20,4323.10,4324.30,4321.10,4323.80,212
2026-09-25 18:25,4323.80,4325.20,4319.20,4322.20,683
2026-09-25 18:30,4322.30,4327.40,4322.10,4327.30,357
2026-09-25 18:35,4327.10,4329.30,4322.60,4322.60,512
2026-09-25 18:40,4323.00,4326.90,4322.60,4326.80,333
2026-09-25 18:45,4326.70,4330.10,4325.90,4329.70,271
2026-09-25 18:50,4329.60,4331.10,4328.80,4329.60,329
2026-09-25 18:55,4329.40,4330.10,4328.20,4329.80,216
2026-09-25 19:00,4329.80,4330.50,4324.30,4324.60,1192
2026-09-25 19:05,4324.60,4329.40,4323.40,4328.70,525
2026-09-25 19:10,4328.40,4332.40,4327.50,4331.70,335
2026-09-25 19:15,4331.80,4331.80,4327.70,4327.80,453
2026-09-25 19:20,4327.80,4327.80,4324.50,4325.10,229
2026-09-25 19:25,4325.30,4325.30,4323.30,4324.10,213
2026-09-25 19:30,4324.00,4325.50,4322.70,4324.20,426
2026-09-25 19:35,4324.30,4329.60,4324.30,4328.60,634
2026-09-25 19:40,4328.50,4329.10,4327.30,4327.70,329
2026-09-25 19:45,4328.00,4329.60,4327.70,4328.00,251
2026-09-25 19:50,4328.20,4329.10,4325.80,4326.50,296
2026-09-25 19:55,4326.50,4327.00,4325.10,4326.60,374
2026-09-25 20:00,4326.50,4327.60,4326.50,4326.90,210
2026-09-25 20:05,4326.70,4327.30,4325.50,4327.10,66
2026-09-25 20:10,4327.20,4327.50,4325.80,4326.50,92
2026-09-25 20:15,4326.10,4326.30,4325.10,4325.60,46
2026-09-25 20:20,4325.40,4325.60,4323.70,4324.40,174
2026-09-25 20:25,4324.30,4324.40,4322.40,4323.10,102
2026-09-25 20:30,4323.10,4323.20,4321.90,4322.20,107
2026-09-25 20:35,4322.10,4322.50,4321.00,4321.70,407
2026-09-25 20:40,4321.50,4322.10,4320.60,4320.60,116
2026-09-25 20:45,4320.50,4322.40,4320.00,4321.40,174
2026-09-25 20:50,4321.10,4323.00,4320.60,4321.20,161
2026-09-25 20:55,4321.10,4322.50,4320.30,4321.20,246
2026-09-27 22:10,4308.80,4310.00,4301.10,4301.10,332
2026-09-27 22:15,4301.60,4305.50,4300.60,4303.10,371
2026-09-27 22:20,4303.30,4304.00,4301.60,4303.50,123
2026-09-27 22:25,4303.50,4305.30,4303.00,4303.50,110
2026-09-27 22:30,4303.50,4303.60,4297.50,4297.50,337
2026-09-27 22:35,4297.90,4299.10,4296.60,4297.80,125
2026-09-27 22:40,4297.80,4298.00,4296.00,4296.00,157
2026-09-27 22:45,4296.00,4297.50,4293.40,4293.80,414
2026-09-27 22:50,4294.20,4294.90,4292.40,4293.20,137
2026-09-27 22:55,4293.30,4294.30,4292.70,4294.20,138
2026-09-27 23:00,4293.80,4299.50,4291.90,4299.00,303
2026-09-27 23:05,4299.00,4300.60,4298.70,4299.20,161
2026-09-27 23:10,4299.50,4300.40,4298.20,4299.00,102
2026-09-27 23:15,4299.50,4299.60,4298.30,4298.90,61
2026-09-27 23:20,4299.10,4300.10,4298.70,4299.60,82
2026-09-27 23:25,4299.80,4299.80,4296.90,4297.70,129
2026-09-27 23:30,4297.70,4298.10,4294.70,4295.40,212
2026-09-27 23:35,4295.50,4296.10,4294.20,4294.60,140
2026-09-27 23:40,4294.40,4295.00,4293.40,4294.70,179
2026-09-27 23:45,4294.50,4296.50,4293.80,4296.50,303
2026-09-27 23:50,4295.90,4299.30,4293.70,4295.00,476
2026-09-27 23:55,4294.60,4296.50,4293.90,4294.60,131
2026-09-28 00:00,4294.20,4295.10,4288.40,4292.90,795
2026-09-28 00:05,4292.70,4293.10,4287.70,4290.00,179
2026-09-28 00:10,4289.90,4291.40,4288.00,4290.60,345
2026-09-28 00:15,4290.80,4291.70,4287.70,4289.50,248
2026-09-28 00:20,4289.50,4290.10,4286.60,4287.40,196
2026-09-28 00:25,4287.80,4288.40,4283.50,4283.60,267
2026-09-28 00:30,4283.70,4284.50,4260.90,4270.00,3711
2026-09-28 00:35,4270.30,4274.10,4267.40,4270.80,713
2026-09-28 00:40,4270.60,4271.80,4266.00,4270.90,412
2026-09-28 00:45,4271.00,4273.30,4266.40,4268.80,542
2026-09-28 00:50,4268.80,4270.00,4264.00,4264.90,509
2026-09-28 00:55,4264.50,4269.50,4260.50,4264.60,731
2026-09-28 01:00,4264.40,4265.10,4252.70,4261.00,2864
2026-09-28 01:05,4261.00,4261.80,4252.40,4258.10,1295
2026-09-28 01:10,4258.50,4259.90,4246.20,4254.40,2144
2026-09-28 01:15,4254.00,4259.10,4251.50,4253.70,867
2026-09-28 01:20,4253.60,4256.00,4249.70,4253.80,744
2026-09-28 01:25,4253.60,4255.80,4249.40,4254.20,615
2026-09-28 01:30,4254.00,4257.30,4250.20,4252.60,661
2026-09-28 01:35,4252.00,4252.00,4243.00,4243.60,786
2026-09-28 01:40,4243.60,4248.80,4241.70,4242.90,692
2026-09-28 01:45,4242.90,4245.10,4239.30,4243.70,1051
2026-09-28 01:50,4244.30,4248.10,4243.50,4244.90,458
2026-09-28 01:55,4244.90,4251.20,4244.90,4249.40,344
2026-09-28 02:00,4249.20,4250.70,4244.60,4247.20,522
2026-09-28 02:05,4247.60,4249.80,4243.80,4248.00,375
2026-09-28 02:10,4248.10,4250.40,4246.30,4249.30,282
2026-09-28 02:15,4249.40,4250.20,4247.60,4249.80,234
2026-09-28 02:20,4249.70,4250.50,4247.50,4249.30,183
2026-09-28 02:25,4249.30,4250.50,4247.70,4248.20,245
2026-09-28 02:30,4247.70,4248.50,4241.80,4242.00,624
2026-09-28 02:35,4241.60,4242.80,4238.50,4239.60,869
2026-09-28 02:40,4239.50,4242.10,4238.30,4240.20,605
2026-09-28 02:45,4240.20,4241.80,4236.40,4237.30,606
2026-09-28 02:50,4237.30,4239.20,4233.40,4234.50,783
2026-09-28 02:55,4234.60,4234.80,4227.10,4229.90,1378
2026-09-28 03:00,4230.10,4234.50,4228.00,4232.00,649
2026-09-28 03:05,4232.50,4236.00,4231.40,4235.70,399
2026-09-28 03:10,4235.50,4236.00,4233.20,4233.30,426
2026-09-28 03:15,4233.50,4234.70,4231.90,4231.90,268
2026-09-28 03:20,4231.50,4232.10,4226.80,4228.50,683
2026-09-28 03:25,4228.30,4230.40,4227.40,4228.90,330
2026-09-28 03:30,4229.00,4231.10,4224.40,4225.40,730
2026-09-28 03:35,4225.30,4228.80,4224.90,4228.10,296
2026-09-28 03:40,4228.30,4229.10,4225.40,4226.20,306
2026-09-28 03:45,4226.40,4228.90,4224.10,4228.80,460
2026-09-28 03:50,4228.50,4232.50,4228.50,4232.00,328
2026-09-28 03:55,4231.70,4232.00,4229.90,4230.50,191
2026-09-28 04:00,4229.50,4230.40,4227.80,4228.80,329
2026-09-28 04:05,4228.70,4231.10,4228.50,4231.10,370
2026-09-28 04:10,4231.10,4232.40,4229.80,4232.20,265
2026-09-28 04:15,4232.00,4232.30,4229.30,4230.20,243
2026-09-28 04:20,4230.10,4230.60,4228.80,4229.80,181
2026-09-28 04:25,4229.90,4232.70,4228.40,4232.50,352
2026-09-28 04:30,4232.30,4233.10,4229.00,4229.10,363
2026-09-28 04:35,4229.20,4230.90,4229.00,4229.10,174
2026-09-28 04:40,4229.10,4232.40,4229.10,4230.90,181
2026-09-28 04:45,4230.70,4231.50,4229.50,4230.00,110
2026-09-28 04:50,4230.00,4230.60,4227.90,4228.90,212
2026-09-28 04:55,4229.00,4229.40,4226.80,4227.40,205
2026-09-28 05:00,4227.20,4231.00,4227.00,4228.50,363
2026-09-28 05:05,4228.00,4228.00,4222.50,4225.10,556
2026-09-28 05:10,4224.70,4225.40,4223.10,4224.70,343
2026-09-28 05:15,4225.00,4227.00,4221.00,4221.60,528
2026-09-28 05:20,4221.60,4222.70,4217.70,4219.60,1073
2026-09-28 05:25,4219.50,4224.40,4218.90,4222.90,487
2026-09-28 05:30,4222.50,4222.80,4215.70,4216.50,1048
2026-09-28 05:35,4216.20,4219.50,4213.30,4213.80,523
2026-09-28 05:40,4214.00,4216.60,4212.60,4215.90,546
2026-09-28 05:45,4216.20,4216.80,4212.30,4213.30,591
2026-09-28 05:50,4213.10,4215.40,4212.10,4215.40,636
2026-09-28 05:55,4215.30,4217.40,4211.40,4212.10,799
2026-09-28 06:00,4212.00,4212.10,4207.30,4208.50,1329
2026-09-28 06:05,4208.30,4213.80,4207.50,4211.90,883
2026-09-28 06:10,4211.70,4213.60,4209.90,4211.40,595
2026-09-28 06:15,4211.30,4212.20,4206.30,4206.80,872
2026-09-28 06:20,4206.60,4209.70,4203.50,4205.60,1284
2026-09-28 06:25,4205.40,4206.10,4201.60,4202.20,852
2026-09-28 06:30,4202.20,4207.80,4200.60,4207.30,985
2026-09-28 06:35,4207.40,4209.40,4205.40,4208.90,665
2026-09-28 06:40,4209.00,4210.00,4203.80,4204.00,731
2026-09-28 06:45,4204.10,4209.00,4204.10,4208.40,655
2026-09-28 06:50,4208.30,4208.40,4197.00,4199.70,1187
2026-09-28 06:55,4199.90,4200.20,4194.30,4196.70,1578
2026-09-28 07:00,4196.50,4198.40,4193.10,4197.90,1469
2026-09-28 07:05,4197.60,4198.50,4193.50,4197.90,1242
2026-09-28 07:10,4197.40,4198.50,4192.40,4193.70,997
2026-09-28 07:15,4193.50,4196.60,4193.50,4194.80,524
2026-09-28 07:20,4194.90,4195.00,4188.80,4192.20,1593
2026-09-28 07:25,4192.10,4193.70,4188.90,4190.50,806
2026-09-28 07:30,4190.60,4192.20,4188.20,4190.60,577
2026-09-28 07:35,4190.40,4191.00,4184.40,4186.40,1105
2026-09-28 07:40,4186.60,4190.50,4185.40,4186.10,878
2026-09-28 07:45,4186.10,4189.10,4185.10,4187.80,914
2026-09-28 07:50,4187.60,4189.10,4184.50,4189.10,899
2026-09-28 07:55,4188.70,4192.60,4182.70,4187.50,1229
2026-09-28 08:00,4187.40,4190.80,4185.70,4190.30,1046
2026-09-28 08:05,4190.30,4191.20,4187.40,4188.80,768
2026-09-28 08:10,4188.60,4189.50,4183.30,4188.90,967
2026-09-28 08:15,4188.80,4189.00,4183.00,4183.90,696
2026-09-28 08:20,4183.60,4184.50,4178.00,4180.50,1743
2026-09-28 08:25,4180.30,4185.40,4175.40,4177.00,1763
2026-09-28 08:30,4177.00,4180.50,4175.40,4180.50,1312
2026-09-28 08:35,4180.60,4182.00,4174.70,4176.80,856
2026-09-28 08:40,4176.70,4183.30,4176.40,4181.30,849
2026-09-28 08:45,4181.20,4185.10,4179.50,4181.80,614
2026-09-28 08:50,4181.40,4182.80,4177.00,4178.80,733
2026-09-28 08:55,4178.90,4179.60,4176.50,4176.80,378
2026-09-28 09:00,4176.40,4179.30,4173.10,4173.30,872
2026-09-28 09:05,4173.50,4179.70,4173.30,4173.70,680
2026-09-28 09:10,4173.50,4178.00,4172.70,4176.50,938
2026-09-28 09:15,4176.30,4179.30,4173.90,4176.80,763
2026-09-28 09:20,4177.10,4180.80,4176.80,4179.40,561
2026-09-28 09:25,4179.60,4179.70,4176.60,4178.20,427
2026-09-28 09:30,4178.20,4178.80,4174.40,4174.80,942
2026-09-28 09:35,4175.00,4180.40,4175.00,4177.80,381
2026-09-28 09:40,4177.70,4183.90,4177.40,4182.40,768
2026-09-28 09:45,4182.60,4187.10,4182.40,4186.60,676
2026-09-28 09:50,4186.50,4190.00,4186.00,4189.60,1224
2026-09-28 09:55,4189.50,4189.60,4186.20,4188.10,709
2026-09-28 10:00,4188.20,4191.40,4185.80,4191.00,624
2026-09-28 10:05,4191.00,4191.10,4186.30,4189.20,576
2026-09-28 10:10,4189.40,4190.50,4185.90,4187.40,639
2026-09-28 10:15,4187.90,4189.60,4184.20,4184.90,319
2026-09-28 10:20,4184.90,4187.70,4184.00,4186.60,388
2026-09-28 10:25,4186.60,4191.10,4186.50,4190.60,461
2026-09-28 10:30,4191.10,4191.10,4186.80,4189.00,172
2026-09-28 10:35,4189.00,4190.70,4188.50,4190.40,226
2026-09-28 10:40,4190.30,4191.80,4187.80,4188.30,464
2026-09-28 10:45,4188.50,4189.20,4186.70,4188.70,289
2026-09-28 10:50,4188.60,4191.80,4188.40,4189.80,482
2026-09-28 10:55,4189.70,4190.10,4187.50,4187.50,244
2026-09-28 11:00,4187.80,4193.00,4181.50,4182.50,974
2026-09-28 11:05,4182.60,4185.80,4181.90,4185.80,411
2026-09-28 11:10,4186.00,4186.10,4180.80,4182.30,519
2026-09-28 11:15,4182.00,4187.40,4180.70,4181.80,1033
2026-09-28 11:20,4182.20,4186.60,4180.40,4185.30,707
2026-09-28 11:25,4185.20,4188.20,4185.10,4187.50,336
2026-09-28 11:30,4187.70,4187.90,4183.60,4185.20,448
2026-09-28 11:35,4185.10,4185.10,4180.70,4181.20,979
2026-09-28 11:40,4180.90,4184.60,4180.90,4184.10,588
2026-09-28 11:45,4183.70,4186.70,4181.50,4182.00,691
2026-09-28 11:50,4181.80,4183.30,4179.60,4180.80,589
2026-09-28 11:55,4180.70,4184.70,4180.00,4181.00,652
2026-09-28 12:00,4180.90,4190.60,4178.80,4189.40,1870
2026-09-28 12:05,4189.40,4199.70,4188.90,4197.00,1943
2026-09-28 12:10,4196.80,4198.50,4193.40,4197.90,1136
2026-09-28 12:15,4198.10,4200.40,4196.30,4199.80,733
2026-09-28 12:20,4199.70,4203.80,4193.00,4193.10,2084
2026-09-28 12:25,4193.00,4196.60,4186.10,4186.30,1697
2026-09-28 12:30,4186.50,4186.80,4181.60,4185.40,1387
2026-09-28 12:35,4185.50,4185.50,4179.20,4179.80,1070
2026-09-28 12:40,4179.70,4179.70,4175.00,4177.20,1156
2026-09-28 12:45,4177.00,4181.90,4175.50,4178.50,1174
2026-09-28 12:50,4178.50,4183.80,4178.30,4183.60,913
2026-09-28 12:55,4183.50,4187.90,4180.60,4186.40,990
2026-09-28 13:00,4186.10,4186.70,4177.40,4181.80,1076
2026-09-28 13:05,4181.80,4182.60,4179.00,4180.80,605
2026-09-28 13:10,4181.00,4182.10,4178.60,4179.60,639
2026-09-28 13:15,4179.50,4182.10,4176.50,4179.30,833
2026-09-28 13:20,4179.40,4180.60,4176.40,4178.60,541
2026-09-28 13:25,4178.90,4181.60,4173.50,4174.30,1242
2026-09-28 13:30,4174.20,4178.20,4169.70,4169.80,3000
2026-09-28 13:35,4169.60,4182.40,4168.00,4178.90,1818
2026-09-28 13:40,4178.40,4183.60,4176.80,4183.10,1459
2026-09-28 13:45,4183.30,4192.20,4181.20,4190.50,2742
2026-09-28 13:50,4190.10,4192.80,4184.30,4189.30,1507
2026-09-28 13:55,4189.30,4193.20,4187.30,4189.10,1406
2026-09-28 14:00,4189.10,4189.30,4176.50,4177.00,2427
2026-09-28 14:05,4177.20,4178.50,4171.70,4172.80,1218
2026-09-28 14:10,4172.90,4175.10,4170.40,4171.50,999
2026-09-28 14:15,4171.40,4173.90,4169.20,4171.50,1127
2026-09-28 14:20,4171.20,4176.80,4169.60,4176.10,845
2026-09-28 14:25,4176.40,4177.00,4172.90,4175.50,540
2026-09-28 14:30,4175.40,4175.40,4167.20,4169.40,2000
2026-09-28 14:35,4169.50,4170.20,4163.80,4164.40,1737
2026-09-28 14:40,4164.20,4164.20,4155.10,4155.70,2418
2026-09-28 14:45,4155.70,4156.30,4146.70,4147.90,2916
2026-09-28 14:50,4148.20,4155.80,4145.90,4148.20,1980
2026-09-28 14:55,4148.20,4152.30,4143.10,4150.70,1987
2026-09-28 15:00,4150.70,4155.20,4148.60,4154.80,1698
2026-09-28 15:05,4155.00,4156.60,4152.00,4154.60,1360
2026-09-28 15:10,4154.80,4155.00,4150.40,4152.40,1775
2026-09-28 15:15,4152.40,4159.30,4152.10,4157.40,945
2026-09-28 15:20,4157.20,4157.90,4152.60,4155.10,767
2026-09-28 15:25,4155.20,4160.90,4154.70,4157.40,1484
2026-09-28 15:30,4157.70,4158.40,4153.10,4154.50,861
2026-09-28 15:35,4154.60,4157.70,4153.60,4154.80,682
2026-09-28 15:40,4155.00,4155.30,4151.00,4152.40,1030
2026-09-28 15:45,4152.40,4152.60,4147.70,4152.00,1233
2026-09-28 15:50,4152.00,4154.80,4150.20,4152.40,613
2026-09-28 15:55,4152.40,4156.80,4152.00,4156.40,782
2026-09-28 16:00,4156.60,4157.30,4152.80,4155.10,602
2026-09-28 16:05,4154.90,4156.50,4152.90,4154.10,862
2026-09-28 16:10,4154.00,4154.70,4149.40,4149.50,727
2026-09-28 16:15,4149.30,4161.00,4148.60,4160.10,3431
2026-09-28 16:20,4159.70,4168.00,4158.80,4167.30,2666
2026-09-28 16:25,4167.00,4181.00,4166.70,4176.00,4543
2026-09-28 16:30,4175.90,4178.10,4168.00,4168.40,2435
2026-09-28 16:35,4168.60,4173.00,4167.50,4168.20,742
2026-09-28 16:40,4168.60,4170.00,4163.60,4164.80,1225
2026-09-28 16:45,4164.80,4168.30,4161.70,4161.80,1477
2026-09-28 16:50,4162.20,4165.40,4160.90,4164.50,438
2026-09-28 16:55,4164.50,4164.70,4160.70,4162.40,643
2026-09-28 17:00,4162.10,4162.10,4159.60,4160.10,658
2026-09-28 17:05,4160.40,4162.10,4158.80,4160.10,561
2026-09-28 17:10,4160.00,4179.60,4158.70,4174.80,4869
2026-09-28 17:15,4174.70,4174.70,4166.90,4167.00,2014
2026-09-28 17:20,4167.20,4170.00,4166.40,4169.40,919
2026-09-28 17:25,4169.40,4171.00,4167.20,4168.40,1672
2026-09-28 17:30,4168.50,4172.20,4168.20,4169.20,1262
2026-09-28 17:35,4169.20,4171.10,4166.40,4166.60,478
2026-09-28 17:40,4166.50,4171.60,4166.50,4169.90,450
2026-09-28 17:45,4170.20,4171.30,4168.00,4171.30,417
2026-09-28 17:50,4171.50,4172.70,4169.70,4171.10,307
2026-09-28 17:55,4170.90,4171.20,4166.70,4167.30,557
2026-09-28 18:00,4167.30,4169.90,4166.10,4169.50,347
2026-09-28 18:05,4169.60,4170.90,4168.10,4169.20,263
2026-09-28 18:10,4169.20,4171.40,4167.30,4168.70,214
2026-09-28 18:15,4168.50,4168.60,4166.40,4166.80,278
2026-09-28 18:20,4167.10,4170.10,4167.10,4167.80,197
2026-09-28 18:25,4167.90,4168.80,4167.00,4167.70,190
2026-09-28 18:30,4167.60,4169.50,4164.10,4164.90,674
2026-09-28 18:35,4164.80,4167.80,4164.80,4166.90,312
2026-09-28 18:40,4167.10,4172.00,4166.60,4171.20,377
2026-09-28 18:45,4171.40,4172.50,4169.30,4172.00,502
2026-09-28 18:50,4172.20,4175.30,4171.00,4173.10,656
2026-09-28 18:55,4173.10,4173.60,4171.20,4172.00,295
2026-09-28 19:00,4172.20,4172.40,4164.70,4168.00,497
2026-09-28 19:05,4167.90,4168.30,4164.00,4165.10,367
2026-09-28 19:10,4165.20,4166.80,4164.60,4165.90,372
2026-09-28 19:15,4165.70,4168.20,4165.20,4168.10,280
2026-09-28 19:20,4168.10,4169.60,4164.90,4165.60,405
2026-09-28 19:25,4165.60,4167.90,4163.90,4167.00,458
2026-09-28 19:30,4167.00,4168.70,4162.60,4164.10,498
2026-09-28 19:35,4164.30,4167.70,4161.90,4162.20,314
2026-09-28 19:40,4162.20,4164.40,4161.10,4162.50,509
2026-09-28 19:45,4162.30,4162.50,4158.00,4158.90,612
2026-09-28 19:50,4159.00,4160.30,4156.70,4157.10,579
2026-09-28 19:55,4157.00,4158.00,4155.20,4156.30,1147
2026-09-28 20:00,4156.10,4156.90,4153.40,4154.70,753
2026-09-28 20:05,4155.00,4155.30,4150.10,4151.20,437
2026-09-28 20:10,4151.10,4154.90,4151.10,4154.60,235
2026-09-28 20:15,4154.70,4155.90,4154.10,4155.40,167
2026-09-28 20:20,4155.60,4156.70,4153.90,4154.30,174
2026-09-28 20:25,4153.70,4153.70,4150.00,4150.70,285
2026-09-28 20:30,4150.90,4151.50,4148.40,4148.90,252
2026-09-28 20:35,4149.00,4149.80,4148.20,4149.30,212
2026-09-28 20:40,4149.40,4150.90,4146.60,4146.90,258
2026-09-28 20:45,4146.80,4147.40,4144.20,4145.40,404
2026-09-28 20:50,4145.50,4147.40,4144.30,4147.20,212
2026-09-28 20:55,4147.10,4148.80,4145.70,4148.50,190
2026-09-28 22:00,4150.10,4153.60,4147.80,4153.60,0
2026-09-28 22:05,4153.40,4155.80,4153.30,4155.60,180
2026-09-28 22:10,4154.90,4155.10,4152.30,4155.10,123
2026-09-28 22:15,4155.30,4156.30,4154.60,4155.40,106
2026-09-28 22:20,4155.80,4159.20,4155.80,4157.80,146
2026-09-28 22:25,4157.50,4159.00,4156.50,4157.80,188
2026-09-28 22:30,4158.00,4158.10,4153.80,4155.30,175
2026-09-28 22:35,4155.40,4156.40,4154.40,4154.40,87
2026-09-28 22:40,4154.70,4157.70,4154.60,4156.40,58
2026-09-28 22:45,4156.30,4157.70,4156.30,4156.60,127
2026-09-28 22:50,4156.70,4156.70,4152.60,4154.10,104
2026-09-28 22:55,4153.60,4154.30,4153.60,4154.10,21
2026-09-28 23:00,4154.00,4155.50,4153.50,4154.20,65
2026-09-28 23:05,4154.40,4155.70,4154.40,4155.30,48
2026-09-28 23:10,4155.00,4157.70,4154.80,4157.60,151
2026-09-28 23:15,4157.70,4158.10,4156.00,4157.40,134
2026-09-28 23:20,4157.30,4158.60,4156.20,4158.50,55
2026-09-28 23:25,4158.80,4161.30,4158.60,4160.50,241
2026-09-28 23:30,4160.60,4161.40,4159.40,4159.60,231
2026-09-28 23:35,4159.70,4160.40,4157.90,4160.40,60
2026-09-28 23:40,4160.20,4160.30,4157.90,4158.50,140
2026-09-28 23:45,4158.70,4159.00,4154.40,4155.90,172
2026-09-28 23:50,4156.00,4157.30,4155.20,4156.80,57
2026-09-28 23:55,4157.30,4159.80,4156.10,4159.60,77
2026-09-29 00:00,4160.00,4160.30,4155.60,4156.40,219
2026-09-29 00:05,4156.20,4158.30,4154.80,4154.80,153
2026-09-29 00:10,4155.00,4155.80,4152.40,4154.60,222
2026-09-29 00:15,4155.00,4155.00,4146.50,4149.80,496
2026-09-29 00:20,4149.80,4151.90,4146.80,4149.50,319
2026-09-29 00:25,4149.40,4154.70,4147.60,4153.60,409
2026-09-29 00:30,4153.10,4158.60,4151.30,4157.40,319
2026-09-29 00:35,4157.30,4158.60,4154.40,4154.40,249
2026-09-29 00:40,4154.20,4155.90,4151.60,4152.80,156
2026-09-29 00:45,4152.20,4152.30,4146.50,4148.70,503
2026-09-29 00:50,4149.60,4152.20,4146.20,4148.60,246
2026-09-29 00:55,4148.70,4154.30,4148.50,4150.00,396
2026-09-29 01:00,4149.30,4156.60,4145.20,4150.40,1230
2026-09-29 01:05,4150.10,4155.40,4146.10,4152.10,583
2026-09-29 01:10,4152.50,4157.40,4149.70,4156.40,420
2026-09-29 01:15,4156.40,4160.00,4148.50,4155.90,915
2026-09-29 01:20,4156.50,4163.00,4156.30,4162.50,682
2026-09-29 01:25,4162.30,4163.80,4158.70,4162.10,805
2026-09-29 01:30,4161.80,4163.40,4158.90,4162.80,496
2026-09-29 01:35,4162.50,4162.60,4156.30,4157.30,577
2026-09-29 01:40,4156.90,4165.80,4155.90,4165.60,500
2026-09-29 01:45,4165.50,4168.60,4164.30,4166.60,637
2026-09-29 01:50,4166.90,4167.70,4161.80,4167.30,491
2026-09-29 01:55,4166.80,4167.90,4165.40,4166.90,131
2026-09-29 02:00,4167.10,4167.60,4161.60,4162.60,451
2026-09-29 02:05,4162.10,4163.30,4157.80,4158.60,491
2026-09-29 02:10,4159.00,4164.50,4158.70,4163.60,423
2026-09-29 02:15,4163.70,4166.50,4162.50,4166.50,533
2026-09-29 02:20,4166.00,4167.40,4162.10,4164.60,1101
2026-09-29 02:25,4164.70,4166.40,4163.50,4166.10,253
2026-09-29 02:30,4166.20,4169.20,4166.20,4168.30,342
2026-09-29 02:35,4168.40,4168.90,4164.80,4167.60,219
2026-09-29 02:40,4167.30,4169.40,4164.10,4167.70,482
2026-09-29 02:45,4167.50,4170.00,4166.90,4169.40,320
2026-09-29 02:50,4169.70,4169.90,4167.50,4168.40,276
2026-09-29 02:55,4168.50,4170.70,4167.40,4168.70,305
2026-09-29 03:00,4169.10,4170.70,4166.20,4166.20,234
2026-09-29 03:05,4166.50,4170.40,4165.60,4167.40,1015
2026-09-29 03:10,4167.20,4167.70,4165.40,4166.30,447
2026-09-29 03:15,4166.40,4167.70,4165.20,4166.00,380
2026-09-29 03:20,4166.30,4168.50,4165.60,4168.50,724
2026-09-29 03:25,4168.40,4171.20,4167.20,4170.70,466
2026-09-29 03:30,4170.60,4171.80,4169.10,4169.80,154
2026-09-29 03:35,4170.00,4171.00,4167.60,4170.90,272
2026-09-29 03:40,4170.80,4171.80,4168.10,4168.10,377
2026-09-29 03:45,4168.20,4168.70,4165.60,4168.10,335
2026-09-29 03:50,4168.10,4168.10,4165.50,4166.70,215
2026-09-29 03:55,4166.70,4167.00,4162.80,4164.10,587
2026-09-29 04:00,4165.10,4165.60,4162.60,4163.40,204
2026-09-29 04:05,4163.30,4163.40,4161.80,4163.30,100
2026-09-29 04:10,4163.30,4163.70,4161.30,4162.60,447
2026-09-29 04:15,4162.50,4163.50,4161.10,4162.20,562
2026-09-29 04:20,4162.20,4162.60,4160.50,4161.30,140
2026-09-29 04:25,4161.30,4161.50,4159.80,4161.00,190
2026-09-29 04:30,4160.70,4163.20,4157.40,4157.60,587
2026-09-29 04:35,4157.70,4158.20,4155.90,4157.50,479
2026-09-29 04:40,4157.50,4158.90,4156.40,4158.40,173
2026-09-29 04:45,4158.50,4158.80,4157.20,4158.00,149
2026-09-29 04:50,4157.80,4160.00,4157.40,4159.10,123
2026-09-29 04:55,4159.00,4159.10,4157.50,4158.20,157
2026-09-29 05:00,4157.90,4160.20,4157.40,4160.20,185
2026-09-29 05:05,4159.70,4161.60,4157.00,4161.00,269
2026-09-29 05:10,4161.00,4161.00,4157.90,4159.80,132
2026-09-29 05:15,4159.90,4162.80,4158.10,4161.70,262
2026-09-29 05:20,4161.80,4164.30,4160.40,4163.10,363
2026-09-29 05:25,4163.00,4163.50,4159.50,4161.30,246
2026-09-29 05:30,4161.20,4161.50,4153.10,4155.30,605
2026-09-29 05:35,4155.30,4166.80,4154.40,4166.30,756
2026-09-29 05:40,4166.20,4171.60,4163.70,4169.20,578
2026-09-29 05:45,4169.40,4170.20,4165.50,4168.00,276
2026-09-29 05:50,4167.40,4176.20,4167.40,4173.60,825
2026-09-29 05:55,4173.50,4174.50,4168.00,4169.90,449
2026-09-29 06:00,4170.10,4174.70,4169.80,4173.60,782
2026-09-29 06:05,4173.80,4176.80,4172.20,4175.10,550
2026-09-29 06:10,4175.30,4179.50,4174.70,4178.20,654
2026-09-29 06:15,4178.00,4179.20,4171.70,4173.50,557
2026-09-29 06:20,4173.50,4177.80,4172.80,4175.30,513
2026-09-29 06:25,4175.30,4176.10,4173.30,4174.70,248
2026-09-29 06:30,4175.10,4177.00,4174.00,4175.50,296
2026-09-29 06:35,4175.20,4175.80,4173.80,4174.70,162
2026-09-29 06:40,4174.80,4176.70,4173.50,4175.20,303
2026-09-29 06:45,4175.10,4175.10,4173.20,4173.60,189
2026-09-29 06:50,4174.00,4174.00,4171.50,4173.30,172
2026-09-29 06:55,4173.00,4173.30,4170.60,4171.70,221
2026-09-29 07:00,4171.90,4172.50,4167.40,4171.80,602
2026-09-29 07:05,4172.00,4176.60,4172.00,4175.50,506
2026-09-29 07:10,4175.80,4176.10,4173.30,4175.20,371
2026-09-29 07:15,4175.80,4177.20,4174.10,4177.10,477
2026-09-29 07:20,4176.80,4178.70,4175.80,4178.20,398
2026-09-29 07:25,4178.30,4180.30,4178.00,4178.10,440
2026-09-29 07:30,4178.20,4178.30,4172.50,4175.10,614
2026-09-29 07:35,4175.20,4180.90,4174.80,4176.70,724
2026-09-29 07:40,4176.80,4177.80,4173.30,4174.10,330
2026-09-29 07:45,4174.40,4174.90,4173.30,4173.60,157
2026-09-29 07:50,4173.50,4174.90,4172.30,4172.40,257
2026-09-29 07:55,4172.20,4173.00,4171.20,4172.40,385
2026-09-29 08:00,4172.90,4175.50,4172.10,4172.30,301
2026-09-29 08:05,4172.70,4172.70,4169.40,4171.10,559
2026-09-29 08:10,4171.10,4173.20,4169.70,4172.10,196
2026-09-29 08:15,4172.30,4176.10,4172.30,4175.90,335
2026-09-29 08:20,4176.00,4178.30,4172.90,4173.80,494
2026-09-29 08:25,4173.60,4174.60,4171.80,4173.70,210
2026-09-29 08:30,4173.60,4174.00,4169.50,4170.20,297
2026-09-29 08:35,4170.20,4173.10,4169.80,4172.10,214
2026-09-29 08:40,4172.20,4172.20,4170.30,4171.80,142
2026-09-29 08:45,4171.80,4173.80,4170.50,4172.70,178
2026-09-29 08:50,4172.90,4173.40,4171.40,4171.80,94
2026-09-29 08:55,4171.70,4173.00,4169.20,4171.60,347
2026-09-29 09:00,4171.00,4175.70,4170.70,4175.70,273
2026-09-29 09:05,4175.70,4176.60,4172.40,4173.40,286
2026-09-29 09:10,4173.40,4174.60,4171.70,4171.90,173
2026-09-29 09:15,4172.30,4175.00,4171.70,4174.80,174
2026-09-29 09:20,4174.70,4175.50,4172.60,4173.00,148
2026-09-29 09:25,4172.80,4173.80,4171.90,4172.10,307
2026-09-29 09:30,4172.30,4174.30,4171.20,4172.80,883
2026-09-29 09:35,4172.80,4174.20,4172.20,4173.40,244
2026-09-29 09:40,4173.50,4178.40,4173.10,4177.60,778
2026-09-29 09:45,4177.80,4181.20,4177.10,4177.40,693
2026-09-29 09:50,4177.70,4180.00,4174.20,4178.60,371
2026-09-29 09:55,4178.40,4180.40,4176.20,4178.00,685
2026-09-29 10:00,4178.00,4178.50,4175.40,4177.90,227
2026-09-29 10:05,4178.30,4182.80,4178.30,4182.10,646
2026-09-29 10:10,4182.10,4182.60,4180.90,4181.10,373
2026-09-29 10:15,4181.20,4181.70,4179.80,4180.60,254
2026-09-29 10:20,4180.70,4181.10,4179.20,4180.40,241
2026-09-29 10:25,4180.30,4182.20,4179.70,4181.90,374
2026-09-29 10:30,4182.10,4183.50,4179.40,4179.90,426
2026-09-29 10:35,4180.00,4181.70,4179.60,4181.50,193
2026-09-29 10:40,4181.30,4182.90,4180.20,4182.90,165
2026-09-29 10:45,4183.00,4184.70,4181.80,4184.70,420
2026-09-29 10:50,4184.70,4184.70,4183.30,4183.40,208
2026-09-29 10:55,4183.30,4186.80,4182.70,4185.60,793
2026-09-29 11:00,4185.80,4188.60,4184.80,4186.30,681
2026-09-29 11:05,4186.20,4188.80,4185.90,4188.10,410
2026-09-29 11:10,4187.70,4188.80,4186.20,4188.80,312
2026-09-29 11:15,4189.00,4190.00,4188.40,4189.00,1055
2026-09-29 11:20,4189.10,4192.80,4188.70,4192.70,586
2026-09-29 11:25,4192.50,4193.30,4190.70,4191.50,494
2026-09-29 11:30,4191.60,4191.70,4189.10,4190.60,343
2026-09-29 11:35,4190.90,4191.30,4188.00,4188.50,295
2026-09-29 11:40,4188.50,4189.30,4183.10,4183.70,529
2026-09-29 11:45,4184.00,4190.80,4181.50,4189.80,980
2026-09-29 11:50,4189.90,4192.80,4186.00,4186.80,846
2026-09-29 11:55,4187.30,4188.60,4185.10,4185.70,485
2026-09-29 12:00,4185.50,4190.90,4185.20,4189.70,465
2026-09-29 12:05,4189.90,4189.90,4185.70,4186.10,233
2026-09-29 12:10,4186.10,4187.00,4182.80,4184.60,386
2026-09-29 12:15,4184.90,4188.90,4183.40,4184.30,481
2026-09-29 12:20,4184.30,4185.50,4180.60,4182.20,886
2026-09-29 12:25,4182.20,4187.00,4182.10,4187.00,766
2026-09-29 12:30,4186.90,4190.70,4185.80,4188.40,831
2026-09-29 12:35,4188.40,4188.70,4183.80,4184.10,509
2026-09-29 12:40,4183.90,4190.00,4183.10,4188.60,455
2026-09-29 12:45,4188.80,4188.80,4183.70,4186.90,423
2026-09-29 12:50,4186.50,4187.90,4182.70,4184.00,273
2026-09-29 12:55,4183.70,4185.00,4181.30,4183.00,528
2026-09-29 13:00,4183.00,4186.90,4182.50,4186.20,909
2026-09-29 13:05,4185.90,4191.40,4185.00,4190.10,1040
2026-09-29 13:10,4190.10,4191.20,4187.40,4191.20,477
2026-09-29 13:15,4191.40,4191.90,4188.30,4190.00,421
2026-09-29 13:20,4190.50,4191.80,4188.60,4190.80,364
2026-09-29 13:25,4190.90,4191.20,4186.60,4186.90,575
2026-09-29 13:30,4187.10,4192.40,4184.40,4186.00,1547
2026-09-29 13:35,4185.80,4194.20,4185.80,4191.70,1578
2026-09-29 13:40,4191.60,4195.50,4185.80,4187.30,1541
2026-09-29 13:45,4187.20,4195.50,4185.60,4190.60,1538
2026-09-29 13:50,4190.60,4196.80,4190.60,4194.30,946
2026-09-29 13:55,4194.20,4194.70,4189.00,4189.80,611
2026-09-29 14:00,4189.50,4198.10,4188.50,4197.50,1691
2026-09-29 14:05,4197.50,4201.30,4196.90,4199.90,1502
2026-09-29 14:10,4199.80,4199.90,4196.90,4198.20,658
2026-09-29 14:15,4198.20,4204.40,4197.30,4202.40,1445
2026-09-29 14:20,4202.40,4207.20,4199.50,4206.50,2120
2026-09-29 14:25,4206.30,4207.20,4203.70,4204.10,742
2026-09-29 14:30,4204.50,4206.50,4199.50,4200.10,890
2026-09-29 14:35,4200.20,4201.10,4194.50,4196.70,921
2026-09-29 14:40,4197.00,4202.70,4196.80,4199.50,1272
2026-09-29 14:45,4199.70,4199.80,4194.50,4196.00,746
2026-09-29 14:50,4195.90,4201.00,4195.70,4199.60,760
2026-09-29 14:55,4199.20,4203.90,4197.90,4202.00,929
2026-09-29 15:00,4202.20,4202.20,4198.30,4199.90,976
2026-09-29 15:05,4199.70,4200.00,4194.70,4195.40,1317
2026-09-29 15:10,4195.50,4197.20,4192.80,4193.80,964
2026-09-29 15:15,4193.80,4194.80,4191.00,4191.60,924
2026-09-29 15:20,4191.60,4192.50,4185.50,4188.50,1696
2026-09-29 15:25,4188.70,4189.10,4180.00,4184.30,1656
2026-09-29 15:30,4184.40,4190.00,4182.50,4189.30,1303
2026-09-29 15:35,4189.40,4191.00,4187.70,4189.50,681
2026-09-29 15:40,4189.40,4189.70,4185.60,4188.20,733
2026-09-29 15:45,4188.30,4194.00,4186.80,4191.20,1516
2026-09-29 15:50,4191.10,4191.60,4185.50,4187.60,512
2026-09-29 15:55,4187.70,4191.00,4186.50,4190.40,613
2026-09-29 16:00,4190.50,4190.90,4184.70,4185.00,528
2026-09-29 16:05,4185.10,4185.30,4182.70,4184.10,616
2026-09-29 16:10,4184.40,4186.00,4182.50,4182.60,459
2026-09-29 16:15,4182.50,4184.80,4181.90,4182.90,496
2026-09-29 16:20,4183.20,4184.80,4181.60,4184.00,378
2026-09-29 16:25,4184.20,4187.00,4184.00,4185.70,247
2026-09-29 16:30,4185.70,4186.20,4184.50,4185.90,259
2026-09-29 16:35,4185.80,4187.40,4183.90,4184.90,477
2026-09-29 16:40,4185.00,4185.00,4179.60,4179.90,521
2026-09-29 16:45,4179.70,4181.10,4176.90,4180.50,901
2026-09-29 16:50,4180.80,4183.10,4179.20,4179.60,473
2026-09-29 16:55,4179.80,4179.80,4176.70,4177.80,548
2026-09-29 17:00,4177.80,4180.00,4176.70,4179.60,466
2026-09-29 17:05,4179.40,4180.20,4176.30,4177.70,479
2026-09-29 17:10,4178.00,4180.30,4177.60,4179.50,327
2026-09-29 17:15,4179.60,4181.00,4178.60,4180.00,318
2026-09-29 17:20,4180.10,4181.00,4178.10,4180.00,544
2026-09-29 17:25,4179.70,4180.80,4178.40,4180.70,1577
2026-09-29 17:30,4180.40,4181.20,4178.80,4179.80,713
2026-09-29 17:35,4179.80,4180.00,4176.70,4177.40,353
2026-09-29 17:40,4177.30,4177.80,4175.70,4177.00,522
2026-09-29 17:45,4177.10,4179.80,4175.30,4177.10,726
2026-09-29 17:50,4177.20,4178.50,4174.70,4175.00,461
2026-09-29 17:55,4174.90,4176.50,4174.40,4176.40,380
2026-09-29 18:00,4176.50,4196.30,4176.50,4195.50,4672
2026-09-29 18:05,4195.70,4197.20,4188.50,4190.20,2532
2026-09-29 18:10,4190.40,4200.70,4190.10,4198.90,2055
2026-09-29 18:15,4199.00,4203.10,4198.60,4199.00,1110
2026-09-29 18:20,4199.10,4201.50,4195.30,4195.60,1148
2026-09-29 18:25,4195.70,4201.60,4195.10,4198.90,987
2026-09-29 18:30,4198.60,4203.30,4193.00,4197.30,1962
2026-09-29 18:35,4197.20,4208.50,4196.60,4207.70,1435
2026-09-29 18:40,4207.60,4209.00,4202.20,4203.60,855
2026-09-29 18:45,4203.20,4203.40,4197.80,4198.80,676
2026-09-29 18:50,4198.90,4204.20,4197.30,4201.60,1204
2026-09-29 18:55,4201.50,4205.20,4200.80,4203.70,536
2026-09-29 19:00,4203.70,4206.50,4202.80,4205.20,612
2026-09-29 19:05,4205.40,4205.50,4202.70,4202.90,334
2026-09-29 19:10,4203.20,4203.40,4200.50,4201.30,392
2026-09-29 19:15,4201.50,4203.30,4200.40,4202.90,394
2026-09-29 19:20,4202.80,4204.30,4201.90,4202.20,181
2026-09-29 19:25,4202.20,4204.00,4201.10,4203.70,328
2026-09-29 19:30,4203.80,4204.00,4201.90,4202.90,184
2026-09-29 19:35,4203.10,4206.30,4202.90,4204.90,324
2026-09-29 19:40,4204.70,4204.90,4202.80,4204.80,223
2026-09-29 19:45,4204.70,4204.70,4202.50,4203.00,250
2026-09-29 19:50,4202.90,4207.80,4202.40,4206.80,528
2026-09-29 19:55,4206.70,4210.10,4205.50,4209.90,791
2026-09-29 20:00,4209.90,4210.20,4206.20,4207.20,489
2026-09-29 20:05,4207.00,4208.80,4206.40,4208.60,141
2026-09-29 20:10,4208.30,4208.30,4204.80,4204.80,318
2026-09-29 20:15,4204.90,4206.60,4204.20,4205.70,186
2026-09-29 20:20,4205.70,4208.00,4205.60,4206.50,141
2026-09-29 20:25,4207.20,4209.30,4206.60,4208.70,101
2026-09-29 20:30,4208.80,4211.90,4207.80,4210.60,248
2026-09-29 20:35,4211.00,4214.60,4210.60,4214.00,238
2026-09-29 20:40,4213.70,4217.70,4213.70,4217.40,371
2026-09-29 20:45,4217.50,4218.10,4214.60,4214.80,193
2026-09-29 20:50,4214.80,4214.90,4211.70,4212.90,169
2026-09-29 20:55,4212.80,4215.20,4212.80,4215.00,221
2026-09-29 22:00,4216.20,4217.30,4215.30,4216.40,0
2026-09-29 22:05,4216.00,4216.20,4212.80,4214.70,218
2026-09-29 22:10,4215.00,4215.90,4213.80,4213.90,80
2026-09-29 22:15,4214.10,4214.40,4213.50,4214.30,61
2026-09-29 22:20,4214.10,4215.20,4214.00,4214.80,45
2026-09-29 22:25,4214.90,4214.90,4212.30,4212.30,106
2026-09-29 22:30,4212.40,4212.70,4211.20,4211.30,162
2026-09-29 22:35,4211.40,4211.50,4209.20,4210.70,188
2026-09-29 22:40,4210.40,4211.40,4210.10,4210.20,66
2026-09-29 22:45,4210.00,4211.00,4210.00,4210.70,50
2026-09-29 22:50,4210.90,4212.00,4210.10,4211.80,77
2026-09-29 22:55,4211.70,4212.60,4211.20,4211.30,94
2026-09-29 23:00,4211.50,4213.20,4211.50,4211.90,112
2026-09-29 23:05,4212.20,4213.50,4212.20,4213.30,107
2026-09-29 23:10,4213.20,4214.70,4212.80,4214.70,68
2026-09-29 23:15,4214.80,4216.00,4214.50,4214.90,188
2026-09-29 23:20,4214.80,4215.10,4212.20,4213.10,141
2026-09-29 23:25,4213.10,4214.00,4212.60,4213.50,32
2026-09-29 23:30,4212.80,4212.80,4211.00,4212.00,71
2026-09-29 23:35,4212.10,4212.30,4211.40,4211.90,60
2026-09-29 23:40,4211.70,4212.90,4211.30,4212.90,60
2026-09-29 23:45,4212.10,4217.70,4212.00,4217.10,249
2026-09-29 23:50,4216.90,4219.60,4216.00,4219.10,179
2026-09-29 23:55,4219.20,4219.70,4216.50,4216.80,223
2026-09-30 00:00,4216.70,4219.50,4214.70,4215.50,309
2026-09-30 00:05,4215.20,4217.30,4214.90,4216.80,164
2026-09-30 00:10,4217.10,4217.80,4215.50,4216.00,87
2026-09-30 00:15,4215.80,4216.80,4213.20,4214.10,245
2026-09-30 00:20,4214.40,4216.00,4212.80,4213.80,165
2026-09-30 00:25,4213.60,4215.10,4213.10,4214.60,114
2026-09-30 00:30,4214.00,4215.90,4212.00,4214.50,296
2026-09-30 00:35,4214.50,4215.80,4210.30,4210.90,250
2026-09-30 00:40,4210.90,4213.30,4209.70,4210.40,164
2026-09-30 00:45,4210.70,4211.30,4208.80,4209.50,219
2026-09-30 00:50,4209.10,4211.70,4208.30,4209.60,241
2026-09-30 00:55,4209.80,4211.70,4208.10,4208.10,132
2026-09-30 01:00,4208.30,4213.30,4206.80,4210.90,665
2026-09-30 01:05,4210.80,4211.10,4205.60,4206.40,288
2026-09-30 01:10,4206.60,4207.30,4203.50,4204.10,386
2026-09-30 01:15,4204.00,4206.40,4202.30,4203.10,412
2026-09-30 01:20,4203.00,4203.90,4200.40,4201.80,426
2026-09-30 01:25,4201.70,4202.30,4199.30,4199.40,475
2026-09-30 01:30,4199.40,4205.00,4198.60,4201.00,720
2026-09-30 01:35,4201.00,4203.20,4199.40,4200.40,233
2026-09-30 01:40,4200.40,4201.70,4199.20,4200.90,232
2026-09-30 01:45,4200.60,4203.30,4199.40,4202.30,281
2026-09-30 01:50,4202.20,4203.80,4201.60,4203.50,187
2026-09-30 01:55,4203.50,4204.80,4202.00,4203.60,171
2026-09-30 02:00,4203.50,4206.00,4203.20,4204.90,273
2026-09-30 02:05,4204.70,4209.40,4204.60,4208.20,311
2026-09-30 02:10,4208.10,4209.60,4206.80,4207.90,320
2026-09-30 02:15,4208.10,4210.60,4207.80,4208.60,233
2026-09-30 02:20,4208.70,4211.80,4208.50,4209.10,188
2026-09-30 02:25,4209.00,4209.90,4206.90,4207.20,244
2026-09-30 02:30,4206.90,4207.90,4202.70,4204.50,390
2026-09-30 02:35,4204.40,4210.20,4204.40,4208.80,214
2026-09-30 02:40,4208.90,4210.10,4206.80,4210.10,262
2026-09-30 02:45,4210.20,4215.50,4210.20,4214.20,536
2026-09-30 02:50,4214.20,4216.00,4212.20,4212.70,283
2026-09-30 02:55,4212.90,4214.30,4209.60,4210.90,601
2026-09-30 03:00,4211.00,4214.20,4210.90,4213.60,286
2026-09-30 03:05,4213.70,4213.70,4211.20,4212.10,127
2026-09-30 03:10,4212.00,4212.30,4209.80,4210.40,240
2026-09-30 03:15,4210.50,4212.00,4209.20,4211.40,127
2026-09-30 03:20,4211.60,4212.50,4210.00,4211.50,199
2026-09-30 03:25,4211.60,4212.90,4210.50,4212.80,191
2026-09-30 03:30,4213.00,4213.00,4207.00,4207.30,294
2026-09-30 03:35,4207.60,4209.60,4206.00,4209.20,221
2026-09-30 03:40,4209.10,4209.30,4206.60,4207.60,70
2026-09-30 03:45,4207.30,4207.70,4205.00,4205.50,181
2026-09-30 03:50,4205.30,4206.00,4203.20,4205.40,266
2026-09-30 03:55,4205.60,4207.10,4204.80,4205.50,166
2026-09-30 04:00,4204.70,4208.10,4204.40,4207.20,378
2026-09-30 04:05,4207.80,4208.10,4204.50,4204.70,117
2026-09-30 04:10,4204.60,4206.20,4204.30,4205.80,99
2026-09-30 04:15,4206.20,4210.10,4206.20,4209.10,234
2026-09-30 04:20,4208.90,4209.90,4208.50,4209.50,86
2026-09-30 04:25,4209.60,4211.20,4209.10,4210.00,115
2026-09-30 04:30,4209.60,4211.00,4209.40,4210.90,94
2026-09-30 04:35,4210.90,4215.40,4210.90,4215.30,290
2026-09-30 04:40,4215.20,4217.40,4213.20,4213.40,278
2026-09-30 04:45,4213.40,4213.90,4210.50,4211.00,212
2026-09-30 04:50,4210.60,4211.50,4209.80,4210.90,109
2026-09-30 04:55,4211.00,4211.40,4210.30,4211.40,185
2026-09-30 05:00,4211.00,4214.80,4210.80,4212.20,151
2026-09-30 05:05,4212.10,4212.80,4208.50,4208.70,132
2026-09-30 05:10,4208.80,4210.20,4204.80,4204.80,241
2026-09-30 05:15,4204.60,4204.70,4197.60,4201.50,1002
2026-09-30 05:20,4201.90,4203.50,4200.60,4203.00,203
2026-09-30 05:25,4203.10,4207.30,4202.20,4207.00,244
2026-09-30 05:30,4207.10,4212.30,4205.10,4210.00,614
2026-09-30 05:35,4209.70,4212.40,4206.90,4207.90,214
2026-09-30 05:40,4207.80,4209.70,4205.80,4207.70,104
2026-09-30 05:45,4208.40,4209.10,4206.70,4208.30,88
2026-09-30 05:50,4208.10,4208.20,4206.40,4207.80,165
2026-09-30 05:55,4207.70,4213.40,4205.80,4210.20,577
2026-09-30 06:00,4209.80,4214.00,4208.30,4214.00,567
2026-09-30 06:05,4214.30,4214.30,4212.00,4213.50,188
2026-09-30 06:10,4213.70,4217.00,4213.70,4215.40,432
2026-09-30 06:15,4215.60,4217.30,4211.90,4211.90,479
2026-09-30 06:20,4212.00,4215.50,4211.20,4214.30,338
2026-09-30 06:25,4214.30,4214.60,4211.70,4212.60,228
2026-09-30 06:30,4212.30,4213.10,4211.10,4212.50,229
2026-09-30 06:35,4212.40,4215.70,4211.30,4212.20,421
2026-09-30 06:40,4212.10,4214.50,4210.90,4214.50,224
2026-09-30 06:45,4214.20,4214.60,4211.70,4213.90,310
2026-09-30 06:50,4213.70,4225.60,4213.70,4223.40,1106
2026-09-30 06:55,4223.40,4227.00,4222.60,4222.60,728
2026-09-30 07:00,4222.60,4227.00,4221.60,4225.50,518
2026-09-30 07:05,4225.60,4229.80,4223.70,4225.80,973
2026-09-30 07:10,4225.50,4227.60,4224.00,4225.90,306
2026-09-30 07:15,4226.40,4229.50,4225.90,4228.50,372
2026-09-30 07:20,4228.80,4233.20,4227.30,4232.90,809
2026-09-30 07:25,4233.00,4233.00,4226.20,4226.80,854
2026-09-30 07:30,4227.00,4228.40,4225.60,4227.00,241
2026-09-30 07:35,4226.90,4230.80,4226.90,4228.70,438
2026-09-30 07:40,4228.70,4229.50,4223.40,4223.90,448
2026-09-30 07:45,4224.00,4227.70,4222.90,4227.50,683
2026-09-30 07:50,4227.60,4229.20,4226.60,4227.40,389
2026-09-30 07:55,4227.50,4228.00,4224.00,4225.50,246
2026-09-30 08:00,4225.60,4228.80,4224.60,4226.20,436
2026-09-30 08:05,4226.20,4228.50,4225.20,4227.50,311
2026-09-30 08:10,4227.50,4228.00,4225.80,4226.50,351
2026-09-30 08:15,4227.00,4232.00,4225.60,4229.50,441
2026-09-30 08:20,4229.50,4233.60,4229.50,4232.50,391
2026-09-30 08:25,4232.40,4233.70,4230.50,4231.10,298
2026-09-30 08:30,4230.90,4233.00,4229.70,4232.60,231
2026-09-30 08:35,4232.50,4234.00,4231.50,4233.20,243
2026-09-30 08:40,4233.20,4233.20,4229.00,4229.50,251
2026-09-30 08:45,4229.70,4231.10,4228.60,4228.90,234
2026-09-30 08:50,4229.10,4229.40,4225.70,4226.10,589
2026-09-30 08:55,4226.10,4226.10,4222.80,4223.40,760
2026-09-30 09:00,4223.40,4225.20,4222.80,4225.10,568
2026-09-30 09:05,4225.00,4227.00,4222.10,4222.70,1289
2026-09-30 09:10,4223.00,4223.40,4219.10,4222.20,564
2026-09-30 09:15,4222.00,4222.60,4219.70,4219.90,259
2026-09-30 09:20,4219.70,4220.60,4215.70,4216.50,574
2026-09-30 09:25,4216.40,4219.60,4214.30,4217.30,531
2026-09-30 09:30,4217.20,4222.30,4217.20,4221.80,928
2026-09-30 09:35,4221.40,4221.60,4219.10,4219.10,269
2026-09-30 09:40,4218.90,4220.00,4218.90,4219.50,185
2026-09-30 09:45,4219.60,4220.80,4217.10,4219.00,219
2026-09-30 09:50,4218.80,4219.70,4217.80,4219.00,74
2026-09-30 09:55,4218.80,4220.80,4218.30,4219.30,174
2026-09-30 10:00,4219.40,4221.50,4218.20,4221.50,189
2026-09-30 10:05,4221.60,4222.20,4218.70,4219.10,159
2026-09-30 10:10,4219.00,4220.50,4217.80,4218.00,314
2026-09-30 10:15,4217.80,4219.80,4216.10,4216.60,552
2026-09-30 10:20,4216.30,4220.00,4216.10,4218.00,294
2026-09-30 10:25,4218.30,4221.90,4217.90,4219.90,197
2026-09-30 10:30,4219.70,4220.60,4217.80,4217.90,103
2026-09-30 10:35,4218.00,4220.70,4217.90,4220.00,134
2026-09-30 10:40,4219.90,4220.20,4215.30,4215.30,287
2026-09-30 10:45,4215.10,4217.40,4213.70,4216.20,317
2026-09-30 10:50,4215.90,4216.10,4212.50,4215.60,267
2026-09-30 10:55,4215.60,4218.00,4214.50,4216.00,424
2026-09-30 11:00,4215.90,4216.50,4215.20,4215.30,221
2026-09-30 11:05,4215.60,4216.00,4211.00,4211.30,335
2026-09-30 11:10,4211.40,4212.10,4210.20,4211.30,335
2026-09-30 11:15,4211.30,4211.60,4209.30,4209.30,364
2026-09-30 11:20,4209.00,4213.70,4207.80,4213.30,401
2026-09-30 11:25,4213.30,4216.20,4213.00,4215.10,370
2026-09-30 11:30,4214.80,4217.70,4213.80,4217.60,259
2026-09-30 11:35,4217.70,4223.80,4217.30,4221.40,1027
2026-09-30 11:40,4221.20,4221.90,4217.70,4218.00,421
2026-09-30 11:45,4218.10,4218.50,4214.90,4216.50,838
2026-09-30 11:50,4216.20,4218.00,4215.40,4216.90,187
2026-09-30 11:55,4217.00,4218.40,4215.40,4218.30,131
2026-09-30 12:00,4217.90,4221.00,4216.60,4219.80,361
2026-09-30 12:05,4219.00,4220.50,4216.70,4220.10,533
2026-09-30 12:10,4220.00,4226.50,4220.00,4225.80,867
2026-09-30 12:15,4226.10,4226.20,4220.50,4220.50,611
2026-09-30 12:20,4220.80,4222.50,4213.90,4221.50,1143
2026-09-30 12:25,4221.50,4226.00,4218.70,4226.00,1139
2026-09-30 12:30,4226.00,4251.00,4224.70,4246.70,6641
2026-09-30 12:35,4246.90,4251.10,4236.10,4237.60,2317
2026-09-30 12:40,4237.20,4248.20,4237.20,4246.40,1964
2026-09-30 12:45,4246.70,4250.70,4238.90,4242.30,2496
2026-09-30 12:50,4242.30,4245.30,4238.20,4244.10,1279
2026-09-30 12:55,4244.30,4248.30,4237.70,4240.20,1360
2026-09-30 13:00,4240.30,4246.50,4238.80,4240.40,1157
2026-09-30 13:05,4240.50,4243.70,4237.00,4238.90,899
2026-09-30 13:10,4238.90,4238.90,4233.30,4234.20,1187
2026-09-30 13:15,4234.00,4235.40,4225.90,4227.30,1128
2026-09-30 13:20,4227.30,4229.10,4222.60,4225.00,1641
2026-09-30 13:25,4224.90,4229.20,4224.60,4224.90,829
2026-09-30 13:30,4224.70,4227.00,4219.50,4224.30,1623
2026-09-30 13:35,4224.10,4225.20,4215.10,4217.70,1488
2026-09-30 13:40,4217.80,4219.60,4213.10,4214.80,923
2026-09-30 13:45,4214.50,4216.50,4208.60,4211.90,1697
2026-09-30 13:50,4211.90,4214.20,4207.50,4213.90,1518
2026-09-30 13:55,4213.90,4215.40,4208.40,4208.60,1055
2026-09-30 14:00,4208.80,4210.60,4205.40,4209.90,1992
2026-09-30 14:05,4210.00,4214.60,4206.70,4212.70,1516
2026-09-30 14:10,4212.60,4215.00,4209.60,4211.50,1049
2026-09-30 14:15,4211.40,4214.10,4204.30,4208.30,1335
2026-09-30 14:20,4208.40,4211.40,4203.40,4204.80,1611
2026-09-30 14:25,4205.00,4205.20,4200.80,4202.30,1070
2026-09-30 14:30,4202.60,4206.30,4197.50,4201.00,2112
2026-09-30 14:35,4201.10,4202.90,4195.10,4199.30,2009
2026-09-30 14:40,4199.40,4204.70,4197.50,4200.80,860
2026-09-30 14:45,4200.50,4205.50,4200.10,4204.20,925
2026-09-30 14:50,4204.30,4208.20,4199.60,4206.50,1315
2026-09-30 14:55,4207.10,4208.10,4195.90,4196.40,909
2026-09-30 15:00,4196.60,4199.20,4192.80,4198.60,2024
2026-09-30 15:05,4198.40,4199.50,4190.60,4193.20,1458
2026-09-30 15:10,4193.10,4196.90,4188.90,4195.10,2231
2026-09-30 15:15,4195.00,4197.10,4189.80,4190.70,1103
2026-09-30 15:20,4190.90,4191.10,4186.70,4187.00,1328
2026-09-30 15:25,4187.10,4189.30,4182.10,4187.90,2093
2026-09-30 15:30,4188.00,4195.00,4188.00,4190.60,2157
2026-09-30 15:35,4190.50,4191.90,4186.60,4188.90,626
2026-09-30 15:40,4188.70,4190.20,4186.80,4188.40,1291
2026-09-30 15:45,4188.40,4192.60,4187.80,4192.60,634
2026-09-30 15:50,4192.30,4193.50,4184.80,4185.40,567
2026-09-30 15:55,4185.50,4188.30,4184.90,4188.20,690
2026-09-30 16:00,4188.60,4192.70,4186.40,4191.80,720
2026-09-30 16:05,4191.70,4192.50,4187.70,4190.20,520
2026-09-30 16:10,4190.50,4192.50,4188.20,4191.70,1438
2026-09-30 16:15,4192.00,4192.60,4188.40,4191.30,505
2026-09-30 16:20,4191.70,4194.20,4191.30,4193.70,572
2026-09-30 16:25,4193.80,4193.80,4190.80,4192.70,1146
2026-09-30 16:30,4192.50,4193.10,4188.40,4189.20,485
2026-09-30 16:35,4189.00,4192.20,4185.80,4190.80,1142
2026-09-30 16:40,4190.90,4192.50,4189.70,4191.50,247
2026-09-30 16:45,4191.30,4191.60,4188.40,4188.90,449
2026-09-30 16:50,4188.80,4191.80,4188.80,4189.20,897
2026-09-30 16:55,4189.20,4190.30,4187.70,4189.10,912
2026-09-30 17:00,4189.20,4190.10,4187.00,4188.10,453
2026-09-30 17:05,4187.80,4188.50,4184.10,4184.40,560
2026-09-30 17:10,4184.60,4186.80,4181.70,4185.00,1362
2026-09-30 17:15,4185.10,4185.60,4181.30,4182.60,539
2026-09-30 17:20,4182.70,4186.40,4181.40,4186.10,1610
2026-09-30 17:25,4186.00,4188.20,4183.90,4186.90,1760
2026-09-30 17:30,4186.90,4187.10,4181.60,4181.60,413
2026-09-30 17:35,4181.90,4185.20,4181.90,4185.00,350
2026-09-30 17:40,4185.10,4185.40,4181.70,4181.90,275
2026-09-30 17:45,4181.70,4182.70,4178.20,4180.60,1361
2026-09-30 17:50,4180.70,4182.60,4179.50,4180.20,467
2026-09-30 17:55,4180.20,4183.00,4179.70,4182.70,243
2026-09-30 18:00,4182.40,4182.40,4179.70,4181.20,337
2026-09-30 18:05,4181.00,4182.50,4178.50,4181.70,450
2026-09-30 18:10,4181.60,4182.50,4180.40,4181.40,488
2026-09-30 18:15,4181.40,4182.70,4180.30,4181.50,201
2026-09-30 18:20,4181.60,4183.50,4181.30,4183.10,181
2026-09-30 18:25,4183.30,4186.20,4182.80,4185.90,324
2026-09-30 18:30,4185.80,4186.70,4183.90,4184.60,849
2026-09-30 18:35,4184.60,4186.50,4183.90,4185.60,450
2026-09-30 18:40,4185.70,4186.20,4182.60,4183.80,561
2026-09-30 18:45,4183.80,4184.20,4181.50,4181.80,512
2026-09-30 18:50,4181.80,4183.20,4181.60,4183.20,217
2026-09-30 18:55,4183.00,4183.30,4181.20,4182.70,1045
2026-09-30 19:00,4182.80,4184.80,4182.00,4184.70,623
2026-09-30 19:05,4184.70,4185.00,4182.20,4183.00,249
2026-09-30 19:10,4182.80,4184.80,4180.50,4184.10,405
2026-09-30 19:15,4184.10,4184.30,4181.30,4184.20,436
2026-09-30 19:20,4183.90,4187.40,4183.40,4185.30,676
2026-09-30 19:25,4185.10,4186.40,4183.50,4185.90,311
2026-09-30 19:30,4185.70,4187.10,4184.90,4186.40,295
2026-09-30 19:35,4186.10,4187.90,4185.10,4187.00,262
2026-09-30 19:40,4186.70,4187.40,4182.30,4184.10,182
2026-09-30 19:45,4184.00,4186.60,4181.90,4184.90,848
2026-09-30 19:50,4184.70,4188.70,4182.50,4187.10,531
2026-09-30 19:55,4186.90,4189.20,4185.40,4187.90,924
2026-09-30 20:00,4188.00,4188.20,4183.40,4186.70,401
2026-09-30 20:05,4186.20,4187.60,4185.60,4187.60,108
2026-09-30 20:10,4188.00,4188.80,4187.20,4188.00,85
2026-09-30 20:15,4188.30,4188.80,4186.90,4187.20,82
2026-09-30 20:20,4186.80,4189.10,4186.80,4188.70,52
2026-09-30 20:25,4189.10,4189.80,4188.70,4189.20,52
2026-09-30 20:30,4189.00,4189.70,4188.70,4189.70,102
2026-09-30 20:35,4189.70,4192.20,4189.50,4192.20,206
2026-09-30 20:40,4192.10,4192.30,4190.30,4190.60,108
2026-09-30 20:45,4190.70,4191.40,4188.40,4188.90,193
2026-09-30 20:50,4189.20,4191.30,4188.50,4191.20,173
2026-09-30 20:55,4191.00,4191.30,4188.30,4189.10,393
2026-09-30 22:00,4190.10,4192.00,4188.50,4189.80,0
2026-09-30 22:05,4189.60,4190.80,4187.60,4188.00,265
2026-09-30 22:10,4187.90,4188.10,4185.00,4186.70,343
2026-09-30 22:15,4186.80,4187.00,4185.10,4185.40,98
2026-09-30 22:20,4185.50,4186.90,4185.40,4186.40,53
2026-09-30 22:25,4186.50,4186.50,4185.30,4186.30,36
2026-09-30 22:30,4186.50,4186.80,4185.40,4186.20,62
2026-09-30 22:35,4186.70,4187.10,4185.50,4185.80,58
2026-09-30 22:40,4185.90,4186.40,4184.50,4184.80,107
2026-09-30 22:45,4184.30,4185.60,4183.90,4184.90,49
2026-09-30 22:50,4184.80,4185.00,4184.10,4184.10,50
2026-09-30 22:55,4184.20,4184.80,4183.40,4184.50,55
2026-09-30 23:00,4184.40,4184.60,4183.50,4184.30,61
2026-09-30 23:05,4184.10,4184.10,4182.90,4182.90,43
2026-09-30 23:10,4183.30,4183.60,4181.80,4182.30,130
2026-09-30 23:15,4182.40,4183.20,4182.10,4183.00,53
2026-09-30 23:20,4183.00,4185.20,4182.60,4185.20,74
2026-09-30 23:25,4185.30,4185.30,4184.00,4184.50,51
2026-09-30 23:30,4184.60,4185.10,4183.90,4183.90,53
2026-09-30 23:35,4183.80,4186.00,4183.80,4184.90,126
2026-09-30 23:40,4185.00,4185.70,4184.50,4185.20,59
2026-09-30 23:45,4185.30,4186.30,4185.20,4186.30,79
2026-09-30 23:50,4186.30,4186.80,4185.30,4185.80,52
2026-09-30 23:55,4185.90,4187.00,4185.10,4186.20,127
2026-10-01 00:00,4186.10,4186.20,4180.90,4180.90,218
2026-10-01 00:05,4180.80,4182.10,4180.50,4181.50,164
2026-10-01 00:10,4181.70,4183.80,4180.70,4182.80,128
2026-10-01 00:15,4182.60,4182.70,4171.60,4171.70,973
2026-10-01 00:20,4171.70,4177.70,4171.30,4176.50,348
2026-10-01 00:25,4176.60,4178.60,4173.20,4174.20,385
2026-10-01 00:30,4173.80,4174.40,4170.00,4170.20,569
2026-10-01 00:35,4170.50,4173.30,4170.00,4172.60,229
2026-10-01 00:40,4172.70,4175.70,4170.90,4175.30,256
2026-10-01 00:45,4174.70,4176.00,4173.30,4175.40,108
2026-10-01 00:50,4175.40,4175.40,4169.40,4170.70,267
2026-10-01 00:55,4170.90,4176.30,4170.90,4175.30,264
2026-10-01 01:00,4175.50,4183.50,4175.20,4182.10,494
2026-10-01 01:05,4182.10,4190.80,4181.50,4190.80,542
2026-10-01 01:10,4190.30,4191.40,4188.80,4189.80,344
2026-10-01 01:15,4189.70,4193.60,4189.30,4193.10,419
2026-10-01 01:20,4193.30,4194.60,4192.90,4193.70,273
2026-10-01 01:25,4193.50,4193.50,4189.20,4189.20,404
2026-10-01 01:30,4189.50,4194.20,4188.90,4192.80,478
2026-10-01 01:35,4192.90,4193.20,4191.30,4192.30,76
2026-10-01 01:40,4192.30,4192.70,4191.00,4191.00,68
2026-10-01 01:45,4191.30,4192.30,4189.30,4192.30,159
2026-10-01 01:50,4192.50,4193.20,4190.60,4191.20,90
2026-10-01 01:55,4191.00,4191.30,4186.20,4186.20,326
2026-10-01 02:00,4186.10,4187.70,4184.80,4185.50,222
2026-10-01 02:05,4185.50,4186.20,4181.20,4182.30,312
2026-10-01 02:10,4182.50,4185.40,4181.80,4183.60,186
2026-10-01 02:15,4183.50,4186.60,4182.10,4183.20,222
2026-10-01 02:20,4182.90,4185.00,4181.00,4182.80,202
2026-10-01 02:25,4182.80,4184.60,4180.90,4184.40,144
2026-10-01 02:30,4184.60,4185.40,4182.30,4185.40,151
2026-10-01 02:35,4185.20,4185.50,4183.60,4183.60,90
2026-10-01 02:40,4183.50,4185.40,4183.30,4184.30,130
2026-10-01 02:45,4184.00,4187.30,4184.00,4187.10,124
2026-10-01 02:50,4186.60,4190.50,4185.20,4190.30,245
2026-10-01 02:55,4190.50,4191.40,4188.10,4190.30,322
2026-10-01 03:00,4190.30,4192.80,4188.80,4191.30,310
2026-10-01 03:05,4191.00,4196.00,4191.00,4195.00,448
2026-10-01 03:10,4195.20,4198.20,4195.00,4197.00,364
2026-10-01 03:15,4197.00,4198.00,4194.00,4194.70,121
2026-10-01 03:20,4194.60,4194.70,4193.20,4193.50,98
2026-10-01 03:25,4193.50,4194.00,4192.90,4193.70,51
2026-10-01 03:30,4194.20,4195.40,4193.10,4194.60,73
2026-10-01 03:35,4194.50,4194.70,4192.50,4192.60,61
2026-10-01 03:40,4193.70,4199.60,4193.70,4199.10,290
2026-10-01 03:45,4199.00,4203.70,4198.40,4202.60,505
2026-10-01 03:50,4203.00,4206.40,4202.70,4205.40,511
2026-10-01 03:55,4205.20,4205.90,4204.30,4205.40,144
2026-10-01 04:00,4205.00,4206.00,4204.50,4205.10,209
2026-10-01 04:05,4205.30,4206.10,4204.40,4205.60,170
2026-10-01 04:10,4205.50,4207.80,4204.90,4207.00,312
2026-10-01 04:15,4206.60,4206.60,4201.20,4201.50,539
2026-10-01 04:20,4201.40,4202.90,4200.80,4202.20,147
2026-10-01 04:25,4202.40,4202.70,4201.40,4201.70,75
2026-10-01 04:30,4201.30,4206.00,4201.30,4205.50,204
2026-10-01 04:35,4205.40,4206.40,4204.10,4205.70,103
2026-10-01 04:40,4205.70,4206.00,4204.60,4205.00,86
2026-10-01 04:45,4205.00,4208.00,4204.70,4207.60,128
2026-10-01 04:50,4207.50,4208.70,4207.10,4208.70,141
2026-10-01 04:55,4208.70,4210.30,4207.50,4209.50,255
2026-10-01 05:00,4209.90,4212.80,4209.00,4212.20,320
2026-10-01 05:05,4212.40,4212.90,4210.70,4211.90,265
2026-10-01 05:10,4211.60,4213.00,4210.90,4212.00,137
2026-10-01 05:15,4212.20,4213.50,4211.40,4213.50,171
2026-10-01 05:20,4213.50,4214.80,4213.00,4214.00,496
2026-10-01 05:25,4214.10,4217.30,4214.00,4216.90,522
2026-10-01 05:30,4217.10,4219.60,4214.80,4219.60,503
2026-10-01 05:35,4219.40,4222.80,4218.40,4218.80,571
2026-10-01 05:40,4219.00,4219.50,4216.80,4216.80,241
2026-10-01 05:45,4216.50,4219.40,4216.40,4217.10,320
2026-10-01 05:50,4217.30,4218.10,4215.20,4216.00,266
2026-10-01 05:55,4216.20,4217.80,4215.00,4217.80,218
2026-10-01 06:00,4217.60,4220.60,4217.30,4220.30,773
2026-10-01 06:05,4220.20,4221.30,4219.80,4221.10,285
2026-10-01 06:10,4220.80,4222.10,4219.80,4221.30,294
2026-10-01 06:15,4221.10,4221.10,4219.00,4219.40,228
2026-10-01 06:20,4219.10,4221.00,4218.10,4218.50,324
2026-10-01 06:25,4218.70,4219.90,4217.20,4219.50,294
2026-10-01 06:30,4219.60,4221.40,4217.90,4218.60,364
2026-10-01 06:35,4218.50,4218.90,4214.20,4214.50,557
2026-10-01 06:40,4214.70,4215.00,4210.70,4214.20,621
2026-10-01 06:45,4214.20,4215.20,4210.40,4210.50,484
2026-10-01 06:50,4210.80,4213.80,4210.60,4212.40,266
2026-10-01 06:55,4212.70,4215.30,4211.20,4211.60,230
2026-10-01 07:00,4211.50,4213.50,4209.70,4210.70,454
2026-10-01 07:05,4210.80,4211.60,4209.10,4210.90,337
2026-10-01 07:10,4210.80,4211.30,4202.00,4202.30,617
2026-10-01 07:15,4202.40,4204.50,4200.20,4201.10,691
2026-10-01 07:20,4200.90,4201.00,4190.40,4190.70,1564
2026-10-01 07:25,4190.70,4190.90,4185.00,4186.40,785
2026-10-01 07:30,4186.40,4195.00,4184.20,4194.30,1159
2026-10-01 07:35,4194.30,4194.90,4189.80,4190.80,415
2026-10-01 07:40,4190.30,4195.40,4189.90,4193.40,530
2026-10-01 07:45,4193.40,4196.70,4192.40,4193.60,382
2026-10-01 07:50,4193.70,4196.70,4191.90,4195.90,317
2026-10-01 07:55,4195.70,4196.50,4192.00,4193.70,433
2026-10-01 08:00,4193.80,4197.30,4193.50,4197.30,293
2026-10-01 08:05,4197.10,4197.90,4191.60,4193.10,300
2026-10-01 08:10,4193.10,4194.40,4188.30,4189.50,476
2026-10-01 08:15,4189.40,4191.60,4185.90,4186.20,421
2026-10-01 08:20,4186.50,4188.40,4184.40,4186.50,541
2026-10-01 08:25,4186.70,4192.40,4186.50,4186.60,410
2026-10-01 08:30,4186.60,4188.00,4183.80,4187.60,545
2026-10-01 08:35,4187.60,4188.30,4185.70,4186.70,344
2026-10-01 08:40,4187.00,4187.80,4179.10,4181.50,872
2026-10-01 08:45,4181.20,4184.10,4178.40,4184.10,464
2026-10-01 08:50,4184.20,4184.90,4180.10,4180.90,268
2026-10-01 08:55,4180.90,4183.90,4180.90,4182.80,440
2026-10-01 09:00,4182.30,4187.60,4182.10,4187.60,291
2026-10-01 09:05,4187.20,4189.70,4186.20,4188.90,366
2026-10-01 09:10,4189.00,4191.60,4189.00,4190.60,348
2026-10-01 09:15,4190.60,4191.80,4188.80,4189.30,331
2026-10-01 09:20,4189.20,4192.30,4187.90,4190.60,510
2026-10-01 09:25,4190.20,4190.60,4188.70,4188.90,241
2026-10-01 09:30,4189.10,4192.00,4188.80,4191.70,505
2026-10-01 09:35,4191.80,4193.00,4190.40,4192.10,220
2026-10-01 09:40,4191.80,4192.60,4190.70,4191.10,128
2026-10-01 09:45,4191.20,4193.50,4190.50,4191.50,255
2026-10-01 09:50,4191.10,4191.40,4187.40,4187.60,185
2026-10-01 09:55,4187.50,4188.10,4183.50,4184.10,432
2026-10-01 10:00,4184.10,4185.60,4179.90,4182.60,466
2026-10-01 10:05,4182.10,4185.50,4181.40,4184.30,202
2026-10-01 10:10,4184.00,4188.90,4183.50,4188.90,189
2026-10-01 10:15,4188.60,4193.00,4187.80,4192.10,467
2026-10-01 10:20,4192.30,4195.30,4191.50,4194.60,330
2026-10-01 10:25,4194.30,4197.40,4193.70,4197.40,390
2026-10-01 10:30,4197.40,4200.40,4196.60,4200.30,467
2026-10-01 10:35,4200.50,4202.20,4198.20,4198.60,402
2026-10-01 10:40,4198.50,4202.20,4197.40,4201.50,353
2026-10-01 10:45,4201.10,4207.20,4200.80,4204.20,1124
2026-10-01 10:50,4204.40,4208.50,4204.00,4208.30,627
2026-10-01 10:55,4208.10,4208.10,4204.10,4205.90,285
2026-10-01 11:00,4206.10,4206.10,4201.90,4203.10,551
2026-10-01 11:05,4203.20,4203.70,4200.00,4200.70,484
2026-10-01 11:10,4200.60,4201.60,4198.70,4199.20,291
2026-10-01 11:15,4199.20,4199.20,4196.70,4197.60,291
2026-10-01 11:20,4197.60,4200.30,4196.40,4199.00,315
2026-10-01 11:25,4199.40,4203.00,4199.40,4201.70,260
2026-10-01 11:30,4201.50,4203.00,4201.00,4201.60,138
2026-10-01 11:35,4201.70,4207.70,4201.40,4206.90,338
2026-10-01 11:40,4207.10,4210.60,4206.50,4208.80,516
2026-10-01 11:45,4208.90,4213.70,4208.90,4212.50,614
2026-10-01 11:50,4212.30,4213.90,4211.20,4213.50,323
2026-10-01 11:55,4213.70,4215.30,4212.10,4212.20,604
2026-10-01 12:00,4212.50,4215.10,4210.40,4210.40,697
2026-10-01 12:05,4210.50,4210.80,4206.40,4206.60,619
2026-10-01 12:10,4206.40,4207.50,4205.80,4206.30,292
2026-10-01 12:15,4206.10,4209.80,4204.50,4207.90,675
2026-10-01 12:20,4208.10,4209.90,4204.60,4205.50,946
2026-10-01 12:25,4205.30,4209.70,4204.60,4209.50,608
2026-10-01 12:30,4209.20,4214.90,4207.80,4213.40,892
2026-10-01 12:35,4213.50,4215.10,4211.60,4214.30,623
2026-10-01 12:40,4214.00,4216.80,4211.40,4212.20,568
2026-10-01 12:45,4212.60,4217.80,4212.60,4214.30,1164
2026-10-01 12:50,4214.70,4215.50,4210.40,4212.30,443
2026-10-01 12:55,4212.30,4212.70,4208.60,4208.80,312
2026-10-01 13:00,4208.90,4211.80,4206.30,4206.40,766
2026-10-01 13:05,4206.40,4207.80,4204.60,4205.90,464
2026-10-01 13:10,4205.50,4206.30,4203.10,4203.20,502
2026-10-01 13:15,4203.00,4204.10,4199.60,4204.10,827
2026-10-01 13:20,4204.40,4204.70,4200.90,4201.10,340
2026-10-01 13:25,4201.40,4202.00,4197.10,4197.10,431
2026-10-01 13:30,4197.30,4202.40,4195.90,4198.00,1097
2026-10-01 13:35,4197.70,4198.40,4193.70,4193.70,732
2026-10-01 13:40,4193.60,4194.20,4188.80,4192.60,1055
2026-10-01 13:45,4192.70,4195.30,4191.40,4191.50,713
2026-10-01 13:50,4191.40,4195.40,4191.00,4193.20,537
2026-10-01 13:55,4193.20,4195.60,4190.00,4195.10,515
2026-10-01 14:00,4195.40,4196.30,4183.70,4183.90,2529
2026-10-01 14:05,4184.10,4192.00,4181.20,4190.60,2021
2026-10-01 14:10,4190.70,4190.80,4180.80,4183.60,938
2026-10-01 14:15,4183.40,4188.10,4183.30,4186.20,645
2026-10-01 14:20,4186.10,4191.30,4185.40,4190.30,589
2026-10-01 14:25,4190.40,4195.30,4187.70,4192.10,784
2026-10-01 14:30,4191.70,4198.50,4189.80,4196.40,1287
2026-10-01 14:35,4196.60,4204.80,4195.00,4203.40,1269
2026-10-01 14:40,4203.10,4204.20,4195.40,4196.10,782
2026-10-01 14:45,4196.30,4200.30,4193.40,4199.00,757
2026-10-01 14:50,4198.30,4199.70,4191.50,4193.70,650
2026-10-01 14:55,4193.50,4197.20,4189.30,4192.50,1169
2026-10-01 15:00,4192.30,4192.60,4182.50,4183.60,1068
2026-10-01 15:05,4184.10,4185.80,4181.50,4183.00,657
2026-10-01 15:10,4182.70,4186.70,4179.50,4185.90,1105
2026-10-01 15:15,4185.70,4193.80,4184.30,4193.50,1085
2026-10-01 15:20,4193.50,4197.50,4189.40,4192.60,1099
2026-10-01 15:25,4192.70,4198.50,4191.40,4196.50,942
2026-10-01 15:30,4196.10,4197.50,4184.50,4187.30,1568
2026-10-01 15:35,4187.20,4203.40,4184.90,4200.10,2061
2026-10-01 15:40,4200.50,4203.30,4193.60,4199.00,1162
2026-10-01 15:45,4199.00,4201.80,4194.90,4195.70,1075
2026-10-01 15:50,4195.40,4196.40,4189.80,4195.30,1025
2026-10-01 15:55,4195.50,4201.70,4194.30,4199.20,1020
2026-10-01 16:00,4199.10,4202.40,4198.00,4201.40,539
2026-10-01 16:05,4201.20,4206.60,4199.90,4204.20,850
2026-10-01 16:10,4205.00,4206.20,4199.20,4199.50,570
2026-10-01 16:15,4199.30,4201.80,4197.50,4197.90,803
2026-10-01 16:20,4198.00,4199.50,4195.40,4199.30,521
2026-10-01 16:25,4198.90,4199.80,4193.90,4197.00,374
2026-10-01 16:30,4197.60,4200.50,4196.90,4199.60,333
2026-10-01 16:35,4199.70,4199.90,4194.00,4195.40,440
2026-10-01 16:40,4195.80,4196.40,4192.30,4195.60,457
2026-10-01 16:45,4195.40,4197.40,4193.70,4194.30,232
2026-10-01 16:50,4194.60,4194.80,4190.00,4192.50,547
2026-10-01 16:55,4192.30,4192.70,4189.50,4192.20,343
2026-10-01 17:00,4192.20,4198.40,4191.60,4198.40,556
2026-10-01 17:05,4198.10,4202.70,4198.00,4201.80,591
2026-10-01 17:10,4201.70,4203.50,4200.60,4201.40,460
2026-10-01 17:15,4201.50,4204.30,4200.10,4201.90,592
2026-10-01 17:20,4201.90,4207.60,4201.80,4206.80,1124
2026-10-01 17:25,4206.80,4207.60,4200.90,4203.10,1724
2026-10-01 17:30,4202.90,4217.60,4202.80,4206.10,4787
2026-10-01 17:35,4206.00,4210.10,4203.70,4208.20,832
2026-10-01 17:40,4208.20,4209.00,4205.20,4207.50,664
2026-10-01 17:45,4207.70,4210.40,4206.70,4208.00,897
2026-10-01 17:50,4208.00,4208.10,4199.90,4200.00,1260
2026-10-01 17:55,4200.50,4205.10,4197.30,4201.00,1319
2026-10-01 18:00,4200.90,4203.70,4196.10,4196.80,1039
2026-10-01 18:05,4196.70,4199.20,4193.90,4198.80,647
2026-10-01 18:10,4198.70,4205.60,4198.40,4201.60,579
2026-10-01 18:15,4201.60,4205.10,4200.90,4202.50,467
2026-10-01 18:20,4202.40,4211.70,4201.40,4208.10,1042
2026-10-01 18:25,4207.80,4207.80,4202.90,4204.50,633
2026-10-01 18:30,4204.80,4213.30,4202.50,4211.70,475
2026-10-01 18:35,4211.40,4213.10,4207.50,4207.60,563
2026-10-01 18:40,4208.20,4209.90,4207.60,4209.50,238
2026-10-01 18:45,4209.00,4209.80,4208.00,4208.50,87
2026-10-01 18:50,4207.90,4208.30,4206.50,4207.30,148
2026-10-01 18:55,4207.00,4208.70,4205.90,4207.80,228
2026-10-01 19:00,4207.20,4208.60,4205.30,4206.30,290
2026-10-01 19:05,4206.40,4206.90,4204.30,4206.30,225
2026-10-01 19:10,4206.40,4208.00,4205.70,4207.50,159
2026-10-01 19:15,4207.40,4209.40,4206.70,4209.10,262
2026-10-01 19:20,4208.90,4210.80,4208.30,4208.40,256
2026-10-01 19:25,4208.30,4208.40,4206.00,4207.20,220
2026-10-01 19:30,4207.40,4209.60,4206.70,4207.60,285
2026-10-01 19:35,4207.60,4207.80,4205.30,4205.70,268
2026-10-01 19:40,4205.60,4207.90,4204.60,4206.90,210
2026-10-01 19:45,4207.00,4207.10,4204.70,4205.20,103
2026-10-01 19:50,4205.20,4210.80,4205.20,4207.10,483
2026-10-01 19:55,4206.80,4207.40,4205.80,4207.00,310
2026-10-01 20:00,4207.10,4210.50,4206.40,4207.40,292
2026-10-01 20:05,4207.60,4208.20,4206.30,4207.30,114
2026-10-01 20:10,4207.00,4208.40,4206.70,4208.00,43
2026-10-01 20:15,4208.10,4209.70,4207.40,4208.30,122
2026-10-01 20:20,4208.50,4208.90,4208.10,4208.30,27
2026-10-01 20:25,4208.20,4208.20,4205.20,4205.90,111
2026-10-01 20:30,4205.70,4206.20,4204.80,4204.80,60
2026-10-01 20:35,4205.00,4205.00,4203.80,4204.20,71
2026-10-01 20:40,4204.00,4204.90,4203.40,4204.30,135
2026-10-01 20:45,4204.40,4207.40,4204.20,4206.80,157
2026-10-01 20:50,4207.30,4209.10,4206.70,4207.20,209
2026-10-01 20:55,4207.20,4207.90,4206.50,4207.80,146
2026-10-01 22:00,4204.60,4207.20,4203.50,4204.80,0
2026-10-01 22:05,4204.90,4206.10,4203.90,4204.40,101
2026-10-01 22:10,4204.40,4204.60,4202.10,4202.70,124
2026-10-01 22:15,4202.70,4202.90,4201.40,4201.70,81
2026-10-01 22:20,4201.70,4202.40,4201.10,4201.80,74
2026-10-01 22:25,4202.20,4202.90,4201.30,4201.50,111
2026-10-01 22:30,4201.60,4205.10,4201.30,4204.90,107
2026-10-01 22:35,4205.30,4205.90,4204.60,4205.20,87
2026-10-01 22:40,4205.20,4205.80,4204.80,4205.60,62
2026-10-01 22:45,4205.50,4206.40,4205.30,4205.30,47
2026-10-01 22:50,4205.40,4206.30,4204.90,4206.30,59
2026-10-01 22:55,4206.20,4208.60,4205.90,4208.30,94
2026-10-01 23:00,4208.50,4209.30,4207.70,4208.90,69
2026-10-01 23:05,4208.50,4208.50,4207.10,4208.00,71
2026-10-01 23:10,4208.20,4210.30,4208.20,4209.50,162
2026-10-01 23:15,4209.70,4212.00,4209.30,4211.80,130
2026-10-01 23:20,4211.60,4212.40,4209.70,4210.10,143
2026-10-01 23:25,4210.10,4210.80,4209.10,4210.80,119
2026-10-01 23:30,4210.80,4212.00,4209.80,4211.90,81
2026-10-01 23:35,4211.70,4212.60,4208.60,4208.60,115
2026-10-01 23:40,4208.50,4208.70,4206.70,4208.70,164
2026-10-01 23:45,4208.90,4211.50,4207.70,4211.50,137
2026-10-01 23:50,4211.80,4213.30,4211.70,4212.00,137
2026-10-01 23:55,4212.10,4212.70,4211.50,4211.50,100
2026-10-02 00:00,4211.40,4212.00,4207.00,4207.00,194
2026-10-02 00:05,4206.70,4207.00,4204.60,4204.90,179
2026-10-02 00:10,4204.70,4205.80,4198.60,4199.30,504
2026-10-02 00:15,4199.50,4201.00,4197.50,4199.30,294
2026-10-02 00:20,4199.00,4199.70,4195.30,4196.20,236
2026-10-02 00:25,4196.60,4196.60,4193.30,4194.30,519
2026-10-02 00:30,4193.50,4196.30,4189.30,4193.30,697
2026-10-02 00:35,4192.40,4193.80,4188.90,4190.80,242
2026-10-02 00:40,4190.50,4191.10,4188.30,4188.80,293
2026-10-02 00:45,4188.60,4191.10,4186.80,4189.30,369
2026-10-02 00:50,4188.90,4190.00,4187.00,4189.10,476
2026-10-02 00:55,4189.10,4189.50,4182.30,4182.70,355
2026-10-02 01:00,4182.50,4184.20,4177.20,4177.30,838
2026-10-02 01:05,4177.10,4178.40,4167.40,4169.70,1607
2026-10-02 01:10,4169.10,4170.40,4162.90,4170.40,1089
2026-10-02 01:15,4170.30,4174.30,4168.70,4173.50,687
2026-10-02 01:20,4173.40,4176.80,4171.80,4176.40,478
2026-10-02 01:25,4176.30,4179.50,4174.40,4179.10,421
2026-10-02 01:30,4178.80,4179.20,4174.60,4176.20,398
2026-10-02 01:35,4176.20,4180.00,4175.40,4178.90,334
2026-10-02 01:40,4178.50,4181.00,4175.70,4178.30,424
2026-10-02 01:45,4178.50,4179.50,4175.20,4177.30,271
2026-10-02 01:50,4177.50,4178.70,4174.70,4176.80,310
2026-10-02 01:55,4176.90,4181.40,4173.80,4180.60,277
2026-10-02 02:00,4180.40,4184.20,4176.30,4184.10,469
2026-10-02 02:05,4184.10,4186.40,4182.00,4184.90,349
2026-10-02 02:10,4185.00,4186.10,4181.70,4183.10,222
2026-10-02 02:15,4182.30,4189.40,4182.30,4188.10,328
2026-10-02 02:20,4187.60,4187.90,4184.20,4185.40,170
2026-10-02 02:25,4185.30,4191.40,4185.20,4189.20,312
2026-10-02 02:30,4189.40,4190.80,4184.90,4184.90,320
2026-10-02 02:35,4184.80,4187.60,4184.80,4186.20,176
2026-10-02 02:40,4185.70,4187.40,4184.50,4185.50,158
2026-10-02 02:45,4185.70,4191.50,4184.90,4191.20,280
2026-10-02 02:50,4191.40,4192.50,4189.00,4190.40,212
2026-10-02 02:55,4190.70,4195.70,4188.30,4195.00,385
2026-10-02 03:00,4195.30,4202.40,4194.20,4202.30,893
2026-10-02 03:05,4202.30,4202.70,4197.50,4198.40,326
2026-10-02 03:10,4198.60,4201.50,4198.20,4201.30,297
2026-10-02 03:15,4200.80,4202.00,4199.40,4200.70,212
2026-10-02 03:20,4200.70,4203.20,4200.70,4202.20,215
2026-10-02 03:25,4202.60,4205.10,4201.60,4202.60,229
2026-10-02 03:30,4202.50,4207.00,4201.50,4204.50,461
2026-10-02 03:35,4205.00,4205.50,4202.40,4203.40,141
2026-10-02 03:40,4203.40,4204.50,4202.70,4203.60,98
2026-10-02 03:45,4203.60,4203.60,4201.20,4202.00,212
2026-10-02 03:50,4202.00,4204.10,4201.50,4204.10,166
2026-10-02 03:55,4203.90,4207.90,4203.90,4205.50,230
2026-10-02 04:00,4207.60,4214.80,4207.20,4213.40,1007
2026-10-02 04:05,4213.40,4215.50,4211.70,4212.80,490
2026-10-02 04:10,4213.20,4218.40,4212.40,4213.90,556
2026-10-02 04:15,4214.00,4216.70,4213.70,4214.30,285
2026-10-02 04:20,4214.30,4218.20,4213.80,4217.90,235
2026-10-02 04:25,4217.90,4218.80,4216.20,4218.00,167
2026-10-02 04:30,4218.30,4221.00,4216.10,4216.10,525
2026-10-02 04:35,4216.20,4217.10,4211.90,4211.90,336
2026-10-02 04:40,4212.10,4213.00,4211.70,4212.30,148
2026-10-02 04:45,4212.40,4213.30,4211.40,4213.20,156
2026-10-02 04:50,4213.20,4213.20,4211.20,4212.10,96
2026-10-02 04:55,4212.00,4215.00,4211.20,4214.80,124
2026-10-02 05:00,4214.50,4216.10,4213.90,4215.20,244
2026-10-02 05:05,4214.90,4218.80,4214.20,4216.60,187
2026-10-02 05:10,4216.90,4222.30,4216.90,4217.70,425
2026-10-02 05:15,4217.70,4219.60,4216.40,4219.60,138
2026-10-02 05:20,4219.70,4219.70,4217.20,4217.30,121
2026-10-02 05:25,4217.40,4218.20,4216.20,4217.30,143
2026-10-02 05:30,4217.40,4218.40,4215.50,4217.00,258
2026-10-02 05:35,4217.00,4220.20,4216.60,4218.30,312
2026-10-02 05:40,4218.10,4220.50,4217.00,4217.20,240
2026-10-02 05:45,4217.60,4217.80,4213.70,4214.50,184
2026-10-02 05:50,4214.80,4215.40,4212.80,4213.90,212
2026-10-02 05:55,4214.00,4217.10,4213.60,4216.00,142
2026-10-02 06:00,4216.10,4224.80,4215.80,4224.20,1096
2026-10-02 06:05,4224.40,4226.80,4221.50,4223.30,647
2026-10-02 06:10,4223.40,4225.40,4221.90,4222.20,402
2026-10-02 06:15,4222.00,4222.20,4216.90,4218.00,364
2026-10-02 06:20,4218.30,4222.10,4217.60,4220.10,384
2026-10-02 06:25,4220.40,4221.70,4218.50,4219.20,257
2026-10-02 06:30,4219.40,4220.30,4215.00,4215.30,402
2026-10-02 06:35,4215.50,4217.90,4212.50,4213.60,537
2026-10-02 06:40,4213.80,4214.00,4209.50,4210.30,520
2026-10-02 06:45,4210.50,4211.20,4209.20,4210.10,296
2026-10-02 06:50,4210.10,4210.70,4207.90,4210.70,268
2026-10-02 06:55,4211.00,4213.20,4207.40,4211.00,386
2026-10-02 07:00,4210.80,4212.00,4209.80,4210.20,306
2026-10-02 07:05,4210.00,4212.20,4207.60,4210.00,275
2026-10-02 07:10,4210.50,4217.80,4210.50,4217.70,592
2026-10-02 07:15,4217.80,4219.30,4213.40,4213.90,462
2026-10-02 07:20,4214.20,4217.70,4214.20,4215.20,227
2026-10-02 07:25,4215.60,4218.70,4214.10,4215.20,328
2026-10-02 07:30,4215.50,4217.40,4214.80,4216.10,253
2026-10-02 07:35,4216.10,4216.50,4211.80,4213.20,381
2026-10-02 07:40,4213.10,4214.20,4211.40,4212.70,272
2026-10-02 07:45,4212.70,4213.30,4210.40,4213.10,205
2026-10-02 07:50,4213.10,4215.50,4212.80,4215.00,150
2026-10-02 07:55,4214.90,4222.00,4214.10,4217.30,893
2026-10-02 08:00,4217.00,4219.70,4214.30,4217.60,388
2026-10-02 08:05,4217.50,4226.60,4217.50,4224.10,721
2026-10-02 08:10,4224.00,4224.00,4217.80,4218.90,729
2026-10-02 08:15,4219.00,4219.70,4213.70,4215.70,778
2026-10-02 08:20,4215.90,4220.20,4213.40,4214.50,491
2026-10-02 08:25,4214.40,4215.70,4212.30,4215.70,302
2026-10-02 08:30,4215.30,4216.60,4211.00,4212.00,703
2026-10-02 08:35,4212.10,4215.10,4212.10,4213.70,413
2026-10-02 08:40,4214.00,4215.40,4210.30,4210.70,397
2026-10-02 08:45,4210.30,4211.30,4209.00,4211.30,575
2026-10-02 08:50,4211.60,4213.60,4211.50,4213.20,270
2026-10-02 08:55,4213.40,4216.40,4212.80,4214.10,315
2026-10-02 09:00,4214.40,4214.40,4210.70,4212.60,198
2026-10-02 09:05,4212.40,4213.10,4211.40,4213.10,116
2026-10-02 09:10,4213.10,4218.20,4213.10,4216.10,244
2026-10-02 09:15,4215.90,4217.90,4214.30,4215.70,353
2026-10-02 09:20,4216.00,4216.50,4213.50,4215.00,137
2026-10-02 09:25,4215.40,4217.50,4215.10,4216.50,208
2026-10-02 09:30,4216.40,4218.40,4214.70,4215.20,477
2026-10-02 09:35,4215.20,4215.20,4211.50,4213.60,271
2026-10-02 09:40,4213.50,4215.60,4213.40,4214.20,122
2026-10-02 09:45,4214.00,4215.40,4209.30,4212.30,852
2026-10-02 09:50,4213.30,4217.50,4212.60,4216.60,232
2026-10-02 09:55,4216.10,4216.90,4213.80,4214.00,326
2026-10-02 10:00,4213.90,4216.00,4211.30,4213.70,718
2026-10-02 10:05,4213.80,4213.80,4208.10,4208.10,384
2026-10-02 10:10,4208.00,4208.20,4199.50,4201.30,991
2026-10-02 10:15,4201.50,4203.00,4199.80,4200.50,360
2026-10-02 10:20,4200.10,4200.80,4195.40,4198.30,1048
2026-10-02 10:25,4198.30,4204.00,4198.10,4203.60,401
2026-10-02 10:30,4204.00,4207.90,4203.00,4207.70,443
2026-10-02 10:35,4207.90,4209.00,4206.40,4207.60,260
2026-10-02 10:40,4207.90,4212.50,4207.40,4211.40,274
2026-10-02 10:45,4211.50,4212.80,4209.30,4210.50,282
2026-10-02 10:50,4210.20,4212.00,4209.30,4210.50,222
2026-10-02 10:55,4210.50,4212.70,4209.50,4212.70,209
2026-10-02 11:00,4212.60,4215.10,4211.70,4214.30,766
2026-10-02 11:05,4214.90,4218.70,4213.90,4217.70,333
2026-10-02 11:10,4217.30,4217.90,4213.80,4217.80,233
2026-10-02 11:15,4217.70,4218.60,4213.60,4216.50,1533
2026-10-02 11:20,4216.80,4217.10,4213.60,4214.80,131
2026-10-02 11:25,4214.60,4216.00,4210.60,4211.00,328
2026-10-02 11:30,4210.90,4214.30,4209.00,4210.60,441
2026-10-02 11:35,4210.30,4212.10,4210.00,4211.60,67
2026-10-02 11:40,4211.70,4212.40,4208.40,4209.90,161
2026-10-02 11:45,4209.50,4209.70,4207.80,4209.30,180
2026-10-02 11:50,4209.40,4212.20,4206.90,4212.20,364
2026-10-02 11:55,4212.10,4215.40,4210.70,4211.60,315
2026-10-02 12:00,4211.50,4211.60,4207.70,4208.50,287
2026-10-02 12:05,4208.30,4212.00,4208.30,4208.70,481
2026-10-02 12:10,4209.00,4209.70,4204.40,4207.50,441
2026-10-02 12:15,4207.40,4212.50,4205.90,4210.40,588
2026-10-02 12:20,4210.10,4212.60,4207.10,4207.20,679
2026-10-02 12:25,4207.00,4216.30,4205.50,4216.10,658
2026-10-02 12:30,4216.90,4259.00,4216.50,4252.70,9084
2026-10-02 12:35,4252.70,4256.30,4245.10,4248.10,3329
2026-10-02 12:40,4248.10,4249.00,4236.10,4241.30,2713
2026-10-02 12:45,4241.50,4245.30,4237.60,4241.60,1349
2026-10-02 12:50,4241.50,4245.80,4234.10,4241.90,1948
2026-10-02 12:55,4241.90,4250.70,4238.40,4248.20,1942
2026-10-02 13:00,4248.40,4255.90,4246.30,4250.10,2736
2026-10-02 13:05,4249.90,4250.90,4234.00,4234.70,1949
2026-10-02 13:10,4234.40,4235.80,4225.00,4225.40,1776
2026-10-02 13:15,4225.30,4226.20,4219.80,4220.50,1822
2026-10-02 13:20,4220.30,4222.70,4213.20,4220.40,1961
2026-10-02 13:25,4219.70,4224.80,4218.80,4223.10,1259
2026-10-02 13:30,4223.00,4227.10,4218.00,4224.50,1803
2026-10-02 13:35,4224.40,4231.60,4221.40,4229.20,1642
2026-10-02 13:40,4229.30,4229.40,4212.50,4216.10,1543
2026-10-02 13:45,4215.60,4222.50,4214.40,4221.00,1181
2026-10-02 13:50,4220.80,4222.90,4211.60,4214.00,1488
2026-10-02 13:55,4214.10,4221.50,4207.70,4221.20,2561
2026-10-02 14:00,4220.70,4226.60,4211.90,4223.40,2327
2026-10-02 14:05,4223.80,4225.10,4212.40,4212.50,1565
2026-10-02 14:10,4212.20,4219.80,4209.10,4218.60,1163
2026-10-02 14:15,4218.60,4221.70,4214.60,4221.50,955
2026-10-02 14:20,4221.50,4222.90,4210.30,4212.70,1084
2026-10-02 14:25,4212.20,4212.70,4203.20,4203.40,1564
2026-10-02 14:30,4203.70,4205.50,4198.20,4205.40,2348
2026-10-02 14:35,4205.10,4208.30,4201.00,4204.20,1104
2026-10-02 14:40,4204.80,4210.80,4204.20,4205.60,817
2026-10-02 14:45,4205.20,4206.10,4199.70,4200.20,633
2026-10-02 14:50,4199.90,4200.20,4187.00,4187.00,2756
2026-10-02 14:55,4187.00,4189.20,4184.50,4188.30,1496
2026-10-02 15:00,4188.40,4189.40,4178.60,4180.80,2335
2026-10-02 15:05,4180.90,4183.10,4173.30,4176.20,2104
2026-10-02 15:10,4176.20,4178.00,4171.10,4174.30,1618
2026-10-02 15:15,4174.20,4175.70,4167.10,4171.80,2120
2026-10-02 15:20,4171.60,4174.20,4165.60,4166.10,1379
2026-10-02 15:25,4165.90,4173.80,4161.70,4171.30,2243
2026-10-02 15:30,4171.00,4176.40,4168.40,4175.30,1691
2026-10-02 15:35,4175.30,4176.20,4167.50,4167.70,1243
2026-10-02 15:40,4167.70,4169.90,4163.00,4163.60,977
2026-10-02 15:45,4163.40,4167.30,4160.30,4164.10,1587
2026-10-02 15:50,4163.90,4165.80,4157.40,4159.20,1271
2026-10-02 15:55,4159.00,4160.50,4153.80,4156.10,1130
2026-10-02 16:00,4156.20,4160.50,4154.60,4159.50,1463
2026-10-02 16:05,4158.80,4164.50,4156.30,4163.50,1010
2026-10-02 16:10,4163.40,4165.60,4160.90,4163.80,794
2026-10-02 16:15,4163.40,4168.00,4162.70,4166.50,650
2026-10-02 16:20,4166.30,4170.00,4163.70,4164.70,1079
2026-10-02 16:25,4164.30,4166.60,4162.30,4165.30,705
2026-10-02 16:30,4165.20,4168.80,4164.90,4167.80,510
2026-10-02 16:35,4167.80,4170.50,4166.60,4169.10,444
2026-10-02 16:40,4168.70,4169.10,4163.30,4164.80,374
2026-10-02 16:45,4164.30,4168.60,4164.30,4166.60,265
2026-10-02 16:50,4166.70,4169.00,4165.80,4167.60,237
2026-10-02 16:55,4167.80,4169.40,4166.30,4168.20,250
2026-10-02 17:00,4168.00,4172.50,4167.90,4170.90,745
2026-10-02 17:05,4171.00,4171.60,4166.60,4167.40,721
2026-10-02 17:10,4167.40,4168.50,4162.40,4165.30,458
2026-10-02 17:15,4165.30,4167.90,4163.80,4167.20,414
2026-10-02 17:20,4167.10,4168.20,4161.60,4162.40,697
2026-10-02 17:25,4162.40,4164.30,4158.90,4162.60,1411
2026-10-02 17:30,4162.40,4169.00,4161.30,4167.90,558
2026-10-02 17:35,4168.10,4168.20,4165.10,4165.60,347
2026-10-02 17:40,4165.40,4167.70,4164.60,4166.60,175
2026-10-02 17:45,4166.30,4167.70,4164.80,4167.60,151
2026-10-02 17:50,4167.60,4169.20,4164.20,4169.20,526
2026-10-02 17:55,4169.10,4169.50,4162.00,4166.50,594
2026-10-02 18:00,4166.70,4168.10,4164.30,4167.40,241
2026-10-02 18:05,4167.40,4168.20,4166.50,4167.90,120
2026-10-02 18:10,4167.50,4170.10,4166.50,4169.20,367
2026-10-02 18:15,4168.90,4168.90,4165.10,4166.50,217
2026-10-02 18:20,4166.70,4168.00,4165.70,4166.10,191
2026-10-02 18:25,4166.30,4169.70,4166.10,4168.90,482
2026-10-02 18:30,4169.10,4169.20,4166.80,4168.30,184
2026-10-02 18:35,4168.40,4170.70,4167.70,4169.30,325
2026-10-02 18:40,4168.90,4172.00,4167.80,4171.40,252
2026-10-02 18:45,4171.50,4172.40,4170.40,4172.10,150
2026-10-02 18:50,4171.90,4172.80,4170.90,4171.90,176
2026-10-02 18:55,4171.70,4175.70,4171.10,4175.40,265
2026-10-02 19:00,4175.70,4177.00,4172.80,4174.30,463
2026-10-02 19:05,4174.40,4175.80,4173.40,4175.00,111
2026-10-02 19:10,4174.80,4178.40,4174.80,4178.00,651
2026-10-02 19:15,4177.90,4178.20,4173.60,4175.60,448
2026-10-02 19:20,4175.80,4178.00,4175.40,4177.00,192
2026-10-02 19:25,4177.00,4178.00,4176.10,4177.40,211
2026-10-02 19:30,4177.30,4178.90,4176.60,4177.90,395
2026-10-02 19:35,4177.60,4178.80,4175.40,4175.70,236
2026-10-02 19:40,4175.80,4176.10,4171.90,4171.90,359
2026-10-02 19:45,4171.50,4173.00,4169.60,4170.10,521
2026-10-02 19:50,4170.60,4172.30,4169.40,4171.60,266
2026-10-02 19:55,4171.70,4176.90,4171.40,4176.60,558
2026-10-02 20:00,4176.80,4177.70,4172.80,4173.30,497
2026-10-02 20:05,4173.10,4173.40,4170.90,4172.20,144
2026-10-02 20:10,4172.40,4172.60,4169.00,4172.10,298
2026-10-02 20:15,4171.90,4173.30,4170.80,4172.10,141
2026-10-02 20:20,4172.10,4173.40,4171.30,4173.00,62
2026-10-02 20:25,4173.00,4173.20,4171.30,4172.00,105
2026-10-02 20:30,4172.00,4172.00,4170.10,4170.30,139
2026-10-02 20:35,4170.40,4170.60,4167.40,4167.70,233
2026-10-02 20:40,4167.60,4168.50,4167.00,4167.10,143
2026-10-02 20:45,4167.00,4167.40,4164.90,4166.60,219
2026-10-02 20:50,4166.20,4168.30,4165.60,4168.00,183
2026-10-02 20:55,4168.30,4172.10,4162.30,4162.30,396
2026-10-04 22:10,4171.10,4171.70,4169.00,4169.00,260
2026-10-04 22:15,4169.10,4170.40,4167.00,4168.00,255
2026-10-04 22:20,4168.10,4168.50,4167.30,4167.30,136
2026-10-04 22:25,4168.20,4169.70,4166.80,4169.20,146
2026-10-04 22:30,4169.20,4171.60,4168.90,4171.40,320
2026-10-04 22:35,4171.40,4171.70,4170.50,4170.60,160
2026-10-04 22:40,4171.00,4171.40,4169.90,4171.40,71
2026-10-04 22:45,4171.40,4176.20,4171.40,4176.10,331
2026-10-04 22:50,4175.90,4176.50,4175.20,4175.80,113
2026-10-04 22:55,4175.90,4176.60,4175.50,4176.00,71
2026-10-04 23:00,4175.70,4175.90,4172.30,4172.80,159
2026-10-04 23:05,4173.00,4173.40,4172.20,4172.70,58
2026-10-04 23:10,4172.50,4174.20,4170.50,4173.30,93
2026-10-04 23:15,4173.30,4174.60,4171.70,4174.50,75
2026-10-04 23:20,4174.50,4174.50,4172.70,4173.40,67
2026-10-04 23:25,4173.50,4174.20,4172.90,4174.10,86
2026-10-04 23:30,4174.10,4174.10,4172.00,4172.90,71
2026-10-04 23:35,4172.70,4173.80,4172.50,4173.20,37
2026-10-04 23:40,4173.20,4174.00,4172.50,4172.60,29
2026-10-04 23:45,4172.00,4172.00,4168.60,4169.50,161
2026-10-04 23:50,4169.50,4170.60,4169.00,4170.00,33
2026-10-04 23:55,4169.60,4171.60,4169.10,4171.60,46
2026-10-05 00:00,4170.80,4178.70,4170.80,4178.60,330
2026-10-05 00:05,4178.60,4178.70,4176.20,4177.40,189
2026-10-05 00:10,4176.90,4181.40,4176.00,4177.00,217
2026-10-05 00:15,4177.30,4181.60,4176.00,4179.80,264
2026-10-05 00:20,4179.60,4185.90,4179.60,4185.30,372
2026-10-05 00:25,4185.10,4186.40,4182.50,4183.70,466
2026-10-05 00:30,4183.80,4184.10,4180.80,4181.20,231
2026-10-05 00:35,4181.10,4182.10,4180.10,4181.90,168
2026-10-05 00:40,4181.60,4181.60,4179.60,4181.30,104
2026-10-05 00:45,4181.20,4184.60,4180.60,4184.00,153
2026-10-05 00:50,4184.00,4184.60,4182.60,4183.40,101
2026-10-05 00:55,4183.60,4185.30,4182.20,4185.00,172
2026-10-05 01:00,4184.90,4188.00,4181.80,4187.70,338
2026-10-05 01:05,4188.00,4190.00,4185.40,4185.60,297
2026-10-05 01:10,4185.30,4186.60,4184.40,4186.20,133
2026-10-05 01:15,4186.00,4187.70,4184.80,4186.60,133
2026-10-05 01:20,4186.20,4186.20,4180.60,4183.60,353
2026-10-05 01:25,4184.10,4185.80,4182.80,4184.40,196
2026-10-05 01:30,4184.30,4185.40,4181.60,4182.50,189
2026-10-05 01:35,4182.20,4182.90,4180.80,4182.70,121
2026-10-05 01:40,4182.80,4183.20,4180.20,4180.50,180
2026-10-05 01:45,4180.70,4186.80,4180.00,4186.50,254
2026-10-05 01:50,4186.50,4188.60,4186.40,4187.40,183
2026-10-05 01:55,4187.20,4189.80,4186.80,4188.10,181
2026-10-05 02:00,4188.30,4189.40,4186.60,4188.20,276
2026-10-05 02:05,4187.80,4191.00,4187.40,4188.50,298
2026-10-05 02:10,4188.50,4190.20,4185.90,4188.00,244
2026-10-05 02:15,4187.90,4188.50,4185.20,4186.40,407
2026-10-05 02:20,4186.50,4188.90,4183.70,4188.20,275
2026-10-05 02:25,4188.60,4190.40,4186.70,4186.70,157
2026-10-05 02:30,4186.90,4187.10,4182.20,4182.20,160
2026-10-05 02:35,4182.10,4183.10,4180.90,4182.00,256
2026-10-05 02:40,4182.30,4182.70,4180.20,4181.20,177
2026-10-05 02:45,4181.40,4183.10,4174.60,4174.90,554
2026-10-05 02:50,4174.90,4175.60,4171.60,4171.80,537
2026-10-05 02:55,4171.90,4172.00,4167.30,4170.30,1014
2026-10-05 03:00,4170.40,4172.70,4168.50,4170.60,517
2026-10-05 03:05,4170.10,4170.70,4164.00,4165.00,885
2026-10-05 03:10,4164.90,4166.40,4164.50,4165.40,683
2026-10-05 03:15,4165.70,4169.20,4164.20,4169.00,423
2026-10-05 03:20,4169.20,4169.90,4166.80,4167.70,380
2026-10-05 03:25,4167.60,4171.80,4167.60,4170.90,174
2026-10-05 03:30,4171.00,4174.00,4169.90,4172.80,388
2026-10-05 03:35,4172.10,4172.40,4170.50,4172.20,124
2026-10-05 03:40,4172.50,4173.40,4169.50,4171.30,183
2026-10-05 03:45,4171.40,4174.40,4171.10,4172.40,250
2026-10-05 03:50,4172.50,4173.90,4171.60,4172.00,110
2026-10-05 03:55,4172.20,4173.70,4171.30,4172.00,85
2026-10-05 04:00,4171.20,4171.30,4167.50,4167.50,242
2026-10-05 04:05,4167.70,4168.90,4166.20,4167.30,161
2026-10-05 04:10,4167.30,4167.30,4162.60,4162.70,251
2026-10-05 04:15,4162.60,4163.40,4158.20,4161.10,611
2026-10-05 04:20,4160.70,4161.10,4157.70,4159.70,345
2026-10-05 04:25,4159.80,4160.90,4152.30,4153.90,606
2026-10-05 04:30,4154.00,4157.20,4153.30,4157.20,432
2026-10-05 04:35,4157.00,4159.60,4155.00,4159.20,309
2026-10-05 04:40,4159.70,4161.60,4159.00,4161.10,235
2026-10-05 04:45,4161.00,4162.50,4160.80,4161.50,280
2026-10-05 04:50,4161.90,4162.10,4159.30,4159.80,191
2026-10-05 04:55,4160.00,4160.00,4157.60,4158.80,129
2026-10-05 05:00,4159.00,4160.60,4158.30,4159.00,136
2026-10-05 05:05,4159.80,4164.70,4159.70,4164.00,215
2026-10-05 05:10,4164.10,4167.90,4163.20,4166.40,459
2026-10-05 05:15,4166.30,4167.00,4164.20,4166.20,257
2026-10-05 05:20,4166.50,4168.10,4163.40,4165.30,352
2026-10-05 05:25,4165.40,4166.50,4164.40,4165.00,247
2026-10-05 05:30,4164.60,4164.70,4161.00,4162.10,283
2026-10-05 05:35,4161.60,4165.80,4160.80,4164.50,220
2026-10-05 05:40,4164.30,4168.60,4162.80,4168.20,130
2026-10-05 05:45,4168.10,4168.30,4165.30,4165.90,241
2026-10-05 05:50,4165.90,4166.60,4160.00,4160.60,230
2026-10-05 05:55,4160.20,4162.80,4157.60,4162.40,396
2026-10-05 06:00,4162.10,4172.40,4161.70,4169.70,819
2026-10-05 06:05,4169.50,4175.30,4169.20,4174.00,563
2026-10-05 06:10,4174.30,4181.50,4173.40,4179.40,599
2026-10-05 06:15,4179.50,4182.00,4178.90,4179.20,702
2026-10-05 06:20,4179.70,4183.20,4174.60,4182.00,903
2026-10-05 06:25,4182.30,4184.10,4181.10,4183.10,498
2026-10-05 06:30,4182.60,4183.50,4177.80,4178.50,499
2026-10-05 06:35,4178.30,4180.80,4176.90,4178.40,312
2026-10-05 06:40,4177.90,4181.40,4177.50,4180.80,199
2026-10-05 06:45,4180.70,4180.90,4177.10,4177.20,205
2026-10-05 06:50,4177.40,4180.60,4176.10,4178.50,323
2026-10-05 06:55,4178.50,4183.90,4178.10,4183.70,285
2026-10-05 07:00,4183.70,4184.30,4177.90,4180.70,395
2026-10-05 07:05,4180.80,4187.30,4180.50,4184.00,578
2026-10-05 07:10,4184.10,4185.20,4181.60,4184.10,248
2026-10-05 07:15,4184.40,4185.20,4182.20,4182.50,235
2026-10-05 07:20,4182.70,4183.50,4179.80,4180.70,279
2026-10-05 07:25,4180.80,4183.00,4179.00,4181.10,316
2026-10-05 07:30,4181.70,4183.40,4179.70,4181.50,215
2026-10-05 07:35,4181.20,4184.00,4180.80,4183.00,193
2026-10-05 07:40,4183.40,4187.70,4183.40,4187.60,360
2026-10-05 07:45,4187.60,4194.90,4186.00,4186.80,1670
2026-10-05 07:50,4186.70,4192.60,4186.20,4189.70,494
2026-10-05 07:55,4189.50,4191.00,4188.70,4188.70,244
2026-10-05 08:00,4189.00,4193.30,4187.50,4191.90,596
2026-10-05 08:05,4192.20,4194.50,4190.30,4193.70,535
2026-10-05 08:10,4193.90,4197.90,4192.90,4196.90,850
2026-10-05 08:15,4196.80,4198.90,4195.50,4196.50,574
2026-10-05 08:20,4196.90,4197.50,4194.20,4196.20,393
2026-10-05 08:25,4195.90,4198.70,4194.10,4194.40,514
2026-10-05 08:30,4194.60,4196.20,4191.50,4191.70,624
2026-10-05 08:35,4191.80,4195.00,4190.40,4193.40,726
2026-10-05 08:40,4193.90,4194.70,4190.00,4191.00,567
2026-10-05 08:45,4190.80,4198.60,4188.40,4197.60,1254
2026-10-05 08:50,4197.30,4197.80,4192.60,4192.60,410
2026-10-05 08:55,4192.60,4196.70,4192.20,4195.70,291
2026-10-05 09:00,4195.50,4197.40,4194.20,4196.90,268
2026-10-05 09:05,4196.80,4198.10,4196.00,4196.20,255
2026-10-05 09:10,4196.00,4196.50,4195.00,4195.40,103
2026-10-05 09:15,4195.50,4198.20,4194.00,4197.00,642
2026-10-05 09:20,4197.20,4198.70,4195.40,4196.50,429
2026-10-05 09:25,4196.40,4196.50,4194.40,4194.50,187
2026-10-05 09:30,4194.40,4195.20,4190.20,4190.50,1032
2026-10-05 09:35,4190.40,4190.80,4189.00,4189.90,365
2026-10-05 09:40,4189.60,4190.00,4187.90,4187.90,300
2026-10-05 09:45,4188.20,4188.20,4184.90,4187.20,418
2026-10-05 09:50,4187.50,4188.40,4186.50,4187.00,496
2026-10-05 09:55,4187.00,4188.40,4186.50,4187.20,141
2026-10-05 10:00,4187.20,4188.00,4186.00,4186.80,196
2026-10-05 10:05,4186.50,4188.00,4185.20,4186.50,278
2026-10-05 10:10,4186.20,4187.90,4185.00,4187.50,228
2026-10-05 10:15,4187.40,4187.40,4184.40,4185.20,193
2026-10-05 10:20,4185.30,4187.50,4184.80,4187.10,203
2026-10-05 10:25,4187.10,4188.10,4185.90,4186.50,276
2026-10-05 10:30,4186.40,4187.90,4186.30,4187.00,71
2026-10-05 10:35,4187.10,4187.50,4185.90,4186.80,85
2026-10-05 10:40,4186.80,4187.50,4185.60,4185.60,93
2026-10-05 10:45,4185.70,4187.40,4185.30,4187.30,87
2026-10-05 10:50,4187.20,4191.80,4186.70,4189.60,667
2026-10-05 10:55,4189.20,4194.00,4189.20,4190.50,542
2026-10-05 11:00,4190.80,4190.90,4187.40,4189.10,484
2026-10-05 11:05,4189.00,4190.20,4188.30,4189.50,119
2026-10-05 11:10,4188.90,4190.40,4188.10,4189.60,166
2026-10-05 11:15,4189.40,4191.80,4188.50,4189.70,375
2026-10-05 11:20,4189.80,4190.30,4187.90,4189.50,178
2026-10-05 11:25,4190.30,4195.60,4189.20,4195.60,1096
2026-10-05 11:30,4195.80,4197.10,4186.90,4188.30,660
2026-10-05 11:35,4188.90,4189.70,4186.90,4187.00,228
2026-10-05 11:40,4186.90,4187.50,4182.70,4182.80,406
2026-10-05 11:45,4182.70,4183.20,4180.60,4180.60,396
2026-10-05 11:50,4180.60,4182.30,4179.10,4180.80,418
2026-10-05 11:55,4180.80,4184.90,4180.60,4184.10,377
2026-10-05 12:00,4184.40,4186.30,4181.90,4185.50,527
2026-10-05 12:05,4185.20,4187.30,4184.30,4185.00,249
2026-10-05 12:10,4185.00,4186.90,4184.40,4185.20,396
2026-10-05 12:15,4185.20,4185.70,4182.10,4182.10,501
2026-10-05 12:20,4182.10,4185.70,4181.60,4185.50,685
2026-10-05 12:25,4185.80,4191.50,4185.40,4191.50,589
2026-10-05 12:30,4191.20,4193.60,4189.60,4192.10,647
2026-10-05 12:35,4192.50,4194.00,4189.70,4189.70,463
2026-10-05 12:40,4189.80,4190.60,4188.20,4189.00,713
2026-10-05 12:45,4189.00,4190.90,4184.20,4184.50,559
2026-10-05 12:50,4184.40,4188.20,4182.80,4184.20,614
2026-10-05 12:55,4183.90,4185.90,4182.60,4184.60,329
2026-10-05 13:00,4184.30,4186.10,4181.70,4181.70,453
2026-10-05 13:05,4181.70,4181.80,4174.80,4180.30,854
2026-10-05 13:10,4180.60,4181.50,4177.90,4180.10,579
2026-10-05 13:15,4180.00,4182.30,4179.20,4179.50,516
2026-10-05 13:20,4179.00,4181.60,4178.10,4181.20,616
2026-10-05 13:25,4181.10,4182.00,4179.30,4180.90,517
2026-10-05 13:30,4180.80,4182.00,4175.50,4177.30,877
2026-10-05 13:35,4177.00,4177.00,4170.00,4172.30,795
2026-10-05 13:40,4172.10,4172.40,4165.00,4165.90,1113
2026-10-05 13:45,4165.90,4167.10,4159.10,4166.70,1589
2026-10-05 13:50,4166.80,4172.80,4166.20,4167.90,1367
2026-10-05 13:55,4167.70,4167.90,4161.90,4163.40,798
2026-10-05 14:00,4163.00,4174.40,4162.90,4166.90,2111
2026-10-05 14:05,4166.70,4175.10,4166.40,4173.40,1605
2026-10-05 14:10,4173.40,4174.50,4168.20,4170.30,692
2026-10-05 14:15,4170.10,4170.80,4166.80,4167.20,575
2026-10-05 14:20,4167.00,4170.10,4166.80,4168.60,449
2026-10-05 14:25,4168.00,4170.10,4164.80,4165.20,778
2026-10-05 14:30,4165.20,4165.50,4160.00,4161.90,1058
2026-10-05 14:35,4161.80,4166.00,4161.20,4165.50,623
2026-10-05 14:40,4165.10,4170.40,4164.60,4168.70,807
2026-10-05 14:45,4168.60,4170.20,4165.00,4169.30,619
2026-10-05 14:50,4169.10,4175.40,4169.10,4174.40,766
2026-10-05 14:55,4174.30,4176.60,4171.70,4175.00,779
2026-10-05 15:00,4175.20,4176.50,4170.80,4172.00,692
2026-10-05 15:05,4171.70,4171.90,4168.70,4168.70,587
2026-10-05 15:10,4168.50,4169.60,4165.90,4166.30,384
2026-10-05 15:15,4166.10,4166.70,4162.60,4164.80,472
2026-10-05 15:20,4164.90,4165.20,4150.40,4160.60,3215
2026-10-05 15:25,4160.20,4168.90,4159.90,4167.20,1005
2026-10-05 15:30,4167.40,4167.80,4163.80,4165.70,417
2026-10-05 15:35,4166.00,4166.40,4164.00,4165.90,236
2026-10-05 15:40,4165.70,4166.90,4163.80,4164.60,376
2026-10-05 15:45,4164.30,4165.20,4161.80,4165.00,434
2026-10-05 15:50,4165.10,4166.50,4164.40,4165.50,432
2026-10-05 15:55,4165.80,4167.60,4164.20,4164.70,418
2026-10-05 16:00,4164.70,4164.80,4159.60,4160.40,369
2026-10-05 16:05,4160.10,4161.40,4159.10,4161.20,194
2026-10-05 16:10,4161.20,4161.60,4156.60,4157.50,379
2026-10-05 16:15,4157.40,4158.10,4154.60,4156.40,694
2026-10-05 16:20,4156.60,4157.70,4155.40,4156.70,340
2026-10-05 16:25,4156.60,4157.10,4153.60,4155.20,365
2026-10-05 16:30,4155.30,4157.80,4155.00,4156.30,526
2026-10-05 16:35,4156.40,4158.80,4156.00,4158.10,297
2026-10-05 16:40,4158.30,4159.30,4157.00,4158.90,220
2026-10-05 16:45,4158.80,4159.30,4156.30,4156.80,315
2026-10-05 16:50,4157.00,4160.50,4156.80,4159.80,311
2026-10-05 16:55,4159.70,4161.10,4157.90,4158.30,350
2026-10-05 17:00,4158.30,4160.00,4156.90,4158.10,312
2026-10-05 17:05,4158.20,4158.40,4154.40,4154.50,234
2026-10-05 17:10,4154.40,4156.20,4152.90,4156.10,521
2026-10-05 17:15,4155.90,4157.80,4153.50,4154.90,359
2026-10-05 17:20,4154.80,4158.70,4154.70,4158.20,487
2026-10-05 17:25,4158.30,4158.70,4155.80,4157.40,1146
2026-10-05 17:30,4157.40,4158.50,4155.50,4156.70,390
2026-10-05 17:35,4156.70,4157.70,4154.70,4156.90,224
2026-10-05 17:40,4157.20,4160.60,4156.90,4159.90,445
2026-10-05 17:45,4159.80,4161.60,4158.90,4161.60,247
2026-10-05 17:50,4161.60,4164.30,4161.60,4163.00,419
2026-10-05 17:55,4163.20,4164.60,4162.90,4164.20,121
2026-10-05 18:00,4164.40,4168.20,4164.40,4167.80,419
2026-10-05 18:05,4168.00,4169.40,4166.30,4166.50,435
2026-10-05 18:10,4166.70,4167.00,4163.00,4163.80,298
2026-10-05 18:15,4163.70,4164.60,4162.70,4162.70,142
2026-10-05 18:20,4162.90,4163.50,4161.10,4161.20,210
2026-10-05 18:25,4161.20,4166.10,4160.90,4164.50,550
2026-10-05 18:30,4164.60,4167.50,4163.10,4164.60,354
2026-10-05 18:35,4165.00,4166.00,4163.40,4164.50,120
2026-10-05 18:40,4164.10,4166.40,4164.00,4165.00,157
2026-10-05 18:45,4165.20,4167.80,4164.90,4167.40,191
2026-10-05 18:50,4167.30,4169.50,4166.80,4169.20,246
2026-10-05 18:55,4169.20,4170.50,4168.40,4170.40,294
2026-10-05 19:00,4170.60,4171.50,4169.40,4170.10,351
2026-10-05 19:05,4170.40,4170.60,4167.20,4167.70,258
2026-10-05 19:10,4167.80,4170.00,4167.70,4168.60,282
2026-10-05 19:15,4168.40,4169.30,4166.80,4168.00,274
2026-10-05 19:20,4167.90,4169.30,4167.80,4168.70,240
2026-10-05 19:25,4169.00,4170.70,4168.60,4169.90,351
2026-10-05 19:30,4169.60,4171.40,4169.10,4171.00,191
2026-10-05 19:35,4170.90,4171.40,4169.50,4170.50,182
2026-10-05 19:40,4170.80,4171.60,4169.60,4169.70,194
2026-10-05 19:45,4169.70,4170.00,4168.30,4168.80,179
2026-10-05 19:50,4168.80,4168.90,4166.60,4166.60,338
2026-10-05 19:55,4166.80,4168.70,4166.10,4168.30,330
2026-10-05 20:00,4168.40,4168.80,4165.00,4165.80,324
2026-10-05 20:05,4166.20,4167.10,4165.20,4166.30,164
2026-10-05 20:10,4166.10,4166.90,4165.90,4166.30,95
2026-10-05 20:15,4166.30,4167.00,4165.90,4166.40,206
2026-10-05 20:20,4166.40,4169.60,4166.20,4168.20,112
2026-10-05 20:25,4168.50,4169.10,4167.80,4168.60,137
2026-10-05 20:30,4168.40,4168.50,4166.60,4167.10,121
2026-10-05 20:35,4167.20,4167.40,4166.30,4166.80,75
2026-10-05 20:40,4166.90,4168.00,4166.90,4167.40,42
2026-10-05 20:45,4167.60,4170.70,4167.40,4170.00,157
2026-10-05 20:50,4169.90,4170.40,4168.50,4168.80,119
2026-10-05 20:55,4168.90,4169.70,4167.30,4167.30,156
2026-10-05 21:00,4167.60,4167.60,4167.60,4167.60,1
2026-10-05 22:00,4169.20,4172.00,4168.50,4170.40,0
2026-10-05 22:05,4170.80,4171.30,4169.50,4170.20,79
2026-10-05 22:10,4170.10,4170.10,4168.60,4169.60,94
2026-10-05 22:15,4169.90,4170.60,4169.30,4170.00,87
2026-10-05 22:20,4169.70,4170.50,4168.90,4170.10,118
2026-10-05 22:25,4170.20,4170.20,4169.30,4169.30,26
2026-10-05 22:30,4170.00,4171.20,4170.00,4171.00,50
2026-10-05 22:35,4170.90,4171.30,4170.50,4171.20,41
2026-10-05 22:40,4171.80,4172.50,4171.20,4171.20,45
2026-10-05 22:45,4171.10,4171.10,4168.50,4168.90,187
2026-10-05 22:50,4168.90,4168.90,4167.90,4168.50,47
2026-10-05 22:55,4168.20,4168.80,4167.60,4167.90,66
2026-10-05 23:00,4168.00,4169.00,4167.00,4167.70,97
2026-10-05 23:05,4167.60,4167.80,4165.70,4166.70,73
2026-10-05 23:10,4166.10,4166.20,4165.10,4165.50,80
2026-10-05 23:15,4165.40,4166.70,4164.70,4166.40,93
2026-10-05 23:20,4166.50,4167.70,4166.20,4167.70,92
2026-10-05 23:25,4167.50,4167.90,4166.70,4167.30,111
2026-10-05 23:30,4167.00,4167.60,4165.40,4166.90,67
2026-10-05 23:35,4167.20,4167.70,4165.10,4165.90,81
2026-10-05 23:40,4165.70,4166.00,4163.60,4164.20,77
2026-10-05 23:45,4163.80,4164.20,4161.90,4162.10,174
2026-10-05 23:50,4161.80,4162.20,4160.80,4162.20,129
2026-10-05 23:55,4162.10,4162.60,4160.60,4161.40,87
2026-10-06 00:00,4161.20,4164.80,4160.90,4161.90,352
2026-10-06 00:05,4161.90,4162.10,4160.10,4160.80,130
2026-10-06 00:10,4161.00,4163.50,4160.20,4163.30,123
2026-10-06 00:15,4163.40,4168.50,4162.60,4167.50,233
2026-10-06 00:20,4167.10,4168.70,4165.70,4167.70,134
2026-10-06 00:25,4168.00,4168.70,4167.00,4167.90,116
2026-10-06 00:30,4167.90,4172.30,4165.20,4168.20,848
2026-10-06 00:35,4168.50,4169.60,4163.00,4164.00,338
2026-10-06 00:40,4164.30,4165.50,4162.90,4165.30,115
2026-10-06 00:45,4165.50,4173.10,4165.50,4172.10,269
2026-10-06 00:50,4172.50,4174.10,4171.70,4173.40,178
2026-10-06 00:55,4173.60,4178.80,4171.50,4178.40,426
2026-10-06 01:00,4178.10,4179.60,4173.60,4175.20,438
2026-10-06 01:05,4175.00,4179.30,4174.10,4178.60,159
2026-10-06 01:10,4178.00,4179.50,4176.00,4176.80,153
2026-10-06 01:15,4176.70,4176.80,4168.30,4169.40,523
2026-10-06 01:20,4168.90,4169.70,4166.10,4166.70,280
2026-10-06 01:25,4166.70,4167.00,4162.70,4163.50,346
2026-10-06 01:30,4163.40,4165.40,4161.10,4162.90,311
2026-10-06 01:35,4162.80,4165.00,4160.80,4161.50,366
2026-10-06 01:40,4161.40,4161.40,4158.00,4160.30,465
2026-10-06 01:45,4160.20,4160.80,4157.90,4158.20,259
2026-10-06 01:50,4158.20,4160.60,4156.80,4156.90,236
2026-10-06 01:55,4156.80,4158.80,4156.00,4157.20,267
2026-10-06 02:00,4157.00,4158.00,4155.60,4155.60,173
2026-10-06 02:05,4155.20,4157.70,4155.10,4157.30,134
2026-10-06 02:10,4157.50,4158.00,4154.70,4157.50,274
2026-10-06 02:15,4157.40,4158.60,4155.80,4156.30,181
2026-10-06 02:20,4156.70,4157.60,4154.20,4155.50,316
2026-10-06 02:25,4155.10,4155.80,4153.40,4153.70,162
2026-10-06 02:30,4153.90,4155.30,4148.30,4149.60,1088
2026-10-06 02:35,4149.40,4153.30,4130.70,4149.40,4076
2026-10-06 02:40,4149.40,4150.80,4148.20,4148.60,255
2026-10-06 02:45,4148.70,4156.20,4148.00,4155.40,480
2026-10-06 02:50,4155.50,4166.20,4155.50,4163.80,986
2026-10-06 02:55,4163.70,4165.10,4156.20,4157.40,870
2026-10-06 03:00,4157.60,4160.10,4156.40,4159.50,471
2026-10-06 03:05,4159.60,4160.10,4156.10,4156.70,151
2026-10-06 03:10,4156.40,4157.40,4155.60,4155.70,112
2026-10-06 03:15,4155.50,4156.60,4153.80,4156.30,248
2026-10-06 03:20,4156.20,4158.10,4155.10,4156.40,312
2026-10-06 03:25,4156.50,4156.90,4153.20,4155.10,193
2026-10-06 03:30,4154.80,4154.80,4151.90,4152.00,209
2026-10-06 03:35,4152.00,4155.20,4151.80,4152.80,314
2026-10-06 03:40,4152.60,4160.80,4151.00,4158.90,411
2026-10-06 03:45,4158.60,4159.50,4155.10,4158.30,484
2026-10-06 03:50,4158.90,4159.00,4151.40,4151.90,305
2026-10-06 03:55,4151.80,4154.50,4151.80,4154.50,220
2026-10-06 04:00,4155.80,4157.50,4154.20,4157.30,124
2026-10-06 04:05,4157.30,4158.00,4156.20,4157.20,69
2026-10-06 04:10,4157.40,4157.40,4152.50,4153.00,130
2026-10-06 04:15,4152.80,4154.00,4152.60,4154.00,127
2026-10-06 04:20,4154.30,4155.40,4152.90,4153.90,126
2026-10-06 04:25,4154.10,4154.30,4152.70,4154.20,142
2026-10-06 04:30,4154.20,4155.00,4151.80,4152.50,163
2026-10-06 04:35,4152.60,4154.40,4150.40,4150.40,602
2026-10-06 04:40,4150.50,4150.80,4147.40,4148.30,415
2026-10-06 04:45,4148.10,4148.80,4147.00,4147.80,140
2026-10-06 04:50,4147.50,4151.20,4146.80,4150.80,355
2026-10-06 04:55,4150.60,4150.60,4147.90,4148.20,191
2026-10-06 05:00,4147.90,4151.40,4147.90,4150.20,241
2026-10-06 05:05,4150.10,4151.40,4148.20,4149.50,109
2026-10-06 05:10,4148.70,4149.60,4146.80,4148.90,116
2026-10-06 05:15,4148.40,4152.80,4148.10,4150.10,178
2026-10-06 05:20,4149.80,4151.10,4149.30,4150.40,78
2026-10-06 05:25,4150.40,4150.60,4146.60,4148.20,146
2026-10-06 05:30,4148.20,4151.00,4146.60,4150.50,161
2026-10-06 05:35,4150.60,4151.80,4148.40,4148.60,208
2026-10-06 05:40,4148.40,4149.50,4148.00,4148.60,174
2026-10-06 05:45,4148.60,4149.50,4148.00,4149.20,115
2026-10-06 05:50,4148.90,4149.70,4146.10,4146.70,324
2026-10-06 05:55,4146.80,4147.50,4143.30,4146.70,834
2026-10-06 06:00,4146.60,4147.50,4140.10,4143.70,1446
2026-10-06 06:05,4143.50,4147.40,4143.40,4147.40,460
2026-10-06 06:10,4147.30,4150.30,4145.80,4149.60,402
2026-10-06 06:15,4149.80,4155.90,4149.80,4155.30,727
2026-10-06 06:20,4155.30,4158.50,4153.90,4158.40,488
2026-10-06 06:25,4158.30,4161.90,4156.70,4161.10,555
2026-10-06 06:30,4161.30,4162.60,4158.00,4158.10,587
2026-10-06 06:35,4157.90,4160.00,4156.60,4159.10,494
2026-10-06 06:40,4158.80,4159.20,4157.30,4158.00,125
2026-10-06 06:45,4157.70,4162.10,4157.60,4159.60,441
2026-10-06 06:50,4160.10,4160.60,4157.10,4158.80,166
2026-10-06 06:55,4158.80,4160.40,4157.50,4158.90,396
2026-10-06 07:00,4159.00,4161.60,4156.80,4159.00,440
2026-10-06 07:05,4159.10,4161.70,4156.40,4158.20,278
2026-10-06 07:10,4158.20,4165.40,4155.50,4165.40,575
2026-10-06 07:15,4165.80,4170.60,4165.00,4166.10,873
2026-10-06 07:20,4166.30,4167.10,4164.30,4165.30,346
2026-10-06 07:25,4165.50,4166.20,4161.50,4162.00,245
2026-10-06 07:30,4162.00,4167.20,4160.00,4163.40,457
2026-10-06 07:35,4163.90,4165.50,4162.60,4164.20,469
2026-10-06 07:40,4164.30,4166.20,4163.50,4165.80,344
2026-10-06 07:45,4165.50,4169.20,4165.20,4166.50,327
2026-10-06 07:50,4166.80,4168.40,4164.50,4167.90,200
2026-10-06 07:55,4168.00,4169.00,4166.70,4167.50,148
2026-10-06 08:00,4167.50,4171.60,4167.20,4169.00,421
2026-10-06 08:05,4169.10,4170.70,4165.90,4168.50,503
2026-10-06 08:10,4168.20,4169.10,4165.20,4167.20,543
2026-10-06 08:15,4167.10,4171.70,4167.10,4169.00,571
2026-10-06 08:20,4169.30,4173.10,4168.50,4172.00,496
2026-10-06 08:25,4172.30,4175.00,4171.90,4173.50,392
2026-10-06 08:30,4173.40,4177.40,4172.60,4173.90,471
2026-10-06 08:35,4173.70,4178.30,4173.70,4175.90,351
2026-10-06 08:40,4175.60,4181.20,4175.00,4180.00,766
2026-10-06 08:45,4180.10,4181.60,4177.60,4178.20,536
2026-10-06 08:50,4178.10,4181.30,4178.00,4179.70,344
2026-10-06 08:55,4179.00,4182.90,4178.20,4182.80,451
2026-10-06 09:00,4182.60,4184.30,4180.60,4180.60,523
2026-10-06 09:05,4180.70,4181.20,4179.00,4179.60,351
2026-10-06 09:10,4179.60,4182.10,4177.20,4177.30,690
2026-10-06 09:15,4177.60,4183.70,4177.60,4183.10,269
2026-10-06 09:20,4183.20,4185.10,4182.40,4183.50,361
2026-10-06 09:25,4183.10,4184.60,4183.10,4184.10,153
2026-10-06 09:30,4183.90,4185.90,4182.50,4184.40,613
2026-10-06 09:35,4184.30,4184.30,4182.00,4182.70,252
2026-10-06 09:40,4182.60,4184.20,4181.20,4181.40,347
2026-10-06 09:45,4181.50,4181.80,4180.20,4181.30,308
2026-10-06 09:50,4181.80,4182.20,4179.00,4179.20,343
2026-10-06 09:55,4179.30,4180.60,4178.50,4180.20,266
2026-10-06 10:00,4179.90,4181.20,4179.50,4180.10,221
2026-10-06 10:05,4179.50,4180.50,4178.10,4178.40,189
2026-10-06 10:10,4178.90,4180.50,4178.30,4179.30,234
2026-10-06 10:15,4179.20,4179.70,4176.20,4178.50,342
2026-10-06 10:20,4178.60,4181.70,4178.30,4180.90,201
2026-10-06 10:25,4180.70,4182.50,4179.70,4181.80,322
2026-10-06 10:30,4182.00,4185.80,4181.80,4184.90,599
2026-10-06 10:35,4184.60,4186.70,4184.30,4185.20,310
2026-10-06 10:40,4185.10,4188.70,4185.00,4187.90,532
2026-10-06 10:45,4188.20,4188.40,4185.50,4187.40,298
2026-10-06 10:50,4187.60,4188.70,4186.80,4188.30,214
2026-10-06 10:55,4188.40,4188.40,4186.00,4186.10,150
2026-10-06 11:00,4186.50,4187.30,4185.00,4185.30,220
2026-10-06 11:05,4185.30,4185.30,4183.80,4184.40,137
2026-10-06 11:10,4184.30,4188.90,4183.90,4188.20,702
2026-10-06 11:15,4188.40,4193.00,4188.30,4191.90,1192
2026-10-06 11:20,4191.80,4194.00,4189.80,4190.80,905
2026-10-06 11:25,4190.50,4193.50,4190.50,4192.80,668
2026-10-06 11:30,4192.70,4197.50,4192.60,4196.30,1063
2026-10-06 11:35,4196.30,4200.20,4195.90,4198.00,1305
2026-10-06 11:40,4198.20,4200.50,4195.50,4199.90,568
2026-10-06 11:45,4200.10,4202.20,4198.00,4201.80,684
2026-10-06 11:50,4201.60,4202.80,4200.00,4201.20,562
2026-10-06 11:55,4201.30,4202.80,4199.80,4201.50,1012
2026-10-06 12:00,4201.70,4205.40,4201.20,4204.90,736
2026-10-06 12:05,4205.00,4206.00,4202.90,4204.00,740
2026-10-06 12:10,4204.20,4208.00,4203.40,4206.80,882
2026-10-06 12:15,4206.90,4207.00,4201.60,4204.10,849
2026-10-06 12:20,4204.30,4207.30,4202.60,4206.40,905
2026-10-06 12:25,4206.50,4207.50,4202.50,4203.80,732
2026-10-06 12:30,4203.80,4204.80,4198.00,4198.10,987
2026-10-06 12:35,4198.10,4203.90,4197.60,4202.60,839
2026-10-06 12:40,4202.60,4203.30,4198.80,4200.40,756
2026-10-06 12:45,4200.00,4201.00,4194.30,4195.00,624
2026-10-06 12:50,4195.30,4202.30,4193.50,4196.90,1156
2026-10-06 12:55,4196.70,4199.40,4195.40,4197.90,390
2026-10-06 13:00,4198.20,4199.50,4195.50,4195.80,689
2026-10-06 13:05,4196.00,4201.20,4196.00,4201.00,516
2026-10-06 13:10,4201.20,4202.50,4199.30,4200.10,527
2026-10-06 13:15,4200.00,4200.20,4190.90,4193.00,973
2026-10-06 13:20,4193.30,4194.90,4190.90,4192.70,443
2026-10-06 13:25,4192.40,4192.60,4188.70,4190.00,636
2026-10-06 13:28,4189.30,4189.30,4189.30,4189.30,0
