zeit_utc,open,high,low,close,volume
2024-07-23 11:00,2409.00,2413.50,2407.30,2408.90,10275
2024-07-23 12:00,2409.00,2410.70,2404.80,2406.80,15713
2024-07-23 13:00,2406.70,2409.10,2400.60,2403.20,21164
2024-07-23 14:00,2403.20,2408.80,2400.50,2404.10,18057
2024-07-23 15:00,2404.40,2408.40,2403.20,2406.50,13220
2024-07-23 16:00,2406.70,2408.00,2404.10,2406.50,5812
2024-07-23 17:00,2406.50,2409.00,2403.70,2406.00,10121
2024-07-23 18:00,2406.00,2407.50,2404.90,2406.80,2454
2024-07-23 19:00,2406.70,2410.20,2406.50,2408.50,3273
2024-07-23 20:00,2408.50,2411.00,2406.50,2410.60,2011
2024-07-23 22:00,2410.70,2410.90,2408.80,2410.20,0
2024-07-23 23:00,2410.00,2410.30,2408.70,2409.30,1090
2024-07-24 00:00,2409.40,2411.00,2408.70,2409.10,1558
2024-07-24 01:00,2409.20,2413.10,2405.70,2409.20,5047
2024-07-24 02:00,2409.00,2417.60,2408.30,2415.30,8176
2024-07-24 03:00,2415.50,2419.60,2414.80,2417.60,5557
2024-07-24 04:00,2417.60,2419.20,2415.70,2419.10,3723
2024-07-24 05:00,2419.00,2419.20,2414.00,2417.10,3256
2024-07-24 06:00,2417.00,2420.30,2415.00,2418.50,5456
2024-07-24 07:00,2418.40,2418.80,2412.60,2415.60,5917
2024-07-24 08:00,2415.60,2416.10,2411.50,2412.80,8264
2024-07-24 09:00,2412.90,2415.60,2410.60,2414.10,5416
2024-07-24 10:00,2414.20,2417.30,2412.80,2414.40,7410
2024-07-24 11:00,2414.50,2418.90,2411.50,2418.50,12209
2024-07-24 12:00,2418.50,2423.00,2417.10,2422.40,16873
2024-07-24 13:00,2422.40,2427.50,2414.40,2422.70,30140
2024-07-24 14:00,2422.60,2433.00,2419.90,2431.20,31144
2024-07-24 15:00,2431.20,2432.30,2423.10,2425.60,26004
2024-07-24 16:00,2425.60,2425.70,2419.10,2419.50,9927
2024-07-24 17:00,2419.40,2420.10,2408.40,2409.60,24662
2024-07-24 18:00,2409.50,2410.10,2406.20,2408.90,12165
2024-07-24 19:00,2408.80,2409.30,2398.70,2399.00,9733
2024-07-24 20:00,2399.10,2400.90,2397.00,2397.50,5624
2024-07-24 22:00,2398.10,2398.50,2392.80,2397.60,0
2024-07-24 23:00,2397.70,2400.80,2396.60,2398.80,2793
2024-07-25 00:00,2415.70,2415.70,2395.30,2396.60,4272
2024-07-25 01:00,2396.80,2399.60,2369.40,2375.40,23058
2024-07-25 02:00,2375.30,2379.70,2369.00,2371.70,11669
2024-07-25 03:00,2371.70,2374.40,2365.70,2373.80,7623
2024-07-25 04:00,2373.50,2377.50,2372.10,2376.90,5248
2024-07-25 05:00,2376.90,2377.30,2368.50,2375.60,6799
2024-07-25 06:00,2375.70,2378.10,2368.90,2371.20,10070
2024-07-25 07:00,2371.10,2376.80,2365.10,2373.60,15177
2024-07-25 08:00,2373.60,2377.50,2371.70,2374.40,9563
2024-07-25 09:00,2374.40,2375.90,2370.00,2373.20,6257
2024-07-25 10:00,2373.20,2382.20,2371.30,2380.80,13067
2024-07-25 11:00,2380.80,2381.30,2367.30,2367.80,12203
2024-07-25 12:00,2367.70,2377.00,2362.00,2370.50,33293
2024-07-25 13:00,2370.30,2376.00,2361.30,2364.20,23179
2024-07-25 14:00,2364.20,2367.80,2357.20,2366.10,22459
2024-07-25 15:00,2366.00,2367.20,2361.40,2362.50,12885
2024-07-25 16:00,2362.40,2363.90,2356.70,2361.90,15533
2024-07-25 17:00,2361.90,2364.70,2351.90,2355.30,24686
2024-07-25 18:00,2355.40,2359.50,2353.40,2356.40,6828
2024-07-25 19:00,2356.30,2363.10,2355.30,2361.70,5440
2024-07-25 20:00,2361.70,2364.60,2358.60,2363.40,5524
2024-07-25 22:00,2363.80,2364.40,2361.80,2362.20,0
2024-07-25 23:00,2362.20,2363.70,2360.90,2362.80,897
2024-07-26 00:00,2362.80,2364.30,2361.00,2361.60,2308
2024-07-26 01:00,2361.50,2372.70,2354.60,2372.00,7523
2024-07-26 02:00,2372.20,2378.00,2369.00,2372.70,6013
2024-07-26 03:00,2372.70,2377.00,2370.20,2370.30,4774
2024-07-26 04:00,2370.50,2371.40,2368.40,2368.40,2268
2024-07-26 05:00,2368.30,2373.80,2366.80,2372.60,4109
2024-07-26 06:00,2372.80,2372.90,2363.60,2368.10,7719
2024-07-26 07:00,2368.10,2370.50,2366.90,2370.00,3948
2024-07-26 08:00,2370.20,2372.80,2367.90,2371.50,4626
2024-07-26 09:00,2371.40,2373.00,2370.20,2372.30,4045
2024-07-26 10:00,2372.30,2374.00,2371.20,2371.40,4665
2024-07-26 11:00,2371.40,2374.50,2368.90,2371.90,5790
2024-07-26 12:00,2371.80,2377.90,2369.70,2376.40,16340
2024-07-26 13:00,2376.40,2382.40,2372.60,2380.40,17830
2024-07-26 14:00,2380.60,2389.70,2378.00,2380.80,19439
2024-07-26 15:00,2380.70,2386.00,2379.80,2384.20,9856
2024-07-26 16:00,2384.20,2389.50,2383.60,2388.30,7390
2024-07-26 17:00,2388.20,2388.30,2380.10,2382.40,9952
2024-07-26 18:00,2382.50,2385.30,2381.80,2383.40,2843
2024-07-26 19:00,2383.50,2386.20,2381.70,2385.40,3709
2024-07-26 20:00,2385.50,2387.90,2384.60,2385.70,1994
2024-07-28 22:00,2386.90,2402.10,2386.00,2394.50,4349
2024-07-28 23:00,2394.60,2397.70,2393.40,2396.00,1701
2024-07-29 00:00,2396.40,2400.70,2396.00,2398.80,2614
2024-07-29 01:00,2398.80,2401.30,2387.60,2391.70,5706
2024-07-29 02:00,2391.50,2393.40,2389.60,2391.80,2004
2024-07-29 03:00,2391.70,2394.20,2390.70,2393.20,1652
2024-07-29 04:00,2393.20,2394.60,2391.80,2393.30,1402
2024-07-29 05:00,2393.40,2394.70,2388.60,2391.00,1854
2024-07-29 06:00,2390.80,2393.80,2388.80,2389.80,3021
2024-07-29 07:00,2389.90,2392.40,2387.10,2390.20,6921
2024-07-29 08:00,2390.10,2391.30,2385.40,2388.90,5410
2024-07-29 09:00,2389.00,2391.90,2388.20,2391.20,4011
2024-07-29 10:00,2391.10,2393.60,2390.30,2390.80,5279
2024-07-29 11:00,2390.80,2391.30,2385.40,2386.40,5626
2024-07-29 12:00,2386.30,2392.40,2384.10,2392.00,9078
2024-07-29 13:00,2391.90,2394.50,2387.60,2389.90,14398
2024-07-29 14:00,2390.00,2392.10,2378.20,2379.40,10573
2024-07-29 15:00,2379.40,2381.10,2367.30,2374.60,11317
2024-07-29 16:00,2374.70,2376.70,2372.20,2375.70,0
2024-07-29 17:00,2375.80,2380.80,2375.10,2375.50,112747
2024-07-29 18:00,2375.60,2378.20,2374.30,2376.90,2782
2024-07-29 19:00,2377.00,2382.80,2375.60,2380.10,5688
2024-07-29 20:00,2380.20,2381.70,2378.40,2381.50,2159
2024-07-29 22:00,2380.90,2381.70,2379.10,2381.30,0
2024-07-29 23:00,2380.60,2381.00,2378.20,2378.20,867
2024-07-30 00:00,2378.20,2381.00,2377.50,2379.10,250
2024-07-30 01:00,2377.90,2379.60,2373.80,2376.60,511
2024-07-30 02:00,2376.90,2380.40,2375.90,2378.20,240
2024-07-30 03:00,2379.30,2381.70,2378.10,2381.70,204
2024-07-30 04:00,2382.70,2385.20,2382.50,2383.20,245
2024-07-30 05:00,2383.10,2386.60,2382.90,2384.10,286
2024-07-30 06:00,2386.10,2388.00,2384.80,2387.50,1395
2024-07-30 07:00,2387.50,2436.60,2386.20,2435.20,26519
2024-07-30 08:00,2387.40,2436.40,2385.60,2434.20,3830
2024-07-30 09:00,2434.30,2434.80,2385.00,2433.80,3918
2024-07-30 10:00,2433.80,2437.50,2385.00,2436.70,5088
2024-07-30 11:00,2436.60,2437.20,2383.50,2431.90,4976
2024-07-30 12:00,2432.10,2433.40,2382.90,2431.40,7519
2024-07-30 13:00,2383.80,2442.90,2383.00,2439.30,20095
2024-07-30 14:00,2439.10,2441.00,2432.50,2436.60,16030
2024-07-30 15:00,2436.60,2437.40,2428.10,2430.10,13581
2024-07-30 16:00,2430.20,2445.60,2429.80,2445.10,15529
2024-07-30 17:00,2445.20,2457.50,2445.10,2451.00,29100
2024-07-30 18:00,2451.10,2452.60,2448.70,2450.10,4060
2024-07-30 19:00,2450.00,2453.60,2448.90,2452.20,3636
2024-07-30 20:00,2452.20,2458.30,2452.10,2456.00,5305
2024-07-30 22:00,2455.60,2456.30,2453.20,2454.40,0
2024-07-30 23:00,2454.50,2455.50,2453.80,2455.00,1580
2024-07-31 00:00,2455.20,2455.30,2453.10,2454.20,1559
2024-07-31 01:00,2454.30,2457.40,2449.20,2454.20,7300
2024-07-31 02:00,2454.20,2454.50,2449.50,2452.70,4401
2024-07-31 03:00,2452.60,2464.30,2452.50,2461.80,8680
2024-07-31 04:00,2461.60,2466.40,2459.50,2466.00,4597
2024-07-31 05:00,2466.00,2467.00,2462.00,2462.50,4005
2024-07-31 06:00,2462.40,2470.40,2461.20,2466.20,6737
2024-07-31 07:00,2466.20,2467.00,2461.20,2462.30,5638
2024-07-31 08:00,2462.10,2466.80,2460.40,2466.50,5981
2024-07-31 09:00,2466.50,2467.30,2463.80,2465.80,4663
2024-07-31 10:00,2465.90,2467.60,2462.40,2463.20,4248
2024-07-31 11:00,2463.20,2468.10,2462.90,2464.30,5931
2024-07-31 12:00,2464.50,2468.10,2462.00,2465.20,9364
2024-07-31 13:00,2465.30,2472.50,2462.60,2471.20,14344
2024-07-31 14:00,2471.30,2474.20,2464.00,2467.40,15887
2024-07-31 15:00,2467.30,2469.00,2464.90,2468.00,6004
2024-07-31 16:00,2468.10,2472.70,2467.40,2472.00,5218
2024-07-31 17:00,2472.10,2474.30,2470.60,2471.20,9278
2024-07-31 18:00,2471.80,2480.60,2466.50,2478.90,16075
2024-07-31 19:00,2478.80,2496.60,2476.20,2495.30,23788
2024-07-31 20:00,2495.40,2496.50,2491.50,2493.40,4049
2024-07-31 22:00,2493.40,2494.90,2491.60,2492.40,0
2024-07-31 23:00,2492.40,2492.80,2488.00,2490.50,2048
2024-08-01 00:00,2490.60,2494.00,2489.90,2492.10,4009
2024-08-01 01:00,2492.00,2502.80,2490.50,2495.50,11446
2024-08-01 02:00,2495.30,2495.40,2481.60,2485.50,8268
2024-08-01 03:00,2485.50,2489.00,2483.50,2487.10,4251
2024-08-01 04:00,2487.00,2491.00,2486.80,2488.40,2968
2024-08-01 05:00,2488.40,2492.30,2487.70,2491.00,3600
2024-08-01 06:00,2490.90,2492.90,2488.30,2489.10,6392
2024-08-01 07:00,2489.20,2489.30,2484.00,2484.40,6653
2024-08-01 08:00,2484.40,2486.50,2477.10,2478.10,9997
2024-08-01 09:00,2478.00,2479.40,2474.00,2476.80,8861
2024-08-01 10:00,2476.90,2480.80,2475.90,2479.20,6031
2024-08-01 11:00,2479.20,2487.40,2478.30,2485.00,6893
2024-08-01 12:00,2485.10,2499.40,2484.60,2495.30,18540
2024-08-01 13:00,2495.00,2501.90,2492.70,2497.80,20937
2024-08-01 14:00,2498.10,2506.60,2487.30,2492.80,32824
2024-08-01 15:00,2492.70,2496.20,2486.40,2489.40,18202
2024-08-01 16:00,2489.30,2492.80,2487.50,2488.60,9074
2024-08-01 17:00,2488.60,2488.80,2479.50,2483.20,14763
2024-08-01 18:00,2483.10,2484.70,2478.60,2483.50,6555
2024-08-01 19:00,2483.60,2488.40,2482.20,2487.40,6937
2024-08-01 20:00,2487.30,2492.00,2486.20,2490.90,2018
2024-08-01 22:00,2490.80,2491.50,2487.80,2489.40,0
2024-08-01 23:00,2489.30,2490.90,2488.30,2489.90,1792
2024-08-02 00:00,2490.00,2496.90,2488.10,2493.10,5465
2024-08-02 01:00,2493.20,2495.00,2479.50,2491.60,10048
2024-08-02 02:00,2491.50,2500.10,2491.00,2500.00,8278
2024-08-02 03:00,2499.90,2503.80,2496.00,2498.70,5713
2024-08-02 04:00,2498.80,2504.50,2498.40,2502.10,3208
2024-08-02 05:00,2501.90,2511.50,2501.80,2511.30,5600
2024-08-02 06:00,2511.50,2513.40,2506.90,2509.80,8516
2024-08-02 07:00,2509.70,2510.90,2504.40,2505.80,7544
2024-08-02 08:00,2505.70,2509.50,2505.20,2506.00,3920
2024-08-02 09:00,2506.20,2508.50,2505.20,2508.30,4959
2024-08-02 10:00,2508.40,2509.90,2505.30,2507.90,5238
2024-08-02 11:00,2508.00,2509.20,2501.80,2503.50,7911
2024-08-02 12:00,2503.30,2522.50,2499.90,2517.10,35754
2024-08-02 13:00,2517.00,2518.60,2499.40,2513.00,35836
2024-08-02 14:00,2516.80,2518.40,2471.70,2474.40,55408
2024-08-02 15:00,2474.30,2478.90,2453.10,2476.10,41888
2024-08-02 16:00,2476.30,2482.40,2469.10,2473.20,18444
2024-08-02 17:00,2473.10,2474.40,2465.50,2470.50,10875
2024-08-02 18:00,2470.60,2476.50,2469.50,2471.90,5309
2024-08-02 19:00,2471.90,2480.80,2468.40,2480.00,8030
2024-08-02 20:00,2480.00,2486.60,2478.10,2486.10,3854
2024-08-04 22:00,2490.30,2490.40,2480.10,2483.50,4317
2024-08-04 23:00,2483.60,2487.80,2481.30,2483.10,3509
2024-08-05 00:00,2483.20,2483.20,2455.70,2464.30,15202
2024-08-05 01:00,2463.70,2484.20,2462.10,2481.60,13649
2024-08-05 02:00,2481.50,2488.50,2475.10,2484.70,6671
2024-08-05 03:00,2484.70,2494.50,2484.60,2493.60,6774
2024-08-05 04:00,2493.00,2500.80,2492.80,2494.60,8107
2024-08-05 05:00,2494.60,2494.60,2473.60,2479.70,14896
2024-08-05 06:00,2479.60,2480.30,2463.60,2470.00,16119
2024-08-05 07:00,2470.00,2485.10,2465.90,2473.20,15736
2024-08-05 08:00,2473.30,2475.80,2464.10,2465.80,11429
2024-08-05 09:00,2466.10,2469.70,2460.00,2464.90,14145
2024-08-05 10:00,2465.00,2466.40,2448.60,2449.10,14856
2024-08-05 11:00,2449.00,2449.00,2423.10,2426.80,32401
2024-08-05 12:00,2426.90,2433.00,2403.80,2414.10,40393
2024-08-05 13:00,2414.20,2437.40,2414.20,2434.10,36174
2024-08-05 14:00,2433.40,2438.00,2426.10,2437.10,21579
2024-08-05 15:00,2436.90,2452.80,2436.70,2443.30,20442
2024-08-05 16:00,2443.30,2449.60,2439.50,2443.70,11049
2024-08-05 17:00,2443.70,2447.70,2441.00,2446.20,8972
2024-08-05 18:00,2446.20,2450.20,2444.90,2446.10,3686
2024-08-05 19:00,2446.20,2454.70,2445.80,2449.00,5707
2024-08-05 20:00,2449.30,2453.10,2446.90,2452.10,2531
2024-08-05 22:00,2451.70,2453.80,2449.00,2450.10,0
2024-08-05 23:00,2450.20,2451.30,2445.40,2445.90,1658
2024-08-06 00:00,2446.00,2459.50,2445.70,2457.10,5278
2024-08-06 01:00,2457.10,2459.00,2451.70,2453.40,5601
2024-08-06 02:00,2453.20,2454.10,2446.50,2448.10,4687
2024-08-06 03:00,2448.20,2451.80,2447.10,2449.40,2901
2024-08-06 04:00,2449.50,2453.40,2447.30,2448.50,3365
2024-08-06 05:00,2448.60,2452.30,2438.50,2439.20,7213
2024-08-06 06:00,2439.40,2448.90,2434.60,2442.00,11741
2024-08-06 07:00,2442.10,2451.30,2442.00,2450.50,6823
2024-08-06 08:00,2450.60,2456.20,2448.60,2451.50,5748
2024-08-06 09:00,2451.70,2456.20,2450.80,2454.10,6083
2024-08-06 10:00,2454.00,2457.10,2451.90,2453.00,3670
2024-08-06 11:00,2453.00,2456.00,2450.70,2451.70,6037
2024-08-06 12:00,2451.70,2452.90,2432.10,2433.40,17447
2024-08-06 13:00,2433.40,2439.90,2429.30,2436.20,18767
2024-08-06 14:00,2436.20,2444.10,2426.90,2429.20,20946
2024-08-06 15:00,2429.20,2431.70,2421.80,2428.40,21532
2024-08-06 16:00,2428.50,2432.50,2426.40,2431.00,8873
2024-08-06 17:00,2431.00,2434.60,2428.60,2434.20,7989
2024-08-06 18:00,2433.00,2437.10,2432.40,2433.90,4133
2024-08-06 19:00,2434.00,2434.30,2427.60,2428.80,4895
2024-08-06 20:00,2429.00,2432.10,2428.10,2432.10,2102
2024-08-06 22:00,2432.60,2433.10,2428.80,2429.40,0
2024-08-06 23:00,2429.30,2430.50,2423.30,2424.30,2853
2024-08-07 00:00,2424.20,2427.60,2421.10,2426.80,3683
2024-08-07 01:00,2426.80,2428.00,2418.80,2424.00,9659
2024-08-07 02:00,2424.00,2428.60,2420.70,2424.00,6576
2024-08-07 03:00,2424.20,2427.40,2423.00,2425.40,3268
2024-08-07 04:00,2426.00,2434.80,2425.70,2433.00,4749
2024-08-07 05:00,2432.70,2436.20,2428.40,2431.30,5761
2024-08-07 06:00,2431.30,2437.60,2429.40,2434.50,5729
2024-08-07 07:00,2434.70,2434.80,2428.00,2429.30,5334
2024-08-07 08:00,2429.20,2433.60,2428.00,2433.20,4924
2024-08-07 09:00,2433.40,2436.50,2432.50,2434.40,4622
2024-08-07 10:00,2434.50,2438.40,2433.20,2437.60,4450
2024-08-07 11:00,2437.60,2442.70,2434.20,2441.40,8425
2024-08-07 12:00,2441.40,2447.30,2439.20,2444.10,10367
2024-08-07 13:00,2444.30,2445.30,2436.70,2440.30,10761
2024-08-07 14:00,2440.10,2443.50,2438.10,2439.20,11757
2024-08-07 15:00,2439.30,2442.30,2432.10,2434.80,18030
2024-08-07 16:00,2434.70,2440.10,2433.10,2439.90,6772
2024-08-07 17:00,2439.90,2440.00,2429.60,2430.00,11891
2024-08-07 18:00,2429.90,2432.00,2423.90,2426.30,8614
2024-08-07 19:00,2426.20,2430.70,2425.30,2425.50,4978
2024-08-07 20:00,2426.10,2427.40,2421.70,2423.50,3729
2024-08-07 22:00,2422.80,2423.50,2420.20,2422.70,0
2024-08-07 23:00,2422.80,2425.00,2421.50,2423.80,2141
2024-08-08 00:00,2423.90,2427.90,2422.30,2424.30,4092
2024-08-08 01:00,2424.30,2430.40,2423.50,2425.40,6355
2024-08-08 02:00,2425.30,2429.70,2424.80,2429.60,2667
2024-08-08 03:00,2429.50,2433.80,2427.80,2433.00,2396
2024-08-08 04:00,2433.30,2435.10,2431.50,2433.20,3133
2024-08-08 05:00,2433.10,2434.40,2431.20,2434.20,2758
2024-08-08 06:00,2434.30,2439.70,2431.50,2436.60,6101
2024-08-08 07:00,2436.50,2439.10,2434.10,2435.60,4450
2024-08-08 08:00,2435.50,2437.00,2431.50,2433.20,3032
2024-08-08 09:00,2433.20,2437.90,2432.60,2435.00,4400
2024-08-08 10:00,2435.10,2445.70,2435.10,2444.50,6683
2024-08-08 11:00,2444.50,2453.10,2444.20,2451.70,14267
2024-08-08 12:00,2451.70,2455.30,2446.60,2447.40,16880
2024-08-08 13:00,2447.40,2454.90,2441.20,2453.40,22124
2024-08-08 14:00,2453.40,2464.00,2448.50,2453.20,30312
2024-08-08 15:00,2453.30,2459.80,2451.30,2458.10,8347
2024-08-08 16:00,2458.00,2463.40,2456.20,2457.50,9397
2024-08-08 17:00,2457.60,2464.50,2455.30,2463.00,11308
2024-08-08 18:00,2463.00,2465.80,2461.70,2463.60,4910
2024-08-08 19:00,2463.50,2464.30,2461.10,2463.10,4074
2024-08-08 20:00,2463.20,2467.90,2462.70,2467.40,2304
2024-08-08 22:00,2467.30,2467.60,2464.10,2465.10,0
2024-08-08 23:00,2465.10,2465.90,2462.20,2463.80,1613
2024-08-09 00:00,2464.10,2464.80,2461.80,2463.00,2277
2024-08-09 01:00,2463.30,2467.20,2459.40,2466.70,4777
2024-08-09 02:00,2466.60,2468.70,2461.70,2461.90,3500
2024-08-09 03:00,2462.00,2462.80,2458.90,2460.80,2397
2024-08-09 04:00,2460.50,2464.00,2459.70,2463.40,1703
2024-08-09 05:00,2462.60,2463.10,2456.40,2456.50,4047
2024-08-09 06:00,2456.30,2461.10,2456.10,2460.00,4538
2024-08-09 07:00,2459.90,2466.20,2459.50,2462.30,5022
2024-08-09 08:00,2462.40,2465.90,2461.20,2463.50,3660
2024-08-09 09:00,2463.60,2464.60,2461.80,2462.60,4149
2024-08-09 10:00,2462.70,2471.40,2462.10,2470.00,6911
2024-08-09 11:00,2470.10,2472.20,2464.50,2465.90,8893
2024-08-09 12:00,2465.90,2469.30,2462.70,2469.00,9613
2024-08-09 13:00,2469.20,2472.70,2460.00,2466.10,25690
2024-08-09 14:00,2466.00,2475.50,2464.50,2467.80,21486
2024-08-09 15:00,2467.80,2471.90,2465.80,2470.90,9900
2024-08-09 16:00,2471.80,2474.00,2466.60,2473.90,7335
2024-08-09 17:00,2473.90,2476.50,2469.90,2470.00,9481
2024-08-09 18:00,2470.10,2470.30,2466.60,2469.30,4122
2024-08-09 19:00,2469.30,2469.60,2466.70,2468.60,3576
2024-08-09 20:00,2468.60,2470.70,2468.50,2470.60,1992
2024-08-11 22:00,2470.10,2472.30,2466.00,2469.30,2007
2024-08-11 23:00,2469.20,2469.40,2466.20,2466.80,1751
2024-08-12 00:00,2466.80,2467.90,2465.70,2467.30,1474
2024-08-12 01:00,2467.30,2469.20,2463.50,2465.00,2572
2024-08-12 02:00,2464.80,2466.60,2462.70,2465.30,3049
2024-08-12 03:00,2465.00,2468.20,2464.80,2467.70,2120
2024-08-12 04:00,2467.60,2472.50,2467.00,2472.40,1707
2024-08-12 05:00,2472.30,2473.80,2467.90,2473.40,5214
2024-08-12 06:00,2473.40,2476.20,2472.40,2475.70,4298
2024-08-12 07:00,2475.90,2482.40,2474.40,2480.90,6274
2024-08-12 08:00,2481.10,2482.90,2478.90,2481.00,6417
2024-08-12 09:00,2481.00,2484.30,2480.00,2481.90,9049
2024-08-12 10:00,2481.90,2484.00,2480.50,2483.10,4861
2024-08-12 11:00,2483.20,2483.50,2478.80,2480.70,7909
2024-08-12 12:00,2480.70,2484.80,2480.50,2483.80,7025
2024-08-12 13:00,2483.90,2497.20,2481.40,2493.70,23604
2024-08-12 14:00,2493.70,2495.10,2483.70,2492.80,19344
2024-08-12 15:00,2492.60,2500.30,2492.30,2499.30,16305
2024-08-12 16:00,2499.30,2505.80,2498.50,2502.90,12277
2024-08-12 17:00,2502.80,2508.50,2501.30,2507.10,10869
2024-08-12 18:00,2507.00,2511.30,2506.30,2510.40,8055
2024-08-12 19:00,2510.30,2511.90,2509.80,2510.60,6202
2024-08-12 20:00,2510.70,2513.40,2510.50,2513.40,2464
2024-08-12 22:00,2512.60,2514.40,2509.90,2513.90,0
2024-08-12 23:00,2513.80,2516.60,2512.80,2515.60,2623
2024-08-13 00:00,2515.60,2517.30,2508.40,2511.90,5205
2024-08-13 01:00,2511.90,2513.70,2501.20,2506.70,7944
2024-08-13 02:00,2506.60,2507.80,2501.60,2501.60,2826
2024-08-13 03:00,2501.50,2505.00,2501.40,2503.50,3625
2024-08-13 04:00,2503.90,2505.40,2500.30,2502.30,2650
2024-08-13 05:00,2502.20,2504.50,2498.70,2503.00,5313
2024-08-13 06:00,2503.10,2504.60,2501.30,2503.40,3364
2024-08-13 07:00,2503.30,2505.50,2500.50,2503.80,6919
2024-08-13 08:00,2503.90,2503.90,2498.20,2499.90,5201
2024-08-13 09:00,2499.90,2501.90,2498.30,2500.00,3932
2024-08-13 10:00,2500.00,2502.90,2498.40,2501.40,4570
2024-08-13 11:00,2501.40,2506.40,2500.60,2505.30,7494
2024-08-13 12:00,2505.30,2512.50,2503.70,2507.30,17508
2024-08-13 13:00,2507.30,2514.90,2498.20,2514.70,19821
2024-08-13 14:00,2511.90,2512.80,2503.20,2511.00,13134
2024-08-13 15:00,2511.10,2512.80,2505.50,2508.30,8007
2024-08-13 16:00,2508.30,2510.80,2505.90,2509.20,6440
2024-08-13 17:00,2509.20,2510.10,2505.50,2507.30,6186
2024-08-13 18:00,2507.30,2508.70,2506.20,2507.60,3596
2024-08-13 19:00,2507.60,2508.80,2502.00,2506.90,4988
2024-08-13 20:00,2506.80,2507.50,2504.30,2504.90,2160
2024-08-13 22:00,2506.30,2506.70,2503.10,2505.10,0
2024-08-13 23:00,2505.00,2505.00,2502.40,2503.60,1600
2024-08-14 00:00,2503.70,2507.10,2503.50,2505.20,2393
2024-08-14 01:00,2505.20,2512.20,2503.90,2504.90,5423
2024-08-14 02:00,2504.80,2505.10,2494.50,2499.20,8046
2024-08-14 03:00,2499.20,2501.00,2498.20,2500.10,2227
2024-08-14 04:00,2500.00,2502.20,2499.30,2501.20,2330
2024-08-14 05:00,2501.10,2501.90,2498.40,2501.30,1799
2024-08-14 06:00,2501.50,2506.80,2499.60,2506.50,5502
2024-08-14 07:00,2506.20,2510.40,2505.30,2509.70,4935
2024-08-14 08:00,2509.80,2517.90,2507.70,2513.50,9503
2024-08-14 09:00,2513.50,2514.60,2510.10,2511.80,4549
2024-08-14 10:00,2511.90,2515.30,2509.50,2514.00,3999
2024-08-14 11:00,2514.20,2514.30,2510.70,2513.80,4146
2024-08-14 12:00,2513.80,2519.70,2500.80,2507.90,22634
2024-08-14 13:00,2507.90,2508.80,2487.70,2496.20,30440
2024-08-14 14:00,2496.10,2497.10,2485.40,2488.60,21097
2024-08-14 15:00,2488.60,2490.70,2480.30,2482.60,17290
2024-08-14 16:00,2482.50,2484.00,2476.20,2482.50,11796
2024-08-14 17:00,2482.40,2483.40,2478.60,2479.90,8093
2024-08-14 18:00,2479.90,2486.40,2478.90,2486.20,5411
2024-08-14 19:00,2486.00,2486.80,2482.60,2485.50,3775
2024-08-14 20:00,2485.60,2486.80,2484.80,2486.00,1535
2024-08-14 22:00,2486.20,2486.30,2484.00,2485.50,0
2024-08-14 23:00,2485.50,2486.90,2484.80,2486.80,2383
2024-08-15 00:00,2486.90,2491.50,2479.70,2487.30,6400
2024-08-15 01:00,2487.30,2490.80,2485.40,2488.00,4745
2024-08-15 02:00,2488.20,2490.00,2487.20,2488.90,2398
2024-08-15 03:00,2489.00,2491.90,2488.90,2491.10,1855
2024-08-15 04:00,2491.30,2493.00,2490.30,2490.90,2794
2024-08-15 05:00,2490.80,2492.70,2487.70,2491.50,3701
2024-08-15 06:00,2491.60,2496.40,2490.20,2493.60,6162
2024-08-15 07:00,2493.60,2494.30,2492.00,2493.30,3580
2024-08-15 08:00,2493.40,2494.90,2491.20,2493.00,4190
2024-08-15 09:00,2493.00,2494.80,2492.90,2494.30,2348
2024-08-15 10:00,2494.30,2497.90,2494.30,2495.70,3433
2024-08-15 11:00,2495.70,2501.90,2495.30,2501.10,6688
2024-08-15 12:00,2501.30,2508.00,2478.00,2478.40,29055
2024-08-15 13:00,2478.50,2488.80,2469.20,2481.90,33458
2024-08-15 14:00,2481.70,2496.50,2481.70,2490.00,17084
2024-08-15 15:00,2489.80,2497.30,2488.30,2496.10,9207
2024-08-15 16:00,2496.10,2497.70,2492.60,2493.20,4544
2024-08-15 17:00,2493.40,2494.20,2491.00,2493.20,5520
2024-08-15 18:00,2493.30,2496.20,2492.50,2496.10,5317
2024-08-15 19:00,2496.20,2499.40,2491.90,2493.50,5531
2024-08-15 20:00,2493.40,2495.30,2492.60,2494.50,2349
2024-08-15 22:00,2494.40,2494.70,2492.00,2492.40,0
2024-08-15 23:00,2492.40,2495.70,2491.80,2494.70,2075
2024-08-16 00:00,2494.80,2497.30,2494.50,2495.90,1219
2024-08-16 01:00,2496.00,2497.70,2493.20,2495.10,2784
2024-08-16 02:00,2494.80,2495.40,2491.20,2492.60,3153
2024-08-16 03:00,2492.50,2493.30,2488.20,2490.00,4215
2024-08-16 04:00,2489.90,2491.10,2489.30,2490.00,2277
2024-08-16 05:00,2490.10,2493.80,2489.80,2493.00,2670
2024-08-16 06:00,2493.10,2495.40,2491.90,2492.40,4465
2024-08-16 07:00,2492.40,2501.90,2489.40,2499.30,10071
2024-08-16 08:00,2499.60,2501.50,2496.50,2500.00,6165
2024-08-16 09:00,2500.00,2502.10,2498.90,2500.90,3837
2024-08-16 10:00,2500.80,2506.00,2500.40,2502.30,6000
2024-08-16 11:00,2502.40,2510.30,2502.40,2510.00,9679
2024-08-16 12:00,2510.00,2531.40,2509.30,2530.50,29334
2024-08-16 13:00,2530.60,2538.70,2522.20,2533.30,41061
2024-08-16 14:00,2533.30,2533.90,2515.80,2525.60,29591
2024-08-16 15:00,2525.60,2531.00,2524.10,2530.30,12598
2024-08-16 16:00,2530.50,2536.30,2530.30,2534.40,11330
2024-08-16 17:00,2534.30,2538.70,2531.40,2538.20,9747
2024-08-16 18:00,2538.30,2544.10,2536.80,2541.90,10147
2024-08-16 19:00,2542.00,2547.40,2540.20,2546.50,7272
2024-08-16 20:00,2546.50,2548.30,2543.80,2546.20,3515
2024-08-18 22:00,2549.70,2549.90,2540.90,2543.60,4728
2024-08-18 23:00,2543.60,2545.60,2542.20,2545.10,1224
2024-08-19 00:00,2545.20,2545.60,2539.00,2540.90,4773
2024-08-19 01:00,2541.10,2545.00,2533.70,2537.00,10628
2024-08-19 02:00,2536.90,2543.00,2534.70,2542.50,5500
2024-08-19 03:00,2542.20,2544.80,2539.30,2541.90,4628
2024-08-19 04:00,2541.90,2543.40,2537.60,2539.50,3342
2024-08-19 05:00,2539.50,2541.10,2537.90,2539.90,2999
2024-08-19 06:00,2539.60,2543.60,2538.30,2540.50,4924
2024-08-19 07:00,2540.60,2543.40,2537.90,2541.20,6615
2024-08-19 08:00,2541.20,2545.80,2540.70,2541.50,4614
2024-08-19 09:00,2541.50,2542.50,2538.20,2538.40,4292
2024-08-19 10:00,2538.30,2538.50,2526.90,2527.70,9249
2024-08-19 11:00,2527.80,2533.50,2524.40,2532.80,7939
2024-08-19 12:00,2532.90,2533.80,2526.40,2529.40,6586
2024-08-19 13:00,2529.50,2534.30,2523.70,2532.90,15725
2024-08-19 14:00,2532.80,2543.00,2531.50,2539.50,15911
2024-08-19 15:00,2539.50,2544.40,2538.20,2542.40,8991
2024-08-19 16:00,2542.60,2545.80,2540.30,2543.80,7865
2024-08-19 17:00,2543.70,2544.10,2539.10,2541.60,7447
2024-08-19 18:00,2541.50,2543.40,2540.90,2542.80,5353
2024-08-19 19:00,2542.70,2544.30,2541.50,2543.90,3701
2024-08-19 20:00,2543.90,2544.20,2541.30,2542.60,1749
2024-08-19 22:00,2542.40,2542.90,2540.20,2542.50,0
2024-08-19 23:00,2542.40,2542.60,2540.70,2541.80,1335
2024-08-20 00:00,2541.90,2545.00,2541.50,2543.00,2746
2024-08-20 01:00,2543.00,2546.40,2539.30,2540.00,5307
2024-08-20 02:00,2539.90,2540.60,2536.50,2537.40,4353
2024-08-20 03:00,2537.50,2540.20,2536.60,2539.40,2002
2024-08-20 04:00,2539.50,2540.40,2537.10,2538.60,1341
2024-08-20 05:00,2538.70,2541.40,2537.30,2537.30,2828
2024-08-20 06:00,2537.20,2543.80,2535.10,2540.50,5699
2024-08-20 07:00,2540.40,2553.70,2539.30,2553.20,11554
2024-08-20 08:00,2553.40,2561.70,2552.80,2558.30,14082
2024-08-20 09:00,2558.50,2563.80,2558.40,2560.30,8804
2024-08-20 10:00,2560.20,2563.40,2559.60,2561.40,4901
2024-08-20 11:00,2561.20,2565.50,2560.60,2564.80,5708
2024-08-20 12:00,2565.00,2568.00,2560.20,2565.20,12110
2024-08-20 13:00,2565.30,2570.40,2558.30,2568.50,22041
2024-08-20 14:00,2568.40,2568.80,2558.40,2562.10,18930
2024-08-20 15:00,2562.10,2562.30,2543.60,2546.40,26146
2024-08-20 16:00,2546.60,2548.60,2538.60,2547.10,14255
2024-08-20 17:00,2547.10,2551.40,2544.60,2548.80,7609
2024-08-20 18:00,2548.70,2553.80,2547.50,2551.70,5096
2024-08-20 19:00,2551.60,2553.50,2549.00,2553.20,4083
2024-08-20 20:00,2553.10,2555.30,2551.50,2552.10,1685
2024-08-20 22:00,2552.20,2553.90,2551.30,2552.90,0
2024-08-20 23:00,2552.80,2554.10,2550.70,2551.10,1128
2024-08-21 00:00,2551.10,2553.90,2550.60,2551.70,2060
2024-08-21 01:00,2551.80,2555.20,2548.80,2554.70,4502
2024-08-21 02:00,2554.80,2558.00,2553.90,2557.50,4786
2024-08-21 03:00,2557.50,2557.50,2551.20,2555.10,2979
2024-08-21 04:00,2555.30,2555.60,2551.60,2554.00,2517
2024-08-21 05:00,2553.90,2556.30,2552.90,2553.00,2661
2024-08-21 06:00,2553.10,2557.50,2549.50,2552.20,6011
2024-08-21 07:00,2552.30,2554.80,2545.70,2547.30,6354
2024-08-21 08:00,2547.20,2550.10,2544.50,2545.40,5504
2024-08-21 09:00,2545.20,2547.50,2542.60,2543.80,5842
2024-08-21 10:00,2543.70,2548.00,2542.60,2547.50,4833
2024-08-21 11:00,2547.70,2552.00,2545.00,2549.90,4849
2024-08-21 12:00,2550.00,2552.00,2544.90,2548.40,8311
2024-08-21 13:00,2548.60,2551.00,2535.40,2540.80,16366
2024-08-21 14:00,2540.70,2544.50,2528.20,2539.10,27020
2024-08-21 15:00,2539.10,2548.90,2539.10,2546.30,8971
2024-08-21 16:00,2546.20,2546.80,2540.90,2544.90,6579
2024-08-21 17:00,2544.80,2549.20,2544.70,2547.30,4644
2024-08-21 18:00,2547.20,2557.30,2547.00,2554.20,10104
2024-08-21 19:00,2554.20,2554.60,2549.10,2549.50,6061
2024-08-21 20:00,2549.60,2550.50,2547.70,2550.20,1590
2024-08-21 22:00,2549.90,2550.80,2548.70,2550.80,0
2024-08-21 23:00,2550.70,2551.30,2549.00,2549.70,925
2024-08-22 00:00,2549.90,2551.40,2548.00,2550.40,1709
2024-08-22 01:00,2550.30,2550.80,2543.40,2544.10,3254
2024-08-22 02:00,2544.00,2544.90,2536.40,2538.90,5002
2024-08-22 03:00,2538.90,2541.30,2537.90,2539.20,4933
2024-08-22 04:00,2539.20,2539.20,2536.10,2538.50,1945
2024-08-22 05:00,2538.60,2542.90,2537.50,2542.10,4290
2024-08-22 06:00,2542.00,2547.20,2539.70,2543.80,8485
2024-08-22 07:00,2543.80,2546.10,2540.70,2543.30,6359
2024-08-22 08:00,2543.30,2543.80,2538.50,2539.70,5554
2024-08-22 09:00,2539.80,2544.20,2537.10,2543.30,6455
2024-08-22 10:00,2543.20,2545.30,2541.20,2541.50,2552
2024-08-22 11:00,2541.40,2542.10,2533.70,2535.60,7433
2024-08-22 12:00,2535.70,2541.90,2531.30,2536.90,12222
2024-08-22 13:00,2536.90,2537.90,2518.70,2523.50,28081
2024-08-22 14:00,2523.70,2523.70,2506.40,2515.90,31583
2024-08-22 15:00,2515.80,2520.20,2510.70,2517.90,13600
2024-08-22 16:00,2518.00,2522.10,2517.40,2520.20,7719
2024-08-22 17:00,2520.10,2520.40,2515.30,2517.60,6966
2024-08-22 18:00,2518.00,2520.70,2516.10,2517.90,4654
2024-08-22 19:00,2517.90,2519.20,2514.20,2518.40,4005
2024-08-22 20:00,2518.60,2520.70,2518.00,2520.60,2455
2024-08-22 22:00,2521.10,2521.10,2519.80,2520.50,0
2024-08-22 23:00,2520.50,2523.00,2520.30,2522.90,902
2024-08-23 00:00,2522.90,2527.90,2521.90,2525.40,3477
2024-08-23 01:00,2525.40,2527.00,2523.30,2526.50,4393
2024-08-23 02:00,2526.60,2527.20,2522.10,2525.50,3215
2024-08-23 03:00,2525.40,2529.20,2524.90,2528.50,3574
2024-08-23 04:00,2528.60,2530.00,2528.00,2528.90,2047
2024-08-23 05:00,2528.90,2531.30,2526.60,2527.30,4778
2024-08-23 06:00,2527.30,2530.00,2526.00,2528.30,3565
2024-08-23 07:00,2528.50,2529.80,2527.10,2528.90,5095
2024-08-23 08:00,2528.80,2535.40,2528.40,2534.20,5769
2024-08-23 09:00,2534.30,2537.40,2532.40,2534.50,6794
2024-08-23 10:00,2534.40,2534.80,2531.00,2534.60,4244
2024-08-23 11:00,2534.50,2538.00,2532.90,2537.10,4072
2024-08-23 12:00,2537.00,2537.80,2533.90,2536.90,5827
2024-08-23 13:00,2536.90,2539.60,2530.10,2533.80,10476
2024-08-23 14:00,2533.90,2554.20,2532.10,2545.00,45949
2024-08-23 15:00,2545.00,2554.50,2543.80,2545.70,15867
2024-08-23 16:00,2546.00,2546.50,2537.50,2546.10,10751
2024-08-23 17:00,2546.10,2549.00,2545.30,2546.60,7910
2024-08-23 18:00,2546.60,2547.60,2544.70,2545.40,3576
2024-08-23 19:00,2545.40,2548.60,2543.50,2546.60,4696
2024-08-23 20:00,2546.40,2548.70,2545.30,2548.70,2906
2024-08-25 22:00,2545.10,2550.30,2544.60,2548.40,2081
2024-08-25 23:00,2548.40,2552.10,2548.40,2551.30,2034
2024-08-26 00:00,2551.20,2552.30,2547.70,2549.00,4142
2024-08-26 01:00,2549.00,2550.80,2546.00,2548.70,4054
2024-08-26 02:00,2548.70,2550.80,2547.30,2547.30,1657
2024-08-26 03:00,2547.30,2548.40,2544.50,2545.20,1963
2024-08-26 04:00,2545.10,2546.20,2544.00,2545.00,1648
2024-08-26 05:00,2544.80,2546.70,2544.00,2545.90,2987
2024-08-26 06:00,2546.00,2550.80,2545.20,2550.60,4621
2024-08-26 07:00,2550.60,2557.30,2549.60,2556.90,9320
2024-08-26 08:00,2557.00,2561.70,2556.30,2560.00,6515
2024-08-26 09:00,2560.10,2561.50,2559.10,2561.00,4214
2024-08-26 10:00,2561.00,2562.50,2558.40,2560.80,4953
2024-08-26 11:00,2560.70,2562.50,2556.40,2562.10,6361
2024-08-26 12:00,2562.20,2563.20,2558.20,2559.50,7261
2024-08-26 13:00,2559.50,2562.30,2551.00,2551.60,15350
2024-08-26 14:00,2551.60,2554.70,2546.10,2552.60,13552
2024-08-26 15:00,2552.50,2553.20,2546.90,2551.70,9836
2024-08-26 16:00,2551.70,2556.30,2549.30,2555.90,5502
2024-08-26 17:00,2556.00,2559.40,2552.20,2553.90,7941
2024-08-26 18:00,2553.80,2555.30,2551.30,2552.60,2807
2024-08-26 19:00,2552.60,2556.80,2552.50,2553.70,4665
2024-08-26 20:00,2553.90,2554.80,2553.10,2553.60,1112
2024-08-26 22:00,2553.80,2554.50,2552.30,2552.60,0
2024-08-26 23:00,2552.50,2552.90,2550.50,2550.70,842
2024-08-27 00:00,2550.80,2552.00,2548.10,2548.30,1897
2024-08-27 01:00,2548.40,2549.20,2543.50,2545.10,5660
2024-08-27 02:00,2544.90,2545.50,2541.00,2543.90,4316
2024-08-27 03:00,2544.00,2544.80,2540.90,2544.10,2377
2024-08-27 04:00,2544.30,2544.80,2541.40,2542.30,2266
2024-08-27 05:00,2542.30,2548.80,2541.70,2548.60,4972
2024-08-27 06:00,2548.60,2552.50,2547.90,2549.90,6090
2024-08-27 07:00,2549.90,2552.70,2539.50,2540.00,8841
2024-08-27 08:00,2539.90,2547.50,2538.50,2546.20,6212
2024-08-27 09:00,2546.10,2549.00,2543.30,2544.20,6041
2024-08-27 10:00,2544.10,2545.50,2542.00,2544.10,5413
2024-08-27 11:00,2544.10,2547.70,2543.70,2546.60,3191
2024-08-27 12:00,2546.50,2549.60,2543.00,2545.00,7427
2024-08-27 13:00,2544.90,2550.40,2538.90,2547.80,16146
2024-08-27 14:00,2547.40,2553.50,2542.90,2550.00,15259
2024-08-27 15:00,2550.20,2556.70,2546.80,2547.50,11491
2024-08-27 16:00,2547.30,2549.90,2545.00,2549.80,6511
2024-08-27 17:00,2549.70,2557.10,2549.50,2555.50,10223
2024-08-27 18:00,2555.40,2561.40,2555.20,2560.00,9175
2024-08-27 19:00,2560.00,2561.10,2558.40,2560.40,4690
2024-08-27 20:00,2560.40,2561.40,2559.10,2560.00,3701
2024-08-27 22:00,2559.80,2561.30,2559.80,2560.80,0
2024-08-27 23:00,2560.90,2564.30,2559.40,2560.50,2903
2024-08-28 00:00,2560.70,2561.10,2559.10,2559.80,1859
2024-08-28 01:00,2559.60,2559.60,2552.00,2552.30,5749
2024-08-28 02:00,2552.30,2553.70,2548.50,2551.50,4482
2024-08-28 03:00,2551.40,2552.20,2548.50,2551.00,3103
2024-08-28 04:00,2550.90,2551.10,2545.30,2546.60,3944
2024-08-28 05:00,2546.70,2546.80,2540.30,2540.60,6909
2024-08-28 06:00,2540.50,2552.90,2537.90,2543.20,8562
2024-08-28 07:00,2543.10,2546.20,2542.30,2544.80,7506
2024-08-28 08:00,2544.80,2544.80,2540.60,2542.70,5190
2024-08-28 09:00,2542.70,2546.00,2542.40,2544.90,4206
2024-08-28 10:00,2545.00,2545.30,2537.20,2540.10,5921
2024-08-28 11:00,2540.00,2540.30,2535.20,2536.00,7705
2024-08-28 12:00,2536.20,2536.30,2527.80,2535.30,17241
2024-08-28 13:00,2535.30,2545.50,2533.40,2541.10,21654
2024-08-28 14:00,2541.10,2543.90,2538.50,2542.20,11226
2024-08-28 15:00,2542.10,2545.00,2539.60,2540.80,9699
2024-08-28 16:00,2540.80,2541.10,2530.80,2536.40,9330
2024-08-28 17:00,2536.40,2540.80,2534.90,2539.90,7211
2024-08-28 18:00,2539.90,2542.60,2537.90,2542.40,5078
2024-08-28 19:00,2542.40,2544.00,2541.20,2542.00,4865
2024-08-28 20:00,2542.10,2543.10,2537.30,2539.00,2954
2024-08-28 22:00,2539.20,2542.20,2538.40,2540.40,0
2024-08-28 23:00,2540.30,2541.40,2539.70,2541.30,1023
2024-08-29 00:00,2541.30,2548.30,2541.20,2545.20,3763
2024-08-29 01:00,2545.40,2547.90,2544.80,2546.20,2713
2024-08-29 02:00,2546.20,2548.30,2544.60,2545.90,1947
2024-08-29 03:00,2545.70,2549.90,2545.40,2549.90,2005
2024-08-29 04:00,2549.70,2551.60,2548.70,2548.90,3588
2024-08-29 05:00,2548.90,2553.40,2546.90,2552.20,3984
2024-08-29 06:00,2552.10,2554.50,2549.50,2550.00,6157
2024-08-29 07:00,2550.10,2552.20,2548.20,2552.20,4676
2024-08-29 08:00,2552.30,2553.40,2548.20,2550.30,6586
2024-08-29 09:00,2550.40,2557.80,2549.10,2556.10,6182
2024-08-29 10:00,2556.20,2557.60,2554.10,2556.40,6746
2024-08-29 11:00,2556.50,2556.60,2552.30,2553.30,5467
2024-08-29 12:00,2553.20,2554.00,2536.50,2542.40,20416
2024-08-29 13:00,2542.50,2552.60,2541.30,2550.10,16393
2024-08-29 14:00,2550.00,2555.80,2547.50,2555.60,17958
2024-08-29 15:00,2555.60,2559.10,2552.00,2556.10,10423
2024-08-29 16:00,2556.10,2560.10,2550.60,2558.70,9114
2024-08-29 17:00,2558.70,2562.20,2556.80,2559.20,9405
2024-08-29 18:00,2559.40,2559.90,2554.20,2556.50,7596
2024-08-29 19:00,2556.30,2558.30,2554.10,2554.40,3785
2024-08-29 20:00,2554.50,2555.60,2554.00,2554.60,1755
2024-08-29 22:00,2553.60,2554.80,2553.30,2554.00,0
2024-08-29 23:00,2553.90,2554.00,2551.90,2552.60,1151
2024-08-30 00:00,2552.60,2552.60,2549.90,2551.00,2342
2024-08-30 01:00,2551.00,2553.60,2547.80,2549.50,4779
2024-08-30 02:00,2549.40,2551.30,2547.40,2549.40,4164
2024-08-30 03:00,2549.40,2550.40,2545.80,2547.10,2402
2024-08-30 04:00,2546.90,2548.10,2545.70,2546.80,2683
2024-08-30 05:00,2546.80,2549.70,2545.90,2547.20,4488
2024-08-30 06:00,2547.10,2557.60,2546.50,2550.70,12149
2024-08-30 07:00,2550.60,2554.30,2550.40,2552.50,4696
2024-08-30 08:00,2552.50,2559.80,2552.10,2556.00,6608
2024-08-30 09:00,2555.90,2560.10,2555.70,2557.20,4412
2024-08-30 10:00,2557.30,2557.80,2548.10,2548.60,7053
2024-08-30 11:00,2548.60,2554.90,2548.20,2552.70,5540
2024-08-30 12:00,2552.60,2558.10,2549.50,2553.00,11339
2024-08-30 13:00,2553.00,2553.00,2546.10,2549.00,13307
2024-08-30 14:00,2548.80,2551.40,2539.30,2542.10,19477
2024-08-30 15:00,2542.10,2542.60,2533.00,2535.30,18886
2024-08-30 16:00,2535.20,2538.80,2529.20,2530.30,13046
2024-08-30 17:00,2530.30,2533.00,2526.60,2532.10,13325
2024-08-30 18:00,2532.20,2537.20,2531.90,2534.90,6979
2024-08-30 19:00,2534.80,2536.60,2530.80,2534.70,5417
2024-08-30 20:00,2534.80,2536.10,2534.40,2535.90,2276
2024-09-01 22:00,2536.00,2536.80,2531.60,2535.40,1311
2024-09-01 23:00,2535.40,2535.70,2533.90,2535.10,2038
2024-09-02 00:00,2535.10,2537.20,2533.30,2533.60,1352
2024-09-02 01:00,2533.50,2537.10,2529.10,2530.40,3862
2024-09-02 02:00,2530.30,2530.70,2522.10,2524.00,6292
2024-09-02 03:00,2523.80,2528.40,2523.50,2528.40,2276
2024-09-03 04:00,2526.40,2528.70,2525.50,2527.70,1455
2024-09-03 05:00,2527.50,2527.70,2524.40,2526.80,3717
2024-09-03 06:00,2526.70,2531.10,2524.60,2529.80,6322
2024-09-03 07:00,2529.90,2534.00,2528.50,2532.90,7205
2024-09-03 08:00,2533.00,2538.50,2532.60,2536.00,6525
2024-09-03 09:00,2536.10,2537.10,2532.90,2532.90,4750
2024-09-03 10:00,2532.80,2533.00,2524.30,2529.30,10721
2024-09-03 11:00,2529.20,2533.60,2516.30,2521.50,18456
2024-09-03 12:00,2521.20,2534.20,2519.00,2525.20,26388
2024-09-03 13:00,2525.30,2529.00,2506.80,2511.60,34688
2024-09-03 14:00,2511.70,2518.50,2504.40,2509.70,27332
2024-09-03 15:00,2509.60,2521.30,2508.60,2520.00,11339
2024-09-03 16:00,2520.10,2520.60,2515.30,2517.40,5817
2024-09-03 17:00,2517.40,2523.70,2517.00,2520.90,6293
2024-09-03 18:00,2521.00,2521.50,2518.60,2520.90,2889
2024-09-03 19:00,2520.70,2525.90,2520.50,2523.60,4475
2024-09-03 20:00,2523.50,2524.90,2522.90,2524.80,1231
2024-09-03 22:00,2524.60,2525.90,2523.50,2524.50,0
2024-09-03 23:00,2524.60,2526.20,2523.80,2524.70,1290
2024-09-04 00:00,2524.70,2526.40,2523.40,2523.50,2625
2024-09-04 01:00,2523.60,2525.80,2522.40,2524.80,3113
2024-09-04 02:00,2524.60,2528.40,2523.80,2526.80,2655
2024-09-04 03:00,2526.70,2528.10,2524.80,2526.60,1335
2024-09-04 04:00,2526.40,2528.00,2525.70,2527.10,973
2024-09-04 05:00,2527.10,2527.80,2524.00,2524.30,2785
2024-09-04 06:00,2524.40,2524.70,2514.70,2515.60,5975
2024-09-04 07:00,2515.50,2519.50,2512.80,2513.20,7408
2024-09-04 08:00,2513.10,2514.30,2503.30,2504.10,12290
2024-09-04 09:00,2504.20,2514.40,2502.70,2512.70,11257
2024-09-04 10:00,2512.70,2521.20,2512.20,2520.10,7264
2024-09-04 11:00,2520.20,2522.30,2517.60,2520.20,6982
2024-09-04 12:00,2520.20,2522.50,2516.30,2517.50,10619
2024-09-04 13:00,2517.40,2521.30,2512.80,2516.40,15729
2024-09-04 14:00,2516.20,2531.50,2515.50,2527.20,33810
2024-09-04 15:00,2527.40,2529.30,2523.90,2525.20,9706
2024-09-04 16:00,2525.10,2529.30,2524.30,2528.00,5580
2024-09-04 17:00,2528.00,2528.60,2524.80,2525.40,6805
2024-09-04 18:00,2525.40,2526.70,2523.00,2525.70,4575
2024-09-04 19:00,2525.80,2525.80,2522.50,2524.30,3974
2024-09-04 20:00,2524.20,2528.00,2523.80,2526.50,2396
2024-09-04 22:00,2526.40,2526.50,2524.70,2525.40,0
2024-09-04 23:00,2525.50,2527.00,2525.20,2526.00,997
2024-09-05 00:00,2526.00,2526.60,2524.50,2525.20,1211
2024-09-05 01:00,2525.20,2529.60,2524.70,2526.60,3500
2024-09-05 02:00,2526.60,2529.20,2526.40,2528.30,1273
2024-09-05 03:00,2528.20,2528.80,2524.60,2524.80,1815
2024-09-05 04:00,2524.70,2525.10,2523.70,2524.20,1949
2024-09-05 05:00,2524.10,2533.30,2523.80,2531.90,4222
2024-09-05 06:00,2531.90,2537.10,2530.80,2534.30,7797
2024-09-05 07:00,2534.20,2537.40,2532.90,2536.50,5111
2024-09-05 08:00,2536.50,2547.40,2536.10,2545.00,12185
2024-09-05 09:00,2545.20,2547.60,2545.20,2545.80,4981
2024-09-05 10:00,2545.70,2547.10,2543.50,2546.50,4522
2024-09-05 11:00,2546.60,2548.70,2543.80,2545.40,7198
2024-09-05 12:00,2545.50,2554.00,2544.30,2548.10,18795
2024-09-05 13:00,2548.10,2549.60,2542.60,2544.70,13304
2024-09-05 14:00,2544.90,2550.90,2537.50,2539.00,23789
2024-09-05 15:00,2539.10,2541.30,2533.70,2537.40,13731
2024-09-05 16:00,2537.40,2542.10,2536.30,2540.70,5310
2024-09-05 17:00,2540.60,2545.80,2539.60,2545.50,5625
2024-09-05 18:00,2545.60,2547.40,2545.00,2546.00,3237
2024-09-05 19:00,2545.90,2546.50,2544.00,2545.20,2832
2024-09-05 20:00,2545.30,2547.30,2545.10,2547.10,1415
2024-09-05 22:00,2547.10,2547.20,2545.70,2546.10,0
2024-09-05 23:00,2546.10,2547.90,2546.10,2547.20,1489
2024-09-06 00:00,2547.30,2547.50,2545.60,2545.90,1162
2024-09-06 01:00,2545.80,2546.50,2543.10,2543.50,2534
2024-09-06 02:00,2543.50,2547.80,2542.80,2547.40,2172
2024-09-06 03:00,2547.30,2548.20,2546.70,2547.70,1151
2024-09-06 04:00,2547.90,2549.40,2547.40,2548.30,2350
2024-09-06 05:00,2548.30,2551.90,2548.30,2550.10,3674
2024-09-06 06:00,2550.10,2551.70,2546.70,2549.40,4524
2024-09-06 07:00,2549.20,2550.10,2546.40,2546.50,3253
2024-09-06 08:00,2546.50,2548.40,2545.60,2547.80,3015
2024-09-06 09:00,2547.80,2549.90,2546.40,2549.10,2939
2024-09-06 10:00,2549.10,2549.70,2546.90,2548.80,3235
2024-09-06 11:00,2548.70,2550.30,2544.60,2546.20,3862
2024-09-06 12:00,2546.10,2559.80,2537.30,2552.30,34390
2024-09-06 13:00,2552.40,2553.20,2532.10,2539.30,32988
2024-09-06 14:00,2539.10,2545.60,2529.90,2536.30,28790
2024-09-06 15:00,2536.50,2548.40,2533.20,2534.90,29125
2024-09-06 16:00,2534.80,2535.40,2513.90,2518.40,32165
2024-09-06 17:00,2518.30,2526.50,2515.20,2524.80,13812
2024-09-06 18:00,2525.00,2526.20,2521.30,2524.00,4954
2024-09-06 19:00,2524.10,2526.30,2520.00,2525.40,5106
2024-09-06 20:00,2525.20,2527.30,2524.20,2526.80,2026
2024-09-08 22:00,2526.50,2527.30,2525.30,2527.00,2221
2024-09-08 23:00,2527.20,2527.50,2524.60,2526.00,2428
2024-09-09 00:00,2526.10,2527.30,2524.60,2525.00,3037
2024-09-09 01:00,2524.90,2527.80,2523.70,2526.80,3147
2024-09-09 02:00,2526.90,2528.30,2525.90,2526.10,2361
2024-09-09 03:00,2526.00,2529.50,2525.60,2528.20,2779
2024-09-09 04:00,2528.10,2528.50,2526.30,2527.20,1621
2024-09-09 05:00,2527.10,2527.30,2516.30,2516.80,4773
2024-09-09 06:00,2516.90,2522.40,2514.20,2518.70,8574
2024-09-09 07:00,2518.80,2526.00,2517.70,2523.50,10703
2024-09-09 08:00,2523.50,2524.90,2519.20,2521.10,9466
2024-09-09 09:00,2521.30,2526.60,2521.10,2525.30,5144
2024-09-09 10:00,2525.40,2528.30,2522.10,2523.60,5233
2024-09-09 11:00,2523.60,2528.10,2522.50,2526.40,3296
2024-09-09 12:00,2526.50,2533.50,2525.40,2530.20,9721
2024-09-09 13:00,2530.10,2534.70,2528.30,2529.00,16490
2024-09-09 14:00,2528.90,2530.40,2522.20,2526.10,12607
2024-09-09 15:00,2526.10,2528.90,2522.70,2528.30,6562
2024-09-09 16:00,2529.00,2534.40,2529.00,2533.50,6910
2024-09-09 17:00,2533.60,2535.80,2528.50,2529.00,10320
2024-09-09 18:00,2529.00,2534.40,2528.40,2533.80,4161
2024-09-09 19:00,2533.70,2535.20,2531.70,2535.10,2962
2024-09-09 20:00,2535.10,2536.50,2534.40,2535.50,1903
2024-09-09 22:00,2536.00,2536.10,2534.70,2535.90,0
2024-09-09 23:00,2535.80,2536.50,2534.60,2535.60,1777
2024-09-10 00:00,2535.70,2536.30,2533.60,2534.10,1566
2024-09-10 01:00,2534.20,2535.70,2531.60,2532.50,2339
2024-09-10 02:00,2532.70,2532.80,2530.70,2532.00,2092
2024-09-10 03:00,2531.90,2533.30,2530.40,2531.30,1732
2024-09-10 04:00,2531.40,2531.70,2529.80,2530.60,1671
2024-09-10 05:00,2530.60,2533.80,2529.60,2532.90,2633
2024-09-10 06:00,2533.00,2535.50,2532.20,2534.00,4136
2024-09-10 07:00,2533.90,2536.20,2531.10,2531.80,5689
2024-09-10 08:00,2531.70,2532.20,2529.10,2531.20,5638
2024-09-10 09:00,2531.10,2535.00,2528.90,2535.00,6536
2024-09-10 10:00,2535.00,2538.70,2534.00,2534.50,12253
2024-09-10 11:00,2534.50,2536.00,2533.00,2533.50,6062
2024-09-10 12:00,2533.50,2543.00,2533.40,2542.40,10265
2024-09-10 13:00,2542.80,2544.30,2535.10,2535.90,19443
2024-09-10 14:00,2535.80,2538.20,2529.70,2538.00,18125
2024-09-10 15:00,2538.00,2547.50,2537.10,2541.60,14636
2024-09-10 16:00,2541.70,2544.50,2539.60,2543.20,6636
2024-09-10 17:00,2543.10,2544.40,2541.60,2541.90,5500
2024-09-10 18:00,2541.90,2545.50,2540.80,2545.30,12407
2024-09-10 19:00,2545.10,2546.50,2543.20,2546.30,6928
2024-09-10 20:00,2546.40,2546.50,2544.90,2545.70,2323
2024-09-10 22:00,2545.70,2546.00,2545.10,2545.40,0
2024-09-10 23:00,2545.40,2547.80,2545.30,2547.60,1038
2024-09-11 00:00,2547.50,2547.90,2544.90,2545.30,1803
2024-09-11 01:00,2545.20,2552.00,2543.60,2547.70,6931
2024-09-11 02:00,2547.60,2549.40,2546.60,2547.80,2038
2024-09-11 03:00,2547.60,2548.90,2545.70,2548.20,2957
2024-09-11 04:00,2548.30,2549.00,2547.30,2548.40,2060
2024-09-11 05:00,2548.40,2551.30,2548.20,2550.20,4870
2024-09-11 06:00,2550.20,2558.00,2549.80,2555.50,11668
2024-09-11 07:00,2555.60,2556.80,2549.80,2550.60,5920
2024-09-11 08:00,2550.60,2556.20,2549.80,2553.30,8240
2024-09-11 09:00,2553.40,2553.60,2551.00,2552.20,2754
2024-09-11 10:00,2552.10,2552.20,2548.80,2550.80,6824
2024-09-11 11:00,2550.70,2553.40,2549.70,2551.00,5285
2024-09-11 12:00,2551.00,2553.50,2530.70,2538.30,34576
2024-09-11 13:00,2537.90,2541.80,2531.60,2538.40,27056
2024-09-11 14:00,2538.20,2539.20,2532.30,2538.20,18899
2024-09-11 15:00,2538.10,2543.90,2537.40,2543.60,9250
2024-09-11 16:00,2543.50,2549.00,2542.40,2544.10,10365
2024-09-11 17:00,2544.00,2545.70,2541.10,2543.40,12269
2024-09-11 18:00,2543.30,2545.20,2539.80,2540.00,6535
2024-09-11 19:00,2540.10,2541.90,2538.30,2541.50,4574
2024-09-11 20:00,2541.60,2542.40,2539.90,2540.20,1712
2024-09-11 22:00,2540.60,2541.60,2540.00,2540.50,0
2024-09-11 23:00,2540.50,2540.90,2539.50,2539.60,917
2024-09-12 00:00,2539.60,2540.20,2538.70,2540.00,1049
2024-09-12 01:00,2539.80,2543.10,2539.50,2541.00,2171
2024-09-12 02:00,2541.10,2542.10,2538.90,2540.20,1448
2024-09-12 03:00,2540.20,2543.90,2540.10,2543.60,1291
2024-09-12 04:00,2543.80,2545.60,2543.20,2544.80,1731
2024-09-12 05:00,2544.90,2547.50,2544.90,2547.20,2480
2024-09-12 06:00,2547.20,2550.00,2544.40,2544.40,4680
2024-09-12 07:00,2544.50,2545.70,2542.20,2543.80,4517
2024-09-12 08:00,2543.80,2547.30,2543.00,2545.10,3912
2024-09-12 09:00,2545.20,2547.00,2544.20,2547.00,2058
2024-09-12 10:00,2547.00,2549.00,2541.00,2541.20,6667
2024-09-12 11:00,2541.00,2548.30,2540.90,2547.40,14778
2024-09-12 12:00,2547.60,2564.10,2546.50,2556.80,32772
2024-09-12 13:00,2556.70,2580.40,2550.00,2573.80,56393
2024-09-12 14:00,2573.80,2582.90,2569.80,2581.90,25058
2024-09-12 15:00,2580.40,2583.60,2577.90,2581.70,13715
2024-09-12 16:00,2581.80,2582.10,2573.40,2579.20,12221
2024-09-12 17:00,2579.30,2583.50,2578.50,2582.40,12214
2024-09-12 18:00,2582.50,2587.20,2580.40,2584.30,10913
2024-09-12 19:00,2584.50,2587.70,2583.00,2586.20,6690
2024-09-12 20:00,2586.20,2588.50,2585.10,2587.20,3220
2024-09-12 22:00,2587.50,2587.70,2585.40,2585.70,0
2024-09-12 23:00,2585.70,2587.00,2585.00,2586.80,2303
2024-09-13 00:00,2586.80,2591.50,2585.10,2589.90,3508
2024-09-13 01:00,2589.90,2596.30,2587.90,2591.40,8506
2024-09-13 02:00,2591.40,2593.70,2589.60,2593.40,2535
2024-09-13 03:00,2593.40,2598.30,2592.80,2595.80,3619
2024-09-13 04:00,2596.10,2598.20,2594.80,2596.90,1849
2024-09-13 05:00,2596.90,2599.00,2594.00,2594.90,3184
2024-09-13 06:00,2594.70,2596.80,2591.40,2595.10,6807
2024-09-13 07:00,2595.10,2599.20,2591.90,2597.70,8481
2024-09-13 08:00,2597.80,2599.10,2593.40,2597.80,6414
2024-09-13 09:00,2597.80,2601.00,2594.70,2596.20,9104
2024-09-13 10:00,2596.30,2597.10,2593.40,2594.80,4171
2024-09-13 11:00,2594.90,2596.10,2591.40,2595.00,4308
2024-09-13 12:00,2595.20,2604.00,2593.80,2603.90,10499
2024-09-13 13:00,2603.90,2611.70,2601.50,2605.80,25935
2024-09-13 14:00,2605.60,2608.40,2601.20,2606.40,16566
2024-09-13 15:00,2606.60,2610.60,2601.60,2610.30,11620
2024-09-13 16:00,2610.40,2613.30,2608.20,2612.60,9739
2024-09-13 17:00,2611.50,2614.40,2609.70,2610.70,8845
2024-09-13 18:00,2610.90,2612.10,2608.80,2610.40,5529
2024-09-13 19:00,2610.50,2611.20,2606.80,2611.00,4983
2024-09-13 20:00,2610.80,2611.20,2605.70,2606.20,3150
2024-09-15 22:00,2608.00,2608.70,2605.50,2608.10,2503
2024-09-15 23:00,2608.20,2608.50,2606.30,2607.00,2148
2024-09-16 00:00,2606.90,2610.20,2606.80,2609.10,1448
2024-09-16 01:00,2609.00,2610.40,2607.30,2609.40,1950
2024-09-16 02:00,2609.30,2613.70,2609.20,2613.10,1956
2024-09-16 03:00,2613.10,2616.60,2611.50,2614.20,4126
2024-09-16 04:00,2614.20,2614.50,2612.60,2613.50,1122
2024-09-16 05:00,2613.40,2616.90,2613.10,2616.20,2512
2024-09-16 06:00,2616.30,2617.40,2612.70,2612.90,4435
2024-09-16 07:00,2612.90,2613.20,2607.20,2609.80,9327
2024-09-16 08:00,2609.90,2616.20,2609.20,2614.30,6773
2024-09-16 09:00,2614.30,2615.80,2611.60,2612.90,4015
2024-09-16 10:00,2613.10,2613.80,2602.50,2607.50,8011
2024-09-16 11:00,2607.40,2610.70,2606.40,2610.50,5117
2024-09-16 12:00,2610.60,2611.00,2606.00,2610.60,10373
2024-09-16 13:00,2612.00,2616.80,2608.60,2615.80,13121
2024-09-16 14:00,2615.70,2616.10,2603.70,2607.70,15162
2024-09-16 15:00,2607.70,2609.60,2605.20,2607.40,7418
2024-09-16 16:00,2607.50,2611.30,2607.10,2611.30,4650
2024-09-16 17:00,2611.10,2611.70,2607.20,2610.10,5594
2024-09-16 18:00,2610.20,2610.40,2607.80,2608.60,2562
2024-09-16 19:00,2608.50,2610.90,2607.10,2609.90,2339
2024-09-16 20:00,2609.90,2611.00,2609.20,2610.00,1468
2024-09-16 22:00,2609.80,2610.80,2609.30,2610.10,0
2024-09-16 23:00,2610.30,2610.90,2609.30,2610.80,829
2024-09-17 00:00,2610.70,2611.50,2606.90,2607.10,1744
2024-09-17 01:00,2607.10,2609.80,2605.40,2609.60,2491
2024-09-17 02:00,2610.10,2613.40,2607.90,2608.70,3627
2024-09-17 03:00,2608.50,2608.60,2604.10,2604.20,3787
2024-09-17 04:00,2604.40,2606.40,2601.20,2603.60,3378
2024-09-17 05:00,2603.80,2606.50,2601.30,2606.20,3031
2024-09-17 06:00,2606.30,2613.70,2606.20,2611.20,6825
2024-09-17 07:00,2611.10,2612.70,2609.60,2610.70,3219
2024-09-17 08:00,2610.70,2611.00,2604.80,2607.30,5792
2024-09-17 09:00,2607.20,2607.20,2598.90,2600.50,8827
2024-09-17 10:00,2600.50,2603.00,2596.90,2600.30,7927
2024-09-17 11:00,2600.20,2609.00,2599.40,2606.90,10665
2024-09-17 12:00,2607.10,2608.20,2594.90,2604.50,18435
2024-09-17 13:00,2604.70,2606.50,2599.50,2600.50,12601
2024-09-17 14:00,2600.40,2609.50,2598.30,2603.50,15774
2024-09-17 15:00,2603.60,2604.20,2588.40,2592.40,15539
2024-09-17 16:00,2590.40,2593.30,2588.00,2589.70,9017
2024-09-17 17:00,2589.80,2597.20,2587.30,2596.70,9883
2024-09-17 18:00,2596.50,2598.40,2595.40,2596.90,3575
2024-09-17 19:00,2596.80,2597.90,2593.70,2595.40,3325
2024-09-17 20:00,2595.40,2597.00,2594.90,2596.40,1779
2024-09-17 22:00,2596.00,2597.90,2595.80,2597.10,0
2024-09-17 23:00,2597.10,2600.60,2597.10,2600.30,1405
2024-09-18 00:00,2600.20,2601.00,2597.70,2599.40,1973
2024-09-18 01:00,2599.30,2602.90,2598.00,2598.50,4870
2024-09-18 02:00,2598.70,2600.50,2596.40,2600.10,3092
2024-09-18 03:00,2600.20,2602.80,2599.10,2602.00,2935
2024-09-18 04:00,2602.20,2602.80,2594.20,2594.90,4279
2024-09-18 05:00,2594.80,2595.50,2591.90,2594.00,4333
2024-09-18 06:00,2594.10,2596.30,2592.90,2595.20,2925
2024-09-18 07:00,2595.50,2598.20,2595.00,2597.80,3840
2024-09-18 08:00,2597.90,2598.20,2594.60,2596.10,2126
2024-09-18 09:00,2596.10,2598.60,2594.30,2598.60,4769
2024-09-18 10:00,2598.80,2604.80,2597.80,2602.70,7453
2024-09-18 11:00,2602.80,2607.30,2601.60,2604.00,6288
2024-09-18 12:00,2604.10,2605.40,2600.10,2602.80,7408
2024-09-18 13:00,2602.80,2605.30,2595.20,2598.50,10513
2024-09-18 14:00,2598.50,2601.60,2594.50,2598.40,9037
2024-09-18 15:00,2598.40,2601.40,2594.70,2596.50,6951
2024-09-18 16:00,2597.10,2602.00,2595.70,2601.70,4039
2024-09-18 17:00,2601.70,2601.70,2593.50,2594.00,8581
2024-09-18 18:00,2594.40,2627.20,2594.40,2601.90,73344
2024-09-18 19:00,2602.00,2602.50,2572.50,2575.00,48528
2024-09-18 20:00,2574.80,2586.70,2574.20,2584.80,7449
2024-09-18 22:00,2585.10,2586.60,2580.80,2584.20,0
2024-09-18 23:00,2584.00,2584.50,2580.90,2584.10,1774
2024-09-19 00:00,2584.20,2584.40,2581.80,2583.50,2485
2024-09-19 01:00,2583.50,2583.50,2575.30,2580.10,6549
2024-09-19 02:00,2580.20,2591.20,2580.20,2588.90,6973
2024-09-19 03:00,2588.90,2590.10,2585.80,2588.90,5369
2024-09-19 04:00,2588.80,2588.90,2584.00,2588.70,4622
2024-09-19 05:00,2588.60,2599.20,2588.60,2599.20,8481
2024-09-19 06:00,2599.10,2603.50,2598.60,2600.70,8760
2024-09-19 07:00,2600.60,2610.00,2599.80,2609.80,10651
2024-09-19 08:00,2609.90,2612.00,2606.40,2610.40,6109
2024-09-19 09:00,2610.30,2620.50,2609.40,2617.10,14821
2024-09-19 10:00,2617.10,2617.10,2611.00,2613.90,8280
2024-09-19 11:00,2613.90,2615.10,2609.40,2614.70,6397
2024-09-19 12:00,2614.60,2616.50,2598.10,2601.60,20427
2024-09-19 13:00,2600.20,2607.70,2594.30,2600.10,23508
2024-09-19 14:00,2599.90,2610.00,2596.60,2606.40,18194
2024-09-19 15:00,2606.50,2614.90,2606.20,2614.60,11472
2024-09-19 16:00,2614.80,2617.90,2613.30,2617.10,9987
2024-09-19 17:00,2617.00,2618.20,2613.40,2616.00,6856
2024-09-19 18:00,2616.10,2616.30,2611.90,2613.50,5012
2024-09-19 19:00,2613.40,2613.90,2610.80,2613.30,4413
2024-09-19 20:00,2613.90,2614.60,2610.90,2611.70,2539
2024-09-19 22:00,2611.20,2612.60,2610.90,2612.30,0
2024-09-19 23:00,2612.30,2612.40,2611.00,2611.80,996
2024-09-20 00:00,2611.80,2613.20,2610.60,2612.80,1740
2024-09-20 01:00,2612.80,2614.40,2608.70,2613.30,4648
2024-09-20 02:00,2613.10,2617.60,2612.20,2616.70,2617
2024-09-20 03:00,2616.70,2618.70,2615.80,2616.90,3698
2024-09-20 04:00,2616.50,2619.60,2616.50,2618.50,3375
2024-09-20 05:00,2618.60,2620.20,2617.30,2619.50,2675
2024-09-20 06:00,2619.60,2632.50,2619.30,2630.60,14019
2024-09-20 07:00,2630.90,2635.10,2629.90,2632.30,10853
2024-09-20 08:00,2632.30,2637.90,2630.60,2634.80,7743
2024-09-20 09:00,2634.90,2635.70,2627.40,2631.30,7945
2024-09-20 10:00,2631.40,2639.30,2631.30,2638.40,7348
2024-09-20 11:00,2638.50,2640.70,2635.30,2639.10,6642
2024-09-20 12:00,2639.00,2644.90,2638.80,2641.00,13599
2024-09-20 13:00,2640.90,2641.90,2627.50,2631.90,26848
2024-09-20 14:00,2631.90,2642.50,2629.90,2639.00,20655
2024-09-20 15:00,2639.00,2648.60,2636.20,2648.30,24156
2024-09-20 16:00,2648.30,2651.00,2645.20,2650.00,12091
2024-09-20 17:00,2650.00,2650.50,2644.10,2644.70,11029
2024-09-20 18:00,2644.80,2647.50,2642.90,2646.90,6202
2024-09-20 19:00,2646.70,2648.70,2645.80,2646.10,5499
2024-09-20 20:00,2646.10,2647.70,2644.00,2647.10,2659
2024-09-22 22:00,2646.20,2647.80,2643.10,2645.00,1745
2024-09-22 23:00,2645.10,2646.00,2644.10,2644.80,753
2024-09-23 00:00,2644.60,2645.00,2642.90,2643.20,1749
2024-09-23 01:00,2643.00,2646.50,2640.70,2645.00,5537
2024-09-23 02:00,2644.90,2652.50,2643.50,2650.10,4746
2024-09-23 03:00,2650.10,2655.90,2649.60,2653.00,5194
2024-09-23 04:00,2653.10,2655.80,2652.70,2654.10,1822
2024-09-23 05:00,2654.10,2656.10,2651.40,2654.60,3181
2024-09-23 06:00,2654.80,2654.80,2649.30,2649.30,4792
2024-09-23 07:00,2649.20,2649.80,2638.60,2640.00,11714
2024-09-23 08:00,2639.90,2645.30,2639.50,2641.70,6843
2024-09-23 09:00,2641.60,2646.80,2640.10,2646.40,4810
2024-09-23 10:00,2646.30,2648.40,2645.60,2646.20,6048
2024-09-23 11:00,2646.30,2650.50,2645.80,2649.00,6686
2024-09-23 12:00,2648.90,2653.00,2644.50,2651.90,10818
2024-09-23 13:00,2651.90,2659.40,2650.60,2656.60,25034
2024-09-23 14:00,2656.60,2659.80,2652.40,2655.60,18534
2024-09-23 15:00,2654.20,2657.00,2650.60,2654.10,11854
2024-09-23 16:00,2654.00,2655.70,2651.30,2653.10,11682
2024-09-23 17:00,2653.10,2654.10,2651.40,2653.00,7057
2024-09-23 18:00,2652.90,2653.90,2650.90,2652.30,3987
2024-09-23 19:00,2652.20,2652.70,2650.40,2651.00,3916
2024-09-23 20:00,2651.10,2653.70,2650.90,2653.40,1405
2024-09-23 22:00,2653.30,2653.80,2651.10,2652.10,0
2024-09-23 23:00,2652.10,2652.10,2650.50,2651.10,963
2024-09-24 00:00,2651.00,2651.30,2648.50,2650.00,2102
2024-09-24 01:00,2649.80,2655.20,2649.60,2653.90,4713
2024-09-24 02:00,2653.90,2654.10,2651.50,2653.80,2555
2024-09-24 03:00,2653.70,2660.90,2653.60,2659.10,5877
2024-09-24 04:00,2658.80,2662.80,2656.50,2662.50,4479
2024-09-24 05:00,2662.50,2664.60,2649.90,2650.10,9201
2024-09-24 06:00,2650.30,2654.60,2648.90,2653.10,9720
2024-09-24 07:00,2653.40,2654.90,2647.10,2653.60,8796
2024-09-24 08:00,2653.50,2654.20,2650.50,2653.70,4339
2024-09-24 09:00,2653.50,2655.70,2651.60,2655.30,4950
2024-09-24 10:00,2655.40,2661.00,2655.20,2658.20,7510
2024-09-24 11:00,2658.30,2658.50,2647.90,2651.10,12315
2024-09-24 12:00,2651.10,2658.00,2648.00,2658.00,14270
2024-09-24 13:00,2658.10,2662.20,2655.80,2660.20,16620
2024-09-24 14:00,2660.30,2672.00,2659.00,2668.50,25728
2024-09-24 15:00,2668.50,2673.70,2664.40,2667.80,18837
2024-09-24 16:00,2667.90,2680.30,2667.10,2678.60,19927
2024-09-24 17:00,2678.60,2680.00,2674.90,2679.10,9821
2024-09-24 18:00,2679.00,2682.70,2678.40,2682.40,6754
2024-09-24 19:00,2682.30,2689.40,2681.30,2687.70,11562
2024-09-24 20:00,2687.70,2688.80,2681.50,2682.10,5307
2024-09-24 22:00,2682.80,2684.40,2682.10,2683.60,0
2024-09-24 23:00,2683.70,2684.00,2681.30,2682.90,1751
2024-09-25 00:00,2682.90,2686.40,2681.40,2685.30,2767
2024-09-25 01:00,2685.50,2687.70,2679.80,2684.30,8424
2024-09-25 02:00,2684.20,2694.90,2683.80,2694.40,6714
2024-09-25 03:00,2694.40,2694.60,2684.20,2685.50,5080
2024-09-25 04:00,2685.90,2686.20,2682.00,2683.20,2696
2024-09-25 05:00,2683.10,2684.10,2678.60,2681.20,5399
2024-09-25 06:00,2681.10,2683.70,2677.80,2679.20,6855
2024-09-25 07:00,2679.50,2681.90,2674.20,2681.10,7371
2024-09-25 08:00,2681.20,2682.90,2678.80,2680.20,4364
2024-09-25 09:00,2680.20,2681.90,2677.00,2681.10,4808
2024-09-25 10:00,2681.20,2682.50,2678.60,2679.80,5485
2024-09-25 11:00,2679.80,2682.40,2678.10,2681.70,4847
2024-09-25 12:00,2681.50,2685.30,2681.20,2683.80,11500
2024-09-25 13:00,2683.80,2691.50,2682.60,2689.00,17570
2024-09-25 14:00,2688.70,2691.90,2678.00,2683.40,24745
2024-09-25 15:00,2683.40,2685.20,2679.50,2682.10,13569
2024-09-25 16:00,2682.20,2683.50,2673.40,2677.80,16935
2024-09-25 17:00,2677.80,2687.30,2677.20,2684.80,17794
2024-09-25 18:00,2684.90,2685.90,2683.20,2684.70,4704
2024-09-25 19:00,2684.50,2685.80,2683.70,2683.80,3826
2024-09-25 20:00,2683.90,2684.30,2680.30,2681.30,2996
2024-09-25 22:00,2681.20,2683.30,2680.70,2681.80,0
2024-09-25 23:00,2681.90,2683.20,2679.60,2679.80,1849
2024-09-26 00:00,2679.90,2683.80,2678.50,2682.60,3985
2024-09-26 01:00,2682.50,2685.10,2681.20,2684.50,2998
2024-09-26 02:00,2684.30,2685.10,2680.30,2681.40,2226
2024-09-26 03:00,2681.30,2685.70,2681.00,2685.30,3393
2024-09-26 04:00,2685.70,2686.20,2683.30,2683.80,1669
2024-09-26 05:00,2683.70,2686.70,2683.00,2684.80,3113
2024-09-26 06:00,2684.50,2685.70,2681.10,2684.50,4494
2024-09-26 07:00,2684.70,2690.00,2682.40,2687.60,8156
2024-09-26 08:00,2687.70,2693.70,2687.60,2692.30,7528
2024-09-26 09:00,2692.30,2693.10,2690.20,2692.20,6462
2024-09-26 10:00,2692.10,2699.00,2690.70,2695.90,11085
2024-09-26 11:00,2696.00,2708.70,2695.60,2705.90,16694
2024-09-26 12:00,2706.00,2707.30,2691.40,2700.30,27754
2024-09-26 13:00,2700.40,2702.80,2677.50,2683.50,42560
2024-09-26 14:00,2683.50,2692.30,2682.40,2688.80,20828
2024-09-26 15:00,2688.80,2696.00,2685.30,2694.20,11224
2024-09-26 16:00,2694.20,2695.30,2685.90,2691.00,11387
2024-09-26 17:00,2690.90,2695.20,2690.50,2693.90,6987
2024-09-26 18:00,2694.00,2700.20,2693.10,2698.90,6194
2024-09-26 19:00,2698.90,2700.90,2695.10,2696.60,4694
2024-09-26 20:00,2696.60,2696.90,2693.70,2695.10,0
2024-09-26 22:00,2695.10,2695.70,2694.30,2694.70,1183
2024-09-26 23:00,2694.70,2695.60,2694.30,2694.90,1168
2024-09-27 00:00,2694.90,2695.00,2691.60,2692.00,1983
2024-09-27 01:00,2692.00,2695.10,2688.50,2691.90,4067
2024-09-27 02:00,2691.90,2693.30,2689.50,2691.30,3529
2024-09-27 03:00,2691.40,2696.40,2691.00,2696.10,2272
2024-09-27 04:00,2696.20,2696.30,2691.70,2692.90,1604
2024-09-27 05:00,2693.00,2693.70,2684.40,2687.20,4781
2024-09-27 06:00,2687.30,2691.70,2686.20,2687.90,7552
2024-09-27 07:00,2687.80,2690.50,2683.20,2687.10,8205
2024-09-27 08:00,2687.00,2687.80,2684.00,2684.80,4831
2024-09-27 09:00,2684.70,2687.40,2680.60,2686.20,7463
2024-09-27 10:00,2686.20,2687.90,2684.30,2686.70,4264
2024-09-27 11:00,2686.70,2691.60,2686.70,2688.40,5022
2024-09-27 12:00,2688.40,2696.50,2684.70,2692.40,16109
2024-09-27 13:00,2692.50,2693.60,2686.50,2688.90,17095
2024-09-27 14:00,2688.80,2689.60,2671.50,2671.80,26186
2024-09-27 15:00,2671.70,2676.90,2666.30,2672.00,27411
2024-09-27 16:00,2672.00,2678.50,2668.10,2673.90,12433
2024-09-27 17:00,2674.00,2674.40,2665.30,2667.60,13824
2024-09-27 18:00,2667.70,2671.50,2665.80,2670.40,5511
2024-09-27 19:00,2670.50,2675.30,2668.00,2674.50,5550
2024-09-27 20:00,2674.30,2682.70,2673.60,2680.80,3759
2024-09-29 22:00,2680.50,2685.50,2679.30,2684.50,3295
2024-09-29 23:00,2684.40,2686.80,2683.40,2685.30,2296
2024-09-30 00:00,2685.40,2687.70,2682.80,2683.10,3583
2024-09-30 01:00,2683.10,2685.90,2668.80,2674.40,8376
2024-09-30 02:00,2674.10,2678.10,2672.00,2673.90,3682
2024-09-30 03:00,2674.00,2677.30,2673.60,2675.00,1379
2024-09-30 04:00,2675.00,2677.60,2673.70,2677.50,1920
2024-09-30 05:00,2677.40,2681.00,2676.00,2679.40,2756
2024-09-30 06:00,2679.40,2681.80,2677.20,2679.60,5109
2024-09-30 07:00,2679.70,2682.40,2672.30,2672.60,6714
2024-09-30 08:00,2672.60,2678.40,2672.30,2675.30,5374
2024-09-30 09:00,2675.30,2675.30,2670.00,2671.40,5510
2024-09-30 10:00,2671.40,2671.70,2657.30,2658.30,11294
2024-09-30 11:00,2658.40,2664.40,2655.80,2663.20,8555
2024-09-30 12:00,2663.40,2666.00,2656.50,2660.60,9749
2024-09-30 13:00,2660.80,2663.60,2651.70,2657.10,16432
2024-09-30 14:00,2657.00,2657.90,2650.20,2655.00,15808
2024-09-30 15:00,2655.10,2658.10,2652.00,2655.80,8037
2024-09-30 16:00,2656.10,2661.00,2654.90,2660.80,6592
2024-09-30 17:00,2660.80,2663.40,2657.80,2659.20,8316
2024-09-30 18:00,2659.20,2659.80,2646.20,2653.20,14819
2024-09-30 19:00,2653.10,2653.50,2648.10,2652.80,5072
2024-09-30 20:00,2652.90,2656.90,2652.60,2656.40,1943
2024-09-30 22:00,2656.10,2656.40,2653.80,2656.40,0
2024-09-30 23:00,2656.50,2657.80,2656.00,2657.20,1396
2024-10-01 00:00,2657.30,2658.70,2655.40,2657.90,2031
2024-10-01 01:00,2658.00,2661.40,2657.00,2661.30,1375
2024-10-01 02:00,2661.30,2661.50,2656.40,2657.80,2521
2024-10-01 03:00,2657.80,2660.00,2655.80,2659.30,1657
2024-10-01 04:00,2659.20,2661.80,2658.70,2661.00,1485
2024-10-01 05:00,2660.90,2665.80,2660.90,2664.40,3391
2024-10-01 06:00,2664.30,2666.80,2663.80,2666.50,3323
2024-10-01 07:00,2666.60,2668.90,2662.90,2667.00,7778
2024-10-01 08:00,2667.10,2668.20,2663.80,2667.90,4060
2024-10-01 09:00,2667.80,2670.70,2666.80,2670.10,6127
2024-10-01 10:00,2670.10,2672.00,2669.70,2671.70,3096
2024-10-01 11:00,2671.70,2673.60,2668.00,2671.80,5676
2024-10-01 12:00,2671.80,2678.30,2671.70,2673.20,11644
2024-10-01 13:00,2673.20,2694.00,2669.50,2689.80,39403
2024-10-01 14:00,2690.80,2691.90,2678.90,2680.50,28102
2024-10-01 15:00,2680.60,2687.10,2675.20,2685.10,18727
2024-10-01 16:00,2685.00,2694.70,2682.90,2687.80,18369
2024-10-01 17:00,2687.80,2693.40,2681.90,2683.80,18824
2024-10-01 18:00,2683.70,2686.40,2678.90,2682.50,7522
2024-10-01 19:00,2682.40,2685.60,2679.40,2679.90,5323
2024-10-01 20:00,2679.90,2685.30,2679.20,2684.80,2387
2024-10-01 22:00,2684.60,2684.60,2681.90,2683.00,0
2024-10-01 23:00,2683.10,2683.20,2681.00,2681.20,1085
2024-10-02 00:00,2681.20,2681.50,2678.00,2678.50,2271
2024-10-02 01:00,2678.50,2683.20,2677.20,2681.60,3074
2024-10-02 02:00,2681.60,2682.20,2679.50,2681.10,1536
2024-10-02 03:00,2681.20,2682.60,2676.00,2676.50,2499
2024-10-02 04:00,2676.20,2677.50,2673.40,2675.20,2888
2024-10-02 05:00,2675.00,2677.20,2665.40,2669.00,6442
2024-10-02 06:00,2669.10,2672.30,2668.10,2670.60,3197
2024-10-02 07:00,2670.60,2676.70,2670.40,2676.50,5499
2024-10-02 08:00,2676.60,2676.90,2669.60,2673.40,6506
2024-10-02 09:00,2673.40,2676.80,2672.60,2674.10,4307
2024-10-02 10:00,2674.00,2675.50,2669.80,2670.20,2534
2024-10-02 11:00,2670.10,2673.60,2669.10,2670.60,3377
2024-10-02 12:00,2670.70,2674.20,2664.90,2670.80,11653
2024-10-02 13:00,2670.80,2682.30,2670.30,2680.80,16583
2024-10-02 14:00,2681.00,2684.80,2668.40,2669.20,15753
2024-10-02 15:00,2669.30,2672.00,2662.10,2671.30,14406
2024-10-02 16:00,2671.20,2673.70,2669.20,2670.90,5714
2024-10-02 17:00,2671.00,2674.30,2668.40,2673.60,4920
2024-10-02 18:00,2673.70,2677.10,2672.40,2675.00,4464
2024-10-02 19:00,2675.10,2680.10,2674.70,2679.80,3467
2024-10-02 20:00,2679.80,2681.20,2679.40,2680.20,1833
2024-10-02 22:00,2679.90,2680.80,2678.80,2679.70,0
2024-10-02 23:00,2679.60,2681.40,2679.60,2680.30,1304
2024-10-03 00:00,2680.40,2683.40,2677.90,2678.30,3742
2024-10-03 01:00,2678.20,2679.50,2675.40,2678.80,1759
2024-10-03 02:00,2678.70,2679.20,2675.80,2676.20,1427
2024-10-03 03:00,2676.10,2678.20,2673.70,2676.60,2339
2024-10-03 04:00,2676.20,2676.90,2674.80,2675.20,855
2024-10-03 05:00,2675.30,2676.80,2672.30,2673.60,2390
2024-10-03 06:00,2673.60,2677.90,2671.80,2676.30,3345
2024-10-03 07:00,2676.40,2676.70,2663.70,2665.50,8001
2024-10-03 08:00,2665.40,2667.70,2661.90,2665.30,5704
2024-10-03 09:00,2665.20,2667.90,2660.80,2664.90,5771
2024-10-03 10:00,2664.80,2668.10,2664.10,2666.90,3665
2024-10-03 11:00,2667.00,2669.30,2663.50,2668.30,4194
2024-10-03 12:00,2668.30,2675.90,2662.30,2662.60,10537
2024-10-03 13:00,2662.60,2671.60,2661.80,2667.60,12338
2024-10-03 14:00,2667.30,2675.10,2657.80,2670.40,30165
2024-10-03 15:00,2670.30,2674.90,2667.80,2668.90,8538
2024-10-03 16:00,2669.20,2681.90,2668.70,2680.30,10774
2024-10-03 17:00,2680.30,2682.40,2675.30,2676.90,8053
2024-10-03 18:00,2677.00,2679.90,2675.60,2677.50,2847
2024-10-03 19:00,2677.30,2679.60,2676.90,2677.90,4069
2024-10-03 20:00,2677.90,2678.00,2675.70,2675.90,1614
2024-10-03 22:00,2675.70,2677.00,2673.90,2675.70,0
2024-10-03 23:00,2675.50,2676.20,2673.90,2675.40,581
2024-10-04 00:00,2675.50,2677.40,2675.10,2677.00,1314
2024-10-04 01:00,2676.90,2679.00,2676.50,2678.10,1486
2024-10-04 02:00,2678.10,2683.60,2677.80,2681.80,2229
2024-10-04 03:00,2682.00,2683.40,2680.50,2680.90,1964
2024-10-04 04:00,2680.80,2686.20,2680.30,2683.90,2658
2024-10-04 05:00,2683.90,2687.70,2683.90,2687.20,1955
2024-10-04 06:00,2687.20,2687.50,2680.00,2680.20,3097
2024-10-04 07:00,2679.90,2683.20,2678.60,2681.00,4076
2024-10-04 08:00,2681.10,2681.50,2678.70,2679.10,1899
2024-10-04 09:00,2679.00,2680.10,2676.60,2677.40,3778
2024-10-04 10:00,2677.40,2680.70,2677.10,2678.20,2129
2024-10-04 11:00,2678.10,2682.60,2677.30,2681.40,4478
2024-10-04 12:00,2681.30,2681.50,2651.60,2658.50,41879
2024-10-04 13:00,2658.40,2675.60,2657.10,2671.90,29263
2024-10-04 14:00,2671.90,2681.60,2666.40,2678.70,19049
2024-10-04 15:00,2678.70,2690.60,2667.50,2673.40,37456
2024-10-04 16:00,2673.40,2673.90,2661.80,2665.50,10164
2024-10-04 17:00,2665.40,2670.50,2663.90,2670.10,7413
2024-10-04 18:00,2670.20,2670.80,2664.40,2665.50,3787
2024-10-04 19:00,2665.50,2672.00,2662.60,2671.60,4392
2024-10-04 20:00,2671.50,2673.80,2669.70,2673.20,2441
2024-10-06 22:00,2671.70,2672.60,2667.90,2670.20,1440
2024-10-06 23:00,2670.10,2671.90,2669.10,2669.60,1251
2024-10-07 00:00,2669.70,2670.50,2667.20,2668.80,1797
2024-10-07 01:00,2668.90,2671.50,2663.00,2665.70,3522
2024-10-07 02:00,2665.70,2668.10,2664.60,2664.60,1770
2024-10-07 03:00,2664.60,2666.60,2663.50,2666.30,1985
2024-10-07 04:00,2666.80,2668.20,2665.80,2666.30,1049
2024-10-07 05:00,2666.20,2666.20,2659.00,2660.30,2994
2024-10-07 06:00,2660.30,2663.20,2659.10,2662.60,4270
2024-10-07 07:00,2662.60,2672.50,2661.30,2671.80,6527
2024-10-07 08:00,2671.60,2676.00,2670.70,2671.70,6923
2024-10-07 09:00,2671.90,2676.90,2670.00,2676.40,3978
2024-10-07 10:00,2676.30,2678.20,2674.80,2674.90,3307
2024-10-07 11:00,2675.00,2679.20,2674.60,2676.60,5429
2024-10-07 12:00,2676.60,2679.10,2657.30,2659.60,18362
2024-10-07 13:00,2659.70,2673.20,2659.30,2662.20,18495
2024-10-07 14:00,2662.20,2667.50,2660.10,2660.50,13911
2024-10-07 15:00,2660.50,2669.80,2658.70,2665.20,9109
2024-10-07 16:00,2665.20,2666.60,2662.00,2666.40,3960
2024-10-07 17:00,2666.30,2668.30,2663.60,2667.40,6180
2024-10-07 18:00,2667.50,2667.60,2658.80,2660.10,4813
2024-10-07 19:00,2660.20,2664.10,2659.60,2662.50,3905
2024-10-07 20:00,2662.80,2663.10,2661.10,2661.90,1245
2024-10-07 22:00,2662.80,2668.20,2660.90,2663.20,0
2024-10-07 23:00,2663.20,2664.00,2661.60,2662.10,1927
2024-10-08 00:00,2662.10,2664.30,2661.60,2662.70,2189
2024-10-08 01:00,2662.60,2667.00,2656.70,2666.20,7668
2024-10-08 02:00,2666.50,2667.30,2652.70,2654.80,7948
2024-10-08 03:00,2654.80,2664.80,2654.50,2661.80,5213
2024-10-08 04:00,2662.00,2662.90,2660.30,2662.10,1512
2024-10-08 05:00,2662.10,2665.80,2660.70,2664.30,2560
2024-10-08 06:00,2664.20,2665.90,2655.00,2655.80,5222
2024-10-08 07:00,2655.60,2657.60,2649.60,2652.90,10347
2024-10-08 08:00,2652.90,2659.50,2647.30,2657.10,9189
2024-10-08 09:00,2657.20,2661.20,2654.90,2660.60,4602
2024-10-08 10:00,2660.60,2666.90,2659.00,2665.40,7190
2024-10-08 11:00,2665.40,2672.40,2665.20,2670.00,10340
2024-10-08 12:00,2670.00,2672.40,2658.70,2665.20,17721
2024-10-08 13:00,2665.10,2666.90,2655.60,2658.70,16905
2024-10-08 14:00,2658.80,2659.40,2638.00,2640.10,38290
2024-10-08 15:00,2640.10,2640.20,2623.40,2632.00,31762
2024-10-08 16:00,2632.00,2635.30,2625.40,2627.50,13885
2024-10-08 17:00,2626.30,2636.70,2624.00,2633.00,14644
2024-10-08 18:00,2633.10,2635.60,2632.30,2634.40,3788
2024-10-08 19:00,2634.40,2642.90,2633.60,2641.90,6919
2024-10-08 20:00,2641.90,2642.00,2637.90,2640.60,2442
2024-10-08 22:00,2640.70,2641.30,2639.30,2640.80,0
2024-10-08 23:00,2640.80,2642.50,2640.00,2640.70,1613
2024-10-09 00:00,2640.60,2641.80,2639.40,2639.60,2225
2024-10-09 01:00,2639.70,2642.90,2636.90,2638.70,5059
2024-10-09 02:00,2638.60,2639.00,2635.30,2637.10,2823
2024-10-09 03:00,2636.90,2637.40,2633.40,2635.80,3816
2024-10-09 04:00,2635.70,2637.20,2633.80,2634.40,1619
2024-10-09 05:00,2634.50,2642.80,2634.20,2638.20,3650
2024-10-09 06:00,2638.10,2638.10,2628.80,2631.20,8031
2024-10-09 07:00,2631.00,2634.20,2627.60,2630.00,4928
2024-10-09 08:00,2630.00,2635.90,2628.90,2634.80,9097
2024-10-09 09:00,2634.80,2637.10,2633.30,2636.60,4395
2024-10-09 10:00,2636.70,2639.90,2634.50,2639.50,4375
2024-10-09 11:00,2639.50,2641.00,2635.10,2637.50,4908
2024-10-09 12:00,2637.40,2640.90,2633.60,2637.30,9881
2024-10-09 13:00,2637.40,2639.30,2625.10,2628.00,18354
2024-10-09 14:00,2628.10,2630.30,2622.80,2628.30,16714
2024-10-09 15:00,2628.20,2636.50,2627.90,2633.20,12388
2024-10-09 16:00,2633.30,2634.20,2626.00,2627.10,6588
2024-10-09 17:00,2627.20,2628.50,2624.80,2628.10,7876
2024-10-09 18:00,2628.30,2629.60,2623.30,2624.90,5219
2024-10-09 19:00,2624.80,2628.70,2624.70,2627.50,2908
2024-10-09 20:00,2627.60,2627.90,2625.30,2626.10,1475
2024-10-09 22:00,2625.80,2626.70,2624.80,2626.10,0
2024-10-09 23:00,2626.00,2626.60,2625.00,2625.40,1007
2024-10-10 00:00,2625.60,2627.30,2623.10,2626.50,2559
2024-10-10 01:00,2626.60,2629.70,2623.90,2626.20,5228
2024-10-10 02:00,2626.10,2632.60,2625.00,2632.20,2690
2024-10-10 03:00,2632.30,2633.80,2628.70,2628.90,3749
2024-10-10 04:00,2628.90,2631.90,2628.80,2631.00,1238
2024-10-10 05:00,2631.00,2632.60,2629.50,2630.10,1499
2024-10-10 06:00,2630.40,2633.90,2627.80,2629.80,4039
2024-10-10 07:00,2629.80,2634.30,2627.40,2633.90,4496
2024-10-10 08:00,2633.80,2634.40,2630.60,2632.40,3521
2024-10-10 09:00,2632.30,2635.90,2631.30,2634.20,3359
2024-10-10 10:00,2634.30,2635.50,2632.50,2634.90,2948
2024-10-10 11:00,2634.90,2635.90,2628.00,2630.00,5516
2024-10-10 12:00,2630.10,2644.40,2618.80,2642.10,30370
2024-10-10 13:00,2642.20,2645.40,2632.20,2644.20,30600
2024-10-10 14:00,2644.20,2647.20,2639.80,2642.50,22953
2024-10-10 15:00,2642.50,2643.40,2635.70,2640.70,17541
2024-10-10 16:00,2640.80,2646.50,2635.80,2636.30,14858
2024-10-10 17:00,2636.30,2643.50,2633.20,2641.00,13520
2024-10-10 18:00,2641.10,2646.60,2640.40,2643.60,7943
2024-10-10 19:00,2643.60,2648.80,2643.20,2646.50,7181
2024-10-10 20:00,2646.60,2648.90,2646.20,2647.30,2756
2024-10-10 22:00,2647.40,2647.40,2645.30,2645.50,0
2024-10-10 23:00,2645.70,2653.20,2645.60,2650.60,4370
2024-10-11 00:00,2650.50,2651.80,2649.50,2651.10,2585
2024-10-11 01:00,2651.20,2655.10,2650.20,2655.00,6581
2024-10-11 02:00,2654.80,2661.10,2652.10,2659.30,10498
2024-10-11 03:00,2659.30,2663.10,2657.50,2662.50,3845
2024-10-11 04:00,2662.80,2663.30,2661.10,2662.70,2194
2024-10-11 05:00,2662.70,2663.10,2660.30,2661.80,2797
2024-10-11 06:00,2662.00,2664.90,2655.20,2656.80,8987
2024-10-11 07:00,2656.70,2662.70,2655.50,2662.60,5954
2024-10-11 08:00,2662.40,2663.30,2656.30,2656.40,5485
2024-10-11 09:00,2656.50,2658.90,2653.20,2654.90,6409
2024-10-11 10:00,2654.80,2659.20,2654.00,2658.60,2970
2024-10-11 11:00,2658.70,2661.80,2655.70,2661.70,4643
2024-10-11 12:00,2661.60,2667.40,2657.70,2660.40,15005
2024-10-11 13:00,2660.70,2670.60,2660.00,2666.90,15913
2024-10-11 14:00,2666.80,2672.80,2663.80,2670.40,13546
2024-10-11 15:00,2670.40,2676.80,2670.40,2676.30,13972
2024-10-11 16:00,2676.40,2679.00,2675.30,2677.80,10930
2024-10-11 17:00,2677.80,2678.60,2673.50,2677.00,12605
2024-10-11 18:00,2677.00,2677.10,2673.20,2675.80,5406
2024-10-11 19:00,2675.70,2675.90,2672.10,2672.90,4629
2024-10-11 20:00,2673.10,2674.50,2671.50,2674.20,1920
2024-10-13 22:00,2673.10,2673.80,2660.90,2667.10,4313
2024-10-13 23:00,2667.10,2667.40,2664.30,2664.70,1649
2024-10-14 00:00,2664.80,2665.50,2661.80,2663.90,2890
2024-10-14 01:00,2663.80,2665.60,2660.60,2663.10,4742
2024-10-14 02:00,2662.90,2673.00,2660.00,2672.10,6063
2024-10-14 03:00,2672.30,2674.40,2670.80,2672.60,3098
2024-10-14 04:00,2672.50,2677.90,2672.10,2676.20,2759
2024-10-14 05:00,2676.30,2677.80,2674.10,2676.00,2059
2024-10-14 06:00,2676.00,2684.20,2674.50,2681.10,9124
2024-10-14 07:00,2681.10,2682.30,2676.20,2677.40,4612
2024-10-14 08:00,2677.40,2679.00,2675.00,2676.40,2141
2024-10-14 09:00,2676.40,2680.00,2673.60,2675.30,3595
2024-10-14 10:00,2675.30,2678.00,2672.90,2673.10,5127
2024-10-14 11:00,2673.10,2674.00,2668.00,2669.20,7113
2024-10-14 12:00,2669.00,2671.70,2666.00,2668.30,7425
2024-10-14 13:00,2668.20,2678.30,2664.60,2672.10,13556
2024-10-14 14:00,2672.30,2673.80,2661.60,2662.50,15289
2024-10-14 15:00,2662.60,2665.90,2660.60,2663.50,8577
2024-10-14 16:00,2663.50,2666.50,2662.60,2665.40,4238
2024-10-14 17:00,2665.50,2666.70,2663.90,2665.40,4369
2024-10-14 18:00,2665.40,2667.80,2665.00,2666.00,1895
2024-10-14 19:00,2666.00,2669.50,2663.70,2669.30,3234
2024-10-14 20:00,2669.30,2670.20,2662.70,2665.80,3094
2024-10-14 22:00,2663.50,2666.80,2663.50,2666.40,0
2024-10-14 23:00,2666.50,2667.40,2665.30,2665.80,1248
2024-10-15 00:00,2665.80,2666.60,2664.20,2664.60,1395
2024-10-15 01:00,2664.60,2667.70,2663.60,2664.70,3478
2024-10-15 02:00,2664.60,2669.30,2664.50,2668.10,3203
2024-10-15 03:00,2667.60,2668.10,2660.80,2661.80,3968
2024-10-15 04:00,2662.00,2662.00,2659.20,2660.70,2872
2024-10-15 05:00,2660.50,2660.60,2654.40,2658.40,7799
2024-10-15 06:00,2658.40,2665.60,2657.90,2665.00,4371
2024-10-15 07:00,2665.00,2670.60,2664.40,2667.40,7506
2024-10-15 08:00,2667.40,2672.30,2666.30,2670.50,5666
2024-10-15 09:00,2670.70,2672.10,2667.80,2670.30,3878
2024-10-15 10:00,2670.30,2673.30,2669.30,2669.60,2868
2024-10-15 11:00,2669.70,2671.20,2662.30,2664.50,6796
2024-10-15 12:00,2664.50,2674.30,2663.00,2664.80,13762
2024-10-15 13:00,2664.70,2669.90,2662.80,2664.90,16792
2024-10-15 14:00,2665.10,2680.90,2664.20,2676.40,24754
2024-10-15 15:00,2676.50,2682.00,2673.70,2681.30,13386
2024-10-15 16:00,2681.40,2685.90,2677.80,2678.70,11937
2024-10-15 17:00,2678.70,2681.00,2675.60,2680.40,7205
2024-10-15 18:00,2680.60,2682.60,2680.10,2681.90,2788
2024-10-15 19:00,2681.80,2683.30,2676.20,2678.30,6009
2024-10-15 20:00,2678.40,2679.90,2677.10,2679.40,1785
2024-10-15 22:00,2679.50,2679.50,2677.90,2678.60,0
2024-10-15 23:00,2678.60,2679.00,2676.70,2676.80,1038
2024-10-16 00:00,2676.70,2676.80,2674.90,2676.50,1615
2024-10-16 01:00,2676.40,2684.40,2676.40,2684.20,4848
2024-10-16 02:00,2684.20,2686.40,2682.00,2684.40,3827
2024-10-16 03:00,2684.50,2685.50,2681.60,2683.40,2446
2024-10-16 04:00,2683.60,2684.70,2682.00,2683.10,2141
2024-10-16 05:00,2683.20,2686.90,2682.60,2685.90,2777
2024-10-16 06:00,2685.90,2694.10,2683.30,2693.80,11750
2024-10-16 07:00,2693.70,2694.20,2689.80,2692.50,4317
2024-10-16 08:00,2692.60,2696.90,2691.00,2696.20,4562
2024-10-16 09:00,2696.30,2699.40,2694.80,2696.70,6991
2024-10-16 10:00,2696.90,2697.70,2689.90,2691.00,8226
2024-10-16 11:00,2691.00,2696.90,2689.70,2694.80,6390
2024-10-16 12:00,2694.70,2698.40,2692.70,2698.20,11388
2024-10-16 13:00,2698.20,2702.50,2688.90,2691.50,27679
2024-10-16 14:00,2691.60,2698.50,2686.40,2688.70,20474
2024-10-16 15:00,2688.80,2692.20,2684.60,2686.30,11164
2024-10-16 16:00,2686.30,2690.60,2683.10,2690.40,7460
2024-10-16 17:00,2690.50,2692.70,2689.40,2691.70,5623
2024-10-16 18:00,2691.70,2693.20,2691.00,2691.30,1952
2024-10-16 19:00,2691.30,2691.40,2689.00,2691.00,2890
2024-10-16 20:00,2691.20,2691.40,2689.40,2690.40,1108
2024-10-16 22:00,2690.40,2690.80,2688.80,2689.30,0
2024-10-16 23:00,2689.30,2690.40,2689.10,2689.70,491
2024-10-17 00:00,2689.80,2693.70,2689.70,2693.40,2103
2024-10-17 01:00,2693.50,2698.90,2692.10,2698.60,5298
2024-10-17 02:00,2698.80,2700.60,2693.90,2697.20,5783
2024-10-17 03:00,2697.20,2697.50,2689.90,2692.50,4340
2024-10-17 04:00,2692.30,2695.50,2691.90,2694.70,2462
2024-10-17 05:00,2694.60,2700.00,2693.70,2699.20,4736
2024-10-17 06:00,2699.30,2701.40,2695.60,2696.80,7574
2024-10-17 07:00,2696.80,2699.00,2694.70,2697.20,7616
2024-10-17 08:00,2697.20,2699.30,2695.40,2697.30,4610
2024-10-17 09:00,2697.30,2697.40,2692.00,2695.10,6508
2024-10-17 10:00,2695.00,2704.20,2694.60,2702.80,6805
2024-10-17 11:00,2702.80,2704.00,2696.40,2696.90,6953
2024-10-17 12:00,2697.00,2698.00,2688.20,2695.80,20985
2024-10-17 13:00,2695.80,2705.80,2693.00,2704.30,22091
2024-10-17 14:00,2704.40,2712.20,2700.20,2711.40,26496
2024-10-17 15:00,2711.30,2712.70,2703.30,2709.00,13921
2024-10-17 16:00,2708.90,2709.00,2699.50,2707.60,10818
2024-10-17 17:00,2707.90,2709.70,2705.90,2707.40,7661
2024-10-17 18:00,2707.40,2707.90,2704.50,2704.90,2836
2024-10-17 19:00,2704.80,2708.00,2704.00,2707.20,2499
2024-10-17 20:00,2707.30,2708.30,2706.20,2708.30,1515
2024-10-17 22:00,2707.80,2708.70,2707.30,2707.70,0
2024-10-17 23:00,2707.70,2709.50,2707.30,2708.90,785
2024-10-18 00:00,2708.90,2710.90,2708.10,2708.20,2209
2024-10-18 01:00,2708.40,2722.20,2708.10,2720.00,10862
2024-10-18 02:00,2719.80,2727.20,2719.30,2723.20,8928
2024-10-18 03:00,2723.20,2726.00,2722.40,2725.20,3546
2024-10-18 04:00,2725.10,2726.50,2724.00,2725.40,1609
2024-10-18 05:00,2725.50,2729.30,2725.20,2726.50,4032
2024-10-18 06:00,2726.30,2726.80,2717.90,2723.00,10186
2024-10-18 07:00,2722.80,2724.50,2717.60,2717.60,7332
2024-10-18 08:00,2717.70,2721.70,2716.90,2721.60,3963
2024-10-18 09:00,2721.60,2728.40,2721.60,2726.40,8365
2024-10-18 10:00,2726.60,2728.50,2723.30,2728.00,4361
2024-10-18 11:00,2728.00,2728.40,2723.00,2725.10,9056
2024-10-18 12:00,2725.20,2732.30,2724.40,2724.80,12795
2024-10-18 13:00,2724.70,2731.10,2720.20,2728.90,20020
2024-10-18 14:00,2729.00,2735.50,2727.00,2732.40,20155
2024-10-18 15:00,2731.70,2734.70,2728.90,2730.00,13638
2024-10-18 16:00,2730.00,2734.30,2729.90,2732.80,6561
2024-10-18 17:00,2732.80,2735.10,2728.70,2731.30,9086
2024-10-18 18:00,2731.30,2736.70,2730.80,2735.60,5349
2024-10-18 19:00,2735.70,2735.90,2733.30,2734.90,4412
2024-10-18 20:00,2734.90,2737.80,2734.30,2736.40,3100
2024-10-20 22:00,2736.30,2738.90,2734.60,2738.70,2197
2024-10-20 23:00,2738.50,2740.20,2737.40,2738.60,2039
2024-10-21 00:00,2738.70,2740.90,2736.30,2736.60,3480
2024-10-21 01:00,2736.70,2744.30,2735.90,2741.30,7111
2024-10-21 02:00,2741.40,2746.30,2739.90,2745.60,5427
2024-10-21 03:00,2745.60,2747.80,2744.30,2746.70,5128
2024-10-21 04:00,2746.60,2747.00,2744.50,2745.30,1973
2024-10-21 05:00,2745.30,2745.30,2739.50,2740.00,3821
2024-10-21 06:00,2739.80,2745.60,2738.60,2745.30,4610
2024-10-21 07:00,2745.10,2747.40,2740.20,2745.50,7236
2024-10-21 08:00,2745.40,2748.00,2744.40,2746.30,6596
2024-10-21 09:00,2746.40,2751.70,2745.60,2749.30,10178
2024-10-21 10:00,2749.40,2749.60,2742.70,2748.30,8486
2024-10-21 11:00,2748.30,2752.80,2748.00,2749.40,9742
2024-10-21 12:00,2749.50,2754.50,2747.50,2753.40,18290
2024-10-21 13:00,2753.50,2755.40,2748.40,2753.80,23755
2024-10-21 14:00,2753.80,2754.30,2736.60,2739.90,31243
2024-10-21 15:00,2739.80,2741.90,2731.40,2734.80,19884
2024-10-21 16:00,2734.60,2738.80,2732.70,2738.30,7421
2024-10-21 17:00,2738.20,2740.20,2736.10,2737.50,7906
2024-10-21 18:00,2737.40,2737.70,2729.60,2730.70,5723
2024-10-21 19:00,2730.60,2735.90,2728.50,2734.70,7945
2024-10-21 20:00,2734.70,2736.00,2733.50,2734.50,1835
2024-10-21 22:00,2734.70,2736.50,2733.50,2735.10,0
2024-10-21 23:00,2735.00,2737.10,2734.70,2735.80,1332
2024-10-22 00:00,2735.80,2739.40,2735.00,2738.90,3060
2024-10-22 01:00,2738.90,2744.80,2738.30,2742.30,5906
2024-10-22 02:00,2742.00,2745.00,2742.00,2743.20,2042
2024-10-22 03:00,2743.00,2747.50,2743.00,2745.70,3396
2024-10-22 04:00,2745.20,2750.20,2745.20,2749.00,3939
2024-10-22 05:00,2749.00,2749.40,2743.50,2744.90,3577
2024-10-22 06:00,2744.90,2751.60,2744.00,2749.30,5221
2024-10-22 07:00,2749.20,2750.50,2747.20,2747.90,4063
2024-10-22 08:00,2747.70,2752.50,2745.50,2749.10,6593
2024-10-22 09:00,2749.00,2750.50,2744.30,2745.90,5170
2024-10-22 10:00,2745.70,2753.70,2744.90,2753.20,7147
2024-10-22 11:00,2753.20,2753.40,2743.80,2746.50,8198
2024-10-22 12:00,2746.50,2752.50,2746.00,2750.50,10999
2024-10-22 13:00,2750.50,2756.80,2749.40,2750.30,22654
2024-10-22 14:00,2750.40,2757.70,2748.00,2756.30,20558
2024-10-22 15:00,2756.30,2758.70,2751.40,2752.20,14259
2024-10-22 16:00,2752.10,2760.00,2751.80,2759.70,11210
2024-10-22 17:00,2759.80,2762.90,2758.00,2761.40,11599
2024-10-22 18:00,2761.40,2761.80,2758.70,2759.10,4536
2024-10-22 19:00,2759.10,2763.20,2758.30,2762.80,4611
2024-10-22 20:00,2762.80,2763.30,2760.90,2763.10,3488
2024-10-22 22:00,2762.60,2762.80,2760.80,2761.30,0
2024-10-22 23:00,2761.40,2762.10,2759.80,2760.60,967
2024-10-23 00:00,2760.60,2761.10,2758.80,2759.50,1465
2024-10-23 01:00,2759.50,2761.40,2752.30,2753.00,5660
2024-10-23 02:00,2752.90,2755.50,2752.10,2753.30,4148
2024-10-23 03:00,2753.20,2761.20,2752.70,2760.20,5235
2024-10-23 04:00,2760.30,2764.60,2759.20,2763.80,5070
2024-10-23 05:00,2763.80,2767.30,2762.90,2765.40,5019
2024-10-23 06:00,2765.30,2767.10,2762.00,2764.60,4595
2024-10-23 07:00,2764.60,2769.70,2763.50,2769.00,4800
2024-10-23 08:00,2768.90,2772.60,2768.70,2770.90,4848
2024-10-23 09:00,2771.10,2771.60,2763.80,2764.80,8280
2024-10-23 10:00,2764.80,2766.70,2763.80,2764.70,4567
2024-10-23 11:00,2764.60,2767.00,2763.00,2763.90,5518
2024-10-23 12:00,2763.90,2764.50,2754.50,2757.30,16859
2024-10-23 13:00,2757.20,2758.00,2745.40,2751.20,31114
2024-10-23 14:00,2751.30,2752.50,2730.00,2731.50,37779
2024-10-23 15:00,2731.50,2736.20,2722.10,2735.40,26200
2024-10-23 16:00,2735.40,2736.90,2732.10,2732.90,8027
2024-10-23 17:00,2732.80,2734.30,2727.20,2730.30,10187
2024-10-23 18:00,2730.10,2730.20,2725.40,2727.60,4621
2024-10-23 19:00,2727.80,2731.90,2726.80,2729.70,5453
2024-10-23 20:00,2729.70,2730.30,2727.70,2729.00,1745
2024-10-23 22:00,2729.20,2731.20,2728.70,2731.00,0
2024-10-23 23:00,2730.90,2734.70,2730.90,2734.00,1813
2024-10-24 00:00,2733.90,2734.20,2730.50,2734.00,2692
2024-10-24 01:00,2734.10,2739.90,2733.00,2736.70,6699
2024-10-24 02:00,2736.70,2737.50,2733.20,2736.40,3470
2024-10-24 03:00,2736.40,2737.10,2734.50,2736.00,1577
2024-10-24 04:00,2736.00,2740.30,2735.80,2739.50,2362
2024-10-24 05:00,2739.40,2742.60,2738.70,2741.60,2900
2024-10-24 06:00,2741.70,2749.10,2741.00,2747.70,10003
2024-10-24 07:00,2747.70,2749.90,2744.90,2746.30,5624
2024-10-24 08:00,2746.40,2750.50,2745.20,2749.40,5381
2024-10-24 09:00,2749.30,2752.20,2748.60,2749.30,5076
2024-10-24 10:00,2749.30,2751.80,2749.00,2749.40,2758
2024-10-24 11:00,2749.40,2752.50,2747.60,2751.20,4993
2024-10-24 12:00,2751.20,2754.60,2747.00,2751.90,12668
2024-10-24 13:00,2752.10,2756.30,2742.40,2746.40,23116
2024-10-24 14:00,2746.60,2749.60,2735.10,2745.30,25952
2024-10-24 15:00,2745.30,2747.40,2739.30,2743.90,13294
2024-10-24 16:00,2744.00,2748.70,2738.60,2746.70,9094
2024-10-24 17:00,2746.70,2750.00,2745.70,2748.50,9906
2024-10-24 18:00,2748.50,2750.70,2747.50,2748.40,4665
2024-10-24 19:00,2748.50,2749.70,2746.30,2749.70,2924
2024-10-24 20:00,2749.80,2749.90,2747.60,2748.80,2147
2024-10-24 22:00,2748.60,2748.60,2746.70,2746.80,0
2024-10-24 23:00,2746.90,2747.80,2745.80,2746.00,884
2024-10-25 00:00,2746.10,2747.00,2743.40,2744.40,2237
2024-10-25 01:00,2744.50,2747.80,2742.30,2742.50,3363
2024-10-25 02:00,2742.50,2743.10,2738.80,2740.90,3335
2024-10-25 03:00,2740.90,2741.00,2737.00,2738.40,2752
2024-10-25 04:00,2738.70,2740.00,2736.50,2738.30,2366
2024-10-25 05:00,2738.40,2742.30,2738.30,2741.20,3054
2024-10-25 06:00,2741.40,2745.00,2737.60,2744.70,4224
2024-10-25 07:00,2744.60,2744.60,2738.60,2739.10,4239
2024-10-25 08:00,2739.20,2739.70,2731.30,2732.00,10877
2024-10-25 09:00,2731.90,2733.70,2729.10,2733.40,7385
2024-10-25 10:00,2733.40,2734.80,2729.30,2734.60,4518
2024-10-25 11:00,2734.30,2741.80,2733.40,2736.60,7859
2024-10-25 12:00,2736.40,2745.10,2735.60,2744.00,11378
2024-10-25 13:00,2744.10,2744.60,2737.60,2740.20,13788
2024-10-25 14:00,2740.10,2753.30,2740.00,2751.30,18428
2024-10-25 15:00,2751.20,2754.70,2749.00,2749.90,10061
2024-10-25 16:00,2749.70,2752.10,2746.70,2751.90,7420
2024-10-25 17:00,2751.90,2757.80,2751.40,2757.00,10172
2024-10-25 18:00,2757.10,2757.50,2753.90,2754.90,4584
2024-10-25 19:00,2754.80,2757.10,2753.10,2755.30,4989
2024-10-25 20:00,2755.30,2760.90,2755.20,2760.80,4616
2024-10-27 22:00,2749.20,2750.00,2742.00,2746.70,5768
2024-10-27 23:00,2746.90,2752.50,2746.70,2748.00,4050
2024-10-28 00:00,2747.90,2748.70,2744.40,2744.80,3181
2024-10-28 01:00,2744.80,2745.40,2736.90,2744.70,8133
2024-10-28 02:00,2744.70,2748.30,2743.10,2746.50,3311
2024-10-28 03:00,2746.60,2747.10,2741.70,2742.30,1902
2024-10-28 04:00,2741.90,2745.60,2741.30,2744.90,2151
2024-10-28 05:00,2745.10,2750.90,2743.40,2750.40,5314
2024-10-28 06:00,2750.50,2756.50,2749.60,2752.70,8248
2024-10-28 07:00,2752.80,2755.70,2748.10,2751.40,6699
2024-10-28 08:00,2751.40,2753.40,2743.80,2744.40,9329
2024-10-28 09:00,2744.40,2746.40,2740.50,2741.50,7624
2024-10-28 10:00,2741.40,2745.60,2740.10,2744.30,5615
2024-10-28 11:00,2744.50,2745.10,2741.80,2744.50,6000
2024-10-28 12:00,2744.40,2747.30,2743.50,2746.80,8793
2024-10-28 13:00,2746.60,2756.00,2745.00,2753.10,18929
2024-10-28 14:00,2753.00,2758.30,2751.00,2756.50,17993
2024-10-28 15:00,2756.60,2756.90,2751.80,2753.40,9943
2024-10-28 16:00,2753.20,2757.30,2752.30,2755.10,6129
2024-10-28 17:00,2755.20,2757.50,2752.40,2755.90,7152
2024-10-28 18:00,2755.90,2756.00,2752.50,2754.40,3622
2024-10-28 19:00,2754.30,2756.00,2752.70,2754.70,2752
2024-10-28 20:00,2754.90,2755.40,2753.90,2754.70,1483
2024-10-28 22:00,2754.30,2754.90,2752.00,2754.10,0
2024-10-28 23:00,2754.20,2756.40,2753.10,2756.20,1099
2024-10-29 00:00,2756.40,2759.00,2755.30,2758.00,2969
2024-10-29 01:00,2758.00,2764.80,2757.70,2764.60,6253
2024-10-29 02:00,2764.60,2770.20,2762.70,2765.30,9402
2024-10-29 03:00,2765.00,2765.40,2760.90,2763.80,4202
2024-10-29 04:00,2763.60,2767.20,2763.40,2766.80,2156
2024-10-29 05:00,2766.90,2768.80,2761.80,2762.00,4105
2024-10-29 06:00,2762.00,2768.80,2761.10,2767.80,4140
2024-10-29 07:00,2767.80,2768.30,2763.70,2764.30,3017
2024-10-29 08:00,2764.50,2767.60,2758.50,2767.00,9543
2024-10-29 09:00,2767.00,2768.80,2762.00,2764.40,6821
2024-10-29 10:00,2764.40,2765.10,2759.50,2762.30,6388
2024-10-29 11:00,2762.40,2765.50,2757.90,2764.00,8366
2024-10-29 12:00,2764.00,2766.20,2761.00,2761.40,8524
2024-10-29 13:00,2761.30,2776.60,2760.40,2773.40,30121
2024-10-29 14:00,2773.40,2784.00,2773.20,2781.80,28844
2024-10-29 15:00,2782.00,2782.90,2772.50,2776.30,19731
2024-10-29 16:00,2776.30,2782.40,2776.20,2781.60,11675
2024-10-29 17:00,2781.50,2784.90,2778.50,2782.10,14284
2024-10-29 18:00,2782.20,2785.90,2780.50,2785.50,6017
2024-10-29 19:00,2785.50,2787.30,2783.40,2784.60,5570
2024-10-29 20:00,2784.60,2787.70,2784.30,2787.40,2679
2024-10-29 22:00,2786.90,2788.00,2785.00,2787.00,0
2024-10-29 23:00,2787.00,2787.50,2785.90,2787.30,903
2024-10-30 00:00,2787.50,2791.60,2787.20,2790.30,3615
2024-10-30 01:00,2790.30,2794.40,2789.20,2793.90,5262
2024-10-30 02:00,2793.90,2794.00,2788.30,2792.70,5245
2024-10-30 03:00,2792.60,2793.50,2789.40,2791.20,3047
2024-10-30 04:00,2791.20,2793.00,2789.40,2792.20,1604
2024-10-30 05:00,2792.20,2796.80,2790.00,2796.00,4535
2024-10-30 06:00,2794.70,2801.70,2793.40,2799.20,7350
2024-10-30 07:00,2799.30,2800.20,2792.30,2794.30,6620
2024-10-30 08:00,2794.30,2796.80,2791.50,2794.00,6598
2024-10-30 09:00,2793.90,2796.60,2792.30,2796.50,3781
2024-10-30 10:00,2796.50,2798.50,2792.00,2792.10,4838
2024-10-30 11:00,2792.20,2793.90,2790.00,2790.30,8262
2024-10-30 12:00,2790.20,2795.30,2784.90,2794.30,17333
2024-10-30 13:00,2794.40,2799.50,2782.40,2789.60,33856
2024-10-30 14:00,2789.60,2793.30,2786.90,2792.10,19116
2024-10-30 15:00,2791.90,2797.80,2783.40,2796.60,15985
2024-10-30 16:00,2796.40,2799.20,2794.70,2797.10,7909
2024-10-30 17:00,2797.00,2801.30,2795.60,2800.30,12503
2024-10-30 18:00,2800.40,2801.80,2799.00,2799.40,5407
2024-10-30 19:00,2799.50,2799.70,2796.10,2799.00,4714
2024-10-30 20:00,2799.00,2799.70,2796.30,2799.10,1974
2024-10-30 22:00,2799.10,2799.50,2796.80,2798.30,0
2024-10-30 23:00,2798.10,2798.90,2796.10,2796.40,1013
2024-10-31 00:00,2796.50,2799.30,2795.70,2798.70,2185
2024-10-31 01:00,2798.70,2801.20,2794.70,2795.80,4805
2024-10-31 02:00,2795.80,2800.10,2795.60,2798.00,3691
2024-10-31 03:00,2798.00,2799.40,2795.40,2795.60,1494
2024-10-31 04:00,2795.80,2796.40,2793.20,2795.50,2709
2024-10-31 05:00,2795.40,2797.70,2793.60,2796.30,4834
2024-10-31 06:00,2796.40,2797.20,2790.60,2790.80,6213
2024-10-31 07:00,2790.80,2794.80,2789.00,2792.80,6630
2024-10-31 08:00,2792.70,2793.90,2787.90,2789.90,5859
2024-10-31 09:00,2789.80,2791.10,2788.00,2789.10,5924
2024-10-31 10:00,2789.00,2792.10,2784.00,2791.60,10283
2024-10-31 11:00,2791.70,2793.70,2787.50,2790.40,7360
2024-10-31 12:00,2790.40,2792.90,2782.40,2784.30,15851
2024-10-31 13:00,2784.20,2784.50,2764.80,2765.80,38173
2024-10-31 14:00,2765.70,2767.70,2744.70,2745.00,43451
2024-10-31 15:00,2745.00,2751.40,2741.80,2750.70,22664
2024-10-31 16:00,2752.20,2753.90,2748.20,2751.00,11830
2024-10-31 17:00,2751.10,2754.20,2748.30,2749.80,11127
2024-10-31 18:00,2749.70,2758.30,2749.70,2757.20,10787
2024-10-31 19:00,2757.30,2760.00,2755.80,2756.60,7123
2024-10-31 20:00,2756.60,2758.40,2753.60,2754.10,2552
2024-10-31 22:00,2754.00,2757.50,2753.80,2756.00,0
2024-10-31 23:00,2756.10,2757.70,2755.30,2756.50,1249
2024-11-01 00:00,2756.60,2757.20,2754.50,2754.60,1318
2024-11-01 01:00,2754.60,2759.80,2754.50,2759.60,5782
2024-11-01 02:00,2759.40,2760.40,2755.50,2758.50,3398
2024-11-01 03:00,2758.60,2761.60,2757.20,2761.20,2828
2024-11-01 04:00,2761.40,2762.70,2760.40,2761.80,1967
2024-11-01 05:00,2761.90,2765.00,2761.20,2764.70,3378
2024-11-01 06:00,2764.80,2766.90,2761.00,2761.50,5556
2024-11-01 07:00,2761.60,2762.90,2756.80,2759.50,3637
2024-11-01 08:00,2759.30,2764.80,2758.20,2763.20,6111
2024-11-01 09:00,2763.20,2765.20,2759.40,2761.30,4703
2024-11-01 10:00,2761.30,2761.70,2754.80,2759.60,4296
2024-11-01 11:00,2759.60,2764.00,2759.60,2762.70,5818
2024-11-01 12:00,2762.70,2770.00,2758.70,2764.00,25044
2024-11-01 13:00,2763.90,2772.40,2762.20,2766.10,19573
2024-11-01 14:00,2766.20,2769.70,2749.40,2757.10,30458
2024-11-01 15:00,2757.10,2760.40,2752.30,2754.40,10302
2024-11-01 16:00,2754.40,2755.80,2749.80,2752.70,7860
2024-11-01 17:00,2752.80,2753.60,2744.60,2746.10,11640
2024-11-01 18:00,2745.90,2747.70,2743.10,2745.70,6192
2024-11-01 19:00,2745.70,2746.60,2742.60,2743.80,4748
2024-11-01 20:00,2743.90,2746.70,2743.00,2745.80,2947
2024-11-03 23:00,2743.50,2749.50,2739.40,2747.40,4706
2024-11-04 00:00,2747.60,2750.50,2745.90,2749.60,2518
2024-11-04 01:00,2749.80,2750.80,2744.50,2749.20,4481
2024-11-04 02:00,2749.10,2750.30,2746.10,2749.30,2414
2024-11-04 03:00,2749.50,2751.90,2748.70,2750.30,1960
2024-11-04 04:00,2750.30,2751.40,2748.90,2750.20,1165
2024-11-04 05:00,2750.40,2753.00,2746.80,2750.80,3337
2024-11-04 06:00,2750.80,2750.80,2745.00,2750.80,4563
2024-11-04 07:00,2750.70,2754.00,2744.20,2745.00,5033
2024-11-04 08:00,2745.00,2747.70,2740.70,2742.30,7098
2024-11-04 09:00,2742.30,2753.20,2741.50,2752.40,9075
2024-11-04 10:00,2752.40,2754.40,2746.20,2747.60,6338
2024-11-04 11:00,2747.60,2750.30,2745.40,2749.90,3663
2024-11-04 12:00,2749.70,2753.20,2748.20,2752.70,5603
2024-11-04 13:00,2752.70,2756.20,2747.90,2756.10,11112
2024-11-04 14:00,2756.10,2757.50,2747.10,2752.60,14208
2024-11-04 15:00,2752.90,2755.00,2747.00,2748.00,16042
2024-11-04 16:00,2747.90,2748.40,2741.80,2743.80,11547
2024-11-04 17:00,2743.80,2747.90,2741.00,2747.80,8284
2024-11-04 18:00,2747.70,2748.60,2744.90,2747.70,8334
2024-11-04 19:00,2747.60,2749.20,2746.50,2747.70,2091
2024-11-04 20:00,2747.60,2748.10,2745.70,2746.50,2281
2024-11-04 21:00,2746.60,2746.80,2745.10,2745.80,753
2024-11-04 23:00,2746.00,2746.90,2744.80,2744.80,0
2024-11-05 00:00,2744.80,2745.40,2742.80,2743.80,1837
2024-11-05 01:00,2743.70,2745.00,2741.60,2743.10,3872
2024-11-05 02:00,2743.00,2744.10,2733.40,2737.10,6970
2024-11-05 03:00,2737.10,2744.80,2736.60,2744.10,4748
2024-11-05 04:00,2744.10,2745.10,2741.70,2743.30,2621
2024-11-05 05:00,2743.10,2745.90,2740.70,2741.20,2403
2024-11-05 06:00,2741.20,2747.70,2740.30,2746.60,4224
2024-11-05 07:00,2746.50,2750.20,2744.10,2745.30,4015
2024-11-05 08:00,2745.40,2752.50,2741.00,2751.60,7659
2024-11-05 09:00,2751.60,2754.10,2748.10,2749.20,5296
2024-11-05 10:00,2749.10,2749.30,2744.80,2747.00,5994
2024-11-05 11:00,2747.50,2752.10,2747.50,2750.70,6550
2024-11-05 12:00,2750.90,2752.20,2746.50,2747.00,4414
2024-11-05 13:00,2747.10,2756.00,2745.80,2754.00,11747
2024-11-05 14:00,2753.90,2759.50,2750.40,2756.20,15715
2024-11-05 15:00,2756.20,2756.20,2742.20,2751.40,20222
2024-11-05 16:00,2751.50,2754.00,2745.50,2748.30,8684
2024-11-05 17:00,2748.30,2753.00,2747.40,2751.40,5973
2024-11-05 18:00,2751.40,2753.30,2748.80,2750.80,15447
2024-11-05 19:00,2750.80,2751.70,2748.90,2749.90,2146
2024-11-05 20:00,2750.00,2752.70,2749.10,2752.10,2983
2024-11-05 21:00,2752.20,2754.10,2751.70,2753.40,1093
2024-11-05 23:00,2752.60,2755.20,2750.70,2754.40,0
2024-11-06 00:00,2754.50,2754.50,2744.00,2746.80,6280
2024-11-06 01:00,2747.10,2758.80,2741.60,2756.00,13800
2024-11-06 02:00,2755.60,2757.30,2745.70,2746.40,12740
2024-11-06 03:00,2746.40,2752.70,2738.80,2743.00,14984
2024-11-06 04:00,2743.20,2752.00,2742.00,2751.00,8198
2024-11-06 05:00,2750.60,2752.50,2745.40,2747.80,6456
2024-11-06 06:00,2747.80,2748.00,2709.80,2716.20,30217
2024-11-06 07:00,2716.10,2742.20,2713.10,2734.50,17181
2024-11-06 08:00,2734.40,2742.80,2731.60,2733.30,11097
2024-11-06 09:00,2733.30,2737.70,2725.20,2733.70,8239
2024-11-06 10:00,2733.60,2736.30,2727.60,2729.10,4563
2024-11-06 11:00,2729.10,2731.80,2704.40,2707.80,16857
2024-11-06 12:00,2707.60,2716.90,2701.80,2703.80,17257
2024-11-06 13:00,2703.60,2703.60,2666.90,2672.20,58170
2024-11-06 14:00,2672.20,2678.70,2660.70,2668.40,40819
2024-11-06 15:00,2668.40,2684.80,2666.10,2684.60,30333
2024-11-06 16:00,2684.70,2687.00,2671.20,2674.80,17866
2024-11-06 17:00,2674.70,2677.90,2670.10,2672.00,8967
2024-11-06 18:00,2671.90,2678.20,2671.50,2674.20,13634
2024-11-06 19:00,2674.30,2677.10,2673.40,2675.70,3661
2024-11-06 20:00,2675.70,2676.40,2667.90,2669.30,5363
2024-11-06 21:00,2669.40,2671.20,2667.50,2668.00,2092
2024-11-06 23:00,2667.70,2671.80,2666.50,2671.30,0
2024-11-07 00:00,2671.30,2671.50,2668.20,2668.80,3700
2024-11-07 01:00,2668.70,2671.40,2650.30,2656.40,13974
2024-11-07 02:00,2656.50,2664.80,2656.50,2664.60,6773
2024-11-07 03:00,2664.70,2668.30,2662.90,2666.20,5057
2024-11-07 04:00,2666.10,2666.60,2660.70,2661.20,4217
2024-11-07 05:00,2661.40,2667.60,2661.40,2666.70,3279
2024-11-07 06:00,2665.90,2666.40,2659.50,2663.90,4887
2024-11-07 07:00,2663.80,2674.70,2662.90,2670.10,9616
2024-11-07 08:00,2670.20,2673.60,2664.30,2664.30,8542
2024-11-07 09:00,2664.40,2673.00,2664.30,2668.50,8343
2024-11-07 10:00,2668.50,2675.20,2666.70,2673.30,8881
2024-11-07 11:00,2673.20,2675.10,2670.60,2673.30,4295
2024-11-07 12:00,2673.20,2681.50,2671.30,2681.00,9581
2024-11-07 13:00,2681.10,2692.50,2679.70,2692.00,29943
2024-11-07 14:00,2691.80,2702.60,2689.60,2699.30,22909
2024-11-07 15:00,2699.20,2707.80,2697.40,2706.10,24117
2024-11-07 16:00,2706.00,2706.80,2697.70,2703.10,23652
2024-11-07 17:00,2703.10,2707.80,2701.50,2706.80,11733
2024-11-07 18:00,2706.80,2707.00,2701.30,2703.00,26427
2024-11-07 19:00,2703.20,2705.50,2694.60,2701.60,14310
2024-11-07 20:00,2701.70,2718.30,2700.00,2711.90,15908
2024-11-07 21:00,2712.00,2716.10,2711.10,2714.00,2755
2024-11-07 23:00,2713.60,2715.40,2711.40,2714.30,0
2024-11-08 00:00,2714.20,2717.80,2712.90,2713.50,2656
2024-11-08 01:00,2713.60,2715.00,2706.50,2707.40,8676
2024-11-08 02:00,2707.40,2708.40,2702.40,2704.80,4440
2024-11-08 03:00,2704.80,2707.90,2701.20,2702.40,3210
2024-11-08 04:00,2702.40,2703.40,2700.40,2700.60,3022
2024-11-08 05:00,2701.00,2703.40,2700.80,2702.30,2013
2024-11-08 06:00,2702.30,2703.10,2693.10,2693.60,8273
2024-11-08 07:00,2693.50,2694.90,2687.30,2694.60,6999
2024-11-08 08:00,2694.50,2697.20,2688.90,2696.00,8947
2024-11-08 09:00,2695.90,2698.40,2694.30,2696.70,4125
2024-11-08 10:00,2696.70,2696.70,2689.00,2695.60,4906
2024-11-08 11:00,2695.90,2702.30,2693.80,2699.20,6750
2024-11-08 12:00,2699.30,2700.40,2693.30,2699.20,8136
2024-11-08 13:00,2699.10,2708.80,2695.10,2705.30,22527
2024-11-08 14:00,2705.30,2711.70,2694.90,2699.20,33963
2024-11-08 15:00,2699.00,2700.40,2690.90,2695.10,21566
2024-11-08 16:00,2694.90,2696.80,2690.20,2690.80,10432
2024-11-08 17:00,2690.90,2696.20,2690.90,2695.60,8214
2024-11-08 18:00,2695.70,2696.50,2691.50,2692.70,23617
2024-11-08 19:00,2692.80,2695.30,2690.90,2694.80,5649
2024-11-08 20:00,2694.70,2696.20,2692.60,2692.80,5102
2024-11-08 21:00,2692.80,2693.60,2690.40,2691.70,2406
2024-11-10 23:00,2692.10,2693.30,2686.60,2692.60,1938
2024-11-11 00:00,2692.80,2693.40,2689.70,2691.20,1908
2024-11-11 01:00,2691.10,2692.10,2678.50,2679.90,8065
2024-11-11 02:00,2679.70,2682.00,2673.10,2678.80,7043
2024-11-11 03:00,2678.70,2678.80,2674.90,2677.20,3341
2024-11-11 04:00,2677.00,2679.40,2675.60,2679.00,2999
2024-11-11 05:00,2679.00,2681.30,2673.50,2676.00,5480
2024-11-11 06:00,2676.00,2680.70,2675.10,2679.90,2403
2024-11-11 07:00,2679.80,2680.60,2675.50,2676.30,3737
2024-11-11 08:00,2676.30,2678.60,2674.90,2676.30,4214
2024-11-11 09:00,2676.30,2677.60,2670.50,2673.50,5597
2024-11-11 10:00,2673.40,2682.60,2667.70,2668.70,9209
2024-11-11 11:00,2668.80,2673.90,2665.80,2669.20,7926
2024-11-11 12:00,2669.30,2669.90,2663.00,2664.10,13420
2024-11-11 13:00,2664.00,2664.30,2640.50,2642.00,35783
2024-11-11 14:00,2642.10,2642.30,2623.90,2629.00,54287
2024-11-11 15:00,2628.90,2633.00,2619.80,2621.10,23372
2024-11-11 16:00,2621.20,2624.90,2619.50,2621.80,16081
2024-11-11 17:00,2621.80,2623.70,2617.70,2619.20,11977
2024-11-11 18:00,2619.10,2626.10,2617.10,2625.60,18292
2024-11-11 19:00,2625.60,2627.30,2624.40,2625.80,8220
2024-11-11 20:00,2625.90,2632.80,2625.90,2628.40,7037
2024-11-11 21:00,2628.60,2629.70,2625.60,2626.10,1976
2024-11-11 23:00,2625.70,2630.40,2625.60,2630.20,0
2024-11-12 00:00,2630.30,2632.00,2628.40,2630.10,2717
2024-11-12 01:00,2630.00,2633.40,2625.10,2630.20,6811
2024-11-12 02:00,2630.20,2631.60,2626.60,2628.00,3465
2024-11-12 03:00,2628.20,2629.80,2624.90,2625.00,1765
2024-11-12 04:00,2624.90,2625.30,2621.60,2623.90,3349
2024-11-12 05:00,2623.90,2624.30,2611.20,2612.90,8771
2024-11-12 06:00,2612.70,2616.40,2609.60,2614.20,9485
2024-11-12 07:00,2614.30,2615.50,2601.70,2604.60,13335
2024-11-12 08:00,2604.80,2612.90,2604.70,2606.70,8493
2024-11-12 09:00,2606.50,2606.90,2596.70,2599.40,14726
2024-11-12 10:00,2599.40,2604.70,2595.70,2602.30,9956
2024-11-12 11:00,2603.10,2605.10,2598.60,2604.10,8348
2024-11-12 12:00,2604.10,2613.90,2604.10,2611.90,20245
2024-11-12 13:00,2611.90,2623.00,2610.90,2618.10,24557
2024-11-12 14:00,2618.30,2624.10,2615.40,2616.90,21016
2024-11-12 15:00,2616.80,2618.30,2603.70,2604.80,28581
2024-11-12 16:00,2605.00,2610.60,2604.00,2607.20,12661
2024-11-12 17:00,2607.10,2607.50,2598.80,2603.90,12664
2024-11-12 18:00,2604.00,2608.80,2602.90,2605.50,30107
2024-11-12 19:00,2605.60,2607.90,2604.30,2604.70,3441
2024-11-12 20:00,2604.60,2607.60,2601.60,2606.10,5305
2024-11-12 21:00,2606.20,2607.20,2603.50,2604.70,1714
2024-11-12 23:00,2604.70,2605.80,2603.70,2604.70,0
2024-11-13 00:00,2604.90,2605.60,2603.90,2605.40,1463
2024-11-13 01:00,2605.40,2617.10,2605.40,2614.10,9893
2024-11-13 02:00,2614.20,2618.40,2611.10,2617.90,5024
2024-11-13 03:00,2618.10,2619.10,2612.20,2617.30,5600
2024-11-13 04:00,2617.50,2618.20,2612.40,2612.60,4333
2024-11-13 05:00,2612.30,2613.70,2609.30,2611.60,3735
2024-11-13 06:00,2611.40,2613.40,2610.10,2611.10,3600
2024-11-13 07:00,2611.00,2613.30,2610.10,2612.00,3119
2024-11-13 08:00,2612.10,2616.80,2606.70,2613.60,10775
2024-11-13 09:00,2613.50,2617.70,2613.20,2614.40,5863
2024-11-13 10:00,2614.30,2616.30,2612.80,2614.80,6024
2024-11-13 11:00,2614.70,2617.50,2611.60,2616.70,5103
2024-11-13 12:00,2616.80,2618.90,2614.80,2615.70,6284
2024-11-13 13:00,2615.70,2625.00,2613.00,2618.60,26075
2024-11-13 14:00,2618.60,2622.60,2606.60,2607.80,25519
2024-11-13 15:00,2607.70,2613.00,2599.30,2611.30,24820
2024-11-13 16:00,2611.30,2612.00,2590.50,2591.50,25792
2024-11-13 17:00,2591.60,2592.60,2583.30,2589.10,14252
2024-11-13 18:00,2589.20,2591.30,2585.30,2588.60,29700
2024-11-13 19:00,2588.70,2591.00,2586.40,2586.90,3962
2024-11-13 20:00,2586.80,2587.00,2578.80,2579.40,10763
2024-11-13 21:00,2579.50,2583.00,2578.10,2578.40,3058
2024-11-13 23:00,2578.10,2585.80,2573.60,2575.00,0
2024-11-14 00:00,2575.20,2579.00,2574.00,2576.70,3033
2024-11-14 01:00,2576.70,2577.20,2566.50,2567.70,12294
2024-11-14 02:00,2567.40,2569.50,2563.80,2565.50,7841
2024-11-14 03:00,2565.50,2569.60,2564.70,2565.30,3876
2024-11-14 04:00,2565.20,2569.90,2563.80,2569.80,5372
2024-11-14 05:00,2569.70,2569.80,2560.00,2563.20,9418
2024-11-14 06:00,2563.20,2565.00,2556.40,2559.70,7184
2024-11-14 07:00,2559.60,2563.80,2555.10,2561.90,8094
2024-11-14 08:00,2561.80,2565.20,2559.40,2560.80,6505
2024-11-14 09:00,2561.00,2563.30,2541.50,2548.30,18619
2024-11-14 10:00,2548.20,2552.40,2543.80,2552.00,10783
2024-11-14 11:00,2551.90,2559.90,2550.00,2558.70,12009
2024-11-14 12:00,2558.90,2562.10,2555.10,2557.20,9712
2024-11-14 13:00,2557.10,2565.30,2556.10,2562.10,20237
2024-11-14 14:00,2562.00,2571.10,2559.20,2564.60,23603
2024-11-14 15:00,2564.60,2578.20,2563.50,2575.40,26389
2024-11-14 16:00,2575.60,2582.70,2574.40,2579.10,15547
2024-11-14 17:00,2579.20,2581.00,2572.40,2578.30,9460
2024-11-14 18:00,2578.30,2578.70,2572.40,2575.00,12941
2024-11-14 19:00,2575.00,2582.30,2575.00,2581.40,4361
2024-11-14 20:00,2581.40,2582.00,2569.00,2572.50,12588
2024-11-14 21:00,2572.60,2574.90,2569.40,2570.60,3066
2024-11-14 23:00,2570.40,2572.30,2569.90,2571.80,0
2024-11-15 00:00,2571.90,2572.50,2570.80,2571.60,2179
2024-11-15 01:00,2571.60,2576.50,2567.60,2569.60,5027
2024-11-15 02:00,2569.70,2575.80,2569.70,2574.90,2744
2024-11-15 03:00,2575.00,2576.10,2572.40,2572.50,1833
2024-11-15 04:00,2572.40,2574.30,2571.70,2571.90,951
2024-11-15 05:00,2571.80,2571.90,2564.20,2564.40,3971
2024-11-15 06:00,2564.30,2568.10,2558.90,2565.80,6095
2024-11-15 07:00,2565.90,2569.30,2563.70,2568.20,3314
2024-11-15 08:00,2568.10,2573.90,2565.10,2571.40,6390
2024-11-15 09:00,2571.50,2573.70,2568.50,2568.50,3845
2024-11-15 10:00,2568.50,2575.30,2567.50,2572.60,5870
2024-11-15 11:00,2572.50,2578.00,2571.30,2575.30,6445
2024-11-15 12:00,2575.30,2575.60,2569.90,2573.60,6508
2024-11-15 13:00,2573.80,2580.40,2565.30,2569.70,25406
2024-11-15 14:00,2569.60,2580.20,2568.60,2577.50,20290
2024-11-15 15:00,2577.50,2580.80,2569.60,2575.60,15913
2024-11-15 16:00,2575.60,2578.10,2566.30,2566.70,10292
2024-11-15 17:00,2566.60,2569.40,2564.60,2567.40,8339
2024-11-15 18:00,2567.40,2572.50,2563.70,2572.10,17056
2024-11-15 19:00,2572.20,2572.70,2566.80,2568.20,4232
2024-11-15 20:00,2568.20,2568.50,2563.90,2566.70,3778
2024-11-15 21:00,2566.70,2568.20,2565.60,2567.40,1764
2024-11-17 23:00,2571.50,2580.00,2568.50,2575.90,4922
2024-11-18 00:00,2575.80,2581.90,2574.40,2581.00,3564
2024-11-18 01:00,2581.00,2601.90,2581.00,2591.40,19254
2024-11-18 02:00,2591.30,2600.00,2591.30,2595.60,6737
2024-11-18 03:00,2595.50,2597.10,2592.40,2594.40,2950
2024-11-18 04:00,2594.40,2597.70,2593.90,2597.30,1439
2024-11-18 05:00,2596.70,2596.90,2589.30,2590.00,4016
2024-11-18 06:00,2589.80,2592.50,2584.90,2590.70,6250
2024-11-18 07:00,2590.60,2591.60,2585.80,2587.10,4013
2024-11-18 08:00,2587.00,2594.60,2586.30,2589.80,6759
2024-11-18 09:00,2589.70,2601.80,2588.00,2600.30,10386
2024-11-18 10:00,2600.30,2601.20,2593.70,2598.50,6391
2024-11-18 11:00,2598.40,2599.90,2594.70,2598.80,5402
2024-11-18 12:00,2598.50,2601.60,2594.70,2599.70,8773
2024-11-18 13:00,2599.40,2609.90,2597.10,2608.50,18156
2024-11-18 14:00,2608.50,2614.90,2607.20,2613.00,20744
2024-11-18 15:00,2612.20,2617.60,2610.30,2617.20,15533
2024-11-18 16:00,2617.30,2619.50,2613.60,2615.90,10025
2024-11-18 17:00,2616.00,2616.20,2611.60,2614.80,7441
2024-11-18 18:00,2614.80,2616.50,2612.00,2615.40,11176
2024-11-18 19:00,2615.50,2617.00,2612.60,2614.00,3578
2024-11-18 20:00,2614.00,2615.80,2612.40,2614.40,3711
2024-11-18 21:00,2614.50,2616.70,2614.10,2616.10,3614
2024-11-18 23:00,2616.30,2617.10,2614.20,2616.60,0
2024-11-19 00:00,2616.70,2617.70,2615.00,2617.30,1808
2024-11-19 01:00,2617.40,2622.00,2615.50,2619.70,7781
2024-11-19 02:00,2619.90,2628.30,2619.90,2626.60,6635
2024-11-19 03:00,2626.50,2629.70,2625.60,2628.50,4735
2024-11-19 04:00,2628.40,2629.50,2625.70,2627.10,1949
2024-11-19 05:00,2627.10,2627.50,2625.00,2626.60,3102
2024-11-19 06:00,2626.40,2630.60,2625.30,2629.00,3942
2024-11-19 07:00,2629.10,2629.20,2621.40,2622.90,5938
2024-11-19 08:00,2622.70,2631.00,2622.50,2630.30,10598
2024-11-19 09:00,2630.20,2638.40,2629.30,2634.10,18465
2024-11-19 10:00,2634.20,2640.60,2633.90,2638.90,9552
2024-11-19 11:00,2638.90,2639.90,2632.60,2633.20,8223
2024-11-19 12:00,2633.20,2643.20,2632.40,2643.20,10105
2024-11-19 13:00,2643.30,2643.40,2633.10,2639.20,23486
2024-11-19 14:00,2639.10,2640.90,2626.20,2626.90,27141
2024-11-19 15:00,2626.90,2632.50,2624.50,2628.20,15211
2024-11-19 16:00,2628.50,2632.30,2626.00,2630.20,10550
2024-11-19 17:00,2630.10,2637.00,2629.30,2631.70,7567
2024-11-19 18:00,2631.40,2634.30,2630.10,2633.90,6881
2024-11-19 19:00,2634.00,2635.50,2632.70,2634.50,3294
2024-11-19 20:00,2634.50,2638.40,2634.20,2637.40,2901
2024-11-19 21:00,2637.40,2637.60,2634.00,2635.70,2499
2024-11-19 23:00,2635.80,2638.40,2634.90,2638.00,0
2024-11-20 00:00,2638.00,2642.30,2637.40,2640.90,2507
2024-11-20 01:00,2641.00,2644.60,2638.80,2642.80,6391
2024-11-20 02:00,2642.90,2645.30,2641.70,2643.40,3252
2024-11-20 03:00,2643.60,2644.70,2640.90,2641.20,2201
2024-11-20 04:00,2641.20,2642.00,2639.30,2639.80,1436
2024-11-20 05:00,2639.90,2641.90,2638.20,2640.20,3384
2024-11-20 06:00,2640.10,2640.40,2631.60,2632.80,7502
2024-11-20 07:00,2632.60,2633.50,2624.20,2624.60,7244
2024-11-20 08:00,2624.50,2627.70,2621.90,2627.40,11213
2024-11-20 09:00,2627.40,2629.10,2624.00,2625.00,7055
2024-11-20 10:00,2625.20,2629.50,2624.00,2628.30,4867
2024-11-20 11:00,2628.30,2631.50,2624.60,2631.40,6609
2024-11-20 12:00,2631.40,2635.80,2630.30,2635.20,7711
2024-11-20 13:00,2635.10,2644.10,2634.40,2639.60,18797
2024-11-20 14:00,2639.70,2649.90,2637.50,2646.70,22336
2024-11-20 15:00,2646.50,2652.60,2644.20,2652.40,18402
2024-11-20 16:00,2652.40,2654.30,2649.60,2654.10,12178
2024-11-20 17:00,2654.00,2659.00,2652.70,2655.30,10638
2024-11-20 18:00,2655.30,2655.70,2648.80,2651.90,9178
2024-11-20 19:00,2651.90,2656.70,2651.80,2654.40,3649
2024-11-20 20:00,2654.40,2654.70,2650.70,2652.30,3546
2024-11-20 21:00,2652.40,2654.20,2651.40,2654.10,1844
2024-11-20 23:00,2653.50,2655.50,2651.60,2654.60,0
2024-11-21 00:00,2654.80,2661.30,2654.20,2660.90,3277
2024-11-21 01:00,2661.10,2663.30,2654.10,2656.00,5394
2024-11-21 02:00,2655.90,2660.80,2654.80,2656.30,3373
2024-11-21 03:00,2656.30,2659.70,2653.10,2659.40,3204
2024-11-21 04:00,2659.50,2661.60,2659.40,2659.80,1832
2024-11-21 05:00,2659.50,2660.70,2657.10,2659.40,2559
2024-11-21 06:00,2659.40,2664.60,2659.10,2663.80,4129
2024-11-21 07:00,2663.70,2667.20,2662.30,2665.50,5703
2024-11-21 08:00,2665.40,2672.30,2664.30,2671.20,9712
2024-11-21 09:00,2671.10,2674.00,2666.10,2671.50,7897
2024-11-21 10:00,2671.50,2672.90,2667.50,2672.40,7715
2024-11-21 11:00,2672.50,2676.20,2670.90,2674.10,6724
2024-11-21 12:00,2674.30,2674.40,2665.50,2666.00,8081
2024-11-21 13:00,2665.80,2670.30,2662.80,2667.90,14723
2024-11-21 14:00,2668.10,2674.20,2663.60,2667.40,22316
2024-11-21 15:00,2667.30,2673.20,2666.80,2670.40,15482
2024-11-21 16:00,2670.30,2672.40,2663.60,2667.20,17161
2024-11-21 17:00,2667.20,2675.40,2664.20,2674.60,9539
2024-11-21 18:00,2674.50,2676.00,2671.60,2675.10,8040
2024-11-21 19:00,2675.10,2676.50,2670.40,2672.30,5027
2024-11-21 20:00,2672.30,2674.40,2671.20,2674.10,7821
2024-11-21 21:00,2674.00,2674.30,2670.30,2672.20,3113
2024-11-21 23:00,2672.00,2672.40,2670.10,2671.10,0
2024-11-22 00:00,2671.30,2675.60,2670.80,2675.20,2060
2024-11-22 01:00,2675.10,2681.70,2675.10,2680.10,4348
2024-11-22 02:00,2679.70,2688.80,2679.50,2688.50,4933
2024-11-22 03:00,2688.40,2692.90,2683.40,2688.60,8013
2024-11-22 04:00,2688.60,2694.70,2685.20,2690.20,5421
2024-11-22 05:00,2691.00,2691.30,2685.10,2688.50,3151
2024-11-22 06:00,2688.80,2695.60,2688.10,2695.30,4618
2024-11-22 07:00,2695.20,2701.80,2693.00,2699.10,7912
2024-11-22 08:00,2699.20,2703.00,2697.30,2699.90,10780
2024-11-22 09:00,2699.80,2709.80,2695.80,2705.70,13624
2024-11-22 10:00,2705.80,2711.10,2705.00,2710.00,8851
2024-11-22 11:00,2710.10,2712.40,2699.20,2701.10,12710
2024-11-22 12:00,2701.00,2707.30,2699.30,2705.40,7656
2024-11-22 13:00,2705.20,2706.50,2691.30,2695.10,22713
2024-11-22 14:00,2695.10,2698.70,2686.40,2696.80,25532
2024-11-22 15:00,2697.10,2707.50,2696.60,2706.00,17675
2024-11-22 16:00,2706.10,2708.80,2703.10,2707.30,12613
2024-11-22 17:00,2707.50,2709.50,2705.70,2709.00,8296
2024-11-22 18:00,2709.00,2713.70,2708.90,2713.10,13538
2024-11-22 19:00,2713.20,2713.70,2709.20,2710.30,5673
2024-11-22 20:00,2710.30,2711.10,2707.20,2707.80,5217
2024-11-22 21:00,2707.80,2718.50,2707.70,2718.20,4345
2024-11-24 23:00,2716.90,2723.20,2690.00,2721.60,7682
2024-11-25 00:00,2721.50,2721.90,2711.50,2712.40,4874
2024-11-25 01:00,2712.50,2713.00,2696.70,2703.20,11702
2024-11-25 02:00,2703.30,2706.60,2694.20,2697.00,6069
2024-11-25 03:00,2697.00,2699.20,2661.00,2674.00,19048
2024-11-25 04:00,2674.00,2678.10,2665.50,2674.40,6052
2024-11-25 05:00,2674.00,2675.50,2660.00,2666.60,8019
2024-11-25 06:00,2666.60,2672.00,2663.40,2668.70,6721
2024-11-25 07:00,2668.60,2674.20,2665.20,2669.40,8038
2024-11-25 08:00,2669.20,2675.10,2668.70,2673.60,6127
2024-11-25 09:00,2673.60,2676.90,2671.60,2675.50,6634
2024-11-25 10:00,2675.50,2679.90,2670.30,2679.40,7142
2024-11-25 11:00,2679.40,2690.30,2679.30,2688.40,11313
2024-11-25 12:00,2688.50,2688.80,2681.40,2682.40,9157
2024-11-25 13:00,2682.30,2689.50,2678.00,2679.70,16376
2024-11-25 14:00,2679.70,2680.10,2634.50,2642.60,55207
2024-11-25 15:00,2642.50,2642.80,2627.30,2629.60,29230
2024-11-25 16:00,2629.40,2640.90,2629.40,2633.30,15808
2024-11-25 17:00,2633.20,2635.50,2625.40,2629.20,13585
2024-11-25 18:00,2629.10,2629.80,2616.60,2620.20,22632
2024-11-25 19:00,2620.20,2627.50,2619.60,2626.90,7825
2024-11-25 20:00,2626.90,2630.00,2623.70,2627.30,8192
2024-11-25 21:00,2627.20,2629.40,2625.80,2626.40,2554
2024-11-25 23:00,2626.20,2629.00,2605.30,2610.50,0
2024-11-26 00:00,2610.70,2624.70,2608.80,2619.90,5377
2024-11-26 01:00,2619.90,2632.60,2618.00,2628.40,6469
2024-11-26 02:00,2628.30,2630.80,2625.10,2625.60,3151
2024-11-26 03:00,2625.50,2631.10,2622.90,2630.50,2304
2024-11-26 04:00,2630.20,2631.60,2625.20,2626.70,1490
2024-11-26 05:00,2626.50,2626.50,2617.10,2624.70,3706
2024-11-26 06:00,2624.70,2626.30,2621.40,2622.30,2834
2024-11-26 07:00,2622.30,2623.30,2610.90,2614.20,5232
2024-11-26 08:00,2614.20,2618.50,2612.80,2613.70,6720
2024-11-26 09:00,2613.60,2627.60,2613.10,2626.40,8546
2024-11-26 10:00,2626.50,2633.50,2625.60,2631.80,7309
2024-11-26 11:00,2631.80,2633.60,2628.10,2633.50,4586
2024-11-26 12:00,2633.70,2635.10,2629.70,2631.20,6937
2024-11-26 13:00,2631.20,2642.70,2623.90,2629.90,24610
2024-11-26 14:00,2629.90,2634.10,2616.70,2623.00,21558
2024-11-26 15:00,2623.00,2633.30,2620.50,2629.90,13182
2024-11-26 16:00,2630.00,2631.80,2626.70,2628.90,8676
2024-11-26 17:00,2628.80,2628.80,2625.00,2625.20,6942
2024-11-26 18:00,2625.10,2625.20,2619.70,2623.80,13051
2024-11-26 19:00,2624.00,2629.60,2622.70,2628.70,4911
2024-11-26 20:00,2628.90,2633.30,2628.10,2632.10,3166
2024-11-26 21:00,2632.10,2634.00,2631.20,2633.80,0
2024-11-26 23:00,2633.50,2634.30,2630.90,2632.00,518
2024-11-27 00:00,2632.50,2633.10,2627.40,2628.20,917
2024-11-27 01:00,2628.00,2632.80,2627.20,2632.10,1016
2024-11-27 02:00,2631.60,2640.80,2631.60,2637.80,1093
2024-11-27 03:00,2637.90,2639.70,2636.10,2638.30,1049
2024-11-27 04:00,2637.90,2640.90,2636.80,2639.20,1044
2024-11-27 05:00,2638.90,2645.90,2638.40,2642.40,1461
2024-11-27 06:00,2642.20,2648.10,2639.10,2647.90,1590
2024-11-27 07:00,2648.00,2648.80,2646.40,2647.40,1927
2024-11-27 08:00,2646.80,2678.90,2645.50,2678.50,37737
2024-11-27 09:00,2678.70,2679.10,2647.70,2673.20,9484
2024-11-27 10:00,2648.00,2675.00,2647.50,2648.30,0
2024-11-27 11:00,2648.20,2677.20,2642.10,2650.70,2053
2024-11-27 12:00,2675.90,2679.80,2648.90,2675.90,49690
2024-11-27 13:00,2651.20,2683.40,2644.90,2681.40,16821
2024-11-27 14:00,2681.40,2681.90,2648.00,2676.50,15773
2024-11-27 15:00,2650.30,2676.70,2634.50,2668.00,0
2024-11-27 16:00,2667.80,2669.60,2637.60,2664.20,88170
2024-11-27 17:00,2664.10,2668.10,2634.80,2662.60,6763
2024-11-27 18:00,2662.40,2666.10,2636.90,2664.10,6019
2024-11-27 19:00,2664.20,2664.70,2634.20,2659.90,3692
2024-11-27 20:00,2659.90,2664.20,2634.80,2662.20,2966
2024-11-27 21:00,2662.20,2662.70,2635.20,2661.10,1349
2024-11-27 23:00,2660.60,2662.40,2636.40,2661.40,0
2024-11-28 00:00,2661.30,2662.70,2636.10,2659.90,1425
2024-11-28 01:00,2659.80,2660.60,2620.70,2652.60,9729
2024-11-28 02:00,2652.60,2653.90,2627.00,2652.10,2503
2024-11-28 03:00,2651.80,2656.00,2625.90,2654.00,2071
2024-11-28 04:00,2654.00,2658.20,2628.80,2655.30,1379
2024-11-29 14:30,2681.50,2686.40,2654.60,2677.40,10936
2024-11-29 15:30,2677.60,2682.90,2652.40,2682.80,10181
2024-11-29 16:30,2682.80,2686.50,2658.80,2686.20,6048
2024-11-29 17:30,2686.20,2686.20,2659.70,2684.90,4593
2024-11-29 18:00,2684.90,2685.00,2654.80,2681.00,0
2024-12-01 23:00,2673.80,2678.50,2645.10,2668.50,3869
2024-12-02 00:00,2668.80,2670.30,2636.50,2660.10,7251
2024-12-02 01:00,2660.20,2661.80,2621.70,2658.60,11914
2024-12-02 02:00,2658.40,2660.70,2627.50,2649.30,5674
2024-12-02 03:00,2649.60,2653.90,2623.30,2652.20,4547
2024-12-02 04:00,2652.30,2653.50,2627.80,2651.20,2262
2024-12-02 05:00,2651.30,2651.50,2622.80,2646.10,4528
2024-12-02 06:00,2646.00,2650.40,2622.50,2648.70,3928
2024-12-02 07:00,2648.80,2656.30,2628.10,2652.30,4772
2024-12-02 08:00,2652.30,2655.50,2625.90,2652.20,5936
2024-12-02 09:00,2652.10,2659.80,2628.70,2656.40,5985
2024-12-02 10:00,2656.50,2660.70,2634.40,2658.80,4200
2024-12-02 11:00,2658.80,2669.20,2640.70,2664.70,12242
2024-12-02 12:00,2664.70,2668.10,2640.30,2664.00,5044
2024-12-02 13:00,2664.10,2672.10,2638.10,2670.40,14364
2024-12-02 14:00,2670.30,2675.00,2644.10,2669.00,13738
2024-12-02 15:00,2668.90,2672.80,2641.60,2665.40,13293
2024-12-02 16:00,2665.50,2667.40,2639.70,2664.40,7569
2024-12-02 17:00,2664.40,2665.00,2637.90,2661.90,5778
2024-12-02 18:00,2661.80,2661.90,2635.70,2659.90,8238
2024-12-02 19:00,2659.90,2663.30,2638.60,2660.60,3420
2024-12-02 20:00,2660.60,2667.40,2640.40,2660.10,5858
2024-12-02 21:00,2660.30,2662.30,2659.60,2661.80,1283
2024-12-02 23:00,2662.00,2665.70,2639.00,2664.70,0
2024-12-03 00:00,2664.90,2667.10,2663.30,2663.80,2333
2024-12-03 01:00,2663.90,2668.30,2656.60,2659.20,5784
2024-12-03 02:00,2658.90,2661.80,2656.90,2659.70,3546
2024-12-03 03:00,2659.50,2663.20,2639.20,2663.20,1594
2024-12-03 04:00,2663.10,2665.90,2638.20,2662.20,2582
2024-12-03 05:00,2662.40,2664.40,2659.40,2663.50,1773
2024-12-03 06:00,2663.70,2672.80,2663.70,2669.70,6390
2024-12-03 07:00,2669.80,2670.50,2667.00,2667.30,2987
2024-12-03 08:00,2667.20,2668.20,2640.20,2668.20,8021
2024-12-03 09:00,2668.10,2670.90,2666.30,2666.50,10671
2024-12-03 10:00,2666.60,2668.10,2665.00,2665.20,3853
2024-12-03 11:00,2665.20,2668.10,2644.20,2666.20,2686
2024-12-03 12:00,2666.00,2666.70,2660.50,2662.30,5118
2024-12-03 13:00,2662.30,2676.30,2640.40,2675.60,13647
2024-12-03 14:00,2675.60,2678.40,2649.40,2669.20,16729
2024-12-03 15:00,2669.60,2670.60,2636.00,2663.10,17526
2024-12-03 16:00,2663.10,2671.40,2638.90,2671.00,8338
2024-12-03 17:00,2670.90,2671.50,2665.80,2669.40,5918
2024-12-03 18:00,2669.40,2671.70,2665.50,2668.20,5954
2024-12-03 19:00,2668.30,2668.80,2662.40,2663.30,3732
2024-12-03 20:00,2663.20,2666.70,2641.70,2664.40,2222
2024-12-03 21:00,2664.50,2666.40,2664.20,2666.00,1560
2024-12-03 23:00,2665.80,2666.10,2663.10,2664.70,0
2024-12-04 00:00,2664.70,2665.40,2661.30,2662.40,1422
2024-12-04 01:00,2662.40,2665.50,2639.20,2664.40,5121
2024-12-04 02:00,2664.30,2670.30,2664.20,2668.10,3627
2024-12-04 03:00,2668.20,2670.00,2665.20,2666.70,2572
2024-12-04 04:00,2666.50,2670.00,2645.90,2670.00,1279
2024-12-04 05:00,2670.40,2673.10,2669.60,2671.70,3438
2024-12-04 06:00,2671.80,2673.60,2648.50,2671.30,2832
2024-12-04 07:00,2671.50,2671.50,2643.60,2663.60,5069
2024-12-04 08:00,2663.50,2664.30,2659.90,2663.50,5983
2024-12-04 09:00,2663.50,2664.90,2660.60,2662.80,4392
2024-12-04 10:00,2662.90,2666.40,2662.20,2666.10,6576
2024-12-04 11:00,2666.30,2669.60,2645.60,2668.10,7993
2024-12-04 12:00,2668.10,2668.40,2637.00,2659.20,8706
2024-12-04 13:00,2659.00,2671.90,2637.40,2671.20,20317
2024-12-04 14:00,2671.20,2676.80,2648.30,2672.60,19523
2024-12-04 15:00,2652.70,2682.00,2651.40,2679.70,23453
2024-12-04 16:00,2679.70,2680.40,2650.90,2674.20,10292
2024-12-04 17:00,2674.10,2677.40,2651.30,2675.90,4954
2024-12-04 18:00,2675.90,2677.40,2652.60,2673.50,5890
2024-12-04 19:00,2673.40,2679.90,2671.00,2676.20,5605
2024-12-04 20:00,2676.20,2676.40,2672.40,2674.50,3170
2024-12-04 21:00,2674.60,2675.60,2673.30,2674.30,1343
2024-12-04 23:00,2674.20,2675.30,2672.50,2673.90,0
2024-12-05 00:00,2674.00,2674.00,2671.30,2672.10,2050
2024-12-05 01:00,2672.10,2674.60,2651.00,2670.80,3473
2024-12-05 02:00,2670.80,2673.70,2649.80,2670.50,2243
2024-12-05 03:00,2670.30,2673.30,2668.30,2672.80,1832
2024-12-05 04:00,2672.80,2673.60,2669.60,2670.60,1302
2024-12-05 05:00,2670.20,2680.00,2655.00,2677.50,4928
2024-12-05 06:00,2677.30,2678.60,2671.20,2671.70,4513
2024-12-05 07:00,2671.60,2676.00,2650.00,2673.50,7979
2024-12-05 08:00,2673.40,2674.90,2647.90,2667.60,5658
2024-12-05 09:00,2667.50,2670.60,2644.50,2668.60,4519
2024-12-05 10:00,2668.50,2674.00,2647.40,2672.40,4013
2024-12-05 11:00,2672.20,2676.40,2650.50,2674.80,4428
2024-12-05 12:00,2675.00,2676.60,2670.80,2676.50,5304
2024-12-05 13:00,2676.60,2677.90,2651.90,2672.50,13120
2024-12-05 14:00,2672.30,2673.80,2662.80,2663.50,11144
2024-12-05 15:00,2663.60,2665.50,2633.20,2663.50,25152
2024-12-05 16:00,2663.70,2666.70,2635.10,2658.40,11203
2024-12-05 17:00,2658.40,2659.40,2625.70,2651.00,14984
2024-12-05 18:00,2650.90,2652.80,2629.20,2652.60,8288
2024-12-05 19:00,2652.70,2654.90,2630.40,2652.80,4292
2024-12-05 20:00,2652.90,2655.00,2651.10,2654.50,3172
2024-12-05 21:00,2654.40,2655.60,2654.10,2655.00,1076
2024-12-05 23:00,2655.00,2656.80,2654.00,2656.70,0
2024-12-06 00:00,2656.60,2656.60,2651.40,2651.80,1790
2024-12-06 01:00,2651.80,2653.70,2617.50,2640.50,11575
2024-12-06 02:00,2640.50,2648.10,2639.70,2647.90,2938
2024-12-06 03:00,2648.00,2664.80,2629.70,2662.90,8242
2024-12-06 04:00,2663.00,2666.70,2643.10,2664.20,5791
2024-12-06 05:00,2664.50,2664.90,2657.30,2659.80,6035
2024-12-06 06:00,2659.70,2664.30,2658.20,2661.30,5968
2024-12-06 07:00,2661.30,2662.10,2638.10,2661.80,2834
2024-12-06 08:00,2661.70,2667.20,2660.00,2666.20,5391
2024-12-06 09:00,2666.30,2667.90,2661.60,2662.50,6551
2024-12-06 10:00,2662.10,2662.70,2655.00,2655.60,6093
2024-12-06 11:00,2655.50,2660.90,2637.50,2659.90,4005
2024-12-06 12:00,2659.80,2663.30,2640.40,2660.10,5198
2024-12-06 13:00,2660.00,2665.30,2637.30,2657.40,21934
2024-12-06 14:00,2657.10,2660.70,2627.00,2657.10,20376
2024-12-06 15:00,2657.00,2662.30,2654.20,2659.50,13390
2024-12-06 16:00,2659.50,2663.70,2657.20,2662.40,6864
2024-12-06 17:00,2662.50,2662.60,2637.90,2656.80,6306
2024-12-06 18:00,2656.70,2660.90,2637.40,2659.10,6820
2024-12-06 19:00,2659.20,2659.30,2635.60,2656.80,2839
2024-12-06 20:00,2656.80,2658.30,2653.50,2653.90,3012
2024-12-06 21:00,2654.00,2655.70,2633.40,2654.90,1734
2024-12-08 23:00,2665.00,2672.70,2658.50,2662.40,6545
2024-12-09 00:00,2662.20,2662.40,2630.80,2653.30,5020
2024-12-09 01:00,2653.30,2672.90,2638.20,2668.30,8395
2024-12-09 02:00,2668.50,2670.40,2643.60,2667.70,3514
2024-12-09 03:00,2667.70,2668.30,2644.50,2660.60,4236
2024-12-09 04:00,2660.50,2661.10,2636.70,2658.30,3771
2024-12-09 05:00,2657.90,2662.10,2637.70,2660.00,2905
2024-12-09 06:00,2659.90,2666.00,2641.90,2665.30,3409
2024-12-09 07:00,2665.30,2673.20,2648.90,2672.30,6491
2024-12-09 08:00,2672.50,2673.00,2651.60,2671.00,8397
2024-12-09 09:00,2671.10,2679.00,2653.10,2677.10,6525
2024-12-09 10:00,2677.30,2680.40,2655.90,2679.40,6653
2024-12-09 11:00,2679.40,2682.50,2654.70,2678.30,6783
2024-12-09 12:00,2678.30,2680.40,2657.10,2678.70,6945
2024-12-09 13:00,2678.80,2689.50,2663.00,2688.70,17484
2024-12-09 14:00,2688.80,2698.80,2664.40,2697.50,20542
2024-12-09 15:00,2697.40,2700.00,2674.20,2691.20,18921
2024-12-09 16:00,2691.10,2693.50,2669.50,2690.50,11276
2024-12-09 17:00,2690.50,2692.20,2686.30,2687.40,6064
2024-12-09 18:00,2687.40,2687.50,2664.40,2685.80,7454
2024-12-09 19:00,2685.70,2686.10,2663.00,2682.90,3578
2024-12-09 20:00,2682.90,2682.90,2661.60,2680.80,4078
2024-12-09 21:00,2680.80,2683.90,2680.60,2683.00,2743
2024-12-09 23:00,2684.40,2684.50,2682.10,2683.00,0
2024-12-10 00:00,2683.00,2688.30,2661.00,2687.70,3313
2024-12-10 01:00,2667.60,2691.50,2662.60,2690.30,6531
2024-12-10 02:00,2690.20,2694.40,2670.90,2691.60,5835
2024-12-10 03:00,2691.60,2694.40,2667.90,2692.70,4357
2024-12-10 04:00,2692.80,2696.90,2673.80,2693.50,3043
2024-12-10 05:00,2693.10,2694.20,2671.20,2691.30,3458
2024-12-10 06:00,2691.20,2693.30,2670.00,2692.50,2959
2024-12-10 07:00,2692.40,2693.20,2665.90,2686.60,4042
2024-12-10 08:00,2686.50,2687.90,2663.60,2685.60,7015
2024-12-10 09:00,2685.80,2689.50,2664.80,2687.60,5224
2024-12-10 10:00,2687.60,2699.50,2686.90,2698.10,9959
2024-12-10 11:00,2698.10,2698.10,2692.10,2697.00,9262
2024-12-10 12:00,2697.10,2703.40,2695.10,2701.10,16027
2024-12-10 13:00,2701.20,2705.80,2676.80,2704.40,13232
2024-12-10 14:00,2704.30,2717.20,2686.80,2713.80,23792
2024-12-10 15:00,2713.70,2715.40,2690.00,2712.40,15679
2024-12-10 16:00,2712.30,2718.10,2692.90,2717.90,13549
2024-12-10 17:00,2717.80,2721.10,2698.20,2719.70,8811
2024-12-10 18:00,2719.80,2720.80,2717.30,2718.00,7685
2024-12-10 19:00,2718.10,2720.50,2717.20,2718.30,3181
2024-12-10 20:00,2718.20,2719.70,2717.30,2718.20,2728
2024-12-10 21:00,2718.20,2721.70,2718.10,2721.50,3072
2024-12-10 23:00,2721.20,2726.30,2720.30,2723.80,0
2024-12-11 00:00,2723.80,2732.90,2701.80,2731.70,7345
2024-12-11 01:00,2731.90,2734.20,2712.20,2732.40,11039
2024-12-11 02:00,2732.40,2738.90,2712.00,2736.10,11748
2024-12-11 03:00,2736.10,2741.00,2736.10,2737.60,8534
2024-12-11 04:00,2737.70,2740.90,2734.50,2736.30,7855
2024-12-11 05:00,2735.90,2739.60,2727.70,2727.80,18037
2024-12-11 06:00,2727.70,2732.10,2726.40,2731.80,9187
2024-12-11 07:00,2731.80,2732.00,2700.00,2726.20,8352
2024-12-11 08:00,2726.10,2734.60,2701.00,2728.00,9723
2024-12-11 09:00,2728.00,2728.20,2693.10,2727.20,8651
2024-12-11 10:00,2727.30,2731.20,2722.20,2725.60,7184
2024-12-11 11:00,2725.60,2728.50,2723.40,2727.30,4703
2024-12-11 12:00,2727.50,2728.60,2724.30,2725.50,5553
2024-12-11 13:00,2725.50,2733.10,2702.10,2732.10,17538
2024-12-11 14:00,2709.60,2742.60,2709.60,2742.20,21575
2024-12-11 15:00,2742.10,2759.70,2724.40,2754.70,40324
2024-12-11 16:00,2754.80,2757.60,2726.40,2753.10,17253
2024-12-11 17:00,2752.90,2758.40,2731.50,2757.10,8390
2024-12-11 18:00,2757.20,2759.00,2750.40,2750.60,10388
2024-12-11 19:00,2750.60,2755.30,2728.70,2753.00,3929
2024-12-11 20:00,2753.30,2755.30,2752.10,2752.70,4265
2024-12-11 21:00,2752.70,2754.60,2728.40,2753.80,2483
2024-12-11 23:00,2753.60,2754.70,2752.10,2753.90,0
2024-12-12 00:00,2753.90,2758.70,2752.80,2758.40,2494
2024-12-12 01:00,2758.50,2761.30,2748.40,2751.50,8550
2024-12-12 02:00,2751.30,2751.90,2743.10,2746.00,5352
2024-12-12 03:00,2746.10,2749.20,2745.40,2748.30,3709
2024-12-12 04:00,2748.20,2749.80,2746.20,2748.20,2124
2024-12-12 05:00,2747.60,2750.90,2746.60,2748.50,2959
2024-12-12 06:00,2748.60,2752.00,2744.50,2751.90,4575
2024-12-12 07:00,2751.80,2752.90,2748.00,2749.00,4251
2024-12-12 08:00,2749.00,2755.30,2748.90,2753.70,7371
2024-12-12 09:00,2753.70,2754.60,2725.10,2748.40,8244
2024-12-12 10:00,2748.40,2750.50,2743.30,2744.80,8548
2024-12-12 11:00,2744.90,2745.10,2718.40,2742.50,8026
2024-12-12 12:00,2742.50,2744.50,2716.50,2736.40,5831
2024-12-12 13:00,2736.40,2742.60,2714.00,2726.20,24138
2024-12-12 14:00,2726.30,2728.10,2682.10,2711.00,44565
2024-12-12 15:00,2710.80,2715.30,2677.40,2701.50,31202
2024-12-12 16:00,2701.20,2707.50,2700.40,2707.20,10781
2024-12-12 17:00,2707.20,2711.70,2685.20,2711.20,8598
2024-12-12 18:00,2711.30,2711.90,2706.90,2707.90,7496
2024-12-12 19:00,2708.10,2710.30,2705.90,2706.40,3388
2024-12-12 20:00,2706.50,2707.50,2683.60,2704.10,3548
2024-12-12 21:00,2704.20,2707.40,2684.00,2705.20,1270
2024-12-12 23:00,2704.90,2705.80,2704.10,2704.90,0
2024-12-13 00:00,2704.90,2709.10,2703.50,2708.90,2447
2024-12-13 01:00,2708.80,2716.40,2708.70,2714.00,6679
2024-12-13 02:00,2714.00,2714.90,2707.20,2709.30,7283
2024-12-13 03:00,2709.30,2714.10,2708.70,2710.30,2512
2024-12-13 04:00,2710.30,2710.80,2707.90,2709.60,1911
2024-12-13 05:00,2709.90,2710.20,2706.70,2709.10,2334
2024-12-13 06:00,2709.30,2711.20,2684.80,2710.00,3823
2024-12-13 07:00,2710.00,2711.00,2686.60,2705.30,4658
2024-12-13 08:00,2705.20,2706.40,2693.60,2695.10,10179
2024-12-13 09:00,2695.00,2697.20,2669.20,2689.20,12766
2024-12-13 10:00,2689.40,2690.20,2666.00,2686.70,8942
2024-12-13 11:00,2686.70,2689.40,2664.00,2685.40,6124
2024-12-13 12:00,2685.30,2693.70,2663.00,2693.60,11596
2024-12-13 13:00,2693.70,2695.10,2659.00,2681.10,21121
2024-12-13 14:00,2681.10,2683.50,2658.30,2679.40,15326
2024-12-13 15:00,2679.30,2682.10,2659.20,2679.20,15457
2024-12-13 16:00,2679.10,2683.70,2676.70,2681.50,9133
2024-12-13 17:00,2681.60,2681.60,2675.00,2676.20,6682
2024-12-13 18:00,2676.30,2677.30,2671.20,2674.40,9521
2024-12-13 19:00,2674.50,2675.40,2671.80,2672.80,2508
2024-12-13 20:00,2672.90,2673.30,2650.40,2665.70,5723
2024-12-13 21:00,2665.70,2668.50,2647.90,2665.90,5035
2024-12-15 23:00,2668.00,2670.80,2666.20,2669.30,2590
2024-12-16 00:00,2669.20,2669.80,2661.40,2665.20,3932
2024-12-16 01:00,2665.10,2674.10,2664.70,2672.10,5573
2024-12-16 02:00,2671.90,2673.00,2669.10,2670.30,2699
2024-12-16 03:00,2670.10,2673.70,2669.80,2671.70,2037
2024-12-16 04:00,2671.70,2672.50,2669.50,2670.40,1022
2024-12-16 05:00,2670.30,2671.40,2667.60,2671.00,3266
2024-12-16 06:00,2670.90,2672.90,2670.00,2671.60,1786
2024-12-16 07:00,2671.50,2674.40,2669.40,2672.20,3518
2024-12-16 08:00,2672.30,2679.80,2657.10,2676.10,7383
2024-12-16 09:00,2676.00,2678.90,2658.10,2676.60,5012
2024-12-16 10:00,2676.60,2679.80,2659.10,2677.50,5316
2024-12-16 11:00,2677.40,2683.30,2676.40,2682.50,6350
2024-12-16 12:00,2682.40,2683.40,2676.50,2679.10,4882
2024-12-16 13:00,2679.00,2683.40,2662.50,2681.30,9352
2024-12-16 14:00,2681.30,2682.20,2671.80,2673.50,11073
2024-12-16 15:00,2673.40,2675.40,2669.10,2672.80,10758
2024-12-16 16:00,2672.80,2674.20,2651.00,2670.10,7341
2024-12-16 17:00,2670.00,2673.10,2651.80,2669.40,3876
2024-12-16 18:00,2669.50,2672.90,2668.50,2672.50,5036
2024-12-16 19:00,2672.60,2672.90,2668.50,2669.90,2577
2024-12-16 20:00,2669.80,2671.00,2669.00,2670.10,2355
2024-12-16 21:00,2670.30,2670.40,2668.70,2670.20,1745
2024-12-16 23:00,2670.20,2670.30,2651.80,2668.40,0
2024-12-17 00:00,2668.50,2672.50,2668.00,2672.20,1847
2024-12-17 01:00,2672.10,2675.60,2671.30,2675.20,3687
2024-12-17 02:00,2675.10,2675.80,2670.80,2672.00,2472
2024-12-17 03:00,2672.10,2673.40,2651.90,2670.80,3290
2024-12-17 04:00,2670.70,2672.30,2667.50,2668.40,1723
2024-12-17 05:00,2668.40,2671.50,2665.40,2670.60,3696
2024-12-17 06:00,2670.50,2671.40,2663.70,2666.20,3724
2024-12-17 07:00,2666.30,2673.40,2665.50,2670.40,4230
2024-12-17 08:00,2670.20,2670.20,2640.30,2659.50,12490
2024-12-17 09:00,2659.40,2661.20,2639.00,2654.60,11111
2024-12-17 10:00,2654.50,2658.40,2637.20,2653.20,6473
2024-12-17 11:00,2653.00,2657.70,2651.10,2657.20,5089
2024-12-17 12:00,2657.10,2661.50,2640.50,2657.60,5560
2024-12-17 13:00,2657.50,2662.00,2632.50,2650.10,17860
2024-12-17 14:00,2650.00,2655.80,2633.20,2649.90,17890
2024-12-17 15:00,2649.70,2657.50,2637.10,2654.40,10670
2024-12-17 16:00,2654.50,2656.60,2651.00,2653.90,7299
2024-12-17 17:00,2653.90,2663.40,2652.90,2662.20,6392
2024-12-17 18:00,2662.10,2665.30,2660.80,2663.50,5170
2024-12-17 19:00,2663.50,2664.50,2661.50,2662.00,1771
2024-12-17 20:00,2662.00,2663.50,2659.90,2660.50,2440
2024-12-17 21:00,2660.70,2663.70,2660.20,2663.50,1810
2024-12-17 23:00,2663.30,2664.10,2661.30,2663.60,0
2024-12-18 00:00,2663.70,2667.60,2662.70,2666.30,2004
2024-12-18 01:00,2666.30,2667.50,2663.70,2666.40,2630
2024-12-18 02:00,2666.50,2666.50,2662.00,2662.50,1936
2024-12-18 03:00,2662.30,2663.70,2660.10,2660.50,2224
2024-12-18 04:00,2660.40,2661.00,2657.30,2660.10,2282
2024-12-18 05:00,2660.10,2664.60,2659.00,2662.90,1981
2024-12-18 06:00,2662.90,2663.40,2660.10,2661.70,2228
2024-12-18 07:00,2661.80,2662.30,2658.20,2659.90,2761
2024-12-18 08:00,2659.80,2665.10,2657.30,2663.20,5766
2024-12-18 09:00,2663.20,2664.40,2660.90,2662.30,3605
2024-12-18 10:00,2662.40,2665.40,2661.70,2664.30,1893
2024-12-18 11:00,2664.50,2665.50,2661.50,2661.80,2040
2024-12-18 12:00,2661.70,2664.10,2659.60,2659.80,3157
2024-12-18 13:00,2659.80,2664.10,2656.50,2659.80,11101
2024-12-18 14:00,2659.90,2660.80,2652.80,2654.00,11568
2024-12-18 15:00,2653.90,2655.00,2649.60,2654.80,8946
2024-12-18 16:00,2654.80,2656.20,2649.60,2651.40,6815
2024-12-18 17:00,2651.30,2655.80,2651.10,2652.00,4972
2024-12-18 18:00,2652.10,2654.40,2650.90,2652.50,5219
2024-12-18 19:00,2651.80,2651.80,2618.90,2619.50,34609
2024-12-18 20:00,2619.40,2624.60,2601.70,2606.90,23866
2024-12-18 21:00,2607.00,2610.20,2598.10,2599.60,6485
2024-12-18 23:00,2600.60,2605.60,2596.70,2601.50,0
2024-12-19 00:00,2601.70,2610.20,2601.40,2608.30,5181
2024-12-19 01:00,2608.20,2630.00,2606.10,2624.20,13108
2024-12-19 02:00,2624.10,2626.10,2618.70,2624.70,6715
2024-12-19 03:00,2624.50,2626.00,2620.20,2623.10,3089
2024-12-19 04:00,2623.40,2624.30,2619.90,2622.10,2967
2024-12-19 05:00,2621.80,2623.10,2619.50,2620.10,2142
2024-12-19 06:00,2620.00,2626.60,2616.10,2625.30,4715
2024-12-19 07:00,2625.20,2635.90,2624.10,2630.10,13283
2024-12-19 08:00,2630.00,2633.60,2626.50,2632.70,6325
2024-12-19 09:00,2632.80,2635.70,2632.20,2633.80,5441
2024-12-19 10:00,2633.80,2640.90,2630.90,2633.30,11882
2024-12-19 11:00,2633.30,2635.60,2629.80,2630.90,4610
2024-12-19 12:00,2630.80,2630.90,2618.10,2620.70,11457
2024-12-19 13:00,2620.60,2620.70,2608.80,2610.00,21236
2024-12-19 14:00,2609.90,2615.40,2605.90,2606.50,17575
2024-12-19 15:00,2606.30,2610.60,2601.00,2603.10,15837
2024-12-19 16:00,2603.00,2611.70,2601.70,2606.60,9477
2024-12-19 17:00,2606.50,2608.80,2605.30,2607.50,5750
2024-12-19 18:00,2607.60,2614.80,2606.80,2614.50,8426
2024-12-19 19:00,2614.50,2616.00,2611.40,2611.40,3961
2024-12-19 20:00,2611.50,2615.50,2611.50,2612.30,3709
2024-12-19 21:00,2612.30,2612.60,2608.30,2610.00,1334
2024-12-19 23:00,2609.70,2611.00,2607.60,2608.80,0
2024-12-20 00:00,2608.70,2609.70,2604.50,2604.90,1828
2024-12-20 01:00,2604.90,2617.90,2603.70,2617.70,8945
2024-12-20 02:00,2617.70,2618.00,2610.00,2611.40,7702
2024-12-20 03:00,2611.60,2613.20,2610.10,2612.30,1376
2024-12-20 04:00,2612.30,2614.80,2611.60,2612.70,1290
2024-12-20 05:00,2612.40,2615.30,2610.60,2614.00,1636
2024-12-20 06:00,2614.10,2619.30,2613.00,2618.60,3369
2024-12-20 07:00,2618.50,2621.50,2615.90,2620.00,3782
2024-12-20 08:00,2620.10,2622.20,2618.70,2620.00,4066
2024-12-20 09:00,2620.00,2621.20,2616.80,2619.80,4683
2024-12-20 10:00,2619.80,2622.30,2618.80,2619.20,2860
2024-12-20 11:00,2619.20,2619.60,2614.80,2618.40,4827
2024-12-20 12:00,2618.40,2620.90,2616.50,2617.80,4272
2024-12-20 13:00,2617.80,2629.50,2614.40,2625.20,16031
2024-12-20 14:00,2625.10,2636.20,2623.90,2634.10,16517
2024-12-20 15:00,2634.10,2652.70,2634.00,2652.10,21269
2024-12-20 16:00,2652.20,2653.80,2642.40,2643.70,13599
2024-12-20 17:00,2643.90,2646.70,2641.20,2644.80,6451
2024-12-20 18:00,2644.70,2649.50,2643.10,2647.30,7616
2024-12-20 19:00,2647.50,2649.20,2646.00,2648.00,3407
2024-12-20 20:00,2647.80,2648.20,2642.40,2642.90,4114
2024-12-20 21:00,2643.00,2643.60,2638.00,2640.80,3104
2024-12-22 23:00,2639.10,2641.90,2638.00,2641.40,1806
2024-12-23 00:00,2641.50,2641.60,2634.20,2637.70,2652
2024-12-23 01:00,2637.80,2641.10,2635.30,2638.10,4343
2024-12-23 02:00,2638.20,2643.00,2638.00,2641.50,2755
2024-12-23 03:00,2641.50,2642.60,2637.70,2639.10,2665
2024-12-23 04:00,2639.00,2641.50,2638.90,2640.60,1473
2024-12-23 05:00,2640.60,2644.10,2640.00,2641.50,2303
2024-12-23 06:00,2641.50,2646.80,2638.80,2645.30,4367
2024-12-23 07:00,2645.30,2646.70,2643.20,2643.90,3074
2024-12-23 08:00,2643.90,2646.50,2640.10,2644.10,4949
2024-12-23 09:00,2644.00,2645.00,2640.10,2640.60,3402
2024-12-23 10:00,2640.50,2641.20,2633.60,2634.10,4909
2024-12-23 11:00,2633.90,2634.40,2627.20,2630.00,5743
2024-12-23 12:00,2630.20,2632.70,2628.00,2629.20,4416
2024-12-23 13:00,2629.20,2633.90,2628.00,2631.30,7561
2024-12-23 14:00,2631.20,2633.80,2627.40,2629.70,7905
2024-12-23 15:00,2629.80,2631.10,2624.00,2624.70,10885
2024-12-23 16:00,2624.60,2632.40,2623.20,2632.00,8973
2024-12-23 17:00,2632.10,2633.00,2627.50,2628.20,5176
2024-12-23 18:00,2628.10,2629.90,2626.70,2627.20,5328
2024-12-23 19:00,2627.10,2628.90,2625.30,2626.80,2139
2024-12-23 20:00,2626.80,2628.30,2624.90,2626.50,2463
2024-12-23 21:00,2626.60,2629.80,2625.80,2629.30,1323
2024-12-23 23:00,2629.40,2631.90,2628.70,2629.90,0
2024-12-24 00:00,2629.80,2631.20,2627.40,2630.60,1607
2024-12-24 01:00,2630.60,2632.60,2629.30,2632.10,2029
2024-12-24 02:00,2632.00,2634.00,2630.60,2630.70,1679
2024-12-24 03:00,2630.70,2632.00,2629.40,2632.00,1771
2024-12-24 04:00,2632.00,2633.50,2631.60,2633.40,1853
2024-12-24 14:30,2628.60,2632.60,2624.40,2625.00,5825
2024-12-24 15:30,2625.00,2627.40,2624.20,2626.60,4199
2024-12-24 16:30,2626.50,2633.00,2626.50,2631.50,4175
2024-12-24 17:30,2631.40,2635.80,2630.90,2634.20,4262
2024-12-24 18:00,2634.30,2635.50,2632.00,2633.50,1634
2024-12-26 05:00,2643.80,2643.90,2641.70,2642.00,1715
2024-12-26 06:00,2641.90,2642.60,2640.10,2641.30,1321
2024-12-26 07:00,2641.40,2644.00,2638.40,2640.00,2586
2024-12-26 08:00,2640.00,2643.30,2639.90,2641.80,2482
2024-12-26 09:00,2641.70,2642.70,2640.20,2642.00,1335
2024-12-26 10:00,2642.00,2644.80,2641.30,2644.20,1908
2024-12-26 11:00,2644.20,2646.20,2643.60,2643.80,2656
2024-12-26 12:00,2643.80,2644.50,2639.60,2642.10,2565
2024-12-26 13:00,2642.00,2648.50,2637.90,2638.90,10018
2024-12-26 14:00,2638.90,2646.50,2638.60,2646.20,4613
2024-12-26 15:00,2646.20,2655.60,2645.30,2652.80,10677
2024-12-26 16:00,2652.90,2653.10,2647.90,2648.80,5552
2024-12-26 17:00,2648.90,2649.30,2645.30,2647.00,5380
2024-12-26 18:00,2647.00,2654.60,2646.90,2653.50,8106
2024-12-26 19:00,2653.40,2654.30,2651.20,2653.40,1651
2024-12-26 20:00,2653.30,2655.70,2652.80,2654.80,2486
2024-12-26 21:00,2654.90,2655.00,2653.00,2653.30,0
2024-12-26 23:00,2653.70,2654.60,2651.80,2652.80,1465
2024-12-27 00:00,2652.80,2653.90,2651.20,2651.30,1160
2024-12-27 01:00,2651.20,2653.50,2650.00,2650.60,2410
2024-12-27 02:00,2650.60,2651.70,2647.20,2651.10,2320
2024-12-27 03:00,2651.10,2653.90,2650.00,2652.50,2385
2024-12-27 04:00,2652.40,2652.50,2649.80,2650.40,1390
2024-12-27 05:00,2650.30,2651.30,2647.50,2647.50,1389
2024-12-27 06:00,2647.40,2652.00,2647.30,2649.70,2241
2024-12-27 07:00,2649.60,2652.60,2648.40,2648.80,3646
2024-12-27 08:00,2648.70,2648.70,2640.60,2640.80,5264
2024-12-27 09:00,2640.70,2642.50,2638.50,2638.70,3236
2024-12-27 10:00,2638.70,2642.80,2638.30,2641.70,2844
2024-12-27 11:00,2641.80,2644.40,2640.10,2644.20,2331
2024-12-27 12:00,2644.10,2646.50,2640.90,2641.60,4379
2024-12-27 13:00,2641.70,2642.70,2632.10,2633.40,13039
2024-12-27 14:00,2633.50,2634.10,2625.20,2629.70,12809
2024-12-27 15:00,2629.70,2634.90,2628.00,2633.80,8124
2024-12-27 16:00,2633.40,2635.30,2630.90,2633.60,6262
2024-12-27 17:00,2633.60,2633.90,2629.00,2630.80,3868
2024-12-27 18:00,2630.70,2635.20,2630.10,2634.10,4180
2024-12-27 19:00,2634.20,2637.00,2633.00,2636.30,1934
2024-12-27 20:00,2636.30,2636.50,2628.60,2631.60,3741
2024-12-27 21:00,2631.70,2636.60,2631.50,2636.50,1844
2024-12-29 23:00,2636.10,2640.50,2633.60,2638.70,1756
2024-12-30 00:00,2638.90,2639.80,2635.40,2636.60,1243
2024-12-30 01:00,2636.50,2640.20,2635.80,2637.70,2361
2024-12-30 02:00,2637.50,2638.70,2635.60,2636.70,1745
2024-12-30 03:00,2636.80,2640.70,2635.80,2639.90,1955
2024-12-30 04:00,2639.80,2639.80,2634.30,2634.70,1674
2024-12-30 05:00,2634.90,2636.50,2632.00,2635.40,1893
2024-12-30 06:00,2635.30,2636.50,2630.20,2631.20,2776
2024-12-30 07:00,2630.90,2631.90,2627.60,2628.90,2805
2024-12-30 08:00,2628.80,2629.60,2621.50,2623.60,5351
2024-12-30 09:00,2623.60,2629.70,2623.20,2624.90,5333
2024-12-30 10:00,2624.60,2626.90,2623.10,2623.10,3756
2024-12-30 11:00,2623.10,2631.70,2621.30,2629.50,4728
2024-12-30 12:00,2629.40,2636.20,2628.60,2635.10,3902
2024-12-30 13:00,2635.10,2636.90,2618.00,2618.30,10909
2024-12-30 14:00,2618.10,2626.80,2616.80,2623.70,12285
2024-12-30 15:00,2623.70,2623.90,2611.90,2613.60,15341
2024-12-30 16:00,2613.70,2615.70,2608.40,2612.00,7070
2024-12-30 17:00,2612.20,2618.90,2612.20,2618.40,4986
2024-12-30 18:00,2618.70,2619.70,2616.30,2619.00,6278
2024-12-30 19:00,2619.10,2621.70,2616.50,2620.30,3624
2024-12-30 20:00,2620.30,2623.20,2619.70,2621.90,2297
2024-12-30 21:00,2621.80,2622.10,2619.70,2620.00,1064
2024-12-30 23:00,2620.00,2620.90,2617.80,2620.20,0
2024-12-31 00:00,2620.20,2621.80,2618.60,2620.90,1053
2024-12-31 01:00,2620.90,2624.00,2619.40,2620.70,2961
2024-12-31 02:00,2620.70,2622.10,2619.10,2619.40,1234
2024-12-31 03:00,2619.40,2619.60,2615.50,2616.60,1512
2024-12-31 04:00,2616.50,2619.40,2616.30,2619.10,776
2024-12-31 05:00,2619.10,2620.60,2614.30,2616.00,2126
2024-12-31 06:00,2615.90,2620.70,2615.20,2619.30,2453
2024-12-31 07:00,2619.20,2626.50,2618.70,2625.90,2565
2024-12-31 08:00,2626.00,2629.70,2624.70,2628.70,3768
2024-12-31 09:00,2628.70,2629.10,2625.60,2627.50,2177
2024-12-31 10:00,2627.80,2628.00,2622.90,2624.00,3784
2024-12-31 11:00,2624.10,2626.80,2622.20,2623.40,1757
2024-12-31 12:00,2623.60,2625.40,2621.60,2623.90,2042
2024-12-31 13:00,2624.10,2629.20,2617.40,2625.60,7674
2024-12-31 14:00,2625.60,2630.70,2623.50,2626.70,6111
2024-12-31 15:00,2626.70,2641.00,2625.50,2640.20,10445
2024-12-31 16:00,2640.00,2641.30,2636.50,2639.30,8908
2024-12-31 17:00,2639.30,2641.90,2637.40,2638.60,7095
2024-12-31 18:00,2638.60,2642.00,2637.20,2638.60,7926
2024-12-31 19:00,2638.60,2640.70,2636.90,2637.90,1942
2024-12-31 20:00,2637.80,2639.20,2636.80,2637.80,1636
2024-12-31 21:00,2637.90,2639.40,2637.60,2639.30,884
2025-01-02 05:00,2645.80,2648.80,2645.10,2646.00,2454
2025-01-02 06:00,2646.00,2647.80,2643.60,2646.50,2488
2025-01-02 07:00,2646.40,2648.00,2644.70,2647.90,1936
2025-01-02 08:00,2648.00,2650.20,2642.60,2648.80,5375
2025-01-02 09:00,2649.00,2652.90,2648.90,2649.00,4311
2025-01-02 10:00,2648.90,2659.40,2644.70,2654.70,10661
2025-01-02 11:00,2654.80,2656.70,2652.80,2654.60,3203
2025-01-02 12:00,2654.70,2659.90,2653.20,2656.40,5260
2025-01-02 13:00,2656.40,2660.70,2648.20,2656.30,16368
2025-01-02 14:00,2656.20,2664.90,2653.20,2660.70,15686
2025-01-02 15:00,2660.80,2669.70,2658.50,2667.70,17043
2025-01-02 16:00,2667.70,2674.20,2663.20,2673.00,13975
2025-01-02 17:00,2673.00,2674.10,2666.40,2670.50,9568
2025-01-02 18:00,2670.50,2672.80,2667.50,2669.20,7690
2025-01-02 19:00,2669.20,2670.80,2667.50,2668.20,2769
2025-01-02 20:00,2668.30,2674.10,2667.70,2672.60,3537
2025-01-02 21:00,2672.70,2673.40,2669.90,2671.20,1477
2025-01-02 23:00,2671.10,2673.00,2670.10,2671.10,0
2025-01-03 00:00,2671.30,2675.20,2671.10,2674.50,1890
2025-01-03 01:00,2674.70,2676.50,2670.90,2673.60,3373
2025-01-03 02:00,2673.50,2678.40,2670.30,2676.80,9077
2025-01-03 03:00,2676.70,2681.00,2675.50,2677.40,4111
2025-01-03 04:00,2677.10,2679.40,2676.60,2677.80,962
2025-01-03 05:00,2677.90,2677.90,2672.00,2674.30,2499
2025-01-03 06:00,2674.30,2675.50,2671.70,2674.80,2140
2025-01-03 07:00,2674.70,2674.70,2667.90,2669.60,4038
2025-01-03 08:00,2669.60,2671.20,2664.30,2667.10,5966
2025-01-03 09:00,2667.10,2670.50,2667.00,2667.70,3604
2025-01-03 10:00,2667.70,2672.30,2667.40,2672.00,4649
2025-01-03 11:00,2672.00,2673.50,2670.80,2672.10,3449
2025-01-03 12:00,2672.10,2672.80,2668.60,2669.30,3183
2025-01-03 13:00,2669.10,2670.30,2657.00,2664.10,13535
2025-01-03 14:00,2664.00,2667.10,2659.20,2661.50,11521
2025-01-03 15:00,2661.60,2662.40,2655.00,2657.90,12045
2025-01-03 16:00,2657.80,2661.50,2652.30,2653.40,8725
2025-01-03 17:00,2653.30,2656.30,2652.40,2655.50,5330
2025-01-03 18:00,2655.40,2656.20,2653.20,2656.10,5866
2025-01-03 19:00,2655.90,2657.20,2652.90,2653.30,2210
2025-01-03 20:00,2653.30,2654.00,2650.60,2651.90,2981
2025-01-03 21:00,2651.80,2653.80,2649.70,2652.70,2879
2025-01-05 23:00,2652.80,2655.20,2651.60,2653.60,1804
2025-01-06 00:00,2653.60,2656.00,2651.20,2655.80,1815
2025-01-06 01:00,2656.00,2661.00,2653.80,2654.20,4430
2025-01-06 02:00,2654.30,2658.30,2652.60,2657.20,2244
2025-01-06 03:00,2657.20,2657.80,2651.20,2652.20,2397
2025-01-06 04:00,2652.20,2652.90,2645.20,2647.10,4813
2025-01-06 05:00,2646.70,2647.70,2642.40,2645.20,4797
2025-01-06 06:00,2645.30,2646.90,2641.30,2643.60,3992
2025-01-06 07:00,2643.50,2646.30,2636.60,2638.70,6242
2025-01-06 08:00,2638.60,2644.60,2637.50,2643.60,4648
2025-01-06 09:00,2643.50,2647.70,2643.40,2644.90,4350
2025-01-06 10:00,2644.90,2646.90,2642.80,2645.80,3431
2025-01-06 11:00,2645.60,2663.80,2644.50,2659.40,14638
2025-01-06 12:00,2659.40,2661.10,2654.90,2658.10,8427
2025-01-06 13:00,2658.10,2661.70,2630.80,2634.50,25329
2025-01-06 14:00,2634.50,2647.20,2624.60,2643.20,26526
2025-01-06 15:00,2643.40,2651.90,2641.20,2645.20,15325
2025-01-06 16:00,2645.30,2652.70,2643.40,2652.20,8775
2025-01-06 17:00,2652.50,2652.60,2645.40,2647.90,5245
2025-01-06 18:00,2647.90,2650.00,2644.90,2645.70,7621
2025-01-06 19:00,2645.60,2646.60,2643.70,2645.60,1745
2025-01-06 20:00,2645.50,2646.20,2643.70,2645.20,2483
2025-01-06 21:00,2645.30,2647.80,2645.20,2647.00,1068
2025-01-06 23:00,2647.10,2647.10,2644.40,2645.10,0
2025-01-07 00:00,2645.30,2646.40,2643.50,2646.30,1295
2025-01-07 01:00,2646.20,2652.10,2646.00,2650.10,4726
2025-01-07 02:00,2650.00,2651.20,2647.40,2648.80,1721
2025-01-07 03:00,2648.80,2650.90,2647.60,2650.70,1275
2025-01-07 04:00,2650.50,2650.70,2648.30,2648.90,1165
2025-01-07 05:00,2648.90,2656.20,2647.70,2654.90,3125
2025-01-07 06:00,2654.90,2657.60,2651.70,2652.10,4286
2025-01-07 07:00,2652.00,2653.70,2649.70,2652.20,2032
2025-01-07 08:00,2652.10,2656.70,2651.70,2653.80,4551
2025-01-07 09:00,2653.80,2655.80,2651.20,2652.90,3180
2025-01-07 10:00,2652.80,2656.40,2652.80,2655.40,3145
2025-01-07 11:00,2655.40,2659.90,2653.30,2659.60,4107
2025-01-07 12:00,2659.70,2665.10,2658.60,2663.90,9397
2025-01-07 13:00,2663.90,2678.50,2661.80,2676.50,30221
2025-01-07 14:00,2676.40,2676.90,2668.40,2672.50,15326
2025-01-07 15:00,2672.00,2672.00,2653.80,2661.00,30540
2025-01-07 16:00,2661.10,2669.50,2659.90,2665.70,10163
2025-01-07 17:00,2665.80,2670.40,2664.20,2666.70,7750
2025-01-07 18:00,2666.70,2666.80,2661.50,2663.50,8331
2025-01-07 19:00,2663.60,2664.70,2661.30,2663.70,2034
2025-01-07 20:00,2663.80,2666.00,2661.60,2664.80,3098
2025-01-07 21:00,2664.90,2665.00,2662.40,2663.10,1399
2025-01-07 23:00,2662.90,2664.40,2662.70,2663.80,0
2025-01-08 00:00,2663.80,2666.20,2662.80,2664.50,1265
2025-01-08 01:00,2664.70,2664.90,2660.70,2662.90,3414
2025-01-08 02:00,2662.90,2664.30,2659.40,2662.90,2627
2025-01-08 03:00,2662.90,2663.00,2659.30,2660.10,1212
2025-01-08 04:00,2660.00,2662.00,2658.40,2659.80,1191
2025-01-08 05:00,2660.00,2664.70,2659.70,2664.00,2164
2025-01-08 06:00,2664.00,2667.20,2663.10,2666.00,3387
2025-01-08 07:00,2666.10,2668.50,2665.40,2666.40,2276
2025-01-08 08:00,2666.40,2667.50,2662.90,2665.60,3408
2025-01-08 09:00,2665.60,2669.10,2665.50,2667.50,4305
2025-01-08 10:00,2667.40,2669.30,2666.50,2666.60,6119
2025-01-08 11:00,2666.50,2666.70,2660.30,2664.10,6169
2025-01-08 12:00,2664.10,2666.50,2658.90,2665.70,5397
2025-01-08 13:00,2665.80,2674.90,2663.50,2674.80,17242
2025-01-08 14:00,2674.70,2683.90,2674.60,2677.20,25881
2025-01-08 15:00,2677.10,2683.70,2675.00,2681.50,21804
2025-01-08 16:00,2681.30,2687.00,2678.30,2686.20,9552
2025-01-08 17:00,2686.20,2686.80,2665.30,2671.80,20547
2025-01-08 18:00,2671.70,2675.90,2668.20,2669.80,22040
2025-01-08 19:00,2670.00,2677.50,2668.90,2674.60,6027
2025-01-08 20:00,2674.80,2681.50,2674.70,2680.60,3930
2025-01-08 21:00,2680.70,2681.50,2678.90,2680.10,2386
2025-01-08 23:00,2679.90,2680.50,2678.50,2679.20,0
2025-01-09 00:00,2679.20,2679.50,2676.80,2677.50,1740
2025-01-09 01:00,2677.40,2679.20,2675.00,2676.40,2386
2025-01-09 02:00,2676.50,2678.20,2674.30,2677.00,2911
2025-01-09 03:00,2677.10,2680.90,2676.80,2678.00,1954
2025-01-09 04:00,2678.00,2678.20,2673.70,2677.30,1915
2025-01-09 05:00,2677.20,2679.70,2675.20,2676.00,1760
2025-01-09 06:00,2676.10,2683.90,2676.00,2683.60,2863
2025-01-09 07:00,2683.70,2683.80,2678.80,2678.90,4328
2025-01-09 08:00,2678.80,2683.10,2676.90,2681.40,7097
2025-01-09 09:00,2681.50,2682.50,2678.70,2681.10,5120
2025-01-09 10:00,2681.00,2684.80,2680.50,2683.30,4186
2025-01-09 11:00,2683.30,2690.70,2680.90,2687.30,14860
2025-01-09 12:00,2687.30,2692.80,2686.60,2691.80,6896
2025-01-09 13:00,2691.70,2696.80,2690.10,2691.40,11028
2025-01-09 14:00,2691.30,2695.00,2686.00,2691.90,13430
2025-01-09 15:00,2691.80,2694.80,2687.20,2687.50,9926
2025-01-09 16:00,2687.50,2690.40,2685.10,2686.70,8468
2025-01-09 17:00,2686.50,2687.80,2681.80,2685.60,11069
2025-01-09 18:00,2685.50,2693.50,2684.50,2692.30,16047
2025-01-09 19:00,2692.30,2692.50,2689.60,2691.30,1886
2025-01-09 20:00,2691.30,2692.20,2690.60,2691.20,1059
2025-01-09 21:00,2691.30,2693.70,2690.70,2692.60,1665
2025-01-09 23:00,2692.90,2693.80,2691.80,2693.30,0
2025-01-10 00:00,2693.50,2695.60,2692.90,2695.00,1354
2025-01-10 01:00,2695.00,2696.20,2693.50,2694.60,3004
2025-01-10 02:00,2694.60,2698.30,2693.80,2696.80,2986
2025-01-10 03:00,2696.90,2698.70,2696.00,2697.70,1847
2025-01-10 04:00,2697.60,2698.00,2694.90,2695.70,1454
2025-01-10 05:00,2695.60,2700.60,2695.40,2699.70,2534
2025-01-10 06:00,2699.60,2703.40,2698.70,2702.40,3194
2025-01-10 07:00,2702.60,2703.00,2697.00,2700.10,6525
2025-01-10 08:00,2700.00,2709.00,2699.70,2706.90,11242
2025-01-10 09:00,2706.90,2708.40,2703.90,2704.10,4940
2025-01-10 10:00,2704.10,2710.10,2703.60,2709.20,8709
2025-01-10 11:00,2709.00,2711.40,2708.10,2708.70,6471
2025-01-10 12:00,2708.70,2708.80,2701.70,2704.90,11443
2025-01-10 13:00,2704.90,2714.30,2686.90,2713.00,42860
2025-01-10 14:00,2713.00,2735.00,2711.50,2723.40,58924
2025-01-10 15:00,2723.00,2734.20,2715.50,2720.60,28392
2025-01-10 16:00,2720.50,2728.80,2715.40,2727.10,20204
2025-01-10 17:00,2727.30,2729.40,2720.50,2726.40,15418
2025-01-10 18:00,2726.50,2727.70,2713.30,2717.40,23818
2025-01-10 19:00,2717.50,2720.00,2715.80,2716.30,4754
2025-01-10 20:00,2716.30,2717.70,2714.50,2716.70,6822
2025-01-10 21:00,2716.60,2720.30,2715.50,2717.40,3548
2025-01-12 23:00,2716.80,2721.40,2714.00,2721.10,3968
2025-01-13 00:00,2721.00,2723.80,2718.00,2720.20,2511
2025-01-13 01:00,2720.30,2720.40,2709.90,2716.40,5964
2025-01-13 02:00,2716.50,2720.40,2715.70,2717.50,2193
2025-01-13 03:00,2717.30,2717.40,2712.90,2715.40,1989
2025-01-13 04:00,2715.50,2718.60,2712.50,2713.90,1902
2025-01-13 05:00,2714.10,2714.80,2710.80,2714.40,1550
2025-01-13 06:00,2714.20,2717.30,2713.80,2716.10,2722
2025-01-13 07:00,2716.00,2716.50,2708.10,2708.30,3845
2025-01-13 08:00,2708.20,2715.50,2707.50,2712.50,16335
2025-01-13 09:00,2712.40,2712.70,2704.80,2707.20,7272
2025-01-13 10:00,2707.10,2707.70,2700.80,2706.00,9251
2025-01-13 11:00,2705.90,2707.80,2699.40,2699.90,5633
2025-01-13 12:00,2699.70,2700.90,2683.00,2691.90,18380
2025-01-13 13:00,2691.80,2694.20,2679.90,2689.50,20626
2025-01-13 14:00,2689.40,2692.80,2682.80,2690.10,16592
2025-01-13 15:00,2690.10,2692.80,2680.20,2680.90,15176
2025-01-13 16:00,2681.10,2686.70,2679.60,2681.50,9339
2025-01-13 17:00,2681.50,2684.40,2679.70,2682.20,8447
2025-01-13 18:00,2682.10,2682.60,2676.00,2678.60,23669
2025-01-13 19:00,2678.70,2679.40,2675.20,2677.40,4519
2025-01-13 20:00,2677.40,2680.80,2677.10,2680.20,4117
2025-01-13 21:00,2680.10,2682.30,2679.10,2681.20,1507
2025-01-13 23:00,2682.00,2687.30,2680.80,2686.00,0
2025-01-14 00:00,2686.10,2688.10,2684.20,2687.30,2044
2025-01-14 01:00,2687.40,2689.10,2684.60,2686.60,3696
2025-01-14 02:00,2686.60,2687.30,2684.60,2686.10,2206
2025-01-14 03:00,2686.10,2687.00,2683.80,2686.30,2846
2025-01-14 04:00,2686.20,2689.00,2684.00,2688.60,1833
2025-01-14 05:00,2688.60,2689.90,2682.40,2684.10,3680
2025-01-14 06:00,2684.20,2684.80,2682.00,2684.00,1749
2025-01-14 07:00,2684.00,2685.10,2681.20,2683.30,2634
2025-01-14 08:00,2683.40,2690.30,2681.20,2684.80,6048
2025-01-14 09:00,2684.60,2685.30,2678.80,2682.30,7049
2025-01-14 10:00,2682.40,2683.10,2677.80,2679.90,4678
2025-01-14 11:00,2679.80,2682.80,2677.20,2682.30,4164
2025-01-14 12:00,2682.10,2684.90,2678.80,2680.80,4708
2025-01-14 13:00,2680.80,2687.40,2672.00,2675.30,21190
2025-01-14 14:00,2675.10,2679.00,2672.20,2678.20,13105
2025-01-14 15:00,2678.40,2686.20,2678.20,2684.90,13694
2025-01-14 16:00,2684.90,2688.00,2682.50,2685.60,8738
2025-01-14 17:00,2685.60,2686.00,2681.30,2683.00,9067
2025-01-14 18:00,2682.90,2686.00,2680.00,2685.90,28066
2025-01-14 19:00,2685.80,2689.90,2685.40,2687.80,4213
2025-01-14 20:00,2687.80,2690.50,2685.30,2690.20,3167
2025-01-14 21:00,2689.90,2693.70,2689.70,2693.10,1911
2025-01-14 23:00,2693.30,2695.20,2690.30,2691.90,0
2025-01-15 00:00,2691.90,2692.20,2689.10,2689.30,1118
2025-01-15 01:00,2689.20,2690.70,2685.80,2686.00,2941
2025-01-15 02:00,2686.00,2690.90,2685.40,2689.80,3198
2025-01-15 03:00,2689.80,2691.70,2689.00,2691.40,2227
2025-01-15 04:00,2691.20,2692.00,2689.20,2690.50,1192
2025-01-15 05:00,2690.60,2693.60,2689.30,2693.20,2584
2025-01-15 06:00,2693.40,2697.80,2693.30,2695.70,3402
2025-01-15 07:00,2695.70,2700.30,2695.00,2697.90,3579
2025-01-15 08:00,2697.90,2702.70,2697.70,2702.00,4516
2025-01-15 09:00,2702.20,2709.30,2701.00,2707.70,6519
2025-01-15 10:00,2707.80,2712.30,2707.00,2711.00,9457
2025-01-15 11:00,2711.20,2711.70,2706.00,2708.10,7169
2025-01-15 12:00,2708.00,2708.90,2705.70,2706.00,5086
2025-01-15 13:00,2706.00,2717.20,2702.40,2716.40,25613
2025-01-15 14:00,2716.50,2719.00,2699.30,2704.30,26573
2025-01-15 15:00,2704.20,2705.40,2698.00,2699.80,24709
2025-01-15 16:00,2700.00,2712.60,2698.20,2712.00,21317
2025-01-15 17:00,2712.10,2716.50,2711.70,2715.90,10705
2025-01-15 18:00,2715.90,2719.50,2714.70,2718.20,10902
2025-01-15 19:00,2718.30,2719.60,2717.20,2718.20,3542
2025-01-15 20:00,2718.30,2720.30,2717.40,2719.60,3777
2025-01-15 21:00,2719.80,2722.70,2719.00,2722.60,2130
2025-01-15 23:00,2722.30,2725.20,2721.90,2723.60,0
2025-01-16 00:00,2723.60,2726.30,2720.40,2723.20,8255
2025-01-16 01:00,2723.30,2731.60,2722.40,2727.40,5726
2025-01-16 02:00,2727.50,2729.20,2725.00,2726.50,2744
2025-01-16 03:00,2726.40,2728.70,2724.10,2727.80,1906
2025-01-16 04:00,2727.70,2729.00,2727.10,2728.00,1171
2025-01-16 05:00,2728.10,2728.20,2723.60,2724.80,3641
2025-01-16 06:00,2724.90,2725.80,2720.90,2724.10,4150
2025-01-16 07:00,2724.20,2728.80,2723.60,2727.20,4095
2025-01-16 08:00,2727.20,2733.40,2726.20,2730.00,5744
2025-01-16 09:00,2730.00,2737.70,2728.30,2736.40,10684
2025-01-16 10:00,2736.30,2739.00,2736.00,2737.90,5911
2025-01-16 11:00,2738.10,2740.50,2732.50,2732.60,6325
2025-01-16 12:00,2732.70,2732.70,2727.60,2730.80,9089
2025-01-16 13:00,2730.80,2747.20,2728.10,2744.10,23773
2025-01-16 14:00,2744.10,2749.80,2742.80,2749.00,17990
2025-01-16 15:00,2748.70,2752.30,2743.50,2752.10,18201
2025-01-16 16:00,2752.20,2755.50,2750.60,2752.90,12693
2025-01-16 17:00,2753.00,2757.90,2752.20,2754.10,9711
2025-01-16 18:00,2754.50,2755.90,2747.60,2748.10,10384
2025-01-16 19:00,2748.10,2750.50,2747.30,2748.10,4168
2025-01-16 20:00,2748.00,2748.80,2746.30,2747.00,5068
2025-01-16 21:00,2746.90,2747.20,2745.00,2746.90,2742
2025-01-16 23:00,2746.80,2747.70,2743.20,2745.00,0
2025-01-17 00:00,2744.90,2748.20,2744.80,2747.60,2104
2025-01-17 01:00,2747.80,2747.80,2742.50,2746.30,4680
2025-01-17 02:00,2746.30,2748.10,2745.20,2746.60,2155
2025-01-17 03:00,2746.50,2748.40,2746.00,2747.00,2203
2025-01-17 04:00,2747.00,2747.20,2744.80,2745.10,1345
2025-01-17 05:00,2745.20,2745.70,2740.50,2741.10,2532
2025-01-17 06:00,2741.10,2743.20,2740.10,2741.30,3081
2025-01-17 07:00,2741.50,2743.00,2739.10,2740.70,3553
2025-01-17 08:00,2740.80,2741.60,2738.00,2739.70,4044
2025-01-17 09:00,2739.50,2739.70,2729.80,2731.10,8467
2025-01-17 10:00,2731.10,2732.60,2729.20,2729.60,6406
2025-01-17 11:00,2729.60,2736.90,2729.40,2736.40,6527
2025-01-17 12:00,2736.40,2743.10,2736.40,2741.90,8227
2025-01-17 13:00,2741.80,2744.30,2734.90,2736.90,16615
2025-01-17 14:00,2736.70,2746.50,2734.10,2745.00,17869
2025-01-17 15:00,2745.00,2750.60,2744.70,2749.10,15352
2025-01-17 16:00,2749.90,2759.20,2749.80,2758.30,14359
2025-01-17 17:00,2758.20,2758.50,2753.20,2753.40,8898
2025-01-17 18:00,2753.30,2753.60,2744.20,2744.20,10103
2025-01-17 19:00,2744.50,2745.70,2741.70,2742.00,5253
2025-01-17 20:00,2742.20,2742.30,2737.20,2739.00,4473
2025-01-17 21:00,2738.90,2740.60,2736.00,2739.80,1684
2025-01-19 23:00,2739.60,2741.10,2731.10,2736.30,2922
2025-01-20 00:00,2736.20,2737.60,2734.20,2737.50,1656
2025-01-20 01:00,2737.40,2738.10,2731.80,2737.50,3876
2025-01-20 02:00,2737.40,2740.30,2736.80,2739.60,1928
2025-01-20 03:00,2739.80,2745.50,2739.70,2744.90,2079
2025-01-20 04:00,2744.90,2747.80,2742.60,2747.50,2094
2025-01-21 05:00,2745.00,2746.80,2742.90,2743.80,2586
2025-01-21 06:00,2743.80,2746.30,2739.40,2739.90,4783
2025-01-21 07:00,2739.90,2745.00,2736.00,2741.60,7061
2025-01-21 08:00,2741.80,2742.10,2733.20,2735.40,6730
2025-01-21 09:00,2735.20,2735.50,2725.50,2731.40,8671
2025-01-21 10:00,2731.40,2736.30,2731.00,2732.50,4855
2025-01-21 11:00,2732.50,2735.70,2728.00,2734.50,5015
2025-01-21 12:00,2734.40,2738.50,2731.40,2737.60,5830
2025-01-21 13:00,2737.50,2743.00,2735.90,2737.60,15138
2025-01-21 14:00,2737.50,2755.30,2736.40,2753.90,19456
2025-01-21 15:00,2753.80,2755.80,2747.90,2753.10,18593
2025-01-21 16:00,2753.10,2760.70,2751.80,2758.10,16059
2025-01-21 17:00,2758.20,2762.00,2755.30,2755.60,9779
2025-01-21 18:00,2755.50,2761.70,2755.20,2760.60,10177
2025-01-21 19:00,2760.60,2761.40,2756.50,2757.50,3722
2025-01-21 20:00,2757.40,2757.60,2754.00,2755.80,3480
2025-01-21 21:00,2755.90,2759.50,2755.20,2758.70,1573
2025-01-21 23:00,2758.70,2759.40,2756.20,2758.40,0
2025-01-22 00:00,2758.50,2764.20,2757.30,2763.10,2683
2025-01-22 01:00,2762.90,2765.60,2761.10,2762.70,4417
2025-01-22 02:00,2762.70,2765.60,2761.00,2764.30,3017
2025-01-22 03:00,2764.20,2766.80,2763.60,2766.40,2060
2025-01-22 04:00,2766.30,2769.30,2765.70,2768.00,2197
2025-01-22 05:00,2768.30,2772.30,2766.50,2772.00,4648
2025-01-22 06:00,2771.80,2772.00,2760.50,2762.80,6480
2025-01-22 07:00,2762.80,2766.50,2760.50,2761.60,5038
2025-01-22 08:00,2761.80,2767.80,2759.50,2766.90,6033
2025-01-22 09:00,2766.80,2773.30,2766.70,2771.00,7864
2025-01-22 10:00,2770.90,2774.40,2769.00,2771.30,6894
2025-01-22 11:00,2771.40,2771.70,2767.90,2768.20,6154
2025-01-22 12:00,2768.40,2770.60,2763.00,2770.10,7207
2025-01-22 13:00,2770.00,2774.20,2759.80,2767.80,16868
2025-01-22 14:00,2767.80,2768.90,2759.60,2763.60,18692
2025-01-22 15:00,2763.50,2771.80,2761.10,2770.50,15091
2025-01-22 16:00,2770.70,2773.00,2767.10,2769.60,9201
2025-01-22 17:00,2769.70,2770.70,2767.60,2768.20,5882
2025-01-22 18:00,2768.30,2771.50,2765.80,2769.60,13075
2025-01-22 19:00,2769.50,2769.80,2766.70,2767.00,2265
2025-01-22 20:00,2766.90,2768.80,2766.20,2766.60,2788
2025-01-22 21:00,2766.80,2767.20,2764.60,2766.30,1744
2025-01-22 23:00,2765.90,2766.40,2763.10,2763.40,0
2025-01-23 00:00,2763.40,2765.50,2761.70,2765.20,2908
2025-01-23 01:00,2765.20,2766.40,2760.30,2761.40,4834
2025-01-23 02:00,2761.10,2764.10,2760.90,2762.10,2139
2025-01-23 03:00,2761.90,2762.80,2758.70,2760.10,2324
2025-01-23 04:00,2760.20,2762.40,2760.00,2760.10,1253
2025-01-23 05:00,2760.40,2762.40,2759.50,2760.70,2253
2025-01-23 06:00,2760.70,2764.60,2759.80,2761.70,2975
2025-01-23 07:00,2761.90,2763.40,2759.00,2760.80,2926
2025-01-23 08:00,2760.80,2762.60,2759.60,2759.70,5953
2025-01-23 09:00,2759.80,2761.00,2747.20,2753.50,12215
2025-01-23 10:00,2753.30,2759.00,2752.90,2757.70,6317
2025-01-23 11:00,2757.80,2761.80,2756.80,2758.70,9456
2025-01-23 12:00,2758.70,2759.60,2748.10,2751.90,11902
2025-01-23 13:00,2751.70,2752.90,2741.00,2748.10,23290
2025-01-23 14:00,2748.20,2753.90,2745.20,2752.40,21362
2025-01-23 15:00,2752.40,2756.00,2747.50,2751.80,18181
2025-01-23 16:00,2751.70,2765.20,2749.30,2760.70,18466
2025-01-23 17:00,2760.70,2767.10,2759.00,2765.10,14292
2025-01-23 18:00,2765.20,2766.70,2762.30,2764.00,7170
2025-01-23 19:00,2764.00,2766.50,2762.60,2763.00,10692
2025-01-23 20:00,2763.00,2763.90,2760.30,2762.00,3742
2025-01-23 21:00,2761.90,2762.20,2759.80,2762.10,1626
2025-01-23 23:00,2761.80,2762.70,2761.00,2762.20,0
2025-01-24 00:00,2762.00,2769.00,2762.00,2767.70,3148
2025-01-24 01:00,2767.70,2771.00,2766.50,2770.70,4407
2025-01-24 02:00,2770.80,2782.80,2770.80,2781.30,9935
2025-01-24 03:00,2781.20,2784.90,2778.70,2780.40,4970
2025-01-24 04:00,2780.00,2782.30,2777.50,2779.60,3092
2025-01-24 05:00,2779.50,2783.50,2779.50,2782.20,3857
2025-01-24 06:00,2782.30,2785.30,2778.60,2779.60,4484
2025-01-24 07:00,2779.50,2781.90,2777.50,2779.70,2951
2025-01-24 08:00,2779.80,2782.20,2776.30,2780.90,7051
2025-01-24 09:00,2780.90,2784.40,2777.30,2779.00,5966
2025-01-24 10:00,2779.00,2783.50,2777.60,2783.10,5111
2025-01-24 11:00,2783.00,2786.90,2780.30,2782.90,9258
2025-01-24 12:00,2782.80,2786.30,2782.00,2785.90,5703
2025-01-24 13:00,2785.90,2792.80,2785.00,2790.00,17478
2025-01-24 14:00,2790.10,2791.90,2780.30,2785.70,25529
2025-01-24 15:00,2785.60,2794.80,2782.20,2782.60,23276
2025-01-24 16:00,2782.60,2785.10,2775.70,2778.40,22993
2025-01-24 17:00,2778.40,2783.50,2776.80,2779.30,8559
2025-01-24 18:00,2779.30,2781.20,2777.40,2780.30,10034
2025-01-24 19:00,2780.40,2783.20,2778.30,2782.00,3111
2025-01-24 20:00,2782.00,2782.30,2777.40,2777.70,3388
2025-01-24 21:00,2777.70,2779.00,2776.90,2777.50,1811
2025-01-26 23:00,2778.10,2778.10,2766.30,2772.60,3357
2025-01-27 00:00,2772.80,2775.90,2771.10,2774.90,2263
2025-01-27 01:00,2774.80,2777.80,2767.30,2767.80,4830
2025-01-27 02:00,2768.00,2769.10,2757.60,2761.50,7235
2025-01-27 03:00,2761.60,2767.60,2760.20,2766.20,2716
2025-01-27 04:00,2766.20,2766.20,2760.60,2763.10,1712
2025-01-27 05:00,2763.20,2763.20,2758.10,2758.60,2543
2025-01-27 06:00,2758.60,2761.50,2755.80,2760.90,3075
2025-01-27 07:00,2761.00,2761.50,2752.00,2753.80,6470
2025-01-27 08:00,2753.90,2764.40,2753.80,2761.60,7489
2025-01-27 09:00,2761.50,2770.50,2760.20,2768.10,6668
2025-01-27 10:00,2768.00,2775.80,2767.30,2772.30,13524
2025-01-27 11:00,2772.20,2776.40,2769.50,2776.00,8964
2025-01-27 12:00,2776.00,2776.50,2765.30,2766.40,8997
2025-01-27 13:00,2766.40,2767.30,2756.40,2761.30,21301
2025-01-27 14:00,2761.20,2762.00,2747.70,2754.60,24518
2025-01-27 15:00,2754.70,2754.70,2742.10,2745.00,20487
2025-01-27 16:00,2744.90,2746.70,2734.70,2736.80,23348
2025-01-27 17:00,2736.90,2739.10,2732.00,2735.60,17525
2025-01-27 18:00,2735.50,2740.10,2734.90,2739.00,11788
2025-01-27 19:00,2739.20,2743.00,2738.70,2741.70,5039
2025-01-27 20:00,2741.70,2744.20,2740.40,2743.40,3669
2025-01-27 21:00,2743.30,2746.30,2742.70,2743.10,2227
2025-01-27 23:00,2742.40,2748.60,2742.20,2745.40,0
2025-01-28 00:00,2745.60,2748.00,2743.60,2744.70,3315
2025-01-28 01:00,2744.70,2749.70,2742.80,2744.80,4411
2025-01-28 02:00,2744.50,2745.20,2741.90,2742.80,4907
2025-01-28 03:00,2742.90,2745.40,2740.80,2741.70,1656
2025-01-28 04:00,2741.70,2744.80,2741.40,2744.80,1337
2025-01-28 05:00,2746.20,2748.70,2744.70,2744.90,2978
2025-01-28 06:00,2744.70,2745.90,2741.80,2742.90,3086
2025-01-28 07:00,2742.90,2746.70,2741.60,2742.10,3187
2025-01-28 08:00,2742.50,2745.50,2737.40,2744.90,6997
2025-01-28 09:00,2744.80,2749.10,2744.10,2747.30,5527
2025-01-28 10:00,2747.30,2749.60,2745.00,2747.30,4925
2025-01-28 11:00,2747.30,2749.30,2746.00,2746.70,4299
2025-01-28 12:00,2746.80,2749.30,2745.40,2749.30,5287
2025-01-28 13:00,2749.40,2754.50,2749.00,2753.60,14360
2025-01-28 14:00,2753.70,2761.30,2753.60,2758.40,23858
2025-01-28 15:00,2758.30,2762.80,2756.10,2759.90,21235
2025-01-28 16:00,2759.90,2767.40,2759.80,2766.30,17836
2025-01-28 17:00,2766.30,2768.90,2764.80,2767.10,10934
2025-01-28 18:00,2767.10,2772.80,2766.80,2772.20,12432
2025-01-28 19:00,2772.10,2774.00,2771.30,2773.20,5824
2025-01-28 20:00,2773.20,2773.60,2770.10,2771.90,4794
2025-01-28 21:00,2771.80,2772.00,2770.50,2771.50,2576
2025-01-28 23:00,2771.60,2771.70,2769.70,2769.80,0
2025-01-29 00:00,2769.80,2771.90,2769.50,2771.00,852
2025-01-29 01:00,2770.90,2773.80,2770.90,2772.10,1108
2025-01-29 02:00,2772.00,2773.80,2771.60,2771.90,878
2025-01-29 03:00,2771.80,2772.00,2769.60,2770.00,1073
2025-01-29 04:00,2770.00,2772.40,2769.00,2770.30,969
2025-01-29 05:00,2770.30,2770.40,2767.40,2768.00,986
2025-01-29 06:00,2768.20,2769.30,2766.00,2766.20,1802
2025-01-29 07:00,2766.20,2767.10,2763.70,2765.50,1986
2025-01-29 08:00,2765.70,2775.50,2765.50,2772.90,5182
2025-01-29 09:00,2772.80,2773.00,2769.10,2770.50,3613
2025-01-29 10:00,2770.50,2771.20,2765.30,2766.70,3334
2025-01-29 11:00,2766.70,2769.80,2765.90,2769.00,3112
2025-01-29 12:00,2768.90,2769.30,2765.70,2769.30,9381
2025-01-29 13:00,2769.50,2772.60,2764.70,2772.00,14308
2025-01-29 14:00,2772.10,2778.10,2772.10,2776.70,19086
2025-01-29 15:00,2776.80,2777.20,2765.50,2772.60,15646
2025-01-29 16:00,2772.70,2775.10,2768.80,2770.60,11103
2025-01-29 17:00,2770.70,2773.70,2768.40,2769.10,6498
2025-01-29 18:00,2769.20,2770.30,2764.90,2768.90,8453
2025-01-29 19:00,2768.30,2775.40,2761.00,2773.30,6984
2025-01-29 20:00,2773.60,2776.20,2769.30,2769.70,3595
2025-01-29 21:00,2769.70,2772.70,2768.50,2772.70,972
2025-01-29 23:00,2772.50,2774.60,2771.20,2773.60,0
2025-01-30 00:00,2773.70,2775.00,2772.20,2773.60,514
2025-01-30 01:00,2773.50,2773.50,2770.00,2771.30,367
2025-01-30 02:00,2771.10,2772.70,2770.00,2771.90,486
2025-01-30 03:00,2771.50,2773.70,2770.60,2773.40,379
2025-01-30 04:00,2773.40,2775.70,2770.70,2770.70,524
2025-01-30 05:00,2770.80,2772.10,2770.70,2771.70,609
2025-01-30 06:00,2771.40,2779.50,2771.40,2778.30,609
2025-01-30 07:00,2778.90,2783.80,2778.00,2782.80,590
2025-01-30 08:00,2783.00,2813.60,2782.30,2813.30,24274
2025-01-30 09:00,2813.30,2813.80,2786.60,2811.60,10581
2025-01-30 10:00,2811.60,2817.20,2788.20,2794.30,0
2025-01-30 11:00,2794.60,2819.20,2793.60,2817.30,36586
2025-01-30 12:00,2817.30,2822.00,2793.50,2820.70,7379
2025-01-30 13:00,2797.30,2830.00,2797.30,2830.00,15258
2025-01-30 14:00,2830.00,2834.90,2801.90,2834.40,19395
2025-01-30 15:00,2834.30,2851.80,2811.80,2849.50,27538
2025-01-30 16:00,2825.70,2853.20,2816.60,2840.40,16339
2025-01-30 17:00,2840.50,2846.10,2814.90,2844.90,13059
2025-01-30 18:00,2845.10,2848.20,2820.70,2845.20,11454
2025-01-30 19:00,2845.20,2845.70,2820.70,2844.70,3214
2025-01-30 20:00,2844.60,2850.20,2821.50,2847.10,8601
2025-01-30 21:00,2847.20,2852.40,2824.50,2851.90,4240
2025-01-30 23:00,2851.90,2857.70,2829.00,2856.60,0
2025-01-31 00:00,2856.50,2859.50,2830.00,2852.60,3232
2025-01-31 01:00,2852.70,2853.00,2825.70,2849.30,3679
2025-01-31 02:00,2849.30,2851.60,2824.50,2848.40,2445
2025-01-31 03:00,2848.40,2852.60,2827.40,2851.20,2088
2025-01-31 04:00,2851.10,2851.10,2825.80,2849.30,1316
2025-01-31 05:00,2849.10,2849.60,2823.20,2847.10,2138
2025-01-31 06:00,2847.00,2849.20,2823.90,2845.80,2246
2025-01-31 07:00,2845.70,2850.70,2822.30,2849.80,4732
2025-01-31 08:00,2849.80,2851.30,2823.50,2844.90,4215
2025-01-31 09:00,2822.50,2849.40,2822.50,2845.70,2998
2025-01-31 10:00,2845.70,2846.80,2820.00,2844.40,5515
2025-01-31 11:00,2844.20,2844.20,2817.30,2843.00,4996
2025-01-31 12:00,2842.90,2848.50,2820.50,2846.10,7464
2025-01-31 13:00,2846.10,2849.80,2822.30,2849.50,8041
2025-01-31 14:00,2849.50,2856.70,2824.70,2856.40,11985
2025-01-31 15:00,2856.50,2862.90,2832.10,2855.10,14855
2025-01-31 16:00,2855.40,2856.60,2827.70,2849.70,8387
2025-01-31 17:00,2849.80,2852.10,2813.00,2843.10,26131
2025-01-31 18:00,2843.10,2846.70,2809.20,2834.20,21149
2025-01-31 19:00,2834.20,2835.10,2805.50,2828.60,5757
2025-01-31 20:00,2828.60,2831.70,2804.00,2830.40,5483
2025-01-31 21:00,2830.30,2834.60,2808.00,2831.50,3484
2025-02-02 23:00,2846.50,2861.50,2802.00,2834.10,11908
2025-02-03 00:00,2834.30,2838.50,2808.80,2834.20,4283
2025-02-03 01:00,2834.20,2834.30,2797.00,2821.10,7035
2025-02-03 02:00,2821.00,2821.40,2780.90,2811.50,12442
2025-02-03 03:00,2811.60,2813.30,2785.70,2808.20,3976
2025-02-03 04:00,2808.30,2816.60,2786.30,2811.80,3373
2025-02-03 05:00,2811.60,2816.20,2791.60,2814.10,1804
2025-02-03 06:00,2813.90,2819.40,2791.00,2819.00,2772
2025-02-03 07:00,2819.10,2824.30,2817.50,2823.60,4618
2025-02-03 08:00,2823.80,2833.50,2819.70,2830.00,7638
2025-02-03 09:00,2829.90,2835.20,2827.80,2828.90,3711
2025-02-03 10:00,2828.80,2832.90,2805.00,2830.40,3711
2025-02-03 11:00,2830.40,2836.40,2808.00,2835.30,3442
2025-02-03 12:00,2835.40,2847.70,2813.10,2847.50,7606
2025-02-03 13:00,2847.70,2852.30,2824.00,2851.60,11081
2025-02-03 14:00,2851.70,2872.00,2827.70,2848.00,0
2025-02-03 15:00,2870.50,2871.10,2824.10,2854.80,137339
2025-02-03 16:00,2854.50,2864.40,2829.30,2852.90,13061
2025-02-03 17:00,2852.80,2862.00,2833.30,2857.20,7481
2025-02-03 18:00,2856.70,2861.20,2855.00,2857.30,6394
2025-02-03 19:00,2857.20,2861.20,2834.20,2858.00,2812
2025-02-03 20:00,2858.10,2859.10,2832.80,2857.10,2455
2025-02-03 21:00,2857.00,2858.20,2825.90,2850.70,4906
2025-02-03 23:00,2850.40,2850.70,2825.00,2849.70,0
2025-02-04 00:00,2849.70,2850.30,2825.90,2849.10,1999
2025-02-04 01:00,2849.20,2858.20,2848.50,2857.00,3151
2025-02-04 02:00,2857.00,2857.20,2826.90,2853.20,3036
2025-02-04 03:00,2853.20,2856.10,2829.10,2851.80,3472
2025-02-04 04:00,2851.80,2852.00,2826.20,2850.30,1303
2025-02-04 05:00,2849.50,2849.60,2823.00,2847.60,3619
2025-02-04 06:00,2847.40,2847.70,2818.30,2843.10,2889
2025-02-04 07:00,2843.20,2845.00,2837.40,2842.10,5062
2025-02-04 08:00,2842.20,2848.20,2821.00,2842.60,7175
2025-02-04 09:00,2842.70,2848.00,2820.10,2847.40,4145
2025-02-04 10:00,2847.30,2847.40,2816.10,2841.20,4457
2025-02-04 11:00,2841.20,2843.80,2819.40,2842.10,3805
2025-02-04 12:00,2842.00,2849.90,2821.90,2848.80,4752
2025-02-04 13:00,2848.80,2867.30,2828.00,2859.70,18324
2025-02-04 14:00,2859.50,2874.40,2835.00,2868.70,19874
2025-02-04 15:00,2869.30,2874.30,2847.90,2863.90,18374
2025-02-04 16:00,2863.90,2872.50,2860.10,2869.70,10396
2025-02-04 17:00,2869.70,2877.10,2868.70,2875.70,7508
2025-02-04 18:00,2875.60,2876.80,2872.80,2873.70,6234
2025-02-04 19:00,2873.80,2875.60,2872.70,2873.70,3012
2025-02-04 20:00,2873.50,2875.30,2871.70,2874.20,2660
2025-02-04 21:00,2874.20,2875.20,2872.40,2874.20,1584
2025-02-04 23:00,2873.70,2874.20,2871.70,2872.00,0
2025-02-05 00:00,2872.10,2876.70,2871.20,2874.30,2933
2025-02-05 01:00,2874.20,2879.60,2870.10,2874.70,5733
2025-02-05 02:00,2874.70,2882.60,2874.10,2881.00,4480
2025-02-05 03:00,2881.30,2884.70,2879.00,2882.50,2576
2025-02-05 04:00,2882.60,2886.10,2882.00,2884.30,1935
2025-02-05 05:00,2884.40,2887.90,2882.80,2887.10,2533
2025-02-05 06:00,2887.00,2888.80,2885.40,2885.70,2567
2025-02-05 07:00,2885.80,2890.50,2882.10,2890.50,4216
2025-02-05 08:00,2890.30,2896.00,2889.60,2894.00,6477
2025-02-05 09:00,2893.90,2898.90,2892.10,2896.30,5882
2025-02-05 10:00,2896.40,2898.90,2890.80,2892.50,8444
2025-02-05 11:00,2892.50,2895.30,2890.50,2893.10,4639
2025-02-05 12:00,2893.10,2896.50,2891.00,2895.20,5434
2025-02-05 13:00,2895.20,2895.80,2878.80,2883.70,20380
2025-02-05 14:00,2883.60,2893.60,2882.00,2890.70,8685
2025-02-05 15:00,2895.50,2906.00,2895.20,2902.20,23541
2025-02-05 16:00,2902.10,2903.20,2884.40,2895.90,22452
2025-02-05 17:00,2896.10,2898.90,2891.70,2894.50,7234
2025-02-05 18:00,2894.50,2895.00,2885.90,2888.20,9027
2025-02-05 19:00,2888.10,2889.20,2882.20,2883.40,5930
2025-02-05 20:00,2883.20,2885.80,2880.10,2882.20,3953
2025-02-05 21:00,2882.10,2885.80,2880.80,2884.80,1774
2025-02-05 23:00,2885.00,2886.40,2883.90,2885.20,0
2025-02-06 00:00,2885.30,2888.60,2884.90,2888.30,1490
2025-02-06 01:00,2888.50,2890.80,2884.40,2890.50,3729
2025-02-06 02:00,2890.40,2893.00,2887.30,2889.00,2876
2025-02-06 03:00,2889.00,2889.00,2884.00,2887.00,2624
2025-02-06 04:00,2886.90,2889.10,2886.60,2887.30,2007
2025-02-06 05:00,2887.40,2888.50,2884.90,2887.20,2358
2025-02-06 06:00,2887.20,2890.20,2876.00,2879.20,5534
2025-02-06 07:00,2879.20,2882.20,2874.30,2875.60,6214
2025-02-06 08:00,2875.70,2880.00,2870.40,2878.90,9322
2025-02-06 09:00,2879.00,2882.60,2877.90,2881.70,5053
2025-02-06 10:00,2881.60,2884.40,2879.20,2882.10,4292
2025-02-06 11:00,2882.00,2889.80,2881.70,2888.70,5001
2025-02-06 12:00,2888.70,2894.20,2886.70,2887.50,8190
2025-02-06 13:00,2887.60,2889.00,2878.00,2879.20,15598
2025-02-06 14:00,2879.20,2884.70,2861.10,2861.90,24579
2025-02-06 15:00,2861.80,2877.60,2855.00,2874.00,28472
2025-02-06 16:00,2874.10,2878.40,2872.70,2872.70,9009
2025-02-06 17:00,2872.70,2877.80,2872.10,2877.50,4725
2025-02-06 18:00,2877.50,2878.40,2874.50,2877.60,5066
2025-02-06 19:00,2877.60,2878.10,2874.00,2877.90,2351
2025-02-06 20:00,2878.00,2882.30,2877.60,2881.40,4341
2025-02-06 21:00,2881.40,2881.60,2879.50,2880.10,1635
2025-02-06 23:00,2880.20,2882.00,2879.60,2881.50,0
2025-02-07 00:00,2881.70,2884.70,2881.50,2882.50,1892
2025-02-07 01:00,2882.60,2891.00,2881.90,2889.50,3847
2025-02-07 02:00,2889.70,2891.20,2888.90,2891.00,3528
2025-02-07 03:00,2890.90,2892.30,2887.60,2889.50,3185
2025-02-07 04:00,2889.50,2890.50,2888.50,2888.60,1693
2025-02-07 05:00,2888.90,2889.40,2884.30,2884.80,2371
2025-02-07 06:00,2884.60,2888.40,2882.80,2884.20,4480
2025-02-07 07:00,2884.20,2889.40,2883.40,2887.50,3215
2025-02-07 08:00,2887.60,2890.80,2886.20,2890.20,4713
2025-02-07 09:00,2889.90,2897.70,2888.60,2892.50,8693
2025-02-07 10:00,2892.60,2893.00,2886.10,2891.80,5504
2025-02-07 11:00,2891.90,2893.40,2889.90,2892.40,3271
2025-02-07 12:00,2892.30,2892.70,2886.60,2886.70,5330
2025-02-07 13:00,2886.70,2893.00,2876.10,2885.60,22763
2025-02-07 14:00,2885.50,2904.00,2878.00,2900.30,24619
2025-02-07 15:00,2900.30,2910.60,2896.10,2904.40,25169
2025-02-07 16:00,2904.90,2905.90,2884.80,2885.20,23009
2025-02-07 17:00,2885.10,2887.60,2877.80,2884.60,15475
2025-02-07 18:00,2884.50,2890.00,2883.40,2884.60,8207
2025-02-07 19:00,2884.70,2887.60,2883.50,2884.50,3825
2025-02-07 20:00,2884.60,2887.90,2883.70,2887.00,4233
2025-02-07 21:00,2887.10,2889.50,2885.80,2886.10,2108
2025-02-09 23:00,2884.80,2895.70,2879.90,2892.40,3885
2025-02-10 00:00,2892.30,2896.00,2891.10,2895.00,2328
2025-02-10 01:00,2895.20,2902.40,2893.00,2897.50,5496
2025-02-10 02:00,2897.40,2901.50,2896.40,2900.80,3471
2025-02-10 03:00,2900.80,2902.00,2897.70,2901.80,1735
2025-02-10 04:00,2901.80,2904.60,2900.40,2904.00,2843
2025-02-10 05:00,2904.00,2906.00,2903.00,2905.90,2836
2025-02-10 06:00,2906.00,2916.50,2905.50,2913.80,7147
2025-02-10 07:00,2913.80,2922.00,2912.10,2920.40,6771
2025-02-10 08:00,2920.40,2927.00,2918.00,2923.80,8629
2025-02-10 09:00,2923.80,2929.70,2923.40,2929.00,6902
2025-02-10 10:00,2928.90,2932.80,2925.20,2930.80,8309
2025-02-10 11:00,2930.90,2932.80,2925.50,2931.50,6816
2025-02-10 12:00,2931.40,2934.10,2928.60,2928.80,8088
2025-02-10 13:00,2928.90,2937.70,2925.50,2927.70,15336
2025-02-10 14:00,2927.70,2933.80,2921.20,2932.90,16618
2025-02-10 15:00,2932.80,2938.10,2928.90,2936.50,13180
2025-02-10 16:00,2936.40,2937.60,2925.60,2928.40,10813
2025-02-10 17:00,2928.40,2932.30,2925.40,2931.10,6974
2025-02-10 18:00,2931.10,2936.10,2928.60,2933.70,9235
2025-02-10 19:00,2933.50,2935.70,2931.80,2934.20,2663
2025-02-10 20:00,2934.30,2935.60,2933.10,2934.80,4471
2025-02-10 21:00,2934.90,2937.00,2933.70,2936.80,1710
2025-02-10 23:00,2937.00,2947.20,2936.00,2943.20,0
2025-02-11 00:00,2943.30,2949.30,2941.80,2947.60,3708
2025-02-11 01:00,2947.70,2960.60,2945.80,2959.10,10032
2025-02-11 02:00,2959.00,2968.50,2935.00,2945.70,21116
2025-02-11 03:00,2945.60,2953.70,2940.20,2944.60,9402
2025-02-11 04:00,2944.70,2946.40,2941.40,2942.50,2882
2025-02-11 05:00,2942.60,2949.50,2941.70,2948.30,3133
2025-02-11 06:00,2948.50,2953.70,2940.40,2942.70,6837
2025-02-11 07:00,2942.80,2944.30,2933.10,2939.10,9114
2025-02-11 08:00,2939.00,2941.30,2933.60,2933.90,9067
2025-02-11 09:00,2933.90,2939.60,2928.60,2929.10,8234
2025-02-11 10:00,2929.00,2933.40,2927.70,2929.10,8098
2025-02-11 11:00,2929.00,2933.80,2928.60,2930.20,4312
2025-02-11 12:00,2930.40,2930.70,2914.90,2917.00,15276
2025-02-11 13:00,2916.60,2925.00,2907.00,2924.00,26990
2025-02-11 14:00,2923.80,2930.80,2921.50,2922.40,19389
2025-02-11 15:00,2922.30,2934.50,2916.50,2932.70,15176
2025-02-11 16:00,2932.80,2935.80,2928.90,2929.50,7897
2025-02-11 17:00,2929.40,2933.90,2926.70,2932.30,5522
2025-02-11 18:00,2932.30,2935.50,2931.10,2934.90,6113
2025-02-11 19:00,2935.00,2935.30,2928.70,2929.70,4182
2025-02-11 20:00,2929.60,2930.10,2923.00,2926.00,4904
2025-02-11 21:00,2926.10,2928.40,2925.90,2926.50,1787
2025-02-11 23:00,2927.00,2927.90,2925.60,2926.80,0
2025-02-12 00:00,2926.90,2927.10,2918.10,2921.20,3231
2025-02-12 01:00,2921.10,2924.80,2911.80,2920.80,8033
2025-02-12 02:00,2920.80,2925.60,2919.30,2919.40,3814
2025-02-12 03:00,2919.30,2920.50,2913.50,2914.70,5482
2025-02-12 04:00,2914.70,2917.00,2908.20,2910.80,5040
2025-02-12 05:00,2910.50,2913.50,2909.10,2911.50,2621
2025-02-12 06:00,2911.40,2920.50,2910.90,2918.90,5338
2025-02-12 07:00,2918.90,2920.80,2916.30,2918.10,4347
2025-02-12 08:00,2918.10,2919.40,2913.00,2916.60,4465
2025-02-12 09:00,2916.40,2917.50,2910.50,2910.90,5239
2025-02-12 10:00,2910.90,2916.00,2905.00,2907.40,9176
2025-02-12 11:00,2907.20,2911.30,2904.10,2905.60,5780
2025-02-12 12:00,2905.60,2912.60,2904.60,2911.60,6474
2025-02-12 13:00,2911.60,2912.20,2886.50,2909.80,35558
2025-02-12 14:00,2909.60,2925.10,2906.00,2921.10,29113
2025-02-12 15:00,2921.20,2923.90,2912.90,2922.50,13750
2025-02-12 16:00,2922.30,2931.60,2918.00,2929.60,12419
2025-02-12 17:00,2929.60,2936.50,2929.10,2930.80,12518
2025-02-12 18:00,2930.80,2931.30,2926.60,2927.30,8228
2025-02-12 19:00,2927.40,2928.00,2918.30,2922.20,7885
2025-02-12 20:00,2922.20,2926.20,2919.40,2924.50,3620
2025-02-12 21:00,2924.70,2929.10,2924.00,2929.00,2253
2025-02-12 23:00,2928.80,2930.20,2925.80,2929.50,0
2025-02-13 00:00,2929.50,2934.50,2928.70,2932.50,3448
2025-02-13 01:00,2932.30,2934.70,2928.70,2933.30,4610
2025-02-13 02:00,2933.50,2937.50,2932.00,2936.70,4792
2025-02-13 03:00,2936.80,2946.00,2934.60,2943.80,7842
2025-02-13 04:00,2943.90,2947.70,2943.50,2946.80,3035
2025-02-13 05:00,2946.80,2950.30,2943.80,2945.90,4968
2025-02-13 06:00,2945.80,2946.40,2939.50,2942.80,5982
2025-02-13 07:00,2942.90,2946.70,2940.40,2940.60,8899
2025-02-13 08:00,2940.70,2944.70,2934.90,2937.10,8243
2025-02-13 09:00,2937.20,2944.30,2935.60,2941.80,4636
2025-02-13 10:00,2941.70,2946.20,2940.10,2944.80,4606
2025-02-13 11:00,2944.70,2945.70,2941.90,2945.60,4200
2025-02-13 12:00,2945.70,2949.30,2944.30,2946.50,7286
2025-02-13 13:00,2946.50,2946.80,2932.70,2935.60,16669
2025-02-13 14:00,2935.80,2945.10,2933.50,2942.90,13682
2025-02-13 15:00,2942.80,2949.00,2942.30,2947.80,12707
2025-02-13 16:00,2947.80,2948.90,2941.00,2941.60,9132
2025-02-13 17:00,2941.60,2948.70,2941.30,2948.50,6018
2025-02-13 18:00,2948.50,2953.40,2941.90,2951.90,11766
2025-02-13 19:00,2951.90,2955.90,2951.20,2955.50,7910
2025-02-13 20:00,2955.50,2958.30,2952.60,2957.20,6906
2025-02-13 21:00,2957.30,2958.80,2956.90,2957.20,1803
2025-02-13 23:00,2957.30,2960.10,2956.00,2958.10,0
2025-02-14 00:00,2958.00,2958.50,2955.80,2956.40,1842
2025-02-14 01:00,2956.40,2964.00,2956.40,2959.10,5185
2025-02-14 02:00,2959.00,2959.90,2953.80,2955.80,3520
2025-02-14 03:00,2955.90,2959.20,2951.70,2953.40,3376
2025-02-14 04:00,2953.20,2956.60,2952.70,2956.30,2191
2025-02-14 05:00,2956.30,2959.70,2955.60,2958.80,2543
2025-02-14 06:00,2958.80,2963.30,2958.20,2960.70,4839
2025-02-14 07:00,2960.70,2961.40,2955.30,2956.50,5102
2025-02-14 08:00,2956.50,2962.40,2955.50,2959.50,4822
2025-02-14 09:00,2959.20,2962.50,2957.80,2959.30,4676
2025-02-14 10:00,2959.40,2964.10,2958.60,2960.60,6654
2025-02-14 11:00,2960.60,2961.60,2953.10,2954.40,4763
2025-02-14 12:00,2954.40,2956.90,2950.30,2954.10,6013
2025-02-14 13:00,2954.20,2955.20,2936.20,2940.30,24109
2025-02-14 14:00,2940.30,2948.20,2932.50,2938.90,20897
2025-02-14 15:00,2939.20,2939.80,2905.60,2916.70,47248
2025-02-14 16:00,2916.60,2919.30,2903.40,2912.20,22496
2025-02-14 17:00,2912.30,2913.80,2897.20,2901.70,16596
2025-02-14 18:00,2901.70,2902.50,2895.60,2897.00,13144
2025-02-14 19:00,2897.10,2899.20,2893.50,2894.80,4590
2025-02-14 20:00,2894.70,2897.30,2889.90,2896.50,7379
2025-02-14 21:00,2896.40,2897.30,2893.50,2893.70,2634
2025-02-16 23:00,2895.10,2904.10,2887.60,2892.40,8944
2025-02-17 00:00,2892.50,2898.70,2892.30,2894.40,3626
2025-02-17 01:00,2894.40,2908.70,2892.30,2907.10,7968
2025-02-17 02:00,2907.10,2912.10,2905.40,2911.80,4126
2025-02-17 03:00,2912.00,2916.40,2910.10,2915.10,2718
2025-02-17 04:00,2915.00,2915.80,2909.30,2910.70,3022
2025-02-18 05:00,2923.90,2928.80,2923.20,2924.40,5589
2025-02-18 06:00,2924.20,2927.40,2923.70,2926.20,3176
2025-02-18 07:00,2926.30,2928.10,2921.00,2923.80,4288
2025-02-18 08:00,2923.90,2925.90,2920.90,2925.30,4121
2025-02-18 09:00,2925.40,2926.90,2922.40,2925.50,3178
2025-02-18 10:00,2925.60,2926.30,2920.60,2924.70,3479
2025-02-18 11:00,2924.60,2927.90,2922.90,2927.50,3155
2025-02-18 12:00,2927.50,2932.70,2925.60,2932.00,7541
2025-02-18 13:00,2931.80,2937.20,2927.00,2933.60,11452
2025-02-18 14:00,2933.60,2946.00,2933.60,2944.90,16825
2025-02-18 15:00,2945.10,2947.30,2940.30,2944.80,15629
2025-02-18 16:00,2944.70,2952.60,2941.80,2950.90,9794
2025-02-18 17:00,2950.90,2951.60,2948.10,2950.30,5946
2025-02-18 18:00,2950.40,2953.30,2947.10,2952.70,7360
2025-02-18 19:00,2952.60,2956.50,2950.90,2954.80,4685
2025-02-18 20:00,2954.90,2955.70,2950.20,2951.30,3884
2025-02-18 21:00,2951.20,2955.90,2951.20,2954.40,2086
2025-02-18 23:00,2954.10,2955.00,2952.60,2953.30,0
2025-02-19 00:00,2953.40,2953.80,2948.60,2949.00,2767
2025-02-19 01:00,2948.80,2959.00,2947.40,2957.40,5880
2025-02-19 02:00,2957.50,2958.30,2942.60,2947.80,7826
2025-02-19 03:00,2947.80,2948.30,2942.30,2946.50,4335
2025-02-19 04:00,2946.50,2947.10,2943.70,2945.40,1617
2025-02-19 05:00,2946.00,2951.10,2944.70,2949.80,3779
2025-02-19 06:00,2949.70,2952.80,2947.20,2948.40,3299
2025-02-19 07:00,2948.30,2953.60,2947.10,2951.70,3925
2025-02-19 08:00,2951.70,2957.40,2951.00,2955.80,5434
2025-02-19 09:00,2956.00,2964.40,2955.30,2962.60,6439
2025-02-19 10:00,2962.60,2964.10,2960.00,2962.30,4023
2025-02-19 11:00,2962.10,2963.60,2952.10,2953.00,6994
2025-02-19 12:00,2953.20,2955.00,2948.60,2951.10,8069
2025-02-19 13:00,2951.30,2960.00,2949.30,2953.20,11624
2025-02-19 14:00,2953.30,2957.50,2946.30,2954.90,16356
2025-02-19 15:00,2954.80,2956.10,2941.20,2941.60,15952
2025-02-19 16:00,2941.60,2948.30,2938.80,2944.50,13673
2025-02-19 17:00,2944.30,2946.60,2937.40,2940.60,6541
2025-02-19 18:00,2940.40,2942.40,2933.70,2940.70,11180
2025-02-19 19:00,2940.70,2948.00,2939.10,2947.30,5995
2025-02-19 20:00,2947.30,2951.90,2947.00,2951.10,4458
2025-02-19 21:00,2951.30,2952.90,2948.60,2949.60,2406
2025-02-19 23:00,2949.50,2951.70,2949.10,2951.00,0
2025-02-20 00:00,2951.10,2957.60,2951.10,2957.40,2913
2025-02-20 01:00,2957.20,2959.70,2951.20,2953.70,5962
2025-02-20 02:00,2953.90,2959.50,2951.30,2958.60,5401
2025-02-20 03:00,2958.60,2961.90,2957.70,2959.70,3706
2025-02-20 04:00,2959.60,2959.70,2956.80,2958.90,1800
2025-02-20 05:00,2958.20,2963.50,2957.80,2963.50,2893
2025-02-20 06:00,2963.50,2966.00,2961.80,2964.80,4970
2025-02-20 07:00,2964.50,2973.00,2963.20,2967.30,7412
2025-02-20 08:00,2967.10,2972.20,2967.10,2971.90,5254
2025-02-20 09:00,2972.00,2973.00,2967.30,2969.40,5141
2025-02-20 10:00,2969.40,2973.40,2966.70,2970.60,10961
2025-02-20 11:00,2970.70,2971.40,2964.20,2966.20,4237
2025-02-20 12:00,2966.30,2968.50,2955.00,2962.80,12827
2025-02-20 13:00,2962.70,2965.20,2949.80,2950.80,16869
2025-02-20 14:00,2950.90,2956.70,2939.30,2950.60,27743
2025-02-20 15:00,2950.70,2956.50,2948.10,2955.20,12953
2025-02-20 16:00,2955.20,2962.80,2952.00,2958.90,9705
2025-02-20 17:00,2958.70,2963.90,2956.10,2956.60,9023
2025-02-20 18:00,2956.60,2958.20,2952.70,2957.40,6988
2025-02-20 19:00,2957.50,2957.60,2949.40,2954.10,3944
2025-02-20 20:00,2954.20,2954.40,2949.20,2953.00,3717
2025-02-20 21:00,2952.80,2956.50,2952.20,2955.60,1766
2025-02-20 23:00,2955.70,2959.50,2954.80,2957.80,0
2025-02-21 00:00,2957.60,2958.70,2952.90,2954.90,2041
2025-02-21 01:00,2954.80,2964.70,2943.50,2945.40,9923
2025-02-21 02:00,2945.40,2956.90,2942.70,2953.40,6432
2025-02-21 03:00,2953.40,2954.10,2941.20,2945.20,7920
2025-02-21 04:00,2945.10,2946.80,2940.00,2941.80,3079
2025-02-21 05:00,2942.40,2947.60,2938.10,2943.70,6141
2025-02-21 06:00,2943.60,2945.60,2939.30,2944.00,4028
2025-02-21 07:00,2944.10,2948.30,2942.90,2943.90,3047
2025-02-21 08:00,2943.70,2945.30,2930.10,2937.10,10624
2025-02-21 09:00,2936.90,2943.90,2936.60,2943.40,5621
2025-02-21 10:00,2943.40,2945.60,2942.50,2945.30,3054
2025-02-21 11:00,2945.20,2950.20,2941.00,2941.70,5595
2025-02-21 12:00,2941.80,2950.00,2941.00,2943.60,6761
2025-02-21 13:00,2943.70,2948.90,2940.70,2945.10,9150
2025-02-21 14:00,2945.10,2954.30,2941.60,2947.60,14427
2025-02-21 15:00,2947.90,2949.70,2935.10,2942.50,18746
2025-02-21 16:00,2942.50,2953.80,2941.20,2950.40,8794
2025-02-21 17:00,2950.70,2956.00,2949.90,2953.90,5838
2025-02-21 18:00,2954.00,2959.80,2951.40,2958.50,10011
2025-02-21 19:00,2958.40,2959.10,2946.70,2947.40,5666
2025-02-21 20:00,2947.30,2951.70,2946.70,2948.40,4791
2025-02-21 21:00,2948.20,2952.90,2945.80,2949.60,2303
2025-02-23 23:00,2950.40,2955.40,2947.60,2950.00,2739
2025-02-24 00:00,2949.90,2952.10,2944.20,2944.40,2848
2025-02-24 01:00,2944.60,2945.90,2936.80,2941.70,7010
2025-02-24 02:00,2941.60,2953.00,2938.30,2952.80,4591
2025-02-24 03:00,2952.80,2957.50,2952.80,2954.70,4199
2025-02-24 04:00,2954.90,2956.20,2950.30,2954.20,3083
2025-02-24 05:00,2954.10,2954.50,2948.60,2949.40,2234
2025-02-24 06:00,2949.20,2956.70,2948.30,2952.10,4013
2025-02-24 07:00,2952.10,2958.40,2951.50,2957.50,3490
2025-02-24 08:00,2957.70,2963.70,2952.00,2961.10,7525
2025-02-24 09:00,2961.10,2963.70,2957.00,2958.70,4771
2025-02-24 10:00,2958.90,2959.50,2949.40,2953.90,5493
2025-02-24 11:00,2953.90,2962.70,2953.10,2962.20,6830
2025-02-24 12:00,2962.20,2966.40,2960.10,2961.80,6479
2025-02-24 13:00,2961.90,2970.50,2961.40,2970.20,12351
2025-02-24 14:00,2972.60,2974.00,2948.60,2953.40,26843
2025-02-24 15:00,2953.30,2956.40,2945.50,2952.60,18281
2025-02-24 16:00,2952.60,2960.60,2952.40,2958.80,11516
2025-02-24 17:00,2958.80,2960.50,2956.20,2958.50,7534
2025-02-24 18:00,2958.40,2964.20,2957.80,2962.70,6004
2025-02-24 19:00,2962.80,2965.50,2961.70,2964.30,2625
2025-02-24 20:00,2964.30,2966.40,2961.70,2964.80,3340
2025-02-24 21:00,2965.00,2969.50,2965.00,2968.90,2038
2025-02-24 23:00,2968.50,2970.40,2964.10,2966.00,0
2025-02-25 00:00,2965.90,2968.30,2964.20,2965.20,1717
2025-02-25 01:00,2965.40,2968.40,2962.00,2965.60,4860
2025-02-25 02:00,2965.50,2968.30,2963.10,2964.60,3451
2025-02-25 03:00,2964.60,2965.60,2954.10,2956.30,4775
2025-02-25 04:00,2956.40,2956.80,2951.60,2952.70,4267
2025-02-25 05:00,2952.60,2956.70,2952.20,2953.30,3552
2025-02-25 06:00,2953.20,2953.80,2949.30,2951.10,4495
2025-02-25 07:00,2951.00,2955.40,2943.70,2945.40,8126
2025-02-25 08:00,2945.40,2956.00,2943.40,2955.20,8507
2025-02-25 09:00,2955.10,2956.80,2950.60,2953.20,4348
2025-02-25 10:00,2953.20,2955.70,2950.80,2950.90,3750
2025-02-25 11:00,2951.10,2954.90,2950.60,2952.20,3948
2025-02-25 12:00,2952.30,2955.40,2936.20,2942.10,17547
2025-02-25 13:00,2942.20,2952.50,2938.70,2950.80,14616
2025-02-25 14:00,2950.90,2959.70,2945.60,2946.50,18771
2025-02-25 15:00,2946.30,2948.80,2910.70,2917.80,47809
2025-02-25 16:00,2918.10,2919.30,2897.00,2908.40,35289
2025-02-25 17:00,2908.40,2922.20,2905.10,2920.90,12331
2025-02-25 18:00,2920.90,2925.70,2918.00,2922.20,10830
2025-02-25 19:00,2922.10,2925.90,2918.00,2924.30,4847
2025-02-25 20:00,2924.00,2926.10,2923.30,2925.50,3198
2025-02-25 21:00,2925.40,2930.80,2925.20,2928.60,4051
2025-02-25 23:00,2929.00,2932.00,2927.70,2931.60,0
2025-02-26 00:00,2931.60,2938.10,2931.50,2934.40,4723
2025-02-26 01:00,2934.30,2942.00,2928.80,2930.70,8096
2025-02-26 02:00,2930.90,2935.90,2928.30,2934.50,5480
2025-02-26 03:00,2934.40,2935.50,2929.70,2930.70,2235
2025-02-26 04:00,2930.50,2932.20,2926.10,2928.00,3140
2025-02-26 05:00,2927.80,2933.70,2927.80,2928.20,2724
2025-02-26 06:00,2928.10,2929.10,2919.50,2919.60,5024
2025-02-26 07:00,2919.50,2929.50,2918.70,2927.20,5318
2025-02-26 08:00,2927.30,2932.10,2922.30,2931.30,6463
2025-02-26 09:00,2931.40,2932.50,2924.60,2925.70,4633
2025-02-26 10:00,2925.70,2930.00,2924.20,2925.30,3554
2025-02-26 11:00,2925.10,2929.40,2925.00,2927.50,3381
2025-02-26 12:00,2927.40,2929.50,2923.40,2927.70,4565
2025-02-26 13:00,2927.70,2929.00,2918.70,2919.30,9689
2025-02-26 14:00,2919.30,2919.50,2903.30,2915.20,32857
2025-02-26 15:00,2915.00,2928.70,2912.50,2927.90,17054
2025-02-26 16:00,2928.00,2932.10,2924.60,2927.40,11567
2025-02-26 17:00,2927.40,2931.10,2924.70,2928.50,6853
2025-02-26 18:00,2928.50,2931.90,2927.30,2929.40,7985
2025-02-26 19:00,2929.40,2931.00,2927.40,2929.20,3394
2025-02-26 20:00,2929.00,2931.40,2926.50,2930.70,3582
2025-02-26 21:00,2930.80,2933.90,2930.00,2931.70,2508
2025-02-26 23:00,2931.40,2935.80,2930.90,2933.90,0
2025-02-27 00:00,2933.80,2933.90,2931.10,2932.00,2130
2025-02-27 01:00,2931.80,2933.80,2926.10,2927.10,5015
2025-02-27 02:00,2927.40,2929.10,2917.40,2919.10,6469
2025-02-27 03:00,2919.10,2922.40,2918.10,2918.50,2559
2025-02-27 04:00,2918.50,2919.20,2910.70,2912.90,3678
2025-02-27 05:00,2911.90,2913.10,2902.10,2903.60,8079
2025-02-27 06:00,2903.80,2910.50,2903.20,2906.30,6272
2025-02-27 07:00,2906.20,2908.70,2899.60,2903.60,9054
2025-02-27 08:00,2903.60,2903.80,2891.80,2892.80,12517
2025-02-27 09:00,2892.60,2907.00,2889.40,2900.40,13040
2025-02-27 10:00,2900.40,2908.30,2898.60,2906.00,6028
2025-02-27 11:00,2906.10,2908.20,2895.00,2896.00,8069
2025-02-27 12:00,2896.10,2902.20,2895.10,2898.00,7929
2025-02-27 13:00,2897.70,2904.70,2894.10,2902.10,19007
2025-02-27 14:00,2902.10,2906.00,2879.00,2884.20,28741
2025-02-27 15:00,2884.40,2895.70,2882.10,2884.20,21818
2025-02-27 16:00,2884.30,2891.40,2884.10,2890.60,9269
2025-02-27 17:00,2890.80,2895.90,2888.60,2895.20,7615
2025-02-27 18:00,2895.00,2899.00,2894.50,2899.00,8103
2025-02-27 19:00,2899.00,2899.20,2887.80,2890.60,6224
2025-02-27 20:00,2890.60,2890.60,2883.40,2884.50,5916
2025-02-27 21:00,2884.70,2888.50,2881.50,2887.80,2687
2025-02-27 23:00,2889.00,2889.10,2884.80,2886.20,0
2025-02-28 00:00,2886.10,2891.20,2885.40,2887.20,2142
2025-02-28 01:00,2887.30,2896.10,2885.80,2886.80,5840
2025-02-28 02:00,2886.70,2890.10,2882.70,2884.70,5056
2025-02-28 03:00,2884.80,2888.60,2875.70,2877.60,6006
2025-02-28 04:00,2877.70,2878.00,2867.20,2875.40,8606
2025-02-28 05:00,2874.00,2879.30,2873.10,2876.10,4803
2025-02-28 06:00,2876.20,2878.70,2874.10,2875.20,4148
2025-02-28 07:00,2875.10,2877.10,2869.50,2870.40,6782
2025-02-28 08:00,2870.20,2872.40,2862.70,2868.20,9421
2025-02-28 09:00,2868.10,2876.40,2868.00,2873.70,6516
2025-02-28 10:00,2873.80,2876.40,2872.40,2874.50,4810
2025-02-28 11:00,2874.60,2875.80,2871.10,2875.20,3952
2025-02-28 12:00,2875.30,2877.30,2866.90,2869.20,7444
2025-02-28 13:00,2869.20,2875.00,2860.00,2860.50,18091
2025-02-28 14:00,2860.60,2864.30,2845.20,2846.40,28985
2025-02-28 15:00,2846.20,2862.20,2844.10,2861.70,27340
2025-02-28 16:00,2861.80,2866.40,2857.20,2859.40,17990
2025-02-28 17:00,2859.40,2862.50,2855.30,2855.30,6637
2025-02-28 18:00,2855.50,2858.50,2847.20,2855.80,16036
2025-02-28 19:00,2855.80,2861.20,2854.30,2859.20,4204
2025-02-28 20:00,2859.20,2864.90,2857.90,2864.40,5435
2025-02-28 21:00,2864.60,2869.90,2863.40,2867.30,3291
2025-03-02 23:00,2872.00,2888.50,2866.30,2882.50,9278
2025-03-03 00:00,2882.50,2882.60,2876.30,2877.10,4057
2025-03-03 01:00,2877.10,2884.50,2875.50,2883.10,5267
2025-03-03 02:00,2883.20,2884.00,2878.10,2878.50,2871
2025-03-03 03:00,2878.40,2878.40,2869.20,2875.70,5931
2025-03-03 04:00,2875.80,2878.00,2872.50,2877.00,2392
2025-03-03 05:00,2876.60,2876.60,2869.20,2872.60,3617
2025-03-03 06:00,2872.40,2875.90,2871.40,2875.40,3081
2025-03-03 07:00,2875.60,2876.50,2870.30,2873.30,2820
2025-03-03 08:00,2873.30,2879.30,2868.80,2878.50,6306
2025-03-03 09:00,2878.80,2881.50,2874.00,2877.60,7662
2025-03-03 10:00,2877.70,2884.60,2877.40,2882.40,4473
2025-03-03 11:00,2882.40,2886.20,2881.90,2884.60,4017
2025-03-03 12:00,2884.50,2888.70,2884.00,2886.50,9123
2025-03-03 13:00,2886.40,2887.00,2879.60,2883.10,13850
2025-03-03 14:00,2882.90,2895.00,2881.40,2888.60,18099
2025-03-03 15:00,2888.40,2901.40,2884.70,2898.80,20825
2025-03-03 16:00,2898.80,2904.20,2895.80,2901.90,10295
2025-03-03 17:00,2901.80,2904.10,2897.50,2901.50,8687
2025-03-03 18:00,2901.50,2902.80,2896.40,2900.30,9699
2025-03-03 19:00,2900.10,2901.60,2889.40,2891.30,6471
2025-03-03 20:00,2891.30,2902.10,2887.80,2901.30,8075
2025-03-03 21:00,2901.40,2906.40,2901.00,2904.10,4296
2025-03-03 23:00,2904.20,2904.40,2901.10,2901.50,0
2025-03-04 00:00,2901.50,2904.20,2900.00,2902.40,2407
2025-03-04 01:00,2902.40,2903.90,2892.50,2899.30,7320
2025-03-04 02:00,2899.40,2900.90,2895.20,2895.60,3846
2025-03-04 03:00,2895.50,2904.00,2894.80,2898.70,5414
2025-03-04 04:00,2898.60,2902.90,2896.30,2901.90,2066
2025-03-04 05:00,2901.00,2904.70,2898.50,2899.60,3113
2025-03-04 06:00,2899.50,2899.90,2895.20,2897.60,3294
2025-03-04 07:00,2897.80,2910.80,2897.10,2909.30,7228
2025-03-04 08:00,2909.20,2929.40,2906.10,2924.70,18428
2025-03-04 09:00,2925.00,2931.90,2922.70,2928.90,8342
2025-03-04 10:00,2929.00,2929.10,2923.00,2924.60,7839
2025-03-04 11:00,2924.40,2932.00,2922.80,2931.30,5965
2025-03-04 12:00,2931.20,2937.10,2929.10,2936.50,11055
2025-03-04 13:00,2936.60,2939.80,2930.70,2933.70,17670
2025-03-04 14:00,2933.80,2934.60,2913.80,2914.00,21021
2025-03-04 15:00,2913.90,2923.40,2910.60,2916.40,22027
2025-03-04 16:00,2916.30,2926.50,2914.00,2926.20,10790
2025-03-04 17:00,2926.20,2927.90,2921.60,2922.10,6026
2025-03-04 18:00,2922.00,2926.10,2919.00,2921.80,8331
2025-03-04 19:00,2921.70,2927.30,2921.50,2926.80,3497
2025-03-04 20:00,2926.70,2931.50,2925.40,2928.70,5258
2025-03-04 21:00,2928.50,2929.70,2924.20,2928.20,2142
2025-03-04 23:00,2929.00,2929.80,2925.00,2925.50,0
2025-03-05 00:00,2925.40,2927.00,2922.70,2924.00,2191
2025-03-05 01:00,2924.20,2925.00,2914.50,2917.70,7636
2025-03-05 02:00,2917.60,2924.60,2912.50,2915.00,5657
2025-03-05 03:00,2914.90,2923.90,2913.80,2919.50,4482
2025-03-05 04:00,2919.40,2923.30,2919.20,2920.70,1659
2025-03-05 05:00,2920.60,2929.30,2920.20,2929.10,3563
2025-03-05 06:00,2929.30,2932.60,2924.50,2927.40,4421
2025-03-05 07:00,2927.60,2930.50,2923.50,2928.70,5200
2025-03-05 08:00,2928.50,2932.30,2927.00,2931.00,6771
2025-03-05 09:00,2930.90,2933.70,2924.50,2929.80,6552
2025-03-05 10:00,2929.80,2930.20,2919.20,2923.40,5515
2025-03-05 11:00,2923.20,2928.00,2922.80,2924.00,7400
2025-03-05 12:00,2924.10,2930.10,2923.20,2926.50,6635
2025-03-05 13:00,2926.60,2927.60,2903.40,2910.10,23865
2025-03-05 14:00,2910.00,2927.90,2907.40,2921.90,20342
2025-03-05 15:00,2921.70,2934.40,2915.10,2927.70,19977
2025-03-05 16:00,2927.60,2941.30,2925.30,2933.70,15043
2025-03-05 17:00,2933.90,2935.30,2922.30,2925.70,13741
2025-03-05 18:00,2925.60,2930.00,2920.10,2926.80,9623
2025-03-05 19:00,2926.70,2931.00,2925.20,2930.10,2722
2025-03-05 20:00,2930.10,2932.40,2928.60,2931.60,2264
2025-03-05 21:00,2931.70,2931.80,2927.50,2929.00,2088
2025-03-05 23:00,2929.50,2929.80,2926.60,2927.30,0
2025-03-06 00:00,2927.40,2929.20,2925.00,2925.10,1907
2025-03-06 01:00,2925.10,2935.30,2924.00,2933.30,3706
2025-03-06 02:00,2933.40,2935.90,2931.10,2934.80,3229
2025-03-06 03:00,2934.90,2935.00,2928.30,2929.80,2191
2025-03-06 04:00,2929.90,2930.30,2925.50,2926.90,2263
2025-03-06 05:00,2926.30,2928.60,2922.80,2927.60,3871
2025-03-06 06:00,2927.60,2931.00,2927.30,2928.50,3144
2025-03-06 07:00,2928.50,2930.40,2916.70,2917.20,12071
2025-03-06 08:00,2917.10,2919.00,2908.20,2912.70,11846
2025-03-06 09:00,2912.50,2912.80,2897.60,2901.20,12218
2025-03-06 10:00,2901.20,2912.10,2899.50,2907.10,8483
2025-03-06 11:00,2907.10,2915.90,2906.20,2913.90,4602
2025-03-06 12:00,2913.80,2914.70,2906.50,2910.70,10677
2025-03-06 13:00,2910.50,2917.00,2908.00,2912.50,12269
2025-03-06 14:00,2912.40,2925.50,2911.20,2923.60,14172
2025-03-06 15:00,2923.80,2931.80,2916.90,2922.80,22496
2025-03-06 16:00,2923.10,2927.00,2919.90,2925.60,7167
2025-03-06 17:00,2925.50,2929.80,2921.40,2923.00,7289
2025-03-06 18:00,2923.00,2929.10,2921.80,2924.30,6891
2025-03-06 19:00,2924.60,2925.80,2919.80,2922.00,4010
2025-03-06 20:00,2921.70,2924.50,2916.90,2917.40,3756
2025-03-06 21:00,2917.40,2919.90,2916.10,2919.80,2149
2025-03-06 23:00,2919.20,2920.60,2916.80,2917.10,0
2025-03-07 00:00,2917.10,2917.30,2905.30,2913.00,5001
2025-03-07 01:00,2912.90,2917.50,2909.20,2915.00,4542
2025-03-07 02:00,2914.80,2916.50,2909.50,2915.00,4055
2025-03-07 03:00,2914.90,2915.60,2911.00,2912.50,3021
2025-03-07 04:00,2912.40,2915.30,2911.80,2913.20,2599
2025-03-07 05:00,2913.30,2919.70,2913.00,2917.10,2843
2025-03-07 06:00,2917.10,2921.70,2914.90,2920.60,2952
2025-03-07 07:00,2920.50,2925.00,2919.10,2924.80,4043
2025-03-07 08:00,2924.80,2931.20,2923.20,2930.40,5828
2025-03-07 09:00,2930.20,2930.70,2927.70,2929.10,3304
2025-03-07 10:00,2929.00,2929.60,2923.50,2926.00,4840
2025-03-07 11:00,2925.90,2930.10,2923.80,2926.20,3333
2025-03-07 12:00,2926.30,2930.30,2925.10,2925.90,4564
2025-03-07 13:00,2925.90,2933.90,2916.60,2920.50,22486
2025-03-07 14:00,2920.40,2937.40,2909.20,2934.90,25417
2025-03-07 15:00,2934.80,2938.80,2916.20,2923.70,35483
2025-03-07 16:00,2923.60,2928.00,2919.30,2922.00,20078
2025-03-07 17:00,2922.20,2924.40,2913.00,2916.30,22836
2025-03-07 18:00,2916.30,2917.30,2909.60,2915.30,25013
2025-03-07 19:00,2915.50,2918.20,2912.60,2913.30,4428
2025-03-07 20:00,2913.30,2919.70,2912.90,2918.20,4009
2025-03-07 21:00,2918.50,2920.20,2916.90,2917.70,1923
2025-03-09 22:00,2919.60,2923.30,2917.40,2919.10,1650
2025-03-09 23:00,2919.10,2925.10,2918.60,2924.30,1613
2025-03-10 00:00,2924.30,2926.40,2920.30,2920.90,3008
2025-03-10 01:00,2920.90,2925.70,2918.00,2918.70,3585
2025-03-10 02:00,2918.80,2921.00,2915.70,2917.90,2721
2025-03-10 03:00,2917.80,2919.80,2914.00,2916.60,3013
2025-03-10 04:00,2916.80,2918.80,2916.20,2917.00,1136
2025-03-10 05:00,2917.00,2918.20,2913.10,2916.10,2025
2025-03-10 06:00,2916.20,2920.60,2916.00,2920.30,3004
2025-03-10 07:00,2920.40,2921.90,2909.80,2915.00,5849
2025-03-10 08:00,2915.00,2917.30,2904.10,2904.40,7813
2025-03-10 09:00,2904.40,2922.00,2902.90,2918.10,11048
2025-03-10 10:00,2918.10,2918.20,2904.30,2910.00,9813
2025-03-10 11:00,2909.90,2911.20,2901.80,2910.60,7498
2025-03-10 12:00,2910.40,2914.70,2906.20,2913.30,10234
2025-03-10 13:00,2913.30,2914.90,2903.50,2910.00,20014
2025-03-10 14:00,2910.00,2915.90,2907.10,2915.00,11943
2025-03-10 15:00,2915.20,2917.50,2906.40,2911.10,11833
2025-03-10 16:00,2911.20,2913.80,2901.60,2901.80,20035
2025-03-10 17:00,2901.70,2902.00,2887.00,2892.10,43090
2025-03-10 18:00,2891.90,2895.00,2885.40,2890.90,10269
2025-03-10 19:00,2890.70,2896.50,2885.40,2890.60,10097
2025-03-10 20:00,2890.50,2894.20,2889.40,2893.30,2229
2025-03-10 22:00,2893.20,2894.40,2888.60,2889.30,0
2025-03-10 23:00,2889.20,2890.50,2887.00,2889.10,2269
2025-03-11 00:00,2889.30,2892.80,2888.10,2890.90,3366
2025-03-11 01:00,2890.90,2894.40,2882.50,2892.70,6757
2025-03-11 02:00,2893.10,2903.90,2892.60,2902.60,6026
2025-03-11 03:00,2902.60,2903.00,2898.70,2900.40,2075
2025-03-11 04:00,2900.40,2902.90,2899.00,2901.80,1252
2025-03-11 05:00,2901.80,2903.20,2896.10,2899.70,3381
2025-03-11 06:00,2899.80,2907.40,2897.80,2907.10,4808
2025-03-11 07:00,2906.90,2907.90,2901.50,2905.00,5936
2025-03-11 08:00,2905.20,2915.30,2904.40,2914.50,9853
2025-03-11 09:00,2914.60,2917.80,2913.30,2916.80,5318
2025-03-11 10:00,2916.90,2920.00,2915.70,2916.90,5594
2025-03-11 11:00,2916.90,2920.90,2915.50,2919.10,5616
2025-03-11 12:00,2919.20,2922.30,2915.80,2918.40,13397
2025-03-11 13:00,2918.40,2929.00,2912.10,2924.00,30414
2025-03-11 14:00,2923.90,2927.80,2917.30,2920.60,14232
2025-03-11 15:00,2920.70,2926.90,2920.40,2922.80,9758
2025-03-11 16:00,2922.70,2924.40,2921.30,2923.30,7465
2025-03-11 17:00,2923.10,2926.70,2919.90,2923.80,25239
2025-03-11 18:00,2923.80,2925.40,2920.80,2923.90,4557
2025-03-11 19:00,2923.90,2927.80,2923.20,2925.20,4069
2025-03-11 20:00,2925.40,2926.10,2922.00,2922.80,2751
2025-03-11 22:00,2922.30,2924.50,2921.20,2923.40,0
2025-03-11 23:00,2923.30,2925.40,2922.10,2922.30,1266
2025-03-12 00:00,2922.40,2922.40,2918.50,2920.40,2091
2025-03-12 01:00,2920.30,2924.00,2917.30,2921.00,2396
2025-03-12 02:00,2920.90,2924.10,2920.00,2921.70,1767
2025-03-12 03:00,2921.80,2925.80,2921.00,2921.20,1755
2025-03-12 04:00,2920.70,2921.50,2918.50,2920.30,1768
2025-03-12 05:00,2920.30,2922.50,2917.80,2921.50,2097
2025-03-12 06:00,2921.60,2925.90,2916.80,2917.30,5311
2025-03-12 07:00,2917.20,2921.20,2914.10,2919.70,4569
2025-03-12 08:00,2919.70,2927.70,2919.20,2927.50,5042
2025-03-12 09:00,2927.70,2931.50,2919.50,2920.90,8169
2025-03-12 10:00,2920.90,2923.10,2918.40,2920.10,3310
2025-03-12 11:00,2919.90,2922.20,2918.30,2920.90,3384
2025-03-12 12:00,2920.80,2929.50,2917.10,2923.50,17371
2025-03-12 13:00,2923.40,2925.40,2911.00,2921.00,29060
2025-03-12 14:00,2920.90,2929.90,2919.90,2929.00,14698
2025-03-12 15:00,2929.00,2937.30,2928.50,2935.70,15741
2025-03-12 16:00,2935.80,2947.70,2934.80,2943.90,20959
2025-03-12 17:00,2943.80,2948.90,2943.40,2944.00,27479
2025-03-12 18:00,2943.80,2944.90,2941.40,2943.30,9460
2025-03-12 19:00,2943.30,2943.70,2939.30,2939.90,5798
2025-03-12 20:00,2940.00,2943.70,2939.30,2943.40,2574
2025-03-12 22:00,2943.30,2945.90,2942.50,2945.00,0
2025-03-12 23:00,2944.90,2946.50,2942.40,2945.20,2373
2025-03-13 00:00,2945.20,2946.70,2944.90,2946.00,1480
2025-03-13 01:00,2946.20,2950.00,2945.00,2946.30,5497
2025-03-13 02:00,2946.10,2953.80,2945.80,2952.50,4787
2025-03-13 03:00,2952.50,2956.50,2951.20,2954.70,3287
2025-03-13 04:00,2954.60,2955.50,2952.10,2953.30,2157
2025-03-13 05:00,2953.20,2953.70,2947.40,2949.40,4651
2025-03-13 06:00,2949.20,2949.60,2945.10,2946.90,4266
2025-03-13 07:00,2946.80,2947.60,2942.20,2944.90,4316
2025-03-13 08:00,2944.80,2954.70,2944.40,2950.90,8051
2025-03-13 09:00,2950.70,2957.50,2950.20,2956.50,5287
2025-03-13 10:00,2956.70,2957.50,2951.70,2953.20,4478
2025-03-13 11:00,2953.40,2958.00,2953.30,2955.20,5242
2025-03-13 12:00,2955.20,2958.90,2950.20,2951.80,14505
2025-03-13 13:00,2951.70,2963.30,2947.60,2960.10,18132
2025-03-13 14:00,2960.10,2984.60,2959.50,2980.60,34712
2025-03-13 15:00,2980.80,2990.90,2977.20,2989.40,35870
2025-03-13 16:00,2989.40,2998.50,2988.60,2992.00,21169
2025-03-13 17:00,2992.10,2994.70,2988.80,2991.80,32870
2025-03-13 18:00,2991.60,2997.10,2991.10,2996.60,7624
2025-03-13 19:00,2996.60,2999.70,2993.90,2995.20,8626
2025-03-13 20:00,2995.00,3001.50,2993.20,3001.30,4658
2025-03-13 22:00,3001.40,3003.00,2996.10,2999.60,0
2025-03-13 23:00,2999.50,3001.30,2997.30,2998.70,1606
2025-03-14 00:00,2998.30,3001.80,2997.00,2999.50,2888
2025-03-14 01:00,2999.60,3003.90,2994.80,3001.30,6773
2025-03-14 02:00,3001.20,3002.90,2996.80,2996.90,4221
2025-03-14 03:00,2997.10,3004.60,2996.80,3002.60,2787
2025-03-14 04:00,3004.20,3005.90,2997.30,2998.50,4587
2025-03-14 05:00,2998.50,2999.70,2995.00,2999.60,4253
2025-03-14 06:00,2999.40,3000.90,2994.60,2998.20,4412
2025-03-14 07:00,2998.20,3000.90,2994.30,3000.60,4360
2025-03-14 08:00,3000.60,3006.70,2998.80,3005.80,7403
2025-03-14 09:00,3005.70,3012.20,3005.60,3011.10,7171
2025-03-14 10:00,3010.90,3017.10,2998.80,3004.90,17343
2025-03-14 11:00,3005.00,3010.00,3004.00,3004.60,5965
2025-03-14 12:00,3004.80,3011.90,3004.20,3005.50,11586
2025-03-14 13:00,3005.60,3008.00,2993.70,2997.90,20167
2025-03-14 14:00,2997.10,3005.90,2992.30,2995.80,17105
2025-03-14 15:00,2995.60,2997.50,2988.60,2995.70,14894
2025-03-14 16:00,2995.60,3001.40,2994.20,2999.90,9081
2025-03-14 17:00,2999.80,3001.50,2997.10,2997.40,13452
2025-03-14 18:00,2997.60,2997.80,2993.40,2993.60,4872
2025-03-14 19:00,2993.60,2996.50,2991.00,2992.00,5505
2025-03-14 20:00,2992.10,2997.70,2990.00,2993.70,3253
2025-03-16 22:00,2994.80,2999.20,2991.90,2997.60,3088
2025-03-16 23:00,2997.70,3002.20,2996.60,2998.00,2310
2025-03-17 00:00,2997.80,2998.50,2994.40,2998.00,2568
2025-03-17 01:00,2997.90,3000.80,2996.50,2998.30,3507
2025-03-17 02:00,2998.00,2999.40,2994.50,2995.60,1908
2025-03-17 03:00,2995.60,2998.00,2994.10,2995.80,2224
2025-03-17 04:00,2996.00,2997.50,2991.50,2991.90,2213
2025-03-17 05:00,2992.00,2995.10,2991.40,2994.90,2145
2025-03-17 06:00,2995.00,2999.00,2993.80,2997.50,4448
2025-03-17 07:00,2997.50,2998.00,2992.60,2993.90,3372
2025-03-17 08:00,2993.90,2995.90,2991.50,2995.80,3667
2025-03-17 09:00,2995.90,3004.20,2995.00,3003.10,6191
2025-03-17 10:00,3003.40,3007.40,3002.60,3007.00,4155
2025-03-17 11:00,3007.00,3009.40,3004.50,3005.40,7132
2025-03-17 12:00,3005.50,3005.60,2991.60,2994.40,21837
2025-03-17 13:00,2994.70,2999.20,2993.20,2996.20,15323
2025-03-17 14:00,2996.00,3008.00,2994.80,3006.00,15655
2025-03-17 15:00,3006.00,3007.20,3000.40,3004.90,10338
2025-03-17 16:00,3004.70,3005.00,3000.30,3002.10,6611
2025-03-17 17:00,3002.10,3007.80,3002.10,3006.30,6675
2025-03-17 18:00,3006.10,3009.00,3004.60,3007.80,4257
2025-03-17 19:00,3007.80,3009.10,3006.20,3008.30,4844
2025-03-17 20:00,3008.50,3010.90,3008.20,3010.10,2775
2025-03-17 22:00,3009.40,3010.60,3008.20,3008.60,0
2025-03-17 23:00,3008.50,3011.40,3008.30,3008.90,1192
2025-03-18 00:00,3008.80,3013.30,3008.80,3010.10,2765
2025-03-18 01:00,3010.30,3017.80,3008.30,3015.20,6466
2025-03-18 02:00,3015.20,3021.70,3011.70,3020.30,6551
2025-03-18 03:00,3020.20,3024.10,3019.10,3020.30,4288
2025-03-18 04:00,3020.60,3025.70,3020.10,3023.50,2195
2025-03-18 05:00,3023.50,3024.00,3016.60,3021.40,5815
2025-03-18 06:00,3021.40,3026.60,3020.20,3024.40,5312
2025-03-18 07:00,3024.20,3028.30,3023.20,3025.80,6482
2025-03-18 08:00,3025.90,3036.60,3025.80,3035.40,10846
2025-03-18 09:00,3035.50,3037.60,3027.70,3030.10,8131
2025-03-18 10:00,3030.00,3034.90,3029.30,3032.20,5784
2025-03-18 11:00,3032.10,3038.00,3030.60,3035.30,6470
2025-03-18 12:00,3035.20,3044.70,3035.00,3042.80,14647
2025-03-18 13:00,3042.90,3047.50,3034.80,3040.50,23295
2025-03-18 14:00,3040.30,3040.30,3031.30,3035.20,22319
2025-03-18 15:00,3035.50,3040.90,3032.30,3039.50,11674
2025-03-18 16:00,3039.30,3045.00,3038.00,3043.80,9073
2025-03-18 17:00,3043.80,3044.80,3037.20,3040.40,9341
2025-03-18 18:00,3040.50,3044.00,3040.10,3043.10,3153
2025-03-18 19:00,3043.00,3045.00,3042.30,3042.70,3363
2025-03-18 20:00,3042.60,3043.00,3040.30,3041.70,2529
2025-03-18 22:00,3041.40,3041.60,3039.30,3041.10,0
2025-03-18 23:00,3041.30,3041.70,3038.10,3038.20,1152
2025-03-19 00:00,3038.30,3040.70,3037.00,3038.00,1546
2025-03-19 01:00,3038.10,3039.10,3035.00,3036.90,3661
2025-03-19 02:00,3036.80,3041.80,3036.30,3040.80,2640
2025-03-19 03:00,3041.00,3046.20,3039.60,3045.10,3403
2025-03-19 04:00,3043.80,3045.10,3041.50,3043.90,2380
2025-03-19 05:00,3044.00,3052.40,3043.90,3051.40,5223
2025-03-19 06:00,3051.40,3051.50,3042.70,3049.10,6837
2025-03-19 07:00,3049.10,3049.70,3043.00,3043.20,4673
2025-03-19 08:00,3043.50,3044.40,3033.20,3033.80,9198
2025-03-19 09:00,3033.80,3040.00,3031.30,3038.90,6175
2025-03-19 10:00,3038.90,3045.80,3036.10,3042.30,5986
2025-03-19 11:00,3042.10,3048.30,3041.60,3046.80,4976
2025-03-19 12:00,3046.80,3048.90,3043.70,3045.40,7478
2025-03-19 13:00,3045.30,3046.40,3035.00,3041.80,14371
2025-03-19 14:00,3041.70,3041.70,3033.60,3036.30,10608
2025-03-19 15:00,3036.20,3042.10,3035.40,3040.10,6424
2025-03-19 16:00,3040.30,3046.90,3040.10,3041.70,6811
2025-03-19 17:00,3042.00,3042.80,3037.80,3038.60,7771
2025-03-19 18:00,3038.90,3058.20,3037.50,3055.40,18354
2025-03-19 19:00,3055.60,3061.60,3049.80,3056.60,9322
2025-03-19 20:00,3056.60,3057.60,3053.80,3057.50,2829
2025-03-19 22:00,3058.00,3060.30,3057.00,3059.60,0
2025-03-19 23:00,3059.50,3060.70,3058.10,3059.60,791
2025-03-20 00:00,3059.60,3063.60,3058.90,3061.50,4465
2025-03-20 01:00,3061.70,3065.20,3056.90,3057.20,5145
2025-03-20 02:00,3057.10,3060.70,3053.70,3054.20,3497
2025-03-20 03:00,3054.40,3058.50,3054.20,3057.90,2212
2025-03-20 04:00,3057.90,3065.20,3056.20,3060.30,4607
2025-03-20 05:00,3060.30,3062.10,3053.20,3055.30,5341
2025-03-20 06:00,3055.30,3059.20,3053.30,3055.80,5267
2025-03-20 07:00,3055.90,3055.90,3048.60,3049.00,6581
2025-03-20 08:00,3049.30,3051.00,3045.50,3049.20,4873
2025-03-20 09:00,3049.10,3053.00,3047.60,3048.20,5978
2025-03-20 10:00,3048.20,3048.30,3032.80,3041.40,12955
2025-03-20 11:00,3041.50,3043.20,3036.30,3042.30,5917
2025-03-20 12:00,3042.20,3051.00,3040.80,3048.90,12071
2025-03-20 13:00,3049.00,3049.10,3037.70,3039.80,12860
2025-03-20 14:00,3039.70,3048.90,3038.00,3048.50,11585
2025-03-20 15:00,3048.40,3050.30,3045.30,3048.10,9090
2025-03-20 16:00,3048.30,3050.70,3042.00,3046.00,7114
2025-03-20 17:00,3046.10,3048.90,3042.80,3048.50,6064
2025-03-20 18:00,3048.60,3052.50,3048.10,3050.60,4426
2025-03-20 19:00,3050.60,3053.90,3050.50,3052.60,3318
2025-03-20 20:00,3052.50,3054.50,3052.40,3052.80,2210
2025-03-20 22:00,3052.60,3053.70,3051.00,3053.30,0
2025-03-20 23:00,3053.40,3054.40,3051.60,3053.90,997
2025-03-21 00:00,3053.90,3055.00,3050.20,3050.70,2057
2025-03-21 01:00,3050.90,3052.10,3043.80,3043.80,3944
2025-03-21 02:00,3044.00,3045.40,3042.00,3043.50,4150
2025-03-21 03:00,3043.40,3043.40,3037.80,3037.90,4329
2025-03-21 04:00,3037.50,3039.30,3035.50,3037.50,2977
2025-03-21 05:00,3037.60,3037.90,3026.90,3035.20,6586
2025-03-21 06:00,3035.30,3041.00,3034.60,3036.90,5660
2025-03-21 07:00,3036.80,3039.40,3035.00,3038.20,3531
2025-03-21 08:00,3038.30,3041.50,3033.10,3039.00,8767
2025-03-21 09:00,3038.90,3039.10,3034.50,3036.20,3666
2025-03-21 10:00,3036.40,3040.40,3036.40,3037.80,4486
2025-03-21 11:00,3037.80,3045.40,3036.10,3041.30,10455
2025-03-21 12:00,3041.20,3045.40,3040.20,3040.80,8633
2025-03-21 13:00,3040.80,3044.10,3008.60,3010.90,35442
2025-03-21 14:00,3010.70,3021.70,3004.10,3020.80,36756
2025-03-21 15:00,3020.90,3022.90,3015.30,3016.20,11932
2025-03-21 16:00,3016.10,3023.50,3015.80,3021.60,8269
2025-03-21 17:00,3021.60,3023.70,3019.10,3019.70,10061
2025-03-21 18:00,3019.90,3028.00,3019.60,3024.00,6201
2025-03-21 19:00,3024.20,3027.10,3022.90,3025.50,3819
2025-03-21 20:00,3025.70,3030.00,3025.50,3028.20,2906
2025-03-23 22:00,3027.60,3031.00,3024.50,3030.50,1988
2025-03-23 23:00,3030.50,3031.60,3028.70,3030.40,1170
2025-03-24 00:00,3030.30,3031.50,3021.20,3022.80,3882
2025-03-24 01:00,3022.70,3029.80,3022.60,3025.40,4294
2025-03-24 02:00,3025.60,3028.90,3019.20,3020.90,3417
2025-03-24 03:00,3020.70,3023.80,3020.10,3021.90,2960
2025-03-24 04:00,3021.30,3024.20,3020.70,3023.50,1244
2025-03-24 05:00,3023.40,3027.50,3023.00,3026.80,2401
2025-03-24 06:00,3026.70,3030.50,3022.20,3029.50,2929
2025-03-24 07:00,3029.50,3033.20,3025.30,3026.80,4639
2025-03-24 08:00,3026.70,3032.90,3026.30,3032.60,14321
2025-03-24 09:00,3032.70,3034.90,3027.30,3028.70,12120
2025-03-24 10:00,3028.60,3038.40,3028.40,3033.50,7947
2025-03-24 11:00,3033.50,3034.70,3029.80,3030.10,4506
2025-03-24 12:00,3030.10,3034.10,3026.90,3028.80,16219
2025-03-24 13:00,3028.70,3032.80,3023.10,3027.10,24409
2025-03-24 14:00,3026.90,3028.60,3012.70,3016.70,27069
2025-03-24 15:00,3016.70,3020.60,3009.80,3019.10,22260
2025-03-24 16:00,3019.10,3020.60,3013.50,3015.30,13569
2025-03-24 17:00,3015.40,3016.00,3012.20,3013.40,12404
2025-03-24 18:00,3013.40,3014.60,3007.70,3013.40,8462
2025-03-24 19:00,3013.50,3015.40,3012.00,3013.20,3711
2025-03-24 20:00,3013.20,3020.40,3012.70,3017.60,3363
2025-03-24 22:00,3017.50,3018.20,3013.80,3015.70,0
2025-03-24 23:00,3015.80,3016.60,3013.80,3014.40,1942
2025-03-25 00:00,3014.40,3019.40,3013.70,3018.60,2350
2025-03-25 01:00,3018.80,3019.00,3015.10,3015.90,3195
2025-03-25 02:00,3015.90,3016.50,3010.80,3012.80,3642
2025-03-25 03:00,3012.90,3019.90,3012.50,3018.90,2855
2025-03-25 04:00,3019.00,3020.70,3018.20,3019.80,1647
2025-03-25 05:00,3019.80,3025.40,3018.80,3022.50,3920
2025-03-25 06:00,3022.60,3023.00,3019.00,3022.20,2907
2025-03-25 07:00,3022.30,3022.60,3014.70,3015.40,5854
2025-03-25 08:00,3015.50,3025.70,3015.00,3025.40,6316
2025-03-25 09:00,3025.30,3027.70,3022.80,3027.30,7801
2025-03-25 10:00,3027.30,3029.60,3025.30,3028.50,5812
2025-03-25 11:00,3028.60,3031.00,3024.00,3024.90,7787
2025-03-25 12:00,3024.90,3027.90,3018.80,3026.60,18156
2025-03-25 13:00,3026.50,3037.00,3025.70,3034.20,19917
2025-03-25 14:00,3034.20,3042.40,3029.70,3029.80,26351
2025-03-25 15:00,3029.70,3032.70,3022.90,3026.50,18604
2025-03-25 16:00,3026.70,3031.60,3026.40,3028.90,8049
2025-03-25 17:00,3029.10,3029.20,3024.60,3028.10,8696
2025-03-25 18:00,3028.10,3028.60,3023.50,3024.10,3888
2025-03-25 19:00,3024.00,3026.30,3023.10,3025.70,4308
2025-03-25 20:00,3025.60,3026.90,3024.90,3026.20,1490
2025-03-25 22:00,3025.80,3027.50,3025.10,3025.90,0
2025-03-25 23:00,3025.70,3026.00,3024.70,3025.30,1024
2025-03-26 00:00,3025.40,3026.00,3021.70,3022.10,3634
2025-03-26 01:00,3022.00,3029.20,3020.20,3028.40,4641
2025-03-26 02:00,3028.50,3030.70,3027.00,3028.30,3786
2025-03-26 03:00,3028.10,3028.10,3020.30,3020.80,2950
2025-03-26 04:00,3021.10,3021.40,3018.50,3019.70,2734
2025-03-26 05:00,3019.70,3027.70,3017.80,3026.30,4748
2025-03-26 06:00,3026.00,3030.00,3025.40,3029.80,3825
2025-03-26 07:00,3029.70,3034.70,3028.30,3034.30,4762
2025-03-26 08:00,3034.40,3036.10,3027.30,3028.00,4514
2025-03-26 09:00,3027.90,3028.10,3022.80,3023.90,6210
2025-03-26 10:00,3023.80,3030.70,3022.30,3029.10,9481
2025-03-26 11:00,3029.10,3035.90,3028.90,3032.80,10198
2025-03-26 12:00,3032.90,3036.00,3030.10,3033.00,10684
2025-03-26 13:00,3033.00,3033.40,3021.80,3022.60,16454
2025-03-26 14:00,3022.30,3027.80,3020.70,3023.00,22284
2025-03-26 15:00,3022.90,3025.10,3018.00,3021.70,18911
2025-03-26 16:00,3021.70,3025.80,3021.10,3021.50,8495
2025-03-26 17:00,3021.70,3025.00,3021.20,3024.60,12742
2025-03-26 18:00,3024.60,3027.20,3023.40,3023.60,4619
2025-03-26 19:00,3023.70,3024.30,3020.70,3023.10,3823
2025-03-26 20:00,3023.10,3028.20,3023.00,3026.60,4641
2025-03-26 22:00,3025.60,3026.80,3022.60,3024.40,0
2025-03-26 23:00,3025.00,3025.30,3022.30,3025.00,1936
2025-03-27 00:00,3024.90,3029.60,3024.90,3029.20,1557
2025-03-27 01:00,3029.30,3032.20,3027.90,3028.40,2872
2025-03-27 02:00,3028.30,3038.00,3028.20,3036.30,3141
2025-03-27 03:00,3036.40,3039.20,3034.20,3038.50,1438
2025-03-27 04:00,3038.50,3043.90,3037.80,3039.80,3837
2025-03-27 05:00,3039.90,3041.90,3035.70,3036.30,2663
2025-03-27 06:00,3036.30,3039.70,3034.20,3038.00,2389
2025-03-27 07:00,3037.80,3047.00,3037.30,3045.70,5020
2025-03-27 08:00,3045.90,3047.80,3042.70,3045.60,7097
2025-03-27 09:00,3045.80,3049.40,3042.90,3048.80,3240
2025-03-27 10:00,3048.70,3065.50,3048.70,3061.00,8576
2025-03-27 11:00,3061.20,3064.10,3056.60,3062.80,11635
2025-03-27 12:00,3063.20,3064.60,3055.30,3058.10,8696
2025-03-27 13:00,3058.20,3060.70,3040.60,3049.90,15255
2025-03-27 14:00,3049.80,3070.90,3049.80,3068.80,10693
2025-03-27 15:00,3069.10,3071.30,3062.10,3063.10,14181
2025-03-27 16:00,3063.10,3067.90,3061.30,3062.00,8279
2025-03-27 17:00,3062.30,3067.10,3059.90,3066.70,4880
2025-03-27 18:00,3066.60,3070.00,3066.40,3068.30,1517
2025-03-27 19:00,3067.60,3069.70,3067.30,3069.30,1231
2025-03-27 20:00,3069.20,3069.40,3067.40,3069.10,1438
2025-03-27 22:00,3069.70,3069.90,3066.80,3068.60,0
2025-03-27 23:00,3067.90,3069.30,3067.40,3069.20,354
2025-03-28 00:00,3068.80,3075.40,3068.60,3073.20,584
2025-03-28 01:00,3072.90,3084.90,3072.70,3084.70,678
2025-03-28 02:00,3085.00,3087.40,3079.40,3081.40,553
2025-03-28 03:00,3081.40,3086.90,3079.30,3086.40,245
2025-03-28 04:00,3084.90,3085.50,3082.40,3083.10,244
2025-03-28 05:00,3083.70,3090.00,3082.50,3087.50,299
2025-03-28 06:00,3086.10,3093.50,3086.00,3092.80,667
2025-03-28 07:00,3091.80,3122.30,3088.40,3118.00,41559
2025-03-28 08:00,3117.90,3120.30,3078.00,3113.20,11593
2025-03-28 09:00,3113.40,3114.00,3079.60,3110.90,5077
2025-03-28 10:00,3110.80,3112.20,3074.30,3109.70,7756
2025-03-28 11:00,3109.60,3116.30,3080.80,3111.80,7943
2025-03-28 12:00,3111.70,3118.70,3078.00,3112.90,13698
2025-03-28 13:00,3112.70,3119.50,3076.10,3118.50,22027
2025-03-28 14:00,3118.80,3122.40,3072.30,3103.90,25778
2025-03-28 15:00,3103.80,3120.10,3072.40,3118.50,15074
2025-03-28 16:00,3089.30,3121.40,3085.80,3117.60,9602
2025-03-28 17:00,3117.80,3119.80,3080.90,3110.30,13512
2025-03-28 18:00,3110.50,3113.30,3078.20,3111.80,7205
2025-03-28 19:00,3111.90,3114.90,3084.80,3114.20,4584
2025-03-28 20:00,3086.70,3119.80,3086.70,3118.00,3682
2025-03-30 22:00,3118.80,3128.30,3091.00,3123.00,6217
2025-03-30 23:00,3123.20,3124.90,3094.70,3123.50,2214
2025-03-31 00:00,3123.40,3123.90,3086.00,3114.70,4712
2025-03-31 01:00,3114.80,3129.10,3087.00,3127.60,7948
2025-03-31 02:00,3127.50,3140.20,3100.30,3138.80,13328
2025-03-31 03:00,3138.70,3143.60,3110.50,3139.10,5392
2025-03-31 04:00,3139.00,3147.00,3111.30,3145.20,3939
2025-03-31 05:00,3145.00,3152.40,3114.70,3149.20,7038
2025-03-31 06:00,3149.00,3158.20,3118.00,3149.30,10099
2025-03-31 07:00,3149.40,3156.90,3124.50,3156.70,8452
2025-03-31 08:00,3156.60,3159.30,3127.60,3155.00,5831
2025-03-31 09:00,3155.00,3156.10,3117.70,3147.80,7107
2025-03-31 10:00,3147.70,3156.40,3120.60,3150.30,9047
2025-03-31 11:00,3150.50,3151.80,3120.70,3151.50,5932
2025-03-31 12:00,3151.40,3160.70,3124.30,3158.30,11950
2025-03-31 13:00,3158.00,3158.40,3104.00,3146.50,29192
2025-03-31 14:00,3146.30,3157.10,3116.30,3156.60,19864
2025-03-31 15:00,3156.60,3162.00,3119.70,3146.90,15087
2025-03-31 16:00,3147.00,3155.50,3117.50,3151.50,9338
2025-03-31 17:00,3151.50,3153.80,3124.10,3150.30,8627
2025-03-31 18:00,3150.30,3157.00,3125.90,3154.90,5612
2025-03-31 19:00,3154.90,3157.50,3127.20,3157.20,4513
2025-03-31 20:00,3129.70,3158.50,3129.10,3157.40,2361
2025-03-31 22:00,3157.30,3158.50,3129.50,3156.60,0
2025-03-31 23:00,3156.70,3161.00,3132.20,3155.70,2828
2025-04-01 00:00,3155.50,3162.40,3132.40,3161.70,3006
2025-04-01 01:00,3161.50,3169.80,3136.60,3166.00,11560
2025-04-01 02:00,3166.20,3174.00,3140.80,3173.30,8676
2025-04-01 03:00,3173.20,3177.00,3145.50,3175.80,4652
2025-04-01 04:00,3175.60,3177.00,3146.90,3174.00,2916
2025-04-01 05:00,3174.00,3176.90,3133.20,3161.10,10882
2025-04-01 06:00,3161.00,3164.30,3129.50,3160.50,12956
2025-04-01 07:00,3160.50,3164.70,3130.50,3156.10,10285
2025-04-01 08:00,3156.00,3163.90,3130.60,3157.80,7092
2025-04-01 09:00,3157.90,3161.50,3132.10,3159.70,3424
2025-04-01 10:00,3159.80,3168.50,3134.10,3161.40,7368
2025-04-01 11:00,3161.50,3165.50,3132.10,3159.50,7196
2025-04-01 12:00,3159.60,3165.80,3134.90,3164.90,7816
2025-04-01 13:00,3164.80,3168.00,3134.00,3165.50,12088
2025-04-01 14:00,3165.70,3167.80,3128.10,3160.20,20038
2025-04-01 15:00,3160.00,3164.50,3121.70,3144.00,16611
2025-04-01 16:00,3143.80,3146.80,3104.00,3138.70,21351
2025-04-01 17:00,3138.80,3147.40,3118.80,3146.70,7855
2025-04-01 18:00,3146.70,3150.80,3146.00,3147.20,4926
2025-04-01 19:00,3147.10,3151.30,3146.70,3150.90,3858
2025-04-01 20:00,3150.90,3154.10,3120.60,3148.50,2637
2025-04-01 22:00,3147.50,3149.10,3119.10,3144.80,0
2025-04-01 23:00,3145.00,3147.80,3117.40,3146.70,1761
2025-04-02 00:00,3146.80,3153.80,3123.00,3152.50,4356
2025-04-02 01:00,3152.30,3163.50,3151.50,3161.10,8843
2025-04-02 02:00,3161.10,3163.80,3157.80,3157.80,3455
2025-04-02 03:00,3157.80,3161.90,3127.20,3154.00,3766
2025-04-02 04:00,3154.20,3155.50,3145.90,3146.60,3307
2025-04-02 05:00,3146.70,3148.80,3135.70,3147.20,8889
2025-04-02 06:00,3147.40,3148.50,3143.00,3146.00,4232
2025-04-02 07:00,3146.10,3155.50,3141.20,3154.70,5976
2025-04-02 08:00,3154.60,3167.00,3126.00,3162.70,11889
2025-04-02 09:00,3162.80,3164.50,3135.00,3164.00,5315
2025-04-02 10:00,3164.30,3164.70,3122.00,3149.50,9709
2025-04-02 11:00,3149.80,3158.90,3149.50,3157.30,7001
2025-04-02 12:00,3157.40,3163.00,3152.50,3160.50,9093
2025-04-02 13:00,3160.40,3170.50,3125.80,3159.10,25614
2025-04-02 14:00,3159.40,3167.70,3128.80,3162.60,14904
2025-04-02 15:00,3162.70,3167.30,3136.70,3165.50,14796
2025-04-02 16:00,3165.50,3177.70,3140.00,3173.90,17884
2025-04-02 17:00,3173.70,3173.90,3136.20,3167.50,12895
2025-04-02 18:00,3167.60,3169.90,3135.00,3163.00,4772
2025-04-02 19:00,3163.20,3167.40,3136.40,3163.00,3758
2025-04-02 20:00,3163.20,3201.60,3123.60,3190.30,30455
2025-04-02 22:00,3196.60,3196.60,3129.90,3171.70,0
2025-04-02 23:00,3172.20,3194.10,3151.10,3188.30,15429
2025-04-03 00:00,3188.20,3190.00,3145.00,3174.50,16591
2025-04-03 01:00,3174.80,3187.10,3152.10,3178.10,15779
2025-04-03 02:00,3178.00,3179.90,3166.20,3168.90,6988
2025-04-03 03:00,3169.00,3174.50,3166.50,3170.40,6417
2025-04-03 04:00,3170.50,3172.20,3161.40,3162.40,4541
2025-04-03 05:00,3162.50,3162.80,3124.30,3154.10,11469
2025-04-03 06:00,3154.30,3156.20,3113.40,3151.30,12419
2025-04-03 07:00,3151.30,3154.80,3124.00,3153.20,10050
2025-04-03 08:00,3153.30,3156.20,3125.10,3151.70,6432
2025-04-03 09:00,3151.80,3151.90,3125.90,3142.80,9233
2025-04-03 10:00,3142.90,3143.30,3088.00,3117.80,25359
2025-04-03 11:00,3118.00,3120.60,3084.50,3113.40,19639
2025-04-03 12:00,3088.60,3115.40,3060.30,3097.30,37549
2025-04-03 13:00,3097.00,3116.00,3052.00,3106.70,39669
2025-04-03 14:00,3087.50,3159.50,3087.50,3152.20,50265
2025-04-03 15:00,3152.20,3152.80,3104.30,3132.30,23170
2025-04-03 16:00,3132.50,3136.00,3105.10,3128.60,8915
2025-04-03 17:00,3128.50,3132.00,3099.00,3131.50,12598
2025-04-03 18:00,3131.50,3132.40,3100.00,3132.10,4687
2025-04-03 19:00,3132.10,3133.40,3102.30,3127.10,5241
2025-04-03 20:00,3127.20,3143.30,3111.80,3138.10,4225
2025-04-03 22:00,3138.00,3138.80,3110.00,3136.90,0
2025-04-03 23:00,3137.00,3138.80,3130.60,3134.30,2014
2025-04-04 00:00,3134.30,3136.60,3104.70,3131.30,2969
2025-04-04 01:00,3131.30,3137.00,3129.10,3129.40,3107
2025-04-04 02:00,3129.60,3132.80,3090.00,3117.30,7288
2025-04-04 03:00,3117.50,3120.10,3091.20,3117.80,6329
2025-04-04 04:00,3118.70,3126.00,3101.40,3120.50,3547
2025-04-04 05:00,3120.30,3129.50,3100.00,3129.50,3284
2025-04-04 06:00,3129.30,3131.20,3098.20,3121.60,4254
2025-04-04 07:00,3121.50,3124.90,3089.50,3113.10,9493
2025-04-04 08:00,3113.10,3114.90,3077.50,3105.30,11313
2025-04-04 09:00,3104.80,3117.40,3087.00,3111.50,7883
2025-04-04 10:00,3111.60,3138.20,3106.10,3132.50,16444
2025-04-04 11:00,3132.40,3160.20,3096.40,3132.50,29403
2025-04-04 12:00,3132.70,3134.30,3065.50,3090.60,33101
2025-04-04 13:00,3090.20,3107.00,3055.00,3081.30,29693
2025-04-04 14:00,3081.00,3081.00,3023.00,3056.70,48248
2025-04-04 15:00,3056.40,3068.90,3011.00,3040.50,34709
2025-04-04 16:00,3040.40,3055.80,3014.50,3050.00,15735
2025-04-04 17:00,3049.60,3051.60,3011.00,3043.80,15463
2025-04-04 18:00,3043.50,3045.90,3018.30,3044.80,6398
2025-04-04 19:00,3044.80,3062.20,3030.60,3057.60,12071
2025-04-04 20:00,3057.50,3061.40,3035.60,3056.10,4471
2025-04-06 22:00,3055.10,3055.10,2981.00,3026.80,12344
2025-04-06 23:00,3026.10,3034.50,2972.80,3015.50,11257
2025-04-07 00:00,3015.00,3025.20,2965.00,2994.50,12898
2025-04-07 01:00,2993.80,3084.40,2970.60,3058.90,30349
2025-04-07 02:00,3059.20,3078.00,3042.60,3044.90,12041
2025-04-07 03:00,3044.90,3052.00,3017.20,3034.10,6077
2025-04-07 04:00,3035.30,3052.50,3028.20,3052.30,4176
2025-04-07 05:00,3052.00,3060.80,3024.10,3047.20,6342
2025-04-07 06:00,3024.10,3050.10,3010.60,3048.00,9069
2025-04-07 07:00,3047.80,3048.80,3007.00,3035.70,10190
2025-04-07 08:00,3035.80,3052.30,3014.00,3048.50,8624
2025-04-07 09:00,3048.30,3049.70,3015.50,3041.10,6924
2025-04-07 10:00,3041.20,3053.80,3025.10,3048.40,7733
2025-04-07 11:00,3048.20,3064.50,3024.00,3047.50,10709
2025-04-07 12:00,3048.00,3050.30,3010.10,3048.50,19687
2025-04-07 13:00,3048.50,3051.90,2998.50,3032.40,24667
2025-04-07 14:00,3032.20,3056.30,2990.00,3014.90,33456
2025-04-07 15:00,3015.10,3022.10,2973.10,3004.00,22018
2025-04-07 16:00,3003.80,3004.20,2965.00,2986.40,13452
2025-04-07 17:00,2986.20,2991.20,2949.70,2984.50,25189
2025-04-07 18:00,2984.20,2991.60,2961.30,2980.70,6428
2025-04-07 19:00,2980.80,2998.50,2968.00,2992.30,6098
2025-04-07 20:00,2992.20,3001.60,2968.00,2998.80,3879
2025-04-07 22:00,2997.50,3004.80,2996.60,3003.00,0
2025-04-07 23:00,3002.20,3003.40,2993.10,2995.30,1865
2025-04-08 00:00,2995.30,3006.60,2993.80,2998.50,4659
2025-04-08 01:00,2998.60,3016.90,2996.80,3013.90,10648
2025-04-08 02:00,3013.80,3018.90,3011.80,3014.70,5144
2025-04-08 03:00,3014.70,3015.20,3007.30,3009.30,3806
2025-04-08 04:00,3008.60,3017.70,3005.10,3016.70,3546
2025-04-08 05:00,3016.60,3022.70,2991.60,3020.60,5117
2025-04-08 06:00,3020.50,3030.60,2996.00,3028.30,5764
2025-04-08 07:00,3028.60,3030.10,2997.50,3018.00,8035
2025-04-08 08:00,3017.70,3024.50,2996.70,3022.90,5004
2025-04-08 09:00,3022.70,3023.00,3009.00,3021.60,6649
2025-04-08 10:00,3021.80,3026.00,3001.10,3024.50,5713
2025-04-08 11:00,3024.60,3036.50,3002.20,3034.10,10336
2025-04-08 12:00,3034.20,3035.50,2995.00,3017.00,16428
2025-04-08 13:00,3017.00,3037.90,3016.90,3024.60,19835
2025-04-08 14:00,3024.70,3034.00,2999.60,3021.00,15858
2025-04-08 15:00,3021.10,3026.80,2999.30,3016.00,11568
2025-04-08 16:00,3015.80,3016.10,2983.80,3000.40,15385
2025-04-08 17:00,3000.70,3002.90,2975.10,2999.60,18688
2025-04-08 18:00,2999.60,3007.40,2993.60,2998.30,7026
2025-04-08 19:00,2998.00,3001.90,2973.30,2999.10,6039
2025-04-08 20:00,2998.90,3000.80,2991.90,2998.30,2829
2025-04-08 22:00,2998.30,3000.60,2993.30,2995.40,0
2025-04-08 23:00,2995.70,3005.90,2965.80,2991.80,5592
2025-04-09 00:00,2992.00,3002.20,2988.20,2994.80,6828
2025-04-09 01:00,2994.40,3023.90,2986.60,3022.40,12103
2025-04-09 02:00,3022.40,3025.30,3012.90,3016.50,7241
2025-04-09 03:00,3016.40,3024.10,3016.20,3021.20,5108
2025-04-09 04:00,3018.60,3031.30,3012.40,3029.00,7431
2025-04-09 05:00,3028.70,3038.60,3010.80,3032.10,10129
2025-04-09 06:00,3032.30,3058.80,3026.20,3057.20,16719
2025-04-09 07:00,3057.10,3071.40,3051.60,3059.00,13682
2025-04-09 08:00,3059.10,3069.20,3046.70,3062.10,8329
2025-04-09 09:00,3062.10,3067.60,3057.40,3062.10,6379
2025-04-09 10:00,3062.00,3064.70,3055.20,3060.70,7582
2025-04-09 11:00,3061.20,3087.00,3039.00,3084.50,21266
2025-04-09 12:00,3084.80,3091.50,3056.90,3064.00,22617
2025-04-09 13:00,3064.10,3095.40,3057.60,3092.00,22273
2025-04-09 14:00,3091.70,3103.00,3084.10,3086.30,18640
2025-04-09 15:00,3086.00,3104.70,3081.20,3102.10,14210
2025-04-09 16:00,3102.30,3112.20,3098.60,3109.30,10881
2025-04-09 17:00,3109.70,3117.10,3060.00,3076.10,33578
2025-04-09 18:00,3076.10,3090.40,3054.20,3083.70,16512
2025-04-09 19:00,3083.60,3118.50,3080.10,3110.60,14437
2025-04-09 20:00,3110.60,3114.00,3087.20,3099.80,4375
2025-04-09 22:00,3099.10,3104.00,3072.10,3094.20,0
2025-04-09 23:00,3094.30,3103.20,3072.20,3101.20,2081
2025-04-10 00:00,3101.40,3117.40,3096.30,3112.10,5157
2025-04-10 01:00,3112.20,3116.00,3093.80,3109.80,9209
2025-04-10 02:00,3109.80,3137.00,3109.40,3135.40,11778
2025-04-10 03:00,3135.30,3148.10,3132.20,3141.40,8193
2025-04-10 04:00,3141.50,3144.90,3136.50,3141.50,4043
2025-04-10 05:00,3141.90,3149.40,3118.30,3139.40,7260
2025-04-10 06:00,3139.00,3142.60,3115.20,3138.60,4845
2025-04-10 07:00,3138.70,3139.40,3103.30,3124.50,10287
2025-04-10 08:00,3124.40,3131.40,3120.60,3121.80,6898
2025-04-10 09:00,3121.90,3134.20,3103.40,3132.60,5760
2025-04-10 10:00,3132.80,3139.90,3131.10,3137.20,5823
2025-04-10 11:00,3137.40,3143.20,3128.00,3142.20,8254
2025-04-10 12:00,3142.40,3152.00,3117.30,3139.80,18147
2025-04-10 13:00,3139.80,3154.70,3116.70,3134.20,16903
2025-04-10 14:00,3134.40,3173.50,3134.00,3173.00,29597
2025-04-10 15:00,3172.90,3193.80,3152.80,3175.10,26240
2025-04-10 16:00,3175.10,3185.40,3154.40,3175.60,13268
2025-04-10 17:00,3175.50,3183.20,3148.60,3179.70,13826
2025-04-10 18:00,3179.70,3194.30,3175.10,3190.90,7732
2025-04-10 19:00,3191.10,3193.70,3166.00,3188.60,5880
2025-04-10 20:00,3188.50,3195.00,3186.70,3194.20,2878
2025-04-10 22:00,3194.20,3212.00,3182.10,3208.60,0
2025-04-10 23:00,3208.70,3211.40,3202.70,3209.10,4463
2025-04-11 00:00,3209.20,3237.30,3183.40,3225.70,13291
2025-04-11 01:00,3225.40,3240.20,3202.50,3226.30,12806
2025-04-11 02:00,3226.10,3241.50,3225.00,3236.20,6622
2025-04-11 03:00,3236.00,3240.30,3233.20,3237.00,3732
2025-04-11 04:00,3236.70,3237.10,3212.00,3226.80,3673
2025-04-11 05:00,3226.90,3238.30,3189.20,3215.20,12460
2025-04-11 06:00,3214.90,3227.90,3195.60,3215.40,10495
2025-04-11 07:00,3215.60,3231.80,3205.00,3231.40,7667
2025-04-11 08:00,3231.30,3246.80,3212.80,3234.00,12556
2025-04-11 09:00,3233.90,3249.00,3210.60,3246.40,10087
2025-04-11 10:00,3246.50,3255.90,3210.90,3229.50,13223
2025-04-11 11:00,3229.50,3243.00,3228.30,3230.80,11417
2025-04-11 12:00,3231.20,3252.20,3214.00,3251.10,14218
2025-04-11 13:00,3251.30,3262.30,3221.60,3241.00,21485
2025-04-11 14:00,3241.00,3255.80,3218.10,3247.10,17726
2025-04-11 15:00,3246.90,3258.90,3234.60,3258.30,13266
2025-04-11 16:00,3258.40,3263.00,3228.30,3240.90,15515
2025-04-11 17:00,3240.90,3253.30,3221.20,3251.90,13306
2025-04-11 18:00,3252.10,3256.40,3248.70,3252.80,5063
2025-04-11 19:00,3252.80,3253.00,3224.80,3248.10,6050
2025-04-11 20:00,3248.20,3257.10,3229.80,3254.90,2884
2025-04-13 22:00,3246.00,3250.00,3215.50,3238.20,5777
2025-04-13 23:00,3238.00,3241.50,3233.70,3240.70,2981
2025-04-14 00:00,3240.40,3244.40,3236.10,3238.00,3573
2025-04-14 01:00,3238.20,3259.80,3231.80,3256.20,10297
2025-04-14 02:00,3255.80,3261.60,3228.80,3248.00,7283
2025-04-14 03:00,3247.70,3250.20,3242.40,3247.60,3244
2025-04-14 04:00,3247.80,3250.80,3241.10,3242.40,2723
2025-04-14 05:00,3242.30,3251.20,3236.70,3249.90,4704
2025-04-14 06:00,3249.70,3253.80,3226.50,3246.50,4726
2025-04-14 07:00,3246.60,3249.60,3218.00,3243.30,5972
2025-04-14 08:00,3243.30,3246.20,3211.00,3242.80,11328
2025-04-14 09:00,3242.60,3247.50,3221.00,3239.90,5827
2025-04-14 10:00,3239.70,3240.30,3200.80,3230.50,12530
2025-04-14 11:00,3230.30,3242.00,3229.10,3239.10,8535
2025-04-14 12:00,3239.20,3244.40,3206.00,3223.30,17387
2025-04-14 13:00,3223.20,3227.40,3208.70,3221.30,21212
2025-04-14 14:00,3221.10,3232.60,3194.50,3227.90,13783
2025-04-14 15:00,3227.80,3228.00,3200.00,3214.60,13594
2025-04-14 16:00,3214.70,3224.40,3199.70,3223.40,7653
2025-04-14 17:00,3223.40,3232.50,3206.30,3229.40,9098
2025-04-14 18:00,3229.50,3230.80,3195.00,3223.90,5816
2025-04-14 19:00,3223.80,3228.80,3223.70,3228.10,3453
2025-04-14 20:00,3228.20,3229.60,3223.10,3226.80,1581
2025-04-14 22:00,3226.10,3231.00,3226.00,3228.10,0
2025-04-14 23:00,3228.10,3230.50,3226.20,3228.80,1301
2025-04-15 00:00,3229.00,3231.80,3226.80,3227.60,2050
2025-04-15 01:00,3227.30,3242.00,3225.50,3239.40,7624
2025-04-15 02:00,3239.80,3240.50,3216.00,3239.80,2765
2025-04-15 03:00,3239.70,3245.20,3239.20,3244.90,3914
2025-04-15 04:00,3244.30,3249.00,3243.00,3248.10,3042
2025-04-15 05:00,3248.40,3248.40,3236.90,3240.40,4255
2025-04-15 06:00,3240.30,3244.50,3238.90,3241.10,3925
2025-04-15 07:00,3241.30,3242.60,3214.00,3241.40,5998
2025-04-15 08:00,3241.40,3247.70,3239.40,3243.50,6994
2025-04-15 09:00,3243.50,3246.40,3237.00,3238.60,3443
2025-04-15 10:00,3238.60,3243.30,3235.00,3236.20,3343
2025-04-15 11:00,3236.30,3240.00,3232.20,3236.30,4906
2025-04-15 12:00,3236.30,3242.20,3216.50,3238.20,11300
2025-04-15 13:00,3238.20,3242.80,3228.00,3229.90,11642
2025-04-15 14:00,3229.90,3243.20,3229.80,3239.10,11988
2025-04-15 15:00,3239.00,3241.00,3233.20,3237.60,6470
2025-04-15 16:00,3237.80,3239.80,3235.80,3237.50,3773
2025-04-15 17:00,3237.50,3247.00,3236.40,3244.00,7931
2025-04-15 18:00,3244.00,3246.30,3241.70,3245.50,3092
2025-04-15 19:00,3245.40,3248.00,3243.10,3246.70,3636
2025-04-15 20:00,3246.90,3250.90,3243.40,3246.90,3319
2025-04-15 22:00,3248.40,3257.90,3245.20,3256.70,0
2025-04-15 23:00,3256.90,3269.20,3254.10,3269.20,7650
2025-04-16 00:00,3269.20,3285.50,3268.70,3282.20,10606
2025-04-16 01:00,3282.30,3291.60,3273.10,3286.70,12565
2025-04-16 02:00,3286.50,3291.30,3283.40,3284.20,5416
2025-04-16 03:00,3284.30,3298.50,3281.30,3297.00,6595
2025-04-16 04:00,3297.80,3305.10,3286.50,3300.50,9504
2025-04-16 05:00,3300.60,3308.80,3300.60,3307.30,7446
2025-04-16 06:00,3307.30,3311.70,3302.80,3308.20,9376
2025-04-16 07:00,3308.40,3317.80,3308.10,3316.70,12630
2025-04-16 08:00,3316.70,3334.20,3305.10,3323.80,26039
2025-04-16 09:00,3323.90,3327.80,3316.30,3319.60,8399
2025-04-16 10:00,3320.00,3322.80,3315.70,3320.20,5185
2025-04-16 11:00,3320.20,3330.00,3309.10,3323.20,13451
2025-04-16 12:00,3323.10,3329.50,3318.80,3323.10,10361
2025-04-16 13:00,3323.10,3333.50,3312.60,3328.30,16998
2025-04-16 14:00,3328.40,3336.00,3321.90,3324.20,18078
2025-04-16 15:00,3324.30,3344.20,3321.00,3341.20,16196
2025-04-16 16:00,3341.00,3348.50,3337.20,3344.00,15047
2025-04-16 17:00,3344.20,3349.20,3340.40,3344.00,11158
2025-04-16 18:00,3343.80,3356.60,3342.10,3353.60,11085
2025-04-16 19:00,3353.40,3358.40,3351.30,3352.00,8263
2025-04-16 20:00,3352.00,3357.90,3350.00,3357.70,4364
2025-04-16 22:00,3357.50,3371.90,3356.90,3364.90,0
2025-04-16 23:00,3365.10,3367.30,3361.20,3363.90,4355
2025-04-17 00:00,3364.00,3364.80,3354.70,3359.00,9357
2025-04-17 01:00,3359.00,3369.10,3333.10,3337.00,23504
2025-04-17 02:00,3336.90,3352.50,3333.50,3352.40,9585
2025-04-17 03:00,3352.40,3356.90,3349.60,3356.00,4803
2025-04-17 04:00,3357.00,3357.10,3349.60,3353.80,3548
2025-04-17 05:00,3353.70,3357.40,3341.40,3342.30,5065
2025-04-17 06:00,3342.60,3347.00,3338.40,3342.40,7712
2025-04-17 07:00,3342.50,3343.30,3327.30,3336.50,13794
2025-04-17 08:00,3336.50,3338.70,3325.50,3337.60,7775
2025-04-17 09:00,3337.50,3340.90,3333.60,3335.10,5492
2025-04-17 10:00,3335.30,3347.30,3334.60,3341.10,6383
2025-04-17 11:00,3341.20,3346.80,3335.30,3341.20,7114
2025-04-17 12:00,3341.20,3355.80,3335.70,3341.50,13644
2025-04-17 13:00,3341.60,3346.30,3324.40,3327.90,20908
2025-04-17 14:00,3327.90,3327.90,3296.40,3304.20,35924
2025-04-17 15:00,3304.40,3318.90,3303.40,3308.80,14956
2025-04-17 16:00,3309.30,3332.30,3307.40,3330.10,13245
2025-04-17 17:00,3330.10,3336.40,3327.50,3332.50,9769
2025-04-17 18:00,3332.50,3334.40,3327.50,3329.60,3692
2025-04-17 19:00,3329.20,3335.00,3323.70,3334.50,5201
2025-04-17 20:00,3334.60,3342.70,3332.00,3341.30,3560
2025-04-20 22:00,3347.00,3368.10,3344.00,3360.20,7326
2025-04-20 23:00,3360.30,3366.70,3357.70,3361.80,5585
2025-04-21 00:00,3362.00,3384.70,3361.20,3382.50,12545
2025-04-21 01:00,3382.20,3391.60,3380.80,3390.20,12609
2025-04-21 02:00,3390.40,3397.60,3386.80,3396.60,8775
2025-04-21 03:00,3396.70,3397.20,3389.90,3394.00,6285
2025-04-21 04:00,3393.90,3393.90,3382.00,3388.60,5089
2025-04-21 05:00,3388.50,3397.30,3387.80,3396.80,7689
2025-04-21 06:00,3396.80,3404.70,3394.10,3403.70,9587
2025-04-21 07:00,3403.50,3407.30,3393.30,3397.10,8043
2025-04-21 08:00,3397.00,3405.40,3395.10,3403.80,5516
2025-04-21 09:00,3403.90,3408.80,3402.20,3406.70,5721
2025-04-21 10:00,3406.60,3409.30,3403.60,3407.30,4926
2025-04-21 11:00,3407.10,3417.30,3398.10,3415.60,11992
2025-04-21 12:00,3415.90,3427.50,3410.40,3426.60,17628
2025-04-21 13:00,3426.60,3438.90,3416.90,3432.30,27056
2025-04-21 14:00,3432.40,3442.30,3420.70,3428.60,22569
2025-04-21 15:00,3428.70,3437.40,3419.10,3433.90,14920
2025-04-21 16:00,3434.00,3435.00,3421.10,3426.10,9697
2025-04-21 17:00,3426.00,3434.70,3417.10,3434.10,14853
2025-04-21 18:00,3434.10,3437.80,3428.80,3437.00,5934
2025-04-21 19:00,3436.90,3441.60,3428.20,3434.50,7399
2025-04-21 20:00,3434.70,3438.30,3430.50,3435.10,2779
2025-04-21 22:00,3435.10,3448.00,3434.40,3442.30,0
2025-04-21 23:00,3442.40,3455.90,3440.20,3445.30,9219
2025-04-22 00:00,3445.30,3446.30,3423.90,3436.20,15454
2025-04-22 01:00,3436.10,3464.60,3431.80,3462.60,19223
2025-04-22 02:00,3462.50,3485.90,3452.40,3482.70,16443
2025-04-22 03:00,3482.70,3504.20,3481.20,3497.60,17241
2025-04-22 04:00,3497.40,3497.90,3488.70,3493.90,9383
2025-04-22 05:00,3494.00,3504.90,3482.30,3503.60,12902
2025-04-22 06:00,3503.80,3509.90,3484.70,3489.90,21321
2025-04-22 07:00,3489.70,3491.20,3471.20,3479.50,19374
2025-04-22 08:00,3479.70,3483.80,3454.10,3455.50,16930
2025-04-22 09:00,3455.60,3470.50,3455.30,3466.70,13112
2025-04-22 10:00,3466.80,3480.40,3462.60,3463.70,12477
2025-04-22 11:00,3463.60,3473.40,3459.50,3468.60,9275
2025-04-22 12:00,3468.50,3476.60,3435.50,3442.90,26712
2025-04-22 13:00,3443.10,3462.00,3419.00,3430.90,43113
2025-04-22 14:00,3431.00,3452.20,3430.00,3442.90,22214
2025-04-22 15:00,3442.70,3446.20,3422.10,3429.30,19389
2025-04-22 16:00,3429.20,3432.60,3383.20,3405.00,49331
2025-04-22 17:00,3405.30,3422.60,3398.10,3414.20,23365
2025-04-22 18:00,3414.20,3414.80,3384.50,3393.20,12200
2025-04-22 19:00,3393.50,3398.00,3379.10,3387.60,10804
2025-04-22 20:00,3387.70,3395.20,3386.00,3392.00,3607
2025-04-22 22:00,3367.70,3367.80,3316.00,3337.70,0
2025-04-22 23:00,3338.00,3359.40,3336.60,3346.20,11086
2025-04-23 00:00,3346.10,3380.50,3343.70,3376.70,13417
2025-04-23 01:00,3376.80,3396.00,3367.90,3388.80,21306
2025-04-23 02:00,3388.70,3389.60,3357.90,3363.60,13249
2025-04-23 03:00,3363.80,3365.20,3339.20,3349.10,14206
2025-04-23 04:00,3349.40,3356.90,3345.70,3356.20,4163
2025-04-23 05:00,3356.30,3359.50,3324.70,3329.10,15331
2025-04-23 06:00,3329.20,3336.60,3302.60,3312.10,20367
2025-04-23 07:00,3312.60,3331.40,3312.60,3329.90,12042
2025-04-23 08:00,3330.10,3333.00,3316.90,3333.00,8899
2025-04-23 09:00,3333.10,3352.40,3328.00,3328.50,14703
2025-04-23 10:00,3328.30,3347.00,3327.30,3341.60,8493
2025-04-23 11:00,3341.60,3351.70,3332.80,3335.30,9963
2025-04-23 12:00,3335.30,3345.70,3321.80,3322.20,19252
2025-04-23 13:00,3322.00,3325.50,3281.60,3288.00,48676
2025-04-23 14:00,3287.80,3308.80,3270.80,3299.20,43308
2025-04-23 15:00,3298.90,3306.80,3280.00,3292.80,24372
2025-04-23 16:00,3293.00,3319.00,3291.70,3307.30,15118
2025-04-23 17:00,3307.60,3314.90,3288.90,3294.00,14079
2025-04-23 18:00,3294.20,3300.00,3290.60,3295.80,5021
2025-04-23 19:00,3295.80,3310.30,3295.80,3306.90,7520
2025-04-23 20:00,3307.20,3309.10,3297.00,3301.50,3657
2025-04-23 22:00,3301.80,3329.00,3301.30,3321.20,0
2025-04-23 23:00,3321.30,3328.20,3320.30,3327.40,2922
2025-04-24 00:00,3327.60,3349.00,3324.10,3341.10,12423
2025-04-24 01:00,3340.80,3377.00,3340.00,3366.50,25581
2025-04-24 02:00,3366.40,3372.80,3345.50,3352.60,14852
2025-04-24 03:00,3352.30,3353.10,3331.70,3338.30,11110
2025-04-24 04:00,3337.30,3341.80,3335.10,3337.40,4281
2025-04-24 05:00,3337.30,3345.50,3330.60,3334.30,6846
2025-04-24 06:00,3334.40,3339.30,3325.30,3335.90,11360
2025-04-24 07:00,3335.90,3350.80,3334.40,3344.20,11631
2025-04-24 08:00,3344.10,3352.90,3337.70,3346.50,7411
2025-04-24 09:00,3346.50,3354.70,3336.70,3347.70,7650
2025-04-24 10:00,3347.20,3348.20,3337.40,3341.50,5071
2025-04-24 11:00,3341.30,3356.10,3341.10,3348.70,8312
2025-04-24 12:00,3348.50,3356.70,3346.70,3347.30,10351
2025-04-24 13:00,3347.40,3348.20,3323.50,3326.50,21972
2025-04-24 14:00,3326.50,3342.60,3316.90,3338.70,22192
2025-04-24 15:00,3338.40,3341.40,3330.60,3340.70,11297
2025-04-24 16:00,3340.80,3347.60,3334.20,3344.10,10753
2025-04-24 17:00,3344.20,3351.20,3342.00,3349.20,10580
2025-04-24 18:00,3349.00,3351.80,3345.50,3346.80,4508
2025-04-24 19:00,3346.90,3358.90,3345.20,3353.80,4878
2025-04-24 20:00,3353.80,3361.90,3349.40,3361.30,3296
2025-04-24 22:00,3362.00,3384.10,3361.30,3378.70,0
2025-04-24 23:00,3378.50,3380.00,3357.40,3360.20,7104
2025-04-25 00:00,3359.80,3372.80,3358.30,3368.90,8208
2025-04-25 01:00,3368.20,3374.30,3353.10,3356.20,9720
2025-04-25 02:00,3356.10,3364.30,3355.00,3359.70,6413
2025-04-25 03:00,3359.70,3365.50,3337.80,3338.90,6551
2025-04-25 04:00,3334.40,3338.00,3326.90,3334.90,8810
2025-04-25 05:00,3335.10,3337.40,3296.00,3303.90,17233
2025-04-25 06:00,3303.80,3316.10,3297.40,3314.80,14891
2025-04-25 07:00,3315.00,3325.20,3313.80,3317.20,9021
2025-04-25 08:00,3317.20,3317.70,3302.50,3314.20,8823
2025-04-25 09:00,3314.10,3319.10,3302.00,3302.10,7427
2025-04-25 10:00,3302.10,3317.00,3302.00,3308.40,6831
2025-04-25 11:00,3308.00,3311.50,3297.60,3303.90,7343
2025-04-25 12:00,3303.60,3313.60,3301.00,3302.60,11121
2025-04-25 13:00,3302.90,3303.00,3274.80,3290.70,33154
2025-04-25 14:00,3290.90,3298.70,3284.40,3288.20,17211
2025-04-25 15:00,3288.10,3296.40,3279.80,3293.40,10863
2025-04-25 16:00,3293.70,3298.90,3291.00,3296.40,5950
2025-04-25 17:00,3296.50,3306.60,3292.70,3304.20,11182
2025-04-25 18:00,3304.40,3308.20,3299.10,3299.50,4384
2025-04-25 19:00,3299.60,3324.00,3298.70,3315.80,8398
2025-04-25 20:00,3316.00,3331.50,3315.70,3330.20,4241
2025-04-27 22:00,3336.50,3348.20,3319.20,3320.90,7214
2025-04-27 23:00,3321.30,3328.30,3309.50,3313.70,6766
2025-04-28 00:00,3313.40,3326.60,3312.40,3324.60,7871
2025-04-28 01:00,3324.20,3325.80,3289.00,3290.80,15677
2025-04-28 02:00,3290.90,3297.40,3278.00,3290.90,12638
2025-04-28 03:00,3291.00,3306.00,3290.50,3301.20,7044
2025-04-28 04:00,3301.70,3309.80,3299.70,3309.60,4147
2025-04-28 05:00,3309.60,3311.40,3298.30,3304.80,5121
2025-04-28 06:00,3305.40,3307.00,3292.50,3294.60,6607
2025-04-28 07:00,3294.70,3303.40,3288.40,3297.60,8388
2025-04-28 08:00,3298.00,3298.80,3288.90,3292.70,3966
2025-04-28 09:00,3292.60,3298.10,3284.20,3284.40,6970
2025-04-28 10:00,3284.40,3302.70,3282.60,3300.40,7287
2025-04-28 11:00,3300.30,3308.60,3295.00,3305.20,7102
2025-04-28 12:00,3305.90,3313.80,3304.20,3306.70,10202
2025-04-28 13:00,3306.60,3312.60,3297.00,3303.50,17271
2025-04-28 14:00,3303.30,3344.90,3303.30,3339.60,27152
2025-04-28 15:00,3339.50,3347.40,3329.20,3336.40,17394
2025-04-28 16:00,3336.30,3350.20,3335.60,3347.20,11066
2025-04-28 17:00,3347.30,3351.70,3343.00,3346.70,7935
2025-04-28 18:00,3346.30,3361.90,3345.10,3359.60,7148
2025-04-28 19:00,3359.70,3363.80,3356.30,3362.50,5771
2025-04-28 20:00,3362.50,3363.00,3353.30,3354.80,3313
2025-04-28 22:00,3354.90,3359.30,3342.60,3348.30,0
2025-04-28 23:00,3348.20,3353.20,3343.80,3348.00,3947
2025-04-29 00:00,3348.20,3349.80,3337.30,3339.80,5596
2025-04-29 01:00,3339.60,3350.80,3333.10,3337.60,10204
2025-04-29 02:00,3337.50,3344.90,3329.20,3330.50,6208
2025-04-29 03:00,3330.50,3332.20,3317.70,3323.10,8565
2025-04-29 04:00,3325.70,3328.00,3316.80,3319.60,3865
2025-04-29 05:00,3319.80,3326.60,3314.80,3320.20,4661
2025-04-29 06:00,3320.50,3333.60,3318.60,3328.50,6637
2025-04-29 07:00,3328.50,3333.20,3322.30,3333.00,5321
2025-04-29 08:00,3333.10,3334.80,3321.60,3321.70,4113
2025-04-29 09:00,3321.60,3325.30,3318.50,3318.70,4827
2025-04-29 10:00,3318.70,3325.40,3315.70,3322.30,5661
2025-04-29 11:00,3322.60,3325.80,3317.30,3319.10,5055
2025-04-29 12:00,3318.80,3324.70,3309.60,3322.60,13983
2025-04-29 13:00,3322.60,3331.80,3309.20,3317.10,20723
2025-04-29 14:00,3317.10,3328.60,3309.60,3325.30,16430
2025-04-29 15:00,3325.20,3326.30,3315.90,3323.40,7836
2025-04-29 16:00,3323.80,3340.50,3323.20,3339.10,10146
2025-04-29 17:00,3339.20,3340.10,3323.60,3324.10,7952
2025-04-29 18:00,3323.80,3330.00,3322.80,3329.90,4703
2025-04-29 19:00,3330.00,3335.20,3327.70,3330.30,4707
2025-04-29 20:00,3330.40,3333.60,3327.30,3327.60,1608
2025-04-29 22:00,3324.50,3332.80,3322.20,3328.80,0
2025-04-29 23:00,3329.00,3329.40,3320.80,3326.80,2172
2025-04-30 00:00,3326.70,3337.60,3321.50,3323.20,5332
2025-04-30 01:00,3323.10,3332.50,3317.00,3317.50,6017
2025-04-30 02:00,3317.30,3322.60,3314.60,3316.50,4352
2025-04-30 03:00,3316.50,3321.50,3312.80,3314.30,3796
2025-04-30 04:00,3314.00,3318.30,3310.70,3317.40,3464
2025-04-30 05:00,3317.30,3324.10,3317.10,3319.40,4141
2025-04-30 06:00,3319.60,3320.90,3314.30,3315.40,3948
2025-04-30 07:00,3315.40,3324.30,3312.40,3316.80,5383
2025-04-30 08:00,3316.80,3317.10,3289.50,3293.70,15613
2025-04-30 09:00,3293.70,3296.80,3284.00,3285.30,9282
2025-04-30 10:00,3285.10,3290.00,3281.00,3281.60,6953
2025-04-30 11:00,3281.80,3291.20,3276.70,3281.50,10097
2025-04-30 12:00,3281.50,3315.10,3275.60,3307.90,24775
2025-04-30 13:00,3308.10,3330.10,3306.20,3318.90,23452
2025-04-30 14:00,3318.50,3324.30,3301.60,3320.50,28597
2025-04-30 15:00,3320.40,3325.10,3309.00,3318.50,14431
2025-04-30 16:00,3318.80,3325.00,3317.60,3321.30,6446
2025-04-30 17:00,3321.50,3324.30,3315.00,3315.80,9289
2025-04-30 18:00,3315.70,3318.00,3310.70,3312.40,5203
2025-04-30 19:00,3312.50,3316.50,3302.70,3306.80,5387
2025-04-30 20:00,3306.70,3308.70,3293.90,3299.20,4058
2025-04-30 22:00,3299.00,3300.60,3280.00,3282.50,0
2025-04-30 23:00,3282.80,3294.00,3278.40,3281.50,4562
2025-05-01 00:00,3281.50,3285.00,3247.70,3253.90,17370
2025-05-01 01:00,3253.80,3259.50,3241.60,3246.90,10129
2025-05-01 02:00,3246.50,3258.50,3242.80,3248.10,6080
2025-05-01 03:00,3248.20,3249.30,3236.40,3237.60,8823
2025-05-01 04:00,3237.00,3239.70,3228.30,3234.50,7357
2025-05-01 05:00,3234.30,3247.10,3231.00,3244.60,6421
2025-05-01 06:00,3245.00,3251.80,3241.40,3243.90,8074
2025-05-01 07:00,3243.80,3245.20,3233.80,3238.20,6482
2025-05-01 08:00,3238.20,3245.30,3237.90,3243.10,3509
2025-05-01 09:00,3243.20,3244.40,3221.80,3226.00,7690
2025-05-01 10:00,3226.30,3233.30,3221.10,3230.70,6565
2025-05-01 11:00,3230.80,3234.90,3211.00,3213.10,12473
2025-05-01 12:00,3212.90,3241.00,3209.40,3234.40,20402
2025-05-01 13:00,3234.50,3241.60,3226.40,3233.00,15815
2025-05-01 14:00,3232.30,3239.50,3222.00,3226.70,18131
2025-05-01 15:00,3226.80,3229.70,3212.20,3224.60,16585
2025-05-01 16:00,3224.40,3229.10,3216.40,3227.70,8959
2025-05-01 17:00,3228.00,3229.20,3217.40,3221.90,7765
2025-05-01 18:00,3222.00,3234.70,3220.20,3231.20,5017
2025-05-01 19:00,3231.40,3238.50,3231.30,3236.60,4263
2025-05-01 20:00,3237.00,3249.00,3236.50,3248.30,4325
2025-05-01 22:00,3247.60,3252.90,3241.50,3247.00,0
2025-05-01 23:00,3246.90,3250.40,3243.40,3246.20,2052
2025-05-02 00:00,3246.20,3253.10,3234.50,3238.80,6658
2025-05-02 01:00,3239.40,3246.00,3239.40,3244.70,3984
2025-05-02 02:00,3245.20,3258.80,3244.20,3256.90,5520
2025-05-02 03:00,3257.30,3267.40,3254.60,3266.70,5489
2025-05-02 04:00,3263.90,3266.20,3259.20,3260.40,4149
2025-05-02 05:00,3260.40,3265.10,3257.60,3260.00,3795
2025-05-02 06:00,3260.00,3271.60,3254.60,3261.40,7954
2025-05-02 07:00,3261.50,3270.00,3259.50,3267.00,7722
2025-05-02 08:00,3267.10,3269.80,3263.10,3265.70,4008
2025-05-02 09:00,3265.90,3275.50,3262.50,3273.10,7305
2025-05-02 10:00,3273.30,3273.70,3265.40,3267.50,4452
2025-05-02 11:00,3267.70,3277.00,3266.50,3269.90,8416
2025-05-02 12:00,3269.90,3272.70,3256.60,3257.60,19323
2025-05-02 13:00,3257.30,3267.80,3246.60,3258.00,28812
2025-05-02 14:00,3257.70,3273.20,3249.80,3271.50,19444
2025-05-02 15:00,3271.60,3272.70,3238.40,3239.80,20770
2025-05-02 16:00,3240.00,3243.80,3229.50,3232.00,17575
2025-05-02 17:00,3231.80,3247.40,3230.30,3238.40,12735
2025-05-02 18:00,3238.60,3240.00,3231.70,3234.20,4695
2025-05-02 19:00,3234.20,3242.30,3234.20,3241.40,5787
2025-05-02 20:00,3241.50,3249.20,3240.50,3247.40,4215
2025-05-04 22:00,3247.10,3251.30,3243.10,3246.20,3417
2025-05-04 23:00,3246.40,3259.50,3245.40,3255.20,4970
2025-05-05 00:00,3255.30,3256.00,3248.00,3253.20,3416
2025-05-05 01:00,3253.80,3278.30,3253.10,3272.10,9927
2025-05-05 02:00,3272.10,3280.60,3267.40,3278.20,6886
2025-05-05 03:00,3278.20,3279.80,3260.90,3262.30,5961
2025-05-05 04:00,3262.70,3267.80,3261.40,3264.30,3242
2025-05-05 05:00,3264.20,3270.40,3262.00,3267.90,3044
2025-05-05 06:00,3267.90,3273.90,3265.00,3270.10,4059
2025-05-05 07:00,3270.40,3276.00,3266.80,3272.70,4247
2025-05-05 08:00,3272.80,3291.30,3271.20,3290.70,8485
2025-05-05 09:00,3290.90,3317.70,3290.20,3317.30,19014
2025-05-05 10:00,3317.40,3326.90,3316.70,3322.00,11430
2025-05-05 11:00,3321.80,3327.70,3320.10,3321.90,7715
2025-05-05 12:00,3321.90,3331.70,3321.70,3328.60,12641
2025-05-05 13:00,3328.40,3330.10,3320.70,3325.10,13119
2025-05-05 14:00,3324.40,3337.90,3318.60,3321.30,16930
2025-05-05 15:00,3321.30,3326.90,3317.30,3321.10,10026
2025-05-05 16:00,3320.80,3322.50,3314.00,3318.20,7454
2025-05-05 17:00,3318.40,3326.60,3317.80,3325.50,7948
2025-05-05 18:00,3325.40,3332.20,3322.30,3331.70,5096
2025-05-05 19:00,3331.80,3346.70,3331.30,3337.60,10021
2025-05-05 20:00,3337.60,3344.00,3337.60,3343.50,3066
2025-05-05 22:00,3345.70,3347.80,3336.30,3339.20,0
2025-05-05 23:00,3339.20,3343.90,3337.70,3342.80,3083
2025-05-06 00:00,3342.80,3342.80,3332.10,3338.80,5685
2025-05-06 01:00,3338.90,3390.00,3338.90,3388.90,27121
2025-05-06 02:00,3388.50,3395.00,3365.10,3366.90,17567
2025-05-06 03:00,3367.10,3380.50,3361.00,3368.40,12089
2025-05-06 04:00,3368.80,3374.10,3363.90,3371.40,5939
2025-05-06 05:00,3371.30,3372.30,3357.40,3369.30,8074
2025-05-06 06:00,3369.50,3375.70,3366.20,3372.50,7436
2025-05-06 07:00,3372.60,3387.30,3372.60,3378.50,10845
2025-05-06 08:00,3378.80,3391.10,3375.90,3385.20,7785
2025-05-06 09:00,3385.30,3391.20,3379.40,3390.90,6416
2025-05-06 10:00,3390.80,3391.80,3384.40,3391.40,7669
2025-05-06 11:00,3391.60,3393.20,3381.30,3386.90,9575
2025-05-06 12:00,3387.10,3400.40,3380.60,3399.30,17572
2025-05-06 13:00,3399.50,3406.40,3395.90,3399.80,20155
2025-05-06 14:00,3399.50,3406.90,3386.90,3394.50,22274
2025-05-06 15:00,3394.30,3408.30,3393.50,3403.10,15146
2025-05-06 16:00,3403.20,3420.40,3402.80,3417.30,14810
2025-05-06 17:00,3417.30,3425.90,3416.20,3422.00,16870
2025-05-06 18:00,3422.20,3426.40,3418.10,3424.30,5467
2025-05-06 19:00,3424.50,3433.20,3421.20,3431.50,7338
2025-05-06 20:00,3431.50,3444.50,3428.00,3441.80,9415
2025-05-06 22:00,3448.10,3448.20,3388.00,3389.30,0
2025-05-06 23:00,3389.50,3413.40,3383.90,3409.20,11668
2025-05-07 00:00,3409.30,3410.30,3367.00,3387.20,20177
2025-05-07 01:00,3387.30,3393.00,3367.50,3382.70,14513
2025-05-07 02:00,3382.70,3401.90,3379.70,3398.20,9344
2025-05-07 03:00,3397.90,3400.30,3378.20,3384.30,6817
2025-05-07 04:00,3383.80,3395.80,3383.50,3390.20,4535
2025-05-07 05:00,3390.40,3397.70,3386.80,3396.00,5224
2025-05-07 06:00,3396.20,3404.50,3395.80,3400.80,6739
2025-05-07 07:00,3400.60,3405.80,3392.00,3396.00,7979
2025-05-07 08:00,3396.00,3396.80,3385.70,3390.60,5405
2025-05-07 09:00,3390.50,3393.00,3376.90,3377.70,6937
2025-05-07 10:00,3377.80,3401.40,3377.00,3399.20,9427
2025-05-07 11:00,3399.30,3399.50,3391.20,3395.00,5278
2025-05-07 12:00,3394.90,3402.30,3391.90,3399.20,11154
2025-05-07 13:00,3398.80,3406.60,3388.30,3402.40,18754
2025-05-07 14:00,3402.30,3402.90,3383.30,3393.60,20017
2025-05-07 15:00,3393.80,3397.80,3389.50,3393.00,10459
2025-05-07 16:00,3393.00,3397.30,3386.70,3394.00,7407
2025-05-07 17:00,3394.10,3397.40,3391.10,3393.60,33656
2025-05-07 18:00,3393.60,3406.50,3383.00,3392.10,17891
2025-05-07 19:00,3392.50,3394.70,3371.20,3379.30,14110
2025-05-07 20:00,3379.40,3381.90,3371.40,3372.60,3361
2025-05-07 22:00,3373.10,3381.00,3371.30,3376.80,0
2025-05-07 23:00,3376.50,3383.90,3376.20,3383.10,3275
2025-05-08 00:00,3383.20,3394.10,3380.60,3387.00,7334
2025-05-08 01:00,3386.90,3417.00,3385.50,3415.80,14376
2025-05-08 02:00,3415.70,3422.00,3408.70,3408.80,11293
2025-05-08 03:00,3408.90,3414.70,3401.80,3404.20,8930
2025-05-08 04:00,3403.00,3405.80,3388.00,3388.20,8156
2025-05-08 05:00,3388.10,3390.70,3360.30,3361.00,18328
2025-05-08 06:00,3361.00,3368.00,3325.40,3335.40,24519
2025-05-08 07:00,3335.50,3354.90,3332.70,3348.90,16219
2025-05-08 08:00,3349.10,3350.50,3342.20,3344.50,6739
2025-05-08 09:00,3344.60,3349.80,3336.60,3337.40,7032
2025-05-08 10:00,3337.20,3352.30,3335.20,3347.90,9172
2025-05-08 11:00,3347.70,3351.00,3344.70,3350.00,5606
2025-05-08 12:00,3350.20,3364.90,3348.60,3362.00,14475
2025-05-08 13:00,3362.00,3375.70,3360.40,3361.70,18830
2025-05-08 14:00,3361.60,3369.50,3356.30,3362.40,17105
2025-05-08 15:00,3362.50,3366.00,3332.00,3336.00,26476
2025-05-08 16:00,3335.90,3336.00,3309.50,3315.40,27488
2025-05-08 17:00,3315.50,3316.30,3302.40,3313.60,30084
2025-05-08 18:00,3313.70,3316.00,3310.70,3313.60,6525
2025-05-08 19:00,3313.60,3315.20,3293.30,3311.10,11722
2025-05-08 20:00,3311.50,3316.00,3308.90,3310.40,3137
2025-05-08 22:00,3310.20,3328.90,3308.80,3328.90,0
2025-05-08 23:00,3328.50,3329.00,3317.00,3321.00,3644
2025-05-09 00:00,3321.50,3327.80,3313.10,3326.90,5871
2025-05-09 01:00,3326.70,3327.50,3290.60,3295.90,16530
2025-05-09 02:00,3295.60,3313.70,3278.90,3313.20,17412
2025-05-09 03:00,3313.30,3318.50,3304.20,3312.40,9819
2025-05-09 04:00,3313.30,3333.20,3313.30,3330.40,8087
2025-05-09 05:00,3330.10,3335.90,3317.30,3326.00,10672
2025-05-09 06:00,3325.80,3331.70,3319.70,3330.40,6262
2025-05-09 07:00,3330.20,3337.00,3326.80,3331.70,7419
2025-05-09 08:00,3331.90,3333.60,3324.50,3333.00,6470
2025-05-09 09:00,3332.90,3333.90,3328.10,3329.60,4439
2025-05-09 10:00,3329.60,3334.80,3326.30,3327.80,4285
2025-05-09 11:00,3327.70,3342.80,3327.70,3337.80,9090
2025-05-09 12:00,3337.90,3340.50,3333.70,3338.50,8447
2025-05-09 13:00,3338.40,3345.00,3333.20,3335.50,14571
2025-05-09 14:00,3335.70,3347.00,3324.70,3342.40,23522
2025-05-09 15:00,3342.00,3351.10,3341.00,3350.30,12305
2025-05-09 16:00,3350.30,3352.70,3341.40,3342.00,9145
2025-05-09 17:00,3342.10,3347.60,3340.90,3346.10,12120
2025-05-09 18:00,3346.10,3348.20,3341.40,3343.50,5949
2025-05-09 19:00,3343.60,3344.90,3330.90,3334.10,6105
2025-05-09 20:00,3333.90,3335.50,3329.10,3329.10,3628
2025-05-11 22:00,3281.00,3292.50,3251.50,3276.70,12820
2025-05-11 23:00,3276.70,3294.40,3270.10,3292.90,9248
2025-05-12 00:00,3292.80,3295.50,3275.20,3283.30,9329
2025-05-12 01:00,3283.10,3286.50,3262.40,3275.70,15850
2025-05-12 02:00,3275.40,3283.80,3273.40,3275.90,6966
2025-05-12 03:00,3275.60,3288.90,3274.10,3287.00,5321
2025-05-12 04:00,3287.30,3287.70,3279.60,3282.70,3125
2025-05-12 05:00,3282.70,3283.60,3272.20,3279.80,5729
2025-05-12 06:00,3279.90,3285.20,3276.30,3281.30,7036
2025-05-12 07:00,3280.80,3281.50,3219.20,3226.80,38743
2025-05-12 08:00,3226.80,3238.80,3224.30,3235.30,14767
2025-05-12 09:00,3235.20,3235.40,3216.00,3218.70,10682
2025-05-12 10:00,3218.10,3222.90,3211.20,3211.60,10709
2025-05-12 11:00,3211.50,3233.80,3211.30,3228.60,13086
2025-05-12 12:00,3228.30,3238.60,3223.60,3237.20,14259
2025-05-12 13:00,3237.30,3253.00,3235.60,3244.60,24659
2025-05-12 14:00,3238.70,3252.30,3236.90,3242.20,18367
2025-05-12 15:00,3242.10,3248.60,3236.30,3243.80,13941
2025-05-12 16:00,3243.50,3244.40,3226.40,3228.40,15448
2025-05-12 17:00,3228.50,3231.70,3225.10,3227.20,21909
2025-05-12 18:00,3227.10,3234.70,3223.90,3233.90,5313
2025-05-12 19:00,3234.10,3243.00,3233.10,3240.30,7565
2025-05-12 20:00,3240.10,3242.90,3237.30,3241.80,2398
2025-05-12 22:00,3240.70,3246.70,3233.30,3237.40,0
2025-05-12 23:00,3237.40,3244.60,3237.00,3241.30,2404
2025-05-13 00:00,3241.10,3247.70,3237.20,3243.90,5180
2025-05-13 01:00,3243.70,3247.40,3220.10,3229.50,11926
2025-05-13 02:00,3229.80,3245.80,3227.50,3233.20,8044
2025-05-13 03:00,3232.70,3242.50,3232.30,3240.90,3875
2025-05-13 04:00,3240.60,3258.20,3238.70,3257.00,6931
2025-05-13 05:00,3257.20,3265.60,3255.70,3261.00,9408
2025-05-13 06:00,3260.90,3270.40,3251.80,3266.80,8813
2025-05-13 07:00,3266.80,3269.70,3258.30,3263.10,6167
2025-05-13 08:00,3263.30,3265.30,3254.20,3259.50,6196
2025-05-13 09:00,3259.30,3260.90,3254.50,3257.80,4539
2025-05-13 10:00,3257.80,3260.40,3255.40,3257.00,2447
2025-05-13 11:00,3256.90,3263.50,3252.30,3253.10,8550
2025-05-13 12:00,3253.00,3253.80,3241.60,3246.40,18333
2025-05-13 13:00,3249.00,3251.40,3231.40,3232.00,20094
2025-05-13 14:00,3231.90,3253.40,3229.50,3247.50,18219
2025-05-13 15:00,3247.50,3260.50,3246.70,3258.10,10637
2025-05-13 16:00,3258.00,3262.10,3252.70,3255.50,12308
2025-05-13 17:00,3255.40,3257.30,3246.50,3251.90,20901
2025-05-13 18:00,3251.90,3255.70,3250.30,3253.40,6922
2025-05-13 19:00,3253.60,3255.80,3250.80,3253.50,3127
2025-05-13 20:00,3253.30,3259.60,3252.70,3254.50,2232
2025-05-13 22:00,3254.10,3257.90,3253.40,3256.80,0
2025-05-13 23:00,3258.60,3261.30,3256.00,3258.30,2031
2025-05-14 00:00,3258.40,3258.50,3244.50,3247.90,5328
2025-05-14 01:00,3248.20,3256.20,3241.60,3243.30,8422
2025-05-14 02:00,3243.10,3245.80,3232.60,3236.80,8772
2025-05-14 03:00,3236.50,3237.40,3229.70,3230.80,6432
2025-05-14 04:00,3232.20,3234.20,3225.90,3227.80,6772
2025-05-14 05:00,3227.90,3237.70,3225.20,3237.20,7266
2025-05-14 06:00,3237.20,3239.80,3231.10,3232.10,6216
2025-05-14 07:00,3232.20,3243.00,3227.70,3242.00,8242
2025-05-14 08:00,3242.40,3248.20,3234.40,3236.70,6607
2025-05-14 09:00,3236.70,3240.80,3232.90,3236.20,5417
2025-05-14 10:00,3236.10,3240.40,3233.20,3239.50,5473
2025-05-14 11:00,3239.60,3243.30,3223.00,3223.70,9500
2025-05-14 12:00,3223.90,3226.30,3187.70,3188.50,42566
2025-05-14 13:00,3188.60,3202.10,3178.30,3195.20,35055
2025-05-14 14:00,3195.20,3198.10,3183.10,3185.70,16985
2025-05-14 15:00,3185.80,3190.30,3182.70,3186.50,9831
2025-05-14 16:00,3186.60,3194.40,3177.50,3191.90,12143
2025-05-14 17:00,3191.90,3194.00,3184.40,3185.60,7965
2025-05-14 18:00,3185.90,3186.90,3175.60,3176.10,6057
2025-05-14 19:00,3176.00,3184.60,3170.70,3183.80,8207
2025-05-14 20:00,3184.00,3186.70,3180.20,3180.70,3126
2025-05-14 21:00,3180.70,3180.70,3180.70,3180.70,1
2025-05-14 22:00,3180.80,3186.80,3180.40,3185.10,0
2025-05-14 23:00,3185.30,3190.10,3183.70,3188.90,2064
2025-05-15 00:00,3188.60,3190.60,3182.30,3190.30,3836
2025-05-15 01:00,3190.20,3195.60,3173.50,3174.60,10343
2025-05-15 02:00,3175.10,3178.40,3152.80,3156.90,15710
2025-05-15 03:00,3156.90,3160.20,3150.90,3153.40,9054
2025-05-15 04:00,3153.20,3155.30,3138.30,3141.30,9114
2025-05-15 05:00,3141.50,3145.80,3126.40,3132.10,11485
2025-05-15 06:00,3132.30,3157.20,3123.30,3153.50,18206
2025-05-15 07:00,3153.20,3155.50,3134.20,3145.40,14303
2025-05-15 08:00,3145.10,3167.20,3141.80,3165.50,11415
2025-05-15 09:00,3165.60,3174.40,3162.00,3167.80,10846
2025-05-15 10:00,3168.00,3182.20,3166.70,3181.60,8611
2025-05-15 11:00,3181.40,3183.30,3175.40,3182.30,6869
2025-05-15 12:00,3182.20,3193.40,3180.60,3192.30,17494
2025-05-15 13:00,3192.30,3203.40,3188.30,3194.70,24564
2025-05-15 14:00,3194.80,3210.50,3193.50,3208.50,23996
2025-05-15 15:00,3208.60,3223.20,3207.80,3222.80,15193
2025-05-15 16:00,3223.00,3226.30,3218.70,3225.90,7418
2025-05-15 17:00,3226.00,3232.60,3219.60,3224.50,11389
2025-05-15 18:00,3224.50,3229.30,3223.10,3226.40,4976
2025-05-15 19:00,3226.40,3235.30,3225.30,3234.60,4903
2025-05-15 20:00,3234.50,3244.30,3233.70,3243.90,6492
2025-05-15 22:00,3243.50,3255.80,3239.70,3254.70,0
2025-05-15 23:00,3254.90,3254.90,3240.30,3241.20,7073
2025-05-16 00:00,3241.00,3247.40,3235.10,3246.40,8420
2025-05-16 01:00,3246.50,3247.90,3218.40,3226.00,15240
2025-05-16 02:00,3226.00,3231.30,3216.30,3219.10,7793
2025-05-16 03:00,3218.90,3221.10,3209.20,3215.50,9599
2025-05-16 04:00,3214.60,3225.70,3214.40,3223.00,6042
2025-05-16 05:00,3222.80,3226.30,3214.90,3221.80,7367
2025-05-16 06:00,3221.70,3234.10,3215.40,3217.60,9834
2025-05-16 07:00,3217.60,3220.60,3207.40,3210.50,11628
2025-05-16 08:00,3210.60,3212.30,3198.50,3210.30,10229
2025-05-16 09:00,3210.20,3216.00,3206.70,3211.90,5896
2025-05-16 10:00,3212.40,3214.00,3171.80,3179.00,19438
2025-05-16 11:00,3179.20,3182.40,3156.40,3165.50,18965
2025-05-16 12:00,3165.70,3184.70,3157.20,3180.00,21088
2025-05-16 13:00,3180.10,3189.30,3171.70,3183.00,20282
2025-05-16 14:00,3183.10,3192.30,3168.50,3175.40,17340
2025-05-16 15:00,3175.80,3188.40,3175.30,3186.70,7582
2025-05-16 16:00,3186.60,3193.10,3183.40,3192.50,7168
2025-05-16 17:00,3192.60,3196.00,3186.10,3192.10,9082
2025-05-16 18:00,3192.40,3194.10,3187.20,3189.90,4493
2025-05-16 19:00,3190.00,3197.90,3189.80,3194.30,4891
2025-05-16 20:00,3194.30,3208.70,3194.00,3205.30,5584
2025-05-18 22:00,3220.00,3243.90,3212.20,3242.20,9515
2025-05-18 23:00,3242.40,3247.90,3229.40,3238.40,8238
2025-05-19 00:00,3238.60,3252.90,3236.70,3249.00,7453
2025-05-19 01:00,3248.60,3249.30,3218.00,3222.00,13442
2025-05-19 02:00,3221.80,3232.60,3220.50,3231.30,6799
2025-05-19 03:00,3231.30,3233.50,3210.30,3214.90,6479
2025-05-19 04:00,3214.70,3220.90,3209.10,3218.40,3993
2025-05-19 05:00,3218.60,3226.90,3217.70,3226.80,4989
2025-05-19 06:00,3226.60,3234.70,3223.00,3227.20,7977
2025-05-19 07:00,3227.20,3237.40,3227.20,3235.30,7296
2025-05-19 08:00,3235.20,3248.80,3232.30,3247.80,8193
2025-05-19 09:00,3247.90,3251.10,3236.60,3245.20,8022
2025-05-19 10:00,3245.10,3248.60,3237.40,3245.00,5501
2025-05-19 11:00,3244.90,3251.80,3242.40,3246.70,4948
2025-05-19 12:00,3246.60,3247.70,3230.50,3231.90,10116
2025-05-19 13:00,3231.70,3244.90,3227.20,3232.70,20123
2025-05-19 14:00,3232.60,3239.60,3219.70,3236.70,15705
2025-05-19 15:00,3236.50,3243.30,3232.60,3234.60,11338
2025-05-19 16:00,3234.70,3237.20,3230.60,3234.40,5983
2025-05-19 17:00,3234.70,3235.90,3228.00,3228.70,7014
2025-05-19 18:00,3229.00,3238.10,3227.80,3235.80,3464
2025-05-19 19:00,3235.90,3238.20,3233.90,3235.40,2918
2025-05-19 20:00,3235.50,3236.20,3230.60,3232.20,2080
2025-05-19 22:00,3233.00,3233.80,3227.20,3229.30,0
2025-05-19 23:00,3229.50,3230.20,3221.30,3224.80,3007
2025-05-20 00:00,3224.80,3226.20,3215.90,3225.00,6652
2025-05-20 01:00,3225.00,3235.80,3223.60,3224.30,9400
2025-05-20 02:00,3224.40,3226.30,3209.40,3209.50,10163
2025-05-20 03:00,3209.60,3217.30,3207.40,3213.20,6267
2025-05-20 04:00,3213.60,3220.40,3213.20,3219.50,3826
2025-05-20 05:00,3219.50,3222.30,3211.90,3216.10,6369
2025-05-20 06:00,3215.90,3221.10,3209.90,3211.70,7622
2025-05-20 07:00,3211.50,3227.30,3209.70,3224.80,7766
2025-05-20 08:00,3224.70,3238.90,3220.20,3238.40,8455
2025-05-20 09:00,3238.80,3241.70,3233.20,3238.50,11588
2025-05-20 10:00,3238.40,3241.00,3233.90,3237.30,4245
2025-05-20 11:00,3237.80,3244.20,3237.30,3243.70,5724
2025-05-20 12:00,3243.60,3254.10,3236.60,3245.40,16960
2025-05-20 13:00,3245.30,3265.30,3235.20,3264.60,29181
2025-05-20 14:00,3264.40,3288.90,3263.70,3285.30,37538
2025-05-20 15:00,3285.40,3286.30,3275.80,3279.50,14696
2025-05-20 16:00,3279.40,3285.40,3278.20,3282.00,6569
2025-05-20 17:00,3281.80,3291.20,3281.20,3289.40,8050
2025-05-20 18:00,3289.60,3293.00,3287.30,3290.50,5365
2025-05-20 19:00,3290.50,3298.10,3290.00,3296.80,6475
2025-05-20 20:00,3296.70,3298.50,3291.50,3292.60,3892
2025-05-20 22:00,3293.00,3307.90,3291.90,3300.20,0
2025-05-20 23:00,3300.00,3300.20,3292.20,3293.90,4203
2025-05-21 00:00,3294.00,3306.90,3292.20,3305.90,7183
2025-05-21 01:00,3305.70,3316.80,3287.00,3296.80,20209
2025-05-21 02:00,3296.60,3307.40,3291.10,3304.30,11026
2025-05-21 03:00,3304.20,3311.30,3301.50,3308.70,5099
2025-05-21 04:00,3309.10,3310.10,3303.40,3304.20,4103
2025-05-21 05:00,3304.20,3321.40,3300.40,3318.20,9761
2025-05-21 06:00,3317.90,3322.50,3312.50,3321.90,9785
2025-05-21 07:00,3321.60,3321.60,3309.60,3311.80,7778
2025-05-21 08:00,3311.90,3314.20,3305.70,3310.70,5906
2025-05-21 09:00,3310.50,3315.80,3309.20,3315.60,5838
2025-05-21 10:00,3316.00,3320.50,3310.80,3314.20,6257
2025-05-21 11:00,3314.30,3318.60,3308.80,3313.30,7928
2025-05-21 12:00,3313.40,3314.80,3291.50,3304.30,22610
2025-05-21 13:00,3304.60,3311.80,3297.30,3306.10,20573
2025-05-21 14:00,3306.00,3310.80,3297.30,3306.80,17883
2025-05-21 15:00,3306.80,3317.90,3305.70,3313.80,14545
2025-05-21 16:00,3313.90,3317.10,3304.70,3305.20,8676
2025-05-21 17:00,3305.20,3318.90,3304.90,3318.80,12740
2025-05-21 18:00,3318.80,3319.00,3314.20,3316.50,4936
2025-05-21 19:00,3316.60,3327.20,3316.60,3320.90,7686
2025-05-21 20:00,3320.80,3322.30,3315.20,3316.60,3072
2025-05-21 22:00,3318.00,3322.20,3316.30,3319.40,0
2025-05-21 23:00,3319.50,3325.90,3319.10,3321.70,3243
2025-05-22 00:00,3321.70,3328.10,3320.90,3325.20,4463
2025-05-22 01:00,3325.10,3344.20,3321.20,3339.00,13272
2025-05-22 02:00,3338.80,3346.60,3337.50,3342.30,7293
2025-05-22 03:00,3342.60,3346.80,3335.60,3336.60,5321
2025-05-22 04:00,3336.10,3340.40,3333.40,3339.60,3846
2025-05-22 05:00,3339.70,3340.60,3327.40,3333.50,5530
2025-05-22 06:00,3333.80,3337.20,3326.50,3327.60,6799
2025-05-22 07:00,3327.90,3331.80,3323.40,3328.30,10252
2025-05-22 08:00,3328.30,3330.20,3310.50,3311.70,17109
2025-05-22 09:00,3311.50,3313.70,3303.80,3305.40,10396
2025-05-22 10:00,3305.20,3308.30,3288.50,3289.70,11950
2025-05-22 11:00,3289.60,3315.00,3282.20,3314.30,18995
2025-05-22 12:00,3314.40,3314.80,3300.70,3303.60,15552
2025-05-22 13:00,3303.70,3316.00,3285.80,3286.90,24143
2025-05-22 14:00,3286.80,3304.20,3277.80,3296.30,22303
2025-05-22 15:00,3296.50,3298.30,3280.50,3294.00,17072
2025-05-22 16:00,3294.20,3304.10,3290.00,3300.90,8933
2025-05-22 17:00,3301.00,3301.10,3289.50,3295.60,10782
2025-05-22 18:00,3295.70,3297.90,3291.80,3293.60,3327
2025-05-22 19:00,3293.70,3296.80,3287.70,3290.40,4822
2025-05-22 20:00,3290.50,3295.50,3289.50,3295.10,3562
2025-05-22 22:00,3295.10,3299.60,3293.90,3297.80,0
2025-05-22 23:00,3297.80,3302.20,3297.30,3300.00,2129
2025-05-23 00:00,3300.10,3309.50,3285.50,3299.80,10506
2025-05-23 01:00,3299.90,3306.00,3294.40,3303.80,7825
2025-05-23 02:00,3304.20,3304.50,3289.30,3295.50,5048
2025-05-23 03:00,3295.70,3302.40,3295.20,3301.80,2910
2025-05-23 04:00,3301.30,3316.00,3301.20,3313.00,6257
2025-05-23 05:00,3313.20,3325.40,3311.90,3323.50,7749
2025-05-23 06:00,3323.40,3332.00,3322.70,3330.90,10580
2025-05-23 07:00,3331.00,3334.40,3326.10,3328.90,8610
2025-05-23 08:00,3328.70,3329.30,3322.20,3326.20,6049
2025-05-23 09:00,3326.40,3334.10,3324.70,3328.50,5476
2025-05-23 10:00,3328.50,3331.90,3322.70,3328.20,6081
2025-05-23 11:00,3328.40,3350.60,3324.50,3348.30,19502
2025-05-23 12:00,3348.50,3361.00,3344.60,3357.60,28951
2025-05-23 13:00,3357.70,3365.70,3337.10,3340.20,31387
2025-05-23 14:00,3339.90,3360.20,3336.20,3359.70,24497
2025-05-23 15:00,3359.70,3362.80,3352.10,3361.60,16607
2025-05-23 16:00,3361.80,3364.80,3357.20,3359.40,9560
2025-05-23 17:00,3359.60,3366.50,3357.20,3363.00,11781
2025-05-23 18:00,3363.10,3366.50,3360.80,3361.70,5920
2025-05-23 19:00,3361.90,3365.70,3358.20,3360.40,5752
2025-05-23 20:00,3360.20,3361.60,3355.90,3357.70,3279
2025-05-25 22:00,3355.60,3356.00,3339.40,3342.50,6621
2025-05-25 23:00,3342.70,3349.20,3340.10,3341.50,3025
2025-05-26 00:00,3341.50,3344.70,3329.30,3340.40,6048
2025-05-26 01:00,3340.50,3346.10,3333.50,3343.30,5949
2025-05-26 02:00,3343.20,3355.30,3341.30,3347.00,5539
2025-05-26 03:00,3347.10,3348.80,3342.60,3345.80,3034
2025-05-26 04:00,3346.00,3349.70,3344.80,3348.60,2250
2025-05-26 05:00,3348.80,3350.80,3343.60,3346.50,4682
2025-05-26 06:00,3346.60,3346.80,3336.00,3336.40,5793
2025-05-26 07:00,3336.30,3338.10,3331.50,3336.60,5835
2025-05-26 08:00,3336.70,3338.80,3330.00,3333.20,5029
2025-05-26 09:00,3333.50,3335.80,3322.90,3328.30,7673
2025-05-26 10:00,3328.30,3333.10,3328.20,3331.20,2756
2025-05-26 11:00,3331.20,3334.30,3328.90,3332.90,1527
2025-05-26 12:00,3332.90,3335.00,3326.10,3334.20,4055
2025-05-26 13:00,3334.30,3339.00,3331.10,3338.30,6319
2025-05-26 14:00,3338.50,3341.80,3335.80,3337.50,5117
2025-05-26 15:00,3337.50,3339.60,3336.90,3337.90,3198
2025-05-26 16:00,3337.90,3343.80,3337.50,3342.60,3258
2025-05-26 17:00,3342.40,3343.50,3340.40,3341.10,1112
2025-05-26 18:00,3341.10,3343.30,3340.90,3342.20,754
2025-05-26 22:00,3342.80,3349.00,3342.40,3347.50,2578
2025-05-26 23:00,3347.50,3348.60,3344.10,3345.70,1996
2025-05-27 00:00,3345.90,3349.70,3342.00,3344.80,4450
2025-05-27 01:00,3345.00,3347.10,3330.60,3335.00,6110
2025-05-27 02:00,3335.30,3343.80,3334.20,3342.20,4845
2025-05-27 03:00,3342.10,3347.00,3340.70,3341.00,3062
2025-05-27 04:00,3340.90,3341.30,3330.00,3330.30,4462
2025-05-27 05:00,3330.30,3332.10,3315.00,3322.80,13348
2025-05-27 06:00,3322.60,3327.70,3304.20,3308.40,16169
2025-05-27 07:00,3308.10,3312.40,3291.70,3295.80,15459
2025-05-27 08:00,3295.60,3309.60,3295.20,3297.10,13521
2025-05-27 09:00,3297.20,3308.70,3293.80,3295.10,10230
2025-05-27 10:00,3295.00,3298.90,3288.00,3291.50,11025
2025-05-27 11:00,3291.80,3296.70,3286.10,3286.80,8935
2025-05-27 12:00,3286.70,3296.70,3286.40,3292.10,10306
2025-05-27 13:00,3292.30,3303.70,3290.80,3294.10,16701
2025-05-27 14:00,3293.90,3302.30,3283.00,3298.80,20695
2025-05-27 15:00,3298.90,3302.10,3287.60,3291.80,10727
2025-05-27 16:00,3291.80,3297.40,3291.30,3296.60,5314
2025-05-27 17:00,3296.60,3303.30,3295.40,3300.20,12723
2025-05-27 18:00,3300.30,3302.90,3298.20,3302.00,3695
2025-05-27 19:00,3301.90,3306.90,3301.90,3302.90,3684
2025-05-27 20:00,3303.10,3303.90,3298.50,3299.70,2002
2025-05-27 22:00,3300.90,3304.40,3299.90,3301.70,0
2025-05-27 23:00,3302.10,3310.10,3295.10,3308.30,2466
2025-05-28 00:00,3308.50,3314.90,3306.80,3307.10,2567
2025-05-28 01:00,3306.90,3309.30,3296.80,3300.00,2873
2025-05-28 02:00,3299.90,3312.40,3298.70,3301.70,3085
2025-05-28 03:00,3301.50,3303.40,3289.90,3296.70,3476
2025-05-28 04:00,3296.50,3298.90,3293.10,3295.20,1848
2025-05-28 05:00,3294.80,3309.30,3294.80,3305.60,3717
2025-05-28 06:00,3305.70,3307.20,3296.60,3306.70,2730
2025-05-28 07:00,3306.90,3321.00,3305.90,3317.40,9506
2025-05-28 08:00,3317.80,3322.30,3313.70,3320.30,6923
2025-05-28 09:00,3320.20,3324.50,3319.30,3323.30,3893
2025-05-28 10:00,3323.50,3323.90,3310.90,3311.90,4625
2025-05-28 11:00,3312.00,3314.10,3306.30,3310.60,5542
2025-05-28 12:00,3310.30,3313.50,3304.40,3310.90,7845
2025-05-28 13:00,3310.80,3315.50,3295.20,3303.90,12770
2025-05-28 14:00,3304.40,3308.30,3298.90,3301.30,14977
2025-05-28 15:00,3301.40,3301.50,3291.10,3294.30,9918
2025-05-28 16:00,3294.70,3297.50,3286.10,3291.30,5988
2025-05-28 17:00,3291.50,3297.30,3289.50,3294.90,6158
2025-05-28 18:00,3295.10,3301.00,3294.70,3299.60,1611
2025-05-28 19:00,3300.00,3300.90,3291.50,3294.60,2740
2025-05-28 20:00,3294.50,3295.10,3273.50,3284.40,0
2025-05-28 22:00,3283.70,3290.30,3272.00,3282.60,480
2025-05-28 23:00,3283.10,3284.10,3244.00,3255.40,1490
2025-05-29 00:00,3255.30,3265.10,3249.70,3261.10,744
2025-05-29 01:00,3261.20,3261.20,3242.40,3260.30,1126
2025-05-29 02:00,3260.00,3272.40,3258.10,3268.70,885
2025-05-29 03:00,3267.10,3276.60,3266.30,3271.40,466
2025-05-29 04:00,3271.70,3272.70,3266.40,3266.50,194
2025-05-29 05:00,3266.70,3269.60,3263.30,3269.60,162
2025-05-29 06:00,3271.90,3271.90,3265.10,3267.90,592
2025-05-29 07:00,3268.70,3311.70,3268.60,3310.70,85595
2025-05-29 08:00,3310.80,3314.10,3276.60,3306.30,5749
2025-05-29 09:00,3305.90,3307.20,3273.80,3306.20,3757
2025-05-29 10:00,3306.30,3325.20,3280.10,3321.50,11620
2025-05-29 11:00,3321.30,3330.60,3294.00,3324.20,8966
2025-05-29 12:00,3324.60,3342.30,3299.00,3341.30,16136
2025-05-29 13:00,3341.50,3347.20,3308.90,3337.30,21602
2025-05-29 14:00,3337.50,3344.70,3305.60,3334.70,17814
2025-05-29 15:00,3334.90,3346.80,3334.10,3346.20,10063
2025-05-29 16:00,3346.20,3356.30,3344.30,3347.10,14717
2025-05-29 17:00,3347.10,3349.30,3342.50,3349.00,11174
2025-05-29 18:00,3349.00,3350.50,3342.20,3345.50,6104
2025-05-29 19:00,3345.50,3345.70,3339.50,3340.60,4017
2025-05-29 20:00,3340.50,3342.70,3339.20,3342.60,1585
2025-05-29 22:00,3343.20,3345.30,3336.80,3337.40,0
2025-05-29 23:00,3337.70,3340.70,3336.30,3339.00,2166
2025-05-30 00:00,3338.80,3342.30,3332.80,3335.90,3959
2025-05-30 01:00,3335.80,3347.00,3332.20,3334.10,7990
2025-05-30 02:00,3333.90,3336.40,3318.30,3320.50,9166
2025-05-30 03:00,3320.40,3325.90,3314.70,3318.20,5885
2025-05-30 04:00,3317.70,3320.30,3314.60,3319.50,3106
2025-05-30 05:00,3319.50,3328.40,3313.70,3327.30,6741
2025-05-30 06:00,3327.00,3327.80,3314.10,3325.50,6612
2025-05-30 07:00,3325.40,3325.40,3311.30,3319.20,6675
2025-05-30 08:00,3318.70,3323.50,3315.60,3320.00,4418
2025-05-30 09:00,3319.90,3323.70,3318.30,3320.00,4283
2025-05-30 10:00,3319.80,3324.80,3316.70,3319.30,3703
2025-05-30 11:00,3319.30,3321.50,3311.40,3318.20,6166
2025-05-30 12:00,3318.40,3331.50,3306.80,3328.80,25376
2025-05-30 13:00,3328.50,3332.90,3298.90,3300.60,22148
2025-05-30 14:00,3300.60,3311.30,3294.80,3306.60,17857
2025-05-30 15:00,3306.60,3317.20,3299.70,3312.60,18264
2025-05-30 16:00,3312.80,3320.20,3307.60,3317.50,10361
2025-05-30 17:00,3317.70,3319.00,3313.80,3315.20,6443
2025-05-30 18:00,3315.20,3319.30,3315.20,3318.10,2738
2025-05-30 19:00,3317.90,3319.40,3315.30,3318.70,3413
2025-05-30 20:00,3318.60,3319.70,3312.70,3313.10,3005
2025-06-01 22:00,3323.00,3338.70,3319.40,3336.40,6358
2025-06-01 23:00,3336.40,3339.90,3332.70,3333.30,2975
2025-06-02 00:00,3333.20,3338.70,3326.20,3334.50,5133
2025-06-02 01:00,3334.70,3337.10,3324.30,3326.60,4815
2025-06-02 02:00,3326.60,3335.40,3326.40,3330.50,3509
2025-06-02 03:00,3330.40,3332.40,3326.50,3332.10,2657
2025-06-02 04:00,3332.60,3341.90,3332.60,3337.70,4069
2025-06-02 05:00,3337.60,3350.00,3337.60,3347.80,6397
2025-06-02 06:00,3347.90,3369.90,3347.60,3368.90,12001
2025-06-02 07:00,3369.00,3384.00,3367.70,3377.20,14244
2025-06-02 08:00,3377.20,3381.20,3374.70,3376.50,5794
2025-06-02 09:00,3376.60,3376.90,3369.00,3372.70,6489
2025-06-02 10:00,3372.90,3376.30,3368.80,3373.30,8079
2025-06-02 11:00,3373.30,3385.60,3370.40,3381.20,9826
2025-06-02 12:00,3380.90,3388.90,3378.70,3380.10,10622
2025-06-02 13:00,3380.10,3401.30,3374.50,3395.80,17727
2025-06-02 14:00,3396.10,3404.20,3391.80,3400.60,16444
2025-06-02 15:00,3400.50,3403.50,3393.00,3399.10,9410
2025-06-02 16:00,3399.30,3404.70,3394.30,3396.90,6996
2025-06-02 17:00,3396.90,3400.90,3396.20,3399.20,7499
2025-06-02 18:00,3399.40,3405.40,3395.80,3404.40,6976
2025-06-02 19:00,3404.30,3407.30,3403.00,3406.30,3960
2025-06-02 20:00,3406.30,3408.10,3403.30,3406.40,3495
2025-06-02 22:00,3406.50,3416.60,3406.50,3414.80,0
2025-06-02 23:00,3414.80,3417.80,3408.30,3412.80,3304
2025-06-03 00:00,3412.50,3414.20,3398.50,3401.30,6727
2025-06-03 01:00,3401.20,3401.30,3387.80,3397.30,12236
2025-06-03 02:00,3397.30,3403.00,3389.00,3393.60,7162
2025-06-03 03:00,3393.20,3394.10,3384.20,3387.10,5567
2025-06-03 04:00,3385.70,3389.80,3383.40,3386.90,3318
2025-06-03 05:00,3387.10,3392.80,3381.10,3389.80,5783
2025-06-03 06:00,3389.90,3392.10,3375.60,3383.20,10081
2025-06-03 07:00,3382.70,3385.50,3376.70,3384.60,7099
2025-06-03 08:00,3384.70,3389.80,3384.30,3385.50,4852
2025-06-03 09:00,3385.50,3387.00,3379.90,3381.20,4084
2025-06-03 10:00,3381.50,3383.10,3379.10,3379.90,2815
2025-06-03 11:00,3380.10,3384.80,3377.70,3383.30,3736
2025-06-03 12:00,3383.50,3387.20,3371.00,3383.60,13812
2025-06-03 13:00,3383.70,3387.00,3364.50,3370.40,18013
2025-06-03 14:00,3369.80,3374.60,3357.20,3370.50,22917
2025-06-03 15:00,3370.40,3375.50,3368.00,3374.00,8897
2025-06-03 16:00,3374.00,3377.40,3367.90,3372.30,6463
2025-06-03 17:00,3372.30,3378.70,3371.00,3377.60,5261
2025-06-03 18:00,3377.60,3378.20,3374.60,3377.60,2699
2025-06-03 19:00,3377.80,3379.80,3374.90,3376.40,2161
2025-06-03 20:00,3376.40,3379.30,3376.20,3376.90,1467
2025-06-03 22:00,3377.80,3382.50,3377.20,3381.20,0
2025-06-03 23:00,3381.00,3386.10,3378.60,3384.50,2769
2025-06-04 00:00,3384.40,3384.70,3373.10,3373.60,6770
2025-06-04 01:00,3373.60,3396.70,3369.70,3395.20,9744
2025-06-04 02:00,3395.10,3397.10,3386.80,3389.40,5230
2025-06-04 03:00,3389.50,3391.20,3382.10,3383.70,3485
2025-06-04 04:00,3383.50,3385.70,3375.90,3378.40,4408
2025-06-04 05:00,3378.40,3380.30,3372.00,3374.70,5667
2025-06-04 06:00,3374.50,3382.20,3372.50,3379.60,4546
2025-06-04 07:00,3379.70,3387.10,3377.20,3378.00,6011
2025-06-04 08:00,3378.00,3388.00,3375.10,3386.50,5349
2025-06-04 09:00,3386.50,3389.00,3383.30,3387.10,4510
2025-06-04 10:00,3386.70,3388.40,3370.50,3374.60,7119
2025-06-04 11:00,3374.60,3376.20,3366.90,3370.50,8475
2025-06-04 12:00,3370.50,3385.40,3368.20,3383.00,18033
2025-06-04 13:00,3383.20,3387.20,3375.20,3376.80,13849
2025-06-04 14:00,3376.90,3409.70,3375.10,3401.50,27176
2025-06-04 15:00,3401.50,3403.30,3394.50,3396.30,10199
2025-06-04 16:00,3396.50,3400.50,3395.40,3399.40,5004
2025-06-04 17:00,3399.30,3405.50,3397.30,3403.70,5660
2025-06-04 18:00,3403.80,3406.80,3399.60,3400.70,3424
2025-06-04 19:00,3400.80,3400.90,3396.30,3397.30,3486
2025-06-04 20:00,3397.20,3399.30,3394.40,3397.40,2450
2025-06-04 22:00,3398.00,3399.50,3395.80,3397.20,0
2025-06-04 23:00,3397.30,3402.70,3396.00,3401.60,1981
2025-06-05 00:00,3401.70,3405.20,3395.50,3403.50,5345
2025-06-05 01:00,3403.50,3407.70,3394.10,3397.30,6975
2025-06-05 02:00,3397.10,3398.80,3391.10,3393.70,4281
2025-06-05 03:00,3393.90,3400.50,3392.70,3393.60,3321
2025-06-05 04:00,3393.10,3395.90,3386.90,3391.60,4858
2025-06-05 05:00,3391.60,3393.40,3384.50,3387.30,4769
2025-06-05 06:00,3387.50,3393.60,3386.80,3389.30,3902
2025-06-05 07:00,3390.10,3398.00,3389.10,3394.80,5074
2025-06-05 08:00,3394.80,3400.40,3393.30,3398.80,3235
2025-06-05 09:00,3398.70,3415.30,3397.50,3413.50,13965
2025-06-05 10:00,3413.30,3424.70,3411.80,3424.10,10779
2025-06-05 11:00,3424.00,3427.70,3416.30,3416.60,11866
2025-06-05 12:00,3416.80,3425.00,3400.50,3405.10,19396
2025-06-05 13:00,3405.70,3412.60,3394.80,3401.90,26339
2025-06-05 14:00,3401.90,3407.30,3387.10,3391.00,27934
2025-06-05 15:00,3390.90,3396.40,3362.30,3368.10,29296
2025-06-05 16:00,3367.70,3379.40,3362.80,3376.80,13511
2025-06-05 17:00,3377.10,3377.80,3371.70,3376.90,6630
2025-06-05 18:00,3376.90,3379.20,3373.10,3376.60,3891
2025-06-05 19:00,3376.60,3383.40,3376.00,3380.50,8749
2025-06-05 20:00,3380.40,3381.50,3375.80,3376.10,2311
2025-06-05 22:00,3377.40,3386.30,3375.90,3381.50,0
2025-06-05 23:00,3381.40,3385.20,3379.60,3384.60,2035
2025-06-06 00:00,3384.40,3387.00,3379.80,3381.70,3825
2025-06-06 01:00,3381.50,3392.00,3377.90,3386.90,6155
2025-06-06 02:00,3386.90,3389.40,3385.00,3386.70,2808
2025-06-06 03:00,3386.70,3394.50,3381.70,3392.40,4297
2025-06-06 04:00,3392.30,3397.30,3391.60,3396.30,4006
2025-06-06 05:00,3396.00,3398.30,3385.60,3389.50,5820
2025-06-06 06:00,3389.40,3390.60,3379.40,3384.00,6143
2025-06-06 07:00,3384.00,3385.30,3375.30,3382.70,5882
2025-06-06 08:00,3382.60,3391.00,3381.50,3388.50,4926
2025-06-06 09:00,3388.50,3388.50,3375.00,3379.80,4914
2025-06-06 10:00,3380.00,3384.00,3379.20,3383.60,2796
2025-06-06 11:00,3383.60,3387.50,3381.30,3381.70,4719
2025-06-06 12:00,3381.50,3387.30,3365.60,3376.20,20861
2025-06-06 13:00,3375.70,3384.30,3364.80,3365.60,21687
2025-06-06 14:00,3365.40,3367.80,3338.50,3348.80,34944
2025-06-06 15:00,3348.70,3359.20,3345.70,3354.60,11233
2025-06-06 16:00,3354.50,3355.20,3342.90,3344.90,8343
2025-06-06 17:00,3345.20,3349.10,3343.60,3345.90,8291
2025-06-06 18:00,3346.20,3346.40,3336.10,3339.80,6350
2025-06-06 19:00,3340.00,3341.20,3333.10,3334.40,5587
2025-06-06 20:00,3334.30,3334.80,3328.80,3331.00,4284
2025-06-08 22:00,3333.40,3341.00,3329.00,3334.60,3880
2025-06-08 23:00,3334.50,3338.90,3333.60,3338.40,2136
2025-06-09 00:00,3338.50,3339.00,3317.50,3325.30,9662
2025-06-09 01:00,3325.50,3329.30,3314.50,3315.50,7104
2025-06-09 02:00,3315.90,3327.50,3313.10,3325.30,6260
2025-06-09 03:00,3325.30,3331.90,3323.70,3330.30,4290
2025-06-09 04:00,3330.70,3333.40,3329.00,3331.80,3055
2025-06-09 05:00,3331.90,3336.90,3329.50,3335.10,3555
2025-06-09 06:00,3335.00,3345.80,3332.70,3345.20,6099
2025-06-09 07:00,3344.90,3349.80,3341.60,3345.20,6596
2025-06-09 08:00,3345.30,3346.70,3340.50,3340.50,5056
2025-06-09 09:00,3340.60,3344.40,3337.60,3339.60,4578
2025-06-09 10:00,3339.50,3340.70,3333.00,3335.70,4185
2025-06-09 11:00,3335.70,3342.40,3334.40,3338.40,5572
2025-06-09 12:00,3338.60,3343.40,3333.70,3341.40,6982
2025-06-09 13:00,3341.20,3342.50,3331.50,3340.10,13987
2025-06-09 14:00,3339.90,3347.90,3336.90,3341.70,13284
2025-06-09 15:00,3341.80,3353.50,3341.10,3349.80,10036
2025-06-09 16:00,3349.70,3358.70,3348.50,3358.40,8221
2025-06-09 17:00,3358.50,3359.00,3353.40,3354.00,6270
2025-06-09 18:00,3354.00,3357.70,3353.40,3354.00,2536
2025-06-09 19:00,3353.90,3356.30,3346.90,3348.20,3759
2025-06-09 20:00,3348.40,3350.70,3346.10,3346.70,0
2025-06-09 22:00,3346.30,3354.90,3341.60,3344.10,2352
2025-06-09 23:00,3344.70,3354.90,3344.10,3346.60,1532
2025-06-10 00:00,3346.60,3346.60,3333.80,3336.10,7002
2025-06-10 01:00,3336.20,3339.70,3322.60,3326.20,8806
2025-06-10 02:00,3325.80,3330.00,3321.30,3329.10,5850
2025-06-10 03:00,3328.80,3330.20,3324.70,3329.20,2796
2025-06-10 04:00,3327.50,3328.50,3322.40,3326.80,2830
2025-06-10 05:00,3326.80,3339.40,3326.10,3337.90,8661
2025-06-10 06:00,3337.90,3351.50,3335.60,3345.20,11412
2025-06-10 07:00,3345.10,3352.90,3344.30,3349.90,8392
2025-06-10 08:00,3350.60,3355.80,3346.40,3350.00,6449
2025-06-10 09:00,3349.90,3352.40,3347.90,3350.50,3353
2025-06-10 10:00,3350.60,3357.20,3349.20,3356.20,3504
2025-06-10 11:00,3356.20,3363.60,3352.90,3354.40,8054
2025-06-10 12:00,3354.60,3361.30,3350.30,3358.10,9901
2025-06-10 13:00,3358.20,3370.40,3356.50,3364.60,13690
2025-06-10 14:00,3364.60,3364.90,3347.30,3349.40,16910
2025-06-10 15:00,3346.70,3350.40,3344.10,3347.70,11056
2025-06-10 16:00,3347.50,3348.80,3340.80,3342.10,5895
2025-06-10 17:00,3342.50,3346.40,3341.10,3345.80,7042
2025-06-10 18:00,3345.90,3346.30,3340.10,3342.50,3557
2025-06-10 19:00,3342.60,3355.60,3342.20,3349.90,4975
2025-06-10 20:00,3350.10,3350.30,3343.60,3344.80,1875
2025-06-10 22:00,3344.30,3347.70,3341.40,3344.50,0
2025-06-10 23:00,3344.70,3348.60,3335.40,3348.50,5904
2025-06-11 00:00,3348.60,3356.40,3345.10,3353.20,4859
2025-06-11 01:00,3353.30,3358.60,3348.60,3349.50,4905
2025-06-11 02:00,3349.40,3360.80,3347.90,3359.20,4542
2025-06-11 03:00,3359.40,3363.20,3357.20,3361.00,4096
2025-06-11 04:00,3360.70,3364.40,3358.40,3363.10,4154
2025-06-11 05:00,3363.20,3364.80,3356.20,3360.50,5398
2025-06-11 06:00,3360.60,3361.30,3353.20,3358.10,4867
2025-06-11 07:00,3358.00,3369.70,3355.60,3366.60,7486
2025-06-11 08:00,3366.40,3367.80,3363.50,3365.50,3566
2025-06-11 09:00,3365.50,3365.70,3352.70,3354.70,8594
2025-06-11 10:00,3354.70,3357.30,3348.10,3350.40,4718
2025-06-11 11:00,3350.40,3355.80,3345.70,3353.80,6666
2025-06-11 12:00,3353.80,3382.30,3347.80,3357.30,33191
2025-06-11 13:00,3357.30,3365.60,3347.50,3350.70,21690
2025-06-11 14:00,3350.50,3361.40,3349.20,3358.80,15021
2025-06-11 15:00,3358.80,3363.10,3350.00,3353.70,10821
2025-06-11 16:00,3353.90,3355.20,3348.70,3351.00,6029
2025-06-11 17:00,3351.00,3352.10,3339.40,3344.50,12355
2025-06-11 18:00,3344.70,3368.40,3344.00,3364.30,18460
2025-06-11 19:00,3364.50,3370.20,3362.70,3367.90,5183
2025-06-11 20:00,3368.00,3376.60,3367.80,3376.00,4020
2025-06-11 22:00,3377.50,3390.30,3376.30,3389.40,0
2025-06-11 23:00,3389.50,3394.00,3377.60,3385.80,7423
2025-06-12 00:00,3386.00,3391.90,3382.50,3386.40,6761
2025-06-12 01:00,3386.40,3397.10,3382.70,3391.60,8530
2025-06-12 02:00,3391.30,3398.40,3389.30,3394.90,7404
2025-06-12 03:00,3394.90,3396.90,3391.50,3393.90,3108
2025-06-12 04:00,3393.40,3394.00,3389.50,3390.80,2245
2025-06-12 05:00,3390.60,3396.50,3388.00,3394.80,3955
2025-06-12 06:00,3394.90,3395.70,3385.10,3395.00,6701
2025-06-12 07:00,3395.10,3395.40,3358.50,3366.60,18146
2025-06-12 08:00,3366.80,3380.80,3366.70,3376.30,11074
2025-06-12 09:00,3376.20,3388.20,3375.00,3385.50,9377
2025-06-12 10:00,3385.60,3406.50,3382.50,3402.90,13817
2025-06-12 11:00,3402.90,3409.20,3393.50,3399.70,11467
2025-06-12 12:00,3399.50,3411.40,3396.70,3409.20,14277
2025-06-12 13:00,3409.00,3419.80,3399.90,3412.80,27187
2025-06-12 14:00,3412.70,3414.20,3403.40,3404.40,20511
2025-06-12 15:00,3404.40,3411.50,3398.10,3406.50,15770
2025-06-12 16:00,3406.60,3412.40,3401.70,3404.40,10628
2025-06-12 17:00,3404.40,3405.70,3398.70,3403.30,9378
2025-06-12 18:00,3403.40,3406.80,3402.30,3406.20,4016
2025-06-12 19:00,3406.20,3409.70,3405.00,3408.50,4108
2025-06-12 20:00,3408.40,3409.40,3405.50,3406.40,2039
2025-06-12 22:00,3406.70,3407.00,3399.60,3404.00,0
2025-06-12 23:00,3404.00,3417.00,3403.00,3416.40,4115
2025-06-13 00:00,3416.20,3442.00,3412.40,3436.40,28642
2025-06-13 01:00,3436.20,3455.30,3435.10,3449.00,18147
2025-06-13 02:00,3448.70,3466.80,3446.30,3463.80,14522
2025-06-13 03:00,3463.50,3467.00,3445.70,3448.20,13548
2025-06-13 04:00,3447.80,3452.70,3445.00,3447.30,4878
2025-06-13 05:00,3447.20,3450.80,3439.00,3447.20,8854
2025-06-13 06:00,3447.20,3450.50,3429.20,3436.90,12638
2025-06-13 07:00,3437.00,3439.70,3428.30,3435.50,8368
2025-06-13 08:00,3435.20,3446.80,3434.60,3444.70,6673
2025-06-13 09:00,3444.80,3447.80,3440.60,3444.70,8177
2025-06-13 10:00,3444.50,3448.40,3432.00,3436.00,10072
2025-06-13 11:00,3436.20,3443.20,3432.70,3442.10,7371
2025-06-13 12:00,3442.30,3458.90,3441.70,3457.10,15245
2025-06-13 13:00,3457.00,3468.00,3454.30,3457.60,25063
2025-06-13 14:00,3457.90,3460.50,3444.10,3448.40,23726
2025-06-13 15:00,3448.40,3450.90,3440.20,3446.30,13672
2025-06-13 16:00,3446.40,3451.40,3439.20,3450.70,8512
2025-06-13 17:00,3450.60,3453.80,3447.40,3450.60,9329
2025-06-13 18:00,3450.70,3459.60,3448.60,3456.50,9076
2025-06-13 19:00,3456.90,3458.30,3451.50,3452.10,6944
2025-06-13 20:00,3453.00,3455.10,3448.90,3452.60,4176
2025-06-15 22:00,3473.00,3476.30,3444.00,3468.70,10540
2025-06-15 23:00,3468.90,3470.50,3459.50,3464.00,5148
2025-06-16 00:00,3464.30,3471.50,3454.00,3456.50,8089
2025-06-16 01:00,3456.60,3462.60,3453.20,3460.60,7122
2025-06-16 02:00,3460.90,3465.90,3457.30,3458.00,5127
2025-06-16 03:00,3457.80,3459.00,3448.30,3450.70,4846
2025-06-16 04:00,3450.70,3452.50,3445.80,3446.50,4016
2025-06-16 05:00,3446.60,3449.70,3436.70,3441.20,8769
2025-06-16 06:00,3440.80,3440.80,3432.50,3438.00,7506
2025-06-16 07:00,3437.80,3439.50,3429.00,3431.80,8003
2025-06-16 08:00,3432.10,3437.50,3428.90,3432.90,5885
2025-06-16 09:00,3433.10,3438.90,3431.20,3431.60,5036
2025-06-16 10:00,3431.50,3440.80,3430.10,3440.50,5182
2025-06-16 11:00,3440.60,3442.40,3430.20,3434.60,5746
2025-06-16 12:00,3434.80,3437.50,3430.30,3435.30,6181
2025-06-16 13:00,3435.20,3438.10,3400.90,3407.30,31435
2025-06-16 14:00,3407.20,3418.90,3406.50,3416.00,20756
2025-06-16 15:00,3416.20,3425.40,3416.20,3423.80,11413
2025-06-16 16:00,3424.00,3424.70,3415.90,3418.30,6397
2025-06-16 17:00,3418.80,3419.40,3410.30,3412.20,6389
2025-06-16 18:00,3412.20,3413.80,3403.60,3404.70,5892
2025-06-16 19:00,3404.90,3407.40,3402.20,3402.90,6567
2025-06-16 20:00,3402.90,3405.10,3402.30,3404.30,2150
2025-06-16 22:00,3404.20,3417.30,3404.00,3414.50,0
2025-06-16 23:00,3414.30,3422.70,3412.30,3422.40,5677
2025-06-17 00:00,3422.50,3422.70,3410.40,3413.90,7454
2025-06-17 01:00,3413.30,3421.40,3412.30,3412.60,5018
2025-06-17 02:00,3412.50,3419.90,3406.60,3409.40,7006
2025-06-17 03:00,3409.00,3411.70,3391.30,3405.40,13376
2025-06-17 04:00,3406.30,3415.10,3405.60,3412.80,4562
2025-06-17 05:00,3413.20,3414.00,3409.30,3411.00,3290
2025-06-17 06:00,3410.80,3410.90,3399.20,3403.40,6254
2025-06-17 07:00,3403.50,3410.90,3401.20,3406.20,6260
2025-06-17 08:00,3406.30,3407.00,3396.00,3397.20,5925
2025-06-17 09:00,3397.00,3404.10,3393.70,3403.80,8630
2025-06-17 10:00,3404.00,3417.80,3403.60,3417.10,9536
2025-06-17 11:00,3417.10,3419.00,3406.60,3407.10,6726
2025-06-17 12:00,3407.20,3410.20,3402.10,3405.30,13293
2025-06-17 13:00,3405.50,3416.40,3404.40,3409.80,18517
2025-06-17 14:00,3409.60,3411.30,3384.40,3403.80,34844
2025-06-17 15:00,3403.80,3407.20,3390.00,3397.90,12912
2025-06-17 16:00,3398.10,3404.20,3395.30,3401.40,10707
2025-06-17 17:00,3401.40,3410.00,3399.60,3408.70,8675
2025-06-17 18:00,3408.90,3411.00,3401.00,3401.40,5594
2025-06-17 19:00,3401.60,3405.00,3401.10,3404.40,4797
2025-06-17 20:00,3404.10,3408.70,3402.00,3406.50,2138
2025-06-17 22:00,3409.00,3414.60,3406.90,3407.70,0
2025-06-17 23:00,3408.00,3409.00,3403.30,3405.50,1854
2025-06-18 00:00,3405.40,3407.20,3401.20,3404.00,2847
2025-06-18 01:00,3404.20,3407.30,3397.30,3397.70,4586
2025-06-18 02:00,3397.50,3398.00,3388.80,3397.90,6529
2025-06-18 03:00,3397.40,3409.80,3397.40,3409.60,5470
2025-06-18 04:00,3409.80,3419.00,3408.20,3413.70,7007
2025-06-18 05:00,3413.90,3414.30,3402.90,3405.10,6671
2025-06-18 06:00,3405.00,3405.50,3397.50,3400.70,5993
2025-06-18 07:00,3400.70,3404.30,3395.00,3404.00,6859
2025-06-18 08:00,3403.90,3406.60,3400.70,3401.50,4696
2025-06-18 09:00,3401.70,3403.80,3393.50,3396.60,4658
2025-06-18 10:00,3396.40,3400.70,3393.90,3398.40,5524
2025-06-18 11:00,3398.40,3405.40,3397.30,3400.40,8267
2025-06-18 12:00,3400.20,3408.50,3399.80,3405.50,10836
2025-06-18 13:00,3405.40,3415.80,3404.50,3411.10,12635
2025-06-18 14:00,3409.30,3409.70,3391.70,3405.70,24189
2025-06-18 15:00,3407.20,3411.40,3399.50,3411.00,7748
2025-06-18 16:00,3411.20,3413.20,3408.40,3409.50,5567
2025-06-18 17:00,3409.60,3409.90,3403.70,3404.50,5383
2025-06-18 18:00,3411.70,3414.20,3396.00,3397.10,13399
2025-06-18 19:00,3396.90,3397.50,3380.50,3385.30,18600
2025-06-18 20:00,3384.20,3387.60,3380.10,3387.30,3789
2025-06-18 22:00,3387.00,3396.70,3386.70,3392.00,0
2025-06-18 23:00,3392.00,3394.00,3387.60,3391.90,2434
2025-06-19 00:00,3391.70,3400.10,3391.70,3396.30,3594
2025-06-19 01:00,3396.30,3405.20,3391.50,3392.30,6326
2025-06-19 02:00,3391.90,3396.50,3391.00,3393.90,3009
2025-06-19 03:00,3394.10,3394.50,3386.80,3391.00,3163
2025-06-19 04:00,3390.60,3392.50,3389.10,3391.90,1385
2025-06-19 05:00,3392.10,3392.70,3376.90,3381.70,7468
2025-06-19 06:00,3381.50,3381.90,3363.60,3373.50,20260
2025-06-19 07:00,3373.50,3386.20,3367.30,3382.90,13234
2025-06-19 08:00,3383.00,3389.20,3379.30,3386.10,6433
2025-06-19 09:00,3385.80,3391.00,3379.80,3387.30,6079
2025-06-19 10:00,3387.50,3396.90,3386.10,3391.90,6109
2025-06-19 11:00,3392.00,3392.50,3387.20,3388.90,3177
2025-06-19 12:00,3389.00,3389.50,3380.20,3384.70,5581
2025-06-19 13:00,3384.80,3389.80,3376.70,3386.60,9316
2025-06-19 14:00,3386.30,3387.90,3378.40,3381.70,8632
2025-06-19 15:00,3381.80,3389.10,3381.00,3385.90,10606
2025-06-19 16:00,3385.70,3388.50,3382.50,3387.80,5708
2025-06-19 17:00,3387.90,3392.20,3382.70,3385.30,4220
2025-06-19 18:00,3385.00,3388.40,3383.50,3387.40,0
2025-06-19 22:00,3386.40,3387.20,3378.30,3382.10,133527
2025-06-19 23:00,3382.20,3387.00,3380.10,3385.20,2482
2025-06-20 00:00,3385.00,3386.80,3380.90,3384.50,2663
2025-06-20 01:00,3384.60,3384.70,3372.50,3372.80,5889
2025-06-20 02:00,3373.00,3377.00,3367.80,3368.50,5605
2025-06-20 03:00,3368.60,3372.80,3361.10,3371.80,8410
2025-06-20 04:00,3371.70,3373.70,3368.70,3370.60,3075
2025-06-20 05:00,3370.60,3371.30,3358.70,3360.90,6770
2025-06-20 06:00,3360.80,3365.40,3356.20,3361.40,8149
2025-06-20 07:00,3361.10,3371.60,3359.30,3363.40,6640
2025-06-20 08:00,3363.50,3368.60,3362.50,3367.30,3269
2025-06-20 09:00,3367.00,3375.60,3365.40,3371.30,5615
2025-06-20 10:00,3371.40,3373.90,3371.00,3371.30,2586
2025-06-20 11:00,3371.20,3371.70,3361.50,3362.80,7328
2025-06-20 12:00,3363.00,3366.60,3357.30,3360.10,11786
2025-06-20 13:00,3360.10,3390.10,3358.50,3386.60,21379
2025-06-20 14:00,3386.50,3390.80,3381.30,3385.50,15950
2025-06-20 15:00,3385.60,3388.10,3382.10,3385.60,6306
2025-06-20 16:00,3385.90,3389.70,3384.00,3387.70,4757
2025-06-20 17:00,3387.60,3387.90,3382.90,3383.20,4579
2025-06-20 18:00,3383.30,3383.80,3380.20,3382.30,3003
2025-06-20 19:00,3382.30,3386.40,3380.50,3381.40,4325
2025-06-20 20:00,3381.20,3385.00,3380.50,3384.40,3221
2025-06-22 22:00,3400.70,3413.80,3386.80,3394.10,11122
2025-06-22 23:00,3394.20,3396.00,3386.80,3388.40,3765
2025-06-23 00:00,3388.50,3389.30,3373.00,3381.40,8380
2025-06-23 01:00,3381.40,3384.00,3367.50,3371.00,8713
2025-06-23 02:00,3370.70,3380.30,3370.40,3376.60,4151
2025-06-23 03:00,3376.50,3381.60,3375.30,3378.40,3541
2025-06-23 04:00,3378.70,3380.30,3371.90,3373.50,2368
2025-06-23 05:00,3373.70,3375.80,3361.40,3371.50,6792
2025-06-23 06:00,3371.70,3374.60,3367.50,3372.50,4331
2025-06-23 07:00,3372.30,3373.90,3366.40,3372.80,4722
2025-06-23 08:00,3372.90,3377.80,3372.90,3377.20,4049
2025-06-23 09:00,3377.10,3384.60,3377.00,3382.10,5656
2025-06-23 10:00,3382.10,3384.00,3379.60,3383.30,2637
2025-06-23 11:00,3383.70,3397.90,3383.70,3395.70,9678
2025-06-23 12:00,3395.50,3395.80,3371.10,3375.60,13723
2025-06-23 13:00,3378.50,3403.60,3377.50,3396.50,22966
2025-06-23 14:00,3396.30,3402.50,3384.90,3402.30,20564
2025-06-23 15:00,3403.80,3405.90,3400.60,3403.30,9850
2025-06-23 16:00,3403.40,3410.10,3395.70,3405.60,14694
2025-06-23 17:00,3405.50,3407.80,3391.20,3397.70,13321
2025-06-23 18:00,3397.90,3404.30,3392.00,3393.80,6759
2025-06-23 19:00,3393.90,3397.50,3390.80,3391.30,4063
2025-06-23 20:00,3391.40,3392.60,3382.90,3384.40,3457
2025-06-23 22:00,3383.80,3385.00,3365.10,3370.50,0
2025-06-23 23:00,3370.80,3372.40,3355.50,3358.70,8915
2025-06-24 00:00,3358.90,3369.50,3347.00,3365.40,10276
2025-06-24 01:00,3365.50,3368.70,3356.50,3362.30,6639
2025-06-24 02:00,3362.10,3367.30,3360.10,3366.20,4934
2025-06-24 03:00,3366.20,3372.90,3365.60,3366.40,4221
2025-06-24 04:00,3366.80,3367.90,3361.20,3362.70,3212
2025-06-24 05:00,3362.50,3363.00,3340.60,3346.00,13367
2025-06-24 06:00,3346.10,3347.20,3330.70,3337.30,16335
2025-06-24 07:00,3338.70,3346.00,3331.00,3343.80,15247
2025-06-24 08:00,3343.90,3346.80,3338.50,3341.60,7540
2025-06-24 09:00,3341.40,3343.20,3331.70,3332.20,7286
2025-06-24 10:00,3332.50,3341.60,3332.30,3339.50,4914
2025-06-24 11:00,3339.20,3342.90,3331.70,3335.20,8173
2025-06-24 12:00,3335.00,3335.00,3318.00,3328.30,23700
2025-06-24 13:00,3328.30,3331.70,3308.30,3315.60,25579
2025-06-24 14:00,3316.00,3324.20,3312.00,3318.60,18910
2025-06-24 15:00,3314.60,3330.90,3313.70,3326.90,12476
2025-06-24 16:00,3327.10,3334.50,3325.10,3332.60,5747
2025-06-24 17:00,3332.60,3335.60,3332.00,3332.10,7675
2025-06-24 18:00,3332.20,3333.10,3329.80,3331.40,2709
2025-06-24 19:00,3331.30,3339.20,3329.90,3337.80,4917
2025-06-24 20:00,3337.70,3338.60,3335.70,3338.50,2037
2025-06-24 22:00,3338.10,3339.60,3334.60,3335.60,0
2025-06-24 23:00,3335.70,3338.80,3335.50,3338.00,1095
2025-06-25 00:00,3338.00,3343.80,3337.40,3340.60,4357
2025-06-25 01:00,3340.50,3349.20,3340.00,3348.80,4904
2025-06-25 02:00,3348.70,3349.50,3341.90,3343.80,3468
2025-06-25 03:00,3343.50,3346.30,3341.30,3342.30,2653
2025-06-25 04:00,3342.20,3343.10,3339.30,3341.30,1878
2025-06-25 05:00,3341.30,3347.50,3340.40,3345.40,3198
2025-06-25 06:00,3345.50,3347.30,3342.40,3345.80,3530
2025-06-25 07:00,3345.80,3351.30,3340.30,3344.50,7753
2025-06-25 08:00,3344.60,3346.40,3339.80,3340.50,6617
2025-06-25 09:00,3340.50,3340.80,3335.00,3338.70,6258
2025-06-25 10:00,3339.00,3343.40,3337.60,3338.10,5481
2025-06-25 11:00,3338.00,3343.50,3336.10,3336.70,6117
2025-06-25 12:00,3336.60,3343.30,3331.90,3334.40,8125
2025-06-25 13:00,3334.40,3335.30,3325.50,3328.20,12605
2025-06-25 14:00,3328.20,3340.20,3325.60,3337.50,11365
2025-06-25 15:00,3336.70,3340.90,3335.80,3339.20,6122
2025-06-25 16:00,3339.40,3349.10,3337.70,3348.60,8092
2025-06-25 17:00,3348.80,3349.40,3338.50,3342.20,11127
2025-06-25 18:00,3342.30,3345.80,3340.30,3345.60,3473
2025-06-25 19:00,3345.50,3350.30,3344.40,3348.20,4803
2025-06-25 20:00,3348.20,3349.80,3345.60,3346.40,2936
2025-06-25 22:00,3347.50,3348.80,3344.30,3346.30,0
2025-06-25 23:00,3346.30,3354.20,3346.00,3352.80,3398
2025-06-26 00:00,3352.90,3353.20,3345.50,3347.30,3995
2025-06-26 01:00,3347.50,3350.40,3342.80,3343.70,4495
2025-06-26 02:00,3343.70,3355.80,3342.60,3353.10,4352
2025-06-26 03:00,3353.50,3357.00,3350.10,3352.10,3073
2025-06-26 04:00,3351.60,3351.90,3347.10,3347.90,2247
2025-06-26 05:00,3347.70,3352.10,3346.10,3348.40,3240
2025-06-26 06:00,3347.90,3353.80,3344.80,3353.20,5944
2025-06-26 07:00,3353.20,3360.40,3353.00,3359.40,6063
2025-06-26 08:00,3359.40,3363.90,3357.80,3361.80,4936
2025-06-26 09:00,3361.80,3362.30,3351.90,3353.80,7220
2025-06-26 10:00,3354.20,3356.00,3351.30,3355.90,2970
2025-06-26 11:00,3356.60,3357.20,3344.90,3346.40,6722
2025-06-26 12:00,3346.50,3357.80,3337.50,3338.30,15276
2025-06-26 13:00,3334.20,3341.80,3322.50,3337.90,29542
2025-06-26 14:00,3331.80,3337.00,3324.40,3330.20,16717
2025-06-26 15:00,3331.40,3337.90,3331.30,3337.60,7542
2025-06-26 16:00,3337.70,3346.60,3336.60,3344.70,8422
2025-06-26 17:00,3344.60,3349.80,3344.50,3346.30,6746
2025-06-26 18:00,3346.40,3348.40,3344.80,3346.90,2470
2025-06-26 19:00,3347.10,3347.30,3341.20,3345.00,3930
2025-06-26 20:00,3345.10,3346.00,3341.30,3341.60,1619
2025-06-26 22:00,3341.30,3341.40,3332.00,3335.00,0
2025-06-26 23:00,3334.30,3336.80,3329.20,3331.80,2633
2025-06-27 00:00,3331.70,3333.00,3326.00,3331.70,4085
2025-06-27 01:00,3331.60,3335.10,3327.50,3329.10,4819
2025-06-27 02:00,3328.90,3332.90,3320.70,3321.20,6668
2025-06-27 03:00,3321.20,3323.20,3305.30,3306.80,10863
2025-06-27 04:00,3307.10,3310.00,3303.80,3306.30,7449
2025-06-27 05:00,3306.30,3313.10,3300.40,3309.80,10142
2025-06-27 06:00,3310.10,3312.50,3298.00,3307.00,10646
2025-06-27 07:00,3306.90,3307.40,3295.00,3296.20,8661
2025-06-27 08:00,3296.20,3303.00,3293.40,3301.30,7958
2025-06-27 09:00,3301.10,3302.30,3293.80,3294.60,6781
2025-06-27 10:00,3294.60,3303.30,3291.50,3297.40,6973
2025-06-27 11:00,3297.60,3299.80,3287.60,3292.90,9210
2025-06-27 12:00,3292.70,3293.70,3279.80,3281.30,22149
2025-06-27 13:00,3281.00,3286.40,3266.50,3286.30,34202
2025-06-27 14:00,3286.10,3290.20,3275.30,3284.30,21001
2025-06-27 15:00,3284.20,3289.10,3282.30,3286.30,9018
2025-06-27 16:00,3286.20,3290.40,3285.10,3289.40,6724
2025-06-27 17:00,3289.70,3295.00,3284.70,3289.70,8421
2025-06-27 18:00,3289.80,3290.70,3282.40,3288.00,5455
2025-06-27 19:00,3287.80,3288.70,3280.00,3282.70,3847
2025-06-27 20:00,3283.00,3288.00,3282.30,3286.10,2377
2025-06-29 22:00,3284.30,3293.90,3250.50,3274.70,11428
2025-06-29 23:00,3274.60,3281.90,3273.50,3274.50,4278
2025-06-30 00:00,3274.40,3280.50,3273.10,3275.30,3262
2025-06-30 01:00,3274.90,3287.20,3269.80,3285.20,7320
2025-06-30 02:00,3285.20,3294.80,3285.00,3291.60,6169
2025-06-30 03:00,3291.40,3294.20,3288.80,3289.20,2750
2025-06-30 04:00,3290.00,3297.60,3287.90,3296.80,2985
2025-06-30 05:00,3296.90,3302.30,3295.80,3299.60,4900
2025-06-30 06:00,3299.70,3306.60,3298.60,3303.00,4785
2025-06-30 07:00,3303.00,3307.80,3301.70,3304.00,4943
2025-06-30 08:00,3304.00,3307.90,3299.20,3300.60,4886
2025-06-30 09:00,3300.30,3300.30,3288.30,3299.30,9049
2025-06-30 10:00,3299.60,3300.70,3294.20,3295.30,2424
2025-06-30 11:00,3295.20,3295.50,3285.60,3289.20,6373
2025-06-30 12:00,3289.30,3301.10,3289.30,3293.60,7883
2025-06-30 13:00,3293.50,3299.10,3289.60,3296.70,9467
2025-06-30 14:00,3299.10,3301.50,3290.90,3299.40,9618
2025-06-30 15:00,3299.50,3303.00,3295.40,3301.70,7877
2025-06-30 16:00,3301.60,3309.60,3301.20,3309.10,8403
2025-06-30 17:00,3309.10,3310.90,3303.60,3305.80,7653
2025-06-30 18:00,3305.70,3311.80,3304.30,3310.50,3687
2025-06-30 19:00,3310.70,3321.60,3310.20,3320.50,8428
2025-06-30 20:00,3320.40,3321.30,3314.40,3315.00,2473
2025-06-30 22:00,3315.70,3326.00,3313.70,3323.00,0
2025-06-30 23:00,3323.20,3324.40,3320.30,3324.40,2652
2025-07-01 00:00,3324.30,3326.90,3321.70,3326.80,2574
2025-07-01 01:00,3326.60,3333.00,3325.80,3328.90,7243
2025-07-01 02:00,3328.80,3330.80,3325.60,3327.50,4427
2025-07-01 03:00,3327.40,3334.70,3327.00,3332.10,3153
2025-07-01 04:00,3332.80,3335.50,3330.60,3335.10,2700
2025-07-01 05:00,3335.10,3343.70,3335.10,3339.80,6958
2025-07-01 06:00,3340.10,3346.00,3336.00,3342.80,6885
2025-07-01 07:00,3342.90,3351.60,3342.30,3351.20,10704
2025-07-01 08:00,3351.00,3354.30,3348.70,3351.40,4683
2025-07-01 09:00,3351.40,3360.30,3350.10,3357.50,9078
2025-07-01 10:00,3357.70,3361.80,3356.20,3360.60,5729
2025-07-01 11:00,3360.60,3365.40,3359.00,3361.00,8296
2025-07-01 12:00,3361.20,3370.50,3360.50,3366.60,13784
2025-07-01 13:00,3366.60,3367.80,3356.60,3363.80,18376
2025-07-01 14:00,3364.00,3366.80,3355.50,3357.80,14793
2025-07-01 15:00,3355.50,3358.50,3348.70,3352.10,16226
2025-07-01 16:00,3352.20,3355.80,3349.70,3354.00,6667
2025-07-01 17:00,3353.90,3354.50,3349.10,3352.00,7777
2025-07-01 18:00,3352.10,3352.10,3348.90,3350.20,2471
2025-07-01 19:00,3350.20,3352.20,3348.70,3349.60,3413
2025-07-01 20:00,3349.40,3352.20,3348.20,3349.90,2088
2025-07-01 22:00,3350.00,3353.80,3346.30,3352.00,0
2025-07-01 23:00,3352.20,3352.40,3346.90,3348.60,2498
2025-07-02 00:00,3348.70,3354.80,3343.80,3348.90,4780
2025-07-02 01:00,3348.90,3352.90,3340.70,3342.00,5145
2025-07-02 02:00,3341.90,3348.30,3338.40,3346.80,5141
2025-07-02 03:00,3347.00,3351.90,3345.00,3349.70,3152
2025-07-02 04:00,3349.70,3351.80,3349.00,3349.80,2000
2025-07-02 05:00,3349.80,3354.30,3346.60,3348.80,3400
2025-07-02 06:00,3348.80,3349.20,3339.10,3343.30,4726
2025-07-02 07:00,3343.20,3347.60,3337.20,3344.80,7001
2025-07-02 08:00,3344.90,3348.10,3343.00,3343.80,3523
2025-07-02 09:00,3343.70,3352.50,3343.30,3351.60,5272
2025-07-02 10:00,3351.70,3356.70,3350.90,3354.90,4007
2025-07-02 11:00,3354.90,3358.60,3350.00,3352.60,4713
2025-07-02 12:00,3352.50,3361.90,3348.20,3357.40,13233
2025-07-02 13:00,3357.20,3357.30,3345.20,3347.60,11856
2025-07-02 14:00,3347.80,3354.60,3344.20,3354.10,9554
2025-07-02 15:00,3354.00,3354.80,3348.90,3351.50,8825
2025-07-02 16:00,3351.40,3360.30,3351.40,3359.50,7401
2025-07-02 17:00,3359.50,3361.80,3358.20,3360.20,7286
2025-07-02 18:00,3360.20,3366.00,3359.40,3365.50,5023
2025-07-02 19:00,3365.60,3370.40,3365.20,3368.50,5007
2025-07-02 20:00,3368.50,3371.00,3365.80,3368.70,3172
2025-07-02 22:00,3369.00,3376.90,3368.30,3372.90,0
2025-07-02 23:00,3372.70,3373.20,3359.80,3360.30,5065
2025-07-03 00:00,3360.40,3360.80,3354.10,3355.60,4047
2025-07-03 01:00,3355.60,3359.10,3352.40,3356.70,4258
2025-07-03 02:00,3356.80,3362.40,3356.40,3362.10,3149
2025-07-03 03:00,3362.10,3362.50,3356.20,3358.80,2239
2025-07-03 13:30,3335.00,3348.50,3332.40,3342.40,21585
2025-07-03 14:30,3340.70,3344.50,3333.20,3333.80,13186
2025-07-03 15:30,3334.00,3341.60,3332.70,3338.30,6293
2025-07-03 16:30,3338.30,3345.00,3335.80,3344.10,5823
2025-07-03 17:00,3344.10,3345.00,3342.50,3342.90,0
2025-07-04 04:00,3349.30,3352.50,3349.00,3351.10,15885
2025-07-04 05:00,3351.10,3352.50,3348.10,3348.90,2257
2025-07-04 06:00,3349.00,3355.00,3348.70,3352.10,4715
2025-07-04 07:00,3352.30,3353.50,3345.80,3352.70,4884
2025-07-04 08:00,3352.60,3354.10,3350.80,3352.50,2569
2025-07-04 09:00,3352.50,3352.90,3343.00,3344.80,4914
2025-07-04 10:00,3344.50,3348.30,3341.60,3347.10,2964
2025-07-04 11:00,3347.00,3348.00,3344.30,3344.60,2339
2025-07-04 12:00,3344.50,3348.00,3341.10,3343.70,5116
2025-07-04 13:00,3343.70,3348.20,3342.10,3343.80,6460
2025-07-04 14:00,3343.60,3344.40,3340.60,3343.30,4211
2025-07-04 15:00,3343.20,3343.80,3340.90,3342.70,1949
2025-07-04 16:00,3342.70,3347.00,3342.60,3346.50,1654
2025-07-06 22:00,3344.50,3352.90,3342.20,3343.30,3090
2025-07-06 23:00,3343.40,3344.30,3335.20,3337.80,3073
2025-07-07 00:00,3338.00,3338.60,3330.50,3335.70,4591
2025-07-07 01:00,3335.70,3337.00,3315.40,3325.30,11895
2025-07-07 02:00,3325.60,3326.80,3314.60,3317.90,5133
2025-07-07 03:00,3317.90,3324.40,3316.00,3320.20,3616
2025-07-07 04:00,3320.40,3321.30,3313.50,3316.30,3720
2025-07-07 05:00,3316.50,3324.30,3315.70,3322.30,3952
2025-07-07 06:00,3322.40,3324.30,3317.00,3318.90,4653
2025-07-07 07:00,3318.70,3322.30,3309.60,3311.20,6469
2025-07-07 08:00,3311.10,3322.20,3310.30,3319.40,7293
2025-07-07 09:00,3319.30,3321.20,3315.30,3318.10,6493
2025-07-07 10:00,3318.20,3320.00,3304.40,3310.90,10526
2025-07-07 11:00,3310.90,3316.90,3308.80,3310.90,10180
2025-07-07 12:00,3311.10,3322.20,3309.20,3318.40,19161
2025-07-07 13:00,3318.30,3326.70,3315.30,3326.00,15255
2025-07-07 14:00,3326.20,3331.20,3322.70,3327.80,13924
2025-07-07 15:00,3327.70,3331.60,3325.70,3330.60,5791
2025-07-07 16:00,3330.70,3338.00,3329.80,3337.30,10104
2025-07-07 17:00,3337.50,3346.00,3337.30,3341.70,10483
2025-07-07 18:00,3341.30,3345.80,3337.80,3344.10,5327
2025-07-07 19:00,3344.30,3350.30,3344.00,3347.10,4114
2025-07-07 20:00,3346.90,3347.90,3345.20,3346.40,1506
2025-07-07 22:00,3348.90,3355.60,3348.10,3349.50,0
2025-07-07 23:00,3349.70,3349.80,3343.50,3344.40,2602
2025-07-08 00:00,3344.20,3347.10,3340.80,3344.20,3273
2025-07-08 01:00,3344.00,3347.10,3339.60,3344.80,4490
2025-07-08 02:00,3344.80,3348.10,3342.90,3344.60,3714
2025-07-08 03:00,3344.60,3345.70,3339.60,3341.60,2713
2025-07-08 04:00,3341.40,3342.90,3337.10,3339.40,2650
2025-07-08 05:00,3339.40,3346.50,3339.30,3344.10,3035
2025-07-08 06:00,3343.90,3346.10,3340.70,3345.70,3794
2025-07-08 07:00,3346.00,3349.50,3340.40,3343.90,6124
2025-07-08 08:00,3343.60,3343.70,3332.70,3333.00,9683
2025-07-08 09:00,3333.00,3336.20,3330.50,3331.30,6396
2025-07-08 10:00,3331.50,3336.50,3329.70,3333.80,2953
2025-07-08 11:00,3334.00,3336.90,3329.20,3334.40,5320
2025-07-08 12:00,3334.30,3339.20,3333.60,3337.50,8013
2025-07-08 13:00,3337.80,3338.10,3323.50,3324.60,22855
2025-07-08 14:00,3324.50,3325.40,3303.10,3305.10,34282
2025-07-08 15:00,3306.10,3309.10,3295.40,3307.00,23103
2025-07-08 16:00,3307.20,3310.40,3304.50,3309.00,13739
2025-07-08 17:00,3308.90,3319.60,3307.90,3315.10,28736
2025-07-08 18:00,3315.00,3317.10,3309.10,3313.90,6538
2025-07-08 19:00,3314.20,3314.90,3311.70,3312.70,2442
2025-07-08 20:00,3312.10,3313.00,3308.60,3311.00,2061
2025-07-08 22:00,3310.60,3313.00,3308.60,3310.00,0
2025-07-08 23:00,3310.10,3312.40,3305.20,3310.40,3389
2025-07-09 00:00,3310.70,3316.50,3309.90,3315.90,3680
2025-07-09 01:00,3315.80,3316.10,3308.00,3310.90,5791
2025-07-09 02:00,3310.50,3311.80,3293.30,3297.00,6818
2025-07-09 03:00,3296.70,3302.90,3293.40,3301.40,4843
2025-07-09 04:00,3301.60,3304.70,3299.30,3302.10,1959
2025-07-09 05:00,3302.30,3306.20,3297.30,3297.70,4359
2025-07-09 06:00,3297.80,3301.30,3293.50,3300.70,5655
2025-07-09 07:00,3300.60,3304.30,3298.20,3300.00,6248
2025-07-09 08:00,3300.10,3300.90,3290.20,3292.70,6347
2025-07-09 09:00,3292.70,3298.60,3292.10,3297.10,3944
2025-07-09 10:00,3297.10,3304.30,3295.90,3303.60,4263
2025-07-09 11:00,3303.70,3304.10,3291.10,3292.80,6428
2025-07-09 12:00,3292.90,3306.00,3292.90,3305.00,9873
2025-07-09 13:00,3305.00,3313.70,3299.90,3310.90,17199
2025-07-09 14:00,3309.30,3321.70,3308.70,3321.00,19149
2025-07-09 15:00,3320.40,3320.50,3314.90,3318.40,8525
2025-07-09 16:00,3318.30,3322.20,3316.50,3320.70,5572
2025-07-09 17:00,3320.50,3323.60,3316.80,3318.20,19174
2025-07-09 18:00,3318.10,3322.50,3316.30,3319.70,3950
2025-07-09 19:00,3320.00,3325.50,3319.30,3324.30,5102
2025-07-09 20:00,3324.50,3324.50,3320.40,3322.50,1905
2025-07-09 22:00,3322.20,3328.80,3321.40,3327.50,0
2025-07-09 23:00,3327.50,3327.70,3323.40,3325.40,1914
2025-07-10 00:00,3325.20,3330.10,3323.80,3325.60,4210
2025-07-10 01:00,3325.40,3334.70,3324.10,3330.50,6508
2025-07-10 02:00,3330.70,3332.20,3326.60,3327.60,3787
2025-07-10 03:00,3327.70,3329.10,3324.20,3324.40,3678
2025-07-10 04:00,3324.30,3330.90,3323.50,3330.40,2562
2025-07-10 05:00,3330.40,3333.70,3329.10,3329.70,3808
2025-07-10 06:00,3329.70,3336.90,3329.00,3333.70,5882
2025-07-10 07:00,3333.60,3338.00,3328.20,3329.40,6090
2025-07-10 08:00,3329.60,3338.80,3328.10,3337.20,4661
2025-07-10 09:00,3337.30,3338.70,3331.60,3335.20,4441
2025-07-10 10:00,3335.30,3337.60,3330.80,3334.20,4598
2025-07-10 11:00,3334.20,3339.40,3326.90,3329.20,8948
2025-07-10 12:00,3329.10,3335.10,3326.80,3332.90,9846
2025-07-10 13:00,3332.90,3339.00,3321.10,3322.10,18616
2025-07-10 14:00,3322.00,3330.90,3319.20,3323.70,13628
2025-07-10 15:00,3323.60,3330.50,3323.30,3329.80,9328
2025-07-10 16:00,3328.50,3329.40,3320.90,3324.20,6036
2025-07-10 17:00,3324.00,3327.60,3323.70,3326.40,18210
2025-07-10 18:00,3326.10,3330.80,3325.10,3330.30,3570
2025-07-10 19:00,3330.40,3334.80,3330.30,3334.00,4312
2025-07-10 20:00,3334.20,3334.70,3332.60,3333.00,1547
2025-07-10 22:00,3333.10,3335.80,3332.30,3333.40,0
2025-07-10 23:00,3333.30,3336.50,3332.90,3333.70,1825
2025-07-11 00:00,3333.60,3347.20,3333.50,3343.50,8460
2025-07-11 01:00,3343.60,3344.40,3335.90,3340.00,7607
2025-07-11 02:00,3340.10,3346.00,3338.10,3343.40,4106
2025-07-11 03:00,3343.60,3346.90,3342.80,3344.80,2740
2025-07-11 04:00,3344.60,3346.70,3340.50,3342.30,2695
2025-07-11 05:00,3342.60,3355.00,3342.60,3346.20,8187
2025-07-11 06:00,3346.20,3355.20,3342.50,3343.00,9104
2025-07-11 07:00,3343.10,3352.70,3341.80,3352.10,7065
2025-07-11 08:00,3352.30,3354.50,3342.10,3342.50,10495
2025-07-11 09:00,3342.80,3350.90,3342.30,3350.30,5794
2025-07-11 10:00,3350.70,3359.90,3350.70,3355.90,9119
2025-07-11 11:00,3356.00,3362.00,3353.10,3358.70,7238
2025-07-11 12:00,3358.90,3369.20,3355.60,3367.00,17463
2025-07-11 13:00,3367.10,3371.40,3361.70,3363.50,20618
2025-07-11 14:00,3363.80,3377.50,3362.60,3374.10,17396
2025-07-11 15:00,3374.20,3381.60,3371.90,3374.50,19688
2025-07-11 16:00,3374.40,3375.40,3367.20,3368.40,11807
2025-07-11 17:00,3368.30,3368.80,3363.10,3367.40,20496
2025-07-11 18:00,3367.50,3372.80,3367.30,3370.40,5308
2025-07-11 19:00,3370.60,3374.10,3370.00,3371.60,4179
2025-07-11 20:00,3371.70,3373.40,3368.40,3370.60,2520
2025-07-14 04:00,3371.20,3376.00,3369.30,3373.90,0
2025-07-14 05:00,3373.80,3374.50,3367.00,3370.60,3943
2025-07-14 06:00,3370.90,3382.00,3369.50,3381.70,5755
2025-07-14 07:00,3381.60,3386.20,3378.50,3382.70,8628
2025-07-14 08:00,3382.70,3383.40,3376.10,3376.80,4704
2025-07-14 09:00,3376.80,3382.40,3375.30,3381.90,4214
2025-07-14 10:00,3382.10,3386.40,3380.70,3382.90,5864
2025-07-14 11:00,3383.00,3383.90,3374.10,3374.40,6246
2025-07-14 12:00,3374.20,3376.70,3357.80,3358.60,17646
2025-07-14 13:00,3358.70,3367.00,3355.40,3363.30,14115
2025-07-14 14:00,3363.00,3364.20,3348.50,3351.10,22221
2025-07-14 15:00,3351.10,3357.40,3350.40,3352.70,14000
2025-07-14 16:00,3352.70,3357.10,3350.60,3355.60,9434
2025-07-14 17:00,3355.60,3360.10,3355.30,3359.20,18001
2025-07-14 18:00,3359.30,3359.80,3356.50,3357.80,3475
2025-07-14 19:00,3357.90,3359.20,3352.40,3353.20,5252
2025-07-14 20:00,3353.40,3354.50,3350.10,3352.10,1854
2025-07-14 22:00,3352.00,3354.10,3349.60,3354.00,0
2025-07-14 23:00,3353.80,3355.20,3352.10,3354.20,1133
2025-07-15 00:00,3354.10,3358.20,3353.60,3356.80,2258
2025-07-15 01:00,3356.80,3359.20,3354.60,3355.30,2762
2025-07-15 02:00,3355.30,3361.20,3354.80,3359.50,5693
2025-07-15 03:00,3359.70,3367.40,3359.40,3366.80,4217
2025-07-15 04:00,3367.10,3370.80,3366.90,3369.50,4554
2025-07-15 05:00,3369.90,3374.70,3369.90,3371.30,4379
2025-07-15 06:00,3371.10,3373.20,3366.50,3367.00,6213
2025-07-15 07:00,3367.30,3373.80,3366.30,3372.90,4685
2025-07-15 08:00,3372.80,3374.30,3365.40,3369.50,8699
2025-07-15 09:00,3369.40,3373.40,3367.50,3372.40,5165
2025-07-15 10:00,3372.70,3375.40,3370.40,3370.60,3728
2025-07-15 11:00,3370.70,3371.10,3362.80,3363.60,5625
2025-07-15 12:00,3363.50,3369.80,3355.00,3357.30,16939
2025-07-15 13:00,3357.60,3360.60,3341.50,3355.10,24821
2025-07-15 14:00,3355.00,3360.50,3350.60,3355.60,13147
2025-07-15 15:00,3355.60,3357.80,3332.50,3336.50,25985
2025-07-15 16:00,3336.30,3337.70,3327.30,3336.50,16880
2025-07-15 17:00,3336.40,3338.50,3332.40,3334.80,10083
2025-07-15 18:00,3334.90,3338.40,3332.50,3335.40,4011
2025-07-15 19:00,3336.10,3337.80,3333.10,3336.50,2779
2025-07-15 20:00,3337.50,3337.60,3330.10,3330.50,2209
2025-07-15 22:00,3330.50,3333.70,3329.40,3332.60,0
2025-07-15 23:00,3333.00,3338.80,3332.50,3337.70,1968
2025-07-16 00:00,3337.70,3339.40,3335.10,3337.00,2782
2025-07-16 01:00,3336.80,3340.90,3335.20,3336.90,4009
2025-07-16 02:00,3337.10,3337.70,3331.50,3332.50,6153
2025-07-16 03:00,3332.40,3341.90,3332.40,3341.30,3585
2025-07-16 04:00,3340.90,3345.40,3339.20,3345.10,4068
2025-07-16 05:00,3345.10,3346.40,3342.00,3344.50,2655
2025-07-16 06:00,3344.60,3348.80,3344.00,3346.10,4997
2025-07-16 07:00,3346.00,3346.60,3342.20,3344.60,4136
2025-07-16 08:00,3344.60,3349.50,3344.40,3348.80,4506
2025-07-16 09:00,3348.70,3349.80,3346.00,3347.10,3623
2025-07-16 10:00,3347.10,3347.60,3341.20,3342.30,4557
2025-07-16 11:00,3342.10,3347.70,3340.90,3346.40,6427
2025-07-16 12:00,3346.40,3348.40,3337.80,3342.00,16586
2025-07-16 13:00,3341.80,3346.50,3328.80,3333.90,16626
2025-07-16 14:00,3333.60,3350.20,3326.10,3345.40,27395
2025-07-16 15:00,3345.30,3385.80,3342.80,3350.40,81844
2025-07-16 16:00,3350.50,3363.00,3346.00,3356.10,17618
2025-07-16 17:00,3356.00,3364.50,3355.70,3362.10,7979
2025-07-16 18:00,3362.00,3364.60,3356.30,3357.40,4417
2025-07-16 19:00,3356.80,3357.20,3353.30,3354.30,3721
2025-07-16 20:00,3354.50,3356.40,3353.40,3354.20,1587
2025-07-16 22:00,3354.70,3358.20,3353.90,3355.40,0
2025-07-16 23:00,3355.30,3356.20,3350.60,3352.00,1403
2025-07-17 00:00,3351.70,3352.80,3345.50,3346.60,3216
2025-07-17 01:00,3346.60,3350.70,3342.70,3350.20,4361
2025-07-17 02:00,3350.10,3351.00,3343.50,3347.30,4243
2025-07-17 03:00,3347.30,3348.80,3342.50,3347.70,2878
2025-07-17 04:00,3347.50,3351.00,3344.60,3349.00,2250
2025-07-17 05:00,3348.90,3349.10,3342.30,3345.40,4383
2025-07-17 06:00,3345.50,3346.00,3334.30,3341.30,9936
2025-07-17 07:00,3341.20,3341.80,3330.30,3331.40,7829
2025-07-17 08:00,3331.40,3337.60,3331.10,3334.00,5176
2025-07-17 09:00,3333.90,3337.80,3330.40,3331.20,4318
2025-07-17 10:00,3331.40,3337.00,3330.00,3331.00,5271
2025-07-17 11:00,3330.90,3334.20,3327.50,3329.50,7459
2025-07-17 12:00,3329.50,3333.90,3314.30,3318.20,29361
2025-07-17 13:00,3318.10,3326.70,3316.10,3323.70,20566
2025-07-17 14:00,3323.60,3341.20,3323.30,3340.00,14324
2025-07-17 15:00,3340.00,3343.90,3336.70,3342.30,9485
2025-07-17 16:00,3342.40,3345.50,3340.60,3344.10,7972
2025-07-17 17:00,3344.20,3346.50,3341.60,3342.80,7134
2025-07-17 18:00,3342.90,3344.30,3340.90,3343.80,2073
2025-07-17 19:00,3343.90,3346.20,3343.40,3345.20,2314
2025-07-17 20:00,3345.50,3345.80,3343.00,3345.40,1276
2025-07-17 22:00,3347.50,3350.20,3344.50,3349.10,0
2025-07-17 23:00,3349.30,3349.60,3345.00,3345.60,1285
2025-07-18 00:00,3345.70,3347.10,3343.30,3345.20,1675
2025-07-18 01:00,3345.50,3348.90,3340.50,3343.00,3523
2025-07-18 02:00,3343.00,3350.30,3342.20,3343.80,4208
2025-07-18 03:00,3343.80,3344.60,3340.10,3341.10,2017
2025-07-18 04:00,3340.60,3342.70,3339.50,3342.70,2509
2025-07-18 05:00,3342.50,3345.80,3338.80,3338.80,3984
2025-07-18 06:00,3338.80,3348.60,3337.20,3347.90,5717
2025-07-18 07:00,3347.90,3356.20,3346.60,3355.90,5837
2025-07-18 08:00,3356.00,3356.60,3352.20,3352.90,4550
2025-07-18 09:00,3353.10,3361.00,3352.90,3358.00,5795
2025-07-18 10:00,3358.10,3358.60,3353.70,3357.20,4605
2025-07-18 11:00,3357.10,3364.30,3356.70,3360.70,6623
2025-07-18 12:00,3360.70,3368.00,3360.50,3366.60,10809
2025-07-18 13:00,3366.70,3367.20,3358.40,3362.00,11547
2025-07-18 14:00,3362.00,3366.00,3357.50,3361.50,8849
2025-07-18 15:00,3360.40,3363.00,3358.60,3360.40,6302
2025-07-18 16:00,3360.40,3363.90,3357.50,3360.00,6266
2025-07-18 17:00,3360.20,3360.20,3356.90,3358.50,5596
2025-07-18 18:00,3358.60,3359.70,3356.40,3357.40,2298
2025-07-18 19:00,3357.60,3358.90,3353.30,3354.00,3581
2025-07-18 20:00,3353.90,3357.60,3353.40,3355.50,2057
2025-07-20 22:00,3353.00,3354.60,3351.00,3354.30,1600
2025-07-20 23:00,3354.20,3355.50,3351.50,3355.20,1410
2025-07-21 00:00,3355.30,3360.70,3353.80,3358.40,3079
2025-07-21 01:00,3358.20,3365.20,3358.00,3362.80,4387
2025-07-21 02:00,3362.90,3363.90,3358.50,3360.50,2864
2025-07-21 03:00,3360.50,3363.20,3360.00,3361.10,1420
2025-07-21 04:00,3358.30,3365.00,3357.10,3364.10,3670
2025-07-21 05:00,3363.90,3376.90,3363.70,3374.00,12039
2025-07-21 06:00,3374.00,3378.30,3372.60,3375.60,6448
2025-07-21 07:00,3375.60,3378.20,3371.40,3372.10,5450
2025-07-21 08:00,3372.10,3374.50,3370.50,3373.50,5148
2025-07-21 09:00,3373.60,3374.40,3370.40,3373.70,3453
2025-07-21 10:00,3373.90,3375.80,3370.30,3373.10,3458
2025-07-21 11:00,3373.30,3383.40,3372.30,3383.10,8729
2025-07-21 12:00,3382.90,3397.10,3382.20,3395.40,22112
2025-07-21 13:00,3395.40,3405.70,3392.70,3400.90,27510
2025-07-21 14:00,3400.30,3416.50,3399.00,3413.70,27397
2025-07-21 15:00,3413.80,3416.90,3410.10,3411.10,17118
2025-07-21 16:00,3411.20,3413.10,3407.80,3409.80,8470
2025-07-21 17:00,3410.00,3410.10,3405.70,3407.60,7407
2025-07-21 18:00,3407.50,3409.30,3406.20,3408.20,3924
2025-07-21 19:00,3408.30,3412.40,3407.90,3409.80,4746
2025-07-21 20:00,3409.90,3411.50,3409.40,3410.30,2096
2025-07-21 22:00,3410.70,3414.80,3410.50,3412.90,0
2025-07-21 23:00,3413.00,3416.30,3408.40,3410.90,3751
2025-07-22 00:00,3411.10,3411.20,3406.60,3407.90,4687
2025-07-22 01:00,3408.20,3409.00,3399.60,3400.90,7712
2025-07-22 02:00,3400.80,3405.80,3400.20,3405.70,4142
2025-07-22 03:00,3405.60,3406.60,3401.90,3405.60,3654
2025-07-22 04:00,3405.60,3405.60,3401.00,3404.50,3506
2025-07-22 05:00,3404.50,3405.20,3398.60,3399.50,4234
2025-07-22 06:00,3399.40,3401.20,3396.60,3397.40,4734
2025-07-22 07:00,3397.30,3399.30,3395.40,3399.30,5439
2025-07-22 08:00,3399.30,3402.70,3398.00,3400.90,5607
2025-07-22 09:00,3400.80,3402.10,3394.90,3396.30,9221
2025-07-22 10:00,3396.40,3398.70,3396.10,3396.40,2514
2025-07-22 11:00,3396.50,3401.40,3396.00,3401.10,7407
2025-07-22 12:00,3401.10,3419.80,3400.70,3419.30,26415
2025-07-22 13:00,3419.30,3433.10,3418.10,3423.10,37840
2025-07-22 14:00,3423.10,3442.00,3415.70,3440.00,32704
2025-07-22 15:00,3439.90,3446.50,3437.60,3439.70,16061
2025-07-22 16:00,3441.10,3447.50,3440.30,3446.30,13390
2025-07-22 17:00,3446.20,3447.00,3440.00,3442.60,10776
2025-07-22 18:00,3442.80,3444.30,3441.00,3442.20,3912
2025-07-22 19:00,3442.10,3444.80,3441.50,3443.90,4299
2025-07-22 20:00,3443.90,3445.20,3440.60,3444.00,4299
2025-07-22 22:00,3444.30,3445.20,3441.30,3441.80,0
2025-07-22 23:00,3442.10,3446.90,3438.30,3439.40,3811
2025-07-23 00:00,3439.30,3451.70,3439.00,3442.20,8231
2025-07-23 01:00,3442.10,3443.60,3434.90,3435.10,9263
2025-07-23 02:00,3435.10,3438.90,3433.30,3436.90,4879
2025-07-23 03:00,3436.80,3442.70,3436.80,3437.50,4170
2025-07-23 04:00,3436.80,3438.70,3435.10,3436.70,2842
2025-07-23 05:00,3436.80,3436.90,3429.80,3434.00,5812
2025-07-23 06:00,3434.50,3438.80,3433.20,3438.00,6248
2025-07-23 07:00,3437.80,3443.10,3433.50,3434.30,8881
2025-07-23 08:00,3434.40,3440.80,3434.10,3440.30,11243
2025-07-23 09:00,3440.20,3445.80,3440.10,3444.20,6498
2025-07-23 10:00,3444.20,3444.60,3433.40,3435.20,10184
2025-07-23 11:00,3435.20,3442.80,3432.40,3440.50,8741
2025-07-23 12:00,3440.50,3442.00,3429.40,3429.90,14348
2025-07-23 13:00,3429.80,3430.50,3414.60,3422.70,38508
2025-07-23 14:00,3422.70,3430.00,3419.90,3422.90,18864
2025-07-23 15:00,3422.80,3425.80,3406.30,3406.30,19866
2025-07-23 16:00,3406.50,3406.50,3390.60,3396.20,46552
2025-07-23 17:00,3396.10,3404.00,3394.10,3402.30,13047
2025-07-23 18:00,3402.30,3405.00,3400.60,3402.70,4286
2025-07-23 19:00,3402.80,3405.20,3399.20,3400.40,4690
2025-07-23 20:00,3400.50,3400.70,3396.60,3397.50,2893
2025-07-23 22:00,3398.60,3401.10,3394.90,3395.30,0
2025-07-23 23:00,3395.30,3399.20,3394.90,3397.10,1932
2025-07-24 00:00,3397.20,3400.30,3395.50,3399.10,2672
2025-07-24 01:00,3399.20,3400.30,3389.80,3392.90,7536
2025-07-24 02:00,3393.00,3394.20,3385.50,3388.80,8700
2025-07-24 03:00,3388.90,3390.80,3379.10,3388.80,6689
2025-07-24 04:00,3388.50,3390.00,3385.80,3387.40,2234
2025-07-24 05:00,3387.50,3387.70,3380.70,3385.20,5034
2025-07-24 06:00,3385.30,3385.60,3376.40,3381.10,6393
2025-07-24 07:00,3381.10,3383.20,3370.70,3372.60,9544
2025-07-24 08:00,3372.60,3379.40,3370.10,3374.50,9874
2025-07-24 09:00,3374.20,3375.10,3366.90,3368.80,9364
2025-07-24 10:00,3368.80,3372.60,3367.30,3368.70,5429
2025-07-24 11:00,3368.90,3371.10,3365.40,3366.40,7114
2025-07-24 12:00,3366.30,3370.00,3356.20,3357.30,21671
2025-07-24 13:00,3357.40,3375.90,3355.20,3370.60,28343
2025-07-24 14:00,3370.60,3381.20,3369.70,3377.70,20724
2025-07-24 15:00,3377.50,3378.90,3374.00,3375.60,17622
2025-07-24 16:00,3375.60,3376.90,3369.80,3369.90,9001
2025-07-24 17:00,3369.80,3374.80,3369.00,3372.70,11954
2025-07-24 18:00,3372.70,3376.50,3370.00,3375.00,6162
2025-07-24 19:00,3374.90,3376.50,3373.80,3374.30,2809
2025-07-24 20:00,3374.40,3374.70,3370.70,3371.30,3020
2025-07-24 22:00,3372.10,3372.70,3367.60,3370.50,0
2025-07-24 23:00,3370.30,3373.70,3368.30,3371.80,1855
2025-07-25 00:00,3371.70,3376.60,3370.70,3375.20,2700
2025-07-25 01:00,3375.30,3375.80,3368.80,3372.50,3863
2025-07-25 02:00,3372.30,3372.50,3364.10,3364.70,4568
2025-07-25 03:00,3364.60,3365.20,3361.40,3361.50,4134
2025-07-25 04:00,3360.90,3365.60,3360.10,3363.10,3553
2025-07-25 05:00,3363.20,3364.70,3357.20,3360.50,4032
2025-07-25 06:00,3360.40,3361.70,3356.60,3361.00,7214
2025-07-25 07:00,3360.90,3362.30,3354.60,3356.10,6699
2025-07-25 08:00,3356.20,3357.70,3345.50,3347.20,9627
2025-07-25 09:00,3347.10,3351.40,3345.30,3348.00,6666
2025-07-25 10:00,3348.00,3350.10,3342.20,3344.20,6844
2025-07-25 11:00,3344.40,3346.50,3339.80,3342.10,7987
2025-07-25 12:00,3342.10,3345.80,3336.20,3341.90,16882
2025-07-25 13:00,3341.80,3348.70,3337.50,3345.20,22075
2025-07-25 14:00,3345.10,3346.40,3331.20,3333.10,26862
2025-07-25 15:00,3332.90,3336.30,3325.50,3328.20,25437
2025-07-25 16:00,3328.10,3332.00,3326.50,3330.20,8878
2025-07-25 17:00,3330.20,3337.60,3330.10,3336.60,9032
2025-07-25 18:00,3336.70,3340.40,3336.40,3339.90,4465
2025-07-25 19:00,3339.90,3341.20,3338.60,3339.20,4259
2025-07-25 20:00,3339.10,3340.00,3337.30,3338.50,2786
2025-07-28 00:00,3334.40,3334.90,3327.40,3333.50,2687
2025-07-28 01:00,3333.40,3339.30,3329.80,3331.50,5989
2025-07-28 02:00,3331.50,3336.60,3330.00,3335.50,2893
2025-07-28 03:00,3335.40,3343.00,3334.50,3342.30,2773
2025-07-28 04:00,3343.00,3344.00,3339.60,3339.60,2495
2025-07-28 05:00,3339.90,3343.90,3337.80,3343.30,2727
2025-07-28 06:00,3343.30,3345.40,3335.60,3339.90,5289
2025-07-28 07:00,3340.10,3341.90,3333.40,3334.60,5850
2025-07-28 08:00,3334.60,3338.50,3331.20,3335.10,7299
2025-07-28 09:00,3335.30,3340.80,3335.00,3337.70,7794
2025-07-28 10:00,3337.60,3338.60,3333.50,3336.10,6829
2025-07-28 11:00,3336.20,3338.10,3334.40,3336.10,4719
2025-07-28 12:00,3336.30,3338.10,3325.00,3328.00,13964
2025-07-28 13:00,3328.00,3330.40,3300.30,3300.70,29563
2025-07-28 14:00,3300.70,3314.20,3300.00,3306.50,23769
2025-07-28 15:00,3306.30,3316.30,3305.20,3314.10,10109
2025-07-28 16:00,3314.00,3314.10,3310.00,3311.30,6877
2025-07-28 17:00,3311.30,3312.70,3307.90,3309.70,9668
2025-07-28 18:00,3309.50,3314.90,3308.90,3312.50,5687
2025-07-28 19:00,3312.60,3317.40,3311.30,3316.50,4236
2025-07-28 20:00,3316.30,3317.90,3313.50,3314.00,3824
2025-07-28 22:00,3313.40,3313.80,3308.70,3311.50,0
2025-07-28 23:00,3311.60,3312.30,3308.30,3310.50,1565
2025-07-29 00:00,3310.30,3313.50,3305.80,3309.30,2172
2025-07-29 01:00,3309.50,3318.80,3306.30,3316.70,2706
2025-07-29 02:00,3316.80,3318.50,3315.80,3317.20,1275
2025-07-29 03:00,3317.10,3317.10,3309.30,3311.10,1504
2025-07-29 04:00,3311.20,3315.40,3307.40,3314.40,1342
2025-07-29 05:00,3314.50,3318.00,3312.20,3317.70,1572
2025-07-29 06:00,3317.70,3320.30,3314.10,3314.70,4150
2025-07-29 07:00,3314.90,3316.60,3309.30,3315.60,3976
2025-07-29 08:00,3315.80,3328.00,3315.30,3324.30,5448
2025-07-29 09:00,3323.90,3326.80,3319.20,3323.20,6464
2025-07-29 10:00,3323.10,3324.50,3320.30,3320.40,2237
2025-07-29 11:00,3320.60,3320.60,3312.80,3313.40,5298
2025-07-29 12:00,3313.50,3322.70,3313.50,3321.60,10284
2025-07-29 13:00,3321.60,3322.60,3309.90,3315.40,15594
2025-07-29 14:00,3315.30,3328.10,3312.50,3325.60,9766
2025-07-29 15:00,3325.60,3332.30,3317.30,3318.40,13646
2025-07-29 16:00,3318.50,3322.60,3316.30,3321.00,6910
2025-07-29 17:00,3321.10,3327.20,3320.70,3326.20,4972
2025-07-29 18:00,3326.30,3328.60,3323.40,3323.80,1614
2025-07-29 19:00,3324.10,3327.50,3321.30,3323.70,2288
2025-07-29 20:00,3323.40,3325.90,3323.30,3325.30,1481
2025-07-29 22:00,3325.80,3327.10,3324.80,3326.20,0
2025-07-29 23:00,3326.10,3326.30,3325.00,3326.30,161
2025-07-30 00:00,3326.10,3330.80,3325.80,3327.50,401
2025-07-30 01:00,3326.30,3330.70,3320.00,3321.60,580
2025-07-30 02:00,3321.50,3330.00,3321.50,3327.30,481
2025-07-30 03:00,3326.60,3327.20,3323.40,3326.40,344
2025-07-30 04:00,3325.20,3327.20,3323.80,3324.30,235
2025-07-30 05:00,3324.50,3328.00,3322.00,3322.00,345
2025-07-30 06:00,3321.70,3324.30,3320.10,3324.00,449
2025-07-30 07:00,3323.60,3386.40,3322.80,3383.00,25227
2025-07-30 08:00,3383.20,3388.20,3325.60,3386.90,4364
2025-07-30 09:00,3329.30,3389.30,3327.40,3386.60,5150
2025-07-30 10:00,3386.70,3387.90,3324.20,3383.00,8780
2025-07-30 11:00,3382.90,3386.40,3321.40,3385.40,6999
2025-07-30 12:00,3385.50,3386.30,3324.70,3367.10,15975
2025-07-30 13:00,3367.20,3369.90,3352.10,3356.90,28850
2025-07-30 14:00,3356.80,3362.50,3355.10,3355.90,15575
2025-07-30 15:00,3355.90,3357.10,3342.30,3344.40,19078
2025-07-30 16:00,3344.30,3352.70,3343.70,3352.20,9892
2025-07-30 17:00,3352.40,3355.40,3352.00,3354.90,9100
2025-07-30 18:00,3354.40,3358.50,3332.20,3332.30,23696
2025-07-30 19:00,3332.30,3334.90,3319.20,3322.10,19911
2025-07-30 20:00,3322.00,3328.50,3321.10,3327.90,4111
2025-07-30 22:00,3327.50,3331.00,3324.40,3329.90,0
2025-07-30 23:00,3329.60,3336.40,3328.70,3335.80,2602
2025-07-31 00:00,3335.80,3338.60,3332.60,3337.00,3677
2025-07-31 01:00,3337.00,3343.80,3335.40,3343.40,5613
2025-07-31 02:00,3343.70,3347.40,3340.50,3346.90,4295
2025-07-31 03:00,3347.10,3348.40,3343.70,3344.20,3273
2025-07-31 04:00,3344.40,3348.10,3343.40,3347.90,1643
2025-07-31 05:00,3347.80,3351.90,3344.30,3349.10,3278
2025-07-31 06:00,3349.10,3355.40,3347.60,3350.10,8073
2025-07-31 07:00,3350.20,3360.90,3348.90,3356.10,8458
2025-07-31 08:00,3356.20,3366.70,3355.20,3362.10,8043
2025-07-31 09:00,3362.10,3365.50,3357.10,3358.80,7507
2025-07-31 10:00,3358.50,3360.40,3345.50,3348.30,6030
2025-07-31 11:00,3348.50,3360.40,3347.60,3358.90,8763
2025-07-31 12:00,3358.70,3364.10,3356.60,3360.40,10227
2025-07-31 13:00,3360.40,3362.80,3352.80,3353.50,18333
2025-07-31 14:00,3353.40,3356.30,3344.60,3349.70,17408
2025-07-31 15:00,3346.50,3352.00,3343.40,3348.10,10625
2025-07-31 16:00,3348.00,3350.20,3342.00,3347.70,9172
2025-07-31 17:00,3347.70,3351.40,3346.80,3347.70,8494
2025-07-31 18:00,3347.70,3349.60,3345.40,3348.30,2212
2025-07-31 19:00,3348.20,3348.90,3342.70,3344.20,3009
2025-07-31 20:00,3344.20,3346.40,3341.90,3342.30,1861
2025-07-31 22:00,3342.70,3346.90,3340.40,3346.10,0
2025-07-31 23:00,3346.30,3346.30,3339.50,3340.10,2233
2025-08-01 00:00,3340.00,3344.40,3337.40,3340.70,3745
2025-08-01 01:00,3340.70,3344.20,3331.40,3333.50,5968
2025-08-01 02:00,3333.40,3342.20,3332.90,3341.70,4113
2025-08-01 03:00,3341.80,3347.70,3340.80,3341.20,3244
2025-08-01 04:00,3341.90,3345.80,3340.20,3343.20,3837
2025-08-01 05:00,3343.10,3352.00,3342.90,3348.40,3599
2025-08-01 06:00,3348.10,3349.30,3341.80,3343.60,4386
2025-08-01 07:00,3343.80,3344.70,3336.00,3337.70,5267
2025-08-01 08:00,3337.60,3345.20,3336.10,3345.10,4217
2025-08-01 09:00,3345.20,3348.30,3343.90,3346.00,4974
2025-08-01 10:00,3346.20,3355.30,3344.80,3350.50,5334
2025-08-01 11:00,3350.70,3353.70,3348.80,3352.20,5047
2025-08-01 12:00,3352.40,3398.60,3349.40,3394.30,43449
2025-08-01 13:00,3394.10,3408.40,3392.00,3395.20,39626
2025-08-01 14:00,3395.40,3408.60,3394.60,3399.10,25110
2025-08-01 15:00,3399.30,3404.00,3394.80,3401.30,14849
2025-08-01 16:00,3401.20,3402.00,3392.20,3399.70,12382
2025-08-01 17:00,3399.50,3401.60,3397.70,3400.10,8335
2025-08-01 18:00,3400.20,3403.80,3397.80,3400.20,5455
2025-08-01 19:00,3400.20,3414.50,3400.10,3410.10,11172
2025-08-01 20:00,3410.10,3416.90,3409.90,3416.00,4393
2025-08-03 22:00,3399.80,3417.80,3399.80,3412.20,2365
2025-08-03 23:00,3412.00,3415.00,3407.40,3414.80,2279
2025-08-04 00:00,3415.10,3415.30,3402.50,3404.60,3713
2025-08-04 01:00,3404.60,3406.20,3397.90,3405.20,5103
2025-08-04 02:00,3405.30,3408.20,3402.90,3406.40,3079
2025-08-04 03:00,3406.60,3413.30,3406.60,3412.50,4648
2025-08-04 04:00,3412.10,3413.80,3410.30,3410.70,2571
2025-08-04 05:00,3410.80,3412.70,3407.30,3409.20,2452
2025-08-04 06:00,3409.30,3415.30,3406.20,3415.30,5302
2025-08-04 07:00,3415.10,3415.20,3405.70,3408.60,6023
2025-08-04 08:00,3408.70,3412.80,3406.60,3411.50,3216
2025-08-04 09:00,3411.40,3414.70,3409.90,3411.00,3534
2025-08-04 10:00,3410.90,3412.20,3405.80,3410.40,3620
2025-08-04 11:00,3410.40,3424.30,3410.30,3424.00,7807
2025-08-04 12:00,3424.00,3424.50,3413.40,3420.60,10128
2025-08-04 13:00,3420.70,3439.50,3419.70,3437.00,22717
2025-08-04 14:00,3437.50,3438.60,3425.70,3427.90,13753
2025-08-04 15:00,3427.80,3430.00,3424.50,3428.40,8082
2025-08-04 16:00,3428.50,3432.40,3424.30,3424.70,7969
2025-08-04 17:00,3424.70,3428.50,3424.30,3428.20,5633
2025-08-04 18:00,3428.20,3431.40,3427.30,3430.40,2572
2025-08-04 19:00,3430.20,3431.90,3429.20,3430.50,2305
2025-08-04 20:00,3430.30,3431.40,3428.00,3428.60,1228
2025-08-04 22:00,3428.90,3431.60,3428.00,3429.20,0
2025-08-04 23:00,3429.00,3433.60,3429.00,3431.50,1737
2025-08-05 00:00,3431.50,3434.70,3429.60,3433.60,2160
2025-08-05 01:00,3433.50,3435.90,3431.30,3433.10,3236
2025-08-05 02:00,3433.00,3435.90,3427.80,3428.10,3866
2025-08-05 03:00,3428.00,3430.00,3426.20,3427.60,2704
2025-08-05 04:00,3426.70,3427.40,3424.80,3425.00,1758
2025-08-05 05:00,3424.90,3427.80,3420.90,3427.60,5559
2025-08-05 06:00,3427.60,3427.90,3419.40,3420.40,4600
2025-08-05 07:00,3420.20,3429.10,3420.20,3428.30,8284
2025-08-05 08:00,3428.30,3429.20,3420.40,3420.60,4573
2025-08-05 09:00,3420.50,3420.60,3412.50,3413.20,6895
2025-08-05 10:00,3413.40,3416.00,3406.50,3406.80,7386
2025-08-05 11:00,3406.60,3408.20,3403.30,3405.20,6368
2025-08-05 12:00,3405.00,3420.90,3403.40,3420.20,11443
2025-08-05 13:00,3420.40,3434.50,3419.80,3428.20,16729
2025-08-05 14:00,3428.50,3440.90,3425.00,3439.70,23959
2025-08-05 15:00,3439.70,3444.70,3436.90,3444.00,11928
2025-08-05 16:00,3444.10,3444.90,3431.30,3436.70,11468
2025-08-05 17:00,3436.80,3437.50,3433.40,3434.80,6768
2025-08-05 18:00,3434.90,3436.10,3433.20,3434.30,3787
2025-08-05 19:00,3434.40,3435.50,3432.30,3433.50,2474
2025-08-05 20:00,3433.50,3435.60,3433.20,3435.00,1442
2025-08-05 22:00,3434.90,3436.20,3432.40,3433.80,0
2025-08-05 23:00,3433.70,3438.60,3433.20,3438.10,1866
2025-08-06 00:00,3437.90,3440.50,3435.70,3438.30,3128
2025-08-06 01:00,3438.10,3438.40,3428.40,3431.40,5881
2025-08-06 02:00,3431.30,3433.30,3429.20,3431.30,3787
2025-08-06 03:00,3431.40,3433.60,3429.10,3429.70,2610
2025-08-06 04:00,3429.90,3431.50,3426.70,3427.00,1748
2025-08-06 05:00,3426.90,3429.20,3425.30,3428.70,3294
2025-08-06 06:00,3428.60,3433.70,3427.70,3429.90,4393
2025-08-06 07:00,3429.80,3432.30,3423.10,3428.40,6322
2025-08-06 08:00,3428.20,3429.30,3418.70,3419.10,7103
2025-08-06 09:00,3419.20,3422.00,3411.70,3413.10,6830
2025-08-06 10:00,3412.70,3420.60,3412.30,3418.50,6479
2025-08-06 11:00,3418.30,3422.00,3415.30,3420.00,4314
2025-08-06 12:00,3419.70,3424.00,3414.30,3422.00,9396
2025-08-06 13:00,3422.10,3429.10,3419.60,3427.00,16049
2025-08-06 14:00,3427.20,3435.30,3424.70,3435.30,13907
2025-08-06 15:00,3435.10,3438.10,3426.60,3436.20,16209
2025-08-06 16:00,3436.50,3438.10,3431.40,3435.50,9270
2025-08-06 17:00,3435.50,3438.10,3431.80,3436.30,8326
2025-08-06 18:00,3436.40,3437.10,3430.90,3434.70,5331
2025-08-06 19:00,3434.80,3435.30,3432.60,3434.00,4058
2025-08-06 20:00,3433.90,3434.70,3429.70,3431.80,2452
2025-08-06 22:00,3431.80,3436.80,3430.00,3434.70,0
2025-08-06 23:00,3434.70,3436.50,3432.00,3436.20,3037
2025-08-07 00:00,3436.30,3445.00,3432.60,3441.40,7790
2025-08-07 01:00,3441.40,3446.00,3438.00,3445.40,7230
2025-08-07 02:00,3445.50,3447.00,3440.40,3441.20,5544
2025-08-07 03:00,3441.40,3444.10,3438.40,3443.80,4004
2025-08-07 04:00,3444.00,3447.00,3443.10,3445.00,6177
2025-08-07 05:00,3445.10,3447.90,3438.50,3444.90,7949
2025-08-07 06:00,3445.00,3457.10,3444.60,3456.60,11759
2025-08-07 07:00,3456.80,3470.30,3454.80,3469.10,15928
2025-08-07 08:00,3469.20,3469.60,3445.40,3452.20,20230
2025-08-07 09:00,3452.20,3457.30,3447.30,3450.30,10609
2025-08-07 10:00,3450.40,3451.70,3443.20,3445.00,8498
2025-08-07 11:00,3444.80,3458.10,3443.40,3451.60,9417
2025-08-07 12:00,3451.70,3465.00,3449.10,3454.60,14132
2025-08-07 13:00,3454.70,3463.00,3450.90,3451.40,18434
2025-08-07 14:00,3451.40,3453.70,3436.00,3450.30,34897
2025-08-07 15:00,3450.10,3454.50,3446.00,3453.90,9360
2025-08-07 16:00,3453.90,3456.40,3451.20,3453.90,6430
2025-08-07 17:00,3453.80,3457.00,3450.80,3455.30,10781
2025-08-07 18:00,3455.50,3457.80,3451.30,3452.10,6141
2025-08-07 19:00,3452.30,3468.00,3451.10,3466.80,10253
2025-08-07 20:00,3466.90,3483.80,3465.50,3482.70,12264
2025-08-07 22:00,3487.90,3534.10,3479.50,3488.60,0
2025-08-07 23:00,3488.40,3497.50,3484.50,3496.40,5672
2025-08-08 00:00,3496.40,3514.90,3491.60,3510.20,14541
2025-08-08 01:00,3510.20,3510.50,3486.50,3488.20,16275
2025-08-08 02:00,3488.10,3495.50,3487.80,3488.90,6035
2025-08-08 03:00,3488.80,3489.90,3480.40,3489.10,9207
2025-08-08 04:00,3488.20,3493.50,3487.10,3492.50,4272
2025-08-08 05:00,3492.50,3496.20,3486.90,3487.10,5157
2025-08-08 06:00,3487.00,3502.00,3486.70,3498.50,9994
2025-08-08 07:00,3498.30,3507.10,3487.00,3492.70,16684
2025-08-08 08:00,3493.10,3496.80,3482.10,3482.50,9424
2025-08-08 09:00,3482.50,3494.60,3482.10,3494.10,6001
2025-08-08 10:00,3494.10,3494.10,3470.80,3472.20,9364
2025-08-08 11:00,3472.30,3477.30,3468.60,3475.70,7817
2025-08-08 12:00,3475.50,3506.50,3473.50,3481.20,32807
2025-08-08 13:00,3481.40,3499.00,3476.00,3495.00,22717
2025-08-08 14:00,3494.90,3496.20,3473.80,3492.80,20666
2025-08-08 15:00,3492.70,3495.30,3488.00,3492.30,10217
2025-08-08 16:00,3492.40,3493.20,3486.30,3488.40,9553
2025-08-08 17:00,3488.40,3493.30,3460.10,3464.00,12909
2025-08-08 18:00,3464.00,3468.10,3445.00,3453.80,42878
2025-08-08 19:00,3453.70,3459.70,3448.50,3456.60,12217
2025-08-08 20:00,3456.80,3491.30,3452.10,3491.30,6265
2025-08-10 22:00,3458.10,3491.30,3456.10,3460.10,4365
2025-08-10 23:00,3460.30,3462.00,3454.60,3455.40,2648
2025-08-11 00:00,3455.60,3455.60,3443.10,3443.70,6022
2025-08-11 01:00,3443.90,3447.50,3431.00,3442.20,10755
2025-08-11 02:00,3442.20,3443.30,3432.30,3440.20,6126
2025-08-11 03:00,3440.20,3443.80,3436.80,3440.60,3239
2025-08-11 04:00,3440.20,3440.80,3436.60,3437.00,2207
2025-08-11 05:00,3436.70,3442.70,3434.50,3439.30,4512
2025-08-11 06:00,3439.20,3439.50,3422.20,3425.90,11233
2025-08-11 07:00,3425.60,3425.90,3411.80,3415.10,14185
2025-08-11 08:00,3415.10,3421.10,3413.60,3419.60,9010
2025-08-11 09:00,3419.60,3420.30,3408.20,3409.20,10234
2025-08-11 10:00,3409.20,3419.90,3409.10,3413.40,7119
2025-08-11 11:00,3413.40,3414.20,3404.30,3410.20,11216
2025-08-11 12:00,3410.00,3412.50,3397.30,3411.80,18513
2025-08-11 13:00,3411.50,3418.70,3401.90,3415.00,17242
2025-08-11 14:00,3414.90,3417.60,3398.90,3403.70,17973
2025-08-11 15:00,3403.90,3411.70,3402.30,3409.80,12058
2025-08-11 16:00,3409.90,3410.30,3401.50,3403.20,9359
2025-08-11 17:00,3403.30,3410.00,3399.30,3409.10,23917
2025-08-11 18:00,3409.10,3411.00,3404.10,3406.10,5937
2025-08-11 19:00,3406.30,3407.00,3400.30,3402.00,4252
2025-08-11 20:00,3402.00,3402.70,3393.00,3393.70,4388
2025-08-11 22:00,3393.60,3397.60,3393.00,3397.20,0
2025-08-11 23:00,3397.40,3400.20,3396.70,3399.00,2103
2025-08-12 00:00,3398.90,3406.60,3397.50,3405.20,3836
2025-08-12 01:00,3405.40,3408.70,3398.00,3401.20,6249
2025-08-12 02:00,3401.10,3405.00,3400.80,3403.80,2741
2025-08-12 03:00,3404.00,3406.70,3399.60,3399.80,2739
2025-08-12 04:00,3400.70,3405.90,3399.70,3404.60,2812
2025-08-12 05:00,3404.70,3406.00,3400.70,3404.90,3174
2025-08-12 06:00,3405.00,3405.40,3390.60,3394.90,8123
2025-08-12 07:00,3395.10,3406.30,3393.00,3404.60,7745
2025-08-12 08:00,3404.70,3404.70,3395.00,3397.30,5425
2025-08-12 09:00,3397.40,3401.20,3393.60,3394.60,3762
2025-08-12 10:00,3394.50,3399.60,3392.50,3394.30,6769
2025-08-12 11:00,3394.40,3397.10,3384.40,3396.00,10087
2025-08-12 12:00,3395.90,3406.50,3386.60,3397.90,22546
2025-08-12 13:00,3397.80,3407.70,3389.20,3395.20,26781
2025-08-12 14:00,3395.10,3396.30,3379.10,3387.10,22693
2025-08-12 15:00,3386.90,3410.80,3386.50,3400.30,22483
2025-08-12 16:00,3400.40,3401.10,3396.20,3400.80,8648
2025-08-12 17:00,3400.50,3402.40,3397.20,3399.70,9285
2025-08-12 18:00,3399.70,3401.60,3397.80,3399.10,2886
2025-08-12 19:00,3398.90,3400.80,3395.70,3398.90,4408
2025-08-12 20:00,3398.80,3401.70,3397.10,3399.60,2033
2025-08-12 22:00,3399.60,3404.90,3398.80,3401.80,0
2025-08-12 23:00,3401.70,3403.30,3400.50,3401.40,1723
2025-08-13 00:00,3401.50,3401.70,3392.70,3393.60,3327
2025-08-13 01:00,3393.90,3402.10,3392.90,3401.30,4978
2025-08-13 02:00,3401.30,3405.00,3396.40,3401.70,4846
2025-08-13 03:00,3401.90,3402.50,3398.10,3398.80,2472
2025-08-13 04:00,3398.90,3401.50,3397.40,3400.80,1431
2025-08-13 05:00,3401.00,3401.20,3394.80,3398.80,2856
2025-08-13 06:00,3398.70,3407.80,3398.50,3406.90,5424
2025-08-13 07:00,3406.80,3410.00,3403.20,3403.60,6711
2025-08-13 08:00,3403.50,3413.30,3401.50,3409.60,8315
2025-08-13 09:00,3409.50,3416.80,3407.60,3415.50,6503
2025-08-13 10:00,3415.50,3417.50,3413.70,3416.60,4059
2025-08-13 11:00,3416.70,3417.70,3410.00,3413.50,7988
2025-08-13 12:00,3413.50,3414.90,3406.10,3408.00,9763
2025-08-13 13:00,3407.70,3415.90,3404.10,3414.90,13584
2025-08-13 14:00,3414.90,3422.60,3411.40,3413.70,15121
2025-08-13 15:00,3413.80,3414.40,3405.20,3408.60,9300
2025-08-13 16:00,3408.70,3411.60,3407.30,3408.50,5228
2025-08-13 17:00,3408.50,3410.00,3403.70,3404.70,8101
2025-08-13 18:00,3404.80,3405.30,3400.20,3404.30,5029
2025-08-13 19:00,3404.30,3409.20,3403.10,3408.00,2774
2025-08-13 20:00,3407.90,3408.60,3406.40,3407.00,1261
2025-08-13 22:00,3407.20,3408.50,3406.10,3407.30,0
2025-08-13 23:00,3407.30,3412.70,3407.30,3411.90,1838
2025-08-14 00:00,3412.00,3423.80,3412.00,3418.60,5291
2025-08-14 01:00,3418.30,3420.00,3414.00,3416.40,5513
2025-08-14 02:00,3416.30,3418.30,3410.70,3410.90,2952
2025-08-14 03:00,3410.90,3412.00,3403.70,3408.30,5742
2025-08-14 04:00,3409.60,3410.40,3406.70,3409.20,2297
2025-08-14 05:00,3409.10,3410.40,3404.40,3407.10,2560
2025-08-14 06:00,3406.90,3411.20,3403.90,3410.70,4659
2025-08-14 07:00,3410.80,3415.00,3392.10,3394.40,12111
2025-08-14 08:00,3394.20,3398.00,3389.20,3393.50,10077
2025-08-14 09:00,3393.60,3407.20,3392.20,3404.60,8008
2025-08-14 10:00,3404.80,3407.80,3400.30,3403.30,4133
2025-08-14 11:00,3403.40,3405.70,3400.90,3404.20,4107
2025-08-14 12:00,3404.00,3407.40,3390.50,3399.00,14775
2025-08-14 13:00,3398.90,3404.60,3391.90,3392.30,16548
2025-08-14 14:00,3392.10,3394.90,3381.80,3387.50,21917
2025-08-14 15:00,3387.70,3390.40,3382.00,3388.90,9492
2025-08-14 16:00,3389.10,3389.10,3375.50,3380.30,14504
2025-08-14 17:00,3380.30,3385.00,3377.70,3383.80,7241
2025-08-14 18:00,3383.90,3385.80,3382.30,3384.60,3176
2025-08-14 19:00,3384.50,3388.00,3384.30,3385.30,3139
2025-08-14 20:00,3385.30,3385.80,3381.50,3382.30,1672
2025-08-14 22:00,3383.20,3384.40,3378.20,3379.30,0
2025-08-14 23:00,3379.00,3382.20,3377.70,3381.10,1231
2025-08-15 00:00,3380.90,3384.10,3378.00,3382.70,2495
2025-08-15 01:00,3382.80,3385.40,3378.50,3384.70,3608
2025-08-15 02:00,3385.00,3386.10,3381.70,3385.70,2321
2025-08-15 03:00,3385.80,3391.20,3385.50,3389.70,2518
2025-08-15 04:00,3389.70,3392.80,3389.30,3391.00,3751
2025-08-15 05:00,3390.90,3394.80,3388.00,3389.90,3948
2025-08-15 06:00,3390.10,3390.20,3386.00,3386.20,3368
2025-08-15 07:00,3386.30,3392.80,3385.90,3392.50,5231
2025-08-15 08:00,3392.40,3394.60,3384.50,3387.40,6575
2025-08-15 09:00,3387.40,3391.20,3384.20,3389.40,4703
2025-08-15 10:00,3389.00,3389.20,3382.40,3383.60,4627
2025-08-15 11:00,3383.80,3390.40,3383.20,3388.30,4811
2025-08-15 12:00,3388.40,3391.00,3379.80,3389.30,12520
2025-08-15 13:00,3389.30,3393.10,3379.30,3382.30,14298
2025-08-15 14:00,3382.20,3390.10,3381.90,3387.80,10283
2025-08-15 15:00,3388.00,3391.40,3387.30,3388.30,7050
2025-08-15 16:00,3388.40,3388.40,3382.40,3384.80,6447
2025-08-15 17:00,3385.00,3385.70,3381.60,3382.40,5596
2025-08-15 18:00,3382.50,3384.60,3381.10,3381.80,3010
2025-08-15 19:00,3381.90,3384.60,3379.80,3383.90,3847
2025-08-15 20:00,3383.80,3384.20,3381.00,3382.60,1933
2025-08-17 22:00,3382.40,3384.50,3377.40,3379.40,1577
2025-08-17 23:00,3379.30,3379.30,3368.00,3371.80,5308
2025-08-18 00:00,3372.00,3387.70,3371.50,3385.30,5762
2025-08-18 01:00,3385.20,3392.90,3384.80,3392.50,4668
2025-08-18 02:00,3392.30,3393.50,3387.50,3388.50,2370
2025-08-18 03:00,3388.60,3398.00,3388.50,3392.90,4431
2025-08-18 04:00,3392.90,3403.40,3392.70,3402.80,3694
2025-08-18 05:00,3402.60,3403.60,3392.70,3395.40,5402
2025-08-18 06:00,3395.40,3397.00,3391.20,3394.40,4700
2025-08-18 07:00,3394.60,3400.90,3392.40,3393.80,5284
2025-08-18 08:00,3394.00,3394.90,3389.50,3393.70,4451
2025-08-18 09:00,3393.70,3396.50,3393.10,3393.70,5011
2025-08-18 10:00,3393.60,3397.00,3392.10,3392.20,4663
2025-08-18 11:00,3392.40,3394.70,3390.40,3391.20,2410
2025-08-18 12:00,3391.20,3394.90,3388.30,3389.90,6917
2025-08-18 13:00,3389.80,3390.10,3381.30,3382.50,12108
2025-08-18 14:00,3382.50,3384.50,3377.70,3379.30,12631
2025-08-18 15:00,3379.50,3382.00,3377.10,3380.60,7076
2025-08-18 16:00,3380.70,3380.80,3376.30,3378.90,5663
2025-08-18 17:00,3379.10,3380.70,3376.30,3379.40,4909
2025-08-18 18:00,3379.30,3379.50,3376.90,3377.50,1994
2025-08-18 19:00,3377.60,3379.20,3375.30,3378.30,3041
2025-08-18 20:00,3378.20,3379.00,3377.60,3378.00,1809
2025-08-18 21:00,3378.00,3378.00,3378.00,3378.00,1
2025-08-18 22:00,3378.30,3379.90,3377.70,3379.50,0
2025-08-18 23:00,3379.50,3379.90,3375.60,3376.10,1842
2025-08-19 00:00,3376.10,3383.90,3370.60,3379.30,6134
2025-08-19 01:00,3379.40,3380.00,3374.20,3376.70,4245
2025-08-19 02:00,3376.60,3381.50,3373.40,3381.30,2996
2025-08-19 03:00,3381.30,3384.90,3380.50,3381.10,3121
2025-08-19 04:00,3381.20,3382.00,3378.40,3381.60,2287
2025-08-19 05:00,3381.50,3385.10,3379.90,3380.30,3100
2025-08-19 06:00,3380.30,3382.60,3378.20,3380.10,3097
2025-08-19 07:00,3380.10,3386.20,3378.90,3384.80,5508
2025-08-19 08:00,3384.80,3385.20,3380.60,3382.40,2825
2025-08-19 09:00,3382.50,3383.90,3380.80,3383.70,2746
2025-08-19 10:00,3383.80,3389.70,3383.50,3387.90,4762
2025-08-19 11:00,3387.90,3389.50,3383.60,3384.40,5075
2025-08-19 12:00,3384.30,3385.20,3379.00,3379.40,8211
2025-08-19 13:00,3379.40,3383.70,3369.10,3377.90,18338
2025-08-19 14:00,3377.70,3381.30,3364.40,3369.30,18079
2025-08-19 15:00,3369.40,3370.90,3365.20,3366.50,9606
2025-08-19 16:00,3366.50,3368.40,3360.70,3361.10,8962
2025-08-19 17:00,3361.20,3364.10,3358.10,3361.10,8675
2025-08-19 18:00,3361.10,3363.50,3360.20,3361.70,2621
2025-08-19 19:00,3361.80,3362.20,3359.40,3359.80,3300
2025-08-19 20:00,3359.70,3360.70,3358.10,3358.90,2496
2025-08-19 22:00,3359.00,3360.50,3358.10,3359.30,0
2025-08-19 23:00,3359.10,3359.30,3355.40,3356.80,2376
2025-08-20 00:00,3356.50,3359.30,3355.00,3358.40,4228
2025-08-20 01:00,3358.20,3360.10,3353.40,3357.50,5912
2025-08-20 02:00,3357.30,3359.20,3354.20,3356.00,3880
2025-08-20 03:00,3355.90,3360.90,3355.90,3359.60,2778
2025-08-20 04:00,3359.90,3363.50,3359.50,3360.80,2373
2025-08-20 05:00,3360.80,3366.50,3360.30,3365.90,2871
2025-08-20 06:00,3366.00,3368.50,3364.80,3365.60,4563
2025-08-20 07:00,3365.60,3370.10,3364.10,3367.80,4397
2025-08-20 08:00,3367.70,3368.80,3363.60,3368.10,4688
2025-08-20 09:00,3368.00,3370.40,3366.60,3368.60,5231
2025-08-20 10:00,3368.50,3371.10,3366.50,3369.60,4859
2025-08-20 11:00,3369.60,3376.50,3369.00,3375.90,9744
2025-08-20 12:00,3375.90,3388.60,3375.50,3386.80,16097
2025-08-20 13:00,3386.80,3392.00,3382.30,3388.50,16055
2025-08-20 14:00,3388.50,3394.30,3383.70,3390.90,12808
2025-08-20 15:00,3390.90,3390.90,3382.70,3384.50,8144
2025-08-20 16:00,3384.50,3390.00,3384.50,3388.90,5614
2025-08-20 17:00,3388.60,3391.10,3387.60,3390.10,4839
2025-08-20 18:00,3390.20,3390.30,3387.40,3388.80,2943
2025-08-20 19:00,3388.60,3393.00,3388.10,3391.50,2969
2025-08-20 20:00,3391.50,3392.70,3390.70,3392.20,2163
2025-08-20 22:00,3392.20,3394.40,3391.00,3392.40,0
2025-08-20 23:00,3392.20,3392.30,3389.10,3389.40,1676
2025-08-21 00:00,3389.40,3389.40,3384.30,3385.00,2938
2025-08-21 01:00,3385.20,3388.90,3383.10,3385.10,3525
2025-08-21 02:00,3385.00,3387.60,3382.60,3387.10,3178
2025-08-21 03:00,3387.00,3387.30,3382.10,3382.60,2222
2025-08-21 04:00,3382.40,3384.00,3380.50,3380.80,1861
2025-08-21 05:00,3380.90,3382.90,3379.40,3381.00,2632
2025-08-21 06:00,3380.90,3382.20,3376.50,3378.80,4744
2025-08-21 07:00,3378.90,3383.70,3377.40,3381.90,3734
2025-08-21 08:00,3381.90,3383.90,3380.20,3382.00,3130
2025-08-21 09:00,3382.00,3385.10,3380.60,3383.50,4281
2025-08-21 10:00,3383.30,3384.40,3369.90,3371.00,7922
2025-08-21 11:00,3371.20,3377.10,3367.40,3376.10,6885
2025-08-21 12:00,3376.30,3388.00,3376.30,3384.70,15047
2025-08-21 13:00,3384.50,3391.20,3378.90,3382.50,15411
2025-08-21 14:00,3382.50,3391.90,3381.30,3387.90,13411
2025-08-21 15:00,3387.90,3390.30,3380.90,3387.50,10616
2025-08-21 16:00,3387.60,3388.00,3382.20,3383.70,4671
2025-08-21 17:00,3384.00,3385.90,3381.10,3381.50,4473
2025-08-21 18:00,3381.60,3383.70,3381.10,3383.40,2021
2025-08-21 19:00,3383.50,3385.90,3382.20,3383.20,2730
2025-08-21 20:00,3383.30,3383.70,3382.40,3383.50,905
2025-08-21 22:00,3383.30,3385.00,3382.40,3383.40,0
2025-08-21 23:00,3383.40,3384.00,3381.80,3382.60,742
2025-08-22 00:00,3382.50,3383.20,3379.30,3382.80,2457
2025-08-22 01:00,3383.00,3383.70,3377.00,3377.40,2589
2025-08-22 02:00,3377.60,3379.60,3375.70,3376.90,3370
2025-08-22 03:00,3376.80,3378.40,3374.50,3375.10,2746
2025-08-22 04:00,3374.90,3375.80,3370.90,3371.40,1928
2025-08-22 05:00,3371.40,3374.40,3370.20,3373.00,3017
2025-08-22 06:00,3372.90,3372.90,3367.20,3371.80,5414
2025-08-22 07:00,3371.70,3377.80,3367.50,3369.50,7735
2025-08-22 08:00,3369.50,3372.60,3367.20,3370.60,6750
2025-08-22 09:00,3370.70,3373.60,3369.90,3372.10,2891
2025-08-22 10:00,3372.10,3373.80,3370.70,3373.00,1960
2025-08-22 11:00,3373.00,3373.00,3369.10,3370.80,2421
2025-08-22 12:00,3370.80,3371.30,3362.80,3365.00,11207
2025-08-22 13:00,3365.00,3378.60,3364.80,3376.00,13555
2025-08-22 14:00,3376.10,3422.30,3376.10,3419.30,64666
2025-08-22 15:00,3419.40,3423.40,3411.80,3412.40,21919
2025-08-22 16:00,3412.50,3419.60,3412.30,3415.30,7895
2025-08-22 17:00,3415.30,3420.80,3415.20,3419.20,5898
2025-08-22 18:00,3419.20,3420.10,3416.50,3417.90,3200
2025-08-22 19:00,3418.10,3418.20,3414.50,3417.70,3548
2025-08-22 20:00,3417.60,3418.50,3415.60,3418.50,2180
2025-08-24 22:00,3417.60,3418.50,3411.70,3413.10,1997
2025-08-24 23:00,3413.10,3416.90,3412.20,3414.90,2287
2025-08-25 00:00,3414.80,3415.50,3408.80,3410.10,3510
2025-08-25 01:00,3410.20,3413.20,3405.50,3407.80,4144
2025-08-25 02:00,3407.90,3410.20,3405.60,3409.40,3704
2025-08-25 03:00,3409.40,3413.10,3409.10,3412.60,2079
2025-08-25 04:00,3412.40,3412.60,3408.30,3410.40,2242
2025-08-25 05:00,3410.40,3410.50,3407.10,3408.90,1991
2025-08-25 06:00,3408.70,3414.00,3408.60,3413.30,3432
2025-08-25 07:00,3413.40,3414.30,3410.90,3411.00,3016
2025-08-25 08:00,3411.10,3411.70,3408.50,3409.30,3654
2025-08-25 09:00,3409.10,3412.20,3406.30,3411.60,3528
2025-08-25 10:00,3411.60,3412.60,3409.00,3410.30,3014
2025-08-25 11:00,3410.10,3416.50,3409.90,3415.70,4177
2025-08-25 12:00,3415.70,3416.40,3408.60,3409.00,5935
2025-08-25 13:00,3409.10,3416.50,3406.30,3415.30,11075
2025-08-25 14:00,3415.30,3420.00,3413.80,3418.70,11836
2025-08-25 15:00,3418.60,3421.50,3416.40,3418.90,6383
2025-08-25 16:00,3419.00,3419.20,3416.30,3418.60,3663
2025-08-25 17:00,3418.70,3419.40,3415.30,3415.50,4448
2025-08-25 18:00,3415.60,3418.10,3414.60,3415.40,2194
2025-08-25 19:00,3415.40,3415.90,3410.10,3410.60,4023
2025-08-25 20:00,3410.70,3411.10,3409.60,3410.70,1795
2025-08-25 22:00,3410.80,3411.40,3407.60,3408.40,0
2025-08-25 23:00,3408.20,3408.20,3396.50,3399.80,5408
2025-08-26 00:00,3399.70,3434.70,3396.10,3431.10,21823
2025-08-26 01:00,3431.30,3432.60,3420.50,3424.50,9603
2025-08-26 02:00,3424.40,3427.80,3420.50,3423.00,4449
2025-08-26 03:00,3422.90,3423.10,3418.00,3420.90,3491
2025-08-26 04:00,3420.30,3426.50,3420.20,3424.60,3042
2025-08-26 05:00,3424.90,3426.60,3420.00,3424.20,3276
2025-08-26 06:00,3424.00,3424.40,3419.10,3422.60,3972
2025-08-26 07:00,3422.60,3425.30,3413.10,3423.00,8212
2025-08-26 08:00,3423.00,3426.40,3422.10,3422.80,3727
2025-08-26 09:00,3422.70,3425.40,3415.90,3419.10,7131
2025-08-26 10:00,3418.90,3422.00,3412.90,3418.40,4622
2025-08-26 11:00,3418.50,3428.30,3417.10,3425.00,8087
2025-08-26 12:00,3425.00,3427.70,3418.00,3418.90,8576
2025-08-26 13:00,3419.10,3425.40,3416.90,3422.20,13114
2025-08-26 14:00,3422.40,3427.80,3417.90,3427.20,14860
2025-08-26 15:00,3427.30,3437.50,3425.60,3435.10,14771
2025-08-26 16:00,3435.20,3435.70,3431.10,3432.10,9085
2025-08-26 17:00,3432.20,3434.70,3430.30,3430.60,6877
2025-08-26 18:00,3430.50,3434.10,3428.50,3433.90,4125
2025-08-26 19:00,3434.10,3439.10,3433.50,3437.70,5919
2025-08-26 20:00,3437.70,3443.30,3437.40,3443.20,3266
2025-08-26 22:00,3443.00,3444.30,3438.20,3440.50,0
2025-08-26 23:00,3440.40,3442.80,3439.60,3440.70,1260
2025-08-27 00:00,3440.60,3443.40,3438.30,3438.70,3673
2025-08-27 01:00,3438.80,3439.20,3434.60,3436.60,5220
2025-08-27 02:00,3436.70,3437.40,3431.70,3433.70,3332
2025-08-27 03:00,3433.80,3434.00,3430.40,3431.00,2254
2025-08-27 04:00,3430.90,3431.40,3424.90,3426.00,3986
2025-08-27 05:00,3426.00,3428.60,3424.30,3426.70,4747
2025-08-27 06:00,3426.80,3431.70,3426.20,3427.30,4962
2025-08-27 07:00,3427.10,3430.60,3423.00,3430.50,6164
2025-08-27 08:00,3430.30,3433.60,3429.30,3433.10,5039
2025-08-27 09:00,3433.00,3433.90,3425.70,3426.90,5236
2025-08-27 10:00,3426.90,3427.70,3423.30,3424.60,7890
2025-08-27 11:00,3424.80,3427.30,3422.20,3425.60,5481
2025-08-27 12:00,3425.60,3431.80,3422.90,3429.70,8280
2025-08-27 13:00,3429.80,3434.00,3423.70,3426.20,14409
2025-08-27 14:00,3426.00,3436.40,3424.30,3435.70,14488
2025-08-27 15:00,3435.70,3440.70,3434.20,3438.10,13467
2025-08-27 16:00,3438.20,3450.90,3437.60,3448.90,15849
2025-08-27 17:00,3448.90,3450.50,3447.00,3447.60,8590
2025-08-27 18:00,3447.40,3449.50,3445.00,3447.90,4366
2025-08-27 19:00,3447.80,3449.70,3447.00,3449.40,3208
2025-08-27 20:00,3449.30,3452.50,3448.30,3451.80,3052
2025-08-27 22:00,3452.60,3453.00,3448.20,3449.20,0
2025-08-27 23:00,3449.40,3453.10,3449.30,3451.00,1938
2025-08-28 00:00,3450.90,3453.80,3447.10,3448.30,2795
2025-08-28 01:00,3448.20,3448.70,3442.70,3443.60,5231
2025-08-28 02:00,3443.60,3447.90,3442.50,3447.90,3493
2025-08-28 03:00,3448.00,3448.50,3444.00,3445.10,2439
2025-08-28 04:00,3444.70,3447.10,3443.50,3445.10,1800
2025-08-28 05:00,3445.00,3446.00,3443.20,3446.00,2139
2025-08-28 06:00,3446.10,3453.00,3445.80,3451.50,5986
2025-08-28 07:00,3451.40,3452.80,3448.60,3450.80,4146
2025-08-28 08:00,3450.70,3457.30,3449.00,3456.90,6363
2025-08-28 09:00,3456.90,3457.60,3454.30,3455.20,3756
2025-08-28 10:00,3455.20,3455.70,3450.30,3454.70,4885
2025-08-28 11:00,3454.50,3465.80,3452.90,3462.00,9444
2025-08-28 12:00,3462.30,3467.30,3455.20,3455.90,15428
2025-08-28 13:00,3455.90,3468.20,3452.10,3464.80,19431
2025-08-28 14:00,3464.80,3471.00,3463.50,3468.90,13305
2025-08-28 15:00,3468.90,3469.50,3459.20,3465.80,10759
2025-08-28 16:00,3465.80,3476.10,3465.60,3473.40,13378
2025-08-28 17:00,3473.30,3477.10,3472.90,3475.90,8034
2025-08-28 18:00,3475.90,3478.70,3475.10,3478.30,6271
2025-08-28 19:00,3478.20,3478.70,3475.40,3477.60,5152
2025-08-28 20:00,3477.70,3478.00,3475.70,3476.90,3746
2025-08-28 22:00,3477.20,3477.30,3475.00,3475.70,0
2025-08-28 23:00,3475.70,3476.10,3475.00,3475.30,946
2025-08-29 00:00,3475.50,3479.60,3473.20,3473.50,4304
2025-08-29 01:00,3473.60,3473.70,3469.90,3472.30,4897
2025-08-29 02:00,3472.30,3474.60,3471.30,3471.40,2827
2025-08-29 03:00,3471.40,3473.10,3470.00,3470.90,1871
2025-08-29 04:00,3470.20,3470.60,3467.80,3469.60,2268
2025-08-29 05:00,3469.60,3470.90,3467.20,3470.60,2090
2025-08-29 06:00,3470.60,3472.20,3466.60,3469.10,3346
2025-08-29 07:00,3469.00,3471.70,3466.10,3471.20,5928
2025-08-29 08:00,3471.10,3472.60,3468.80,3470.60,4257
2025-08-29 09:00,3470.70,3471.40,3467.00,3467.60,4639
2025-08-29 10:00,3467.70,3468.10,3463.50,3464.30,4264
2025-08-29 11:00,3464.30,3470.40,3463.00,3469.80,4623
2025-08-29 12:00,3469.80,3476.20,3464.10,3475.90,10980
2025-08-29 13:00,3476.00,3488.30,3473.40,3488.20,16537
2025-08-29 14:00,3492.50,3505.50,3491.00,3504.00,37865
2025-08-29 15:00,3504.10,3515.30,3503.30,3512.50,20592
2025-08-29 16:00,3512.60,3518.00,3508.40,3517.50,15557
2025-08-29 17:00,3517.40,3518.50,3510.40,3512.90,13937
2025-08-29 18:00,3513.10,3513.70,3509.60,3509.60,5015
2025-08-29 19:00,3509.60,3516.70,3508.40,3516.10,7344
2025-08-29 20:00,3516.00,3517.60,3514.00,3516.10,4393
2025-08-31 22:00,3517.90,3518.00,3510.90,3513.50,3208
2025-08-31 23:00,3513.60,3514.30,3509.70,3512.10,1855
2025-09-01 00:00,3511.90,3514.80,3509.80,3511.40,2695
2025-09-01 01:00,3511.40,3528.60,3506.00,3526.40,9151
2025-09-01 02:00,3526.50,3550.90,3524.10,3549.40,22746
2025-09-01 03:00,3549.60,3552.40,3538.90,3543.60,7201
2025-09-02 04:00,3564.30,3568.00,3562.00,3565.90,77066
2025-09-02 05:00,3566.00,3567.30,3561.40,3561.80,3228
2025-09-02 06:00,3561.70,3564.40,3554.20,3555.60,7790
2025-09-02 07:00,3555.80,3557.70,3538.50,3541.60,12523
2025-09-02 08:00,3541.60,3550.80,3537.50,3545.20,9232
2025-09-02 09:00,3545.10,3550.30,3544.80,3546.40,5126
2025-09-02 10:00,3546.50,3555.20,3545.50,3555.00,7544
2025-09-02 11:00,3555.00,3559.00,3546.70,3558.70,6476
2025-09-02 12:00,3558.60,3564.10,3538.60,3548.00,21702
2025-09-02 13:00,3548.00,3556.10,3542.10,3552.20,22022
2025-09-02 14:00,3552.30,3579.80,3549.80,3574.90,35163
2025-09-02 15:00,3574.80,3586.30,3573.00,3586.10,20992
2025-09-02 16:00,3586.10,3594.00,3582.60,3593.00,17617
2025-09-02 17:00,3593.10,3595.00,3588.20,3594.30,11206
2025-09-02 18:00,3594.30,3595.80,3591.50,3593.20,6416
2025-09-02 19:00,3593.40,3600.80,3593.30,3597.90,8989
2025-09-02 20:00,3597.80,3602.40,3597.10,3599.50,4067
2025-09-02 22:00,3600.00,3601.40,3596.10,3596.50,0
2025-09-02 23:00,3596.60,3598.80,3593.40,3595.50,3265
2025-09-03 00:00,3595.70,3616.90,3595.30,3603.10,11075
2025-09-03 01:00,3602.90,3609.70,3597.10,3604.00,7275
2025-09-03 02:00,3603.90,3610.00,3596.20,3596.70,5796
2025-09-03 03:00,3596.90,3599.20,3595.10,3596.60,4003
2025-09-03 04:00,3596.70,3604.10,3596.60,3602.30,2731
2025-09-03 05:00,3602.80,3602.90,3592.40,3595.10,4349
2025-09-03 06:00,3595.20,3603.20,3595.00,3601.90,6633
2025-09-03 07:00,3601.60,3603.00,3594.20,3598.40,6427
2025-09-03 08:00,3598.40,3608.20,3598.40,3606.90,6931
2025-09-03 09:00,3607.00,3609.70,3600.90,3601.60,4914
2025-09-03 10:00,3601.80,3610.60,3600.20,3608.70,4975
2025-09-03 11:00,3608.60,3617.40,3608.50,3616.00,9261
2025-09-03 12:00,3615.90,3618.60,3607.30,3616.50,15030
2025-09-03 13:00,3616.40,3627.70,3613.30,3619.60,27229
2025-09-03 14:00,3619.50,3631.00,3616.80,3621.30,25481
2025-09-03 15:00,3624.50,3631.50,3621.20,3628.60,12882
2025-09-03 16:00,3628.60,3636.00,3626.80,3635.80,10284
2025-09-03 17:00,3635.80,3639.00,3632.90,3637.40,11970
2025-09-03 18:00,3637.50,3640.10,3623.40,3628.80,16072
2025-09-03 19:00,3628.90,3630.20,3617.20,3619.30,11221
2025-09-03 20:00,3619.50,3624.60,3618.40,3619.70,5258
2025-09-03 22:00,3619.80,3620.20,3611.40,3616.10,0
2025-09-03 23:00,3616.00,3616.80,3609.50,3613.60,13814
2025-09-04 00:00,3613.90,3619.90,3604.10,3619.10,6856
2025-09-04 01:00,3619.10,3621.60,3602.70,3605.00,10561
2025-09-04 02:00,3605.00,3609.10,3584.00,3589.20,17349
2025-09-04 03:00,3589.30,3590.60,3573.70,3587.90,11463
2025-09-04 04:00,3587.60,3592.00,3586.70,3590.20,2725
2025-09-04 05:00,3590.20,3590.80,3581.50,3584.20,4642
2025-09-04 06:00,3584.40,3600.10,3581.50,3596.50,8044
2025-09-04 07:00,3596.40,3600.10,3591.80,3599.50,5974
2025-09-04 08:00,3599.70,3604.40,3595.50,3599.20,6889
2025-09-04 09:00,3599.20,3603.60,3594.00,3596.00,6076
2025-09-04 10:00,3596.00,3605.00,3595.70,3599.60,5059
2025-09-04 11:00,3599.80,3609.00,3594.30,3603.10,8280
2025-09-04 12:00,3602.80,3614.30,3600.30,3609.00,14632
2025-09-04 13:00,3609.10,3617.80,3598.60,3605.60,25579
2025-09-04 14:00,3605.40,3606.50,3592.20,3605.60,26385
2025-09-04 15:00,3605.70,3612.60,3601.70,3612.30,11604
2025-09-04 16:00,3612.30,3615.50,3606.90,3610.50,9573
2025-09-04 17:00,3610.50,3613.40,3600.00,3600.60,9711
2025-09-04 18:00,3600.70,3605.00,3600.70,3602.30,6130
2025-09-04 19:00,3602.20,3606.90,3601.60,3605.90,4192
2025-09-04 20:00,3605.90,3606.80,3600.40,3602.40,0
2025-09-04 22:00,3602.00,3602.00,3595.40,3596.70,2060
2025-09-04 23:00,3596.70,3611.80,3596.60,3609.60,4170
2025-09-05 00:00,3609.70,3613.50,3607.00,3610.30,4928
2025-09-05 01:00,3610.00,3614.40,3608.70,3611.10,4605
2025-09-05 02:00,3611.10,3614.10,3605.00,3610.30,4122
2025-09-05 03:00,3610.50,3618.50,3608.20,3618.20,4051
2025-09-05 04:00,3617.60,3618.70,3615.50,3616.70,2419
2025-09-05 05:00,3616.80,3619.20,3614.90,3617.70,3914
2025-09-05 06:00,3617.90,3618.00,3608.50,3612.50,4693
2025-09-05 07:00,3612.60,3612.90,3606.10,3607.50,5619
2025-09-05 08:00,3607.70,3608.70,3601.60,3603.00,6593
2025-09-05 09:00,3603.00,3610.70,3602.90,3609.30,4860
2025-09-05 10:00,3609.40,3609.90,3606.10,3608.20,2719
2025-09-05 11:00,3608.10,3611.80,3603.60,3609.30,5503
2025-09-05 12:00,3609.40,3644.90,3604.30,3639.30,44372
2025-09-05 13:00,3639.60,3651.80,3629.50,3651.00,35216
2025-09-05 14:00,3650.80,3654.20,3630.00,3646.20,33642
2025-09-05 15:00,3646.30,3650.90,3636.20,3647.40,16029
2025-09-05 16:00,3647.40,3655.50,3646.30,3651.40,11916
2025-09-05 17:00,3651.50,3654.60,3646.20,3651.60,11331
2025-09-05 18:00,3651.70,3653.00,3646.00,3649.20,7172
2025-09-05 19:00,3649.00,3649.80,3645.60,3646.50,5120
2025-09-05 20:00,3646.40,3647.40,3639.00,3639.80,5208
2025-09-07 22:00,3635.00,3653.30,3623.00,3632.40,13509
2025-09-07 23:00,3632.50,3634.10,3627.40,3630.80,4609
2025-09-08 00:00,3630.90,3634.50,3627.00,3634.40,5865
2025-09-08 01:00,3634.50,3637.90,3625.00,3631.10,10763
2025-09-08 02:00,3631.40,3636.00,3627.80,3632.90,8231
2025-09-08 03:00,3632.90,3634.40,3626.10,3626.80,4789
2025-09-08 04:00,3626.60,3626.60,3621.70,3623.40,3853
2025-09-08 05:00,3623.30,3632.50,3622.40,3631.80,5903
2025-09-08 06:00,3631.90,3638.70,3630.60,3638.20,7476
2025-09-08 07:00,3638.20,3654.30,3636.00,3650.50,11705
2025-09-08 08:00,3650.60,3657.50,3647.70,3651.40,8957
2025-09-08 09:00,3651.20,3655.10,3648.20,3654.00,6259
2025-09-08 10:00,3654.20,3662.50,3652.90,3657.00,8353
2025-09-08 11:00,3656.80,3659.10,3652.40,3658.90,5187
2025-09-08 12:00,3658.90,3664.90,3653.50,3663.10,10610
2025-09-08 13:00,3663.20,3674.80,3659.80,3673.30,26124
2025-09-08 14:00,3673.10,3681.10,3668.20,3680.50,21852
2025-09-08 15:00,3680.60,3685.70,3673.20,3680.10,19661
2025-09-08 16:00,3680.20,3682.40,3676.20,3681.50,9895
2025-09-08 17:00,3681.50,3681.90,3673.50,3674.30,9676
2025-09-08 18:00,3674.40,3677.90,3673.20,3677.50,7956
2025-09-08 19:00,3677.40,3678.40,3674.10,3676.20,4861
2025-09-08 20:00,3676.20,3678.80,3675.00,3677.60,2019
2025-09-08 22:00,3676.60,3678.00,3670.80,3671.50,0
2025-09-08 23:00,3671.50,3676.30,3669.80,3674.80,2608
2025-09-09 00:00,3675.00,3681.40,3673.30,3679.80,3832
2025-09-09 01:00,3679.60,3688.60,3676.70,3687.70,11083
2025-09-09 02:00,3687.70,3694.90,3685.50,3687.60,12121
2025-09-09 03:00,3687.50,3691.60,3682.40,3685.20,6531
2025-09-09 04:00,3685.90,3695.80,3685.60,3693.40,4237
2025-09-09 05:00,3693.20,3698.90,3692.00,3694.90,4680
2025-09-09 06:00,3695.00,3695.90,3676.80,3687.30,14437
2025-09-09 07:00,3687.50,3690.80,3680.90,3683.80,7622
2025-09-09 08:00,3683.80,3689.70,3681.20,3687.60,7308
2025-09-09 09:00,3687.60,3695.80,3687.10,3692.20,6720
2025-09-09 10:00,3692.30,3694.70,3687.50,3690.80,4721
2025-09-09 11:00,3691.00,3693.00,3685.40,3686.70,4842
2025-09-09 12:00,3686.80,3694.80,3682.40,3686.30,14432
2025-09-09 13:00,3686.40,3708.00,3684.90,3705.80,32904
2025-09-09 14:00,3705.80,3715.20,3674.80,3684.30,59515
2025-09-09 15:00,3684.50,3686.20,3665.30,3684.30,24733
2025-09-09 16:00,3684.10,3688.50,3682.70,3684.20,9181
2025-09-09 17:00,3684.30,3685.90,3680.40,3682.10,7521
2025-09-09 18:00,3682.00,3684.40,3678.50,3679.20,4329
2025-09-09 19:00,3679.20,3680.10,3667.20,3668.30,8127
2025-09-09 20:00,3668.30,3671.30,3663.70,3663.80,3420
2025-09-09 22:00,3662.00,3671.90,3651.40,3671.80,0
2025-09-09 23:00,3671.60,3677.80,3670.60,3671.10,4226
2025-09-10 00:00,3670.90,3671.70,3658.70,3661.30,6762
2025-09-10 01:00,3661.20,3670.80,3656.50,3668.80,8359
2025-09-10 02:00,3669.10,3675.80,3668.00,3674.00,5718
2025-09-10 03:00,3673.90,3674.80,3670.90,3674.80,3111
2025-09-10 04:00,3674.50,3680.80,3674.50,3680.00,3243
2025-09-10 05:00,3679.90,3682.70,3677.60,3680.60,3652
2025-09-10 06:00,3680.40,3685.70,3678.30,3682.00,6813
2025-09-10 07:00,3682.10,3687.20,3679.30,3682.60,6919
2025-09-10 08:00,3682.70,3686.70,3680.70,3684.70,6394
2025-09-10 09:00,3684.50,3694.60,3683.20,3693.60,5819
2025-09-10 10:00,3693.30,3696.60,3690.00,3694.40,6909
2025-09-10 11:00,3694.40,3695.00,3688.00,3688.80,7900
2025-09-10 12:00,3688.70,3697.50,3678.80,3683.20,21867
2025-09-10 13:00,3683.20,3694.40,3681.00,3690.70,15933
2025-09-10 14:00,3690.90,3695.30,3683.30,3687.50,15798
2025-09-10 15:00,3687.50,3688.00,3677.50,3683.70,14290
2025-09-10 16:00,3683.70,3686.30,3679.10,3682.00,6888
2025-09-10 17:00,3682.10,3687.20,3680.90,3686.90,6313
2025-09-10 18:00,3686.80,3689.60,3683.90,3684.90,3935
2025-09-10 19:00,3685.00,3686.00,3674.60,3681.70,6377
2025-09-10 20:00,3681.80,3682.60,3678.00,3680.40,2579
2025-09-10 22:00,3680.60,3683.40,3676.60,3678.70,0
2025-09-10 23:00,3678.90,3684.10,3677.30,3683.20,2484
2025-09-11 00:00,3683.30,3687.00,3680.90,3682.50,5797
2025-09-11 01:00,3682.40,3687.50,3678.20,3679.20,5641
2025-09-11 02:00,3679.30,3681.70,3671.00,3674.90,5873
2025-09-11 03:00,3674.80,3674.90,3666.50,3669.70,5703
2025-09-11 04:00,3669.80,3672.20,3667.50,3668.30,2872
2025-09-11 05:00,3668.30,3670.10,3661.10,3663.00,8539
2025-09-11 06:00,3662.90,3675.50,3660.60,3670.70,8119
2025-09-11 07:00,3670.90,3671.00,3661.30,3667.60,9440
2025-09-11 08:00,3667.70,3669.50,3663.70,3664.60,5229
2025-09-11 09:00,3664.30,3664.30,3651.80,3659.60,12081
2025-09-11 10:00,3659.80,3663.50,3657.60,3659.90,5370
2025-09-11 11:00,3659.80,3660.20,3652.80,3654.90,8900
2025-09-11 12:00,3654.90,3682.00,3651.00,3666.60,35710
2025-09-11 13:00,3666.80,3675.40,3655.50,3667.90,29960
2025-09-11 14:00,3667.70,3676.50,3663.60,3668.00,15882
2025-09-11 15:00,3668.20,3677.10,3668.20,3672.00,9980
2025-09-11 16:00,3671.90,3680.60,3671.70,3674.20,10391
2025-09-11 17:00,3674.40,3675.40,3670.00,3673.10,6648
2025-09-11 18:00,3673.00,3675.30,3669.30,3671.40,4302
2025-09-11 19:00,3671.40,3676.70,3671.20,3675.40,3952
2025-09-11 20:00,3675.30,3676.30,3672.10,3673.40,1670
2025-09-11 22:00,3672.80,3676.60,3671.20,3672.90,0
2025-09-11 23:00,3672.90,3674.20,3669.00,3669.20,1701
2025-09-12 00:00,3669.20,3674.90,3667.30,3673.80,4062
2025-09-12 01:00,3674.00,3686.30,3673.90,3685.00,9007
2025-09-12 02:00,3685.00,3690.10,3683.40,3688.70,6003
2025-09-12 03:00,3688.60,3692.40,3687.00,3691.80,5037
2025-09-12 04:00,3692.00,3695.00,3690.50,3693.50,3265
2025-09-12 05:00,3693.50,3695.50,3690.90,3691.90,4054
2025-09-12 06:00,3691.80,3692.60,3687.20,3689.30,6018
2025-09-12 07:00,3689.10,3691.80,3685.70,3686.30,7123
2025-09-12 08:00,3686.30,3689.50,3677.30,3678.70,9147
2025-09-12 09:00,3678.60,3685.00,3675.30,3684.50,8099
2025-09-12 10:00,3684.40,3690.40,3684.20,3689.50,5495
2025-09-12 11:00,3689.30,3690.30,3684.40,3684.60,4783
2025-09-12 12:00,3684.70,3686.70,3675.50,3683.50,14265
2025-09-12 13:00,3683.60,3690.70,3681.30,3688.20,13671
2025-09-12 14:00,3688.20,3692.70,3684.80,3686.10,12765
2025-09-12 15:00,3686.00,3686.30,3679.70,3682.30,9582
2025-09-12 16:00,3682.30,3688.40,3680.50,3687.80,5659
2025-09-12 17:00,3687.70,3689.50,3686.00,3687.30,6055
2025-09-12 18:00,3687.40,3687.70,3685.50,3686.90,2868
2025-09-12 19:00,3686.90,3686.90,3681.80,3682.70,3907
2025-09-12 20:00,3682.70,3683.80,3679.30,3680.70,3411
2025-09-14 22:00,3680.20,3686.40,3677.20,3679.70,2521
2025-09-14 23:00,3679.50,3679.60,3673.60,3675.20,2013
2025-09-15 00:00,3675.00,3679.50,3669.10,3670.60,5659
2025-09-15 01:00,3670.70,3672.20,3662.80,3671.90,8695
2025-09-15 02:00,3672.00,3681.80,3671.50,3677.60,6486
2025-09-15 03:00,3677.70,3683.80,3676.90,3683.20,2957
2025-09-15 04:00,3683.70,3684.30,3680.90,3682.80,1835
2025-09-15 05:00,3682.90,3683.70,3679.70,3681.10,2374
2025-09-15 06:00,3681.10,3681.20,3674.30,3674.30,5717
2025-09-15 07:00,3674.30,3681.90,3671.50,3680.70,6941
2025-09-15 08:00,3680.70,3682.70,3677.50,3682.40,4608
2025-09-15 09:00,3682.40,3682.80,3673.40,3678.30,6158
2025-09-15 10:00,3678.50,3683.40,3675.50,3676.50,6435
2025-09-15 11:00,3676.70,3683.20,3675.80,3679.60,5964
2025-09-15 12:00,3679.70,3688.40,3673.70,3687.60,13883
2025-09-15 13:00,3687.60,3701.70,3684.00,3694.80,23404
2025-09-15 14:00,3694.80,3701.80,3691.20,3701.30,14807
2025-09-15 15:00,3701.50,3722.20,3700.80,3720.40,23891
2025-09-15 16:00,3720.50,3724.90,3713.60,3718.10,19005
2025-09-15 17:00,3718.20,3721.80,3717.80,3721.30,8711
2025-09-15 18:00,3721.60,3721.80,3715.00,3716.30,4940
2025-09-15 19:00,3716.40,3721.90,3716.10,3720.20,4237
2025-09-15 20:00,3720.20,3721.70,3718.50,3719.50,3237
2025-09-15 22:00,3720.30,3721.10,3715.50,3717.80,0
2025-09-15 23:00,3717.70,3719.40,3715.50,3716.10,2468
2025-09-16 00:00,3723.60,3725.80,3722.40,3725.40,8856
2025-09-16 01:00,3725.40,3728.40,3715.60,3717.70,8537
2025-09-16 02:00,3717.60,3720.90,3711.80,3714.90,6491
2025-09-16 03:00,3714.90,3720.30,3714.20,3718.10,3735
2025-09-16 04:00,3718.50,3721.30,3717.10,3721.10,2242
2025-09-16 05:00,3720.50,3721.50,3717.20,3720.00,4607
2025-09-16 06:00,3720.10,3731.60,3719.40,3730.80,8758
2025-09-16 07:00,3730.70,3731.90,3725.00,3726.20,5877
2025-09-16 08:00,3733.50,3733.70,3730.70,3731.70,9276
2025-09-16 09:00,3731.70,3737.10,3730.70,3736.30,7039
2025-09-16 10:00,3736.20,3736.80,3730.60,3731.00,5533
2025-09-16 11:00,3731.00,3737.60,3728.70,3734.50,7333
2025-09-16 12:00,3734.60,3734.80,3724.10,3726.60,13461
2025-09-16 13:00,3726.70,3735.90,3722.10,3733.00,18483
2025-09-16 14:00,3732.80,3739.90,3722.00,3722.30,26889
2025-09-16 15:00,3722.70,3725.90,3715.20,3723.00,19968
2025-09-16 16:00,3723.00,3728.40,3721.30,3726.90,9614
2025-09-16 17:00,3727.00,3728.10,3722.40,3723.80,8293
2025-09-16 18:00,3723.70,3727.00,3722.50,3726.70,3956
2025-09-16 19:00,3726.70,3727.60,3724.00,3726.60,4160
2025-09-16 20:00,3726.80,3731.30,3726.60,3727.50,2938
2025-09-16 22:00,3727.30,3730.30,3726.40,3729.00,0
2025-09-16 23:00,3729.20,3732.80,3729.10,3731.70,2758
2025-09-17 00:00,3731.90,3732.80,3727.80,3728.10,2363
2025-09-17 01:00,3728.10,3728.90,3712.40,3716.70,10614
2025-09-17 02:00,3716.60,3720.90,3710.70,3718.80,8638
2025-09-17 03:00,3718.90,3720.20,3716.50,3718.20,2892
2025-09-17 04:00,3718.50,3719.10,3716.80,3717.10,938
2025-09-17 05:00,3717.20,3722.70,3713.00,3716.40,5478
2025-09-17 06:00,3716.60,3717.40,3707.70,3711.80,8461
2025-09-17 07:00,3711.70,3714.30,3702.80,3703.70,8083
2025-09-17 08:00,3703.70,3704.20,3698.60,3701.00,9535
2025-09-17 09:00,3700.80,3707.10,3699.80,3703.90,6862
2025-09-17 10:00,3703.80,3706.00,3695.60,3697.00,9015
2025-09-17 11:00,3696.90,3705.50,3695.40,3701.20,7831
2025-09-17 12:00,3701.40,3714.50,3701.00,3713.90,9911
2025-09-17 13:00,3714.00,3718.60,3707.60,3714.20,15712
2025-09-17 14:00,3714.10,3721.20,3712.20,3719.30,13253
2025-09-17 15:00,3719.20,3722.00,3717.30,3718.60,7473
2025-09-17 16:00,3718.80,3724.40,3718.70,3720.40,6134
2025-09-17 17:00,3720.40,3723.00,3713.90,3722.30,9864
2025-09-17 18:00,3722.40,3744.00,3679.50,3685.90,74329
2025-09-17 19:00,3685.80,3702.80,3681.00,3696.20,25813
2025-09-17 20:00,3696.20,3696.30,3690.70,3694.60,3609
2025-09-17 22:00,3692.50,3698.40,3688.20,3695.80,0
2025-09-17 23:00,3695.60,3705.60,3694.80,3703.00,3687
2025-09-18 00:00,3703.50,3703.90,3692.10,3699.60,5245
2025-09-18 01:00,3699.50,3703.60,3686.60,3692.60,11601
2025-09-18 02:00,3692.70,3700.30,3691.10,3699.20,5553
2025-09-18 03:00,3699.10,3700.60,3692.10,3693.00,2496
2025-09-18 04:00,3693.00,3693.70,3688.00,3688.30,4144
2025-09-18 05:00,3688.40,3693.80,3683.10,3685.30,8314
2025-09-18 06:00,3685.40,3685.60,3667.30,3670.90,17481
2025-09-18 07:00,3671.00,3693.70,3668.80,3692.50,13275
2025-09-18 08:00,3692.40,3700.40,3687.70,3700.20,8370
2025-09-18 09:00,3700.00,3707.30,3699.00,3706.40,10171
2025-09-18 10:00,3706.20,3707.10,3699.80,3701.20,5463
2025-09-18 11:00,3701.30,3704.90,3698.10,3700.70,4929
2025-09-18 12:00,3700.90,3706.40,3696.40,3696.90,11102
2025-09-18 13:00,3696.90,3697.80,3660.50,3675.40,41810
2025-09-18 14:00,3675.30,3679.80,3667.50,3671.80,22668
2025-09-18 15:00,3672.00,3675.70,3669.80,3674.50,9013
2025-09-18 16:00,3674.60,3680.70,3674.00,3679.20,9439
2025-09-18 17:00,3679.30,3680.00,3676.30,3676.60,7603
2025-09-18 18:00,3676.70,3676.80,3673.60,3674.60,4462
2025-09-18 19:00,3674.50,3680.00,3673.70,3679.70,5971
2025-09-18 20:00,3679.70,3680.40,3677.30,3678.20,1935
2025-09-18 22:00,3677.70,3678.20,3672.60,3673.60,0
2025-09-18 23:00,3673.40,3674.90,3670.40,3672.80,2011
2025-09-19 00:00,3673.00,3675.40,3668.50,3672.70,4497
2025-09-19 01:00,3672.60,3684.30,3664.40,3672.20,11993
2025-09-19 02:00,3672.20,3683.30,3671.20,3680.50,6502
2025-09-19 03:00,3680.60,3689.60,3678.30,3686.60,5939
2025-09-19 04:00,3686.80,3692.80,3686.80,3691.50,4482
2025-09-19 05:00,3691.50,3694.10,3684.70,3685.60,5318
2025-09-19 06:00,3685.60,3687.20,3675.90,3679.70,9406
2025-09-19 07:00,3679.80,3689.30,3676.90,3686.00,6977
2025-09-19 08:00,3685.70,3689.20,3681.80,3688.20,6329
2025-09-19 09:00,3688.30,3691.40,3687.50,3691.20,4358
2025-09-19 10:00,3691.30,3691.90,3687.50,3688.50,3001
2025-09-19 11:00,3688.50,3688.50,3677.50,3680.50,8328
2025-09-19 12:00,3680.50,3684.30,3676.50,3681.70,9424
2025-09-19 13:00,3681.50,3697.30,3676.20,3696.10,17214
2025-09-19 14:00,3696.20,3703.00,3688.90,3700.80,18387
2025-09-19 15:00,3700.90,3709.50,3699.00,3704.20,19431
2025-09-19 16:00,3704.10,3706.70,3699.80,3702.40,8079
2025-09-19 17:00,3702.20,3713.90,3702.20,3713.00,10649
2025-09-19 18:00,3713.10,3718.40,3712.70,3717.70,8452
2025-09-19 19:00,3717.90,3718.80,3715.10,3717.90,5697
2025-09-19 20:00,3717.80,3719.60,3705.80,3705.80,3584
2025-09-21 22:00,3721.30,3727.40,3705.80,3723.80,5528
2025-09-21 23:00,3723.80,3726.10,3721.10,3721.60,3345
2025-09-22 00:00,3721.40,3726.10,3720.60,3725.90,3863
2025-09-22 01:00,3725.80,3732.50,3721.50,3724.30,9562
2025-09-22 02:00,3724.00,3728.40,3720.50,3721.40,4258
2025-09-22 03:00,3721.20,3733.10,3721.00,3730.90,5176
2025-09-22 04:00,3730.80,3731.50,3725.50,3727.50,3216
2025-09-22 05:00,3727.40,3735.80,3727.10,3732.50,5709
2025-09-22 06:00,3732.50,3753.40,3730.90,3749.10,18424
2025-09-22 07:00,3749.10,3751.00,3742.90,3747.50,9909
2025-09-22 08:00,3747.40,3756.80,3746.60,3754.60,7549
2025-09-22 09:00,3754.60,3761.20,3753.70,3757.90,8039
2025-09-22 10:00,3757.90,3763.10,3755.40,3762.00,6449
2025-09-22 11:00,3761.90,3762.70,3755.10,3758.80,8660
2025-09-22 12:00,3758.90,3759.50,3746.00,3755.50,15117
2025-09-22 13:00,3755.60,3759.00,3747.10,3756.40,19122
2025-09-22 14:00,3756.20,3761.00,3750.70,3760.20,16527
2025-09-22 15:00,3760.00,3770.30,3758.00,3769.90,15727
2025-09-22 16:00,3769.90,3773.70,3769.20,3771.10,11233
2025-09-22 17:00,3771.20,3782.00,3771.20,3781.40,16992
2025-09-22 18:00,3781.40,3782.60,3779.20,3782.10,7887
2025-09-22 19:00,3782.10,3783.20,3777.10,3781.20,8111
2025-09-22 20:00,3781.20,3783.30,3779.90,3781.20,3915
2025-09-22 22:00,3781.20,3782.10,3773.50,3775.50,0
2025-09-22 23:00,3775.50,3784.20,3774.30,3782.20,4522
2025-09-23 00:00,3782.20,3785.20,3779.60,3781.50,5161
2025-09-23 01:00,3781.70,3795.10,3779.80,3790.40,13014
2025-09-23 02:00,3790.30,3791.20,3772.40,3777.80,12551
2025-09-23 03:00,3777.70,3781.60,3774.30,3780.60,4897
2025-09-23 04:00,3780.90,3781.90,3777.40,3778.80,3981
2025-09-23 05:00,3778.70,3793.00,3777.40,3787.20,7507
2025-09-23 06:00,3787.30,3791.80,3785.20,3788.10,7011
2025-09-23 07:00,3787.80,3791.20,3782.80,3787.60,8936
2025-09-23 08:00,3787.60,3809.60,3786.80,3808.60,16427
2025-09-23 09:00,3808.50,3824.60,3808.30,3818.40,22471
2025-09-23 10:00,3818.60,3821.70,3814.40,3816.40,8039
2025-09-23 11:00,3816.50,3822.30,3812.80,3816.50,14025
2025-09-23 12:00,3816.60,3818.70,3810.10,3817.60,13290
2025-09-23 13:00,3817.50,3821.60,3806.60,3816.40,26331
2025-09-23 14:00,3816.30,3817.30,3799.00,3806.40,30007
2025-09-23 15:00,3806.50,3814.20,3805.10,3811.50,11834
2025-09-23 16:00,3811.70,3815.30,3796.60,3812.30,22057
2025-09-23 17:00,3812.50,3819.00,3808.20,3810.00,13912
2025-09-23 18:00,3810.10,3813.60,3788.40,3789.00,14478
2025-09-23 19:00,3789.00,3800.60,3783.90,3796.40,18697
2025-09-23 20:00,3796.60,3799.80,3794.60,3796.90,2795
2025-09-23 22:00,3796.90,3799.40,3793.80,3797.70,0
2025-09-23 23:00,3797.60,3802.60,3793.80,3796.10,4134
2025-09-24 00:00,3795.80,3797.80,3791.20,3797.50,4240
2025-09-24 01:00,3797.50,3803.60,3787.20,3789.00,9065
2025-09-24 02:00,3788.80,3792.30,3783.00,3790.10,6204
2025-09-24 03:00,3790.10,3799.30,3785.40,3799.10,6984
2025-09-24 04:00,3798.40,3800.70,3795.40,3800.60,4830
2025-09-24 05:00,3800.60,3809.50,3800.10,3808.00,7238
2025-09-24 06:00,3808.00,3809.30,3801.90,3804.40,6249
2025-09-24 07:00,3804.40,3812.60,3803.70,3810.90,7084
2025-09-24 08:00,3810.90,3811.30,3799.70,3802.70,6665
2025-09-24 09:00,3802.50,3804.30,3795.90,3801.40,6884
2025-09-24 10:00,3801.40,3801.70,3792.40,3795.00,6225
2025-09-24 11:00,3795.10,3802.90,3792.50,3802.30,6550
2025-09-24 12:00,3802.20,3804.70,3796.80,3801.00,13112
2025-09-24 13:00,3800.90,3806.40,3791.80,3794.50,19762
2025-09-24 14:00,3794.70,3798.40,3782.00,3784.80,27139
2025-09-24 15:00,3784.90,3790.00,3772.60,3774.10,23684
2025-09-24 16:00,3774.20,3778.40,3764.50,3768.30,21592
2025-09-24 17:00,3768.40,3772.40,3765.70,3766.60,12960
2025-09-24 18:00,3766.60,3767.50,3755.60,3757.00,12540
2025-09-24 19:00,3757.10,3764.00,3749.70,3762.50,14020
2025-09-24 20:00,3762.40,3770.00,3762.30,3768.50,3398
2025-09-24 22:00,3768.30,3776.60,3767.00,3772.70,0
2025-09-24 23:00,3772.50,3776.70,3770.50,3774.50,2565
2025-09-25 00:00,3774.30,3782.20,3772.80,3779.80,6510
2025-09-25 01:00,3779.70,3781.40,3763.90,3766.80,9170
2025-09-25 02:00,3766.60,3773.10,3760.50,3770.30,8166
2025-09-25 03:00,3770.30,3770.40,3764.70,3767.00,4521
2025-09-25 04:00,3767.20,3770.70,3762.20,3768.10,4589
2025-09-25 05:00,3768.10,3771.40,3764.10,3768.80,4953
2025-09-25 06:00,3769.20,3778.70,3768.20,3771.70,8402
2025-09-25 07:00,3771.80,3785.60,3770.50,3782.50,10593
2025-09-25 08:00,3782.60,3792.30,3781.30,3786.70,13919
2025-09-25 09:00,3786.70,3791.50,3780.10,3787.10,9534
2025-09-25 10:00,3787.10,3791.70,3785.80,3788.20,6719
2025-09-25 11:00,3788.20,3788.50,3771.00,3784.00,13459
2025-09-25 12:00,3783.70,3787.00,3760.80,3769.20,25095
2025-09-25 13:00,3769.20,3776.20,3751.90,3764.00,30234
2025-09-25 14:00,3764.10,3767.00,3753.40,3762.20,23262
2025-09-25 15:00,3762.40,3769.40,3758.60,3766.90,12853
2025-09-25 16:00,3766.90,3772.80,3762.80,3764.00,10397
2025-09-25 17:00,3763.90,3775.60,3762.50,3772.90,19261
2025-09-25 18:00,3773.00,3789.50,3767.50,3786.40,14053
2025-09-25 19:00,3786.40,3788.20,3776.00,3777.50,9554
2025-09-25 20:00,3777.50,3783.90,3776.90,3780.50,3475
2025-09-25 22:00,3781.50,3782.40,3777.20,3779.60,0
2025-09-25 23:00,3779.90,3780.90,3768.50,3775.00,4049
2025-09-26 00:00,3775.00,3779.30,3770.00,3779.20,5329
2025-09-26 01:00,3779.30,3783.50,3767.30,3768.60,7338
2025-09-26 02:00,3768.40,3772.50,3767.10,3767.80,3578
2025-09-26 03:00,3767.80,3775.50,3764.00,3775.40,3628
2025-09-26 04:00,3775.10,3777.20,3774.00,3777.10,2356
2025-09-26 05:00,3777.00,3779.40,3771.30,3771.60,2785
2025-09-26 06:00,3771.30,3784.40,3771.00,3773.30,7556
2025-09-26 07:00,3773.20,3779.20,3768.80,3777.90,7439
2025-09-26 08:00,3777.90,3784.90,3776.80,3782.60,7093
2025-09-26 09:00,3782.50,3784.10,3776.90,3781.50,4551
2025-09-26 10:00,3781.30,3785.20,3772.80,3774.90,5414
2025-09-26 11:00,3775.00,3783.10,3774.50,3778.70,5643
2025-09-26 12:00,3778.80,3788.00,3776.40,3782.30,14090
2025-09-26 13:00,3782.30,3797.20,3781.20,3792.40,28925
2025-09-26 14:00,3792.20,3814.40,3791.80,3808.60,31356
2025-09-26 15:00,3808.50,3811.30,3802.40,3810.40,12948
2025-09-26 16:00,3810.40,3811.20,3801.00,3804.10,13921
2025-09-26 17:00,3804.50,3813.20,3803.80,3812.80,11361
2025-09-26 18:00,3813.00,3813.30,3804.40,3808.60,7299
2025-09-26 19:00,3808.60,3808.80,3793.60,3795.80,11014
2025-09-26 20:00,3796.00,3809.00,3789.00,3809.00,6381
2025-09-28 22:00,3796.80,3800.50,3794.90,3800.10,2924
2025-09-28 23:00,3800.00,3801.60,3795.10,3795.90,3230
2025-09-29 00:00,3795.80,3816.40,3792.90,3816.10,9394
2025-09-29 01:00,3816.00,3817.70,3796.20,3808.00,16554
2025-09-29 02:00,3807.80,3827.80,3806.30,3822.10,13453
2025-09-29 03:00,3822.30,3828.50,3821.50,3823.50,6211
2025-09-29 04:00,3824.00,3837.80,3822.10,3833.60,9361
2025-09-29 05:00,3833.80,3842.80,3830.40,3841.80,10899
2025-09-29 06:00,3842.00,3848.80,3839.60,3846.50,11543
2025-09-29 07:00,3846.40,3849.00,3834.40,3836.10,11140
2025-09-29 08:00,3836.20,3849.30,3836.20,3848.50,11438
2025-09-29 09:00,3848.50,3849.40,3837.00,3837.50,7945
2025-09-29 10:00,3837.70,3848.70,3836.50,3847.70,7864
2025-09-29 11:00,3847.50,3860.60,3846.20,3858.20,13440
2025-09-29 12:00,3858.10,3859.70,3841.30,3843.50,18586
2025-09-29 13:00,3843.70,3857.70,3838.60,3850.70,20368
2025-09-29 14:00,3850.60,3859.90,3845.70,3857.10,20080
2025-09-29 15:00,3857.20,3862.20,3849.50,3859.30,16640
2025-09-29 16:00,3859.20,3862.20,3856.90,3858.90,9850
2025-09-29 17:00,3859.00,3861.60,3852.70,3857.60,11250
2025-09-29 18:00,3857.80,3859.80,3852.00,3853.20,6857
2025-09-29 19:00,3853.30,3858.40,3850.90,3857.10,5915
2025-09-29 20:00,3857.00,3863.70,3856.00,3862.90,4139
2025-09-29 22:00,3863.10,3863.20,3854.40,3859.10,0
2025-09-29 23:00,3859.10,3861.90,3856.50,3861.10,2378
2025-09-30 00:00,3861.20,3869.00,3859.50,3867.40,8450
2025-09-30 01:00,3867.50,3880.00,3866.20,3877.20,11377
2025-09-30 02:00,3877.20,3880.90,3871.00,3876.50,8814
2025-09-30 03:00,3876.60,3895.50,3874.30,3893.30,11172
2025-09-30 04:00,3892.80,3894.90,3890.10,3894.90,4528
2025-09-30 05:00,3894.90,3898.10,3890.20,3897.50,8860
2025-09-30 06:00,3897.40,3899.20,3882.70,3883.90,13715
2025-09-30 07:00,3883.80,3887.90,3867.90,3872.20,16249
2025-09-30 08:00,3872.00,3875.60,3835.40,3843.80,29538
2025-09-30 09:00,3843.70,3848.80,3820.60,3826.30,20864
2025-09-30 10:00,3825.80,3842.20,3825.80,3839.40,11284
2025-09-30 11:00,3839.40,3845.30,3831.70,3842.60,10779
2025-09-30 12:00,3842.40,3850.00,3836.50,3847.50,16411
2025-09-30 13:00,3847.80,3858.60,3839.70,3852.40,24387
2025-09-30 14:00,3852.00,3882.30,3848.70,3881.70,34787
2025-09-30 15:00,3881.70,3881.90,3858.70,3866.30,22795
2025-09-30 16:00,3866.80,3875.60,3865.70,3873.80,9575
2025-09-30 17:00,3873.80,3877.20,3870.70,3872.20,11131
2025-09-30 18:00,3872.50,3877.10,3867.20,3876.00,7041
2025-09-30 19:00,3876.00,3888.70,3875.20,3886.70,9923
2025-09-30 20:00,3886.80,3888.80,3878.70,3887.60,6217
2025-09-30 22:00,3887.70,3889.70,3882.40,3888.20,0
2025-09-30 23:00,3888.30,3890.80,3888.10,3890.60,2744
2025-10-01 00:00,3890.60,3892.50,3885.90,3888.30,5755
2025-10-01 01:00,3888.10,3896.50,3887.00,3896.50,6406
2025-10-01 02:00,3896.40,3904.10,3885.50,3891.30,13559
2025-10-01 03:00,3891.00,3894.30,3883.50,3889.70,6959
2025-10-01 04:00,3889.50,3892.80,3885.30,3892.60,4223
2025-10-01 05:00,3892.40,3897.00,3889.40,3890.80,5986
2025-10-01 06:00,3890.70,3892.70,3880.30,3887.10,9461
2025-10-01 07:00,3886.90,3908.30,3886.60,3907.20,14876
2025-10-01 08:00,3907.40,3922.70,3907.00,3920.10,20455
2025-10-01 09:00,3920.20,3922.40,3911.30,3916.80,11323
2025-10-01 10:00,3917.00,3917.40,3912.70,3914.70,6115
2025-10-01 11:00,3915.10,3915.90,3905.40,3911.10,10297
2025-10-01 12:00,3911.20,3918.80,3891.30,3897.50,30204
2025-10-01 13:00,3897.30,3904.10,3890.70,3899.80,27513
2025-10-01 14:00,3899.30,3906.20,3882.80,3899.90,35952
2025-10-01 15:00,3899.80,3903.80,3884.60,3895.10,23095
2025-10-01 16:00,3895.00,3898.20,3887.30,3897.60,10920
2025-10-01 17:00,3897.70,3898.50,3887.30,3887.40,9975
2025-10-01 18:00,3887.60,3893.10,3881.40,3888.70,11591
2025-10-01 19:00,3888.80,3897.60,3887.80,3894.30,7184
2025-10-01 20:00,3894.30,3894.40,3886.50,3892.60,4192
2025-10-01 22:00,3892.70,3895.70,3884.10,3887.50,0
2025-10-01 23:00,3887.40,3892.30,3882.90,3888.90,3926
2025-10-02 00:00,3888.70,3889.20,3881.50,3881.70,4123
2025-10-02 01:00,3881.50,3890.00,3877.00,3889.90,7330
2025-10-02 02:00,3889.90,3895.20,3886.50,3891.10,4638
2025-10-02 03:00,3890.80,3894.40,3888.80,3891.50,2954
2025-10-02 04:00,3891.60,3892.70,3886.60,3889.20,1894
2025-10-02 05:00,3889.30,3896.50,3889.30,3892.90,4233
2025-10-02 06:00,3893.00,3899.30,3886.80,3889.00,6454
2025-10-02 07:00,3888.90,3899.60,3886.90,3894.00,10410
2025-10-02 08:00,3893.60,3903.60,3889.70,3899.30,6557
2025-10-02 09:00,3899.40,3905.10,3898.10,3904.30,6461
2025-10-02 10:00,3904.40,3908.60,3901.20,3906.60,5373
2025-10-02 11:00,3906.70,3911.70,3904.50,3911.20,7482
2025-10-02 12:00,3911.30,3917.50,3905.10,3910.10,15411
2025-10-02 13:00,3909.90,3923.30,3898.10,3899.70,30004
2025-10-02 14:00,3900.00,3901.50,3849.10,3863.80,65720
2025-10-02 15:00,3863.70,3869.00,3842.80,3851.80,37303
2025-10-02 16:00,3851.70,3869.20,3850.70,3868.60,17974
2025-10-02 17:00,3868.60,3871.80,3864.70,3868.60,13327
2025-10-02 18:00,3868.50,3876.50,3867.80,3875.20,6904
2025-10-02 19:00,3875.20,3883.40,3874.80,3880.10,8588
2025-10-02 20:00,3880.30,3884.50,3878.00,3880.80,3274
2025-10-02 22:00,3880.40,3882.90,3876.00,3881.20,0
2025-10-02 23:00,3881.20,3888.10,3880.60,3886.80,2447
2025-10-03 00:00,3886.60,3887.20,3880.20,3880.70,4547
2025-10-03 01:00,3880.90,3886.50,3870.90,3882.20,9168
2025-10-03 02:00,3882.30,3882.90,3871.00,3871.90,4684
2025-10-03 03:00,3871.50,3874.60,3861.10,3865.80,7911
2025-10-03 04:00,3865.70,3871.30,3864.60,3867.20,3587
2025-10-03 05:00,3867.10,3882.40,3867.00,3878.30,6677
2025-10-03 06:00,3878.20,3884.20,3874.20,3882.00,6432
2025-10-03 07:00,3882.20,3888.70,3880.00,3887.30,6906
2025-10-03 08:00,3887.50,3889.00,3883.40,3888.30,4392
2025-10-03 09:00,3888.20,3888.40,3880.20,3887.70,4155
2025-10-03 10:00,3887.80,3891.50,3885.30,3888.90,8153
2025-10-03 11:00,3888.90,3890.30,3877.60,3885.30,7955
2025-10-03 12:00,3885.40,3899.50,3883.70,3898.40,15151
2025-10-03 13:00,3898.40,3915.60,3894.50,3907.30,34141
2025-10-03 14:00,3907.40,3912.50,3890.70,3904.30,27540
2025-10-03 15:00,3904.40,3916.80,3898.50,3914.40,17705
2025-10-03 16:00,3914.50,3914.80,3905.40,3908.90,10077
2025-10-03 17:00,3908.80,3911.40,3901.70,3906.60,10376
2025-10-03 18:00,3906.90,3914.80,3905.20,3911.80,7166
2025-10-03 19:00,3911.90,3914.60,3909.30,3910.90,5657
2025-10-03 20:00,3910.90,3912.70,3908.50,3908.90,3034
2025-10-05 22:00,3911.20,3930.30,3908.90,3927.30,8431
2025-10-05 23:00,3927.60,3945.20,3925.00,3935.30,15182
2025-10-06 00:00,3935.40,3935.90,3924.30,3926.10,9502
2025-10-06 01:00,3926.50,3943.40,3925.50,3943.30,7719
2025-10-06 02:00,3943.30,3950.00,3942.70,3946.10,10293
2025-10-06 03:00,3945.80,3956.80,3944.90,3954.30,7868
2025-10-06 04:00,3954.60,3964.50,3953.30,3963.20,8430
2025-10-06 05:00,3962.90,3969.00,3951.70,3957.40,11965
2025-10-06 06:00,3957.50,3959.00,3947.40,3958.50,9772
2025-10-06 07:00,3958.30,3968.00,3953.40,3965.70,10787
2025-10-06 08:00,3965.80,3973.70,3959.30,3966.70,13345
2025-10-06 09:00,3966.90,3969.30,3960.60,3966.50,5558
2025-10-06 10:00,3966.70,3971.10,3956.00,3966.60,8433
2025-10-06 11:00,3966.40,3967.30,3954.70,3962.40,9714
2025-10-06 12:00,3962.20,3966.10,3950.00,3957.60,21074
2025-10-06 13:00,3957.80,3971.10,3950.60,3968.60,20128
2025-10-06 14:00,3968.50,3983.00,3963.80,3978.30,24927
2025-10-06 15:00,3978.00,3988.20,3972.00,3986.40,17563
2025-10-06 16:00,3986.40,3994.50,3969.50,3978.10,23608
2025-10-06 17:00,3978.30,3983.30,3975.20,3982.50,11955
2025-10-06 18:00,3982.60,3985.50,3980.60,3983.00,4926
2025-10-06 19:00,3982.90,3989.70,3981.90,3983.20,7361
2025-10-06 20:00,3983.20,3986.20,3981.00,3984.40,3546
2025-10-06 22:00,3983.00,3999.00,3982.00,3986.70,0
2025-10-06 23:00,3986.60,3995.30,3984.60,3992.40,4683
2025-10-07 00:00,3992.30,4000.10,3984.40,3986.00,11338
2025-10-07 01:00,3986.20,3987.00,3978.70,3980.70,8672
2025-10-07 02:00,3980.60,3990.00,3980.00,3987.70,4804
2025-10-07 03:00,3987.60,3997.00,3983.30,3996.30,6449
2025-10-07 04:00,3995.30,3999.20,3993.40,3998.00,5349
2025-10-07 05:00,3997.80,3999.00,3982.50,3987.30,10009
2025-10-07 06:00,3987.30,3988.50,3976.50,3977.90,8713
2025-10-07 07:00,3974.40,3979.40,3965.80,3968.60,7399
2025-10-07 08:00,3968.60,3976.70,3963.40,3974.10,11918
2025-10-07 09:00,3974.00,3986.60,3973.90,3977.70,11399
2025-10-07 10:00,3977.50,3985.90,3976.40,3983.10,5912
2025-10-07 11:00,3983.20,3992.10,3979.20,3989.80,7218
2025-10-07 12:00,3989.70,4003.70,3986.60,4002.90,19682
2025-10-07 13:00,4002.60,4009.00,3993.30,4002.40,26703
2025-10-07 14:00,4002.30,4010.10,3991.20,4009.00,25128
2025-10-07 15:00,4009.20,4014.60,3983.40,3988.70,34684
2025-10-07 16:00,3989.00,4002.50,3985.30,3999.90,21229
2025-10-07 17:00,3999.90,4011.10,3999.40,4003.90,16545
2025-10-07 18:00,4003.90,4006.70,3996.70,4003.80,9165
2025-10-07 19:00,4003.80,4006.10,4001.20,4002.50,5658
2025-10-07 20:00,4002.70,4009.40,4002.70,4007.90,3208
2025-10-07 22:00,4007.10,4013.20,4005.60,4012.30,0
2025-10-07 23:00,4012.40,4018.00,4011.00,4016.20,6412
2025-10-08 00:00,4016.30,4020.90,4011.00,4014.00,11447
2025-10-08 01:00,4014.00,4023.60,4006.70,4023.40,13240
2025-10-08 02:00,4023.20,4034.00,4018.10,4033.90,12499
2025-10-08 03:00,4033.90,4038.70,4031.40,4036.60,8724
2025-10-08 04:00,4037.10,4049.90,4037.10,4049.00,13061
2025-10-08 05:00,4049.00,4059.30,4046.70,4051.90,14052
2025-10-08 06:00,4052.00,4055.20,4043.50,4053.70,13885
2025-10-08 07:00,4053.70,4061.20,4052.30,4056.50,11993
2025-10-08 08:00,4056.40,4063.40,4055.40,4058.40,11295
2025-10-08 09:00,4058.20,4071.50,4055.00,4070.90,13936
2025-10-08 10:00,4070.90,4071.50,4055.70,4059.10,13670
2025-10-08 11:00,4059.20,4060.20,4053.60,4060.00,9768
2025-10-08 12:00,4060.10,4068.80,4052.50,4062.10,19656
2025-10-08 13:00,4062.10,4072.00,4047.50,4059.80,34592
2025-10-08 14:00,4059.70,4070.80,4057.30,4069.70,22889
2025-10-08 15:00,4069.70,4072.40,4058.10,4067.20,21992
2025-10-08 16:00,4067.30,4081.00,4065.40,4078.40,20867
2025-10-08 17:00,4078.60,4080.00,4063.70,4072.50,18141
2025-10-08 18:00,4072.00,4074.50,4059.50,4070.50,12823
2025-10-08 19:00,4070.60,4075.60,4052.50,4064.20,21561
2025-10-08 20:00,4064.30,4067.00,4058.70,4060.60,4636
2025-10-08 22:00,4061.80,4064.60,4033.20,4039.90,0
2025-10-08 23:00,4040.00,4041.30,4019.20,4030.10,14759
2025-10-09 00:00,4030.00,4047.60,4027.30,4042.20,12909
2025-10-09 01:00,4042.40,4057.00,4027.70,4040.40,24391
2025-10-09 02:00,4040.50,4041.60,4022.40,4038.40,13007
2025-10-09 03:00,4038.50,4049.00,4036.50,4045.00,6770
2025-10-09 04:00,4046.10,4059.80,4046.10,4057.50,8298
2025-10-09 05:00,4057.50,4062.10,4053.20,4058.20,7254
2025-10-09 06:00,4058.50,4059.60,4041.10,4044.80,8763
2025-10-09 07:00,4044.80,4052.20,4044.00,4051.20,7358
2025-10-09 08:00,4051.00,4060.00,4049.80,4057.80,6952
2025-10-09 09:00,4058.00,4062.10,4053.50,4057.20,6723
2025-10-09 10:00,4057.40,4064.10,4055.70,4064.10,4500
2025-10-09 11:00,4064.00,4066.90,4052.80,4063.70,9298
2025-10-09 12:00,4063.70,4073.50,4056.30,4072.90,15571
2025-10-09 13:00,4072.80,4077.90,4033.80,4034.60,55088
2025-10-09 14:00,4034.40,4046.20,4018.10,4039.50,60591
2025-10-09 15:00,4038.90,4044.20,4021.30,4029.60,31878
2025-10-09 16:00,4029.50,4037.90,3976.90,3982.40,49638
2025-10-09 17:00,3982.20,3987.70,3957.90,3963.40,55859
2025-10-09 18:00,3963.10,3981.70,3962.50,3971.30,16293
2025-10-09 19:00,3971.40,3996.50,3969.00,3988.30,17818
2025-10-09 20:00,3988.30,3994.20,3987.60,3991.10,5466
2025-10-09 22:00,3990.10,3996.40,3973.00,3990.70,0
2025-10-09 23:00,3991.10,4007.60,3989.40,4006.60,7472
2025-10-10 00:00,4006.60,4009.70,4002.50,4005.10,7935
2025-10-10 01:00,4005.40,4007.00,3984.00,3987.90,14743
2025-10-10 02:00,3988.00,4002.40,3987.90,3992.60,6626
2025-10-10 03:00,3992.60,3993.10,3975.00,3979.10,8807
2025-10-10 04:00,3976.80,3980.70,3961.20,3979.80,12026
2025-10-10 05:00,3979.80,3991.60,3979.00,3990.20,11401
2025-10-10 06:00,3990.10,3991.70,3977.70,3983.00,8072
2025-10-10 07:00,3983.20,3989.00,3966.30,3985.10,13356
2025-10-10 08:00,3985.00,4006.00,3982.80,4005.10,11039
2025-10-10 09:00,4005.00,4020.50,4003.10,4010.00,17317
2025-10-10 10:00,4009.80,4015.10,4006.00,4008.10,7457
2025-10-10 11:00,4008.10,4014.80,3998.80,4002.30,9743
2025-10-10 12:00,4002.40,4010.50,3995.60,4002.00,16607
2025-10-10 13:00,4001.90,4015.00,3990.30,3996.10,34062
2025-10-10 14:00,3995.50,4010.00,3986.70,4005.70,24438
2025-10-10 15:00,4005.70,4038.60,4003.30,4013.40,52492
2025-10-10 16:00,4013.50,4014.40,3990.90,3997.50,30283
2025-10-10 17:00,3997.70,4009.50,3988.40,4004.90,21320
2025-10-10 18:00,4005.00,4024.20,3998.70,4014.90,11243
2025-10-10 19:00,4014.90,4038.00,4010.50,4028.10,12429
2025-10-10 20:00,4028.00,4038.50,4000.40,4000.40,7026
2025-10-12 22:00,4018.30,4061.80,4000.40,4059.00,13230
2025-10-12 23:00,4058.80,4078.10,4050.40,4053.10,15174
2025-10-13 00:00,4053.00,4079.30,4042.10,4061.50,18027
2025-10-13 01:00,4062.00,4074.00,4053.40,4072.00,13370
2025-10-13 02:00,4071.90,4074.80,4059.70,4066.10,7227
2025-10-13 03:00,4066.40,4074.80,4064.30,4070.20,5096
2025-10-13 04:00,4069.80,4076.40,4068.90,4073.60,3797
2025-10-13 05:00,4073.50,4096.50,4071.80,4082.60,17419
2025-10-13 06:00,4082.60,4092.60,4078.90,4088.70,9827
2025-10-13 07:00,4088.60,4096.70,4085.80,4089.70,9588
2025-10-13 08:00,4089.60,4098.50,4087.40,4097.00,10098
2025-10-13 09:00,4097.00,4099.60,4090.50,4097.00,9042
2025-10-13 10:00,4097.10,4104.30,4090.60,4099.60,9425
2025-10-13 11:00,4099.50,4103.10,4092.70,4093.20,12025
2025-10-13 12:00,4093.20,4105.60,4092.30,4099.30,19146
2025-10-13 13:00,4099.50,4115.80,4097.40,4113.80,25933
2025-10-13 14:00,4113.60,4124.30,4110.10,4117.60,25101
2025-10-13 15:00,4117.60,4127.50,4111.50,4124.80,17745
2025-10-13 16:00,4124.80,4137.20,4123.50,4125.30,19379
2025-10-13 17:00,4125.40,4135.90,4119.80,4123.40,15882
2025-10-13 18:00,4123.30,4127.50,4119.30,4121.80,5803
2025-10-13 19:00,4121.70,4130.00,4110.30,4127.30,10300
2025-10-13 20:00,4127.30,4132.50,4124.80,4130.00,3404
2025-10-13 22:00,4130.90,4135.10,4125.90,4134.20,0
2025-10-13 23:00,4134.20,4150.00,4132.40,4145.90,11370
2025-10-14 00:00,4145.70,4148.40,4137.00,4142.20,9131
2025-10-14 01:00,4142.10,4168.40,4140.70,4154.10,25361
2025-10-14 02:00,4154.10,4167.40,4153.70,4162.60,12719
2025-10-14 03:00,4162.00,4178.60,4161.70,4175.30,13299
2025-10-14 04:00,4175.60,4182.70,4168.50,4181.00,10694
2025-10-14 05:00,4180.80,4190.90,4124.30,4135.30,42414
2025-10-14 06:00,4135.30,4147.20,4105.00,4127.30,42750
2025-10-14 07:00,4127.10,4143.00,4116.50,4141.80,19594
2025-10-14 08:00,4141.60,4160.50,4139.70,4158.00,16973
2025-10-14 09:00,4157.90,4159.50,4136.70,4143.70,12997
2025-10-14 10:00,4143.90,4161.80,4142.40,4149.70,11251
2025-10-14 11:00,4149.60,4156.10,4142.80,4148.60,8858
2025-10-14 12:00,4148.80,4152.80,4119.30,4122.80,26392
2025-10-14 13:00,4122.90,4145.00,4113.60,4140.60,34751
2025-10-14 14:00,4140.50,4154.70,4136.70,4145.40,21506
2025-10-14 15:00,4145.40,4159.10,4142.10,4154.30,14061
2025-10-14 16:00,4154.50,4172.10,4144.50,4156.30,20224
2025-10-14 17:00,4156.20,4169.00,4153.00,4164.20,15522
2025-10-14 18:00,4164.10,4168.60,4158.70,4164.60,7564
2025-10-14 19:00,4164.60,4167.30,4150.60,4159.20,12020
2025-10-14 20:00,4159.30,4163.80,4156.40,4159.60,2985
2025-10-14 22:00,4160.10,4180.50,4157.30,4174.80,0
2025-10-14 23:00,4174.80,4185.40,4173.40,4179.60,4985
2025-10-15 00:00,4179.60,4187.80,4171.60,4180.10,8409
2025-10-15 01:00,4180.30,4205.80,4180.00,4200.70,17325
2025-10-15 02:00,4201.00,4203.70,4186.00,4195.30,9828
2025-10-15 03:00,4195.40,4210.00,4194.80,4206.00,8296
2025-10-15 04:00,4206.00,4206.40,4192.40,4198.80,5600
2025-10-15 05:00,4198.70,4211.30,4195.60,4204.00,9144
2025-10-15 06:00,4203.90,4218.20,4202.20,4217.10,7944
2025-10-15 07:00,4217.00,4227.90,4212.20,4225.80,13029
2025-10-15 08:00,4225.70,4235.80,4225.00,4225.50,14215
2025-10-15 09:00,4225.80,4229.60,4180.00,4208.80,26106
2025-10-15 10:00,4208.70,4223.90,4206.80,4218.90,13067
2025-10-15 11:00,4218.60,4219.90,4209.10,4214.30,8449
2025-10-15 12:00,4214.50,4218.70,4191.20,4207.00,21769
2025-10-15 13:00,4207.00,4214.50,4198.80,4207.60,20896
2025-10-15 14:00,4207.70,4227.70,4207.50,4216.20,27384
2025-10-15 15:00,4216.10,4221.70,4196.10,4207.00,25600
2025-10-15 16:00,4207.00,4216.60,4202.30,4215.50,13519
2025-10-15 17:00,4215.10,4216.20,4198.20,4214.20,15950
2025-10-15 18:00,4214.40,4222.30,4213.00,4219.00,10049
2025-10-15 19:00,4218.80,4229.60,4218.30,4226.00,10760
2025-10-15 20:00,4226.00,4228.80,4222.20,4224.90,3735
2025-10-15 22:00,4225.10,4230.60,4214.50,4227.40,0
2025-10-15 23:00,4227.80,4230.40,4219.30,4223.20,5136
2025-10-16 00:00,4223.10,4241.50,4218.40,4224.50,12800
2025-10-16 01:00,4224.70,4246.90,4224.70,4243.80,15558
2025-10-16 02:00,4243.80,4253.00,4239.20,4253.00,9139
2025-10-16 03:00,4252.80,4255.40,4241.90,4249.20,10128
2025-10-16 04:00,4247.60,4253.20,4240.70,4246.70,7508
2025-10-16 05:00,4246.60,4248.00,4216.40,4218.50,19210
2025-10-16 06:00,4218.50,4241.10,4217.40,4236.80,15675
2025-10-16 07:00,4236.70,4248.00,4236.20,4244.50,10482
2025-10-16 08:00,4244.60,4250.30,4243.40,4247.60,8385
2025-10-16 09:00,4247.50,4257.60,4237.30,4254.90,10722
2025-10-16 10:00,4255.00,4262.50,4250.00,4259.10,11988
2025-10-16 11:00,4259.20,4264.00,4255.50,4256.10,8861
2025-10-16 12:00,4256.30,4266.80,4241.90,4250.40,22921
2025-10-16 13:00,4250.70,4274.00,4249.20,4262.50,30509
2025-10-16 14:00,4262.40,4283.90,4261.70,4278.80,26121
2025-10-16 15:00,4278.80,4292.70,4276.10,4289.40,19424
2025-10-16 16:00,4289.50,4308.20,4275.70,4296.90,43440
2025-10-16 17:00,4297.10,4314.70,4294.40,4309.50,25866
2025-10-16 18:00,4309.40,4310.50,4287.20,4306.00,18488
2025-10-16 19:00,4305.60,4328.70,4302.40,4321.40,15155
2025-10-16 20:00,4321.90,4346.70,4321.80,4344.30,12719
2025-10-16 22:00,4348.10,4392.00,4341.50,4359.80,0
2025-10-16 23:00,4360.20,4391.80,4354.60,4378.80,16579
2025-10-17 00:00,4378.30,4383.50,4365.40,4369.80,14145
2025-10-17 01:00,4369.70,4374.90,4291.30,4326.30,49384
2025-10-17 02:00,4326.10,4362.00,4324.20,4355.30,20480
2025-10-17 03:00,4355.60,4378.40,4351.30,4377.20,10843
2025-10-17 04:00,4378.90,4389.60,4367.50,4388.40,11877
2025-10-17 05:00,4388.20,4390.40,4353.50,4378.40,14308
2025-10-17 06:00,4378.50,4382.50,4358.90,4372.50,14709
2025-10-17 07:00,4372.00,4374.10,4320.00,4354.50,27039
2025-10-17 08:00,4354.50,4363.80,4332.40,4360.20,21390
2025-10-17 09:00,4360.20,4361.50,4345.30,4353.30,10037
2025-10-17 10:00,4353.10,4355.90,4332.00,4339.70,14011
2025-10-17 11:00,4339.70,4349.00,4298.00,4298.70,28514
2025-10-17 12:00,4298.70,4332.30,4294.50,4327.00,36740
2025-10-17 13:00,4326.60,4330.00,4268.20,4286.80,48315
2025-10-17 14:00,4286.40,4287.30,4226.00,4262.70,66589
2025-10-17 15:00,4262.30,4273.70,4244.20,4251.40,24890
2025-10-17 16:00,4251.50,4259.00,4211.60,4216.80,34543
2025-10-17 17:00,4217.50,4241.00,4196.00,4233.90,34200
2025-10-17 18:00,4234.20,4258.10,4231.20,4249.60,15208
2025-10-17 19:00,4249.80,4252.00,4225.00,4240.30,13705
2025-10-17 20:00,4241.70,4268.00,4213.30,4213.30,7250
2025-10-19 22:00,4269.00,4289.90,4213.30,4269.70,9908
2025-10-19 23:00,4269.70,4270.40,4243.30,4250.00,5897
2025-10-20 00:00,4249.40,4262.40,4229.70,4260.80,12152
2025-10-20 01:00,4260.50,4281.00,4240.70,4274.30,14812
2025-10-20 02:00,4274.70,4283.00,4264.20,4266.80,7824
2025-10-20 03:00,4266.80,4278.50,4261.00,4277.80,7129
2025-10-20 04:00,4278.00,4281.50,4273.30,4279.80,3677
2025-10-20 05:00,4279.30,4279.60,4251.40,4251.90,9463
2025-10-20 06:00,4252.30,4258.60,4233.60,4249.20,14498
2025-10-20 07:00,4249.00,4274.80,4247.50,4269.30,10513
2025-10-20 08:00,4269.10,4280.70,4266.30,4273.40,7974
2025-10-20 09:00,4273.30,4278.50,4264.40,4275.40,6900
2025-10-20 10:00,4275.40,4275.50,4259.50,4269.90,8462
2025-10-20 11:00,4269.50,4295.30,4265.70,4294.80,10437
2025-10-20 12:00,4294.60,4344.70,4287.60,4340.90,37529
2025-10-20 13:00,4340.90,4342.80,4315.40,4317.10,33448
2025-10-20 14:00,4316.80,4351.20,4308.30,4348.70,34412
2025-10-20 15:00,4348.70,4372.30,4348.70,4366.00,24107
2025-10-20 16:00,4366.00,4367.70,4358.90,4365.20,11997
2025-10-20 17:00,4365.40,4368.90,4354.40,4365.70,15176
2025-10-20 18:00,4365.80,4382.30,4362.10,4376.30,13480
2025-10-20 19:00,4376.40,4398.00,4376.10,4394.30,15800
2025-10-20 20:00,4394.40,4396.50,4363.70,4374.30,13710
2025-10-20 22:00,4371.00,4393.60,4370.20,4385.30,0
2025-10-20 23:00,4385.50,4389.70,4373.00,4377.30,6083
2025-10-21 00:00,4377.40,4387.90,4372.10,4386.00,10284
2025-10-21 01:00,4385.90,4390.00,4348.40,4367.70,18145
2025-10-21 02:00,4368.10,4372.90,4351.30,4354.90,11432
2025-10-21 03:00,4354.80,4367.30,4353.70,4362.90,6076
2025-10-21 04:00,4362.80,4362.80,4352.50,4358.40,3943
2025-10-21 05:00,4358.30,4360.70,4332.60,4339.50,13380
2025-10-21 06:00,4338.60,4359.60,4333.00,4358.60,11211
2025-10-21 07:00,4358.50,4358.60,4309.30,4312.80,21832
2025-10-21 08:00,4312.60,4316.30,4257.70,4287.60,35289
2025-10-21 09:00,4287.30,4291.40,4267.90,4278.60,17055
2025-10-21 10:00,4278.90,4280.70,4262.50,4268.20,13292
2025-10-21 11:00,4268.00,4286.80,4258.90,4266.80,12818
2025-10-21 12:00,4266.80,4270.90,4217.20,4223.40,41068
2025-10-21 13:00,4223.50,4238.90,4179.10,4185.30,62182
2025-10-21 14:00,4185.90,4202.50,4093.00,4152.10,88941
2025-10-21 15:00,4152.00,4164.20,4131.30,4150.60,41289
2025-10-21 16:00,4150.50,4156.70,4112.00,4124.80,30844
2025-10-21 17:00,4125.20,4133.60,4105.00,4124.20,30842
2025-10-21 18:00,4124.00,4139.50,4118.80,4128.20,13419
2025-10-21 19:00,4128.40,4135.90,4112.40,4124.20,16253
2025-10-21 20:00,4124.50,4145.50,4121.00,4138.50,9009
2025-10-21 22:00,4137.00,4146.70,4126.60,4136.20,0
2025-10-21 23:00,4136.10,4140.70,4103.40,4106.70,8822
2025-10-22 00:00,4106.80,4107.60,4021.20,4088.60,43590
2025-10-22 01:00,4088.50,4133.80,4077.20,4100.50,24308
2025-10-22 02:00,4100.70,4131.80,4100.60,4128.90,8982
2025-10-22 03:00,4129.10,4157.90,4120.40,4143.70,11326
2025-10-22 04:00,4142.80,4148.00,4121.90,4141.90,8132
2025-10-22 05:00,4142.40,4160.80,4140.20,4148.70,8526
2025-10-22 06:00,4148.80,4175.00,4141.00,4169.10,12285
2025-10-22 07:00,4169.30,4169.70,4142.40,4146.30,13265
2025-10-22 08:00,4146.20,4149.50,4074.00,4083.50,32520
2025-10-22 09:00,4083.70,4116.50,4076.30,4084.00,17574
2025-10-22 10:00,4083.90,4106.20,4035.00,4049.50,19608
2025-10-22 11:00,4049.40,4060.70,4029.10,4042.70,22394
2025-10-22 12:00,4042.50,4069.30,4038.00,4048.90,27288
2025-10-22 13:00,4048.90,4101.00,4048.80,4090.70,41301
2025-10-22 14:00,4090.60,4093.60,4025.10,4030.80,40999
2025-10-22 15:00,4030.70,4064.20,4030.50,4053.10,27483
2025-10-22 16:00,4053.50,4081.00,4039.40,4075.50,22653
2025-10-22 17:00,4074.70,4087.70,4058.80,4086.30,23571
2025-10-22 18:00,4086.50,4098.90,4083.00,4094.00,11619
2025-10-22 19:00,4094.20,4131.40,4093.80,4120.00,19401
2025-10-22 20:00,4120.40,4125.60,4106.40,4116.60,6877
2025-10-22 22:00,4114.80,4133.60,4108.80,4119.20,0
2025-10-22 23:00,4119.20,4122.30,4096.40,4104.70,6485
2025-10-23 00:00,4104.20,4114.30,4079.60,4098.20,9324
2025-10-23 01:00,4097.70,4108.60,4087.20,4088.50,8202
2025-10-23 02:00,4088.90,4100.80,4087.20,4098.10,5399
2025-10-23 03:00,4098.00,4116.40,4093.10,4106.90,6135
2025-10-23 04:00,4106.70,4107.90,4094.40,4104.60,4789
2025-10-23 05:00,4104.30,4125.10,4099.00,4124.60,6723
2025-10-23 06:00,4124.70,4152.90,4124.60,4127.70,18807
2025-10-23 07:00,4127.80,4136.30,4106.40,4109.60,13026
2025-10-23 08:00,4109.90,4134.00,4109.80,4131.50,8711
2025-10-23 09:00,4131.50,4140.70,4126.40,4139.60,8349
2025-10-23 10:00,4139.60,4140.50,4115.50,4122.90,10853
2025-10-23 11:00,4122.90,4135.40,4121.50,4123.70,9757
2025-10-23 12:00,4123.40,4144.40,4113.70,4142.30,15137
2025-10-23 13:00,4142.10,4167.50,4141.10,4161.20,32420
2025-10-23 14:00,4161.10,4171.50,4150.60,4164.50,23996
2025-10-23 15:00,4164.50,4168.60,4152.70,4158.60,15334
2025-10-23 16:00,4158.60,4165.40,4141.90,4149.40,15586
2025-10-23 17:00,4149.20,4156.30,4141.00,4153.90,13670
2025-10-23 18:00,4153.90,4160.00,4149.20,4152.30,9372
2025-10-23 19:00,4152.30,4154.60,4132.50,4134.60,11372
2025-10-23 20:00,4134.60,4143.70,4123.50,4143.20,6082
2025-10-23 22:00,4144.00,4149.00,4127.30,4132.40,0
2025-10-23 23:00,4132.50,4139.00,4121.20,4136.80,3625
2025-10-24 00:00,4137.10,4149.00,4133.40,4147.60,6513
2025-10-24 01:00,4147.70,4159.00,4126.00,4133.10,14043
2025-10-24 02:00,4133.30,4133.50,4123.30,4123.70,8594
2025-10-24 03:00,4123.60,4137.30,4122.10,4135.90,6035
2025-10-24 04:00,4136.20,4137.10,4115.50,4124.70,8764
2025-10-24 05:00,4124.90,4131.50,4116.40,4118.50,7452
2025-10-24 06:00,4118.30,4118.90,4096.10,4107.50,17410
2025-10-24 07:00,4107.40,4111.70,4083.10,4088.90,13126
2025-10-24 08:00,4088.80,4092.30,4060.90,4079.00,18695
2025-10-24 09:00,4078.70,4087.00,4068.10,4075.50,8573
2025-10-24 10:00,4074.90,4085.40,4067.00,4068.40,6940
2025-10-24 11:00,4068.20,4079.30,4055.70,4075.60,9888
2025-10-24 12:00,4075.70,4110.10,4073.40,4096.10,23399
2025-10-24 13:00,4096.30,4137.70,4093.20,4120.90,38932
2025-10-24 14:00,4121.30,4151.10,4116.50,4133.00,28560
2025-10-24 15:00,4133.10,4148.30,4128.70,4146.70,14863
2025-10-24 16:00,4146.60,4156.00,4138.10,4145.80,13460
2025-10-24 17:00,4146.30,4151.40,4121.20,4123.40,15327
2025-10-24 18:00,4123.50,4130.00,4117.60,4126.70,10942
2025-10-24 19:00,4126.30,4133.70,4117.50,4119.70,8173
2025-10-24 20:00,4119.70,4137.80,4111.00,4137.80,4840
2025-10-26 22:00,4103.20,4137.80,4074.20,4096.40,14845
2025-10-26 23:00,4097.30,4102.90,4075.40,4078.20,8989
2025-10-27 00:00,4078.70,4098.40,4071.80,4095.20,8247
2025-10-27 01:00,4094.90,4112.00,4088.80,4094.80,11194
2025-10-27 02:00,4094.60,4095.20,4083.00,4084.70,7365
2025-10-27 03:00,4084.90,4095.10,4078.30,4083.50,6351
2025-10-27 04:00,4082.00,4084.80,4065.80,4081.80,10132
2025-10-27 05:00,4081.50,4098.60,4081.20,4093.50,6520
2025-10-27 06:00,4093.50,4098.30,4087.00,4091.80,6112
2025-10-27 07:00,4091.80,4093.80,4077.40,4081.70,5391
2025-10-27 08:00,4081.60,4083.60,4034.20,4055.20,17530
2025-10-27 09:00,4055.40,4063.60,4042.70,4053.30,13309
2025-10-27 10:00,4053.00,4061.80,4042.30,4050.80,8136
2025-10-27 11:00,4051.00,4054.90,4028.00,4038.00,16016
2025-10-27 12:00,4037.90,4061.20,4036.00,4060.10,13886
2025-10-27 13:00,4060.30,4064.80,4026.90,4036.00,27267
2025-10-27 14:00,4035.70,4037.30,3995.20,4002.20,50809
2025-10-27 15:00,4002.10,4008.30,3985.90,4004.60,31006
2025-10-27 16:00,4004.80,4015.60,3998.60,4014.30,15454
2025-10-27 17:00,4014.50,4024.20,4005.50,4021.70,17166
2025-10-27 18:00,4021.80,4025.80,4012.10,4014.10,10064
2025-10-27 19:00,4014.20,4020.30,4000.80,4006.00,11563
2025-10-27 20:00,4005.80,4016.00,3994.20,3997.00,5872
2025-10-27 22:00,3999.90,4012.20,3994.10,4004.50,0
2025-10-27 23:00,4004.20,4019.00,3997.20,4012.50,6078
2025-10-28 00:00,4012.80,4024.50,3987.20,4021.50,11283
2025-10-28 01:00,4021.80,4034.20,4017.00,4024.40,11478
2025-10-28 02:00,4024.40,4027.20,3995.10,3998.60,10532
2025-10-28 03:00,3998.30,4008.90,3997.30,4006.60,5374
2025-10-28 04:00,4007.00,4008.20,3978.00,3988.00,12704
2025-10-28 05:00,3988.30,3995.10,3973.00,3980.70,10093
2025-10-28 06:00,3980.50,3983.00,3953.40,3958.10,14704
2025-10-28 07:00,3958.20,3964.60,3936.90,3947.40,15905
2025-10-28 08:00,3947.60,3950.90,3911.10,3912.00,23050
2025-10-28 09:00,3911.70,3925.70,3901.30,3919.00,21436
2025-10-28 10:00,3918.60,3947.00,3913.50,3940.80,16377
2025-10-28 11:00,3941.00,3944.30,3925.60,3937.10,13199
2025-10-28 12:00,3937.00,3944.30,3919.20,3927.00,15767
2025-10-28 13:00,3927.20,3955.40,3926.50,3953.50,27656
2025-10-28 14:00,3953.90,3968.60,3949.50,3964.60,26462
2025-10-28 15:00,3964.50,3983.80,3961.80,3978.60,20918
2025-10-28 16:00,3978.70,3979.70,3965.60,3973.50,19996
2025-10-28 17:00,3973.40,3985.70,3969.10,3976.60,19284
2025-10-28 18:00,3976.50,3978.40,3959.10,3971.60,10810
2025-10-28 19:00,3971.50,3978.30,3965.10,3975.80,10015
2025-10-28 20:00,3975.40,3976.40,3964.60,3968.10,3997
2025-10-28 22:00,3967.20,3977.50,3930.00,3948.80,0
2025-10-28 23:00,3949.10,3982.50,3948.70,3979.00,5286
2025-10-29 00:00,3978.60,3995.70,3973.40,3988.60,11000
2025-10-29 01:00,3988.90,3993.70,3979.60,3987.30,9129
2025-10-29 02:00,3987.20,3988.20,3957.20,3975.00,8379
2025-10-29 03:00,3974.60,3986.20,3971.70,3977.30,5324
2025-10-29 04:00,3977.20,3978.80,3964.50,3965.80,4346
2025-10-29 05:00,3965.60,3979.70,3963.90,3976.00,4541
2025-10-29 06:00,3976.30,3998.80,3973.20,3992.20,6449
2025-10-29 07:00,3992.00,4014.80,3988.70,4014.50,11910
2025-10-29 08:00,4014.80,4031.20,4013.40,4029.80,14310
2025-10-29 09:00,4029.50,4042.70,4026.00,4037.20,12180
2025-10-29 10:00,4037.40,4043.70,4030.10,4037.20,8713
2025-10-29 11:00,4037.10,4042.10,4026.60,4030.20,9877
2025-10-29 12:00,4031.00,4046.20,4027.00,4038.80,10519
2025-10-29 13:00,4038.80,4038.90,4016.80,4026.90,24911
2025-10-29 14:00,4026.80,4037.10,4020.60,4021.90,16059
2025-10-29 15:00,4021.80,4026.60,4003.40,4007.50,18541
2025-10-29 16:00,4007.80,4016.30,4005.90,4007.70,9850
2025-10-29 17:00,4007.30,4012.00,3999.20,4009.00,10392
2025-10-29 18:00,4008.60,4021.70,3954.70,3982.90,40283
2025-10-29 19:00,3983.00,3993.50,3940.40,3959.20,23646
2025-10-29 20:00,3958.70,3967.80,3940.50,3941.70,7750
2025-10-29 22:00,3942.80,3960.50,3925.10,3953.00,0
2025-10-29 23:00,3952.90,3965.50,3951.00,3963.90,3699
2025-10-30 00:00,3964.10,3976.60,3948.20,3961.80,8361
2025-10-30 01:00,3961.50,3978.20,3956.50,3960.40,11097
2025-10-30 02:00,3960.00,3960.80,3934.20,3934.50,10593
2025-10-30 03:00,3934.90,3949.50,3927.60,3947.30,6507
2025-10-30 04:00,3949.50,3996.00,3946.70,3985.20,14339
2025-10-30 05:00,3985.50,3991.00,3959.00,3976.20,9572
2025-10-30 06:00,3975.80,3990.00,3968.40,3989.30,7492
2025-10-30 07:00,3989.10,3990.00,3967.00,3972.80,6756
2025-10-30 08:00,3973.00,3989.20,3971.40,3988.50,8030
2025-10-30 09:00,3988.20,4024.20,3988.10,4010.40,14302
2025-10-30 10:00,4010.70,4013.30,3985.10,3995.80,10523
2025-10-30 11:00,3996.10,3997.30,3975.30,3985.70,9138
2025-10-30 12:00,3985.80,3997.70,3972.00,3972.60,13844
2025-10-30 13:00,3972.20,4007.90,3970.90,4007.90,19441
2025-10-30 14:00,4007.60,4028.30,3999.60,4009.60,29301
2025-10-30 15:00,4009.20,4022.40,4001.60,4015.30,13785
2025-10-30 16:00,4015.30,4017.80,4004.60,4014.50,8622
2025-10-30 17:00,4014.70,4031.50,4007.70,4017.50,11030
2025-10-30 18:00,4017.50,4030.50,4013.30,4028.20,7592
2025-10-30 19:00,4028.30,4038.50,4027.20,4035.20,7014
2025-10-30 20:00,4035.20,4041.50,4029.30,4038.30,4891
2025-10-30 22:00,4038.20,4059.90,4029.30,4051.10,0
2025-10-30 23:00,4051.50,4055.30,4031.30,4048.60,7172
2025-10-31 00:00,4048.70,4049.00,4035.50,4036.90,5167
2025-10-31 01:00,4037.10,4051.40,4025.40,4032.00,9366
2025-10-31 02:00,4031.70,4032.70,4012.80,4023.90,11705
2025-10-31 03:00,4023.60,4026.40,4003.60,4009.00,8409
2025-10-31 04:00,4009.50,4023.70,4001.90,4018.40,6324
2025-10-31 05:00,4018.00,4022.90,4006.20,4016.60,6023
2025-10-31 06:00,4016.90,4027.80,4013.70,4024.90,6105
2025-10-31 07:00,4024.70,4036.60,4019.20,4032.60,9245
2025-10-31 08:00,4032.40,4038.50,4018.10,4021.90,7101
2025-10-31 09:00,4021.60,4026.10,4010.00,4019.80,7056
2025-10-31 10:00,4020.10,4028.60,4015.00,4018.80,6034
2025-10-31 11:00,4018.70,4023.00,4012.80,4022.30,4494
2025-10-31 12:00,4022.40,4049.20,4020.80,4035.30,14540
2025-10-31 13:00,4035.40,4048.50,4021.90,4028.20,19034
2025-10-31 14:00,4028.30,4039.40,4022.50,4033.00,14644
2025-10-31 15:00,4032.80,4035.90,4021.40,4025.00,15449
2025-10-31 16:00,4024.80,4027.50,3982.30,3991.80,33819
2025-10-31 17:00,3992.20,4015.10,3991.50,4009.00,18378
2025-10-31 18:00,4009.30,4021.50,4006.40,4011.70,8146
2025-10-31 19:00,4011.90,4017.60,4003.40,4012.90,7091
2025-10-31 20:00,4012.70,4018.90,4007.60,4014.20,3129
2025-11-02 23:00,4001.90,4009.00,3988.10,3989.70,5571
2025-11-03 00:00,3990.00,3998.30,3971.30,3980.90,11152
2025-11-03 01:00,3980.90,4011.50,3974.50,4006.10,12281
2025-11-03 02:00,4005.60,4017.00,4000.00,4014.50,6528
2025-11-03 03:00,4014.80,4025.40,4012.70,4021.30,5874
2025-11-03 04:00,4021.40,4024.60,4011.70,4013.50,4542
2025-11-03 05:00,4013.80,4029.20,4007.00,4024.70,7192
2025-11-03 06:00,4025.00,4029.90,4020.50,4028.40,4359
2025-11-03 07:00,4028.20,4036.70,4023.20,4035.90,6335
2025-11-03 08:00,4036.20,4038.70,4021.20,4029.90,8533
2025-11-03 09:00,4030.20,4036.90,4003.30,4011.60,11749
2025-11-03 10:00,4011.70,4016.20,4005.20,4010.20,7890
2025-11-03 11:00,4010.00,4020.70,4005.90,4019.60,7426
2025-11-03 12:00,4019.60,4025.50,4012.90,4025.30,8897
2025-11-03 13:00,4025.20,4032.50,4021.80,4028.10,15251
2025-11-03 14:00,4028.00,4038.50,4012.40,4034.10,20128
2025-11-03 15:00,4035.00,4043.10,4014.40,4019.30,29098
2025-11-03 16:00,4019.20,4024.60,4006.00,4019.80,15378
2025-11-03 17:00,4019.90,4024.40,4015.20,4018.00,9053
2025-11-03 18:00,4017.90,4021.90,4011.60,4018.20,9465
2025-11-03 19:00,4018.40,4020.30,4007.10,4016.30,6411
2025-11-03 20:00,4016.60,4027.40,4016.60,4022.70,5810
2025-11-03 21:00,4022.50,4022.70,4012.10,4013.70,2234
2025-11-03 23:00,4013.70,4018.00,3989.10,4008.10,0
2025-11-04 00:00,4008.40,4010.00,3988.10,3996.10,8567
2025-11-04 01:00,3996.30,4004.30,3988.70,3996.40,7853
2025-11-04 02:00,3996.40,3996.50,3984.20,3996.40,9513
2025-11-04 03:00,3996.50,4009.20,3991.50,4003.70,6355
2025-11-04 04:00,4003.80,4004.40,3993.00,3995.30,4904
2025-11-04 05:00,3994.60,3996.30,3980.90,3982.40,7594
2025-11-04 06:00,3982.10,3996.90,3975.00,3993.40,9909
2025-11-04 07:00,3993.50,4006.60,3990.70,4004.00,7643
2025-11-04 08:00,4004.30,4011.60,4000.70,4006.80,7328
2025-11-04 09:00,4006.50,4010.60,4000.10,4001.10,6575
2025-11-04 10:00,4000.90,4008.10,3995.40,4004.00,5859
2025-11-04 11:00,4004.10,4010.70,4001.60,4005.70,4115
2025-11-04 12:00,4005.80,4008.00,3992.90,3994.70,7888
2025-11-04 13:00,3994.50,4006.80,3981.90,3985.70,14459
2025-11-04 14:00,3985.50,3987.30,3937.10,3966.50,45787
2025-11-04 15:00,3966.40,3977.90,3950.30,3966.40,21575
2025-11-04 16:00,3966.50,3986.30,3966.40,3979.40,13580
2025-11-04 17:00,3979.40,3981.20,3962.10,3965.30,11138
2025-11-04 18:00,3965.10,3967.00,3941.70,3947.10,17265
2025-11-04 19:00,3947.50,3953.60,3944.00,3947.20,8583
2025-11-04 20:00,3947.10,3951.60,3940.90,3948.70,9492
2025-11-04 21:00,3948.80,3949.30,3939.80,3941.30,3172
2025-11-04 23:00,3939.50,3949.50,3938.40,3942.50,0
2025-11-05 00:00,3942.40,3951.50,3935.70,3948.00,7246
2025-11-05 01:00,3948.40,3958.00,3942.60,3945.30,8482
2025-11-05 02:00,3945.30,3959.70,3943.60,3957.60,6322
2025-11-05 03:00,3957.10,3974.10,3955.90,3969.20,5750
2025-11-05 04:00,3969.20,3982.40,3968.30,3977.60,5402
2025-11-05 05:00,3978.80,3987.20,3970.60,3973.20,6899
2025-11-05 06:00,3973.60,3982.50,3970.30,3975.00,4471
2025-11-05 07:00,3975.10,3984.40,3971.70,3982.20,6169
2025-11-05 08:00,3982.20,3997.00,3982.00,3990.00,9343
2025-11-05 09:00,3989.80,3991.30,3973.50,3981.90,7851
2025-11-05 10:00,3981.80,3981.80,3965.10,3973.50,7292
2025-11-05 11:00,3973.50,3978.20,3966.40,3975.50,5634
2025-11-05 12:00,3975.50,3979.30,3970.80,3979.30,4477
2025-11-05 13:00,3979.30,3989.50,3973.80,3985.90,10555
2025-11-05 14:00,3985.60,3995.60,3979.00,3983.00,14477
2025-11-05 15:00,3982.50,3994.50,3972.90,3987.90,17408
2025-11-05 16:00,3988.50,4000.70,3983.80,3996.80,10679
2025-11-05 17:00,3996.80,3999.80,3988.10,3991.30,7068
2025-11-05 18:00,3991.70,3995.90,3988.40,3992.10,10718
2025-11-05 19:00,3992.20,3998.90,3988.70,3997.90,5078
2025-11-05 20:00,3997.80,4000.30,3991.60,3994.80,4932
2025-11-05 21:00,3995.10,3995.60,3988.50,3990.40,2067
2025-11-05 23:00,3992.40,3992.80,3973.90,3982.80,0
2025-11-06 00:00,3982.70,3984.70,3978.20,3984.70,3232
2025-11-06 01:00,3984.90,3986.10,3973.20,3984.60,4897
2025-11-06 02:00,3984.60,3993.90,3982.20,3991.70,4439
2025-11-06 03:00,3991.70,3998.70,3987.60,3995.70,3908
2025-11-06 04:00,3995.50,3998.30,3992.60,3997.30,2614
2025-11-06 05:00,3997.00,3999.50,3994.20,3996.70,3235
2025-11-06 06:00,3996.70,4002.30,3990.70,4000.70,4779
2025-11-06 07:00,4000.80,4018.50,4000.30,4014.80,9414
2025-11-06 08:00,4014.80,4026.00,4013.80,4024.30,7849
2025-11-06 09:00,4024.10,4024.60,4018.40,4020.30,5561
2025-11-06 10:00,4020.40,4020.60,4013.50,4017.70,7060
2025-11-06 11:00,4017.60,4028.60,4016.30,4027.20,7217
2025-11-06 12:00,4027.00,4028.70,4012.00,4014.50,7677
2025-11-06 13:00,4014.60,4025.50,4012.80,4021.10,8690
2025-11-06 14:00,4021.10,4023.10,3997.40,4001.90,22121
2025-11-06 15:00,4001.50,4002.20,3983.50,3988.30,24560
2025-11-06 16:00,3988.20,3994.70,3984.30,3989.10,12204
2025-11-06 17:00,3989.50,3996.40,3973.20,3994.50,15905
2025-11-06 18:00,3994.50,3999.10,3988.10,3995.90,11562
2025-11-06 19:00,3995.90,4003.70,3990.80,3993.20,5659
2025-11-06 20:00,3993.30,3995.20,3987.20,3988.80,4182
2025-11-06 21:00,3989.00,3990.80,3984.30,3984.80,2299
2025-11-06 23:00,3986.90,3996.80,3981.60,3996.00,0
2025-11-07 00:00,3996.00,4002.00,3991.60,3996.00,3662
2025-11-07 01:00,3995.90,4010.40,3994.70,4009.20,6034
2025-11-07 02:00,4009.20,4011.30,3998.70,4002.60,4736
2025-11-07 03:00,4002.30,4003.70,3995.40,3997.70,3473
2025-11-07 04:00,3997.40,4005.80,3992.60,4005.50,3187
2025-11-07 05:00,4006.00,4006.30,3998.70,4002.40,2792
2025-11-07 06:00,4002.30,4016.20,3999.50,4014.50,5075
2025-11-07 07:00,4014.70,4017.30,4010.30,4015.20,5638
2025-11-07 08:00,4015.40,4018.70,4011.20,4018.00,5081
2025-11-07 09:00,4017.90,4022.60,4011.60,4014.50,5503
2025-11-07 10:00,4014.60,4017.30,4010.50,4015.70,4328
2025-11-07 11:00,4015.60,4019.90,4001.20,4011.00,7523
2025-11-07 12:00,4010.90,4016.90,3998.90,4003.30,8158
2025-11-07 13:00,4003.40,4009.60,3998.70,4004.50,8157
2025-11-07 14:00,4004.70,4015.00,3991.20,4001.00,21790
2025-11-07 15:00,4000.50,4006.80,3991.00,3998.00,12672
2025-11-07 16:00,3998.30,4035.80,3997.00,4015.80,28241
2025-11-07 17:00,4015.90,4018.00,3999.60,4012.60,21196
2025-11-07 18:00,4012.60,4016.40,4006.60,4012.50,24243
2025-11-07 19:00,4012.80,4016.10,4008.90,4014.20,5999
2025-11-07 20:00,4014.00,4014.40,4002.40,4012.10,6610
2025-11-07 21:00,4011.80,4013.10,4006.30,4008.40,1934
2025-11-09 23:00,4017.80,4020.40,4009.80,4019.50,4445
2025-11-10 00:00,4019.70,4032.10,4019.20,4028.30,6707
2025-11-10 01:00,4027.90,4062.00,4026.80,4052.90,20730
2025-11-10 02:00,4052.80,4057.90,4046.30,4056.80,8856
2025-11-10 03:00,4056.80,4061.70,4053.50,4058.70,5142
2025-11-10 04:00,4058.50,4065.90,4058.50,4062.90,4218
2025-11-10 05:00,4062.80,4078.20,4058.70,4078.00,7755
2025-11-10 06:00,4077.80,4087.20,4074.90,4083.50,8735
2025-11-10 07:00,4083.90,4087.60,4080.40,4083.60,6425
2025-11-10 08:00,4083.40,4093.70,4083.00,4090.30,8412
2025-11-10 09:00,4090.50,4095.10,4079.50,4084.90,8876
2025-11-10 10:00,4084.80,4092.20,4084.30,4089.30,5348
2025-11-10 11:00,4089.30,4094.00,4083.90,4093.80,4848
2025-11-10 12:00,4094.00,4108.70,4092.90,4106.10,14277
2025-11-10 13:00,4105.90,4115.00,4098.20,4099.90,16579
2025-11-10 14:00,4099.90,4102.40,4082.40,4091.40,21939
2025-11-10 15:00,4091.30,4102.30,4084.60,4091.40,19578
2025-11-10 16:00,4091.20,4104.20,4089.20,4103.20,11219
2025-11-10 17:00,4103.10,4110.70,4101.30,4110.70,11336
2025-11-10 18:00,4110.40,4123.90,4109.40,4117.40,29886
2025-11-10 19:00,4118.00,4123.40,4115.40,4120.90,6199
2025-11-10 20:00,4121.00,4122.30,4113.80,4118.80,7009
2025-11-10 21:00,4118.90,4124.00,4117.60,4123.40,2307
2025-11-10 23:00,4124.00,4129.70,4121.50,4126.60,0
2025-11-11 00:00,4126.90,4139.90,4123.10,4137.30,9773
2025-11-11 01:00,4137.30,4147.40,4133.90,4142.20,13001
2025-11-11 02:00,4142.20,4145.50,4135.20,4143.90,6997
2025-11-11 03:00,4144.00,4154.00,4142.80,4152.70,5857
2025-11-11 04:00,4152.40,4155.00,4147.60,4148.90,6870
2025-11-11 05:00,4149.10,4150.60,4131.40,4137.30,9145
2025-11-11 06:00,4136.90,4144.00,4133.20,4136.10,6422
2025-11-11 07:00,4136.30,4139.50,4131.20,4136.10,5773
2025-11-11 08:00,4135.90,4144.50,4135.10,4142.30,6826
2025-11-11 09:00,4142.40,4152.40,4141.00,4148.00,6891
2025-11-11 10:00,4148.00,4150.60,4143.00,4148.20,4473
2025-11-11 11:00,4148.20,4151.30,4145.50,4149.60,4921
2025-11-11 12:00,4149.70,4150.60,4139.40,4140.70,6398
2025-11-11 13:00,4140.80,4153.40,4140.00,4149.20,11790
2025-11-11 14:00,4149.40,4150.10,4126.00,4131.20,29111
2025-11-11 15:00,4131.10,4132.30,4102.80,4112.60,40458
2025-11-11 16:00,4112.40,4121.70,4110.70,4119.20,13174
2025-11-11 17:00,4119.00,4123.70,4116.00,4119.90,8027
2025-11-11 18:00,4120.10,4122.10,4112.40,4119.80,20075
2025-11-11 19:00,4119.70,4131.70,4118.00,4128.40,8296
2025-11-11 20:00,4128.60,4138.50,4127.70,4135.70,7035
2025-11-11 21:00,4135.60,4137.70,4131.70,4133.20,2536
2025-11-11 23:00,4132.20,4151.00,4132.20,4148.70,0
2025-11-12 00:00,4148.40,4151.50,4137.60,4139.00,6040
2025-11-12 01:00,4139.00,4143.20,4132.00,4137.40,9380
2025-11-12 02:00,4137.40,4141.80,4124.50,4129.90,6884
2025-11-12 03:00,4130.20,4131.50,4117.50,4117.70,6229
2025-11-12 04:00,4117.60,4119.40,4109.40,4116.50,8015
2025-11-12 05:00,4116.50,4116.80,4104.40,4110.50,6647
2025-11-12 06:00,4110.50,4124.20,4108.90,4123.90,6401
2025-11-12 07:00,4123.70,4130.70,4118.60,4122.30,7305
2025-11-12 08:00,4122.60,4138.20,4117.40,4136.80,9629
2025-11-12 09:00,4136.70,4139.60,4126.20,4130.60,6154
2025-11-12 10:00,4130.40,4135.20,4123.40,4133.30,6955
2025-11-12 11:00,4133.30,4137.00,4128.50,4131.70,4416
2025-11-12 12:00,4131.40,4145.90,4130.30,4136.40,9079
2025-11-12 13:00,4136.40,4139.00,4128.70,4132.90,10102
2025-11-12 14:00,4133.10,4146.80,4130.70,4142.70,15614
2025-11-12 15:00,4142.70,4192.30,4140.70,4187.90,47411
2025-11-12 16:00,4187.70,4204.60,4186.50,4203.00,27228
2025-11-12 17:00,4203.20,4212.60,4198.40,4205.80,21502
2025-11-12 18:00,4206.10,4218.50,4196.90,4213.50,31631
2025-11-12 19:00,4213.80,4216.50,4197.80,4203.30,10680
2025-11-12 20:00,4203.40,4205.50,4196.00,4201.30,9792
2025-11-12 21:00,4201.30,4207.90,4196.50,4201.40,5153
2025-11-12 23:00,4202.40,4210.00,4190.30,4195.60,0
2025-11-13 00:00,4195.50,4212.50,4189.10,4209.30,8200
2025-11-13 01:00,4209.20,4213.00,4183.20,4197.00,11371
2025-11-13 02:00,4197.10,4201.00,4188.10,4194.20,7782
2025-11-13 03:00,4194.00,4217.20,4193.90,4216.80,10175
2025-11-13 04:00,4216.90,4223.90,4207.70,4214.60,7975
2025-11-13 05:00,4213.30,4221.40,4211.20,4216.00,8281
2025-11-13 06:00,4215.40,4216.40,4206.90,4214.40,6847
2025-11-13 07:00,4214.40,4224.90,4212.40,4224.60,8405
2025-11-13 08:00,4224.70,4244.30,4223.40,4237.50,13695
2025-11-13 09:00,4237.40,4245.10,4230.00,4238.30,8850
2025-11-13 10:00,4238.10,4245.60,4226.60,4230.30,8622
2025-11-13 11:00,4230.70,4236.90,4224.00,4235.00,7992
2025-11-13 12:00,4234.70,4250.00,4234.20,4247.40,10175
2025-11-13 13:00,4247.20,4248.70,4224.50,4236.70,16128
2025-11-13 14:00,4236.90,4237.50,4188.60,4199.90,36248
2025-11-13 15:00,4199.80,4209.70,4190.50,4206.60,18274
2025-11-13 16:00,4206.60,4215.80,4200.00,4210.80,17260
2025-11-13 17:00,4211.00,4212.80,4197.70,4206.30,13588
2025-11-13 18:00,4206.20,4207.80,4148.50,4161.60,45551
2025-11-13 19:00,4161.50,4174.50,4149.50,4167.80,17758
2025-11-13 20:00,4167.80,4174.80,4164.20,4168.10,7701
2025-11-13 21:00,4167.90,4185.00,4165.00,4174.50,5281
2025-11-13 23:00,4174.90,4189.60,4173.10,4188.90,0
2025-11-14 00:00,4189.00,4192.60,4180.90,4186.90,5414
2025-11-14 01:00,4186.50,4196.60,4176.20,4193.00,8450
2025-11-14 02:00,4193.10,4213.00,4191.30,4209.80,8733
2025-11-14 03:00,4209.60,4215.10,4204.20,4207.70,4745
2025-11-14 04:00,4207.60,4209.00,4199.50,4206.20,3416
2025-11-14 05:00,4206.30,4206.60,4186.40,4192.80,7865
2025-11-14 06:00,4192.30,4196.20,4171.70,4177.30,8401
2025-11-14 07:00,4177.70,4186.00,4162.10,4184.40,11017
2025-11-14 08:00,4184.50,4190.70,4172.60,4179.10,10415
2025-11-14 09:00,4178.60,4183.60,4169.00,4171.90,7745
2025-11-14 10:00,4171.70,4174.30,4162.60,4170.70,8288
2025-11-14 11:00,4171.00,4172.80,4133.30,4135.60,16872
2025-11-14 12:00,4135.10,4143.40,4109.00,4118.30,24708
2025-11-14 13:00,4117.80,4121.30,4042.40,4056.50,55493
2025-11-14 14:00,4056.40,4085.00,4032.60,4083.70,44512
2025-11-14 15:00,4083.40,4098.20,4069.10,4095.50,30350
2025-11-14 16:00,4095.70,4113.20,4082.60,4107.10,18566
2025-11-14 17:00,4107.40,4112.70,4095.40,4101.50,16133
2025-11-14 18:00,4101.60,4106.00,4082.60,4100.00,17643
2025-11-14 19:00,4100.20,4102.00,4089.50,4091.80,6514
2025-11-14 20:00,4092.20,4094.20,4077.50,4088.90,9018
2025-11-14 21:00,4088.60,4094.20,4078.80,4094.20,3721
2025-11-16 23:00,4100.00,4107.60,4094.00,4097.00,4908
2025-11-17 00:00,4097.60,4099.70,4081.00,4084.40,5254
2025-11-17 01:00,4084.30,4103.60,4083.80,4092.20,7210
2025-11-17 02:00,4092.40,4095.30,4081.60,4082.90,7691
2025-11-17 03:00,4082.60,4086.90,4070.50,4084.00,8501
2025-11-17 04:00,4084.20,4089.10,4077.80,4078.80,5343
2025-11-17 05:00,4079.80,4079.80,4051.10,4060.00,11836
2025-11-17 06:00,4059.90,4072.60,4055.50,4067.00,8401
2025-11-17 07:00,4066.50,4089.90,4065.70,4088.90,7504
2025-11-17 08:00,4088.90,4097.10,4072.90,4078.80,10463
2025-11-17 09:00,4078.40,4090.00,4073.50,4083.30,7844
2025-11-17 10:00,4083.40,4091.00,4069.80,4072.10,9088
2025-11-17 11:00,4071.90,4087.50,4062.30,4080.10,9491
2025-11-17 12:00,4080.00,4087.00,4075.80,4078.50,5592
2025-11-17 13:00,4078.60,4093.50,4059.80,4065.90,12514
2025-11-17 14:00,4066.00,4083.60,4060.80,4077.80,13106
2025-11-17 15:00,4077.60,4078.90,4061.70,4065.60,13771
2025-11-17 16:00,4065.20,4074.50,4053.10,4071.10,13567
2025-11-17 17:00,4071.20,4082.50,4071.00,4074.70,8840
2025-11-17 18:00,4074.70,4077.10,4063.60,4063.80,7850
2025-11-17 19:00,4063.80,4066.50,4010.10,4011.30,28322
2025-11-17 20:00,4011.40,4044.40,4006.80,4041.20,17597
2025-11-17 21:00,4041.00,4046.80,4038.90,4045.10,3654
2025-11-17 23:00,4045.60,4055.40,4027.60,4036.30,0
2025-11-18 00:00,4036.50,4041.00,4026.90,4039.80,5898
2025-11-18 01:00,4040.10,4044.80,4021.40,4024.30,8063
2025-11-18 02:00,4024.10,4035.90,4015.80,4018.20,7198
2025-11-18 03:00,4018.00,4026.20,4008.00,4012.30,9224
2025-11-18 04:00,4012.20,4017.80,4002.50,4011.00,7940
2025-11-18 05:00,4010.10,4024.80,4007.70,4018.70,8575
2025-11-18 06:00,4018.60,4020.30,4007.10,4008.30,6571
2025-11-18 07:00,4008.40,4017.10,3997.40,4013.40,15404
2025-11-18 08:00,4013.70,4042.50,4010.20,4036.80,12042
2025-11-18 09:00,4036.10,4047.00,4029.60,4039.70,6884
2025-11-18 10:00,4039.70,4050.20,4036.80,4043.60,7527
2025-11-18 11:00,4043.50,4049.90,4036.10,4039.00,4913
2025-11-18 12:00,4039.00,4044.70,4028.10,4031.70,6435
2025-11-18 13:00,4031.90,4070.80,4030.40,4065.30,19490
2025-11-18 14:00,4065.70,4082.30,4057.90,4065.00,25915
2025-11-18 15:00,4064.90,4072.40,4048.70,4053.20,21609
2025-11-18 16:00,4053.40,4069.80,4040.10,4067.40,19366
2025-11-18 17:00,4067.20,4076.40,4059.30,4072.10,8981
2025-11-18 18:00,4072.00,4075.30,4063.50,4072.30,7758
2025-11-18 19:00,4073.50,4083.30,4073.20,4082.30,6600
2025-11-18 20:00,4082.20,4083.70,4067.70,4069.80,4584
2025-11-18 21:00,4069.70,4072.80,4064.90,4067.40,1605
2025-11-18 23:00,4067.80,4077.60,4065.30,4076.50,0
2025-11-19 00:00,4076.10,4078.20,4067.00,4069.00,3406
2025-11-19 01:00,4068.90,4070.70,4056.60,4059.60,5174
2025-11-19 02:00,4059.80,4081.30,4056.10,4075.70,5825
2025-11-19 03:00,4075.70,4079.00,4065.90,4066.80,4655
2025-11-19 04:00,4066.70,4076.80,4064.10,4075.30,2818
2025-11-19 05:00,4075.20,4098.40,4073.90,4096.60,9592
2025-11-19 06:00,4096.50,4100.00,4090.00,4091.70,6258
2025-11-19 07:00,4091.40,4097.70,4085.10,4087.30,6005
2025-11-19 08:00,4086.80,4089.60,4078.20,4083.60,6745
2025-11-19 09:00,4083.80,4117.70,4081.10,4114.30,11248
2025-11-19 10:00,4114.10,4120.00,4107.50,4109.60,8508
2025-11-19 11:00,4109.70,4118.50,4107.10,4113.60,6893
2025-11-19 12:00,4113.60,4121.00,4112.70,4115.10,5655
2025-11-19 13:00,4115.00,4118.70,4101.00,4111.50,15461
2025-11-19 14:00,4111.80,4130.70,4102.30,4129.20,17409
2025-11-19 15:00,4129.10,4134.30,4090.50,4097.40,32874
2025-11-19 16:00,4097.00,4099.40,4068.30,4075.70,25671
2025-11-19 17:00,4074.70,4082.00,4055.60,4079.60,18816
2025-11-19 18:00,4079.40,4092.40,4076.40,4087.90,14223
2025-11-19 19:00,4087.60,4087.70,4069.00,4073.80,9407
2025-11-19 20:00,4073.40,4082.80,4072.30,4076.50,5247
2025-11-19 21:00,4076.30,4085.20,4065.00,4078.30,3921
2025-11-19 23:00,4079.90,4108.10,4076.80,4104.30,0
2025-11-20 00:00,4104.30,4109.60,4098.90,4102.00,5099
2025-11-20 01:00,4102.00,4108.00,4080.80,4081.10,9801
2025-11-20 02:00,4081.20,4081.60,4034.00,4065.30,15557
2025-11-20 03:00,4065.20,4084.00,4060.20,4070.30,8592
2025-11-20 04:00,4070.40,4079.10,4066.60,4075.10,3115
2025-11-20 05:00,4074.20,4074.70,4063.40,4065.10,4477
2025-11-20 06:00,4064.80,4077.00,4057.50,4066.90,5536
2025-11-20 07:00,4066.60,4075.30,4052.80,4058.90,8447
2025-11-20 08:00,4058.30,4069.00,4037.40,4062.40,16282
2025-11-20 09:00,4062.40,4071.50,4054.30,4062.30,13084
2025-11-20 10:00,4062.80,4066.60,4056.90,4058.60,4983
2025-11-20 11:00,4058.60,4067.00,4049.60,4059.60,6992
2025-11-20 12:00,4059.60,4081.60,4059.00,4081.20,8788
2025-11-20 13:00,4081.40,4096.20,4066.10,4079.70,27640
2025-11-20 14:00,4080.00,4106.90,4071.80,4092.60,23722
2025-11-20 15:00,4092.30,4098.50,4069.30,4069.50,21239
2025-11-20 16:00,4069.30,4082.60,4043.50,4047.60,25364
2025-11-20 17:00,4047.50,4067.50,4042.60,4064.70,17948
2025-11-20 18:00,4064.70,4071.50,4055.50,4060.00,15823
2025-11-20 19:00,4060.10,4087.30,4058.60,4084.40,10082
2025-11-20 20:00,4084.20,4084.70,4072.70,4077.30,6828
2025-11-20 21:00,4077.30,4080.30,4073.90,4076.70,1974
2025-11-20 23:00,4074.90,4089.40,4072.10,4079.70,0
2025-11-21 00:00,4079.20,4081.10,4071.00,4073.60,3419
2025-11-21 01:00,4073.40,4074.00,4060.20,4068.20,6254
2025-11-21 02:00,4067.50,4079.10,4054.90,4055.50,6225
2025-11-21 03:00,4055.40,4057.90,4048.00,4054.50,6908
2025-11-21 04:00,4054.00,4060.70,4045.50,4049.40,4571
2025-11-21 05:00,4050.30,4057.50,4037.50,4056.20,8678
2025-11-21 06:00,4056.60,4063.40,4026.00,4030.30,11322
2025-11-21 07:00,4030.20,4036.90,4021.60,4029.00,8758
2025-11-21 08:00,4028.70,4045.70,4018.10,4037.90,10704
2025-11-21 09:00,4037.80,4060.50,4037.00,4047.70,13811
2025-11-21 10:00,4047.30,4049.80,4029.00,4034.10,12379
2025-11-21 11:00,4034.30,4044.10,4028.10,4034.10,6464
2025-11-21 12:00,4034.30,4070.50,4032.30,4064.20,14458
2025-11-21 13:00,4064.50,4080.30,4057.30,4078.20,16147
2025-11-21 14:00,4078.20,4082.90,4060.00,4070.30,22165
2025-11-21 15:00,4070.10,4075.90,4053.40,4068.70,22846
2025-11-21 16:00,4068.50,4100.60,4061.80,4099.70,21971
2025-11-21 17:00,4099.60,4101.00,4078.80,4085.00,16807
2025-11-21 18:00,4085.00,4087.40,4075.50,4081.90,13158
2025-11-21 19:00,4082.10,4092.10,4081.80,4087.20,5176
2025-11-21 20:00,4087.00,4088.20,4053.50,4064.50,12522
2025-11-21 21:00,4064.40,4079.50,4052.20,4079.50,4134
2025-11-23 23:00,4068.50,4074.80,4062.50,4071.60,3954
2025-11-24 00:00,4071.70,4072.70,4054.80,4064.70,3517
2025-11-24 01:00,4064.80,4070.60,4038.90,4041.10,8368
2025-11-24 02:00,4040.90,4048.60,4037.20,4040.70,4936
2025-11-24 03:00,4041.00,4055.20,4040.70,4047.50,4740
2025-11-24 04:00,4047.20,4058.70,4038.80,4039.90,5038
2025-11-24 05:00,4040.80,4046.30,4036.40,4042.70,4978
2025-11-24 06:00,4042.70,4054.30,4041.90,4049.50,4752
2025-11-24 07:00,4049.70,4064.50,4047.90,4057.00,6121
2025-11-24 08:00,4056.50,4064.00,4056.20,4060.70,5160
2025-11-24 09:00,4060.20,4071.80,4059.90,4068.50,7842
2025-11-24 10:00,4068.60,4074.00,4060.20,4061.20,7176
2025-11-24 11:00,4061.20,4068.40,4060.20,4066.50,5363
2025-11-24 12:00,4066.40,4081.60,4062.60,4077.90,8415
2025-11-24 13:00,4078.00,4083.80,4070.60,4075.30,16263
2025-11-24 14:00,4075.10,4084.60,4066.00,4078.90,18953
2025-11-24 15:00,4079.00,4092.60,4078.90,4089.80,19734
2025-11-24 16:00,4090.00,4097.40,4087.70,4096.20,17015
2025-11-24 17:00,4096.60,4099.60,4087.50,4091.70,13720
2025-11-24 18:00,4091.80,4126.40,4086.50,4119.30,26871
2025-11-24 19:00,4119.40,4123.30,4113.00,4117.40,10045
2025-11-24 20:00,4117.40,4132.90,4117.00,4130.50,9570
2025-11-24 21:00,4130.30,4138.20,4128.20,4133.80,4295
2025-11-24 23:00,4133.50,4142.20,4124.00,4141.90,0
2025-11-25 00:00,4141.90,4142.80,4124.70,4126.60,2496
2025-11-25 01:00,4126.70,4136.40,4120.50,4132.00,4062
2025-11-25 02:00,4131.60,4152.00,4130.10,4147.30,3657
2025-11-25 03:00,4147.00,4147.30,4136.00,4140.10,2555
2025-11-25 04:00,4139.70,4145.70,4136.80,4138.80,1760
2025-11-25 05:00,4138.50,4150.00,4138.50,4148.40,1648
2025-11-25 06:00,4147.90,4149.50,4136.20,4138.60,1983
2025-11-25 07:00,4138.10,4142.70,4126.30,4129.40,4603
2025-11-25 08:00,4129.70,4166.70,4106.70,4113.00,36788
2025-11-25 09:00,4150.00,4164.90,4111.00,4161.90,8166
2025-11-25 10:00,4161.80,4172.90,4124.10,4165.30,0
2025-11-25 11:00,4128.30,4171.80,4124.30,4167.60,39405
2025-11-25 12:00,4130.60,4172.90,4112.40,4127.10,0
2025-11-25 13:00,4127.10,4185.60,4126.20,4181.80,56645
2025-11-25 14:00,4181.70,4182.80,4106.80,4158.60,28137
2025-11-25 15:00,4121.80,4167.70,4113.90,4156.80,17751
2025-11-25 16:00,4118.60,4175.50,4118.10,4132.20,0
2025-11-25 17:00,4132.20,4194.00,4131.80,4180.50,89134
2025-11-25 18:00,4180.50,4185.60,4128.30,4131.70,0
2025-11-25 19:00,4131.70,4174.70,4125.60,4131.70,2389
2025-11-25 20:00,4131.90,4173.50,4128.10,4166.70,92924
2025-11-25 21:00,4129.10,4177.30,4124.40,4177.30,1608
2025-11-25 23:00,4167.00,4172.40,4127.50,4167.60,0
2025-11-26 00:00,4167.90,4178.70,4129.40,4177.20,2947
2025-11-26 01:00,4177.60,4187.50,4135.90,4183.00,5250
2025-11-26 02:00,4183.00,4201.80,4144.90,4196.90,8924
2025-11-26 03:00,4197.00,4204.90,4157.60,4201.20,4535
2025-11-26 04:00,4201.00,4202.20,4154.70,4197.30,4632
2025-11-26 05:00,4197.50,4204.00,4158.50,4197.10,4487
2025-11-26 06:00,4197.00,4197.50,4144.10,4185.30,6533
2025-11-26 07:00,4185.00,4196.00,4146.80,4191.90,4964
2025-11-26 08:00,4191.90,4203.20,4151.70,4195.40,7920
2025-11-26 09:00,4195.10,4198.80,4153.50,4197.10,4532
2025-11-26 10:00,4197.20,4199.40,4153.30,4194.90,6399
2025-11-26 11:00,4195.00,4208.60,4154.80,4206.70,7286
2025-11-26 12:00,4206.80,4209.00,4145.40,4190.40,11146
2025-11-26 13:00,4189.90,4201.40,4146.00,4188.20,12370
2025-11-26 14:00,4187.90,4192.10,4138.30,4176.70,18124
2025-11-26 15:00,4176.40,4200.70,4132.90,4200.30,26337
2025-11-26 16:00,4200.40,4203.00,4158.10,4201.60,15354
2025-11-26 17:00,4201.50,4204.80,4162.80,4201.80,7685
2025-11-26 18:00,4202.10,4206.60,4155.60,4198.50,12300
2025-11-26 19:00,4198.80,4204.00,4159.40,4197.00,5090
2025-11-26 20:00,4196.60,4201.30,4157.20,4196.90,4900
2025-11-26 21:00,4196.90,4200.90,4158.40,4196.10,1723
2025-11-26 23:00,4198.60,4200.80,4161.50,4196.60,0
2025-11-27 00:00,4196.50,4199.50,4159.30,4197.10,1304
2025-11-27 01:00,4197.00,4198.20,4145.50,4187.40,6515
2025-11-27 02:00,4187.70,4189.30,4152.00,4177.40,4398
2025-11-27 03:00,4177.60,4183.00,4144.50,4179.50,3530
2025-11-27 04:00,4179.30,4186.90,4140.00,4182.70,4805
2025-11-28 14:30,4217.60,4246.60,4188.30,4233.50,15787
2025-11-28 15:30,4233.70,4239.50,4185.10,4239.30,13575
2025-11-28 16:30,4239.30,4246.20,4200.70,4242.10,9734
2025-11-28 17:30,4242.00,4251.70,4205.00,4251.40,9070
2025-11-28 18:00,4251.60,4257.50,4213.00,4254.90,0
2025-11-30 23:00,4245.10,4261.00,4214.90,4257.30,8256
2025-12-01 00:00,4257.50,4269.80,4222.80,4267.20,8056
2025-12-01 01:00,4266.70,4291.40,4223.00,4290.60,13870
2025-12-01 02:00,4290.70,4291.80,4237.90,4277.80,10333
2025-12-01 03:00,4278.00,4278.90,4267.00,4273.80,8888
2025-12-01 04:00,4274.10,4281.90,4270.80,4280.50,3903
2025-12-01 05:00,4280.50,4281.30,4220.30,4263.50,12935
2025-12-01 06:00,4263.60,4273.90,4259.60,4269.90,6513
2025-12-01 07:00,4270.20,4280.00,4239.40,4278.90,5680
2025-12-01 08:00,4278.70,4288.80,4245.80,4279.20,7973
2025-12-01 09:00,4279.30,4287.00,4277.80,4284.30,6043
2025-12-01 10:00,4284.30,4297.80,4250.90,4290.70,9860
2025-12-01 11:00,4290.80,4294.00,4252.20,4290.00,4244
2025-12-01 12:00,4289.70,4292.10,4252.20,4280.80,6645
2025-12-01 13:00,4280.60,4299.60,4250.20,4281.70,13160
2025-12-01 14:00,4281.70,4283.70,4225.60,4273.20,24801
2025-12-01 15:00,4274.10,4279.00,4219.30,4265.20,23520
2025-12-01 16:00,4265.40,4275.70,4223.60,4258.90,16612
2025-12-01 17:00,4259.10,4273.20,4222.90,4265.20,10338
2025-12-01 18:00,4265.50,4278.80,4230.40,4274.20,9476
2025-12-01 19:00,4274.30,4278.00,4239.30,4270.80,5532
2025-12-01 20:00,4270.90,4276.00,4237.10,4270.80,5001
2025-12-01 21:00,4270.80,4274.10,4236.00,4265.00,1818
2025-12-01 23:00,4265.30,4269.20,4230.50,4260.10,0
2025-12-02 00:00,4260.40,4262.90,4254.40,4259.60,3976
2025-12-02 01:00,4259.70,4260.00,4199.70,4251.10,16108
2025-12-02 02:00,4250.80,4255.90,4220.40,4253.00,5094
2025-12-02 03:00,4252.90,4257.40,4219.20,4247.70,5349
2025-12-02 04:00,4247.90,4251.90,4244.40,4249.10,4248
2025-12-02 05:00,4249.70,4256.90,4246.40,4256.50,4954
2025-12-02 06:00,4256.30,4258.10,4234.40,4244.00,8176
2025-12-02 07:00,4244.00,4251.30,4240.60,4244.50,4636
2025-12-02 08:00,4244.70,4248.90,4209.30,4241.40,4981
2025-12-02 09:00,4241.20,4244.40,4188.70,4222.90,12851
2025-12-02 10:00,4222.90,4223.50,4183.70,4216.40,6922
2025-12-02 11:00,4216.20,4236.60,4182.10,4236.00,7085
2025-12-02 12:00,4236.10,4240.50,4200.90,4239.80,5780
2025-12-02 13:00,4239.80,4246.60,4206.10,4243.20,10418
2025-12-02 14:00,4243.10,4262.20,4210.20,4251.10,22189
2025-12-02 15:00,4250.80,4252.00,4181.50,4200.80,36440
2025-12-02 16:00,4200.90,4221.00,4167.00,4215.70,17242
2025-12-02 17:00,4215.30,4228.20,4187.70,4225.00,9670
2025-12-02 18:00,4224.70,4227.80,4214.00,4222.30,9302
2025-12-02 19:00,4222.30,4232.00,4192.50,4227.60,6425
2025-12-02 20:00,4227.60,4244.10,4195.40,4241.60,5970
2025-12-02 21:00,4241.60,4243.40,4206.90,4238.70,0
2025-12-02 23:00,4241.60,4248.00,4234.10,4244.00,3026
2025-12-03 00:00,4244.10,4244.40,4235.80,4243.00,3495
2025-12-03 01:00,4243.20,4252.60,4215.70,4245.30,6487
2025-12-03 02:00,4245.40,4260.10,4215.90,4258.10,5242
2025-12-03 03:00,4258.10,4259.00,4251.30,4252.40,2934
2025-12-03 04:00,4252.50,4256.30,4248.50,4252.60,2604
2025-12-03 05:00,4253.50,4254.80,4233.60,4238.30,7349
2025-12-03 06:00,4238.80,4243.20,4235.50,4238.90,3811
2025-12-03 07:00,4239.10,4241.00,4231.10,4236.10,6515
2025-12-03 08:00,4236.50,4241.30,4202.90,4236.60,6094
2025-12-03 09:00,4236.90,4237.80,4198.90,4233.00,5781
2025-12-03 10:00,4232.90,4235.80,4225.10,4230.70,7394
2025-12-03 11:00,4231.00,4239.60,4195.70,4239.00,4831
2025-12-03 12:00,4239.10,4245.00,4235.20,4244.50,4538
2025-12-03 13:00,4244.50,4270.10,4233.10,4268.70,17110
2025-12-03 14:00,4268.70,4273.30,4221.70,4244.50,25729
2025-12-03 15:00,4243.90,4261.50,4209.00,4247.80,13973
2025-12-03 16:00,4247.60,4256.90,4226.60,4231.90,13377
2025-12-03 17:00,4231.60,4246.90,4210.30,4242.80,8247
2025-12-03 18:00,4243.00,4243.30,4199.20,4228.00,10790
2025-12-03 19:00,4228.40,4241.70,4228.00,4239.40,4621
2025-12-03 20:00,4239.30,4244.50,4234.70,4237.20,3717
2025-12-03 21:00,4237.40,4241.40,4232.50,4232.50,1946
2025-12-03 23:00,4234.50,4239.00,4232.30,4237.00,0
2025-12-04 00:00,4237.10,4245.60,4234.10,4241.30,3037
2025-12-04 01:00,4241.20,4246.90,4211.00,4238.50,6688
2025-12-04 02:00,4238.00,4238.00,4227.90,4229.80,4560
2025-12-04 03:00,4229.30,4230.70,4216.10,4224.40,6364
2025-12-04 04:00,4224.40,4227.80,4221.50,4224.70,2581
2025-12-04 05:00,4225.60,4227.60,4175.00,4210.30,8340
2025-12-04 06:00,4210.30,4219.40,4181.30,4219.10,5809
2025-12-04 07:00,4219.20,4224.00,4184.10,4222.90,5717
2025-12-04 08:00,4222.70,4225.70,4188.90,4213.90,6010
2025-12-04 09:00,4213.70,4231.80,4184.30,4229.50,7205
2025-12-04 10:00,4229.80,4232.30,4226.40,4227.10,5380
2025-12-04 11:00,4227.30,4236.40,4200.20,4228.20,4641
2025-12-04 12:00,4228.40,4231.60,4191.90,4219.90,5231
2025-12-04 13:00,4219.90,4228.30,4214.80,4227.90,10642
2025-12-04 14:00,4228.40,4244.00,4203.20,4231.10,17367
2025-12-04 15:00,4231.20,4240.60,4203.50,4237.60,12570
2025-12-04 16:00,4237.80,4251.10,4210.90,4245.90,15613
2025-12-04 17:00,4246.20,4248.10,4239.00,4246.60,6422
2025-12-04 18:00,4246.80,4247.80,4237.60,4238.50,9423
2025-12-04 19:00,4238.50,4240.90,4202.00,4239.70,5802
2025-12-04 20:00,4239.30,4240.70,4235.90,4240.20,3062
2025-12-04 21:00,4240.20,4240.90,4207.00,4237.90,1123
2025-12-04 23:00,4239.50,4240.20,4233.70,4236.20,0
2025-12-05 00:00,4236.20,4240.60,4231.00,4231.70,3126
2025-12-05 01:00,4231.70,4234.70,4224.60,4232.90,6546
2025-12-05 02:00,4232.90,4237.90,4226.00,4237.00,4700
2025-12-05 03:00,4237.00,4240.40,4204.10,4238.90,4082
2025-12-05 04:00,4238.50,4247.00,4237.10,4246.00,4070
2025-12-05 05:00,4246.40,4252.00,4243.60,4250.70,6199
2025-12-05 06:00,4250.60,4259.50,4248.90,4254.40,7490
2025-12-05 07:00,4254.80,4261.10,4252.50,4254.30,3749
2025-12-05 08:00,4254.60,4257.10,4250.50,4250.70,4253
2025-12-05 09:00,4250.50,4255.20,4245.80,4253.50,4380
2025-12-05 10:00,4253.30,4257.70,4252.40,4252.90,2389
2025-12-05 11:00,4252.80,4255.70,4250.00,4253.50,2632
2025-12-05 12:00,4253.60,4260.00,4252.80,4259.00,5288
2025-12-05 13:00,4259.00,4269.60,4251.40,4264.90,14090
2025-12-05 14:00,4264.70,4277.00,4258.50,4272.30,16244
2025-12-05 15:00,4272.30,4290.50,4245.50,4274.90,25571
2025-12-05 16:00,4275.00,4276.90,4207.40,4244.10,38802
2025-12-05 17:00,4244.00,4251.00,4236.00,4248.40,10239
2025-12-05 18:00,4248.20,4250.30,4236.90,4239.30,9449
2025-12-05 19:00,4239.30,4241.10,4205.10,4237.30,4787
2025-12-05 20:00,4237.60,4237.60,4229.00,4231.60,5054
2025-12-05 21:00,4231.40,4231.70,4194.50,4227.70,3823
2025-12-07 23:00,4228.10,4236.50,4224.50,4230.60,3767
2025-12-08 00:00,4231.20,4241.30,4228.50,4240.20,3031
2025-12-08 01:00,4240.40,4241.30,4205.40,4230.20,6135
2025-12-08 02:00,4229.60,4241.20,4204.80,4236.90,4612
2025-12-08 03:00,4237.30,4241.80,4235.10,4238.70,2865
2025-12-08 04:00,4238.80,4241.90,4235.30,4236.30,1664
2025-12-08 05:00,4237.00,4246.80,4233.20,4246.30,4313
2025-12-08 06:00,4246.60,4247.90,4215.40,4245.40,3129
2025-12-08 07:00,4245.40,4245.80,4208.50,4235.70,3822
2025-12-08 08:00,4235.80,4246.00,4208.90,4239.20,5280
2025-12-08 09:00,4238.90,4242.00,4232.50,4237.40,4425
2025-12-08 10:00,4237.20,4239.90,4203.80,4232.90,3720
2025-12-08 11:00,4233.00,4243.60,4203.40,4237.70,4958
2025-12-08 12:00,4237.60,4245.10,4210.30,4243.30,3606
2025-12-08 13:00,4243.30,4244.40,4202.50,4230.90,9904
2025-12-08 14:00,4230.90,4240.80,4195.30,4225.80,16959
2025-12-08 15:00,4225.30,4225.80,4204.00,4211.80,23192
2025-12-08 16:00,4211.50,4227.00,4205.40,4220.70,12442
2025-12-08 17:00,4220.80,4224.80,4214.30,4224.20,6125
2025-12-08 18:00,4224.30,4225.00,4213.30,4216.10,8936
2025-12-08 19:00,4216.00,4218.20,4213.00,4216.10,4481
2025-12-08 20:00,4216.20,4224.80,4214.00,4221.10,4461
2025-12-08 21:00,4221.20,4222.70,4217.90,4219.90,1228
2025-12-08 23:00,4219.60,4224.50,4217.90,4223.80,0
2025-12-09 00:00,4223.80,4224.90,4219.20,4219.60,3139
2025-12-09 01:00,4219.50,4226.50,4217.70,4225.10,3822
2025-12-09 02:00,4225.00,4226.10,4214.40,4218.70,4748
2025-12-09 03:00,4218.70,4227.60,4218.60,4223.80,5414
2025-12-09 04:00,4223.70,4224.70,4213.60,4216.60,4943
2025-12-09 05:00,4215.90,4216.50,4206.40,4208.20,6027
2025-12-09 06:00,4208.10,4212.00,4197.80,4209.80,9704
2025-12-09 07:00,4209.80,4213.60,4203.20,4209.70,6656
2025-12-09 08:00,4209.90,4220.30,4209.90,4220.30,7717
2025-12-09 09:00,4220.10,4242.30,4219.40,4232.20,14829
2025-12-09 10:00,4232.40,4237.30,4230.40,4233.20,3983
2025-12-09 11:00,4233.20,4235.80,4230.30,4232.10,2515
2025-12-09 12:00,4232.40,4237.00,4227.60,4233.40,3756
2025-12-09 13:00,4233.60,4238.00,4223.80,4230.40,10688
2025-12-09 14:00,4230.60,4240.00,4218.00,4233.90,18576
2025-12-09 15:00,4233.80,4246.00,4218.40,4242.00,21325
2025-12-09 16:00,4242.30,4251.70,4239.30,4242.10,17712
2025-12-09 17:00,4242.40,4246.00,4230.70,4232.10,8030
2025-12-09 18:00,4232.10,4238.80,4230.10,4238.20,7839
2025-12-09 19:00,4237.90,4243.30,4235.70,4241.40,4561
2025-12-09 20:00,4241.10,4245.10,4238.20,4240.80,4138
2025-12-09 21:00,4240.90,4241.80,4235.90,4236.60,0
2025-12-09 23:00,4237.50,4241.30,4235.30,4238.70,1905
2025-12-10 00:00,4239.00,4240.50,4235.20,4236.90,2256
2025-12-10 01:00,4237.20,4247.00,4235.40,4243.10,5500
2025-12-10 02:00,4242.70,4247.90,4240.40,4246.10,2797
2025-12-10 03:00,4246.00,4246.30,4232.50,4235.00,3831
2025-12-10 04:00,4234.90,4238.10,4233.70,4235.90,1862
2025-12-10 05:00,4235.50,4242.60,4229.70,4239.30,4521
2025-12-10 06:00,4239.00,4239.70,4231.00,4235.10,3791
2025-12-10 07:00,4235.20,4237.20,4231.10,4231.20,3681
2025-12-10 08:00,4231.10,4234.80,4224.80,4225.80,6134
2025-12-10 09:00,4225.60,4228.40,4220.30,4221.80,5706
2025-12-10 10:00,4222.00,4224.80,4215.30,4221.00,5904
2025-12-10 11:00,4221.20,4226.00,4220.30,4225.60,3200
2025-12-10 12:00,4225.50,4230.30,4223.40,4224.50,4788
2025-12-10 13:00,4224.60,4233.30,4220.90,4228.80,9435
2025-12-10 14:00,4229.00,4235.30,4219.50,4221.20,12520
2025-12-10 15:00,4221.00,4230.00,4216.60,4222.10,12929
2025-12-10 16:00,4222.10,4233.80,4221.40,4233.20,8141
2025-12-10 17:00,4233.00,4233.10,4224.80,4227.90,5637
2025-12-10 18:00,4227.90,4228.90,4219.90,4221.90,9539
2025-12-10 19:00,4221.80,4249.00,4207.80,4245.70,40074
2025-12-10 20:00,4245.60,4268.80,4240.40,4259.10,22618
2025-12-10 21:00,4259.10,4262.40,4251.00,4258.30,3772
2025-12-10 23:00,4258.30,4263.30,4253.50,4261.60,0
2025-12-11 00:00,4261.70,4274.60,4260.60,4266.50,6624
2025-12-11 01:00,4266.50,4277.70,4262.10,4267.70,8041
2025-12-11 02:00,4267.80,4270.30,4248.60,4250.40,7692
2025-12-11 03:00,4250.20,4253.20,4236.20,4244.60,8855
2025-12-11 04:00,4244.10,4246.20,4235.70,4241.20,4138
2025-12-11 05:00,4240.60,4243.50,4233.40,4235.00,3933
2025-12-11 06:00,4235.20,4242.40,4231.20,4241.50,4290
2025-12-11 07:00,4241.30,4246.10,4237.20,4243.50,4340
2025-12-11 08:00,4243.70,4247.40,4240.00,4244.00,3876
2025-12-11 09:00,4244.00,4248.80,4237.70,4245.60,4605
2025-12-11 10:00,4245.70,4253.90,4239.40,4244.20,5839
2025-12-11 11:00,4244.30,4246.70,4236.60,4238.10,3574
2025-12-11 12:00,4238.10,4248.00,4235.60,4248.00,5151
2025-12-11 13:00,4248.00,4250.80,4231.90,4248.60,13504
2025-12-11 14:00,4248.50,4273.40,4245.40,4257.90,26841
2025-12-11 15:00,4257.90,4291.20,4253.90,4285.30,30001
2025-12-11 16:00,4285.40,4309.40,4278.90,4304.40,24943
2025-12-11 17:00,4304.10,4312.30,4302.10,4309.00,14542
2025-12-11 18:00,4309.20,4317.30,4297.00,4298.60,16879
2025-12-11 19:00,4298.40,4307.00,4292.60,4302.60,8563
2025-12-11 20:00,4302.40,4305.00,4293.20,4304.80,7020
2025-12-11 21:00,4304.90,4313.50,4301.50,4309.30,4156
2025-12-11 23:00,4309.10,4313.10,4302.70,4305.90,0
2025-12-12 00:00,4305.70,4310.00,4298.70,4299.60,3885
2025-12-12 01:00,4299.50,4307.00,4295.50,4302.10,7190
2025-12-12 02:00,4301.90,4307.60,4300.00,4301.10,3110
2025-12-12 03:00,4301.00,4305.30,4299.00,4301.30,2576
2025-12-12 04:00,4301.30,4301.60,4297.10,4297.60,2083
2025-12-12 05:00,4297.50,4311.30,4297.00,4309.80,3598
2025-12-12 06:00,4309.90,4313.90,4306.80,4313.60,3662
2025-12-12 07:00,4313.20,4321.10,4311.60,4317.60,7300
2025-12-12 08:00,4317.50,4340.70,4317.50,4339.10,12563
2025-12-12 09:00,4339.40,4352.30,4338.00,4350.30,12722
2025-12-12 10:00,4350.60,4368.30,4347.10,4365.10,14830
2025-12-12 11:00,4364.90,4376.50,4361.60,4374.20,13399
2025-12-12 12:00,4374.40,4376.80,4360.80,4361.10,10705
2025-12-12 13:00,4361.40,4381.40,4356.50,4375.90,19003
2025-12-12 14:00,4375.80,4387.80,4363.40,4381.50,24771
2025-12-12 15:00,4381.20,4384.50,4312.70,4320.10,52322
2025-12-12 16:00,4320.30,4326.50,4286.00,4312.80,42144
2025-12-12 17:00,4312.80,4330.10,4301.80,4325.80,15698
2025-12-12 18:00,4326.10,4336.10,4322.80,4327.50,12867
2025-12-12 19:00,4327.50,4332.30,4322.10,4328.40,5081
2025-12-12 20:00,4328.30,4334.70,4319.20,4329.70,8007
2025-12-12 21:00,4329.80,4335.00,4328.60,4329.80,2367
2025-12-14 23:00,4337.30,4339.30,4332.60,4333.90,3005
2025-12-15 00:00,4334.00,4339.70,4331.80,4339.50,2663
2025-12-15 01:00,4339.70,4357.80,4337.70,4354.60,7526
2025-12-15 02:00,4354.10,4361.50,4353.50,4358.30,4462
2025-12-15 03:00,4358.20,4361.80,4351.80,4359.90,4035
2025-12-15 04:00,4359.50,4363.10,4356.20,4358.90,3204
2025-12-15 05:00,4359.00,4378.00,4357.80,4377.50,6444
2025-12-15 06:00,4377.30,4380.50,4372.20,4376.10,4563
2025-12-15 07:00,4376.10,4377.80,4366.70,4372.40,6472
2025-12-15 08:00,4372.20,4382.60,4372.00,4380.40,5127
2025-12-15 09:00,4380.30,4384.30,4375.70,4376.10,5429
2025-12-15 10:00,4376.30,4382.50,4372.00,4374.00,5970
2025-12-15 11:00,4373.80,4377.70,4369.40,4376.60,4594
2025-12-15 12:00,4376.90,4382.60,4376.80,4379.90,4809
2025-12-15 13:00,4379.90,4380.70,4364.30,4365.70,13370
2025-12-15 14:00,4365.70,4370.40,4348.70,4355.40,26496
2025-12-15 15:00,4355.30,4359.80,4342.80,4349.90,24938
2025-12-15 16:00,4350.00,4350.50,4315.90,4328.20,31113
2025-12-15 17:00,4328.10,4336.30,4321.20,4334.30,10665
2025-12-15 18:00,4334.10,4343.30,4329.60,4342.70,9238
2025-12-15 19:00,4342.50,4347.00,4336.60,4342.90,7200
2025-12-15 20:00,4342.80,4343.30,4327.90,4333.70,6661
2025-12-15 21:00,4333.90,4335.10,4329.70,4334.30,2212
2025-12-15 23:00,4334.30,4339.10,4332.30,4333.10,0
2025-12-16 00:00,4333.20,4341.90,4332.00,4335.80,3274
2025-12-16 01:00,4336.00,4345.30,4326.40,4336.30,6630
2025-12-16 02:00,4336.20,4340.00,4312.60,4316.40,7096
2025-12-16 03:00,4316.50,4321.50,4307.20,4317.20,9481
2025-12-16 04:00,4317.30,4318.60,4313.00,4315.10,1788
2025-12-16 05:00,4315.40,4318.90,4297.40,4309.90,7398
2025-12-16 06:00,4310.30,4318.40,4308.70,4315.50,3126
2025-12-16 07:00,4315.60,4315.90,4304.90,4313.40,4797
2025-12-16 08:00,4313.30,4315.10,4301.00,4311.80,7445
2025-12-16 09:00,4311.50,4312.60,4303.10,4306.80,4115
2025-12-16 10:00,4307.20,4311.60,4301.60,4305.10,7371
2025-12-16 11:00,4304.90,4307.50,4301.20,4306.80,3882
2025-12-16 12:00,4306.70,4323.40,4304.90,4323.20,7386
2025-12-16 13:00,4323.00,4343.10,4319.20,4342.50,22895
2025-12-16 14:00,4342.70,4363.80,4341.00,4356.10,28910
2025-12-16 15:00,4355.90,4367.90,4344.30,4351.80,24819
2025-12-16 16:00,4352.10,4355.70,4322.90,4332.00,19088
2025-12-16 17:00,4332.10,4342.20,4330.40,4333.80,9524
2025-12-16 18:00,4334.00,4344.20,4328.10,4341.50,10273
2025-12-16 19:00,4341.80,4346.20,4326.30,4341.40,7933
2025-12-16 20:00,4341.10,4344.80,4332.50,4334.10,5392
2025-12-16 21:00,4334.10,4334.90,4329.70,4332.20,1602
2025-12-16 23:00,4333.50,4337.70,4330.70,4336.90,0
2025-12-17 00:00,4336.70,4343.60,4336.30,4342.20,2145
2025-12-17 01:00,4342.00,4355.30,4339.90,4355.00,6698
2025-12-17 02:00,4355.30,4356.40,4340.00,4343.30,5474
2025-12-17 03:00,4343.70,4354.40,4341.60,4353.20,4969
2025-12-17 04:00,4353.50,4361.60,4349.90,4359.80,4357
2025-12-17 05:00,4359.50,4373.60,4357.50,4364.90,8517
2025-12-17 06:00,4364.80,4368.70,4355.00,4359.40,5161
2025-12-17 07:00,4359.30,4359.30,4345.50,4348.10,5607
2025-12-17 08:00,4347.80,4351.00,4337.90,4348.30,6618
2025-12-17 09:00,4348.10,4352.60,4344.70,4345.70,3936
2025-12-17 10:00,4345.40,4351.60,4335.70,4346.10,5829
2025-12-17 11:00,4346.30,4349.70,4344.20,4345.90,2905
2025-12-17 12:00,4346.10,4353.70,4344.70,4347.50,5324
2025-12-17 13:00,4347.80,4375.90,4345.30,4373.60,20217
2025-12-17 14:00,4373.50,4378.20,4354.10,4369.30,25749
2025-12-17 15:00,4369.00,4383.60,4355.10,4361.50,32351
2025-12-17 16:00,4361.70,4370.00,4351.00,4365.20,19093
2025-12-17 17:00,4365.10,4373.60,4360.20,4373.40,10222
2025-12-17 18:00,4373.60,4378.50,4360.70,4367.70,14384
2025-12-17 19:00,4367.60,4373.50,4362.40,4369.30,5780
2025-12-17 20:00,4369.30,4379.00,4367.30,4373.40,5901
2025-12-17 21:00,4373.30,4379.40,4370.60,4371.40,0
2025-12-17 23:00,4371.50,4374.50,4366.90,4371.00,2141
2025-12-18 00:00,4371.00,4375.10,4365.40,4366.90,2791
2025-12-18 01:00,4366.90,4369.30,4355.20,4363.20,5745
2025-12-18 02:00,4363.50,4369.50,4361.10,4364.70,4399
2025-12-18 03:00,4364.30,4368.00,4361.40,4363.40,2130
2025-12-18 04:00,4363.60,4364.00,4358.50,4362.00,1988
2025-12-18 05:00,4361.60,4367.70,4360.70,4363.20,2775
2025-12-18 06:00,4363.30,4366.70,4360.90,4364.40,2291
2025-12-18 07:00,4364.00,4368.70,4360.00,4362.60,3813
2025-12-18 08:00,4362.50,4363.70,4352.30,4357.40,5737
2025-12-18 09:00,4357.10,4359.40,4351.00,4353.90,5481
2025-12-18 10:00,4353.90,4359.30,4353.00,4357.30,4890
2025-12-18 11:00,4357.40,4360.90,4356.60,4357.60,4074
2025-12-18 12:00,4357.60,4358.80,4348.60,4352.90,5556
2025-12-18 13:00,4352.70,4375.70,4346.60,4368.50,20449
2025-12-18 14:00,4368.40,4373.80,4338.00,4360.20,31726
2025-12-18 15:00,4360.00,4373.90,4356.70,4370.20,21455
2025-12-18 16:00,4370.00,4409.50,4369.60,4394.60,43425
2025-12-18 17:00,4394.60,4397.70,4352.60,4365.10,35718
2025-12-18 18:00,4365.40,4373.80,4357.60,4363.50,10707
2025-12-18 19:00,4363.40,4367.30,4354.60,4357.20,4950
2025-12-18 20:00,4357.80,4370.40,4356.80,4365.90,4634
2025-12-18 21:00,4365.70,4365.80,4359.90,4363.90,1730
2025-12-18 23:00,4363.60,4368.40,4363.00,4366.50,0
2025-12-19 00:00,4366.70,4367.20,4355.50,4356.10,2699
2025-12-19 01:00,4356.20,4357.40,4336.30,4350.50,10454
2025-12-19 02:00,4350.80,4355.30,4340.60,4344.20,4276
2025-12-19 03:00,4344.00,4350.60,4339.90,4345.80,4171
2025-12-19 04:00,4346.00,4351.00,4344.30,4350.80,1627
2025-12-19 05:00,4350.90,4357.40,4344.90,4354.60,2827
2025-12-19 06:00,4354.40,4358.00,4349.70,4355.10,2585
2025-12-19 07:00,4355.00,4357.00,4349.30,4350.40,3719
2025-12-19 08:00,4350.50,4359.70,4349.20,4355.00,3917
2025-12-19 09:00,4354.60,4362.40,4352.80,4358.60,3438
2025-12-19 10:00,4358.40,4360.90,4351.20,4358.00,4695
2025-12-19 11:00,4358.00,4359.30,4355.00,4357.10,2304
2025-12-19 12:00,4357.30,4358.00,4349.80,4356.00,6492
2025-12-19 13:00,4356.20,4367.60,4355.50,4360.00,12966
2025-12-19 14:00,4359.90,4369.80,4350.70,4363.40,17680
2025-12-19 15:00,4363.40,4382.50,4363.40,4381.30,25644
2025-12-19 16:00,4381.30,4388.00,4374.60,4383.80,15099
2025-12-19 17:00,4383.50,4389.00,4380.90,4386.00,9947
2025-12-19 18:00,4385.90,4389.00,4375.30,4380.00,11577
2025-12-19 19:00,4380.20,4382.10,4376.00,4376.20,3905
2025-12-19 20:00,4376.40,4377.60,4368.00,4370.30,8164
2025-12-19 21:00,4370.60,4387.30,4367.80,4387.30,1582
2025-12-21 23:00,4373.30,4386.20,4372.80,4385.30,4151
2025-12-22 00:00,4385.30,4397.10,4385.20,4396.50,6699
2025-12-22 01:00,4396.60,4417.50,4391.70,4415.60,13574
2025-12-22 02:00,4415.40,4421.00,4410.90,4417.60,6774
2025-12-22 03:00,4417.60,4427.30,4415.90,4425.10,5225
2025-12-22 04:00,4425.10,4433.70,4423.70,4431.10,5000
2025-12-22 05:00,4431.00,4442.80,4429.60,4433.50,10799
2025-12-22 06:00,4433.30,4452.70,4432.10,4452.20,8599
2025-12-22 07:00,4451.90,4453.00,4442.50,4447.10,6655
2025-12-22 08:00,4446.90,4448.00,4439.10,4441.30,6614
2025-12-22 09:00,4441.50,4448.50,4441.00,4444.40,4504
2025-12-22 10:00,4444.60,4449.60,4439.60,4442.20,6090
2025-12-22 11:00,4442.40,4445.70,4439.70,4443.80,4127
2025-12-22 12:00,4443.70,4449.90,4439.50,4449.50,6677
2025-12-22 13:00,4449.50,4462.30,4445.90,4458.20,17112
2025-12-22 14:00,4458.40,4465.10,4449.80,4454.60,18827
2025-12-22 15:00,4454.80,4471.10,4447.30,4467.20,19018
2025-12-22 16:00,4467.20,4477.70,4463.50,4474.00,15160
2025-12-22 17:00,4473.80,4477.30,4467.00,4473.40,7944
2025-12-22 18:00,4473.60,4473.90,4464.60,4470.60,8518
2025-12-22 19:00,4470.80,4471.40,4464.10,4469.00,4698
2025-12-22 20:00,4468.90,4473.90,4467.00,4472.50,5601
2025-12-22 21:00,4472.50,4484.50,4472.50,4480.60,4757
2025-12-22 23:00,4481.80,4494.20,4479.80,4492.30,0
2025-12-23 00:00,4492.10,4504.80,4490.60,4504.50,6277
2025-12-23 01:00,4504.50,4523.00,4502.20,4519.20,16270
2025-12-23 02:00,4519.50,4530.80,4513.20,4525.50,8308
2025-12-23 03:00,4525.20,4528.60,4515.40,4519.90,6085
2025-12-23 04:00,4519.80,4521.90,4510.70,4514.20,3670
2025-12-23 05:00,4514.50,4518.30,4507.30,4507.40,6094
2025-12-23 06:00,4507.20,4513.90,4502.60,4513.90,6359
2025-12-23 07:00,4513.60,4522.20,4510.40,4519.10,4924
2025-12-23 08:00,4519.10,4524.50,4515.30,4520.80,4691
2025-12-23 09:00,4520.80,4522.00,4510.00,4512.00,5919
2025-12-23 10:00,4511.80,4518.60,4511.00,4516.70,4888
2025-12-23 11:00,4516.80,4526.30,4514.40,4525.80,4870
2025-12-23 12:00,4525.50,4525.70,4515.30,4518.60,5179
2025-12-23 13:00,4518.50,4529.30,4503.70,4510.00,19579
2025-12-23 14:00,4510.20,4510.80,4470.80,4476.70,39357
2025-12-23 15:00,4475.10,4486.50,4457.70,4485.80,31055
2025-12-23 16:00,4485.90,4504.10,4482.50,4501.40,17650
2025-12-23 17:00,4501.60,4507.60,4496.60,4499.90,13799
2025-12-23 18:00,4500.00,4513.10,4500.00,4512.10,11934
2025-12-23 19:00,4512.00,4524.60,4511.70,4519.10,9796
2025-12-23 20:00,4519.20,4526.20,4516.20,4523.80,5818
2025-12-23 21:00,4523.80,4524.90,4512.50,4515.00,2677
2025-12-23 23:00,4516.70,4540.60,4512.20,4533.90,0
2025-12-24 00:00,4534.10,4547.00,4531.20,4539.70,7407
2025-12-24 01:00,4539.50,4555.10,4534.80,4547.10,11033
2025-12-24 02:00,4547.20,4547.70,4505.70,4508.20,11755
2025-12-24 03:00,4509.00,4526.60,4496.50,4521.10,9849
2025-12-24 04:00,4521.30,4528.70,4518.80,4524.90,3079
2025-12-24 14:30,4516.10,4518.20,4487.50,4491.90,16651
2025-12-24 15:30,4491.80,4504.00,4474.30,4484.80,17584
2025-12-24 16:30,4484.60,4504.70,4482.20,4502.80,10252
2025-12-24 17:30,4502.70,4513.40,4501.30,4505.60,9061
2025-12-24 18:00,4505.70,4506.70,4502.60,4502.80,0
2025-12-26 05:00,4538.80,4544.60,4535.70,4540.50,3735
2025-12-26 06:00,4540.30,4549.80,4537.80,4541.50,5250
2025-12-26 07:00,4541.50,4545.60,4536.30,4540.60,2616
2025-12-26 08:00,4540.30,4550.70,4539.00,4549.30,2970
2025-12-26 09:00,4549.20,4551.40,4541.80,4542.50,3048
2025-12-26 10:00,4542.40,4554.00,4541.00,4544.10,4359
2025-12-26 11:00,4544.30,4545.40,4531.20,4538.20,5200
2025-12-26 12:00,4538.00,4544.70,4535.40,4539.00,3166
2025-12-26 13:00,4538.80,4562.70,4533.10,4557.30,11504
2025-12-26 14:00,4557.50,4568.50,4544.00,4552.90,18558
2025-12-26 15:00,4552.90,4581.10,4551.50,4580.10,20035
2025-12-26 16:00,4580.30,4584.00,4564.90,4570.30,15044
2025-12-26 17:00,4570.40,4571.60,4543.40,4552.20,16678
2025-12-26 18:00,4552.10,4563.90,4547.40,4562.50,10673
2025-12-26 19:00,4562.40,4567.60,4551.10,4554.90,6300
2025-12-26 20:00,4554.80,4566.40,4552.50,4560.40,7323
2025-12-26 21:00,4560.60,4565.90,4552.70,4552.70,3246
2025-12-28 23:00,4570.50,4571.80,4549.50,4550.90,9145
2025-12-29 00:00,4551.00,4551.90,4490.30,4516.90,20293
2025-12-29 01:00,4516.90,4538.10,4511.60,4520.50,10998
2025-12-29 02:00,4519.60,4539.70,4519.00,4536.70,5975
2025-12-29 03:00,4536.50,4545.00,4533.80,4541.10,5331
2025-12-29 04:00,4540.80,4542.50,4531.00,4538.60,3749
2025-12-29 05:00,4537.60,4541.40,4526.10,4527.00,4518
2025-12-29 06:00,4528.00,4530.80,4492.10,4496.70,10136
2025-12-29 07:00,4495.70,4501.20,4463.30,4496.10,17495
2025-12-29 08:00,4495.70,4510.50,4472.50,4481.10,13212
2025-12-29 09:00,4481.20,4496.60,4479.50,4493.00,7431
2025-12-29 10:00,4492.40,4496.00,4479.00,4482.90,7494
2025-12-29 11:00,4483.10,4489.70,4454.40,4466.20,12298
2025-12-29 12:00,4466.40,4485.00,4464.60,4484.50,7393
2025-12-29 13:00,4484.30,4488.70,4426.20,4440.90,24262
2025-12-29 14:00,4440.60,4440.60,4375.40,4378.60,45745
2025-12-29 15:00,4378.60,4379.70,4316.00,4343.10,40293
2025-12-29 16:00,4343.00,4365.60,4341.50,4359.80,15760
2025-12-29 17:00,4360.20,4361.20,4332.80,4346.20,13005
2025-12-29 18:00,4346.50,4352.70,4340.20,4349.50,12988
2025-12-29 19:00,4350.00,4355.60,4346.10,4354.20,5905
2025-12-29 20:00,4354.40,4362.50,4344.30,4354.30,7505
2025-12-29 21:00,4354.00,4358.00,4345.70,4350.20,3090
2025-12-29 23:00,4350.30,4363.20,4338.80,4361.20,0
2025-12-30 00:00,4361.10,4366.00,4349.80,4354.70,4785
2025-12-30 01:00,4354.70,4374.70,4339.00,4374.70,8617
2025-12-30 02:00,4374.70,4378.40,4362.70,4376.30,7049
2025-12-30 03:00,4376.20,4383.00,4370.50,4373.80,6899
2025-12-30 04:00,4373.80,4384.00,4371.70,4377.60,3352
2025-12-30 05:00,4378.30,4394.70,4373.40,4392.00,6040
2025-12-30 06:00,4392.20,4392.70,4374.80,4379.70,4730
2025-12-30 07:00,4379.60,4398.50,4374.00,4388.30,6726
2025-12-30 08:00,4388.60,4390.40,4366.60,4380.80,7577
2025-12-30 09:00,4381.00,4392.80,4379.80,4387.60,5416
2025-12-30 10:00,4387.40,4407.50,4383.40,4400.50,6651
2025-12-30 11:00,4400.80,4406.00,4396.70,4399.60,3816
2025-12-30 12:00,4399.80,4418.80,4398.70,4417.00,8154
2025-12-30 13:00,4417.60,4420.50,4391.20,4403.70,15383
2025-12-30 14:00,4403.60,4407.70,4370.50,4381.40,19701
2025-12-30 15:00,4381.30,4394.20,4375.40,4381.90,15063
2025-12-30 16:00,4381.70,4396.10,4371.40,4393.50,10725
2025-12-30 17:00,4393.60,4397.80,4379.60,4385.50,9272
2025-12-30 18:00,4385.50,4394.10,4378.00,4380.20,9962
2025-12-30 19:00,4380.10,4383.50,4352.40,4364.00,8170
2025-12-30 20:00,4364.00,4370.60,4353.00,4357.50,8301
2025-12-30 21:00,4358.00,4366.10,4349.20,4352.30,4573
2025-12-30 23:00,4353.00,4358.90,4338.10,4350.90,0
2025-12-31 00:00,4351.30,4358.70,4344.70,4354.90,4999
2025-12-31 01:00,4354.60,4384.90,4348.70,4378.10,8467
2025-12-31 02:00,4378.10,4383.50,4357.60,4360.50,7052
2025-12-31 03:00,4361.80,4371.70,4352.50,4360.40,6856
2025-12-31 04:00,4360.80,4363.50,4342.90,4344.60,3859
2025-12-31 05:00,4345.10,4354.30,4284.30,4296.50,16264
2025-12-31 06:00,4297.00,4341.20,4285.00,4339.00,11737
2025-12-31 07:00,4339.30,4346.30,4334.20,4342.70,5911
2025-12-31 08:00,4343.00,4344.60,4315.50,4319.40,5932
2025-12-31 09:00,4319.30,4349.00,4319.00,4338.60,6495
2025-12-31 10:00,4338.70,4344.00,4315.70,4318.80,5705
2025-12-31 11:00,4318.90,4329.40,4316.40,4323.80,4169
2025-12-31 12:00,4323.90,4331.20,4315.00,4326.10,3822
2025-12-31 13:00,4326.60,4361.50,4320.20,4358.70,8629
2025-12-31 14:00,4358.60,4367.80,4346.20,4360.10,13435
2025-12-31 15:00,4360.50,4360.50,4340.30,4350.90,9033
2025-12-31 16:00,4351.10,4353.40,4330.80,4336.80,7246
2025-12-31 17:00,4337.10,4343.30,4331.50,4335.70,5064
2025-12-31 18:00,4335.40,4345.70,4329.70,4333.50,8709
2025-12-31 19:00,4333.70,4337.00,4320.40,4323.90,3949
2025-12-31 20:00,4324.20,4338.10,4316.80,4326.00,5743
2025-12-31 21:00,4326.90,4333.20,4320.70,4332.10,1696
2026-01-02 05:00,4386.00,4395.00,4383.50,4394.10,3281
2026-01-02 06:00,4393.50,4394.00,4386.10,4387.60,3086
2026-01-02 07:00,4387.60,4395.50,4384.20,4394.70,4400
2026-01-02 08:00,4394.60,4409.50,4392.60,4399.20,6746
2026-01-02 09:00,4398.90,4404.00,4395.60,4397.50,3669
2026-01-02 10:00,4397.60,4410.80,4396.70,4408.70,4548
2026-01-02 11:00,4408.40,4411.80,4403.00,4405.50,3373
2026-01-02 12:00,4405.20,4410.70,4397.40,4407.00,3861
2026-01-02 13:00,4407.00,4414.80,4373.60,4377.60,15740
2026-01-02 14:00,4377.80,4385.80,4359.20,4364.70,15685
2026-01-02 15:00,4364.70,4368.70,4341.40,4346.50,18053
2026-01-02 16:00,4346.70,4348.60,4325.30,4337.50,14664
2026-01-02 17:00,4337.10,4344.50,4332.90,4332.90,7096
2026-01-02 18:00,4333.00,4334.10,4319.70,4325.30,11113
2026-01-02 19:00,4325.50,4336.20,4325.50,4328.10,5850
2026-01-02 20:00,4328.30,4341.40,4327.40,4341.30,4460
2026-01-02 21:00,4341.40,4342.70,4329.60,4329.60,1786
2026-01-04 23:00,4368.80,4385.40,4363.30,4381.40,8207
2026-01-05 00:00,4381.90,4406.40,4379.30,4404.50,8865
2026-01-05 01:00,4404.60,4430.70,4400.40,4411.10,14897
2026-01-05 02:00,4411.40,4418.80,4397.10,4415.00,6408
2026-01-05 03:00,4414.80,4423.20,4408.50,4408.80,4021
2026-01-05 04:00,4408.60,4417.80,4406.10,4415.10,2929
2026-01-05 05:00,4413.40,4423.60,4410.00,4421.40,3965
2026-01-05 06:00,4421.10,4436.10,4420.30,4429.70,10166
2026-01-05 07:00,4429.90,4434.90,4426.30,4431.20,6504
2026-01-05 08:00,4431.40,4444.00,4429.20,4439.90,7270
2026-01-05 09:00,4439.80,4449.10,4436.80,4445.90,7760
2026-01-05 10:00,4446.00,4451.70,4441.60,4447.40,6568
2026-01-05 11:00,4447.70,4448.80,4422.20,4430.70,8518
2026-01-05 12:00,4430.50,4433.00,4416.70,4421.40,6058
2026-01-05 13:00,4421.50,4430.60,4407.00,4428.80,16051
2026-01-05 14:00,4429.00,4454.30,4428.30,4447.80,20601
2026-01-05 15:00,4448.20,4467.60,4445.60,4459.00,22123
2026-01-05 16:00,4458.80,4465.80,4448.90,4452.70,11430
2026-01-05 17:00,4452.90,4459.60,4443.20,4454.20,9525
2026-01-05 18:00,4453.90,4459.70,4450.40,4459.70,7603
2026-01-05 19:00,4459.90,4461.00,4445.60,4450.90,5235
2026-01-05 20:00,4450.70,4458.00,4448.30,4454.90,5372
2026-01-05 21:00,4455.10,4460.80,4453.80,4459.70,2141
2026-01-05 23:00,4459.80,4471.60,4447.00,4450.70,0
2026-01-06 00:00,4450.60,4455.60,4440.70,4447.40,3596
2026-01-06 01:00,4447.40,4462.20,4437.90,4460.00,5879
2026-01-06 02:00,4460.10,4472.00,4458.10,4464.90,6401
2026-01-06 03:00,4464.80,4478.90,4464.20,4478.30,4261
2026-01-06 04:00,4478.30,4479.40,4472.10,4478.00,2654
2026-01-06 05:00,4477.90,4485.20,4460.20,4463.30,5168
2026-01-06 06:00,4463.30,4476.90,4462.40,4475.60,4915
2026-01-06 07:00,4475.50,4480.50,4466.80,4469.30,5298
2026-01-06 08:00,4468.50,4486.00,4466.90,4478.80,7670
2026-01-06 09:00,4479.00,4479.20,4454.70,4456.50,9648
2026-01-06 10:00,4456.20,4466.00,4452.50,4461.70,4495
2026-01-06 11:00,4461.70,4475.30,4458.40,4474.10,5045
2026-01-06 12:00,4474.10,4477.20,4469.30,4474.40,3828
2026-01-06 13:00,4474.20,4481.00,4464.10,4478.20,9761
2026-01-06 14:00,4478.40,4500.70,4474.70,4498.30,19971
2026-01-06 15:00,4498.00,4501.80,4474.40,4488.50,20899
2026-01-06 16:00,4488.40,4499.70,4481.70,4498.70,9090
2026-01-06 17:00,4498.70,4501.60,4493.70,4499.90,8290
2026-01-06 18:00,4499.80,4503.70,4492.20,4500.00,12027
2026-01-06 19:00,4497.80,4498.40,4488.00,4492.20,6615
2026-01-06 20:00,4492.10,4504.70,4491.60,4504.20,5373
2026-01-06 21:00,4504.10,4508.30,4502.40,4505.70,1945
2026-01-06 23:00,4505.40,4512.40,4503.40,4504.60,0
2026-01-07 00:00,4504.80,4506.40,4493.20,4502.90,4514
2026-01-07 01:00,4503.20,4506.90,4471.90,4476.50,10526
2026-01-07 02:00,4476.40,4490.50,4470.10,4486.00,6215
2026-01-07 03:00,4486.00,4491.50,4482.70,4485.70,2874
2026-01-07 04:00,4485.60,4487.00,4473.50,4474.40,5174
2026-01-07 05:00,4474.70,4480.60,4453.40,4464.10,8608
2026-01-07 06:00,4464.10,4470.20,4451.50,4454.80,8119
2026-01-07 07:00,4454.40,4475.20,4452.00,4470.80,4956
2026-01-07 08:00,4470.70,4485.00,4468.90,4478.30,5360
2026-01-07 09:00,4477.90,4478.50,4469.20,4473.60,4240
2026-01-07 10:00,4473.20,4477.70,4468.20,4474.20,2785
2026-01-07 11:00,4474.30,4474.80,4456.20,4456.90,5134
2026-01-07 12:00,4457.30,4464.20,4448.60,4454.50,7679
2026-01-07 13:00,4454.30,4463.00,4436.60,4462.90,21977
2026-01-07 14:00,4462.70,4464.10,4445.50,4454.60,18786
2026-01-07 15:00,4454.60,4462.50,4432.90,4453.60,24874
2026-01-07 16:00,4457.10,4478.40,4453.80,4474.20,17108
2026-01-07 17:00,4474.10,4475.50,4459.40,4461.80,10465
2026-01-07 18:00,4461.60,4468.80,4457.20,4461.60,10428
2026-01-07 19:00,4461.70,4467.80,4455.00,4466.80,5774
2026-01-07 20:00,4466.80,4471.50,4460.70,4462.60,6297
2026-01-07 21:00,4462.50,4467.10,4459.90,4467.10,1624
2026-01-07 23:00,4467.10,4473.20,4467.10,4472.20,0
2026-01-08 00:00,4472.00,4475.20,4455.10,4459.00,3442
2026-01-08 01:00,4458.60,4469.40,4450.20,4457.10,7105
2026-01-08 02:00,4457.10,4458.30,4441.70,4449.70,5985
2026-01-08 03:00,4450.10,4455.40,4445.50,4448.20,2735
2026-01-08 04:00,4448.30,4448.70,4438.40,4440.60,2887
2026-01-08 05:00,4439.80,4441.00,4423.60,4433.60,8429
2026-01-08 06:00,4433.40,4445.70,4423.70,4441.50,6833
2026-01-08 07:00,4441.40,4448.40,4436.10,4438.60,4898
2026-01-08 08:00,4438.50,4441.40,4427.40,4439.40,5248
2026-01-08 09:00,4439.20,4443.30,4433.50,4440.30,4190
2026-01-08 10:00,4440.30,4443.00,4430.60,4441.60,5023
2026-01-08 11:00,4441.50,4441.60,4429.60,4431.00,3018
2026-01-08 12:00,4430.90,4439.00,4415.00,4434.70,10887
2026-01-08 13:00,4435.10,4444.50,4425.00,4432.00,11685
2026-01-08 14:00,4432.30,4448.20,4427.20,4441.40,15781
2026-01-08 15:00,4441.40,4465.70,4436.30,4463.50,26018
2026-01-08 16:00,4463.60,4474.50,4456.20,4472.50,12422
2026-01-08 17:00,4472.70,4475.80,4466.80,4472.80,10551
2026-01-08 18:00,4472.70,4472.80,4456.90,4458.90,21921
2026-01-08 19:00,4458.90,4462.00,4453.70,4460.90,4488
2026-01-08 20:00,4460.80,4487.70,4460.30,4485.10,12281
2026-01-08 21:00,4485.20,4489.30,4482.00,4487.90,3624
2026-01-08 23:00,4489.30,4493.70,4482.20,4485.30,0
2026-01-09 00:00,4485.60,4486.90,4469.40,4472.40,3933
2026-01-09 01:00,4472.50,4478.80,4461.80,4477.40,6734
2026-01-09 02:00,4477.80,4485.50,4474.80,4478.90,4420
2026-01-09 03:00,4478.70,4479.50,4469.40,4472.80,2641
2026-01-09 04:00,4473.10,4475.80,4469.40,4474.50,2147
2026-01-09 05:00,4473.40,4480.80,4466.60,4476.50,3551
2026-01-09 06:00,4477.10,4486.00,4474.40,4483.00,3876
2026-01-09 07:00,4483.30,4484.70,4477.20,4479.30,4245
2026-01-09 08:00,4478.80,4485.80,4472.80,4476.90,4536
2026-01-09 09:00,4477.10,4486.40,4477.00,4479.40,3389
2026-01-09 10:00,4479.70,4482.70,4475.70,4481.30,3216
2026-01-09 11:00,4481.40,4485.30,4477.40,4484.30,4102
2026-01-09 12:00,4484.20,4489.60,4469.50,4474.50,6698
2026-01-09 13:00,4474.60,4500.80,4467.00,4492.00,18200
2026-01-09 14:00,4492.20,4507.80,4488.10,4503.90,24000
2026-01-09 15:00,4503.40,4527.00,4499.20,4521.50,25952
2026-01-09 16:00,4521.80,4523.80,4509.30,4516.50,12664
2026-01-09 17:00,4516.40,4521.50,4491.40,4493.90,17982
2026-01-09 18:00,4493.60,4514.10,4492.40,4505.90,27012
2026-01-09 19:00,4505.80,4511.30,4502.30,4508.30,4954
2026-01-09 20:00,4508.00,4518.80,4506.80,4516.10,7020
2026-01-09 21:00,4516.00,4520.30,4500.90,4500.90,2373
2026-01-11 23:00,4538.10,4555.00,4531.40,4550.10,7488
2026-01-12 00:00,4550.00,4612.70,4546.30,4600.00,25099
2026-01-12 01:00,4600.20,4606.10,4581.40,4582.10,15923
2026-01-12 02:00,4581.60,4594.00,4573.10,4589.40,9893
2026-01-12 03:00,4589.50,4593.50,4579.40,4582.60,4417
2026-01-12 04:00,4582.80,4584.00,4574.80,4579.40,3594
2026-01-12 05:00,4580.00,4595.60,4576.90,4591.30,5409
2026-01-12 06:00,4591.30,4591.30,4580.80,4589.30,4992
2026-01-12 07:00,4589.70,4599.80,4585.40,4597.80,7725
2026-01-12 08:00,4597.70,4608.50,4589.60,4607.00,7975
2026-01-12 09:00,4606.90,4609.60,4597.90,4599.40,6771
2026-01-12 10:00,4599.50,4605.80,4596.10,4604.50,5984
2026-01-12 11:00,4604.70,4605.40,4591.50,4594.80,5061
2026-01-12 12:00,4595.00,4600.40,4587.60,4600.40,7086
2026-01-12 13:00,4600.40,4630.80,4598.50,4626.30,21446
2026-01-12 14:00,4626.60,4628.10,4595.10,4612.10,29042
2026-01-12 15:00,4611.80,4638.20,4611.40,4630.90,27369
2026-01-12 16:00,4630.90,4640.50,4618.00,4627.00,22590
2026-01-12 17:00,4626.80,4630.70,4620.00,4626.90,10555
2026-01-12 18:00,4626.90,4629.20,4609.80,4620.30,30106
2026-01-12 19:00,4620.60,4628.90,4618.30,4620.60,6888
2026-01-12 20:00,4620.50,4621.20,4601.00,4603.30,8921
2026-01-12 21:00,4603.40,4609.00,4598.70,4608.80,4157
2026-01-12 23:00,4610.00,4616.90,4586.40,4607.60,0
2026-01-13 00:00,4607.50,4607.70,4593.30,4595.80,3692
2026-01-13 01:00,4596.20,4604.50,4584.30,4586.40,6588
2026-01-13 02:00,4586.00,4604.20,4585.00,4603.10,4580
2026-01-13 03:00,4602.80,4608.70,4601.30,4603.10,3892
2026-01-13 04:00,4603.40,4608.80,4603.00,4606.40,3136
2026-01-13 05:00,4605.60,4611.20,4594.00,4600.70,4754
2026-01-13 06:00,4600.50,4600.80,4582.80,4590.50,5973
2026-01-13 07:00,4590.80,4595.30,4585.60,4589.10,5941
2026-01-13 08:00,4588.90,4605.40,4587.80,4601.60,6412
2026-01-13 09:00,4601.10,4604.10,4594.50,4595.20,4291
2026-01-13 10:00,4595.30,4597.30,4589.40,4595.00,4374
2026-01-13 11:00,4595.20,4600.80,4590.80,4596.90,7371
2026-01-13 12:00,4597.00,4603.90,4586.20,4602.00,6909
2026-01-13 13:00,4601.70,4629.30,4599.10,4619.50,30128
2026-01-13 14:00,4619.50,4644.00,4617.00,4638.90,27609
2026-01-13 15:00,4638.50,4639.90,4609.10,4627.60,24098
2026-01-13 16:00,4627.70,4629.50,4601.30,4622.20,15396
2026-01-13 17:00,4622.30,4624.90,4595.00,4599.00,16829
2026-01-13 18:00,4598.80,4610.20,4589.50,4602.30,33579
2026-01-13 19:00,4602.60,4606.80,4592.40,4605.30,9069
2026-01-13 20:00,4605.30,4605.60,4576.70,4594.10,13414
2026-01-13 21:00,4594.20,4597.80,4590.70,4594.40,4129
2026-01-13 23:00,4594.30,4606.50,4594.30,4603.90,0
2026-01-14 00:00,4604.40,4618.40,4604.40,4616.90,4482
2026-01-14 01:00,4617.20,4627.60,4613.70,4626.70,8894
2026-01-14 02:00,4626.90,4631.50,4621.90,4629.10,5276
2026-01-14 03:00,4628.80,4638.90,4621.50,4636.50,6388
2026-01-14 04:00,4636.60,4638.60,4633.00,4636.00,5844
2026-01-14 05:00,4636.80,4647.60,4624.70,4626.30,12027
2026-01-14 06:00,4626.30,4644.60,4625.20,4644.50,7172
2026-01-14 07:00,4644.70,4647.20,4638.90,4639.70,6779
2026-01-14 08:00,4639.90,4644.90,4628.40,4641.80,9485
2026-01-14 09:00,4641.90,4646.70,4634.50,4637.90,6720
2026-01-14 10:00,4637.90,4646.20,4635.40,4641.20,6106
2026-01-14 11:00,4641.10,4645.30,4634.10,4638.50,6054
2026-01-14 12:00,4638.60,4650.10,4638.30,4646.90,11058
2026-01-14 13:00,4647.00,4649.80,4631.30,4643.80,15975
2026-01-14 14:00,4643.70,4646.70,4613.90,4624.50,25345
2026-01-14 15:00,4624.40,4633.60,4605.90,4624.80,30072
2026-01-14 16:00,4624.90,4631.70,4615.30,4624.10,16176
2026-01-14 17:00,4624.00,4626.10,4607.70,4621.30,23831
2026-01-14 18:00,4621.40,4644.90,4619.60,4642.50,36263
2026-01-14 19:00,4642.60,4650.50,4640.80,4646.70,16579
2026-01-14 20:00,4646.70,4649.20,4632.70,4639.20,21031
2026-01-14 21:00,4639.30,4639.80,4623.60,4633.90,5789
2026-01-14 23:00,4635.70,4637.20,4607.20,4619.60,0
2026-01-15 00:00,4619.40,4622.90,4614.50,4619.30,4029
2026-01-15 01:00,4619.50,4622.00,4587.50,4604.30,17788
2026-01-15 02:00,4604.00,4618.90,4599.40,4606.90,9909
2026-01-15 03:00,4606.60,4608.10,4584.50,4596.10,11140
2026-01-15 04:00,4595.80,4601.40,4590.70,4596.60,5575
2026-01-15 05:00,4595.70,4602.60,4584.60,4599.10,6426
2026-01-15 06:00,4598.90,4616.40,4597.40,4614.50,6929
2026-01-15 07:00,4614.90,4618.00,4603.50,4606.10,5380
2026-01-15 08:00,4606.40,4611.50,4602.20,4608.20,6197
2026-01-15 09:00,4608.10,4617.20,4604.60,4616.90,5953
2026-01-15 10:00,4616.70,4624.90,4613.40,4624.20,7304
2026-01-15 11:00,4624.30,4627.00,4619.60,4623.40,5430
2026-01-15 12:00,4623.30,4624.90,4615.70,4617.90,4989
2026-01-15 13:00,4618.00,4620.20,4584.00,4591.60,21329
2026-01-15 14:00,4591.60,4618.80,4586.30,4614.90,21927
2026-01-15 15:00,4614.80,4622.30,4608.20,4620.20,15178
2026-01-15 16:00,4620.00,4630.10,4605.70,4610.20,18463
2026-01-15 17:00,4610.40,4621.80,4610.30,4621.50,9651
2026-01-15 18:00,4621.40,4626.00,4617.60,4622.10,12867
2026-01-15 19:00,4622.20,4626.50,4616.80,4620.00,6399
2026-01-15 20:00,4620.20,4620.70,4604.20,4609.80,7888
2026-01-15 21:00,4609.50,4620.60,4608.50,4620.50,2974
2026-01-15 23:00,4621.60,4625.50,4610.60,4614.60,0
2026-01-16 00:00,4614.20,4615.10,4602.40,4604.40,4239
2026-01-16 01:00,4603.80,4612.30,4597.80,4604.80,7359
2026-01-16 02:00,4604.80,4607.70,4594.60,4598.40,8871
2026-01-16 03:00,4598.20,4603.20,4595.80,4599.40,2779
2026-01-16 04:00,4599.40,4605.50,4599.20,4604.60,2377
2026-01-16 05:00,4604.50,4620.20,4598.60,4615.40,5053
2026-01-16 06:00,4615.50,4616.30,4597.10,4601.80,7871
2026-01-16 07:00,4601.50,4616.20,4600.50,4611.50,8614
2026-01-16 08:00,4611.20,4614.80,4605.20,4606.80,4537
2026-01-16 09:00,4606.80,4612.20,4602.70,4604.20,3202
2026-01-16 10:00,4604.10,4615.10,4603.60,4604.10,5588
2026-01-16 11:00,4604.10,4620.50,4602.30,4616.50,6347
2026-01-16 12:00,4616.40,4617.00,4601.00,4605.70,6728
2026-01-16 13:00,4605.80,4609.90,4586.00,4605.70,23000
2026-01-16 14:00,4605.70,4618.90,4599.90,4611.90,17115
2026-01-16 15:00,4611.40,4624.60,4539.10,4574.80,65602
2026-01-16 16:00,4574.60,4603.90,4570.80,4595.80,24830
2026-01-16 17:00,4596.20,4597.90,4581.00,4586.00,8833
2026-01-16 18:00,4586.00,4601.10,4584.70,4587.90,10228
2026-01-16 19:00,4587.80,4597.20,4585.80,4595.20,4435
2026-01-16 20:00,4595.30,4600.20,4585.00,4587.30,7957
2026-01-16 21:00,4587.20,4602.10,4587.20,4601.10,3758
2026-01-19 04:00,4595.40,4672.30,4595.40,4671.20,997
2026-01-20 05:00,4700.90,4722.80,4700.00,4720.60,15150
2026-01-20 06:00,4720.70,4723.40,4711.30,4718.60,10913
2026-01-20 07:00,4718.40,4728.00,4717.50,4721.40,9599
2026-01-20 08:00,4721.40,4738.00,4720.40,4735.60,11090
2026-01-20 09:00,4735.50,4742.90,4727.20,4737.60,11763
2026-01-20 10:00,4737.50,4740.40,4728.70,4732.30,7291
2026-01-20 11:00,4732.30,4740.80,4727.30,4738.60,5365
2026-01-20 12:00,4738.60,4738.60,4729.50,4733.30,7862
2026-01-20 13:00,4733.40,4743.80,4720.00,4742.30,21812
2026-01-20 14:00,4742.30,4756.60,4733.40,4746.40,32158
2026-01-20 15:00,4745.90,4753.70,4726.70,4742.00,28924
2026-01-20 16:00,4742.10,4762.00,4733.40,4758.00,19673
2026-01-20 17:00,4757.70,4767.00,4750.30,4763.70,15279
2026-01-20 18:00,4763.80,4771.20,4757.50,4764.20,17373
2026-01-20 19:00,4764.40,4771.50,4761.30,4765.90,6958
2026-01-20 20:00,4765.80,4766.60,4752.60,4761.40,9291
2026-01-20 21:00,4761.50,4769.30,4761.10,4769.10,2587
2026-01-20 23:00,4767.50,4784.90,4761.50,4779.80,0
2026-01-21 00:00,4779.60,4792.90,4774.50,4789.60,6393
2026-01-21 01:00,4789.60,4847.70,4788.50,4838.50,26857
2026-01-21 02:00,4838.60,4845.30,4820.40,4839.40,12218
2026-01-21 03:00,4839.20,4852.60,4829.50,4847.60,11760
2026-01-21 04:00,4847.30,4873.60,4840.00,4867.50,8548
2026-01-21 05:00,4868.40,4880.90,4861.70,4872.40,9511
2026-01-21 06:00,4872.60,4891.10,4848.00,4850.20,16912
2026-01-21 07:00,4849.90,4859.40,4835.20,4857.50,16598
2026-01-21 08:00,4856.90,4871.60,4853.70,4856.90,10002
2026-01-21 09:00,4856.90,4879.40,4854.50,4862.40,10928
2026-01-21 10:00,4862.50,4869.20,4861.60,4864.40,7274
2026-01-21 11:00,4864.30,4874.00,4857.40,4869.10,9609
2026-01-21 12:00,4869.30,4873.50,4858.10,4868.00,11558
2026-01-21 13:00,4868.20,4883.30,4861.00,4882.30,17829
2026-01-21 14:00,4882.60,4884.50,4840.80,4853.70,45513
2026-01-21 15:00,4853.70,4871.20,4813.80,4850.00,38879
2026-01-21 16:00,4850.00,4858.70,4821.60,4836.50,21696
2026-01-21 17:00,4836.70,4837.00,4804.60,4829.00,26130
2026-01-21 18:00,4828.60,4853.50,4822.60,4853.20,15720
2026-01-21 19:00,4853.10,4857.20,4757.10,4783.40,33073
2026-01-21 20:00,4783.00,4830.90,4774.50,4830.00,21449
2026-01-21 21:00,4829.60,4842.80,4816.00,4836.20,6107
2026-01-21 23:00,4836.20,4837.70,4779.30,4779.60,0
2026-01-22 00:00,4779.90,4799.80,4779.40,4798.80,6043
2026-01-22 01:00,4798.40,4810.60,4772.70,4799.20,10077
2026-01-22 02:00,4798.90,4799.80,4775.30,4789.90,7938
2026-01-22 03:00,4790.20,4798.10,4785.00,4797.40,3213
2026-01-22 04:00,4797.90,4801.80,4794.70,4797.70,3241
2026-01-22 05:00,4798.10,4822.10,4794.70,4821.80,5861
2026-01-22 06:00,4821.60,4829.60,4816.60,4827.30,6795
2026-01-22 07:00,4827.40,4841.10,4826.40,4833.50,7547
2026-01-22 08:00,4833.40,4836.80,4823.30,4832.20,6573
2026-01-22 09:00,4832.20,4839.50,4815.30,4824.40,13123
2026-01-22 10:00,4824.80,4833.70,4820.80,4831.00,5413
2026-01-22 11:00,4830.80,4838.50,4826.20,4833.20,6128
2026-01-22 12:00,4832.90,4834.60,4820.50,4821.50,7341
2026-01-22 13:00,4821.60,4837.40,4809.60,4823.80,18049
2026-01-22 14:00,4823.50,4849.40,4821.70,4836.70,25160
2026-01-22 15:00,4836.70,4876.80,4826.40,4874.00,27507
2026-01-22 16:00,4874.20,4888.10,4870.10,4880.80,20778
2026-01-22 17:00,4880.80,4909.50,4871.00,4907.80,24733
2026-01-22 18:00,4907.70,4922.50,4904.60,4918.70,19898
2026-01-22 19:00,4918.70,4927.60,4909.30,4915.20,11485
2026-01-22 20:00,4915.50,4932.20,4914.80,4920.50,9621
2026-01-22 21:00,4920.70,4944.30,4918.30,4938.40,5669
2026-01-22 23:00,4940.00,4964.00,4932.40,4960.80,0
2026-01-23 00:00,4961.20,4968.50,4949.70,4967.60,7024
2026-01-23 01:00,4968.00,4970.00,4938.00,4956.80,11674
2026-01-23 02:00,4956.00,4964.50,4948.40,4957.70,5877
2026-01-23 03:00,4957.40,4961.10,4939.50,4953.00,8448
2026-01-23 04:00,4952.70,4960.00,4951.00,4958.00,3591
2026-01-23 05:00,4957.80,4969.00,4955.70,4962.10,4891
2026-01-23 06:00,4962.30,4964.30,4946.20,4954.10,8519
2026-01-23 07:00,4954.50,4960.70,4944.30,4945.50,7081
2026-01-23 08:00,4945.20,4948.70,4901.90,4915.30,18527
2026-01-23 09:00,4914.80,4922.70,4901.20,4919.40,11840
2026-01-23 10:00,4919.60,4933.30,4916.60,4931.00,7096
2026-01-23 11:00,4930.90,4931.50,4912.80,4923.30,7366
2026-01-23 12:00,4923.70,4943.40,4918.80,4940.00,7730
2026-01-23 13:00,4940.20,4948.60,4924.30,4939.80,18624
2026-01-23 14:00,4940.30,4957.30,4933.50,4944.10,19594
2026-01-23 15:00,4943.60,4964.00,4938.90,4961.90,23866
2026-01-23 16:00,4961.90,4989.90,4960.00,4981.40,31217
2026-01-23 17:00,4981.70,4989.40,4963.00,4966.90,17654
2026-01-23 18:00,4967.20,4985.40,4959.50,4967.80,15931
2026-01-23 19:00,4968.20,4991.40,4968.20,4985.20,11212
2026-01-23 20:00,4985.10,4986.70,4971.70,4981.40,8924
2026-01-23 21:00,4981.40,4990.20,4978.60,4988.30,4736
2026-01-25 23:00,5023.30,5039.40,5010.90,5038.70,11060
2026-01-26 00:00,5039.40,5051.40,5029.30,5041.00,9483
2026-01-26 01:00,5040.80,5082.90,5028.00,5068.80,22345
2026-01-26 02:00,5068.90,5091.50,5064.20,5078.90,10600
2026-01-26 03:00,5078.50,5086.50,5067.50,5073.90,8406
2026-01-26 04:00,5074.10,5076.00,5055.60,5068.60,7657
2026-01-26 05:00,5067.90,5074.30,5049.70,5072.10,12596
2026-01-26 06:00,5071.80,5107.90,5063.00,5074.20,17432
2026-01-26 07:00,5074.50,5092.40,5070.00,5086.40,8053
2026-01-26 08:00,5086.30,5096.10,5077.40,5081.30,12598
2026-01-26 09:00,5081.30,5097.40,5073.10,5082.20,12726
2026-01-26 10:00,5082.40,5093.00,5076.50,5090.10,8797
2026-01-26 11:00,5090.10,5091.30,5076.50,5089.80,8024
2026-01-26 12:00,5089.60,5095.40,5074.50,5076.20,13054
2026-01-26 13:00,5076.60,5080.90,5052.00,5065.90,26718
2026-01-26 14:00,5065.70,5094.70,5055.50,5093.70,36919
2026-01-26 15:00,5094.10,5095.20,5071.30,5088.40,39649
2026-01-26 16:00,5088.40,5103.00,5062.00,5086.40,33155
2026-01-26 17:00,5087.00,5102.10,5076.70,5098.10,19145
2026-01-26 18:00,5097.90,5100.30,5053.40,5064.60,28284
2026-01-26 19:00,5065.20,5065.50,5002.70,5023.60,32637
2026-01-26 20:00,5023.60,5058.30,5022.00,5049.40,18903
2026-01-26 21:00,5049.60,5053.90,4983.60,5004.80,14550
2026-01-26 23:00,5005.50,5056.00,5004.50,5037.70,0
2026-01-27 00:00,5037.70,5048.70,5008.30,5027.10,6861
2026-01-27 01:00,5027.30,5071.50,5013.00,5055.30,12976
2026-01-27 02:00,5054.70,5074.80,5043.90,5067.40,6303
2026-01-27 03:00,5067.90,5074.30,5054.40,5071.90,4269
2026-01-27 04:00,5071.70,5073.60,5056.40,5061.10,3529
2026-01-27 05:00,5062.60,5080.30,5051.90,5078.10,6698
2026-01-27 06:00,5077.90,5089.60,5071.60,5081.50,6453
2026-01-27 07:00,5081.40,5097.30,5077.10,5081.60,12397
2026-01-27 08:00,5081.50,5084.10,5068.50,5075.60,11072
2026-01-27 09:00,5075.00,5096.30,5074.10,5095.30,8389
2026-01-27 10:00,5095.20,5095.30,5078.20,5082.50,8333
2026-01-27 11:00,5082.70,5087.00,5062.20,5073.10,8799
2026-01-27 12:00,5072.90,5087.40,5069.50,5081.60,8729
2026-01-27 13:00,5081.50,5089.40,5065.80,5073.80,21153
2026-01-27 14:00,5073.70,5077.90,5042.00,5049.60,36300
2026-01-27 15:00,5049.20,5088.30,5042.30,5087.60,33547
2026-01-27 16:00,5087.50,5100.30,5080.50,5085.10,24390
2026-01-27 17:00,5085.20,5092.00,5074.70,5079.20,18243
2026-01-27 18:00,5079.10,5093.50,5074.00,5085.90,14221
2026-01-27 19:00,5085.50,5098.30,5078.60,5097.30,8348
2026-01-27 20:00,5097.10,5184.20,5096.20,5174.70,37840
2026-01-27 21:00,5175.00,5190.80,5169.10,5179.60,11934
2026-01-27 23:00,5179.00,5181.90,5156.40,5169.20,0
2026-01-28 00:00,5169.30,5177.00,5154.80,5168.50,2637
2026-01-28 01:00,5168.90,5220.70,5165.10,5199.50,5399
2026-01-28 02:00,5199.00,5228.90,5196.60,5226.40,3722
2026-01-28 03:00,5226.30,5242.20,5218.70,5229.20,3621
2026-01-28 04:00,5228.80,5244.00,5227.40,5242.70,2002
2026-01-28 05:00,5240.90,5259.30,5237.10,5253.90,2298
2026-01-28 06:00,5253.10,5264.40,5245.00,5262.70,2150
2026-01-28 07:00,5263.20,5288.00,5255.70,5286.20,3634
2026-01-28 08:00,5285.40,5345.00,5282.00,5327.00,80993
2026-01-28 09:00,5326.80,5331.20,5296.80,5311.80,12951
2026-01-28 10:00,5311.90,5319.90,5302.50,5303.70,9074
2026-01-28 11:00,5304.30,5305.00,5271.00,5294.20,13736
2026-01-28 12:00,5294.40,5311.80,5284.30,5311.70,13005
2026-01-28 13:00,5311.60,5322.10,5288.70,5298.60,22859
2026-01-28 14:00,5299.00,5321.40,5280.70,5318.80,31539
2026-01-28 15:00,5318.70,5331.00,5266.50,5311.30,52543
2026-01-28 16:00,5311.60,5334.50,5307.50,5333.60,28880
2026-01-28 17:00,5334.00,5341.20,5316.10,5332.20,22438
2026-01-28 18:00,5332.40,5360.60,5301.10,5317.30,29811
2026-01-28 19:00,5315.00,5365.90,5301.00,5359.10,20627
2026-01-28 20:00,5358.60,5425.10,5353.40,5409.40,25096
2026-01-28 21:00,5409.80,5452.80,5409.40,5447.80,10471
2026-01-28 23:00,5449.90,5626.80,5449.40,5539.40,0
2026-01-29 00:00,5539.90,5555.00,5481.40,5548.50,19633
2026-01-29 01:00,5548.90,5580.50,5472.40,5574.00,25886
2026-01-29 02:00,5574.10,5578.40,5532.60,5565.70,15871
2026-01-29 03:00,5565.20,5579.30,5538.20,5575.80,12318
2026-01-29 04:00,5576.00,5595.00,5563.70,5589.80,10672
2026-01-29 05:00,5588.00,5593.30,5544.50,5590.90,13796
2026-01-29 06:00,5591.10,5625.90,5583.80,5591.00,15859
2026-01-29 07:00,5591.00,5604.00,5566.20,5578.40,12955
2026-01-29 08:00,5578.40,5584.80,5503.90,5540.60,23677
2026-01-29 09:00,5540.10,5560.30,5528.10,5544.80,13386
2026-01-29 10:00,5544.70,5556.40,5513.00,5514.10,12294
2026-01-29 11:00,5514.50,5559.90,5501.00,5553.50,12240
2026-01-29 12:00,5553.20,5573.30,5549.20,5564.50,10412
2026-01-29 13:00,5565.20,5571.50,5528.80,5540.30,19323
2026-01-29 14:00,5540.70,5581.30,5519.30,5525.30,42708
2026-01-29 15:00,5525.30,5525.30,5126.00,5212.90,124149
2026-01-29 16:00,5210.70,5338.90,5201.50,5292.50,41840
2026-01-29 17:00,5292.90,5404.20,5292.20,5364.30,28595
2026-01-29 18:00,5364.00,5390.60,5336.00,5367.70,19482
2026-01-29 19:00,5368.60,5374.30,5318.70,5334.10,13291
2026-01-29 20:00,5334.80,5438.60,5311.00,5423.30,17959
2026-01-29 21:00,5422.90,5456.20,5400.00,5410.80,8391
2026-01-29 23:00,5410.00,5478.60,5407.50,5467.60,0
2026-01-30 00:00,5467.50,5480.20,5418.20,5435.30,11362
2026-01-30 01:00,5436.00,5438.90,5320.40,5331.70,20582
2026-01-30 02:00,5330.30,5345.80,5145.80,5255.00,35979
2026-01-30 03:00,5254.80,5259.80,5176.90,5225.10,12685
2026-01-30 04:00,5224.20,5260.00,5222.00,5243.10,5883
2026-01-30 05:00,5242.10,5269.20,5208.00,5212.40,6286
2026-01-30 06:00,5210.70,5232.70,5171.40,5183.90,8910
2026-01-30 07:00,5184.10,5215.00,5143.70,5209.20,12118
2026-01-30 08:00,5208.80,5208.80,5075.10,5145.00,19132
2026-01-30 09:00,5143.80,5161.50,4962.70,5040.00,31830
2026-01-30 10:00,5039.30,5150.20,5027.00,5147.70,15150
2026-01-30 11:00,5146.00,5173.90,5114.70,5164.70,13555
2026-01-30 12:00,5165.30,5175.60,5082.60,5092.00,13558
2026-01-30 13:00,5093.10,5127.80,5018.30,5045.60,23045
2026-01-30 14:00,5046.70,5142.30,5039.60,5061.00,29988
2026-01-30 15:00,5059.70,5088.00,5006.30,5067.50,19572
2026-01-30 16:00,5079.30,5080.70,4961.10,5011.70,30024
2026-01-30 17:00,5009.60,5012.30,4825.00,4874.50,46197
2026-01-30 18:00,4874.40,4917.00,4700.40,4899.60,69670
2026-01-30 19:00,4898.30,4971.90,4860.00,4954.90,21131
2026-01-30 20:00,4955.30,4956.60,4828.50,4870.80,17193
2026-01-30 21:00,4871.20,4917.90,4855.50,4907.50,8153
2026-02-01 23:00,4828.50,4834.00,4705.30,4764.70,15367
2026-02-02 00:00,4765.60,4905.60,4763.30,4790.60,16050
2026-02-02 01:00,4791.30,4809.20,4604.30,4764.80,30605
2026-02-02 02:00,4758.70,4797.00,4720.00,4733.30,12611
2026-02-02 03:00,4733.40,4752.70,4650.00,4665.60,13549
2026-02-02 04:00,4667.00,4734.50,4622.60,4701.40,11036
2026-02-02 05:00,4698.00,4717.10,4515.00,4571.50,20293
2026-02-02 06:00,4573.00,4596.70,4423.20,4526.20,22568
2026-02-02 07:00,4525.80,4641.00,4504.90,4609.50,15661
2026-02-02 08:00,4609.50,4674.10,4579.40,4662.10,13712
2026-02-02 09:00,4661.50,4754.00,4623.00,4743.10,12155
2026-02-02 10:00,4740.00,4757.60,4678.00,4727.30,10577
2026-02-02 11:00,4728.40,4805.10,4726.10,4790.30,12168
2026-02-02 12:00,4791.20,4837.60,4767.40,4816.10,11210
2026-02-02 13:00,4816.00,4828.00,4692.10,4729.00,28219
2026-02-02 14:00,4729.60,4818.00,4703.40,4744.00,26736
2026-02-02 15:00,4739.50,4768.00,4638.00,4641.70,24373
2026-02-02 16:00,4642.90,4733.10,4617.60,4687.50,20618
2026-02-02 17:00,4687.50,4737.70,4678.10,4696.00,17772
2026-02-02 18:00,4677.40,4683.30,4665.80,4679.50,68372
2026-02-02 19:00,4679.50,4736.00,4653.50,4707.40,8451
2026-02-02 20:00,4707.40,4723.30,4671.30,4676.30,7834
2026-02-02 21:00,4677.90,4712.00,4667.00,4680.90,3235
2026-02-02 23:00,4691.00,4799.90,4690.20,4798.50,0
2026-02-03 00:00,4798.70,4853.70,4788.10,4802.70,8631
2026-02-03 01:00,4803.10,4882.00,4788.00,4862.70,10523
2026-02-03 02:00,4863.20,4864.00,4768.50,4806.20,10293
2026-02-03 03:00,4806.10,4836.10,4774.30,4831.60,5403
2026-02-03 04:00,4831.00,4848.40,4822.60,4832.60,2820
2026-02-03 05:00,4832.80,4865.50,4831.30,4846.30,4168
2026-02-03 06:00,4848.00,4916.00,4838.00,4903.00,8443
2026-02-03 07:00,4901.20,4956.00,4893.00,4940.00,10850
2026-02-03 08:00,4940.20,4975.50,4921.00,4935.80,12609
2026-02-03 09:00,4935.80,4950.00,4908.70,4939.80,10289
2026-02-03 10:00,4939.60,4953.00,4922.40,4924.80,7412
2026-02-03 11:00,4925.20,4941.90,4905.20,4938.90,5909
2026-02-03 12:00,4939.60,4959.50,4915.00,4938.20,8331
2026-02-03 13:00,4938.40,4977.70,4926.70,4958.00,20413
2026-02-03 14:00,4958.70,4963.10,4917.60,4939.20,21666
2026-02-03 15:00,4939.10,4971.20,4926.90,4957.70,16881
2026-02-03 16:00,4957.20,5018.10,4952.10,4978.20,20560
2026-02-03 17:00,4978.30,4992.70,4929.70,4951.50,19867
2026-02-03 18:00,4951.10,4977.30,4900.50,4930.50,18951
2026-02-03 19:00,4930.20,4971.90,4902.00,4949.30,11046
2026-02-03 20:00,4949.90,4980.00,4924.50,4967.50,7920
2026-02-03 21:00,4967.10,4987.50,4957.30,4970.50,2613
2026-02-03 23:00,4966.10,4997.80,4930.40,4968.70,0
2026-02-04 00:00,4969.90,5039.70,4966.90,5038.10,7602
2026-02-04 01:00,5038.60,5075.50,5006.40,5067.20,12502
2026-02-04 02:00,5067.90,5086.80,5055.10,5061.60,6794
2026-02-04 03:00,5060.90,5094.00,5056.20,5090.30,4868
2026-02-04 04:00,5090.70,5101.00,5076.30,5100.20,3264
2026-02-04 05:00,5100.10,5109.30,5088.50,5098.30,5560
2026-02-04 06:00,5099.40,5102.50,5071.00,5096.60,7355
2026-02-04 07:00,5098.00,5113.50,5082.50,5106.80,7432
2026-02-04 08:00,5106.30,5113.90,5091.10,5106.50,6436
2026-02-04 09:00,5105.90,5109.70,5065.00,5082.30,8029
2026-02-04 10:00,5083.10,5086.90,5064.70,5072.20,6371
2026-02-04 11:00,5070.70,5076.90,5036.00,5071.30,6647
2026-02-04 12:00,5070.60,5088.10,5058.60,5064.60,5171
2026-02-04 13:00,5064.30,5087.00,5045.00,5077.00,10243
2026-02-04 14:00,5077.80,5082.50,4988.40,5008.40,27799
2026-02-04 15:00,5007.30,5030.70,4909.00,4943.10,33383
2026-02-04 16:00,4943.10,4964.10,4867.70,4926.90,25838
2026-02-04 17:00,4926.50,4953.00,4909.60,4921.30,17490
2026-02-04 18:00,4919.60,4956.90,4893.90,4949.70,15469
2026-02-04 19:00,4949.80,4979.40,4936.70,4963.50,9302
2026-02-04 20:00,4963.60,4975.60,4936.00,4961.60,6067
2026-02-04 21:00,4960.90,4994.10,4960.00,4986.40,1836
2026-02-04 23:00,4986.60,5045.00,4986.60,5033.40,0
2026-02-05 00:00,5033.20,5041.90,5017.60,5028.10,4288
2026-02-05 01:00,5028.70,5033.70,4957.00,4978.30,11866
2026-02-05 02:00,4979.20,4982.10,4822.60,4831.00,22912
2026-02-05 03:00,4830.40,4907.10,4805.00,4898.50,12491
2026-02-05 04:00,4898.40,4910.80,4880.80,4888.50,3893
2026-02-05 05:00,4881.70,4923.70,4842.00,4911.80,7408
2026-02-05 06:00,4914.10,4951.90,4893.00,4938.80,5889
2026-02-05 07:00,4937.20,4960.20,4914.70,4934.30,6507
2026-02-05 08:00,4934.10,4962.00,4921.40,4934.00,5814
2026-02-05 09:00,4934.40,4937.10,4871.10,4876.90,9116
2026-02-05 10:00,4875.90,4907.60,4868.00,4897.90,4913
2026-02-05 11:00,4896.80,4915.50,4885.60,4889.10,4140
2026-02-05 12:00,4889.30,4899.90,4831.00,4876.20,12916
2026-02-05 13:00,4876.10,4893.10,4822.00,4858.20,14918
2026-02-05 14:00,4858.00,4891.10,4827.20,4867.80,21283
2026-02-05 15:00,4866.50,4888.00,4820.80,4838.60,20830
2026-02-05 16:00,4837.80,4930.00,4833.50,4912.00,16183
2026-02-05 17:00,4910.90,4913.30,4881.50,4891.50,7495
2026-02-05 18:00,4891.40,4898.40,4872.80,4880.40,8473
2026-02-05 19:00,4881.20,4889.00,4847.00,4852.50,5456
2026-02-05 20:00,4853.00,4866.20,4814.60,4833.60,8194
2026-02-05 21:00,4833.20,4848.50,4779.60,4798.10,8870
2026-02-05 23:00,4800.00,4815.90,4721.20,4722.00,0
2026-02-06 00:00,4722.00,4781.70,4670.00,4779.90,17110
2026-02-06 01:00,4779.10,4803.40,4710.00,4792.10,11834
2026-02-06 02:00,4792.70,4863.50,4777.80,4833.50,10104
2026-02-06 03:00,4832.50,4856.40,4816.70,4841.10,4063
2026-02-06 04:00,4842.00,4848.90,4823.90,4831.90,1665
2026-02-06 05:00,4830.40,4916.20,4824.50,4915.30,7342
2026-02-06 06:00,4916.30,4921.60,4841.00,4865.60,7624
2026-02-06 07:00,4865.00,4881.90,4856.80,4862.30,4156
2026-02-06 08:00,4861.60,4904.50,4849.50,4884.80,5998
2026-02-06 09:00,4884.10,4896.50,4862.20,4889.50,4583
2026-02-06 10:00,4888.00,4901.70,4872.60,4899.90,3696
2026-02-06 11:00,4899.70,4918.70,4885.60,4909.10,4559
2026-02-06 12:00,4910.10,4926.00,4892.00,4921.70,7041
2026-02-06 13:00,4922.00,4961.00,4918.20,4951.00,11464
2026-02-06 14:00,4951.70,4973.70,4916.20,4972.50,14712
2026-02-06 15:00,4970.80,4988.80,4959.10,4966.30,12059
2026-02-06 16:00,4972.40,4978.00,4945.00,4975.30,7741
2026-02-06 17:00,4975.30,4992.90,4972.20,4986.50,6918
2026-02-06 18:00,4986.70,4995.60,4967.90,4986.30,7932
2026-02-06 19:00,4986.30,4987.00,4971.80,4980.70,3083
2026-02-06 20:00,4980.40,4983.00,4960.40,4977.20,4524
2026-02-06 21:00,4977.20,4992.10,4970.10,4988.60,2361
2026-02-08 23:00,5000.00,5069.00,4991.30,5057.40,6457
2026-02-09 00:00,5057.50,5068.00,5033.10,5041.20,3871
2026-02-09 01:00,5042.10,5064.20,4997.00,5002.30,7071
2026-02-09 02:00,5002.40,5037.20,4989.30,5026.60,4859
2026-02-09 03:00,5026.50,5051.80,5025.80,5037.10,2817
2026-02-09 04:00,5036.50,5045.60,5028.70,5034.70,1638
2026-02-09 05:00,5034.00,5063.10,5032.40,5058.00,2666
2026-02-09 06:00,5058.60,5067.60,5035.10,5052.40,3922
2026-02-09 07:00,5052.50,5052.50,5015.20,5027.20,4089
2026-02-09 08:00,5026.80,5057.00,5023.90,5048.10,3516
2026-02-09 09:00,5048.70,5062.60,5023.60,5028.20,3814
2026-02-09 10:00,5028.50,5036.90,5002.60,5011.30,5560
2026-02-09 11:00,5011.50,5040.00,5009.20,5031.10,2963
2026-02-09 12:00,5032.00,5043.60,5028.30,5035.70,2809
2026-02-09 13:00,5035.40,5046.80,5016.90,5028.90,6500
2026-02-09 14:00,5028.40,5063.30,5023.80,5059.60,9817
2026-02-09 15:00,5059.50,5084.40,5045.60,5082.20,10311
2026-02-09 16:00,5082.60,5106.80,5079.80,5096.90,10426
2026-02-09 17:00,5097.80,5099.70,5064.40,5069.80,6127
2026-02-09 18:00,5070.60,5088.40,5068.50,5087.00,7065
2026-02-09 19:00,5086.90,5104.00,5086.50,5098.40,3210
2026-02-09 20:00,5098.30,5111.10,5096.60,5102.90,4015
2026-02-09 21:00,5103.60,5107.10,5072.50,5084.20,2351
2026-02-09 23:00,5084.30,5100.90,5011.00,5055.30,0
2026-02-10 00:00,5056.40,5073.00,5031.00,5042.60,2729
2026-02-10 01:00,5042.90,5062.00,5035.50,5054.90,3609
2026-02-10 02:00,5055.10,5079.00,5053.20,5061.20,2939
2026-02-10 03:00,5059.00,5060.70,5036.50,5051.50,2451
2026-02-10 04:00,5052.40,5056.30,5039.50,5052.80,1284
2026-02-10 05:00,5052.90,5064.00,5032.80,5061.90,2500
2026-02-10 06:00,5061.40,5068.40,5041.00,5045.80,2190
2026-02-10 07:00,5045.70,5057.10,5040.00,5055.30,2074
2026-02-10 08:00,5054.50,5077.10,5049.60,5063.80,3115
2026-02-10 09:00,5063.60,5085.30,5062.60,5068.50,3514
2026-02-10 10:00,5068.60,5081.30,5059.90,5070.20,4846
2026-02-10 11:00,5069.50,5081.00,5067.40,5079.00,2410
2026-02-10 12:00,5079.70,5080.70,5042.00,5054.90,5392
2026-02-10 13:00,5055.00,5082.40,5048.60,5074.10,6628
2026-02-10 14:00,5074.10,5102.70,5043.20,5063.00,13131
2026-02-10 15:00,5062.00,5070.90,5021.30,5041.60,12477
2026-02-10 16:00,5042.70,5049.70,5028.20,5046.50,6430
2026-02-10 17:00,5046.40,5064.00,5043.60,5049.70,4121
2026-02-10 18:00,5049.10,5051.30,5026.70,5036.00,6989
2026-02-10 19:00,5035.30,5053.20,5031.40,5050.80,2822
2026-02-10 20:00,5050.50,5068.90,5042.90,5052.90,3995
2026-02-10 21:00,5052.00,5055.00,5043.00,5047.90,1089
2026-02-10 23:00,5048.00,5077.40,5046.30,5064.10,0
2026-02-11 00:00,5064.70,5072.10,5050.90,5060.90,2166
2026-02-11 01:00,5060.40,5075.90,5053.40,5075.00,2365
2026-02-11 02:00,5075.60,5081.00,5055.60,5079.20,2503
2026-02-11 03:00,5078.60,5085.00,5068.20,5079.00,2024
2026-02-11 04:00,5078.60,5083.70,5070.00,5073.20,1272
2026-02-11 05:00,5071.20,5088.10,5067.60,5076.80,2430
2026-02-11 06:00,5076.60,5088.80,5073.60,5088.30,2169
2026-02-11 07:00,5088.40,5093.30,5072.20,5078.70,5930
2026-02-11 08:00,5078.90,5084.10,5068.80,5077.00,2218
2026-02-11 09:00,5077.40,5095.90,5070.40,5086.60,3770
2026-02-11 10:00,5086.50,5128.80,5086.00,5118.60,9425
2026-02-11 11:00,5118.80,5141.80,5107.40,5136.80,6612
2026-02-11 12:00,5137.40,5144.50,5071.40,5107.20,11454
2026-02-11 13:00,5107.50,5115.00,5036.30,5089.60,16452
2026-02-11 14:00,5088.20,5107.10,5058.70,5082.30,10920
2026-02-11 15:00,5082.30,5105.50,5062.00,5084.20,10824
2026-02-11 16:00,5083.10,5101.80,5065.50,5099.20,6992
2026-02-11 17:00,5098.70,5123.40,5091.40,5116.50,7602
2026-02-11 18:00,5115.80,5117.90,5090.10,5107.40,9363
2026-02-11 19:00,5107.80,5119.40,5101.10,5106.50,3511
2026-02-11 20:00,5106.20,5114.80,5102.40,5111.40,1845
2026-02-11 21:00,5111.40,5118.00,5094.10,5107.80,1800
2026-02-11 23:00,5107.30,5122.80,5074.00,5083.50,0
2026-02-12 00:00,5083.50,5090.00,5071.00,5084.90,2347
2026-02-12 01:00,5083.00,5085.80,5065.00,5084.80,2821
2026-02-12 02:00,5084.90,5094.00,5075.50,5086.70,2028
2026-02-12 03:00,5085.70,5096.00,5075.70,5078.20,1797
2026-02-12 04:00,5077.70,5091.10,5072.20,5090.40,1115
2026-02-12 05:00,5090.00,5099.30,5085.70,5096.30,2409
2026-02-12 06:00,5097.20,5097.80,5068.90,5081.10,3276
2026-02-12 07:00,5080.90,5087.50,5073.60,5085.30,2198
2026-02-12 08:00,5085.70,5095.00,5073.50,5090.00,3030
2026-02-12 09:00,5089.50,5102.50,5087.30,5095.00,3191
2026-02-12 10:00,5094.80,5099.30,5077.00,5083.80,4105
2026-02-12 11:00,5084.00,5090.20,5080.60,5085.60,1553
2026-02-12 12:00,5086.50,5090.80,5070.60,5074.20,3673
2026-02-12 13:00,5074.40,5106.70,5073.10,5098.20,6855
2026-02-12 14:00,5098.20,5101.10,5061.30,5067.00,11711
2026-02-12 15:00,5066.40,5098.00,5061.70,5083.90,10454
2026-02-12 16:00,5083.50,5091.60,4900.00,4976.30,51512
2026-02-12 17:00,4974.50,5004.40,4959.90,4961.50,13967
2026-02-12 18:00,4961.70,4972.40,4926.90,4955.90,13114
2026-02-12 19:00,4956.10,4978.30,4947.10,4965.00,4519
2026-02-12 20:00,4965.30,4968.40,4931.00,4935.10,4631
2026-02-12 21:00,4935.70,4947.30,4932.00,4941.40,2314
2026-02-12 23:00,4950.00,4951.50,4907.10,4939.70,0
2026-02-13 00:00,4938.50,4967.70,4932.10,4946.70,3143
2026-02-13 01:00,4946.70,5007.80,4945.60,4999.80,5529
2026-02-13 02:00,5000.30,5011.00,4991.00,5008.00,2966
2026-02-13 03:00,5007.80,5008.50,4992.00,5001.60,1483
2026-02-13 04:00,5000.00,5016.40,4991.70,4994.00,1415
2026-02-13 05:00,4996.10,5005.40,4963.20,4965.40,3484
2026-02-13 06:00,4964.60,4988.00,4964.40,4986.70,3082
2026-02-13 07:00,4985.90,5001.90,4970.00,4994.60,4245
2026-02-13 08:00,4995.00,5009.50,4990.00,5001.90,3173
2026-02-13 09:00,5002.80,5002.80,4981.20,4990.10,2990
2026-02-13 10:00,4990.00,5000.90,4967.20,4970.80,4740
2026-02-13 11:00,4970.80,4975.00,4952.80,4973.40,5683
2026-02-13 12:00,4973.10,4994.00,4971.80,4988.80,3926
2026-02-13 13:00,4990.00,5024.50,4977.10,5008.40,10236
2026-02-13 14:00,5007.20,5036.70,4986.10,5017.40,13825
2026-02-13 15:00,5017.40,5043.30,4995.20,4998.70,12004
2026-02-13 16:00,4999.00,5056.80,4997.40,5030.00,11191
2026-02-13 17:00,5030.00,5051.50,5027.80,5043.50,4925
2026-02-13 18:00,5043.50,5058.90,5038.00,5054.10,6344
2026-02-13 19:00,5054.70,5069.10,5046.40,5046.40,4536
2026-02-13 20:00,5046.20,5057.10,5043.30,5054.00,4187
2026-02-13 21:00,5053.90,5067.40,5046.30,5046.30,1712
2026-02-15 23:00,5046.30,5051.60,5031.60,5038.50,917
2026-02-16 00:00,5038.40,5043.00,5018.20,5035.00,1713
2026-02-16 01:00,5034.10,5051.40,5026.40,5047.60,1387
2026-02-16 02:00,5048.40,5051.00,5011.30,5014.80,2108
2026-02-16 03:00,5013.70,5019.50,4986.00,5007.20,2652
2026-02-16 04:00,5006.20,5012.20,4988.00,4994.70,2082
2026-02-17 05:00,4970.80,4972.30,4875.20,4906.90,10392
2026-02-17 06:00,4906.70,4932.90,4905.10,4930.00,3806
2026-02-17 07:00,4928.50,4941.70,4922.30,4935.80,2829
2026-02-17 08:00,4936.00,4949.40,4934.80,4939.50,2718
2026-02-17 09:00,4939.00,4951.60,4926.30,4945.20,3072
2026-02-17 10:00,4944.60,4959.50,4927.10,4932.10,4390
2026-02-17 11:00,4932.50,4950.30,4932.50,4948.70,2585
2026-02-17 12:00,4948.40,4964.00,4947.50,4951.60,3865
2026-02-17 13:00,4951.30,4953.00,4887.80,4889.40,11869
2026-02-17 14:00,4888.70,4926.30,4854.20,4881.30,21246
2026-02-17 15:00,4880.80,4902.10,4867.00,4897.20,9723
2026-02-17 16:00,4897.10,4913.00,4886.80,4887.70,7222
2026-02-17 17:00,4887.50,4890.00,4868.00,4884.00,6932
2026-02-17 18:00,4883.50,4931.00,4881.10,4917.70,8956
2026-02-17 19:00,4917.90,4920.60,4895.20,4899.30,3130
2026-02-17 20:00,4899.20,4902.60,4891.70,4896.70,2072
2026-02-17 21:00,4896.20,4905.20,4893.50,4896.10,1097
2026-02-17 23:00,4898.50,4902.20,4868.50,4876.90,0
2026-02-18 00:00,4876.00,4901.20,4875.80,4891.80,1748
2026-02-18 01:00,4891.80,4911.70,4891.80,4908.00,2132
2026-02-18 02:00,4907.30,4925.80,4904.60,4923.80,1750
2026-02-18 03:00,4924.00,4940.60,4922.70,4939.50,1742
2026-02-18 04:00,4939.10,4961.80,4937.00,4951.60,1792
2026-02-18 05:00,4953.50,4959.10,4949.20,4952.40,1050
2026-02-18 06:00,4952.70,4955.30,4944.20,4949.70,1448
2026-02-18 07:00,4949.60,4962.20,4948.60,4949.50,2058
2026-02-18 08:00,4950.20,4953.20,4936.30,4937.70,3508
2026-02-18 09:00,4937.50,4943.50,4933.10,4937.90,3167
2026-02-18 10:00,4937.40,4945.40,4929.30,4935.00,3836
2026-02-18 11:00,4934.50,4938.20,4925.90,4933.40,2167
2026-02-18 12:00,4932.70,4967.50,4931.90,4963.50,6203
2026-02-18 13:00,4963.30,4989.80,4962.90,4974.20,10511
2026-02-18 14:00,4975.00,5015.50,4972.60,5012.30,10946
2026-02-18 15:00,5012.10,5029.60,5011.70,5018.80,11786
2026-02-18 16:00,5018.90,5031.90,5011.50,5021.20,6278
2026-02-18 17:00,5021.40,5022.80,5014.20,5020.10,4022
2026-02-18 18:00,5020.20,5024.20,5001.20,5008.20,6113
2026-02-18 19:00,5007.60,5016.40,4993.70,5000.70,5046
2026-02-18 20:00,5000.70,5008.40,4995.90,5005.30,2738
2026-02-18 21:00,5004.90,5006.70,4995.60,4996.10,846
2026-02-18 23:00,4993.70,5007.80,4971.50,4994.80,0
2026-02-19 00:00,4994.60,4994.80,4978.50,4980.20,1684
2026-02-19 01:00,4980.20,4995.00,4979.10,4992.10,1184
2026-02-19 02:00,4992.70,4996.20,4984.90,4986.90,1039
2026-02-19 03:00,4986.90,5002.60,4985.20,5000.40,1638
2026-02-19 04:00,5000.00,5004.70,4995.30,5002.80,1162
2026-02-19 05:00,5002.50,5017.60,5002.50,5015.50,1530
2026-02-19 06:00,5015.10,5038.00,5014.40,5035.40,2594
2026-02-19 07:00,5036.50,5039.80,5026.90,5028.00,2242
2026-02-19 08:00,5028.00,5040.90,5023.90,5035.50,2642
2026-02-19 09:00,5035.80,5039.10,5012.00,5014.40,4046
2026-02-19 10:00,5014.40,5015.20,5000.70,5013.00,4185
2026-02-19 11:00,5013.00,5016.80,4997.10,5003.30,3820
2026-02-19 12:00,5003.80,5012.00,4999.80,5004.40,2918
2026-02-19 13:00,5005.10,5018.50,4990.10,5016.60,5679
2026-02-19 14:00,5016.50,5029.60,4982.00,5024.60,10993
2026-02-19 15:00,5025.20,5042.80,5014.70,5033.40,11551
2026-02-19 16:00,5033.90,5034.20,5008.80,5014.20,6747
2026-02-19 17:00,5014.20,5021.10,5001.90,5004.20,3945
2026-02-19 18:00,5004.50,5008.80,4994.00,5000.70,4998
2026-02-19 19:00,5000.70,5009.70,4996.80,5006.50,2219
2026-02-19 20:00,5006.90,5022.20,5006.90,5020.60,2448
2026-02-19 21:00,5020.70,5022.80,5010.20,5015.50,1675
2026-02-19 23:00,5015.00,5026.50,5003.50,5005.60,0
2026-02-20 00:00,5006.40,5025.50,5003.50,5024.50,1024
2026-02-20 01:00,5024.60,5033.40,5012.90,5015.40,2142
2026-02-20 02:00,5015.50,5025.70,5010.60,5013.70,1716
2026-02-20 03:00,5013.70,5017.20,4999.30,5006.00,1783
2026-02-20 04:00,5005.60,5021.20,5004.20,5017.50,704
2026-02-20 05:00,5018.10,5030.10,5015.90,5030.10,1447
2026-02-20 06:00,5030.50,5048.90,5029.70,5039.60,2923
2026-02-20 07:00,5040.30,5047.30,5024.60,5025.30,3379
2026-02-20 08:00,5025.60,5050.60,5023.80,5048.70,4073
2026-02-20 09:00,5048.50,5063.00,5046.90,5047.60,4924
2026-02-20 10:00,5047.80,5058.10,5038.50,5054.60,4755
2026-02-20 11:00,5054.70,5054.80,5034.70,5036.80,4381
2026-02-20 12:00,5037.00,5045.60,5025.70,5044.50,5994
2026-02-20 13:00,5044.10,5068.70,5037.70,5063.50,7198
2026-02-20 14:00,5063.10,5081.20,5056.80,5074.80,13288
2026-02-20 15:00,5073.60,5084.50,5005.50,5062.30,24846
2026-02-20 16:00,5062.30,5089.80,5058.20,5087.00,9358
2026-02-20 17:00,5087.00,5097.30,5075.20,5093.70,8471
2026-02-20 18:00,5093.70,5097.00,5075.10,5094.00,10467
2026-02-20 19:00,5093.60,5104.60,5091.10,5102.40,4598
2026-02-20 20:00,5102.30,5120.70,5099.80,5119.40,5258
2026-02-20 21:00,5119.50,5131.00,5080.90,5080.90,3745
2026-02-22 23:00,5157.00,5194.20,5157.00,5187.20,5616
2026-02-23 00:00,5187.00,5188.50,5151.00,5165.90,7692
2026-02-23 01:00,5166.30,5190.00,5161.60,5179.40,3469
2026-02-23 02:00,5179.10,5198.80,5178.80,5195.00,3198
2026-02-23 03:00,5195.20,5197.60,5173.20,5188.40,3172
2026-02-23 04:00,5188.30,5190.30,5177.30,5181.30,1696
2026-02-23 05:00,5182.00,5183.30,5173.90,5179.90,1702
2026-02-23 06:00,5180.30,5183.20,5166.10,5167.30,2509
2026-02-23 07:00,5167.40,5176.30,5145.10,5157.60,6027
2026-02-23 08:00,5157.50,5162.90,5142.80,5161.00,4541
2026-02-23 09:00,5160.70,5170.60,5159.40,5170.10,3962
2026-02-23 10:00,5170.40,5184.80,5165.60,5184.00,6079
2026-02-23 11:00,5184.00,5184.50,5167.30,5170.30,3222
2026-02-23 12:00,5170.30,5186.40,5165.90,5185.00,4603
2026-02-23 13:00,5185.00,5186.40,5164.10,5166.20,6539
2026-02-23 14:00,5165.90,5221.90,5161.50,5213.50,15876
2026-02-23 15:00,5213.10,5226.20,5201.60,5216.60,13268
2026-02-23 16:00,5216.30,5240.90,5196.00,5230.40,12838
2026-02-23 17:00,5231.10,5234.50,5211.20,5227.40,7278
2026-02-23 18:00,5228.00,5235.90,5220.80,5229.50,6167
2026-02-23 19:00,5229.00,5238.40,5226.40,5235.40,3290
2026-02-23 20:00,5235.00,5257.30,5234.60,5255.60,5334
2026-02-23 21:00,5255.20,5256.50,5245.90,5247.90,2092
2026-02-23 23:00,5247.50,5269.40,5241.00,5254.50,0
2026-02-24 00:00,5254.10,5257.40,5236.80,5243.10,5485
2026-02-24 01:00,5243.00,5243.00,5164.10,5196.60,15770
2026-02-24 02:00,5197.00,5210.90,5184.50,5209.00,3870
2026-02-24 03:00,5209.40,5212.20,5190.70,5192.00,1826
2026-02-24 04:00,5191.50,5195.30,5181.00,5188.40,2002
2026-02-24 05:00,5188.10,5205.60,5183.70,5203.00,2836
2026-02-24 06:00,5203.20,5204.80,5173.60,5193.60,3296
2026-02-24 07:00,5193.00,5203.60,5183.60,5198.70,5175
2026-02-24 08:00,5198.60,5201.60,5184.50,5193.00,4477
2026-02-24 09:00,5192.30,5199.40,5185.40,5190.70,2545
2026-02-24 10:00,5190.20,5201.00,5182.30,5192.30,4242
2026-02-24 11:00,5192.30,5198.00,5190.60,5191.90,1893
2026-02-24 12:00,5192.10,5192.50,5162.20,5168.80,7679
2026-02-24 13:00,5169.20,5180.10,5126.90,5132.30,15665
2026-02-24 14:00,5132.00,5157.00,5109.50,5145.50,20642
2026-02-24 15:00,5147.70,5173.40,5135.20,5168.20,11233
2026-02-24 16:00,5168.50,5170.70,5147.80,5159.70,6548
2026-02-24 17:00,5159.70,5182.30,5159.40,5182.00,5999
2026-02-24 18:00,5182.10,5188.50,5171.30,5178.90,7822
2026-02-24 19:00,5178.00,5178.50,5164.20,5171.80,3321
2026-02-24 20:00,5172.10,5191.40,5164.20,5181.80,4246
2026-02-24 21:00,5181.90,5183.90,5158.00,5160.50,1721
2026-02-24 23:00,5160.00,5170.00,5135.90,5165.00,0
2026-02-25 00:00,5165.10,5175.30,5154.30,5171.00,1902
2026-02-25 01:00,5171.10,5208.00,5162.80,5195.10,5376
2026-02-25 02:00,5194.40,5212.00,5184.30,5198.60,3435
2026-02-25 03:00,5199.30,5208.70,5196.50,5200.60,2213
2026-02-25 04:00,5200.10,5203.90,5189.30,5201.30,1779
2026-02-25 05:00,5202.10,5230.00,5201.70,5221.20,4866
2026-02-25 06:00,5220.10,5220.90,5201.70,5213.20,2933
2026-02-25 07:00,5213.70,5214.40,5199.50,5203.80,2765
2026-02-25 08:00,5203.70,5216.60,5203.00,5204.50,2626
2026-02-25 09:00,5204.30,5213.90,5194.50,5212.90,4350
2026-02-25 10:00,5212.40,5214.70,5188.00,5193.70,4693
2026-02-25 11:00,5193.30,5200.80,5173.20,5199.50,5330
2026-02-25 12:00,5199.30,5205.20,5195.00,5201.00,3851
2026-02-25 13:00,5201.90,5210.00,5199.00,5203.70,5513
2026-02-25 14:00,5203.20,5211.80,5177.00,5210.20,13098
2026-02-25 15:00,5209.30,5222.00,5190.30,5214.50,11560
2026-02-25 16:00,5214.10,5233.60,5209.10,5231.70,7686
2026-02-25 17:00,5232.00,5237.30,5222.90,5226.50,5380
2026-02-25 18:00,5226.50,5227.00,5226.40,5226.40,8
2026-02-25 19:00,5226.20,5229.30,5218.10,5224.40,2742
2026-02-25 20:00,5224.10,5225.00,5163.30,5169.90,8972
2026-02-25 21:00,5171.20,5191.40,5168.60,5183.70,4053
2026-02-25 23:00,5175.30,5198.10,5175.20,5180.00,0
2026-02-26 00:00,5179.10,5207.40,5170.10,5203.20,3822
2026-02-26 01:00,5203.80,5213.40,5194.50,5206.80,3994
2026-02-26 02:00,5207.00,5211.50,5188.80,5199.60,2791
2026-02-26 03:00,5199.40,5209.40,5198.20,5208.10,1622
2026-02-26 04:00,5208.10,5215.40,5206.60,5208.70,2008
2026-02-26 05:00,5208.80,5221.90,5206.10,5214.40,2922
2026-02-26 06:00,5214.80,5216.10,5207.00,5209.80,2410
2026-02-26 07:00,5210.20,5211.50,5196.40,5202.60,3643
2026-02-26 08:00,5202.80,5207.90,5182.90,5195.80,5853
2026-02-26 09:00,5195.40,5205.80,5190.10,5202.40,4452
2026-02-26 10:00,5202.60,5206.40,5180.60,5187.10,5507
2026-02-26 11:00,5186.80,5194.30,5176.40,5180.70,4170
2026-02-26 12:00,5180.90,5204.20,5173.10,5200.00,6294
2026-02-26 13:00,5200.10,5202.10,5180.20,5182.30,7090
2026-02-26 14:00,5182.20,5192.20,5154.60,5181.10,12544
2026-02-26 15:00,5180.70,5210.10,5144.80,5202.50,18806
2026-02-26 16:00,5203.00,5204.30,5189.40,5196.30,7721
2026-02-26 17:00,5196.70,5207.40,5178.60,5184.00,6613
2026-02-26 18:00,5184.20,5202.80,5176.30,5196.90,10610
2026-02-26 19:00,5197.30,5211.30,5195.90,5204.20,4640
2026-02-26 20:00,5203.90,5218.20,5203.80,5213.50,4489
2026-02-26 21:00,5213.80,5217.80,5200.20,5201.50,0
2026-02-26 23:00,5201.90,5206.70,5191.50,5200.90,1668
2026-02-27 00:00,5201.60,5212.00,5186.00,5191.60,3018
2026-02-27 01:00,5191.10,5210.50,5182.90,5210.20,3294
2026-02-27 02:00,5210.20,5216.20,5190.20,5200.30,4509
2026-02-27 03:00,5200.70,5207.40,5197.50,5201.20,2110
2026-02-27 04:00,5200.60,5205.50,5198.00,5200.50,937
2026-02-27 05:00,5198.10,5217.50,5198.00,5214.70,2758
2026-02-27 06:00,5214.60,5216.30,5201.90,5202.80,2816
2026-02-27 07:00,5202.90,5206.50,5192.60,5193.10,5669
2026-02-27 08:00,5193.20,5199.40,5191.10,5195.10,2995
2026-02-27 09:00,5195.40,5199.30,5188.50,5192.30,3527
2026-02-27 10:00,5192.50,5197.20,5183.20,5193.60,4555
2026-02-27 11:00,5193.60,5202.20,5188.30,5202.00,2889
2026-02-27 12:00,5202.10,5207.00,5199.60,5204.30,3699
2026-02-27 13:00,5204.50,5259.30,5203.50,5240.80,23821
2026-02-27 14:00,5240.80,5254.30,5230.60,5240.90,13563
2026-02-27 15:00,5240.80,5265.00,5232.60,5257.80,17451
2026-02-27 16:00,5258.00,5276.60,5240.60,5246.90,14051
2026-02-27 17:00,5247.10,5254.50,5237.40,5252.40,9843
2026-02-27 18:00,5252.20,5264.80,5240.00,5263.00,8215
2026-02-27 19:00,5262.80,5270.80,5258.20,5268.40,4317
2026-02-27 20:00,5267.90,5283.80,5266.90,5281.30,5019
2026-02-27 21:00,5281.60,5299.00,5247.90,5247.90,4487
2026-03-01 23:00,5364.20,5409.70,5354.30,5400.40,10881
2026-03-02 00:00,5401.30,5402.00,5353.90,5360.60,7620
2026-03-02 01:00,5360.50,5360.60,5315.30,5338.30,12958
2026-03-02 02:00,5338.50,5364.90,5329.20,5358.80,4640
2026-03-02 03:00,5358.80,5379.50,5357.40,5378.70,3077
2026-03-02 04:00,5378.60,5380.00,5358.40,5369.80,2620
2026-03-02 05:00,5368.20,5380.00,5353.40,5378.90,3138
2026-03-02 06:00,5378.80,5403.90,5376.70,5401.50,6073
2026-03-02 07:00,5401.70,5434.10,5398.90,5423.00,10116
2026-03-02 08:00,5422.80,5432.00,5406.30,5408.90,9458
2026-03-02 09:00,5409.10,5418.40,5400.00,5406.90,6492
2026-03-02 10:00,5407.80,5416.80,5393.60,5404.10,7210
2026-03-02 11:00,5404.20,5415.00,5386.00,5399.60,5631
2026-03-02 12:00,5399.90,5413.70,5393.50,5412.40,5779
2026-03-02 13:00,5412.20,5432.20,5396.80,5409.80,14541
2026-03-02 14:00,5409.00,5410.80,5318.60,5346.40,31605
2026-03-02 15:00,5346.10,5364.30,5321.60,5329.60,15936
2026-03-02 16:00,5328.70,5329.30,5272.90,5304.00,22017
2026-03-02 17:00,5303.60,5335.10,5300.40,5321.10,6716
2026-03-02 18:00,5321.40,5330.80,5302.90,5329.80,7951
2026-03-02 19:00,5329.90,5348.50,5328.20,5344.20,5683
2026-03-02 20:00,5344.10,5360.90,5342.20,5346.10,5997
2026-03-02 21:00,5346.50,5354.60,5335.40,5335.90,1860
2026-03-02 23:00,5335.70,5360.90,5334.90,5359.10,0
2026-03-03 00:00,5359.90,5376.90,5350.10,5364.50,3197
2026-03-03 01:00,5364.90,5394.20,5351.50,5352.90,6470
2026-03-03 02:00,5353.70,5381.80,5346.70,5380.00,4266
2026-03-03 03:00,5380.70,5387.20,5372.20,5381.20,2135
2026-03-03 04:00,5380.80,5389.20,5373.00,5377.90,2393
2026-03-03 05:00,5374.70,5381.50,5318.00,5331.90,5796
2026-03-03 06:00,5333.70,5336.20,5292.10,5323.00,9322
2026-03-03 07:00,5322.80,5346.10,5318.50,5340.60,4818
2026-03-03 08:00,5340.50,5349.00,5302.80,5308.80,6910
2026-03-03 09:00,5308.50,5317.40,5236.00,5286.80,17993
2026-03-03 10:00,5287.30,5300.10,5246.10,5259.70,8270
2026-03-03 11:00,5258.30,5274.80,5081.40,5154.00,35026
2026-03-03 12:00,5154.50,5236.90,5148.20,5234.50,17701
2026-03-03 13:00,5234.60,5234.60,5137.20,5166.50,18681
2026-03-03 14:00,5166.90,5185.80,5025.00,5048.00,33468
2026-03-03 15:00,5048.80,5107.40,5005.00,5105.30,29186
2026-03-03 16:00,5105.40,5145.20,5100.30,5117.90,14875
2026-03-03 17:00,5117.80,5120.60,5075.10,5089.50,10853
2026-03-03 18:00,5089.40,5149.80,5089.30,5146.50,11291
2026-03-03 19:00,5147.00,5161.50,5109.30,5122.30,7238
2026-03-03 20:00,5123.70,5141.70,5096.00,5109.30,5194
2026-03-03 21:00,5108.60,5122.00,5093.30,5099.50,2438
2026-03-03 23:00,5110.00,5139.10,5092.80,5133.40,0
2026-03-04 00:00,5134.50,5149.50,5114.30,5147.30,3378
2026-03-04 01:00,5148.20,5188.10,5147.90,5183.70,7682
2026-03-04 02:00,5183.90,5200.70,5162.60,5165.40,6100
2026-03-04 03:00,5164.80,5186.30,5150.00,5183.10,3724
2026-03-04 04:00,5183.30,5189.60,5160.10,5166.40,2344
2026-03-04 05:00,5165.70,5177.20,5160.50,5169.50,2255
2026-03-04 06:00,5168.40,5170.30,5130.00,5170.30,5912
2026-03-04 07:00,5169.00,5186.00,5168.50,5178.20,5536
2026-03-04 08:00,5178.30,5192.80,5157.80,5178.60,5306
2026-03-04 09:00,5177.90,5196.40,5170.00,5193.90,5123
2026-03-04 10:00,5194.00,5214.70,5191.20,5201.90,9054
2026-03-04 11:00,5201.30,5213.20,5199.30,5204.20,3547
2026-03-04 12:00,5204.30,5218.30,5167.90,5182.00,7095
2026-03-04 13:00,5182.20,5207.50,5177.30,5178.50,7694
2026-03-04 14:00,5178.10,5195.20,5148.40,5155.70,13321
2026-03-04 15:00,5155.20,5177.30,5140.20,5161.60,14335
2026-03-04 16:00,5161.20,5172.60,5148.50,5161.50,7171
2026-03-04 17:00,5160.90,5165.00,5131.50,5153.60,6703
2026-03-04 18:00,5152.70,5155.50,5119.40,5144.70,9422
2026-03-04 19:00,5144.80,5150.50,5133.60,5148.70,2883
2026-03-04 20:00,5148.40,5159.20,5134.80,5146.80,2710
2026-03-04 21:00,5146.90,5156.30,5141.40,5151.60,1768
2026-03-04 23:00,5155.70,5177.80,5152.00,5176.20,0
2026-03-05 00:00,5176.50,5191.50,5170.40,5183.90,2613
2026-03-05 01:00,5184.10,5198.00,5177.10,5181.70,4535
2026-03-05 02:00,5181.20,5201.80,5180.90,5201.60,3509
2026-03-05 03:00,5201.70,5204.30,5187.30,5189.50,2226
2026-03-05 04:00,5189.40,5195.90,5175.20,5179.70,1907
2026-03-05 05:00,5181.00,5185.90,5156.90,5157.70,2764
2026-03-05 06:00,5157.90,5177.50,5129.00,5176.50,6396
2026-03-05 07:00,5175.90,5181.80,5168.00,5171.40,3259
2026-03-05 08:00,5171.10,5180.10,5146.20,5176.00,5568
2026-03-05 09:00,5175.90,5192.50,5162.70,5171.80,5482
2026-03-05 10:00,5171.10,5178.50,5156.90,5175.60,4286
2026-03-05 11:00,5175.50,5178.50,5168.00,5174.80,2856
2026-03-05 12:00,5175.10,5182.70,5171.50,5173.00,3060
2026-03-05 13:00,5173.60,5174.90,5085.50,5126.50,23141
2026-03-05 14:00,5126.80,5139.20,5099.20,5110.80,13906
2026-03-05 15:00,5110.70,5128.50,5065.50,5111.30,17528
2026-03-05 16:00,5111.80,5113.50,5062.40,5086.50,9934
2026-03-05 17:00,5086.60,5098.50,5063.50,5071.20,8948
2026-03-05 18:00,5071.00,5094.60,5058.90,5077.60,10075
2026-03-05 19:00,5077.60,5089.70,5063.50,5074.60,3501
2026-03-05 20:00,5074.30,5104.40,5071.20,5086.60,6153
2026-03-05 21:00,5086.30,5094.60,5082.00,5093.30,1924
2026-03-05 23:00,5099.70,5119.20,5092.20,5095.60,0
2026-03-06 00:00,5095.50,5101.00,5082.90,5092.50,2352
2026-03-06 01:00,5092.40,5151.30,5074.00,5142.10,6771
2026-03-06 02:00,5142.00,5145.90,5129.80,5133.90,3466
2026-03-06 03:00,5134.80,5149.80,5132.10,5139.90,2568
2026-03-06 04:00,5139.90,5145.20,5135.00,5137.20,1108
2026-03-06 05:00,5136.00,5138.90,5122.90,5126.60,2591
2026-03-06 06:00,5126.10,5131.90,5118.70,5124.90,2240
2026-03-06 07:00,5124.70,5129.40,5114.00,5128.20,4297
2026-03-06 08:00,5128.00,5132.30,5104.50,5116.70,3493
2026-03-06 09:00,5117.60,5117.80,5091.40,5093.50,5714
2026-03-06 10:00,5094.50,5102.00,5084.20,5099.90,4786
2026-03-06 11:00,5100.70,5109.60,5071.00,5086.10,5176
2026-03-06 12:00,5086.30,5105.80,5085.30,5091.90,4662
2026-03-06 13:00,5091.60,5140.00,5073.90,5093.80,17370
2026-03-06 14:00,5093.20,5142.40,5089.90,5139.30,15352
2026-03-06 15:00,5139.30,5182.00,5137.40,5151.20,22227
2026-03-06 16:00,5151.70,5163.00,5136.00,5149.50,9094
2026-03-06 17:00,5150.10,5162.80,5138.70,5150.20,6214
2026-03-06 18:00,5149.90,5176.50,5147.90,5170.30,15790
2026-03-06 19:00,5170.40,5183.80,5165.20,5168.50,3745
2026-03-06 20:00,5168.20,5171.20,5157.50,5161.40,4144
2026-03-06 21:00,5161.10,5185.00,5158.70,5158.70,2451
2026-03-08 22:00,5165.50,5180.00,5113.50,5138.50,5619
2026-03-08 23:00,5140.30,5145.50,5050.00,5083.40,10158
2026-03-09 00:00,5083.10,5088.90,5035.50,5056.90,8311
2026-03-09 01:00,5056.70,5094.40,5021.20,5077.60,9663
2026-03-09 02:00,5076.40,5105.80,5061.90,5100.90,7592
2026-03-09 03:00,5101.30,5109.10,5087.60,5098.00,3367
2026-03-09 04:00,5098.00,5103.40,5091.30,5096.40,1201
2026-03-09 05:00,5096.60,5147.60,5087.10,5131.60,5859
2026-03-09 06:00,5131.40,5141.70,5103.60,5104.80,4276
2026-03-09 07:00,5104.80,5115.20,5095.40,5106.70,5055
2026-03-09 08:00,5106.80,5118.70,5094.90,5104.40,4532
2026-03-09 09:00,5104.10,5140.50,5102.80,5114.30,7308
2026-03-09 10:00,5114.00,5119.80,5090.90,5094.80,6702
2026-03-09 11:00,5094.80,5104.80,5086.50,5095.70,5633
2026-03-09 12:00,5096.20,5120.50,5096.20,5103.10,7251
2026-03-09 13:00,5103.10,5119.50,5075.00,5081.50,13198
2026-03-09 14:00,5081.10,5124.70,5066.90,5102.60,14107
2026-03-09 15:00,5102.20,5112.00,5087.80,5108.50,11683
2026-03-09 16:00,5108.10,5119.70,5103.10,5113.10,7788
2026-03-09 17:00,5113.20,5115.50,5097.70,5104.90,10656
2026-03-09 18:00,5104.90,5136.70,5101.60,5133.20,7471
2026-03-09 19:00,5133.30,5154.70,5128.30,5150.50,7655
2026-03-09 20:00,5150.90,5158.00,5143.70,5148.70,2478
2026-03-09 22:00,5152.40,5163.00,5127.10,5162.10,0
2026-03-09 23:00,5161.90,5165.60,5145.60,5149.80,2256
2026-03-10 00:00,5149.30,5151.10,5134.80,5140.20,2782
2026-03-10 01:00,5140.30,5195.20,5134.00,5193.20,8128
2026-03-10 02:00,5192.80,5195.80,5172.10,5174.30,4886
2026-03-10 03:00,5173.80,5181.90,5163.00,5166.40,2788
2026-03-10 04:00,5165.30,5175.30,5162.40,5172.10,1931
2026-03-10 05:00,5172.50,5188.20,5172.40,5186.70,1828
2026-03-10 06:00,5187.30,5190.00,5180.70,5183.60,2357
2026-03-10 07:00,5184.10,5191.30,5167.30,5190.50,4821
2026-03-10 08:00,5190.60,5204.00,5184.50,5192.50,7353
2026-03-10 09:00,5192.60,5198.40,5189.70,5191.80,3962
2026-03-10 10:00,5191.50,5193.30,5165.60,5186.60,6475
2026-03-10 11:00,5186.60,5201.10,5180.90,5184.20,6776
2026-03-10 12:00,5184.60,5198.90,5171.40,5196.50,6641
2026-03-10 13:00,5196.20,5238.90,5194.90,5214.20,23344
2026-03-10 14:00,5215.40,5224.00,5193.60,5215.80,16453
2026-03-10 15:00,5216.00,5248.70,5212.00,5238.00,16210
2026-03-10 16:00,5238.10,5245.10,5232.20,5236.90,10769
2026-03-10 17:00,5236.90,5244.50,5232.60,5237.10,13336
2026-03-10 18:00,5237.00,5237.30,5169.00,5200.00,14491
2026-03-10 19:00,5200.30,5216.50,5188.70,5207.00,5803
2026-03-10 20:00,5206.70,5207.70,5198.50,5198.70,1622
2026-03-10 22:00,5194.00,5206.20,5191.30,5196.70,0
2026-03-10 23:00,5197.20,5206.00,5195.20,5204.90,1487
2026-03-11 00:00,5205.00,5227.00,5194.00,5223.10,3771
2026-03-11 01:00,5223.00,5230.90,5215.90,5215.90,3201
2026-03-11 02:00,5215.90,5228.70,5202.00,5225.40,3951
2026-03-11 03:00,5225.50,5228.50,5207.50,5211.10,2384
2026-03-11 04:00,5211.50,5217.10,5207.90,5212.80,1413
2026-03-11 05:00,5212.50,5216.80,5197.80,5207.60,2569
2026-03-11 06:00,5207.20,5218.40,5199.60,5205.80,2806
2026-03-11 07:00,5205.00,5209.80,5192.10,5203.70,5248
2026-03-11 08:00,5203.30,5206.70,5183.30,5195.20,5657
2026-03-11 09:00,5194.90,5205.10,5187.10,5195.70,4462
2026-03-11 10:00,5195.80,5203.00,5184.80,5194.10,4926
2026-03-11 11:00,5194.30,5201.10,5182.30,5189.20,4825
2026-03-11 12:00,5188.70,5207.50,5172.00,5175.10,9448
2026-03-11 13:00,5174.70,5191.10,5155.90,5184.30,14343
2026-03-11 14:00,5184.00,5204.30,5181.80,5190.80,13639
2026-03-11 15:00,5190.70,5193.80,5169.90,5173.40,10146
2026-03-11 16:00,5173.40,5185.50,5170.80,5183.10,6393
2026-03-11 17:00,5183.30,5188.50,5158.40,5176.60,20090
2026-03-11 18:00,5176.60,5186.30,5176.20,5180.10,3915
2026-03-11 19:00,5180.20,5191.20,5176.90,5191.00,2266
2026-03-11 20:00,5190.80,5191.50,5182.90,5183.90,0
2026-03-11 22:00,5185.40,5189.80,5135.00,5144.80,3397
2026-03-11 23:00,5144.50,5163.90,5138.80,5140.00,2955
2026-03-12 00:00,5139.40,5168.00,5130.00,5158.10,4338
2026-03-12 01:00,5158.20,5178.40,5156.20,5174.40,4479
2026-03-12 02:00,5173.70,5180.60,5150.50,5156.00,4453
2026-03-12 03:00,5155.70,5160.50,5152.00,5158.20,2543
2026-03-12 04:00,5158.40,5159.20,5145.30,5147.40,1775
2026-03-12 05:00,5147.60,5162.50,5142.00,5159.70,2469
2026-03-12 06:00,5159.60,5176.20,5152.70,5172.60,3128
2026-03-12 07:00,5171.90,5190.90,5170.30,5188.40,4092
2026-03-12 08:00,5188.20,5195.90,5181.40,5184.40,4195
2026-03-12 09:00,5184.60,5196.20,5179.80,5194.20,4448
2026-03-12 10:00,5194.10,5197.80,5181.80,5188.20,4975
2026-03-12 11:00,5187.90,5189.60,5178.60,5184.80,2449
2026-03-12 12:00,5185.00,5192.30,5168.50,5187.70,7942
2026-03-12 13:00,5187.50,5192.50,5152.10,5157.40,12991
2026-03-12 14:00,5157.00,5170.20,5144.20,5148.80,10328
2026-03-12 15:00,5148.60,5150.90,5114.60,5138.00,16059
2026-03-12 16:00,5138.10,5144.30,5126.80,5130.10,10170
2026-03-12 17:00,5129.90,5136.50,5109.00,5112.40,13911
2026-03-12 18:00,5111.90,5119.50,5095.30,5100.00,6878
2026-03-12 19:00,5100.20,5102.90,5084.50,5091.70,7030
2026-03-12 20:00,5092.00,5097.60,5058.20,5084.10,8251
2026-03-12 22:00,5084.00,5099.30,5074.60,5099.10,0
2026-03-12 23:00,5099.60,5104.40,5092.60,5101.50,2764
2026-03-13 00:00,5101.00,5118.10,5100.40,5116.60,3464
2026-03-13 01:00,5116.70,5128.50,5111.40,5128.50,7335
2026-03-13 02:00,5127.90,5132.40,5113.70,5115.40,3702
2026-03-13 03:00,5115.80,5120.00,5109.40,5119.20,2329
2026-03-13 04:00,5118.90,5121.10,5105.50,5107.10,2037
2026-03-13 05:00,5107.40,5114.90,5100.60,5106.20,4068
2026-03-13 06:00,5106.10,5111.30,5088.60,5092.20,5385
2026-03-13 07:00,5092.20,5098.30,5075.50,5089.50,5635
2026-03-13 08:00,5089.80,5092.80,5066.00,5092.20,6613
2026-03-13 09:00,5092.30,5101.90,5087.90,5094.30,4103
2026-03-13 10:00,5094.00,5103.40,5085.00,5099.60,4561
2026-03-13 11:00,5099.90,5112.90,5091.10,5112.90,4828
2026-03-13 12:00,5113.00,5128.50,5109.80,5124.40,7661
2026-03-13 13:00,5124.60,5127.90,5102.10,5107.50,8918
2026-03-13 14:00,5107.10,5114.10,5039.30,5045.80,17577
2026-03-13 15:00,5045.90,5076.20,5032.20,5039.10,20600
2026-03-13 16:00,5038.80,5057.00,5022.80,5050.60,13963
2026-03-13 17:00,5050.10,5068.10,5047.50,5050.90,9916
2026-03-13 18:00,5050.80,5056.00,5040.70,5050.90,4572
2026-03-13 19:00,5050.90,5054.20,5014.10,5022.00,8977
2026-03-13 20:00,5022.30,5030.00,5017.00,5023.10,4024
2026-03-15 22:00,5027.60,5029.90,5003.00,5028.80,3121
2026-03-15 23:00,5028.00,5030.00,4970.10,5000.60,6451
2026-03-16 00:00,5001.10,5035.40,5000.00,5030.40,5504
2026-03-16 01:00,5031.50,5031.50,4986.00,5020.00,6495
2026-03-16 02:00,5019.40,5022.70,5001.40,5006.60,2954
2026-03-16 03:00,5007.20,5024.30,5001.40,5022.50,2353
2026-03-16 04:00,5023.20,5030.10,5016.00,5016.50,1556
2026-03-16 05:00,5016.40,5024.00,5006.90,5021.10,2199
2026-03-16 06:00,5021.00,5039.80,5008.50,5016.20,5219
2026-03-16 07:00,5016.10,5020.00,4992.90,4998.90,6856
2026-03-16 08:00,4998.70,5008.00,4988.20,4995.00,8068
2026-03-16 09:00,4994.10,4995.60,4976.50,4979.40,9581
2026-03-16 10:00,4979.70,5005.30,4973.50,5004.20,7860
2026-03-16 11:00,5004.30,5028.20,4996.80,5001.90,9349
2026-03-16 12:00,5001.70,5033.50,4999.50,5024.90,13053
2026-03-16 13:00,5025.40,5041.30,5018.80,5035.70,12908
2026-03-16 14:00,5035.80,5044.50,4992.10,5000.80,16157
2026-03-16 15:00,5000.40,5010.90,4988.50,4991.90,14779
2026-03-16 16:00,4991.50,5004.20,4978.60,4995.90,9464
2026-03-16 17:00,4996.10,5009.60,4989.50,4996.70,8491
2026-03-16 18:00,4997.00,5024.00,4995.80,5018.90,5640
2026-03-16 19:00,5018.70,5026.50,5014.00,5019.30,4156
2026-03-16 20:00,5018.90,5028.00,5010.80,5011.30,2408
2026-03-16 22:00,5012.20,5021.90,5003.90,5007.60,0
2026-03-16 23:00,5007.20,5021.00,5007.00,5018.00,1282
2026-03-17 00:00,5018.00,5019.30,5002.30,5007.10,1875
2026-03-17 01:00,5006.30,5032.70,4998.70,5032.10,3693
2026-03-17 02:00,5032.30,5034.10,5024.10,5026.20,1783
2026-03-17 03:00,5026.00,5037.50,5024.20,5030.30,1698
2026-03-17 04:00,5031.10,5046.70,5030.10,5042.40,2344
2026-03-17 05:00,5043.10,5049.40,5024.30,5024.50,4025
2026-03-17 06:00,5025.30,5027.00,5009.00,5013.90,5001
2026-03-17 07:00,5013.70,5031.90,5013.00,5025.00,4682
2026-03-17 08:00,5025.20,5033.50,5022.30,5029.00,4513
2026-03-17 09:00,5029.20,5030.30,5014.40,5014.70,4778
2026-03-17 10:00,5014.70,5020.70,4994.80,5004.40,8149
2026-03-17 11:00,5004.00,5016.10,5001.00,5007.30,4130
2026-03-17 12:00,5007.00,5029.00,5003.30,5016.30,8058
2026-03-17 13:00,5016.60,5036.70,5010.60,5021.90,12007
2026-03-17 14:00,5021.60,5026.50,5007.20,5012.50,8055
2026-03-17 15:00,5011.90,5022.20,4977.00,5002.60,16059
2026-03-17 16:00,5002.50,5010.30,4995.60,5006.40,6952
2026-03-17 17:00,5006.50,5013.70,5001.00,5007.00,7244
2026-03-17 18:00,5007.40,5013.50,5003.90,5007.50,2777
2026-03-17 19:00,5007.10,5009.40,5000.40,5005.10,3302
2026-03-17 20:00,5004.90,5011.60,5004.70,5011.30,1693
2026-03-17 22:00,5010.60,5011.20,4996.90,5003.60,0
2026-03-17 23:00,5003.40,5007.90,5002.20,5006.60,587
2026-03-18 00:00,5006.60,5017.30,5004.70,5008.40,3174
2026-03-18 01:00,5008.90,5022.00,4994.30,5002.20,5126
2026-03-18 02:00,5002.20,5010.70,4993.00,4994.90,2187
2026-03-18 03:00,4994.90,5000.90,4988.50,4992.70,2088
2026-03-18 04:00,4994.50,4997.00,4984.90,4989.90,2579
2026-03-18 05:00,4990.40,5006.20,4987.70,5001.10,3782
2026-03-18 06:00,5000.40,5020.50,4999.60,5013.80,4444
2026-03-18 07:00,5014.10,5019.40,4994.70,4999.10,3934
2026-03-18 08:00,4999.00,5001.70,4981.10,4990.70,10728
2026-03-18 09:00,4991.10,5000.00,4988.70,4996.40,4026
2026-03-18 10:00,4996.30,4996.40,4962.60,4971.70,11330
2026-03-18 11:00,4971.70,4977.70,4928.00,4933.30,18535
2026-03-18 12:00,4933.90,4935.90,4873.00,4884.40,30884
2026-03-18 13:00,4884.00,4889.20,4837.10,4881.80,30042
2026-03-18 14:00,4881.90,4899.00,4859.40,4873.10,14620
2026-03-18 15:00,4872.90,4883.60,4864.50,4866.30,8080
2026-03-18 16:00,4866.20,4894.80,4864.70,4891.20,7334
2026-03-18 17:00,4891.40,4904.00,4888.10,4895.10,10551
2026-03-18 18:00,4895.20,4904.50,4856.20,4857.30,12095
2026-03-18 19:00,4856.90,4868.90,4841.40,4846.80,11113
2026-03-18 20:00,4846.50,4852.10,4809.30,4823.90,7915
2026-03-18 22:00,4828.00,4842.00,4806.00,4837.10,0
2026-03-18 23:00,4836.50,4845.00,4830.50,4839.20,1937
2026-03-19 00:00,4838.40,4850.80,4837.60,4842.60,2707
2026-03-19 01:00,4842.30,4868.70,4833.70,4851.30,5558
2026-03-19 02:00,4851.20,4863.40,4842.60,4859.50,2784
2026-03-19 03:00,4859.80,4867.40,4852.30,4852.70,2038
2026-03-19 04:00,4852.40,4855.20,4847.00,4851.80,1193
2026-03-19 05:00,4851.50,4855.70,4828.10,4829.20,4298
2026-03-19 06:00,4829.10,4844.20,4749.00,4765.20,14291
2026-03-19 07:00,4765.30,4786.00,4727.30,4729.60,11354
2026-03-19 08:00,4729.30,4742.20,4688.00,4710.60,16114
2026-03-19 09:00,4711.20,4728.10,4690.30,4701.10,12786
2026-03-19 10:00,4700.60,4722.00,4669.40,4681.90,16441
2026-03-19 11:00,4682.30,4702.70,4652.40,4654.40,16882
2026-03-19 12:00,4654.90,4657.00,4533.10,4577.30,40229
2026-03-19 13:00,4576.10,4625.00,4505.00,4624.00,41771
2026-03-19 14:00,4624.90,4651.80,4583.40,4603.50,29577
2026-03-19 15:00,4603.20,4641.70,4566.00,4598.30,20907
2026-03-19 16:00,4598.00,4628.00,4579.20,4587.10,13233
2026-03-19 17:00,4587.20,4633.30,4576.70,4618.80,14104
2026-03-19 18:00,4619.30,4626.30,4598.70,4625.80,7156
2026-03-19 19:00,4625.80,4666.90,4625.80,4647.90,14104
2026-03-19 20:00,4647.50,4664.70,4646.00,4651.90,3483
2026-03-19 22:00,4653.90,4679.50,4638.00,4638.10,0
2026-03-19 23:00,4638.70,4650.00,4635.80,4645.50,2093
2026-03-20 00:00,4645.50,4666.60,4643.90,4649.50,3039
2026-03-20 01:00,4649.60,4701.50,4640.50,4679.10,8676
2026-03-20 02:00,4680.00,4704.50,4672.20,4699.30,5110
2026-03-20 03:00,4698.90,4738.20,4694.40,4725.20,5710
2026-03-20 04:00,4726.30,4728.00,4715.50,4722.00,2676
2026-03-20 05:00,4722.00,4724.10,4686.80,4689.90,5495
2026-03-20 06:00,4690.00,4702.60,4661.60,4670.30,7131
2026-03-20 07:00,4669.90,4709.00,4668.80,4707.20,6768
2026-03-20 08:00,4707.70,4736.30,4685.20,4695.10,11543
2026-03-20 09:00,4694.50,4701.80,4660.50,4668.40,7183
2026-03-20 10:00,4668.30,4670.50,4639.10,4646.40,10086
2026-03-20 11:00,4645.80,4676.00,4638.20,4673.40,7046
2026-03-20 12:00,4673.40,4696.90,4662.80,4679.00,11455
2026-03-20 13:00,4679.40,4680.50,4613.10,4617.00,19865
2026-03-20 14:00,4617.10,4623.20,4547.60,4564.90,26207
2026-03-20 15:00,4564.50,4582.40,4542.10,4555.30,16663
2026-03-20 16:00,4554.90,4616.30,4554.00,4585.30,16772
2026-03-20 17:00,4585.60,4602.50,4556.70,4575.90,13556
2026-03-20 18:00,4576.10,4580.50,4478.40,4500.70,16249
2026-03-20 19:00,4501.30,4518.70,4487.40,4503.80,10062
2026-03-20 20:00,4503.50,4516.60,4492.00,4496.30,3848
2026-03-22 22:00,4511.70,4537.10,4490.00,4498.10,5750
2026-03-22 23:00,4499.30,4511.20,4453.20,4465.90,7327
2026-03-23 00:00,4466.20,4474.80,4322.00,4356.40,23933
2026-03-23 01:00,4357.70,4455.00,4330.00,4390.00,16646
2026-03-23 02:00,4389.40,4423.80,4356.00,4362.30,12129
2026-03-23 03:00,4362.00,4379.40,4337.50,4355.30,8729
2026-03-23 04:00,4355.90,4385.00,4353.20,4370.90,6159
2026-03-23 05:00,4370.50,4383.20,4305.50,4314.10,11549
2026-03-23 06:00,4313.80,4317.10,4166.00,4225.10,34076
2026-03-23 07:00,4224.80,4233.80,4100.00,4205.70,32362
2026-03-23 08:00,4206.50,4273.30,4203.60,4251.70,21649
2026-03-23 09:00,4252.60,4310.30,4224.10,4254.50,18698
2026-03-23 10:00,4254.70,4283.00,4241.80,4270.00,10208
2026-03-23 11:00,4270.40,4466.30,4270.10,4379.20,33188
2026-03-23 12:00,4380.10,4495.50,4338.00,4480.60,21627
2026-03-23 13:00,4481.60,4489.00,4404.00,4457.60,23269
2026-03-23 14:00,4457.60,4516.50,4455.90,4463.50,23762
2026-03-23 15:00,4464.40,4488.90,4350.80,4365.60,25658
2026-03-23 16:00,4364.10,4394.00,4354.10,4378.10,15172
2026-03-23 17:00,4378.00,4441.50,4372.70,4428.80,18047
2026-03-23 18:00,4428.90,4469.50,4404.80,4451.00,6833
2026-03-23 19:00,4451.60,4452.50,4394.60,4401.50,9241
2026-03-23 20:00,4400.70,4416.10,4385.00,4410.40,2491
2026-03-23 22:00,4414.80,4433.80,4363.50,4429.90,0
2026-03-23 23:00,4428.70,4450.50,4424.00,4442.80,3190
2026-03-24 00:00,4442.70,4448.40,4329.00,4366.90,7677
2026-03-24 01:00,4366.60,4376.90,4309.20,4323.40,9231
2026-03-24 02:00,4323.10,4380.10,4306.30,4366.90,6621
2026-03-24 03:00,4367.10,4368.60,4335.40,4346.80,3073
2026-03-24 04:00,4347.40,4357.70,4327.00,4334.00,2581
2026-03-24 05:00,4334.50,4375.40,4319.90,4349.50,6232
2026-03-24 06:00,4348.90,4406.70,4345.50,4403.80,6113
2026-03-24 07:00,4402.50,4437.60,4401.00,4420.20,8472
2026-03-24 08:00,4420.10,4423.60,4392.70,4413.50,8800
2026-03-24 09:00,4413.10,4432.20,4397.30,4427.70,6689
2026-03-24 10:00,4428.00,4442.90,4415.20,4439.70,7584
2026-03-24 11:00,4438.90,4443.20,4372.40,4408.00,14144
2026-03-24 12:00,4408.20,4427.60,4361.70,4378.70,15189
2026-03-24 13:00,4379.00,4390.70,4350.40,4382.50,20103
2026-03-24 14:00,4381.00,4435.00,4380.40,4416.30,17194
2026-03-24 15:00,4415.80,4431.20,4396.50,4412.80,14146
2026-03-24 16:00,4412.40,4428.90,4403.70,4422.20,11557
2026-03-24 17:00,4422.20,4427.60,4372.20,4388.30,13794
2026-03-24 18:00,4388.30,4424.50,4383.60,4390.90,7903
2026-03-24 19:00,4390.00,4411.90,4389.40,4400.90,3568
2026-03-24 20:00,4400.80,4485.60,4397.70,4474.90,9429
2026-03-24 22:00,4473.50,4492.30,4458.20,4487.70,0
2026-03-24 23:00,4487.50,4555.00,4475.40,4549.20,9333
2026-03-25 00:00,4549.00,4572.80,4540.50,4564.90,10775
2026-03-25 01:00,4564.80,4600.00,4553.30,4593.20,13927
2026-03-25 02:00,4593.30,4601.00,4578.30,4581.90,9213
2026-03-25 03:00,4581.50,4584.40,4566.10,4567.80,6076
2026-03-25 04:00,4568.50,4573.20,4563.90,4571.20,3077
2026-03-25 05:00,4571.10,4572.00,4546.70,4555.00,5910
2026-03-25 06:00,4555.00,4556.10,4532.50,4543.80,7617
2026-03-25 07:00,4543.90,4561.80,4536.70,4539.00,9557
2026-03-25 08:00,4539.20,4568.70,4535.60,4555.60,10282
2026-03-25 09:00,4555.70,4567.00,4525.70,4550.40,10492
2026-03-25 10:00,4550.70,4561.30,4549.50,4557.10,6186
2026-03-25 11:00,4557.50,4586.20,4554.60,4577.40,8361
2026-03-25 12:00,4577.80,4582.50,4519.50,4542.40,17116
2026-03-25 13:00,4542.80,4575.80,4539.20,4543.30,20226
2026-03-25 14:00,4543.30,4577.60,4531.20,4565.30,14184
2026-03-25 15:00,4565.20,4567.60,4522.00,4557.40,17899
2026-03-25 16:00,4557.10,4563.20,4543.50,4553.40,8289
2026-03-25 17:00,4553.50,4561.70,4540.80,4548.20,19094
2026-03-25 18:00,4548.00,4566.60,4528.20,4535.70,9513
2026-03-25 19:00,4535.00,4537.30,4484.30,4528.70,12465
2026-03-25 20:00,4528.30,4539.60,4492.90,4503.30,4308
2026-03-25 22:00,4508.90,4531.10,4501.90,4513.90,0
2026-03-25 23:00,4513.90,4515.20,4485.60,4495.30,3598
2026-03-26 00:00,4495.30,4536.60,4495.20,4533.30,4567
2026-03-26 01:00,4533.00,4541.60,4518.70,4532.00,3703
2026-03-26 02:00,4532.30,4532.30,4501.90,4505.20,3542
2026-03-26 03:00,4505.10,4515.00,4495.80,4510.20,2651
2026-03-26 04:00,4513.30,4520.90,4508.00,4516.90,1749
2026-03-26 05:00,4517.00,4518.70,4434.90,4435.00,9488
2026-03-26 06:00,4434.70,4456.40,4412.10,4452.90,10332
2026-03-26 07:00,4453.10,4460.50,4434.30,4449.40,8135
2026-03-26 08:00,4448.70,4456.00,4409.30,4424.80,11850
2026-03-26 09:00,4425.40,4434.10,4412.10,4421.30,10331
2026-03-26 10:00,4421.10,4445.30,4414.60,4440.20,11194
2026-03-26 11:00,4440.50,4453.10,4415.90,4419.70,11846
2026-03-26 12:00,4420.10,4442.50,4412.70,4426.80,13200
2026-03-26 13:00,4426.50,4457.80,4417.60,4450.10,21820
2026-03-26 14:00,4450.40,4476.60,4433.70,4461.90,21728
2026-03-26 15:00,4461.50,4466.10,4429.80,4434.00,18036
2026-03-26 16:00,4434.00,4438.90,4362.80,4385.30,24936
2026-03-26 17:00,4384.90,4398.50,4372.50,4377.60,16206
2026-03-26 18:00,4377.20,4394.50,4363.70,4391.00,7403
2026-03-26 19:00,4391.70,4395.90,4356.40,4361.30,7834
2026-03-26 20:00,4361.10,4416.80,4348.20,4376.90,11897
2026-03-26 22:00,4371.80,4409.60,4369.10,4406.50,0
2026-03-26 23:00,4404.90,4408.50,4383.80,4400.30,1611
2026-03-27 00:00,4399.40,4405.30,4370.50,4374.00,1168
2026-03-27 01:00,4372.30,4414.30,4372.30,4411.40,1400
2026-03-27 02:00,4413.40,4434.60,4413.40,4426.10,959
2026-03-27 03:00,4427.00,4440.20,4415.00,4432.00,565
2026-03-27 04:00,4431.80,4444.20,4426.20,4440.90,400
2026-03-27 05:00,4440.10,4469.30,4434.70,4448.90,1441
2026-03-27 06:00,4448.00,4466.80,4446.00,4453.60,803
2026-03-27 07:00,4453.10,4483.20,4441.20,4475.20,33353
2026-03-27 08:00,4475.30,4478.20,4451.30,4452.10,7884
2026-03-27 09:00,4452.00,4466.20,4448.30,4457.20,5874
2026-03-27 10:00,4457.20,4461.00,4438.60,4442.80,8464
2026-03-27 11:00,4443.30,4453.70,4432.20,4447.50,9076
2026-03-27 12:00,4447.60,4472.40,4439.80,4465.40,9804
2026-03-27 13:00,4465.50,4471.20,4441.00,4458.60,16557
2026-03-27 14:00,4460.50,4545.50,4459.00,4540.10,25591
2026-03-27 15:00,4540.30,4585.30,4531.60,4554.40,26505
2026-03-27 16:00,4554.60,4563.80,4535.80,4546.50,15121
2026-03-27 17:00,4546.50,4552.70,4515.00,4515.50,16961
2026-03-27 18:00,4515.80,4558.30,4515.80,4546.10,6919
2026-03-27 19:00,4547.10,4555.20,4529.40,4543.10,6096
2026-03-27 20:00,4543.50,4549.30,4518.90,4520.50,4381
2026-03-29 22:00,4510.10,4538.90,4506.30,4512.30,3976
2026-03-29 23:00,4513.40,4521.10,4472.00,4476.90,5868
2026-03-30 00:00,4477.00,4494.20,4444.70,4461.20,9172
2026-03-30 01:00,4460.60,4506.40,4460.30,4498.50,7258
2026-03-30 02:00,4498.80,4528.70,4487.80,4510.90,4454
2026-03-30 03:00,4510.40,4548.00,4508.10,4528.10,4735
2026-03-30 04:00,4526.50,4528.50,4514.90,4526.80,2521
2026-03-30 05:00,4526.80,4557.40,4526.60,4551.50,3925
2026-03-30 06:00,4551.60,4579.20,4545.70,4560.00,6036
2026-03-30 07:00,4559.60,4562.80,4543.30,4555.20,5488
2026-03-30 08:00,4555.10,4569.00,4552.70,4566.90,5381
2026-03-30 09:00,4566.60,4569.40,4551.30,4562.00,5278
2026-03-30 10:00,4561.90,4569.20,4556.60,4561.20,3636
2026-03-30 11:00,4561.40,4611.40,4553.90,4589.00,10657
2026-03-30 12:00,4589.50,4608.10,4574.60,4599.60,8767
2026-03-30 13:00,4599.90,4609.00,4546.70,4553.70,14556
2026-03-30 14:00,4553.20,4571.90,4542.00,4569.20,12896
2026-03-30 15:00,4569.00,4587.10,4554.50,4578.10,9848
2026-03-30 16:00,4578.40,4580.00,4560.10,4569.50,6762
2026-03-30 17:00,4569.10,4572.00,4540.90,4544.80,8393
2026-03-30 18:00,4545.10,4553.10,4528.00,4528.80,5198
2026-03-30 19:00,4528.50,4548.30,4522.70,4543.20,5325
2026-03-30 20:00,4543.70,4547.00,4530.20,4540.40,1970
2026-03-30 22:00,4538.90,4552.50,4530.50,4539.40,0
2026-03-30 23:00,4539.10,4550.10,4520.80,4542.10,2139
2026-03-31 00:00,4541.40,4577.30,4510.00,4576.60,7357
2026-03-31 01:00,4576.50,4649.50,4560.90,4635.50,14017
2026-03-31 02:00,4634.70,4637.60,4595.70,4597.80,5594
2026-03-31 03:00,4597.50,4607.30,4578.50,4584.90,3694
2026-03-31 04:00,4585.90,4597.80,4585.50,4592.90,2768
2026-03-31 05:00,4592.70,4610.20,4575.70,4597.00,4743
2026-03-31 06:00,4596.70,4596.70,4581.40,4586.40,4105
2026-03-31 07:00,4586.90,4596.00,4571.80,4594.70,5332
2026-03-31 08:00,4594.50,4605.50,4590.60,4599.00,5581
2026-03-31 09:00,4599.30,4602.70,4580.10,4585.30,4846
2026-03-31 10:00,4584.70,4591.60,4558.90,4576.60,5269
2026-03-31 11:00,4577.50,4623.90,4571.00,4612.80,9904
2026-03-31 12:00,4613.30,4628.00,4599.40,4604.50,8762
2026-03-31 13:00,4605.40,4640.00,4597.80,4637.30,14043
2026-03-31 14:00,4637.20,4662.00,4625.30,4628.70,17099
2026-03-31 15:00,4629.50,4655.80,4629.30,4640.00,10382
2026-03-31 16:00,4640.10,4682.70,4637.50,4669.10,11774
2026-03-31 17:00,4669.20,4698.50,4667.00,4685.50,14550
2026-03-31 18:00,4685.00,4702.00,4684.10,4698.20,5652
2026-03-31 19:00,4698.20,4716.30,4691.80,4713.30,7286
2026-03-31 20:00,4713.40,4717.60,4695.00,4699.60,3842
2026-03-31 22:00,4698.40,4725.90,4690.00,4709.70,0
2026-03-31 23:00,4709.40,4728.80,4700.30,4723.60,2962
2026-04-01 00:00,4723.60,4750.50,4721.50,4738.80,7352
2026-04-01 01:00,4738.60,4751.90,4708.30,4718.80,6443
2026-04-01 02:00,4719.90,4727.50,4704.50,4711.10,4748
2026-04-01 03:00,4710.30,4720.20,4705.50,4707.00,3239
2026-04-01 04:00,4707.60,4707.70,4693.00,4702.70,3646
2026-04-01 05:00,4702.90,4730.00,4700.80,4710.30,5342
2026-04-01 06:00,4710.80,4759.90,4708.90,4757.40,9443
2026-04-01 07:00,4757.50,4774.20,4735.60,4739.40,10019
2026-04-01 08:00,4739.60,4767.50,4737.00,4755.80,7421
2026-04-01 09:00,4755.80,4757.60,4740.00,4750.50,4366
2026-04-01 10:00,4750.00,4766.00,4742.40,4758.70,4270
2026-04-01 11:00,4758.20,4791.50,4755.20,4780.20,7281
2026-04-01 12:00,4780.20,4782.00,4752.00,4752.10,12456
2026-04-01 13:00,4752.00,4776.80,4743.30,4765.40,11126
2026-04-01 14:00,4765.20,4796.80,4751.30,4788.40,13958
2026-04-01 15:00,4788.80,4816.20,4785.20,4814.40,11457
2026-04-01 16:00,4814.30,4818.90,4802.10,4815.00,5512
2026-04-01 17:00,4815.20,4821.00,4800.40,4801.40,6303
2026-04-01 18:00,4801.10,4802.60,4768.20,4779.50,8859
2026-04-01 19:00,4780.00,4804.40,4777.60,4791.70,5102
2026-04-01 20:00,4791.70,4797.20,4780.00,4784.60,1583
2026-04-01 22:00,4783.00,4808.10,4776.60,4801.10,0
2026-04-01 23:00,4802.20,4825.90,4798.50,4808.90,3496
2026-04-02 00:00,4809.30,4823.90,4800.00,4810.40,4032
2026-04-02 01:00,4811.00,4813.40,4675.70,4723.80,23580
2026-04-02 02:00,4723.10,4732.20,4683.40,4715.10,10428
2026-04-02 03:00,4714.00,4726.80,4702.80,4707.10,3622
2026-04-02 04:00,4703.60,4708.60,4683.80,4698.90,3813
2026-04-02 05:00,4699.30,4706.60,4612.20,4622.10,10617
2026-04-02 06:00,4621.80,4635.60,4580.40,4625.00,16255
2026-04-02 07:00,4624.50,4677.00,4623.70,4668.20,8174
2026-04-02 08:00,4668.10,4674.50,4641.60,4646.10,7660
2026-04-02 09:00,4645.50,4657.30,4638.20,4647.30,5929
2026-04-02 10:00,4647.50,4661.10,4629.50,4646.70,4593
2026-04-02 11:00,4647.10,4656.80,4618.80,4626.20,4927
2026-04-02 12:00,4626.60,4656.50,4620.80,4628.10,7419
2026-04-02 13:00,4628.30,4679.10,4605.50,4672.90,16316
2026-04-02 14:00,4672.70,4726.40,4657.60,4707.90,20776
2026-04-02 15:00,4708.40,4710.30,4678.50,4687.50,8983
2026-04-02 16:00,4686.90,4697.90,4668.60,4686.50,8730
2026-04-02 17:00,4685.70,4695.80,4672.70,4675.70,6570
2026-04-02 18:00,4676.50,4699.00,4674.10,4695.20,2799
2026-04-02 19:00,4695.80,4708.60,4687.80,4697.90,3569
2026-04-02 20:00,4698.60,4703.60,4690.40,4702.70,1974
2026-04-05 22:00,4675.00,4699.30,4634.90,4673.60,7570
2026-04-05 23:00,4673.80,4678.40,4631.00,4636.80,3466
2026-04-06 00:00,4637.20,4655.70,4626.20,4647.90,3008
2026-04-06 01:00,4648.90,4668.70,4645.80,4651.80,3577
2026-04-06 02:00,4650.60,4697.50,4649.80,4673.60,3842
2026-04-06 03:00,4673.10,4673.50,4650.50,4666.30,2820
2026-04-06 04:00,4665.30,4685.30,4665.10,4685.10,1481
2026-04-06 05:00,4684.90,4704.40,4677.50,4678.50,2974
2026-04-06 06:00,4678.70,4693.30,4669.30,4691.70,2943
2026-04-06 07:00,4691.90,4714.30,4670.30,4710.50,3530
2026-04-06 08:00,4710.40,4724.70,4704.70,4722.80,3512
2026-04-06 09:00,4722.80,4733.10,4717.00,4719.90,3164
2026-04-06 10:00,4720.00,4723.90,4710.10,4715.30,2384
2026-04-06 11:00,4716.30,4723.20,4703.40,4704.60,2761
2026-04-06 12:00,4704.90,4712.90,4685.60,4701.50,3728
2026-04-06 13:00,4701.80,4708.20,4684.50,4705.60,6754
2026-04-06 14:00,4707.40,4724.00,4686.00,4708.60,8157
2026-04-06 15:00,4709.00,4709.70,4677.40,4693.40,6748
2026-04-06 16:00,4693.50,4698.00,4683.40,4685.60,3375
2026-04-06 17:00,4685.90,4688.60,4671.40,4680.60,4920
2026-04-06 18:00,4680.80,4694.00,4675.90,4685.20,3184
2026-04-06 19:00,4685.20,4686.60,4672.60,4682.20,2573
2026-04-06 20:00,4682.60,4685.60,4674.60,4676.10,920
2026-04-06 22:00,4678.60,4694.90,4675.60,4685.10,0
2026-04-06 23:00,4684.90,4688.00,4677.90,4685.90,859
2026-04-07 00:00,4685.90,4689.10,4675.80,4681.90,1692
2026-04-07 01:00,4681.40,4692.00,4641.40,4651.90,10971
2026-04-07 02:00,4652.30,4679.20,4645.00,4675.90,3438
2026-04-07 03:00,4675.90,4679.40,4664.70,4674.90,1706
2026-04-07 04:00,4675.20,4690.30,4670.80,4686.40,2476
2026-04-07 05:00,4686.90,4687.50,4648.40,4668.00,5065
2026-04-07 06:00,4668.10,4681.90,4662.80,4680.50,3953
2026-04-07 07:00,4684.70,4684.70,4661.60,4671.10,3750
2026-04-07 08:00,4671.20,4717.60,4669.60,4709.60,8194
2026-04-07 09:00,4709.80,4721.20,4684.00,4696.60,8561
2026-04-07 10:00,4696.80,4706.60,4674.90,4677.50,8402
2026-04-07 11:00,4677.10,4690.00,4653.90,4684.60,7000
2026-04-07 12:00,4685.20,4696.30,4671.60,4676.10,6139
2026-04-07 13:00,4676.20,4688.80,4660.00,4668.60,8082
2026-04-07 14:00,4668.50,4687.40,4631.90,4658.30,16970
2026-04-07 15:00,4658.30,4685.00,4650.00,4681.30,9888
2026-04-07 16:00,4681.80,4694.60,4678.10,4682.40,6317
2026-04-07 17:00,4682.50,4712.80,4679.40,4701.70,7814
2026-04-07 18:00,4702.30,4712.70,4683.00,4688.50,5367
2026-04-07 19:00,4688.50,4745.70,4686.90,4727.30,10531
2026-04-07 20:00,4727.30,4743.70,4723.00,4733.30,3858
2026-04-07 22:00,4747.20,4847.10,4740.50,4845.10,0
2026-04-07 23:00,4844.80,4863.50,4828.30,4860.70,11790
2026-04-08 00:00,4860.70,4888.00,4836.90,4845.60,14347
2026-04-08 01:00,4846.70,4854.10,4817.20,4838.60,15364
2026-04-08 02:00,4838.50,4853.80,4828.20,4833.40,5693
2026-04-08 03:00,4833.80,4835.30,4824.40,4828.20,3330
2026-04-08 04:00,4826.80,4836.10,4819.80,4832.70,3686
2026-04-08 05:00,4833.00,4872.20,4829.40,4855.50,6295
2026-04-08 06:00,4855.20,4866.80,4846.20,4846.60,10373
2026-04-08 07:00,4846.80,4847.30,4831.00,4839.70,5643
2026-04-08 08:00,4839.90,4846.00,4817.50,4821.80,6574
2026-04-08 09:00,4821.90,4834.00,4802.90,4810.20,7407
2026-04-08 10:00,4810.30,4823.10,4798.20,4809.70,5244
2026-04-08 11:00,4809.30,4830.40,4806.40,4826.40,7574
2026-04-08 12:00,4826.30,4834.80,4793.70,4827.10,11105
2026-04-08 13:00,4826.60,4833.60,4792.80,4804.10,14078
2026-04-08 14:00,4803.70,4818.80,4757.60,4762.20,20500
2026-04-08 15:00,4761.60,4788.80,4759.90,4782.00,10212
2026-04-08 16:00,4782.20,4791.10,4770.90,4785.90,6265
2026-04-08 17:00,4785.70,4789.90,4755.50,4759.50,10144
2026-04-08 18:00,4759.10,4769.80,4728.10,4730.10,11362
2026-04-08 19:00,4729.30,4756.60,4720.60,4755.30,6064
2026-04-08 20:00,4755.20,4757.30,4742.10,4745.00,1801
2026-04-08 22:00,4744.80,4757.70,4728.50,4741.50,0
2026-04-08 23:00,4741.20,4743.40,4728.50,4738.80,2259
2026-04-09 00:00,4739.40,4742.40,4718.60,4730.40,3881
2026-04-09 01:00,4730.20,4752.20,4722.40,4751.20,5911
2026-04-09 02:00,4751.50,4756.60,4741.00,4742.10,3799
2026-04-09 03:00,4742.20,4743.40,4728.00,4735.00,3062
2026-04-09 04:00,4734.60,4748.40,4733.00,4744.20,1950
2026-04-09 05:00,4743.90,4749.60,4729.10,4736.40,3592
2026-04-09 06:00,4736.70,4749.20,4727.20,4736.30,4878
2026-04-09 07:00,4736.50,4755.20,4729.50,4748.40,8895
2026-04-09 08:00,4748.30,4758.60,4744.10,4750.50,4214
2026-04-09 09:00,4750.10,4758.50,4747.70,4753.90,3833
2026-04-09 10:00,4753.90,4771.40,4748.10,4765.70,3965
2026-04-09 11:00,4765.80,4782.70,4762.90,4781.30,4044
2026-04-09 12:00,4781.70,4785.00,4759.60,4770.90,6789
2026-04-09 13:00,4771.30,4802.80,4763.90,4789.60,11381
2026-04-09 14:00,4790.00,4801.80,4772.50,4794.00,10881
2026-04-09 15:00,4794.00,4823.90,4786.20,4817.40,16462
2026-04-09 16:00,4817.70,4825.50,4808.80,4813.00,6507
2026-04-09 17:00,4813.50,4826.00,4810.90,4822.30,8397
2026-04-09 18:00,4822.60,4822.70,4792.20,4796.60,6445
2026-04-09 19:00,4796.60,4806.90,4790.70,4793.00,3483
2026-04-09 20:00,4793.00,4797.40,4784.60,4790.50,1549
2026-04-09 22:00,4790.50,4810.00,4782.20,4787.60,0
2026-04-09 23:00,4787.40,4787.40,4779.80,4787.00,1829
2026-04-10 00:00,4786.60,4786.60,4773.80,4786.40,3505
2026-04-10 01:00,4786.20,4800.40,4781.30,4787.30,5109
2026-04-10 02:00,4787.50,4788.20,4760.40,4775.50,6207
2026-04-10 03:00,4775.60,4793.30,4775.20,4789.10,3908
2026-04-10 04:00,4790.40,4794.60,4781.80,4781.80,2078
2026-04-10 05:00,4782.50,4793.00,4781.30,4789.90,2041
2026-04-10 06:00,4790.00,4790.20,4766.30,4769.70,4933
2026-04-10 07:00,4769.60,4781.20,4764.60,4773.00,2815
2026-04-10 08:00,4773.30,4776.50,4752.70,4763.10,6126
2026-04-10 09:00,4763.60,4783.30,4763.10,4774.60,4786
2026-04-10 10:00,4774.70,4784.00,4765.30,4780.70,3004
2026-04-10 11:00,4780.70,4792.90,4777.10,4792.00,2403
2026-04-10 12:00,4792.10,4806.90,4783.90,4795.50,9756
2026-04-10 13:00,4795.40,4804.40,4788.90,4799.30,9565
2026-04-10 14:00,4799.10,4820.00,4791.70,4799.30,12260
2026-04-10 15:00,4799.40,4811.90,4779.30,4785.80,9232
2026-04-10 16:00,4785.90,4790.70,4768.40,4788.10,8217
2026-04-10 17:00,4788.40,4793.30,4782.10,4784.50,6905
2026-04-10 18:00,4784.70,4797.70,4775.10,4789.50,4567
2026-04-10 19:00,4789.50,4794.60,4782.00,4783.60,2701
2026-04-10 20:00,4783.50,4783.50,4764.00,4771.00,3254
2026-04-12 22:00,4688.70,4707.40,4665.20,4680.60,6936
2026-04-12 23:00,4680.50,4694.20,4664.60,4693.60,3815
2026-04-13 00:00,4693.70,4721.00,4686.90,4718.00,3775
2026-04-13 01:00,4717.50,4749.50,4716.00,4743.10,7086
2026-04-13 02:00,4743.70,4749.50,4732.50,4742.00,2759
2026-04-13 03:00,4742.50,4745.80,4733.70,4741.60,1479
2026-04-13 04:00,4740.00,4747.00,4729.20,4744.70,2648
2026-04-13 05:00,4744.90,4752.60,4737.90,4751.10,2387
2026-04-13 06:00,4751.50,4754.70,4742.70,4747.90,3468
2026-04-13 07:00,4748.00,4762.50,4747.40,4756.40,3696
2026-04-13 08:00,4756.70,4761.20,4743.30,4746.30,3351
2026-04-13 09:00,4746.30,4751.50,4733.20,4737.40,4062
2026-04-13 10:00,4737.40,4746.20,4730.50,4744.20,2368
2026-04-13 11:00,4744.80,4751.40,4725.20,4729.10,3912
2026-04-13 12:00,4728.60,4747.80,4725.60,4745.90,6057
2026-04-13 13:00,4745.80,4768.00,4743.00,4753.30,13761
2026-04-13 14:00,4753.20,4754.30,4731.90,4742.20,8407
2026-04-13 15:00,4742.60,4743.10,4722.50,4736.90,5623
2026-04-13 16:00,4737.20,4770.60,4731.50,4756.40,14166
2026-04-13 17:00,4756.70,4774.40,4748.40,4753.30,12009
2026-04-13 18:00,4753.50,4764.20,4746.10,4762.00,2668
2026-04-13 19:00,4762.00,4770.70,4753.80,4765.50,3145
2026-04-13 20:00,4765.30,4768.40,4762.20,4766.60,1091
2026-04-13 22:00,4769.30,4783.30,4767.60,4782.00,0
2026-04-13 23:00,4782.00,4789.70,4778.20,4781.30,2053
2026-04-14 00:00,4781.70,4799.40,4775.50,4792.70,3390
2026-04-14 01:00,4792.70,4802.80,4784.10,4787.20,3839
2026-04-14 02:00,4787.10,4800.40,4784.30,4797.60,2277
2026-04-14 03:00,4797.70,4797.80,4787.90,4792.30,1150
2026-04-14 04:00,4790.00,4799.20,4789.20,4796.30,1117
2026-04-14 05:00,4796.10,4796.30,4780.00,4782.30,2584
2026-04-14 06:00,4782.60,4806.30,4782.40,4805.40,3622
2026-04-14 07:00,4805.40,4820.40,4790.90,4800.20,8922
2026-04-14 08:00,4799.60,4813.70,4797.20,4810.00,3480
2026-04-14 09:00,4810.50,4813.00,4794.80,4801.60,5260
2026-04-14 10:00,4801.70,4811.10,4773.30,4791.10,6404
2026-04-14 11:00,4790.60,4805.80,4789.40,4797.10,4787
2026-04-14 12:00,4797.10,4800.20,4784.20,4793.30,6565
2026-04-14 13:00,4793.00,4828.90,4792.90,4818.80,13726
2026-04-14 14:00,4818.40,4842.00,4816.70,4827.30,15730
2026-04-14 15:00,4827.30,4839.80,4814.40,4831.90,8092
2026-04-14 16:00,4832.10,4844.00,4829.00,4833.50,6345
2026-04-14 17:00,4833.40,4867.70,4832.90,4859.50,15236
2026-04-14 18:00,4859.60,4867.80,4855.20,4860.10,4222
2026-04-14 19:00,4860.30,4870.00,4860.30,4868.70,3359
2026-04-14 20:00,4869.20,4870.30,4863.00,4864.50,1559
2026-04-14 22:00,4862.70,4874.60,4857.20,4859.50,0
2026-04-14 23:00,4859.10,4869.00,4857.50,4861.70,2473
2026-04-15 00:00,4861.50,4864.10,4851.60,4859.70,2620
2026-04-15 01:00,4860.10,4895.40,4852.50,4871.00,8495
2026-04-15 02:00,4870.30,4877.20,4844.50,4847.70,4517
2026-04-15 03:00,4848.20,4853.60,4841.00,4849.60,2928
2026-04-15 04:00,4848.00,4851.60,4844.50,4848.90,1089
2026-04-15 05:00,4849.10,4854.30,4835.90,4843.30,3173
2026-04-15 06:00,4843.40,4848.50,4834.20,4834.90,3181
2026-04-15 07:00,4835.20,4840.00,4827.40,4834.10,5425
2026-04-15 08:00,4833.80,4845.40,4827.10,4841.60,4178
2026-04-15 09:00,4841.40,4842.40,4808.40,4821.20,7859
2026-04-15 10:00,4820.60,4829.20,4812.70,4822.80,3680
2026-04-15 11:00,4822.80,4837.80,4818.40,4835.70,3358
2026-04-15 12:00,4835.00,4838.70,4829.30,4833.90,4057
2026-04-15 13:00,4834.40,4853.50,4831.10,4851.90,7410
2026-04-15 14:00,4851.70,4854.60,4836.20,4838.40,7008
2026-04-15 15:00,4839.00,4839.00,4807.90,4823.50,10578
2026-04-15 16:00,4824.00,4835.00,4822.00,4825.90,6127
2026-04-15 17:00,4826.20,4830.80,4812.90,4814.80,5612
2026-04-15 18:00,4814.80,4825.30,4812.20,4822.20,3533
2026-04-15 19:00,4822.20,4826.10,4817.10,4818.30,1686
2026-04-15 20:00,4818.70,4819.40,4810.50,4813.90,1178
2026-04-15 22:00,4813.60,4833.80,4812.40,4829.20,0
2026-04-15 23:00,4829.20,4848.60,4829.20,4845.40,2689
2026-04-16 00:00,4845.40,4859.70,4841.10,4854.70,6260
2026-04-16 01:00,4854.70,4858.60,4832.90,4839.90,3063
2026-04-16 02:00,4840.70,4847.20,4834.60,4842.10,1734
2026-04-16 03:00,4841.80,4849.60,4841.50,4847.70,1357
2026-04-16 04:00,4846.30,4856.10,4845.20,4855.70,1204
2026-04-16 05:00,4855.50,4861.30,4843.70,4844.10,4390
2026-04-16 06:00,4843.60,4852.10,4836.00,4848.30,8371
2026-04-16 07:00,4848.00,4852.80,4838.30,4843.00,6619
2026-04-16 08:00,4842.80,4843.20,4827.80,4834.70,4341
2026-04-16 09:00,4834.90,4839.50,4827.70,4834.20,3324
2026-04-16 10:00,4834.10,4838.70,4825.60,4838.70,2183
2026-04-16 11:00,4838.70,4844.30,4836.80,4843.90,2185
2026-04-16 12:00,4844.10,4845.00,4833.00,4837.80,4452
2026-04-16 13:00,4838.30,4846.20,4805.30,4815.90,12136
2026-04-16 14:00,4815.80,4828.40,4792.10,4810.30,14057
2026-04-16 15:00,4810.40,4834.70,4809.90,4828.20,7900
2026-04-16 16:00,4828.60,4831.40,4806.00,4812.70,5836
2026-04-16 17:00,4812.60,4816.60,4802.00,4810.10,5596
2026-04-16 18:00,4810.00,4815.50,4806.50,4809.70,2187
2026-04-16 19:00,4810.90,4819.70,4810.30,4814.50,2245
2026-04-16 20:00,4814.80,4815.10,4806.00,4810.90,1172
2026-04-16 22:00,4811.80,4818.80,4811.40,4816.00,0
2026-04-16 23:00,4815.60,4818.70,4812.40,4812.50,661
2026-04-17 00:00,4812.00,4822.20,4806.70,4816.30,1571
2026-04-17 01:00,4815.60,4816.50,4785.90,4810.20,5852
2026-04-17 02:00,4809.80,4815.00,4804.30,4804.60,1861
2026-04-17 03:00,4804.80,4819.10,4804.80,4814.10,1690
2026-04-17 04:00,4813.90,4825.60,4813.10,4824.20,1647
2026-04-17 05:00,4823.70,4827.20,4815.10,4815.90,2754
2026-04-17 06:00,4815.90,4816.50,4800.00,4805.50,3515
2026-04-17 07:00,4806.00,4815.30,4800.20,4805.50,4069
2026-04-17 08:00,4806.10,4818.80,4802.60,4817.80,3350
2026-04-17 09:00,4817.80,4822.70,4812.00,4812.20,3446
2026-04-17 10:00,4812.60,4816.00,4803.10,4809.00,2512
2026-04-17 11:00,4809.20,4834.00,4805.50,4822.00,4953
2026-04-17 12:00,4821.70,4870.80,4819.80,4869.00,16391
2026-04-17 13:00,4869.00,4917.70,4856.90,4903.10,30171
2026-04-17 14:00,4903.30,4908.90,4883.40,4895.70,13244
2026-04-17 15:00,4896.20,4903.50,4877.30,4889.70,10994
2026-04-17 16:00,4889.50,4896.00,4886.00,4889.00,3510
2026-04-17 17:00,4889.00,4891.60,4875.00,4884.60,5717
2026-04-17 18:00,4884.70,4890.10,4877.00,4879.60,2583
2026-04-17 19:00,4879.90,4882.60,4873.60,4875.50,3124
2026-04-17 20:00,4875.60,4879.60,4848.00,4879.60,5343
2026-04-19 22:00,4813.40,4815.00,4797.60,4799.40,4068
2026-04-19 23:00,4798.90,4799.40,4752.00,4775.00,7507
2026-04-20 00:00,4774.40,4793.80,4764.20,4792.00,5566
2026-04-20 01:00,4792.00,4834.50,4790.30,4827.80,8257
2026-04-20 02:00,4827.40,4828.80,4813.10,4813.30,3314
2026-04-20 09:00,4879.60,4879.60,4804.60,4811.40,25218
2026-04-20 10:00,4811.70,4879.60,4809.60,4815.70,2236
2026-04-20 11:00,4815.70,4879.60,4806.30,4830.90,5065
2026-04-20 12:00,4830.80,4842.90,4818.80,4823.30,9971
2026-04-20 13:00,4823.60,4847.30,4819.70,4838.80,8710
2026-04-20 14:00,4838.80,4847.90,4811.90,4824.90,12687
2026-04-20 15:00,4825.70,4829.80,4812.60,4819.90,7638
2026-04-20 16:00,4819.80,4826.60,4812.50,4825.60,4422
2026-04-20 17:00,4825.90,4832.40,4824.00,4827.10,4628
2026-04-20 18:00,4827.60,4837.00,4827.60,4834.80,2573
2026-04-20 19:00,4834.70,4842.10,4829.70,4834.80,2916
2026-04-20 20:00,4835.00,4842.70,4832.80,4841.00,1634
2026-04-20 22:00,4842.40,4854.80,4841.10,4848.50,0
2026-04-20 23:00,4848.70,4852.50,4840.50,4842.40,1559
2026-04-21 00:00,4843.00,4851.20,4836.40,4843.60,2616
2026-04-21 01:00,4843.80,4844.30,4825.30,4829.80,2917
2026-04-21 02:00,4830.10,4830.20,4821.50,4826.00,2293
2026-04-21 03:00,4826.20,4826.90,4811.20,4816.30,4134
2026-04-21 04:00,4816.10,4816.60,4807.00,4807.70,3739
2026-04-21 05:00,4807.80,4815.70,4801.70,4802.90,5806
2026-04-21 06:00,4802.60,4828.80,4793.00,4796.80,9271
2026-04-21 07:00,4796.30,4811.50,4790.80,4804.90,4053
2026-04-21 08:00,4804.50,4812.20,4793.30,4805.00,3860
2026-04-21 09:00,4804.90,4808.30,4800.00,4802.40,4138
2026-04-21 10:00,4802.80,4809.70,4799.60,4809.00,2112
2026-04-21 11:00,4809.20,4818.00,4794.30,4814.20,4665
2026-04-21 12:00,4814.40,4816.70,4781.60,4797.60,9622
2026-04-21 13:00,4797.60,4813.80,4777.30,4798.20,13242
2026-04-21 14:00,4798.20,4801.90,4740.90,4757.40,25118
2026-04-21 15:00,4757.80,4776.60,4745.90,4759.80,15322
2026-04-21 16:00,4760.30,4765.90,4726.40,4729.50,13024
2026-04-21 17:00,4729.30,4742.00,4715.00,4731.00,16106
2026-04-21 18:00,4730.90,4734.20,4712.00,4728.10,7133
2026-04-21 19:00,4728.70,4734.10,4685.80,4698.30,11229
2026-04-21 20:00,4698.50,4739.60,4688.40,4738.50,6817
2026-04-21 22:00,4738.70,4748.10,4733.10,4737.60,0
2026-04-21 23:00,4737.10,4758.40,4736.00,4755.80,3191
2026-04-22 00:00,4756.30,4766.00,4756.10,4757.70,3128
2026-04-22 01:00,4757.40,4772.50,4753.50,4769.80,5273
2026-04-22 02:00,4770.30,4776.20,4767.50,4773.50,2943
2026-04-22 03:00,4773.10,4782.70,4770.40,4777.00,2997
2026-04-22 04:00,4776.10,4777.40,4770.10,4772.40,3063
2026-04-22 05:00,4772.40,4789.90,4769.90,4786.40,5726
2026-04-22 06:00,4786.00,4786.50,4777.50,4786.00,3500
2026-04-22 07:00,4785.90,4790.80,4778.40,4779.50,3673
2026-04-22 08:00,4779.60,4781.40,4770.50,4775.70,3494
2026-04-22 09:00,4775.50,4781.10,4771.00,4773.40,3333
2026-04-22 10:00,4773.60,4779.20,4764.30,4778.10,3222
2026-04-22 11:00,4777.90,4779.60,4766.30,4768.90,3844
2026-04-22 12:00,4769.20,4779.00,4761.10,4762.60,6246
2026-04-22 13:00,4762.90,4779.40,4754.60,4771.70,9514
2026-04-22 14:00,4771.50,4776.30,4746.90,4754.30,9685
2026-04-22 15:00,4754.20,4758.40,4743.20,4746.20,5602
2026-04-22 16:00,4746.10,4754.10,4742.10,4747.50,3921
2026-04-22 17:00,4747.40,4758.40,4747.20,4756.40,4066
2026-04-22 18:00,4756.10,4770.20,4748.40,4760.70,4582
2026-04-22 19:00,4761.00,4764.40,4755.80,4759.00,2597
2026-04-22 20:00,4759.40,4759.90,4753.10,4758.30,1469
2026-04-22 22:00,4759.20,4763.60,4742.80,4743.20,0
2026-04-22 23:00,4743.50,4746.80,4740.60,4745.00,1522
2026-04-23 00:00,4745.00,4771.30,4710.40,4765.50,10234
2026-04-23 01:00,4765.30,4767.50,4738.40,4739.40,5136
2026-04-23 02:00,4738.90,4740.90,4714.00,4714.40,7317
2026-04-23 03:00,4715.00,4724.80,4713.90,4720.00,3744
2026-04-23 04:00,4719.00,4722.70,4714.30,4720.10,1732
2026-04-23 05:00,4719.60,4731.10,4705.70,4729.00,4441
2026-04-23 06:00,4729.60,4739.00,4724.90,4730.10,6633
2026-04-23 07:00,4729.90,4737.40,4719.40,4736.10,7533
2026-04-23 08:00,4735.60,4742.10,4717.80,4719.60,3698
2026-04-23 09:00,4719.40,4720.00,4710.70,4713.50,5481
2026-04-23 10:00,4713.50,4717.90,4700.00,4712.60,5975
2026-04-23 11:00,4712.80,4737.80,4711.30,4737.40,5336
2026-04-23 12:00,4737.10,4761.70,4736.30,4757.70,13049
2026-04-23 13:00,4758.10,4759.10,4740.80,4742.00,8964
2026-04-23 14:00,4741.50,4754.00,4733.90,4750.60,8547
2026-04-23 15:00,4750.90,4758.20,4733.30,4737.30,6561
2026-04-23 16:00,4737.60,4754.10,4732.50,4749.80,4678
2026-04-23 17:00,4750.10,4751.70,4680.10,4725.60,24253
2026-04-23 18:00,4726.10,4738.70,4714.90,4717.20,5972
2026-04-23 19:00,4717.10,4720.60,4705.50,4712.80,4501
2026-04-23 20:00,4712.50,4714.80,4702.70,4708.60,1786
2026-04-23 22:00,4715.60,4719.80,4705.30,4708.50,0
2026-04-23 23:00,4708.70,4716.10,4702.00,4710.80,1374
2026-04-24 00:00,4711.70,4723.10,4706.30,4719.80,2269
2026-04-24 01:00,4719.80,4726.70,4705.70,4715.10,3093
2026-04-24 02:00,4715.20,4716.40,4687.30,4692.40,3891
2026-04-24 03:00,4692.00,4693.50,4683.50,4687.50,2939
2026-04-24 04:00,4686.90,4691.50,4672.20,4689.30,4411
2026-04-24 05:00,4689.60,4702.30,4684.40,4701.50,2955
2026-04-24 06:00,4701.70,4703.10,4681.60,4687.10,4071
2026-04-24 07:00,4687.10,4710.70,4686.20,4709.40,3406
2026-04-24 08:00,4710.10,4712.70,4700.10,4705.50,2738
2026-04-24 09:00,4706.10,4711.90,4694.90,4697.70,5609
2026-04-24 10:00,4697.40,4701.50,4689.60,4693.00,2660
2026-04-24 11:00,4693.10,4733.90,4693.00,4723.20,9734
2026-04-24 12:00,4723.20,4727.90,4706.30,4716.90,6628
2026-04-24 13:00,4717.20,4734.20,4705.40,4727.90,8244
2026-04-24 14:00,4728.00,4757.10,4723.20,4743.20,13412
2026-04-24 15:00,4743.40,4750.40,4730.80,4743.90,6640
2026-04-24 16:00,4743.60,4746.50,4735.60,4743.70,3072
2026-04-24 17:00,4744.40,4747.00,4735.70,4740.10,5213
2026-04-24 18:00,4740.40,4741.50,4733.00,4738.70,1856
2026-04-24 19:00,4739.40,4742.40,4729.50,4732.10,2597
2026-04-24 20:00,4731.90,4740.90,4721.10,4740.90,2765
2026-04-26 22:00,4696.10,4704.00,4694.00,4699.60,1529
2026-04-26 23:00,4699.10,4700.00,4689.10,4694.80,1737
2026-04-27 00:00,4695.30,4713.10,4686.60,4712.60,2781
2026-04-27 01:00,4712.40,4724.80,4705.50,4717.10,4501
2026-04-27 02:00,4717.70,4738.30,4710.60,4732.90,3720
2026-04-27 03:00,4733.20,4744.80,4729.60,4739.80,2739
2026-04-27 04:00,4739.80,4745.80,4738.30,4740.50,1520
2026-04-27 05:00,4741.20,4741.20,4724.00,4725.70,2966
2026-04-27 06:00,4725.40,4730.90,4724.30,4727.60,2210
2026-04-27 07:00,4727.40,4733.50,4725.00,4727.90,1957
2026-04-27 08:00,4728.40,4730.00,4720.20,4722.00,2299
2026-04-27 09:00,4722.30,4723.60,4714.70,4719.10,3418
2026-04-27 10:00,4719.20,4726.40,4714.70,4724.30,2067
2026-04-27 11:00,4724.20,4724.50,4713.50,4719.70,2269
2026-04-27 12:00,4720.10,4728.00,4712.00,4714.10,5212
2026-04-27 13:00,4714.80,4718.90,4703.30,4711.60,6827
2026-04-27 14:00,4711.20,4712.20,4691.30,4693.20,9115
2026-04-27 15:00,4693.40,4697.10,4681.20,4684.80,8890
2026-04-27 16:00,4684.60,4694.30,4681.50,4691.10,3540
2026-04-27 17:00,4691.40,4700.90,4682.50,4697.20,6866
2026-04-27 18:00,4696.70,4700.20,4693.60,4695.70,2077
2026-04-27 19:00,4695.50,4697.90,4691.70,4696.20,2530
2026-04-27 20:00,4695.90,4697.80,4691.80,4697.70,854
2026-04-27 22:00,4697.50,4706.30,4697.00,4702.70,0
2026-04-27 23:00,4703.30,4710.30,4702.10,4707.10,1091
2026-04-28 00:00,4707.10,4716.50,4705.20,4705.60,1782
2026-04-28 01:00,4705.20,4705.80,4681.40,4684.70,3590
2026-04-28 02:00,4684.60,4694.00,4679.90,4683.00,3665
2026-04-28 03:00,4682.90,4690.10,4682.30,4685.60,1971
2026-04-28 04:00,4684.60,4685.10,4679.70,4681.30,1998
2026-04-28 05:00,4681.40,4681.50,4638.00,4646.60,9724
2026-04-28 06:00,4645.90,4656.90,4636.50,4642.70,7469
2026-04-28 07:00,4642.60,4653.30,4634.40,4646.60,5794
2026-04-28 08:00,4647.00,4649.40,4628.30,4643.60,6167
2026-04-28 09:00,4643.40,4644.00,4617.70,4618.60,7096
2026-04-28 10:00,4618.40,4630.50,4616.70,4616.70,4285
2026-04-28 11:00,4616.60,4622.40,4568.00,4575.20,14625
2026-04-28 12:00,4575.60,4613.80,4567.60,4607.40,14740
2026-04-28 13:00,4607.00,4608.20,4583.70,4593.40,12342
2026-04-28 14:00,4593.00,4594.00,4570.00,4588.30,14033
2026-04-28 15:00,4587.90,4600.20,4580.50,4600.10,8230
2026-04-28 16:00,4600.00,4608.80,4591.40,4606.20,5516
2026-04-28 17:00,4606.30,4615.90,4601.00,4609.00,6812
2026-04-28 18:00,4609.40,4614.80,4606.00,4608.40,2205
2026-04-28 19:00,4608.50,4614.10,4607.30,4609.60,2131
2026-04-28 20:00,4609.40,4612.90,4605.70,4609.60,1417
2026-04-28 22:00,4611.40,4614.00,4606.30,4607.80,0
2026-04-28 23:00,4608.30,4610.50,4602.00,4609.70,1027
2026-04-29 00:00,4609.50,4624.30,4608.80,4613.70,3091
2026-04-29 01:00,4613.50,4613.50,4589.10,4598.10,4744
2026-04-29 02:00,4598.50,4617.70,4598.50,4606.90,3045
2026-04-29 03:00,4606.90,4616.70,4605.70,4609.60,1604
2026-04-29 04:00,4609.10,4619.30,4609.10,4618.10,1626
2026-04-29 05:00,4618.60,4621.30,4604.40,4604.70,1749
2026-04-29 06:00,4604.50,4612.30,4594.80,4598.10,4100
2026-04-29 07:00,4598.10,4603.20,4580.50,4581.40,6122
2026-04-29 08:00,4581.60,4590.00,4570.50,4586.10,5113
2026-04-29 09:00,4586.50,4594.30,4564.50,4568.30,6326
2026-04-29 10:00,4568.10,4589.50,4567.60,4582.70,3984
2026-04-29 11:00,4583.00,4585.60,4571.90,4574.70,3065
2026-04-29 12:00,4574.20,4582.10,4552.90,4557.40,6668
2026-04-29 13:00,4558.40,4566.00,4522.20,4534.70,15641
2026-04-29 14:00,4534.70,4556.40,4530.30,4551.90,11348
2026-04-29 15:00,4551.90,4572.00,4548.60,4560.20,10911
2026-04-29 16:00,4560.60,4578.30,4557.20,4559.00,7752
2026-04-29 17:00,4559.40,4568.50,4555.90,4561.80,6662
2026-04-29 18:00,4561.20,4567.00,4532.00,4552.70,9761
2026-04-29 19:00,4553.10,4565.00,4547.40,4560.80,4800
2026-04-29 20:00,4561.20,4567.30,4555.00,4557.30,2390
2026-04-29 22:00,4557.00,4564.90,4550.80,4563.60,0
2026-04-29 23:00,4564.50,4574.20,4561.60,4573.80,873
2026-04-30 00:00,4573.60,4586.30,4568.20,4582.00,3347
2026-04-30 01:00,4581.70,4594.10,4576.40,4590.80,3470
2026-04-30 02:00,4591.10,4593.80,4571.10,4576.40,3552
2026-04-30 03:00,4576.40,4581.00,4566.90,4567.90,2251
2026-04-30 04:00,4567.40,4568.00,4552.20,4553.20,2643
2026-04-30 05:00,4553.70,4581.00,4553.00,4573.70,2747
2026-04-30 06:00,4573.70,4603.70,4570.90,4601.60,6632
2026-04-30 07:00,4601.80,4617.30,4596.50,4610.60,6529
2026-04-30 08:00,4610.50,4641.40,4609.20,4628.40,7863
2026-04-30 09:00,4628.70,4644.60,4626.30,4637.20,6372
2026-04-30 10:00,4637.20,4658.80,4635.50,4651.70,6117
2026-04-30 11:00,4651.90,4658.00,4639.50,4643.00,8239
2026-04-30 12:00,4643.30,4652.70,4635.00,4652.40,7436
2026-04-30 13:00,4652.50,4658.60,4622.40,4623.10,10546
2026-04-30 14:00,4623.20,4638.70,4621.30,4632.50,9458
2026-04-30 15:00,4633.30,4637.80,4623.70,4628.10,5002
2026-04-30 16:00,4628.20,4631.10,4618.00,4620.40,6487
2026-04-30 17:00,4620.90,4635.00,4620.80,4629.80,6417
2026-04-30 18:00,4630.00,4638.50,4629.60,4635.40,2971
2026-04-30 19:00,4635.50,4640.30,4627.70,4630.00,2808
2026-04-30 20:00,4630.40,4636.00,4628.30,4636.00,1238
2026-04-30 22:00,4636.90,4652.00,4636.90,4642.70,0
2026-04-30 23:00,4643.20,4646.80,4638.80,4638.90,1160
2026-05-01 00:00,4639.00,4643.50,4630.50,4631.80,1414
2026-05-01 01:00,4631.60,4634.10,4625.90,4632.60,1704
2026-05-01 02:00,4632.60,4648.10,4628.00,4630.50,2608
2026-05-01 03:00,4630.10,4643.50,4628.90,4638.60,1655
2026-05-01 04:00,4637.80,4640.30,4620.30,4620.40,2509
2026-05-01 05:00,4620.70,4628.20,4614.10,4616.20,1957
2026-05-01 06:00,4616.20,4619.40,4602.20,4606.80,3120
2026-05-01 07:00,4606.00,4609.70,4586.80,4589.50,4557
2026-05-01 08:00,4589.70,4594.00,4575.90,4580.30,3541
2026-05-01 09:00,4580.10,4584.00,4570.00,4573.60,3221
2026-05-01 10:00,4573.70,4587.40,4572.40,4577.90,2204
2026-05-01 11:00,4577.80,4590.60,4573.00,4590.00,2684
2026-05-01 12:00,4589.50,4619.30,4586.00,4602.10,7746
2026-05-01 13:00,4601.60,4640.90,4596.90,4637.50,8223
2026-05-01 14:00,4636.90,4673.00,4635.80,4643.60,15612
2026-05-01 15:00,4644.00,4659.20,4630.40,4654.40,8564
2026-05-01 16:00,4654.00,4661.30,4644.90,4650.60,4390
2026-05-01 17:00,4650.20,4654.50,4638.40,4641.30,5506
2026-05-01 18:00,4641.70,4642.80,4625.30,4636.10,3419
2026-05-01 19:00,4636.20,4639.60,4621.00,4623.00,2750
2026-05-01 20:00,4623.00,4644.50,4619.00,4644.50,1556
2026-05-03 22:00,4633.30,4640.90,4623.50,4630.70,1470
2026-05-03 23:00,4630.00,4632.40,4622.40,4625.00,1025
2026-05-04 00:00,4624.80,4627.90,4612.50,4623.60,2027
2026-05-04 01:00,4624.70,4625.40,4603.80,4624.20,2219
2026-05-04 02:00,4624.00,4629.90,4602.00,4616.90,2830
2026-05-04 03:00,4616.60,4627.90,4609.60,4627.80,2393
2026-05-04 04:00,4626.50,4626.50,4615.80,4616.60,1787
2026-05-04 05:00,4616.00,4624.00,4603.30,4610.20,2980
2026-05-04 06:00,4610.10,4611.90,4594.50,4599.70,3014
2026-05-04 07:00,4599.20,4604.40,4588.60,4589.70,2486
2026-05-04 08:00,4589.90,4592.60,4584.50,4587.50,2895
2026-05-04 09:00,4587.90,4595.30,4582.00,4586.00,2029
2026-05-04 10:00,4586.60,4586.90,4535.00,4573.20,12623
2026-05-04 11:00,4573.50,4581.80,4562.40,4571.10,4966
2026-05-04 12:00,4571.30,4590.40,4570.40,4579.30,5534
2026-05-04 13:00,4579.60,4588.10,4566.30,4575.00,6823
2026-05-04 14:00,4574.90,4594.70,4564.40,4572.70,8032
2026-05-04 15:00,4572.70,4577.90,4520.60,4531.60,18313
2026-05-04 16:00,4531.40,4537.10,4510.10,4520.40,13140
2026-05-04 17:00,4521.10,4541.80,4520.90,4532.50,7255
2026-05-04 18:00,4532.90,4535.20,4519.70,4526.30,3044
2026-05-04 19:00,4525.90,4536.90,4521.00,4527.60,4753
2026-05-04 20:00,4527.50,4533.90,4521.30,4532.40,1757
2026-05-04 22:00,4534.00,4535.90,4524.80,4527.00,0
2026-05-04 23:00,4526.80,4531.00,4525.70,4528.10,832
2026-05-05 00:00,4528.60,4540.10,4522.70,4538.90,2745
2026-05-05 01:00,4538.90,4551.50,4534.50,4550.40,2723
2026-05-05 02:00,4550.50,4556.40,4544.00,4548.20,2298
2026-05-05 03:00,4548.10,4551.70,4541.40,4544.70,1477
2026-05-05 04:00,4543.50,4545.80,4537.00,4543.00,1649
2026-05-05 05:00,4543.00,4561.20,4540.40,4555.30,2799
2026-05-05 06:00,4555.30,4561.50,4543.20,4557.50,3315
2026-05-05 07:00,4557.90,4568.10,4553.30,4555.40,3304
2026-05-05 08:00,4555.40,4569.40,4555.20,4568.20,3248
2026-05-05 09:00,4568.60,4570.50,4561.10,4566.50,3505
2026-05-05 10:00,4566.70,4567.20,4550.00,4554.10,2786
2026-05-05 11:00,4554.00,4575.50,4550.10,4572.90,3866
2026-05-05 12:00,4572.70,4585.40,4564.20,4574.70,6663
2026-05-05 13:00,4575.00,4596.20,4575.00,4589.80,9660
2026-05-05 14:00,4590.30,4597.50,4576.40,4593.30,11254
2026-05-05 15:00,4593.60,4595.10,4579.30,4579.40,4376
2026-05-05 16:00,4579.40,4579.90,4564.60,4572.10,6343
2026-05-05 17:00,4571.70,4573.60,4563.80,4570.30,5086
2026-05-05 18:00,4570.50,4576.50,4568.00,4571.70,2391
2026-05-05 19:00,4571.60,4572.00,4562.30,4566.00,2512
2026-05-05 20:00,4566.00,4570.80,4564.90,4567.80,962
2026-05-05 22:00,4569.30,4587.20,4556.10,4583.20,0
2026-05-05 23:00,4583.50,4606.20,4579.40,4604.50,3333
2026-05-06 00:00,4604.10,4631.20,4598.30,4629.80,4719
2026-05-06 01:00,4629.90,4639.80,4620.40,4636.40,5513
2026-05-06 02:00,4636.20,4651.80,4635.80,4650.60,4722
2026-05-06 03:00,4650.60,4662.00,4648.00,4653.50,4686
2026-05-06 04:00,4653.60,4664.40,4653.30,4660.00,3436
2026-05-06 05:00,4660.00,4674.80,4655.60,4673.90,5023
2026-05-06 06:00,4673.90,4680.20,4667.80,4679.50,5370
2026-05-06 07:00,4679.80,4693.20,4668.50,4692.40,8958
2026-05-06 08:00,4692.70,4714.30,4682.80,4712.00,9457
2026-05-06 09:00,4712.00,4720.20,4699.70,4713.40,11803
2026-05-06 10:00,4713.30,4734.60,4707.40,4729.60,9749
2026-05-06 11:00,4729.40,4732.70,4702.00,4703.30,9417
2026-05-06 12:00,4703.30,4704.80,4671.00,4694.40,13878
2026-05-06 13:00,4694.10,4719.20,4679.50,4713.50,13571
2026-05-06 14:00,4713.40,4728.70,4708.80,4714.20,11787
2026-05-06 15:00,4714.20,4717.30,4699.20,4699.30,6023
2026-05-06 16:00,4699.00,4703.50,4690.60,4694.00,5182
2026-05-06 17:00,4693.90,4699.10,4689.80,4694.80,6487
2026-05-06 18:00,4695.10,4701.30,4692.70,4696.80,3132
2026-05-06 19:00,4697.10,4711.30,4697.10,4703.00,3765
2026-05-06 20:00,4703.50,4710.40,4695.80,4703.10,2125
2026-05-06 22:00,4702.20,4709.20,4698.00,4704.10,0
2026-05-06 23:00,4703.70,4708.90,4699.30,4708.20,1386
2026-05-07 00:00,4708.30,4710.40,4694.20,4697.60,2468
2026-05-07 01:00,4697.40,4730.50,4694.00,4723.70,6562
2026-05-07 02:00,4723.40,4727.30,4708.20,4716.00,2563
2026-05-07 03:00,4715.20,4718.60,4708.90,4709.00,1410
2026-05-07 04:00,4707.70,4709.50,4700.40,4705.10,2338
2026-05-07 05:00,4705.00,4715.40,4703.10,4709.40,2309
2026-05-07 06:00,4709.50,4759.40,4709.50,4748.60,7868
2026-05-07 07:00,4747.80,4760.50,4741.00,4752.50,6031
2026-05-07 08:00,4753.20,4763.60,4740.90,4741.10,6660
2026-05-07 09:00,4741.40,4749.00,4732.00,4738.40,5442
2026-05-07 10:00,4738.10,4749.60,4736.00,4745.00,3028
2026-05-07 11:00,4745.40,4753.00,4736.40,4752.00,4139
2026-05-07 12:00,4752.10,4762.70,4741.70,4760.10,8404
2026-05-07 13:00,4760.20,4768.50,4741.00,4756.50,11580
2026-05-07 14:00,4756.00,4774.00,4751.10,4773.30,13270
2026-05-07 15:00,4773.40,4775.20,4694.30,4739.10,12905
2026-05-07 16:00,4739.30,4739.90,4712.60,4724.80,11706
2026-05-07 17:00,4725.00,4729.50,4696.60,4721.10,25024
2026-05-07 18:00,4721.00,4725.50,4704.60,4719.10,6563
2026-05-07 19:00,4719.60,4722.50,4707.00,4712.90,4212
2026-05-07 20:00,4713.00,4729.10,4693.30,4696.00,4068
2026-05-07 22:00,4682.50,4708.50,4671.00,4694.90,0
2026-05-07 23:00,4694.40,4714.40,4693.90,4713.20,1629
2026-05-08 00:00,4713.40,4718.50,4702.70,4710.00,2412
2026-05-08 01:00,4710.10,4734.30,4709.10,4731.20,4467
2026-05-08 02:00,4731.10,4741.40,4715.40,4721.70,3497
2026-05-08 03:00,4721.60,4739.80,4719.30,4729.00,2252
2026-05-08 04:00,4728.60,4731.90,4716.60,4719.40,2211
2026-05-08 05:00,4719.60,4740.00,4718.30,4736.00,2147
2026-05-08 06:00,4736.50,4743.50,4721.10,4734.30,3944
2026-05-08 07:00,4734.00,4734.90,4706.20,4717.40,6270
2026-05-08 08:00,4717.20,4732.90,4715.90,4724.80,2612
2026-05-08 09:00,4725.40,4732.50,4716.90,4721.60,3270
2026-05-08 10:00,4721.40,4737.80,4720.70,4729.40,2592
2026-05-08 11:00,4730.10,4737.00,4723.20,4727.50,3506
2026-05-08 12:00,4727.50,4741.60,4709.60,4734.10,10610
2026-05-08 13:00,4733.40,4758.60,4725.70,4757.80,13327
2026-05-08 14:00,4757.80,4760.40,4723.10,4725.70,13223
2026-05-08 15:00,4725.80,4730.80,4711.50,4716.60,10420
2026-05-08 16:00,4716.40,4729.90,4715.00,4721.90,4564
2026-05-08 17:00,4721.90,4732.10,4721.70,4730.40,10898
2026-05-08 18:00,4730.40,4738.60,4729.30,4731.90,3024
2026-05-08 19:00,4731.50,4736.40,4730.60,4733.40,1986
2026-05-08 20:00,4733.80,4733.90,4723.30,4730.70,2075
2026-05-10 22:00,4696.80,4704.50,4690.00,4700.10,2147
2026-05-10 23:00,4700.00,4707.50,4697.30,4700.30,1740
2026-05-11 00:00,4699.90,4702.10,4678.40,4692.50,5051
2026-05-11 01:00,4692.00,4714.10,4683.50,4694.20,6290
2026-05-11 02:00,4694.70,4709.00,4684.70,4690.00,5125
2026-05-11 03:00,4689.60,4698.30,4683.10,4687.00,2809
2026-05-11 04:00,4686.40,4687.70,4675.90,4679.80,2618
2026-05-11 05:00,4679.80,4688.80,4655.10,4659.60,6147
2026-05-11 06:00,4659.50,4688.70,4656.60,4686.70,5518
2026-05-11 07:00,4686.90,4688.60,4672.80,4676.40,3301
2026-05-11 08:00,4676.30,4687.50,4672.80,4675.90,3633
2026-05-11 09:00,4675.60,4678.40,4658.70,4665.30,6450
2026-05-11 10:00,4665.00,4675.90,4664.50,4672.20,2995
2026-05-11 11:00,4672.60,4686.00,4672.60,4683.30,3770
2026-05-11 12:00,4682.90,4710.20,4675.90,4708.70,11000
2026-05-11 13:00,4708.90,4758.40,4707.30,4745.70,21316
2026-05-11 14:00,4745.70,4748.50,4724.60,4735.40,13139
2026-05-11 15:00,4735.30,4748.10,4732.20,4741.80,5462
2026-05-11 16:00,4742.00,4743.20,4716.80,4726.10,7320
2026-05-11 17:00,4726.00,4734.20,4725.40,4733.00,9394
2026-05-11 18:00,4733.10,4738.80,4730.10,4733.80,2600
2026-05-11 19:00,4734.20,4746.50,4731.80,4743.50,4586
2026-05-11 20:00,4743.70,4748.50,4739.50,4745.60,1702
2026-05-11 22:00,4745.30,4766.80,4745.20,4760.70,0
2026-05-11 23:00,4760.50,4780.30,4755.20,4777.20,5329
2026-05-12 00:00,4776.70,4783.40,4757.80,4759.30,4961
2026-05-12 01:00,4758.90,4765.60,4729.80,4736.60,5516
2026-05-12 02:00,4736.30,4743.40,4731.10,4739.80,2971
2026-05-12 03:00,4739.50,4742.40,4726.80,4729.00,2596
2026-05-12 04:00,4729.10,4739.60,4720.10,4723.10,2574
2026-05-12 05:00,4722.50,4731.00,4717.50,4723.20,3936
2026-05-12 06:00,4722.60,4722.60,4701.60,4705.40,6639
2026-05-12 07:00,4705.00,4711.70,4692.40,4707.80,5043
2026-05-12 08:00,4707.50,4714.80,4704.60,4710.90,2657
2026-05-12 09:00,4710.70,4713.30,4702.20,4707.60,3690
2026-05-12 10:00,4708.00,4716.70,4692.80,4701.90,4698
2026-05-12 11:00,4702.40,4717.20,4694.70,4714.60,3913
2026-05-12 12:00,4714.50,4719.80,4697.40,4713.80,9041
2026-05-12 13:00,4713.60,4717.10,4684.50,4687.00,13210
2026-05-12 14:00,4686.50,4703.00,4676.00,4680.00,10866
2026-05-12 15:00,4680.00,4683.60,4645.20,4673.10,18910
2026-05-12 16:00,4673.50,4682.40,4671.30,4678.10,4852
2026-05-12 17:00,4678.40,4689.80,4678.40,4685.70,10977
2026-05-12 18:00,4685.70,4705.50,4683.00,4703.00,4942
2026-05-12 19:00,4704.10,4723.30,4703.60,4723.20,4188
2026-05-12 20:00,4722.80,4726.70,4719.40,4722.60,1764
2026-05-12 22:00,4722.30,4730.20,4720.30,4724.60,0
2026-05-12 23:00,4724.50,4731.60,4723.00,4724.70,2894
2026-05-13 00:00,4724.50,4734.80,4721.00,4723.00,2859
2026-05-13 01:00,4722.60,4725.10,4709.20,4710.90,4567
2026-05-13 02:00,4710.50,4715.70,4696.00,4700.60,4072
2026-05-13 03:00,4700.50,4714.30,4697.10,4703.00,3029
2026-05-13 04:00,4704.50,4711.40,4703.40,4707.90,1367
2026-05-13 05:00,4707.50,4715.70,4701.30,4711.40,2464
2026-05-13 06:00,4711.80,4723.10,4706.90,4709.80,4357
2026-05-13 07:00,4709.80,4716.60,4704.80,4710.40,4382
2026-05-13 08:00,4710.30,4712.00,4701.80,4707.70,3497
2026-05-13 09:00,4707.80,4709.20,4692.30,4709.00,5883
2026-05-13 10:00,4708.40,4718.20,4701.00,4701.60,3041
2026-05-13 11:00,4701.80,4713.90,4698.60,4705.20,3113
2026-05-13 12:00,4704.90,4709.40,4682.00,4690.70,9990
2026-05-13 13:00,4690.60,4702.00,4676.00,4686.20,11058
2026-05-13 14:00,4686.20,4698.30,4679.80,4686.80,9935
2026-05-13 15:00,4687.10,4708.00,4686.00,4703.30,6097
2026-05-13 16:00,4703.00,4717.90,4702.80,4703.50,8297
2026-05-13 17:00,4703.70,4709.20,4692.60,4693.40,11680
2026-05-13 18:00,4693.80,4702.00,4685.50,4692.90,4130
2026-05-13 19:00,4692.60,4698.60,4691.30,4696.10,2143
2026-05-13 20:00,4696.00,4701.40,4693.70,4697.10,1059
2026-05-13 22:00,4696.80,4707.30,4695.50,4706.40,0
2026-05-13 23:00,4706.20,4709.00,4699.70,4703.50,832
2026-05-14 00:00,4703.10,4713.70,4696.20,4712.00,2120
2026-05-14 01:00,4712.20,4714.00,4690.20,4695.00,3819
2026-05-14 02:00,4695.50,4706.50,4686.00,4692.70,2465
2026-05-14 03:00,4692.80,4699.40,4679.30,4680.80,2850
2026-05-14 04:00,4680.80,4719.70,4673.20,4709.20,5598
2026-05-14 05:00,4709.50,4711.20,4696.00,4696.30,2585
2026-05-14 06:00,4696.20,4709.30,4692.70,4707.20,3244
2026-05-14 07:00,4706.70,4725.80,4697.70,4700.10,5792
2026-05-14 08:00,4699.50,4713.60,4698.90,4700.30,3367
2026-05-14 09:00,4699.80,4709.30,4694.60,4706.10,2763
2026-05-14 10:00,4706.00,4711.90,4698.00,4704.10,2516
2026-05-14 11:00,4703.50,4711.60,4695.90,4700.40,3102
2026-05-14 12:00,4700.20,4716.90,4698.40,4711.80,7363
2026-05-14 13:00,4712.20,4715.20,4671.30,4685.20,13305
2026-05-14 14:00,4685.00,4707.30,4683.00,4685.70,9451
2026-05-14 15:00,4685.60,4695.80,4683.00,4691.90,4380
2026-05-14 16:00,4692.10,4693.50,4676.10,4684.80,5124
2026-05-14 17:00,4684.40,4689.60,4682.70,4684.20,5545
2026-05-14 18:00,4684.50,4684.50,4672.50,4677.30,3937
2026-05-14 19:00,4677.40,4677.40,4658.00,4659.50,5696
2026-05-14 20:00,4659.60,4663.00,4649.30,4655.40,2804
2026-05-14 22:00,4654.50,4667.00,4651.00,4666.70,0
2026-05-14 23:00,4666.40,4670.10,4651.00,4656.70,2992
2026-05-15 00:00,4656.40,4662.80,4618.30,4635.10,8786
2026-05-15 01:00,4635.00,4636.70,4611.00,4617.90,7338
2026-05-15 02:00,4617.90,4627.40,4613.50,4621.90,3538
2026-05-15 03:00,4621.60,4626.50,4611.30,4619.80,3428
2026-05-15 04:00,4619.30,4625.90,4608.20,4610.00,2800
2026-05-15 05:00,4610.00,4610.60,4560.10,4562.90,11957
2026-05-15 06:00,4562.40,4585.40,4560.50,4574.50,8487
2026-05-15 07:00,4573.90,4593.80,4569.80,4575.70,8163
2026-05-15 08:00,4575.60,4576.90,4553.20,4558.90,8723
2026-05-15 09:00,4559.00,4568.20,4535.40,4549.80,9071
2026-05-15 10:00,4549.90,4577.00,4548.00,4570.20,8044
2026-05-15 11:00,4570.50,4574.80,4554.00,4555.90,5014
2026-05-15 12:00,4556.00,4562.70,4546.30,4550.20,8614
2026-05-15 13:00,4550.10,4561.90,4513.80,4537.30,19094
2026-05-15 14:00,4536.90,4570.90,4529.30,4566.80,13635
2026-05-15 15:00,4567.30,4568.00,4538.00,4543.80,7788
2026-05-15 16:00,4543.80,4552.40,4533.20,4548.70,5679
2026-05-15 17:00,4548.50,4568.70,4547.20,4564.00,7373
2026-05-15 18:00,4564.30,4567.30,4556.50,4563.40,2804
2026-05-15 19:00,4563.90,4564.20,4548.90,4549.80,3691
2026-05-15 20:00,4550.20,4561.90,4537.00,4561.90,2058
2026-05-17 22:00,4557.40,4558.60,4541.40,4549.70,2138
2026-05-17 23:00,4550.20,4551.40,4535.10,4540.90,1911
2026-05-18 00:00,4541.00,4546.00,4483.50,4518.50,9809
2026-05-18 01:00,4518.10,4538.60,4492.10,4527.90,8772
2026-05-18 02:00,4527.90,4545.90,4524.90,4536.40,4376
2026-05-18 03:00,4537.00,4551.40,4528.00,4546.80,4319
2026-05-18 04:00,4545.20,4553.80,4533.40,4544.20,5205
2026-05-18 05:00,4544.80,4556.00,4533.60,4534.60,5303
2026-05-18 06:00,4534.30,4551.80,4533.10,4550.50,6923
2026-05-18 07:00,4551.00,4564.00,4541.60,4550.00,5760
2026-05-18 08:00,4550.00,4560.90,4546.00,4553.80,3990
2026-05-18 09:00,4553.90,4555.70,4543.80,4547.00,3695
2026-05-18 10:00,4546.40,4551.40,4535.60,4543.40,3986
2026-05-18 11:00,4543.50,4571.90,4533.50,4554.20,9746
2026-05-18 12:00,4554.40,4579.40,4548.80,4575.20,9361
2026-05-18 13:00,4575.40,4588.60,4565.40,4579.90,12978
2026-05-18 14:00,4579.90,4579.90,4542.10,4550.80,15134
2026-05-18 15:00,4551.00,4552.40,4536.20,4547.70,7691
2026-05-18 16:00,4548.60,4558.70,4537.60,4554.40,10432
2026-05-18 17:00,4554.30,4562.50,4549.80,4551.40,5596
2026-05-18 18:00,4551.30,4552.40,4538.30,4539.80,3632
2026-05-18 19:00,4539.90,4569.50,4539.10,4562.90,6702
2026-05-18 20:00,4563.30,4571.60,4562.40,4570.80,1323
2026-05-18 22:00,4570.60,4582.30,4570.60,4578.20,0
2026-05-18 23:00,4578.20,4593.20,4577.90,4585.50,2156
2026-05-19 00:00,4585.40,4593.10,4564.70,4566.30,3854
2026-05-19 01:00,4565.60,4575.40,4557.60,4567.00,3609
2026-05-19 02:00,4566.70,4566.70,4548.60,4550.30,4018
2026-05-19 03:00,4549.90,4558.10,4545.20,4548.90,3526
2026-05-19 04:00,4547.80,4548.80,4540.90,4545.40,2047
2026-05-19 05:00,4545.60,4549.90,4533.90,4543.80,4755
2026-05-19 06:00,4543.70,4557.10,4536.50,4551.30,5310
2026-05-19 07:00,4550.40,4562.70,4544.70,4560.70,4900
2026-05-19 08:00,4560.70,4562.50,4539.10,4546.40,5403
2026-05-19 09:00,4545.80,4550.00,4538.80,4545.00,3629
2026-05-19 10:00,4544.50,4548.00,4528.60,4547.90,4535
2026-05-19 11:00,4547.70,4551.50,4533.10,4534.00,3549
2026-05-19 12:00,4533.80,4550.90,4530.30,4541.60,6508
2026-05-19 13:00,4540.40,4541.00,4467.10,4506.70,35176
2026-05-19 14:00,4506.60,4517.00,4487.00,4496.90,16526
2026-05-19 15:00,4497.90,4512.90,4492.80,4511.70,7388
2026-05-19 16:00,4512.00,4516.00,4499.50,4511.20,4793
2026-05-19 17:00,4511.00,4514.60,4502.60,4504.60,4982
2026-05-19 18:00,4504.50,4507.50,4493.10,4496.80,2427
2026-05-19 19:00,4496.40,4500.70,4484.80,4487.00,3410
2026-05-19 20:00,4486.90,4491.90,4484.30,4485.40,1485
2026-05-19 22:00,4486.60,4488.80,4480.00,4487.60,0
2026-05-19 23:00,4486.50,4499.50,4482.90,4491.80,2458
2026-05-20 00:00,4492.20,4512.00,4482.20,4503.90,3532
2026-05-20 01:00,4503.80,4509.30,4458.00,4484.30,7224
2026-05-20 02:00,4484.00,4489.60,4460.60,4467.20,4493
2026-05-20 03:00,4467.40,4469.20,4455.00,4467.10,3805
2026-05-20 04:00,4465.80,4472.50,4458.60,4464.20,2324
2026-05-20 05:00,4464.00,4481.80,4463.80,4475.20,3475
2026-05-20 06:00,4474.80,4481.10,4463.60,4476.70,4796
2026-05-20 07:00,4476.40,4488.70,4474.50,4480.90,5645
2026-05-20 08:00,4481.10,4492.80,4479.10,4486.50,5231
2026-05-20 09:00,4486.20,4494.20,4475.10,4487.50,8041
2026-05-20 10:00,4487.50,4499.80,4487.30,4497.10,5096
2026-05-20 11:00,4497.50,4503.70,4493.10,4501.20,5318
2026-05-20 12:00,4501.00,4508.10,4495.30,4499.00,9966
2026-05-20 13:00,4499.00,4509.00,4484.60,4485.70,11611
2026-05-20 14:00,4485.50,4540.50,4469.10,4534.40,26367
2026-05-20 15:00,4534.80,4558.40,4526.50,4532.10,14832
2026-05-20 16:00,4532.10,4538.80,4527.10,4537.50,6808
2026-05-20 17:00,4537.70,4542.00,4533.00,4535.10,6397
2026-05-20 18:00,4534.60,4548.50,4532.30,4545.60,3543
2026-05-20 19:00,4545.80,4553.80,4544.90,4548.10,3444
2026-05-20 20:00,4548.40,4553.20,4544.50,4546.20,2282
2026-05-20 22:00,4548.00,4549.90,4536.00,4541.20,0
2026-05-20 23:00,4540.90,4548.60,4535.60,4548.00,1374
2026-05-21 00:00,4548.30,4554.60,4538.70,4547.00,2182
2026-05-21 01:00,4548.00,4572.40,4541.40,4562.90,5859
2026-05-21 02:00,4562.60,4566.80,4533.20,4535.30,3748
2026-05-21 03:00,4534.60,4541.70,4528.30,4529.90,2257
2026-05-21 04:00,4529.40,4541.60,4528.40,4540.00,1629
2026-05-21 05:00,4539.80,4541.60,4519.00,4528.90,3253
2026-05-21 06:00,4528.00,4541.20,4520.00,4523.10,4701
2026-05-21 07:00,4522.90,4525.80,4513.20,4520.80,4691
2026-05-21 08:00,4520.90,4538.20,4519.20,4534.30,5113
2026-05-21 09:00,4533.70,4544.20,4528.80,4531.70,4265
2026-05-21 10:00,4531.60,4537.60,4505.70,4511.90,7174
2026-05-21 11:00,4512.30,4522.50,4508.80,4515.00,3005
2026-05-21 12:00,4515.20,4520.20,4501.40,4505.00,11145
2026-05-21 13:00,4505.10,4522.30,4488.30,4513.70,14316
2026-05-21 14:00,4514.10,4516.70,4499.20,4510.00,22074
2026-05-21 15:00,4510.50,4517.00,4498.00,4513.00,13713
2026-05-21 16:00,4513.20,4522.40,4513.10,4520.70,7374
2026-05-21 17:00,4521.00,4561.20,4515.00,4553.10,16159
2026-05-21 18:00,4553.00,4557.80,4528.60,4533.70,5574
2026-05-21 19:00,4533.40,4545.00,4531.30,4544.10,3176
2026-05-21 20:00,4543.90,4545.90,4540.80,4544.20,2517
2026-05-21 22:00,4544.20,4547.00,4540.40,4544.10,0
2026-05-21 23:00,4544.40,4545.80,4532.70,4536.00,934
2026-05-22 00:00,4536.20,4541.90,4526.50,4528.40,1793
2026-05-22 01:00,4527.60,4537.30,4521.70,4526.70,2528
2026-05-22 02:00,4526.90,4530.40,4519.40,4523.80,1882
2026-05-22 03:00,4523.90,4530.50,4519.70,4529.90,1889
2026-05-22 04:00,4530.60,4533.80,4526.60,4528.10,1152
2026-05-22 05:00,4528.40,4535.40,4508.20,4512.40,2984
2026-05-22 06:00,4511.90,4529.60,4511.10,4527.70,4267
2026-05-22 07:00,4527.20,4528.20,4516.70,4522.70,3594
2026-05-22 08:00,4522.70,4531.90,4516.90,4522.90,4597
2026-05-22 09:00,4522.40,4536.70,4515.00,4532.90,5303
2026-05-22 10:00,4532.90,4537.60,4511.40,4515.50,5689
2026-05-22 11:00,4515.70,4525.80,4512.00,4521.50,3528
2026-05-22 12:00,4521.10,4537.40,4515.70,4529.50,10425
2026-05-22 13:00,4529.60,4535.70,4510.00,4514.50,10329
2026-05-22 14:00,4514.50,4515.00,4488.00,4501.40,14962
2026-05-22 15:00,4501.60,4523.20,4501.00,4521.00,7937
2026-05-22 16:00,4521.30,4528.40,4512.80,4516.30,5715
2026-05-22 17:00,4516.50,4529.90,4514.50,4520.20,7341
2026-05-22 18:00,4520.50,4522.70,4513.50,4517.00,3408
2026-05-22 19:00,4516.90,4517.70,4505.60,4510.00,3717
2026-05-22 20:00,4510.10,4523.20,4505.40,4523.20,1621
2026-05-26 04:00,4542.70,4543.60,4523.90,4526.10,4458
2026-05-26 05:00,4525.80,4535.60,4523.40,4527.80,3073
2026-05-26 06:00,4527.90,4536.70,4527.40,4531.80,5367
2026-05-26 07:00,4531.90,4539.90,4521.80,4538.60,5737
2026-05-26 08:00,4539.00,4539.60,4520.20,4524.70,8306
2026-05-26 09:00,4524.30,4527.20,4512.30,4523.10,8433
2026-05-26 10:00,4523.00,4540.90,4519.50,4534.90,9571
2026-05-26 11:00,4535.10,4537.00,4503.00,4507.50,14849
2026-05-26 12:00,4507.10,4524.30,4500.20,4520.70,16727
2026-05-26 13:00,4520.60,4532.30,4512.60,4514.60,19814
2026-05-26 14:00,4515.10,4525.60,4508.30,4515.60,16707
2026-05-26 15:00,4515.60,4515.80,4502.50,4506.70,13472
2026-05-26 16:00,4506.50,4512.00,4499.30,4505.20,7572
2026-05-26 17:00,4504.90,4508.90,4487.40,4490.00,20936
2026-05-26 18:00,4490.00,4499.20,4480.00,4498.70,6964
2026-05-26 19:00,4499.00,4509.80,4497.20,4508.70,4716
2026-05-26 20:00,4509.00,4511.80,4504.30,4507.30,0
2026-05-26 22:00,4507.40,4512.70,4498.90,4510.90,1214
2026-05-26 23:00,4512.30,4528.10,4504.70,4519.60,1331
2026-05-27 00:00,4517.40,4525.80,4513.60,4514.60,730
2026-05-27 01:00,4516.80,4520.30,4506.20,4507.50,891
2026-05-27 02:00,4508.60,4508.60,4497.80,4505.20,695
2026-05-27 03:00,4505.30,4510.40,4496.20,4496.30,407
2026-05-27 04:00,4496.00,4516.20,4494.80,4509.30,858
2026-05-27 05:00,4508.80,4512.80,4490.50,4496.50,1803
2026-05-27 06:00,4496.40,4497.80,4478.50,4484.50,2862
2026-05-27 07:00,4485.30,4520.60,4479.50,4513.20,24479
2026-05-27 08:00,4513.10,4529.50,4512.20,4528.70,6610
2026-05-27 09:00,4528.50,4528.70,4517.90,4521.80,7261
2026-05-27 10:00,4521.60,4522.30,4472.70,4476.20,19486
2026-05-27 11:00,4476.30,4483.90,4454.30,4458.30,16635
2026-05-27 12:00,4458.50,4496.50,4457.30,4469.40,23030
2026-05-27 13:00,4469.20,4469.70,4431.00,4458.20,32963
2026-05-27 14:00,4458.10,4487.20,4457.00,4465.60,20310
2026-05-27 15:00,4465.40,4473.00,4459.50,4468.00,11942
2026-05-27 16:00,4468.10,4485.40,4465.60,4482.40,9219
2026-05-27 17:00,4482.40,4485.90,4472.70,4481.90,9843
2026-05-27 18:00,4481.60,4490.00,4479.00,4485.90,2941
2026-05-27 19:00,4486.00,4486.70,4480.70,4483.00,3755
2026-05-27 20:00,4482.80,4490.60,4481.80,4488.50,1578
2026-05-27 22:00,4488.00,4502.00,4485.50,4488.00,0
2026-05-27 23:00,4487.70,4488.20,4473.20,4477.70,1841
2026-05-28 00:00,4477.40,4488.80,4474.00,4487.60,1802
2026-05-28 01:00,4487.90,4489.50,4437.30,4440.40,6831
2026-05-28 02:00,4441.60,4443.20,4423.00,4424.40,6535
2026-05-28 03:00,4424.20,4428.40,4398.00,4405.30,6196
2026-05-28 04:00,4404.20,4411.80,4395.60,4402.20,3492
2026-05-28 05:00,4402.70,4425.50,4396.10,4417.10,5287
2026-05-28 06:00,4417.20,4419.90,4403.80,4413.30,4737
2026-05-28 07:00,4413.60,4426.00,4412.40,4417.20,5568
2026-05-28 08:00,4417.50,4424.80,4415.60,4416.80,3734
2026-05-28 09:00,4416.30,4429.00,4416.10,4424.00,4114
2026-05-28 10:00,4424.10,4434.30,4405.50,4413.60,5963
2026-05-28 11:00,4413.00,4421.00,4410.90,4418.20,3607
2026-05-28 12:00,4417.90,4464.00,4409.80,4461.90,11792
2026-05-28 13:00,4462.30,4469.40,4448.00,4460.60,12835
2026-05-28 14:00,4460.10,4511.40,4450.60,4500.30,25430
2026-05-28 15:00,4500.70,4515.90,4499.40,4512.50,7872
2026-05-28 16:00,4512.90,4542.00,4507.50,4541.80,10682
2026-05-28 17:00,4541.90,4545.40,4531.50,4539.20,7531
2026-05-28 18:00,4539.20,4547.10,4529.30,4532.50,4776
2026-05-28 19:00,4532.20,4534.60,4528.00,4528.70,3487
2026-05-28 20:00,4528.70,4531.70,4525.60,4527.30,1792
2026-05-28 22:00,4527.60,4530.30,4521.60,4521.70,0
2026-05-28 23:00,4522.50,4527.90,4519.50,4525.60,1243
2026-05-29 00:00,4525.50,4531.50,4522.50,4525.30,2056
2026-05-29 01:00,4526.00,4551.20,4522.70,4536.90,5033
2026-05-29 02:00,4536.60,4541.40,4528.40,4531.70,2334
2026-05-29 03:00,4532.00,4532.20,4525.20,4530.90,1982
2026-05-29 04:00,4531.40,4545.40,4531.40,4544.70,2426
2026-05-29 05:00,4544.60,4547.00,4533.00,4545.80,3525
2026-05-29 06:00,4546.10,4554.90,4540.70,4554.40,4965
2026-05-29 07:00,4554.20,4557.20,4541.30,4555.50,5830
2026-05-29 08:00,4555.00,4555.50,4540.00,4544.70,3905
2026-05-29 09:00,4545.20,4571.20,4543.40,4562.00,7602
2026-05-29 10:00,4562.00,4574.40,4556.40,4569.60,3657
2026-05-29 11:00,4569.40,4571.70,4556.70,4569.10,4027
2026-05-29 12:00,4569.20,4569.30,4543.40,4554.00,6399
2026-05-29 13:00,4553.60,4571.00,4547.50,4567.30,8304
2026-05-29 14:00,4567.00,4604.10,4556.10,4595.20,17995
2026-05-29 15:00,4596.10,4627.10,4587.30,4602.10,21304
2026-05-29 16:00,4602.10,4604.50,4590.50,4597.70,6344
2026-05-29 17:00,4597.80,4599.30,4582.40,4584.40,5782
2026-05-29 18:00,4584.20,4592.70,4581.60,4584.20,2820
2026-05-29 19:00,4584.30,4591.40,4574.10,4576.80,4106
2026-05-29 20:00,4576.90,4593.00,4567.30,4593.00,1797
2026-05-31 22:00,4555.30,4571.10,4554.10,4565.90,1372
2026-05-31 23:00,4566.20,4576.40,4565.90,4570.70,1950
2026-06-01 00:00,4570.50,4577.30,4565.50,4571.40,2361
2026-06-01 01:00,4571.20,4572.10,4554.40,4556.20,3504
2026-06-01 02:00,4556.10,4565.70,4551.40,4552.00,2019
2026-06-01 03:00,4551.70,4556.30,4540.30,4546.00,2803
2026-06-01 04:00,4546.90,4550.10,4537.60,4544.70,1842
2026-06-01 05:00,4544.80,4555.40,4542.70,4548.20,2089
2026-06-01 06:00,4548.10,4548.60,4529.10,4531.70,4367
2026-06-01 07:00,4531.60,4540.20,4522.10,4532.70,4450
2026-06-01 08:00,4533.00,4534.50,4519.60,4527.40,4106
2026-06-01 09:00,4527.60,4536.20,4518.60,4525.60,4864
2026-06-01 10:00,4525.90,4540.90,4525.90,4534.10,2940
2026-06-01 11:00,4534.20,4542.80,4529.70,4536.00,3192
2026-06-01 12:00,4535.80,4540.40,4527.60,4532.00,5394
2026-06-01 13:00,4532.30,4533.80,4476.20,4480.10,21180
2026-06-01 14:00,4479.10,4494.90,4476.00,4488.50,12274
2026-06-01 15:00,4489.00,4510.50,4485.00,4504.10,9756
2026-06-01 16:00,4504.70,4513.10,4493.10,4510.60,6521
2026-06-01 17:00,4510.90,4525.60,4501.40,4517.50,8859
2026-06-01 18:00,4517.40,4520.20,4514.80,4516.80,1632
2026-06-01 19:00,4516.50,4518.20,4509.10,4511.10,2675
2026-06-01 20:00,4511.20,4515.70,4510.20,4514.80,1681
2026-06-01 22:00,4515.80,4517.90,4509.50,4515.30,0
2026-06-01 23:00,4515.30,4518.60,4508.20,4514.30,1281
2026-06-02 00:00,4514.40,4526.80,4506.30,4511.00,2641
2026-06-02 01:00,4510.70,4522.00,4492.30,4503.60,5185
2026-06-02 02:00,4503.70,4516.40,4502.00,4516.20,3035
2026-06-02 03:00,4515.80,4530.00,4515.60,4528.40,3113
2026-06-02 04:00,4529.30,4548.60,4528.00,4547.70,3902
2026-06-02 05:00,4547.70,4558.80,4545.70,4547.00,4575
2026-06-02 06:00,4546.90,4568.80,4546.90,4566.00,6064
2026-06-02 07:00,4565.80,4571.30,4558.00,4565.20,4952
2026-06-02 08:00,4565.20,4569.30,4556.10,4557.00,3327
2026-06-02 09:00,4557.10,4565.90,4550.90,4559.40,5891
2026-06-02 10:00,4559.70,4563.50,4554.10,4563.10,2316
2026-06-02 11:00,4563.00,4564.20,4555.20,4557.30,2262
2026-06-02 12:00,4557.50,4563.80,4542.80,4544.00,7081
2026-06-02 13:00,4544.30,4554.40,4532.10,4532.10,8375
2026-06-02 14:00,4532.00,4536.80,4519.40,4533.70,9964
2026-06-02 15:00,4533.40,4538.20,4529.50,4531.70,5302
2026-06-02 16:00,4531.70,4532.80,4515.60,4521.30,5675
2026-06-02 17:00,4521.20,4522.70,4511.30,4514.00,5045
2026-06-02 18:00,4514.30,4520.20,4508.00,4516.90,3235
2026-06-02 19:00,4517.00,4520.20,4513.20,4517.70,1853
2026-06-02 20:00,4517.80,4521.00,4516.10,4519.20,990
2026-06-02 22:00,4520.00,4522.70,4512.90,4514.00,0
2026-06-02 23:00,4514.20,4517.60,4490.50,4502.90,5432
2026-06-03 00:00,4502.60,4525.10,4502.60,4514.40,3074
2026-06-03 01:00,4514.20,4516.00,4491.20,4504.00,5957
2026-06-03 02:00,4504.00,4513.10,4500.80,4509.80,2927
2026-06-03 03:00,4510.10,4515.50,4510.10,4512.00,1264
2026-06-03 04:00,4512.40,4516.10,4496.40,4497.50,1742
2026-06-03 05:00,4497.20,4502.20,4484.80,4485.80,3961
2026-06-03 06:00,4485.40,4499.30,4483.70,4491.70,4252
2026-06-03 07:00,4491.40,4500.50,4481.10,4481.60,4607
2026-06-03 08:00,4481.80,4487.80,4468.20,4472.30,5944
2026-06-03 09:00,4472.30,4487.50,4467.20,4471.30,6054
2026-06-03 10:00,4471.70,4496.00,4469.50,4487.70,4638
2026-06-03 11:00,4487.80,4496.50,4487.00,4490.60,2303
2026-06-03 12:00,4490.90,4495.60,4476.30,4488.60,5977
2026-06-03 13:00,4488.50,4494.50,4454.00,4475.20,12532
2026-06-03 14:00,4473.90,4488.30,4470.50,4485.30,7807
2026-06-03 15:00,4485.70,4486.50,4464.80,4469.80,4959
2026-06-03 16:00,4470.00,4472.10,4461.10,4469.40,4378
2026-06-03 17:00,4469.90,4476.80,4463.40,4467.20,4622
2026-06-03 18:00,4467.10,4470.90,4462.00,4470.10,2389
2026-06-03 19:00,4469.80,4480.00,4469.50,4472.00,3531
2026-06-03 20:00,4471.90,4473.60,4458.60,4462.70,2452
2026-06-03 22:00,4462.60,4479.20,4450.10,4475.30,0
2026-06-03 23:00,4475.50,4491.20,4471.50,4483.50,2582
2026-06-04 00:00,4484.00,4491.80,4470.60,4475.60,2142
2026-06-04 01:00,4475.00,4500.80,4470.00,4492.50,4079
2026-06-04 02:00,4492.10,4504.20,4482.50,4502.00,3216
2026-06-04 03:00,4501.70,4504.20,4485.10,4490.60,2333
2026-06-04 04:00,4490.60,4511.20,4489.10,4508.10,3061
2026-06-04 05:00,4508.20,4509.60,4493.50,4496.00,2816
2026-06-04 06:00,4495.80,4504.30,4489.80,4494.70,3389
2026-06-04 07:00,4495.00,4497.70,4486.20,4488.50,2587
2026-06-04 08:00,4488.40,4496.10,4485.40,4490.20,2898
2026-06-04 09:00,4489.90,4503.30,4487.70,4498.20,3809
2026-06-04 10:00,4497.90,4501.70,4491.90,4501.60,2386
2026-06-04 11:00,4501.60,4542.40,4496.40,4539.20,9500
2026-06-04 12:00,4539.10,4541.90,4518.80,4531.60,9388
2026-06-04 13:00,4531.60,4543.20,4523.30,4523.70,7856
2026-06-04 14:00,4523.40,4528.00,4483.80,4493.10,15279
2026-06-04 15:00,4493.20,4506.60,4490.60,4504.90,9260
2026-06-04 16:00,4504.90,4513.20,4502.80,4510.80,7936
2026-06-04 17:00,4510.50,4510.50,4502.00,4506.00,4630
2026-06-04 18:00,4506.10,4508.80,4500.00,4505.90,2237
2026-06-04 19:00,4506.10,4511.30,4503.90,4508.90,2341
2026-06-04 20:00,4508.50,4509.30,4502.30,4502.40,1315
2026-06-04 22:00,4503.00,4508.70,4496.00,4496.90,0
2026-06-04 23:00,4497.00,4501.10,4487.70,4488.40,1953
2026-06-05 00:00,4488.20,4493.90,4477.50,4485.80,3027
2026-06-05 01:00,4485.80,4497.00,4470.70,4473.30,5576
2026-06-05 02:00,4473.40,4481.60,4464.50,4467.10,4431
2026-06-05 03:00,4466.70,4470.10,4461.20,4468.40,2258
2026-06-05 04:00,4468.70,4472.90,4463.80,4471.00,1908
2026-06-05 05:00,4471.00,4476.10,4464.90,4465.90,2702
2026-06-05 06:00,4466.40,4483.20,4454.80,4479.70,5810
2026-06-05 07:00,4479.90,4494.20,4478.70,4487.70,3762
2026-06-05 08:00,4487.30,4495.40,4485.50,4489.80,2190
2026-06-05 09:00,4489.60,4496.60,4485.80,4491.90,4905
2026-06-05 10:00,4491.60,4495.00,4488.70,4493.70,1918
2026-06-05 11:00,4493.20,4502.20,4484.80,4497.00,3213
2026-06-05 12:00,4497.40,4502.80,4430.10,4432.10,19016
2026-06-05 13:00,4432.00,4446.60,4390.00,4390.50,26144
2026-06-05 14:00,4390.40,4404.20,4369.40,4394.60,28089
2026-06-05 15:00,4394.60,4397.30,4358.80,4360.40,12096
2026-06-05 16:00,4360.30,4370.30,4347.50,4369.10,11479
2026-06-05 17:00,4369.30,4372.00,4360.20,4366.20,9819
2026-06-05 18:00,4366.80,4366.80,4339.80,4346.70,9937
2026-06-05 19:00,4347.40,4349.50,4338.30,4343.50,6585
2026-06-05 20:00,4343.70,4365.30,4336.60,4365.30,4141
2026-06-07 22:00,4342.20,4354.70,4337.30,4341.40,2919
2026-06-07 23:00,4341.50,4371.00,4341.40,4367.90,2778
2026-06-08 00:00,4367.00,4377.50,4363.10,4366.00,3579
2026-06-08 01:00,4365.60,4369.50,4323.60,4349.60,8305
2026-06-08 02:00,4350.20,4354.80,4331.00,4334.50,4973
2026-06-08 03:00,4334.90,4341.10,4327.40,4339.80,2880
2026-06-08 04:00,4342.00,4346.40,4331.80,4337.20,2225
2026-06-08 05:00,4337.10,4340.10,4293.00,4317.50,8600
2026-06-08 06:00,4316.80,4336.50,4316.80,4325.30,5186
2026-06-08 07:00,4325.10,4342.00,4319.30,4319.90,5779
2026-06-08 08:00,4319.30,4322.40,4309.60,4313.10,6573
2026-06-08 09:00,4313.50,4326.40,4297.10,4318.80,7699
2026-06-08 10:00,4319.00,4330.30,4310.60,4326.40,4891
2026-06-08 11:00,4326.20,4358.50,4321.30,4356.30,9552
2026-06-08 12:00,4355.70,4364.80,4344.80,4358.00,8759
2026-06-08 13:00,4358.10,4371.50,4345.70,4351.80,11828
2026-06-08 14:00,4351.30,4356.30,4339.00,4355.80,11690
2026-06-08 15:00,4356.30,4370.00,4346.90,4366.10,8803
2026-06-08 16:00,4365.90,4371.00,4362.20,4365.00,4258
2026-06-08 17:00,4365.10,4366.80,4356.60,4363.40,6531
2026-06-08 18:00,4363.30,4370.20,4357.10,4358.80,3858
2026-06-08 19:00,4358.70,4362.30,4346.60,4350.30,4505
2026-06-08 20:00,4350.50,4354.40,4348.00,4353.80,1396
2026-06-08 22:00,4354.70,4363.40,4345.80,4351.50,0
2026-06-08 23:00,4350.90,4352.40,4336.00,4340.90,1894
2026-06-09 00:00,4340.90,4347.50,4338.80,4344.10,2452
2026-06-09 01:00,4344.00,4362.90,4342.50,4360.80,4070
2026-06-09 02:00,4360.90,4365.70,4352.70,4360.40,2458
2026-06-09 03:00,4360.10,4366.50,4355.20,4359.80,2613
2026-06-09 04:00,4360.80,4364.10,4348.60,4356.50,2376
2026-06-09 05:00,4356.90,4375.70,4354.80,4367.90,3338
2026-06-09 06:00,4368.10,4373.20,4354.10,4354.40,3574
2026-06-09 07:00,4354.40,4358.90,4346.00,4350.20,3794
2026-06-09 08:00,4350.10,4360.80,4344.50,4350.40,3357
2026-06-09 09:00,4350.20,4359.50,4347.90,4356.00,3675
2026-06-09 10:00,4356.00,4365.20,4349.10,4363.30,3633
2026-06-09 11:00,4363.30,4368.30,4359.90,4364.30,2577
2026-06-09 12:00,4364.40,4369.00,4359.00,4365.40,5434
2026-06-09 13:00,4366.10,4388.60,4349.10,4353.20,13662
2026-06-09 14:00,4352.90,4360.30,4302.10,4325.00,20832
2026-06-09 15:00,4324.80,4326.40,4287.10,4296.70,13547
2026-06-09 16:00,4296.50,4305.30,4259.90,4276.00,18406
2026-06-09 17:00,4276.10,4292.70,4275.10,4287.20,11571
2026-06-09 18:00,4287.50,4298.80,4283.60,4294.40,3469
2026-06-09 19:00,4294.60,4296.10,4274.00,4282.70,4787
2026-06-09 20:00,4282.80,4286.10,4280.00,4284.80,1157
2026-06-09 22:00,4276.10,4281.10,4255.40,4260.40,0
2026-06-09 23:00,4260.10,4270.60,4233.00,4245.10,5370
2026-06-10 00:00,4245.20,4251.10,4222.00,4241.60,5697
2026-06-10 01:00,4242.20,4242.50,4207.20,4212.20,8495
2026-06-10 02:00,4212.90,4216.50,4196.90,4197.80,6025
2026-06-10 03:00,4197.50,4210.20,4195.50,4208.20,2830
2026-06-10 04:00,4208.90,4211.20,4194.20,4198.00,2101
2026-06-10 05:00,4197.70,4232.20,4196.30,4228.70,4746
2026-06-10 06:00,4228.60,4245.50,4225.10,4227.10,5390
2026-06-10 07:00,4226.70,4231.00,4205.00,4209.70,5807
2026-06-10 08:00,4209.40,4211.00,4184.00,4191.70,9850
2026-06-10 09:00,4192.00,4202.60,4185.60,4191.60,7157
2026-06-10 10:00,4191.60,4201.50,4178.50,4197.50,5985
2026-06-10 11:00,4197.50,4198.60,4168.20,4170.20,10724
2026-06-10 12:00,4169.90,4197.30,4152.00,4169.60,20336
2026-06-10 13:00,4170.10,4209.50,4154.90,4203.00,21755
2026-06-10 14:00,4202.60,4204.10,4139.70,4147.10,16028
2026-06-10 15:00,4147.70,4159.70,4129.60,4151.90,17546
2026-06-10 16:00,4152.70,4158.80,4138.70,4144.60,8394
2026-06-10 17:00,4144.50,4157.60,4123.50,4134.90,13691
2026-06-10 18:00,4135.30,4144.00,4120.20,4125.00,5372
2026-06-10 19:00,4125.40,4125.80,4105.00,4106.20,8585
2026-06-10 20:00,4106.00,4106.40,4090.10,4094.10,4027
2026-06-10 22:00,4094.40,4094.40,4059.20,4069.10,0
2026-06-10 23:00,4069.20,4087.20,4046.20,4069.70,6250
2026-06-11 00:00,4070.90,4100.00,4058.00,4097.50,9399
2026-06-11 01:00,4097.30,4138.50,4087.40,4122.40,15001
2026-06-11 02:00,4122.80,4122.90,4073.40,4089.30,7475
2026-06-11 03:00,4089.40,4099.80,4078.10,4095.50,3870
2026-06-11 04:00,4094.40,4107.40,4091.20,4103.80,3031
2026-06-11 05:00,4104.30,4127.40,4093.80,4115.50,5095
2026-06-11 06:00,4115.00,4118.50,4097.00,4115.70,4578
2026-06-11 07:00,4115.60,4131.50,4112.00,4125.80,6488
2026-06-11 08:00,4125.70,4133.60,4105.60,4105.60,5467
2026-06-11 09:00,4105.00,4117.50,4098.10,4112.40,5149
2026-06-11 10:00,4111.80,4115.60,4107.20,4110.30,2539
2026-06-11 11:00,4110.30,4116.40,4100.20,4100.70,4443
2026-06-11 12:00,4100.90,4107.80,4078.00,4102.50,12489
2026-06-11 13:00,4102.70,4114.30,4088.00,4104.30,12299
2026-06-11 14:00,4104.00,4106.60,4072.80,4094.40,14400
2026-06-11 15:00,4094.20,4116.80,4090.90,4110.00,9703
2026-06-11 16:00,4110.20,4129.00,4098.90,4101.20,7687
2026-06-11 17:00,4101.50,4191.80,4092.90,4173.20,26850
2026-06-11 18:00,4173.20,4193.00,4152.00,4183.10,11568
2026-06-11 19:00,4183.50,4241.30,4183.50,4229.90,13812
2026-06-11 20:00,4230.20,4240.00,4229.20,4233.80,3933
2026-06-11 22:00,4234.90,4267.80,4226.20,4264.20,0
2026-06-11 23:00,4264.50,4267.20,4234.60,4240.60,3490
2026-06-12 00:00,4240.10,4251.70,4221.40,4229.00,4643
2026-06-12 01:00,4229.70,4232.40,4192.90,4208.20,7376
2026-06-12 02:00,4208.20,4221.90,4204.20,4213.50,2896
2026-06-12 03:00,4212.70,4226.70,4211.40,4220.90,2318
2026-06-12 04:00,4219.00,4222.60,4211.10,4211.90,1397
2026-06-12 05:00,4211.80,4214.40,4192.10,4194.70,3268
2026-06-12 06:00,4194.70,4207.00,4193.70,4205.40,3332
2026-06-12 07:00,4205.50,4215.20,4191.10,4215.20,5707
2026-06-12 08:00,4215.90,4247.70,4213.20,4241.20,7808
2026-06-12 09:00,4241.40,4249.60,4239.10,4243.10,5599
2026-06-12 10:00,4242.90,4246.70,4223.60,4231.90,4817
2026-06-12 11:00,4232.30,4236.30,4218.10,4227.80,4085
2026-06-12 12:00,4227.90,4236.30,4209.30,4212.30,9011
2026-06-12 13:00,4212.10,4231.20,4203.00,4206.70,11695
2026-06-12 14:00,4207.40,4229.50,4197.50,4224.90,13983
2026-06-12 15:00,4224.90,4256.80,4221.00,4232.40,12300
2026-06-12 16:00,4232.30,4254.10,4228.60,4236.50,7092
2026-06-12 17:00,4236.50,4247.10,4234.00,4241.80,6316
2026-06-12 18:00,4242.20,4256.20,4234.90,4236.20,4806
2026-06-12 19:00,4236.20,4240.80,4223.20,4231.90,4469
2026-06-12 20:00,4231.60,4240.60,4230.70,4238.80,1729
2026-06-14 22:00,4325.60,4327.00,4300.00,4305.80,4983
2026-06-14 23:00,4305.60,4315.40,4301.30,4314.30,3312
2026-06-15 00:00,4314.30,4328.50,4312.70,4313.10,5140
2026-06-15 01:00,4313.90,4340.70,4306.40,4337.50,5800
2026-06-15 02:00,4337.10,4356.80,4337.10,4350.70,5070
2026-06-15 03:00,4350.50,4352.50,4342.50,4345.70,2438
2026-06-15 04:00,4346.40,4351.70,4341.70,4349.50,1731
2026-06-15 05:00,4349.20,4353.90,4328.60,4331.40,3384
2026-06-15 06:00,4331.50,4334.40,4321.60,4329.10,3909
2026-06-15 07:00,4329.20,4346.00,4326.10,4344.30,4514
2026-06-15 08:00,4344.10,4366.10,4342.70,4355.40,6463
2026-06-15 09:00,4355.50,4364.40,4355.10,4357.70,5858
2026-06-15 10:00,4357.90,4362.80,4356.30,4359.10,3052
2026-06-15 11:00,4359.00,4368.90,4352.90,4356.60,4567
2026-06-15 12:00,4356.60,4370.80,4345.30,4370.50,7662
2026-06-15 13:00,4370.40,4390.80,4362.80,4376.80,14176
2026-06-15 14:00,4376.70,4391.50,4375.50,4378.50,12336
2026-06-15 15:00,4378.30,4382.80,4370.60,4377.60,7472
2026-06-15 16:00,4377.80,4380.30,4355.90,4360.60,6150
2026-06-15 17:00,4360.50,4360.50,4341.70,4346.00,6309
2026-06-15 18:00,4346.20,4349.70,4339.10,4347.30,3362
2026-06-15 19:00,4347.50,4348.30,4338.20,4342.40,3198
2026-06-15 20:00,4342.60,4343.90,4328.50,4331.00,2330
2026-06-15 22:00,4331.30,4337.30,4326.70,4333.10,0
2026-06-15 23:00,4333.70,4340.80,4332.80,4337.30,1937
2026-06-16 00:00,4336.60,4341.60,4327.40,4340.30,3273
2026-06-16 01:00,4340.30,4346.80,4332.80,4334.00,3413
2026-06-16 02:00,4334.60,4341.60,4328.00,4339.70,2285
2026-06-16 03:00,4339.80,4354.10,4336.60,4351.40,1857
2026-06-16 04:00,4352.10,4353.00,4342.10,4343.20,1433
2026-06-16 05:00,4343.40,4351.90,4335.50,4337.20,2538
2026-06-16 06:00,4337.40,4345.50,4334.20,4345.00,2627
2026-06-16 07:00,4345.10,4357.10,4343.50,4356.60,2838
2026-06-16 08:00,4356.40,4369.50,4354.20,4368.30,3940
2026-06-16 09:00,4368.10,4369.80,4359.40,4366.20,4587
2026-06-16 10:00,4366.20,4369.90,4363.10,4369.90,2217
2026-06-16 11:00,4369.90,4370.60,4355.70,4361.40,4577
2026-06-16 12:00,4361.60,4376.50,4358.20,4375.90,5684
2026-06-16 13:00,4375.90,4376.50,4352.60,4352.70,7907
2026-06-16 14:00,4352.50,4360.00,4333.70,4344.40,11778
2026-06-16 15:00,4344.40,4364.50,4341.40,4355.70,6929
2026-06-16 16:00,4355.60,4368.10,4355.40,4361.80,4793
2026-06-16 17:00,4361.50,4362.30,4346.40,4361.50,5901
2026-06-16 18:00,4361.80,4364.40,4357.40,4360.00,1886
2026-06-16 19:00,4359.60,4364.30,4352.40,4355.60,2650
2026-06-16 20:00,4355.30,4356.70,4351.30,4353.00,1142
2026-06-16 22:00,4352.60,4355.90,4348.70,4355.00,0
2026-06-16 23:00,4354.80,4358.00,4349.10,4350.80,575
2026-06-17 00:00,4350.90,4361.90,4348.20,4356.90,1639
2026-06-17 01:00,4356.40,4369.80,4354.10,4361.00,2926
2026-06-17 02:00,4360.90,4364.40,4349.60,4351.20,1822
2026-06-17 03:00,4351.00,4353.70,4348.40,4351.20,1339
2026-06-17 04:00,4352.20,4353.60,4337.10,4346.10,1891
2026-06-17 05:00,4346.20,4353.80,4340.40,4346.10,2374
2026-06-17 06:00,4346.50,4351.20,4340.10,4351.20,2750
2026-06-17 07:00,4351.10,4352.50,4344.10,4344.70,2750
2026-06-17 08:00,4344.80,4347.50,4335.60,4344.20,2581
2026-06-17 09:00,4344.40,4355.10,4340.50,4349.30,2885
2026-06-17 10:00,4349.20,4355.10,4346.20,4351.10,1636
2026-06-17 11:00,4351.30,4351.50,4340.00,4342.60,2169
2026-06-17 12:00,4342.80,4355.20,4338.70,4353.30,4742
2026-06-17 13:00,4353.40,4365.50,4343.70,4359.80,8681
2026-06-17 14:00,4359.60,4384.20,4349.90,4364.10,15806
2026-06-17 15:00,4363.80,4385.50,4363.60,4383.60,5949
2026-06-17 16:00,4383.30,4386.70,4375.20,4379.80,4098
2026-06-17 17:00,4379.60,4403.60,4375.70,4401.10,10332
2026-06-17 18:00,4399.60,4399.60,4288.30,4305.20,41879
2026-06-17 19:00,4305.00,4315.00,4237.40,4254.30,28614
2026-06-17 20:00,4254.20,4289.00,4253.30,4276.30,6489
2026-06-17 22:00,4275.10,4290.50,4273.30,4285.80,0
2026-06-17 23:00,4285.70,4303.00,4283.20,4297.20,3335
2026-06-18 00:00,4297.60,4335.00,4296.20,4328.00,5487
2026-06-18 01:00,4328.80,4348.90,4326.30,4337.70,5735
2026-06-18 02:00,4338.00,4350.20,4330.40,4331.00,3763
2026-06-18 03:00,4331.30,4343.00,4328.90,4339.60,3031
2026-06-18 04:00,4340.00,4344.20,4330.00,4336.00,2495
2026-06-18 05:00,4335.80,4345.20,4321.50,4328.00,4037
2026-06-18 06:00,4328.40,4330.30,4316.30,4326.60,3757
2026-06-18 07:00,4326.40,4329.70,4307.10,4308.40,4020
2026-06-18 08:00,4308.60,4312.60,4284.60,4285.90,5321
2026-06-18 09:00,4286.00,4292.60,4278.60,4287.70,5895
2026-06-18 10:00,4287.60,4291.90,4273.20,4273.90,4541
2026-06-18 11:00,4274.20,4274.20,4257.90,4260.60,7379
2026-06-18 12:00,4260.50,4288.60,4259.00,4265.10,11179
2026-06-18 13:00,4265.00,4296.20,4263.50,4275.50,11148
2026-06-18 14:00,4275.30,4277.30,4255.00,4271.70,14309
2026-06-18 15:00,4271.90,4274.20,4241.70,4245.50,9942
2026-06-18 16:00,4245.80,4252.50,4233.00,4238.70,9605
2026-06-18 17:00,4238.70,4252.50,4237.80,4249.50,7254
2026-06-18 18:00,4249.20,4252.10,4237.40,4237.70,2752
2026-06-18 19:00,4237.90,4238.40,4220.30,4236.20,6025
2026-06-18 20:00,4236.20,4238.70,4226.60,4227.90,1627
2026-06-18 22:00,4231.20,4231.40,4221.30,4225.90,0
2026-06-18 23:00,4226.20,4226.80,4205.00,4206.80,1721
2026-06-19 00:00,4206.90,4216.90,4202.20,4209.00,2276
2026-06-19 01:00,4209.30,4213.10,4201.20,4202.60,2233
2026-06-19 02:00,4202.30,4204.00,4189.50,4193.90,3208
2026-06-19 03:00,4194.00,4194.70,4162.70,4167.50,3948
2026-06-21 22:00,4163.90,4176.00,4151.40,4172.80,2972
2026-06-21 23:00,4172.80,4181.50,4152.90,4157.00,3971
2026-06-22 00:00,4157.30,4218.30,4156.60,4218.10,5774
2026-06-22 01:00,4217.70,4238.10,4172.90,4208.10,8227
2026-06-22 02:00,4208.20,4217.90,4172.90,4205.70,3342
2026-06-22 03:00,4206.30,4207.40,4172.90,4189.60,2146
2026-06-22 04:00,4189.20,4199.70,4172.90,4199.40,1038
2026-06-22 05:00,4199.30,4216.40,4172.90,4211.30,2679
2026-06-22 06:00,4211.60,4225.40,4172.90,4215.40,3678
2026-06-22 07:00,4216.00,4219.70,4172.90,4208.50,2943
2026-06-22 08:00,4208.30,4215.90,4172.90,4215.70,2753
2026-06-22 09:00,4215.50,4228.60,4172.90,4226.20,4819
2026-06-22 10:00,4226.50,4232.30,4172.90,4222.70,2350
2026-06-22 11:00,4222.80,4233.70,4172.90,4225.30,2900
2026-06-22 12:00,4225.90,4229.90,4172.90,4211.40,5246
2026-06-22 13:00,4211.60,4224.50,4172.90,4218.50,12460
2026-06-22 14:00,4218.70,4229.50,4172.90,4216.70,11138
2026-06-22 15:00,4216.60,4219.60,4172.90,4201.00,8812
2026-06-22 16:00,4200.80,4211.90,4172.90,4208.50,4517
2026-06-22 17:00,4208.50,4210.10,4172.90,4201.40,3983
2026-06-22 18:00,4201.60,4211.30,4172.90,4209.10,1864
2026-06-22 19:00,4209.50,4211.60,4172.90,4209.40,2252
2026-06-22 20:00,4209.40,4212.30,4172.90,4172.90,965
2026-06-22 22:00,4210.80,4212.70,4206.10,4207.80,0
2026-06-22 23:00,4207.50,4213.60,4204.60,4205.50,864
2026-06-23 00:00,4205.00,4212.70,4196.00,4210.70,1939
2026-06-23 01:00,4210.60,4216.00,4167.50,4179.30,7114
2026-06-23 02:00,4179.40,4181.30,4164.30,4164.90,3501
2026-06-23 03:00,4164.90,4167.60,4148.40,4162.20,4736
2026-06-23 04:00,4161.80,4164.80,4132.20,4135.60,3593
2026-06-23 05:00,4136.00,4155.00,4133.10,4138.90,4787
2026-06-23 06:00,4139.60,4144.90,4127.90,4132.40,6101
2026-06-23 07:00,4131.90,4142.70,4114.00,4116.00,5589
2026-06-23 08:00,4116.30,4128.40,4108.20,4122.60,5968
2026-06-23 09:00,4123.00,4140.10,4122.10,4140.10,4144
2026-06-23 10:00,4140.00,4151.10,4137.40,4137.70,3734
2026-06-23 11:00,4137.60,4150.00,4135.20,4141.10,4694
2026-06-23 12:00,4141.00,4145.30,4129.00,4131.00,6174
2026-06-23 13:00,4131.10,4158.50,4122.80,4154.10,11890
2026-06-23 14:00,4153.10,4163.50,4140.00,4147.50,14041
2026-06-23 15:00,4148.00,4159.40,4140.60,4156.70,8288
2026-06-23 16:00,4156.80,4161.80,4149.30,4151.90,4214
2026-06-23 17:00,4151.90,4157.70,4145.50,4145.90,4797
2026-06-23 18:00,4146.00,4148.80,4130.80,4135.60,2845
2026-06-23 19:00,4135.80,4144.40,4129.10,4129.60,3301
2026-06-23 20:00,4129.90,4130.80,4125.00,4129.00,2381
2026-06-23 22:00,4130.00,4132.40,4113.90,4121.20,0
2026-06-23 23:00,4120.90,4120.90,4097.90,4116.60,3096
2026-06-24 00:00,4117.00,4129.70,4111.40,4114.70,3091
2026-06-24 01:00,4114.90,4119.80,4086.00,4106.50,6255
2026-06-24 02:00,4106.40,4113.10,4069.00,4078.30,6567
2026-06-24 03:00,4078.10,4088.50,4067.00,4079.90,3794
2026-06-24 04:00,4080.10,4083.70,4071.60,4080.60,2099
2026-06-24 05:00,4081.20,4103.10,4077.60,4093.10,3858
2026-06-24 06:00,4093.10,4114.70,4093.10,4103.90,5040
2026-06-24 07:00,4103.90,4107.80,4090.70,4091.50,3027
2026-06-24 08:00,4091.60,4104.80,4090.00,4093.30,2940
2026-06-24 09:00,4093.30,4095.80,4081.60,4081.80,3869
2026-06-24 10:00,4082.00,4083.70,4071.00,4072.30,3285
2026-06-24 11:00,4072.10,4075.60,4053.90,4063.20,7738
2026-06-24 12:00,4063.40,4065.20,4003.30,4004.00,22560
2026-06-24 13:00,4004.10,4059.00,3980.30,4054.90,39903
2026-06-24 14:00,4054.90,4058.20,4020.00,4025.00,16335
2026-06-24 15:00,4025.40,4033.90,4014.30,4019.50,8596
2026-06-24 16:00,4019.40,4039.70,4012.60,4023.40,8805
2026-06-24 17:00,4023.70,4028.60,3989.50,3989.80,11606
2026-06-24 18:00,3989.90,4011.70,3975.70,3998.10,9129
2026-06-24 19:00,3998.70,4008.20,3990.40,4004.90,4713
2026-06-24 20:00,4005.50,4020.00,4001.60,4016.40,3190
2026-06-24 22:00,4019.00,4024.90,4008.80,4012.00,0
2026-06-24 23:00,4012.50,4033.90,4006.00,4026.60,2972
2026-06-25 00:00,4028.30,4031.50,3994.20,4007.30,4459
2026-06-25 01:00,4007.20,4021.40,3987.90,3992.20,4714
2026-06-25 02:00,3992.90,4006.60,3976.30,3998.70,5946
2026-06-25 03:00,3998.80,4016.60,3981.60,4012.40,4917
2026-06-25 04:00,4011.10,4013.20,3999.50,4011.80,2561
2026-06-25 05:00,4012.00,4015.70,3996.20,4001.60,4181
2026-06-25 06:00,4001.50,4004.60,3988.90,3992.70,4374
2026-06-25 07:00,3992.50,4005.50,3986.60,4003.50,5612
2026-06-25 08:00,4003.60,4017.90,4000.20,4004.90,5972
2026-06-25 09:00,4004.90,4013.50,4001.90,4003.40,3753
2026-06-25 10:00,4003.00,4004.60,3996.40,3999.50,2535
2026-06-25 11:00,4000.00,4003.20,3988.60,3995.30,3763
2026-06-25 12:00,3995.40,4035.10,3993.50,4028.20,13959
2026-06-25 13:00,4028.20,4049.90,4016.60,4017.50,18536
2026-06-25 14:00,4017.90,4045.60,4015.10,4027.60,13438
2026-06-25 15:00,4027.80,4058.70,4020.40,4057.50,12890
2026-06-25 16:00,4057.20,4060.00,4039.10,4044.00,6938
2026-06-25 17:00,4044.40,4052.30,4042.30,4050.20,6784
2026-06-25 18:00,4050.50,4059.90,4041.60,4050.40,4426
2026-06-25 19:00,4051.00,4059.70,4036.80,4041.60,6198
2026-06-25 20:00,4042.10,4049.80,4039.40,4041.60,1636
2026-06-25 22:00,4044.40,4051.60,4034.50,4041.40,0
2026-06-25 23:00,4041.30,4045.70,4027.50,4030.20,1131
2026-06-26 00:00,4029.90,4039.60,4026.30,4035.10,2331
2026-06-26 01:00,4035.60,4044.80,4029.30,4035.90,3447
2026-06-26 02:00,4036.20,4038.30,3998.10,4006.00,6674
2026-06-26 03:00,4005.90,4022.00,4001.80,4018.60,2984
2026-06-26 04:00,4019.40,4030.20,4013.80,4026.80,2365
2026-06-26 05:00,4026.40,4037.10,4021.10,4023.20,2892
2026-06-26 06:00,4023.20,4049.00,4022.10,4047.20,6366
2026-06-26 07:00,4047.80,4055.50,4042.50,4046.40,4517
2026-06-26 08:00,4046.10,4053.00,4041.20,4046.10,2345
2026-06-26 09:00,4045.80,4069.70,4044.60,4062.80,7515
2026-06-26 10:00,4062.30,4070.80,4057.50,4069.80,2780
2026-06-26 11:00,4070.00,4071.50,4057.60,4061.00,3768
2026-06-26 12:00,4061.10,4076.70,4050.60,4074.00,5759
2026-06-26 13:00,4074.10,4093.10,4057.70,4088.70,13506
2026-06-26 14:00,4088.60,4108.70,4083.00,4095.70,16389
2026-06-26 15:00,4095.90,4111.50,4090.70,4106.30,8043
2026-06-26 16:00,4106.10,4109.20,4097.40,4099.90,4894
2026-06-26 17:00,4100.20,4103.40,4088.70,4089.60,5759
2026-06-26 18:00,4089.90,4094.00,4081.90,4082.20,3049
2026-06-26 19:00,4082.00,4089.00,4079.00,4086.20,3335
2026-06-26 20:00,4086.40,4104.40,4079.00,4096.30,2400
2026-06-28 22:00,4089.80,4092.40,4067.10,4080.80,2950
2026-06-28 23:00,4080.20,4084.80,4065.90,4076.70,1938
2026-06-29 00:00,4076.30,4088.70,4062.60,4083.90,3916
2026-06-29 01:00,4083.70,4088.60,4068.00,4075.80,3469
2026-06-29 02:00,4075.40,4086.50,4073.20,4080.80,2902
2026-06-29 03:00,4081.10,4090.40,4079.90,4083.20,1325
2026-06-29 04:00,4082.80,4083.20,4063.50,4065.70,2298
2026-06-29 05:00,4065.50,4071.70,4053.80,4069.00,4609
2026-06-29 06:00,4068.60,4079.60,4068.10,4077.00,3939
2026-06-29 07:00,4077.50,4083.20,4070.70,4076.30,2700
2026-06-29 08:00,4075.70,4081.00,4057.50,4060.90,3949
2026-06-29 09:00,4061.30,4069.40,4038.10,4045.80,7937
2026-06-29 10:00,4046.50,4053.90,4041.50,4051.10,5007
2026-06-29 11:00,4051.70,4056.70,4041.50,4053.30,3402
2026-06-29 12:00,4053.50,4067.00,4051.80,4057.80,5709
2026-06-29 13:00,4057.80,4066.20,4042.20,4046.40,6541
2026-06-29 14:00,4046.60,4049.60,4012.00,4039.50,16086
2026-06-29 15:00,4039.90,4045.00,4030.50,4041.50,6851
2026-06-29 16:00,4041.50,4043.30,4033.00,4038.40,3906
2026-06-29 17:00,4038.50,4046.70,4033.80,4035.30,5277
2026-06-29 18:00,4035.70,4040.00,4026.10,4027.80,2492
2026-06-29 19:00,4027.70,4034.40,4019.20,4030.40,3633
2026-06-29 20:00,4030.60,4032.50,4027.20,4030.50,938
2026-06-29 22:00,4032.50,4036.50,4023.50,4028.40,0
2026-06-29 23:00,4029.00,4036.70,4027.40,4029.40,1597
2026-06-30 00:00,4028.60,4028.90,3992.60,4001.30,5588
2026-06-30 01:00,4000.50,4000.80,3955.40,3982.70,13862
2026-06-30 02:00,3982.40,3986.80,3965.50,3975.80,5058
2026-06-30 03:00,3976.10,3984.20,3973.10,3983.80,2840
2026-06-30 04:00,3982.50,4011.60,3981.30,3999.20,4459
2026-06-30 05:00,3999.70,4004.30,3988.60,3991.10,2628
2026-06-30 06:00,3991.50,4047.80,3991.50,4043.50,8439
2026-06-30 07:00,4043.70,4048.70,4037.50,4046.30,3791
2026-06-30 08:00,4046.40,4051.80,4027.20,4029.00,4869
2026-06-30 09:00,4029.00,4038.00,4025.90,4038.00,3737
2026-06-30 10:00,4038.10,4045.50,4035.50,4043.90,3003
2026-06-30 11:00,4043.90,4051.40,4039.30,4047.50,3788
2026-06-30 12:00,4048.00,4048.20,4022.10,4023.90,5799
2026-06-30 13:00,4023.70,4047.50,4022.90,4043.90,10592
2026-06-30 14:00,4044.40,4078.10,4039.50,4052.00,16689
2026-06-30 15:00,4052.10,4054.30,4036.40,4044.20,7478
2026-06-30 16:00,4043.80,4048.50,4040.10,4040.30,3034
2026-06-30 17:00,4040.80,4047.10,4034.90,4045.50,6636
2026-06-30 18:00,4045.90,4048.70,4042.80,4043.60,1721
2026-06-30 19:00,4043.00,4044.20,4029.10,4030.20,3443
2026-06-30 20:00,4030.20,4036.00,4020.60,4021.80,2067
2026-06-30 22:00,4025.00,4032.00,4022.10,4026.40,0
2026-06-30 23:00,4026.50,4031.80,4018.00,4018.90,2030
2026-07-01 00:00,4018.90,4022.70,4006.00,4010.20,3110
2026-07-01 01:00,4010.50,4013.20,3986.70,3990.80,5490
2026-07-01 02:00,3990.40,3999.00,3983.00,3991.90,3295
2026-07-01 03:00,3991.80,3999.90,3989.10,3992.90,2569
2026-07-01 04:00,3993.40,3995.40,3985.30,3989.20,2631
2026-07-01 05:00,3989.10,3992.00,3982.30,3986.60,2789
2026-07-01 06:00,3986.60,3990.30,3975.90,3985.00,5737
2026-07-01 07:00,3985.00,3991.00,3973.00,3988.70,7114
2026-07-01 08:00,3988.80,3997.70,3982.50,3987.70,3702
2026-07-01 09:00,3987.20,3999.30,3985.90,3997.90,2909
2026-07-01 10:00,3997.80,4012.00,3994.60,4011.90,3544
2026-07-01 11:00,4011.50,4049.40,4011.30,4044.00,8252
2026-07-01 12:00,4044.50,4047.80,4033.20,4036.80,8035
2026-07-01 13:00,4036.80,4122.60,4026.60,4104.20,28583
2026-07-01 14:00,4104.80,4131.00,4096.90,4107.90,19321
2026-07-01 15:00,4108.00,4108.80,4090.80,4095.10,8255
2026-07-01 16:00,4095.50,4102.90,4084.00,4085.00,4325
2026-07-01 17:00,4084.90,4087.60,4081.00,4082.20,5065
2026-07-01 18:00,4082.30,4084.70,4071.30,4076.00,2704
2026-07-01 19:00,4075.50,4082.20,4048.40,4052.30,6207
2026-07-01 20:00,4052.20,4053.60,4042.10,4044.60,2877
2026-07-01 22:00,4049.20,4057.20,4045.10,4057.20,0
2026-07-01 23:00,4056.80,4057.10,4045.50,4047.40,1948
2026-07-02 00:00,4047.10,4065.00,4042.80,4063.50,3372
2026-07-02 01:00,4063.50,4080.50,4057.00,4062.40,4601
2026-07-02 02:00,4062.60,4073.20,4053.30,4069.20,2347
2026-07-02 03:00,4069.40,4086.30,4067.70,4082.30,3076
2026-07-02 04:00,4082.10,4085.00,4072.70,4073.20,1501
2026-07-02 05:00,4073.10,4079.80,4065.20,4078.20,3253
2026-07-02 06:00,4078.30,4092.50,4077.90,4086.20,4368
2026-07-02 07:00,4086.00,4088.20,4073.40,4076.60,2900
2026-07-02 08:00,4076.50,4092.60,4073.60,4089.10,3226
2026-07-02 09:00,4088.40,4089.50,4075.70,4077.60,3566
2026-07-02 10:00,4077.90,4081.60,4074.20,4078.60,3304
2026-07-02 11:00,4079.10,4084.50,4069.70,4077.50,4348
2026-07-02 12:00,4077.30,4154.20,4073.40,4130.50,25325
2026-07-02 13:00,4130.80,4157.10,4121.70,4149.80,15836
2026-07-02 14:00,4149.60,4151.60,4127.00,4141.90,10265
2026-07-02 15:00,4141.90,4144.70,4127.80,4141.40,6996
2026-07-02 16:00,4141.70,4143.20,4113.00,4131.20,6699
2026-07-02 17:00,4131.10,4133.30,4118.50,4119.50,5699
2026-07-02 18:00,4119.70,4140.60,4118.60,4135.90,3082
2026-07-02 19:00,4136.20,4137.50,4121.30,4134.00,2531
2026-07-02 20:00,4134.20,4138.30,4129.40,4135.50,2233
2026-07-02 22:00,4138.00,4141.10,4135.10,4137.10,0
2026-07-02 23:00,4137.20,4149.10,4133.80,4139.20,2337
2026-07-03 00:00,4139.00,4164.00,4135.90,4160.00,3310
2026-07-03 01:00,4159.80,4208.30,4159.50,4194.90,9418
2026-07-03 02:00,4194.50,4199.90,4189.30,4196.80,2821
2026-07-03 03:00,4196.80,4197.50,4188.40,4188.50,2064
2026-07-05 22:00,4187.50,4203.50,4184.40,4200.10,3135
2026-07-05 23:00,4200.60,4214.10,4187.30,4195.20,3508
2026-07-06 00:00,4195.80,4200.70,4182.40,4191.60,3416
2026-07-06 01:00,4190.50,4215.50,4184.30,4198.10,4427
2026-07-06 02:00,4198.50,4200.10,4180.30,4185.50,3626
2026-07-06 03:00,4185.90,4187.90,4172.70,4177.00,2409
2026-07-06 04:00,4177.00,4187.30,4169.20,4171.50,1486
2026-07-06 05:00,4171.20,4187.30,4156.40,4159.70,3281
2026-07-06 06:00,4159.50,4187.30,4156.80,4161.90,2731
2026-07-06 07:00,4162.00,4187.30,4158.70,4175.70,3011
2026-07-06 08:00,4176.40,4187.30,4158.10,4161.80,2973
2026-07-06 09:00,4161.60,4187.30,4148.40,4155.50,5049
2026-07-06 10:00,4155.50,4187.30,4154.60,4167.40,2409
2026-07-06 11:00,4167.30,4187.30,4163.90,4167.40,1902
2026-07-06 12:00,4167.40,4187.30,4143.30,4151.40,6383
2026-07-06 13:00,4151.90,4187.30,4147.10,4153.00,8151
2026-07-06 14:00,4152.50,4187.30,4140.60,4150.20,8871
2026-07-06 15:00,4150.60,4187.30,4149.80,4159.90,5821
2026-07-06 16:00,4160.10,4187.30,4152.00,4166.90,4509
2026-07-06 17:00,4166.90,4187.30,4162.10,4172.90,5115
2026-07-06 18:00,4173.30,4187.30,4167.10,4175.80,2874
2026-07-06 19:00,4175.80,4187.30,4170.50,4175.50,1924
2026-07-06 20:00,4175.40,4187.30,4172.60,4187.30,597
2026-07-06 22:00,4176.40,4179.50,4174.60,4175.90,0
2026-07-06 23:00,4175.40,4176.60,4168.00,4168.70,784
2026-07-07 00:00,4168.50,4174.50,4156.10,4157.20,2202
2026-07-07 01:00,4157.30,4160.20,4137.60,4153.90,5000
2026-07-07 02:00,4154.00,4157.00,4142.80,4147.90,2619
2026-07-07 03:00,4147.80,4151.40,4135.20,4141.80,2183
2026-07-07 04:00,4142.40,4152.40,4136.80,4137.60,1910
2026-07-07 05:00,4137.60,4142.20,4127.70,4135.20,3705
2026-07-07 06:00,4135.00,4144.40,4132.50,4141.70,2344
2026-07-07 07:00,4141.90,4144.60,4135.40,4135.80,2520
2026-07-07 08:00,4135.40,4150.90,4132.70,4137.10,4261
2026-07-07 09:00,4136.90,4144.60,4130.60,4142.40,3676
2026-07-07 10:00,4142.40,4150.50,4142.40,4147.10,2012
2026-07-07 11:00,4147.10,4170.00,4143.00,4168.60,5278
2026-07-07 12:00,4168.60,4187.00,4166.00,4184.10,11524
2026-07-07 13:00,4184.10,4192.40,4167.30,4170.00,12311
2026-07-07 14:00,4169.70,4175.10,4154.50,4165.00,10347
2026-07-07 15:00,4165.00,4166.70,4146.90,4150.10,6189
2026-07-07 16:00,4150.40,4158.70,4148.20,4156.60,4083
2026-07-07 17:00,4156.70,4159.80,4151.80,4155.90,4102
2026-07-07 18:00,4156.00,4156.50,4136.10,4138.00,4202
2026-07-07 19:00,4137.90,4138.70,4102.70,4125.10,13252
2026-07-07 20:00,4125.30,4126.70,4114.20,4116.60,2153
2026-07-07 22:00,4106.50,4116.90,4104.00,4109.50,0
2026-07-07 23:00,4109.00,4118.90,4106.30,4108.80,2983
2026-07-08 00:00,4108.50,4137.10,4107.40,4122.50,3627
2026-07-08 01:00,4122.80,4129.00,4106.80,4122.30,5333
2026-07-08 02:00,4122.20,4135.50,4116.50,4125.00,3123
2026-07-08 03:00,4125.50,4142.30,4125.50,4133.70,2790
2026-07-08 04:00,4134.20,4139.40,4131.40,4135.90,2420
2026-07-08 05:00,4135.90,4144.60,4131.30,4138.50,2250
2026-07-08 06:00,4138.80,4144.70,4132.90,4134.00,2615
2026-07-08 07:00,4134.40,4139.00,4125.40,4132.00,3794
2026-07-08 08:00,4132.00,4132.50,4062.20,4066.80,19280
2026-07-08 09:00,4066.60,4071.30,4051.60,4053.10,9608
2026-07-08 10:00,4053.50,4069.00,4050.00,4062.90,5646
2026-07-08 11:00,4062.90,4083.00,4051.50,4072.30,8224
2026-07-08 12:00,4071.90,4096.80,4068.50,4082.90,10640
2026-07-08 13:00,4082.50,4093.80,4075.80,4081.60,12073
2026-07-08 14:00,4081.10,4082.00,4044.00,4051.80,19268
2026-07-08 15:00,4052.00,4054.30,4032.50,4044.10,11435
2026-07-08 16:00,4044.50,4075.00,4043.40,4073.90,9762
2026-07-08 17:00,4073.90,4086.90,4069.40,4076.40,12874
2026-07-08 18:00,4075.80,4101.60,4073.80,4094.10,5689
2026-07-08 19:00,4095.00,4101.40,4088.50,4090.20,4300
2026-07-08 20:00,4090.50,4093.50,4081.40,4086.60,2402
2026-07-08 22:00,4087.60,4089.60,4081.20,4085.70,0
2026-07-08 23:00,4086.30,4087.50,4081.10,4085.60,1057
2026-07-09 00:00,4087.50,4099.10,4079.20,4082.80,3289
2026-07-09 01:00,4083.20,4088.20,4071.40,4081.80,4259
2026-07-09 02:00,4081.90,4091.90,4073.10,4073.80,3434
2026-07-09 03:00,4073.40,4076.30,4063.40,4072.10,2279
2026-07-09 04:00,4073.60,4073.70,4065.90,4073.70,2758
2026-07-09 05:00,4073.70,4093.80,4073.00,4091.40,4944
2026-07-09 06:00,4091.30,4117.70,4090.80,4117.70,6916
2026-07-09 07:00,4117.30,4121.00,4111.30,4117.90,3715
2026-07-09 08:00,4117.90,4127.40,4115.00,4117.90,4197
2026-07-09 09:00,4118.00,4121.40,4112.60,4115.70,2621
2026-07-09 10:00,4115.80,4119.20,4102.80,4108.00,3919
2026-07-09 11:00,4108.20,4120.40,4106.90,4118.70,4272
2026-07-09 12:00,4118.70,4132.40,4114.80,4117.70,9757
2026-07-09 13:00,4117.50,4139.60,4116.60,4131.70,12423
2026-07-09 14:00,4131.30,4147.40,4123.70,4137.30,11470
2026-07-09 15:00,4137.70,4143.00,4134.60,4136.40,6438
2026-07-09 16:00,4136.80,4148.40,4135.40,4137.70,5716
2026-07-09 17:00,4137.80,4148.30,4134.50,4146.10,11464
2026-07-09 18:00,4145.90,4146.50,4131.10,4134.50,3055
2026-07-09 19:00,4134.10,4136.90,4128.30,4132.40,2319
2026-07-09 20:00,4132.10,4135.10,4130.00,4132.60,973
2026-07-09 22:00,4135.40,4136.80,4130.50,4130.70,0
2026-07-09 23:00,4130.80,4134.20,4130.10,4132.60,588
2026-07-10 00:00,4132.50,4137.80,4123.50,4135.80,2452
2026-07-10 01:00,4136.20,4140.80,4118.30,4127.10,4104
2026-07-10 02:00,4126.70,4138.90,4125.90,4137.60,2223
2026-07-10 03:00,4137.50,4144.60,4128.90,4129.50,2793
2026-07-10 04:00,4128.80,4130.50,4121.20,4123.90,1776
2026-07-10 05:00,4124.10,4126.00,4117.00,4125.50,2221
2026-07-10 06:00,4125.50,4129.00,4120.00,4120.60,2197
2026-07-10 07:00,4120.30,4124.40,4113.00,4117.90,3540
2026-07-10 08:00,4117.60,4118.30,4103.30,4106.50,4267
2026-07-10 09:00,4106.50,4114.50,4103.00,4113.70,3559
2026-07-10 10:00,4113.80,4121.80,4113.10,4113.50,3360
2026-07-10 11:00,4113.30,4117.10,4104.50,4111.00,3263
2026-07-10 12:00,4111.40,4127.00,4106.00,4109.30,7274
2026-07-10 13:00,4109.70,4115.50,4093.70,4108.70,8961
2026-07-10 14:00,4108.30,4118.60,4081.70,4101.70,13660
2026-07-10 15:00,4101.90,4122.70,4100.10,4122.10,5775
2026-07-10 16:00,4122.40,4124.80,4113.30,4113.60,5036
2026-07-10 17:00,4113.40,4115.80,4109.40,4109.60,6097
2026-07-10 18:00,4109.80,4114.80,4106.80,4109.70,3147
2026-07-10 19:00,4109.70,4117.00,4106.30,4116.60,2845
2026-07-10 20:00,4116.40,4129.00,4113.70,4113.70,1563
2026-07-12 22:00,4097.90,4102.20,4076.80,4084.30,2645
2026-07-12 23:00,4084.00,4093.30,4075.80,4092.90,2185
2026-07-13 00:00,4093.10,4099.70,4069.40,4082.10,4601
2026-07-13 01:00,4082.90,4098.30,4074.00,4080.20,5884
2026-07-13 02:00,4080.50,4085.50,4072.60,4076.80,3496
2026-07-13 03:00,4076.50,4077.20,4060.70,4067.40,3656
2026-07-13 04:00,4068.10,4068.10,4057.80,4066.30,2226
2026-07-13 05:00,4066.40,4080.90,4059.50,4061.80,4489
2026-07-13 06:00,4061.90,4071.40,4052.00,4063.00,5187
2026-07-13 07:00,4063.40,4073.20,4056.50,4072.80,3396
2026-07-13 08:00,4072.80,4089.10,4071.40,4083.10,4872
2026-07-13 09:00,4082.80,4085.00,4076.00,4076.30,2626
2026-07-13 10:00,4076.20,4078.40,4055.00,4068.40,5002
2026-07-13 11:00,4068.40,4076.70,4062.60,4064.00,5014
2026-07-13 12:00,4064.00,4075.20,4061.10,4075.20,6010
2026-07-13 13:00,4075.30,4075.50,4049.00,4050.90,10529
2026-07-13 14:00,4050.50,4054.50,4005.80,4022.40,29560
2026-07-13 15:00,4022.40,4027.50,4017.50,4023.30,6114
2026-07-13 16:00,4023.10,4025.50,3992.90,4000.30,15526
2026-07-13 17:00,4000.50,4009.30,3999.20,4000.60,9273
2026-07-13 18:00,4000.70,4012.70,3993.60,4008.50,5006
2026-07-13 19:00,4008.80,4011.60,4000.50,4009.30,3789
2026-07-13 20:00,4009.40,4013.60,4002.80,4008.70,2050
2026-07-13 22:00,4005.90,4015.50,4005.80,4007.40,0
2026-07-13 23:00,4007.70,4009.90,3999.10,4007.90,1788
2026-07-14 00:00,4008.60,4014.30,3990.40,4011.60,5093
2026-07-14 01:00,4010.80,4019.00,3998.60,4017.00,4910
2026-07-14 02:00,4017.50,4025.70,4012.70,4019.20,4176
2026-07-14 03:00,4019.10,4025.70,4017.50,4022.60,2036
2026-07-14 04:00,4023.70,4029.70,4019.90,4026.70,2275
2026-07-14 05:00,4027.20,4040.40,4026.20,4037.80,4140
2026-07-14 06:00,4037.70,4039.50,4028.00,4030.40,2911
2026-07-14 07:00,4030.60,4036.40,4026.50,4027.30,2759
2026-07-14 08:00,4027.30,4031.10,4020.80,4022.60,3861
2026-07-14 09:00,4022.40,4031.20,4020.10,4028.70,3610
2026-07-14 10:00,4028.60,4029.60,4021.90,4028.20,2221
2026-07-14 11:00,4028.20,4039.00,4022.10,4038.10,3830
2026-07-14 12:00,4038.50,4112.50,4029.80,4083.90,32039
2026-07-14 13:00,4084.00,4096.40,4078.20,4084.00,13369
2026-07-14 14:00,4084.00,4098.40,4077.90,4093.00,12042
2026-07-14 15:00,4093.00,4108.70,4071.30,4073.10,13942
2026-07-14 16:00,4073.20,4073.80,4063.40,4068.30,6558
2026-07-14 17:00,4068.80,4072.20,4061.10,4070.10,11163
2026-07-14 18:00,4069.50,4070.20,4049.20,4060.70,5854
2026-07-14 19:00,4060.30,4064.10,4054.20,4062.10,3354
2026-07-14 20:00,4062.10,4063.10,4055.50,4058.30,0
2026-07-14 22:00,4059.80,4060.00,4054.30,4055.10,2081
2026-07-14 23:00,4054.80,4062.40,4052.70,4058.80,1286
2026-07-15 00:00,4059.00,4067.20,4057.10,4065.10,1922
2026-07-15 01:00,4066.30,4068.60,4041.20,4042.90,3751
2026-07-15 02:00,4043.00,4048.40,4035.30,4041.70,3542
2026-07-15 03:00,4041.30,4046.60,4033.90,4037.90,3006
2026-07-15 04:00,4036.90,4041.30,4034.20,4039.10,1599
2026-07-15 05:00,4039.50,4044.70,4028.00,4041.00,4255
2026-07-15 06:00,4040.90,4041.70,4027.10,4038.00,3848
2026-07-15 07:00,4038.20,4040.60,4025.60,4030.70,3942
2026-07-15 08:00,4030.70,4039.50,4023.30,4037.70,3870
2026-07-15 09:00,4037.70,4040.70,4031.50,4036.30,3992
2026-07-15 10:00,4036.40,4042.40,4032.10,4034.30,2535
2026-07-15 11:00,4033.90,4046.50,4033.70,4044.50,3415
2026-07-15 12:00,4044.90,4078.20,4041.80,4074.60,12247
2026-07-15 13:00,4074.70,4080.70,4060.50,4068.50,10827
2026-07-15 14:00,4068.70,4073.00,4059.50,4067.20,6386
2026-07-15 15:00,4067.40,4069.60,4045.90,4053.20,7269
2026-07-15 16:00,4053.40,4054.40,4033.00,4040.30,8821
2026-07-15 17:00,4040.40,4073.70,4039.70,4068.70,10272
2026-07-15 18:00,4069.20,4089.10,4065.20,4066.30,6496
2026-07-15 19:00,4066.30,4069.90,4055.20,4064.00,4689
2026-07-15 20:00,4063.70,4069.80,4062.30,4066.90,0
2026-07-15 22:00,4068.90,4071.90,4063.80,4065.60,1548
2026-07-15 23:00,4065.80,4068.00,4061.10,4063.60,1642
2026-07-16 00:00,4063.80,4067.10,4049.20,4050.40,2896
2026-07-16 01:00,4050.30,4056.60,4039.40,4044.20,4454
2026-07-16 02:00,4044.50,4045.30,4029.40,4036.90,3230
2026-07-16 03:00,4036.80,4042.20,4033.00,4040.70,1391
2026-07-16 04:00,4041.80,4043.10,4037.00,4038.30,1191
2026-07-16 05:00,4038.20,4051.80,4030.30,4032.20,2813
2026-07-16 06:00,4032.40,4041.50,4027.70,4035.80,3821
2026-07-16 07:00,4035.60,4037.10,4027.80,4036.10,3166
2026-07-16 08:00,4035.50,4041.70,4030.00,4040.30,3128
2026-07-16 09:00,4040.60,4043.20,4035.70,4037.40,3045
2026-07-16 10:00,4037.20,4040.10,4034.40,4035.10,1517
2026-07-16 11:00,4035.20,4048.40,4026.20,4044.10,6103
2026-07-16 12:00,4044.40,4048.70,3994.20,3996.40,21186
2026-07-16 13:00,3996.30,4012.60,3977.10,3994.00,19249
2026-07-16 14:00,3993.90,4011.00,3991.20,4002.00,8436
2026-07-16 15:00,4002.20,4021.80,3993.30,4011.80,9210
2026-07-16 16:00,4011.40,4012.30,3986.50,3996.40,7528
2026-07-16 17:00,3996.70,3997.30,3983.90,3989.50,7070
2026-07-16 18:00,3989.70,3995.20,3981.00,3984.70,3842
2026-07-16 19:00,3984.90,3990.80,3973.40,3984.60,4197
2026-07-16 20:00,3984.80,3984.80,3976.20,3979.90,1317
2026-07-16 22:00,3980.10,3984.10,3976.80,3982.10,0
2026-07-16 23:00,3982.10,3989.90,3978.60,3989.20,1589
2026-07-17 00:00,3989.50,3995.90,3983.80,3995.90,2152
2026-07-17 01:00,3996.00,4000.10,3982.70,3986.50,4196
2026-07-17 02:00,3987.00,3991.10,3974.10,3982.20,2346
2026-07-17 03:00,3982.50,4012.20,3982.20,3995.70,5126
2026-07-17 04:00,3995.00,3995.10,3983.10,3985.00,2771
2026-07-17 05:00,3984.80,3995.30,3978.40,3988.60,4328
2026-07-17 06:00,3988.60,4010.70,3988.50,4003.10,4017
2026-07-17 07:00,4003.10,4006.60,3996.70,3997.00,2210
2026-07-17 08:00,3996.60,4003.80,3991.30,3998.40,3252
2026-07-17 09:00,3997.90,4006.50,3996.80,4001.80,2453
2026-07-17 10:00,4001.70,4002.90,3994.10,3994.40,2638
2026-07-17 11:00,3994.50,4002.70,3993.60,3997.90,2783
2026-07-17 12:00,3998.20,3999.60,3967.70,3969.50,9888
2026-07-17 13:00,3970.10,4007.90,3963.00,4001.40,16455
2026-07-17 14:00,4000.70,4008.90,3994.20,4005.50,9683
2026-07-17 15:00,4005.50,4026.10,4002.00,4024.10,12581
2026-07-17 16:00,4024.40,4028.90,4016.00,4019.60,8845
2026-07-17 17:00,4020.00,4024.00,4012.90,4014.80,4749
2026-07-17 18:00,4014.90,4021.30,4011.60,4016.10,2795
2026-07-17 19:00,4016.40,4020.90,4006.80,4019.90,2902
2026-07-17 20:00,4019.90,4023.00,4013.20,4018.80,0
2026-07-19 22:00,4001.00,4004.40,3996.90,3997.90,1269
2026-07-19 23:00,3999.30,4000.10,3993.00,3999.20,1368
2026-07-20 00:00,3999.60,4014.50,3986.50,4013.70,4828
2026-07-20 01:00,4013.50,4025.70,4000.10,4007.00,5248
2026-07-20 02:00,4007.30,4034.20,4006.00,4027.10,3749
2026-07-20 03:00,4026.70,4032.70,4023.50,4027.80,1888
2026-07-20 04:00,4028.70,4031.30,4022.60,4022.80,1292
2026-07-20 05:00,4023.30,4025.10,4009.50,4012.30,2503
2026-07-20 06:00,4012.40,4015.90,4007.00,4008.20,1903
2026-07-20 07:00,4008.00,4026.70,4006.50,4022.00,4808
2026-07-20 08:00,4022.20,4035.50,4021.80,4023.30,4353
2026-07-20 09:00,4023.00,4027.70,4018.70,4025.30,2359
2026-07-20 10:00,4025.80,4030.40,4022.40,4029.00,1602
2026-07-20 11:00,4029.00,4046.00,4024.40,4030.50,6955
2026-07-20 12:00,4030.00,4030.20,4010.10,4012.00,10089
2026-07-20 13:00,4012.20,4021.60,4009.40,4009.50,7574
2026-07-20 14:00,4009.40,4018.60,4001.60,4010.50,10882
2026-07-20 15:00,4010.40,4023.90,4008.70,4016.20,7977
2026-07-20 16:00,4016.30,4022.80,4005.20,4013.90,4923
2026-07-20 17:00,4013.90,4017.00,4007.80,4009.20,5847
2026-07-20 18:00,4009.40,4016.40,4007.70,4012.10,2770
2026-07-20 19:00,4011.50,4022.20,4008.50,4010.70,3347
2026-07-20 20:00,4011.10,4013.50,4008.40,4011.80,1357
2026-07-20 22:00,4013.40,4014.70,4003.30,4004.00,0
2026-07-20 23:00,4004.20,4015.10,4003.30,4014.40,2035
2026-07-21 00:00,4014.50,4032.00,4008.30,4029.60,2648
2026-07-21 01:00,4029.80,4041.00,4022.50,4027.60,5914
2026-07-21 02:00,4027.50,4049.80,4025.90,4042.70,4151
2026-07-21 03:00,4042.30,4057.20,4041.30,4050.90,3178
2026-07-21 04:00,4051.70,4056.60,4048.40,4054.30,1832
2026-07-21 05:00,4054.10,4072.80,4051.10,4066.00,6352
2026-07-21 06:00,4066.00,4088.40,4066.00,4083.00,7847
2026-07-21 07:00,4083.30,4084.80,4072.10,4075.70,5424
2026-07-21 08:00,4075.60,4076.90,4063.60,4067.40,5062
2026-07-21 09:00,4067.70,4074.40,4065.40,4070.20,5677
2026-07-21 10:00,4070.50,4074.80,4065.10,4067.30,4271
2026-07-21 11:00,4067.70,4068.30,4058.90,4060.60,3407
2026-07-21 12:00,4060.50,4070.40,4055.00,4058.00,7241
2026-07-21 13:00,4058.30,4066.10,4048.40,4057.20,9286
2026-07-21 14:00,4057.50,4079.10,4055.40,4072.90,12700
2026-07-21 15:00,4072.50,4088.00,4069.80,4078.60,9430
2026-07-21 16:00,4078.50,4083.50,4074.10,4075.90,4376
2026-07-21 17:00,4076.00,4077.20,4071.00,4073.00,3588
2026-07-21 18:00,4072.90,4092.50,4071.90,4087.00,5148
2026-07-21 19:00,4087.00,4090.30,4084.70,4088.60,2629
2026-07-21 20:00,4088.60,4090.90,4080.90,4082.20,1997
2026-07-21 22:00,4084.70,4089.00,4081.00,4084.60,0
2026-07-21 23:00,4084.40,4087.40,4083.30,4085.20,756
2026-07-22 00:00,4085.50,4107.50,4081.10,4101.60,5445
2026-07-22 01:00,4102.30,4128.40,4100.80,4126.00,7430
2026-07-22 02:00,4126.40,4135.30,4123.10,4134.70,3791
2026-07-22 03:00,4134.80,4146.00,4133.60,4135.50,5420
2026-07-22 04:00,4135.10,4135.60,4129.40,4131.80,2353
2026-07-22 05:00,4131.60,4138.60,4127.50,4135.50,3331
2026-07-22 06:00,4135.40,4140.00,4117.80,4121.00,6601
2026-07-22 07:00,4120.80,4127.40,4113.30,4114.60,4809
2026-07-22 08:00,4115.00,4124.40,4114.80,4122.30,2748
2026-07-22 09:00,4122.60,4126.60,4117.50,4118.80,3715
2026-07-22 10:00,4119.20,4126.10,4119.20,4121.20,2333
2026-07-22 11:00,4121.80,4127.90,4117.20,4127.40,5843
2026-07-22 12:00,4127.50,4139.50,4110.40,4117.00,11273
2026-07-22 13:00,4117.10,4161.50,4117.00,4160.00,15833
2026-07-22 14:00,4159.80,4168.80,4148.60,4153.40,13066
2026-07-22 15:00,4153.50,4171.40,4153.40,4164.10,8699
2026-07-22 16:00,4164.40,4164.50,4150.10,4152.80,7710
2026-07-22 17:00,4152.80,4153.60,4143.80,4148.10,6276
2026-07-22 18:00,4147.90,4148.40,4137.50,4141.80,3829
2026-07-22 19:00,4141.40,4142.50,4133.90,4136.40,3383
2026-07-22 20:00,4136.40,4142.80,4133.20,4135.00,2164
2026-07-22 22:00,4126.00,4133.00,4074.60,4124.70,0
2026-07-22 23:00,4125.10,4137.10,4118.90,4135.80,4017
2026-07-23 00:00,4136.80,4138.00,4128.40,4135.30,2049
2026-07-23 01:00,4135.20,4144.00,4116.70,4120.50,6104
2026-07-23 02:00,4120.10,4131.30,4114.70,4130.80,3207
2026-07-23 03:00,4130.90,4135.60,4126.60,4127.60,2029
2026-07-23 04:00,4127.70,4132.90,4122.50,4123.80,1222
2026-07-23 05:00,4124.00,4133.40,4121.60,4126.90,2660
2026-07-23 06:00,4127.10,4131.00,4119.50,4121.60,2149
2026-07-23 07:00,4121.30,4122.20,4093.00,4098.30,7476
2026-07-23 08:00,4098.50,4100.70,4089.70,4096.00,4255
2026-07-23 09:00,4095.90,4102.40,4091.30,4093.20,4607
2026-07-23 10:00,4093.20,4098.60,4088.70,4096.70,3348
2026-07-23 11:00,4096.60,4097.40,4075.70,4088.90,6802
2026-07-23 12:00,4088.40,4089.00,4063.60,4064.60,11361
2026-07-23 13:00,4064.20,4070.10,4042.60,4045.80,24070
2026-07-23 14:00,4046.10,4064.70,4042.50,4061.10,16442
2026-07-23 15:00,4061.50,4062.60,4045.00,4051.20,14488
2026-07-23 16:00,4051.50,4054.60,4048.60,4054.30,11410
2026-07-23 17:00,4054.50,4057.50,4043.90,4043.90,11794
2026-07-23 18:00,4044.40,4050.80,4042.50,4048.80,4132
2026-07-23 19:00,4049.20,4053.30,4045.30,4052.10,2934
2026-07-23 20:00,4051.90,4053.60,4049.80,4052.30,1776
2026-07-23 22:00,4053.40,4053.50,4050.20,4052.00,0
2026-07-23 23:00,4052.20,4053.80,4048.80,4049.40,1432
2026-07-24 00:00,4049.80,4054.10,4043.20,4052.40,2501
2026-07-24 01:00,4052.90,4053.30,4041.90,4046.00,3730
2026-07-24 02:00,4045.90,4051.00,4025.30,4026.70,5607
2026-07-24 03:00,4027.10,4036.10,4025.40,4031.10,1806
2026-07-24 04:00,4031.30,4032.90,4027.80,4029.80,1626
2026-07-24 05:00,4029.80,4034.60,4024.00,4025.00,3852
2026-07-24 06:00,4025.20,4041.40,4025.00,4038.40,3245
2026-07-24 07:00,4038.20,4056.30,4037.50,4051.10,4751
2026-07-24 08:00,4051.20,4061.50,4047.50,4060.00,2970
2026-07-24 09:00,4060.40,4064.00,4054.20,4062.60,4520
2026-07-24 10:00,4062.60,4067.00,4059.40,4062.20,2860
2026-07-24 11:00,4062.50,4065.90,4053.50,4060.20,4489
2026-07-24 12:00,4060.60,4062.90,4054.20,4058.50,4587
2026-07-24 13:00,4058.80,4071.50,4046.90,4070.00,10441
2026-07-24 14:00,4069.90,4073.00,4060.30,4066.20,11555
2026-07-24 15:00,4066.10,4085.20,4064.70,4079.90,17520
2026-07-24 16:00,4080.30,4080.90,4066.50,4069.50,5254
2026-07-24 17:00,4069.70,4072.80,4065.30,4065.80,8590
2026-07-24 18:00,4066.00,4067.30,4053.50,4056.70,5205
2026-07-24 19:00,4056.90,4060.20,4051.30,4056.10,2952
2026-07-24 20:00,4055.90,4070.80,4053.90,4070.80,1967
2026-07-26 22:00,4091.50,4096.50,4086.90,4092.20,2348
2026-07-26 23:00,4092.90,4099.00,4085.80,4096.90,1551
2026-07-27 00:00,4097.20,4119.30,4093.20,4102.60,6870
2026-07-27 01:00,4103.10,4114.80,4098.90,4112.00,3858
2026-07-27 02:00,4112.20,4112.90,4095.60,4095.70,2096
2026-07-27 03:00,4095.50,4097.80,4087.00,4092.50,2278
2026-07-27 04:00,4093.00,4095.00,4088.90,4091.70,1062
2026-07-27 05:00,4092.50,4097.00,4086.50,4095.30,1801
2026-07-27 06:00,4094.90,4101.40,4093.30,4098.40,2778
2026-07-27 07:00,4098.20,4108.30,4090.50,4090.70,4417
2026-07-27 08:00,4090.90,4098.70,4088.80,4097.70,3722
2026-07-27 09:00,4096.80,4102.70,4091.80,4098.90,5636
2026-07-27 10:00,4098.80,4104.60,4088.40,4102.10,5028
2026-07-27 11:00,4102.20,4107.00,4095.60,4095.90,3912
2026-07-27 12:00,4096.10,4099.80,4082.40,4085.20,11113
2026-07-27 13:00,4085.80,4091.80,4071.60,4075.80,17551
2026-07-27 14:00,4075.90,4081.00,4067.10,4078.40,16386
2026-07-27 15:00,4078.30,4082.20,4073.90,4080.60,11094
2026-07-27 16:00,4080.80,4095.70,4079.90,4084.10,7313
2026-07-27 17:00,4084.00,4084.10,4072.20,4078.20,9486
2026-07-27 18:00,4078.20,4081.20,4074.50,4079.80,3888
2026-07-27 19:00,4079.90,4091.80,4078.00,4085.50,4125
2026-07-27 20:00,4085.40,4086.40,4077.60,4078.60,2098
2026-07-27 22:00,4083.00,4085.70,4072.30,4075.10,0
2026-07-27 23:00,4075.40,4076.10,4071.00,4074.40,635
2026-07-28 00:00,4074.40,4075.50,4058.10,4058.50,3784
2026-07-28 01:00,4058.30,4061.20,4042.90,4045.70,5035
2026-07-28 02:00,4045.90,4049.70,4041.10,4042.30,2594
2026-07-28 03:00,4042.30,4051.50,4040.70,4049.60,1940
2026-07-28 04:00,4049.00,4049.70,4041.20,4042.10,1689
2026-07-28 05:00,4041.90,4046.90,4034.60,4045.20,2831
2026-07-28 06:00,4045.50,4052.80,4042.90,4048.70,4038
2026-07-28 07:00,4048.30,4052.90,4045.80,4047.30,11717
2026-07-28 08:00,4047.30,4055.60,4041.90,4045.70,3989
2026-07-28 09:00,4045.50,4046.10,4018.10,4023.30,9614
2026-07-28 10:00,4023.10,4028.20,4016.50,4025.60,11419
2026-07-28 11:00,4026.00,4031.90,4022.50,4027.80,5181
2026-07-28 12:00,4027.30,4037.90,4022.20,4029.40,11773
2026-07-28 13:00,4029.40,4036.10,4019.30,4021.40,15865
2026-07-28 14:00,4021.90,4034.10,4011.10,4023.80,16274
2026-07-28 15:00,4024.60,4047.40,4021.90,4046.50,15517
2026-07-28 16:00,4046.70,4046.80,4036.60,4037.60,12383
2026-07-28 17:00,4037.90,4041.90,4025.30,4028.00,18058
2026-07-28 18:00,4028.10,4030.50,4021.40,4023.10,3034
2026-07-28 19:00,4022.80,4038.70,4021.50,4025.90,4674
2026-07-28 20:00,4025.80,4030.60,4022.20,4028.80,2092
2026-07-28 22:00,4020.90,4034.00,4013.20,4017.90,0
2026-07-28 23:00,4017.40,4026.00,4015.00,4024.30,775
2026-07-29 00:00,4025.00,4030.70,4017.10,4021.30,885
2026-07-29 01:00,4021.00,4030.00,4009.30,4025.00,1265
2026-07-29 02:00,4025.00,4036.80,4022.30,4028.30,791
2026-07-29 03:00,4028.20,4031.40,4021.50,4021.50,539
2026-07-29 04:00,4022.00,4026.00,4019.30,4025.40,690
2026-07-29 05:00,4025.90,4038.20,4025.30,4031.30,1233
2026-07-29 06:00,4032.20,4043.20,4032.20,4039.80,2507
2026-07-29 07:00,4039.90,4106.70,4039.90,4102.60,12607
2026-07-29 08:00,4103.00,4103.50,4094.60,4096.50,4231
2026-07-29 09:00,4096.80,4097.60,4090.40,4091.90,3612
2026-07-29 10:00,4091.50,4093.70,4085.10,4086.10,4328
2026-07-29 11:00,4086.80,4095.40,4084.00,4091.50,5100
2026-07-29 12:00,4091.70,4092.50,4067.40,4080.90,12532
2026-07-29 13:00,4081.30,4084.80,4060.30,4064.80,17240
2026-07-29 14:00,4065.10,4068.40,4053.90,4063.20,19676
2026-07-29 15:00,4063.60,4072.20,4061.70,4068.50,7918
2026-07-29 16:00,4068.50,4091.70,4066.30,4086.10,9170
2026-07-29 17:00,4086.20,4109.30,4086.10,4102.90,17758
2026-07-29 18:00,4103.10,4170.30,4101.30,4166.80,30378
2026-07-29 19:00,4167.10,4176.80,4103.80,4104.70,18040
2026-07-29 20:00,4104.20,4128.90,4101.70,4126.00,5898
2026-07-29 22:00,4126.70,4148.20,4121.10,4146.30,0
2026-07-29 23:00,4146.50,4158.00,4142.00,4142.00,2402
2026-07-30 00:00,4142.50,4144.30,4122.30,4129.70,3847
2026-07-30 01:00,4130.00,4151.50,4127.80,4142.40,5691
2026-07-30 02:00,4142.10,4148.00,4120.70,4121.40,2713
2026-07-30 03:00,4121.10,4127.50,4107.60,4114.10,3621
2026-07-30 04:00,4115.90,4117.10,4100.30,4102.50,2766
2026-07-30 05:00,4102.20,4108.00,4085.00,4090.40,4857
2026-07-30 06:00,4090.80,4098.10,4086.30,4093.80,4322
2026-07-30 07:00,4093.80,4108.50,4092.70,4096.10,6831
2026-07-30 08:00,4096.10,4130.90,4093.90,4119.20,7080
2026-07-30 09:00,4119.40,4131.50,4118.30,4121.50,6006
2026-07-30 10:00,4121.80,4142.20,4121.20,4136.40,6229
2026-07-30 11:00,4136.50,4141.50,4133.60,4136.00,3105
2026-07-30 12:00,4136.00,4145.40,4125.40,4127.40,7534
2026-07-30 13:00,4127.30,4172.50,4123.20,4172.00,17844
2026-07-30 14:00,4172.10,4180.20,4145.60,4159.10,22927
2026-07-30 15:00,4159.40,4169.20,4141.90,4167.00,9370
2026-07-30 16:00,4166.80,4178.30,4165.60,4169.80,6132
2026-07-30 17:00,4169.80,4170.20,4157.10,4161.50,6751
2026-07-30 18:00,4161.50,4166.80,4157.70,4158.80,3126
2026-07-30 19:00,4158.70,4174.50,4158.00,4171.20,3776
2026-07-30 20:00,4171.30,4176.70,4158.00,4162.80,3250
2026-07-30 22:00,4163.90,4169.80,4158.00,4167.40,0
2026-07-30 23:00,4168.10,4170.70,4160.80,4164.40,1400
2026-07-31 00:00,4164.80,4165.40,4149.00,4153.50,1826
2026-07-31 01:00,4153.50,4160.00,4140.00,4142.50,3901
2026-07-31 02:00,4142.70,4148.80,4132.50,4134.10,2871
2026-07-31 03:00,4134.00,4137.40,4129.70,4133.10,1810
2026-07-31 04:00,4132.60,4139.50,4131.00,4137.60,2229
2026-07-31 05:00,4138.00,4141.30,4131.00,4132.10,2007
2026-07-31 06:00,4132.40,4145.30,4130.50,4135.40,2573
2026-07-31 07:00,4135.00,4136.80,4124.70,4125.10,3901
2026-07-31 08:00,4125.40,4125.40,4110.80,4117.60,5613
2026-07-31 09:00,4117.30,4120.80,4106.50,4111.30,4200
2026-07-31 10:00,4111.20,4114.70,4108.40,4110.80,2011
2026-07-31 11:00,4110.70,4117.40,4106.70,4110.00,3085
2026-07-31 12:00,4110.30,4115.70,4096.40,4096.80,9280
2026-07-31 13:00,4096.60,4103.40,4077.60,4081.50,17191
2026-07-31 14:00,4080.80,4106.90,4076.40,4105.60,11230
2026-07-31 15:00,4105.80,4109.10,4093.00,4101.80,9573
2026-07-31 16:00,4101.80,4106.00,4097.20,4099.30,3902
2026-07-31 17:00,4099.20,4111.00,4097.30,4109.80,7447
2026-07-31 18:00,4110.00,4111.30,4102.90,4106.60,2892
2026-07-31 19:00,4106.80,4111.90,4102.60,4107.70,3415
2026-07-31 20:00,4107.60,4109.20,4097.40,4107.00,2513
2026-08-02 22:00,4131.10,4135.80,4119.50,4119.90,2532
2026-08-02 23:00,4120.00,4130.50,4119.00,4130.40,1637
2026-08-03 00:00,4130.50,4134.70,4111.10,4112.80,3318
2026-08-03 01:00,4112.90,4119.00,4102.70,4112.70,4002
2026-08-03 02:00,4112.70,4122.30,4107.80,4117.80,2734
2026-08-03 03:00,4117.60,4123.20,4114.20,4120.00,1836
2026-08-03 04:00,4120.40,4127.20,4119.20,4119.20,1703
2026-08-03 05:00,4119.00,4125.20,4109.10,4124.20,2830
2026-08-03 06:00,4124.30,4127.30,4115.70,4118.90,3442
2026-08-03 07:00,4119.00,4120.50,4107.30,4117.10,3407
2026-08-03 08:00,4117.00,4118.00,4110.00,4115.00,2092
2026-08-03 09:00,4115.30,4117.70,4102.30,4111.60,4606
2026-08-03 10:00,4111.60,4113.60,4101.90,4105.40,1993
2026-08-03 11:00,4105.70,4119.40,4101.70,4118.90,2979
2026-08-03 12:00,4119.00,4121.10,4098.10,4103.40,5199
2026-08-03 13:00,4103.60,4109.80,4074.00,4087.20,14506
2026-08-03 14:00,4086.60,4094.90,4081.60,4091.60,8433
2026-08-03 15:00,4091.70,4096.40,4085.50,4091.60,5654
2026-08-03 16:00,4091.60,4094.80,4089.90,4092.40,2749
2026-08-03 17:00,4092.70,4093.50,4085.90,4086.40,3764
2026-08-03 18:00,4086.40,4101.00,4085.40,4099.60,3565
2026-08-03 19:00,4099.50,4112.00,4099.50,4108.20,4353
2026-08-03 20:00,4108.30,4115.00,4106.20,4110.90,1747
2026-08-03 22:00,4109.60,4110.30,4104.60,4108.60,0
2026-08-03 23:00,4108.60,4110.80,4105.50,4109.30,1872
2026-08-04 00:00,4109.20,4125.10,4104.10,4104.90,3473
2026-08-04 01:00,4104.80,4117.60,4098.20,4114.80,3590
2026-08-04 02:00,4114.80,4120.60,4111.10,4114.60,2018
2026-08-04 03:00,4114.30,4117.50,4107.60,4108.20,1751
2026-08-04 04:00,4107.40,4121.90,4106.40,4119.30,2972
2026-08-04 05:00,4119.20,4123.70,4112.70,4117.30,3127
2026-08-04 06:00,4117.90,4122.10,4111.40,4119.30,2476
2026-08-04 07:00,4119.50,4122.90,4116.60,4121.80,2926
2026-08-04 08:00,4121.90,4129.60,4110.10,4110.80,4193
2026-08-04 09:00,4110.50,4111.20,4102.00,4105.10,3305
2026-08-04 10:00,4105.70,4116.40,4101.40,4109.80,3180
2026-08-04 11:00,4109.40,4141.80,4108.10,4132.10,9082
2026-08-04 12:00,4132.30,4141.50,4117.60,4127.80,9798
2026-08-04 13:00,4128.10,4151.50,4117.20,4140.70,18051
2026-08-04 14:00,4140.70,4149.30,4131.30,4140.40,10504
2026-08-04 15:00,4140.50,4145.80,4131.00,4144.20,6438
2026-08-04 16:00,4144.40,4150.70,4139.70,4150.40,5649
2026-08-04 17:00,4150.20,4163.80,4143.00,4143.10,9397
2026-08-04 18:00,4142.80,4146.00,4132.10,4136.80,4176
2026-08-04 19:00,4136.60,4141.90,4133.30,4135.30,3098
2026-08-04 20:00,4135.60,4137.30,4131.40,4134.20,1049
2026-08-04 22:00,4133.80,4142.10,4132.10,4132.50,0
2026-08-04 23:00,4132.80,4134.00,4121.60,4128.70,3198
2026-08-05 00:00,4128.60,4139.30,4126.30,4138.20,1594
2026-08-05 01:00,4138.50,4158.50,4133.40,4157.20,3341
2026-08-05 02:00,4157.20,4192.60,4151.80,4186.20,10596
2026-08-05 03:00,4186.50,4193.80,4184.30,4186.60,3697
2026-08-05 04:00,4186.10,4199.50,4186.00,4193.40,5170
2026-08-05 05:00,4193.30,4233.00,4192.70,4222.20,14827
2026-08-05 06:00,4222.40,4237.80,4220.20,4237.10,9835
2026-08-05 07:00,4236.70,4238.50,4220.90,4229.90,6408
2026-08-05 08:00,4229.90,4231.50,4218.40,4219.70,5964
2026-08-05 09:00,4220.00,4226.90,4211.80,4216.90,6259
2026-08-05 10:00,4216.80,4220.70,4209.10,4220.40,4304
2026-08-05 11:00,4220.60,4252.20,4219.80,4248.50,13789
2026-08-05 12:00,4248.50,4273.60,4243.10,4244.10,18030
2026-08-05 13:00,4243.90,4266.70,4243.80,4265.80,16944
2026-08-05 14:00,4265.10,4307.80,4263.10,4304.30,24086
2026-08-05 15:00,4303.90,4325.50,4292.70,4293.00,18805
2026-08-05 16:00,4293.60,4308.10,4285.00,4302.80,10846
2026-08-05 17:00,4302.90,4313.00,4296.20,4311.00,9593
2026-08-05 18:00,4310.70,4328.20,4309.60,4321.20,6671
2026-08-05 19:00,4321.00,4322.70,4307.00,4307.60,4665
2026-08-05 20:00,4307.90,4310.40,4303.50,4308.00,1758
2026-08-05 22:00,4307.00,4315.20,4304.90,4309.50,0
2026-08-05 23:00,4309.40,4341.10,4308.30,4337.30,5180
2026-08-06 00:00,4337.20,4360.00,4323.50,4354.70,9424
2026-08-06 01:00,4354.60,4362.70,4332.50,4346.90,12884
2026-08-06 02:00,4346.70,4363.70,4334.00,4337.80,6276
2026-08-06 03:00,4337.20,4340.00,4319.60,4324.90,4392
2026-08-06 04:00,4324.50,4326.10,4312.20,4321.40,3017
2026-08-06 05:00,4321.30,4327.50,4306.20,4326.00,4349
2026-08-06 06:00,4325.80,4327.50,4308.20,4314.70,4606
2026-08-06 07:00,4314.70,4324.00,4311.70,4321.70,4114
2026-08-06 08:00,4322.00,4337.70,4319.40,4337.10,4835
2026-08-06 09:00,4337.20,4344.20,4330.40,4332.60,4937
2026-08-06 10:00,4332.60,4333.10,4322.80,4330.00,3026
2026-08-06 11:00,4330.00,4332.50,4312.70,4322.60,6046
2026-08-06 12:00,4322.20,4330.10,4307.00,4308.60,10550
2026-08-06 13:00,4308.50,4332.90,4288.40,4325.90,21320
2026-08-06 14:00,4326.10,4334.70,4318.90,4332.20,12144
2026-08-06 15:00,4332.20,4333.60,4285.20,4291.50,15764
2026-08-06 16:00,4291.80,4300.80,4281.20,4299.40,11573
2026-08-06 17:00,4299.60,4307.00,4297.10,4305.80,5853
2026-08-06 18:00,4305.90,4308.00,4299.20,4302.20,2206
2026-08-06 19:00,4302.10,4309.80,4292.00,4307.80,5130
2026-08-06 20:00,4307.70,4309.10,4293.60,4298.70,0
2026-08-06 22:00,4298.30,4301.80,4293.90,4298.30,1238
2026-08-06 23:00,4298.60,4311.80,4298.40,4311.00,2012
2026-08-07 00:00,4310.70,4311.40,4288.00,4291.20,3122
2026-08-07 01:00,4290.90,4317.50,4289.80,4314.70,4642
2026-08-07 02:00,4314.60,4320.80,4305.40,4309.10,4069
2026-08-07 03:00,4309.10,4325.00,4308.30,4322.80,2943
2026-08-07 04:00,4325.30,4328.40,4320.20,4324.10,3327
2026-08-07 05:00,4324.10,4340.00,4320.40,4337.70,5385
2026-08-07 06:00,4337.70,4358.00,4337.10,4356.30,9533
2026-08-07 07:00,4356.20,4356.90,4342.00,4348.90,4998
2026-08-07 08:00,4349.20,4375.90,4347.90,4365.40,8376
2026-08-07 09:00,4365.60,4380.10,4361.60,4375.60,7639
2026-08-07 10:00,4375.80,4380.20,4367.20,4376.40,5016
2026-08-07 11:00,4376.30,4387.10,4376.00,4380.80,7837
2026-08-07 12:00,4380.60,4432.30,4361.00,4421.90,29412
2026-08-07 13:00,4421.60,4428.80,4398.90,4408.30,21849
2026-08-07 14:00,4408.40,4413.00,4386.90,4401.30,18679
2026-08-07 15:00,4401.40,4418.10,4398.90,4400.40,11766
2026-08-07 16:00,4400.40,4409.40,4388.80,4389.50,8763
2026-08-07 17:00,4388.70,4402.50,4387.40,4400.00,10395
2026-08-07 18:00,4399.80,4403.00,4391.90,4395.60,3937
2026-08-07 19:00,4395.70,4410.60,4395.70,4403.10,4853
2026-08-07 20:00,4403.00,4404.60,4395.30,4399.70,2589
2026-08-09 22:00,4398.00,4405.50,4397.00,4400.20,1097
2026-08-09 23:00,4400.40,4408.00,4390.80,4392.00,1664
2026-08-10 00:00,4391.90,4406.00,4389.80,4391.30,1995
2026-08-10 01:00,4391.50,4400.00,4373.90,4383.00,7756
2026-08-10 02:00,4382.80,4392.50,4379.00,4380.00,3336
2026-08-10 03:00,4379.60,4390.30,4377.40,4387.80,2163
2026-08-10 04:00,4387.70,4399.80,4383.60,4399.50,3381
2026-08-10 05:00,4399.10,4412.50,4391.50,4407.00,4381
2026-08-10 06:00,4407.30,4419.50,4401.50,4417.80,4452
2026-08-10 07:00,4417.80,4421.50,4409.40,4414.70,4447
2026-08-10 08:00,4415.00,4416.00,4402.90,4405.60,4353
2026-08-10 09:00,4405.60,4409.20,4398.40,4400.10,4677
2026-08-10 10:00,4400.40,4403.30,4394.60,4395.20,3270
2026-08-10 11:00,4395.30,4398.50,4386.30,4393.90,3889
2026-08-10 12:00,4393.80,4396.40,4382.80,4391.60,4506
2026-08-10 13:00,4391.10,4398.40,4375.00,4376.30,10239
2026-08-10 14:00,4376.20,4411.30,4376.20,4405.20,12691
2026-08-10 15:00,4405.20,4419.20,4402.70,4417.90,7571
2026-08-10 16:00,4418.10,4424.50,4408.60,4416.30,7854
2026-08-10 17:00,4416.40,4425.20,4410.50,4419.20,5679
2026-08-10 18:00,4419.40,4442.50,4418.80,4437.70,6538
2026-08-10 19:00,4437.80,4453.80,4437.80,4446.80,6828
2026-08-10 20:00,4447.00,4451.30,4444.70,4448.60,1750
2026-08-10 22:00,4446.90,4460.40,4443.20,4459.00,0
2026-08-10 23:00,4459.10,4462.40,4453.90,4462.10,2097
2026-08-11 00:00,4462.30,4478.60,4456.00,4468.50,5365
2026-08-11 01:00,4469.00,4493.70,4453.00,4489.20,8597
2026-08-11 02:00,4489.20,4495.00,4468.00,4470.80,6304
2026-08-11 03:00,4470.70,4481.40,4469.60,4477.00,2234
2026-08-11 04:00,4476.50,4480.30,4463.30,4468.70,3866
2026-08-11 05:00,4468.80,4468.90,4427.10,4435.20,8759
2026-08-11 06:00,4434.70,4442.00,4418.70,4425.30,7331
2026-08-11 07:00,4425.20,4426.50,4415.70,4416.60,4032
2026-08-11 08:00,4417.10,4435.50,4416.10,4428.10,5302
2026-08-11 09:00,4428.00,4434.40,4426.10,4431.40,3621
2026-08-11 10:00,4431.30,4441.20,4430.00,4441.20,3376
2026-08-11 11:00,4441.10,4451.80,4439.10,4446.10,6290
2026-08-11 12:00,4446.20,4458.80,4442.20,4450.60,10861
2026-08-11 13:00,4450.70,4463.30,4442.90,4448.20,11799
2026-08-11 14:00,4448.20,4457.40,4439.90,4453.60,10180
2026-08-11 15:00,4453.60,4458.20,4428.20,4443.20,10280
2026-08-11 16:00,4443.50,4445.30,4438.20,4443.10,3312
2026-08-11 17:00,4443.30,4445.70,4428.20,4428.30,6560
2026-08-11 18:00,4428.50,4431.90,4419.70,4430.40,5781
2026-08-11 19:00,4430.40,4433.60,4420.00,4429.70,6076
2026-08-11 20:00,4429.30,4430.00,4426.10,4427.80,905
2026-08-11 22:00,4430.00,4437.80,4426.10,4427.90,0
2026-08-11 23:00,4428.70,4433.00,4421.40,4430.40,3462
2026-08-12 00:00,4430.60,4442.90,4426.00,4440.20,2359
2026-08-12 01:00,4440.30,4456.90,4438.00,4456.20,4737
2026-08-12 02:00,4456.10,4474.20,4453.90,4470.80,5861
2026-08-12 03:00,4471.10,4475.70,4460.60,4461.80,3612
2026-08-12 04:00,4462.40,4463.10,4455.30,4461.00,2339
2026-08-12 05:00,4460.90,4465.10,4444.00,4451.00,4539
2026-08-12 06:00,4450.90,4466.10,4445.30,4463.20,4554
2026-08-12 07:00,4463.00,4469.50,4457.40,4465.90,4437
2026-08-12 08:00,4465.90,4470.10,4460.60,4460.60,2833
2026-08-12 09:00,4460.90,4484.20,4460.90,4475.40,6664
2026-08-12 10:00,4475.50,4480.40,4465.90,4472.00,4110
2026-08-12 11:00,4472.30,4476.60,4467.20,4472.40,4117
2026-08-12 12:00,4472.40,4499.30,4440.00,4498.20,25595
2026-08-12 13:00,4497.80,4502.70,4468.00,4487.40,18383
2026-08-12 14:00,4487.50,4499.80,4475.80,4481.40,14963
2026-08-12 15:00,4481.20,4489.50,4470.20,4480.40,7526
2026-08-12 16:00,4480.20,4486.20,4455.90,4461.70,9101
2026-08-12 17:00,4461.70,4471.70,4459.00,4459.60,7606
2026-08-12 18:00,4459.30,4478.10,4456.00,4473.20,3850
2026-08-12 19:00,4473.20,4478.30,4468.50,4473.90,2697
2026-08-12 20:00,4473.70,4474.30,4466.70,4469.00,1340
2026-08-12 22:00,4468.80,4470.30,4456.50,4459.90,0
2026-08-12 23:00,4460.10,4473.20,4459.90,4473.10,1352
2026-08-13 00:00,4473.20,4509.10,4471.90,4486.90,9057
2026-08-13 01:00,4486.70,4494.10,4464.70,4467.00,6179
2026-08-13 02:00,4466.80,4472.60,4457.00,4465.70,3645
2026-08-13 03:00,4465.80,4470.70,4458.00,4458.30,2730
2026-08-13 04:00,4458.70,4458.70,4449.40,4455.50,3702
2026-08-13 05:00,4455.20,4465.20,4437.20,4440.40,6386
2026-08-13 06:00,4440.30,4443.00,4425.60,4437.70,6345
2026-08-13 07:00,4437.80,4438.60,4425.80,4426.40,4677
2026-08-13 08:00,4426.40,4435.70,4420.30,4432.40,4515
2026-08-13 09:00,4432.30,4441.90,4428.60,4441.80,3402
2026-08-13 10:00,4441.90,4451.50,4438.80,4449.90,3161
2026-08-13 11:00,4449.60,4454.20,4439.60,4444.40,4946
2026-08-13 12:00,4444.50,4460.00,4437.10,4458.90,9126
2026-08-13 13:00,4458.50,4459.00,4427.10,4429.10,12370
2026-08-13 14:00,4429.30,4444.70,4408.80,4440.90,14838
2026-08-13 15:00,4441.20,4443.10,4413.60,4422.40,9700
2026-08-13 16:00,4422.30,4425.60,4407.50,4424.20,8482
2026-08-13 17:00,4424.30,4430.60,4412.00,4412.40,7369
2026-08-13 18:00,4412.60,4420.50,4411.40,4413.60,3519
2026-08-13 19:00,4414.00,4415.50,4400.00,4406.20,4655
2026-08-13 20:00,4406.20,4408.40,4402.90,4407.10,1913
2026-08-13 22:00,4408.20,4418.40,4406.60,4410.30,0
2026-08-13 23:00,4411.50,4419.40,4405.10,4411.80,3512
2026-08-14 00:00,4411.60,4417.40,4385.10,4396.40,5728
2026-08-14 01:00,4396.20,4397.10,4367.50,4373.70,9506
2026-08-14 02:00,4373.70,4378.00,4365.50,4370.70,4982
2026-08-14 03:00,4370.70,4383.80,4368.90,4379.60,2551
2026-08-14 04:00,4379.20,4384.60,4378.30,4382.00,1800
2026-08-14 05:00,4382.20,4389.50,4365.60,4389.50,4331
2026-08-14 06:00,4389.60,4392.60,4383.60,4391.60,3066
2026-08-14 07:00,4391.40,4401.60,4385.70,4399.80,3733
2026-08-14 08:00,4399.80,4405.70,4398.10,4404.70,3608
2026-08-14 09:00,4404.50,4413.80,4402.00,4413.60,3922
2026-08-14 10:00,4413.60,4415.10,4403.70,4405.50,4193
2026-08-14 11:00,4405.50,4426.00,4404.70,4425.80,4534
2026-08-14 12:00,4425.50,4444.00,4421.80,4430.90,12963
2026-08-14 13:00,4430.70,4454.60,4427.30,4442.00,13285
2026-08-14 14:00,4441.60,4452.20,4436.20,4438.60,9581
2026-08-14 15:00,4438.70,4452.30,4436.40,4449.00,9824
2026-08-14 16:00,4449.00,4454.30,4437.20,4442.70,4686
2026-08-14 17:00,4443.00,4443.40,4433.60,4435.50,4557
2026-08-14 18:00,4435.90,4439.60,4427.50,4430.30,5830
2026-08-14 19:00,4430.30,4435.60,4428.60,4431.50,3055
2026-08-14 20:00,4431.40,4432.40,4426.90,4432.10,1870
2026-08-14 21:00,4432.00,4437.30,4432.00,4437.30,1
2026-08-16 22:00,4433.70,4442.50,4429.30,4441.60,1615
2026-08-16 23:00,4441.80,4441.90,4422.30,4425.50,2616
2026-08-17 00:00,4426.00,4459.40,4423.50,4457.30,5088
2026-08-17 01:00,4457.10,4473.20,4448.60,4452.00,7212
2026-08-17 02:00,4451.90,4454.70,4444.90,4449.80,3034
2026-08-17 03:00,4450.20,4453.80,4444.50,4453.70,1901
2026-08-17 04:00,4453.50,4456.30,4445.50,4447.10,2263
2026-08-17 05:00,4447.30,4457.70,4443.40,4451.30,3266
2026-08-17 06:00,4451.60,4460.70,4449.10,4459.30,3790
2026-08-17 07:00,4459.00,4467.90,4452.20,4461.50,4780
2026-08-17 08:00,4461.80,4461.80,4448.80,4451.10,2809
2026-08-17 09:00,4451.30,4457.00,4449.20,4452.40,3179
2026-08-17 10:00,4452.40,4462.60,4445.70,4455.80,4781
2026-08-17 11:00,4455.90,4461.80,4451.80,4453.40,3769
2026-08-17 12:00,4453.10,4455.40,4433.40,4441.40,9175
2026-08-17 13:00,4441.70,4473.00,4438.10,4465.30,10618
2026-08-17 14:00,4465.30,4484.90,4460.40,4474.50,15673
2026-08-17 15:00,4474.60,4485.30,4471.80,4484.80,6321
2026-08-17 16:00,4485.00,4486.50,4479.70,4481.50,4696
2026-08-17 17:00,4481.70,4483.70,4468.20,4471.00,7291
2026-08-17 18:00,4471.30,4474.00,4454.50,4463.10,7947
2026-08-17 19:00,4462.90,4477.00,4456.60,4475.70,4630
2026-08-17 20:00,4475.90,4477.50,4471.10,4473.10,1067
2026-08-17 22:00,4473.40,4475.90,4466.50,4467.90,0
2026-08-17 23:00,4468.00,4482.10,4466.00,4482.00,2172
2026-08-18 00:00,4482.30,4491.70,4475.00,4491.20,4382
2026-08-18 01:00,4491.60,4493.10,4460.90,4464.60,5713
2026-08-18 02:00,4464.60,4464.90,4450.00,4456.10,4781
2026-08-18 03:00,4456.10,4460.50,4446.30,4448.10,3013
2026-08-18 04:00,4447.40,4450.90,4444.00,4448.90,2669
2026-08-18 05:00,4448.70,4453.20,4441.40,4450.20,3095
2026-08-18 06:00,4449.40,4455.60,4443.20,4454.10,3781
2026-08-18 07:00,4454.30,4459.50,4451.20,4451.20,3413
2026-08-18 08:00,4451.60,4454.20,4442.40,4448.90,4050
2026-08-18 09:00,4448.80,4451.30,4443.00,4449.70,2918
2026-08-18 10:00,4449.70,4456.20,4446.10,4454.40,2138
2026-08-18 11:00,4454.20,4455.80,4444.80,4452.30,2641
2026-08-18 12:00,4452.60,4457.30,4445.80,4450.70,6033
2026-08-18 13:00,4450.50,4463.00,4430.90,4451.00,16644
2026-08-18 14:00,4450.50,4462.80,4419.10,4422.30,19020
2026-08-18 15:00,4422.60,4434.10,4406.80,4420.20,16647
2026-08-18 16:00,4420.30,4427.00,4417.80,4419.00,4860
2026-08-18 17:00,4419.10,4423.80,4412.40,4413.20,4727
2026-08-18 18:00,4413.60,4416.50,4407.90,4409.40,3912
2026-08-18 19:00,4409.50,4413.70,4392.30,4400.00,7084
2026-08-18 20:00,4400.10,4401.20,4383.30,4389.50,3119
2026-08-18 22:00,4391.40,4395.30,4385.80,4386.80,0
2026-08-18 23:00,4387.20,4391.50,4379.60,4386.00,3354
2026-08-19 00:00,4386.10,4401.00,4384.60,4391.80,4774
2026-08-19 01:00,4391.50,4411.10,4378.00,4410.20,8886
2026-08-19 02:00,4410.00,4415.80,4405.00,4408.50,4996
2026-08-19 03:00,4408.40,4414.10,4405.30,4409.00,1942
2026-08-19 04:00,4408.90,4409.60,4396.50,4401.80,2722
2026-08-19 05:00,4401.70,4404.20,4388.20,4389.00,4934
2026-08-19 06:00,4389.00,4403.10,4388.70,4402.80,5596
2026-08-19 07:00,4402.80,4417.20,4401.10,4408.30,4933
2026-08-19 08:00,4408.40,4417.20,4404.80,4409.70,4213
2026-08-19 09:00,4409.70,4416.40,4407.40,4416.40,3029
2026-08-19 10:00,4416.50,4424.10,4413.80,4422.20,3283
2026-08-19 11:00,4422.40,4429.10,4417.70,4419.10,4055
2026-08-19 12:00,4419.70,4499.80,4417.00,4496.30,36057
2026-08-19 13:00,4496.30,4524.00,4480.80,4517.80,42249
2026-08-19 14:00,4518.00,4557.60,4513.50,4546.80,35698
2026-08-19 15:00,4547.00,4552.80,4536.50,4552.20,14896
2026-08-19 16:00,4552.20,4557.50,4548.40,4551.00,9392
2026-08-19 17:00,4551.00,4557.00,4541.90,4545.00,9699
2026-08-19 18:00,4544.90,4556.00,4530.40,4553.30,16444
2026-08-19 19:00,4553.30,4569.60,4552.30,4568.00,10549
2026-08-19 20:00,4568.40,4582.80,4562.80,4580.70,6291
2026-08-19 22:00,4580.00,4583.80,4573.50,4575.90,0
2026-08-19 23:00,4576.40,4581.20,4568.40,4569.20,2554
2026-08-20 00:00,4568.70,4578.60,4560.20,4562.00,4263
2026-08-20 01:00,4562.30,4567.90,4542.10,4547.40,8738
2026-08-20 02:00,4547.30,4557.60,4546.10,4548.10,4395
2026-08-20 03:00,4548.20,4558.80,4545.70,4555.70,3032
2026-08-20 04:00,4556.40,4556.60,4543.40,4546.10,2955
2026-08-20 05:00,4546.00,4551.40,4534.80,4538.50,3806
2026-08-20 06:00,4538.60,4553.50,4537.20,4550.80,6024
2026-08-20 07:00,4550.60,4552.70,4540.10,4547.60,4873
2026-08-20 08:00,4547.90,4555.90,4543.90,4546.10,5530
2026-08-20 09:00,4546.20,4551.00,4538.20,4538.90,4560
2026-08-20 10:00,4539.10,4552.50,4537.00,4546.40,4171
2026-08-20 11:00,4546.70,4547.90,4521.20,4523.10,10669
2026-08-20 12:00,4523.30,4532.30,4506.00,4529.70,17523
2026-08-20 13:00,4529.80,4544.40,4524.10,4537.00,15951
2026-08-20 14:00,4536.80,4572.00,4535.80,4571.70,18959
2026-08-20 15:00,4571.80,4597.10,4563.50,4577.30,32802
2026-08-20 16:00,4577.50,4580.70,4559.20,4566.70,8474
2026-08-20 17:00,4566.70,4576.90,4564.10,4576.00,6696
2026-08-20 18:00,4576.00,4581.70,4564.70,4578.50,5540
2026-08-20 19:00,4578.30,4588.00,4574.70,4584.90,4191
2026-08-20 20:00,4584.50,4585.20,4573.00,4575.10,2026
2026-08-20 22:00,4577.00,4580.20,4571.00,4580.20,0
2026-08-20 23:00,4579.90,4589.00,4577.10,4582.20,3440
2026-08-21 00:00,4582.30,4583.70,4566.30,4567.20,3126
2026-08-21 01:00,4567.20,4600.30,4565.50,4587.00,7141
2026-08-21 02:00,4586.80,4599.20,4574.00,4590.00,5560
2026-08-21 03:00,4590.00,4594.70,4582.60,4590.90,2465
2026-08-21 04:00,4591.50,4604.40,4591.20,4596.80,4033
2026-08-21 05:00,4596.40,4612.40,4585.40,4610.10,5908
2026-08-21 06:00,4609.90,4624.70,4601.80,4617.90,9132
2026-08-21 07:00,4617.80,4625.00,4615.40,4621.00,5890
2026-08-21 08:00,4621.40,4642.00,4615.80,4641.00,10338
2026-08-21 09:00,4641.10,4659.40,4637.60,4639.70,13836
2026-08-21 10:00,4639.40,4651.60,4634.50,4645.80,7281
2026-08-21 11:00,4645.50,4661.70,4644.30,4654.40,7950
2026-08-21 12:00,4654.70,4659.10,4620.50,4634.70,18190
2026-08-21 13:00,4634.60,4650.20,4630.00,4638.30,15060
2026-08-21 14:00,4638.10,4660.20,4636.50,4648.10,17876
2026-08-21 15:00,4648.50,4673.00,4644.10,4672.00,13380
2026-08-21 16:00,4672.10,4687.20,4666.30,4686.60,10785
2026-08-21 17:00,4686.70,4690.40,4673.40,4678.70,14697
2026-08-21 18:00,4679.00,4686.10,4677.50,4681.80,4955
2026-08-21 19:00,4682.10,4683.10,4673.00,4674.70,4668
2026-08-21 20:00,4674.60,4680.60,4661.00,4680.60,2580
2026-08-23 22:00,4675.40,4679.10,4663.00,4663.10,2062
2026-08-23 23:00,4663.50,4682.00,4661.90,4681.60,3548
2026-08-24 00:00,4681.60,4698.60,4651.80,4678.80,9593
2026-08-24 01:00,4679.00,4694.30,4664.60,4688.60,8902
2026-08-24 02:00,4688.70,4713.80,4684.30,4700.40,9983
2026-08-24 03:00,4700.40,4707.00,4690.00,4698.20,3505
2026-08-24 04:00,4698.20,4699.00,4688.90,4695.20,2400
2026-08-24 05:00,4695.80,4702.50,4685.50,4697.30,4068
2026-08-24 06:00,4697.50,4716.70,4695.80,4706.70,8329
2026-08-24 07:00,4706.40,4711.00,4686.00,4697.40,7294
2026-08-24 08:00,4697.80,4702.00,4684.20,4693.50,7467
2026-08-24 09:00,4693.70,4702.70,4688.80,4702.40,7635
2026-08-24 10:00,4702.40,4707.00,4698.60,4700.30,5452
2026-08-24 11:00,4700.10,4728.30,4696.20,4715.00,13924
2026-08-24 12:00,4715.20,4726.90,4702.00,4720.70,10683
2026-08-24 13:00,4720.90,4738.50,4713.30,4721.80,18757
2026-08-24 14:00,4721.50,4736.10,4712.00,4727.60,15969
2026-08-24 15:00,4727.80,4737.00,4696.50,4706.00,18113
2026-08-24 16:00,4706.00,4719.60,4697.90,4701.90,10523
2026-08-24 17:00,4702.10,4712.70,4686.60,4693.30,15426
2026-08-24 18:00,4693.00,4699.00,4681.20,4693.00,9639
2026-08-24 19:00,4692.70,4712.10,4692.20,4707.50,4546
2026-08-24 20:00,4707.90,4711.50,4703.40,4710.00,3322
2026-08-24 22:00,4710.10,4725.60,4708.40,4724.50,0
2026-08-24 23:00,4724.60,4740.60,4723.00,4737.20,4225
2026-08-25 00:00,4737.30,4755.00,4732.70,4741.00,7997
2026-08-25 01:00,4740.80,4743.30,4713.20,4714.70,9906
2026-08-25 02:00,4714.50,4718.30,4670.50,4685.50,14102
2026-08-25 03:00,4685.70,4697.70,4678.10,4688.30,4898
2026-08-25 04:00,4689.40,4693.50,4679.50,4681.10,2845
2026-08-25 05:00,4681.30,4704.00,4679.30,4698.50,6460
2026-08-25 06:00,4698.40,4709.60,4693.00,4694.60,4905
2026-08-25 07:00,4695.00,4700.30,4685.80,4686.10,5734
2026-08-25 08:00,4686.10,4702.00,4676.30,4685.70,7616
2026-08-25 09:00,4685.70,4698.10,4679.50,4691.70,6280
2026-08-25 10:00,4691.60,4698.20,4688.10,4695.00,3230
2026-08-25 11:00,4694.80,4703.50,4691.90,4698.40,4924
2026-08-25 12:00,4698.70,4699.60,4685.30,4695.70,8891
2026-08-25 13:00,4696.30,4696.60,4659.50,4671.40,18693
2026-08-25 14:00,4671.30,4696.00,4667.30,4691.60,16913
2026-08-25 15:00,4691.80,4716.40,4685.10,4709.50,13804
2026-08-25 16:00,4709.60,4710.20,4694.30,4700.80,9284
2026-08-25 17:00,4700.60,4705.80,4691.30,4705.80,7466
2026-08-25 18:00,4705.80,4711.80,4701.70,4711.40,3703
2026-08-25 19:00,4711.40,4725.60,4710.40,4723.40,7288
2026-08-25 20:00,4723.30,4726.00,4714.10,4715.90,2964
2026-08-25 22:00,4715.70,4730.90,4712.10,4729.70,0
2026-08-25 23:00,4729.70,4730.60,4710.30,4712.10,2587
2026-08-26 00:00,4711.90,4715.20,4691.10,4694.20,4918
2026-08-26 01:00,4694.60,4717.70,4686.20,4713.80,7488
2026-08-26 02:00,4713.60,4728.00,4711.60,4715.20,4529
2026-08-26 03:00,4715.40,4715.90,4699.60,4701.10,3853
2026-08-26 04:00,4699.80,4701.20,4695.70,4697.60,1898
2026-08-26 05:00,4697.50,4706.30,4692.20,4696.30,3455
2026-08-26 06:00,4696.20,4698.00,4681.10,4690.60,4644
2026-08-26 07:00,4690.60,4695.70,4682.60,4685.10,4051
2026-08-26 08:00,4684.90,4686.70,4677.30,4683.70,3655
2026-08-26 09:00,4684.00,4687.00,4671.30,4679.50,5668
2026-08-26 10:00,4679.60,4680.10,4668.80,4675.90,3722
2026-08-26 11:00,4676.30,4681.00,4672.10,4680.30,4055
2026-08-26 12:00,4680.60,4690.00,4666.00,4669.50,13147
2026-08-26 13:00,4670.00,4687.00,4653.30,4686.60,20169
2026-08-26 14:00,4686.70,4688.60,4658.00,4658.20,12459
2026-08-26 15:00,4658.50,4664.60,4638.20,4651.40,19020
2026-08-26 16:00,4651.60,4656.80,4640.80,4647.10,11736
2026-08-26 17:00,4647.10,4657.60,4645.90,4653.20,6138
2026-08-26 18:00,4653.10,4660.30,4647.50,4648.50,4792
2026-08-26 19:00,4648.80,4656.30,4645.70,4648.90,3508
2026-08-26 20:00,4649.00,4651.40,4638.60,4647.80,1738
2026-08-26 22:00,4650.00,4667.70,4648.10,4663.30,0
2026-08-26 23:00,4663.20,4678.90,4660.90,4677.50,3632
2026-08-27 00:00,4677.90,4681.00,4654.50,4659.20,4826
2026-08-27 01:00,4658.90,4695.40,4656.20,4694.60,7479
2026-08-27 02:00,4694.60,4697.70,4678.10,4683.70,5414
2026-08-27 03:00,4683.80,4693.10,4678.80,4679.00,2302
2026-08-27 04:00,4679.70,4681.80,4671.40,4673.00,2334
2026-08-27 05:00,4673.30,4675.80,4655.00,4661.20,6017
2026-08-27 06:00,4661.00,4665.70,4651.70,4654.30,6886
2026-08-27 07:00,4654.30,4659.70,4647.20,4653.40,4945
2026-08-27 08:00,4654.00,4660.50,4647.90,4652.30,3555
2026-08-27 09:00,4652.30,4653.80,4631.00,4633.20,8946
2026-08-27 10:00,4632.90,4643.60,4618.90,4643.00,7616
2026-08-27 11:00,4643.10,4653.70,4640.20,4652.30,6869
2026-08-27 12:00,4652.00,4654.70,4633.70,4639.30,8105
2026-08-27 13:00,4639.20,4646.40,4616.00,4625.90,14123
2026-08-27 14:00,4625.60,4652.00,4621.70,4645.10,13769
2026-08-27 15:00,4645.00,4665.50,4642.70,4664.50,7897
2026-08-27 16:00,4664.70,4670.90,4656.50,4669.30,6571
2026-08-27 17:00,4669.20,4670.70,4659.10,4660.40,4833
2026-08-27 18:00,4660.60,4665.20,4654.70,4664.30,3361
2026-08-27 19:00,4664.70,4672.40,4658.30,4662.70,3927
2026-08-27 20:00,4662.80,4663.60,4653.80,4654.80,1264
2026-08-27 22:00,4656.00,4664.10,4653.90,4664.10,0
2026-08-27 23:00,4664.00,4664.80,4647.30,4647.60,2426
2026-08-28 00:00,4647.80,4655.70,4638.50,4641.20,2843
2026-08-28 01:00,4642.40,4655.40,4628.10,4628.90,5299
2026-08-28 02:00,4628.60,4642.40,4628.00,4638.90,2512
2026-08-28 03:00,4638.70,4642.30,4630.90,4631.40,1786
2026-08-28 04:00,4632.30,4637.50,4630.00,4636.40,1614
2026-08-28 05:00,4636.70,4638.60,4623.00,4625.50,2952
2026-08-28 06:00,4625.70,4666.20,4624.50,4665.50,6108
2026-08-28 07:00,4665.40,4667.40,4648.70,4665.00,6239
2026-08-28 08:00,4664.90,4667.70,4654.30,4656.30,3772
2026-08-28 09:00,4656.40,4661.40,4653.50,4658.70,2904
2026-08-28 10:00,4658.80,4663.50,4650.30,4653.10,3350
2026-08-28 11:00,4653.10,4654.20,4643.60,4645.60,4445
2026-08-28 12:00,4645.60,4656.40,4641.20,4654.10,6831
2026-08-28 13:00,4654.20,4680.80,4645.90,4657.50,12968
2026-08-28 14:00,4657.40,4688.00,4580.20,4629.00,75096
2026-08-28 15:00,4629.30,4636.10,4574.80,4575.70,34399
2026-08-28 16:00,4575.90,4580.90,4515.30,4529.90,44119
2026-08-28 17:00,4530.10,4537.20,4510.50,4519.70,20382
2026-08-28 18:00,4519.70,4521.90,4495.00,4506.50,15598
2026-08-28 19:00,4506.50,4517.20,4502.30,4507.90,8303
2026-08-28 20:00,4507.90,4529.90,4502.70,4529.90,3151
2026-08-30 22:00,4506.30,4515.90,4502.20,4510.90,4311
2026-08-30 23:00,4510.80,4516.60,4485.20,4507.80,5649
2026-08-31 00:00,4507.80,4521.50,4501.40,4505.70,5101
2026-08-31 01:00,4505.80,4512.40,4485.00,4489.60,10236
2026-08-31 02:00,4489.10,4490.70,4445.60,4472.30,13543
2026-08-31 03:00,4472.30,4483.60,4469.50,4472.00,4563
2026-08-31 04:00,4472.30,4475.00,4462.50,4474.60,3470
2026-08-31 05:00,4474.60,4493.50,4469.20,4492.70,5005
2026-08-31 06:00,4492.70,4493.00,4478.90,4489.40,4271
2026-08-31 07:00,4489.20,4498.50,4485.00,4493.30,4457
2026-08-31 08:00,4493.30,4499.70,4483.90,4485.60,3387
2026-08-31 09:00,4485.80,4496.00,4485.70,4496.00,2925
2026-08-31 10:00,4495.90,4506.70,4495.20,4504.50,3859
2026-08-31 11:00,4504.60,4514.90,4503.10,4506.20,4497
2026-08-31 12:00,4506.10,4511.90,4486.50,4486.90,10124
2026-08-31 13:00,4486.70,4499.50,4466.40,4469.10,15197
2026-08-31 14:00,4469.30,4487.20,4466.70,4481.70,12556
2026-08-31 15:00,4481.70,4487.90,4474.30,4475.50,7801
2026-08-31 16:00,4475.90,4490.30,4473.00,4482.60,6076
2026-08-31 17:00,4482.80,4489.70,4477.80,4485.60,6513
2026-08-31 18:00,4486.00,4486.10,4475.50,4480.30,3311
2026-08-31 19:00,4480.70,4502.70,4478.40,4502.00,6601
2026-08-31 20:00,4502.30,4504.90,4495.90,4497.30,1759
2026-08-31 22:00,4498.70,4504.80,4494.30,4495.50,0
2026-08-31 23:00,4495.80,4501.00,4490.30,4501.00,1701
2026-09-01 00:00,4501.30,4510.50,4495.00,4502.70,3425
2026-09-01 01:00,4502.60,4505.90,4485.20,4493.10,3898
2026-09-01 02:00,4492.90,4498.20,4477.10,4492.40,4700
2026-09-01 03:00,4492.70,4493.50,4480.90,4487.00,3688
2026-09-01 04:00,4485.70,4486.70,4473.90,4475.20,3959
2026-09-01 05:00,4475.40,4494.70,4471.90,4489.00,3790
2026-09-01 06:00,4488.50,4489.10,4476.30,4478.00,3170
2026-09-01 07:00,4478.10,4483.60,4460.50,4468.70,7285
2026-09-01 08:00,4468.60,4468.60,4417.90,4419.40,17854
2026-09-01 09:00,4419.40,4426.60,4413.00,4413.70,10482
2026-09-01 10:00,4413.70,4434.60,4413.00,4426.90,7242
2026-09-01 11:00,4427.00,4435.70,4420.50,4422.90,6382
2026-09-01 12:00,4423.00,4424.90,4400.40,4404.70,15235
2026-09-01 13:00,4404.60,4415.90,4374.10,4413.90,31866
2026-09-01 14:00,4414.20,4424.30,4401.50,4408.80,16929
2026-09-01 15:00,4409.10,4422.70,4403.40,4421.70,7955
2026-09-01 16:00,4421.60,4423.30,4395.40,4399.60,11301
2026-09-01 17:00,4399.80,4400.30,4389.00,4391.10,9910
2026-09-01 18:00,4391.30,4392.70,4375.60,4379.40,7744
2026-09-01 19:00,4379.10,4385.20,4369.70,4374.00,7183
2026-09-01 20:00,4374.10,4377.90,4370.70,4375.70,4548
2026-09-01 22:00,4377.20,4381.00,4372.70,4375.70,0
2026-09-01 23:00,4375.70,4382.00,4367.70,4370.60,3362
2026-09-02 00:00,4370.70,4380.90,4360.70,4362.50,8043
2026-09-02 01:00,4362.10,4373.50,4333.90,4338.10,13479
2026-09-02 02:00,4337.80,4362.10,4334.60,4350.00,9310
2026-09-02 03:00,4350.00,4351.40,4329.20,4348.80,8745
2026-09-02 04:00,4349.90,4354.40,4347.80,4353.70,2960
2026-09-02 05:00,4353.90,4373.10,4350.00,4366.70,6139
2026-09-02 06:00,4366.80,4375.90,4361.20,4368.30,6159
2026-09-02 07:00,4368.40,4377.80,4365.80,4369.80,4423
2026-09-02 08:00,4370.10,4378.40,4359.10,4359.60,5127
2026-09-02 09:00,4359.60,4369.20,4352.30,4355.90,4822
2026-09-02 10:00,4355.90,4359.80,4349.10,4356.60,3611
2026-09-02 11:00,4356.30,4380.20,4354.90,4379.60,7567
2026-09-02 12:00,4379.50,4391.40,4374.40,4378.30,13593
2026-09-02 13:00,4378.30,4433.50,4377.50,4433.00,27934
2026-09-02 14:00,4432.90,4444.40,4421.40,4424.20,20892
2026-09-02 15:00,4424.10,4427.80,4411.40,4419.90,10859
2026-09-02 16:00,4419.70,4421.70,4411.10,4415.10,5029
2026-09-02 17:00,4415.20,4427.40,4411.20,4423.40,7180
2026-09-02 18:00,4423.70,4426.30,4415.90,4420.30,4613
2026-09-02 19:00,4420.80,4437.90,4418.30,4437.70,4838
2026-09-02 20:00,4437.40,4438.20,4430.60,4434.30,2245
2026-09-02 22:00,4436.40,4438.10,4428.40,4429.80,0
2026-09-02 23:00,4430.20,4434.40,4426.70,4431.00,1695
2026-09-03 00:00,4431.20,4442.90,4427.80,4440.50,3459
2026-09-03 01:00,4440.80,4457.60,4432.20,4455.00,9218
2026-09-03 02:00,4455.20,4466.20,4452.20,4466.00,5977
2026-09-03 03:00,4466.00,4478.20,4464.90,4477.10,6171
2026-09-03 04:00,4477.30,4483.90,4470.80,4483.00,5124
2026-09-03 05:00,4483.10,4486.00,4468.20,4477.00,8903
2026-09-03 06:00,4477.00,4482.20,4462.80,4466.40,7623
2026-09-03 07:00,4466.00,4477.50,4464.60,4474.70,6351
2026-09-03 08:00,4474.50,4490.00,4473.60,4481.10,9719
2026-09-03 09:00,4481.30,4488.20,4472.00,4473.90,7610
2026-09-03 10:00,4474.10,4476.10,4464.90,4473.20,4737
2026-09-03 11:00,4473.10,4493.40,4471.10,4490.20,6932
2026-09-03 12:00,4490.00,4542.60,4484.10,4540.90,27504
2026-09-03 13:00,4540.90,4543.70,4502.80,4517.10,25953
2026-09-03 14:00,4517.10,4531.90,4502.90,4531.90,16310
2026-09-03 15:00,4532.00,4558.50,4530.90,4540.80,21907
2026-09-03 16:00,4540.70,4543.40,4533.00,4533.70,5945
2026-09-03 17:00,4533.90,4542.00,4530.60,4535.70,7442
2026-09-03 18:00,4534.60,4537.10,4521.20,4522.90,6450
2026-09-03 19:00,4522.80,4528.70,4520.30,4522.90,4938
2026-09-03 20:00,4522.70,4523.30,4517.70,4520.00,1728
2026-09-03 21:00,4520.30,4520.30,4520.30,4520.30,1
2026-09-03 22:00,4522.00,4526.30,4518.50,4521.60,0
2026-09-03 23:00,4521.50,4527.20,4519.00,4526.90,2361
2026-09-04 00:00,4527.00,4533.50,4519.30,4532.90,2941
2026-09-04 01:00,4532.60,4533.60,4513.00,4525.20,5656
2026-09-04 02:00,4525.30,4528.90,4516.30,4523.80,3537
2026-09-04 03:00,4523.50,4525.00,4513.60,4513.80,1781
2026-09-04 04:00,4513.10,4521.50,4511.60,4520.40,2177
2026-09-04 05:00,4520.30,4523.90,4512.80,4518.20,4261
2026-09-04 06:00,4518.10,4519.50,4506.60,4509.50,4647
2026-09-04 07:00,4509.30,4537.80,4508.00,4530.30,7045
2026-09-04 08:00,4530.40,4533.60,4521.00,4524.30,3787
2026-09-04 09:00,4524.50,4525.70,4510.00,4511.80,4836
2026-09-04 10:00,4511.70,4523.10,4511.60,4518.90,2424
2026-09-04 11:00,4519.20,4519.30,4510.90,4513.10,3470
2026-09-04 12:00,4513.30,4523.50,4419.00,4440.60,45018
2026-09-04 13:00,4440.90,4481.80,4412.00,4459.90,32312
2026-09-04 14:00,4460.00,4489.40,4458.80,4474.30,17547
2026-09-04 15:00,4474.40,4496.20,4469.50,4483.30,11986
2026-09-04 16:00,4483.80,4491.00,4479.50,4483.60,6089
2026-09-04 17:00,4483.50,4488.00,4461.10,4464.00,9254
2026-09-04 18:00,4464.70,4474.50,4459.00,4471.30,5254
2026-09-04 19:00,4471.60,4485.60,4470.00,4482.00,4751
2026-09-04 20:00,4481.80,4482.30,4475.60,4476.60,1799
2026-09-08 04:00,4483.50,4488.80,4477.00,4481.60,2902
2026-09-08 05:00,4481.70,4483.40,4462.10,4464.40,4160
2026-09-08 06:00,4464.40,4465.10,4442.60,4448.30,6730
2026-09-08 07:00,4448.60,4454.00,4434.30,4436.70,5481
2026-09-08 08:00,4436.60,4443.00,4432.00,4438.50,4596
2026-09-08 09:00,4438.00,4450.10,4435.00,4447.20,4513
2026-09-08 10:00,4447.30,4451.60,4438.00,4439.90,4436
2026-09-08 11:00,4440.20,4452.40,4435.50,4450.90,4220
2026-09-08 12:00,4450.90,4456.30,4429.50,4456.10,12623
2026-09-08 13:00,4456.30,4457.90,4434.70,4440.30,11000
2026-09-08 14:00,4440.30,4449.00,4433.70,4443.40,10330
2026-09-08 15:00,4443.80,4454.50,4439.80,4439.80,8727
2026-09-08 16:00,4440.00,4443.40,4425.10,4438.30,10812
2026-09-08 17:00,4438.40,4448.60,4429.50,4434.30,7413
2026-09-08 18:00,4434.50,4434.70,4402.40,4420.10,11894
2026-09-08 19:00,4420.20,4421.80,4401.10,4404.50,7790
2026-09-08 20:00,4404.10,4409.50,4381.00,4400.00,5404
2026-09-08 22:00,4399.00,4403.00,4393.70,4397.40,0
2026-09-08 23:00,4397.40,4403.40,4392.40,4393.10,2299
2026-09-09 00:00,4393.30,4409.50,4384.10,4408.80,4921
2026-09-09 01:00,4408.60,4422.00,4397.80,4417.70,6680
2026-09-09 02:00,4417.30,4428.40,4411.00,4426.00,2862
2026-09-09 03:00,4426.20,4426.60,4419.20,4420.40,1546
2026-09-09 04:00,4418.70,4426.20,4414.20,4425.30,2158
2026-09-09 05:00,4425.40,4444.60,4423.90,4442.30,7270
2026-09-09 06:00,4442.40,4449.90,4438.60,4444.70,6619
2026-09-09 07:00,4444.40,4456.30,4443.00,4452.90,5989
2026-09-09 08:00,4452.80,4455.40,4442.60,4444.60,4870
2026-09-09 09:00,4444.80,4446.30,4432.50,4434.60,4501
2026-09-09 10:00,4434.50,4447.00,4430.00,4442.90,5078
2026-09-09 11:00,4443.30,4459.90,4443.20,4451.60,6612
2026-09-09 12:00,4451.50,4453.60,4435.20,4444.40,7810
2026-09-09 13:00,4444.20,4479.00,4442.80,4459.30,19110
2026-09-09 14:00,4459.20,4473.00,4453.60,4463.20,12762
2026-09-09 15:00,4463.40,4477.00,4419.30,4442.70,31469
2026-09-09 16:00,4442.90,4455.40,4435.80,4454.40,7175
2026-09-09 17:00,4454.50,4465.60,4453.80,4461.20,8029
2026-09-09 18:00,4461.40,4466.70,4446.50,4448.20,5805
2026-09-09 19:00,4448.20,4450.40,4441.10,4444.40,4183
2026-09-09 20:00,4444.20,4448.10,4438.90,4447.20,1856
2026-09-09 22:00,4448.00,4450.40,4442.00,4443.90,0
2026-09-09 23:00,4444.00,4447.50,4436.70,4437.50,3724
2026-09-10 00:00,4437.70,4448.40,4433.20,4444.50,2991
2026-09-10 01:00,4444.30,4462.50,4443.50,4455.20,4763
2026-09-10 02:00,4455.20,4464.40,4451.30,4462.70,4640
2026-09-10 03:00,4462.70,4464.50,4449.90,4451.90,2088
2026-09-10 04:00,4452.40,4458.40,4448.40,4451.40,1681
2026-09-10 05:00,4451.20,4475.10,4451.10,4475.00,5606
2026-09-10 06:00,4475.10,4479.90,4454.40,4469.30,9653
2026-09-10 07:00,4469.00,4469.50,4447.50,4454.90,7602
2026-09-10 08:00,4454.70,4455.70,4435.00,4437.80,6197
2026-09-10 09:00,4437.80,4439.50,4431.00,4437.00,4074
2026-09-10 10:00,4436.90,4442.80,4417.00,4421.40,8887
2026-09-10 11:00,4421.10,4433.10,4415.10,4416.70,5906
2026-09-10 12:00,4416.80,4419.90,4365.40,4381.80,31855
2026-09-10 13:00,4382.10,4418.10,4380.40,4408.50,23981
2026-09-10 14:00,4408.30,4419.10,4396.40,4400.10,17514
2026-09-10 15:00,4400.40,4414.10,4394.60,4407.80,8371
2026-09-10 16:00,4408.10,4412.00,4395.50,4406.40,8585
2026-09-10 17:00,4406.20,4410.50,4392.70,4394.20,8106
2026-09-10 18:00,4394.40,4397.80,4371.30,4374.40,11936
2026-09-10 19:00,4374.00,4374.00,4354.70,4365.70,10829
2026-09-10 20:00,4365.50,4365.70,4355.90,4358.50,2651
2026-09-10 22:00,4359.40,4365.80,4354.00,4358.80,0
2026-09-10 23:00,4358.70,4361.00,4351.30,4354.50,1750
2026-09-11 00:00,4355.50,4374.10,4353.20,4372.20,3434
2026-09-11 01:00,4372.30,4380.70,4361.00,4369.10,6716
2026-09-11 02:00,4369.50,4374.50,4356.20,4363.20,4849
2026-09-11 03:00,4362.70,4366.80,4341.40,4345.00,5825
2026-09-11 04:00,4344.20,4375.60,4342.40,4372.10,5520
2026-09-11 05:00,4372.40,4392.50,4368.90,4386.60,5097
2026-09-11 06:00,4386.80,4402.00,4386.30,4394.80,5934
2026-09-11 07:00,4394.20,4397.30,4381.70,4386.10,3220
2026-09-11 08:00,4386.30,4399.30,4383.00,4388.70,5735
2026-09-11 09:00,4388.90,4395.40,4382.50,4388.20,3322
2026-09-11 10:00,4388.30,4392.00,4378.50,4379.40,4631
2026-09-11 11:00,4379.30,4384.60,4372.10,4375.00,4812
2026-09-11 12:00,4375.30,4432.60,4333.00,4430.30,37113
2026-09-11 13:00,4430.50,4444.90,4421.90,4443.90,25946
2026-09-11 14:00,4443.70,4444.90,4406.30,4412.50,18183
2026-09-11 15:00,4412.50,4418.70,4401.00,4408.60,10752
2026-09-11 16:00,4408.60,4414.40,4393.30,4403.80,10143
2026-09-11 17:00,4403.70,4412.70,4400.00,4400.60,7756
2026-09-11 18:00,4400.50,4402.40,4385.80,4389.10,6728
2026-09-11 19:00,4389.30,4395.80,4384.90,4391.00,4704
2026-09-11 20:00,4391.00,4408.90,4387.30,4408.90,1499
2026-09-13 22:00,4371.90,4380.90,4368.60,4378.40,2929
2026-09-13 23:00,4378.60,4383.00,4372.60,4373.30,1603
2026-09-14 00:00,4373.30,4388.80,4370.90,4379.60,3450
2026-09-14 01:00,4379.70,4396.50,4367.10,4394.50,6361
2026-09-14 02:00,4394.40,4396.80,4371.10,4371.80,3943
2026-09-14 03:00,4371.50,4377.10,4367.20,4370.60,3180
2026-09-14 04:00,4370.60,4371.90,4362.10,4369.60,2687
2026-09-14 05:00,4369.80,4378.10,4363.50,4378.10,4403
2026-09-14 06:00,4377.90,4379.30,4360.90,4362.50,3506
2026-09-14 07:00,4362.40,4364.50,4348.00,4350.70,5155
2026-09-14 08:00,4350.90,4358.40,4343.20,4346.60,4232
2026-09-14 09:00,4346.30,4351.80,4317.30,4325.20,14005
2026-09-14 10:00,4325.10,4336.50,4317.80,4334.40,5543
2026-09-14 11:00,4334.40,4337.10,4324.10,4326.90,4515
2026-09-14 12:00,4327.10,4337.70,4305.70,4310.80,13243
2026-09-14 13:00,4311.20,4321.90,4293.00,4312.20,17440
2026-09-14 14:00,4312.10,4323.40,4303.70,4320.10,12103
2026-09-14 15:00,4320.20,4339.40,4313.10,4329.10,16489
2026-09-14 16:00,4329.30,4358.90,4327.30,4356.50,11487
2026-09-14 17:00,4356.50,4357.40,4348.20,4351.60,7995
2026-09-14 18:00,4351.70,4356.70,4345.00,4347.80,4977
2026-09-14 19:00,4347.90,4348.30,4323.20,4324.10,6301
2026-09-14 20:00,4324.10,4340.40,4322.80,4340.00,3084
2026-09-14 22:00,4340.30,4343.60,4332.60,4335.90,0
2026-09-14 23:00,4335.80,4338.10,4327.50,4329.00,4009
2026-09-15 00:00,4328.90,4337.30,4323.80,4333.60,3269
2026-09-15 01:00,4333.80,4347.00,4328.40,4344.10,5768
2026-09-15 02:00,4344.50,4358.20,4344.40,4354.90,5452
2026-09-15 03:00,4354.80,4355.20,4343.90,4345.10,4389
2026-09-15 04:00,4344.00,4350.40,4341.30,4344.80,3909
2026-09-15 05:00,4344.90,4347.90,4329.10,4331.20,4099
2026-09-15 06:00,4331.10,4335.30,4325.90,4333.60,5266
2026-09-15 07:00,4333.50,4335.70,4316.60,4320.70,6315
2026-09-15 08:00,4320.80,4320.90,4301.70,4302.80,7672
2026-09-15 09:00,4303.10,4312.40,4301.60,4308.70,6841
2026-09-15 10:00,4308.80,4324.00,4308.80,4321.80,5217
2026-09-15 11:00,4321.20,4326.70,4318.80,4324.40,4317
2026-09-15 12:00,4324.40,4336.30,4311.00,4330.60,10547
2026-09-15 13:00,4330.20,4338.50,4323.30,4334.60,11448
2026-09-15 14:00,4334.60,4340.70,4313.00,4316.80,12905
2026-09-15 15:00,4316.90,4335.20,4316.60,4329.90,8798
2026-09-15 16:00,4329.60,4338.40,4325.40,4335.60,7393
2026-09-15 17:00,4335.80,4339.80,4330.50,4335.30,9125
2026-09-15 18:00,4335.50,4350.60,4332.90,4348.70,6872
2026-09-15 19:00,4348.70,4350.80,4333.70,4337.30,4498
2026-09-15 20:00,4337.30,4338.80,4331.60,4333.40,2260
2026-09-15 22:00,4333.50,4339.50,4329.20,4329.20,0
2026-09-15 23:00,4329.10,4329.70,4321.20,4323.30,5332
2026-09-16 00:00,4323.90,4326.50,4315.20,4317.10,3709
2026-09-16 01:00,4317.10,4333.30,4316.30,4321.80,6320
2026-09-16 02:00,4322.00,4363.90,4321.40,4362.10,11158
2026-09-16 03:00,4362.30,4381.90,4361.90,4367.20,9328
2026-09-16 04:00,4368.00,4369.20,4361.50,4362.60,1875
2026-09-16 05:00,4362.80,4374.30,4361.70,4366.90,3544
2026-09-16 06:00,4366.90,4373.40,4361.70,4373.20,4089
2026-09-16 07:00,4372.70,4379.10,4368.20,4369.00,4777
2026-09-16 08:00,4369.00,4377.70,4362.60,4371.10,7572
2026-09-16 09:00,4371.20,4380.30,4368.30,4379.10,6323
2026-09-16 10:00,4379.10,4393.00,4378.60,4391.90,9298
2026-09-16 11:00,4392.00,4394.80,4382.70,4382.80,7658
2026-09-16 12:00,4382.80,4390.10,4375.00,4388.40,9825
2026-09-16 13:00,4388.50,4402.90,4376.30,4379.90,13761
2026-09-16 14:00,4379.90,4398.10,4364.50,4397.30,17127
2026-09-16 15:00,4397.20,4405.20,4384.50,4394.70,12862
2026-09-16 16:00,4394.90,4395.00,4385.30,4388.50,5720
2026-09-16 17:00,4388.30,4413.10,4383.40,4399.00,9235
2026-09-16 18:00,4404.20,4412.00,4296.20,4301.30,57928
2026-09-16 19:00,4301.00,4326.90,4273.30,4311.40,30424
2026-09-16 20:00,4311.20,4312.90,4296.90,4302.50,3721
2026-09-16 22:00,4301.40,4314.00,4294.50,4304.70,0
2026-09-16 23:00,4304.00,4313.70,4296.80,4309.70,5022
2026-09-17 00:00,4309.80,4330.40,4304.40,4318.50,6675
2026-09-17 01:00,4318.40,4356.20,4318.40,4337.90,11226
2026-09-17 02:00,4338.20,4338.90,4312.00,4315.20,7058
2026-09-17 03:00,4315.20,4336.00,4315.20,4335.40,3474
2026-09-17 04:00,4334.20,4337.50,4328.70,4336.10,2656
2026-09-17 05:00,4335.60,4343.70,4323.70,4342.60,3259
2026-09-17 06:00,4342.50,4353.80,4342.30,4349.50,5112
2026-09-17 07:00,4349.40,4374.40,4347.80,4366.10,9148
2026-09-17 08:00,4366.40,4367.20,4349.20,4350.70,5881
2026-09-17 09:00,4351.30,4358.50,4343.90,4345.10,4906
2026-09-17 10:00,4345.30,4364.70,4343.80,4363.70,3767
2026-09-17 11:00,4363.90,4393.50,4362.90,4390.00,11769
2026-09-17 12:00,4390.00,4423.30,4383.80,4413.80,22391
2026-09-17 13:00,4413.80,4415.80,4395.90,4407.40,15138
2026-09-17 14:00,4407.30,4420.90,4392.20,4394.50,12711
2026-09-17 15:00,4394.60,4410.20,4391.80,4409.80,8010
2026-09-17 16:00,4410.10,4412.70,4395.30,4401.90,8155
2026-09-17 17:00,4402.10,4405.70,4397.30,4400.30,5445
2026-09-17 18:00,4401.20,4405.60,4388.10,4390.90,4414
2026-09-17 19:00,4391.20,4395.40,4381.60,4385.20,4499
2026-09-17 20:00,4385.60,4386.20,4380.30,4380.60,1812
2026-09-17 22:00,4381.60,4388.50,4380.10,4383.00,0
2026-09-17 23:00,4383.20,4387.10,4378.30,4385.00,2562
2026-09-18 00:00,4384.40,4399.50,4380.70,4394.90,3344
2026-09-18 01:00,4395.50,4404.60,4382.60,4387.00,5269
2026-09-18 02:00,4387.00,4395.10,4381.80,4385.40,3506
2026-09-18 03:00,4384.80,4399.50,4372.20,4396.60,7107
2026-09-18 04:00,4397.60,4406.90,4391.80,4406.40,3435
2026-09-18 05:00,4406.70,4418.10,4399.80,4416.90,6134
2026-09-18 06:00,4417.00,4437.10,4416.70,4433.50,7605
2026-09-18 07:00,4433.20,4439.80,4429.00,4433.30,5775
2026-09-18 08:00,4433.20,4438.30,4424.90,4432.10,4536
2026-09-18 09:00,4432.30,4438.30,4413.10,4416.10,5680
2026-09-18 10:00,4416.40,4422.20,4415.50,4421.30,2837
2026-09-18 11:00,4421.20,4428.10,4411.40,4420.80,5523
2026-09-18 12:00,4420.90,4421.90,4392.40,4407.60,11060
2026-09-18 13:00,4408.00,4414.50,4385.60,4387.60,11978
2026-09-18 14:00,4387.50,4400.10,4381.00,4391.50,11611
2026-09-18 15:00,4391.20,4396.60,4386.10,4395.00,7113
2026-09-18 16:00,4395.20,4422.60,4393.40,4421.10,9530
2026-09-18 17:00,4421.20,4435.20,4419.90,4431.30,8838
2026-09-18 18:00,4431.40,4432.90,4418.20,4420.80,4815
2026-09-18 19:00,4420.70,4424.30,4413.50,4415.60,4184
2026-09-18 20:00,4415.60,4424.90,4414.40,4424.90,2172
2026-09-20 22:00,4415.00,4417.80,4412.00,4412.10,1331
2026-09-20 23:00,4412.20,4414.80,4406.90,4411.60,1537
2026-09-21 00:00,4411.50,4414.30,4396.40,4404.80,4771
2026-09-21 01:00,4404.80,4422.10,4404.80,4415.70,6000
2026-09-21 02:00,4416.00,4416.20,4399.00,4401.50,4445
2026-09-21 03:00,4401.70,4406.00,4395.40,4395.80,3875
2026-09-21 04:00,4396.80,4402.90,4392.20,4393.10,2440
2026-09-21 05:00,4392.90,4399.30,4386.30,4388.00,4422
2026-09-21 06:00,4387.90,4393.10,4383.50,4390.70,4104
2026-09-21 07:00,4390.80,4393.70,4379.00,4381.60,6378
2026-09-21 08:00,4381.50,4395.20,4380.80,4390.70,4269
2026-09-21 09:00,4390.70,4392.40,4377.50,4383.60,5269
2026-09-21 10:00,4383.40,4394.60,4380.10,4380.40,2999
2026-09-21 11:00,4380.20,4409.40,4379.50,4407.30,5402
2026-09-21 12:00,4407.10,4413.00,4388.70,4397.40,9693
2026-09-21 13:00,4397.20,4407.80,4383.60,4383.80,9953
2026-09-21 14:00,4383.70,4384.80,4360.30,4376.90,19633
2026-09-21 15:00,4377.10,4394.60,4377.00,4386.30,9045
2026-09-21 16:00,4386.50,4395.70,4381.00,4381.40,7896
2026-09-21 17:00,4381.50,4385.30,4375.70,4383.00,7202
2026-09-21 18:00,4383.00,4390.90,4382.20,4384.40,4542
2026-09-21 19:00,4384.30,4391.90,4380.40,4383.00,3882
2026-09-21 20:00,4383.00,4383.30,4377.30,4381.00,1437
2026-09-21 22:00,4382.50,4402.80,4382.00,4398.70,0
2026-09-21 23:00,4398.70,4408.60,4395.50,4406.80,6083
2026-09-22 00:00,4407.00,4414.10,4385.90,4397.70,5693
2026-09-22 01:00,4397.60,4402.50,4380.60,4385.90,5104
2026-09-22 02:00,4386.20,4392.80,4376.30,4381.80,5885
2026-09-22 03:00,4381.60,4386.60,4376.50,4379.10,2830
2026-09-22 04:00,4378.50,4379.80,4371.40,4379.50,3657
2026-09-22 05:00,4379.60,4384.20,4352.70,4360.30,9907
2026-09-22 06:00,4360.40,4361.00,4351.80,4355.00,5303
2026-09-22 07:00,4354.30,4361.00,4335.50,4337.50,8602
2026-09-22 08:00,4337.20,4372.70,4327.60,4367.30,14011
2026-09-22 09:00,4366.30,4375.30,4349.00,4374.10,10880
2026-09-22 10:00,4373.80,4375.30,4359.00,4359.00,4281
2026-09-22 11:00,4358.80,4360.80,4346.30,4359.90,6935
2026-09-22 12:00,4360.20,4381.40,4357.10,4371.50,10166
2026-09-22 13:00,4371.60,4381.90,4365.20,4371.00,12165
2026-09-22 14:00,4370.80,4376.40,4351.80,4365.30,14992
2026-09-22 15:00,4365.50,4378.30,4362.60,4368.70,9180
2026-09-22 16:00,4368.60,4379.80,4359.80,4374.10,7232
2026-09-22 17:00,4374.00,4391.30,4372.50,4388.90,8707
2026-09-22 18:00,4388.80,4398.80,4385.50,4390.90,8284
2026-09-22 19:00,4391.10,4409.60,4390.70,4401.80,8406
2026-09-22 20:00,4402.10,4402.50,4393.50,4396.20,3169
2026-09-22 22:00,4394.70,4403.80,4394.70,4400.60,0
2026-09-22 23:00,4400.80,4404.10,4396.40,4402.00,2196
2026-09-23 00:00,4401.40,4407.50,4392.30,4394.80,4365
2026-09-23 01:00,4395.00,4396.60,4375.90,4378.30,5485
2026-09-23 02:00,4378.20,4378.30,4370.10,4370.70,3487
2026-09-23 03:00,4370.70,4382.40,4370.00,4380.00,2627
2026-09-23 04:00,4379.40,4384.40,4379.20,4381.00,1536
2026-09-23 05:00,4381.20,4382.90,4365.10,4372.30,3893
2026-09-23 06:00,4371.80,4374.10,4363.30,4368.50,4129
2026-09-23 07:00,4367.80,4369.60,4355.10,4356.20,7112
2026-09-23 08:00,4356.20,4359.80,4352.20,4355.00,4430
2026-09-23 09:00,4354.90,4357.30,4345.30,4350.60,4276
2026-09-23 10:00,4351.10,4356.00,4349.00,4352.50,3232
2026-09-23 11:00,4352.10,4354.00,4330.90,4346.30,7047
2026-09-23 12:00,4346.40,4355.60,4337.20,4346.30,9136
2026-09-23 13:00,4346.30,4350.60,4317.30,4320.40,17623
2026-09-23 14:00,4320.10,4335.00,4313.90,4330.60,19130
2026-09-23 15:00,4330.60,4333.60,4313.30,4318.30,10267
2026-09-23 16:00,4318.30,4326.10,4314.50,4321.10,6150
2026-09-23 17:00,4321.20,4330.00,4310.70,4329.50,11378
2026-09-23 18:00,4329.60,4331.50,4319.00,4326.80,3540
2026-09-23 19:00,4326.70,4329.90,4317.30,4320.60,4578
2026-09-23 20:00,4320.30,4326.50,4318.40,4322.70,3050
2026-09-23 21:00,4322.70,4322.70,4322.70,4322.70,1
2026-09-23 22:00,4324.40,4328.80,4320.90,4324.20,0
2026-09-23 23:00,4324.00,4328.80,4320.20,4323.80,2047
2026-09-24 00:00,4324.10,4334.60,4319.00,4333.70,3445
2026-09-24 01:00,4333.80,4338.00,4312.60,4314.80,7151
2026-09-24 02:00,4314.00,4332.00,4308.00,4325.70,8692
2026-09-24 03:00,4325.40,4328.70,4315.60,4318.90,3021
2026-09-24 04:00,4320.10,4325.10,4316.40,4324.30,1596
2026-09-24 05:00,4324.40,4331.20,4312.00,4313.60,3081
2026-09-24 06:00,4313.80,4321.30,4309.00,4311.30,4797
2026-09-24 07:00,4311.20,4323.00,4309.00,4313.30,4374
2026-09-24 08:00,4313.40,4320.30,4295.00,4295.50,9339
2026-09-24 09:00,4295.50,4301.70,4285.00,4289.70,6193
2026-09-24 10:00,4289.60,4299.40,4278.30,4292.50,9544
2026-09-24 11:00,4292.40,4302.40,4286.40,4300.40,5179
2026-09-24 12:00,4300.20,4318.20,4295.00,4316.00,8327
2026-09-24 13:00,4316.20,4320.00,4299.70,4302.50,10750
2026-09-24 14:00,4302.50,4308.40,4287.40,4288.00,12121
2026-09-24 15:00,4288.30,4295.10,4279.50,4291.30,10409
2026-09-24 16:00,4291.50,4324.30,4287.20,4308.70,18132
2026-09-24 17:00,4308.00,4313.00,4293.20,4300.10,11268
2026-09-24 18:00,4300.20,4317.20,4291.30,4307.10,8410
2026-09-24 19:00,4307.20,4310.90,4302.20,4309.40,3962
2026-09-24 20:00,4309.10,4311.40,4299.70,4310.10,3851
2026-09-24 22:00,4309.50,4312.80,4303.10,4307.50,0
2026-09-24 23:00,4307.80,4311.40,4299.90,4300.10,4081
2026-09-25 00:00,4299.90,4315.50,4299.30,4313.00,2434
2026-09-25 01:00,4313.20,4331.00,4311.70,4323.20,4532
2026-09-25 02:00,4323.20,4330.50,4313.00,4318.90,2720
2026-09-25 03:00,4319.00,4321.60,4305.40,4305.70,2074
2026-09-25 04:00,4304.80,4308.40,4297.00,4297.40,2789
2026-09-25 05:00,4297.00,4311.90,4290.30,4301.30,4430
2026-09-25 06:00,4301.10,4316.40,4300.80,4311.00,4485
2026-09-25 07:00,4310.90,4317.00,4306.20,4314.80,3857
2026-09-25 08:00,4314.50,4332.70,4310.00,4328.90,4720
2026-09-25 09:00,4329.00,4333.50,4325.40,4330.80,5320
2026-09-25 10:00,4330.70,4347.50,4329.60,4346.80,5264
2026-09-25 11:00,4346.90,4351.60,4335.90,4338.60,7031
2026-09-25 12:00,4339.10,4345.30,4332.30,4333.90,9170
2026-09-25 13:00,4333.90,4335.30,4308.60,4310.90,12393
2026-09-25 14:00,4310.70,4315.90,4289.20,4314.10,16267
2026-09-25 15:00,4314.10,4326.60,4304.90,4326.40,11903
2026-09-25 16:00,4326.50,4336.00,4314.50,4321.50,13765
2026-09-25 17:00,4321.60,4328.40,4314.50,4318.10,6181
2026-09-25 18:00,4318.30,4331.10,4317.70,4329.80,3900
2026-09-25 19:00,4329.80,4332.40,4322.70,4326.60,5257
2026-09-25 20:00,4326.50,4327.60,4320.00,4321.20,1901
2026-09-27 22:00,4308.80,4310.00,4292.40,4294.20,2244
2026-09-27 23:00,4293.80,4300.60,4291.90,4294.60,2279
2026-09-28 00:00,4294.20,4295.10,4260.50,4264.60,8648
2026-09-28 01:00,4264.40,4265.10,4239.30,4249.40,12521
2026-09-28 02:00,4249.20,4250.70,4227.10,4229.90,6706
2026-09-28 03:00,4230.10,4236.00,4224.10,4230.50,5066
2026-09-28 04:00,4229.50,4233.10,4226.80,4227.40,2985
2026-09-28 05:00,4227.20,4231.00,4211.40,4212.10,7493
2026-09-28 06:00,4212.00,4213.80,4194.30,4196.70,11616
2026-09-28 07:00,4196.50,4198.50,4182.70,4187.50,12233
2026-09-28 08:00,4187.40,4191.20,4174.70,4176.80,11725
2026-09-28 09:00,4176.40,4190.00,4172.70,4188.10,8941
2026-09-28 10:00,4188.20,4191.80,4184.00,4187.50,4884
2026-09-28 11:00,4187.80,4193.00,4179.60,4181.00,7927
2026-09-28 12:00,4180.90,4203.80,4175.00,4186.40,16153
2026-09-28 13:00,4186.10,4193.20,4168.00,4189.10,16868
2026-09-28 14:00,4189.10,4189.30,4143.10,4150.70,20194
2026-09-28 15:00,4150.70,4160.90,4147.70,4156.40,13230
2026-09-28 16:00,4156.60,4181.00,4148.60,4162.40,19791
2026-09-28 17:00,4162.10,4179.60,4158.70,4167.30,14164
2026-09-28 18:00,4167.30,4175.30,4164.10,4172.00,4305
2026-09-28 19:00,4172.20,4172.40,4155.20,4156.30,6038
2026-09-28 20:00,4156.10,4156.90,4144.20,4148.50,3579
2026-09-28 22:00,4150.10,4159.20,4147.80,4154.10,0
2026-09-28 23:00,4154.00,4161.40,4153.50,4159.60,1431
2026-09-29 00:00,4160.00,4160.30,4146.20,4150.00,3687
2026-09-29 01:00,4149.30,4168.60,4145.20,4166.90,7467
2026-09-29 02:00,4167.10,4170.70,4157.80,4168.70,5196
2026-09-29 03:00,4169.10,4171.80,4162.80,4164.10,5206
2026-09-29 04:00,4165.10,4165.60,4155.90,4158.20,3311
2026-09-29 05:00,4157.90,4176.20,4153.10,4169.90,4946
2026-09-29 06:00,4170.10,4179.50,4169.80,4171.70,4647
2026-09-29 07:00,4171.90,4180.90,4167.40,4172.40,5261
2026-09-29 08:00,4172.90,4178.30,4169.20,4171.60,3367
2026-09-29 09:00,4171.00,4181.20,4170.70,4178.00,5015
2026-09-29 10:00,4178.00,4186.80,4175.40,4185.60,4320
2026-09-29 11:00,4185.80,4193.30,4181.50,4185.70,7016
2026-09-29 12:00,4185.50,4190.90,4180.60,4183.00,6236
2026-09-29 13:00,4183.00,4196.80,4182.50,4189.80,11547
2026-09-29 14:00,4189.50,4207.20,4188.50,4202.00,13676
2026-09-29 15:00,4202.20,4202.20,4180.00,4190.40,12891
2026-09-29 16:00,4190.50,4190.90,4176.70,4177.80,5903
2026-09-29 17:00,4177.80,4181.20,4174.40,4176.40,6866
2026-09-29 18:00,4176.50,4209.00,4176.50,4203.70,19172
2026-09-29 19:00,4203.70,4210.10,4200.40,4209.90,4541
2026-09-29 20:00,4209.90,4218.10,4204.20,4215.00,2816
2026-09-29 22:00,4216.20,4217.30,4209.20,4211.30,0
2026-09-29 23:00,4211.50,4219.70,4211.00,4216.80,1490
2026-09-30 00:00,4216.70,4219.50,4208.10,4208.10,2386
2026-09-30 01:00,4208.30,4213.30,4198.60,4203.60,4476
2026-09-30 02:00,4203.50,4216.00,4202.70,4210.90,3855
2026-09-30 03:00,4211.00,4214.20,4203.20,4205.50,2368
2026-09-30 04:00,4204.70,4217.40,4204.30,4211.40,2197
2026-09-30 05:00,4211.00,4214.80,4197.60,4210.20,3735
2026-09-30 06:00,4209.80,4227.00,4208.30,4222.60,5250
2026-09-30 07:00,4222.60,4233.20,4221.60,4225.50,6277
2026-09-30 08:00,4225.60,4234.00,4222.80,4223.40,4536
2026-09-30 09:00,4223.40,4227.00,4214.30,4219.30,5634
2026-09-30 10:00,4219.40,4222.20,4212.50,4216.00,3237
2026-09-30 11:00,4215.90,4223.80,4207.80,4218.30,4889
2026-09-30 12:00,4217.90,4251.10,4213.90,4240.20,20711
2026-09-30 13:00,4240.30,4246.50,4207.50,4208.60,15145
2026-09-30 14:00,4208.80,4215.00,4195.10,4196.40,16703
2026-09-30 15:00,4196.60,4199.50,4182.10,4188.20,16202
2026-09-30 16:00,4188.60,4194.20,4185.80,4189.10,9033
2026-09-30 17:00,4189.20,4190.10,4178.20,4182.70,9393
2026-09-30 18:00,4182.40,4186.70,4178.50,4182.70,5615
2026-09-30 19:00,4182.80,4189.20,4180.50,4187.90,5742
2026-09-30 20:00,4188.00,4192.30,4183.40,4189.10,1955
2026-09-30 22:00,4190.10,4192.00,4183.40,4184.50,0
2026-09-30 23:00,4184.40,4187.00,4181.80,4186.20,908
2026-10-01 00:00,4186.10,4186.20,4169.40,4175.30,3909
2026-10-01 01:00,4175.50,4194.60,4175.20,4186.20,3673
2026-10-01 02:00,4186.10,4191.40,4180.90,4190.30,2350
2026-10-01 03:00,4190.30,4206.40,4188.80,4205.40,2976
2026-10-01 04:00,4205.00,4210.30,4200.80,4209.50,2315
2026-10-01 05:00,4209.90,4222.80,4209.00,4217.80,4030
2026-10-01 06:00,4217.60,4222.10,4210.40,4211.60,4720
2026-10-01 07:00,4211.50,4213.50,4184.20,4193.70,7684
2026-10-01 08:00,4193.80,4197.90,4178.40,4182.80,5374
2026-10-01 09:00,4182.30,4193.50,4182.10,4184.10,3812
2026-10-01 10:00,4184.10,4207.60,4179.90,4206.30,4623
2026-10-01 10:53,4207.00,4207.00,4207.00,4207.00,0
