zeit_utc,open,high,low,close,volume
2026-07-21 04:00,4051.70,4056.60,4048.40,4049.50,942
2026-07-21 04:30,4049.50,4054.60,4049.00,4054.30,608
2026-07-21 05:00,4054.10,4061.50,4051.10,4058.90,1736
2026-07-21 05:30,4059.70,4072.80,4059.50,4066.00,4616
2026-07-21 06:00,4066.00,4079.00,4066.00,4076.90,2869
2026-07-21 06:30,4077.10,4088.40,4076.20,4083.00,4978
2026-07-21 07:00,4083.30,4084.80,4072.60,4074.10,2878
2026-07-21 07:30,4073.90,4079.90,4072.10,4075.70,2546
2026-07-21 08:00,4075.60,4076.90,4067.30,4067.90,2008
2026-07-21 08:30,4067.70,4069.70,4063.60,4067.40,3054
2026-07-21 09:00,4067.70,4072.80,4066.70,4067.30,2758
2026-07-21 09:30,4067.40,4074.40,4065.40,4070.20,2919
2026-07-21 10:00,4070.50,4074.00,4065.10,4071.70,1813
2026-07-21 10:30,4071.60,4074.80,4067.00,4067.30,2458
2026-07-21 11:00,4067.70,4068.30,4059.90,4062.60,2009
2026-07-21 11:30,4062.80,4066.30,4058.90,4060.60,1398
2026-07-21 12:00,4060.50,4070.40,4060.30,4066.00,2833
2026-07-21 12:30,4066.30,4068.20,4055.00,4058.00,4408
2026-07-21 13:00,4058.30,4066.10,4054.30,4055.20,3642
2026-07-21 13:30,4055.50,4061.70,4048.40,4057.20,5644
2026-07-21 14:00,4057.50,4074.10,4055.40,4074.10,6712
2026-07-21 14:30,4074.00,4079.10,4066.80,4072.90,5988
2026-07-21 15:00,4072.50,4083.80,4069.80,4081.40,4822
2026-07-21 15:30,4080.90,4088.00,4075.80,4078.60,4608
2026-07-21 16:00,4078.50,4083.50,4077.40,4080.00,2319
2026-07-21 16:30,4079.80,4080.50,4074.10,4075.90,2057
2026-07-21 17:00,4076.00,4077.20,4073.30,4076.70,2150
2026-07-21 17:30,4076.70,4076.70,4071.00,4073.00,1438
2026-07-21 18:00,4072.90,4092.50,4071.90,4088.70,3351
2026-07-21 18:30,4088.60,4090.40,4083.90,4087.00,1797
2026-07-21 19:00,4087.00,4090.30,4084.70,4088.60,1040
2026-07-21 19:30,4088.80,4089.60,4086.20,4088.60,1589
2026-07-21 20:00,4088.60,4090.90,4085.90,4086.90,993
2026-07-21 20:30,4087.10,4089.80,4080.90,4082.20,1004
2026-07-21 22:00,4084.70,4087.40,4081.00,4086.70,479
2026-07-21 22:30,4086.60,4089.00,4082.00,4084.60,1189
2026-07-21 23:00,4084.40,4086.80,4083.30,4085.20,348
2026-07-21 23:30,4085.30,4087.40,4083.40,4085.20,408
2026-07-22 00:00,4085.50,4103.60,4081.10,4103.00,2883
2026-07-22 00:30,4103.00,4107.50,4094.20,4101.60,2562
2026-07-22 01:00,4102.30,4126.50,4100.80,4120.30,5336
2026-07-22 01:30,4119.40,4128.40,4117.30,4126.00,2094
2026-07-22 02:00,4126.40,4130.50,4123.10,4128.80,1201
2026-07-22 02:30,4128.80,4135.30,4126.60,4134.70,2590
2026-07-22 03:00,4134.80,4146.00,4133.60,4142.80,4053
2026-07-22 03:30,4142.40,4142.40,4134.60,4135.50,1367
2026-07-22 04:00,4135.10,4135.60,4131.00,4133.60,1385
2026-07-22 04:30,4133.70,4133.80,4129.40,4131.80,968
2026-07-22 05:00,4131.60,4134.70,4127.60,4128.30,1458
2026-07-22 05:30,4127.80,4138.60,4127.50,4135.50,1873
2026-07-22 06:00,4135.40,4140.00,4118.20,4121.70,2998
2026-07-22 06:30,4122.20,4124.90,4117.80,4121.00,3603
2026-07-22 07:00,4120.80,4126.90,4116.10,4124.00,2758
2026-07-22 07:30,4124.20,4127.40,4113.30,4114.60,2051
2026-07-22 08:00,4115.00,4122.30,4114.80,4121.80,1415
2026-07-22 08:30,4121.80,4124.40,4117.70,4122.30,1333
2026-07-22 09:00,4122.60,4126.60,4121.70,4122.60,1911
2026-07-22 09:30,4122.90,4125.80,4117.50,4118.80,1804
2026-07-22 10:00,4119.20,4126.10,4119.20,4123.50,1168
2026-07-22 10:30,4123.50,4124.50,4119.90,4121.20,1165
2026-07-22 11:00,4121.80,4127.50,4119.30,4123.20,3296
2026-07-22 11:30,4123.30,4127.90,4117.20,4127.40,2547
2026-07-22 12:00,4127.50,4138.00,4126.30,4137.50,3846
2026-07-22 12:30,4137.80,4139.50,4110.40,4117.00,7427
2026-07-22 13:00,4117.10,4139.80,4117.00,4136.50,4154
2026-07-22 13:30,4136.80,4161.50,4136.80,4160.00,11679
2026-07-22 14:00,4159.80,4168.80,4149.10,4151.10,9629
2026-07-22 14:30,4151.20,4158.20,4148.60,4153.40,3437
2026-07-22 15:00,4153.50,4166.60,4153.40,4162.20,4747
2026-07-22 15:30,4162.30,4171.40,4160.70,4164.10,3952
2026-07-22 16:00,4164.40,4164.50,4153.10,4154.50,4077
2026-07-22 16:30,4154.60,4157.30,4150.10,4152.80,3633
2026-07-22 17:00,4152.80,4153.60,4148.50,4151.60,3601
2026-07-22 17:30,4151.60,4153.10,4143.80,4148.10,2675
2026-07-22 18:00,4147.90,4148.40,4140.20,4140.40,2221
2026-07-22 18:30,4140.90,4144.30,4137.50,4141.80,1608
2026-07-22 19:00,4141.40,4142.50,4137.10,4140.00,1014
2026-07-22 19:30,4139.60,4141.60,4133.90,4136.40,2369
2026-07-22 20:00,4136.40,4142.80,4135.10,4141.70,1401
2026-07-22 20:30,4141.00,4142.40,4133.20,4135.00,763
2026-07-22 22:00,4126.00,4132.20,4074.60,4131.30,1460
2026-07-22 22:30,4131.80,4133.00,4122.70,4124.70,2774
2026-07-22 23:00,4125.10,4127.40,4118.90,4122.70,2582
2026-07-22 23:30,4122.30,4137.10,4121.60,4135.80,1435
2026-07-23 00:00,4136.80,4138.00,4129.00,4132.00,1171
2026-07-23 00:30,4132.00,4136.90,4128.40,4135.30,878
2026-07-23 01:00,4135.20,4144.00,4133.20,4140.20,2612
2026-07-23 01:30,4140.50,4141.90,4116.70,4120.50,3492
2026-07-23 02:00,4120.10,4121.40,4114.70,4118.40,1788
2026-07-23 02:30,4118.30,4131.30,4116.10,4130.80,1419
2026-07-23 03:00,4130.90,4135.60,4126.60,4132.20,1280
2026-07-23 03:30,4132.80,4133.80,4127.20,4127.60,749
2026-07-23 04:00,4127.70,4132.50,4124.80,4132.50,645
2026-07-23 04:30,4132.30,4132.90,4122.50,4123.80,577
2026-07-23 05:00,4124.00,4128.00,4121.60,4128.00,780
2026-07-23 05:30,4128.30,4133.40,4123.30,4126.90,1880
2026-07-23 06:00,4127.10,4131.00,4124.00,4124.90,973
2026-07-23 06:30,4124.80,4126.70,4119.50,4121.60,1176
2026-07-23 07:00,4121.30,4122.20,4104.90,4111.20,3723
2026-07-23 07:30,4111.40,4111.50,4093.00,4098.30,3753
2026-07-23 08:00,4098.50,4100.70,4091.10,4094.40,2217
2026-07-23 08:30,4094.10,4097.40,4089.70,4096.00,2038
2026-07-23 09:00,4095.90,4102.40,4092.20,4093.90,2328
2026-07-23 09:30,4094.20,4097.50,4091.30,4093.20,2279
2026-07-23 10:00,4093.20,4096.00,4088.70,4093.30,1602
2026-07-23 10:30,4092.90,4098.60,4089.80,4096.70,1746
2026-07-23 11:00,4096.60,4097.40,4083.80,4087.10,2637
2026-07-23 11:30,4087.10,4092.50,4075.70,4088.90,4165
2026-07-23 12:00,4088.40,4089.00,4072.80,4077.60,5115
2026-07-23 12:30,4076.80,4077.90,4063.60,4064.60,6246
2026-07-23 13:00,4064.20,4066.40,4042.60,4061.10,13192
2026-07-23 13:30,4060.90,4070.10,4045.30,4045.80,10878
2026-07-23 14:00,4046.10,4060.20,4042.50,4059.60,12129
2026-07-23 14:30,4059.60,4064.70,4054.40,4061.10,4313
2026-07-23 15:00,4061.50,4062.60,4048.00,4049.70,6644
2026-07-23 15:30,4049.50,4056.00,4045.00,4051.20,7844
2026-07-23 16:00,4051.50,4054.60,4048.60,4053.20,6896
2026-07-23 16:30,4053.00,4054.60,4049.80,4054.30,4514
2026-07-23 17:00,4054.50,4057.50,4048.80,4049.70,8573
2026-07-23 17:30,4049.90,4051.80,4043.90,4043.90,3221
2026-07-23 18:00,4044.40,4047.60,4042.50,4047.20,2888
2026-07-23 18:30,4046.80,4050.80,4046.80,4048.80,1244
2026-07-23 19:00,4049.20,4051.50,4045.30,4050.10,1181
2026-07-23 19:30,4050.40,4053.30,4047.00,4052.10,1753
2026-07-23 20:00,4051.90,4053.60,4049.80,4052.60,1318
2026-07-23 20:30,4052.90,4053.20,4049.90,4052.30,458
2026-07-23 22:00,4053.40,4053.50,4050.20,4052.30,386
2026-07-23 22:30,4051.90,4052.90,4050.80,4052.00,460
2026-07-23 23:00,4052.20,4052.40,4049.50,4051.70,566
2026-07-23 23:30,4051.70,4053.80,4048.80,4049.40,866
2026-07-24 00:00,4049.80,4052.30,4043.20,4048.30,1388
2026-07-24 00:30,4049.40,4054.10,4047.20,4052.40,1113
2026-07-24 01:00,4052.90,4053.10,4041.90,4045.00,2277
2026-07-24 01:30,4044.90,4053.30,4043.60,4046.00,1453
2026-07-24 02:00,4045.90,4051.00,4043.30,4048.80,846
2026-07-24 02:30,4049.20,4050.50,4025.30,4026.70,4761
2026-07-24 03:00,4027.10,4036.10,4025.40,4032.50,1328
2026-07-24 03:30,4033.30,4035.40,4030.40,4031.10,478
2026-07-24 04:00,4031.30,4032.70,4029.50,4032.10,969
2026-07-24 04:30,4032.30,4032.90,4027.80,4029.80,657
2026-07-24 05:00,4029.80,4034.60,4024.50,4028.30,1944
2026-07-24 05:30,4028.30,4033.60,4024.00,4025.00,1908
2026-07-24 06:00,4025.20,4041.40,4025.00,4038.80,1752
2026-07-24 06:30,4038.70,4041.40,4034.00,4038.40,1493
2026-07-24 07:00,4038.20,4053.40,4037.50,4051.10,3018
2026-07-24 07:30,4051.70,4056.30,4048.20,4051.10,1733
2026-07-24 08:00,4051.20,4055.30,4047.50,4054.90,1176
2026-07-24 08:30,4054.80,4061.50,4051.40,4060.00,1794
2026-07-24 09:00,4060.40,4064.00,4055.00,4055.60,2840
2026-07-24 09:30,4055.40,4062.60,4054.20,4062.60,1680
2026-07-24 10:00,4062.60,4066.60,4060.40,4064.50,1406
2026-07-24 10:30,4064.40,4067.00,4059.40,4062.20,1454
2026-07-24 11:00,4062.50,4065.90,4060.80,4061.60,1700
2026-07-24 11:30,4061.20,4063.90,4053.50,4060.20,2789
2026-07-24 12:00,4060.60,4062.90,4054.50,4062.10,2546
2026-07-24 12:30,4061.90,4062.10,4054.20,4058.50,2041
2026-07-24 13:00,4058.80,4061.00,4046.90,4048.80,4048
2026-07-24 13:30,4048.50,4071.50,4047.00,4070.00,6393
2026-07-24 14:00,4069.90,4073.00,4060.30,4068.90,7934
2026-07-24 14:30,4069.00,4071.10,4061.40,4066.20,3621
2026-07-24 15:00,4066.10,4085.20,4064.70,4077.90,11619
2026-07-24 15:30,4078.20,4082.50,4073.50,4079.90,5901
2026-07-24 16:00,4080.30,4080.90,4076.10,4076.60,2207
2026-07-24 16:30,4076.60,4076.60,4066.50,4069.50,3047
2026-07-24 17:00,4069.70,4072.80,4065.30,4071.30,6275
2026-07-24 17:30,4071.20,4072.70,4065.30,4065.80,2315
2026-07-24 18:00,4066.00,4067.30,4057.20,4057.70,3214
2026-07-24 18:30,4057.80,4059.40,4053.50,4056.70,1991
2026-07-24 19:00,4056.90,4058.70,4051.30,4053.80,1351
2026-07-24 19:30,4053.70,4060.20,4053.20,4056.10,1601
2026-07-24 20:00,4055.90,4057.80,4054.10,4055.90,961
2026-07-24 20:30,4056.10,4070.80,4053.90,4070.80,1006
2026-07-26 22:00,4091.50,4093.20,4086.90,4089.90,887
2026-07-26 22:30,4089.40,4096.50,4088.80,4092.20,1461
2026-07-26 23:00,4092.90,4094.10,4085.80,4086.70,666
2026-07-26 23:30,4087.30,4099.00,4087.30,4096.90,885
2026-07-27 00:00,4097.20,4119.30,4093.20,4097.50,4896
2026-07-27 00:30,4097.30,4111.60,4096.40,4102.60,1974
2026-07-27 01:00,4103.10,4114.80,4098.90,4101.80,2639
2026-07-27 01:30,4102.50,4112.00,4099.80,4112.00,1219
2026-07-27 02:00,4112.20,4112.90,4103.70,4105.20,1051
2026-07-27 02:30,4104.60,4105.00,4095.60,4095.70,1045
2026-07-27 03:00,4095.50,4097.80,4087.30,4087.30,1413
2026-07-27 03:30,4087.40,4093.20,4087.00,4092.50,865
2026-07-27 04:00,4093.00,4095.00,4088.90,4091.20,690
2026-07-27 04:30,4091.00,4094.30,4091.00,4091.70,372
2026-07-27 05:00,4092.50,4097.00,4088.20,4089.00,699
2026-07-27 05:30,4088.80,4095.70,4086.50,4095.30,1102
2026-07-27 06:00,4094.90,4098.60,4093.30,4097.70,1502
2026-07-27 06:30,4098.10,4101.40,4096.50,4098.40,1276
2026-07-27 07:00,4098.20,4108.30,4098.00,4105.40,2441
2026-07-27 07:30,4105.40,4105.80,4090.50,4090.70,1976
2026-07-27 08:00,4090.90,4094.80,4088.80,4093.00,2657
2026-07-27 08:30,4092.50,4098.70,4089.00,4097.70,1065
2026-07-27 09:00,4096.80,4100.30,4092.80,4093.50,2061
2026-07-27 09:30,4093.30,4102.70,4091.80,4098.90,3575
2026-07-27 10:00,4098.80,4098.80,4088.40,4095.10,1528
2026-07-27 10:30,4095.60,4104.60,4095.00,4102.10,3500
2026-07-27 11:00,4102.20,4107.00,4098.80,4098.80,1821
2026-07-27 11:30,4098.90,4102.20,4095.60,4095.90,2091
2026-07-27 12:00,4096.10,4099.80,4083.10,4088.10,4937
2026-07-27 12:30,4088.90,4091.10,4082.40,4085.20,6176
2026-07-27 13:00,4085.80,4090.80,4077.70,4077.80,8002
2026-07-27 13:30,4078.00,4091.80,4071.60,4075.80,9549
2026-07-27 14:00,4075.90,4081.00,4068.60,4069.80,10375
2026-07-27 14:30,4070.40,4079.60,4067.10,4078.40,6011
2026-07-27 15:00,4078.30,4081.80,4073.90,4078.90,7584
2026-07-27 15:30,4078.60,4082.20,4074.80,4080.60,3510
2026-07-27 16:00,4080.80,4090.90,4079.90,4087.10,3761
2026-07-27 16:30,4087.00,4095.70,4082.50,4084.10,3552
2026-07-27 17:00,4084.00,4084.10,4072.20,4076.40,8146
2026-07-27 17:30,4076.50,4079.00,4073.90,4078.20,1340
2026-07-27 18:00,4078.20,4081.00,4075.90,4078.60,1447
2026-07-27 18:30,4078.40,4081.20,4074.50,4079.80,2441
2026-07-27 19:00,4079.90,4090.90,4078.00,4087.80,2373
2026-07-27 19:30,4088.00,4091.80,4084.50,4085.50,1752
2026-07-27 20:00,4085.40,4086.40,4079.80,4081.00,1246
2026-07-27 20:30,4081.10,4081.60,4077.60,4078.60,852
2026-07-27 22:00,4083.00,4085.70,4072.30,4073.90,711
2026-07-27 22:30,4073.70,4076.40,4073.70,4075.10,338
2026-07-27 23:00,4075.40,4076.10,4073.10,4074.50,363
2026-07-27 23:30,4074.20,4074.90,4071.00,4074.40,272
2026-07-28 00:00,4074.40,4075.50,4059.60,4062.90,2438
2026-07-28 00:30,4063.30,4066.90,4058.10,4058.50,1346
2026-07-28 01:00,4058.30,4061.20,4046.20,4048.20,3637
2026-07-28 01:30,4047.10,4051.20,4042.90,4045.70,1398
2026-07-28 02:00,4045.90,4049.70,4042.80,4046.60,1278
2026-07-28 02:30,4046.10,4048.20,4041.10,4042.30,1316
2026-07-28 03:00,4042.30,4049.80,4040.70,4048.10,1192
2026-07-28 03:30,4047.70,4051.50,4047.70,4049.60,748
2026-07-28 04:00,4049.00,4049.70,4043.20,4045.60,927
2026-07-28 04:30,4045.80,4048.00,4041.20,4042.10,762
2026-07-28 05:00,4041.90,4043.80,4039.60,4043.30,1091
2026-07-28 05:30,4042.70,4046.90,4034.60,4045.20,1740
2026-07-28 06:00,4045.50,4050.00,4042.90,4048.10,1045
2026-07-28 06:30,4047.80,4052.80,4047.10,4048.70,2993
2026-07-28 07:00,4048.30,4052.90,4047.70,4050.40,7105
2026-07-28 07:30,4050.60,4051.30,4045.80,4047.30,4612
2026-07-28 08:00,4047.30,4055.60,4043.10,4049.90,1991
2026-07-28 08:30,4050.10,4050.10,4041.90,4045.70,1998
2026-07-28 09:00,4045.50,4046.10,4039.20,4040.10,1679
2026-07-28 09:30,4040.00,4040.40,4018.10,4023.30,7935
2026-07-28 10:00,4023.10,4027.20,4016.50,4016.80,6448
2026-07-28 10:30,4016.80,4028.20,4016.60,4025.60,4971
2026-07-28 11:00,4026.00,4031.90,4022.50,4027.20,2491
2026-07-28 11:30,4026.80,4031.10,4023.20,4027.80,2690
2026-07-28 12:00,4027.30,4034.60,4022.20,4034.10,5212
2026-07-28 12:30,4034.10,4037.90,4024.80,4029.40,6561
2026-07-28 13:00,4029.40,4036.10,4028.50,4028.70,4231
2026-07-28 13:30,4028.70,4032.80,4019.30,4021.40,11634
2026-07-28 14:00,4021.90,4034.10,4011.10,4022.00,11109
2026-07-28 14:30,4021.90,4029.40,4018.50,4023.80,5165
2026-07-28 15:00,4024.60,4041.30,4021.90,4035.60,8272
2026-07-28 15:30,4035.70,4047.40,4032.30,4046.50,7245
2026-07-28 16:00,4046.70,4046.80,4042.10,4042.30,5609
2026-07-28 16:30,4042.50,4044.10,4036.60,4037.60,6774
2026-07-28 17:00,4037.90,4041.90,4035.30,4037.90,12458
2026-07-28 17:30,4038.10,4038.10,4025.30,4028.00,5600
2026-07-28 18:00,4028.10,4030.50,4026.00,4027.20,1727
2026-07-28 18:30,4027.40,4027.70,4021.40,4023.10,1307
2026-07-28 19:00,4022.80,4025.60,4021.50,4022.60,2406
2026-07-28 19:30,4023.10,4038.70,4022.30,4025.90,2268
2026-07-28 20:00,4025.80,4027.50,4022.20,4027.10,1278
2026-07-28 20:30,4027.10,4030.60,4026.50,4028.80,814
2026-07-28 22:00,4020.90,4034.00,4016.10,4020.40,499
2026-07-28 22:30,4020.10,4020.50,4013.20,4017.90,563
2026-07-28 23:00,4017.40,4022.40,4015.00,4017.40,348
2026-07-28 23:30,4018.70,4026.00,4017.10,4024.30,427
2026-07-29 00:00,4025.00,4030.70,4017.10,4022.40,606
2026-07-29 00:30,4022.90,4027.70,4020.00,4021.30,279
2026-07-29 01:00,4021.00,4021.00,4009.30,4017.70,801
2026-07-29 01:30,4016.00,4030.00,4014.40,4025.00,464
2026-07-29 02:00,4025.00,4034.30,4022.30,4032.00,458
2026-07-29 02:30,4032.30,4036.80,4028.30,4028.30,333
2026-07-29 03:00,4028.20,4031.40,4024.70,4025.10,202
2026-07-29 03:30,4024.90,4027.80,4021.50,4021.50,337
2026-07-29 04:00,4022.00,4023.70,4019.30,4021.30,310
2026-07-29 04:30,4021.70,4026.00,4021.70,4025.40,380
2026-07-29 05:00,4025.90,4029.90,4025.30,4028.60,436
2026-07-29 05:30,4028.80,4038.20,4028.30,4031.30,797
2026-07-29 06:00,4032.20,4040.80,4032.20,4039.00,554
2026-07-29 06:30,4039.20,4043.20,4038.40,4039.80,1953
2026-07-29 07:00,4039.90,4046.70,4039.90,4045.10,1118
2026-07-29 07:30,4045.10,4106.70,4044.60,4102.60,11489
2026-07-29 08:00,4103.00,4103.50,4094.60,4096.30,2432
2026-07-29 08:30,4096.30,4099.40,4094.70,4096.50,1799
2026-07-29 09:00,4096.80,4097.60,4092.50,4092.60,1703
2026-07-29 09:30,4093.00,4095.50,4090.40,4091.90,1909
2026-07-29 10:00,4091.50,4093.10,4089.20,4092.30,1733
2026-07-29 10:30,4092.00,4093.70,4085.10,4086.10,2595
2026-07-29 11:00,4086.80,4092.70,4084.00,4091.70,1392
2026-07-29 11:30,4092.00,4095.40,4089.60,4091.50,3708
2026-07-29 12:00,4091.70,4092.50,4070.80,4072.00,7016
2026-07-29 12:30,4071.20,4082.30,4067.40,4080.90,5516
2026-07-29 13:00,4081.30,4084.80,4071.90,4072.50,7822
2026-07-29 13:30,4072.80,4075.70,4060.30,4064.80,9418
2026-07-29 14:00,4065.10,4068.40,4053.90,4063.90,13920
2026-07-29 14:30,4063.60,4067.80,4056.40,4063.20,5756
2026-07-29 15:00,4063.60,4069.90,4061.70,4069.10,4046
2026-07-29 15:30,4069.20,4072.20,4065.40,4068.50,3872
2026-07-29 16:00,4068.50,4076.40,4066.30,4075.10,4705
2026-07-29 16:30,4075.00,4091.70,4073.40,4086.10,4465
2026-07-29 17:00,4086.20,4109.30,4086.10,4097.20,11279
2026-07-29 17:30,4097.10,4106.40,4094.10,4102.90,6479
2026-07-29 18:00,4103.10,4149.40,4101.30,4127.00,15844
2026-07-29 18:30,4126.60,4170.30,4111.10,4166.80,14534
2026-07-29 19:00,4167.10,4176.80,4140.10,4143.60,9082
2026-07-29 19:30,4143.70,4147.80,4103.80,4104.70,8958
2026-07-29 20:00,4104.20,4116.20,4101.70,4114.20,3430
2026-07-29 20:30,4114.20,4128.90,4112.70,4126.00,2468
2026-07-29 22:00,4126.70,4135.50,4121.10,4132.70,1137
2026-07-29 22:30,4132.50,4148.20,4130.50,4146.30,1632
2026-07-29 23:00,4146.50,4158.00,4146.20,4151.10,1460
2026-07-29 23:30,4151.60,4152.50,4142.00,4142.00,942
2026-07-30 00:00,4142.50,4144.30,4130.10,4132.60,1742
2026-07-30 00:30,4133.80,4134.30,4122.30,4129.70,2105
2026-07-30 01:00,4130.00,4151.50,4127.80,4139.00,4073
2026-07-30 01:30,4138.80,4149.00,4138.20,4142.40,1618
2026-07-30 02:00,4142.10,4148.00,4137.50,4140.50,941
2026-07-30 02:30,4140.20,4140.20,4120.70,4121.40,1772
2026-07-30 03:00,4121.10,4127.50,4109.90,4111.10,1993
2026-07-30 03:30,4111.30,4116.90,4107.60,4114.10,1628
2026-07-30 04:00,4115.90,4117.10,4107.60,4110.70,1018
2026-07-30 04:30,4110.90,4110.90,4100.30,4102.50,1748
2026-07-30 05:00,4102.20,4104.00,4093.90,4103.50,1667
2026-07-30 05:30,4103.20,4108.00,4085.00,4090.40,3190
2026-07-30 06:00,4090.80,4096.40,4086.30,4090.50,1989
2026-07-30 06:30,4090.10,4098.10,4088.30,4093.80,2333
2026-07-30 07:00,4093.80,4108.50,4092.70,4103.20,3488
2026-07-30 07:30,4103.00,4104.70,4093.00,4096.10,3343
2026-07-30 08:00,4096.10,4126.40,4093.90,4122.00,3420
2026-07-30 08:30,4122.10,4130.90,4117.20,4119.20,3660
2026-07-30 09:00,4119.40,4130.30,4118.30,4125.60,2712
2026-07-30 09:30,4125.50,4131.50,4118.40,4121.50,3294
2026-07-30 10:00,4121.80,4136.30,4121.20,4134.80,3680
2026-07-30 10:30,4134.80,4142.20,4133.50,4136.40,2549
2026-07-30 11:00,4136.50,4141.50,4134.90,4136.60,1428
2026-07-30 11:30,4136.70,4138.90,4133.60,4136.00,1677
2026-07-30 12:00,4136.00,4141.00,4129.80,4135.40,3073
2026-07-30 12:30,4139.00,4145.40,4125.40,4127.40,4461
2026-07-30 13:00,4127.30,4142.20,4123.20,4138.60,4324
2026-07-30 13:30,4138.60,4172.50,4133.20,4172.00,13520
2026-07-30 14:00,4172.10,4180.20,4145.60,4155.20,17236
2026-07-30 14:30,4155.30,4172.70,4154.00,4159.10,5691
2026-07-30 15:00,4159.40,4159.40,4141.90,4155.10,5902
2026-07-30 15:30,4155.00,4169.20,4151.80,4167.00,3468
2026-07-30 16:00,4166.80,4178.30,4166.80,4175.40,3788
2026-07-30 16:30,4175.40,4175.50,4165.60,4169.80,2344
2026-07-30 17:00,4169.80,4170.20,4157.10,4160.80,4150
2026-07-30 17:30,4160.50,4167.40,4158.90,4161.50,2601
2026-07-30 18:00,4161.50,4165.80,4159.90,4162.30,1659
2026-07-30 18:30,4162.90,4166.80,4157.70,4158.80,1467
2026-07-30 19:00,4158.70,4174.10,4158.00,4172.00,2299
2026-07-30 19:30,4171.50,4174.50,4168.20,4171.20,1477
2026-07-30 20:00,4171.30,4176.70,4169.30,4171.30,1818
2026-07-30 20:30,4171.40,4171.80,4158.00,4162.80,1432
2026-07-30 22:00,4163.90,4166.80,4158.00,4165.80,520
2026-07-30 22:30,4165.80,4169.80,4165.40,4167.40,648
2026-07-30 23:00,4168.10,4170.70,4161.80,4162.80,684
2026-07-30 23:30,4162.80,4168.80,4160.80,4164.40,716
2026-07-31 00:00,4164.80,4165.40,4154.50,4154.90,954
2026-07-31 00:30,4155.10,4156.30,4149.00,4153.50,872
2026-07-31 01:00,4153.50,4160.00,4144.50,4150.30,2206
2026-07-31 01:30,4150.30,4150.30,4140.00,4142.50,1695
2026-07-31 02:00,4142.70,4148.80,4139.80,4140.30,1290
2026-07-31 02:30,4140.00,4142.50,4132.50,4134.10,1581
2026-07-31 03:00,4134.00,4134.30,4129.70,4133.20,991
2026-07-31 03:30,4133.30,4137.40,4132.00,4133.10,819
2026-07-31 04:00,4132.60,4138.10,4131.00,4138.00,1223
2026-07-31 04:30,4137.90,4139.50,4132.50,4137.60,1006
2026-07-31 05:00,4138.00,4141.30,4137.50,4138.90,724
2026-07-31 05:30,4139.00,4139.70,4131.00,4132.10,1283
2026-07-31 06:00,4132.40,4145.30,4130.50,4143.20,1454
2026-07-31 06:30,4142.70,4142.70,4134.20,4135.40,1119
2026-07-31 07:00,4135.00,4136.80,4129.50,4130.50,1481
2026-07-31 07:30,4130.20,4132.00,4124.70,4125.10,2420
2026-07-31 08:00,4125.40,4125.40,4114.90,4115.70,2800
2026-07-31 08:30,4115.70,4121.30,4110.80,4117.60,2813
2026-07-31 09:00,4117.30,4120.80,4107.80,4108.70,2518
2026-07-31 09:30,4108.40,4113.60,4106.50,4111.30,1682
2026-07-31 10:00,4111.20,4114.70,4108.40,4109.60,1128
2026-07-31 10:30,4109.20,4113.50,4109.20,4110.80,883
2026-07-31 11:00,4110.70,4117.40,4108.20,4115.00,1428
2026-07-31 11:30,4114.90,4115.00,4106.70,4110.00,1657
2026-07-31 12:00,4110.30,4115.70,4103.10,4103.50,2801
2026-07-31 12:30,4103.40,4107.80,4096.40,4096.80,6479
2026-07-31 13:00,4096.60,4103.40,4090.50,4098.90,6697
2026-07-31 13:30,4098.50,4100.20,4077.60,4081.50,10494
2026-07-31 14:00,4080.80,4096.50,4076.40,4095.10,7047
2026-07-31 14:30,4094.90,4106.90,4092.80,4105.60,4183
2026-07-31 15:00,4105.80,4109.10,4096.60,4097.30,6477
2026-07-31 15:30,4097.30,4103.00,4093.00,4101.80,3096
2026-07-31 16:00,4101.80,4104.60,4097.60,4103.60,1929
2026-07-31 16:30,4103.70,4106.00,4097.20,4099.30,1973
2026-07-31 17:00,4099.20,4109.80,4097.30,4106.60,4319
2026-07-31 17:30,4106.80,4111.00,4103.80,4109.80,3128
2026-07-31 18:00,4110.00,4111.30,4102.90,4107.10,1776
2026-07-31 18:30,4107.00,4107.80,4103.90,4106.60,1116
2026-07-31 19:00,4106.80,4109.00,4102.60,4106.40,1328
2026-07-31 19:30,4106.40,4111.90,4104.90,4107.70,2087
2026-07-31 20:00,4107.60,4108.40,4101.90,4104.40,948
2026-07-31 20:30,4104.30,4109.20,4097.40,4107.00,1565
2026-08-02 22:00,4131.10,4135.80,4120.40,4122.70,1415
2026-08-02 22:30,4122.70,4124.90,4119.50,4119.90,1117
2026-08-02 23:00,4120.00,4128.40,4119.00,4127.90,832
2026-08-02 23:30,4127.80,4130.50,4123.70,4130.40,805
2026-08-03 00:00,4130.50,4134.70,4117.00,4119.60,1533
2026-08-03 00:30,4119.80,4125.40,4111.10,4112.80,1785
2026-08-03 01:00,4112.90,4119.00,4102.70,4108.20,2328
2026-08-03 01:30,4108.40,4113.40,4103.00,4112.70,1674
2026-08-03 02:00,4112.70,4116.70,4107.80,4113.60,1209
2026-08-03 02:30,4113.90,4122.30,4108.00,4117.80,1525
2026-08-03 03:00,4117.60,4123.20,4116.20,4119.00,1219
2026-08-03 03:30,4119.30,4122.10,4114.20,4120.00,617
2026-08-03 04:00,4120.40,4126.20,4119.40,4123.60,1086
2026-08-03 04:30,4123.50,4127.20,4119.20,4119.20,617
2026-08-03 05:00,4119.00,4120.40,4109.10,4115.50,1151
2026-08-03 05:30,4115.30,4125.20,4110.30,4124.20,1679
2026-08-03 06:00,4124.30,4127.30,4120.90,4123.60,1797
2026-08-03 06:30,4123.50,4124.10,4115.70,4118.90,1645
2026-08-03 07:00,4119.00,4120.50,4107.30,4114.20,2261
2026-08-03 07:30,4113.90,4119.00,4112.00,4117.10,1146
2026-08-03 08:00,4117.00,4118.00,4110.00,4111.30,957
2026-08-03 08:30,4111.30,4116.70,4110.40,4115.00,1135
2026-08-03 09:00,4115.30,4117.70,4108.00,4108.40,1176
2026-08-03 09:30,4108.50,4114.40,4102.30,4111.60,3430
2026-08-03 10:00,4111.60,4113.60,4108.30,4110.00,798
2026-08-03 10:30,4110.00,4110.10,4101.90,4105.40,1195
2026-08-03 11:00,4105.70,4109.20,4101.70,4104.70,999
2026-08-03 11:30,4104.50,4119.40,4104.00,4118.90,1980
2026-08-03 12:00,4119.00,4121.10,4104.60,4107.00,2672
2026-08-03 12:30,4107.20,4109.00,4098.10,4103.40,2527
2026-08-03 13:00,4103.60,4109.80,4086.50,4089.50,6239
2026-08-03 13:30,4089.60,4091.00,4074.00,4087.20,8267
2026-08-03 14:00,4086.60,4091.40,4081.60,4087.60,5223
2026-08-03 14:30,4087.60,4094.90,4087.10,4091.60,3210
2026-08-03 15:00,4091.70,4093.60,4085.50,4087.90,3026
2026-08-03 15:30,4088.00,4096.40,4086.10,4091.60,2628
2026-08-03 16:00,4091.60,4094.10,4089.90,4092.50,1483
2026-08-03 16:30,4092.50,4094.80,4091.20,4092.40,1266
2026-08-03 17:00,4092.70,4093.50,4088.70,4090.00,2316
2026-08-03 17:30,4090.10,4092.70,4085.90,4086.40,1448
2026-08-03 18:00,4086.40,4094.90,4085.40,4093.90,2104
2026-08-03 18:30,4093.70,4101.00,4092.40,4099.60,1461
2026-08-03 19:00,4099.50,4110.20,4099.50,4108.80,2377
2026-08-03 19:30,4108.90,4112.00,4107.70,4108.20,1976
2026-08-03 20:00,4108.30,4111.90,4106.20,4110.20,698
2026-08-03 20:30,4110.60,4115.00,4110.00,4110.90,1049
2026-08-03 22:00,4109.60,4110.30,4104.60,4107.50,363
2026-08-03 22:30,4107.80,4109.60,4106.80,4108.60,336
2026-08-03 23:00,4108.60,4110.80,4105.50,4107.30,1343
2026-08-03 23:30,4107.40,4109.60,4106.60,4109.30,529
2026-08-04 00:00,4109.20,4125.10,4108.70,4114.60,1965
2026-08-04 00:30,4114.90,4116.30,4104.10,4104.90,1508
2026-08-04 01:00,4104.80,4108.00,4098.20,4104.70,2036
2026-08-04 01:30,4105.00,4117.60,4104.00,4114.80,1554
2026-08-04 02:00,4114.80,4116.80,4111.10,4112.20,874
2026-08-04 02:30,4112.20,4120.60,4111.10,4114.60,1144
2026-08-04 03:00,4114.30,4117.50,4112.00,4113.70,724
2026-08-04 03:30,4113.50,4114.20,4107.60,4108.20,1027
2026-08-04 04:00,4107.40,4117.00,4106.40,4116.70,1597
2026-08-04 04:30,4116.80,4121.90,4116.00,4119.30,1375
2026-08-04 05:00,4119.20,4120.40,4112.70,4119.30,1046
2026-08-04 05:30,4119.50,4123.70,4114.10,4117.30,2081
2026-08-04 06:00,4117.90,4122.10,4115.20,4115.60,1133
2026-08-04 06:30,4115.60,4119.70,4111.40,4119.30,1343
2026-08-04 07:00,4119.50,4121.80,4116.60,4119.00,1624
2026-08-04 07:30,4119.00,4122.90,4117.50,4121.80,1302
2026-08-04 08:00,4121.90,4129.60,4116.30,4119.50,2838
2026-08-04 08:30,4119.20,4120.50,4110.10,4110.80,1355
2026-08-04 09:00,4110.50,4111.20,4104.10,4105.90,1717
2026-08-04 09:30,4106.20,4107.20,4102.00,4105.10,1588
2026-08-04 10:00,4105.70,4106.00,4101.40,4104.60,814
2026-08-04 10:30,4105.00,4116.40,4102.00,4109.80,2366
2026-08-04 11:00,4109.40,4117.20,4108.10,4117.10,1183
2026-08-04 11:30,4117.20,4141.80,4116.10,4132.10,7899
2026-08-04 12:00,4132.30,4133.20,4117.60,4124.80,4381
2026-08-04 12:30,4125.00,4141.50,4125.00,4127.80,5417
2026-08-04 13:00,4128.10,4147.90,4117.20,4135.40,8741
2026-08-04 13:30,4135.60,4151.50,4132.80,4140.70,9310
2026-08-04 14:00,4140.70,4149.30,4137.30,4140.40,4827
2026-08-04 14:30,4140.60,4143.70,4131.30,4140.40,5677
2026-08-04 15:00,4140.50,4142.40,4131.00,4135.00,2755
2026-08-04 15:30,4134.40,4145.80,4133.00,4144.20,3683
2026-08-04 16:00,4144.40,4147.00,4139.70,4144.70,2886
2026-08-04 16:30,4144.60,4150.70,4141.60,4150.40,2763
2026-08-04 17:00,4150.20,4163.80,4149.40,4151.90,6805
2026-08-04 17:30,4151.80,4153.50,4143.00,4143.10,2592
2026-08-04 18:00,4142.80,4146.00,4141.20,4141.40,1746
2026-08-04 18:30,4141.60,4142.70,4132.10,4136.80,2430
2026-08-04 19:00,4136.60,4141.90,4135.70,4137.30,2143
2026-08-04 19:30,4137.20,4139.60,4133.30,4135.30,955
2026-08-04 20:00,4135.60,4137.30,4131.40,4132.20,668
2026-08-04 20:30,4132.10,4135.70,4132.00,4134.20,381
2026-08-04 22:00,4133.80,4136.10,4132.10,4135.60,997
2026-08-04 22:30,4136.00,4142.10,4132.40,4132.50,1861
2026-08-04 23:00,4132.80,4134.00,4121.60,4123.70,2499
2026-08-04 23:30,4123.20,4129.50,4122.10,4128.70,699
2026-08-05 00:00,4128.60,4134.90,4126.30,4134.60,727
2026-08-05 00:30,4134.90,4139.30,4133.50,4138.20,867
2026-08-05 01:00,4138.50,4144.70,4133.40,4139.80,1689
2026-08-05 01:30,4140.50,4158.50,4135.70,4157.20,1652
2026-08-05 02:00,4157.20,4165.00,4151.80,4160.10,2913
2026-08-05 02:30,4160.50,4192.60,4158.20,4186.20,7683
2026-08-05 03:00,4186.50,4193.80,4184.30,4187.70,2472
2026-08-05 03:30,4187.80,4188.30,4185.00,4186.60,1225
2026-08-05 04:00,4186.10,4199.50,4186.00,4196.50,3276
2026-08-05 04:30,4196.50,4196.50,4189.90,4193.40,1894
2026-08-05 05:00,4193.30,4200.40,4192.70,4197.90,2043
2026-08-05 05:30,4198.00,4233.00,4197.90,4222.20,12784
2026-08-05 06:00,4222.40,4234.30,4220.20,4228.40,5489
2026-08-05 06:30,4228.30,4237.80,4226.70,4237.10,4346
2026-08-05 07:00,4236.70,4238.50,4221.80,4223.30,3937
2026-08-05 07:30,4223.50,4231.00,4220.90,4229.90,2471
2026-08-05 08:00,4229.90,4231.50,4221.00,4223.80,2466
2026-08-05 08:30,4223.90,4227.10,4218.40,4219.70,3498
2026-08-05 09:00,4220.00,4226.90,4214.60,4216.60,2971
2026-08-05 09:30,4216.60,4218.70,4211.80,4216.90,3288
2026-08-05 10:00,4216.80,4217.30,4209.10,4215.80,2237
2026-08-05 10:30,4216.10,4220.70,4212.70,4220.40,2067
2026-08-05 11:00,4220.60,4240.40,4219.80,4235.50,5072
2026-08-05 11:30,4235.60,4252.20,4233.40,4248.50,8717
2026-08-05 12:00,4248.50,4273.60,4248.50,4265.10,11015
2026-08-05 12:30,4265.30,4268.90,4243.10,4244.10,7015
2026-08-05 13:00,4243.90,4258.30,4243.80,4257.40,8173
2026-08-05 13:30,4257.40,4266.70,4248.70,4265.80,8771
2026-08-05 14:00,4265.10,4300.60,4263.10,4297.10,13958
2026-08-05 14:30,4296.70,4307.80,4288.70,4304.30,10128
2026-08-05 15:00,4303.90,4325.50,4302.40,4317.70,10689
2026-08-05 15:30,4317.50,4319.90,4292.70,4293.00,8116
2026-08-05 16:00,4293.60,4302.60,4285.00,4301.60,6656
2026-08-05 16:30,4301.90,4308.10,4298.60,4302.80,4190
2026-08-05 17:00,4302.90,4307.00,4296.20,4305.00,6406
2026-08-05 17:30,4304.90,4313.00,4301.10,4311.00,3187
2026-08-05 18:00,4310.70,4328.20,4309.60,4323.80,4252
2026-08-05 18:30,4323.20,4324.50,4314.60,4321.20,2419
2026-08-05 19:00,4321.00,4322.70,4311.20,4314.00,2073
2026-08-05 19:30,4313.70,4314.90,4307.00,4307.60,2592
2026-08-05 20:00,4307.90,4310.40,4306.20,4306.60,781
2026-08-05 20:30,4306.80,4310.30,4303.50,4308.00,977
2026-08-05 22:00,4307.00,4315.20,4304.90,4308.20,584
2026-08-05 22:30,4307.60,4310.20,4307.00,4309.50,590
2026-08-05 23:00,4309.40,4323.20,4308.30,4322.20,1530
2026-08-05 23:30,4322.50,4341.10,4319.80,4337.30,3650
2026-08-06 00:00,4337.20,4344.20,4323.50,4334.00,4297
2026-08-06 00:30,4333.60,4360.00,4333.60,4354.70,5127
2026-08-06 01:00,4354.60,4362.70,4332.50,4335.80,7589
2026-08-06 01:30,4335.50,4357.80,4335.30,4346.90,5295
2026-08-06 02:00,4346.70,4363.70,4344.00,4351.10,3581
2026-08-06 02:30,4350.90,4351.50,4334.00,4337.80,2695
2026-08-06 03:00,4337.20,4340.00,4320.20,4325.50,3187
2026-08-06 03:30,4325.20,4326.50,4319.60,4324.90,1205
2026-08-06 04:00,4324.50,4326.10,4312.20,4315.00,1951
2026-08-06 04:30,4315.10,4322.10,4315.10,4321.40,1066
2026-08-06 05:00,4321.30,4324.50,4312.10,4312.90,1417
2026-08-06 05:30,4312.70,4327.50,4306.20,4326.00,2932
2026-08-06 06:00,4325.80,4327.50,4313.40,4316.30,2709
2026-08-06 06:30,4316.40,4317.00,4308.20,4314.70,1897
2026-08-06 07:00,4314.70,4324.00,4311.90,4321.00,2220
2026-08-06 07:30,4320.70,4322.10,4311.70,4321.70,1894
2026-08-06 08:00,4322.00,4329.80,4319.40,4327.30,2536
2026-08-06 08:30,4327.20,4337.70,4325.80,4337.10,2299
2026-08-06 09:00,4337.20,4344.20,4334.70,4341.90,2674
2026-08-06 09:30,4342.30,4343.40,4330.40,4332.60,2263
2026-08-06 10:00,4332.60,4333.10,4326.60,4328.40,1451
2026-08-06 10:30,4328.90,4330.90,4322.80,4330.00,1575
2026-08-06 11:00,4330.00,4332.50,4318.50,4323.40,2302
2026-08-06 11:30,4323.40,4326.10,4312.70,4322.60,3744
2026-08-06 12:00,4322.20,4324.70,4311.70,4320.50,3286
2026-08-06 12:30,4320.80,4330.10,4307.00,4308.60,7264
2026-08-06 13:00,4308.50,4314.20,4288.40,4305.90,10547
2026-08-06 13:30,4305.80,4332.90,4304.30,4325.90,10773
2026-08-06 14:00,4326.10,4334.70,4318.90,4324.80,8128
2026-08-06 14:30,4324.70,4334.60,4321.80,4332.20,4016
2026-08-06 15:00,4332.20,4333.60,4309.30,4313.40,7917
2026-08-06 15:30,4313.70,4314.20,4285.20,4291.50,7847
2026-08-06 16:00,4291.80,4300.80,4281.20,4288.20,7607
2026-08-06 16:30,4288.30,4300.60,4288.10,4299.40,3966
2026-08-06 17:00,4299.60,4303.00,4297.10,4300.50,3542
2026-08-06 17:30,4300.20,4307.00,4297.10,4305.80,2311
2026-08-06 18:00,4305.90,4308.00,4302.60,4305.10,1121
2026-08-06 18:30,4305.00,4306.00,4299.20,4302.20,1085
2026-08-06 19:00,4302.10,4309.80,4294.20,4296.50,2333
2026-08-06 19:30,4296.60,4309.30,4292.00,4307.80,2797
2026-08-06 20:00,4307.70,4309.10,4298.60,4300.80,1121
2026-08-06 20:30,4300.50,4301.20,4293.60,4298.70,837
2026-08-06 22:00,4298.30,4301.80,4293.90,4301.20,737
2026-08-06 22:30,4300.90,4301.70,4296.90,4298.30,501
2026-08-06 23:00,4298.60,4304.90,4298.40,4303.70,636
2026-08-06 23:30,4303.50,4311.80,4303.30,4311.00,1376
2026-08-07 00:00,4310.70,4311.40,4297.50,4302.10,1194
2026-08-07 00:30,4302.00,4302.00,4288.00,4291.20,1928
2026-08-07 01:00,4290.90,4308.40,4289.80,4302.10,1958
2026-08-07 01:30,4302.10,4317.50,4297.70,4314.70,2684
2026-08-07 02:00,4314.60,4320.80,4314.00,4319.40,1948
2026-08-07 02:30,4319.90,4320.40,4305.40,4309.10,2121
2026-08-07 03:00,4309.10,4318.10,4308.30,4317.30,1581
2026-08-07 03:30,4317.40,4325.00,4316.60,4322.80,1362
2026-08-07 04:00,4325.30,4328.40,4321.10,4324.40,2353
2026-08-07 04:30,4324.30,4327.80,4320.20,4324.10,974
2026-08-07 05:00,4324.10,4330.40,4320.40,4325.70,1786
2026-08-07 05:30,4325.90,4340.00,4325.30,4337.70,3599
2026-08-07 06:00,4337.70,4350.20,4337.10,4341.70,4496
2026-08-07 06:30,4341.90,4358.00,4338.60,4356.30,5037
2026-08-07 07:00,4356.20,4356.90,4343.80,4344.30,3040
2026-08-07 07:30,4344.50,4350.20,4342.00,4348.90,1958
2026-08-07 08:00,4349.20,4360.00,4347.90,4353.80,3256
2026-08-07 08:30,4354.00,4375.90,4353.40,4365.40,5120
2026-08-07 09:00,4365.60,4370.70,4363.60,4365.90,2085
2026-08-07 09:30,4366.40,4380.10,4361.60,4375.60,5554
2026-08-07 10:00,4375.80,4379.00,4367.20,4373.10,2402
2026-08-07 10:30,4373.10,4380.20,4372.40,4376.40,2614
2026-08-07 11:00,4376.30,4386.70,4376.00,4384.40,4236
2026-08-07 11:30,4384.50,4387.10,4380.10,4380.80,3601
2026-08-07 12:00,4380.60,4384.80,4361.00,4370.80,7000
2026-08-07 12:30,4373.00,4432.30,4370.80,4421.90,22412
2026-08-07 13:00,4421.60,4424.60,4398.90,4416.80,9853
2026-08-07 13:30,4416.80,4428.80,4402.50,4408.30,11996
2026-08-07 14:00,4408.40,4413.00,4386.90,4408.70,12260
2026-08-07 14:30,4409.10,4411.00,4400.10,4401.30,6419
2026-08-07 15:00,4401.40,4418.10,4400.00,4410.80,6753
2026-08-07 15:30,4410.90,4413.30,4398.90,4400.40,5013
2026-08-07 16:00,4400.40,4409.40,4393.80,4396.90,4283
2026-08-07 16:30,4396.80,4402.00,4388.80,4389.50,4480
2026-08-07 17:00,4388.70,4401.70,4387.40,4398.90,6187
2026-08-07 17:30,4399.10,4402.50,4389.00,4400.00,4208
2026-08-07 18:00,4399.80,4403.00,4391.90,4394.10,2227
2026-08-07 18:30,4394.30,4399.00,4393.30,4395.60,1710
2026-08-07 19:00,4395.70,4410.60,4395.70,4408.40,2357
2026-08-07 19:30,4408.60,4409.00,4399.60,4403.10,2496
2026-08-07 20:00,4403.00,4404.60,4396.50,4397.30,1638
2026-08-07 20:30,4396.90,4402.60,4395.30,4399.70,951
2026-08-09 22:00,4398.00,4405.50,4397.00,4402.90,690
2026-08-09 22:30,4402.90,4404.40,4398.60,4400.20,407
2026-08-09 23:00,4400.40,4408.00,4399.50,4405.50,698
2026-08-09 23:30,4405.50,4406.50,4390.80,4392.00,966
2026-08-10 00:00,4391.90,4406.00,4391.40,4396.70,1112
2026-08-10 00:30,4396.60,4398.10,4389.80,4391.30,883
2026-08-10 01:00,4391.50,4400.00,4376.70,4376.90,5700
2026-08-10 01:30,4376.70,4384.30,4373.90,4383.00,2056
2026-08-10 02:00,4382.80,4392.10,4379.70,4390.90,1465
2026-08-10 02:30,4391.00,4392.50,4379.00,4380.00,1871
2026-08-10 03:00,4379.60,4388.30,4377.40,4387.90,1362
2026-08-10 03:30,4387.70,4390.30,4384.60,4387.80,801
2026-08-10 04:00,4387.70,4397.80,4383.60,4394.50,1797
2026-08-10 04:30,4394.90,4399.80,4389.80,4399.50,1584
2026-08-10 05:00,4399.10,4399.70,4392.60,4393.70,1234
2026-08-10 05:30,4393.50,4412.50,4391.50,4407.00,3147
2026-08-10 06:00,4407.30,4409.90,4401.50,4407.70,1772
2026-08-10 06:30,4407.60,4419.50,4405.30,4417.80,2680
2026-08-10 07:00,4417.80,4418.50,4409.40,4414.50,2628
2026-08-10 07:30,4414.30,4421.50,4412.00,4414.70,1819
2026-08-10 08:00,4415.00,4415.70,4411.10,4415.10,1358
2026-08-10 08:30,4414.80,4416.00,4402.90,4405.60,2995
2026-08-10 09:00,4405.60,4409.20,4404.10,4406.10,2079
2026-08-10 09:30,4405.70,4406.10,4398.40,4400.10,2598
2026-08-10 10:00,4400.40,4403.20,4398.20,4402.60,1532
2026-08-10 10:30,4402.70,4403.30,4394.60,4395.20,1738
2026-08-10 11:00,4395.30,4396.00,4386.30,4394.00,2345
2026-08-10 11:30,4393.70,4398.50,4391.20,4393.90,1544
2026-08-10 12:00,4393.80,4396.40,4382.80,4386.50,2292
2026-08-10 12:30,4386.40,4394.60,4385.20,4391.60,2214
2026-08-10 13:00,4391.10,4396.60,4384.80,4394.00,3396
2026-08-10 13:30,4394.00,4398.40,4375.00,4376.30,6843
2026-08-10 14:00,4376.20,4407.20,4376.20,4404.40,7372
2026-08-10 14:30,4404.30,4411.30,4402.40,4405.20,5319
2026-08-10 15:00,4405.20,4412.20,4402.70,4408.80,4267
2026-08-10 15:30,4409.00,4419.20,4407.40,4417.90,3304
2026-08-10 16:00,4418.10,4424.50,4416.40,4422.10,3541
2026-08-10 16:30,4422.20,4422.50,4408.60,4416.30,4313
2026-08-10 17:00,4416.40,4420.50,4410.50,4420.50,3613
2026-08-10 17:30,4420.30,4425.20,4416.60,4419.20,2066
2026-08-10 18:00,4419.40,4426.50,4418.80,4425.00,1838
2026-08-10 18:30,4425.20,4442.50,4424.50,4437.70,4700
2026-08-10 19:00,4437.80,4450.70,4437.80,4449.70,3110
2026-08-10 19:30,4449.80,4453.80,4443.30,4446.80,3718
2026-08-10 20:00,4447.00,4451.10,4444.70,4450.20,1007
2026-08-10 20:30,4450.30,4451.30,4447.60,4448.60,743
2026-08-10 22:00,4446.90,4452.60,4443.20,4451.00,373
2026-08-10 22:30,4451.30,4460.40,4451.30,4459.00,1190
2026-08-10 23:00,4459.10,4461.60,4453.90,4455.10,1214
2026-08-10 23:30,4454.90,4462.40,4454.40,4462.10,883
2026-08-11 00:00,4462.30,4475.50,4456.00,4473.50,3092
2026-08-11 00:30,4473.10,4478.60,4466.50,4468.50,2273
2026-08-11 01:00,4469.00,4480.00,4453.00,4479.20,4634
2026-08-11 01:30,4479.40,4493.70,4474.60,4489.20,3963
2026-08-11 02:00,4489.20,4495.00,4481.00,4488.50,3505
2026-08-11 02:30,4488.20,4489.10,4468.00,4470.80,2799
2026-08-11 03:00,4470.70,4480.80,4469.60,4480.00,1271
2026-08-11 03:30,4480.30,4481.40,4473.70,4477.00,963
2026-08-11 04:00,4476.50,4479.20,4469.70,4474.90,1372
2026-08-11 04:30,4474.60,4480.30,4463.30,4468.70,2494
2026-08-11 05:00,4468.80,4468.90,4450.00,4451.80,2432
2026-08-11 05:30,4451.60,4451.60,4427.10,4435.20,6327
2026-08-11 06:00,4434.70,4442.00,4421.00,4422.90,4451
2026-08-11 06:30,4422.80,4428.60,4418.70,4425.30,2880
2026-08-11 07:00,4425.20,4426.50,4416.60,4422.20,2262
2026-08-11 07:30,4422.50,4424.10,4415.70,4416.60,1770
2026-08-11 08:00,4417.10,4428.40,4416.10,4427.70,2617
2026-08-11 08:30,4427.50,4435.50,4427.40,4428.10,2685
2026-08-11 09:00,4428.00,4434.40,4426.10,4430.30,1972
2026-08-11 09:30,4430.50,4433.90,4428.80,4431.40,1649
2026-08-11 10:00,4431.30,4441.00,4430.00,4437.30,1705
2026-08-11 10:30,4437.30,4441.20,4435.50,4441.20,1671
2026-08-11 11:00,4441.10,4451.80,4439.10,4445.70,4144
2026-08-11 11:30,4445.90,4448.10,4441.40,4446.10,2146
2026-08-11 12:00,4446.20,4458.40,4442.20,4449.20,6110
2026-08-11 12:30,4449.70,4458.80,4446.80,4450.60,4751
2026-08-11 13:00,4450.70,4459.90,4448.40,4456.80,4404
2026-08-11 13:30,4457.20,4463.30,4442.90,4448.20,7395
2026-08-11 14:00,4448.20,4449.30,4439.90,4443.10,5949
2026-08-11 14:30,4443.00,4457.40,4443.00,4453.60,4231
2026-08-11 15:00,4453.60,4458.20,4440.90,4445.80,4925
2026-08-11 15:30,4445.50,4445.80,4428.20,4443.20,5355
2026-08-11 16:00,4443.50,4444.40,4438.20,4442.40,1671
2026-08-11 16:30,4442.60,4445.30,4438.90,4443.10,1641
2026-08-11 17:00,4443.30,4445.70,4438.30,4440.80,3855
2026-08-11 17:30,4440.60,4441.50,4428.20,4428.30,2705
2026-08-11 18:00,4428.50,4428.70,4419.70,4420.50,4033
2026-08-11 18:30,4420.40,4431.90,4420.30,4430.40,1748
2026-08-11 19:00,4430.40,4431.20,4420.00,4429.70,3830
2026-08-11 19:30,4429.80,4433.60,4425.60,4429.70,2246
2026-08-11 20:00,4429.30,4430.00,4426.50,4429.30,603
2026-08-11 20:30,4429.50,4429.50,4426.10,4427.80,302
2026-08-11 22:00,4430.00,4435.20,4427.80,4434.90,868
2026-08-11 22:30,4434.90,4437.80,4426.10,4427.90,2224
2026-08-11 23:00,4428.70,4433.00,4421.40,4431.60,2746
2026-08-11 23:30,4431.50,4431.60,4425.60,4430.40,716
2026-08-12 00:00,4430.60,4440.50,4426.00,4440.00,1262
2026-08-12 00:30,4440.50,4442.90,4437.20,4440.20,1097
2026-08-12 01:00,4440.30,4454.00,4438.00,4450.00,2587
2026-08-12 01:30,4450.10,4456.90,4444.70,4456.20,2150
2026-08-12 02:00,4456.10,4464.00,4453.90,4461.50,2602
2026-08-12 02:30,4461.30,4474.20,4456.70,4470.80,3259
2026-08-12 03:00,4471.10,4475.70,4464.50,4467.10,2268
2026-08-12 03:30,4468.30,4468.80,4460.60,4461.80,1344
2026-08-12 04:00,4462.40,4463.10,4455.40,4459.10,1177
2026-08-12 04:30,4459.30,4462.40,4455.30,4461.00,1162
2026-08-12 05:00,4460.90,4465.10,4451.90,4452.40,2003
2026-08-12 05:30,4452.20,4456.70,4444.00,4451.00,2536
2026-08-12 06:00,4450.90,4452.90,4445.30,4449.60,1570
2026-08-12 06:30,4449.90,4466.10,4448.50,4463.20,2984
2026-08-12 07:00,4463.00,4465.70,4457.40,4461.70,2065
2026-08-12 07:30,4461.70,4469.50,4460.80,4465.90,2372
2026-08-12 08:00,4465.90,4470.10,4465.00,4466.60,1590
2026-08-12 08:30,4466.40,4466.90,4460.60,4460.60,1243
2026-08-12 09:00,4460.90,4484.20,4460.90,4472.70,3947
2026-08-12 09:30,4472.70,4476.80,4470.00,4475.40,2717
2026-08-12 10:00,4475.50,4480.40,4474.10,4479.20,1833
2026-08-12 10:30,4479.20,4479.20,4465.90,4472.00,2277
2026-08-12 11:00,4472.30,4476.60,4467.20,4474.60,2403
2026-08-12 11:30,4474.90,4475.70,4469.90,4472.40,1714
2026-08-12 12:00,4472.40,4487.70,4463.50,4487.70,5256
2026-08-12 12:30,4488.00,4499.30,4440.00,4498.20,20339
2026-08-12 13:00,4497.80,4502.70,4474.40,4478.20,8497
2026-08-12 13:30,4478.40,4494.00,4468.00,4487.40,9886
2026-08-12 14:00,4487.50,4499.80,4480.40,4491.50,6748
2026-08-12 14:30,4491.30,4496.00,4475.80,4481.40,8215
2026-08-12 15:00,4481.20,4489.50,4474.00,4481.20,3971
2026-08-12 15:30,4481.10,4485.00,4470.20,4480.40,3555
2026-08-12 16:00,4480.20,4486.20,4476.40,4483.00,3020
2026-08-12 16:30,4483.10,4483.70,4455.90,4461.70,6081
2026-08-12 17:00,4461.70,4470.00,4460.10,4466.70,4760
2026-08-12 17:30,4466.80,4471.70,4459.00,4459.60,2846
2026-08-12 18:00,4459.30,4471.40,4456.00,4468.40,1653
2026-08-12 18:30,4468.40,4478.10,4467.90,4473.20,2197
2026-08-12 19:00,4473.20,4478.30,4473.00,4476.60,894
2026-08-12 19:30,4476.50,4476.50,4468.50,4473.90,1803
2026-08-12 20:00,4473.70,4474.30,4466.70,4467.80,676
2026-08-12 20:30,4467.90,4469.10,4466.70,4469.00,664
2026-08-12 22:00,4468.80,4470.30,4456.50,4457.50,681
2026-08-12 22:30,4457.50,4461.20,4456.90,4459.90,423
2026-08-12 23:00,4460.10,4468.40,4459.90,4466.80,715
2026-08-12 23:30,4467.40,4473.20,4465.70,4473.10,637
2026-08-13 00:00,4473.20,4496.60,4471.90,4487.40,3389
2026-08-13 00:30,4487.60,4509.10,4482.70,4486.90,5668
2026-08-13 01:00,4486.70,4494.10,4477.70,4478.00,3012
2026-08-13 01:30,4477.70,4489.00,4464.70,4467.00,3167
2026-08-13 02:00,4466.80,4472.60,4463.80,4464.70,1769
2026-08-13 02:30,4464.30,4469.30,4457.00,4465.70,1876
2026-08-13 03:00,4465.80,4470.70,4462.60,4467.80,950
2026-08-13 03:30,4467.50,4468.80,4458.00,4458.30,1780
2026-08-13 04:00,4458.70,4458.70,4449.40,4456.20,2998
2026-08-13 04:30,4456.20,4457.50,4452.80,4455.50,704
2026-08-13 05:00,4455.20,4465.20,4450.70,4464.40,2339
2026-08-13 05:30,4464.40,4465.20,4437.20,4440.40,4047
2026-08-13 06:00,4440.30,4443.00,4431.60,4432.70,3434
2026-08-13 06:30,4433.10,4438.40,4425.60,4437.70,2911
2026-08-13 07:00,4437.80,4438.60,4430.40,4433.10,1813
2026-08-13 07:30,4432.80,4435.70,4425.80,4426.40,2864
2026-08-13 08:00,4426.40,4430.00,4420.30,4429.20,3103
2026-08-13 08:30,4429.00,4435.70,4428.10,4432.40,1412
2026-08-13 09:00,4432.30,4438.90,4428.60,4436.40,1787
2026-08-13 09:30,4436.50,4441.90,4435.10,4441.80,1615
2026-08-13 10:00,4441.90,4445.20,4438.80,4444.60,1473
2026-08-13 10:30,4444.80,4451.50,4442.30,4449.90,1688
2026-08-13 11:00,4449.60,4454.20,4445.30,4445.40,2073
2026-08-13 11:30,4445.70,4447.30,4439.60,4444.40,2873
2026-08-13 12:00,4444.50,4450.40,4441.00,4447.80,2308
2026-08-13 12:30,4447.40,4460.00,4437.10,4458.90,6818
2026-08-13 13:00,4458.50,4459.00,4440.60,4441.70,4831
2026-08-13 13:30,4441.70,4446.40,4427.10,4429.10,7539
2026-08-13 14:00,4429.30,4435.90,4424.00,4425.30,6604
2026-08-13 14:30,4425.00,4444.70,4408.80,4440.90,8234
2026-08-13 15:00,4441.20,4443.10,4419.90,4421.80,5387
2026-08-13 15:30,4421.90,4428.40,4413.60,4422.40,4313
2026-08-13 16:00,4422.30,4424.70,4407.50,4419.40,5542
2026-08-13 16:30,4419.20,4425.60,4419.00,4424.20,2940
2026-08-13 17:00,4424.30,4430.60,4419.10,4420.00,4504
2026-08-13 17:30,4420.20,4421.30,4412.00,4412.40,2865
2026-08-13 18:00,4412.60,4420.50,4411.60,4414.30,2294
2026-08-13 18:30,4414.30,4417.30,4411.40,4413.60,1225
2026-08-13 19:00,4414.00,4415.50,4400.00,4407.90,3001
2026-08-13 19:30,4407.70,4410.90,4403.90,4406.20,1654
2026-08-13 20:00,4406.20,4408.40,4402.90,4407.60,985
2026-08-13 20:30,4407.60,4408.00,4404.20,4407.10,928
2026-08-13 22:00,4408.20,4413.30,4406.60,4412.70,934
2026-08-13 22:30,4412.40,4418.40,4409.20,4410.30,2458
2026-08-13 23:00,4411.50,4418.20,4405.10,4418.20,2400
2026-08-13 23:30,4418.40,4419.40,4411.60,4411.80,1112
2026-08-14 00:00,4411.60,4417.40,4395.10,4395.80,2155
2026-08-14 00:30,4395.50,4402.60,4385.10,4396.40,3573
2026-08-14 01:00,4396.20,4397.10,4370.90,4375.60,6406
2026-08-14 01:30,4375.30,4379.40,4367.50,4373.70,3100
2026-08-14 02:00,4373.70,4378.00,4365.50,4367.60,2662
2026-08-14 02:30,4367.40,4378.00,4366.90,4370.70,2320
2026-08-14 03:00,4370.70,4381.20,4368.90,4380.80,1468
2026-08-14 03:30,4380.90,4383.80,4379.00,4379.60,1083
2026-08-14 04:00,4379.20,4384.60,4378.30,4380.20,1035
2026-08-14 04:30,4380.70,4382.00,4378.30,4382.00,765
2026-08-14 05:00,4382.20,4382.20,4371.90,4373.30,1004
2026-08-14 05:30,4372.90,4389.50,4365.60,4389.50,3327
2026-08-14 06:00,4389.60,4392.60,4384.20,4385.30,1858
2026-08-14 06:30,4385.10,4392.20,4383.60,4391.60,1208
2026-08-14 07:00,4391.40,4393.30,4385.70,4387.80,1626
2026-08-14 07:30,4388.00,4401.60,4387.30,4399.80,2107
2026-08-14 08:00,4399.80,4405.30,4398.10,4401.80,2101
2026-08-14 08:30,4401.80,4405.70,4398.80,4404.70,1507
2026-08-14 09:00,4404.50,4410.00,4402.00,4407.40,1813
2026-08-14 09:30,4407.70,4413.80,4406.10,4413.60,2109
2026-08-14 10:00,4413.60,4415.10,4406.00,4407.30,2548
2026-08-14 10:30,4407.50,4409.70,4403.70,4405.50,1645
2026-08-14 11:00,4405.50,4413.40,4404.70,4413.10,1290
2026-08-14 11:30,4413.10,4426.00,4412.80,4425.80,3244
2026-08-14 12:00,4425.50,4437.50,4421.80,4436.50,5583
2026-08-14 12:30,4436.90,4444.00,4427.80,4430.90,7380
2026-08-14 13:00,4430.70,4443.90,4427.30,4441.40,5015
2026-08-14 13:30,4441.70,4454.60,4439.80,4442.00,8270
2026-08-14 14:00,4441.60,4452.20,4441.20,4447.90,5061
2026-08-14 14:30,4448.30,4448.70,4436.20,4438.60,4520
2026-08-14 15:00,4438.70,4451.70,4436.40,4442.20,6377
2026-08-14 15:30,4442.40,4452.30,4441.10,4449.00,3447
2026-08-14 16:00,4449.00,4454.30,4443.90,4444.50,2288
2026-08-14 16:30,4444.70,4446.30,4437.20,4442.70,2398
2026-08-14 17:00,4443.00,4443.40,4436.60,4436.90,2763
2026-08-14 17:30,4436.70,4440.40,4433.60,4435.50,1794
2026-08-14 18:00,4435.90,4438.80,4433.60,4436.40,1487
2026-08-14 18:30,4436.20,4439.60,4427.50,4430.30,4343
2026-08-14 19:00,4430.30,4434.30,4428.60,4433.50,1192
2026-08-14 19:30,4433.50,4435.60,4428.80,4431.50,1863
2026-08-14 20:00,4431.40,4431.50,4426.90,4430.00,1298
2026-08-14 20:30,4429.90,4432.40,4428.90,4432.10,572
2026-08-14 21:00,4432.00,4437.30,4432.00,4437.30,1
2026-08-16 22:00,4433.70,4436.00,4429.30,4430.60,592
2026-08-16 22:30,4430.80,4442.50,4430.80,4441.60,1023
2026-08-16 23:00,4441.80,4441.90,4428.10,4430.10,1200
2026-08-16 23:30,4430.20,4431.00,4422.30,4425.50,1416
2026-08-17 00:00,4426.00,4446.90,4423.50,4445.70,2185
2026-08-17 00:30,4445.80,4459.40,4443.50,4457.30,2903
2026-08-17 01:00,4457.10,4473.20,4456.10,4463.80,4009
2026-08-17 01:30,4463.80,4464.80,4448.60,4452.00,3203
2026-08-17 02:00,4451.90,4454.50,4446.50,4451.40,1637
2026-08-17 02:30,4452.30,4454.70,4444.90,4449.80,1397
2026-08-17 03:00,4450.20,4451.80,4444.50,4449.30,885
2026-08-17 03:30,4449.40,4453.80,4447.20,4453.70,1016
2026-08-17 04:00,4453.50,4456.30,4446.60,4447.90,1256
2026-08-17 04:30,4447.50,4454.60,4445.50,4447.10,1007
2026-08-17 05:00,4447.30,4456.00,4443.40,4456.00,1577
2026-08-17 05:30,4456.30,4457.70,4449.00,4451.30,1689
2026-08-17 06:00,4451.60,4456.30,4449.10,4455.00,1799
2026-08-17 06:30,4454.50,4460.70,4449.70,4459.30,1991
2026-08-17 07:00,4459.00,4461.60,4452.20,4461.20,2289
2026-08-17 07:30,4461.30,4467.90,4460.00,4461.50,2491
2026-08-17 08:00,4461.80,4461.80,4454.10,4458.00,1677
2026-08-17 08:30,4458.00,4458.40,4448.80,4451.10,1132
2026-08-17 09:00,4451.30,4457.00,4449.50,4453.10,1461
2026-08-17 09:30,4453.20,4453.70,4449.20,4452.40,1718
2026-08-17 10:00,4452.40,4462.30,4445.70,4461.60,2675
2026-08-17 10:30,4461.60,4462.60,4452.10,4455.80,2106
2026-08-17 11:00,4455.90,4461.50,4453.70,4460.30,1845
2026-08-17 11:30,4460.40,4461.80,4451.80,4453.40,1924
2026-08-17 12:00,4453.10,4455.40,4437.50,4441.70,4399
2026-08-17 12:30,4442.30,4446.80,4433.40,4441.40,4776
2026-08-17 13:00,4441.70,4446.20,4438.10,4442.60,3169
2026-08-17 13:30,4442.80,4473.00,4440.90,4465.30,7449
2026-08-17 14:00,4465.30,4484.90,4460.40,4475.40,11876
2026-08-17 14:30,4475.60,4481.80,4471.40,4474.50,3797
2026-08-17 15:00,4474.60,4483.40,4471.80,4482.70,2879
2026-08-17 15:30,4482.80,4485.30,4474.80,4484.80,3442
2026-08-17 16:00,4485.00,4486.50,4480.30,4482.30,2749
2026-08-17 16:30,4482.40,4484.50,4479.70,4481.50,1947
2026-08-17 17:00,4481.70,4483.70,4470.80,4474.00,4088
2026-08-17 17:30,4474.00,4478.20,4468.20,4471.00,3203
2026-08-17 18:00,4471.30,4474.00,4461.50,4463.20,4506
2026-08-17 18:30,4463.30,4463.80,4454.50,4463.10,3441
2026-08-17 19:00,4462.90,4473.60,4456.60,4470.60,2819
2026-08-17 19:30,4470.90,4477.00,4470.40,4475.70,1811
2026-08-17 20:00,4475.90,4477.50,4471.40,4471.40,611
2026-08-17 20:30,4471.60,4474.00,4471.10,4473.10,456
2026-08-17 22:00,4473.40,4475.90,4468.30,4468.90,608
2026-08-17 22:30,4468.40,4472.40,4466.50,4467.90,905
2026-08-17 23:00,4468.00,4478.10,4466.00,4476.60,1227
2026-08-17 23:30,4476.30,4482.10,4476.30,4482.00,945
2026-08-18 00:00,4482.30,4488.20,4475.00,4487.70,2782
2026-08-18 00:30,4487.80,4491.70,4484.50,4491.20,1600
2026-08-18 01:00,4491.60,4493.10,4476.60,4481.50,2953
2026-08-18 01:30,4481.50,4482.60,4460.90,4464.60,2760
2026-08-18 02:00,4464.60,4464.90,4454.80,4458.70,2195
2026-08-18 02:30,4458.80,4458.90,4450.00,4456.10,2586
2026-08-18 03:00,4456.10,4460.50,4450.00,4453.30,1874
2026-08-18 03:30,4452.80,4453.30,4446.30,4448.10,1139
2026-08-18 04:00,4447.40,4449.20,4445.40,4448.10,1154
2026-08-18 04:30,4448.20,4450.90,4444.00,4448.90,1515
2026-08-18 05:00,4448.70,4451.60,4446.40,4446.60,906
2026-08-18 05:30,4446.40,4453.20,4441.40,4450.20,2189
2026-08-18 06:00,4449.40,4455.10,4443.20,4454.90,2437
2026-08-18 06:30,4454.70,4455.60,4450.50,4454.10,1344
2026-08-18 07:00,4454.30,4459.40,4452.40,4459.00,1890
2026-08-18 07:30,4459.10,4459.50,4451.20,4451.20,1523
2026-08-18 08:00,4451.60,4451.90,4442.40,4444.90,2536
2026-08-18 08:30,4444.90,4454.20,4444.90,4448.90,1514
2026-08-18 09:00,4448.80,4449.40,4444.20,4444.90,1053
2026-08-18 09:30,4444.80,4451.30,4443.00,4449.70,1865
2026-08-18 10:00,4449.70,4452.50,4446.10,4448.30,970
2026-08-18 10:30,4448.70,4456.20,4448.10,4454.40,1168
2026-08-18 11:00,4454.20,4455.80,4445.80,4446.30,1205
2026-08-18 11:30,4446.30,4453.30,4444.80,4452.30,1436
2026-08-18 12:00,4452.60,4457.30,4445.80,4451.90,3399
2026-08-18 12:30,4452.00,4454.80,4447.10,4450.70,2634
2026-08-18 13:00,4450.50,4453.70,4444.20,4445.40,5486
2026-08-18 13:30,4445.50,4463.00,4430.90,4451.00,11158
2026-08-18 14:00,4450.50,4462.80,4447.40,4450.60,6961
2026-08-18 14:30,4450.70,4452.50,4419.10,4422.30,12059
2026-08-18 15:00,4422.60,4434.10,4406.80,4410.60,11209
2026-08-18 15:30,4410.20,4421.90,4409.80,4420.20,5438
2026-08-18 16:00,4420.30,4427.00,4418.70,4419.40,2699
2026-08-18 16:30,4419.70,4424.10,4417.80,4419.00,2161
2026-08-18 17:00,4419.10,4423.80,4418.40,4420.80,2469
2026-08-18 17:30,4421.00,4421.80,4412.40,4413.20,2258
2026-08-18 18:00,4413.60,4416.50,4408.00,4415.40,2411
2026-08-18 18:30,4415.60,4415.80,4407.90,4409.40,1501
2026-08-18 19:00,4409.50,4413.70,4407.50,4409.50,1753
2026-08-18 19:30,4409.80,4412.40,4392.30,4400.00,5331
2026-08-18 20:00,4400.10,4401.20,4388.00,4392.80,1546
2026-08-18 20:30,4392.80,4394.60,4383.30,4389.50,1573
2026-08-18 22:00,4391.40,4395.30,4386.50,4389.40,1804
2026-08-18 22:30,4389.30,4389.80,4385.80,4386.80,1017
2026-08-18 23:00,4387.20,4391.50,4382.50,4383.10,1638
2026-08-18 23:30,4382.90,4387.00,4379.60,4386.00,1716
2026-08-19 00:00,4386.10,4399.40,4384.60,4396.30,2670
2026-08-19 00:30,4396.40,4401.00,4390.70,4391.80,2104
2026-08-19 01:00,4391.50,4400.00,4378.00,4396.10,5722
2026-08-19 01:30,4396.30,4411.10,4396.20,4410.20,3164
2026-08-19 02:00,4410.00,4415.80,4405.00,4413.40,2935
2026-08-19 02:30,4413.40,4413.90,4405.00,4408.50,2061
2026-08-19 03:00,4408.40,4411.80,4405.30,4410.80,1240
2026-08-19 03:30,4411.10,4414.10,4409.00,4409.00,702
2026-08-19 04:00,4408.90,4409.60,4403.20,4404.20,1115
2026-08-19 04:30,4404.80,4405.30,4396.50,4401.80,1607
2026-08-19 05:00,4401.70,4404.20,4390.10,4398.90,1913
2026-08-19 05:30,4399.10,4399.30,4388.20,4389.00,3021
2026-08-19 06:00,4389.00,4401.90,4388.70,4396.30,3030
2026-08-19 06:30,4396.60,4403.10,4390.80,4402.80,2566
2026-08-19 07:00,4402.80,4410.80,4401.10,4410.50,2840
2026-08-19 07:30,4410.40,4417.20,4406.50,4408.30,2093
2026-08-19 08:00,4408.40,4416.40,4404.80,4414.60,2567
2026-08-19 08:30,4414.30,4417.20,4408.70,4409.70,1646
2026-08-19 09:00,4409.70,4413.90,4407.40,4410.60,1548
2026-08-19 09:30,4410.70,4416.40,4409.50,4416.40,1481
2026-08-19 10:00,4416.50,4423.80,4413.80,4423.20,2117
2026-08-19 10:30,4423.40,4424.10,4420.40,4422.20,1166
2026-08-19 11:00,4422.40,4429.10,4422.20,4425.80,2015
2026-08-19 11:30,4425.90,4426.50,4417.70,4419.10,2040
2026-08-19 12:00,4419.70,4428.40,4417.00,4424.10,3266
2026-08-19 12:30,4424.30,4499.80,4423.40,4496.30,32791
2026-08-19 13:00,4496.30,4521.80,4480.80,4516.00,23900
2026-08-19 13:30,4516.20,4524.00,4500.80,4517.80,18349
2026-08-19 14:00,4518.00,4546.30,4513.50,4544.30,17477
2026-08-19 14:30,4544.40,4557.60,4536.90,4546.80,18221
2026-08-19 15:00,4547.00,4547.00,4536.50,4542.00,8798
2026-08-19 15:30,4541.90,4552.80,4538.50,4552.20,6098
2026-08-19 16:00,4552.20,4557.50,4548.50,4548.70,6311
2026-08-19 16:30,4549.10,4555.70,4548.40,4551.00,3081
2026-08-19 17:00,4551.00,4557.00,4544.00,4545.80,7283
2026-08-19 17:30,4545.90,4549.20,4541.90,4545.00,2416
2026-08-19 18:00,4544.90,4554.60,4531.10,4533.80,7893
2026-08-19 18:30,4533.90,4556.00,4530.40,4553.30,8551
2026-08-19 19:00,4553.30,4566.00,4552.30,4565.10,5448
2026-08-19 19:30,4565.20,4569.60,4559.10,4568.00,5101
2026-08-19 20:00,4568.40,4580.30,4562.80,4576.70,4372
2026-08-19 20:30,4576.70,4582.80,4576.20,4580.70,1919
2026-08-19 22:00,4580.00,4583.80,4576.20,4578.00,827
2026-08-19 22:30,4577.70,4579.20,4573.50,4575.90,1258
2026-08-19 23:00,4576.40,4581.20,4572.30,4574.80,1306
2026-08-19 23:30,4575.10,4575.50,4568.40,4569.20,1248
2026-08-20 00:00,4568.70,4578.60,4565.80,4567.80,1910
2026-08-20 00:30,4566.80,4570.40,4560.20,4562.00,2353
2026-08-20 01:00,4562.30,4567.90,4549.40,4558.30,5231
2026-08-20 01:30,4558.00,4559.00,4542.10,4547.40,3507
2026-08-20 02:00,4547.30,4557.60,4546.10,4550.60,2764
2026-08-20 02:30,4550.10,4552.10,4546.50,4548.10,1631
2026-08-20 03:00,4548.20,4554.50,4545.70,4551.10,1587
2026-08-20 03:30,4550.80,4558.80,4550.00,4555.70,1445
2026-08-20 04:00,4556.40,4556.60,4547.10,4547.40,1668
2026-08-20 04:30,4547.20,4549.10,4543.40,4546.10,1287
2026-08-20 05:00,4546.00,4551.40,4540.00,4540.50,1718
2026-08-20 05:30,4540.00,4543.10,4534.80,4538.50,2088
2026-08-20 06:00,4538.60,4553.50,4537.20,4551.30,3730
2026-08-20 06:30,4551.30,4553.00,4548.50,4550.80,2294
2026-08-20 07:00,4550.60,4551.00,4540.10,4540.50,2336
2026-08-20 07:30,4540.80,4552.70,4540.10,4547.60,2537
2026-08-20 08:00,4547.90,4555.90,4547.00,4548.60,3233
2026-08-20 08:30,4548.10,4552.40,4543.90,4546.10,2297
2026-08-20 09:00,4546.20,4551.00,4544.70,4546.80,1816
2026-08-20 09:30,4546.60,4547.20,4538.20,4538.90,2744
2026-08-20 10:00,4539.10,4550.50,4537.00,4550.20,2629
2026-08-20 10:30,4550.30,4552.50,4543.80,4546.40,1542
2026-08-20 11:00,4546.70,4547.90,4537.60,4540.80,3621
2026-08-20 11:30,4541.10,4543.20,4521.20,4523.10,7048
2026-08-20 12:00,4523.30,4523.40,4506.20,4514.30,10142
2026-08-20 12:30,4514.90,4532.30,4506.00,4529.70,7381
2026-08-20 13:00,4529.80,4539.60,4525.00,4526.70,5715
2026-08-20 13:30,4526.80,4544.40,4524.10,4537.00,10236
2026-08-20 14:00,4536.80,4549.90,4535.80,4547.40,9317
2026-08-20 14:30,4547.60,4572.00,4547.50,4571.70,9642
2026-08-20 15:00,4571.80,4597.10,4570.70,4588.60,23396
2026-08-20 15:30,4588.40,4590.00,4563.50,4577.30,9406
2026-08-20 16:00,4577.50,4580.70,4561.40,4565.60,4194
2026-08-20 16:30,4565.90,4570.60,4559.20,4566.70,4280
2026-08-20 17:00,4566.70,4573.40,4564.10,4569.60,4678
2026-08-20 17:30,4569.60,4576.90,4567.30,4576.00,2018
2026-08-20 18:00,4576.00,4578.80,4564.70,4575.90,3274
2026-08-20 18:30,4575.30,4581.70,4574.10,4578.50,2266
2026-08-20 19:00,4578.30,4585.90,4574.70,4579.20,1833
2026-08-20 19:30,4579.00,4588.00,4578.20,4584.90,2358
2026-08-20 20:00,4584.50,4585.20,4576.70,4577.10,1087
2026-08-20 20:30,4577.10,4577.30,4573.00,4575.10,939
2026-08-20 22:00,4577.00,4577.70,4571.00,4575.40,606
2026-08-20 22:30,4575.60,4580.20,4574.40,4580.20,1296
2026-08-20 23:00,4579.90,4589.00,4578.50,4583.20,2345
2026-08-20 23:30,4582.90,4584.50,4577.10,4582.20,1095
2026-08-21 00:00,4582.30,4583.70,4570.40,4571.40,1660
2026-08-21 00:30,4571.90,4573.90,4566.30,4567.20,1466
2026-08-21 01:00,4567.20,4587.30,4565.50,4586.40,3006
2026-08-21 01:30,4585.90,4600.30,4579.80,4587.00,4135
2026-08-21 02:00,4586.80,4587.50,4574.00,4583.30,3000
2026-08-21 02:30,4583.90,4599.20,4581.30,4590.00,2560
2026-08-21 03:00,4590.00,4594.70,4585.70,4585.90,1208
2026-08-21 03:30,4585.90,4591.80,4582.60,4590.90,1257
2026-08-21 04:00,4591.50,4603.90,4591.20,4603.20,2667
2026-08-21 04:30,4603.40,4604.40,4596.30,4596.80,1366
2026-08-21 05:00,4596.40,4596.90,4586.70,4586.70,2158
2026-08-21 05:30,4586.50,4612.40,4585.40,4610.10,3750
2026-08-21 06:00,4609.90,4615.10,4601.80,4612.20,4114
2026-08-21 06:30,4612.00,4624.70,4611.30,4617.90,5018
2026-08-21 07:00,4617.80,4624.80,4615.40,4618.60,3523
2026-08-21 07:30,4618.50,4625.00,4617.00,4621.00,2367
2026-08-21 08:00,4621.40,4638.90,4615.80,4636.70,6288
2026-08-21 08:30,4636.70,4642.00,4633.50,4641.00,4050
2026-08-21 09:00,4641.10,4659.40,4638.30,4639.60,9578
2026-08-21 09:30,4639.30,4644.30,4637.60,4639.70,4258
2026-08-21 10:00,4639.40,4646.40,4634.50,4645.60,4595
2026-08-21 10:30,4645.80,4651.60,4642.70,4645.80,2686
2026-08-21 11:00,4645.50,4659.30,4644.30,4655.70,3879
2026-08-21 11:30,4655.90,4661.70,4650.30,4654.40,4071
2026-08-21 12:00,4654.70,4659.10,4638.00,4642.20,8080
2026-08-21 12:30,4642.00,4642.00,4620.50,4634.70,10110
2026-08-21 13:00,4634.60,4644.70,4632.50,4641.10,4784
2026-08-21 13:30,4640.90,4650.20,4630.00,4638.30,10276
2026-08-21 14:00,4638.10,4659.80,4637.00,4659.50,8074
2026-08-21 14:30,4659.70,4660.20,4636.50,4648.10,9802
2026-08-21 15:00,4648.50,4665.50,4644.10,4660.30,7257
2026-08-21 15:30,4660.30,4673.00,4657.00,4672.00,6123
2026-08-21 16:00,4672.10,4678.40,4666.30,4671.60,5237
2026-08-21 16:30,4671.70,4687.20,4669.80,4686.60,5548
2026-08-21 17:00,4686.70,4690.40,4673.40,4680.10,10573
2026-08-21 17:30,4680.40,4683.10,4675.10,4678.70,4124
2026-08-21 18:00,4679.00,4686.10,4678.60,4683.50,1906
2026-08-21 18:30,4683.30,4684.00,4677.50,4681.80,3049
2026-08-21 19:00,4682.10,4683.10,4675.30,4675.60,2110
2026-08-21 19:30,4675.50,4680.60,4673.00,4674.70,2558
2026-08-21 20:00,4674.60,4675.40,4667.60,4668.00,1185
2026-08-21 20:30,4668.00,4680.60,4661.00,4680.60,1395
2026-08-23 22:00,4675.40,4679.10,4670.20,4671.60,954
2026-08-23 22:30,4671.10,4674.20,4663.00,4663.10,1108
2026-08-23 23:00,4663.50,4673.90,4661.90,4672.60,1368
2026-08-23 23:30,4672.40,4682.00,4664.80,4681.60,2180
2026-08-24 00:00,4681.60,4698.60,4651.80,4661.60,6517
2026-08-24 00:30,4661.60,4680.30,4658.20,4678.80,3076
2026-08-24 01:00,4679.00,4692.00,4667.90,4671.40,4758
2026-08-24 01:30,4671.50,4694.30,4664.60,4688.60,4144
2026-08-24 02:00,4688.70,4712.40,4684.40,4712.30,5193
2026-08-24 02:30,4712.40,4713.80,4684.30,4700.40,4790
2026-08-24 03:00,4700.40,4705.10,4690.00,4700.50,2006
2026-08-24 03:30,4700.60,4707.00,4696.80,4698.20,1499
2026-08-24 04:00,4698.20,4699.00,4688.90,4696.60,1662
2026-08-24 04:30,4696.60,4697.00,4689.10,4695.20,738
2026-08-24 05:00,4695.80,4702.50,4692.20,4692.20,1385
2026-08-24 05:30,4692.00,4699.30,4685.50,4697.30,2683
2026-08-24 06:00,4697.50,4716.70,4695.80,4698.70,5307
2026-08-24 06:30,4699.30,4710.10,4698.40,4706.70,3022
2026-08-24 07:00,4706.40,4711.00,4698.00,4699.00,2398
2026-08-24 07:30,4698.40,4704.00,4686.00,4697.40,4896
2026-08-24 08:00,4697.80,4702.00,4684.80,4684.80,4117
2026-08-24 08:30,4685.00,4702.00,4684.20,4693.50,3350
2026-08-24 09:00,4693.70,4700.30,4690.30,4691.40,3854
2026-08-24 09:30,4691.60,4702.70,4688.80,4702.40,3781
2026-08-24 10:00,4702.40,4707.00,4699.20,4700.70,2988
2026-08-24 10:30,4700.40,4706.40,4698.60,4700.30,2464
2026-08-24 11:00,4700.10,4705.40,4696.20,4704.00,2768
2026-08-24 11:30,4704.10,4728.30,4700.90,4715.00,11156
2026-08-24 12:00,4715.20,4720.50,4707.40,4719.40,4243
2026-08-24 12:30,4719.40,4726.90,4702.00,4720.70,6440
2026-08-24 13:00,4720.90,4735.90,4719.30,4730.10,6456
2026-08-24 13:30,4730.10,4738.50,4713.30,4721.80,12301
2026-08-24 14:00,4721.50,4732.20,4712.00,4729.00,7986
2026-08-24 14:30,4729.10,4736.10,4714.00,4727.60,7983
2026-08-24 15:00,4727.80,4737.00,4722.60,4733.00,5537
2026-08-24 15:30,4733.10,4735.20,4696.50,4706.00,12576
2026-08-24 16:00,4706.00,4719.00,4703.10,4716.20,5846
2026-08-24 16:30,4716.20,4719.60,4697.90,4701.90,4677
2026-08-24 17:00,4702.10,4712.70,4686.60,4695.00,11190
2026-08-24 17:30,4695.10,4699.60,4689.30,4693.30,4236
2026-08-24 18:00,4693.00,4699.00,4681.20,4697.30,6695
2026-08-24 18:30,4697.20,4698.70,4681.40,4693.00,2944
2026-08-24 19:00,4692.70,4701.20,4692.20,4697.70,1695
2026-08-24 19:30,4697.60,4712.10,4696.20,4707.50,2851
2026-08-24 20:00,4707.90,4711.50,4705.00,4705.30,2344
2026-08-24 20:30,4705.60,4710.00,4703.40,4710.00,978
2026-08-24 22:00,4710.10,4718.00,4708.40,4714.20,479
2026-08-24 22:30,4714.90,4725.60,4714.00,4724.50,972
2026-08-24 23:00,4724.60,4733.70,4723.00,4726.00,1594
2026-08-24 23:30,4726.10,4740.60,4724.50,4737.20,2631
2026-08-25 00:00,4737.30,4749.00,4732.70,4739.80,4180
2026-08-25 00:30,4740.00,4755.00,4739.10,4741.00,3817
2026-08-25 01:00,4740.80,4743.30,4720.60,4726.00,5309
2026-08-25 01:30,4726.60,4732.50,4713.20,4714.70,4597
2026-08-25 02:00,4714.50,4718.30,4694.20,4712.80,5498
2026-08-25 02:30,4712.50,4712.90,4670.50,4685.50,8604
2026-08-25 03:00,4685.70,4694.10,4678.10,4693.90,3210
2026-08-25 03:30,4693.00,4697.70,4687.20,4688.30,1688
2026-08-25 04:00,4689.40,4693.50,4684.60,4686.70,1172
2026-08-25 04:30,4686.60,4688.30,4679.50,4681.10,1673
2026-08-25 05:00,4681.30,4704.00,4679.30,4702.40,3606
2026-08-25 05:30,4702.50,4703.30,4691.70,4698.50,2854
2026-08-25 06:00,4698.40,4709.60,4697.00,4706.30,2694
2026-08-25 06:30,4706.20,4709.60,4693.00,4694.60,2211
2026-08-25 07:00,4695.00,4700.30,4690.50,4691.10,2546
2026-08-25 07:30,4691.10,4697.20,4685.80,4686.10,3188
2026-08-25 08:00,4686.10,4702.00,4676.30,4689.10,4790
2026-08-25 08:30,4689.10,4691.50,4680.90,4685.70,2826
2026-08-25 09:00,4685.70,4689.10,4680.30,4681.70,1819
2026-08-25 09:30,4681.80,4698.10,4679.50,4691.70,4461
2026-08-25 10:00,4691.60,4694.30,4688.50,4689.40,1686
2026-08-25 10:30,4689.40,4698.20,4688.10,4695.00,1544
2026-08-25 11:00,4694.80,4700.20,4691.90,4697.20,2558
2026-08-25 11:30,4697.10,4703.50,4696.20,4698.40,2366
2026-08-25 12:00,4698.70,4698.90,4687.30,4692.80,5571
2026-08-25 12:30,4692.70,4699.60,4685.30,4695.70,3320
2026-08-25 13:00,4696.30,4696.60,4663.40,4664.70,9398
2026-08-25 13:30,4665.10,4678.70,4659.50,4671.40,9295
2026-08-25 14:00,4671.30,4684.50,4668.80,4679.80,8723
2026-08-25 14:30,4679.70,4696.00,4667.30,4691.60,8190
2026-08-25 15:00,4691.80,4701.00,4685.10,4695.80,4769
2026-08-25 15:30,4696.00,4716.40,4696.00,4709.50,9035
2026-08-25 16:00,4709.60,4710.20,4694.60,4698.00,5615
2026-08-25 16:30,4697.80,4703.80,4694.30,4700.80,3669
2026-08-25 17:00,4700.60,4702.40,4691.30,4694.20,5055
2026-08-25 17:30,4694.20,4705.80,4693.50,4705.80,2411
2026-08-25 18:00,4705.80,4707.60,4701.70,4706.80,1954
2026-08-25 18:30,4707.00,4711.80,4702.70,4711.40,1749
2026-08-25 19:00,4711.40,4725.60,4710.40,4717.90,3842
2026-08-25 19:30,4718.00,4724.30,4714.70,4723.40,3446
2026-08-25 20:00,4723.30,4726.00,4719.00,4719.50,1879
2026-08-25 20:30,4719.70,4721.20,4714.10,4715.90,1085
2026-08-25 22:00,4715.70,4724.30,4712.10,4723.90,711
2026-08-25 22:30,4723.80,4730.90,4723.80,4729.70,1023
2026-08-25 23:00,4729.70,4730.60,4717.50,4718.30,1193
2026-08-25 23:30,4718.50,4718.80,4710.30,4712.10,1394
2026-08-26 00:00,4711.90,4715.20,4700.10,4703.70,2045
2026-08-26 00:30,4704.20,4707.20,4691.10,4694.20,2873
2026-08-26 01:00,4694.60,4707.10,4686.20,4700.30,4254
2026-08-26 01:30,4700.30,4717.70,4695.60,4713.80,3234
2026-08-26 02:00,4713.60,4718.70,4711.60,4715.50,1815
2026-08-26 02:30,4715.40,4728.00,4714.50,4715.20,2714
2026-08-26 03:00,4715.40,4715.90,4702.40,4707.30,2534
2026-08-26 03:30,4707.20,4708.40,4699.60,4701.10,1319
2026-08-26 04:00,4699.80,4701.20,4698.20,4699.20,789
2026-08-26 04:30,4699.40,4700.40,4695.70,4697.60,1109
2026-08-26 05:00,4697.50,4702.80,4697.30,4700.20,1316
2026-08-26 05:30,4700.40,4706.30,4692.20,4696.30,2139
2026-08-26 06:00,4696.20,4698.00,4681.10,4683.40,2452
2026-08-26 06:30,4683.40,4693.30,4682.60,4690.60,2192
2026-08-26 07:00,4690.60,4695.70,4686.90,4687.50,1958
2026-08-26 07:30,4687.60,4693.00,4682.60,4685.10,2093
2026-08-26 08:00,4684.90,4686.70,4677.30,4684.90,2327
2026-08-26 08:30,4685.20,4686.40,4680.60,4683.70,1328
2026-08-26 09:00,4684.00,4687.00,4671.30,4672.40,3957
2026-08-26 09:30,4672.10,4681.60,4672.00,4679.50,1711
2026-08-26 10:00,4679.60,4680.00,4668.80,4670.80,2174
2026-08-26 10:30,4671.20,4680.10,4670.70,4675.90,1548
2026-08-26 11:00,4676.30,4678.80,4672.10,4676.00,2351
2026-08-26 11:30,4676.40,4681.00,4672.40,4680.30,1704
2026-08-26 12:00,4680.60,4686.60,4679.40,4686.60,3957
2026-08-26 12:30,4686.60,4690.00,4666.00,4669.50,9190
2026-08-26 13:00,4670.00,4676.90,4653.30,4666.50,11425
2026-08-26 13:30,4666.70,4687.00,4665.50,4686.60,8744
2026-08-26 14:00,4686.70,4688.60,4672.00,4672.50,5729
2026-08-26 14:30,4672.40,4678.90,4658.00,4658.20,6730
2026-08-26 15:00,4658.50,4660.80,4638.20,4650.40,13414
2026-08-26 15:30,4650.00,4664.60,4649.90,4651.40,5606
2026-08-26 16:00,4651.60,4656.80,4645.90,4649.90,7134
2026-08-26 16:30,4650.20,4652.50,4640.80,4647.10,4602
2026-08-26 17:00,4647.10,4654.30,4645.90,4653.40,3601
2026-08-26 17:30,4653.20,4657.60,4649.40,4653.20,2537
2026-08-26 18:00,4653.10,4660.30,4648.00,4650.20,2949
2026-08-26 18:30,4649.90,4653.00,4647.50,4648.50,1843
2026-08-26 19:00,4648.80,4653.70,4645.70,4653.10,1616
2026-08-26 19:30,4653.20,4656.30,4647.00,4648.90,1892
2026-08-26 20:00,4649.00,4651.40,4638.60,4645.90,1238
2026-08-26 20:30,4645.80,4649.70,4645.00,4647.80,500
2026-08-26 22:00,4650.00,4667.70,4648.10,4665.10,1180
2026-08-26 22:30,4665.20,4666.20,4660.70,4663.30,1039
2026-08-26 23:00,4663.20,4676.10,4660.90,4673.70,1998
2026-08-26 23:30,4674.10,4678.90,4672.00,4677.50,1634
2026-08-27 00:00,4677.90,4681.00,4667.40,4673.10,1872
2026-08-27 00:30,4673.00,4673.00,4654.50,4659.20,2954
2026-08-27 01:00,4658.90,4679.50,4656.20,4672.80,3260
2026-08-27 01:30,4672.70,4695.40,4672.40,4694.60,4219
2026-08-27 02:00,4694.60,4697.70,4687.40,4687.90,2683
2026-08-27 02:30,4687.80,4688.40,4678.10,4683.70,2731
2026-08-27 03:00,4683.80,4693.10,4682.90,4690.00,1257
2026-08-27 03:30,4690.00,4690.30,4678.80,4679.00,1045
2026-08-27 04:00,4679.70,4681.80,4675.00,4675.00,1011
2026-08-27 04:30,4674.90,4675.30,4671.40,4673.00,1323
2026-08-27 05:00,4673.30,4675.80,4670.60,4671.20,1283
2026-08-27 05:30,4671.10,4673.90,4655.00,4661.20,4734
2026-08-27 06:00,4661.00,4664.20,4653.30,4664.20,4068
2026-08-27 06:30,4664.40,4665.70,4651.70,4654.30,2818
2026-08-27 07:00,4654.30,4659.70,4647.20,4653.30,3259
2026-08-27 07:30,4653.40,4656.30,4648.70,4653.40,1686
2026-08-27 08:00,4654.00,4660.50,4653.20,4654.70,1870
2026-08-27 08:30,4654.50,4655.50,4647.90,4652.30,1685
2026-08-27 09:00,4652.30,4653.80,4646.60,4650.70,2606
2026-08-27 09:30,4650.90,4652.10,4631.00,4633.20,6340
2026-08-27 10:00,4632.90,4636.20,4618.90,4633.20,5269
2026-08-27 10:30,4632.90,4643.60,4628.90,4643.00,2347
2026-08-27 11:00,4643.10,4650.20,4640.20,4647.40,2280
2026-08-27 11:30,4647.90,4653.70,4647.10,4652.30,4589
2026-08-27 12:00,4652.00,4654.70,4645.00,4650.00,3988
2026-08-27 12:30,4650.60,4651.00,4633.70,4639.30,4117
2026-08-27 13:00,4639.20,4646.40,4633.00,4643.10,4341
2026-08-27 13:30,4643.00,4646.00,4616.00,4625.90,9782
2026-08-27 14:00,4625.60,4637.90,4621.70,4634.60,6936
2026-08-27 14:30,4634.40,4652.00,4634.40,4645.10,6833
2026-08-27 15:00,4645.00,4651.90,4642.70,4646.90,2681
2026-08-27 15:30,4646.90,4665.50,4646.10,4664.50,5216
2026-08-27 16:00,4664.70,4666.90,4656.50,4662.00,2841
2026-08-27 16:30,4661.80,4670.90,4660.00,4669.30,3730
2026-08-27 17:00,4669.20,4670.70,4662.50,4664.30,2650
2026-08-27 17:30,4664.50,4668.40,4659.10,4660.40,2183
2026-08-27 18:00,4660.60,4662.10,4655.20,4655.30,1892
2026-08-27 18:30,4655.30,4665.20,4654.70,4664.30,1469
2026-08-27 19:00,4664.70,4672.40,4658.30,4660.00,2388
2026-08-27 19:30,4659.80,4666.40,4658.60,4662.70,1539
2026-08-27 20:00,4662.80,4663.60,4656.60,4657.30,585
2026-08-27 20:30,4657.50,4658.60,4653.80,4654.80,679
2026-08-27 22:00,4656.00,4662.00,4653.90,4661.00,511
2026-08-27 22:30,4661.40,4664.10,4659.80,4664.10,821
2026-08-27 23:00,4664.00,4664.80,4652.90,4654.40,1192
2026-08-27 23:30,4654.40,4655.20,4647.30,4647.60,1234
2026-08-28 00:00,4647.80,4655.70,4643.80,4647.10,1561
2026-08-28 00:30,4647.30,4647.30,4638.50,4641.20,1282
2026-08-28 01:00,4642.40,4655.40,4637.00,4638.80,2771
2026-08-28 01:30,4638.90,4642.10,4628.10,4628.90,2528
2026-08-28 02:00,4628.60,4637.60,4628.00,4636.30,1242
2026-08-28 02:30,4636.40,4642.40,4634.90,4638.90,1270
2026-08-28 03:00,4638.70,4642.30,4635.00,4640.60,1042
2026-08-28 03:30,4640.50,4640.50,4630.90,4631.40,744
2026-08-28 04:00,4632.30,4637.50,4630.20,4636.80,953
2026-08-28 04:30,4636.50,4637.50,4630.00,4636.40,661
2026-08-28 05:00,4636.70,4638.60,4630.30,4636.40,944
2026-08-28 05:30,4636.20,4636.20,4623.00,4625.50,2008
2026-08-28 06:00,4625.70,4638.10,4624.50,4637.30,1744
2026-08-28 06:30,4637.10,4666.20,4635.60,4665.50,4364
2026-08-28 07:00,4665.40,4666.40,4648.70,4659.90,3756
2026-08-28 07:30,4660.40,4667.40,4660.10,4665.00,2483
2026-08-28 08:00,4664.90,4667.70,4661.30,4662.30,1764
2026-08-28 08:30,4662.70,4665.10,4654.30,4656.30,2008
2026-08-28 09:00,4656.40,4657.90,4653.50,4655.50,1295
2026-08-28 09:30,4655.20,4661.40,4654.60,4658.70,1609
2026-08-28 10:00,4658.80,4663.50,4655.00,4658.50,1785
2026-08-28 10:30,4658.70,4661.20,4650.30,4653.10,1565
2026-08-28 11:00,4653.10,4654.20,4647.70,4651.40,1864
2026-08-28 11:30,4651.40,4653.40,4643.60,4645.60,2581
2026-08-28 12:00,4645.60,4656.40,4643.20,4654.50,2921
2026-08-28 12:30,4654.30,4655.20,4641.20,4654.10,3910
2026-08-28 13:00,4654.20,4657.70,4645.90,4656.30,4441
2026-08-28 13:30,4656.10,4680.80,4651.10,4657.50,8527
2026-08-28 14:00,4657.40,4688.00,4580.20,4603.20,53738
2026-08-28 14:30,4603.50,4633.00,4601.70,4629.00,21358
2026-08-28 15:00,4629.30,4636.10,4603.50,4618.80,16679
2026-08-28 15:30,4619.00,4619.70,4574.80,4575.70,17720
2026-08-28 16:00,4575.90,4580.90,4515.30,4531.60,30698
2026-08-28 16:30,4531.60,4538.30,4516.70,4529.90,13421
2026-08-28 17:00,4530.10,4537.20,4521.90,4528.40,10803
2026-08-28 17:30,4528.50,4532.10,4510.50,4519.70,9579
2026-08-28 18:00,4519.70,4521.90,4502.40,4506.20,9931
2026-08-28 18:30,4505.90,4508.50,4495.00,4506.50,5667
2026-08-28 19:00,4506.50,4513.20,4502.40,4512.00,3684
2026-08-28 19:30,4511.60,4517.20,4502.30,4507.90,4619
2026-08-28 20:00,4507.90,4512.30,4503.20,4507.40,1811
2026-08-28 20:30,4507.50,4529.90,4502.70,4529.90,1340
2026-08-30 22:00,4506.30,4515.90,4505.00,4509.20,2552
2026-08-30 22:30,4509.00,4512.00,4502.20,4510.90,1759
2026-08-30 23:00,4510.80,4516.60,4503.90,4506.80,1967
2026-08-30 23:30,4506.40,4509.60,4485.20,4507.80,3682
2026-08-31 00:00,4507.80,4514.60,4501.40,4505.70,2488
2026-08-31 00:30,4506.20,4521.50,4505.50,4505.70,2613
2026-08-31 01:00,4505.80,4512.40,4485.30,4493.50,6180
2026-08-31 01:30,4493.00,4503.10,4485.00,4489.60,4056
2026-08-31 02:00,4489.10,4490.70,4466.00,4472.40,6411
2026-08-31 02:30,4472.10,4475.70,4445.60,4472.30,7132
2026-08-31 03:00,4472.30,4483.60,4471.10,4477.30,3053
2026-08-31 03:30,4477.20,4477.30,4469.50,4472.00,1510
2026-08-31 04:00,4472.30,4472.50,4465.50,4465.50,1893
2026-08-31 04:30,4465.50,4475.00,4462.50,4474.60,1577
2026-08-31 05:00,4474.60,4490.50,4469.20,4489.90,2220
2026-08-31 05:30,4490.30,4493.50,4480.40,4492.70,2785
2026-08-31 06:00,4492.70,4493.00,4478.90,4486.00,2696
2026-08-31 06:30,4485.70,4493.00,4481.30,4489.40,1575
2026-08-31 07:00,4489.20,4498.50,4485.00,4494.10,2733
2026-08-31 07:30,4494.10,4498.20,4490.90,4493.30,1724
2026-08-31 08:00,4493.30,4499.70,4486.20,4490.50,2066
2026-08-31 08:30,4490.20,4490.20,4483.90,4485.60,1321
2026-08-31 09:00,4485.80,4494.50,4485.70,4489.50,1645
2026-08-31 09:30,4489.60,4496.00,4489.30,4496.00,1280
2026-08-31 10:00,4495.90,4504.20,4495.20,4499.10,2151
2026-08-31 10:30,4499.20,4506.70,4498.50,4504.50,1708
2026-08-31 11:00,4504.60,4514.90,4503.10,4514.10,2136
2026-08-31 11:30,4514.10,4514.90,4503.20,4506.20,2361
2026-08-31 12:00,4506.10,4511.90,4497.80,4498.70,4880
2026-08-31 12:30,4498.40,4500.90,4486.50,4486.90,5244
2026-08-31 13:00,4486.70,4499.50,4484.80,4497.30,4528
2026-08-31 13:30,4497.40,4498.50,4466.40,4469.10,10669
2026-08-31 14:00,4469.30,4481.60,4466.70,4470.60,6470
2026-08-31 14:30,4470.50,4487.20,4470.00,4481.70,6086
2026-08-31 15:00,4481.70,4487.90,4477.90,4482.90,3966
2026-08-31 15:30,4482.40,4484.00,4474.30,4475.50,3835
2026-08-31 16:00,4475.90,4488.70,4473.00,4488.30,3256
2026-08-31 16:30,4488.60,4490.30,4481.00,4482.60,2820
2026-08-31 17:00,4482.80,4486.60,4477.80,4479.80,4205
2026-08-31 17:30,4479.80,4489.70,4479.10,4485.60,2308
2026-08-31 18:00,4486.00,4486.10,4478.90,4478.90,1754
2026-08-31 18:30,4478.90,4484.00,4475.50,4480.30,1557
2026-08-31 19:00,4480.70,4491.70,4478.40,4489.80,2349
2026-08-31 19:30,4489.80,4502.70,4488.40,4502.00,4252
2026-08-31 20:00,4502.30,4504.90,4496.10,4496.50,1226
2026-08-31 20:30,4496.50,4498.90,4495.90,4497.30,533
2026-08-31 22:00,4498.70,4504.80,4496.40,4498.60,777
2026-08-31 22:30,4498.50,4500.00,4494.30,4495.50,475
2026-08-31 23:00,4495.80,4495.80,4490.30,4491.90,790
2026-08-31 23:30,4492.00,4501.00,4491.60,4501.00,911
2026-09-01 00:00,4501.30,4510.50,4495.00,4509.20,1992
2026-09-01 00:30,4509.50,4510.40,4499.90,4502.70,1433
2026-09-01 01:00,4502.60,4505.90,4486.70,4488.60,2321
2026-09-01 01:30,4488.80,4495.60,4485.20,4493.10,1577
2026-09-01 02:00,4492.90,4498.20,4489.20,4489.20,1460
2026-09-01 02:30,4489.20,4492.60,4477.10,4492.40,3240
2026-09-01 03:00,4492.70,4493.50,4480.90,4483.50,1908
2026-09-01 03:30,4483.40,4492.40,4482.60,4487.00,1780
2026-09-01 04:00,4485.70,4486.70,4478.30,4478.50,1445
2026-09-01 04:30,4478.20,4479.40,4473.90,4475.20,2514
2026-09-01 05:00,4475.40,4481.30,4473.50,4475.20,1116
2026-09-01 05:30,4474.90,4494.70,4471.90,4489.00,2674
2026-09-01 06:00,4488.50,4489.10,4476.30,4477.60,1872
2026-09-01 06:30,4477.70,4484.10,4476.70,4478.00,1298
2026-09-01 07:00,4478.10,4483.60,4474.30,4474.50,2881
2026-09-01 07:30,4474.30,4476.90,4460.50,4468.70,4404
2026-09-01 08:00,4468.60,4468.60,4430.70,4432.00,10135
2026-09-01 08:30,4432.10,4432.60,4417.90,4419.40,7719
2026-09-01 09:00,4419.40,4426.60,4414.50,4421.40,5365
2026-09-01 09:30,4421.10,4422.50,4413.00,4413.70,5117
2026-09-01 10:00,4413.70,4434.20,4413.00,4433.30,3921
2026-09-01 10:30,4433.60,4434.60,4423.50,4426.90,3321
2026-09-01 11:00,4427.00,4431.80,4423.20,4429.20,2729
2026-09-01 11:30,4429.00,4435.70,4420.50,4422.90,3653
2026-09-01 12:00,4423.00,4424.90,4414.30,4417.10,5878
2026-09-01 12:30,4416.90,4418.50,4400.40,4404.70,9357
2026-09-01 13:00,4404.60,4406.30,4374.10,4391.10,20751
2026-09-01 13:30,4391.00,4415.90,4389.20,4413.90,11115
2026-09-01 14:00,4414.20,4424.30,4401.50,4414.40,10425
2026-09-01 14:30,4414.50,4421.80,4405.20,4408.80,6504
2026-09-01 15:00,4409.10,4414.20,4403.40,4414.20,4548
2026-09-01 15:30,4414.00,4422.70,4409.80,4421.70,3407
2026-09-01 16:00,4421.60,4423.30,4401.00,4401.30,6038
2026-09-01 16:30,4401.00,4407.50,4395.40,4399.60,5263
2026-09-01 17:00,4399.80,4400.30,4390.70,4398.50,6690
2026-09-01 17:30,4398.30,4400.30,4389.00,4391.10,3220
2026-09-01 18:00,4391.30,4392.70,4382.40,4385.40,3138
2026-09-01 18:30,4385.40,4385.50,4375.60,4379.40,4606
2026-09-01 19:00,4379.10,4385.20,4376.60,4382.00,2146
2026-09-01 19:30,4382.00,4382.20,4369.70,4374.00,5037
2026-09-01 20:00,4374.10,4377.90,4370.70,4372.90,3014
2026-09-01 20:30,4373.00,4377.50,4372.10,4375.70,1534
2026-09-01 22:00,4377.20,4381.00,4373.50,4374.10,504
2026-09-01 22:30,4374.00,4377.40,4372.70,4375.70,755
2026-09-01 23:00,4375.70,4378.60,4370.50,4376.70,1326
2026-09-01 23:30,4377.00,4382.00,4367.70,4370.60,2036
2026-09-02 00:00,4370.70,4380.90,4361.40,4372.00,5266
2026-09-02 00:30,4371.80,4378.00,4360.70,4362.50,2777
2026-09-02 01:00,4362.10,4373.50,4350.10,4364.00,7283
2026-09-02 01:30,4364.20,4365.10,4333.90,4338.10,6196
2026-09-02 02:00,4337.80,4353.60,4334.60,4351.70,4925
2026-09-02 02:30,4352.10,4362.10,4346.70,4350.00,4385
2026-09-02 03:00,4350.00,4351.40,4336.40,4340.70,3848
2026-09-02 03:30,4340.60,4350.70,4329.20,4348.80,4897
2026-09-02 04:00,4349.90,4353.50,4347.80,4349.40,1865
2026-09-02 04:30,4349.60,4354.40,4349.10,4353.70,1095
2026-09-02 05:00,4353.90,4360.50,4350.00,4359.70,2185
2026-09-02 05:30,4359.80,4373.10,4359.70,4366.70,3954
2026-09-02 06:00,4366.80,4375.90,4364.20,4368.90,3455
2026-09-02 06:30,4369.40,4372.90,4361.20,4368.30,2704
2026-09-02 07:00,4368.40,4377.80,4365.80,4373.70,2642
2026-09-02 07:30,4373.20,4377.80,4366.90,4369.80,1781
2026-09-02 08:00,4370.10,4378.40,4368.80,4369.60,2223
2026-09-02 08:30,4369.60,4373.20,4359.10,4359.60,2904
2026-09-02 09:00,4359.60,4369.20,4352.30,4356.10,2854
2026-09-02 09:30,4356.30,4359.10,4354.60,4355.90,1968
2026-09-02 10:00,4355.90,4359.80,4349.10,4357.10,2111
2026-09-02 10:30,4357.40,4358.10,4352.50,4356.60,1500
2026-09-02 11:00,4356.30,4371.60,4354.90,4368.80,3550
2026-09-02 11:30,4369.20,4380.20,4368.70,4379.60,4017
2026-09-02 12:00,4379.50,4391.40,4375.90,4383.30,9081
2026-09-02 12:30,4383.30,4386.00,4374.40,4378.30,4512
2026-09-02 13:00,4378.30,4405.80,4377.50,4405.50,11256
2026-09-02 13:30,4405.30,4433.50,4403.80,4433.00,16678
2026-09-02 14:00,4432.90,4444.40,4426.40,4434.30,14555
2026-09-02 14:30,4434.20,4435.00,4421.40,4424.20,6337
2026-09-02 15:00,4424.10,4427.80,4412.50,4419.50,7300
2026-09-02 15:30,4419.80,4422.20,4411.40,4419.90,3559
2026-09-02 16:00,4419.70,4421.70,4414.30,4415.20,2438
2026-09-02 16:30,4415.50,4417.50,4411.10,4415.10,2591
2026-09-02 17:00,4415.20,4417.90,4411.20,4416.60,3027
2026-09-02 17:30,4416.60,4427.40,4413.20,4423.40,4153
2026-09-02 18:00,4423.70,4426.30,4415.90,4420.00,3287
2026-09-02 18:30,4419.70,4425.00,4419.00,4420.30,1326
2026-09-02 19:00,4420.80,4429.70,4418.30,4427.60,1683
2026-09-02 19:30,4427.70,4437.90,4427.60,4437.70,3155
2026-09-02 20:00,4437.40,4438.20,4430.60,4433.20,1371
2026-09-02 20:30,4433.00,4437.70,4432.50,4434.30,874
2026-09-02 22:00,4436.40,4438.10,4432.60,4434.80,578
2026-09-02 22:30,4434.30,4434.70,4428.40,4429.80,820
2026-09-02 23:00,4430.20,4432.20,4427.30,4427.70,649
2026-09-02 23:30,4427.50,4434.40,4426.70,4431.00,1046
2026-09-03 00:00,4431.20,4438.00,4429.90,4432.50,1752
2026-09-03 00:30,4432.30,4442.90,4427.80,4440.50,1707
2026-09-03 01:00,4440.80,4454.70,4432.20,4447.10,6339
2026-09-03 01:30,4446.80,4457.60,4445.20,4455.00,2879
2026-09-03 02:00,4455.20,4461.20,4452.20,4457.10,2942
2026-09-03 02:30,4457.10,4466.20,4454.80,4466.00,3035
2026-09-03 03:00,4466.00,4477.10,4464.90,4475.10,3142
2026-09-03 03:30,4475.20,4478.20,4471.00,4477.10,3029
2026-09-03 04:00,4477.30,4482.00,4470.80,4481.80,3214
2026-09-03 04:30,4481.70,4483.90,4479.40,4483.00,1910
2026-09-03 05:00,4483.10,4486.00,4468.20,4471.00,4239
2026-09-03 05:30,4470.90,4485.30,4468.30,4477.00,4664
2026-09-03 06:00,4477.00,4482.20,4462.80,4467.50,5144
2026-09-03 06:30,4467.50,4474.70,4466.10,4466.40,2479
2026-09-03 07:00,4466.00,4477.50,4464.60,4471.90,3901
2026-09-03 07:30,4471.70,4476.80,4469.30,4474.70,2450
2026-09-03 08:00,4474.50,4490.00,4473.60,4484.60,6654
2026-09-03 08:30,4484.30,4486.30,4477.50,4481.10,3065
2026-09-03 09:00,4481.30,4488.20,4478.20,4481.50,3485
2026-09-03 09:30,4481.30,4484.70,4472.00,4473.90,4125
2026-09-03 10:00,4474.10,4476.10,4464.90,4468.70,2940
2026-09-03 10:30,4468.60,4474.80,4466.20,4473.20,1797
2026-09-03 11:00,4473.10,4484.20,4471.10,4480.40,3210
2026-09-03 11:30,4480.50,4493.40,4471.90,4490.20,3722
2026-09-03 12:00,4490.00,4496.70,4484.10,4493.30,5681
2026-09-03 12:30,4493.10,4542.60,4492.90,4540.90,21823
2026-09-03 13:00,4540.90,4543.70,4524.30,4527.60,13550
2026-09-03 13:30,4527.40,4529.70,4502.80,4517.10,12403
2026-09-03 14:00,4517.10,4527.30,4502.90,4523.60,9614
2026-09-03 14:30,4523.50,4531.90,4512.40,4531.90,6696
2026-09-03 15:00,4532.00,4558.50,4530.90,4554.10,15583
2026-09-03 15:30,4554.20,4557.40,4533.70,4540.80,6324
2026-09-03 16:00,4540.70,4543.40,4535.20,4540.70,3006
2026-09-03 16:30,4541.20,4543.30,4533.00,4533.70,2939
2026-09-03 17:00,4533.90,4541.20,4530.60,4540.40,5072
2026-09-03 17:30,4540.50,4542.00,4534.80,4535.70,2370
2026-09-03 18:00,4534.60,4537.10,4526.80,4527.10,3128
2026-09-03 18:30,4527.40,4530.00,4521.20,4522.90,3322
2026-09-03 19:00,4522.80,4524.70,4520.30,4523.50,2105
2026-09-03 19:30,4523.80,4528.70,4520.90,4522.90,2833
2026-09-03 20:00,4522.70,4523.30,4517.70,4519.00,1156
2026-09-03 20:30,4519.00,4521.50,4518.40,4520.00,572
2026-09-03 21:00,4520.30,4520.30,4520.30,4520.30,1
2026-09-03 22:00,4522.00,4526.30,4520.10,4522.30,859
2026-09-03 22:30,4522.20,4524.10,4518.50,4521.60,2396
2026-09-03 23:00,4521.50,4524.80,4519.00,4520.70,1364
2026-09-03 23:30,4520.60,4527.20,4520.50,4526.90,997
2026-09-04 00:00,4527.00,4529.90,4520.50,4521.20,1346
2026-09-04 00:30,4521.20,4533.50,4519.30,4532.90,1595
2026-09-04 01:00,4532.60,4533.60,4514.10,4517.20,3196
2026-09-04 01:30,4517.30,4526.60,4513.00,4525.20,2460
2026-09-04 02:00,4525.30,4528.90,4517.40,4520.00,1832
2026-09-04 02:30,4519.90,4527.00,4516.30,4523.80,1705
2026-09-04 03:00,4523.50,4525.00,4516.40,4518.60,1118
2026-09-04 03:30,4518.80,4521.60,4513.60,4513.80,663
2026-09-04 04:00,4513.10,4518.80,4511.60,4518.10,1393
2026-09-04 04:30,4518.10,4521.50,4518.00,4520.40,784
2026-09-04 05:00,4520.30,4521.60,4513.70,4513.80,1459
2026-09-04 05:30,4513.60,4523.90,4512.80,4518.20,2802
2026-09-04 06:00,4518.10,4519.50,4512.80,4515.20,2247
2026-09-04 06:30,4515.20,4516.10,4506.60,4509.50,2400
2026-09-04 07:00,4509.30,4520.00,4508.00,4519.60,2446
2026-09-04 07:30,4519.60,4537.80,4519.60,4530.30,4599
2026-09-04 08:00,4530.40,4533.60,4525.70,4527.80,2416
2026-09-04 08:30,4528.10,4529.30,4521.00,4524.30,1371
2026-09-04 09:00,4524.50,4525.70,4510.00,4512.80,2393
2026-09-04 09:30,4512.80,4516.50,4510.80,4511.80,2443
2026-09-04 10:00,4511.70,4520.00,4511.60,4517.50,1399
2026-09-04 10:30,4517.60,4523.10,4516.30,4518.90,1025
2026-09-04 11:00,4519.20,4519.30,4511.50,4511.80,1587
2026-09-04 11:30,4511.90,4516.80,4510.90,4513.10,1883
2026-09-04 12:00,4513.30,4523.30,4510.50,4517.70,4300
2026-09-04 12:30,4520.90,4523.50,4419.00,4440.60,40718
2026-09-04 13:00,4440.90,4461.50,4412.00,4459.50,17066
2026-09-04 13:30,4459.70,4481.80,4452.30,4459.90,15246
2026-09-04 14:00,4460.00,4484.80,4458.80,4476.50,8810
2026-09-04 14:30,4476.60,4489.40,4464.00,4474.30,8737
2026-09-04 15:00,4474.40,4496.20,4469.50,4487.00,7375
2026-09-04 15:30,4487.10,4493.70,4482.80,4483.30,4611
2026-09-04 16:00,4483.80,4491.00,4479.50,4481.60,3747
2026-09-04 16:30,4481.70,4487.80,4481.10,4483.60,2342
2026-09-04 17:00,4483.50,4488.00,4475.00,4476.00,5085
2026-09-04 17:30,4475.90,4477.30,4461.10,4464.00,4169
2026-09-04 18:00,4464.70,4474.50,4459.00,4472.60,3504
2026-09-04 18:30,4472.60,4473.90,4468.90,4471.30,1750
2026-09-04 19:00,4471.60,4483.00,4470.00,4482.80,1966
2026-09-04 19:30,4482.80,4485.60,4479.80,4482.00,2785
2026-09-04 20:00,4481.80,4482.30,4476.60,4477.30,1123
2026-09-04 20:30,4476.60,4478.50,4475.60,4476.60,676
2026-09-08 04:00,4483.50,4488.80,4477.00,4477.90,2018
2026-09-08 04:30,4478.30,4485.50,4477.90,4481.60,884
2026-09-08 05:00,4481.70,4483.40,4465.30,4465.50,1871
2026-09-08 05:30,4465.60,4473.90,4462.10,4464.40,2289
2026-09-08 06:00,4464.40,4465.10,4443.70,4444.80,3939
2026-09-08 06:30,4444.80,4454.00,4442.60,4448.30,2791
2026-09-08 07:00,4448.60,4454.00,4445.00,4446.50,2045
2026-09-08 07:30,4446.60,4450.20,4434.30,4436.70,3436
2026-09-08 08:00,4436.60,4440.90,4432.00,4438.90,2373
2026-09-08 08:30,4439.00,4443.00,4435.50,4438.50,2223
2026-09-08 09:00,4438.00,4443.60,4435.50,4437.30,1684
2026-09-08 09:30,4437.20,4450.10,4435.00,4447.20,2829
2026-09-08 10:00,4447.30,4451.60,4438.00,4443.80,2738
2026-09-08 10:30,4443.70,4444.90,4438.30,4439.90,1698
2026-09-08 11:00,4440.20,4447.20,4435.50,4446.00,2060
2026-09-08 11:30,4446.50,4452.40,4442.30,4450.90,2160
2026-09-08 12:00,4450.90,4451.40,4429.50,4446.20,8104
2026-09-08 12:30,4446.30,4456.30,4439.70,4456.10,4519
2026-09-08 13:00,4456.30,4457.90,4443.50,4444.80,4248
2026-09-08 13:30,4444.90,4452.00,4434.70,4440.30,6752
2026-09-08 14:00,4440.30,4449.00,4436.20,4441.50,4806
2026-09-08 14:30,4442.00,4446.00,4433.70,4443.40,5524
2026-09-08 15:00,4443.80,4454.50,4441.60,4444.40,5848
2026-09-08 15:30,4444.40,4449.30,4439.80,4439.80,2879
2026-09-08 16:00,4440.00,4440.50,4425.10,4438.90,7300
2026-09-08 16:30,4438.90,4443.40,4434.90,4438.30,3512
2026-09-08 17:00,4438.40,4448.60,4436.80,4438.90,4630
2026-09-08 17:30,4438.90,4439.80,4429.50,4434.30,2783
2026-09-08 18:00,4434.50,4434.70,4428.40,4430.10,2857
2026-09-08 18:30,4430.10,4431.30,4402.40,4420.10,9037
2026-09-08 19:00,4420.20,4421.80,4411.00,4413.60,2974
2026-09-08 19:30,4413.40,4414.80,4401.10,4404.50,4816
2026-09-08 20:00,4404.10,4409.50,4400.10,4401.00,3056
2026-09-08 20:30,4401.60,4403.40,4381.00,4400.00,2348
2026-09-08 22:00,4399.00,4403.00,4396.60,4398.30,770
2026-09-08 22:30,4398.30,4399.70,4393.70,4397.40,766
2026-09-08 23:00,4397.40,4401.30,4395.00,4401.00,995
2026-09-08 23:30,4401.10,4403.40,4392.40,4393.10,1304
2026-09-09 00:00,4393.30,4396.60,4384.10,4390.60,2474
2026-09-09 00:30,4390.30,4409.50,4387.50,4408.80,2447
2026-09-09 01:00,4408.60,4417.00,4397.80,4415.80,4020
2026-09-09 01:30,4415.80,4422.00,4414.60,4417.70,2660
2026-09-09 02:00,4417.30,4420.90,4414.40,4416.60,823
2026-09-09 02:30,4416.60,4428.40,4411.00,4426.00,2039
2026-09-09 03:00,4426.20,4426.60,4419.20,4422.10,992
2026-09-09 03:30,4421.90,4423.90,4419.20,4420.40,554
2026-09-09 04:00,4418.70,4424.30,4414.20,4423.70,1145
2026-09-09 04:30,4423.50,4426.20,4419.90,4425.30,1013
2026-09-09 05:00,4425.40,4432.30,4423.90,4428.80,3249
2026-09-09 05:30,4428.70,4444.60,4428.00,4442.30,4021
2026-09-09 06:00,4442.40,4448.80,4438.60,4441.60,3658
2026-09-09 06:30,4441.70,4449.90,4440.50,4444.70,2961
2026-09-09 07:00,4444.40,4452.60,4443.00,4451.40,2506
2026-09-09 07:30,4451.50,4456.30,4449.90,4452.90,3483
2026-09-09 08:00,4452.80,4455.40,4442.60,4443.70,3339
2026-09-09 08:30,4443.60,4447.60,4442.80,4444.60,1531
2026-09-09 09:00,4444.80,4446.30,4440.60,4442.50,1699
2026-09-09 09:30,4442.50,4443.00,4432.50,4434.60,2802
2026-09-09 10:00,4434.50,4439.70,4430.00,4438.20,2486
2026-09-09 10:30,4438.10,4447.00,4437.00,4442.90,2592
2026-09-09 11:00,4443.30,4453.20,4443.20,4452.00,2225
2026-09-09 11:30,4452.30,4459.90,4447.40,4451.60,4387
2026-09-09 12:00,4451.50,4453.60,4438.10,4438.50,3738
2026-09-09 12:30,4438.00,4447.00,4435.20,4444.40,4072
2026-09-09 13:00,4444.20,4475.10,4442.80,4474.30,8870
2026-09-09 13:30,4474.10,4479.00,4454.70,4459.30,10240
2026-09-09 14:00,4459.20,4473.00,4453.60,4470.00,7711
2026-09-09 14:30,4470.20,4471.40,4459.20,4463.20,5051
2026-09-09 15:00,4463.40,4477.00,4419.30,4438.70,24841
2026-09-09 15:30,4439.10,4451.90,4436.80,4442.70,6628
2026-09-09 16:00,4442.90,4447.30,4435.80,4446.20,3987
2026-09-09 16:30,4446.00,4455.40,4443.30,4454.40,3188
2026-09-09 17:00,4454.50,4465.60,4453.80,4459.80,5589
2026-09-09 17:30,4460.00,4462.20,4456.80,4461.20,2440
2026-09-09 18:00,4461.40,4466.70,4461.10,4463.10,2591
2026-09-09 18:30,4463.30,4463.50,4446.50,4448.20,3214
2026-09-09 19:00,4448.20,4450.40,4442.00,4445.10,2412
2026-09-09 19:30,4445.10,4446.90,4441.10,4444.40,1771
2026-09-09 20:00,4444.20,4444.60,4438.90,4440.40,991
2026-09-09 20:30,4440.30,4448.10,4440.20,4447.20,865
2026-09-09 22:00,4448.00,4450.40,4444.40,4446.70,861
2026-09-09 22:30,4446.70,4448.30,4442.00,4443.90,1837
2026-09-09 23:00,4444.00,4447.50,4439.60,4441.20,2713
2026-09-09 23:30,4441.20,4443.00,4436.70,4437.50,1011
2026-09-10 00:00,4437.70,4442.30,4433.20,4436.60,1350
2026-09-10 00:30,4436.30,4448.40,4434.90,4444.50,1641
2026-09-10 01:00,4444.30,4462.50,4443.50,4453.50,3141
2026-09-10 01:30,4453.70,4457.70,4448.50,4455.20,1622
2026-09-10 02:00,4455.20,4462.20,4451.30,4460.30,2791
2026-09-10 02:30,4460.50,4464.40,4454.30,4462.70,1849
2026-09-10 03:00,4462.70,4464.50,4452.50,4453.30,1428
2026-09-10 03:30,4453.10,4455.70,4449.90,4451.90,660
2026-09-10 04:00,4452.40,4458.40,4452.10,4454.60,858
2026-09-10 04:30,4455.30,4456.70,4448.40,4451.40,823
2026-09-10 05:00,4451.20,4463.80,4451.10,4463.60,1322
2026-09-10 05:30,4463.90,4475.10,4460.50,4475.00,4284
2026-09-10 06:00,4475.10,4479.90,4454.40,4460.80,4998
2026-09-10 06:30,4460.70,4472.50,4456.20,4469.30,4655
2026-09-10 07:00,4469.00,4469.50,4451.70,4451.80,3732
2026-09-10 07:30,4452.10,4458.70,4447.50,4454.90,3870
2026-09-10 08:00,4454.70,4455.70,4447.00,4449.10,1986
2026-09-10 08:30,4448.70,4449.20,4435.00,4437.80,4211
2026-09-10 09:00,4437.80,4439.50,4432.30,4435.50,2264
2026-09-10 09:30,4435.20,4438.60,4431.00,4437.00,1810
2026-09-10 10:00,4436.90,4442.80,4432.20,4436.70,2651
2026-09-10 10:30,4437.00,4437.50,4417.00,4421.40,6236
2026-09-10 11:00,4421.10,4431.20,4417.40,4428.00,3143
2026-09-10 11:30,4427.90,4433.10,4415.10,4416.70,2763
2026-09-10 12:00,4416.80,4419.90,4403.60,4406.30,7596
2026-09-10 12:30,4406.90,4415.40,4365.40,4381.80,24259
2026-09-10 13:00,4382.10,4399.80,4380.40,4399.60,9420
2026-09-10 13:30,4399.70,4418.10,4394.10,4408.50,14561
2026-09-10 14:00,4408.30,4419.10,4396.50,4405.90,11056
2026-09-10 14:30,4406.00,4412.80,4396.40,4400.10,6458
2026-09-10 15:00,4400.40,4409.70,4394.60,4407.30,4652
2026-09-10 15:30,4407.40,4414.10,4402.70,4407.80,3719
2026-09-10 16:00,4408.10,4412.00,4395.50,4405.10,3982
2026-09-10 16:30,4404.50,4407.50,4397.90,4406.40,4603
2026-09-10 17:00,4406.20,4410.50,4401.60,4408.00,4705
2026-09-10 17:30,4407.90,4408.40,4392.70,4394.20,3401
2026-09-10 18:00,4394.40,4397.80,4378.80,4380.70,6167
2026-09-10 18:30,4380.60,4380.60,4371.30,4374.40,5769
2026-09-10 19:00,4374.00,4374.00,4354.70,4368.80,7948
2026-09-10 19:30,4368.70,4371.00,4361.30,4365.70,2881
2026-09-10 20:00,4365.50,4365.70,4357.60,4359.80,1531
2026-09-10 20:30,4359.70,4360.60,4355.90,4358.50,1120
2026-09-10 22:00,4359.40,4365.80,4357.90,4360.20,555
2026-09-10 22:30,4360.40,4360.80,4354.00,4358.80,1144
2026-09-10 23:00,4358.70,4361.00,4356.90,4358.70,691
2026-09-10 23:30,4358.50,4360.90,4351.30,4354.50,1059
2026-09-11 00:00,4355.50,4364.80,4353.20,4364.20,1412
2026-09-11 00:30,4364.20,4374.10,4359.70,4372.20,2022
2026-09-11 01:00,4372.30,4380.70,4361.00,4368.80,4117
2026-09-11 01:30,4368.30,4375.10,4362.60,4369.10,2599
2026-09-11 02:00,4369.50,4374.50,4363.70,4365.30,1819
2026-09-11 02:30,4365.00,4367.20,4356.20,4363.20,3030
2026-09-11 03:00,4362.70,4366.80,4344.40,4350.10,3217
2026-09-11 03:30,4350.10,4353.20,4341.40,4345.00,2608
2026-09-11 04:00,4344.20,4369.80,4342.40,4369.10,3155
2026-09-11 04:30,4369.20,4375.60,4366.00,4372.10,2365
2026-09-11 05:00,4372.40,4379.90,4368.90,4375.50,1752
2026-09-11 05:30,4375.70,4392.50,4374.10,4386.60,3345
2026-09-11 06:00,4386.80,4402.00,4386.30,4392.90,3636
2026-09-11 06:30,4392.30,4396.10,4387.90,4394.80,2298
2026-09-11 07:00,4394.20,4397.30,4387.30,4387.30,1709
2026-09-11 07:30,4387.50,4388.70,4381.70,4386.10,1511
2026-09-11 08:00,4386.30,4399.30,4383.00,4393.20,3464
2026-09-11 08:30,4393.00,4398.20,4387.40,4388.70,2271
2026-09-11 09:00,4388.90,4395.40,4383.20,4385.60,1588
2026-09-11 09:30,4386.00,4389.80,4382.50,4388.20,1734
2026-09-11 10:00,4388.30,4392.00,4382.70,4391.50,2803
2026-09-11 10:30,4391.50,4391.90,4378.50,4379.40,1828
2026-09-11 11:00,4379.30,4384.60,4376.50,4378.20,2336
2026-09-11 11:30,4378.60,4379.30,4372.10,4375.00,2476
2026-09-11 12:00,4375.30,4385.50,4366.10,4382.10,4897
2026-09-11 12:30,4383.40,4432.60,4333.00,4430.30,32216
2026-09-11 13:00,4430.50,4440.40,4421.90,4431.60,15347
2026-09-11 13:30,4432.30,4444.90,4423.30,4443.90,10599
2026-09-11 14:00,4443.70,4444.90,4416.20,4417.00,9567
2026-09-11 14:30,4417.20,4426.10,4406.30,4412.50,8616
2026-09-11 15:00,4412.50,4414.80,4401.00,4412.00,6884
2026-09-11 15:30,4411.80,4418.70,4406.80,4408.60,3868
2026-09-11 16:00,4408.60,4414.40,4393.30,4396.20,6591
2026-09-11 16:30,4396.50,4407.40,4394.70,4403.80,3552
2026-09-11 17:00,4403.70,4412.30,4402.90,4409.10,4664
2026-09-11 17:30,4409.10,4412.70,4400.00,4400.60,3092
2026-09-11 18:00,4400.50,4402.40,4385.80,4392.90,5177
2026-09-11 18:30,4392.90,4393.90,4386.30,4389.10,1551
2026-09-11 19:00,4389.30,4395.80,4386.30,4389.60,2354
2026-09-11 19:30,4389.90,4391.80,4384.90,4391.00,2350
2026-09-11 20:00,4391.00,4393.80,4388.60,4390.80,717
2026-09-11 20:30,4390.80,4408.90,4387.30,4408.90,782
2026-09-13 22:00,4371.90,4377.00,4368.60,4376.90,1439
2026-09-13 22:30,4376.90,4380.90,4374.50,4378.40,1490
2026-09-13 23:00,4378.60,4383.00,4376.30,4379.90,900
2026-09-13 23:30,4379.80,4382.90,4372.60,4373.30,703
2026-09-14 00:00,4373.30,4388.80,4370.90,4378.90,1978
2026-09-14 00:30,4379.30,4384.40,4373.40,4379.60,1472
2026-09-14 01:00,4379.70,4385.90,4367.10,4376.70,3523
2026-09-14 01:30,4376.30,4396.50,4369.30,4394.50,2838
2026-09-14 02:00,4394.40,4396.20,4389.30,4393.20,1512
2026-09-14 02:30,4393.70,4396.80,4371.10,4371.80,2431
2026-09-14 03:00,4371.50,4377.10,4368.30,4375.10,1691
2026-09-14 03:30,4375.50,4375.70,4367.20,4370.60,1489
2026-09-14 04:00,4370.60,4371.90,4369.00,4371.80,557
2026-09-14 04:30,4371.80,4371.80,4362.10,4369.60,2130
2026-09-14 05:00,4369.80,4372.70,4366.50,4366.50,1192
2026-09-14 05:30,4366.90,4378.10,4363.50,4378.10,3211
2026-09-14 06:00,4377.90,4379.30,4367.40,4370.90,1700
2026-09-14 06:30,4370.40,4372.90,4360.90,4362.50,1806
2026-09-14 07:00,4362.40,4364.50,4356.70,4357.30,2161
2026-09-14 07:30,4357.20,4362.20,4348.00,4350.70,2994
2026-09-14 08:00,4350.90,4358.40,4350.20,4350.70,1911
2026-09-14 08:30,4350.00,4356.10,4343.20,4346.60,2321
2026-09-14 09:00,4346.30,4351.80,4320.10,4327.90,7907
2026-09-14 09:30,4327.40,4329.20,4317.30,4325.20,6098
2026-09-14 10:00,4325.10,4332.40,4317.80,4330.90,3200
2026-09-14 10:30,4331.00,4336.50,4328.90,4334.40,2343
2026-09-14 11:00,4334.40,4337.10,4331.10,4336.30,2029
2026-09-14 11:30,4336.10,4337.10,4324.10,4326.90,2486
2026-09-14 12:00,4327.10,4337.70,4322.90,4326.30,5130
2026-09-14 12:30,4326.30,4329.90,4305.70,4310.80,8113
2026-09-14 13:00,4311.20,4317.50,4293.00,4313.70,10481
2026-09-14 13:30,4313.70,4321.90,4306.50,4312.20,6959
2026-09-14 14:00,4312.10,4323.40,4303.70,4310.40,7549
2026-09-14 14:30,4310.40,4320.10,4306.00,4320.10,4554
2026-09-14 15:00,4320.20,4327.80,4313.10,4324.30,7595
2026-09-14 15:30,4324.30,4339.40,4323.60,4329.10,8894
2026-09-14 16:00,4329.30,4346.40,4327.30,4340.90,4833
2026-09-14 16:30,4340.80,4358.90,4340.20,4356.50,6654
2026-09-14 17:00,4356.50,4357.40,4349.70,4352.30,5287
2026-09-14 17:30,4352.30,4354.30,4348.20,4351.60,2708
2026-09-14 18:00,4351.70,4356.70,4346.60,4350.20,3001
2026-09-14 18:30,4349.90,4353.60,4345.00,4347.80,1976
2026-09-14 19:00,4347.90,4348.30,4336.50,4337.10,2687
2026-09-14 19:30,4337.10,4338.00,4323.20,4324.10,3614
2026-09-14 20:00,4324.10,4339.20,4322.80,4337.50,2288
2026-09-14 20:30,4337.60,4340.40,4335.30,4340.00,796
2026-09-14 22:00,4340.30,4343.60,4332.60,4336.20,1236
2026-09-14 22:30,4336.10,4339.20,4333.80,4335.90,2779
2026-09-14 23:00,4335.80,4338.10,4327.50,4330.50,2753
2026-09-14 23:30,4330.30,4332.40,4327.70,4329.00,1256
2026-09-15 00:00,4328.90,4330.80,4324.20,4328.90,1610
2026-09-15 00:30,4328.60,4337.30,4323.80,4333.60,1659
2026-09-15 01:00,4333.80,4346.00,4328.40,4341.80,3158
2026-09-15 01:30,4342.10,4347.00,4333.90,4344.10,2610
2026-09-15 02:00,4344.50,4352.10,4344.40,4350.40,2874
2026-09-15 02:30,4350.90,4358.20,4347.60,4354.90,2578
2026-09-15 03:00,4354.80,4355.20,4350.40,4351.50,2076
2026-09-15 03:30,4351.50,4354.10,4343.90,4345.10,2313
2026-09-15 04:00,4344.00,4350.40,4343.10,4344.00,1943
2026-09-15 04:30,4344.20,4348.10,4341.30,4344.80,1966
2026-09-15 05:00,4344.90,4347.90,4336.50,4337.20,1374
2026-09-15 05:30,4337.00,4340.10,4329.10,4331.20,2725
2026-09-15 06:00,4331.10,4334.70,4326.00,4329.50,2619
2026-09-15 06:30,4329.50,4335.30,4325.90,4333.60,2647
2026-09-15 07:00,4333.50,4335.70,4326.90,4332.10,2605
2026-09-15 07:30,4332.40,4333.30,4316.60,4320.70,3710
2026-09-15 08:00,4320.80,4320.90,4304.00,4313.80,5164
2026-09-15 08:30,4313.80,4315.30,4301.70,4302.80,2508
2026-09-15 09:00,4303.10,4309.50,4301.60,4307.10,3808
2026-09-15 09:30,4306.80,4312.40,4304.90,4308.70,3033
2026-09-15 10:00,4308.80,4318.40,4308.80,4314.40,2543
2026-09-15 10:30,4314.60,4324.00,4313.50,4321.80,2674
2026-09-15 11:00,4321.20,4325.70,4318.80,4323.30,2252
2026-09-15 11:30,4323.20,4326.70,4320.10,4324.40,2065
2026-09-15 12:00,4324.40,4324.80,4311.00,4317.60,3531
2026-09-15 12:30,4317.40,4336.30,4314.30,4330.60,7016
2026-09-15 13:00,4330.20,4334.60,4323.30,4327.40,5190
2026-09-15 13:30,4327.60,4338.50,4324.00,4334.60,6258
2026-09-15 14:00,4334.60,4340.70,4322.30,4324.40,6021
2026-09-15 14:30,4324.30,4326.20,4313.00,4316.80,6884
2026-09-15 15:00,4316.90,4327.90,4316.60,4324.10,3763
2026-09-15 15:30,4324.20,4335.20,4321.70,4329.90,5035
2026-09-15 16:00,4329.60,4337.30,4325.40,4335.90,3631
2026-09-15 16:30,4335.70,4338.40,4331.60,4335.60,3762
2026-09-15 17:00,4335.80,4339.70,4330.50,4333.70,5969
2026-09-15 17:30,4333.60,4339.80,4332.70,4335.30,3156
2026-09-15 18:00,4335.50,4347.20,4332.90,4345.00,4511
2026-09-15 18:30,4344.90,4350.60,4341.80,4348.70,2361
2026-09-15 19:00,4348.70,4350.80,4337.80,4340.90,2143
2026-09-15 19:30,4340.60,4342.10,4333.70,4337.30,2355
2026-09-15 20:00,4337.30,4338.80,4333.70,4334.10,1435
2026-09-15 20:30,4334.30,4335.90,4331.60,4333.40,825
2026-09-15 22:00,4333.50,4339.10,4330.90,4339.00,2467
2026-09-15 22:30,4339.10,4339.50,4329.20,4329.20,2045
2026-09-15 23:00,4329.10,4329.70,4322.00,4324.40,2085
2026-09-15 23:30,4324.00,4328.10,4321.20,4323.30,3247
2026-09-16 00:00,4323.90,4326.50,4320.70,4324.40,1104
2026-09-16 00:30,4324.80,4325.90,4315.20,4317.10,2605
2026-09-16 01:00,4317.10,4333.30,4316.30,4330.10,4196
2026-09-16 01:30,4330.10,4331.20,4319.40,4321.80,2124
2026-09-16 02:00,4322.00,4340.50,4321.40,4338.80,3562
2026-09-16 02:30,4338.90,4363.90,4338.30,4362.10,7596
2026-09-16 03:00,4362.30,4381.90,4361.90,4372.60,7007
2026-09-16 03:30,4372.50,4373.40,4363.30,4367.20,2321
2026-09-16 04:00,4368.00,4369.20,4364.00,4366.60,1064
2026-09-16 04:30,4366.40,4369.10,4361.50,4362.60,811
2026-09-16 05:00,4362.80,4367.70,4361.70,4365.70,1470
2026-09-16 05:30,4365.90,4374.30,4365.00,4366.90,2074
2026-09-16 06:00,4366.90,4372.40,4361.70,4367.00,2300
2026-09-16 06:30,4366.80,4373.40,4364.00,4373.20,1789
2026-09-16 07:00,4372.70,4378.00,4370.00,4375.80,2217
2026-09-16 07:30,4375.90,4379.10,4368.20,4369.00,2560
2026-09-16 08:00,4369.00,4377.70,4362.60,4374.30,4995
2026-09-16 08:30,4374.40,4374.60,4363.90,4371.10,2577
2026-09-16 09:00,4371.20,4375.00,4368.30,4370.60,3133
2026-09-16 09:30,4370.30,4380.30,4370.30,4379.10,3190
2026-09-16 10:00,4379.10,4390.20,4378.60,4389.30,6703
2026-09-16 10:30,4389.40,4393.00,4386.60,4391.90,2595
2026-09-16 11:00,4392.00,4394.80,4387.40,4391.80,4624
2026-09-16 11:30,4391.70,4394.20,4382.70,4382.80,3034
2026-09-16 12:00,4382.80,4389.30,4378.60,4381.00,4972
2026-09-16 12:30,4380.70,4390.10,4375.00,4388.40,4853
2026-09-16 13:00,4388.50,4402.90,4385.00,4393.20,7384
2026-09-16 13:30,4393.10,4395.50,4376.30,4379.90,6377
2026-09-16 14:00,4379.90,4382.90,4364.50,4379.70,10847
2026-09-16 14:30,4379.60,4398.10,4376.00,4397.30,6280
2026-09-16 15:00,4397.20,4400.20,4385.90,4386.10,6395
2026-09-16 15:30,4386.20,4405.20,4384.50,4394.70,6467
2026-09-16 16:00,4394.90,4395.00,4386.10,4387.80,2828
2026-09-16 16:30,4387.70,4390.60,4385.30,4388.50,2892
2026-09-16 17:00,4388.30,4389.00,4383.40,4388.20,3971
2026-09-16 17:30,4388.40,4413.10,4384.10,4399.00,5264
2026-09-16 18:00,4404.20,4412.00,4347.90,4363.90,26157
2026-09-16 18:30,4363.50,4365.00,4296.20,4301.30,31771
2026-09-16 19:00,4301.00,4326.90,4273.30,4292.60,22379
2026-09-16 19:30,4292.90,4315.50,4292.50,4311.40,8045
2026-09-16 20:00,4311.20,4312.90,4296.90,4299.80,2565
2026-09-16 20:30,4299.70,4305.50,4297.60,4302.50,1156
2026-09-16 22:00,4301.40,4302.70,4294.50,4299.10,1229
2026-09-16 22:30,4299.30,4314.00,4299.00,4304.70,2969
2026-09-16 23:00,4304.00,4311.10,4296.80,4309.80,3029
2026-09-16 23:30,4309.90,4313.70,4306.40,4309.70,1993
2026-09-17 00:00,4309.80,4327.70,4304.40,4322.80,3863
2026-09-17 00:30,4322.50,4330.40,4315.20,4318.50,2812
2026-09-17 01:00,4318.40,4350.90,4318.40,4348.10,7210
2026-09-17 01:30,4347.40,4356.20,4335.80,4337.90,4016
2026-09-17 02:00,4338.20,4338.90,4319.00,4330.10,3830
2026-09-17 02:30,4330.10,4331.10,4312.00,4315.20,3228
2026-09-17 03:00,4315.20,4325.00,4315.20,4323.80,1432
2026-09-17 03:30,4323.80,4336.00,4323.80,4335.40,2042
2026-09-17 04:00,4334.20,4335.10,4329.40,4330.00,1120
2026-09-17 04:30,4329.60,4337.50,4328.70,4336.10,1536
2026-09-17 05:00,4335.60,4337.60,4323.70,4324.80,1266
2026-09-17 05:30,4324.90,4343.70,4324.60,4342.60,1993
2026-09-17 06:00,4342.50,4351.60,4342.30,4350.70,2848
2026-09-17 06:30,4350.40,4353.80,4344.30,4349.50,2264
2026-09-17 07:00,4349.40,4368.80,4347.80,4368.20,4879
2026-09-17 07:30,4368.30,4374.40,4362.70,4366.10,4269
2026-09-17 08:00,4366.40,4367.20,4353.70,4355.10,3480
2026-09-17 08:30,4355.20,4359.00,4349.20,4350.70,2401
2026-09-17 09:00,4351.30,4358.50,4344.80,4345.40,2686
2026-09-17 09:30,4345.30,4350.40,4343.90,4345.10,2220
2026-09-17 10:00,4345.30,4355.10,4343.80,4352.80,1563
2026-09-17 10:30,4353.00,4364.70,4351.60,4363.70,2204
2026-09-17 11:00,4363.90,4379.70,4363.20,4368.00,5638
2026-09-17 11:30,4368.10,4393.50,4362.90,4390.00,6131
2026-09-17 12:00,4390.00,4423.30,4383.80,4421.30,13638
2026-09-17 12:30,4421.00,4421.00,4399.40,4413.80,8753
2026-09-17 13:00,4413.80,4415.80,4400.60,4407.40,6018
2026-09-17 13:30,4407.60,4415.00,4395.90,4407.40,9120
2026-09-17 14:00,4407.30,4420.90,4405.20,4407.50,6534
2026-09-17 14:30,4407.90,4408.50,4392.20,4394.50,6177
2026-09-17 15:00,4394.60,4405.20,4391.80,4398.30,4178
2026-09-17 15:30,4399.10,4410.20,4396.00,4409.80,3832
2026-09-17 16:00,4410.10,4412.70,4403.30,4407.30,3806
2026-09-17 16:30,4407.20,4407.40,4395.30,4401.90,4349
2026-09-17 17:00,4402.10,4405.70,4397.60,4400.20,3969
2026-09-17 17:30,4400.30,4403.70,4397.30,4400.30,1476
2026-09-17 18:00,4401.20,4405.60,4395.80,4396.00,1614
2026-09-17 18:30,4396.30,4396.50,4388.10,4390.90,2800
2026-09-17 19:00,4391.20,4395.40,4382.40,4382.40,2319
2026-09-17 19:30,4382.50,4388.80,4381.60,4385.20,2180
2026-09-17 20:00,4385.60,4386.20,4381.40,4381.70,935
2026-09-17 20:30,4381.80,4383.40,4380.30,4380.60,877
2026-09-17 22:00,4381.60,4384.10,4380.50,4383.70,1145
2026-09-17 22:30,4383.80,4388.50,4380.10,4383.00,2978
2026-09-17 23:00,4383.20,4386.70,4378.30,4383.20,2066
2026-09-17 23:30,4383.00,4387.10,4382.00,4385.00,496
2026-09-18 00:00,4384.40,4396.30,4380.70,4392.50,1867
2026-09-18 00:30,4392.00,4399.50,4391.30,4394.90,1477
2026-09-18 01:00,4395.50,4404.60,4393.60,4398.50,3067
2026-09-18 01:30,4398.60,4398.70,4382.60,4387.00,2202
2026-09-18 02:00,4387.00,4392.50,4384.90,4391.50,1520
2026-09-18 02:30,4392.10,4395.10,4381.80,4385.40,1986
2026-09-18 03:00,4384.80,4390.40,4372.20,4379.30,3990
2026-09-18 03:30,4379.00,4399.50,4378.80,4396.60,3117
2026-09-18 04:00,4397.60,4400.60,4391.80,4397.50,1312
2026-09-18 04:30,4397.20,4406.90,4396.10,4406.40,2123
2026-09-18 05:00,4406.70,4409.30,4403.60,4404.20,1699
2026-09-18 05:30,4404.40,4418.10,4399.80,4416.90,4435
2026-09-18 06:00,4417.00,4433.70,4416.70,4432.10,4895
2026-09-18 06:30,4432.00,4437.10,4429.40,4433.50,2710
2026-09-18 07:00,4433.20,4435.90,4429.00,4435.50,2366
2026-09-18 07:30,4435.50,4439.80,4431.10,4433.30,3409
2026-09-18 08:00,4433.20,4438.30,4427.40,4427.70,2424
2026-09-18 08:30,4428.20,4434.20,4424.90,4432.10,2112
2026-09-18 09:00,4432.30,4438.30,4425.90,4428.00,2132
2026-09-18 09:30,4427.70,4429.00,4413.10,4416.10,3548
2026-09-18 10:00,4416.40,4421.40,4415.50,4421.40,1368
2026-09-18 10:30,4421.30,4422.20,4415.80,4421.30,1469
2026-09-18 11:00,4421.20,4428.10,4416.80,4416.90,2728
2026-09-18 11:30,4417.30,4422.00,4411.40,4420.80,2795
2026-09-18 12:00,4420.90,4421.90,4392.40,4397.00,7101
2026-09-18 12:30,4397.00,4412.20,4396.70,4407.60,3959
2026-09-18 13:00,4408.00,4414.50,4401.70,4406.10,4976
2026-09-18 13:30,4406.00,4406.60,4385.60,4387.60,7002
2026-09-18 14:00,4387.50,4394.90,4381.30,4381.50,5687
2026-09-18 14:30,4381.20,4400.10,4381.00,4391.50,5924
2026-09-18 15:00,4391.20,4395.40,4386.10,4394.50,3595
2026-09-18 15:30,4394.60,4396.60,4387.10,4395.00,3518
2026-09-18 16:00,4395.20,4416.90,4393.40,4416.20,4940
2026-09-18 16:30,4416.30,4422.60,4413.00,4421.10,4590
2026-09-18 17:00,4421.20,4427.60,4419.90,4425.30,4891
2026-09-18 17:30,4425.30,4435.20,4423.70,4431.30,3947
2026-09-18 18:00,4431.40,4432.90,4427.40,4429.20,2210
2026-09-18 18:30,4429.20,4429.20,4418.20,4420.80,2605
2026-09-18 19:00,4420.70,4424.30,4417.10,4418.70,2161
2026-09-18 19:30,4418.70,4421.50,4413.50,4415.60,2023
2026-09-18 20:00,4415.60,4421.50,4414.40,4419.30,1222
2026-09-18 20:30,4419.30,4424.90,4414.50,4424.90,950
2026-09-20 22:00,4415.00,4417.80,4412.80,4414.10,610
2026-09-20 22:30,4414.00,4416.20,4412.00,4412.10,721
2026-09-20 23:00,4412.20,4413.20,4409.30,4412.80,792
2026-09-20 23:30,4412.50,4414.80,4406.90,4411.60,745
2026-09-21 00:00,4411.50,4411.50,4396.40,4406.10,2692
2026-09-21 00:30,4406.00,4414.30,4400.50,4404.80,2079
2026-09-21 01:00,4404.80,4422.10,4404.80,4413.30,3961
2026-09-21 01:30,4413.10,4421.60,4412.10,4415.70,2039
2026-09-21 02:00,4416.00,4416.20,4399.00,4407.50,2390
2026-09-21 02:30,4407.60,4410.40,4400.50,4401.50,2055
2026-09-21 03:00,4401.70,4404.60,4396.70,4397.80,2324
2026-09-21 03:30,4397.50,4406.00,4395.40,4395.80,1551
2026-09-21 04:00,4396.80,4402.90,4393.40,4399.20,1123
2026-09-21 04:30,4399.20,4400.70,4392.20,4393.10,1317
2026-09-21 05:00,4392.90,4398.30,4389.70,4394.60,1789
2026-09-21 05:30,4394.50,4399.30,4386.30,4388.00,2633
2026-09-21 06:00,4387.90,4393.10,4383.50,4384.40,2310
2026-09-21 06:30,4384.60,4392.30,4384.60,4390.70,1794
2026-09-21 07:00,4390.80,4393.70,4383.10,4387.90,3004
2026-09-21 07:30,4388.40,4392.70,4379.00,4381.60,3374
2026-09-21 08:00,4381.50,4393.00,4380.80,4390.80,2242
2026-09-21 08:30,4390.50,4395.20,4387.30,4390.70,2027
2026-09-21 09:00,4390.70,4392.40,4383.70,4383.70,1758
2026-09-21 09:30,4383.70,4386.30,4377.50,4383.60,3511
2026-09-21 10:00,4383.40,4394.60,4383.20,4388.70,1931
2026-09-21 10:30,4388.60,4390.20,4380.10,4380.40,1068
2026-09-21 11:00,4380.20,4393.00,4379.50,4391.50,1533
2026-09-21 11:30,4391.10,4409.40,4389.70,4407.30,3869
2026-09-21 12:00,4407.10,4413.00,4388.80,4393.00,5105
2026-09-21 12:30,4393.00,4401.70,4388.70,4397.40,4588
2026-09-21 13:00,4397.20,4407.80,4393.70,4402.30,3566
2026-09-21 13:30,4402.30,4402.50,4383.60,4383.80,6387
2026-09-21 14:00,4383.70,4384.80,4360.30,4379.60,14393
2026-09-21 14:30,4379.60,4382.00,4370.00,4376.90,5240
2026-09-21 15:00,4377.10,4392.40,4377.00,4389.20,4753
2026-09-21 15:30,4389.50,4394.60,4384.60,4386.30,4292
2026-09-21 16:00,4386.50,4395.70,4383.00,4389.20,5415
2026-09-21 16:30,4389.20,4391.00,4381.00,4381.40,2481
2026-09-21 17:00,4381.50,4385.30,4379.50,4384.40,3550
2026-09-21 17:30,4384.40,4385.10,4375.70,4383.00,3652
2026-09-21 18:00,4383.00,4390.90,4382.20,4388.80,2783
2026-09-21 18:30,4388.90,4390.00,4384.30,4384.40,1759
2026-09-21 19:00,4384.30,4388.50,4380.40,4387.10,1573
2026-09-21 19:30,4387.00,4391.90,4382.40,4383.00,2309
2026-09-21 20:00,4383.00,4383.30,4378.00,4378.70,805
2026-09-21 20:30,4378.50,4382.30,4377.30,4381.00,632
2026-09-21 22:00,4382.50,4390.40,4382.00,4390.10,1295
2026-09-21 22:30,4390.30,4402.80,4388.70,4398.70,1680
2026-09-21 23:00,4398.70,4403.70,4395.50,4396.80,2663
2026-09-21 23:30,4397.30,4408.60,4395.70,4406.80,3420
2026-09-22 00:00,4407.00,4414.10,4395.60,4395.90,3291
2026-09-22 00:30,4395.80,4397.70,4385.90,4397.70,2402
2026-09-22 01:00,4397.60,4402.50,4387.00,4393.60,3045
2026-09-22 01:30,4393.10,4394.60,4380.60,4385.90,2059
2026-09-22 02:00,4386.20,4390.50,4376.30,4388.60,2794
2026-09-22 02:30,4389.00,4392.80,4377.30,4381.80,3091
2026-09-22 03:00,4381.60,4383.40,4376.50,4383.20,1318
2026-09-22 03:30,4382.90,4386.60,4377.50,4379.10,1512
2026-09-22 04:00,4378.50,4378.90,4371.40,4374.50,2505
2026-09-22 04:30,4374.20,4379.80,4373.20,4379.50,1152
2026-09-22 05:00,4379.60,4384.20,4359.20,4368.70,4694
2026-09-22 05:30,4368.50,4370.00,4352.70,4360.30,5213
2026-09-22 06:00,4360.40,4361.00,4351.80,4354.70,3039
2026-09-22 06:30,4354.80,4358.40,4351.90,4355.00,2264
2026-09-22 07:00,4354.30,4361.00,4351.30,4351.80,2097
2026-09-22 07:30,4351.80,4352.30,4335.50,4337.50,6505
2026-09-22 08:00,4337.20,4348.30,4333.40,4337.00,5598
2026-09-22 08:30,4337.30,4372.70,4327.60,4367.30,8413
2026-09-22 09:00,4366.30,4367.70,4350.80,4351.20,4043
2026-09-22 09:30,4351.50,4375.30,4349.00,4374.10,6837
2026-09-22 10:00,4373.80,4375.30,4365.20,4367.30,2258
2026-09-22 10:30,4367.10,4371.40,4359.00,4359.00,2023
2026-09-22 11:00,4358.80,4360.60,4346.30,4355.10,4535
2026-09-22 11:30,4354.90,4360.80,4351.00,4359.90,2400
2026-09-22 12:00,4360.20,4380.00,4357.10,4374.50,5141
2026-09-22 12:30,4374.20,4381.40,4368.30,4371.50,5025
2026-09-22 13:00,4371.60,4380.60,4367.40,4368.00,5329
2026-09-22 13:30,4368.10,4381.90,4365.20,4371.00,6836
2026-09-22 14:00,4370.80,4376.40,4362.30,4365.60,6678
2026-09-22 14:30,4365.60,4371.80,4351.80,4365.30,8314
2026-09-22 15:00,4365.50,4378.30,4362.70,4369.80,6122
2026-09-22 15:30,4369.70,4370.90,4362.60,4368.70,3058
2026-09-22 16:00,4368.60,4369.80,4359.80,4364.30,3066
2026-09-22 16:30,4364.40,4379.80,4363.60,4374.10,4166
2026-09-22 17:00,4374.00,4378.90,4372.50,4377.20,3423
2026-09-22 17:30,4377.30,4391.30,4372.70,4388.90,5284
2026-09-22 18:00,4388.80,4398.80,4385.50,4394.10,5750
2026-09-22 18:30,4394.40,4394.90,4386.30,4390.90,2534
2026-09-22 19:00,4391.10,4399.00,4390.70,4397.10,2663
2026-09-22 19:30,4397.20,4409.60,4397.20,4401.80,5743
2026-09-22 20:00,4402.10,4402.50,4396.10,4397.50,1947
2026-09-22 20:30,4397.60,4398.30,4393.50,4396.20,1222
2026-09-22 22:00,4394.70,4403.50,4394.70,4403.00,926
2026-09-22 22:30,4402.90,4403.80,4398.90,4400.60,726
2026-09-22 23:00,4400.80,4404.10,4398.90,4402.30,727
2026-09-22 23:30,4402.10,4403.50,4396.40,4402.00,1469
2026-09-23 00:00,4401.40,4407.50,4396.20,4396.60,1438
2026-09-23 00:30,4396.30,4399.20,4392.30,4394.80,2927
2026-09-23 01:00,4395.00,4396.60,4379.40,4380.70,3317
2026-09-23 01:30,4380.60,4383.70,4375.90,4378.30,2168
2026-09-23 02:00,4378.20,4378.30,4371.30,4375.30,1892
2026-09-23 02:30,4375.50,4376.20,4370.10,4370.70,1595
2026-09-23 03:00,4370.70,4377.20,4370.00,4375.00,1302
2026-09-23 03:30,4374.70,4382.40,4374.10,4380.00,1325
2026-09-23 04:00,4379.40,4384.40,4379.20,4382.30,917
2026-09-23 04:30,4382.40,4383.80,4380.50,4381.00,619
2026-09-23 05:00,4381.20,4382.90,4377.30,4378.20,1229
2026-09-23 05:30,4378.20,4379.40,4365.10,4372.30,2664
2026-09-23 06:00,4371.80,4374.10,4363.30,4365.90,2430
2026-09-23 06:30,4366.20,4374.10,4365.70,4368.50,1699
2026-09-23 07:00,4367.80,4369.60,4358.90,4360.80,3726
2026-09-23 07:30,4360.70,4362.30,4355.10,4356.20,3386
2026-09-23 08:00,4356.20,4359.80,4353.80,4356.20,2600
2026-09-23 08:30,4356.00,4357.30,4352.20,4355.00,1830
2026-09-23 09:00,4354.90,4357.30,4352.30,4354.00,1444
2026-09-23 09:30,4353.90,4356.00,4345.30,4350.60,2832
2026-09-23 10:00,4351.10,4355.90,4350.50,4354.50,1881
2026-09-23 10:30,4354.50,4356.00,4349.00,4352.50,1351
2026-09-23 11:00,4352.10,4354.00,4340.50,4342.90,2701
2026-09-23 11:30,4343.10,4346.70,4330.90,4346.30,4346
2026-09-23 12:00,4346.40,4355.60,4345.80,4347.70,4161
2026-09-23 12:30,4347.60,4347.80,4337.20,4346.30,4975
2026-09-23 13:00,4346.30,4349.30,4334.80,4349.30,4443
2026-09-23 13:30,4349.10,4350.60,4317.30,4320.40,13180
2026-09-23 14:00,4320.10,4330.20,4313.90,4317.10,9692
2026-09-23 14:30,4316.80,4335.00,4316.50,4330.60,9438
2026-09-23 15:00,4330.60,4333.60,4319.10,4319.60,4989
2026-09-23 15:30,4319.70,4322.00,4313.30,4318.30,5278
2026-09-23 16:00,4318.30,4322.00,4314.50,4322.00,2426
2026-09-23 16:30,4322.20,4326.10,4314.70,4321.10,3724
2026-09-23 17:00,4321.20,4322.00,4311.50,4318.60,6404
2026-09-23 17:30,4318.40,4330.00,4310.70,4329.50,4974
2026-09-23 18:00,4329.60,4331.50,4319.90,4322.20,1901
2026-09-23 18:30,4322.30,4327.00,4319.00,4326.80,1639
2026-09-23 19:00,4326.70,4329.90,4319.70,4323.20,1931
2026-09-23 19:30,4323.20,4323.80,4317.30,4320.60,2647
2026-09-23 20:00,4320.30,4324.00,4318.40,4321.20,1831
2026-09-23 20:30,4321.80,4326.50,4318.60,4322.70,1219
2026-09-23 21:00,4322.70,4322.70,4322.70,4322.70,1
2026-09-23 22:00,4324.40,4328.80,4320.90,4323.80,2791
2026-09-23 22:30,4323.50,4326.20,4322.40,4324.20,2353
2026-09-23 23:00,4324.00,4328.80,4323.00,4323.20,889
2026-09-23 23:30,4323.60,4327.10,4320.20,4323.80,1158
2026-09-24 00:00,4324.10,4327.80,4319.00,4327.40,1871
2026-09-24 00:30,4327.10,4334.60,4325.60,4333.70,1574
2026-09-24 01:00,4333.80,4338.00,4324.50,4334.10,3548
2026-09-24 01:30,4334.70,4335.90,4312.60,4314.80,3603
2026-09-24 02:00,4314.00,4322.50,4308.00,4320.80,4985
2026-09-24 02:30,4321.10,4332.00,4319.20,4325.70,3707
2026-09-24 03:00,4325.40,4328.70,4319.90,4320.80,1493
2026-09-24 03:30,4320.60,4322.00,4315.60,4318.90,1528
2026-09-24 04:00,4320.10,4322.80,4316.40,4321.00,1019
2026-09-24 04:30,4321.20,4325.10,4320.40,4324.30,577
2026-09-24 05:00,4324.40,4331.20,4320.90,4325.10,1140
2026-09-24 05:30,4325.50,4325.70,4312.00,4313.60,1941
2026-09-24 06:00,4313.80,4321.30,4313.40,4317.30,1940
2026-09-24 06:30,4316.80,4318.50,4309.00,4311.30,2857
2026-09-24 07:00,4311.20,4323.00,4309.00,4320.00,2755
2026-09-24 07:30,4320.00,4323.00,4310.90,4313.30,1619
2026-09-24 08:00,4313.40,4320.30,4296.60,4298.70,5674
2026-09-24 08:30,4298.60,4308.20,4295.00,4295.50,3665
2026-09-24 09:00,4295.50,4301.70,4289.30,4289.60,2874
2026-09-24 09:30,4289.90,4294.90,4285.00,4289.70,3319
2026-09-24 10:00,4289.60,4293.80,4279.00,4280.10,5427
2026-09-24 10:30,4280.20,4299.40,4278.30,4292.50,4117
2026-09-24 11:00,4292.40,4302.40,4286.40,4298.20,3351
2026-09-24 11:30,4298.20,4300.80,4292.80,4300.40,1828
2026-09-24 12:00,4300.20,4306.60,4295.00,4306.50,3686
2026-09-24 12:30,4305.60,4318.20,4299.40,4316.00,4641
2026-09-24 13:00,4316.20,4320.00,4310.30,4311.30,4000
2026-09-24 13:30,4311.60,4312.80,4299.70,4302.50,6750
2026-09-24 14:00,4302.50,4308.40,4295.80,4302.40,6092
2026-09-24 14:30,4302.30,4302.30,4287.40,4288.00,6029
2026-09-24 15:00,4288.30,4290.70,4279.50,4285.40,6369
2026-09-24 15:30,4285.40,4295.10,4281.50,4291.30,4040
2026-09-24 16:00,4291.50,4324.30,4287.20,4310.90,12160
2026-09-24 16:30,4311.20,4320.70,4305.40,4308.70,5972
2026-09-24 17:00,4308.00,4313.00,4294.40,4298.50,7592
2026-09-24 17:30,4298.50,4302.70,4293.20,4300.10,3676
2026-09-24 18:00,4300.20,4310.50,4291.30,4309.50,4417
2026-09-24 18:30,4309.60,4317.20,4302.80,4307.10,3993
2026-09-24 19:00,4307.20,4310.90,4302.20,4307.30,2089
2026-09-24 19:30,4307.40,4310.70,4306.30,4309.40,1873
2026-09-24 20:00,4309.10,4309.90,4299.70,4300.80,2731
2026-09-24 20:30,4300.90,4311.40,4300.40,4310.10,1120
2026-09-24 22:00,4309.50,4312.80,4303.10,4306.50,721
2026-09-24 22:30,4306.40,4309.70,4304.00,4307.50,1650
2026-09-24 23:00,4307.80,4310.30,4306.70,4307.20,2482
2026-09-24 23:30,4307.20,4311.40,4299.90,4300.10,1599
2026-09-25 00:00,4299.90,4305.50,4299.30,4305.10,1359
2026-09-25 00:30,4305.10,4315.50,4302.20,4313.00,1075
2026-09-25 01:00,4313.20,4329.50,4311.70,4328.90,2752
2026-09-25 01:30,4328.90,4331.00,4321.60,4323.20,1780
2026-09-25 02:00,4323.20,4330.50,4323.00,4323.30,1075
2026-09-25 02:30,4323.00,4323.60,4313.00,4318.90,1645
2026-09-25 03:00,4319.00,4321.60,4313.10,4313.10,834
2026-09-25 03:30,4313.30,4313.30,4305.40,4305.70,1240
2026-09-25 04:00,4304.80,4306.70,4302.30,4306.00,1149
2026-09-25 04:30,4306.00,4308.40,4297.00,4297.40,1640
2026-09-25 05:00,4297.00,4299.30,4290.30,4298.70,2013
2026-09-25 05:30,4298.50,4311.90,4297.50,4301.30,2417
2026-09-25 06:00,4301.10,4316.40,4300.80,4310.00,2679
2026-09-25 06:30,4310.20,4313.30,4309.60,4311.00,1806
2026-09-25 07:00,4310.90,4315.60,4306.80,4309.30,1500
2026-09-25 07:30,4309.30,4317.00,4306.20,4314.80,2357
2026-09-25 08:00,4314.50,4319.60,4310.00,4318.90,1658
2026-09-25 08:30,4319.00,4332.70,4318.70,4328.90,3062
2026-09-25 09:00,4329.00,4333.50,4325.40,4326.20,2903
2026-09-25 09:30,4326.40,4333.30,4325.80,4330.80,2417
2026-09-25 10:00,4330.70,4345.30,4329.60,4344.20,3586
2026-09-25 10:30,4344.20,4347.50,4338.00,4346.80,1678
2026-09-25 11:00,4346.90,4351.60,4340.70,4341.00,3126
2026-09-25 11:30,4341.10,4345.20,4335.90,4338.60,3905
2026-09-25 12:00,4339.10,4345.30,4333.30,4342.70,3879
2026-09-25 12:30,4342.80,4344.70,4332.30,4333.90,5291
2026-09-25 13:00,4333.90,4335.30,4312.80,4313.50,5262
2026-09-25 13:30,4313.70,4319.80,4308.60,4310.90,7131
2026-09-25 14:00,4310.70,4313.00,4289.20,4300.90,10486
2026-09-25 14:30,4300.80,4315.90,4297.50,4314.10,5781
2026-09-25 15:00,4314.10,4317.70,4307.00,4314.50,4213
2026-09-25 15:30,4315.00,4326.60,4304.90,4326.40,7690
2026-09-25 16:00,4326.50,4336.00,4319.80,4327.40,8917
2026-09-25 16:30,4327.90,4328.40,4314.50,4321.50,4848
2026-09-25 17:00,4321.60,4328.40,4320.10,4321.30,3666
2026-09-25 17:30,4321.50,4323.20,4314.50,4318.10,2515
2026-09-25 18:00,4318.30,4325.20,4317.70,4322.20,1882
2026-09-25 18:30,4322.30,4331.10,4322.10,4329.80,2018
2026-09-25 19:00,4329.80,4332.40,4323.30,4324.10,2947
2026-09-25 19:30,4324.00,4329.60,4322.70,4326.60,2310
2026-09-25 20:00,4326.50,4327.60,4322.40,4323.10,690
2026-09-25 20:30,4323.10,4323.20,4320.00,4321.20,1211
2026-09-27 22:00,4308.80,4310.00,4300.60,4303.50,936
2026-09-27 22:30,4303.50,4303.60,4292.40,4294.20,1308
2026-09-27 23:00,4293.80,4300.60,4291.90,4297.70,838
2026-09-27 23:30,4297.70,4299.30,4293.40,4294.60,1441
2026-09-28 00:00,4294.20,4295.10,4283.50,4283.60,2030
2026-09-28 00:30,4283.70,4284.50,4260.50,4264.60,6618
2026-09-28 01:00,4264.40,4265.10,4246.20,4254.20,8529
2026-09-28 01:30,4254.00,4257.30,4239.30,4249.40,3992
2026-09-28 02:00,4249.20,4250.70,4243.80,4248.20,1841
2026-09-28 02:30,4247.70,4248.50,4227.10,4229.90,4865
2026-09-28 03:00,4230.10,4236.00,4226.80,4228.90,2755
2026-09-28 03:30,4229.00,4232.50,4224.10,4230.50,2311
2026-09-28 04:00,4229.50,4232.70,4227.80,4232.50,1740
2026-09-28 04:30,4232.30,4233.10,4226.80,4227.40,1245
2026-09-28 05:00,4227.20,4231.00,4217.70,4222.90,3350
2026-09-28 05:30,4222.50,4222.80,4211.40,4212.10,4143
2026-09-28 06:00,4212.00,4213.80,4201.60,4202.20,5815
2026-09-28 06:30,4202.20,4210.00,4194.30,4196.70,5801
2026-09-28 07:00,4196.50,4198.50,4188.80,4190.50,6631
2026-09-28 07:30,4190.60,4192.60,4182.70,4187.50,5602
2026-09-28 08:00,4187.40,4191.20,4175.40,4177.00,6983
2026-09-28 08:30,4177.00,4185.10,4174.70,4176.80,4742
2026-09-28 09:00,4176.40,4180.80,4172.70,4178.20,4241
2026-09-28 09:30,4178.20,4190.00,4174.40,4188.10,4700
2026-09-28 10:00,4188.20,4191.40,4184.00,4190.60,3007
2026-09-28 10:30,4191.10,4191.80,4186.70,4187.50,1877
2026-09-28 11:00,4187.80,4193.00,4180.40,4187.50,3980
2026-09-28 11:30,4187.70,4187.90,4179.60,4181.00,3947
2026-09-28 12:00,4180.90,4203.80,4178.80,4186.30,9463
2026-09-28 12:30,4186.50,4187.90,4175.00,4186.40,6690
2026-09-28 13:00,4186.10,4186.70,4173.50,4174.30,4936
2026-09-28 13:30,4174.20,4193.20,4168.00,4189.10,11932
2026-09-28 14:00,4189.10,4189.30,4169.20,4175.50,7156
2026-09-28 14:30,4175.40,4175.40,4143.10,4150.70,13038
2026-09-28 15:00,4150.70,4160.90,4148.60,4157.40,8029
2026-09-28 15:30,4157.70,4158.40,4147.70,4156.40,5201
2026-09-28 16:00,4156.60,4181.00,4148.60,4176.00,12831
2026-09-28 16:30,4175.90,4178.10,4160.70,4162.40,6960
2026-09-28 17:00,4162.10,4179.60,4158.70,4168.40,10693
2026-09-28 17:30,4168.50,4172.70,4166.40,4167.30,3471
2026-09-28 18:00,4167.30,4171.40,4166.10,4167.70,1489
2026-09-28 18:30,4167.60,4175.30,4164.10,4172.00,2816
2026-09-28 19:00,4172.20,4172.40,4163.90,4167.00,2379
2026-09-28 19:30,4167.00,4168.70,4155.20,4156.30,3659
2026-09-28 20:00,4156.10,4156.90,4150.00,4150.70,2051
2026-09-28 20:30,4150.90,4151.50,4144.20,4148.50,1528
2026-09-28 22:00,4150.10,4159.20,4147.80,4157.80,743
2026-09-28 22:30,4158.00,4158.10,4152.60,4154.10,572
2026-09-28 23:00,4154.00,4161.30,4153.50,4160.50,694
2026-09-28 23:30,4160.60,4161.40,4154.40,4159.60,737
2026-09-29 00:00,4160.00,4160.30,4146.50,4153.60,1818
2026-09-29 00:30,4153.10,4158.60,4146.20,4150.00,1869
2026-09-29 01:00,4149.30,4163.80,4145.20,4162.10,4635
2026-09-29 01:30,4161.80,4168.60,4155.90,4166.90,2832
2026-09-29 02:00,4167.10,4167.60,4157.80,4166.10,3252
2026-09-29 02:30,4166.20,4170.70,4164.10,4168.70,1944
2026-09-29 03:00,4169.10,4171.20,4165.20,4170.70,3266
2026-09-29 03:30,4170.60,4171.80,4162.80,4164.10,1940
2026-09-29 04:00,4165.10,4165.60,4159.80,4161.00,1643
2026-09-29 04:30,4160.70,4163.20,4155.90,4158.20,1668
2026-09-29 05:00,4157.90,4164.30,4157.00,4161.30,1457
2026-09-29 05:30,4161.20,4176.20,4153.10,4169.90,3489
2026-09-29 06:00,4170.10,4179.50,4169.80,4174.70,3304
2026-09-29 06:30,4175.10,4177.00,4170.60,4171.70,1343
2026-09-29 07:00,4171.90,4180.30,4167.40,4178.10,2794
2026-09-29 07:30,4178.20,4180.90,4171.20,4172.40,2467
2026-09-29 08:00,4172.90,4178.30,4169.40,4173.70,2095
2026-09-29 08:30,4173.60,4174.00,4169.20,4171.60,1272
2026-09-29 09:00,4171.00,4176.60,4170.70,4172.10,1361
2026-09-29 09:30,4172.30,4181.20,4171.20,4178.00,3654
2026-09-29 10:00,4178.00,4182.80,4175.40,4181.90,2115
2026-09-29 10:30,4182.10,4186.80,4179.40,4185.60,2205
2026-09-29 11:00,4185.80,4193.30,4184.80,4191.50,3538
2026-09-29 11:30,4191.60,4192.80,4181.50,4185.70,3478
2026-09-29 12:00,4185.50,4190.90,4180.60,4187.00,3217
2026-09-29 12:30,4186.90,4190.70,4181.30,4183.00,3019
2026-09-29 13:00,4183.00,4191.90,4182.50,4186.90,3786
2026-09-29 13:30,4187.10,4196.80,4184.40,4189.80,7761
2026-09-29 14:00,4189.50,4207.20,4188.50,4204.10,8158
2026-09-29 14:30,4204.50,4206.50,4194.50,4202.00,5518
2026-09-29 15:00,4202.20,4202.20,4180.00,4184.30,7533
2026-09-29 15:30,4184.40,4194.00,4182.50,4190.40,5358
2026-09-29 16:00,4190.50,4190.90,4181.60,4185.70,2724
2026-09-29 16:30,4185.70,4187.40,4176.70,4177.80,3179
2026-09-29 17:00,4177.80,4181.00,4176.30,4180.70,3711
2026-09-29 17:30,4180.40,4181.20,4174.40,4176.40,3155
2026-09-29 18:00,4176.50,4203.10,4176.50,4198.90,12504
2026-09-29 18:30,4198.60,4209.00,4193.00,4203.70,6668
2026-09-29 19:00,4203.70,4206.50,4200.40,4203.70,2241
2026-09-29 19:30,4203.80,4210.10,4201.90,4209.90,2300
2026-09-29 20:00,4209.90,4210.20,4204.20,4208.70,1376
2026-09-29 20:30,4208.80,4218.10,4207.80,4215.00,1440
2026-09-29 22:00,4216.20,4217.30,4212.30,4212.30,510
2026-09-29 22:30,4212.40,4212.70,4209.20,4211.30,637
2026-09-29 23:00,4211.50,4216.00,4211.50,4213.50,648
2026-09-29 23:30,4212.80,4219.70,4211.00,4216.80,842
2026-09-30 00:00,4216.70,4219.50,4212.80,4214.60,1084
2026-09-30 00:30,4214.00,4215.90,4208.10,4208.10,1302
2026-09-30 01:00,4208.30,4213.30,4199.30,4199.40,2652
2026-09-30 01:30,4199.40,4205.00,4198.60,4203.60,1824
2026-09-30 02:00,4203.50,4211.80,4203.20,4207.20,1569
2026-09-30 02:30,4206.90,4216.00,4202.70,4210.90,2286
2026-09-30 03:00,4211.00,4214.20,4209.20,4212.80,1170
2026-09-30 03:30,4213.00,4213.00,4203.20,4205.50,1198
2026-09-30 04:00,4204.70,4211.20,4204.30,4210.00,1029
2026-09-30 04:30,4209.60,4217.40,4209.40,4211.40,1168
2026-09-30 05:00,4211.00,4214.80,4197.60,4207.00,1973
2026-09-30 05:30,4207.10,4213.40,4205.10,4210.20,1762
2026-09-30 06:00,4209.80,4217.30,4208.30,4212.60,2232
2026-09-30 06:30,4212.30,4227.00,4210.90,4222.60,3018
2026-09-30 07:00,4222.60,4233.20,4221.60,4226.80,3832
2026-09-30 07:30,4227.00,4230.80,4222.90,4225.50,2445
2026-09-30 08:00,4225.60,4233.70,4224.60,4231.10,2228
2026-09-30 08:30,4230.90,4234.00,4222.80,4223.40,2308
2026-09-30 09:00,4223.40,4227.00,4214.30,4217.30,3785
2026-09-30 09:30,4217.20,4222.30,4217.10,4219.30,1849
2026-09-30 10:00,4219.40,4222.20,4216.10,4219.90,1705
2026-09-30 10:30,4219.70,4220.70,4212.50,4216.00,1532
2026-09-30 11:00,4215.90,4216.50,4207.80,4215.10,2026
2026-09-30 11:30,4214.80,4223.80,4213.80,4218.30,2863
2026-09-30 12:00,4217.90,4226.50,4213.90,4226.00,4654
2026-09-30 12:30,4226.00,4251.10,4224.70,4240.20,16057
2026-09-30 13:00,4240.30,4246.50,4222.60,4224.90,6841
2026-09-30 13:30,4224.70,4227.00,4207.50,4208.60,8304
2026-09-30 14:00,4208.80,4215.00,4200.80,4202.30,8573
2026-09-30 14:30,4202.60,4208.20,4195.10,4196.40,8130
2026-09-30 15:00,4196.60,4199.50,4182.10,4187.90,10237
2026-09-30 15:30,4188.00,4195.00,4184.80,4188.20,5965
2026-09-30 16:00,4188.60,4194.20,4186.40,4192.70,4901
2026-09-30 16:30,4192.50,4193.10,4185.80,4189.10,4132
2026-09-30 17:00,4189.20,4190.10,4181.30,4186.90,6284
2026-09-30 17:30,4186.90,4187.10,4178.20,4182.70,3109
2026-09-30 18:00,4182.40,4186.20,4178.50,4185.90,1981
2026-09-30 18:30,4185.80,4186.70,4181.20,4182.70,3634
2026-09-30 19:00,4182.80,4187.40,4180.50,4185.90,2700
2026-09-30 19:30,4185.70,4189.20,4181.90,4187.90,3042
2026-09-30 20:00,4188.00,4189.80,4183.40,4189.20,780
2026-09-30 20:30,4189.00,4192.30,4188.30,4189.10,1175
2026-09-30 22:00,4190.10,4192.00,4185.00,4186.30,795
2026-09-30 22:30,4186.50,4187.10,4183.40,4184.50,381
2026-09-30 23:00,4184.40,4185.30,4181.80,4184.50,412
2026-09-30 23:30,4184.60,4187.00,4183.80,4186.20,496
2026-10-01 00:00,4186.10,4186.20,4171.30,4174.20,2216
2026-10-01 00:30,4173.80,4176.30,4169.40,4175.30,1693
2026-10-01 01:00,4175.50,4194.60,4175.20,4189.20,2476
2026-10-01 01:30,4189.50,4194.20,4186.20,4186.20,1197
2026-10-01 02:00,4186.10,4187.70,4180.90,4184.40,1288
2026-10-01 02:30,4184.60,4191.40,4182.30,4190.30,1062
2026-10-01 03:00,4190.30,4198.20,4188.80,4193.70,1392
2026-10-01 03:30,4194.20,4206.40,4192.50,4205.40,1584
2026-10-01 04:00,4205.00,4207.80,4200.80,4201.70,1452
2026-10-01 04:30,4201.30,4210.30,4201.30,4209.50,917
2026-10-01 05:00,4209.90,4217.30,4209.00,4216.90,1911
2026-10-01 05:30,4217.10,4222.80,4214.80,4217.80,2119
2026-10-01 06:00,4217.60,4222.10,4217.20,4219.50,2198
2026-10-01 06:30,4219.60,4221.40,4210.40,4211.60,2522
2026-10-01 07:00,4211.50,4213.50,4185.00,4186.40,4448
2026-10-01 07:30,4186.40,4196.70,4184.20,4193.70,3236
2026-10-01 08:00,4193.80,4197.90,4184.40,4186.60,2441
2026-10-01 08:30,4186.60,4188.30,4178.40,4182.80,2933
2026-10-01 09:00,4182.30,4192.30,4182.10,4188.90,2087
2026-10-01 09:30,4189.10,4193.50,4183.50,4184.10,1725
2026-10-01 10:00,4184.10,4197.40,4179.90,4197.40,2044
2026-10-01 10:30,4197.40,4208.50,4196.60,4205.90,3258
2026-10-01 11:00,4206.10,4206.10,4196.40,4201.70,2192
2026-10-01 11:30,4201.50,4215.30,4201.00,4212.20,2533
2026-10-01 12:00,4212.50,4215.10,4204.50,4209.50,3837
2026-10-01 12:30,4209.20,4217.80,4207.80,4208.80,4002
2026-10-01 13:00,4208.90,4211.80,4197.10,4197.10,3330
2026-10-01 13:30,4197.30,4202.40,4188.80,4195.10,4649
2026-10-01 14:00,4195.40,4196.30,4180.80,4192.10,7506
2026-10-01 14:30,4191.70,4204.80,4189.30,4192.50,5914
2026-10-01 15:00,4192.30,4198.50,4179.50,4196.50,5956
2026-10-01 15:30,4196.10,4203.40,4184.50,4199.20,7911
2026-10-01 16:00,4199.10,4206.60,4193.90,4197.00,3657
2026-10-01 16:30,4197.60,4200.50,4189.50,4192.20,2352
2026-10-01 17:00,4192.20,4207.60,4191.60,4203.10,5047
2026-10-01 17:30,4202.90,4217.60,4197.30,4201.00,9759
2026-10-01 18:00,4200.90,4211.70,4193.90,4204.50,4407
2026-10-01 18:30,4204.80,4213.30,4202.50,4207.80,1739
2026-10-01 19:00,4207.20,4210.80,4204.30,4207.20,1412
2026-10-01 19:30,4207.40,4210.80,4204.60,4207.00,1659
2026-10-01 20:00,4207.10,4210.50,4205.20,4205.90,709
2026-10-01 20:30,4205.70,4209.10,4203.40,4207.80,778
2026-10-01 22:00,4204.50,4207.20,4201.10,4201.50,491
2026-10-01 22:30,4201.60,4208.60,4201.30,4208.30,456
2026-10-01 23:00,4208.50,4212.40,4207.10,4210.80,694
2026-10-01 23:30,4210.80,4213.30,4206.70,4211.50,734
2026-10-02 00:00,4211.40,4212.00,4193.30,4194.30,1926
2026-10-02 00:30,4193.50,4196.30,4182.30,4182.70,2432
2026-10-02 01:00,4182.30,4184.20,4162.90,4179.10,5112
2026-10-02 01:30,4178.80,4181.40,4173.80,4180.60,2014
2026-10-02 02:00,4180.40,4191.40,4176.30,4189.20,1850
2026-10-02 02:30,4189.40,4195.70,4184.50,4195.00,1531
2026-10-02 03:00,4195.30,4205.10,4194.20,4202.60,2172
2026-10-02 03:30,4202.50,4207.90,4201.20,4205.50,1308
2026-10-02 04:00,4207.60,4218.80,4207.20,4218.00,2740
2026-10-02 04:30,4218.30,4221.00,4211.20,4214.80,1385
2026-10-02 05:00,4214.50,4222.30,4213.90,4217.30,1258
2026-10-02 05:30,4217.40,4220.50,4212.80,4216.00,1351
2026-10-02 06:00,4216.50,4226.80,4215.80,4219.20,3150
2026-10-02 06:30,4219.60,4220.30,4207.40,4211.00,2409
2026-10-02 07:00,4210.80,4219.30,4207.60,4215.20,2190
2026-10-02 07:30,4215.50,4222.00,4210.40,4217.30,2154
2026-10-02 08:00,4217.00,4226.60,4212.30,4215.50,3405
2026-10-02 08:30,4215.30,4216.60,4209.00,4214.10,2673
2026-10-02 09:00,4214.40,4218.20,4210.70,4216.50,1256
2026-10-02 09:30,4216.40,4218.40,4209.30,4214.00,2280
2026-10-02 10:00,4213.90,4216.00,4195.40,4203.60,3902
2026-10-02 10:30,4204.00,4212.80,4203.00,4212.70,1690
2026-10-02 11:00,4212.60,4218.70,4210.60,4211.00,3324
2026-10-02 11:30,4210.90,4215.40,4206.90,4211.60,1528
2026-10-02 12:00,4211.30,4216.30,4204.40,4216.10,3134
2026-10-02 12:30,4216.90,4259.00,4216.50,4248.20,20365
2026-10-02 13:00,4248.40,4255.90,4213.20,4222.70,11501
2026-10-02 13:30,4223.00,4231.60,4207.70,4221.20,10218
2026-10-02 14:00,4220.70,4226.60,4203.20,4203.40,8658
2026-10-02 14:30,4203.70,4210.80,4184.50,4188.30,9154
2026-10-02 15:00,4188.40,4189.40,4161.70,4171.30,11799
2026-10-02 15:30,4171.00,4176.40,4153.80,4156.10,7899
2026-10-02 16:00,4156.20,4170.00,4154.60,4165.30,5701
2026-10-02 16:30,4165.20,4170.50,4163.30,4168.20,2080
2026-10-02 17:00,4168.00,4172.50,4158.90,4162.60,4446
2026-10-02 17:30,4162.40,4169.50,4161.30,4166.50,2351
2026-10-02 18:00,4166.70,4170.10,4164.30,4168.90,1618
2026-10-02 18:30,4169.10,4175.70,4166.80,4175.40,1352
2026-10-02 19:00,4175.80,4178.40,4172.80,4177.40,2076
2026-10-02 19:30,4177.50,4178.90,4169.40,4176.40,2334
2026-10-02 20:00,4176.90,4177.70,4169.00,4172.00,1248
2026-10-02 20:30,4172.00,4172.10,4162.30,4162.30,1313
2026-10-04 22:00,4171.10,4171.70,4166.80,4169.20,797
2026-10-04 22:30,4169.20,4176.60,4168.90,4176.00,1066
2026-10-04 23:00,4175.70,4175.90,4170.50,4174.10,538
2026-10-04 23:30,4174.10,4174.10,4168.60,4171.60,377
2026-10-05 00:00,4170.80,4186.40,4170.80,4183.70,1838
2026-10-05 00:30,4183.80,4185.30,4180.10,4185.00,929
2026-10-05 01:00,4184.90,4190.00,4180.60,4184.40,1450
2026-10-05 01:30,4184.30,4189.80,4180.00,4188.10,1108
2026-10-05 02:00,4188.30,4191.00,4183.70,4186.70,1657
2026-10-05 02:30,4186.90,4187.10,4167.30,4170.30,2698
2026-10-05 03:00,4170.40,4172.70,4164.00,4170.90,3062
2026-10-05 03:30,4171.00,4174.40,4169.50,4172.00,1140
2026-10-05 04:00,4171.20,4171.30,4152.30,4154.00,2215
2026-10-05 04:30,4153.90,4162.50,4153.30,4158.80,1577
2026-10-05 05:00,4159.20,4168.10,4158.30,4165.00,1666
2026-10-05 05:30,4164.60,4168.60,4157.60,4162.40,1500
2026-10-05 06:00,4161.80,4184.10,4161.70,4183.00,4082
2026-10-05 06:30,4182.60,4183.90,4176.10,4183.90,1822
2026-10-05 07:00,4184.00,4187.30,4177.90,4181.10,2054
2026-10-05 07:30,4181.70,4194.90,4179.70,4188.70,3176
2026-10-05 08:00,4188.70,4198.90,4187.50,4194.40,3462
2026-10-05 08:30,4194.60,4198.60,4188.40,4195.70,3872
2026-10-05 09:00,4195.50,4198.70,4194.00,4194.50,1884
2026-10-05 09:30,4194.80,4195.20,4184.90,4187.20,2752
2026-10-05 10:00,4187.20,4188.10,4184.40,4186.50,1374
2026-10-05 10:30,4186.40,4194.00,4185.30,4190.50,1545
2026-10-05 11:00,4190.80,4195.60,4187.40,4195.60,2418
2026-10-05 11:30,4195.80,4197.10,4179.10,4184.10,2485
2026-10-05 12:00,4184.40,4191.50,4181.60,4191.50,2947
2026-10-05 12:30,4191.20,4194.00,4182.60,4184.60,3325
2026-10-05 13:00,4184.30,4186.10,4174.80,4180.90,3535
2026-10-05 13:30,4180.80,4182.00,4159.10,4163.00,6537
2026-10-05 14:00,4162.90,4175.10,4162.90,4165.20,6212
2026-10-05 14:30,4165.00,4176.60,4160.00,4175.10,4651
2026-10-05 15:00,4175.20,4176.50,4150.40,4167.20,6356
2026-10-05 15:30,4167.40,4167.80,4161.80,4164.70,2313
2026-10-05 16:00,4164.70,4164.80,4153.60,4155.20,2341
2026-10-05 16:30,4155.40,4161.10,4155.00,4158.30,2019
2026-10-05 17:00,4158.30,4160.00,4152.90,4157.40,3049
2026-10-05 17:30,4157.20,4164.60,4154.70,4164.20,1856
2026-10-05 18:00,4164.40,4169.40,4160.90,4164.50,2054
2026-10-05 18:30,4164.60,4170.50,4163.10,4170.40,1362
2026-10-05 19:00,4170.60,4171.50,4166.80,4169.90,1756
2026-10-05 19:30,4169.40,4171.60,4166.10,4168.30,1411
2026-10-05 20:00,4168.20,4169.60,4165.00,4168.60,1040
2026-10-05 20:30,4168.40,4170.70,4166.30,4167.30,671
2026-10-05 21:00,4167.60,4167.60,4167.60,4167.60,1
2026-10-05 22:00,4168.90,4172.00,4168.50,4169.30,404
2026-10-05 22:30,4170.00,4172.50,4167.60,4167.90,436
2026-10-05 23:00,4168.00,4169.00,4164.70,4167.30,546
2026-10-05 23:30,4167.00,4167.70,4160.60,4161.40,615
2026-10-06 00:00,4161.00,4168.70,4160.10,4167.90,1088
2026-10-06 00:30,4167.80,4178.80,4162.90,4178.30,2173
2026-10-06 01:00,4177.90,4179.60,4162.70,4163.50,1900
2026-10-06 01:30,4163.40,4165.40,4156.00,4157.20,1904
2026-10-06 02:00,4157.00,4158.60,4153.40,4153.70,1240
2026-10-06 02:30,4153.90,4166.20,4130.70,4157.40,7755
2026-10-06 03:00,4157.60,4160.10,4153.20,4155.10,1487
2026-10-06 03:30,4154.80,4160.80,4151.00,4154.50,1943
2026-10-06 04:00,4155.80,4158.00,4152.50,4154.20,804
2026-10-06 04:30,4154.20,4155.00,4146.80,4148.20,1866
2026-10-06 05:00,4147.90,4152.80,4146.60,4148.20,868
2026-10-06 05:30,4148.20,4151.80,4143.30,4146.60,1813
2026-10-06 06:00,4146.30,4161.90,4140.10,4161.10,4081
2026-10-06 06:30,4161.50,4162.60,4156.60,4158.90,2209
2026-10-06 07:00,4159.00,4170.60,4155.50,4162.00,2757
2026-10-06 07:30,4162.10,4169.20,4160.00,4167.50,1945
2026-10-06 08:00,4167.40,4175.00,4165.20,4173.50,2926
2026-10-06 08:30,4173.60,4182.90,4172.60,4182.80,2919
2026-10-06 09:00,4182.50,4185.10,4177.20,4184.10,2346
2026-10-06 09:30,4183.80,4185.90,4178.50,4180.20,2130
2026-10-06 10:00,4179.90,4182.50,4176.20,4181.80,1509
2026-10-06 10:30,4182.00,4188.70,4181.80,4186.10,2103
2026-10-06 11:00,4186.50,4194.00,4183.80,4192.80,3824
2026-10-06 11:30,4192.70,4202.80,4192.60,4201.50,5194
2026-10-06 12:00,4201.70,4208.00,4201.20,4203.60,4842
2026-10-06 12:30,4203.80,4204.80,4193.50,4197.90,4754
2026-10-06 13:00,4198.20,4202.50,4188.70,4189.20,3898
2026-10-06 13:30,4189.20,4192.90,4179.30,4180.10,4511
2026-10-06 14:00,4180.00,4185.80,4171.30,4173.60,6081
2026-10-06 14:30,4173.60,4185.90,4170.60,4184.50,3525
2026-10-06 15:00,4184.40,4192.70,4183.90,4191.20,3909
2026-10-06 15:30,4191.30,4198.70,4189.10,4192.40,4613
2026-10-06 16:00,4192.70,4193.60,4187.90,4188.10,2632
2026-10-06 16:30,4188.20,4189.50,4181.60,4184.30,2563
2026-10-06 17:00,4184.20,4192.20,4183.80,4188.30,4128
2026-10-06 17:30,4188.20,4193.70,4187.60,4192.00,1712
2026-10-06 18:00,4192.20,4200.60,4191.40,4196.90,2122
2026-10-06 18:30,4197.00,4204.70,4194.40,4203.80,2359
2026-10-06 19:00,4203.40,4212.40,4199.70,4200.00,3023
2026-10-06 19:30,4199.70,4200.00,4194.60,4197.30,1717
2026-10-06 20:00,4197.10,4198.30,4190.30,4192.50,1341
2026-10-06 20:30,4192.10,4193.10,4190.10,4192.70,552
2026-10-06 22:00,4195.00,4195.90,4193.10,4193.90,510
2026-10-06 22:30,4193.30,4193.60,4189.30,4190.70,1018
2026-10-06 23:00,4192.50,4197.70,4192.30,4196.90,2648
2026-10-06 23:30,4197.20,4197.20,4193.20,4193.60,598
2026-10-07 00:00,4192.90,4197.30,4187.80,4187.80,1372
2026-10-07 00:30,4187.60,4190.50,4182.90,4183.60,1632
2026-10-07 01:00,4183.80,4183.80,4176.80,4179.50,1635
2026-10-07 01:30,4179.30,4182.30,4173.10,4174.30,1850
2026-10-07 02:00,4174.30,4174.80,4166.80,4173.50,2617
2026-10-07 02:30,4173.40,4175.70,4168.40,4168.90,1405
2026-10-07 03:00,4168.70,4170.30,4164.20,4168.80,1865
2026-10-07 03:30,4168.70,4174.50,4168.70,4170.30,1231
2026-10-07 04:00,4169.90,4171.10,4167.00,4168.50,806
2026-10-07 04:30,4168.50,4168.80,4161.00,4161.60,1092
2026-10-07 05:00,4161.70,4163.30,4157.70,4160.10,1712
2026-10-07 05:30,4160.10,4163.90,4154.70,4154.70,2443
2026-10-07 06:00,4154.80,4161.90,4153.20,4157.40,2191
2026-10-07 06:30,4157.50,4161.20,4156.00,4156.70,1697
2026-10-07 07:00,4156.60,4162.40,4154.50,4159.10,2828
2026-10-07 07:30,4159.50,4165.80,4155.00,4159.00,2582
2026-10-07 08:00,4159.10,4163.30,4150.60,4152.30,3384
2026-10-07 08:30,4152.40,4155.00,4148.40,4150.10,2290
2026-10-07 09:00,4149.70,4151.90,4145.40,4146.40,3285
2026-10-07 09:30,4146.80,4147.40,4142.60,4145.90,3491
2026-10-07 10:00,4146.10,4146.90,4139.80,4140.30,3224
2026-10-07 10:30,4140.20,4144.80,4135.00,4142.90,3468
2026-10-07 11:00,4143.10,4148.30,4142.20,4145.80,2601
2026-10-07 11:30,4145.60,4148.90,4140.90,4147.60,2772
2026-10-07 12:00,4147.50,4150.40,4105.40,4106.10,11697
2026-10-07 12:30,4105.50,4114.40,4091.20,4112.80,22099
2026-10-07 13:00,4113.20,4124.00,4112.00,4115.90,7998
2026-10-07 13:30,4116.10,4125.00,4108.00,4124.00,6938
2026-10-07 14:00,4124.40,4129.60,4119.00,4125.30,5572
2026-10-07 14:30,4126.20,4134.90,4124.90,4130.00,5744
2026-10-07 15:00,4130.40,4133.70,4124.50,4128.50,4478
2026-10-07 15:30,4128.70,4139.10,4127.90,4131.30,4450
2026-10-07 16:00,4131.20,4140.90,4127.50,4140.00,5050
2026-10-07 16:30,4139.90,4140.90,4132.90,4135.10,3440
2026-10-07 17:00,4135.00,4153.20,4133.90,4140.20,9999
2026-10-07 17:30,4140.30,4143.10,4134.20,4136.40,3003
2026-10-07 18:00,4136.40,4146.00,4135.20,4138.00,2059
2026-10-07 18:30,4138.10,4139.60,4132.80,4135.50,1812
2026-10-07 19:00,4135.60,4137.00,4129.10,4132.80,1855
2026-10-07 19:30,4132.60,4133.70,4126.90,4127.90,2184
2026-10-07 20:00,4127.70,4139.80,4127.30,4138.90,1603
2026-10-07 20:30,4139.00,4140.00,4132.20,4136.70,776
2026-10-07 22:00,4140.50,4140.80,4128.10,4130.40,1396
2026-10-07 22:30,4130.70,4131.70,4128.20,4131.40,585
2026-10-07 23:00,4131.20,4136.90,4131.00,4133.80,1160
2026-10-07 23:30,4133.50,4139.90,4132.80,4133.00,1872
2026-10-08 00:00,4133.00,4137.00,4130.30,4131.60,1832
2026-10-08 00:30,4131.70,4145.20,4130.00,4142.00,2764
2026-10-08 01:00,4142.60,4159.70,4140.60,4153.00,5603
2026-10-08 01:30,4152.30,4161.50,4151.20,4156.50,2907
2026-10-08 02:00,4156.60,4163.90,4156.30,4160.80,1843
2026-10-08 02:30,4160.40,4166.80,4155.50,4157.10,2192
2026-10-08 03:00,4157.20,4160.70,4151.80,4158.20,2021
2026-10-08 03:30,4158.40,4163.70,4156.80,4160.40,871
2026-10-08 04:00,4159.80,4165.70,4157.20,4159.50,1097
2026-10-08 04:30,4159.40,4159.50,4154.70,4157.70,682
2026-10-08 05:00,4157.50,4159.90,4152.00,4152.30,1014
2026-10-08 05:30,4152.00,4158.20,4140.20,4141.80,3896
2026-10-08 06:00,4142.00,4146.10,4138.30,4139.80,2675
2026-10-08 06:30,4140.00,4150.50,4138.10,4145.50,2583
2026-10-08 07:00,4145.70,4154.30,4142.70,4149.20,2704
2026-10-08 07:30,4149.30,4149.50,4142.10,4144.10,1613
2026-10-08 08:00,4144.40,4157.70,4142.50,4152.40,2775
2026-10-08 08:30,4152.20,4156.70,4145.70,4150.90,3346
2026-10-08 09:00,4151.10,4155.30,4146.70,4148.90,2341
2026-10-08 09:30,4148.80,4149.80,4144.00,4147.90,3103
2026-10-08 10:00,4147.90,4150.80,4140.50,4141.80,2405
2026-10-08 10:30,4141.70,4147.80,4134.30,4146.40,3237
2026-10-08 11:00,4146.10,4148.20,4138.90,4147.90,1720
2026-10-08 11:30,4148.00,4154.50,4142.90,4149.10,2910
2026-10-08 12:00,4148.70,4156.70,4145.80,4156.30,2742
2026-10-08 12:30,4155.20,4156.10,4137.30,4140.30,3392
2026-10-08 12:53,4140.40,4140.40,4140.40,4140.40,0
